-0.632297 1.09272 0.701817 0.152515 -1.79205 0.0336968 
-0.679519 1.0685 0.377507 0.102339 -1.44666 -0.0127315 
-0.70398 1.18864 -0.0545798 0.0850276 -1.13544 -0.0359097 
-0.719006 1.45378 -0.67382 0.0881213 -0.781902 -0.0626005 
-0.684886 0.610076 0.582633 0.054492 -0.909575 -0.129878 
-0.708047 0.932939 0.0850232 0.0308916 -0.734554 -0.1258 
-0.72221 1.31829 -0.572839 0.0160801 -0.46191 -0.12124 
-0.687659 0.193607 0.627353 0.0460586 -0.278829 -0.239566 
-0.709959 0.711237 0.143814 -0.0205336 -0.312874 -0.187247 
-0.723683 1.20878 -0.520365 -0.122772 -0.147171 -0.0924468 
-0.644107 -0.668661 0.627507 -0.0777561 0.785384 -0.184184 
-0.686601 -0.0725189 0.514046 -0.0807966 0.300021 -0.190996 
-0.70897 0.531659 0.137159 -0.11904 0.0728365 -0.164461 
-0.722777 1.12016 -0.498399 0.0189686 0.119397 -0.311364 
-0.643309 -0.530884 0.130052 -0.0656785 1.2871 -0.268799 
-0.685498 -0.173007 0.280182 -0.0517908 0.777556 -0.28297 
-0.707961 0.398831 0.0758159 -0.0545833 0.408868 -0.287333 
-0.721856 1.04545 -0.493782 -0.0390878 0.331726 -0.311208 
-0.642662 -0.226349 -0.559845 -0.0657086 1.77457 -0.338137 
-0.685069 -0.144045 -0.0532364 -0.0442421 1.18468 -0.343634 
-0.707479 0.31358 -0.0363703 -0.0439358 0.709668 -0.345674 
-0.721409 0.981235 -0.502479 -0.0431629 0.507742 -0.352888 
-0.402178 1.0572 0.534291 0.550206 -1.58844 0.0108212 
-0.571537 1.13416 0.105457 0.400428 -1.26415 -0.127095 
-0.663428 1.38975 -0.536644 0.375594 -0.88865 -0.243545 
-0.405367 0.539157 0.764229 0.584963 -1.10368 -0.272726 
-0.573691 0.866464 0.247201 0.453399 -0.909964 -0.322609 
-0.664886 1.25906 -0.4438 0.467809 -0.619126 -0.445861 
-0.411806 0.0246061 0.82845 0.979782 -0.547856 -0.893876 
-0.57724 0.620531 0.316727 0.629296 -0.531868 -0.636378 
-0.667327 1.14618 -0.387414 0.693689 -0.354038 -0.782112 
-0.0655241 -0.9009 0.736225 -0.712072 1.14446 0.618599 
-0.41758 -0.293167 0.707273 -0.931107 0.491126 0.857967 
-0.668987 1.05131 -0.360034 1.4824 -0.196173 -1.66118 
-0.0769888 -0.704578 0.222401 -0.552911 1.49596 0.314576 
-0.422037 -0.391165 0.456214 -0.462811 0.856472 0.277066 
-0.582107 0.26221 0.258864 -0.673353 0.387689 0.471965 
-0.670009 0.970561 -0.351481 -0.740148 0.264766 -5.79076 
-0.0864438 -0.380597 -0.451315 -0.5109 1.88222 0.0788932 
-0.425572 -0.347567 0.115529 -0.32835 1.21953 0.0504829 
-0.583753 0.163644 0.148201 -0.360339 0.654644 0.0909401 
-0.670835 0.900189 -0.355651 2.72005 -0.408692 -3.02199 
0.56158 1.09458 0.705841 1.62817 -1.55739 0.229237 
-0.0618032 1.06194 0.592543 1.00784 -1.61556 0.0706899 
-0.421755 1.10138 0.219638 0.661604 -1.37218 -0.152463 
-0.607975 1.34051 -0.427204 0.559454 -0.99135 -0.330314 
-0.0649431 0.515035 0.835422 1.04989 -1.23259 -0.326655 
-0.423716 0.820137 0.365299 0.733315 -1.04763 -0.392261 
-0.609133 1.21066 -0.338292 0.676353 -0.747025 -0.55651 
-0.0728449 -0.0545061 0.911662 1.42396 -0.863335 -1.0458 
-0.427996 0.553204 0.442328 0.931814 -0.717437 -0.753832 
-0.611735 1.09571 -0.280858 0.888789 -0.5175 -0.878694 
0.535153 -0.725314 0.66688 -0.966826 1.61253 1.17247 
-0.0817843 -0.401889 0.789277 2.04842 -0.864269 -1.91343 
-0.614312 0.99598 -0.24887 1.31438 -0.36306 -1.39707 
0.522898 -0.590745 0.174361 -0.879342 1.8493 0.815907 
-0.0898064 -0.496798 0.530813 -0.746508 1.10884 0.717671 
-0.43639 0.153615 0.393692 -1.02629 0.52405 0.96336 
-0.616184 0.910077 -0.236384 -1.24336 0.336952 1.0878 
-0.0965177 -0.444001 0.186519 -0.594577 1.38928 0.430923 
-0.439549 0.0438102 0.283351 -0.637109 0.71564 0.48793 
-0.61778 0.834561 -0.237702 2.33074 -0.407544 3.73855 
0.903856 1.06001 0.445223 2.05266 -1.60123 -0.0581008 
0.282661 1.05806 0.552852 1.43248 -1.57633 0.0397332 
-0.255336 1.08398 0.292524 0.903627 -1.44964 -0.152258 
-0.550614 1.29903 -0.331843 0.691932 -1.0823 -0.370198 
0.901886 0.43225 0.702092 -1.05199 1.56343 -3.66768 
0.279772 0.533462 0.787865 1.48255 -1.32298 -0.395394 
-0.257478 0.791344 0.442393 0.976301 -1.15026 -0.425118 
-0.552384 1.16956 -0.247911 0.812924 -0.846878 -0.607028 
0.272307 -0.00214256 0.863665 -1.4071 1.15589 -4.18652 
-0.262406 0.508068 0.52493 1.16742 -0.86629 -0.807339 
-0.555714 1.0513 -0.188271 1.00205 -0.635816 -0.908236 
-0.558115 0.949304 -0.155728 1.31052 -0.492716 -1.30986 
0.255062 -0.452072 0.505781 -0.875575 1.40128 1.04392 
-0.272638 0.0765712 0.483105 -1.12836 0.706043 1.20453 
0.248032 -0.411236 0.168784 -0.771651 1.621 0.754922 
-0.276676 -0.0415055 0.372759 -0.804916 0.849318 0.777361 
-0.562326 0.77881 -0.138166 -1.06897 0.462222 0.936113 
-1.66033 1.06579 0.615986 -1.30444 -1.60012 6.17614 
-1.14953 1.08008 0.310679 -0.800057 -1.44466 0.128795 
-0.889424 1.3004 -0.334993 -0.621182 -1.05819 0.337579 
-2.33524 0.354551 0.85079 -2.08088 -1.56922 0.297015 
-1.66054 0.516765 0.853656 -1.41646 -1.35877 6.45906 
-1.15318 0.792955 0.451757 -0.943988 -1.1916 0.241381 
-0.893055 1.17747 -0.258259 -0.811785 -0.890047 0.438082 
-1.15119 0.510766 0.534136 -1.13084 -0.939679 6.74076 
-0.8929 1.06246 -0.199541 -0.996744 -0.720531 0.572532 
-0.889316 0.958214 -0.161792 -1.218 -0.567708 0.769339 
-0.885719 0.864371 -0.141129 -1.53739 -0.466372 1.07012 
-1.63013 -0.489624 0.224475 0.808688 1.5589 -1.32387 
-1.13448 -0.0573319 0.392945 0.872611 0.791098 -1.43271 
-1.89201 1.12694 0.759101 -1.46673 -1.6046 5.9697 
-1.29933 1.06264 0.597241 -0.870695 -1.62828 -0.0680902 
-0.994345 1.10632 0.200905 -0.579746 -1.34876 0.143209 
-0.837902 1.35039 -0.449456 -0.50313 -0.964189 0.30403 
-1.30342 0.518511 0.831832 -1.00773 -1.23763 6.43621 
-0.998789 0.832541 0.338333 -0.751891 -1.05281 0.238546 
-0.842163 1.22559 -0.368268 -0.735306 -0.765469 0.42856 
-0.997469 0.572836 0.412335 -0.983262 -0.757887 0.456891 
-0.841627 1.11253 -0.311126 -0.987095 -0.57428 0.616212 
-1.28961 -0.393816 0.787224 -1.99786 -0.844811 -4.85411 
-0.837948 1.01263 -0.276302 -1.32946 -0.420735 0.923214 
-1.85362 -0.663006 0.212483 0.89008 1.79318 -1.30494 
-1.27989 -0.495149 0.532455 0.759779 1.05502 -1.26865 
-1.27156 -0.444585 0.188586 0.574533 1.32754 -1.04519 
-0.981654 0.0656416 0.262214 -2.49498 -0.684402 1.98929 
-0.988581 1.05761 0.481682 -0.451094 -1.54244 0.0137461 
-0.860619 1.15193 0.0502225 -0.344456 -1.22205 0.121988 
-0.788023 1.41165 -0.584083 -0.33423 -0.855835 0.223814 
-0.995597 0.564553 0.696027 -0.620075 -1.0553 0.126261 
-0.866487 0.892084 0.184684 -0.541077 -0.874214 0.196904 
-0.792957 1.28207 -0.494277 -0.61438 -0.607191 0.375316 
-0.992601 0.0941845 0.751374 -1.09072 -0.565725 0.621324 
-0.864793 0.654748 0.251677 -0.834226 -0.533467 0.436301 
-0.792205 1.17171 -0.440447 -1.00294 -0.386247 0.682602 
-1.24122 -0.818511 0.702767 0.684721 1.07309 -1.08987 
-0.984683 -0.206879 0.638504 0.954601 0.508466 -1.39978 
-0.788637 1.07752 -0.410797 -1.68382 -0.262615 1.31453 
-1.22803 -0.6491 0.196926 0.491531 1.43036 -0.873604 
-0.977558 -0.311925 0.397882 0.454342 0.840222 -0.897313 
-0.785545 0.995899 -0.39884 -2.40935 -0.312119 2.00145 
-1.21767 -0.334392 -0.47998 0.425027 1.83479 -0.736615 
-0.972209 -0.276959 0.0616822 0.298523 1.20098 -0.74462 
-0.852317 0.21642 0.0862585 0.339487 0.671579 -0.802533 
-0.774953 1.06184 0.598105 -0.0709374 -1.65972 -0.00628418 
-0.756182 1.08708 0.272332 -0.0530902 -1.35967 0.0113575 
-0.745265 1.22378 -0.147534 -0.0465946 -1.0767 0.0220951 
-0.738125 1.4912 -0.751909 -0.0502649 -0.739924 0.0371323 
-0.785161 0.312191 0.884141 -0.209033 -0.888362 -0.0207364 
-0.763741 0.66074 0.464226 -0.194626 -0.816747 -0.012738 
-0.750789 0.972652 -0.00842197 -0.211865 -0.658023 0.0260719 
-0.743164 1.35286 -0.647253 -0.31243 -0.406361 0.147937 
-0.784408 -0.309809 0.838944 1.17037 0.168454 -1.45524 
-0.751112 0.763233 0.0445161 -0.539771 -0.249448 0.254846 
-0.7431 1.24535 -0.596928 -1.13651 -0.133163 0.866424 
-0.778674 -0.478306 0.515265 0.150704 0.761115 -0.483703 
-0.759419 0.0479392 0.390874 0.256405 0.363147 -0.60077 
-0.748074 0.595369 0.0351338 0.47761 0.178523 -0.823354 
-0.740598 1.15938 -0.57622 -2.78539 -0.220422 2.44637 
-0.77456 -0.380754 0.0330479 0.0702917 1.27769 -0.450245 
-0.756548 -0.0493905 0.164653 0.0777056 0.81464 -0.468817 
-0.745873 0.471719 -0.0278459 0.107324 0.486454 -0.501841 
-0.73882 1.08731 -0.57275 3.2585 -0.415408 -3.65014 
-0.772305 -0.0838278 -0.681709 0.0482894 1.79321 -0.461441 
-0.75499 -0.0235271 -0.167918 0.0406438 1.21901 -0.471271 
-0.74471 0.39311 -0.140735 0.0469597 0.775122 -0.482035 
-0.737863 1.02567 -0.582643 0.0531074 0.584423 -0.486899 
-0.684913 0.975037 0.429684 0.0432411 -1.68859 0.101352 
-0.708036 1.0004 0.0520099 0.0213613 -1.33611 0.0979113 
-0.722423 1.18158 -0.485826 0.00853004 -0.97934 0.101935 
-0.679509 0.510047 0.613717 0.112538 -1.12623 -0.0485654 
-0.704035 0.753867 0.153517 0.0976453 -0.9097 -0.0600836 
-0.719052 1.06524 -0.429037 0.10408 -0.638798 -0.0836653 
-0.684901 0.0999058 0.632309 0.0992481 -0.450199 -0.185882 
-0.708036 0.543011 0.17556 0.0492706 -0.435387 -0.147559 
-0.722216 0.968963 -0.41187 0.0265936 -0.273591 -0.132459 
-0.644984 -0.689889 0.655443 -0.0899361 0.579146 -0.0978501 
-0.687659 -0.13534 0.481573 -0.0660097 0.196448 -0.130566 
-0.709966 0.388564 0.120752 0.191325 0.0334173 -0.398045 
-0.723683 0.897466 -0.43226 0.229565 0.0791627 -0.442773 
-0.645194 -0.550832 0.152901 -0.0596662 1.14127 -0.214518 
-0.686615 -0.194652 0.209046 -0.0363836 0.727602 -0.240944 
-0.70897 0.295342 0.00424886 -0.0179862 0.441866 -0.26697 
-0.722788 0.846416 -0.475058 0.00679575 0.370052 -0.29888 
-0.642982 -0.242539 -0.538722 -0.0635639 1.6667 -0.293018 
-0.685496 -0.12639 -0.165249 -0.0393555 1.17597 -0.304748 
-0.707942 0.257218 -0.16432 -0.0310717 0.790896 -0.315401 
-0.721873 0.811237 -0.53511 -0.0232295 0.607363 -0.328942 
-0.405319 0.946344 0.596214 0.52946 -1.78685 0.107605 
-0.57392 0.926095 0.220559 0.357204 -1.4133 -0.0275311 
-0.665327 1.1135 -0.357884 0.310421 -1.0262 -0.109161 
-0.402024 0.41031 0.800528 0.579552 -1.26617 -0.194495 
-0.571565 0.666471 0.318146 0.447888 -1.03146 -0.241941 
-0.663576 1.00074 -0.308819 0.435555 -0.740417 -0.330845 
-0.405362 -0.0863136 0.825655 0.903243 -0.678109 -0.762075 
-0.573192 0.435828 0.345505 0.634555 -0.622567 -0.570105 
-0.664907 0.902697 -0.289456 0.650242 -0.447002 -0.656736 
-0.051823 -0.917744 0.759996 -0.902271 1.04792 0.817579 
-0.411646 -0.355942 0.6646 1.99 -0.494159 4.25441 
-0.667092 0.822896 -0.297759 1.38086 -0.227378 -1.49569 
-0.0654987 -0.719845 0.241597 -0.649702 1.38896 0.412344 
-0.417597 -0.406284 0.378019 -0.54031 0.827674 0.373565 
-0.580112 0.149296 0.184236 -0.664064 0.437859 0.493482 
-0.66893 0.764003 -0.335177 -0.68848 0.312241 -5.79925 
-0.0769852 -0.394054 -0.432852 -0.566171 1.78895 0.131755 
-0.422038 -0.324652 0.00255785 -0.368585 1.21176 0.096037 
-0.582038 0.0989093 0.0221596 -0.355731 0.741501 0.10401 
-0.670008 0.721459 -0.387748 -0.370215 0.512223 0.0961936 
0.557959 1.13319 0.682086 1.67165 -1.77552 0.380565 
-0.064958 0.943489 0.659721 1.0019 -1.81137 0.159089 
-0.423799 0.879961 0.339075 0.619526 -1.50835 -0.0759175 
-0.60958 1.06003 -0.254057 0.495441 -1.10598 -0.213413 
-0.0618103 0.373724 0.872671 1.03027 -1.39943 -0.276821 
-0.421765 0.60218 0.439461 0.718273 -1.15604 -0.338659 
-0.608054 0.946707 -0.20791 0.634366 -0.846717 -0.453519 
-0.423639 0.350553 0.46834 0.942122 -0.799431 -0.733303 
-0.609154 0.846199 -0.188106 0.86595 -0.5924 -0.797208 
-0.427983 0.156275 0.423106 -1.67348 0.559511 -4.55308 
-0.611736 0.762677 -0.194773 1.34075 -0.405402 -1.38062 
0.535151 -0.597061 0.189804 -1.00785 1.8061 0.878969 
-0.0818023 -0.503207 0.445911 -0.848966 1.12018 0.790006 
-0.432578 0.034398 0.312948 -0.997027 0.598867 0.931639 
-0.0897794 -0.415061 0.0707842 -0.665056 1.39831 0.460406 
-0.436386 -0.0208657 0.150767 -0.629317 0.814193 0.466354 
-0.616171 0.647158 -0.268611 -0.691666 0.511298 0.487857 
0.901888 1.09246 0.426754 2.03471 -1.81214 0.0933585 
0.279764 0.941935 0.619629 1.42134 -1.78743 0.131304 
-0.257502 0.853019 0.415744 0.857662 -1.59371 -0.0921067 
-0.552795 1.01549 -0.165346 0.626234 -1.18905 -0.266911 
0.281608 0.39902 0.823149 1.43952 -1.52398 -0.345778 
-0.255343 0.560127 0.518936 0.954943 -1.27075 -0.395661 
-0.551232 0.899975 -0.120501 0.77023 -0.94261 -0.518153 
0.901939 -0.0797567 0.694115 -1.10727 1.81284 -4.12852 
0.279737 -0.112959 0.852602 -1.50558 1.3163 2.14532 
-0.25744 0.291543 0.549986 1.1747 -0.961025 -0.821693 
-0.552402 0.79626 -0.100362 0.994427 -0.706263 -0.860213 
0.272306 -0.395594 0.697869 -1.21037 1.30513 1.52326 
-0.262406 0.0837712 0.505867 -1.5598 0.776507 -4.54697 
-0.555186 0.708903 -0.104704 1.36724 -0.537078 -1.34378 
0.26336 -0.45574 0.418639 -0.986 1.44552 1.0734 
-0.267735 -0.0467756 0.396567 -1.10169 0.799225 1.13908 
0.25506 -0.379899 0.0507769 -0.862445 1.65033 0.752084 
-0.272638 -0.105903 0.235058 -0.799534 0.957521 0.725171 
-0.560371 0.583708 -0.169842 -0.910981 0.562143 0.769787 
-1.66053 0.936798 0.681612 -1.38592 -1.75675 6.26093 
-1.15318 0.843658 0.429861 -0.851827 -1.55322 0.251115 
-0.893216 1.01575 -0.171937 -0.66446 -1.15409 0.454649 
-2.3409 0.385139 0.850956 -1.96285 -1.70291 0.308432 
-1.14951 0.549548 0.538932 -0.852383 -1.23893 0.35671 
-0.889435 0.900551 -0.121496 -0.697271 -0.910616 0.474531 
-1.15318 0.286977 0.562658 -1.12441 -0.986744 6.90783 
-0.893092 0.804117 -0.108351 -0.975302 -0.749221 0.67642 
-0.892475 0.718667 -0.112008 -1.29602 -0.613729 0.951484 
-1.63889 -0.454933 0.107866 0.915257 1.59074 -1.25287 
-1.13997 -0.121422 0.255661 -2.26268 -0.905509 1.83122 
-1.88933 1.15911 0.728431 -1.6104 -1.77942 5.9963 
-1.30353 0.94123 0.658234 -0.961888 -1.79768 0.012951 
-0.99925 0.888615 0.312928 -0.638356 -1.48501 0.258723 
-0.842218 1.07397 -0.283311 -0.549786 -1.09646 0.422239 
-1.29933 0.370539 0.878766 -0.894537 -1.36529 0.249002 
-0.9942 0.61275 0.419487 -0.634625 -1.12238 0.309054 
-0.837906 0.95798 -0.228905 -0.574719 -0.8165 0.417427 
-0.999249 0.371683 0.440536 -0.954686 -0.814579 0.574473 
-0.841835 0.862001 -0.214516 -0.92094 -0.621805 0.669356 
-0.841366 0.78146 -0.223047 -1.37698 -0.479709 1.06534 
-1.86693 -0.667587 0.227549 1.02751 1.76357 -1.27253 
-1.28961 -0.498905 0.446318 0.877266 1.08681 -1.25294 
-0.837939 0.715495 -0.248982 1.20968 0.437423 -1.56006 
-1.85377 -0.363555 -0.439538 0.987857 2.00318 -1.00489 
-1.28008 -0.414755 0.0732686 0.662592 1.34413 -1.00458 
-0.986385 0.00203857 0.130563 0.66355 0.790902 -1.06942 
-0.834331 0.663872 -0.291213 0.760529 0.513452 -1.1426 
-0.995652 0.953468 0.5338 -0.54013 -1.75526 0.102672 
-0.866501 0.954538 0.155876 -0.412195 -1.40446 0.243362 
-0.792876 1.14195 -0.411181 -0.39212 -1.03733 0.356867 
-0.988545 0.44602 0.735492 -0.482108 -1.22225 0.176896 
-0.860404 0.695938 0.261674 -0.388217 -0.993603 0.220247 
-0.78783 1.02233 -0.34946 -0.388041 -0.710675 0.300025 
-0.996062 -0.0124168 0.753076 -0.939221 -0.677086 0.605228 
-0.866457 0.476835 0.280094 -0.751841 -0.61672 0.480613 
-0.79282 0.928905 -0.337762 -0.835885 -0.458392 0.631606 
-0.792179 0.853823 -0.35274 -1.61437 -0.323263 1.33174 
-1.24123 -0.661934 0.215279 0.607863 1.3384 -0.877149 
-0.984687 -0.327056 0.320303 0.565458 0.834383 -0.912963 
-0.860091 0.204127 0.120307 -2.42913 -0.493623 2.06983 
-1.228 -0.347527 -0.460986 0.494389 1.74501 -0.705628 
-0.977557 -0.255483 -0.0509234 0.35821 1.20185 -0.716509 
-0.855592 0.156537 -0.0419039 0.370277 0.765285 -0.758842 
-0.785463 0.752982 -0.437752 0.400615 0.553571 -0.778084 
-0.785143 1.11262 0.560479 -0.176537 -1.98639 0.0825808 
-0.763715 1.00328 0.315625 -0.1415 -1.636 0.137653 
-0.751312 1.0456 -0.0459588 -0.13387 -1.31902 0.17655 
-0.74311 1.221 -0.558785 -0.145973 -0.98402 0.221405 
-0.774965 0.3704 0.878943 -0.0745283 -1.25018 0.0235316 
-0.756155 0.572556 0.495359 -0.0592429 -1.06866 0.0285558 
-0.745244 0.803344 0.0604434 -0.0538773 -0.864504 0.0349746 
-0.738149 1.10064 -0.494896 -0.0593067 -0.606566 0.0486777 
-0.785161 -0.304622 0.866225 -0.596117 -0.290825 0.422625 
-0.763764 0.202915 0.508293 -0.355713 -0.416853 0.180534 
-0.751308 0.602506 0.0785138 -0.351086 -0.385238 0.1842 
-0.743163 1.00605 -0.481273 -0.535354 -0.240338 0.382144 
-0.784412 -0.496375 0.543333 0.291657 0.567546 -0.537966 
-0.763453 -0.0121106 0.361551 0.523779 0.279559 -0.785004 
-0.751163 0.459154 0.019385 0.844248 0.170898 -1.10817 
-0.743102 0.938969 -0.507327 -2.49621 -0.200466 2.23926 
-0.778657 -0.398085 0.0553201 0.114318 1.13766 -0.422337 
-0.759416 -0.0714538 0.0952554 0.129569 0.771447 -0.453565 
-0.748083 0.373863 -0.0991609 0.165858 0.521195 -0.496537 
-0.740596 0.892886 -0.555928 0.174406 0.459025 -0.503667 
-0.774579 -0.1008 -0.658085 0.0677636 1.68792 -0.42199 
-0.756548 -0.00573959 -0.282233 0.0602434 1.21696 -0.436345 
-0.745879 0.341693 -0.271404 0.0662274 0.858729 -0.450215 
-0.73886 0.860424 -0.616977 0.0734202 0.685009 -0.458576 
-0.687658 0.875133 0.467559 0.0135359 -1.88493 0.199491 
-0.709936 0.822107 0.114135 -0.0062357 -1.47847 0.207437 
-0.723683 0.9723 -0.433907 -0.0203805 -1.08079 0.223493 
-0.684966 0.41793 0.629382 0.0441092 -1.3314 0.0860293 
-0.708036 0.595701 0.174726 0.0238934 -1.0542 0.0910763 
-0.722124 0.873935 -0.406925 0.010692 -0.750597 0.098957 
-0.679508 0.026015 0.620482 0.167585 -0.653294 -0.133537 
-0.704 0.408492 0.159456 0.142674 -0.57255 -0.120196 
-0.718958 0.79607 -0.422372 0.168849 -0.378549 -0.157123 
-0.64039 -0.708477 0.690152 -0.28058 0.314506 0.183595 
-0.684886 -0.181794 0.443927 -1.10132 0.0481697 1.00446 
-0.708036 0.283695 0.0638637 0.315839 -0.0670103 -0.418058 
-0.722214 0.744611 -0.478817 -0.38219 0.0191402 0.275279 
-0.645607 -0.574106 0.184162 -0.0608269 0.933648 -0.136864 
-0.687658 -0.208243 0.13768 -0.0223803 0.612945 -0.177003 
-0.709966 0.230583 -0.104589 0.015426 0.41627 -0.220932 
-0.723681 0.722673 -0.573265 0.04669 0.393257 -0.256994 
-0.644113 -0.264938 -0.507877 -0.0556154 1.51568 -0.236281 
-0.686612 -0.101688 -0.282422 -0.0268077 1.12592 -0.256578 
-0.70897 0.242778 -0.336773 -0.0103955 0.835449 -0.276248 
-0.722778 0.726299 -0.696587 0.00376923 0.711693 -0.29539 
-0.411813 0.827502 0.648857 0.486129 -1.95662 0.185703 
-0.577259 0.727918 0.289492 0.303593 -1.5134 0.0579941 
-0.667328 0.892272 -0.301899 0.253261 -1.08572 -0.00039874 
-0.405293 0.288138 0.821109 0.522599 -1.41025 -0.109233 
-0.573547 0.484924 0.34365 0.395128 -1.11698 -0.149213 
-0.664628 0.7976 -0.28509 0.374627 -0.797103 -0.212472 
-0.402178 -0.175644 0.807098 0.804449 -0.811947 -0.620599 
-0.571507 0.283799 0.324065 0.61118 -0.704185 -0.490447 
-0.663386 0.720641 -0.302461 0.631663 -0.503279 -0.569948 
-0.664904 0.664221 -0.350659 1.33631 -0.272428 -1.38324 
-0.0518239 -0.738398 0.268667 -0.796939 1.25514 0.561395 
-0.411789 -0.411311 0.298581 -0.679179 0.760327 0.539724 
-0.577236 0.0806871 0.0708617 -0.750965 0.452778 0.622275 
-0.667327 0.631592 -0.429394 -0.688871 0.356161 0.537583 
-0.0653526 -0.412497 -0.406127 -0.640451 1.66183 0.208263 
-0.417599 -0.295552 -0.113936 -0.424577 1.16687 0.163881 
-0.580115 0.0820325 -0.148557 -0.377012 0.789879 0.148758 
-0.668979 0.622256 -0.534296 -0.344417 0.613534 0.104885 
0.548038 1.16762 0.661871 1.71319 -1.98152 0.535221 
-0.0727597 0.814889 0.720838 0.962944 -1.98287 0.220563 
-0.428013 0.661664 0.415756 0.55627 -1.58932 -0.0267902 
-0.611738 0.828632 -0.196042 0.436099 -1.14131 -0.132311 
-0.0649592 0.233399 0.897963 0.958796 -1.54522 -0.234024 
-0.422871 0.401851 0.468537 0.664369 -1.22832 -0.288833 
-0.608714 0.734518 -0.183893 0.581316 -0.886362 -0.369235 
-0.0617075 -0.270358 0.881372 1.22276 -1.11593 -0.878876 
-0.421757 0.184416 0.445499 0.907896 -0.869676 -0.690515 
-0.607763 0.655803 -0.201587 0.846417 -0.634787 -0.738147 
-0.423632 0.0367507 0.350885 -1.72728 0.627441 -4.48881 
-0.609129 0.595742 -0.246547 1.35747 -0.450322 -1.3589 
0.548087 -0.60483 0.211492 -1.17655 1.75321 0.967317 
-0.0727854 -0.498837 0.35908 -0.997724 1.10847 0.906063 
-0.427999 -0.034877 0.192213 -1.05775 0.650932 0.992861 
-0.611735 0.557087 -0.317329 2.07324 -0.453433 -2.17884 
0.535153 -0.312603 -0.459293 -1.11641 1.98546 0.543191 
-0.0817137 -0.379273 -0.0491089 -0.759363 1.37904 0.509562 
-0.43257 -0.0388185 -0.0209448 -0.661671 0.879618 0.485536 
-0.614235 0.539375 -0.41054 -0.633853 0.620042 0.439311 
0.896404 1.12017 0.41269 2.01561 -2.00221 0.229155 
0.272312 0.815334 0.682146 1.37568 -1.97254 0.187978 
-0.262416 0.619395 0.498272 0.781909 -1.67567 -0.0772389 
-0.555191 0.774855 -0.105913 0.564601 -1.21234 -0.209914 
0.279512 0.266433 0.847909 1.34177 -1.7023 -0.3149 
-0.257441 0.344497 0.549235 0.886699 -1.35077 -0.379884 
-0.551796 0.679667 -0.0962442 0.715183 -0.979416 -0.454238 
0.282661 -0.204175 0.830356 -1.65227 1.45875 2.20155 
-0.255336 0.114868 0.52524 1.12371 -1.04479 -0.808425 
-0.551145 0.598704 -0.115292 0.972595 -0.750305 -0.820757 
-0.552387 0.535042 -0.157726 1.39354 -0.585771 -1.35543 
0.272302 -0.448464 0.328732 -1.13724 1.47049 1.12781 
-0.262407 -0.114878 0.269108 -1.1569 0.871672 1.15267 
-0.555189 0.492123 -0.224032 1.92586 -0.563713 -1.99292 
0.263359 -0.341069 -0.0725148 -0.979652 1.65606 0.760653 
-0.267867 -0.120906 0.0587952 -0.838262 1.03615 0.712025 
-0.558023 0.468833 -0.309897 -0.82219 0.673543 0.666891 
-1.65556 0.798879 0.746156 1.75794 1.91061 -3.0687 
-1.1512 0.604895 0.511667 -0.820043 -1.6138 0.393769 
-0.891946 0.772139 -0.110902 -0.64644 -1.1667 0.57583 
-1.66047 0.208814 0.922004 -1.32122 -1.65015 6.7411 
-1.15316 0.330596 0.562007 -0.893714 -1.30662 0.54515 
-0.892951 0.681381 -0.105446 -0.7648 -0.950915 0.656279 
-2.34092 -0.241081 0.859316 1.32233 1.90365 4.05215 
-1.14983 0.0961948 0.545974 -1.03655 -0.973649 0.760715 
-0.889409 0.599014 -0.115822 -0.902321 -0.702523 0.768281 
-0.893094 0.54234 -0.163529 -1.3361 -0.618074 1.13764 
-0.892484 0.50008 -0.227768 1.35575 0.603101 4.68427 
-1.64761 -0.412003 -0.0158987 1.04252 1.60563 -1.17189 
-0.889264 0.473087 -0.308007 -2.174 -0.659606 1.89808 
-1.87997 1.19034 0.705108 -1.69246 -1.95918 5.99834 
-1.29889 0.810635 0.717195 -0.958897 -1.95208 0.105758 
-0.997162 0.672811 0.388059 -0.608827 -1.56417 0.376091 
-0.841229 0.842799 -0.223902 -0.523482 -1.13504 0.526662 
-1.30353 0.233296 0.894994 -0.927872 -1.51821 0.395043 
-0.999019 0.418263 0.440174 -0.686092 -1.21335 0.474424 
-0.84214 0.751235 -0.213722 -0.643195 -0.886407 0.591806 
-1.29933 -0.278408 0.88737 2.02141 1.01255 -2.31095 
-0.994324 0.201271 0.425429 -0.822688 -0.816653 0.635597 
-0.837903 0.669523 -0.22327 -0.785198 -0.594773 0.691545 
-0.842171 0.615479 -0.2743 -1.37735 -0.493435 1.20259 
-1.87958 -0.674137 0.247982 1.19196 1.72069 -1.23757 
-0.997473 -0.00686623 0.167259 -2.01909 -0.687564 1.75551 
-0.841468 0.5789 -0.346048 -1.98548 -0.518364 1.75206 
-1.86706 -0.373561 -0.416878 1.11619 1.93282 -0.952894 
-1.28961 -0.377075 -0.0472246 0.774125 1.34076 -0.961989 
-0.991981 -0.0141873 -0.0419884 0.719384 0.875074 -1.00064 
-0.837954 0.559302 -0.435723 0.727996 0.638664 -1.00532 
-0.992601 0.841398 0.581341 -0.532913 -1.93102 0.191795 
-0.864343 0.760686 0.224788 -0.38558 -1.51889 0.345585 
-0.792142 0.923182 -0.353904 -0.361938 -1.11199 0.451062 
-0.995596 0.338973 0.747503 -0.537606 -1.41016 0.307353 
-0.866442 0.527617 0.279327 -0.452348 -1.12848 0.376244 
-0.792868 0.828974 -0.33614 -0.466483 -0.820655 0.48028 
-0.988581 -0.101194 0.742762 -0.680078 -0.76537 0.527966 
-0.860619 0.328258 0.266397 -0.538473 -0.667259 0.438736 
-0.788126 0.74659 -0.342567 -0.575312 -0.471331 0.523692 
-0.792871 0.696447 -0.401467 -1.5031 -0.336092 1.3495 
-1.25574 -0.677742 0.240868 0.768211 1.22161 -0.89958 
-0.992602 -0.332025 0.24051 0.727764 0.796252 -0.954007 
-0.865105 0.139357 0.00532311 0.826062 0.538095 -1.07373 
-0.792185 0.6682 -0.485594 -2.34407 -0.459786 2.11386 
-1.24121 -0.364296 -0.434788 0.590447 1.63041 -0.678347 
-0.984683 -0.22587 -0.169205 0.444957 1.17596 -0.691624 
-0.860086 0.140661 -0.213315 0.432785 0.83274 -0.723048 
-0.788632 0.66023 -0.591323 0.425748 0.674237 -0.713758 
-0.763442 0.915631 0.348059 -0.143418 -1.85451 0.237739 
-0.750923 0.87645 0.0132875 -0.127699 -1.48313 0.282707 
-0.743099 1.01761 -0.5092 -0.135307 -1.10423 0.327836 
-0.785157 0.436635 0.856491 -0.161894 -1.61136 0.147147 
-0.763759 0.494948 0.504142 -0.146071 -1.31942 0.183523 
-0.751305 0.657717 0.0776179 -0.148935 -1.05732 0.21658 
-0.743187 0.916734 -0.47539 -0.175918 -0.76595 0.267659 
-0.774965 -0.278644 0.887538 -0.123176 -0.612462 0.100934 
-0.756189 0.136415 0.501804 -0.0870386 -0.639943 0.0698684 
-0.745255 0.475106 0.0666899 -0.0793125 -0.543189 0.0679124 
-0.738096 0.836601 -0.48784 -0.0976791 -0.350073 0.0916335 
-0.785161 -0.513368 0.580361 0.579984 0.298333 -0.713175 
-0.743163 0.789609 -0.552643 -2.14932 -0.145634 2.01375 
-0.784399 -0.420681 0.0880532 0.19283 0.93689 -0.405144 
-0.76344 -0.086155 0.0256863 0.223897 0.666245 -0.455276 
-0.751166 0.313196 -0.208987 0.266841 0.503184 -0.506269 
-0.7431 0.774999 -0.658342 0.259031 0.48941 -0.49641 
-0.777409 -0.125677 -0.620676 0.102817 1.53873 -0.376697 
-0.759409 0.0200398 -0.403631 0.0977359 1.17634 -0.398097 
-0.748076 0.332797 -0.450654 0.10417 0.910838 -0.416363 
-0.740606 0.785738 -0.791725 0.107764 0.798735 -0.422519 
-0.708964 0.656111 0.135176 0.00771899 -1.53271 0.282932 
-0.722784 0.820336 -0.490033 -0.00281884 -1.07171 0.293893 
-0.687832 0.32971 0.626571 0.0127672 -1.49859 0.194572 
-0.710017 0.464368 0.149119 -0.0068499 -1.15572 0.209593 
-0.72368 0.75495 -0.508959 -0.025332 -0.788461 0.231746 
-0.684885 -0.0299093 0.59153 0.0574387 -0.846292 0.0583026 
-0.708036 0.311951 0.0937967 0.0326563 -0.689656 0.077682 
-0.722209 0.70306 -0.557342 0.0173278 -0.429349 0.0910689 
-0.679509 -0.208502 0.394938 0.502696 -0.21202 -0.493193 
-0.70402 0.222442 -0.0383916 0.399199 -0.199298 -0.392087 
-0.719011 0.679688 -0.653118 1.16339 -0.0674677 -1.16257 
-0.640597 -0.599168 0.224916 -0.13884 0.663567 0.0256304 
-0.684886 -0.212074 0.0660093 -0.102866 0.431929 -0.00291879 
-0.708036 0.207141 -0.251882 -0.0643458 0.329018 -0.0419754 
-0.722214 0.696166 -0.808428 -0.0185662 0.395914 -0.0897179 
-0.64499 -0.295293 -0.462886 -0.0512715 1.30145 -0.159604 
-0.687653 -0.0713626 -0.401457 -0.0151577 1.01513 -0.187312 
-0.709966 0.273478 -0.560182 0.00846004 0.828947 -0.212541 
-0.723681 0.769085 -1.04835 0.0244658 0.821727 -0.230508 
-0.580115 0.541085 0.31567 0.264647 -1.54467 0.115985 
-0.668954 0.729209 -0.352623 0.224343 -1.06133 0.0696601 
-0.411793 0.170597 0.826581 0.448012 -1.52704 -0.0316076 
-0.577184 0.332735 0.321318 0.330526 -1.16778 -0.0577476 
-0.667302 0.664042 -0.376731 0.315874 -0.794522 -0.105387 
-0.405347 -0.245991 0.774704 0.666233 -0.923616 -0.459711 
-0.573539 0.172432 0.257205 0.527343 -0.758028 -0.368466 
-0.66488 0.614096 -0.429341 0.573185 -0.503542 -0.458969 
-0.571552 0.0794595 0.121901 1.10741 -0.428393 -1.06848 
-0.663506 0.587978 -0.51837 1.33965 -0.296703 -1.32952 
-0.0388546 -0.756682 0.301893 -1.00847 1.11649 0.776606 
-0.40536 -0.404627 0.216342 -0.900982 0.679652 0.793435 
-0.573539 0.0571611 -0.0817061 -0.925476 0.447336 0.843444 
-0.664904 0.590692 -0.648109 -0.732581 0.402034 0.635919 
-0.051824 -0.436269 -0.368408 -0.750211 1.49593 0.323387 
-0.411805 -0.26038 -0.23247 -0.513737 1.07763 0.271634 
-0.577235 0.106744 -0.360412 -0.431463 0.794899 0.235914 
-0.667312 0.63052 -0.830375 -0.347156 0.711343 0.148097 
-0.43189 0.454386 0.448653 0.494044 -1.60131 -0.00891497 
-0.614173 0.654471 -0.242118 0.39716 -1.09689 -0.0893349 
-0.0727856 0.0955331 0.909575 0.854837 -1.65116 -0.209267 
-0.427865 0.230722 0.447134 0.589631 -1.25227 -0.244953 
-0.611685 0.589999 -0.270459 0.529789 -0.863248 -0.304326 
-0.0647938 -0.346965 0.846914 1.0686 -1.20287 -0.777622 
-0.423639 0.0627765 0.376077 0.827148 -0.907378 -0.621013 
-0.609097 0.539911 -0.324264 0.811369 -0.626447 -0.681956 
-0.421756 -0.03302 0.236487 -1.83238 0.673213 1.90076 
-0.607971 0.510834 -0.409226 1.36896 -0.470463 -1.34514 
0.557948 -0.613359 0.238903 -1.37927 1.69519 1.08254 
-0.0649578 -0.484345 0.270194 -1.18861 1.0798 1.06245 
-0.423639 -0.0566661 0.0339322 -1.17994 0.677945 1.11523 
0.548 -0.327967 -0.426672 -1.26268 1.87918 0.617842 
-0.0727855 -0.336908 -0.172129 -0.886441 1.32761 0.588266 
-0.427968 -0.0127135 -0.232635 -0.734272 0.907471 0.545368 
-0.611736 0.532075 -0.684943 -0.619167 0.723115 0.431353 
-0.26705 0.393822 0.535984 0.699827 -1.68082 -0.105505 
-0.557933 0.590613 -0.149014 0.523796 -1.15376 -0.197277 
0.272277 0.133559 0.861967 1.20582 -1.83081 -0.322502 
-0.262025 0.15937 0.530298 0.797159 -1.37117 -0.380851 
-0.555107 0.526019 -0.179883 0.665088 -0.947432 -0.420512 
0.279898 -0.28113 0.798807 1.30905 -1.55239 -0.89388 
-0.257406 -0.013849 0.453785 1.02516 -1.08529 -0.773627 
-0.552396 0.475098 -0.234533 0.933121 -0.744015 -0.785456 
0.282666 -0.447352 0.572272 -1.58814 1.43345 1.69692 
-0.255306 -0.111063 0.310026 1.4132 -0.910107 -1.31745 
-0.551145 0.443273 -0.316949 -1.75346 0.61015 1.79248 
0.27985 -0.433506 0.238355 -1.32685 1.47175 1.20669 
-0.552366 0.43451 -0.429018 1.94188 -0.623592 -2.01417 
0.272301 -0.295047 -0.200342 -1.13027 1.63099 0.787745 
-0.262407 -0.0914187 -0.155553 -0.919006 1.07897 0.735 
-0.555188 0.451809 -0.572704 -0.793957 0.778942 0.617854 
-1.14588 0.375162 0.54989 -0.736738 -1.60499 0.547356 
-0.88925 0.588821 -0.154975 -0.603134 -1.0965 0.694423 
-1.65556 0.0594687 0.93356 -1.2343 -1.76385 0.62558 
-1.15119 0.143442 0.53934 -0.85403 -1.32075 0.716523 
-0.892472 0.528441 -0.190986 -0.770965 -0.919751 0.819361 
-1.15316 -0.0285158 0.463346 -1.05446 -1.04544 0.954647 
-0.89309 0.479304 -0.244793 -1.0041 -0.731935 1.01094 
-1.66033 -0.550702 0.636266 1.59431 1.30384 4.62354 
-0.889428 0.443832 -0.317699 -1.36021 -0.545283 1.32581 
-1.65556 -0.362824 -0.144244 1.18509 1.58909 -1.08222 
-0.892475 0.457175 -0.572817 -2.22288 -0.771731 -4.18261 
-0.991635 0.466987 0.421685 -0.529874 -1.56657 0.491421 
-0.837932 0.670021 -0.269488 -0.466754 -1.07876 0.617847 
-1.29903 0.0964735 0.903518 -0.865244 -1.62421 0.531226 
-0.997413 0.251875 0.417169 -0.648054 -1.24593 0.608983 
-0.841468 0.609313 -0.301697 -0.632947 -0.873543 0.728048 
-1.3035 -0.344542 0.84336 2.08687 1.16464 -2.20825 
-0.999246 0.0869816 0.348787 -0.853836 -0.906716 0.810711 
-0.842345 0.559086 -0.351554 -0.883737 -0.645069 0.921355 
-1.29932 -0.518792 0.617308 -1.48793 -0.872012 1.44229 
-0.837906 0.526677 -0.431317 -1.3536 -0.417725 1.33389 
-0.999291 -0.0308915 0.010371 1.20887 0.687803 -1.31041 
-1.88 -0.387807 -0.386153 1.26218 1.83939 -0.90381 
-1.29889 -0.332704 -0.172138 0.906158 1.30637 -0.915265 
-0.997475 0.0140393 -0.256749 0.800013 0.923342 -0.927477 
-0.841473 0.557787 -0.718731 0.719683 0.758697 -0.854268 
-0.859991 0.581569 0.250678 -0.315432 -1.54537 0.430041 
-0.788899 0.760767 -0.399922 -0.29728 -1.0778 0.517184 
-0.992546 0.232894 0.74957 -0.495569 -1.54621 0.410111 
-0.8651 0.383514 0.254528 -0.416475 -1.19841 0.48336 
-0.792296 0.699473 -0.428119 -0.441633 -0.837281 0.591453 
-0.99565 -0.158838 0.705641 -0.664649 -0.960667 0.634205 
-0.866481 0.226985 0.195045 -0.587969 -0.792689 0.608719 
-0.792911 0.649363 -0.479339 -0.684049 -0.547491 0.757751 
-0.988586 -0.343379 0.500308 -1.25849 -0.475659 1.22243 
-0.860622 0.130381 0.066673 -1.04139 -0.376512 1.00919 
-0.788021 0.619597 -0.563957 -1.35622 -0.256086 1.34922 
-1.26365 -0.699542 0.276157 0.952101 1.0482 -0.933563 
-0.995663 -0.330487 0.161927 0.916119 0.690178 -0.999644 
-0.866486 0.115026 -0.145186 0.954924 0.50524 -1.06181 
-1.25573 -0.386097 -0.398329 0.715028 1.47915 -0.659608 
-0.992603 -0.189315 -0.291259 0.559423 1.10989 -0.668275 
-0.865105 0.169804 -0.432346 0.51936 0.862021 -0.680008 
-0.792184 0.68306 -0.910785 0.459369 0.797978 -0.617454 
-0.759081 0.813501 0.381191 -0.0976174 -1.98417 0.320786 
-0.748045 0.71899 0.0331433 -0.0822278 -1.54259 0.354676 
-0.740644 0.870052 -0.566768 -0.0865959 -1.09475 0.386735 
-0.784404 0.491686 0.82838 -0.164514 -1.9111 0.234681 
-0.763439 0.419066 0.498309 -0.137887 -1.51154 0.28636 
-0.751162 0.536044 0.0480912 -0.137912 -1.18019 0.324011 
-0.743115 0.80584 -0.584632 -0.165446 -0.820183 0.380037 
-0.785186 -0.228515 0.891397 -0.19382 -0.990355 0.26098 
-0.763779 0.0900022 0.472494 -0.182697 -0.888441 0.262929 
-0.751316 0.3879 -0.000890474 -0.198695 -0.71403 0.294027 
-0.743165 0.753186 -0.630833 -0.28008 -0.454635 0.393252 
-0.774962 -0.518888 0.617345 -0.624479 -0.12116 0.620993 
-0.756154 -0.0872792 0.288135 -0.254379 -0.207051 0.249151 
-0.745249 0.299464 -0.131366 -0.240441 -0.172975 0.236984 
-0.738127 0.730355 -0.729779 -1.5809 -0.033843 1.58089 
-0.785156 -0.446972 0.133071 0.269494 0.650163 -0.37014 
-0.763762 -0.0933778 -0.0414701 0.315023 0.472479 -0.429337 
-0.751311 0.291645 -0.356097 0.337158 0.401496 -0.455119 
-0.743163 0.759895 -0.909237 0.265939 0.480747 -0.377418 
-0.783607 -0.156986 -0.57234 0.159135 1.32746 -0.328381 
-0.763424 0.0521859 -0.528406 0.156689 1.07494 -0.353209 
-0.751165 0.372698 -0.68971 0.161044 0.915952 -0.369905 
-0.7431 0.873736 -1.22164 0.149157 0.945336 -0.354427 
-0.707942 0.50992 0.115584 0.0221328 -1.50907 0.335888 
-0.721863 0.749235 -0.674748 0.0162049 -0.957913 0.338696 
-0.686794 0.241277 0.612524 0.0241266 -1.59556 0.268794 
-0.708974 0.362066 0.0764306 0.00833345 -1.17993 0.280053 
-0.722778 0.725995 -0.749797 -0.00374994 -0.717604 0.295364 
-0.687649 -0.070639 0.544701 0.0151494 -1.01637 0.187332 
-0.709966 0.255971 -0.0211772 -0.00889172 -0.777039 0.213162 
-0.723682 0.719798 -0.858011 -0.0454265 -0.404459 0.255622 
-0.640391 -0.707215 0.750178 0.260935 -0.338254 -0.162868 
-0.684886 -0.217386 0.331817 0.110491 -0.40047 -0.00541651 
-0.708036 0.206017 -0.189936 0.0702583 -0.300426 0.0357581 
-0.722214 0.753901 -1.03948 -1.29768 0.00705856 -4.87867 
-0.632287 -0.617104 0.266451 -0.414181 0.379301 0.387772 
-0.679509 -0.201132 -0.0139801 -0.445597 0.237324 0.434622 
-0.704019 0.231937 -0.452417 -0.339334 0.233348 0.330802 
-0.640364 -0.330672 -0.404437 -0.10054 1.02202 -0.0313071 
-0.684883 -0.033348 -0.523155 -0.0576977 0.841182 -0.0579142 
-0.708036 0.367936 -0.869276 -0.0294064 0.785202 -0.0820637 
-0.582072 0.37728 0.297925 0.238548 -1.50721 0.148818 
-0.670004 0.643663 -0.521501 0.219741 -0.950236 0.100874 
-0.417581 0.0577286 0.817211 0.388606 -1.59563 0.0221149 
-0.580114 0.216208 0.251033 0.288007 -1.16956 0.00787814 
-0.668982 0.616709 -0.593664 0.299162 -0.719351 -0.0474746 
-0.411807 -0.297207 0.727077 0.531738 -1.02309 -0.307849 
-0.577235 0.105475 0.144172 0.433105 -0.79127 -0.238258 
-0.667319 0.606067 -0.695639 0.536212 -0.448528 -0.371907 
-0.405347 -0.426784 0.484059 1.04594 -0.605913 -0.97427 
-0.573546 0.0572753 -0.0303283 0.922537 -0.448859 -0.840066 
-0.664904 0.626637 -0.850678 1.47996 -0.265923 -1.4211 
-0.402173 -0.385855 0.127283 -1.17575 0.601788 1.10241 
-0.571552 0.0794577 -0.280813 -1.10742 0.42838 1.06849 
-0.663508 0.708312 -1.10669 -0.65356 0.487462 0.594872 
-0.038855 -0.462223 -0.322057 -0.906444 1.30753 0.489151 
-0.405326 -0.216354 -0.356083 -0.647153 0.957942 0.427054 
-0.573534 0.184558 -0.636422 -0.516235 0.777026 0.352941 
-0.436311 0.27133 0.43183 0.442555 -1.54426 -0.0155294 
-0.616175 0.55731 -0.401134 0.386989 -0.978144 -0.0862883 
-0.0815999 -0.0370175 0.9058 0.750085 -1.70271 -0.207807 
-0.432563 0.100781 0.377368 0.526541 -1.22886 -0.217315 
-0.614223 0.529427 -0.473601 0.513884 -0.775514 -0.283344 
-0.0727795 -0.404965 0.798875 0.91229 -1.25594 -0.682006 
-0.427971 -0.0111396 0.26155 0.731534 -0.911218 -0.540886 
-0.611716 0.517163 -0.572797 0.801162 -0.56395 -0.65781 
-0.423639 -0.0565911 0.0817876 1.17712 -0.678887 -1.11161 
-0.421747 -0.0340861 -0.165189 -1.31417 0.672178 1.24724 
-0.607966 0.585858 -0.92165 2.15767 -0.562473 -2.23701 
0.557952 -0.346335 -0.385811 -1.43461 1.75418 0.725436 
-0.0649549 -0.286996 -0.299977 -1.04196 1.24572 0.697722 
-0.423639 0.0616281 -0.498342 -0.828375 0.905928 0.623008 
-0.609151 0.743326 -1.30202 -0.577089 0.89299 0.36306 
-0.272419 0.195648 0.521078 0.627457 -1.61593 -0.158179 
-0.560355 0.483938 -0.302036 0.514363 -1.02742 -0.225312 
0.263356 0.00308586 0.862203 1.06109 -1.89552 -0.368277 
-0.267794 0.0191399 0.460147 0.718076 -1.33541 -0.397166 
-0.558008 0.455582 -0.374899 0.653024 -0.851864 -0.434095 
0.272285 -0.344115 0.755354 1.12711 -1.59496 -0.86382 
-0.262403 -0.0919484 0.337223 0.919709 -1.07794 -0.736509 
-0.555189 0.442223 -0.472222 0.922107 -0.680001 -0.789308 
-0.552396 0.451114 -0.604984 -1.73378 0.58403 1.76187 
0.28287 -0.409821 0.143701 -1.53472 1.43678 1.30284 
-0.255065 -0.109943 -0.0936881 1.73116 -0.911106 -1.82917 
-0.551143 0.493635 -0.789938 -1.16593 0.659694 1.07394 
0.279737 -0.241881 -0.333288 -1.30827 1.56807 0.838492 
-0.257434 -0.0166571 -0.417939 -1.02791 1.08258 0.779126 
-0.552397 0.595136 -1.06977 -0.768182 0.89904 0.544773 
-1.13915 0.174347 0.538164 -0.65099 -1.53722 0.695185 
-0.885689 0.482554 -0.306711 -0.577312 -0.967357 0.817349 
-1.64762 -0.0857002 0.934977 -1.09443 -1.81097 0.799581 
-1.14587 0.000931007 0.470002 -0.778942 -1.27239 0.860825 
-0.889264 0.457558 -0.385213 -0.766847 -0.814417 0.973953 
-1.15119 -0.105131 0.342054 -1.00141 -1.04979 1.10076 
-0.892476 0.44888 -0.488233 -1.06434 -0.68658 1.23584 
-1.15316 -0.146473 0.159574 1.81116 0.886135 -1.70947 
-0.89311 0.458786 -0.619745 1.65128 0.600487 4.76297 
-1.14985 -0.129318 -0.0761725 -1.76834 -0.812885 -4.42857 
-0.889432 0.494416 -0.791049 -2.03144 -0.601878 2.1128 
-1.66058 -0.310995 -0.2766 1.31607 1.51075 -0.983591 
-0.893091 0.600371 -1.07276 0.821958 0.878355 -0.749594 
-0.986307 0.287597 0.407168 -0.454215 -1.50781 0.597695 
-0.834528 0.572992 -0.424907 -0.428066 -0.953908 0.708573 
-1.28964 -0.0373453 0.901411 -0.752605 -1.66106 0.658493 
-0.991972 0.122472 0.350035 -0.570969 -1.21047 0.711841 
-0.838078 0.548512 -0.502543 -0.604506 -0.772158 0.843535 
-1.29889 -0.398112 0.791527 -0.933421 -1.2388 1.00797 
-0.997466 0.0154826 0.232186 -0.797009 -0.926928 0.922739 
-0.841468 0.542123 -0.610431 -0.928561 -0.602004 1.12162 
-0.999276 -0.0307368 0.0555075 -1.20414 -0.689303 1.30426 
-0.99435 -0.0151769 -0.183707 -1.87327 -0.594076 1.93099 
-0.837908 0.609067 -0.955829 0.903746 0.528554 -0.831442 
-1.8894 -0.408489 -0.346439 1.39747 1.6942 -0.860888 
-1.30355 -0.28501 -0.29983 1.02521 1.20834 -0.853664 
-0.999286 0.0876306 -0.524551 0.854225 0.907027 -0.81063 
-0.842176 0.818411 -1.42562 0.611821 0.942932 -0.54046 
-0.855582 0.423315 0.234051 -0.253952 -1.50449 0.503089 
-0.785525 0.678965 -0.572841 -0.25398 -0.954293 0.581238 
-0.98465 0.126445 0.742267 -0.408877 -1.60857 0.493882 
-0.860085 0.269674 0.187211 -0.340827 -1.18958 0.552864 
-0.788673 0.655781 -0.649776 -0.391232 -0.743028 0.668227 
-0.9926 -0.206073 0.657667 -0.567474 -1.08548 0.68581 
-0.865189 0.164297 0.0818227 -0.526318 -0.847953 0.69088 
-0.792218 0.650109 -0.758151 -0.700915 -0.514255 0.918533 
-0.995655 -0.344743 0.428183 -1.00518 -0.642021 1.11277 
-0.866483 0.114828 -0.0901137 -0.962973 -0.501816 1.07102 
-0.792871 0.675196 -0.92146 -1.49892 -0.336194 1.64428 
-0.988643 -0.321547 0.0811706 1.11426 0.507114 -1.05889 
-0.860624 0.132599 -0.338495 1.02216 0.380101 -0.988505 
-0.788129 0.766885 -1.19914 0.550168 0.495572 -0.495358 
-1.26366 -0.415608 -0.349072 0.833778 1.2638 -0.643458 
-0.995652 -0.14804 -0.414788 0.657901 0.97332 -0.622281 
-0.866481 0.251913 -0.718569 0.564664 0.830016 -0.574972 
-0.745871 0.580247 0.0135591 -0.0501639 -1.52181 0.409348 
-0.738833 0.80751 -0.762415 -0.0554697 -0.973485 0.432441 
-0.759417 0.339922 0.484152 -0.090288 -1.61496 0.356432 
-0.748111 0.43959 -0.0231554 -0.087974 -1.20809 0.383624 
-0.740606 0.788214 -0.842132 -0.114245 -0.739272 0.431543 
-0.78448 -0.175119 0.883138 -0.16067 -1.30664 0.332523 
-0.763422 0.0544022 0.425611 -0.156301 -1.07874 0.352442 
-0.751166 0.337983 -0.118387 -0.174766 -0.819939 0.391106 
-0.743106 0.787754 -0.958814 -0.287287 -0.436817 0.528033 
-0.785158 -0.502763 0.641257 -0.354082 -0.483116 0.470067 
-0.763758 -0.0936832 0.226637 -0.315868 -0.470857 0.430328 
-0.75131 0.288949 -0.285727 -0.392403 -0.344811 0.514441 
-0.743163 0.83924 -1.17216 -1.70385 -0.122384 1.84528 
-0.774965 -0.467447 0.181122 0.245752 0.294693 -0.235552 
-0.756159 -0.0870183 -0.114845 0.253607 0.208346 -0.248347 
-0.745249 0.318627 -0.558215 0.172142 0.242644 -0.167231 
-0.784769 -0.196522 -0.5056 0.189016 1.02859 -0.252177 
-0.763738 0.0905411 -0.653884 0.182754 0.889129 -0.262991 
-0.751312 0.490329 -1.04116 0.169589 0.875037 -0.252737 
-0.707497 0.394408 0.0528321 0.028885 -1.4337 0.375084 
-0.721419 0.81826 -1.07805 0.0314085 -0.726574 0.367202 
-0.685626 0.155047 0.589266 0.0363741 -1.62845 0.322041 
-0.707942 0.294015 -0.0389344 0.0243248 -1.13875 0.327069 
-0.721858 0.927778 -1.37277 0.03113 -0.438554 0.319839 
-0.686601 -0.103338 0.483956 0.026861 -1.12242 0.256468 
-0.708969 0.238878 -0.185651 0.0108028 -0.794681 0.275654 
-0.645178 -0.685881 0.765379 0.0839018 -0.624364 0.105093 
-0.687658 -0.210374 0.251338 0.0233783 -0.583349 0.175796 
-0.709966 0.237842 -0.402451 -0.0169184 -0.377665 0.22255 
-0.684886 -0.17459 -0.108394 1.53493 -0.0421075 -1.43851 
-0.708036 0.319254 -0.738629 -0.152414 0.1373 -6.0293 
-0.632295 -0.361519 -0.344296 -0.227093 0.718669 0.172212 
-0.679511 0.0214665 -0.661976 -0.168941 0.647386 0.135243 
-0.583753 0.248321 0.233496 0.218886 -1.42017 0.166138 
-0.67085 0.672392 -0.858006 0.241854 -0.750375 0.0920347 
-0.422028 -0.0477701 0.794601 0.344355 -1.61055 0.0530826 
-0.58211 0.139852 0.136113 0.265059 -1.1202 0.0464683 
-0.670003 0.711475 -1.02818 0.358685 -0.527898 -0.0829639 
-0.417599 -0.333126 0.664448 0.439976 -1.09589 -0.200057 
-0.580148 0.0796217 -0.0133144 0.376247 -0.789618 -0.149113 
-0.668987 0.832948 -1.34518 0.887047 -0.25231 -0.690614 
-0.0518133 -0.938411 0.866075 1.02919 -0.916393 -1.04506 
-0.411806 -0.419818 0.402533 0.779131 -0.663571 -0.671717 
-0.577234 0.0807036 -0.232396 0.751398 -0.452492 -0.622726 
-0.573516 0.152464 -0.543241 1.91804 -0.377067 -1.91048 
-0.0332228 -0.486602 -0.274046 -1.0866 1.11588 0.695957 
-0.402177 -0.159177 -0.493742 -0.790068 0.826926 0.59955 
-0.571553 0.364614 -1.07159 -0.55223 0.787104 0.410258 
-0.439548 0.129624 0.366776 0.404427 -1.44458 -0.0324704 
-0.617777 0.564476 -0.704809 0.416469 -0.790537 -0.130551 
-0.0897386 -0.157935 0.885962 0.660059 -1.70223 -0.224614 
-0.436388 0.017267 0.261505 0.484979 -1.1634 -0.208748 
-0.616176 0.589876 -0.851185 0.581835 -0.605745 -0.358129 
-0.0818032 -0.445903 0.736705 0.782649 -1.28068 -0.607762 
-0.432571 -0.0385194 0.102113 0.659698 -0.882649 -0.482433 
-0.614215 0.650993 -1.05931 0.989333 -0.423531 -0.846263 
-0.0728075 -0.510867 0.457605 1.09164 -1.01117 -1.09743 
-0.428 -0.035669 -0.117603 1.0531 -0.652965 -0.987018 
-0.423638 0.0347197 -0.418054 1.7216 -0.626773 4.49587 
0.561594 -0.366711 -0.34105 -1.60914 1.61554 0.862157 
-0.0618054 -0.227417 -0.43863 -1.19788 1.13665 0.821601 
-0.421755 0.209344 -0.871445 -0.886792 0.889558 0.65758 
-0.276649 0.0437117 0.455059 0.573101 -1.50903 -0.215356 
-0.56232 0.477429 -0.587047 0.549566 -0.845733 -0.301067 
0.255059 -0.117657 0.846889 0.928515 -1.90265 -0.433845 
-0.27262 -0.0694782 0.342728 0.663666 -1.25918 -0.425683 
-0.560358 0.496496 -0.722117 0.720765 -0.691816 -0.53576 
0.263359 -0.392354 0.698236 0.974724 -1.59578 -0.850054 
-0.267866 -0.121402 0.176896 0.841193 -1.03174 -0.717756 
-0.558028 0.543547 -0.904111 1.05508 -0.553464 -0.950469 
0.272467 -0.457462 0.422585 1.15583 -1.40689 -1.26994 
-0.5552 0.649199 -1.18826 -1.47675 0.527278 1.47081 
0.901981 -0.28701 0.0791285 -1.90748 1.97367 -4.90199 
0.279736 -0.380802 0.0436726 -1.7316 1.36236 -4.87589 
-0.257435 -0.0420164 -0.342129 1.61169 -0.858601 4.53154 
0.282659 -0.180779 -0.475787 -1.48596 1.46128 0.909576 
-0.255336 0.120562 -0.768127 -1.11982 1.04803 0.800665 
-1.13411 0.0221558 0.471823 -0.581689 -1.43296 0.825555 
-0.882472 0.477297 -0.591672 -0.59799 -0.789242 0.96595 
-1.63873 -0.216724 0.920126 -0.952097 -1.80441 0.964438 
-1.13997 -0.0883894 0.353739 -0.711633 -1.18816 0.981565 
-0.885691 0.499256 -0.732641 -0.834654 -0.651534 1.18363 
-1.1459 -0.135693 0.182244 -0.931065 -0.990686 1.21325 
-0.889268 0.55293 -0.925732 -1.23314 -0.563703 1.56662 
-1.15119 -0.122823 -0.044838 -1.26086 -0.874176 1.54768 
-1.15316 -0.0515989 -0.33763 -1.67403 -0.857777 -4.32423 
-2.34091 -0.207586 -0.454057 1.83346 1.89321 -0.866323 
-0.981647 0.148703 0.343452 -0.396109 -1.41048 0.689757 
-0.831511 0.582841 -0.731553 -0.434277 -0.763207 0.822865 
-1.28009 -0.159352 0.883818 -0.645126 -1.6495 0.771901 
-0.986372 0.0386565 0.23699 -0.504288 -1.13465 0.796042 
-0.83433 0.615352 -0.891281 -0.657721 -0.587083 1.02211 
-1.2896 -0.442112 0.731065 -0.801524 -1.24517 1.06172 
-0.991977 -0.013867 0.0748908 -0.716646 -0.878793 0.996453 
-0.837937 0.692072 -1.12653 -1.14885 -0.449819 1.49248 
-1.87978 -0.828741 0.817341 -1.16522 -1.55129 1.64231 
-0.997476 -0.00786864 -0.147461 2.02387 0.68863 -1.76197 
-1.89203 -0.437693 -0.299375 1.49712 1.48993 -0.830815 
-1.29933 -0.233016 -0.434314 1.08855 1.03879 -0.769661 
-0.994343 0.233093 -0.900447 0.796011 0.844749 -0.595916 
-0.852315 0.298984 0.171505 -0.21121 -1.4197 0.565081 
-0.783257 0.716931 -0.923819 -0.249057 -0.743869 0.660828 
-0.977541 0.0262479 0.722451 -0.333525 -1.61877 0.565706 
-0.855717 0.194558 0.0761861 -0.280709 -1.13138 0.608051 
-0.785463 0.773728 -1.12534 -0.425024 -0.520328 0.806499 
-0.984682 -0.245703 0.599001 -0.452939 -1.13834 0.711452 
-0.860155 0.139693 -0.0769269 -0.436658 -0.823838 0.728848 
-1.25598 -0.84063 0.830483 -0.956469 -0.926673 1.28537 
-0.992603 -0.337612 0.346078 -0.78693 -0.735569 1.03615 
-0.865106 0.141382 -0.296752 -0.839413 -0.530778 1.08926 
-0.866482 0.21498 -0.613767 1.30002 0.422364 -1.10429 
-1.25659 -0.449701 -0.29287 0.912799 0.982605 -0.622301 
-0.988582 -0.0984459 -0.546721 0.677951 0.768202 -0.524925 
-0.86062 0.45667 -1.20256 0.458153 0.800264 -0.330864 
-0.744782 0.470758 -0.0483492 -0.0331075 -1.44946 0.452486 
-0.737862 0.927135 -1.25426 -0.045447 -0.700186 0.477352 
-0.75655 0.261779 0.461876 -0.0566903 -1.65193 0.410849 
-0.745884 0.375777 -0.139526 -0.0545511 -1.16474 0.428463 
-0.778786 -0.134172 0.871049 -0.103816 -1.5295 0.37887 
-0.759379 0.0226651 0.366439 -0.0974647 -1.18183 0.397465 
-0.748076 0.324511 -0.286526 -0.111383 -0.831445 0.427557 
-0.784409 -0.475998 0.651432 -0.220657 -0.783035 0.447677 
-0.763438 -0.0862114 0.145864 -0.224057 -0.665498 0.455502 
-0.751164 0.327607 -0.508099 -0.309617 -0.430368 0.554152 
-0.785157 -0.471014 0.218146 -1.18805 -0.173987 1.33641 
-0.763766 -0.0594523 -0.209153 1.90217 0.14969 -1.75871 
-0.75131 0.422264 -0.870669 0.78341 0.184138 -0.63187 
-0.774827 -0.233344 -0.433859 0.114493 0.669872 -0.0900712 
-0.756137 0.1457 -0.796131 0.0862741 0.651869 -0.0689105 
-0.707385 0.317289 -0.056557 0.0308907 -1.32485 0.405827 
-0.685128 0.0761805 0.556117 0.041051 -1.61938 0.362338 
-0.707476 0.266066 -0.201015 0.0329706 -1.05169 0.362649 
-0.685491 -0.129355 0.412777 0.0394972 -1.16776 0.304389 
-0.707942 0.264698 -0.406491 0.0326853 -0.742024 0.313161 
-0.644409 -0.660764 0.770122 0.0733771 -0.854306 0.190452 
-0.686615 -0.193798 0.154633 0.0374393 -0.702843 0.239547 
-0.708969 0.328596 -0.703954 0.0213809 -0.36613 0.263278 
-0.64508 -0.622119 0.327977 0.197988 -0.253535 -0.0185032 
-0.687656 -0.131129 -0.224718 0.0695877 -0.186702 0.126927 
-0.709966 0.571802 -1.30268 0.0314446 0.188711 0.175968 
-0.640378 -0.383443 -0.291257 -0.2223 0.398865 0.289247 
-0.684874 0.102776 -0.838417 -0.0974468 0.453487 0.183878 
-0.585255 0.162584 0.123572 0.203843 -1.30549 0.176828 
-0.425673 -0.14057 0.759079 0.30824 -1.58707 0.0713872 
-0.583696 0.104153 -0.0207924 0.252306 -1.03243 0.0677616 
-0.421979 -0.358651 0.590585 0.382262 -1.12789 -0.13219 
-0.582048 0.0992046 -0.223057 0.357076 -0.738745 -0.105365 
-0.0655237 -0.926555 0.879154 0.792299 -0.98921 -0.783947 
-0.417524 -0.402033 0.308171 0.607338 -0.725104 -0.468504 
-0.580115 0.155342 -0.503011 0.683177 -0.427066 -0.514533 
-0.411809 -0.314323 -0.0834123 1.31222 -0.464221 -1.29379 
-0.577236 0.311264 -0.9381 1.97344 -0.330404 4.36532 
-0.0382442 -0.509309 -0.22762 -1.27805 0.918332 0.940847 
-0.405366 -0.0853172 -0.655156 -0.902515 0.679165 0.761032 
-0.442317 0.0372231 0.254652 0.377684 -1.32202 -0.0510957 
-0.0965108 -0.260915 0.850589 0.586464 -1.66589 -0.246102 
-0.439552 -0.018864 0.101701 0.461698 -1.0681 -0.213917 
-0.0897741 -0.472169 0.661985 0.687898 -1.2773 -0.559315 
-0.436387 -0.0216167 -0.103599 0.626713 -0.818016 -0.462555 
0.535151 -0.724601 0.789881 0.967087 -1.61641 -1.16682 
-0.0817675 -0.493347 0.362733 0.930841 -1.00163 -0.957221 
-0.432562 0.0324621 -0.375396 0.990547 -0.601143 -0.924018 
-0.280214 -0.0532664 0.340552 0.535935 -1.3818 -0.267364 
-0.564059 0.659037 -1.16009 0.733452 -0.573366 -0.537878 
0.247909 -0.22178 0.815809 0.816288 -1.86892 -0.499798 
-0.276669 -0.10688 0.181528 0.632121 -1.15767 -0.461387 
0.255253 -0.425455 0.628224 0.859151 -1.56808 -0.84779 
-0.272638 -0.105264 -0.0277414 0.801484 -0.954841 -0.728552 
-0.267867 -0.0479895 -0.298522 1.10002 -0.800658 -1.13619 
0.896406 -0.296786 0.107204 -2.09346 1.89992 -4.82265 
0.279744 -0.107585 -0.63832 -1.63439 1.31587 0.989805 
-1.12966 -0.0734698 0.356313 -0.532968 -1.31061 0.935751 
-0.879749 0.664399 -1.17259 -0.794796 -0.52391 1.28471 
-1.63005 -0.326165 0.887847 -0.828285 -1.76237 1.10677 
-1.13448 -0.125153 0.193361 -0.663687 -1.08512 1.08542 
-1.13997 -0.120278 -0.020562 2.25864 0.901245 -1.82469 
-1.15119 0.0794003 -0.677895 -1.64647 -0.821978 -4.1616 
-1.66055 0.933606 -2.55068 -1.77223 -1.40286 3.2129 
-0.977869 0.0580797 0.232142 -0.356024 -1.29203 0.768103 
-1.27175 -0.262314 0.84972 -0.557087 -1.60907 0.867434 
-0.981654 0.00247044 0.0788971 -0.458745 -1.03557 0.86985 
-1.28008 -0.470935 0.658625 -0.691044 -1.22413 1.10495 
-0.986372 0.00122187 -0.128793 -0.660209 -0.795414 1.06486 
-1.86788 -0.832112 0.835196 -0.999355 -1.53043 1.64471 
-1.28964 -0.488461 0.356587 -0.965679 -0.974984 1.42428 
-1.29913 -0.381667 -0.0423961 1.7635 0.885031 -1.27568 
-1.88923 -0.448632 -0.263044 -1.42896 -1.41271 2.30525 
-1.30355 -0.150309 -0.602574 1.28729 0.983098 -0.761599 
-0.849983 0.216203 0.0625915 -0.18362 -1.30781 0.617846 
-0.9722 -0.0621788 0.689438 -0.277874 -1.59644 0.626538 
-0.852416 0.161816 -0.0828272 -0.243042 -1.038 0.658197 
-0.977557 -0.274437 0.528473 -0.365917 -1.15288 0.7366 
-0.855668 0.158568 -0.287225 -0.375764 -0.752248 0.766423 
-1.24122 -0.830818 0.842727 -0.724778 -0.994007 1.16814 
-0.984682 -0.32366 0.252265 -0.607786 -0.769483 0.973605 
-0.860086 0.21799 -0.574454 -0.753502 -0.470676 1.11806 
-1.26368 -0.464404 -0.248356 -1.89989 -0.841941 2.36674 
-0.995658 -0.0167277 -0.717717 0.945644 0.672953 -6.89634 
-0.744097 0.39845 -0.158766 -0.0244198 -1.34111 0.487553 
-0.755303 0.190581 0.431173 -0.0382489 -1.64908 0.454572 
-0.744697 0.35171 -0.304867 -0.0373417 -1.07412 0.466247 
-0.774744 -0.105571 0.859523 -0.0676311 -1.68301 0.422873 
-0.75653 -0.0037329 0.297241 -0.0600984 -1.22248 0.435965 
-0.745878 0.355744 -0.51679 -0.0721528 -0.7682 0.458832 
-0.778675 -0.45066 0.652232 -0.123563 -0.997459 0.441463 
-0.759415 -0.0714832 0.0487242 -0.12941 -0.772491 0.453354 
-0.748078 0.432936 -0.837322 -0.215322 -0.394203 0.551589 
-0.784406 -0.462801 0.240224 -0.405336 -0.402307 0.666058 
-0.763428 -0.0142597 -0.329977 -0.510402 -0.283976 0.771272 
-0.785162 -0.253964 -0.376331 0.489717 0.349722 -0.310548 
-0.763764 0.243357 -1.00115 0.322628 0.460804 -0.144006 
-2.48456 -0.294371 -0.433141 2.05961 1.8525 -0.701723 
-1.67303 -0.261513 -0.579408 1.46862 1.27575 -0.706663 
-1.11675 0.538264 -1.69876 0.832907 1.12658 -0.274296 
1.40782 -0.868287 -0.745898 -1.94698 1.40709 0.000565266 
-0.999035 0.0368485 -0.975237 0.602332 0.870669 -0.303913 
-2.18084 -0.73714 -0.443045 1.56601 1.40998 -0.343494 
-0.82695 -0.153421 -0.800861 0.205139 0.816333 -0.0675159 
-1.35854 -0.858586 -0.595432 0.590666 1.32432 -0.00434941 
-0.570504 -0.280609 -0.711187 -0.276566 0.858412 0.213383 
-1.98714 -0.548765 -0.29091 1.66393 1.41364 -0.700427 
-1.25228 -0.23773 -0.592342 1.06981 0.934299 -0.604029 
-1.00906 -0.498381 -0.45123 0.496627 0.834259 -0.229052 
-0.818551 0.221352 -1.18926 0.239697 0.811859 -0.0809132 
-0.280892 -0.641588 -0.423107 -0.606668 0.972844 0.351074 
-0.641154 0.0150501 -0.949173 -0.19532 0.778717 0.184706 
-2.40589 -0.87239 -0.691869 -1.61861 -1.40685 3.21254 
-0.413502 -0.100432 -0.841737 -0.628269 0.864578 0.435399 
-1.14901 -0.561163 -0.280942 0.850769 0.792537 -0.475238 
-0.90923 -0.0924275 -0.704926 0.567035 0.65202 -0.331643 
-0.595678 -0.311741 -0.54018 -0.282527 0.677796 0.266127 
1.02849 -0.605788 -0.271234 -1.96973 1.65895 -5.55227 
-0.113039 -0.40419 -0.48937 -1.02962 0.963228 0.666267 
-0.511312 0.29781 -1.29071 -0.523559 0.868464 0.369704 
0.401811 -0.354327 -0.516538 -1.56445 1.33066 0.812252 
-0.317231 0.1523 -1.10059 -0.885413 0.943971 0.575205 
-0.617428 -0.317204 -0.403738 -0.282154 0.484327 0.31702 
-0.67181 0.181171 -0.985487 -0.146686 0.557668 0.204345 
-0.0346657 -0.436457 -0.337402 1.89909 -0.963047 -2.2675 
-0.39559 -0.0171026 -0.775835 -0.86177 0.750363 0.685361 
0.540989 -0.318741 -0.41036 -1.74641 1.47221 0.963015 
-0.0621656 -0.0874286 -0.711896 -1.29267 1.0438 0.869641 
0.274929 -0.0387882 -0.757629 -1.60653 1.33544 0.917647 
-0.6853 0.301712 0.568433 0.0422403 -1.99506 0.439581 
-0.707457 0.283448 -0.214726 0.0311259 -1.19346 0.430721 
-0.685092 0.00840987 0.512253 0.0407971 -1.58536 0.39444 
-0.707381 0.284657 -0.419693 0.0373945 -0.9293 0.390966 
-0.685066 -0.146934 0.332307 0.0444639 -1.17277 0.343056 
-0.707476 0.349473 -0.71227 0.048921 -0.624163 0.33933 
-0.643311 -0.638037 0.768884 0.0741132 -1.01776 0.248227 
-0.685498 -0.170273 0.0447233 0.0527876 -0.7592 0.281584 
-0.707942 0.571416 -1.26518 0.11555 -0.191019 0.223821 
-0.6443 -0.611909 0.340607 0.121458 -0.474499 0.131345 
-0.686609 -0.0730236 -0.367511 0.0814875 -0.301932 0.190306 
-0.64508 -0.39264 -0.253164 -0.448287 0.11403 6.90225 
-0.687659 0.241324 -1.1116 -0.040618 0.32749 0.233833 
-0.431629 0.129247 0.781285 0.275981 -2.00218 0.236388 
-0.586634 0.123049 -0.0325612 0.193816 -1.17373 0.183573 
-0.428847 -0.216759 0.710789 0.277361 -1.54163 0.0847449 
-0.585249 0.116438 -0.229183 0.247874 -0.916384 0.0781416 
-0.42559 -0.371807 0.505747 0.3426 -1.12695 -0.0859123 
-0.583753 0.170922 -0.500784 0.368851 -0.637808 -0.101602 
-0.0769809 -0.913013 0.885567 0.63926 -1.07029 -0.610838 
-0.421919 -0.374012 0.198886 0.513147 -0.759168 -0.349734 
-0.58211 0.311109 -0.902648 0.797959 -0.335205 -0.605121 
-0.0656733 -0.79331 0.417071 1.00446 -0.781909 -1.11556 
-0.417597 -0.258625 -0.216568 1.03126 -0.457217 -0.970369 
-0.444873 -0.00603672 0.0985072 0.360684 -1.18741 -0.0693639 
-0.102285 -0.342436 0.800632 0.526404 -1.6094 -0.264352 
-0.442317 -0.00830036 -0.103665 0.454393 -0.951541 -0.23 
-0.0965211 -0.484676 0.576511 0.618637 -1.25299 -0.528139 
-0.439551 0.0423059 -0.365733 0.634566 -0.718731 -0.484554 
0.523092 -0.722131 0.80006 0.836195 -1.62673 -1.07504 
-0.0898052 -0.466099 0.255385 0.81884 -0.98331 -0.861583 
-0.436383 0.165639 -0.730772 1.05262 -0.514987 -0.993777 
-0.0727738 -0.0580729 -0.795288 1.71415 -0.863052 -2.09062 
-0.283422 -0.0961579 0.181234 0.513789 -1.2454 -0.313369 
0.241706 -0.305468 0.769804 0.724588 -1.81042 -0.555559 
-0.280212 -0.0961666 -0.0232916 0.620858 -1.03939 -0.503863 
0.24794 -0.444187 0.546668 0.771755 -1.52073 -0.851314 
-0.276676 -0.0430549 -0.28441 0.802525 -0.851948 -0.773734 
0.255017 -0.426192 0.22583 0.90072 -1.30878 -1.16049 
-0.272623 0.0760848 -0.635174 -2.01348 0.7063 1.93762 
-0.267866 0.385679 -1.30722 1.73421 -0.705414 4.30254 
-1.12557 -0.114666 0.196192 -0.502416 -1.1801 1.03029 
-1.62205 -0.410688 0.839131 -0.727639 -1.70039 1.22307 
-1.12969 -0.114417 -0.009724 -0.638211 -0.96939 1.18276 
-1.14587 0.38492 -1.31902 1.31196 0.76784 -6.92301 
-1.6555 -0.0684545 -0.798298 1.67005 1.19599 -0.708539 
-0.974829 0.0169409 0.0751872 -0.331215 -1.16139 0.836334 
-1.26415 -0.344398 0.801131 -0.487946 -1.55305 0.945158 
-0.977869 0.0132797 -0.12608 -0.435086 -0.919097 0.940915 
-1.27188 -0.484987 0.575655 -0.604343 -1.19133 1.14247 
-0.981654 0.0647967 -0.390874 -0.645354 -0.685824 1.15074 
-1.8539 -0.835209 0.847589 2.27892 1.51016 -1.49955 
-1.28008 -0.463952 0.251436 -0.842041 -0.933179 1.41913 
-0.96525 0.190718 0.708866 -0.22822 -1.9964 0.609533 
-0.848433 0.178315 -0.0924085 -0.167012 -1.17862 0.663818 
-0.968272 -0.135659 0.643575 -0.237668 -1.55456 0.677492 
-0.850107 0.175233 -0.293168 -0.223717 -0.919005 0.706852 
-0.972921 -0.29069 0.448161 -0.306214 -1.14558 0.764579 
-0.85243 0.23009 -0.567449 -0.35495 -0.638969 0.822043 
-1.22802 -0.8196 0.849204 -0.564009 -1.06367 1.09684 
-0.977557 -0.300872 0.145625 -0.48441 -0.778507 0.940792 
-0.855592 0.390009 -1.00676 -0.852098 -0.339191 1.30878 
-1.24122 -0.730068 0.391642 2.19726 0.756035 -1.63529 
-0.984682 -0.190707 -0.270001 -0.998757 -0.492188 1.45009 
-0.992708 0.0968362 -0.94545 1.08724 0.56722 -0.617283 
-0.753659 0.3944 0.440113 -0.0248562 -1.9936 0.508419 
-0.743742 0.368887 -0.320158 -0.0200084 -1.20781 0.516636 
-0.754259 0.127262 0.389288 -0.0283656 -1.61814 0.489729 
-0.74408 0.37624 -0.53298 -0.0293412 -0.944823 0.49918 
-0.772541 -0.0855178 0.849859 -0.0480487 -1.79204 0.462286 
-0.75498 -0.0223252 0.218701 -0.0405589 -1.22393 0.471041 
-0.744701 0.455753 -0.851081 -0.0556107 -0.632391 0.493355 
-0.774585 -0.430278 0.648999 -0.0737574 -1.14904 0.460163 
-0.756547 -0.0498503 -0.062208 -0.077463 -0.817834 0.468469 
-0.778672 -0.45077 0.249575 -0.184638 -0.599157 0.527216 
-0.759398 0.0458939 -0.480923 -0.253618 -0.366665 0.597817 
-0.784408 -0.260345 -0.339065 -1.59687 -0.15507 1.88719 
-0.763442 0.494363 -1.4775 0.349684 0.411952 6.23884 
-2.47704 -0.308346 -0.400262 2.19093 1.75525 -6.93696 
-1.66849 -0.151228 -0.792815 1.57251 1.17339 -0.611017 
-3.04557 -0.474081 -0.303845 2.52214 1.92025 -0.367249 
-1.72761 -0.43285 -0.632495 1.41112 1.12876 5.83936 
0.997466 -0.698063 -0.714619 -1.69836 1.2818 -6.01474 
1.78083 -0.551268 -0.615612 -2.57388 1.60288 0.347049 
-1.2504 -0.129111 -0.801661 1.18274 0.843215 -0.556408 
0.255784 -1.00246 -0.347338 -0.94506 1.08238 0.302161 
-1.0115 -0.39375 -0.638099 0.573451 0.738191 -0.188921 
-0.298087 -0.533355 -0.607227 -0.586967 0.856458 0.383793 
-2.41848 -0.722956 -0.921885 1.52601 1.23693 -6.04815 
-0.910356 0.0252916 -0.934531 0.698125 0.550093 -6.61369 
-0.601373 -0.209723 -0.7343 -0.256041 0.556022 0.320168 
-2.124 -1.04218 -0.529893 1.23108 1.19569 -6.10052 
-0.122601 -0.30436 -0.677686 2.0689 -0.828218 -2.4083 
0.392648 -0.25616 -0.70865 -1.63958 1.16832 0.854359 
-0.623502 -0.330142 -0.359968 -0.448894 0.189013 -5.69 
-0.675529 0.409348 -1.41922 -0.0768373 0.493198 0.244793 
-0.401786 0.106707 -1.02201 -0.909553 0.61765 0.787988 
-0.0694778 0.0256418 -0.939899 -1.37164 0.899801 0.952593 
-0.670377 1.09251 0.701994 -0.150338 -1.79209 -0.033471 
-0.629875 1.06019 0.443314 -0.106339 -1.50388 0.00713725 
-0.606895 1.13136 0.114427 -0.0876887 -1.24695 0.027968 
-0.592079 1.28705 -0.303508 -0.0819924 -0.985093 0.0453945 
-0.646527 0.568712 0.653969 -0.360665 -0.886533 0.064942 
-0.619746 0.85315 0.252094 -0.365679 -0.773461 0.108982 
-0.602317 1.14592 -0.220335 -0.4236 -0.603398 0.20293 
-0.615021 0.609324 0.310645 -0.62222 -0.327842 0.328316 
-0.598919 1.03095 -0.178036 -0.716648 -0.267759 0.440112 
-0.671426 -0.654313 0.613075 0.198895 0.898249 -0.49527 
-0.632098 -0.147347 0.573901 0.310601 0.434226 -0.623892 
-0.609271 0.41223 0.303226 0.740058 0.169289 -1.05637 
-0.594378 0.934823 -0.15826 -2.11558 -0.121587 1.80656 
-0.66496 -0.518575 0.11696 0.106605 1.38017 -0.429888 
-0.627728 -0.243506 0.33345 0.108146 0.887506 -0.447078 
-0.606013 0.266622 0.240086 0.158194 0.471244 -0.501813 
-0.591773 0.851441 -0.152859 3.37287 -0.280908 -3.71294 
-0.660138 -0.214129 -0.574342 0.0802003 1.85914 -0.416731 
-0.625465 -0.208736 -0.00233465 0.0630418 1.28115 -0.42703 
-0.604348 0.173224 0.127111 0.0722626 0.769479 -0.442409 
-0.590479 0.777693 -0.158861 0.0998556 0.451061 -0.468195 
-0.315655 1.06097 0.57714 0.466985 -1.63226 0.0302764 
-0.444605 1.09681 0.237566 0.345354 -1.34787 -0.0793758 
-0.518864 1.2521 -0.219015 0.302857 -1.05334 -0.153341 
-0.323534 0.511118 0.818319 0.44785 -1.06729 -0.216954 
-0.450094 0.80533 0.386247 0.338019 -0.92539 -0.237193 
-0.5234 1.11192 -0.131458 0.30466 -0.714236 -0.283731 
-0.331146 -0.0382906 0.880371 0.890503 -0.411251 -0.852183 
-0.454665 0.534094 0.456477 0.472346 -0.480438 -0.498534 
-0.52619 0.991131 -0.0827696 0.407861 -0.388238 -0.491657 
-0.0915332 -0.910299 0.732722 -0.512495 1.08357 0.423157 
-0.334971 -0.3577 0.746646 -0.648204 0.475644 0.568877 
-0.456202 0.310241 0.453356 -1.59769 0.193117 1.48788 
-0.526779 0.88842 -0.0599266 1.07361 -0.160876 -1.22736 
-0.100042 -0.705628 0.216034 -0.391702 1.48579 0.195475 
-0.337981 -0.444038 0.486007 -0.321447 0.907771 0.157524 
-0.457314 0.146151 0.389438 -0.4677 0.407545 0.293041 
-0.107405 -0.377517 -0.460828 -0.362309 1.90327 0.0213707 
-0.340753 -0.390401 0.140433 -0.236062 1.28424 0.000742339 
-0.458575 0.0417457 0.274958 -0.255282 0.706138 0.0272782 
-0.527744 0.720598 -0.0577339 -0.370193 0.357729 0.120532 
0.561636 1.09965 0.715925 1.51599 -1.58489 0.244506 
0.0476876 1.06349 0.602937 1.002 -1.62244 0.0804849 
-0.268588 1.08025 0.31027 0.691716 -1.43135 -0.11462 
-0.448079 1.22685 -0.155629 0.56117 -1.13794 -0.257762 
0.0436102 0.506939 0.849735 1.03705 -1.21652 -0.311399 
-0.271402 0.781574 0.462028 0.748212 -1.08106 -0.349043 
-0.45079 1.08843 -0.0692225 0.643129 -0.860334 -0.451809 
0.0338782 -0.0751625 0.925636 1.44665 -0.82194 -1.05884 
-0.277345 0.491776 0.542865 0.947576 -0.716194 -0.718883 
-0.453957 0.964553 -0.0154818 0.803782 -0.58828 -0.724453 
0.529482 -0.742829 0.670353 -0.90376 1.5165 1.10349 
-0.457241 0.85527 0.0139792 1.17611 -0.39 -1.1876 
0.515489 -0.599215 0.173334 -0.786312 1.7878 0.764262 
0.0144582 -0.510157 0.534156 -0.672796 1.12953 0.689662 
-0.287858 0.0630364 0.487555 -0.916437 0.551426 0.911105 
-0.459564 0.757863 0.0274027 -1.35646 0.32717 -5.0072 
0.00706359 -0.452669 0.18721 -0.53139 1.42683 0.42908 
-0.291736 -0.049618 0.371559 -0.564033 0.771182 0.478557 
0.907637 1.05932 0.453638 1.97517 -1.59357 -0.0531703 
0.385089 1.05707 0.529408 1.45323 -1.57264 0.015574 
-0.0841172 1.07427 0.340274 0.989508 -1.48458 -0.130494 
-0.378125 1.20723 -0.10466 0.746389 -1.21526 -0.311422 
0.905471 0.425858 0.712259 2.01964 -1.52735 -6.81202 
0.382191 0.543204 0.760338 1.5074 -1.32108 -0.40518 
-0.0865693 0.772317 0.493696 1.0557 -1.18588 -0.402183 
-0.380754 1.06834 -0.018637 0.841539 -0.965508 -0.522247 
-0.0925941 0.474763 0.579649 1.24676 -0.898699 -0.793567 
-0.383716 0.942757 0.0372984 0.998638 -0.729225 -0.793898 
-0.387658 0.829404 0.0713183 1.26894 -0.554693 -1.16124 
0.354789 -0.418675 0.480038 -0.833712 1.4085 1.06497 
-0.105702 0.0229425 0.535063 2.08664 -0.762674 -1.92627 
0.346809 -0.380435 0.143748 -0.724932 1.63912 0.782556 
-0.110891 -0.0967868 0.420841 -0.755316 0.919972 0.812607 
-1.67669 1.08468 0.687084 -1.49323 -1.58648 6.08282 
-1.07677 1.05704 0.491547 -0.892156 -1.55753 0.0178124 
-0.76271 1.16955 0.000252419 -0.616906 -1.23804 0.227989 
-2.32209 0.365929 0.829271 -2.25886 -1.62554 0.284668 
-1.67481 0.489407 0.941663 -1.61871 -1.39258 0.13447 
-1.08207 0.729483 0.646346 -1.03895 -1.28568 0.163042 
-0.768081 1.03648 0.0704688 -0.80471 -1.04357 0.326513 
-1.07665 0.388122 0.745699 -1.16965 -1.00409 0.410379 
-0.76473 0.906564 0.131255 -0.898504 -0.831163 0.419621 
-1.06944 0.0766916 0.767867 1.65865 0.790733 -2.31701 
-0.759785 0.784044 0.173674 -1.04884 -0.641323 0.574734 
-1.06201 -0.153651 0.710842 1.20521 0.752722 -1.79373 
-0.756067 0.676078 0.193526 -1.31385 -0.496991 0.839003 
-1.63913 -0.597815 0.284553 0.833719 1.71607 -1.34045 
-1.05534 -0.286052 0.587557 -2.29718 -0.875911 1.75265 
-1.28086 1.07862 0.665997 -1.0616 -1.65619 -0.151589 
-0.908505 1.06803 0.37792 -0.686385 -1.4741 0.0791075 
-0.712403 1.20756 -0.104929 -0.535141 -1.16018 0.231916 
-0.915836 0.762628 0.521956 -0.884888 -1.15844 0.214499 
-0.718708 1.07579 -0.0345664 -0.775559 -0.936759 0.359645 
-0.909764 0.458043 0.609803 -1.05187 -0.833686 0.450104 
-0.714548 0.94972 0.0238445 -0.906968 -0.696684 0.480274 
-0.709122 0.834967 0.0612068 -1.13482 -0.498062 0.703839 
-1.85067 -0.643877 0.201126 0.910766 1.92918 -1.35968 
-1.25229 -0.617308 0.601197 0.767424 1.21557 -1.27657 
-1.24195 -0.546275 0.248752 0.613965 1.46765 -1.06847 
-0.888913 -0.128277 0.448806 0.657872 0.762989 -1.15047 
-0.95257 1.05788 0.549895 -0.663155 -1.59995 -0.0227616 
-0.771844 1.09978 0.225801 -0.494681 -1.35401 0.115509 
-0.664923 1.25374 -0.223107 -0.430315 -1.07164 0.216017 
-0.962658 0.529937 0.770644 -0.908516 -1.11281 0.20181 
-0.781478 0.81561 0.360845 -0.766989 -0.986137 0.262143 
-0.67314 1.12086 -0.150777 -0.755788 -0.800876 0.39634 
-0.951935 0.0101977 0.834974 1.77707 0.671006 -2.33937 
-0.774148 0.548043 0.435036 -1.00091 -0.622633 0.52393 
-0.667062 0.997391 -0.0942162 -0.962355 -0.525543 0.581441 
-1.25558 -0.789272 0.686593 0.75635 1.252 -1.20813 
-0.94004 -0.310023 0.714786 0.922838 0.679272 -1.40521 
-0.661855 0.893233 -0.0661536 -1.39397 -0.337481 0.999175 
-1.24029 -0.629273 0.183778 0.581559 1.57302 -0.970309 
-0.930516 -0.407981 0.463732 0.518491 0.988595 -0.968297 
-0.759971 0.156331 0.380066 -2.40802 -0.501296 1.95756 
-1.22817 -0.317661 -0.494694 0.529344 1.95086 -0.792648 
-0.923446 -0.362305 0.122223 0.368661 1.324 -0.798339 
-0.755552 0.0509605 0.26695 0.408245 0.744222 -0.859767 
-0.654666 0.721984 -0.0582191 0.594792 0.397235 -1.02148 
-0.811996 1.06165 0.590158 -0.411517 -1.64507 -0.0323768 
-0.719073 1.07402 0.342518 -0.320944 -1.4243 0.0484902 
-0.659722 1.15721 0.0346285 -0.276789 -1.20498 0.10126 
-0.618733 1.30939 -0.355915 -0.264115 -0.970031 0.151689 
-0.828644 0.313351 0.863793 -0.782685 -0.886262 0.25721 
-0.733535 0.62079 0.533088 -0.684785 -0.843888 0.241056 
-0.671761 0.888204 0.164965 -0.670208 -0.748459 0.299907 
-0.629697 1.17175 -0.28029 -0.743393 -0.609345 0.437469 
-0.663569 0.657241 0.221331 -1.10806 -0.350163 0.729565 
-0.622688 1.05678 -0.235045 -1.19882 -0.302407 0.857764 
-0.800177 -0.459418 0.496815 0.376316 0.928142 -0.76101 
-0.71288 -0.0247161 0.457308 0.498661 0.533434 -0.894781 
-0.61677 0.962513 -0.21454 -2.23214 -0.236249 1.86669 
-0.792308 -0.364778 0.0168229 0.227978 1.40077 -0.609694 
-0.707259 -0.12174 0.227083 0.225404 0.940292 -0.629934 
-0.652014 0.334798 0.151099 0.291556 0.558823 -0.696714 
-0.787143 -0.0669902 -0.702492 0.189779 1.89761 -0.53972 
-0.703942 -0.0935842 -0.105171 0.148557 1.32276 -0.561864 
-0.649609 0.246499 0.0394529 0.162406 0.835463 -0.585325 
-0.611578 0.809857 -0.215298 0.205591 0.525733 -0.619783 
-0.646154 0.973619 0.483457 -0.285846 -1.8157 0.0973631 
-0.619498 0.940277 0.213053 -0.252234 -1.52104 0.172046 
-0.602779 1.02165 -0.15605 -0.250426 -1.23992 0.235379 
-0.629955 0.469797 0.690046 -0.115731 -1.16227 0.0461317 
-0.606891 0.661478 0.327579 -0.0993786 -0.991326 0.0545472 
-0.592079 0.884471 -0.091409 -0.0957133 -0.795355 0.0671041 
-0.646164 0.0265333 0.70053 -0.681258 -0.449295 0.462226 
-0.619862 0.424707 0.343195 -0.583162 -0.470986 0.372731 
-0.603066 0.775028 -0.0810269 -0.639431 -0.402982 0.44733 
-0.682464 -0.674769 0.639331 0.368665 0.729026 -0.590826 
-0.639685 -0.211129 0.537385 0.582008 0.385747 -0.830978 
-0.615024 0.255629 0.282293 -2.10159 -0.219325 1.84402 
-0.599 0.692765 -0.103701 -1.89305 -0.185497 1.63993 
-0.671431 -0.535655 0.136541 0.163561 1.25044 -0.422278 
-0.632097 -0.262978 0.258044 0.171357 0.855325 -0.453666 
-0.609273 0.154924 0.163228 0.225144 0.533921 -0.518128 
-0.594378 0.631462 -0.142608 0.294266 0.365378 -0.588143 
-0.663933 -0.228715 -0.556013 0.105888 1.76103 -0.388741 
-0.627729 -0.188797 -0.116821 0.0874527 1.28125 -0.40367 
-0.606001 0.112453 -0.00406338 0.0939599 0.866973 -0.421526 
-0.591781 0.584686 -0.193041 0.11563 0.58371 -0.445475 
-0.323512 0.9531 0.637045 0.408602 -1.87231 0.116961 
-0.450134 0.881961 0.352768 0.268224 -1.53064 0.0176491 
-0.523081 0.969204 -0.0597923 0.21236 -1.20645 -0.0263429 
-0.315802 0.38267 0.853186 0.488282 -1.27303 -0.155596 
-0.444607 0.591925 0.458848 0.383123 -1.0826 -0.18684 
-0.518885 0.840893 -0.00974048 0.348457 -0.861907 -0.232227 
-0.323533 -0.155596 0.879913 0.791218 -0.562423 -0.697063 
-0.450029 0.330746 0.487018 0.502314 -0.581761 -0.458853 
-0.522874 0.727126 0.0104223 0.434587 -0.48721 -0.439553 
-0.0809878 -0.934636 0.759002 -0.669951 0.933005 0.591807 
-0.331144 -0.423522 0.703817 -0.845487 0.427894 0.793692 
-0.526143 0.637143 -0.00433452 1.06958 -0.172333 -1.17452 
-0.0915436 -0.7235 0.235366 -0.459137 1.35876 0.26917 
-0.334978 -0.458602 0.406117 -0.371374 0.866731 0.22338 
-0.456149 0.0238393 0.311366 -0.443229 0.463305 0.292101 
-0.526773 0.569484 -0.0408402 -0.573598 0.262773 0.398476 
-0.100111 -0.391693 -0.443098 -0.401693 1.80465 0.0622427 
-0.337889 -0.366516 0.0261934 -0.264047 1.27447 0.0343086 
-0.457294 -0.0226896 0.141533 -0.251658 0.80059 0.0361485 
-0.527139 0.517784 -0.0898229 -0.29566 0.484778 0.0667492 
0.557209 1.14164 0.690635 1.56187 -1.82262 0.391837 
0.0436103 0.947074 0.669462 0.991156 -1.83595 0.161341 
-0.271419 0.850199 0.432483 0.643892 -1.58167 -0.054671 
-0.450116 0.933698 0.00611168 0.499966 -1.25097 -0.17354 
0.0476771 0.366624 0.886164 1.02307 -1.40103 -0.270209 
-0.26859 0.549758 0.538554 0.743644 -1.20285 -0.319517 
-0.448125 0.807709 0.0525149 0.629191 -0.962938 -0.393972 
-0.271385 0.274279 0.569508 0.968706 -0.816131 -0.721073 
-0.449485 0.693567 0.074507 0.820287 -0.672317 -0.694244 
0.544831 -0.746237 0.689371 -1.09536 1.50084 1.23616 
-0.277362 0.0642078 0.520448 -1.60405 0.563062 -4.58294 
-0.45387 0.597838 0.0661131 1.24378 -0.4357 -1.22517 
0.529495 -0.607654 0.190095 -0.918582 1.73019 0.830401 
0.0234584 -0.516941 0.449633 -0.78287 1.13318 0.762857 
-0.283174 -0.0618158 0.403059 -0.910287 0.634696 0.891831 
0.0144738 -0.423613 0.071183 -0.605167 1.43307 0.456381 
-0.287874 -0.114833 0.234706 -0.57254 0.875047 0.465204 
-0.459778 0.464728 -0.00819464 -0.704413 0.506326 0.570017 
0.905732 1.09293 0.435062 1.95724 -1.81058 0.0911406 
0.38216 0.943721 0.595363 1.43558 -1.79058 0.0988201 
-0.0865737 0.837787 0.465667 0.941532 -1.63937 -0.0897079 
-0.379891 0.907234 0.0582341 0.686271 -1.31874 -0.247725 
0.38424 0.414049 0.794459 1.46022 -1.52979 -0.360459 
-0.0841262 0.532158 0.571857 1.03496 -1.31898 -0.397316 
-0.378185 0.780697 0.103228 0.817928 -1.05977 -0.481097 
0.905633 -0.0917591 0.704326 -1.15617 1.75102 -4.1474 
0.382096 -0.0804404 0.822733 -1.48964 1.32694 2.15766 
-0.0865525 0.249691 0.60442 1.25001 -1.0159 -0.824588 
-0.379783 0.665003 0.124275 1.01379 -0.808137 -0.791039 
0.37413 -0.359892 0.671352 -1.19236 1.3119 1.54766 
-0.383565 0.565631 0.120894 1.34392 -0.612635 -1.23101 
0.364144 -0.423418 0.394373 -0.956631 1.45555 1.09879 
-0.0994973 -0.102264 0.445646 -1.05918 0.870595 1.16629 
0.354792 -0.350306 0.0262981 -0.824828 1.67063 0.781485 
-0.105705 -0.160272 0.280123 -0.773687 1.03568 0.77191 
-0.391054 0.422302 0.0558717 -0.946782 0.595072 0.895847 
-1.67478 0.94965 0.753331 -1.61663 -1.74917 6.15638 
-1.08195 0.790806 0.620403 -0.980941 -1.66612 0.142315 
-0.768046 0.858211 0.154229 -0.698353 -1.31925 0.361293 
-2.33089 0.394344 0.831896 -2.11958 -1.75599 0.292106 
-1.07682 0.439876 0.746996 -0.928773 -1.33352 0.304757 
-0.762196 0.724846 0.207841 -0.681527 -1.04844 0.385007 
-1.08177 0.115681 0.773942 -1.22371 -1.07419 0.638384 
-0.767976 0.612113 0.21938 -0.955743 -0.866996 0.5865 
-1.07663 -0.135912 0.727443 -1.56397 -0.889549 1.0684 
-0.764727 0.507507 0.220189 -1.18845 -0.672504 0.81297 
-1.64913 -0.556491 0.16537 0.954016 1.74767 -1.26195 
-0.75607 0.347147 0.166068 -1.96738 -0.523531 1.57985 
-1.88543 1.14851 0.708936 -1.83695 -1.72463 6.0112 
-1.28517 0.951522 0.726384 -1.20775 -1.83261 -0.0912178 
-0.915838 0.829283 0.493575 -0.789266 -1.62033 0.190979 
-0.718675 0.913902 0.0443293 -0.627353 -1.29013 0.364751 
-0.908439 0.509823 0.61449 -0.733686 -1.22912 0.293389 
-0.711755 0.781575 0.101401 -0.599679 -0.974823 0.366529 
-0.915915 0.225998 0.63492 -1.09669 -0.922435 0.625552 
-0.718638 0.673034 0.110667 -0.947475 -0.767905 0.619224 
-0.714538 0.574398 0.10815 -1.26642 -0.55728 0.920782 
-1.86373 -0.646595 0.215434 1.05717 1.91199 -1.32005 
-1.26386 -0.612916 0.510424 0.893091 1.25257 -1.25894 
-0.901849 -0.133915 0.475193 1.04658 0.703204 -1.44603 
-0.709458 0.493681 0.0854076 -1.75946 -0.456683 1.40036 
-1.25229 -0.510631 0.130579 0.712305 1.48634 -1.02646 
-0.894758 -0.192163 0.307869 0.679925 0.880384 -1.06873 
-0.962657 0.952767 0.59613 -0.823401 -1.83857 0.0359184 
-0.781156 0.88983 0.328528 -0.616302 -1.56812 0.228878 
-0.672594 0.976815 -0.0762959 -0.540689 -1.27273 0.359126 
-0.952371 0.399828 0.819778 -0.692572 -1.29668 0.222287 
-0.771804 0.598532 0.446215 -0.544107 -1.10975 0.263051 
-0.664633 0.843386 -0.014477 -0.490268 -0.890828 0.323774 
-0.962657 -0.0968025 0.829103 1.88121 0.837276 -2.33164 
-0.78148 0.349557 0.460535 -1.01061 -0.750963 0.634376 
-0.673112 0.737799 -0.00842995 -0.964414 -0.64255 0.672667 
-0.77415 0.157504 0.410964 1.4908 0.514198 -1.8579 
-0.667784 0.64636 -0.0172151 -1.46971 -0.427317 1.14797 
-1.2556 -0.639456 0.200655 0.711968 1.50289 -0.979487 
-0.940043 -0.418438 0.381655 0.637994 0.998455 -0.987756 
-0.76616 0.0391617 0.298099 0.77448 0.600568 -1.14181 
-1.24016 -0.329025 -0.477159 0.612694 1.87233 -0.765875 
-0.930515 -0.336989 0.00722346 0.44019 1.33193 -0.775335 
-0.759967 -0.0124712 0.133411 0.441589 0.852262 -0.816815 
-0.657673 0.520302 -0.0913195 0.540063 0.533957 -0.907075 
-0.733515 0.99872 0.370907 -0.504082 -1.77849 0.142879 
-0.672226 0.980457 0.121176 -0.436959 -1.53034 0.246384 
-0.629487 1.05306 -0.215681 -0.416087 -1.27961 0.334738 
-0.811988 0.375074 0.869754 -0.43043 -1.2728 0.134104 
-0.719073 0.530741 0.574523 -0.352282 -1.1302 0.155524 
-0.659677 0.70552 0.244569 -0.313664 -0.973561 0.180451 
-0.618725 0.91114 -0.141338 -0.306813 -0.793709 0.218597 
-0.73368 0.138115 0.575266 -1.09813 -0.558825 0.772265 
-0.672223 0.484085 0.251599 -0.990139 -0.530167 0.693072 
-0.629694 0.806789 -0.140481 -1.03948 -0.465955 0.780448 
-0.813318 -0.473691 0.521285 0.605489 0.805728 -0.907771 
-0.722372 -0.0840991 0.422468 0.771999 0.523346 -1.09477 
-0.622688 0.725962 -0.16129 1.10914 0.315064 4.86941 
-0.800397 -0.379625 0.0361262 0.31189 1.28709 -0.618664 
-0.712915 -0.141472 0.15307 0.310225 0.922855 -0.647495 
-0.656287 0.228947 0.0745362 0.364273 0.628109 -0.709801 
-0.616802 0.666952 -0.200377 0.426173 0.464312 -0.764738 
-0.792084 -0.0817112 -0.682038 0.230812 1.80617 -0.515561 
-0.707282 -0.0738081 -0.221557 0.186856 1.33287 -0.540136 
-0.652026 0.189427 -0.0924507 0.190284 0.937218 -0.561113 
-0.613475 0.622163 -0.251018 0.218211 0.660505 -0.587758 
-0.614991 0.749769 0.274911 -0.189703 -1.67311 0.24864 
-0.599251 0.789723 -0.10368 -0.181026 -1.33825 0.300374 
-0.646369 0.384634 0.69598 -0.279055 -1.45371 0.202011 
-0.619862 0.497204 0.342106 -0.269582 -1.21741 0.254057 
-0.602892 0.679942 -0.0804761 -0.285601 -0.983161 0.31382 
-0.629888 -0.0517287 0.697093 -0.1752 -0.652762 0.139682 
-0.606895 0.276248 0.333409 -0.144511 -0.61456 0.118353 
-0.592079 0.579096 -0.0858813 -0.143483 -0.49753 0.126281 
-0.692102 -0.696502 0.677074 0.713053 0.501509 -0.834762 
-0.646168 -0.259349 0.500149 1.15003 0.304435 -1.3007 
-0.619864 0.141303 0.223823 1.56689 0.252537 4.55768 
-0.602848 0.516884 -0.146974 -1.54704 -0.235884 1.39394 
-0.682465 -0.558187 0.166137 0.277364 1.06792 -0.446616 
-0.639687 -0.274325 0.182675 0.302355 0.768078 -0.504165 
-0.615026 0.0861524 0.0494062 0.370238 0.545201 -0.588632 
-0.599 0.483643 -0.233772 0.429592 0.433838 -0.652312 
-0.670699 -0.24915 -0.528498 0.154833 1.62418 -0.361561 
-0.632098 -0.161702 -0.23679 0.136304 1.24441 -0.384581 
-0.609272 0.0952445 -0.176638 0.142501 0.927295 -0.409351 
-0.594379 0.471363 -0.334985 0.159888 0.709739 -0.434043 
-0.454667 0.668914 0.423586 0.212475 -1.64681 0.0895003 
-0.526068 0.725476 -0.00533431 0.158059 -1.27284 0.0645588 
-0.32352 0.259345 0.874605 0.391862 -1.45103 -0.0606261 
-0.449934 0.396014 0.486164 0.289414 -1.19146 -0.0810964 
-0.523017 0.616173 0.0115949 0.247889 -0.932098 -0.0994041 
-0.315766 -0.24312 0.86088 0.714897 -0.75399 -0.563984 
-0.444599 0.167841 0.464984 0.534005 -0.705708 -0.422913 
-0.518868 0.523711 -0.00422534 0.495613 -0.576434 -0.42556 
-0.323527 -0.466394 0.655144 1.85141 -0.405786 4.41925 
-0.523045 0.453756 -0.0508669 1.05754 -0.228067 -1.0966 
-0.0809743 -0.747041 0.264283 -0.56894 1.18402 0.387806 
-0.331147 -0.464828 0.326991 -0.464414 0.767477 0.34137 
-0.454664 -0.0481586 0.194357 -0.494962 0.458593 0.377647 
-0.526157 0.412617 -0.128674 -0.527315 0.303307 0.395869 
-0.0915797 -0.411891 -0.416516 -0.450206 1.66503 0.12003 
-0.334908 -0.337217 -0.0909731 -0.297723 1.22194 0.0806537 
-0.456192 -0.0424753 -0.0289584 -0.258726 0.847175 0.0632565 
-0.526777 0.395044 -0.225871 -0.254053 0.596601 0.0522895 
-0.277366 0.618388 0.51262 0.566211 -1.67549 -0.023803 
-0.453555 0.67794 0.0656915 0.429784 -1.28588 -0.115661 
0.0436088 0.226626 0.911836 0.939829 -1.5603 -0.233814 
-0.27099 0.333682 0.56912 0.677751 -1.28054 -0.289689 
-0.449916 0.571498 0.0753177 0.572261 -0.998454 -0.339069 
0.047757 -0.288856 0.894964 1.22036 -1.10964 -0.881879 
-0.268587 0.097028 0.544944 0.936989 -0.900862 -0.701476 
-0.448043 0.480476 0.0581634 0.822383 -0.719966 -0.680383 
0.0436842 -0.511684 0.688079 1.74028 -0.959997 -1.64245 
-0.271384 -0.0604588 0.445193 -1.68085 0.648574 -4.51187 
0.544853 -0.617957 0.214215 -1.09839 1.66033 0.927775 
0.0339966 -0.513359 0.364284 -0.946102 1.11017 0.883027 
-0.277363 -0.132378 0.279527 -1.00051 0.686469 0.968628 
0.528955 -0.319376 -0.461372 -0.999085 1.94005 0.522978 
0.0235158 -0.38838 -0.0481341 -0.704563 1.40631 0.502225 
-0.283178 -0.131822 0.0610777 -0.620369 0.936872 0.488839 
-0.457221 0.336565 -0.14362 -0.647156 0.621155 0.510951 
0.374127 0.821367 0.656301 1.38101 -1.98706 0.151431 
-0.0926035 0.595737 0.551057 0.851384 -1.73733 -0.0955135 
-0.382934 0.641935 0.120948 0.613563 -1.34116 -0.223611 
0.381822 0.287171 0.818279 1.35576 -1.71316 -0.335292 
-0.0865594 0.306488 0.603619 0.956794 -1.40832 -0.409112 
-0.379474 0.536202 0.126985 0.764101 -1.09138 -0.462125 
0.385089 -0.168352 0.801031 -1.64053 1.47605 2.20679 
-0.0841151 0.0660811 0.578381 1.19083 -1.11222 -0.836689 
-0.378161 0.444647 0.108679 1.00373 -0.855038 -0.800362 
-0.379775 0.371562 0.0668617 1.37547 -0.675931 -1.27625 
0.374126 -0.417175 0.306222 -1.12368 1.48359 1.15524 
-0.0926027 -0.169673 0.316001 1.99784 -0.952689 -1.95395 
-0.383579 0.32037 0.00207811 -1.27564 0.625589 1.27668 
0.364143 -0.312416 -0.0963202 -0.955105 1.67636 0.789278 
-0.0995418 -0.173439 0.102374 -0.837124 1.11613 0.7655 
-0.387629 0.290514 -0.0813023 -0.873424 0.715866 0.791523 
-1.66833 0.803049 0.827317 -1.58952 -1.92447 6.23774 
-1.07678 0.506468 0.718939 -0.904314 -1.72042 0.305402 
-0.764694 0.574452 0.219247 -0.643935 -1.29662 0.483569 
-1.08195 0.172556 0.772381 -0.994746 -1.40611 0.530684 
-0.768036 0.468863 0.221419 -0.78368 -1.08043 0.594157 
-1.07681 -0.114224 0.754406 2.01969 1.04323 -2.33414 
-0.762366 0.368618 0.212929 -0.870592 -0.795393 0.693198 
-0.768053 0.300583 0.163151 -1.29281 -0.703759 1.05716 
-0.764728 0.244376 0.104042 1.44392 0.621983 4.58509 
-1.65925 -0.508252 0.0414658 1.0978 1.76076 -1.17277 
-1.06943 -0.348703 0.25092 0.926316 1.08862 -1.17453 
-0.760339 0.207264 0.0279424 -2.1058 -0.646712 1.83437 
-1.87627 1.18287 0.689362 -1.87098 -1.92329 5.99383 
-0.909447 0.581069 0.581209 -0.704171 -1.69289 0.313674 
-0.714526 0.64918 0.106869 -0.552413 -1.29835 0.459653 
-0.915822 0.284415 0.634077 -0.816599 -1.33737 0.482241 
-0.718671 0.545376 0.112644 -0.706251 -1.05336 0.565839 
-0.908504 0.0250757 0.621212 -0.932947 -0.901954 0.69621 
-0.712094 0.44624 0.10765 -0.787826 -0.71978 0.647017 
-1.28518 -0.608969 0.74568 1.3865 1.16435 -1.63699 
-0.915855 -0.125224 0.506803 1.63328 0.789976 4.38272 
-0.718671 0.381949 0.0532161 1.80636 0.618775 -2.02388 
-1.87595 -0.649987 0.234679 1.23611 1.89061 -1.27646 
-0.909612 -0.200397 0.342917 1.11394 0.798412 -1.37348 
-1.26386 -0.46788 0.00861332 0.83694 1.48551 -0.982369 
-0.901842 -0.204218 0.129489 0.747426 0.968483 -1.00756 
-0.709458 0.299622 -0.0916044 0.822031 0.632677 -1.09479 
-0.774005 0.676781 0.403609 -0.516376 -1.67812 0.318229 
-0.667779 0.731776 -0.0187084 -0.439963 -1.32131 0.427519 
-0.962658 0.29338 0.823843 -0.786285 -1.53685 0.348011 
-0.781465 0.413189 0.459525 -0.646765 -1.2881 0.434366 
-0.673738 0.62729 -0.00444955 -0.608556 -1.03915 0.523612 
-0.952572 -0.199538 0.826629 -0.926238 -0.878498 0.704011 
-0.771844 0.17873 0.45219 -0.725627 -0.773523 0.565513 
-0.664728 0.527015 -0.00878685 -0.671466 -0.629426 0.570967 
-0.962657 -0.403524 0.613773 -1.76235 -0.804513 -4.75372 
-0.781486 0.0407493 0.34001 1.61534 0.617843 4.43098 
-0.673129 0.466806 -0.0688026 -1.44448 -0.51885 1.24132 
-1.2736 -0.651053 0.224453 0.895859 1.42282 -1.01019 
-0.951909 -0.417581 0.297423 0.817306 0.988969 -1.03765 
-0.774143 -0.0278765 0.17627 0.898604 0.678498 -1.15337 
-1.2555 -0.343653 -0.452358 0.727619 1.7727 -0.744168 
-0.940036 -0.303738 -0.112905 0.544144 1.3157 -0.757609 
-0.766144 -0.0289375 -0.0399012 0.51574 0.930644 -0.789599 
-0.66201 0.400288 -0.230511 0.551679 0.672298 -0.833311 
-0.663439 0.797094 0.184878 -0.314282 -1.69277 0.313623 
-0.622687 0.825882 -0.163166 -0.286513 -1.37947 0.38103 
-0.828643 0.459145 0.831249 -0.585561 -1.72254 0.204266 
-0.733538 0.463659 0.570335 -0.49435 -1.48319 0.303267 
-0.67222 0.55766 0.250457 -0.459323 -1.26544 0.375117 
-0.629868 0.71789 -0.137901 -0.464008 -1.0465 0.453927 
-0.811995 -0.26592 0.878126 -0.647932 -0.722047 0.516598 
-0.719165 0.0638472 0.581256 -0.499541 -0.708639 0.392666 
-0.659723 0.340719 0.250368 -0.442352 -0.638595 0.363405 
-0.618736 0.612313 -0.135748 -0.448096 -0.520182 0.395178 
-0.813317 -0.398495 0.0650701 0.47012 1.1348 -0.672128 
-0.722371 -0.152704 0.0781718 0.476397 0.863764 -0.717675 
-0.663568 0.16449 -0.0401063 0.523779 0.660938 -0.780819 
-0.622689 0.524845 -0.294633 0.5596 0.549402 -0.815642 
-0.800176 -0.102071 -0.652007 0.300419 1.67944 -0.494904 
-0.712959 -0.0457308 -0.34535 0.254679 1.31023 -0.523433 
-0.656272 0.175624 -0.268437 0.25008 1.00776 -0.546128 
-0.616809 0.51463 -0.397409 0.262572 0.794495 -0.565314 
-0.609269 0.563114 0.300936 -0.114881 -1.70418 0.308134 
-0.594389 0.608452 -0.152059 -0.107943 -1.29771 0.341538 
-0.639942 0.292788 0.69272 -0.208736 -1.63727 0.269822 
-0.615114 0.352335 0.314872 -0.194882 -1.32213 0.316748 
-0.599004 0.533891 -0.16908 -0.206574 -1.02291 0.367086 
-0.646184 -0.0958756 0.66212 -0.339853 -0.962689 0.367851 
-0.619867 0.179672 0.261863 -0.343014 -0.837448 0.393369 
-0.602848 0.467391 -0.209399 -0.392219 -0.660315 0.468228 
-0.629881 -0.29168 0.461558 -0.562128 -0.200018 0.553085 
-0.606893 0.0709372 0.130941 -0.393732 -0.218087 0.385309 
-0.592079 0.420338 -0.286349 -0.473433 -0.150242 0.468848 
-0.692125 -0.586549 0.210369 0.453045 0.802669 -0.512164 
-0.646174 -0.279066 0.112629 0.509544 0.595842 -0.601655 
-0.61987 0.0583904 -0.0947935 0.583627 0.470563 -0.690584 
-0.602847 0.421105 -0.425307 0.589707 0.435142 -0.69784 
-0.682009 -0.277862 -0.486272 0.244488 1.42762 -0.345679 
-0.63969 -0.129351 -0.358242 0.228568 1.15076 -0.37807 
-0.615026 0.120853 -0.391846 0.23544 0.934687 -0.409777 
-0.599001 0.454028 -0.59663 0.245078 0.806237 -0.429802 
-0.456082 0.464074 0.451645 0.194214 -1.6727 0.130242 
-0.526775 0.536658 -0.0537118 0.150008 -1.23716 0.109847 
-0.331141 0.139306 0.878013 0.316238 -1.59029 0.01091 
-0.45466 0.23041 0.46091 0.223076 -1.25486 0.00275729 
-0.526159 0.45932 -0.0734593 0.186898 -0.943395 0.000711732 
-0.323532 -0.311745 0.829182 0.509157 -0.891677 -0.348064 
-0.450077 0.0494648 0.397074 0.386589 -0.779215 -0.253135 
-0.523044 0.394969 -0.119641 0.359109 -0.594946 -0.251065 
-0.315798 -0.4851 0.596494 -1.78873 0.477468 1.81514 
-0.444605 -0.0516623 0.254493 1.04851 -0.390796 -1.01394 
-0.51888 0.355802 -0.202283 1.05238 -0.302875 -1.0321 
-0.0661009 -0.771087 0.302382 -0.785437 0.990372 0.608055 
-0.323534 -0.459936 0.248278 -0.690767 0.637648 0.597104 
-0.450073 -0.0739421 0.0439593 -0.712027 0.417277 0.63912 
-0.523045 0.34439 -0.318685 -0.656611 0.328527 0.579881 
-0.0809679 -0.439744 -0.376701 -0.525327 1.46976 0.209511 
-0.331147 -0.303183 -0.208345 -0.354309 1.11145 0.157914 
-0.454682 -0.0209015 -0.235412 -0.286983 0.833214 0.122699 
-0.52616 0.365642 -0.471576 -0.244747 0.669765 0.0820817 
-0.282858 0.394915 0.546692 0.491579 -1.69121 -0.0247459 
-0.45722 0.479699 0.0203768 0.380719 -1.23628 -0.0907065 
0.0339762 0.0893418 0.923419 0.820182 -1.68051 -0.213905 
-0.277289 0.150232 0.547701 0.584975 -1.3105 -0.25905 
-0.453861 0.4042 -0.00609303 0.503407 -0.976434 -0.286741 
0.0437216 -0.36497 0.861259 1.04677 -1.20068 -0.778774 
-0.271384 -0.0313119 0.473428 0.836957 -0.941587 -0.640911 
-0.450023 0.343908 -0.058133 0.769775 -0.712581 -0.635968 
-0.268566 -0.130622 0.327649 -1.80642 0.706088 1.87676 
-0.448113 0.305708 -0.139145 -1.86269 0.528717 1.90568 
0.0436063 -0.498787 0.277289 -1.16132 1.07618 1.0495 
-0.271384 -0.152689 0.120232 -1.15897 0.714414 1.10932 
-0.450042 0.291292 -0.24787 -1.15653 0.520373 1.10514 
0.544114 -0.337571 -0.425391 -1.15254 1.81572 0.599511 
0.0339762 -0.347313 -0.169055 -0.84247 1.34219 0.579572 
-0.277345 -0.10549 -0.148076 -0.713344 0.953291 0.554501 
-0.453857 0.303404 -0.386119 -0.65935 0.710801 0.518575 
-0.0988357 0.360057 0.590508 0.746577 -1.75529 -0.144664 
-0.387594 0.434816 0.0778477 0.553235 -1.27876 -0.234331 
0.374092 0.160686 0.832147 1.20779 -1.85177 -0.345154 
-0.0925983 0.113368 0.584713 0.845638 -1.43786 -0.43098 
-0.383542 0.361214 0.0467665 0.698177 -1.05827 -0.454909 
-0.0865583 -0.0667665 0.505394 1.07807 -1.15671 -0.826657 
-0.37978 0.302681 -0.00795773 0.957616 -0.848651 -0.800264 
0.907668 -0.305442 0.472154 -1.50064 1.96955 -4.53143 
0.385097 -0.411822 0.548557 -1.58688 1.45434 1.70849 
-0.08415 -0.165317 0.358146 1.44349 -0.995927 -1.34006 
-0.378162 0.264201 -0.0882666 -1.7798 0.708457 1.84316 
0.382092 -0.401704 0.216163 -1.32719 1.48889 1.22974 
-0.0865613 -0.186627 0.15142 1.86036 -1.00007 -1.89135 
-0.379648 0.247643 -0.193292 -1.28527 0.693942 1.25255 
0.374122 -0.267287 -0.223074 -1.12212 1.64945 0.813631 
-0.0925973 -0.142451 -0.111107 -0.944601 1.15669 0.79018 
-0.383578 0.255556 -0.324153 -0.876444 0.816859 0.752748 
-1.06944 0.222996 0.765854 -0.794741 -1.69365 0.497552 
-0.760322 0.352218 0.178767 -0.589941 -1.20016 0.612975 
-1.07663 -0.0589472 0.751745 -0.911003 -1.38672 0.723256 
-0.764727 0.280288 0.141259 -0.751387 -1.00965 0.744346 
-0.768045 0.223762 0.0835209 -0.995785 -0.836131 0.957606 
-0.762367 0.176659 0.0146849 -1.28695 -0.605146 1.22993 
-1.6683 -0.453786 -0.0873493 1.26237 1.74768 -1.07465 
-1.07663 -0.307324 0.031703 1.02027 1.1463 -1.08203 
-0.764741 0.168123 -0.21439 0.987475 0.763725 -1.1133 
-0.901806 0.33761 0.621338 -0.598526 -1.67929 0.450341 
-0.709803 0.442159 0.0676318 -0.479461 -1.2211 0.55647 
-0.909601 0.0853044 0.614757 -0.72118 -1.34012 0.614689 
-0.714748 0.370629 0.0341992 -0.641586 -1.00648 0.675413 
-0.915837 -0.0975098 0.533869 -0.972712 -1.03118 0.886972 
-0.718676 0.313559 -0.0216264 -0.907868 -0.797355 0.896411 
-1.87648 -0.366926 -0.401133 1.36847 1.98563 -0.912272 
-1.27583 -0.418438 -0.117235 0.990992 1.46015 -0.937268 
-0.909612 -0.171372 -0.0851484 0.852134 1.02364 -0.952906 
-0.714546 0.266702 -0.336869 0.82808 0.756127 -0.965351 
-0.766128 0.469968 0.436937 -0.409715 -1.69016 0.411418 
-0.662129 0.539467 -0.0599064 -0.349654 -1.26354 0.494446 
-0.95184 0.173167 0.833162 -0.658246 -1.66677 0.43516 
-0.774142 0.246003 0.439427 -0.5295 -1.33482 0.514959 
-0.667852 0.467812 -0.0866931 -0.504026 -1.02492 0.590683 
-0.962657 -0.247414 0.780977 -0.892083 -1.14018 0.791616 
-0.781477 0.073444 0.371688 -0.782828 -0.962316 0.743826 
-0.673124 0.408662 -0.137843 -0.788613 -0.767271 0.811192 
-0.952574 -0.442803 0.56929 -1.41058 -0.672779 1.36699 
-0.771844 -0.0393946 0.242678 -1.20258 -0.520076 1.15245 
-0.664677 0.359637 -0.207198 -1.2044 -0.403082 1.17542 
-1.28954 -0.665219 0.257507 1.13422 1.3226 -1.06693 
-1.27352 -0.36242 -0.417074 0.885195 1.64593 -0.736133 
-0.951904 -0.263314 -0.236353 0.692236 1.26719 -0.750445 
-0.774143 -0.00104287 -0.253542 0.636208 0.972904 -0.773007 
-0.667786 0.376586 -0.484113 0.61817 0.792499 -0.774866 
-0.656252 0.619479 0.211219 -0.21345 -1.72776 0.376734 
-0.616838 0.647715 -0.20839 -0.191436 -1.33794 0.423826 
-0.722368 0.38172 0.568026 -0.3581 -1.67338 0.355932 
-0.663944 0.420534 0.226085 -0.318709 -1.37393 0.417514 
-0.622706 0.575482 -0.225586 -0.319913 -1.08066 0.479771 
-0.828643 -0.190838 0.870543 -0.622259 -1.21476 0.549189 
-0.733858 0.0324167 0.5417 -0.564709 -1.08435 0.544611 
-0.672286 0.256625 0.173725 -0.554006 -0.933831 0.580117 
-0.629706 0.511299 -0.267151 -0.60019 -0.755692 0.670615 
-0.811994 -0.506932 0.610053 -1.33843 -0.422354 1.31695 
-0.719077 -0.167368 0.359995 -1.04322 -0.369571 1.0123 
-0.659692 0.144553 0.0509333 -0.936163 -0.322321 0.910724 
-0.618729 0.459235 -0.338458 -1.0709 -0.247698 1.05773 
-0.828646 -0.421701 0.109353 0.750545 0.928579 -0.813505 
-0.733547 -0.156777 0.00858509 0.770114 0.745819 -0.875084 
-0.672231 0.140463 -0.186226 0.799082 0.630107 -0.9204 
-0.629695 0.469278 -0.492799 0.778216 0.584487 -0.896569 
-0.813317 -0.130312 -0.606523 0.424267 1.49955 -0.492886 
-0.722528 -0.0108384 -0.472787 0.378482 1.23708 -0.524111 
-0.663592 0.206688 -0.492615 0.365681 1.03329 -0.546719 
-0.622698 0.506251 -0.67152 0.360398 0.906304 -0.553524 
-0.606171 0.397768 0.284922 -0.0719549 -1.65568 0.354496 
-0.591775 0.501169 -0.30544 -0.0690887 -1.16898 0.375889 
-0.632284 0.195192 0.680601 -0.130343 -1.71766 0.321715 
-0.609278 0.235282 0.24382 -0.117503 -1.32177 0.352568 
-0.594379 0.465123 -0.366337 -0.128574 -0.942526 0.388159 
-0.639692 -0.135187 0.612903 -0.229552 -1.14117 0.380508 
-0.615026 0.118649 0.145787 -0.236564 -0.928327 0.411668 
-0.599001 0.439868 -0.448301 -0.289389 -0.660531 0.489284 
-0.692106 -0.694166 0.751036 -0.670913 -0.530253 0.786319 
-0.646168 -0.289659 0.396932 -0.555866 -0.545125 0.656775 
-0.619865 0.0585451 -0.0198444 -0.580457 -0.473217 0.687104 
-0.602848 0.433443 -0.566999 -0.811536 -0.329058 0.936417 
-0.670324 -0.617092 0.266439 0.405842 0.378869 -0.379836 
-0.629883 -0.276145 0.0466444 0.440066 0.251888 -0.427823 
-0.606893 0.070665 -0.271487 0.395876 0.216965 -0.387498 
-0.592079 0.46422 -0.749339 0.239182 0.292747 -0.229392 
-0.691912 -0.316826 -0.423102 0.353932 1.13812 -0.339774 
-0.646172 -0.0942549 -0.47439 0.339484 0.964802 -0.367067 
-0.619868 0.19376 -0.66032 0.335821 0.860966 -0.382443 
-0.602853 0.58869 -1.07574 0.310581 0.875577 -0.355531 
-0.457311 0.281322 0.433179 0.179862 -1.61717 0.149602 
-0.527201 0.421147 -0.202794 0.151316 -1.11763 0.129661 
-0.334977 0.0211976 0.866279 0.281481 -1.66296 0.0501775 
-0.456207 0.103942 0.386926 0.203213 -1.25592 0.0465434 
-0.526863 0.383386 -0.265087 0.184357 -0.877434 0.0405925 
-0.331244 -0.358845 0.779093 0.370936 -1.02613 -0.19471 
-0.454687 -0.0195174 0.280673 0.286559 -0.837908 -0.121895 
-0.526298 0.356653 -0.34802 0.279297 -0.575744 -0.12492 
-0.0661008 -0.970613 0.858653 1.25448 -0.671555 -1.28122 
-0.323531 -0.490545 0.530015 0.878723 -0.514949 -0.820579 
-0.450075 -0.0738997 0.104558 0.710803 -0.41808 -0.637803 
-0.523044 0.353017 -0.469283 0.86194 -0.262423 -0.794325 
-0.0543141 -0.788704 0.342851 2.02239 -0.830807 -2.19437 
-0.315777 -0.440277 0.163772 -1.07315 0.536014 1.00723 
-0.444599 -0.0524374 -0.147475 -1.05595 0.388718 1.02188 
-0.51888 0.384808 -0.643063 -0.810234 0.3659 0.775996 
-0.0659169 -0.471537 -0.323939 -0.677735 1.23438 0.366202 
-0.32353 -0.262721 -0.325611 -0.483641 0.953982 0.305776 
-0.450077 0.0475697 -0.490629 -0.387939 0.775979 0.255025 
-0.523043 0.466202 -0.891134 -0.297683 0.73661 0.17317 
-0.287836 0.19733 0.530105 0.429719 -1.63015 -0.0463111 
-0.459778 0.360237 -0.12879 0.357498 -1.11413 -0.0941169 
0.0236363 -0.0427377 0.91872 0.705948 -1.74367 -0.217824 
-0.283174 0.0127786 0.475103 0.509 -1.29132 -0.241268 
-0.45723 0.322812 -0.194535 0.466061 -0.896346 -0.264404 
0.0339794 -0.421574 0.813689 0.868401 -1.26063 -0.67685 
-0.277342 -0.106787 0.356323 0.715177 -0.950031 -0.557613 
-0.453866 0.299103 -0.282787 0.710188 -0.659723 -0.584304 
0.557191 -0.746758 0.764332 1.32909 -1.5014 -1.41334 
0.0436168 -0.534285 0.552216 -1.86809 1.00548 1.87078 
-0.271378 -0.153142 0.172123 1.17332 -0.709119 -1.12827 
-0.268589 -0.12838 -0.0770757 -1.32546 0.70909 1.25213 
0.557111 -0.357761 -0.380992 -1.34223 1.67648 0.713073 
0.0436118 -0.29848 -0.29379 -1.01755 1.24989 0.691575 
-0.271384 -0.0337858 -0.403733 -0.839454 0.938512 0.645146 
-0.450042 0.392565 -0.786107 -0.692638 0.793412 0.530508 
-0.105466 0.152864 0.576223 0.651002 -1.69593 -0.215154 
-0.39105 0.309297 -0.0692729 0.521678 -1.15059 -0.271072 
0.364138 0.0361572 0.832731 1.04812 -1.9278 -0.391951 
-0.0994507 -0.0320876 0.514232 0.742935 -1.40673 -0.45987 
-0.387625 0.273793 -0.138734 0.657791 -0.966568 -0.471882 
0.374093 -0.306193 0.729743 1.11832 -1.62027 -0.873784 
-0.0925812 -0.146164 0.387917 0.948785 -1.1498 -0.800588 
-0.383578 0.252825 -0.230158 0.911099 -0.788093 -0.802581 
-0.0865593 -0.187367 0.200007 -1.84631 0.993373 1.86546 
-0.379709 0.252238 -0.350924 -1.80434 0.682504 1.82195 
0.385239 -0.380135 0.123361 -1.5412 1.4567 1.31273 
-0.378163 0.278475 -0.508476 -1.3013 0.720993 1.21834 
0.382097 -0.214611 -0.355378 -1.31444 1.58512 0.85718 
-0.0865437 -0.0676529 -0.36941 -1.07834 1.1558 0.827868 
-0.37978 0.337725 -0.712629 -0.903504 0.896515 0.716211 
-1.06179 -0.0230534 0.752567 -0.692563 -1.60089 0.68107 
-0.756297 0.218539 0.0325195 -0.558926 -1.05647 0.739982 
-1.06943 -0.223626 0.673967 -0.82094 -1.31672 0.885346 
-0.760323 0.184817 -0.0428356 -0.730082 -0.890627 0.887779 
-1.07666 -0.331429 0.529733 -1.05188 -1.1073 1.1558 
-0.76476 0.167283 -0.138245 -1.00494 -0.754665 1.13651 
-0.768048 0.168536 -0.257662 1.75108 0.685378 4.63651 
-0.762368 0.182006 -0.394168 -1.88321 -0.611159 1.94648 
-1.6747 -0.394415 -0.221531 1.4333 1.69328 -0.972919 
-1.08195 -0.226199 -0.226477 1.12428 1.16098 -0.97753 
-0.768055 0.240229 -0.587077 0.967047 0.857951 -0.914047 
-0.894746 0.124977 0.607642 -0.506293 -1.59943 0.57734 
-0.70507 0.317296 -0.0794281 -0.432079 -1.08268 0.650289 
-0.901839 -0.063751 0.543551 -0.623538 -1.28436 0.724531 
-0.709535 0.28257 -0.150197 -0.589445 -0.894132 0.776499 
-0.909612 -0.17752 0.414408 -0.861296 -1.01078 0.970339 
-0.714551 0.2637 -0.243931 -0.869041 -0.722564 1.02097 
-1.88542 -0.786185 0.780271 1.7994 1.77669 4.77726 
-0.915844 -0.217431 0.225204 -1.26238 -0.838736 1.36671 
-1.88553 -0.382179 -0.363498 1.54705 1.87672 -0.864511 
-1.2852 -0.363687 -0.2467 1.16108 1.39424 -0.891238 
-0.91585 -0.096095 -0.342926 0.971554 1.03264 -0.884568 
-0.718675 0.351815 -0.730709 0.84618 0.853065 -0.805497 
-0.759966 0.287439 0.422529 -0.328134 -1.62964 0.495113 
-0.657698 0.424552 -0.208801 -0.293408 -1.1311 0.558567 
-0.940016 0.0535409 0.828924 -0.530995 -1.71775 0.520463 
-0.766602 0.115987 0.372745 -0.422524 -1.30704 0.580496 
-0.662029 0.389516 -0.275063 -0.421327 -0.924428 0.648212 
-0.951927 -0.301794 0.736445 -0.70678 -1.21774 0.794904 
-0.774143 0.000620209 0.259133 -0.634157 -0.97708 0.769329 
-0.667786 0.368765 -0.365144 -0.685799 -0.709848 0.867272 
-0.781477 -0.0490907 0.0808541 2.05324 0.711884 -1.94919 
-1.28954 -0.386196 -0.369807 1.0803 1.47965 -0.751133 
-0.962658 -0.217039 -0.360883 0.876903 1.16829 -0.754098 
-0.78148 0.0729521 -0.517244 0.782915 0.96149 -0.744236 
-0.673124 0.487019 -0.920194 0.687753 0.887541 -0.662652 
-0.652014 0.461904 0.195518 -0.15395 -1.68163 0.430386 
-0.613457 0.543915 -0.363103 -0.142397 -1.20501 0.46552 
-0.712877 0.293254 0.557421 -0.250098 -1.75587 0.409359 
-0.656315 0.3082 0.156833 -0.215206 -1.3703 0.454142 
-0.616807 0.509923 -0.424989 -0.223137 -0.990935 0.50282 
-0.814241 -0.142676 0.866034 -0.424883 -1.48728 0.498933 
-0.722525 -0.00699868 0.497027 -0.377245 -1.24346 0.52121 
-0.663588 0.196995 0.0608403 -0.371727 -1.00724 0.55836 
-0.622693 0.487072 -0.508864 -0.427258 -0.73358 0.65117 
-0.828658 -0.47229 0.629225 -0.843396 -0.819838 0.958088 
-0.733545 -0.15944 0.292731 -0.781692 -0.735248 0.890712 
-0.672225 0.139958 -0.104754 -0.810435 -0.622973 0.934214 
-0.629696 0.484576 -0.633326 -1.008 -0.475587 1.16216 
-0.811999 -0.457894 0.175091 1.00054 0.493276 -0.941304 
-0.719082 -0.163087 -0.0464476 1.00398 0.377803 -0.970328 
-0.659693 0.147646 -0.355246 0.907879 0.329576 -0.880852 
-0.618729 0.514711 -0.81948 0.633768 0.37218 -0.600307 
-0.828643 -0.168856 -0.537657 0.616615 1.23653 -0.532598 
-0.733544 0.0286379 -0.597008 0.56579 1.07936 -0.547294 
-0.672224 0.292052 -0.782996 0.531931 0.985718 -0.54174 
-0.629694 0.686794 -1.23059 0.473693 1.01421 -0.472952 
-0.60436 0.266779 0.221904 -0.0502638 -1.55721 0.391153 
-0.590481 0.49307 -0.590174 -0.052778 -0.971489 0.408084 
-0.627848 0.100457 0.658464 -0.0848169 -1.73297 0.365051 
-0.606002 0.15676 0.129262 -0.0751962 -1.26003 0.383651 
-0.591775 0.504818 -0.713223 -0.0917627 -0.766089 0.415047 
-0.632095 -0.1705 0.55089 -0.137151 -1.22649 0.387185 
-0.609272 0.0950251 -0.0157898 -0.142729 -0.925162 0.409732 
-0.59438 0.538335 -0.873779 -0.212488 -0.51403 0.498001 
-0.682459 -0.668195 0.765013 -0.345696 -0.786572 0.559334 
-0.639687 -0.278967 0.315295 -0.320842 -0.715443 0.529242 
-0.615025 0.0863107 -0.222754 -0.370689 -0.544482 0.589171 
-0.599 0.620129 -1.12133 -0.880824 -0.228998 1.12616 
-0.646183 -0.243617 -0.0436265 1.84678 0.288472 -1.68962 
-0.67026 -0.36163 -0.344178 0.224165 0.718031 -0.170149 
-0.629873 -0.0544547 -0.587332 0.176276 0.649147 -0.141002 
-0.606892 0.350005 -1.05116 0.128745 0.705174 -0.0984502 
-0.458582 0.139025 0.367553 0.164591 -1.51409 0.1598 
-0.527753 0.404675 -0.475757 0.157832 -0.933099 0.133789 
-0.337946 -0.0901862 0.84206 0.253972 -1.67273 0.0708015 
-0.45728 0.0205074 0.269561 0.192852 -1.19988 0.070265 
-0.527179 0.410926 -0.591211 0.205088 -0.724956 0.0423253 
-0.334957 -0.389911 0.711677 0.312066 -1.12069 -0.11612 
-0.456193 -0.042246 0.117264 0.258051 -0.850641 -0.0621752 
-0.526777 0.438636 -0.742572 0.318841 -0.467241 -0.127299 
-0.0809848 -0.961026 0.881051 0.827285 -0.744696 -0.825591 
-0.331148 -0.477626 0.447429 0.563939 -0.620917 -0.470453 
-0.454678 -0.0493057 -0.0936218 0.489329 -0.461292 -0.37201 
-0.526159 0.498238 -0.951371 1.00942 -0.178536 -0.890849 
-0.523045 0.699337 -1.41089 -0.455848 0.463814 0.463581 
-0.0543086 -0.499483 -0.267842 -0.907731 1.00267 0.603125 
-0.315799 -0.208813 -0.453188 -0.684844 0.788487 0.522367 
-0.444586 0.186846 -0.844413 -0.52079 0.726576 0.405153 
-0.291735 0.0453024 0.46313 0.382316 -1.52189 -0.072377 
-0.462138 0.335402 -0.391616 0.359348 -0.935858 -0.121834 
0.014519 -0.164727 0.898191 0.609412 -1.74721 -0.239351 
-0.287875 -0.0739039 0.355655 0.457615 -1.22631 -0.238245 
-0.459778 0.343006 -0.509692 0.479464 -0.7489 -0.294722 
0.0234584 -0.46023 0.750741 0.725779 -1.29622 -0.599941 
-0.283178 -0.132572 0.194484 0.624154 -0.929664 -0.495199 
-0.457229 0.366986 -0.654826 0.738129 -0.548604 -0.620057 
0.03544 -0.528813 0.473051 1.04372 -0.999787 -1.08099 
-0.277363 -0.13069 -0.0252369 1.0096 -0.68176 -0.980353 
-0.45387 0.422788 -0.854307 1.38079 -0.419174 -1.35086 
-0.271368 -0.0615782 -0.320919 1.67754 -0.647609 4.51591 
-0.450042 0.561259 -1.1963 -0.961314 0.588474 0.869113 
0.561606 -0.379445 -0.33316 -1.53358 1.52772 0.857365 
0.0476845 -0.23977 -0.42916 -1.19184 1.13307 0.816615 
-0.268586 0.0995282 -0.744799 -0.93476 0.902743 0.697968 
-0.110864 -0.00542164 0.509347 0.576994 -1.58754 -0.283208 
-0.393905 0.281426 -0.329703 0.525279 -0.974152 -0.33388 
0.354791 -0.0804245 0.818331 0.901464 -1.94212 -0.458927 
-0.105683 -0.122399 0.39513 0.666897 -1.33236 -0.493075 
-0.39105 0.287835 -0.445752 0.672232 -0.819061 -0.538526 
0.364144 -0.354535 0.674878 0.949338 -1.62509 -0.861516 
-0.0995398 -0.17494 0.227011 0.844151 -1.10347 -0.781297 
-0.387631 0.312373 -0.590109 0.93838 -0.673599 -0.875972 
0.374126 -0.425328 0.402643 -2.00387 1.42655 1.86469 
-0.0925987 -0.166212 0.00240069 1.15519 -0.945534 -1.20728 
-0.383579 0.365929 -0.782453 -1.73601 0.604057 1.70598 
0.90548 -0.29706 0.0873129 -1.887 1.89769 -4.88844 
0.382096 -0.352547 0.0244637 -1.74396 1.38028 -4.87841 
-0.0864686 -0.0933614 -0.293146 1.57392 -0.938291 4.52422 
-0.37977 0.481571 -1.0802 -1.19199 0.721266 1.03718 
0.907545 -0.0664264 -0.576049 1.31939 -1.89162 4.02906 
0.385084 -0.153522 -0.498516 -1.49924 1.47743 0.915393 
-0.0841197 0.064549 -0.706985 -1.1917 1.11151 0.838735 
-1.05528 -0.198723 0.677203 -0.615029 -1.47414 0.832678 
-0.752343 0.186447 -0.224302 -0.5611 -0.882132 0.870261 
-1.06209 -0.315908 0.545538 -0.747011 -1.2216 1.01304 
-0.756072 0.192526 -0.340889 -0.755318 -0.737313 1.04996 
-1.67674 -0.341061 -0.357474 1.52009 1.51055 -0.870717 
-1.07681 -0.109553 -0.536758 1.11869 1.0459 -0.801078 
-0.762368 0.580676 -1.39482 0.730849 0.958109 -0.476035 
-0.888901 -0.0351936 0.539185 -0.437962 -1.48172 0.682787 
-0.701492 0.290658 -0.340341 -0.419129 -0.902383 0.747729 
-0.894757 -0.154708 0.423457 -0.54775 -1.19661 0.812599 
-0.704995 0.297118 -0.457512 -0.585645 -0.732839 0.89532 
-1.26385 -0.578432 0.815063 -0.863862 -1.33813 1.15172 
-0.901842 -0.206429 0.252847 -0.761052 -0.947849 1.03125 
-0.709458 0.323244 -0.604738 -0.902128 -0.584801 1.19237 
-1.87639 -0.792824 0.804062 -1.14194 -1.73842 1.66205 
-0.909607 -0.1952 0.0265113 -1.13715 -0.786859 1.40653 
-0.714534 0.379617 -0.800958 1.70021 0.534488 4.85751 
-0.915836 -0.121553 -0.267637 -1.64122 -0.790552 -4.3716 
-1.89226 -0.415907 -0.311551 1.6345 1.64231 -0.84115 
-1.2811 -0.316542 -0.373811 1.22358 1.18088 -0.810845 
-0.90852 0.0208341 -0.661412 0.937414 0.899379 -0.702804 
-0.756037 0.146046 0.359778 -0.272836 -1.52726 0.564464 
-0.654682 0.40717 -0.480509 -0.271223 -0.94265 0.625676 
-0.930492 -0.0582868 0.810091 -0.431671 -1.71551 0.598008 
-0.760156 0.0303662 0.257945 -0.348456 -1.23116 0.635869 
-0.657691 0.415826 -0.599948 -0.392457 -0.753447 0.723812 
-0.940038 -0.344496 0.677563 -0.557281 -1.24452 0.80329 
-0.766144 -0.0285465 0.101742 -0.514155 -0.934439 0.786933 
-0.66204 0.445474 -0.753913 -0.664403 -0.557578 0.970808 
-0.951961 -0.42755 0.413158 -0.891679 -0.899521 1.16371 
-0.77415 -0.0287051 -0.115269 -0.894675 -0.681196 1.14822 
-1.28348 -0.429842 -0.303716 1.15978 1.15355 -0.749035 
-0.952591 -0.177357 -0.478591 0.907844 0.896048 -0.674734 
-0.771846 0.201552 -0.862035 0.705438 0.79535 -0.537294 
-0.649664 0.337167 0.135034 -0.120217 -1.587 0.473916 
-0.611586 0.5418 -0.656315 -0.122924 -1.00001 0.50816 
-0.707846 0.207394 0.538045 -0.185091 -1.77542 0.458175 
-0.652034 0.232358 0.0439766 -0.158622 -1.30508 0.489546 
-0.613456 0.558015 -0.785954 -0.185505 -0.801492 0.544081 
-0.801086 -0.108033 0.856481 -0.300639 -1.67404 0.497579 
-0.712953 -0.0436675 0.438952 -0.254272 -1.31445 0.522271 
-0.656271 0.173594 -0.0998761 -0.253099 -0.98931 0.551721 
-0.616811 0.599564 -0.959629 -0.353938 -0.562841 0.681947 
-0.813503 -0.449265 0.642251 -0.506389 -1.00962 0.74756 
-0.722427 -0.153922 0.214931 -0.48244 -0.851389 0.7266 
-0.663587 0.167302 -0.308516 -0.53541 -0.646125 0.795306 
-0.622688 0.712374 -1.26183 -1.0682 -0.321992 1.37065 
-0.828661 -0.449834 0.211785 1.89886 0.615168 -1.66147 
-0.811996 -0.224629 -0.440785 0.613589 0.764874 -0.470025 
-0.719077 0.0617841 -0.704048 0.50159 0.706322 -0.395215 
-0.659692 0.487469 -1.24848 0.365377 0.795134 -0.261682 
-0.603461 0.179028 0.113342 -0.0391846 -1.43211 0.420502 
-0.58981 0.674048 -1.16501 -0.054658 -0.648948 0.446208 
-0.625525 0.0149422 0.625391 -0.0609447 -1.70964 0.400623 
-0.604346 0.121419 -0.029778 -0.0548011 -1.1607 0.412327 
-0.627728 -0.198322 0.478298 -0.0881497 -1.25571 0.406023 
-0.606 0.113169 -0.226643 -0.0943664 -0.861914 0.422153 
-0.671427 -0.643327 0.76812 -0.187129 -0.980261 0.475392 
-0.632097 -0.261713 0.217464 -0.179181 -0.806901 0.465273 
-0.609272 0.161292 -0.494991 -0.231171 -0.518838 0.525103 
-0.682462 -0.613665 0.332451 -0.58993 -0.445846 0.85361 
-0.639692 -0.198288 -0.157748 -0.626708 -0.36094 0.878877 
-0.615026 0.303788 -0.909462 -1.33966 -0.193089 1.60365 
-0.692102 -0.381901 -0.283015 0.856656 0.429221 -0.623407 
-0.646164 0.0214701 -0.742478 0.689206 0.444713 -0.471047 
-0.459927 0.0441611 0.256745 0.150645 -1.38656 0.167176 
-0.528476 0.541948 -0.971199 0.191176 -0.655115 0.103802 
-0.34079 -0.18761 0.805027 0.226949 -1.64212 0.0835769 
-0.458578 -0.0151263 0.107992 0.183864 -1.10645 0.086112 
-0.527744 0.681854 -1.3057 0.336062 -0.394331 -0.0838325 
-0.337932 -0.411319 0.633327 0.276099 -1.16049 -0.0682102 
-0.457294 -0.0234416 -0.0907689 0.250379 -0.805065 -0.034284 
-0.0915372 -0.940834 0.891215 0.591261 -0.889056 -0.565426 
-0.334978 -0.452888 0.348549 0.43169 -0.72227 -0.309217 
-0.456168 0.0219982 -0.352254 0.439204 -0.467618 -0.286999 
-0.0809676 -0.810921 0.412545 1.17977 -0.569914 -1.26659 
-0.331144 -0.366169 -0.038891 1.09604 -0.357157 -1.06441 
-0.454664 0.147267 -0.729829 1.69343 -0.213487 -1.62313 
-0.0660546 -0.526655 -0.213558 -1.09682 0.727092 0.862631 
-0.323529 -0.141326 -0.599732 -0.771977 0.573978 0.674376 
-0.295387 -0.0531255 0.349097 0.346814 -1.39095 -0.0943893 
-0.463735 0.44985 -0.846187 0.41761 -0.685404 -0.206573 
0.00706906 -0.269014 0.862368 0.530973 -1.7101 -0.263301 
-0.291737 -0.110378 0.193271 0.424752 -1.12954 -0.243529 
-0.461877 0.54419 -1.09864 0.642534 -0.492541 -0.485616 
0.0144759 -0.484835 0.674944 0.624492 -1.30005 -0.551594 
-0.287874 -0.113996 -0.0112684 0.574981 -0.870518 -0.469004 
0.530406 -0.743764 0.804197 0.90558 -1.51063 -1.11354 
0.0234649 -0.50773 0.376304 0.863798 -0.997746 -0.929353 
-0.283176 -0.0626765 -0.276517 0.908181 -0.635965 -0.889193 
0.544954 -0.663651 0.341611 1.14857 -1.33489 -1.5814 
0.0436102 -0.169384 -0.582599 -1.33343 0.980395 0.941425 
-0.115348 -0.105402 0.393261 0.524495 -1.45587 -0.339254 
-0.396394 0.381035 -0.758383 0.595821 -0.743232 -0.458818 
0.34681 -0.182479 0.78868 0.777765 -1.91068 -0.525718 
-0.110883 -0.159767 0.232639 0.617246 -1.22915 -0.527427 
-0.3939 0.461084 -0.984173 0.829165 -0.596894 -0.753296 
0.355 -0.388646 0.606859 0.820304 -1.59882 -0.858875 
-0.105704 -0.157817 0.0228597 0.780041 -1.02491 -0.784259 
-0.391055 0.688285 -1.4705 1.42956 -0.477457 -1.45282 
0.364227 -0.416594 0.31292 -2.16826 1.37998 1.93239 
-0.09954 -0.100733 -0.24606 1.06267 -0.869129 -1.17116 
0.382117 -0.0803651 -0.662045 -1.65195 1.32685 0.983776 
-0.0864589 0.380184 -1.35848 -1.18049 1.05929 0.689342 
-1.04939 -0.299466 0.549681 -0.560855 -1.33807 0.950404 
-0.749184 0.272953 -0.626814 -0.634155 -0.670563 1.05012 
-1.05535 -0.345443 0.374555 -0.693826 -1.11518 1.11531 
-0.752345 0.338437 -0.826626 -0.92158 -0.541978 1.33606 
-1.08196 0.12805 -1.02935 1.21859 1.07863 -6.90958 
-0.884177 -0.134498 0.420707 -0.391387 -1.34863 0.766825 
-0.698745 0.392188 -0.771293 -0.470052 -0.665603 0.889095 
-1.24222 -0.400877 0.948491 -0.615092 -1.67331 0.92463 
-0.888903 -0.190373 0.259542 -0.495995 -1.09204 0.885444 
-0.701443 0.475164 -1.00371 -0.738345 -0.49431 1.1538 
-1.25229 -0.60316 0.738865 -0.741321 -1.30331 1.19115 
-0.894758 -0.188275 0.0488139 -0.692589 -0.862008 1.0884 
-1.86361 -0.801874 0.823999 -0.973954 -1.69426 1.67655 
-0.901842 -0.129854 -0.220739 -1.05612 -0.699038 1.45854 
-1.27582 -0.472092 0.0170801 -1.32784 -1.02867 1.89315 
-0.909612 -0.00124703 -0.584571 -1.59243 -0.698336 -4.26782 
-0.915821 0.313732 -1.26027 1.04171 0.963843 -0.532483 
-0.752564 0.0520244 0.24805 -0.236408 -1.39868 0.620578 
-0.652574 0.541163 -0.970605 -0.30269 -0.668077 0.729121 
-0.923434 -0.155451 0.776456 -0.359239 -1.68052 0.663136 
-0.755679 -0.00711434 0.0988146 -0.302271 -1.12933 0.684328 
-0.654666 0.685836 -1.3137 -0.549585 -0.427278 0.972184 
-0.930515 -0.373559 0.605324 -0.452517 -1.24353 0.81939 
-0.759967 -0.0132032 -0.102833 -0.439774 -0.856699 0.814047 
-1.25558 -0.797589 0.832309 -0.773264 -1.2032 1.25833 
-0.940038 -0.413305 0.319963 -0.696222 -0.896526 1.08711 
-0.766144 0.0375734 -0.370813 -0.769531 -0.604642 1.136 
-0.962652 -0.0944739 -0.640667 1.25758 0.837925 -0.806011 
-0.648086 0.252966 0.0278233 -0.10017 -1.46236 0.508897 
-0.610427 0.784984 -1.34271 -0.145841 -0.625142 0.581586 
-0.704262 0.128295 0.507093 -0.14632 -1.75479 0.498494 
-0.649598 0.198456 -0.114793 -0.128914 -1.20138 0.522598 
-0.793084 -0.0840361 0.846602 -0.231252 -1.80498 0.516808 
-0.707278 -0.0734146 0.36981 -0.186763 -1.33394 0.539925 
-0.652025 0.19277 -0.313655 -0.193687 -0.913783 0.566779 
-0.80031 -0.428017 0.643865 -0.32573 -1.16593 0.660768 
-0.712912 -0.14123 0.118918 -0.312652 -0.912786 0.651548 
-0.656278 0.246184 -0.591241 -0.385441 -0.59024 0.735703 
-0.81332 -0.444834 0.236548 -0.712906 -0.678428 1.05318 
-0.722376 -0.0838841 -0.255079 -0.771672 -0.522434 1.09456 
-2.46643 -0.274663 -0.44619 2.22306 1.97694 -0.63678 
-1.69464 -0.336314 -0.530415 1.64911 1.42861 -0.699767 
-1.03576 0.0706511 -1.01026 -2.0708 -1.04781 2.60202 
-1.80166 -0.601028 -0.428941 1.5268 1.36636 -0.518363 
-0.869743 -0.143325 -0.807959 0.648531 0.891067 -0.333798 
-0.118446 -0.811611 -0.496891 -0.457777 1.18577 0.157492 
-0.613977 -0.281562 -0.711556 0.0905432 0.847134 -0.00856823 
2.23309 1.00619 -2.53354 -2.91028 1.46627 0.060549 
-1.39556 -0.868698 -0.671743 0.722607 1.40122 0.0313699 
-0.246366 -0.353289 -0.673318 -0.536156 0.938842 0.322316 
-1.98213 -0.525821 -0.298001 1.85989 1.57457 -0.706689 
-1.22972 -0.311808 -0.54001 1.28166 1.07773 -0.679658 
-0.861659 0.251718 -1.22418 0.854105 0.937403 -0.429033 
-2.84833 -0.776705 -0.249339 2.38665 1.79498 -0.327914 
-0.916493 -0.558329 -0.431302 0.603433 0.886528 -0.280912 
-0.681582 0.0162598 -0.94909 0.323803 0.775885 -0.152367 
0.066332 -0.654553 -0.422316 -0.836547 1.04501 0.421077 
-0.445741 -0.110798 -0.831649 -0.275704 0.790153 0.219385 
-2.22539 -0.870119 -0.757903 1.43631 1.41494 0.124718 
-0.162226 -0.168081 -0.7864 -0.79286 0.92977 0.497643 
-1.19551 -0.543483 -0.283187 1.25254 0.972856 -0.693202 
-0.869688 -0.166668 -0.636695 0.94481 0.763531 -0.587016 
-0.247729 -0.783731 -0.242905 -0.424173 0.849072 0.28212 
-0.495625 -0.365789 -0.504429 -0.117695 0.660355 0.139968 
-0.545811 0.270527 -1.24672 -0.0333132 0.763758 0.081539 
1.03808 -0.618384 -0.266052 -1.87747 1.57339 -5.54241 
0.0480264 -0.417488 -0.481142 -1.05849 0.971376 0.663599 
-0.339522 0.128793 -1.07044 -0.597179 0.826895 0.421612 
0.539392 -0.321194 -0.535992 -1.59925 1.35532 0.816355 
-0.1147 0.0761025 -1.0123 -1.00329 0.984818 0.62177 
-0.669486 -0.317961 -0.393993 0.671584 0.47173 -0.459392 
-0.633954 0.0905617 -0.872086 0.53288 0.513967 -0.329557 
-0.0593365 -0.454312 -0.322264 -1.06099 0.787232 0.797438 
-0.314095 -0.0754607 -0.714565 -0.740562 0.653565 0.611557 
0.540257 -0.333364 -0.398497 -1.67863 1.37289 0.966719 
0.0455721 -0.104258 -0.69373 -1.29426 1.02459 0.867118 
0.375483 -0.010413 -0.784648 -1.62349 1.34598 0.910771 
-0.602926 0.13756 -0.0416866 -0.0332389 -1.29024 0.444535 
-0.624233 -0.0576667 0.580899 -0.0476642 -1.66358 0.429557 
-0.603458 0.131977 -0.238206 -0.0451664 -1.03386 0.438194 
-0.625465 -0.216578 0.396398 -0.0636638 -1.24997 0.429104 
-0.604347 0.181375 -0.502496 -0.0738613 -0.748754 0.444613 
-0.664957 -0.622563 0.76636 -0.116095 -1.12393 0.459967 
-0.627728 -0.237654 0.106863 -0.111951 -0.846908 0.452961 
-0.606005 0.315611 -0.894428 -0.184501 -0.400474 0.530826 
-0.671427 -0.60318 0.343284 -0.275086 -0.605193 0.598426 
-0.632096 -0.140634 -0.298405 -0.318824 -0.423074 0.632987 
-0.682463 -0.38976 -0.244323 1.67347 0.243518 -1.36629 
-0.639685 0.138731 -0.972809 -2.27534 -0.274716 -3.70542 
-0.461161 0.00153389 0.0988239 0.140689 -1.24625 0.173244 
-0.343358 -0.268577 0.756704 0.201737 -1.58967 0.0933483 
-0.459916 -0.00506746 -0.0979043 0.177773 -0.987918 0.0965558 
-0.34078 -0.422692 0.546143 0.247224 -1.16136 -0.0329974 
-0.458576 0.0403054 -0.352981 0.253019 -0.71003 -0.024262 
-0.100042 -0.921426 0.894692 0.464544 -1.01387 -0.419304 
-0.337911 -0.421826 0.237687 0.366616 -0.773974 -0.223751 
-0.457314 0.156226 -0.707074 0.484169 -0.393994 -0.310928 
-0.0915446 -0.805426 0.429068 0.814558 -0.637998 -0.870892 
-0.334978 -0.306793 -0.172672 0.772583 -0.40746 -0.706414 
-0.298058 -0.0960414 0.18899 0.324654 -1.25041 -0.112406 
0.000853638 -0.35167 0.812004 0.467731 -1.65068 -0.282151 
-0.295054 -0.0993917 -0.012048 0.406933 -1.01151 -0.254648 
0.00706168 -0.496437 0.588619 0.551195 -1.27815 -0.520325 
-0.291736 -0.0508774 -0.267899 0.562294 -0.773875 -0.476128 
0.515499 -0.738761 0.812651 0.763742 -1.53505 -1.01094 
0.0144584 -0.478916 0.268499 0.741095 -0.987536 -0.828485 
-0.287874 0.0616044 -0.609976 0.913971 -0.552778 -0.90814 
0.0234837 -0.349853 -0.14976 -2.02767 0.791207 1.81769 
0.544913 -0.423168 -0.243408 1.24885 -1.20731 -1.91702 
-0.119271 -0.148928 0.232601 0.490118 -1.31445 -0.384209 
0.340006 -0.265862 0.744411 0.677643 -1.85111 -0.5811 
-0.115345 -0.148547 0.0278459 0.58964 -1.10739 -0.563486 
0.346841 -0.409084 0.526957 0.72314 -1.5501 -0.861222 
-0.11089 -0.0957891 -0.230727 0.756602 -0.918182 -0.814729 
0.354777 -0.397179 0.209756 0.853307 -1.3247 -1.16111 
-0.105705 0.0193245 -0.571873 1.05 -0.7656 -1.20849 
0.364143 -0.270122 -0.213019 -2.06999 1.18015 1.59482 
-0.0995365 0.279758 -1.15319 1.5756 -0.730588 4.39377 
-1.04427 -0.334657 0.378865 -0.526136 -1.20175 1.04403 
-1.63 -0.572133 0.936927 -0.748949 -1.76685 1.31835 
-1.04942 -0.323962 0.164905 -0.662416 -1.00102 1.2048 
-1.05535 -0.261721 -0.0970046 2.25953 0.838709 -1.69514 
-0.880346 -0.176122 0.25783 -0.361914 -1.21019 0.83527 
-1.23362 -0.485719 0.894956 -0.53452 -1.60517 1.00736 
-0.884177 -0.176827 0.0536418 -0.466187 -0.975121 0.951286 
-1.24222 -0.611291 0.651352 -0.647021 -1.26039 1.2236 
-0.888903 -0.124964 -0.203678 -0.662757 -0.756712 1.15735 
-1.25229 -0.569044 0.316601 -0.862002 -1.03108 1.49365 
-1.26382 -0.421052 -0.109235 1.9499 0.921903 -1.2659 
-0.901852 0.236214 -1.09762 -1.74378 -0.604838 -3.97905 
-0.750075 0.00854265 0.0912664 -0.213684 -1.25841 0.666773 
-0.918157 -0.234501 0.728883 -0.306414 -1.62665 0.715776 
-0.752477 0.00237223 -0.106199 -0.276534 -1.0074 0.729607 
-0.923446 -0.389345 0.521872 -0.380717 -1.22389 0.839491 
-0.755551 0.0497226 -0.364484 -0.40692 -0.747118 0.857954 
-1.24026 -0.7899 0.839817 -0.618451 -1.2451 1.19559 
-0.930516 -0.389008 0.213267 -0.563773 -0.885653 1.0448 
-0.759973 0.168603 -0.723539 -0.756736 -0.487036 1.21042 
-0.940043 -0.271767 -0.201275 -0.995039 -0.64014 1.49649 
-0.647017 0.213517 -0.127056 -0.0881354 -1.31877 0.537537 
-0.701955 0.0599188 0.465429 -0.121046 -1.71082 0.531252 
-0.648071 0.210802 -0.326327 -0.113677 -1.06824 0.552939 
-0.788161 -0.0674243 0.838055 -0.190485 -1.89868 0.540114 
-0.70394 -0.0940265 0.290975 -0.148604 -1.321 0.562134 
-0.649605 0.265985 -0.600874 -0.17003 -0.787275 0.596405 
-0.792227 -0.41055 0.640917 -0.233807 -1.28634 0.637094 
-0.707256 -0.120829 0.0089177 -0.226449 -0.933971 0.631729 
-0.65206 0.423563 -1.03593 -0.365604 -0.438903 0.781008 
-0.800177 -0.435331 0.245886 -0.427839 -0.788133 0.839594 
-0.712878 -0.0272901 -0.4004 -0.494907 -0.537754 0.890385 
-2.46202 -0.294024 -0.408665 2.32521 1.84956 -6.88571 
-1.68757 -0.234359 -0.7296 -1.40774 -1.27935 2.53031 
-3.01963 -0.466627 -0.306037 2.66657 1.9711 -0.297262 
-1.79012 0.582383 -2.52563 1.3426 1.31602 0.437661 
-0.0386627 -0.687645 -0.692325 -0.512884 1.09297 0.180015 
-1.39809 -0.720519 -0.897585 0.735531 1.30042 0.137438 
-1.22166 -0.211571 -0.734035 -1.77216 -0.938277 -3.7732 
-2.81583 -0.800075 -0.212391 -0.679631 -1.62597 2.85516 
-0.918599 -0.453226 -0.613064 0.697648 0.776641 -0.260748 
-1.07004 -1.03761 -0.500478 0.463895 1.18989 0.0964774 
0.0429935 -0.54806 -0.604083 -0.813552 0.905345 0.432199 
1.80585 -0.295389 -0.406374 -2.54906 1.96973 6.88881 
-2.2361 -0.708645 -1.0071 1.42864 1.24826 6.57173 
-0.862089 -0.0600947 -0.843635 1.05801 0.614075 -0.591485 
-0.276698 -0.805007 -0.200146 -0.417431 0.592619 0.364004 
-0.502862 -0.26588 -0.689623 -0.0493629 0.51517 0.152862 
1.02494 -0.643418 -0.22563 1.16205 -1.39195 3.99781 
0.0367709 -0.321024 -0.663303 -1.1018 0.816521 0.723115 
0.530232 -0.22418 -0.728487 1.46216 -1.1823 -2.29254 
-0.629024 0.240723 -1.16007 0.618278 0.349752 5.96144 
-0.0746689 -0.472367 -0.276206 1.7809 -0.561618 -1.97453 
-0.32242 0.0369736 -0.934722 -0.808987 0.479723 0.743422 
0.0353047 0.005429 -0.913689 -1.38648 0.858571 0.960569 
-0.719876 1.08796 0.691041 -0.567373 -1.74711 -0.111315 
-0.584654 1.05754 0.492221 -0.422631 -1.55205 0.0082938 
-0.500108 1.09682 0.237515 -0.346678 -1.34793 0.0796812 
-0.443013 1.19643 -0.0758864 -0.309867 -1.13937 0.133097 
-0.591717 0.540294 0.708386 -0.649938 -0.913468 0.199275 
-0.506671 0.796542 0.379351 -0.585084 -0.836951 0.222565 
-0.448782 1.04494 0.00379005 -0.582603 -0.716615 0.291837 
-0.498108 0.529191 0.441833 -0.933518 -0.392179 0.594987 
-0.44231 0.918367 0.0477715 -0.847956 -0.364582 0.55233 
-0.695627 -0.634732 0.598952 0.406744 1.044 -0.735584 
-0.570631 -0.213264 0.625357 0.514115 0.587788 -0.854156 
-0.437155 0.8124 0.0684126 -1.7292 -0.197763 1.42707 
-0.686363 -0.503726 0.104977 0.273752 1.4904 -0.578603 
-0.564552 -0.305788 0.379187 0.255478 1.00368 -0.585012 
-0.487057 0.15514 0.369113 0.342499 0.550184 -0.671852 
-0.433952 0.719642 0.0752811 -2.58708 -0.286583 -4.00783 
-0.680026 -0.19943 -0.59077 0.240382 1.95081 -0.486619 
-0.560589 -0.265853 0.0413557 0.178576 1.37619 -0.500505 
-0.484307 0.0550869 0.253793 0.193616 0.837978 -0.525732 
-0.431944 0.636736 0.0709131 0.288331 0.439543 -0.609647 
-0.233474 1.06575 0.611845 0.291981 -1.67373 0.0302191 
-0.305692 1.0757 0.333463 0.220872 -1.41303 -0.0352637 
-0.349994 1.1736 -0.0150499 0.189379 -1.16517 -0.0761057 
-0.256383 0.480467 0.864166 0.105266 -0.991896 -0.0886416 
-0.322703 0.757992 0.489511 0.0331286 -0.893787 -0.0744654 
-0.36291 1.02068 0.0703013 -0.0176926 -0.737174 -0.0545419 
-0.254958 -0.0927845 0.917969 0.500217 -0.209671 -0.543103 
-0.320815 0.466591 0.557229 0.124752 -0.388873 -0.207084 
-0.360964 0.890411 0.115095 0.0412337 -0.368863 -0.153896 
-0.128064 -0.913756 0.726814 -0.238573 1.05757 0.155633 
-0.252022 -0.408047 0.773441 -0.266375 0.491975 0.178137 
-0.317723 0.227825 0.550076 -0.946252 0.101053 0.836975 
-0.358073 0.780091 0.13623 0.595493 -0.0974166 -0.730138 
-0.130146 -0.704021 0.209161 -0.195052 1.4943 0.0507076 
-0.251768 -0.483468 0.505908 -0.155827 0.964778 0.021915 
-0.316842 0.0555943 0.481859 -0.213229 0.447004 0.0711896 
-0.357025 0.683143 0.143245 -0.444209 0.161862 0.284162 
-0.133287 -0.373325 -0.469981 -0.186515 1.93231 -0.0413331 
-0.252824 -0.422258 0.15731 -0.121766 1.34577 -0.054347 
-0.31716 -0.0505792 0.362241 -0.1274 0.765689 -0.0463903 
-0.357028 0.596571 0.138975 -0.207388 0.341798 0.0220238 
0.557816 1.10703 0.729967 1.34662 -1.63136 0.25937 
0.153178 1.06428 0.607708 0.93665 -1.6309 0.0814273 
-0.103183 1.06868 0.366938 0.681733 -1.46564 -0.0854093 
-0.260754 1.1647 0.0125724 0.555285 -1.23163 -0.203548 
0.145116 0.495406 0.860474 0.936805 -1.15423 -0.288873 
-0.109743 0.753524 0.525879 0.695633 -1.05585 -0.301909 
-0.265953 1.01464 0.101199 0.584959 -0.891024 -0.364541 
0.133003 -0.0938428 0.931553 -1.6985 0.695259 2.05204 
-0.117626 0.446505 0.606638 0.913363 -0.640507 -0.678009 
-0.271108 0.879542 0.154947 0.724149 -0.571434 -0.60935 
0.516287 -0.765152 0.673709 -0.78673 1.38994 0.982867 
0.122855 -0.428837 0.794588 -0.880021 0.795255 1.06028 
-0.27412 0.762594 0.18169 1.14746 -0.355826 -1.10115 
0.502166 -0.609614 0.171935 -0.652823 1.71453 0.686488 
0.114455 -0.510075 0.528066 -0.560225 1.12696 0.627694 
-0.127561 0.00435526 0.541057 -0.75169 0.566098 0.803661 
0.107417 -0.449376 0.179702 -0.437974 1.44806 0.411207 
-0.131457 -0.107936 0.420578 -0.45933 0.82076 0.447139 
-0.278764 0.568663 0.189503 -0.759854 0.379655 0.710823 
0.911966 1.05845 0.466004 1.86373 -1.58419 -0.0443011 
0.480161 1.05693 0.499978 1.43219 -1.56891 -0.0137635 
0.0924061 1.07242 0.351377 1.04936 -1.49718 -0.127346 
-0.177813 1.15963 0.0273749 0.812229 -1.29985 -0.275235 
0.909374 0.414435 0.72819 1.91944 -1.46433 -6.81852 
0.476689 0.554064 0.726999 1.4906 -1.29643 -0.419496 
0.0892415 0.765443 0.507391 1.11187 -1.18673 -0.396338 
-0.180671 1.01351 0.113941 0.893904 -1.02727 -0.473781 
0.0817071 0.461921 0.594369 1.31411 -0.888564 -0.798027 
-0.185658 0.877694 0.172715 1.03954 -0.76449 -0.736425 
0.890602 -0.346539 0.435773 -0.887144 1.70146 1.45361 
0.456087 -0.26763 0.687926 2.13933 -1.16827 -1.671 
0.0732077 0.2 0.60437 1.73877 -0.735128 -1.37896 
-0.191043 0.755767 0.206779 1.31828 -0.573073 -1.10935 
0.880271 -0.289255 -0.0239263 -0.820064 1.95682 1.0953 
0.445839 -0.376477 0.445888 -0.769017 1.38343 1.06029 
0.065896 0.00740278 0.545043 -0.957442 0.795031 1.19944 
-0.195498 0.647694 0.222349 1.71288 -0.489666 -1.57565 
0.437322 -0.34088 0.110685 -0.653609 1.63321 0.793959 
0.0598619 -0.110807 0.428661 -0.681044 0.971532 0.829799 
-2.31576 0.370429 0.821038 0.810634 1.6471 3.41811 
-0.970882 0.695512 0.824843 -0.979291 -1.35785 0.0425873 
-0.591984 0.947145 0.31677 -0.649593 -1.13576 0.186968 
-0.589548 0.799405 0.380345 -0.726132 -0.901808 0.273886 
-0.586402 0.660145 0.422326 -0.863859 -0.687777 0.42121 
-1.6602 -0.812381 0.702588 0.936423 1.70762 -1.53613 
-0.951022 -0.404657 0.898173 -2.01035 -0.804694 -4.81435 
-0.582906 0.53136 0.445073 -1.10991 -0.514752 0.676505 
-1.64872 -0.706464 0.337236 0.868961 1.87484 -1.34438 
-0.792783 0.71251 0.689312 -0.828679 -1.22846 0.127853 
-0.54797 0.979302 0.20976 -0.635315 -1.0267 0.228818 
-0.787362 0.352483 0.787451 -1.00552 -0.866978 0.398557 
-0.544944 0.838552 0.268999 -0.747032 -0.766213 0.340981 
-0.541344 0.710176 0.304977 -0.95503 -0.546631 0.550304 
-1.21554 -0.74354 0.663736 0.782058 1.36758 -1.26614 
-1.20425 -0.64625 0.300582 0.660429 1.60488 -1.07347 
-0.767221 -0.320536 0.604831 0.656795 0.842927 -1.10268 
-0.905295 0.495886 0.852492 -0.97138 -1.1496 0.191426 
-0.660167 0.756111 0.516348 -0.743169 -1.05229 0.209055 
-0.508577 1.01609 0.094759 -0.642611 -0.892773 0.28193 
-0.654157 0.453824 0.595067 -0.999858 -0.670096 0.510096 
-0.505273 0.883763 0.146271 -0.829351 -0.598965 0.457939 
-1.26438 -0.762457 0.673438 0.804496 1.40537 -1.29714 
-0.884277 -0.416448 0.787476 0.907443 0.819902 -1.40048 
-0.501067 0.766928 0.174826 -1.20712 -0.393095 0.829822 
-1.24931 -0.609769 0.172838 0.663289 1.71155 -1.0516 
-0.87436 -0.501716 0.523635 0.577116 1.12744 -1.01407 
-0.641348 0.0123699 0.533803 0.781439 0.577238 -1.21323 
-0.866243 -0.443253 0.176116 0.442284 1.44161 -0.83463 
-0.636409 -0.100548 0.414201 0.470044 0.819752 -0.884126 
-0.84478 0.320209 0.847522 -1.03367 -0.927955 0.37401 
-0.678237 0.58732 0.600327 -0.839098 -0.888533 0.307013 
-0.560107 0.824005 0.309598 -0.735053 -0.817261 0.313968 
-0.474039 1.05993 -0.0339698 -0.701039 -0.709274 0.371753 
-0.553063 0.571264 0.36716 1.9084 0.437221 -2.32083 
-0.469043 0.936619 0.00703769 -1.11114 -0.394369 0.761545 
-0.817813 -0.437507 0.480226 0.530447 1.09798 -0.959307 
-0.659327 -0.091153 0.517912 0.632534 0.691662 -1.06112 
-0.80837 -0.34703 0.00217812 0.375853 1.53243 -0.749246 
-0.652753 -0.187803 0.283154 0.360167 1.06602 -0.762973 
-0.541836 0.217997 0.29455 0.452548 0.641233 -0.850061 
-0.80152 -0.0506793 -0.719389 0.34332 2.00109 -0.603444 
-0.647942 -0.15734 -0.0493686 0.263095 1.4233 -0.640166 
-0.53837 0.12141 0.181885 0.282045 0.902834 -0.67301 
-0.458183 0.66184 0.0290933 0.391576 0.513477 -0.764728 
-0.591664 0.973135 0.52842 -0.531001 -1.90119 0.0472138 
-0.506565 0.899766 0.334131 -0.423849 -1.6556 0.157153 
-0.448991 0.918871 0.0643559 -0.374799 -1.41455 0.230575 
-0.584911 0.437726 0.749297 -0.450852 -1.22245 0.164038 
-0.500106 0.591954 0.458792 -0.384566 -1.08281 0.187527 
-0.443011 0.765321 0.132148 -0.353277 -0.928305 0.217456 
-0.591777 -0.0339054 0.755828 -1.10931 -0.564216 0.803481 
-0.50672 0.328862 0.473356 -0.890595 -0.555677 0.614626 
-0.449195 0.641232 0.1404 -0.83181 -0.511471 0.593861 
-0.709571 -0.652619 0.623686 0.603279 0.914537 -0.855632 
-0.580018 -0.277193 0.58557 0.740606 0.569278 -1.01498 
-0.442339 0.54684 0.119756 1.38492 0.275648 4.64361 
-0.695695 -0.51893 0.122894 0.355575 1.37902 -0.592777 
-0.57064 -0.322663 0.300268 0.333156 0.986452 -0.603473 
-0.491336 0.036913 0.286623 0.392374 0.634954 -0.670783 
-0.43716 0.476815 0.0819701 0.520053 0.401961 -0.790189 
-0.686261 -0.212524 -0.573781 0.285118 1.86346 -0.471563 
-0.564563 -0.243268 -0.0753355 0.218608 1.38507 -0.486618 
-0.487041 -0.00742397 0.117685 0.217668 0.949778 -0.504839 
-0.433954 0.422288 0.0338861 0.267094 0.601558 -0.552202 
-0.256325 0.966829 0.665522 0.0962694 -1.98593 0.0695536 
-0.322703 0.859578 0.445962 0.0259202 -1.65949 0.0560055 
-0.362914 0.882719 0.135385 -0.0121363 -1.37201 0.0700405 
-0.23361 0.360643 0.897342 0.304138 -1.27157 -0.092779 
-0.305501 0.536988 0.565071 0.243808 -1.11413 -0.10954 
-0.349049 0.73339 0.193363 0.217046 -0.938039 -0.129464 
-0.256389 -0.219655 0.922576 0.252532 -0.357887 -0.267737 
-0.322704 0.243796 0.591672 0.0557108 -0.482121 -0.103079 
-0.362915 0.602284 0.209851 -0.0268928 -0.458391 -0.043526 
-0.129143 -0.944123 0.753659 -0.265811 0.860235 0.200188 
-0.254965 -0.476705 0.729183 -0.257397 0.399244 0.185583 
-0.320799 0.0419745 0.525346 -0.587509 0.0846554 0.494321 
-0.360965 0.504061 0.189959 0.254484 -0.0588779 -0.369497 
-0.128146 -0.723009 0.227463 -0.211754 1.35813 0.08197 
-0.252048 -0.49688 0.423366 -0.157689 0.922033 0.038087 
-0.317727 -0.0710789 0.397102 -0.165909 0.517356 0.0377578 
-0.358073 0.430546 0.15186 -0.21505 0.258744 0.0712398 
-0.13006 -0.387359 -0.453878 -0.201844 1.83416 -0.0174768 
-0.251756 -0.396486 0.0408135 -0.131468 1.33916 -0.0369826 
-0.316844 -0.115447 0.22356 -0.119862 0.871026 -0.0442044 
-0.357012 0.371857 0.104668 -0.144022 0.500765 -0.0282928 
0.549749 1.1581 0.701081 1.3725 -1.92484 0.403624 
0.145116 0.955034 0.672423 0.888396 -1.89042 0.154725 
-0.109747 0.838015 0.489913 0.59402 -1.65457 -0.0317542 
-0.265805 0.858511 0.173892 0.45382 -1.3694 -0.127423 
0.153171 0.363373 0.892387 0.958152 -1.38555 -0.256293 
-0.103287 0.516753 0.601022 0.730217 -1.22288 -0.296265 
-0.260759 0.717563 0.221967 0.617245 -1.03321 -0.348604 
-0.109739 0.218247 0.634983 0.943084 -0.760301 -0.696516 
-0.265633 0.587511 0.245183 0.765867 -0.668497 -0.616224 
0.533154 -0.776678 0.69615 -0.984574 1.32929 1.12004 
0.133005 -0.489673 0.746026 -1.06281 0.814017 1.20508 
-0.271085 0.4815 0.23476 1.24309 -0.388048 -1.18858 
0.51629 -0.621143 0.189314 -0.772411 1.63321 0.743744 
0.122907 -0.518873 0.443915 -0.659798 1.11569 0.686186 
-0.123102 -0.124243 0.453391 -0.753134 0.650529 0.780453 
-0.274119 0.401166 0.201069 -1.05659 0.373483 1.04697 
0.501993 -0.310847 -0.491747 -0.721603 1.9982 0.444459 
0.114443 -0.420711 0.0628644 -0.504313 1.45207 0.429846 
-0.127561 -0.172511 0.279744 -0.4746 0.929757 0.433793 
-0.276526 0.339017 0.154472 -0.605838 0.524463 0.546779 
0.909384 1.09451 0.445831 1.83979 -1.8189 0.0917297 
0.47669 0.948137 0.563491 1.40036 -1.80108 0.0619046 
0.0892383 0.83642 0.477078 0.989154 -1.67286 -0.0987272 
-0.180294 0.846404 0.19112 0.741547 -1.41604 -0.239404 
0.480436 0.433378 0.758438 1.44298 -1.52048 -0.375558 
0.0924157 0.52551 0.584449 1.0912 -1.34559 -0.405552 
-0.177832 0.709478 0.237172 0.878373 -1.13986 -0.466572 
0.909383 -0.109117 0.718122 -1.21575 1.6523 -4.17719 
0.476721 -0.0438283 0.786139 -1.49487 1.29512 2.16155 
0.0893151 0.236991 0.61807 1.30857 -1.03668 -0.832974 
-0.180244 0.582564 0.259736 1.06638 -0.866935 -0.765477 
0.467458 -0.31826 0.637434 -1.16417 1.2687 1.54788 
0.0816428 0.0152813 0.571222 -1.42576 0.861248 1.72848 
-0.185596 0.473212 0.256341 1.39655 -0.650628 -1.20182 
0.890602 -0.291703 -0.0101163 -0.967736 1.93821 1.13147 
0.45612 -0.383322 0.362011 -0.899641 1.4278 1.09745 
0.0731963 -0.117587 0.454652 -0.989682 0.91258 1.16649 
0.445842 -0.31207 -0.00673842 -0.756505 1.66581 0.792672 
0.0658908 -0.173277 0.286465 -0.717025 1.09387 0.797337 
-0.195547 0.318618 0.187695 -0.891752 0.641461 0.937446 
-1.68933 0.977783 0.830225 -1.72941 -1.72217 6.04491 
-0.970686 0.767108 0.795873 -0.969042 -1.75096 0.00658972 
-0.591932 0.744411 0.405826 -0.589675 -1.40462 0.233185 
-0.591981 0.454635 0.476317 -0.78884 -0.883659 0.445566 
-0.589656 0.330289 0.476092 -1.02021 -0.657325 0.681059 
-1.65999 -0.658605 0.216465 1.00165 1.89714 -1.25459 
-0.951023 -0.575636 0.585718 0.832184 1.07998 -1.17559 
-0.582906 0.143051 0.415049 -1.90575 -0.485812 1.56994 
-1.88133 1.14438 0.700997 -1.92912 -1.7055 6.0198 
-1.25002 0.975211 0.799875 -1.30127 -1.85619 -0.202006 
-0.792765 0.789932 0.656934 -0.776637 -1.70879 0.0890134 
-0.547897 0.799383 0.291132 -0.542906 -1.38389 0.247573 
-0.792765 0.0702551 0.818516 -1.05902 -0.921055 0.599109 
-0.547968 0.522282 0.360809 -0.792323 -0.793945 0.482181 
-0.545079 0.40805 0.356582 -1.10523 -0.555096 0.788914 
-1.22807 -0.731821 0.569445 0.908618 1.38842 -1.23798 
-0.780458 -0.330646 0.6334 1.00603 0.75584 -1.36625 
-0.541375 0.315001 0.331108 1.50467 0.439244 -1.82653 
-1.21561 -0.605203 0.18125 0.763086 1.61568 -1.0264 
-0.773505 -0.379306 0.452295 0.679766 0.958149 -1.01873 
-0.537796 0.24208 0.29028 -2.17742 -0.476968 1.85039 
-0.905332 0.955398 0.664352 -0.917506 -1.89054 -0.0405609 
-0.660163 0.841827 0.479787 -0.631168 -1.66114 0.152418 
-0.509123 0.862794 0.165717 -0.495501 -1.38258 0.25905 
-0.660168 0.225863 0.624379 -0.996447 -0.775404 0.61631 
-0.509193 0.591774 0.236736 -0.834389 -0.68224 0.549903 
-0.654145 0.0107035 0.56804 1.4642 0.55343 4.46332 
-0.505386 0.487809 0.225928 -1.32363 -0.442255 1.02228 
-1.2644 -0.619594 0.189595 0.793176 1.64442 -1.05315 
-0.884276 -0.508805 0.438732 0.690181 1.13198 -1.02013 
-0.647377 -0.114273 0.445404 0.799461 0.677686 -1.14236 
-1.24927 -0.311606 -0.490228 0.73177 1.99266 -0.808357 
-0.874357 -0.414263 0.0593846 0.519551 1.45024 -0.810429 
-0.641346 -0.164637 0.273637 0.498783 0.93333 -0.833169 
-0.497268 0.343449 0.149485 0.642928 0.535106 -0.966408 
-0.678153 0.988618 0.430414 -0.644931 -1.85262 0.0989235 
-0.559834 0.925577 0.2645 -0.511623 -1.64431 0.199794 
-0.474359 0.938336 0.0250284 -0.43894 -1.42398 0.266747 
-0.56024 0.380369 0.400012 -1.06527 -0.592892 0.741658 
-0.474692 0.663548 0.101722 -0.975326 -0.532902 0.705933 
-0.83051 -0.45188 0.504752 0.737065 0.990283 -1.07783 
-0.668245 -0.152678 0.481734 0.844541 0.683582 -1.19013 
-0.55306 0.206417 0.335226 -2.0741 -0.47423 1.74485 
-0.469103 0.572876 0.0780788 1.27968 0.367091 4.70601 
-0.817813 -0.360239 0.0201818 0.47196 1.43479 -0.767415 
-0.659316 -0.2057 0.206285 0.448232 1.06053 -0.778204 
-0.546633 0.1047 0.213586 0.503789 0.727137 -0.837105 
-0.464337 0.505583 0.0391977 0.62061 0.495424 -0.936732 
-0.808378 -0.0631892 -0.70134 0.401198 1.92164 -0.589285 
-0.652834 -0.135465 -0.167167 0.316115 1.44236 -0.62473 
-0.54185 0.061311 0.0465473 0.312453 1.01821 -0.646554 
-0.460774 0.452639 -0.00879638 0.368981 0.675532 -0.697329 
-0.498092 0.692785 0.401728 -0.322194 -1.81191 0.220825 
-0.442517 0.6627 0.118394 -0.27159 -1.50254 0.280747 
-0.591719 0.355914 0.750411 -0.499632 -1.55615 0.2435 
-0.50723 0.416896 0.472755 -0.435285 -1.34224 0.300576 
-0.449062 0.540902 0.141615 -0.410129 -1.13636 0.350417 
-0.584706 -0.11525 0.755367 -0.645968 -0.749907 0.504165 
-0.50012 0.167894 0.464937 -0.535807 -0.706246 0.424281 
-0.443014 0.423829 0.137677 -0.496211 -0.620936 0.414786 
-0.726634 -0.67052 0.660441 0.982969 0.773096 -1.1282 
-0.70971 -0.539652 0.151176 0.499469 1.22169 -0.642547 
-0.580031 -0.331696 0.222075 0.477371 0.916936 -0.663858 
-0.498114 -0.0340776 0.167766 0.52264 0.663926 -0.726251 
-0.442339 0.311093 -0.0108409 0.599235 0.494156 -0.803153 
-0.695598 -0.231335 -0.547741 0.353735 1.73901 -0.460192 
-0.570665 -0.213832 -0.197192 0.282858 1.35735 -0.476346 
-0.491332 -0.0243937 -0.057469 0.269411 1.01981 -0.492752 
-0.43716 0.292745 -0.106894 0.290233 0.747552 -0.52083 
-0.3208 0.633881 0.517 0.048297 -1.7883 0.101958 
-0.360968 0.617041 0.188279 0.0149971 -1.44226 0.113517 
-0.256338 0.243254 0.91645 0.0881912 -1.51523 0.0256494 
-0.322705 0.33187 0.590479 0.0269807 -1.27644 0.0458776 
-0.362914 0.491343 0.211512 -0.0136634 -1.05678 0.0743618 
-0.233509 -0.304079 0.905944 0.485475 -0.660296 -0.394812 
-0.305692 0.0731114 0.570877 0.353584 -0.674901 -0.280573 
-0.349418 0.379908 0.19774 0.31204 -0.600509 -0.260113 
-0.127911 -0.978595 0.792719 -0.385522 0.582359 0.341703 
-0.256322 -0.525466 0.684278 -0.426288 0.215077 0.386977 
-0.362911 0.298973 0.145204 -0.129533 -0.0910672 0.0613945 
-0.129069 -0.750061 0.256368 -0.219124 1.15397 0.11434 
-0.254962 -0.503562 0.342687 -0.138738 0.806166 0.0441969 
-0.320801 -0.145778 0.275825 -0.0967955 0.509615 -0.00696388 
-0.360963 0.256501 0.0609341 -0.0473708 0.319827 -0.0704523 
-0.12808 -0.407798 -0.42919 -0.208919 1.69256 0.0110275 
-0.252017 -0.365588 -0.0788911 -0.130664 1.28933 -0.0212264 
-0.317726 -0.13327 0.0484305 -0.102334 0.924852 -0.0451008 
-0.358072 0.236764 -0.0352287 -0.0920448 0.635937 -0.0627304 
-0.117627 0.598863 0.570835 0.503417 -1.76835 -0.0186384 
-0.271002 0.582256 0.23335 0.371404 -1.41262 -0.0915503 
0.145115 0.229033 0.919428 0.82826 -1.57371 -0.211064 
-0.109554 0.292236 0.634159 0.613344 -1.32264 -0.259686 
-0.265758 0.461009 0.246852 0.508428 -1.08106 -0.28653 
0.153185 -0.297381 0.901148 1.17349 -1.05931 -0.86191 
-0.103285 0.0382256 0.60768 0.928684 -0.899406 -0.693836 
-0.260718 0.357602 0.22768 0.804484 -0.761665 -0.644394 
0.145131 -0.524657 0.691135 1.8023 -0.858589 4.58022 
-0.265788 0.275209 0.183056 1.27931 -0.464838 -1.21678 
0.533138 -0.636928 0.215977 -0.943842 1.52463 0.837895 
0.133003 -0.518781 0.360553 -0.813916 1.0633 0.790756 
-0.117625 -0.196603 0.328327 -0.847292 0.682971 0.846951 
-0.271093 0.223974 0.108965 -0.993459 0.441835 0.976653 
0.516219 -0.326846 -0.466308 -0.822376 1.88703 0.48118 
0.122872 -0.38673 -0.0568016 -0.590751 1.41638 0.460445 
-0.123101 -0.188311 0.103554 -0.519325 0.987371 0.444604 
-0.274118 0.198763 0.0166503 -0.550637 0.652444 0.475407 
0.0816357 0.59422 0.563148 0.878176 -1.79282 -0.118825 
-0.18517 0.562522 0.255616 0.645604 -1.44704 -0.244003 
0.909382 0.494176 0.709946 1.74264 -1.89315 -0.250231 
0.476613 0.314326 0.781528 1.3233 -1.71352 -0.351957 
0.0892471 0.29883 0.617146 0.991829 -1.45289 -0.430518 
-0.180022 0.446373 0.262201 0.807004 -1.1792 -0.477904 
0.48015 -0.126023 0.764811 -1.65363 1.45985 2.21419 
0.092455 0.0540902 0.591062 1.23525 -1.15761 -0.855015 
-0.177813 0.346194 0.242809 1.05417 -0.934256 -0.808011 
-0.180239 0.265535 0.200117 1.41552 -0.741692 -1.26243 
0.901473 -0.294677 0.0102715 -1.16434 1.9155 1.18288 
0.467517 -0.379083 0.276235 -1.08231 1.4537 1.15964 
0.0817002 -0.184479 0.325039 -1.10315 0.999517 1.19732 
-0.185481 0.209034 0.13383 1.89879 -0.681981 -1.83252 
0.456115 -0.275683 -0.128979 -0.893303 1.66929 0.798792 
0.073196 -0.185668 0.10817 -0.798701 1.17562 0.793087 
-0.191042 0.17745 0.0482099 -0.846599 0.77661 0.842134 
-1.68194 0.822821 0.908203 -1.73932 -1.90591 6.11449 
-0.96578 0.420493 0.910651 -0.908627 -1.78589 0.201181 
-0.589652 0.41099 0.474905 -0.563545 -1.34742 0.369055 
-0.592543 0.284232 0.479466 -0.66764 -1.09066 0.472594 
-0.592156 0.0846655 0.415642 -1.17553 -0.637195 0.968927 
-1.68193 -0.761684 0.504658 -1.89456 -1.76146 1.77642 
-0.589653 0.0222822 0.350701 -1.65153 -0.54992 -4.84775 
-1.67124 -0.606023 0.0924133 1.15531 1.89271 -1.15194 
-0.958739 -0.560206 0.38789 0.899226 1.14835 -1.0845 
-0.586437 -0.0173243 0.269408 -2.115 -0.599558 1.88931 
-1.87157 1.17834 0.680166 -1.98028 -1.90055 5.99273 
-0.78735 0.500965 0.754016 -0.716465 -1.76983 0.226504 
-0.545076 0.496206 0.355246 -0.501421 -1.37148 0.355998 
-0.792766 0.141782 0.81756 -0.789474 -1.3598 0.431469 
-0.548344 0.374247 0.363594 -0.611216 -1.08733 0.450798 
-0.54797 0.183391 0.300218 -1.21503 -0.572317 1.01881 
-1.87146 -0.635297 0.226877 1.26232 1.99686 -1.29673 
-1.2404 -0.711961 0.474716 -2.07564 -1.38122 1.92996 
-1.22813 -0.558887 0.0590048 0.888174 1.59991 -0.973687 
-0.780458 -0.382843 0.266293 0.742185 1.02935 -0.953239 
-0.541375 0.091546 0.148472 0.836134 0.608757 -1.06606 
-0.65414 0.603536 0.559773 -0.562625 -1.77224 0.248672 
-0.506183 0.587454 0.225781 -0.434382 -1.42611 0.342851 
-0.905332 0.236906 0.90959 -0.854061 -1.58759 0.329841 
-0.660172 0.300571 0.623332 -0.648038 -1.34052 0.389403 
-0.509358 0.467175 0.239005 -0.551101 -1.10269 0.428726 
-0.905332 -0.512141 0.682945 -1.80642 -0.887126 1.58493 
-0.509208 0.281293 0.174776 1.80617 0.501117 -1.99591 
-1.28124 -0.632719 0.214394 0.967126 1.55477 -1.06716 
-0.895414 -0.506607 0.353592 0.850743 1.10106 -1.04524 
-0.654152 -0.184752 0.318694 0.898146 0.731838 -1.12539 
-0.505381 0.231459 0.100511 -2.0929 -0.500363 1.87506 
-1.26438 -0.326007 -0.465501 0.846694 1.89259 -0.784249 
-0.884267 -0.378932 -0.061008 0.621783 1.42669 -0.785407 
-0.647375 -0.179302 0.0967954 0.562273 1.00322 -0.793489 
-0.50109 0.204664 0.0107543 0.610712 0.674336 -0.850457 
-0.553014 0.72971 0.327498 -0.425598 -1.81865 0.269518 
-0.469453 0.688456 0.0770827 -0.35232 -1.52933 0.332283 
-0.844689 0.469821 0.813911 -0.779228 -1.77414 0.21789 
-0.678243 0.425736 0.638027 -0.615662 -1.56456 0.309599 
-0.560236 0.465518 0.398736 -0.52373 -1.36044 0.360518 
-0.47449 0.567323 0.102668 -0.476412 -1.16039 0.401201 
-0.560325 0.0888456 0.276129 1.39387 0.519925 4.67482 
-0.830485 -0.379225 0.0493881 0.625445 1.29047 -0.813679 
-0.668245 -0.216853 0.130564 0.595719 1.00017 -0.823484 
-0.553057 0.035212 0.0970413 0.62378 0.755089 -0.862929 
-0.469101 0.343288 -0.053071 0.679915 0.579622 -0.911797 
-0.817817 -0.0818931 -0.673022 0.481347 1.80446 -0.577865 
-0.659588 -0.106192 -0.291233 0.392766 1.42441 -0.608401 
-0.546647 0.0454685 -0.129107 0.36984 1.09291 -0.622961 
-0.464343 0.326806 -0.150527 0.387506 0.820983 -0.646663 
-0.492078 0.487605 0.432821 -0.237598 -1.83463 0.28664 
-0.437166 0.455869 0.0743323 -0.197383 -1.44483 0.330325 
-0.580191 0.256936 0.74989 -0.378428 -1.74334 0.290442 
-0.498197 0.255998 0.445938 -0.315497 -1.43869 0.343411 
-0.442341 0.373116 0.0567766 -0.295435 -1.16503 0.381334 
-0.591808 -0.154146 0.717851 -0.572389 -1.08592 0.527196 
-0.506737 0.0678874 0.389794 -0.525632 -0.95714 0.517582 
-0.449024 0.29814 0.01574 -0.525052 -0.805962 0.550864 
-0.500109 -0.0516114 0.254444 -1.05046 -0.391849 1.01576 
-0.443014 0.240168 -0.0594074 -1.01179 -0.332378 0.986185 
-0.726616 -0.565472 0.195158 0.75726 1.00825 -0.774045 
-0.59172 -0.333862 0.150449 0.746323 0.783185 -0.815619 
-0.50672 -0.0611719 0.0210065 0.781818 0.621274 -0.874384 
-0.449024 0.235169 -0.195627 0.806953 0.524188 -0.904345 
-0.709571 -0.258685 -0.506372 0.466256 1.55668 -0.464789 
-0.580079 -0.179877 -0.31961 0.391519 1.27183 -0.480082 
-0.49811 0.000270753 -0.269757 0.366849 1.03024 -0.495593 
-0.44234 0.257837 -0.350377 0.365629 0.845406 -0.510511 
-0.317725 0.409705 0.547654 0.0837476 -1.7941 0.125418 
-0.358064 0.401324 0.14462 0.0555109 -1.38168 0.126387 
-0.25496 0.122106 0.915107 0.100573 -1.67725 0.0628423 
-0.3208 0.155956 0.561312 0.0482771 -1.35518 0.0811922 
-0.360959 0.316617 0.125003 0.0168535 -1.07861 0.107499 
-0.256331 -0.365237 0.874782 0.115501 -0.868144 -0.0442443 
-0.322707 -0.046392 0.501086 0.0356464 -0.808995 0.0291118 
-0.362913 0.239876 0.0830448 -0.0189957 -0.676896 0.082456 
-0.094246 -0.991272 0.835007 1.89832 -0.455402 -1.93247 
-0.233482 -0.542758 0.631602 1.28402 -0.303193 -1.27104 
-0.305692 -0.156904 0.350893 0.85483 -0.290845 -0.833527 
-0.349418 0.18961 -0.000167573 0.752682 -0.256459 -0.736075 
-0.127911 -0.783751 0.298995 -0.275033 0.865755 0.195802 
-0.256332 -0.50364 0.268145 -0.156983 0.596279 0.0995544 
-0.322703 -0.173872 0.126879 -0.0660723 0.401763 0.00711766 
-0.362914 0.175079 -0.122198 0.0400758 0.301234 -0.105915 
-0.12915 -0.437836 -0.390184 -0.2013 1.48189 0.0425623 
-0.254929 -0.332216 -0.197276 -0.108499 1.17215 -0.00997378 
-0.320802 -0.110419 -0.159582 -0.0598127 0.908538 -0.0547151 
-0.360964 0.195752 -0.272865 -0.0227114 0.714169 -0.0982739 
-0.122935 0.363772 0.604988 0.437653 -1.78345 -0.0413481 
-0.274117 0.363474 0.187999 0.331166 -1.35605 -0.0946608 
0.133226 0.0972883 0.929072 0.698488 -1.71553 -0.195271 
-0.117596 0.101834 0.611474 0.504148 -1.36705 -0.237531 
-0.271092 0.277869 0.164451 0.42139 -1.06756 -0.243159 
0.145125 -0.37306 0.871851 0.938121 -1.15195 -0.720654 
-0.109738 -0.0938435 0.537592 0.758876 -0.945176 -0.595124 
-0.265785 0.207549 0.113775 0.675099 -0.757696 -0.556811 
-0.103287 -0.195069 0.383671 1.34197 -0.699519 -1.27532 
0.54979 -0.65131 0.250807 -1.19281 1.42544 0.991681 
0.145127 -0.506717 0.277423 -1.06064 1.00525 0.97794 
-0.109734 -0.216389 0.170099 -1.05598 0.695547 1.02387 
-0.26579 0.144517 -0.0805381 -1.0895 0.50591 1.06269 
0.533041 -0.349506 -0.427663 -0.960614 1.7325 0.547731 
0.133098 -0.348709 -0.176109 -0.713579 1.32949 0.51967 
-0.117623 -0.162253 -0.104709 -0.603636 0.985163 0.490413 
-0.271093 0.155879 -0.218924 -0.565995 0.731771 0.471815 
0.0739572 0.356807 0.603181 0.752893 -1.82594 -0.184524 
-0.191021 0.338161 0.21336 0.563379 -1.38682 -0.278505 
0.467441 0.19532 0.795375 1.15746 -1.86303 -0.362367 
0.0816413 0.104531 0.599289 0.852317 -1.49575 -0.46377 
-0.185576 0.25701 0.182436 0.712393 -1.15038 -0.489749 
0.4767 -0.198868 0.737115 1.28539 -1.56271 -0.890535 
0.0892483 -0.0793509 0.519141 1.09436 -1.20936 -0.853188 
-0.180236 0.19284 0.126113 0.980588 -0.932675 -0.825919 
0.911964 -0.321881 0.484438 -1.52193 1.86028 -4.5427 
0.0924196 -0.177689 0.368887 1.46089 -1.05526 -1.3506 
-0.17782 0.150941 0.0437862 1.37554 -0.793601 -1.29592 
0.476689 -0.3646 0.18841 -1.30574 1.46327 1.23942 
0.0892475 -0.199835 0.16083 1.87069 -1.0553 -1.87856 
-0.180228 0.131377 -0.0613927 -1.29633 0.766037 1.29758 
0.467442 -0.232143 -0.254537 -1.07325 1.63716 0.821603 
0.0816419 -0.154381 -0.104368 -0.929717 1.21294 0.817084 
-0.1856 0.136515 -0.190363 -0.886375 0.879176 0.814594 
-0.586616 0.148874 0.429864 -0.539593 -1.22286 0.51568 
-0.965782 -0.302928 0.951893 -0.908519 -1.35614 0.73513 
-0.589653 0.0635835 0.390689 -0.671056 -0.993126 0.639082 
-0.970888 -0.514818 0.840317 1.9796 1.08461 -2.05628 
-0.591989 -0.00240634 0.330662 -0.897939 -0.776879 0.852717 
-1.68088 -0.549408 -0.0348542 1.32298 1.85354 -1.04213 
-0.965789 -0.503719 0.16345 0.988198 1.17507 -0.99781 
-0.589654 -0.0637476 0.0267225 0.942461 0.699579 -1.0412 
-0.780445 0.210204 0.799278 -0.628363 -1.74044 0.389778 
-0.54146 0.25647 0.311827 -0.459397 -1.27715 0.47107 
-0.787363 -0.0933995 0.793474 -0.721142 -1.3474 0.589174 
-0.545123 0.172415 0.278767 -0.583269 -1.02692 0.576892 
-0.792766 -0.300508 0.702521 -0.972078 -0.998025 0.894655 
-0.54797 0.105147 0.223093 -0.813361 -0.773661 0.78343 
-0.792765 -0.402936 0.317682 1.18585 0.846609 -1.2453 
-0.547972 0.0413256 0.0363263 1.26794 0.56089 -1.35308 
-1.24041 -0.508062 -0.0656034 1.03481 1.54972 -0.918463 
-0.78737 -0.343261 0.0501666 0.832976 1.05443 -0.894029 
-0.545079 0.0464259 -0.090016 0.807197 0.710328 -0.917669 
-0.647373 0.368619 0.59549 -0.477594 -1.78105 0.359275 
-0.501132 0.367847 0.181146 -0.374966 -1.35944 0.432506 
-0.895413 0.105349 0.917494 -0.746139 -1.72888 0.424331 
-0.654689 0.111702 0.600373 -0.560839 -1.38813 0.488171 
-0.5054 0.284669 0.155555 -0.487942 -1.09092 0.51642 
-0.905966 -0.359699 0.863957 -0.95206 -1.18145 0.839962 
-0.660174 -0.0826776 0.527999 -0.788602 -0.976307 0.73156 
-0.509194 0.214612 0.10615 -0.717843 -0.789806 0.709381 
-1.29616 -0.648958 0.248999 1.19467 1.44231 -1.10605 
-0.905335 -0.496466 0.270519 1.07164 1.03254 -1.10372 
-0.660147 -0.205968 0.160825 1.07287 0.732528 -1.15766 
-0.509267 0.15133 -0.0888414 1.10917 0.549239 -1.2009 
-1.28124 -0.346152 -0.429144 0.992388 1.75515 -0.770204 
-0.895399 -0.338722 -0.182536 0.755401 1.3583 -0.764665 
-0.654145 -0.151441 -0.113698 0.660385 1.01975 -0.760436 
-0.505381 0.163717 -0.227328 0.639676 0.770654 -0.766465 
-0.54663 0.534578 0.355738 -0.340791 -1.85424 0.347605 
-0.46436 0.486633 0.0321961 -0.281279 -1.48143 0.401135 
-0.668243 0.340182 0.634056 -0.502822 -1.77171 0.363172 
-0.553365 0.315544 0.371377 -0.413926 -1.47998 0.420342 
-0.469109 0.404999 0.0159298 -0.37759 -1.20692 0.457304 
-0.84469 -0.167493 0.853922 -0.784361 -1.34392 0.635581 
-0.678245 -0.0331948 0.608891 -0.677265 -1.17198 0.607861 
-0.560304 0.133622 0.319601 -0.61511 -1.01211 0.598813 
-0.474419 0.329478 -0.0223944 -0.595848 -0.846832 0.620207 
-0.844688 -0.404064 0.0955875 0.889485 1.08878 -0.934134 
-0.678258 -0.222547 0.0624654 0.856261 0.869024 -0.944719 
-0.560246 0.00674154 -0.0466415 0.85838 0.701856 -0.964377 
-0.474412 0.268325 -0.236503 0.856265 0.590286 -0.961955 
-0.83048 -0.110429 -0.627 0.598504 1.62554 -0.579032 
-0.668245 -0.0719184 -0.417018 0.505812 1.34488 -0.595923 
-0.553084 0.0709632 -0.343962 0.465031 1.10395 -0.602436 
-0.469105 0.294545 -0.396457 0.450129 0.914126 -0.603966 
-0.487163 0.302801 0.417138 -0.180055 -1.76557 0.341711 
-0.433159 0.325649 -0.0693224 -0.154443 -1.30022 0.371862 
-0.570806 0.151639 0.739016 -0.284862 -1.81833 0.343113 
-0.491343 0.12688 0.374003 -0.231221 -1.42621 0.383105 
-0.43716 0.285857 -0.130825 -0.222694 -1.07769 0.411987 
-0.580054 -0.195348 0.669083 -0.39455 -1.24812 0.490298 
-0.49811 0.00203567 0.272645 -0.365722 -1.0351 0.493396 
-0.442339 0.253629 -0.207701 -0.38136 -0.80202 0.53366 
-0.726654 -0.666166 0.740671 -0.930798 -0.810242 1.05408 
-0.591722 -0.350212 0.445981 -0.812166 -0.720785 0.905727 
-0.50672 -0.061065 0.103276 -0.779818 -0.62273 0.871921 
-0.449023 0.238191 -0.316949 -0.859007 -0.49787 0.963972 
-0.500108 -0.0523412 -0.147572 1.05619 0.390523 -1.02199 
-0.443012 0.251594 -0.475894 0.913638 0.357414 -0.881823 
-0.726614 -0.296614 -0.441972 0.649297 1.2909 -0.513811 
-0.59172 -0.143777 -0.43481 0.567881 1.09884 -0.517806 
-0.506741 0.0669669 -0.523043 0.526374 0.955614 -0.518797 
-0.449028 0.334227 -0.726692 0.490972 0.874542 -0.499786 
-0.316842 0.209641 0.530697 0.0925715 -1.71532 0.135003 
-0.357024 0.271358 -0.00543248 0.0729515 -1.23967 0.131231 
-0.252042 -0.00310743 0.902123 0.127346 -1.74024 0.0792519 
-0.31773 0.0183495 0.485261 0.0837639 -1.34188 0.0877734 
-0.358073 0.227706 -0.0647169 0.0649359 -0.999395 0.101713 
-0.254944 -0.402214 0.817865 0.114761 -1.05904 -0.00425744 
-0.320802 -0.112105 0.37715 0.0600227 -0.90359 0.0543703 
-0.360964 0.193676 -0.141535 0.0233818 -0.689204 0.0973952 
-0.12791 -1.00042 0.875932 0.732156 -0.314632 -0.722131 
-0.256326 -0.543412 0.569456 0.234734 -0.390392 -0.187153 
-0.322703 -0.174787 0.202769 0.0691447 -0.382792 -0.0104427 
-0.362914 0.176639 -0.248978 -0.0427481 -0.281792 0.108705 
-0.0942412 -0.807067 0.349648 -0.8037 0.616866 0.702231 
-0.233505 -0.486347 0.192858 -0.800492 0.409166 0.757295 
-0.305692 -0.153254 -0.0550272 -0.819915 0.300406 0.797032 
-0.349419 0.196035 -0.410335 -0.691742 0.27542 0.672941 
-0.127914 -0.477956 -0.331271 -0.22557 1.18037 0.102039 
-0.256269 -0.297369 -0.308591 -0.107053 0.96391 0.0303843 
-0.322707 -0.0482881 -0.402726 -0.0358228 0.805319 -0.0288636 
-0.362913 0.260627 -0.630665 0.0179225 0.724005 -0.0810546 
-0.12754 0.15495 0.588451 0.379004 -1.71278 -0.0794405 
-0.276809 0.228642 0.0403851 0.307698 -1.2226 -0.114726 
0.12296 -0.0341895 0.921248 0.598603 -1.78589 -0.212864 
-0.123099 -0.0401331 0.535124 0.438115 -1.35287 -0.240456 
-0.274414 0.185521 -0.0221668 0.387887 -0.991947 -0.241355 
0.133003 -0.425454 0.823728 0.738146 -1.23515 -0.606677 
-0.117622 -0.167853 0.417724 0.610171 -0.971072 -0.502108 
-0.271093 0.154872 -0.105922 0.574538 -0.719917 -0.48324 
0.145114 -0.544685 0.562937 -1.94694 0.914296 1.93091 
-0.109729 -0.217677 0.231813 1.09037 -0.679832 -1.06837 
-0.26579 0.145555 -0.221187 1.10837 -0.500615 -1.08423 
-0.103286 -0.188776 -0.0243938 -1.31381 0.70526 1.23843 
-0.260757 0.168485 -0.378741 1.92011 -0.557543 4.30691 
0.549631 -0.374857 -0.376692 -1.16663 1.55965 0.666395 
0.145116 -0.303007 -0.296066 -0.905417 1.21259 0.63436 
-0.109697 -0.0928031 -0.353024 -0.758468 0.946024 0.594059 
-0.265781 0.221779 -0.576357 -0.654217 0.78379 0.52767 
0.0661825 0.147148 0.589385 0.638562 -1.77181 -0.269614 
-0.195545 0.201019 0.0664135 0.511909 -1.25507 -0.328397 
0.45611 0.0776764 0.795625 0.987115 -1.94924 -0.410344 
0.0731961 -0.0414468 0.528625 0.726616 -1.474 -0.50229 
-0.191039 0.161136 -0.00190429 0.64478 -1.06224 -0.514347 
0.467442 -0.260013 0.698796 1.07103 -1.61422 -0.863678 
0.0816655 -0.159131 0.403018 0.934165 -1.20409 -0.829755 
-0.185599 0.13591 -0.0917378 0.892652 -0.873089 -0.824389 
0.0892431 -0.200721 0.213072 -1.85609 1.04761 1.84914 
-0.180242 0.132225 -0.210972 1.30554 -0.7637 -1.31008 
0.480286 -0.343832 0.0975653 -1.53726 1.43623 1.32262 
-0.177827 0.154365 -0.362738 -1.36251 0.795731 1.27731 
0.909389 -0.0593181 -0.615308 -1.54938 1.93411 0.811649 
0.476689 -0.180272 -0.385503 -1.28524 1.57045 0.864133 
0.0892674 -0.0794124 -0.360375 -1.09394 1.20913 0.85284 
-0.18024 0.204495 -0.551134 -0.963862 0.948237 0.797581 
-0.951023 -0.252065 0.949588 -0.710711 -1.59858 0.674014 
-0.582956 -0.00320498 0.273869 -0.528699 -1.06459 0.651742 
-0.958866 -0.481132 0.855521 -0.841458 -1.27902 0.920086 
-0.586434 -0.0420326 0.197413 -0.681334 -0.873389 0.794141 
-0.965809 -0.579093 0.690674 2.0568 1.05811 -1.92476 
-0.589654 -0.063662 0.102477 -0.940744 -0.70063 1.03895 
-1.68935 -0.488001 -0.167806 1.4945 1.77635 -0.933858 
-0.970971 -0.41267 -0.0923852 1.08431 1.16278 -0.905997 
-0.591992 -0.00454984 -0.31844 0.901922 0.773525 -0.85839 
-0.7735 -0.0423444 0.783425 -0.541814 -1.63885 0.542894 
-0.53766 0.112823 0.16137 -0.429973 -1.13094 0.576215 
-0.780456 -0.257392 0.71064 -0.647382 -1.28948 0.718747 
-0.5414 0.0718794 0.0907814 -0.562132 -0.921169 0.69266 
-0.787361 -0.375482 0.569257 -0.879221 -0.989716 0.982246 
-0.545079 0.0466172 0.000262639 -0.804503 -0.712625 0.914092 
-0.792772 -0.40695 0.369041 1.84841 0.806443 -1.738 
-0.547988 0.0409278 -0.114897 -1.2626 -0.562012 1.34669 
-1.88141 -0.371527 -0.370399 1.60957 1.95099 -0.857381 
-1.25003 -0.452811 -0.192606 1.19617 1.45973 -0.867639 
-0.792766 -0.265063 -0.201028 0.93966 1.03502 -0.833093 
-0.54797 0.106836 -0.439184 0.810276 0.776473 -0.77913 
-0.64196 0.160817 0.581214 -0.398773 -1.70928 0.461971 
-0.497269 0.23333 0.0339038 -0.332307 -1.22137 0.51172 
-0.884142 -0.0265562 0.912265 -0.631341 -1.7903 0.526212 
-0.647676 -0.0314772 0.526019 -0.477884 -1.36214 0.574182 
-0.501097 0.19152 -0.030573 -0.438896 -1.00214 0.597672 
-0.895458 -0.410119 0.813332 -0.777043 -1.27349 0.84944 
-0.654146 -0.156057 0.407046 -0.665801 -1.0086 0.77069 
-0.505381 0.162576 -0.115015 -0.649741 -0.757826 0.780406 
-0.660171 -0.207077 0.223621 -1.10126 -0.719493 1.19561 
-0.509199 0.152727 -0.228553 2.01359 0.542863 -1.9185 
-1.29615 -0.372432 -0.379027 1.17425 1.57595 -0.780061 
-0.905332 -0.293938 -0.303355 0.924221 1.23602 -0.75965 
-0.660174 -0.0824424 -0.363315 0.788366 0.976596 -0.731161 
-0.509194 0.230144 -0.586995 0.695242 0.817256 -0.676828 
-0.542284 0.360168 0.342264 -0.272064 -1.798 0.416102 
-0.460778 0.361173 -0.113868 -0.233844 -1.3392 0.458873 
-0.659315 0.246164 0.62311 -0.40569 -1.86086 0.425285 
-0.546703 0.192553 0.300351 -0.328195 -1.47829 0.477966 
-0.46434 0.320717 -0.172817 -0.311222 -1.12627 0.512797 
-0.830481 -0.116175 0.84676 -0.598389 -1.62 0.582973 
-0.668586 -0.0713481 0.561639 -0.506298 -1.34556 0.596042 
-0.553082 0.0713339 0.20273 -0.4647 -1.10491 0.60169 
-0.469103 0.288761 -0.248882 -0.472539 -0.858635 0.639426 
-0.844698 -0.450379 0.617068 -0.955104 -1.00276 1.06474 
-0.678245 -0.229011 0.353518 -0.880464 -0.846516 0.981313 
-0.560245 0.007015 0.0378518 -0.854104 -0.70516 0.95872 
-0.474418 0.272291 -0.356689 -0.918543 -0.556932 1.03625 
-0.844673 -0.151425 -0.554682 0.780961 1.35748 -0.621146 
-0.678245 -0.0364911 -0.534399 0.678531 1.16823 -0.611125 
-0.560237 0.139825 -0.603884 0.610793 1.02131 -0.591029 
-0.474433 0.375934 -0.782111 0.552572 0.929835 -0.551543 
-0.48432 0.157961 0.35413 -0.143947 -1.64877 0.384035 
-0.431322 0.294817 -0.328501 -0.135323 -1.10101 0.408743 
-0.564664 0.0492475 0.717871 -0.221733 -1.82306 0.389447 
-0.487043 0.040852 0.257856 -0.180947 -1.35094 0.416727 
-0.433363 0.295739 -0.434802 -0.188917 -0.910597 0.446886 
-0.570664 -0.23218 0.60616 -0.285286 -1.32181 0.487002 
-0.491332 -0.0239098 0.110329 -0.268665 -1.0242 0.491321 
-0.43716 0.312603 -0.567172 -0.31377 -0.681952 0.55198 
-0.709609 -0.643333 0.756576 -0.569592 -0.984176 0.797875 
-0.58003 -0.339281 0.36541 -0.509945 -0.843188 0.71497 
-0.498113 -0.0347522 -0.0948361 -0.519912 -0.667552 0.72279 
-0.442343 0.349653 -0.735816 -0.704833 -0.42529 0.920839 
-0.726617 -0.600734 0.301352 -1.31668 -0.643945 -4.7193 
-0.59233 -0.300347 0.00494175 -1.30106 -0.520968 1.49772 
-0.719881 -0.347804 -0.353081 0.768312 0.864862 -0.55984 
-0.584646 -0.110384 -0.536018 0.640919 0.755198 -0.49758 
-0.500134 0.186862 -0.844405 0.522855 0.726996 -0.406796 
-0.317187 0.053456 0.465777 0.0879228 -1.59245 0.140605 
-0.35702 0.237761 -0.262695 0.0796965 -1.04701 0.133777 
-0.251936 -0.123003 0.878044 0.129475 -1.73515 0.0884009 
-0.316847 -0.0685131 0.36271 0.0958434 -1.27109 0.0932678 
-0.357026 0.236739 -0.36734 0.0922995 -0.844432 0.0936172 
-0.252035 -0.431012 0.746539 0.136877 -1.16153 0.0029249 
-0.317726 -0.134219 0.209891 0.103028 -0.915732 0.0439479 
-0.358072 0.248909 -0.492944 0.0975768 -0.593617 0.0559436 
-0.129142 -0.976633 0.894987 0.359873 -0.600867 -0.325359 
-0.254959 -0.521219 0.483038 0.175601 -0.60942 -0.092376 
-0.320801 -0.143763 0.00204676 0.0987865 -0.497997 0.00468909 
-0.360962 0.28069 -0.653119 0.0558989 -0.26489 0.0615376 
-0.12791 -0.828297 0.398865 -1.26235 0.218815 1.24038 
-0.362914 0.356326 -0.891145 0.0662703 0.181281 0.00244899 
-0.0942463 -0.513719 -0.261239 -0.579638 0.863801 0.402065 
-0.233506 -0.24982 -0.421565 -0.447822 0.722321 0.345921 
-0.305691 0.072324 -0.715281 -0.354097 0.673908 0.281217 
-0.349419 0.646939 -1.50536 -0.228459 0.871426 0.148515 
-0.131456 -0.00492021 0.520237 0.330443 -1.5928 -0.114406 
-0.278865 0.193732 -0.215545 0.300568 -1.03823 -0.143859 
0.114474 -0.156144 0.899231 0.513828 -1.78946 -0.242489 
-0.127561 -0.128869 0.412305 0.391628 -1.28545 -0.251424 
-0.27669 0.192964 -0.321337 0.389203 -0.84834 -0.271563 
0.122875 -0.460013 0.757758 0.608649 -1.29545 -0.544208 
-0.123101 -0.190508 0.251884 0.527196 -0.967111 -0.458678 
-0.274119 0.20705 -0.450701 0.570746 -0.628564 -0.50049 
0.533133 -0.781713 0.810308 0.996122 -1.30076 -1.16502 
0.133021 -0.535061 0.482811 0.918458 -0.926512 -0.981886 
-0.117624 -0.19197 0.0351936 0.870991 -0.666614 -0.877304 
-0.271094 0.242093 -0.615384 1.06862 -0.421122 -1.05939 
0.550674 -0.681073 0.330403 -1.75107 1.20858 1.40346 
-0.265778 0.32193 -0.854611 -1.14452 0.491279 1.06507 
0.558437 -0.398135 -0.321834 -1.41547 1.39755 0.837118 
0.153174 -0.245463 -0.424848 -1.14031 1.08625 0.792532 
-0.103285 0.0344769 -0.675442 -0.931814 0.896436 0.698877 
-0.260757 0.538064 -1.32651 -0.679386 0.912567 0.458805 
0.0598953 -0.0136839 0.522937 0.549304 -1.66101 -0.345788 
-0.199262 0.164438 -0.187503 0.493301 -1.07548 -0.389006 
0.445839 -0.0339737 0.781413 0.83471 -1.96837 -0.478074 
0.0659156 -0.133053 0.409763 0.634128 -1.39931 -0.540811 
-0.195544 0.166351 -0.297444 0.626527 -0.91739 -0.570072 
0.456116 -0.307549 0.64562 0.889284 -1.62744 -0.850745 
0.0731983 -0.187588 0.242544 0.805609 -1.15995 -0.810698 
-0.191042 0.183877 -0.430908 0.863292 -0.762597 -0.865354 
0.467529 -0.387622 0.380452 -2.04528 1.40263 1.88375 
-0.18561 0.224855 -0.602093 -1.85775 0.670493 1.78008 
0.909384 -0.312853 0.101087 -1.86974 1.78148 -4.86756 
0.476893 -0.319387 0.00242767 -1.75556 1.35101 -4.86782 
-0.180242 0.308869 -0.843141 -1.34275 0.754773 1.16328 
0.480146 -0.11945 -0.527975 -1.48701 1.46056 0.918709 
0.0924223 0.0515048 -0.693192 -1.23632 1.15679 0.858259 
-0.17782 0.503121 -1.27238 -0.952743 1.03151 0.625529 
-0.94349 -0.44964 0.858703 -0.638724 -1.44837 0.845671 
-0.579465 -0.0407099 0.0164915 -0.540086 -0.891937 0.780108 
-0.951416 -0.559842 0.707229 -0.778962 -1.18947 1.05047 
-0.582907 -0.0378607 -0.095761 -0.718621 -0.733811 0.951869 
-1.67252 -0.810769 0.92061 -1.06988 -1.71304 1.52293 
-0.958773 -0.578414 0.50505 2.13394 1.00547 -1.82964 
-0.586554 -0.0192327 -0.227778 -1.01852 -0.60225 1.24291 
-0.965812 -0.533339 0.260435 -1.32524 -0.917557 1.64776 
-0.592026 0.0855398 -0.586741 1.17215 0.637485 -0.965246 
-0.76722 -0.223023 0.706197 -0.474532 -1.50249 0.663799 
-0.534277 0.0750488 -0.0930647 -0.422595 -0.953496 0.674269 
-0.773502 -0.347093 0.577714 -0.583645 -1.20435 0.816136 
-0.537643 0.0756434 -0.202457 -0.56791 -0.777014 0.810337 
-1.22864 -0.732053 0.89448 -0.909166 -1.38887 1.23954 
-0.780455 -0.392057 0.395954 -0.793887 -0.948457 1.04704 
-0.541375 0.0920662 -0.333802 -0.837959 -0.607612 1.06829 
-1.87183 -0.771999 0.795347 -1.12777 -1.8535 1.6788 
-1.24041 -0.737985 0.57907 1.97285 1.2055 4.72315 
-0.78737 -0.371733 0.16391 1.97592 0.775606 -1.71513 
-0.54509 0.129708 -0.496811 1.80181 0.505214 -1.58547 
-0.547969 0.200188 -0.71118 1.17588 0.582439 -0.972112 
-0.63671 0.00187901 0.513433 -0.337721 -1.59009 0.544041 
-0.494125 0.198301 -0.221347 -0.312087 -1.03621 0.583557 
-0.874352 -0.148651 0.892011 -0.528942 -1.78769 0.616965 
-0.641475 -0.121398 0.404943 -0.41238 -1.28662 0.641733 
-0.497267 0.198395 -0.328769 -0.420044 -0.85048 0.680581 
-0.88429 -0.448245 0.749305 -0.638536 -1.31449 0.868952 
-0.647375 -0.181219 0.243017 -0.569488 -0.985738 0.806729 
-0.50109 0.213611 -0.459349 -0.633395 -0.649696 0.879209 
-0.895415 -0.521928 0.47449 -0.943398 -0.97561 1.22701 
-0.654162 -0.180789 0.0252564 -0.917762 -0.718152 1.15145 
-0.905352 -0.446003 0.0948598 1.65679 0.858053 -1.35262 
-0.660181 -0.115512 -0.265444 -1.59842 -0.627944 1.8232 
-0.509194 0.330753 -0.865306 -1.93938 -0.524501 2.14868 
-0.538429 0.221187 0.281022 -0.221716 -1.68597 0.469544 
-0.45818 0.332133 -0.374894 -0.209176 -1.13694 0.508684 
-0.653354 0.152909 0.604551 -0.32842 -1.87434 0.481259 
-0.541861 0.108882 0.186593 -0.268443 -1.40523 0.523849 
-0.460776 0.335118 -0.483833 -0.279762 -0.955738 0.568522 
-0.817807 -0.0819512 0.836653 -0.481388 -1.80433 0.578015 
-0.659593 -0.108161 0.501544 -0.39292 -1.42074 0.60975 
-0.546647 0.0458296 0.0411864 -0.369162 -1.09605 0.621466 
-0.464341 0.352445 -0.616419 -0.422187 -0.740464 0.69548 
-0.830493 -0.42485 0.628532 -0.651275 -1.18913 0.893099 
-0.668245 -0.219808 0.273428 -0.60794 -0.973234 0.845649 
-0.553057 0.034544 -0.162726 -0.62127 -0.758398 0.859475 
-0.4691 0.392494 -0.790476 -0.80181 -0.500009 1.05367 
-0.84469 -0.432864 0.202677 1.90787 0.81722 -1.6294 
-0.474412 0.491135 -1.07197 -1.85411 -0.453272 -4.20106 
-0.482433 0.0619426 0.244111 -0.121193 -1.50847 0.415982 
-0.430589 0.392828 -0.758393 -0.137871 -0.83573 0.452569 
-0.560654 -0.0426328 0.685104 -0.179333 -1.78766 0.426672 
-0.484305 0.00158868 0.0983893 -0.151735 -1.24102 0.444782 
-0.431947 0.466068 -0.971906 -0.205345 -0.635439 0.513503 
-0.564564 -0.261159 0.53259 -0.220784 -1.33903 0.49712 
-0.487041 -0.00810122 -0.0971757 -0.216898 -0.954647 0.503511 
-0.43395 0.637884 -1.35956 -0.447775 -0.35173 0.753884 
-0.695613 -0.620554 0.759941 -0.38521 -1.13966 0.689615 
-0.57064 -0.321063 0.267126 -0.351427 -0.914505 0.634888 
-0.491334 0.0352449 -0.35459 -0.390116 -0.638943 0.667986 
-0.709583 -0.597259 0.328228 -0.79073 -0.684389 1.12205 
-0.580019 -0.254093 -0.107913 -0.801381 -0.531055 1.08631 
-0.498106 0.153665 -0.721769 -1.10862 -0.350491 1.38345 
-0.59172 -0.0381212 -0.678581 -2.02385 -0.561911 2.32835 
-0.317848 -0.0446175 0.34936 0.0809921 -1.45023 0.145644 
-0.357357 0.324173 -0.671129 0.0892564 -0.797502 0.129161 
-0.252817 -0.22567 0.840444 0.119352 -1.69309 0.0957328 
-0.317156 -0.105987 0.199013 0.095768 -1.16801 0.100942 
-0.357003 0.383908 -0.861002 0.121492 -0.596869 0.0734157 
-0.251768 -0.451522 0.665642 0.137374 -1.19886 0.017134 
-0.316844 -0.114688 0.00107632 0.120365 -0.865564 0.0434157 
-0.357027 0.503228 -1.15443 0.214457 -0.32871 -0.0482379 
-0.128064 -0.948244 0.900909 0.28245 -0.831073 -0.229968 
-0.252043 -0.491872 0.38053 0.18693 -0.739802 -0.0811473 
-0.317727 -0.0714866 -0.253467 0.165164 -0.518408 -0.0368934 
-0.129142 -0.824548 0.426857 0.679458 -0.322528 -0.678187 
-0.254958 -0.405882 -0.00279676 0.411675 -0.252176 -0.347865 
-0.320799 0.0390221 -0.601968 0.564322 -0.0882364 -0.471029 
-0.12791 -0.546719 -0.194727 -0.518561 0.430293 0.463492 
-0.256326 -0.188576 -0.551022 -0.231414 0.393715 0.244897 
-0.322703 0.346762 -1.28372 -0.0469038 0.583484 0.0929019 
-0.135176 -0.106503 0.403786 0.29334 -1.45194 -0.139623 
-0.280876 0.275401 -0.614119 0.322628 -0.801944 -0.195651 
0.107421 -0.261317 0.862894 0.441906 -1.74881 -0.270183 
-0.131708 -0.165621 0.248363 0.356485 -1.18466 -0.260994 
-0.278957 0.331311 -0.796978 0.452288 -0.623234 -0.36338 
0.11444 -0.482542 0.679644 0.519349 -1.31173 -0.509777 
-0.127561 -0.169795 0.044303 0.480965 -0.913541 -0.444322 
-0.276529 0.437054 -1.06573 0.77412 -0.420219 -0.735466 
0.516294 -0.770077 0.822401 0.79223 -1.36241 -1.01118 
0.122849 -0.511347 0.385409 0.73539 -0.961909 -0.835095 
-0.123102 -0.121203 -0.215257 0.759765 -0.645212 -0.788768 
0.133011 -0.413315 -0.00716072 1.21417 -0.744034 -1.41722 
-0.109738 0.296445 -1.22661 -0.882 0.807416 0.610311 
0.0548046 -0.115562 0.407087 0.485615 -1.52358 -0.40415 
-0.202433 0.243785 -0.580835 0.522459 -0.84969 -0.481404 
0.437323 -0.133315 0.752787 0.707681 -1.93737 -0.544165 
0.0598713 -0.171126 0.247259 0.571225 -1.29239 -0.575584 
-0.199256 0.301778 -0.766417 0.697107 -0.705674 -0.70603 
0.445944 -0.342088 0.578767 0.753039 -1.60608 -0.848818 
0.0658915 -0.170388 0.0387433 0.723422 -1.08 -0.811088 
-0.195531 0.402354 -1.02474 1.02847 -0.57472 -1.10381 
0.455798 -0.378599 0.291422 0.915227 -1.36105 -1.18452 
0.0732313 -0.115078 -0.22799 0.993543 -0.909325 -1.17281 
0.476766 -0.0479038 -0.689745 -1.64796 1.2951 0.984554 
0.0894973 0.340583 -1.29606 -1.25229 1.06564 0.721942 
-0.93662 -0.541169 0.712239 -0.589281 -1.30598 0.965812 
-0.57631 0.0315654 -0.354197 -0.599728 -0.698144 0.933978 
-0.943499 -0.567338 0.519734 -0.729902 -1.09169 1.14644 
-0.579466 0.079392 -0.519516 -0.842595 -0.56595 1.17803 
-1.65984 -0.824253 0.837629 -0.92809 -1.65047 1.6135 
-0.951421 -0.532057 0.287901 -0.948239 -0.932336 1.3913 
-1.68935 -0.345401 -0.464713 1.78349 1.51793 -0.755339 
-0.970886 -0.0853394 -0.810096 1.19691 1.0584 -6.91682 
-0.761818 -0.324906 0.576305 -0.427583 -1.35892 0.753001 
-0.53138 0.149282 -0.473493 -0.456965 -0.740555 0.792011 
-0.767221 -0.373882 0.403397 -0.535781 -1.10371 0.889963 
-0.534265 0.199809 -0.646021 -0.653842 -0.582091 0.989054 
-1.21569 -0.745118 0.811244 -0.784625 -1.35838 1.27692 
-0.773501 -0.361852 0.185463 -0.731163 -0.879641 1.10321 
-0.537649 0.281848 -0.870709 -1.06008 -0.446241 1.39825 
-1.85887 -0.775039 0.812909 -0.955473 -1.82892 1.70555 
-0.780462 -0.296503 -0.083123 2.06217 0.717062 -1.67638 
-0.541377 0.45015 -1.24661 1.32214 0.453083 -0.966769 
-1.25002 -0.319192 -0.474914 -1.63805 -1.18635 -3.94186 
-0.792978 0.0677698 -0.954295 1.06092 0.920069 -0.602202 
-0.632594 -0.0991249 0.396759 -0.295011 -1.45 0.605826 
-0.491614 0.281208 -0.621751 -0.327008 -0.799528 0.66934 
-0.866238 -0.253616 0.856646 -0.445607 -1.74547 0.69089 
-0.63648 -0.158471 0.241157 -0.366 -1.18281 0.694355 
-0.494138 0.339923 -0.809722 -0.471261 -0.620793 0.813441 
-0.874364 -0.473627 0.673324 -0.534432 -1.31607 0.889832 
-0.641346 -0.162213 0.0370041 -0.504642 -0.919119 0.84292 
-0.497262 0.44616 -1.07967 -0.824803 -0.430527 1.17112 
-1.26448 -0.766974 0.820126 -0.809427 -1.38059 1.32369 
-0.88428 -0.501401 0.378371 -0.762441 -0.987512 1.16712 
-0.647376 -0.112011 -0.224545 -0.804279 -0.673934 1.14855 
-1.28124 -0.685926 0.359071 -1.1123 -1.16288 1.7209 
-0.905331 -0.174051 -0.571679 1.32192 0.891165 -0.837432 
-0.660205 0.312701 -1.24811 0.928777 0.824126 -0.519263 
-0.53579 0.12791 0.173541 -0.187632 -1.54725 0.509374 
-0.456261 0.435945 -0.815641 -0.213243 -0.863769 0.568283 
-0.648305 0.068014 0.574378 -0.270172 -1.84401 0.526096 
-0.538359 0.0696797 0.0290817 -0.229164 -1.29245 0.559358 
-0.45819 0.519482 -1.04726 -0.309196 -0.666919 0.665512 
-0.808365 -0.0602733 0.827904 -0.401726 -1.92452 0.587995 
-0.652837 -0.139282 0.431738 -0.316538 -1.43265 0.627756 
-0.541849 0.0610282 -0.166819 -0.312004 -1.02018 0.645692 
-0.817814 -0.403559 0.629612 -0.48186 -1.33349 0.820653 
-0.659316 -0.205162 0.176281 -0.455354 -1.03507 0.792463 
-0.546633 0.106303 -0.428597 -0.505979 -0.72363 0.840031 
-0.830502 -0.426058 0.226623 -0.812856 -0.88614 1.20532 
-0.668245 -0.146994 -0.195563 -0.857116 -0.67468 1.20629 
-0.553058 0.233496 -0.814447 2.00451 0.456389 -1.66697 
-0.678246 0.0745283 -0.791815 1.2742 0.648326 -0.899495 
-0.909559 -0.11861 -0.826587 1.08177 1.05435 -0.549796 
-1.8984 -0.651963 -0.424411 1.79572 1.51112 -0.475037 
-0.681878 -0.272196 -0.714876 0.668555 0.922961 -0.340409 
2.24303 -0.728207 -0.438178 -2.61283 1.76923 6.51435 
-0.310082 -0.360789 -0.668383 -0.082747 0.878088 0.0720856 
1.72784 -0.528801 -0.445259 -2.25144 1.81082 0.498841 
0.143614 -0.368442 -0.666147 -0.824547 1.02751 0.430186 
-1.97185 -0.510638 -0.303584 1.9829 1.6766 -0.694177 
-1.18348 -0.386335 -0.494413 1.37787 1.15844 -0.689384 
-0.728091 0.0400268 -0.970374 0.92293 0.92261 -0.505228 
0.391237 -0.989045 -0.39942 -0.61323 1.22791 0.125068 
-0.795774 -0.605219 -0.420207 0.753116 0.948447 -0.351041 
-0.508673 -0.110694 -0.82779 0.443084 0.787441 -0.242319 
0.403624 -0.649793 -0.419911 -0.997806 1.08639 0.464064 
-0.208231 -0.18527 -0.770297 -0.339439 0.800128 0.238284 
-2.09684 -0.858809 -0.844142 1.43276 1.41972 0.188822 
0.112596 -0.183561 -0.773712 -0.942522 0.987532 0.547821 
-1.21652 -0.52621 -0.288238 -1.67211 -1.12417 -3.9208 
-0.806499 -0.229789 -0.586411 1.11712 0.855043 -0.685638 
-0.598076 0.292775 -1.26996 0.771436 0.843511 -0.41089 
2.73433 -0.989793 -0.374535 -2.99276 1.53362 0.0622785 
-0.398984 -0.407133 -0.477626 0.233609 0.653672 -0.121042 
-0.397199 0.106309 -1.03462 0.219056 0.695834 -0.104338 
1.04478 -0.638495 -0.257062 -1.73821 1.4321 -5.53847 
0.200243 -0.422603 -0.474916 -1.02062 0.923875 0.637395 
-0.148235 0.0422652 -0.970129 -0.597328 0.790118 0.414648 
0.658644 -0.281114 -0.560253 -1.59736 1.33773 0.823632 
0.0977155 0.057001 -0.989758 -1.08775 1.01427 0.645042 
-0.706707 -0.304145 -0.398626 1.2159 0.663108 -0.859534 
-0.582178 0.0278901 -0.800224 0.99205 0.611894 -0.685529 
-0.119283 -0.475891 -0.301747 -0.503387 0.504329 0.429809 
-0.248611 -0.125923 -0.659876 -0.246933 0.478126 0.242486 
0.533613 -0.357951 -0.37732 -1.5718 1.19299 0.971254 
0.144495 -0.115679 -0.67868 -1.24228 0.926016 0.85351 
0.468788 0.0237572 -0.816847 -1.6161 1.3172 0.90856 
-0.481062 0.0162824 0.0885675 -0.107 -1.35649 0.440827 
-0.55787 -0.119847 0.640217 -0.149708 -1.73007 0.455614 
-0.48243 0.00918911 -0.106565 -0.135239 -1.10826 0.469035 
-0.560589 -0.279902 0.449726 -0.180776 -1.32239 0.51051 
-0.484306 0.0540197 -0.360115 -0.193125 -0.840723 0.524998 
-0.686277 -0.60214 0.758483 -0.286903 -1.25745 0.64651 
-0.564552 -0.296403 0.156371 -0.267221 -0.939299 0.605823 
-0.48705 0.16679 -0.708948 -0.352382 -0.53385 0.683412 
-0.695598 -0.587967 0.338994 -0.502774 -0.787719 0.892007 
-0.570631 -0.196684 -0.246399 -0.538183 -0.560991 0.882817 
-0.709571 -0.378302 -0.246254 -1.25462 -0.492629 1.67296 
-0.58001 0.0674476 -0.886574 -1.74649 -0.379173 -4.16461 
-0.318542 -0.0895418 0.189727 0.0751593 -1.30054 0.150567 
-0.254225 -0.306652 0.789173 0.106658 -1.63275 0.103332 
-0.317833 -0.0959992 -0.0069733 0.0930866 -1.044 0.10849 
-0.252823 -0.46181 0.57647 0.127517 -1.19661 0.0348249 
-0.317162 -0.0517527 -0.256793 0.126725 -0.768786 0.0473194 
-0.130038 -0.924984 0.901605 0.234049 -0.987529 -0.166327 
-0.251765 -0.458081 0.267143 0.179094 -0.79854 -0.0583058 
-0.316858 0.0522459 -0.585959 0.209691 -0.450515 -0.0673863 
-0.128064 -0.813423 0.439732 0.424058 -0.523652 -0.409436 
-0.252004 -0.34328 -0.138501 0.343104 -0.38064 -0.26237 
-0.317725 0.297624 -1.14884 1.74427 -0.0824092 -1.63799 
-0.12914 -0.555455 -0.154881 1.84947 -0.208091 -1.87979 
-0.254958 -0.0905175 -0.737096 -0.494735 0.211823 0.537499 
-0.137855 -0.150558 0.242108 0.269346 -1.30384 -0.158074 
0.101555 -0.345055 0.812392 0.38349 -1.6851 -0.290355 
-0.134999 -0.154138 0.0421191 0.335085 -1.06229 -0.271872 
0.107416 -0.493796 0.592201 0.452953 -1.2934 -0.486368 
-0.131457 -0.106252 -0.210672 0.461103 -0.816926 -0.449736 
0.502036 -0.759115 0.828036 0.653602 -1.42069 -0.908306 
0.114449 -0.480341 0.275573 0.619851 -0.971332 -0.747045 
-0.127562 0.000554524 -0.540138 0.745484 -0.570369 -0.796296 
0.516306 -0.691086 0.380144 0.886026 -1.11771 -1.29626 
0.12285 -0.355935 -0.137848 0.989044 -0.719035 -1.2101 
0.53319 -0.448056 -0.220325 1.29334 -0.999457 -1.86027 
0.0504931 -0.160274 0.246583 0.443016 -1.37556 -0.447689 
0.430252 -0.215847 0.71006 0.606206 -1.87604 -0.597591 
0.054808 -0.160548 0.0428094 0.532204 -1.16475 -0.607673 
0.437338 -0.36391 0.500129 0.652218 -1.55856 -0.851021 
0.0598626 -0.108892 -0.213748 0.683111 -0.967817 -0.833456 
0.880262 -0.314466 0.558264 0.800968 -1.90903 -1.14904 
0.445841 -0.359904 0.188544 0.78533 -1.31075 -1.1336 
0.065905 0.00353254 -0.550126 0.952749 -0.798425 -1.19274 
0.456129 -0.239121 -0.231725 -2.12053 1.14125 1.62456 
0.901399 -0.129727 -0.458522 -2.09337 1.50311 1.17598 
-0.930511 -0.556541 0.525682 -0.556491 -1.17306 1.05375 
-0.57351 0.268744 -0.963071 -0.859899 -0.450051 1.28176 
-0.936613 -0.525499 0.300122 -0.698282 -0.986708 1.22591 
-1.6486 -0.82005 0.744858 -0.816739 -1.57629 1.67881 
-2.31169 -0.208001 -0.406628 2.32585 1.89102 -6.97134 
-1.6819 -0.25453 -0.6473 1.88042 1.3587 -6.96494 
-0.75726 -0.359536 0.403422 -0.397093 -1.21726 0.820534 
-0.528898 0.443968 -1.19476 -0.710438 -0.420909 1.12629 
-0.761819 -0.350204 0.191672 -0.505674 -0.991494 0.951754 
-1.20436 -0.743099 0.718678 -0.686899 -1.3143 1.30528 
-0.767221 -0.290442 -0.0660176 -0.69952 -0.786694 1.16492 
-1.84581 -0.778951 0.826483 -0.816289 -1.80483 1.72408 
-0.773505 -0.177281 -0.389131 2.08145 0.630483 -1.59343 
-1.22808 -0.509393 -0.0569344 -1.16825 -1.00267 1.9106 
-0.629374 -0.143435 0.23567 -0.267058 -1.30259 0.653362 
-0.859753 -0.337172 0.806729 -0.381177 -1.682 0.747595 
-0.632531 -0.147154 0.035488 -0.337224 -1.06009 0.73881 
-0.866246 -0.486186 0.587091 -0.45728 -1.29186 0.908369 
-0.636409 -0.0993467 -0.217359 -0.471345 -0.817033 0.886027 
-1.24927 -0.759321 0.827417 -0.66445 -1.41978 1.27804 
-0.874361 -0.47277 0.270058 -0.636007 -0.978811 1.13258 
-0.641347 0.00863011 -0.549072 -0.775555 -0.581309 1.20615 
-0.884276 -0.347214 -0.144934 -1.00725 -0.750429 1.54116 
-0.533815 0.0828274 0.0198312 -0.165524 -1.39402 0.540013 
-0.644593 -0.00505326 0.53295 -0.226679 -1.78901 0.560677 
-0.535775 0.0768855 -0.176025 -0.205356 -1.15415 0.588977 
-0.801508 -0.0461016 0.821051 -0.344191 -2.00569 0.601588 
-0.647944 -0.161212 0.352691 -0.263719 -1.40854 0.644031 
-0.538368 0.124172 -0.434677 -0.283525 -0.895989 0.675397 
-0.808371 -0.38817 0.627413 -0.379274 -1.43425 0.788316 
-0.652756 -0.184755 0.0669599 -0.364589 -1.04476 0.771808 
-0.541906 0.246402 -0.802289 -0.48051 -0.601782 0.884113 
-0.817821 -0.416177 0.235379 -0.572738 -0.980229 1.0429 
-0.65932 -0.0902223 -0.338234 -0.634816 -0.690582 1.06375 
-2.45057 -0.285452 -0.413967 2.41805 1.9057 -6.84408 
-1.70762 -0.315571 -0.678336 1.84284 1.34554 5.69861 
-2.99104 -0.461339 -0.307156 2.82223 2.0071 -6.49825 
-1.87988 -0.545327 -0.609267 1.84614 1.33019 -6.68121 
2.25257 -0.618241 -0.627013 -2.6208 1.53156 0.223432 
-1.4161 -0.702847 -1.01408 0.871594 1.35338 0.199511 
-1.17436 -0.288904 -0.681385 1.45309 0.993459 -0.648466 
-0.78474 -0.501676 -0.597526 0.791687 0.80775 -0.318935 
0.375874 -0.545929 -0.598698 -0.977109 0.923415 0.456059 
1.82088 -0.305869 -0.397687 -2.4402 1.89713 6.94694 
1.03482 -0.37912 -0.64431 -1.82169 1.31076 6.96214 
-0.794737 -0.131606 -0.777817 1.22647 0.675159 -0.708558 
-0.398797 -0.809295 -0.192235 0.249821 0.524866 -0.0869185 
-0.39601 -0.308651 -0.655899 0.261363 0.488578 -0.102808 
1.0251 -0.66546 -0.213536 -1.85182 1.22628 0.865975 
0.185136 -0.327398 -0.653196 -1.06279 0.745815 6.97214 
-1.85081 -0.906425 -1.09444 0.991129 1.38972 -5.73697 
0.648761 -0.185758 -0.752494 1.46123 -1.15028 -2.29215 
-0.249006 -0.016519 -0.866253 -0.39642 0.283577 0.427501 
-0.760808 1.07845 0.6655 -1.0126 -1.66318 -0.146661 
-0.533295 1.05692 0.520542 -0.778253 -1.57556 -0.00465136 
-0.377048 1.07936 0.314652 -0.629484 -1.42738 0.103722 
-0.268044 1.15223 0.0493533 -0.543384 -1.25094 0.18769 
-0.513952 0.517463 0.762622 -0.695188 -0.951503 0.215976 
-0.360586 0.758236 0.47861 -0.538955 -0.889131 0.199128 
-0.254083 0.987686 0.145666 -0.452786 -0.779158 0.21794 
-0.508316 0.0199783 0.805379 1.62864 0.489029 -2.03206 
-0.358136 0.470826 0.541527 -0.988337 -0.46037 0.656257 
-0.253393 0.853267 0.18807 -0.780686 -0.436754 0.525359 
-0.716163 -0.613217 0.587877 0.569635 1.18865 -0.922034 
-0.501499 -0.271285 0.671847 0.662303 0.719112 -1.00889 
-0.354396 0.237888 0.532747 -2.05661 -0.381415 1.74117 
-0.705801 -0.488355 0.0962778 0.43408 1.60181 -0.707899 
-0.495006 -0.360688 0.420198 0.395999 1.10543 -0.697559 
-0.350316 0.0682644 0.46528 0.510833 0.618475 -0.803783 
-0.2488 0.638662 0.216058 0.863067 0.317175 -1.12055 
-0.489568 -0.316339 0.0803616 0.300227 1.45468 -0.558746 
-0.346715 -0.0373 0.34717 0.317793 0.891606 -0.588678 
-0.246342 0.547902 0.213014 0.497856 0.442217 -0.746846 
-0.161304 1.07029 0.634573 0.00105752 -1.70486 0.000145952 
-0.161547 1.06502 0.391327 0.00080875 -1.45635 -8.28335e-05 
-0.161703 1.13744 0.0937672 0.000689893 -1.23121 -0.000235878 
-0.17517 0.467271 0.888049 -0.143891 -0.967499 0.0241097 
-0.172346 0.732661 0.547892 -0.148589 -0.893351 0.0364778 
-0.170466 0.974636 0.178691 -0.164367 -0.767568 0.0624446 
-0.167244 0.425498 0.61602 -0.173665 -0.357579 0.0812796 
-0.16634 0.836759 0.223347 -0.163592 -0.375832 0.0713326 
-0.165294 -0.910299 0.721675 0.0297474 1.07709 -0.105237 
-0.16446 -0.440325 0.790379 0.0497346 0.538617 -0.133107 
-0.16398 0.176301 0.607804 0.23938 0.10718 -0.328176 
-0.16379 0.720256 0.24537 -0.316875 -0.0812992 0.225988 
-0.162645 -0.700466 0.204114 0.0100032 1.51873 -0.0974354 
-0.162581 -0.509504 0.519027 0.0117393 1.01288 -0.103083 
-0.162556 -0.00262039 0.537786 0.0205899 0.487279 -0.114901 
-0.16251 0.617352 0.252013 0.0651256 0.153327 -0.161169 
-0.16169 -0.369249 -0.476022 0.00419565 1.96106 -0.101831 
-0.161892 -0.44362 0.168735 0.0040383 1.39068 -0.104324 
-0.161993 -0.109213 0.41439 0.00551319 0.81062 -0.107477 
-0.162061 0.525129 0.248234 0.0120784 0.342429 -0.115146 
0.248023 1.06445 0.608625 0.774394 -1.64404 0.0714306 
0.0631346 1.06551 0.389535 0.589616 -1.47446 -0.0644295 
-0.0561102 1.13718 0.09572 0.491488 -1.27039 -0.157093 
0.226055 0.479361 0.870671 0.636498 -1.03521 -0.20245 
0.044886 0.73363 0.558025 0.455658 -0.962275 -0.192866 
-0.0710519 0.973194 0.191541 0.357707 -0.830486 -0.211232 
0.0418456 0.422242 0.630023 0.764965 -0.494716 -0.567496 
-0.0722168 0.833891 0.238625 0.558712 -0.476527 -0.447014 
0.492917 -0.789305 0.677194 -0.604741 1.25043 0.802543 
0.213966 -0.420893 0.781865 -0.680802 0.706237 0.870822 
0.0400782 0.167507 0.623697 1.87249 -0.330697 -1.71828 
-0.0723655 0.71503 0.261147 1.16331 -0.265458 -1.06983 
0.481514 -0.620115 0.170924 -0.483368 1.63676 0.577395 
0.208134 -0.496437 0.514041 -0.414149 1.10206 0.535197 
0.0371923 -0.0151448 0.553901 -0.550464 0.563229 0.660587 
0.202662 -0.434932 0.165651 -0.320346 1.44781 0.379585 
0.0340618 -0.12511 0.431353 -0.334117 0.849168 0.404091 
-0.0756241 0.515388 0.266794 -0.570317 0.377806 0.615217 
0.915903 1.05753 0.484736 1.69688 -1.57444 -0.0283327 
0.566139 1.05801 0.467573 1.34655 -1.56096 -0.0442621 
0.262861 1.0764 0.32929 1.0498 -1.48807 -0.143051 
0.0373988 1.14394 0.0746093 0.849997 -1.3328 -0.262191 
0.911961 0.392032 0.756464 1.75322 -1.34143 -6.82538 
0.560469 0.561007 0.694935 1.39254 -1.21494 -0.43197 
0.256966 0.766439 0.489376 1.09097 -1.12624 -0.399235 
0.0318765 0.989117 0.166798 0.902284 -1.00522 -0.44496 
0.90049 -0.172374 0.736723 -1.08605 1.31542 1.87763 
0.247313 0.466563 0.5726 1.33435 -0.79904 -0.816116 
0.0248612 0.84792 0.225018 1.06485 -0.709254 -0.712501 
0.887016 -0.370941 0.44651 -0.829038 1.54602 1.3603 
0.536776 -0.223159 0.645271 -0.93042 1.06434 1.40841 
0.875351 -0.303798 -0.019266 -0.719642 1.84815 1.0323 
0.526561 -0.327937 0.404602 -0.675637 1.32111 1.01958 
0.231375 0.0307111 0.514268 -0.834374 0.787479 1.14694 
0.014477 0.615733 0.268438 -1.27424 0.473311 1.50681 
0.518286 -0.293966 0.0703277 -0.557272 1.60009 0.782891 
0.225351 -0.0829536 0.397578 -0.582567 0.990291 0.822759 
0.0104582 0.518439 0.268438 -0.895442 0.514874 1.08426 
-0.51394 0.969697 0.57615 -0.592713 -1.93657 -0.00148704 
-0.360564 0.867712 0.43156 -0.414096 -1.71004 0.100332 
-0.254136 0.852571 0.207938 -0.314081 -1.4727 0.14716 
-0.533295 0.421217 0.782321 -0.81276 -1.31223 0.263802 
-0.377046 0.547187 0.543418 -0.679837 -1.18594 0.294661 
-0.268041 0.697454 0.259825 -0.603292 -1.04532 0.332762 
-0.360596 0.250504 0.578065 -0.834138 -0.568143 0.587541 
-0.254188 0.553195 0.285408 -0.658006 -0.526792 0.473605 
-0.728094 -0.632944 0.613802 0.747034 1.05908 -1.01577 
-0.508305 -0.33834 0.631873 0.835331 0.684572 -1.10384 
-0.358136 0.0542218 0.507986 -1.99988 -0.420278 1.75479 
-0.253404 0.451869 0.261978 1.54767 0.301613 4.53046 
-0.716163 -0.502568 0.113867 0.525542 1.49988 -0.72866 
-0.501518 -0.375953 0.339537 0.474867 1.0906 -0.711723 
-0.354405 -0.0558674 0.379107 0.532862 0.705027 -0.769083 
-0.251413 0.37618 0.222453 0.711945 0.427204 -0.92527 
-0.705799 -0.198873 -0.583759 0.470388 1.95397 -0.53438 
-0.495029 -0.291572 -0.0373042 0.353813 1.46758 -0.550096 
-0.350317 -0.100352 0.207001 0.341443 1.00954 -0.562368 
-0.248804 0.31635 0.174228 0.422232 0.616741 -0.634113 
-0.172344 0.84879 0.498608 -0.117261 -1.73888 0.0373673 
-0.170478 0.838061 0.241079 -0.114441 -1.47232 0.0676583 
-0.161301 0.346586 0.927181 0.00109298 -1.27377 -0.00032734 
-0.161553 0.502537 0.629141 0.000879749 -1.13168 -0.000369162 
-0.161694 0.673339 0.305834 0.000791373 -0.979174 -0.00044111 
-0.175329 -0.257325 0.94567 -0.38769 -0.317732 0.31182 
-0.172348 0.191551 0.651796 -0.26033 -0.464181 0.176717 
-0.170486 0.531782 0.319371 -0.252878 -0.471543 0.16991 
-0.171294 -0.940595 0.748038 0.082379 0.883257 -0.136526 
-0.168618 -0.508678 0.74442 0.13979 0.456427 -0.208159 
-0.167255 -0.0185268 0.581293 0.450939 0.139933 -0.529124 
-0.166341 0.426807 0.297666 -1.04054 -0.0691715 0.958453 
-0.165269 -0.71905 0.221456 0.0266349 1.38593 -0.0960214 
-0.164431 -0.521285 0.434517 0.030993 0.975242 -0.107867 
-0.163978 -0.130934 0.447896 0.0468106 0.57178 -0.12947 
-0.163623 0.347658 0.259761 0.086584 0.281873 -0.172864 
-0.162679 -0.382736 -0.461112 0.0104568 1.86621 -0.0938991 
-0.162612 -0.416292 0.0506579 0.0101375 1.38801 -0.0987028 
-0.162542 -0.173246 0.271612 0.0124442 0.924043 -0.104325 
-0.162485 0.287611 0.210097 0.0194556 0.524736 -0.113541 
0.22608 0.967797 0.671722 0.591749 -1.98222 0.103989 
0.0448831 0.840505 0.512758 0.373916 -1.72289 -0.0208901 
-0.0710252 0.827097 0.25798 0.263258 -1.45603 -0.0666306 
0.248022 0.362781 0.893574 0.796925 -1.34729 -0.223047 
0.0634188 0.503345 0.627817 0.634331 -1.20898 -0.255674 
-0.0553471 0.67206 0.309094 0.546964 -1.05137 -0.293199 
0.226056 -0.230564 0.930293 1.12943 -0.60078 -0.892416 
0.0449129 0.185203 0.665157 0.706205 -0.588787 -0.536699 
-0.0710019 0.525752 0.334643 0.514284 -0.553327 -0.412278 
0.505145 -0.812346 0.703046 -0.765953 1.11349 0.903192 
0.219214 -0.488751 0.736673 -0.831048 0.660368 0.972304 
0.0418467 -0.0291659 0.596917 1.88505 -0.352676 -1.77025 
-0.0722134 0.418384 0.315547 1.284 -0.256308 -1.2148 
0.492879 -0.635463 0.188457 -0.570666 1.52951 0.613926 
0.21397 -0.507712 0.430049 -0.48271 1.07625 0.562372 
0.0400807 -0.145096 0.464453 -0.541285 0.645672 0.618002 
-0.0723664 0.338352 0.277175 -0.782516 0.348951 0.831662 
0.4815 -0.316809 -0.496006 -0.524096 1.95626 0.39771 
0.208134 -0.407028 0.0478481 -0.369966 1.45095 0.385488 
0.0371875 -0.188965 0.288208 -0.347309 0.96275 0.385893 
-0.0737629 0.27564 0.228765 -0.442824 0.547805 0.468944 
0.911996 1.1004 0.463734 1.63974 -1.85485 0.10201 
0.560469 0.957863 0.529525 1.26779 -1.83042 0.0259618 
0.25696 0.848796 0.454064 0.940173 -1.70081 -0.115679 
0.0321055 0.82822 0.24017 0.727879 -1.4814 -0.23133 
0.915917 0.444011 0.738956 1.68772 -1.61837 -6.66825 
0.566113 0.45492 0.718253 1.36412 -1.48482 -0.388701 
0.262874 0.538619 0.559637 1.09289 -1.3399 -0.416056 
0.0373854 0.683545 0.286011 0.913459 -1.17392 -0.464307 
0.912007 -0.143681 0.74294 -1.29657 1.46896 2.05718 
0.560493 -0.0122226 0.74926 -1.53999 1.17468 2.15231 
0.257068 0.248724 0.596012 1.31437 -0.975553 -0.841906 
0.0321391 0.546357 0.312259 1.09317 -0.842283 -0.758071 
0.0249751 0.432701 0.306276 1.48516 -0.608758 -1.23857 
0.887017 -0.309497 -0.00388178 -0.860164 1.80615 1.06868 
0.536762 -0.338441 0.322864 -0.801639 1.35127 1.05266 
0.238643 -0.0932495 0.425213 -0.878602 0.900653 1.11801 
0.0191975 0.346474 0.275076 2.00702 -0.5798 -1.81815 
0.526562 -0.26703 -0.0474043 -0.652405 1.63064 0.778422 
0.231417 -0.145196 0.255812 -0.624844 1.11483 0.793176 
0.0144823 0.279417 0.230443 -0.769762 0.676495 0.913855 
-0.358132 0.646322 0.499614 -0.398534 -1.86832 0.157739 
-0.253485 0.577014 0.260192 -0.302373 -1.55891 0.209888 
-0.739393 0.405093 0.9599 -0.774805 -1.81358 0.138459 
-0.513952 0.319908 0.807168 -0.548782 -1.58254 0.227705 
-0.360783 0.345276 0.576966 -0.419602 -1.36471 0.252524 
-0.25415 0.443053 0.286994 -0.342074 -1.15954 0.256748 
-0.533296 -0.155315 0.790057 -1.02929 -0.960116 0.761525 
-0.377049 0.0925665 0.549823 -0.874696 -0.862275 0.661607 
-0.268071 0.3289 0.265572 -0.789013 -0.763829 0.628649 
-0.254142 0.237521 0.217465 -1.42397 -0.316044 1.30109 
-0.728092 -0.524678 0.143222 0.654759 1.33771 -0.765624 
-0.508359 -0.385788 0.261467 0.58961 1.00471 -0.740388 
-0.358151 -0.130347 0.258177 0.60421 0.711871 -0.762076 
-0.253402 0.195562 0.129248 0.679492 0.493525 -0.824508 
-0.716156 -0.216993 -0.557913 0.544666 1.83314 -0.531709 
-0.501567 -0.261101 -0.159077 0.421445 1.43746 -0.538078 
-0.354391 -0.116747 0.0301535 0.383422 1.07523 -0.536515 
-0.251408 0.175926 0.0322581 0.403281 0.763636 -0.558547 
-0.167381 0.615129 0.572945 -0.0634443 -1.87638 0.0628915 
-0.166348 0.555645 0.295742 -0.059849 -1.54028 0.0828527 
-0.175318 0.234774 0.939125 -0.118412 -1.56665 0.0586922 
-0.17236 0.293575 0.650401 -0.118841 -1.33819 0.0846085 
-0.17048 0.419829 0.321037 -0.125603 -1.13643 0.109445 
-0.161277 -0.347649 0.936277 0.00192655 -0.588627 -0.00159895 
-0.161552 0.00998944 0.63659 0.0011475 -0.646577 -0.000827736 
-0.161699 0.293109 0.311694 0.00117858 -0.604803 -0.000983431 
-0.180836 -0.977343 0.788597 0.221288 0.593113 -0.244667 
-0.175336 -0.558051 0.699725 0.448562 0.277018 -0.491829 
-0.172347 -0.152491 0.512347 1.29618 0.120143 -1.35136 
-0.170479 0.209383 0.250711 -1.03272 -0.131805 0.972506 
-0.171399 -0.745821 0.249746 0.068762 1.18588 -0.110152 
-0.168661 -0.526776 0.352373 0.08097 0.864902 -0.135109 
-0.167238 -0.205353 0.322753 0.111471 0.574301 -0.175292 
-0.166333 0.165133 0.163747 0.16796 0.364659 -0.238104 
-0.165279 -0.40258 -0.437681 0.0265146 1.72848 -0.086959 
-0.164485 -0.383941 -0.0706982 0.0263436 1.34295 -0.0963847 
-0.163976 -0.188769 0.0930241 0.0304522 0.984207 -0.106971 
-0.163679 0.14461 0.0671678 0.0401853 0.67686 -0.121211 
0.041845 0.601159 0.588185 0.349435 -1.85334 -0.032758 
-0.0721882 0.54056 0.313752 0.246018 -1.51595 -0.073824 
0.226106 0.239458 0.924107 0.537191 -1.57725 -0.154515 
0.0449365 0.279434 0.663763 0.379959 -1.34092 -0.171109 
-0.07102 0.405648 0.336403 0.290483 -1.12579 -0.163753 
0.248022 -0.299047 0.902348 1.04296 -0.939558 -0.791479 
0.0630521 0.0127894 0.633759 0.83469 -0.843786 -0.632931 
-0.0560971 0.291602 0.313785 0.726193 -0.746331 -0.577684 
0.505289 -0.658844 0.216975 -0.689399 1.36288 0.670771 
0.219229 -0.513327 0.348622 -0.577629 0.97905 0.607671 
0.0418481 -0.220139 0.33939 -0.578931 0.644679 0.615418 
-0.072211 0.151941 0.183249 -0.666458 0.404058 0.686078 
0.492835 -0.334975 -0.471312 -0.592478 1.83087 0.415625 
0.213971 -0.374384 -0.0729436 -0.426771 1.40923 0.391594 
0.0400782 -0.204249 0.109934 -0.372548 1.01938 0.372328 
-0.0723675 0.130181 0.0871067 -0.389328 0.688514 0.387008 
0.247302 0.614461 0.537565 0.808666 -1.84298 -0.147479 
0.0252153 0.538232 0.304957 0.606948 -1.53071 -0.255672 
0.912007 0.488668 0.734414 1.53801 -1.86108 -0.253695 
0.560552 0.344945 0.744427 1.19408 -1.6959 -0.356209 
0.256976 0.320133 0.594913 0.935654 -1.46955 -0.427721 
0.0323037 0.414181 0.314523 0.779228 -1.23204 -0.468695 
0.566116 -0.0822713 0.725551 1.43522 -1.3924 -0.91536 
0.262921 0.0774801 0.566147 1.2354 -1.15651 -0.856432 
0.0374109 0.308758 0.291756 1.08389 -0.971658 -0.816915 
0.560468 -0.309636 0.546382 1.79424 -1.24071 4.76251 
0.0321566 0.220659 0.249451 1.47285 -0.728669 -1.28787 
0.900504 -0.317259 0.0199854 -1.05512 1.74943 1.12671 
0.548755 -0.339292 0.240595 -0.984633 1.35229 1.1134 
0.247309 -0.161915 0.298581 -1.00411 0.971681 1.14717 
0.536762 -0.233125 -0.169761 -0.778727 1.62564 0.777428 
0.238642 -0.15863 0.0779431 -0.706248 1.19357 0.779483 
0.0191977 0.135305 0.0886666 -0.745962 0.820718 0.823183 
-0.354843 0.424706 0.530679 -0.354426 -1.89223 0.23116 
-0.251411 0.352861 0.214399 -0.275537 -1.50022 0.279526 
-0.508303 0.217781 0.80217 -0.500549 -1.78563 0.27968 
-0.358195 0.173656 0.545802 -0.382078 -1.47306 0.319825 
-0.253403 0.262405 0.197298 -0.325184 -1.19938 0.327916 
-0.514031 -0.220995 0.772618 -0.625935 -1.0982 0.552275 
-0.360602 -0.0307937 0.489683 -0.512653 -0.948654 0.478189 
-0.254142 0.178811 0.158236 -0.445075 -0.795425 0.437599 
-0.739379 -0.554986 0.189769 0.86681 1.09996 -0.86031 
-0.513953 -0.391264 0.191791 0.785894 0.828991 -0.8295 
-0.360596 -0.16066 0.112122 0.762823 0.614819 -0.824172 
-0.254142 0.109057 -0.0520538 0.755449 0.465023 -0.815074 
-0.728083 -0.245851 -0.515061 0.636006 1.64213 -0.537495 
-0.508421 -0.22857 -0.279345 0.503614 1.33419 -0.524436 
-0.358139 -0.0937226 -0.178897 0.438797 1.06204 -0.505303 
-0.253402 0.13199 -0.204722 0.412272 0.837495 -0.490924 
-0.164003 0.376451 0.605112 -0.0265542 -1.86971 0.082327 
-0.163638 0.32474 0.251552 -0.0252873 -1.46456 0.0927435 
-0.168675 0.110686 0.937263 -0.0624722 -1.73656 0.0722061 
-0.167244 0.109122 0.62043 -0.0612207 -1.41871 0.090886 
-0.166321 0.233578 0.232841 -0.065361 -1.15603 0.107471 
-0.175244 -0.395668 0.899194 -0.150889 -0.90195 0.152235 
-0.17232 -0.104744 0.559576 -0.153639 -0.853239 0.158678 
-0.170462 0.149923 0.191464 -0.169041 -0.741055 0.181627 
-0.161048 -1.00576 0.840565 -0.00230146 0.165114 0.00208544 
-0.161301 -0.582361 0.654504 0.015871 -0.0721471 -0.0158362 
-0.161835 -0.224574 0.408772 0.002567 -0.184199 -0.00251455 
-0.161619 0.0909683 0.110563 0.00364408 -0.201531 -0.00356962 
-0.181377 -0.781464 0.295012 0.160524 0.884972 -0.163053 
-0.175309 -0.527372 0.278653 0.195604 0.650228 -0.21454 
-0.172338 -0.232645 0.172615 0.258728 0.466068 -0.289175 
-0.170475 0.0787505 -0.019843 0.334643 0.351767 -0.371823 
-0.171283 -0.43233 -0.399361 0.0637102 1.52083 -0.0873578 
-0.168753 -0.349601 -0.190288 0.0653176 1.2294 -0.104241 
-0.167237 -0.163984 -0.116534 0.0733054 0.970635 -0.123032 
-0.166338 0.100003 -0.170252 0.0867722 0.760971 -0.143933 
0.0401855 0.361303 0.62116 0.329416 -1.85989 -0.0734039 
-0.0728823 0.307718 0.268943 0.244479 -1.44815 -0.111079 
0.219269 0.114454 0.924355 0.478411 -1.74729 -0.168305 
0.0418531 0.0910679 0.634631 0.339247 -1.41603 -0.188361 
-0.0724701 0.216459 0.248649 0.270269 -1.13914 -0.175496 
0.226071 -0.375838 0.881948 0.641474 -1.02365 -0.528556 
0.0448883 -0.120492 0.569754 0.483225 -0.890046 -0.399236 
-0.0710226 0.134946 0.204371 0.391134 -0.745181 -0.330058 
-0.0561106 0.0885168 0.112229 1.19476 -0.505982 -1.1468 
0.519315 -0.686942 0.259439 -0.902082 1.15147 0.801876 
0.226055 -0.511569 0.272919 -0.774274 0.819835 0.746706 
0.0448874 -0.245824 0.18695 -0.738202 0.566326 0.735045 
-0.0710189 0.065056 -0.00173375 -0.73095 0.397355 0.726503 
0.505144 -0.363171 -0.431393 -0.673118 1.63829 0.447882 
0.219227 -0.340095 -0.191916 -0.49009 1.29661 0.402437 
0.0418457 -0.179707 -0.0985404 -0.402023 0.997841 0.360544 
-0.072241 0.0836496 -0.148275 -0.360362 0.757736 0.327017 
0.239533 0.383592 0.575275 0.687766 -1.88484 -0.227007 
0.0192145 0.307012 0.26181 0.52228 -1.4749 -0.316054 
0.54875 0.234648 0.756715 1.01286 -1.85931 -0.370098 
0.247309 0.132253 0.577294 0.771698 -1.52897 -0.462674 
0.0249079 0.220127 0.234677 0.653124 -1.21518 -0.487846 
0.912086 -0.0811061 0.762917 -1.75103 1.80178 2.33047 
0.560469 -0.153646 0.704583 1.18228 -1.49061 -0.854817 
0.256978 -0.0545464 0.50085 1.03001 -1.20593 -0.827586 
0.0321423 0.150518 0.179292 0.934337 -0.968384 -0.805985 
0.915922 -0.347575 0.503368 -1.55113 1.69545 -4.55537 
0.262881 -0.152017 0.346613 1.45879 -1.05489 -1.34662 
0.0373915 0.108112 0.0910863 1.38767 -0.836793 -1.30105 
0.560417 -0.327469 0.156789 -1.236 1.35444 1.21405 
0.900495 -0.0589704 -0.654918 -1.16102 1.93783 0.739944 
0.548747 -0.193219 -0.293962 -0.949681 1.57469 0.792341 
0.247309 -0.129885 -0.133212 -0.837352 1.21653 0.789488 
0.0248935 0.0921839 -0.14898 -0.801589 0.915557 0.789475 
-0.350422 0.225359 0.51528 -0.296804 -1.81892 0.30059 
-0.2488 0.213054 0.0672709 -0.245229 -1.35182 0.337159 
-0.501496 0.107388 0.789735 -0.438407 -1.87263 0.339903 
-0.354402 0.0376736 0.469309 -0.337144 -1.46945 0.382439 
-0.251407 0.168017 0.0078356 -0.305541 -1.12479 0.39482 
-0.508365 -0.257084 0.717998 -0.509406 -1.29289 0.547554 
-0.358139 -0.0944336 0.364977 -0.439277 -1.06013 0.506278 
-0.253402 0.131232 -0.0672138 -0.415446 -0.829517 0.495645 
-0.739365 -0.651031 0.732522 -1.00994 -0.931347 1.12961 
-0.513963 -0.414509 0.490876 -0.876444 -0.745895 0.957702 
-0.360596 -0.16147 0.194503 -0.778298 -0.603694 0.843043 
-0.254142 0.109391 -0.170837 -0.76157 -0.461799 0.821917 
-0.533296 -0.368687 0.115286 1.32176 0.810156 -1.21739 
-0.377052 -0.133059 -0.0728914 -1.84865 -0.650927 1.91506 
-0.268041 0.133451 -0.339439 -1.91907 -0.549369 -4.3099 
-0.739365 -0.287743 -0.447639 0.769217 1.35503 -0.574152 
-0.513953 -0.196477 -0.390151 0.615553 1.12755 -0.529368 
-0.360603 -0.0333964 -0.420825 0.514336 0.944581 -0.481068 
-0.254142 0.188948 -0.549097 0.435636 0.816317 -0.423967 
-0.162545 0.16432 0.58932 -0.0101466 -1.776 0.0947649 
-0.162504 0.182984 0.102598 -0.0102697 -1.30797 0.099481 
-0.164448 -0.0199263 0.924843 -0.0263079 -1.7931 0.0846826 
-0.164 -0.0346982 0.542245 -0.0257869 -1.39583 0.0948068 
-0.163679 0.13675 0.0433675 -0.0287261 -1.06854 0.103721 
-0.168684 -0.430223 0.840752 -0.0691141 -1.10046 0.113879 
-0.167236 -0.170064 0.432897 -0.0742399 -0.953004 0.124661 
-0.166338 0.0997507 -0.0323939 -0.0870463 -0.758091 0.144309 
-0.180845 -1.00124 0.879867 -0.431432 -0.297294 0.4749 
-0.175328 -0.572727 0.590072 -0.289867 -0.425903 0.323448 
-0.172342 -0.234668 0.256664 -0.280757 -0.429528 0.313506 
-0.170476 0.0787432 -0.137537 -0.334956 -0.351907 0.372127 
-0.161071 -0.81688 0.354262 -0.00378358 0.462541 0.00360392 
-0.161302 -0.517449 0.211581 -0.00348695 0.30587 0.0033254 
-0.161826 -0.216123 -0.000600004 -0.00267651 0.216723 0.00262448 
-0.161621 0.0908716 -0.292051 -0.00372443 0.20118 0.00365203 
-0.180842 -0.474389 -0.338233 0.132077 1.20854 -0.107398 
-0.175458 -0.315786 -0.300045 0.13894 1.01253 -0.131573 
-0.172321 -0.10254 -0.356166 0.152791 0.857036 -0.157415 
-0.170461 0.156178 -0.511913 0.166281 0.755171 -0.177897 
0.037201 0.147334 0.604928 0.289406 -1.77645 -0.121268 
-0.0739072 0.16631 0.11859 0.233358 -1.30026 -0.147641 
0.214014 -0.0132382 0.91207 0.435278 -1.8207 -0.20404 
0.0400791 -0.0523071 0.554829 0.319822 -1.40411 -0.225277 
-0.0724588 0.120249 0.0579496 0.279183 -1.0631 -0.218602 
0.219218 -0.414566 0.82593 0.509665 -1.19067 -0.46335 
0.0418457 -0.187297 0.443156 0.40784 -0.977262 -0.371106 
-0.0722405 0.0836367 -0.0191696 0.360656 -0.757615 -0.327318 
0.519319 -0.844277 0.818555 1.13832 -0.908957 -1.25228 
0.226057 -0.55276 0.574907 0.952162 -0.678247 -0.988455 
0.0448874 -0.247917 0.263753 0.786616 -0.535191 -0.791849 
-0.0710196 0.0649311 -0.126593 0.728122 -0.398693 -0.723447 
0.248022 -0.482627 0.190567 -1.28314 0.814393 1.16377 
-0.0561103 0.0888321 -0.290824 -1.19266 0.506444 1.1444 
0.51931 -0.400299 -0.371779 -0.818688 1.37772 0.528436 
0.226101 -0.303646 -0.304389 -0.608809 1.10644 0.460904 
0.0448884 -0.116703 -0.339368 -0.480691 0.896083 0.395196 
-0.0710226 0.139469 -0.489287 -0.386861 0.754897 0.324218 
0.231741 0.178146 0.561245 0.574589 -1.83076 -0.320896 
0.0144783 0.164766 0.114341 0.464524 -1.33823 -0.381673 
0.536757 0.124677 0.75346 0.857473 -1.95406 -0.423544 
0.23874 -0.0105545 0.506144 0.649114 -1.51764 -0.514161 
0.0192 0.121947 0.0486582 0.579862 -1.13421 -0.531112 
0.900508 -0.0563493 0.773385 1.1622 -1.93917 -0.736748 
0.548754 -0.211183 0.66769 0.949866 -1.55689 -0.817293 
0.247314 -0.1328 0.386967 0.839819 -1.21056 -0.79656 
0.0248938 0.092062 -0.0369823 0.80254 -0.914365 -0.791033 
0.560408 -0.341844 0.429046 1.25457 -1.32746 -1.29524 
0.0321384 0.0850821 -0.15519 -1.90547 0.777629 1.87293 
0.0373862 0.10923 -0.312836 -1.38376 0.837606 1.29521 
0.91199 -0.0808091 -0.601238 -1.39075 1.80202 0.810884 
0.560469 -0.143687 -0.421969 -1.18122 1.49619 0.841158 
0.256983 -0.0561203 -0.387334 -1.03079 1.20437 0.830077 
0.0321405 0.156629 -0.500893 -0.926434 0.977009 0.79196 
-0.346728 0.070075 0.450736 -0.247469 -1.69329 0.354059 
-0.245925 0.172983 -0.184315 -0.224537 -1.15309 0.382176 
-0.495112 -0.00110403 0.768882 -0.369882 -1.87866 0.394371 
-0.350319 -0.0517529 0.349647 -0.292063 -1.39459 0.428072 
-0.2488 0.171667 -0.289004 -0.291815 -0.967956 0.451545 
-0.501562 -0.290939 0.651535 -0.425464 -1.38287 0.562657 
-0.354391 -0.117374 0.198112 -0.384602 -1.06978 0.538978 
-0.251407 0.181699 -0.410628 -0.412009 -0.744599 0.570525 
-0.7281 -0.621394 0.744505 -0.711607 -1.13683 0.937972 
-0.508304 -0.396173 0.405636 -0.635188 -0.911208 0.820022 
-0.358153 -0.128963 -0.00722088 -0.609638 -0.704746 0.769205 
-0.253402 0.207908 -0.561497 -0.714784 -0.471458 0.864343 
-0.514014 -0.353415 0.0428953 1.80638 0.566172 -1.61291 
-0.760871 -0.315773 -0.374352 1.18727 1.1452 -0.796894 
-0.533295 -0.14323 -0.507298 1.01993 0.96832 -0.745105 
-0.377049 0.094381 -0.73916 0.873076 0.863778 -0.659145 
-0.268042 0.458259 -1.20489 0.692408 0.87694 -0.487656 
-0.162032 0.000872355 0.522475 -0.00402331 -1.63912 0.103674 
-0.162054 0.142567 -0.150786 -0.00451935 -1.10758 0.105782 
-0.162112 -0.143098 0.900637 -0.010076 -1.78023 0.0937808 
-0.162545 -0.125061 0.417985 -0.0102766 -1.3153 0.099455 
-0.162507 0.139345 -0.252313 -0.0125667 -0.909443 0.104522 
-0.164419 -0.45864 0.768289 -0.0275371 -1.19802 0.100498 
-0.163975 -0.191312 0.263469 -0.0309497 -0.960632 0.107854 
-0.163679 0.147974 -0.371949 -0.0408283 -0.664674 0.122032 
-0.171293 -0.974805 0.898689 -0.110323 -0.615791 0.174359 
-0.168659 -0.547615 0.503158 -0.102503 -0.646938 0.16446 
-0.167238 -0.200669 0.0555165 -0.116562 -0.546744 0.181292 
-0.166333 0.173041 -0.52055 -0.176973 -0.346331 0.247695 
-0.180846 -0.830304 0.403576 1.30551 0.127961 -1.24308 
-0.175329 -0.482285 0.128313 -1.25568 -0.124464 1.31161 
-0.172347 -0.146289 -0.22711 1.73581 0.117173 -1.67985 
-0.17048 0.231896 -0.729721 0.829525 0.154895 -0.767161 
-0.161114 -0.522906 -0.256032 -0.00230803 0.778907 0.00199137 
-0.161384 -0.277795 -0.400522 -0.00192106 0.678299 0.00167636 
-0.161554 0.00549202 -0.645428 -0.00147575 0.639934 0.00124332 
-0.161698 0.3832 -1.09724 -0.000998354 0.714037 0.000754735 
0.0340626 -0.0163382 0.53674 0.249452 -1.64515 -0.15975 
-0.0756789 0.126062 -0.134865 0.224524 -1.10604 -0.179585 
0.208146 -0.134439 0.888598 0.379378 -1.81916 -0.241345 
0.0367159 -0.142684 0.431078 0.290235 -1.33102 -0.252195 
-0.0738279 0.123248 -0.237419 0.285224 -0.914136 -0.261346 
0.213969 -0.443841 0.754843 0.439781 -1.28541 -0.450179 
0.0400782 -0.207189 0.273025 0.379168 -0.992885 -0.384699 
-0.0724431 0.132262 -0.357981 0.391342 -0.680563 -0.390338 
0.505198 -0.823795 0.836963 0.801654 -1.04541 -0.979328 
0.219217 -0.531738 0.489345 0.675003 -0.810879 -0.762754 
0.0418472 -0.21445 0.0626587 0.603653 -0.617675 -0.646054 
-0.0722125 0.158351 -0.508436 0.688269 -0.39267 -0.70977 
-0.0710214 0.218405 -0.717648 -1.11245 0.291936 1.05925 
0.543168 -0.423668 -0.307167 -1.21819 1.20306 0.773744 
0.248033 -0.24661 -0.423975 -1.00216 0.974327 0.720926 
0.0630521 0.00813802 -0.64855 -0.838754 0.839672 0.639034 
-0.0561106 0.379458 -1.09207 -0.657704 0.829276 0.480862 
0.2254 0.0189246 0.496217 0.483685 -1.71601 -0.399989 
0.0104584 0.12466 -0.137984 0.434406 -1.15097 -0.444286 
0.52656 0.018409 0.737714 0.719611 -1.97484 -0.492274 
0.231393 -0.101344 0.387375 0.557569 -1.44591 -0.562537 
0.0144793 0.124561 -0.244753 0.549422 -0.987645 -0.591816 
0.536885 -0.254909 0.612785 0.777505 -1.59365 -0.808554 
0.238643 -0.160042 0.225632 0.710204 -1.18211 -0.790069 
0.0191978 0.138213 -0.372232 0.75239 -0.813363 -0.832573 
0.900681 -0.34557 0.558928 -2.09764 1.70778 1.94128 
0.548754 -0.345728 0.357288 1.00269 -1.30473 -1.1886 
0.247316 -0.159068 0.00689776 1.01312 -0.963421 -1.16308 
0.0250224 0.171799 -0.53257 -1.9928 0.675159 1.86562 
0.912008 -0.340936 0.126543 -1.86279 1.5777 1.4542 
0.560511 -0.285938 -0.0180294 -1.7714 1.22641 1.45129 
0.0321934 0.246924 -0.760213 1.71843 -0.733831 -1.91946 
0.915946 -0.102481 -0.542832 -1.64669 1.67188 0.921804 
0.566112 -0.081954 -0.561741 -1.43515 1.39248 0.914948 
0.262884 0.0773007 -0.720629 -1.23511 1.15675 0.856356 
0.0373952 0.413526 -1.13999 -1.01458 1.03466 0.687808 
-0.343786 -0.0310921 0.338083 -0.21196 -1.54482 0.392027 
-0.24429 0.250143 -0.578052 -0.227884 -0.903564 0.433461 
-0.489633 -0.0977398 0.735922 -0.309465 -1.83872 0.438206 
-0.346713 -0.0917228 0.188056 -0.256423 -1.28182 0.459473 
-0.246341 0.304061 -0.756093 -0.312556 -0.727634 0.527033 
-0.495026 -0.318963 0.576438 -0.35727 -1.40045 0.574999 
-0.350317 -0.0999501 -0.00964994 -0.342051 -1.00675 0.563502 
-0.248803 0.393984 -0.995633 -0.499409 -0.517367 0.725546 
-0.716164 -0.596476 0.74643 -0.547052 -1.29439 0.852302 
-0.501527 -0.373731 0.305168 -0.503456 -0.997218 0.768397 
-0.354404 -0.0569236 -0.263691 -0.531137 -0.707215 0.766799 
-0.728065 -0.580717 0.318754 -0.891065 -0.866102 1.26576 
-0.508319 -0.303319 -0.0706694 -0.915632 -0.632226 1.2052 
-0.513955 -0.0922979 -0.628578 1.16819 0.602792 -0.858776 
-0.360596 0.36945 -1.31376 0.717856 0.650944 -0.445919 
-0.161781 -0.101443 0.404802 -0.00172426 -1.48685 0.110177 
-0.16187 0.216642 -0.537767 -0.00232029 -0.862377 0.111611 
-0.161733 -0.250346 0.862746 -0.00408493 -1.72845 0.102197 
-0.161989 -0.162964 0.252405 -0.00430121 -1.20524 0.105243 
-0.162042 0.266309 -0.708451 -0.00654834 -0.67366 0.108906 
-0.162546 -0.478831 0.686254 -0.0105429 -1.2298 0.100349 
-0.162541 -0.170704 0.0538756 -0.01263 -0.905582 0.104629 
-0.16248 0.345223 -0.92847 -0.0234753 -0.439228 0.118092 
-0.16537 -0.945663 0.903927 -0.0352735 -0.846622 0.114771 
-0.164424 -0.516787 0.399725 -0.0367959 -0.771535 0.116851 
-0.163978 -0.127453 -0.198143 -0.0475584 -0.563159 0.130355 
-0.163682 0.528892 -1.33503 -0.296588 -0.085806 0.385436 
-0.171293 -0.825268 0.431802 -0.21536 -0.302102 0.290067 
-0.168659 -0.429275 0.0171423 -0.222268 -0.283245 0.296175 
-0.167261 -0.0220039 -0.53511 -0.431169 -0.144896 0.5089 
-0.180846 -0.549819 -0.188443 0.351435 0.365816 -0.269529 
-0.175331 -0.213411 -0.526571 0.33737 0.365738 -0.258367 
-0.172349 0.240029 -1.13268 0.239178 0.511759 -0.152732 
0.0309097 -0.119952 0.419832 0.217958 -1.49546 -0.185722 
-0.0774797 0.199243 -0.519301 0.232881 -0.867253 -0.218993 
0.202666 -0.239753 0.851977 0.324713 -1.77338 -0.271226 
0.0338419 -0.180039 0.265181 0.264138 -1.22364 -0.270125 
-0.0757622 0.248323 -0.688869 0.318007 -0.689183 -0.326365 
0.208132 -0.465649 0.674707 0.38054 -1.31121 -0.441427 
0.0371874 -0.185721 0.0636321 0.352888 -0.941289 -0.395509 
-0.0740245 0.325272 -0.905273 0.503086 -0.480298 -0.538193 
0.492882 -0.7993 0.842338 0.618957 -1.19357 -0.843535 
0.213967 -0.502469 0.387083 0.5448 -0.907911 -0.675452 
0.0400802 -0.140319 -0.190751 0.549379 -0.635662 -0.628106 
-0.0723633 0.495145 -1.28694 1.27231 -0.254705 -1.34323 
0.505146 -0.723542 0.385736 1.00819 -0.826187 -1.32299 
0.219214 -0.414408 0.00279808 1.0184 -0.561167 -1.2004 
0.0418461 -0.0325563 -0.530172 -1.89787 0.354587 1.78392 
0.226055 -0.195382 -0.545614 -1.0768 0.619414 0.828192 
0.0448876 0.230616 -1.12674 -0.665634 0.624122 0.486949 
0.220367 -0.0834817 0.382321 0.418337 -1.57287 -0.45776 
0.0070464 0.198182 -0.522134 0.442795 -0.918451 -0.522019 
0.518286 -0.0775908 0.709203 0.603425 -1.94278 -0.555699 
0.225358 -0.140867 0.225951 0.492833 -1.33488 -0.600619 
0.0104641 0.250678 -0.697258 0.584625 -0.769973 -0.700753 
0.52658 -0.288509 0.544848 0.651136 -1.58446 -0.813608 
0.231372 -0.14334 0.0211387 0.627657 -1.10611 -0.799933 
0.0144792 0.336564 -0.928765 0.848931 -0.619702 -1.01299 
0.887017 -0.338416 0.571308 0.847138 -1.75326 -1.13073 
0.536763 -0.335452 0.266934 0.817174 -1.2933 -1.11548 
0.238647 -0.0924678 -0.241414 0.879815 -0.899288 -1.11993 
0.0191974 0.535077 -1.36068 -1.68541 0.523386 1.44189 
0.548824 -0.253693 -0.121971 -2.00862 1.115 1.59012 
0.560469 -0.0175652 -0.713025 -1.60432 1.17584 0.996171 
0.256978 0.373768 -1.3383 -1.23928 1.0103 0.704753 
-1.74627 -0.493848 -0.453463 1.83444 1.55997 -0.610697 
-0.709359 -0.26115 -0.721419 0.913617 1.00395 -0.464037 
1.07028 -0.846064 -0.547464 -1.12115 1.32923 0.163324 
-0.386728 -0.357083 -0.668445 0.467636 0.908081 -0.23766 
2.00974 -0.688902 -0.427174 -2.17683 1.67212 0.38724 
0.0636584 -0.384949 -0.656499 -0.280563 0.89771 0.155035 
1.71747 -0.460712 -0.468401 -2.08577 1.74455 0.584036 
0.498025 -0.326028 -0.685703 -1.02656 1.08627 0.505908 
-1.96693 -0.504828 -0.30623 2.0278 1.71568 -0.686077 
-1.11646 -0.460273 -0.460631 1.35786 1.16595 -0.651584 
-0.538348 -0.0995502 -0.836327 0.779016 0.869959 -0.442749 
0.458579 -0.992018 -0.404326 -0.504689 1.21903 0.0879723 
-0.582315 -0.643492 -0.415804 0.691684 0.954289 -0.321811 
-0.274869 -0.187376 -0.765452 0.354906 0.780786 -0.204555 
-0.972774 -1.01242 -0.514663 0.785243 1.34772 -0.0127325 
0.654782 -0.631892 -0.416287 -1.00508 1.05946 0.462948 
0.0500717 -0.209708 -0.750039 -0.340903 0.790958 0.215911 
1.84079 -0.298046 -0.426872 -2.22472 1.94918 6.97267 
1.13675 -0.41787 -0.482904 -1.69726 1.44257 0.717737 
0.370772 -0.149939 -0.797815 -1.02436 1.00673 0.572595 
-1.22205 -0.518458 -0.291727 1.53812 1.18701 -0.798892 
-0.715182 -0.293275 -0.542296 1.09512 0.860991 -0.670565 
-0.429905 0.120369 -1.04946 0.699558 0.776505 -0.416291 
2.62872 -0.993826 -0.376266 -2.67379 1.49517 6.3798 
-0.270416 -0.43354 -0.462708 0.380074 0.670467 -0.237918 
-0.211728 0.0266537 -0.946262 0.282551 0.680497 -0.172127 
1.03273 -0.668013 -0.245691 -1.4964 1.20746 -5.57411 
0.32765 -0.420824 -0.47086 -0.836284 0.800514 0.531404 
0.0452105 0.00898392 -0.930705 -0.448613 0.720877 0.30434 
0.758043 -0.239488 -0.585706 -1.5394 1.25007 0.8291 
0.299417 0.0851463 -1.01662 -1.09921 0.993239 0.637382 
-0.718974 -0.295071 -0.405331 -1.80302 -0.765072 -4.07024 
-0.504842 -0.0287932 -0.743952 1.04807 0.643795 -0.736775 
-0.174224 -0.479944 -0.294647 0.295071 0.434459 -0.215961 
-0.172041 -0.151803 -0.632867 0.28311 0.443834 -0.204569 
-0.17083 0.355406 -1.34249 0.199817 0.640593 -0.108982 
0.504209 -0.398309 -0.343448 -1.32464 0.847287 0.911813 
0.223657 -0.131698 -0.654945 -1.00285 0.678646 0.73696 
0.0463312 0.344441 -1.33261 -0.602749 0.738083 0.393921 
0.552006 0.0554437 -0.843992 -1.56379 1.20653 0.914183 
-0.341453 -0.0780407 0.180383 -0.188443 -1.38766 0.419567 
-0.48529 -0.178398 0.690516 -0.261647 -1.77438 0.470464 
-0.343784 -0.083882 -0.0164957 -0.232788 -1.14719 0.48358 
-0.489565 -0.337246 0.492792 -0.303966 -1.37777 0.582825 
-0.346715 -0.0388514 -0.266973 -0.316751 -0.895444 0.587012 
-0.705801 -0.579552 0.74561 -0.440964 -1.39692 0.803742 
-0.495012 -0.347311 0.19404 -0.416582 -1.01892 0.739699 
-0.350338 0.0671355 -0.599004 -0.510397 -0.619234 0.803034 
-0.716202 -0.569696 0.328494 -0.651671 -0.969681 1.09484 
-0.501505 -0.243256 -0.209202 -0.700765 -0.678808 1.05927 
-0.35439 0.316242 -1.1691 -1.28225 -0.350393 1.61168 
-0.508306 0.0129371 -0.830208 -1.61348 -0.488502 -4.26829 
-0.161681 -0.147015 0.243384 -0.000773868 -1.33075 0.115579 
-0.161809 0.574209 -1.37909 -0.00194006 -0.429495 0.117285 
-0.16167 -0.333884 0.810866 -0.0017289 -1.66064 0.109416 
-0.161773 -0.15227 0.0457211 -0.00194633 -1.07695 0.110921 
-0.161835 -0.488511 0.595983 -0.00419703 -1.22327 0.10498 
-0.161994 -0.107474 -0.20219 -0.00559833 -0.806132 0.107601 
-0.162738 -0.922071 0.903728 -0.0119802 -1.00396 0.103554 
-0.162573 -0.481932 0.285473 -0.0135341 -0.825961 0.10603 
-0.162569 -0.00614794 -0.523048 -0.0214122 -0.493239 0.115828 
-0.165616 -0.813259 0.445169 -0.0543006 -0.520668 0.138856 
-0.164487 -0.365661 -0.118814 -0.0653425 -0.404564 0.150613 
-0.163979 0.208591 -1.02768 -0.341962 -0.07332 0.431179 
-0.171293 -0.557826 -0.148139 1.31163 0.0658486 -1.22691 
-0.168676 -0.116725 -0.70767 0.429191 0.148573 -0.342507 
0.0287257 -0.16504 0.257834 0.197401 -1.34073 -0.203931 
-0.0789506 0.532486 -1.31574 0.352426 -0.467412 -0.372176 
0.198015 -0.324089 0.80167 0.279127 -1.70569 -0.291978 
0.031082 -0.168912 0.0586198 0.245099 -1.09607 -0.283014 
0.202661 -0.477287 0.586363 0.330689 -1.29598 -0.431778 
0.0340618 -0.122218 -0.191474 0.336286 -0.842135 -0.407362 
0.481516 -0.781397 0.843647 0.502642 -1.29509 -0.760182 
0.208133 -0.469599 0.274495 0.460218 -0.941126 -0.623144 
0.0371903 -0.0187156 -0.514494 0.545853 -0.568141 -0.655131 
0.492845 -0.714222 0.398236 0.749959 -0.913662 -1.10437 
0.213969 -0.35182 -0.132677 0.787472 -0.61438 -1.00569 
0.219213 -0.0989735 -0.729577 1.76153 -0.479628 -2.04404 
0.216227 -0.129846 0.223504 0.374536 -1.41854 -0.499202 
0.00417528 0.537699 -1.3293 0.631969 -0.539735 -0.78519 
0.511562 -0.158514 0.667455 0.5109 -1.88007 -0.605304 
0.220367 -0.132118 0.022187 0.450746 -1.20102 -0.631775 
0.51829 -0.310954 0.466441 0.557267 -1.54224 -0.818915 
0.225351 -0.0827751 -0.232304 0.58273 -0.989911 -0.823058 
0.875357 -0.332898 0.57811 0.706628 -1.78939 -1.08506 
0.526709 -0.316305 0.16292 0.688787 -1.26154 -1.06914 
0.231375 0.0274089 -0.56733 0.830656 -0.790853 -1.14166 
0.537118 -0.204687 -0.251375 -2.1961 1.04476 1.70221 
-2.44201 -0.279553 -0.418248 2.48365 1.94512 -6.81141 
1.40685 -0.690095 -1.08686 -1.29026 1.28592 -0.218692 
-2.05011 -0.593535 -0.613627 2.10025 1.4064 5.95742 
1.98829 -0.581272 -0.612605 -2.21423 1.4571 6.62597 
0.061315 0.0848419 -1.51016 -0.229909 1.0982 0.0608077 
-1.42786 -0.660472 -1.16834 1.03059 1.37746 0.287736 
-1.95464 -0.526176 -0.266036 2.16629 1.57175 -6.9813 
-1.10633 -0.360442 -0.642817 -1.67559 -1.01971 2.5074 
-2.67681 -0.789317 -0.205775 2.677 1.67741 -6.5434 
-0.564298 -0.540537 -0.590231 0.692968 0.7996 -0.292465 
2.15703 -0.681959 -0.217267 0.72052 -1.67343 3.64134 
0.642318 -0.527229 -0.594319 -1.05279 0.907657 0.459992 
1.12616 -0.323981 -0.667201 -1.75739 1.24415 6.97872 
-1.20614 -0.53666 -0.247621 -1.36608 -1.03493 2.20404 
-0.708382 -0.193644 -0.728974 -1.87231 -0.714984 2.39914 
2.66034 -1.02901 -0.332618 -2.75268 1.25599 0.105345 
-0.261654 -0.336449 -0.636719 0.389784 0.487331 -0.232374 
1.00884 -0.690636 -0.201327 1.46748 -1.01257 -2.2929 
0.31902 -0.323479 -0.647482 -0.946072 0.636673 0.608696 
-0.164865 -0.491241 -0.248325 0.724567 0.0927626 -6.92694 
-0.165345 -0.0450227 -0.83171 0.293116 0.215561 -0.207725 
0.489432 -0.413277 -0.29632 -1.72249 0.684372 1.2865 
0.215649 -0.0249265 -0.858083 1.89446 -0.506345 -2.18926 
-0.778269 1.07014 0.636161 -1.36612 -1.5985 -0.132665 
-0.462471 1.05732 0.538978 -1.04846 -1.5836 -0.0219777 
-0.229405 1.07127 0.355774 -0.82025 -1.47247 0.105157 
-0.0667497 1.13905 0.0898361 -0.681742 -1.30118 0.212885 
-0.765534 0.260897 0.9599 -1.3458 -1.12833 0.438572 
-0.447363 0.514117 0.787741 -0.985592 -1.07091 0.313984 
-0.215108 0.746961 0.524693 -0.751228 -1.00195 0.291833 
-0.0542578 0.975679 0.188438 -0.61804 -0.883794 0.322475 
-0.749737 -0.432836 0.918338 1.1116 1.01053 -1.6561 
-0.208077 0.442769 0.59883 -1.08404 -0.599005 0.725285 
-0.0498857 0.835487 0.238367 -0.838366 -0.553719 0.596569 
-0.735219 -0.587447 0.578309 0.725222 1.35206 -1.09682 
-0.426994 -0.317012 0.711273 0.81725 0.852696 -1.164 
-0.0473606 0.715583 0.262363 -1.35857 -0.375255 1.14411 
-0.722863 -0.473041 0.0910826 0.591715 1.71265 -0.820862 
-0.418696 -0.407266 0.456667 0.537074 1.18896 -0.795313 
-0.1979 0.0130203 0.526965 0.683411 0.66585 -0.923999 
-0.411566 -0.359986 0.115279 0.424147 1.5098 -0.602083 
-0.193287 -0.0974689 0.407107 0.443757 0.915899 -0.635232 
-0.0413944 0.514013 0.270074 0.713457 0.445178 -0.870472 
-0.0921045 1.07073 0.638582 -0.340098 -1.70147 -0.0460749 
-0.0132036 1.0634 0.404225 -0.259304 -1.47104 0.0264442 
0.0364643 1.13139 0.112931 -0.219755 -1.25169 0.0702351 
-0.0694573 0.465452 0.899591 -0.171381 -0.981367 0.0541347 
0.0038663 0.726626 0.566549 -0.0944633 -0.907832 0.0443957 
0.0498776 0.966193 0.201861 -0.0451365 -0.781975 0.0355772 
0.000705536 0.414415 0.635148 -0.296746 -0.377934 0.238465 
0.0467183 0.826764 0.246397 -0.189103 -0.395452 0.165627 
-0.199817 -0.903746 0.71973 0.271699 1.11816 -0.338212 
-0.0723048 -0.45542 0.800439 0.307416 0.575046 -0.37465 
-0.000437132 0.160862 0.626768 0.867489 0.157993 -0.918962 
0.045128 0.708702 0.268398 -0.797734 -0.128287 0.771584 
-0.194413 -0.696392 0.203294 0.211681 1.5474 -0.239168 
-0.0704405 -0.522788 0.527571 0.174427 1.03613 -0.214747 
0.000172859 -0.0206712 0.556015 0.237038 0.503036 -0.272875 
0.0453243 0.604052 0.275316 0.566766 0.169047 -0.585656 
-0.190181 -0.366464 -0.477128 0.199804 1.98118 -0.157401 
-0.0682529 -0.455179 0.176493 0.133206 1.40748 -0.147803 
0.00133315 -0.128251 0.431867 0.138787 0.821276 -0.157749 
0.0459759 0.51021 0.271766 0.245476 0.343873 -0.254183 
0.324502 1.06364 0.60377 0.488786 -1.65616 0.045308 
0.217066 1.06652 0.379041 0.381754 -1.45449 -0.0467579 
0.146731 1.13583 0.0982015 0.326169 -1.25071 -0.106582 
0.307538 0.476687 0.857377 0.403618 -0.961193 -0.109628 
0.204032 0.735405 0.540096 0.298913 -0.896518 -0.102128 
0.136674 0.971094 0.187982 0.243451 -0.778159 -0.113827 
0.203359 0.431184 0.606587 0.617079 -0.39539 -0.422814 
0.13699 0.833009 0.231615 0.458003 -0.402313 -0.31288 
0.464571 -0.807885 0.681405 -0.396821 1.13416 0.594148 
0.300586 -0.393953 0.759867 -0.465144 0.618468 0.666343 
0.136148 0.716036 0.252465 1.20084 -0.174863 -1.05109 
0.456237 -0.630357 0.172433 -0.298739 1.56193 0.450332 
0.296221 -0.469897 0.494153 -0.257858 1.05599 0.430289 
0.198942 0.00752066 0.527706 -0.347444 0.54004 0.515863 
0.134682 0.612592 0.260121 -0.717622 0.21975 0.864039 
0.449255 -0.311583 -0.510473 -0.276558 1.9949 0.341309 
0.292468 -0.410561 0.146916 -0.192629 1.42142 0.338557 
0.196339 -0.100174 0.406249 -0.201201 0.843884 0.355221 
0.133198 0.519681 0.256657 -0.344627 0.375844 0.485055 
0.915922 1.05718 0.513058 1.43962 -1.5708 -0.000640783 
0.639858 1.06081 0.435509 1.16431 -1.54146 -0.0685419 
0.41606 1.0871 0.278407 0.949912 -1.45025 -0.166574 
0.246894 1.15417 0.0435526 0.806297 -1.30622 -0.266188 
0.625382 0.561213 0.671898 1.11436 -1.04581 -0.385867 
0.401182 0.773546 0.447829 0.883627 -0.976153 -0.34931 
0.232973 0.990085 0.147056 0.74072 -0.871908 -0.370465 
0.890557 -0.221609 0.766965 -1.10704 1.03258 1.76047 
0.228727 0.853831 0.194486 1.03134 -0.565024 -0.68808 
0.877222 -0.400235 0.459985 -0.728484 1.35625 1.22395 
0.605405 -0.174492 0.597229 -0.825045 0.912823 1.29353 
0.86589 -0.321179 -0.0122459 -0.591249 1.72131 0.942775 
0.596905 -0.27373 0.357526 -0.557205 1.22743 0.942363 
0.382498 0.0894328 0.445688 -0.687705 0.741288 1.0542 
0.589834 -0.240874 0.0239897 -0.443207 1.54085 0.748452 
0.377414 -0.0176915 0.330245 -0.467399 0.972075 0.789644 
0.217956 0.542115 0.225106 -0.700282 0.515732 0.986243 
-0.765533 1.12874 0.61193 -1.26841 -1.96633 -0.248864 
-0.447362 0.961526 0.603467 -0.886652 -1.90692 -0.0720658 
-0.215102 0.84727 0.481961 -0.620138 -1.71619 0.0711847 
-0.0543292 0.826484 0.256278 -0.466831 -1.47606 0.148908 
-0.778268 0.343596 0.93015 -1.37321 -1.51079 0.291074 
-0.462496 0.409313 0.80498 -1.07616 -1.39578 0.312258 
-0.229355 0.523081 0.589041 -0.869533 -1.26237 0.345092 
-0.0667459 0.675139 0.301859 -0.745091 -1.1102 0.38912 
-0.215115 0.215155 0.63009 -1.03966 -0.729939 0.728899 
-0.054435 0.528755 0.332228 -0.827374 -0.654428 0.610671 
-0.749738 -0.600938 0.6019 0.918694 1.27098 -1.20378 
-0.436628 -0.382406 0.668502 -2.14866 -0.853793 1.87866 
-0.735214 -0.484603 0.108204 0.705794 1.63063 -0.85589 
-0.426989 -0.419548 0.374451 0.634405 1.18504 -0.822548 
-0.202955 -0.114228 0.438287 0.702835 0.758127 -0.885994 
-0.0473492 0.33814 0.279045 0.949924 0.456115 -1.0972 
-0.4187 -0.333265 -0.0023748 0.494965 1.52519 -0.60134 
-0.197902 -0.160552 0.26475 0.470996 1.03475 -0.60889 
-0.0443686 0.274312 0.231589 0.588972 0.613943 -0.710861 
0.00386714 0.843445 0.51713 -0.0755883 -1.74759 0.000528283 
0.0498755 0.827141 0.264966 -0.0319405 -1.47874 -0.00060254 
-0.092086 0.343233 0.934188 -0.351185 -1.29396 0.0990536 
-0.0132798 0.494573 0.644091 -0.283146 -1.15397 0.11748 
0.0360502 0.662816 0.325747 -0.248546 -1.00277 0.135609 
-0.0696073 -0.274573 0.95873 -0.460103 -0.325364 0.397135 
0.00386532 0.175307 0.672089 -0.166373 -0.465398 0.135095 
0.0498741 0.516989 0.343622 -0.0695956 -0.475006 0.0654522 
-0.202998 -0.934517 0.746372 0.332604 0.926894 -0.376159 
-0.0721903 -0.524589 0.754368 0.35542 0.489552 -0.401825 
0.000705362 -0.0365945 0.59955 0.721209 0.16402 -0.752935 
0.0467175 0.410615 0.32145 -0.992614 -0.0860829 0.981685 
-0.199518 -0.714795 0.220853 0.245362 1.41725 -0.254866 
-0.0722344 -0.534034 0.442688 0.196465 0.998362 -0.221542 
-0.00041868 -0.150206 0.465373 0.218158 0.58617 -0.240249 
0.0452438 0.331612 0.281938 0.328034 0.287555 -0.337469 
-0.194904 -0.379601 -0.462272 0.224265 1.88843 -0.163504 
-0.0704281 -0.427248 0.058224 0.152033 1.40519 -0.150408 
0.000173732 -0.192111 0.288129 0.141666 0.935122 -0.148622 
0.0453576 0.269408 0.233261 0.179955 0.52679 -0.181305 
0.204027 0.850854 0.491033 0.235461 -1.73843 -0.0479217 
0.13669 0.833878 0.250493 0.170738 -1.48156 -0.0766373 
0.324353 0.365801 0.887594 0.508044 -1.29158 -0.153183 
0.217273 0.51009 0.615177 0.416477 -1.15919 -0.175662 
0.147505 0.671207 0.310168 0.367609 -1.01279 -0.200995 
0.307669 -0.21318 0.912107 0.876328 -0.430781 -0.698184 
0.204035 0.198349 0.643467 0.504783 -0.494035 -0.364641 
0.136702 0.525788 0.329007 0.369856 -0.487252 -0.26877 
0.473875 -0.834446 0.70782 -0.525116 0.966331 0.667264 
0.304792 -0.462617 0.715863 -0.597817 0.554826 0.750548 
0.203353 -0.00835824 0.571367 -1.00463 0.266953 1.14498 
0.464576 -0.647261 0.189811 -0.360971 1.44203 0.46713 
0.300576 -0.482694 0.410645 -0.308596 1.02655 0.441757 
0.201399 -0.120764 0.438796 -0.351471 0.625642 0.485797 
0.13615 0.342895 0.266488 -0.514955 0.335327 0.635204 
0.456154 -0.324109 -0.495482 -0.316972 1.90695 0.33975 
0.296221 -0.383783 0.0288459 -0.226281 1.42442 0.334724 
0.198719 -0.163671 0.263512 -0.214458 0.959531 0.338793 
0.134679 0.281698 0.217652 -0.274195 0.55716 0.392802 
0.904518 1.11132 0.494848 1.26726 -1.93563 0.0991102 
0.625234 0.973021 0.501241 0.949638 -1.86997 -0.0196171 
0.401144 0.872199 0.405188 0.702269 -1.70474 -0.13745 
0.233112 0.847404 0.21265 0.544933 -1.49031 -0.210304 
0.915835 0.426124 0.77296 1.4485 -1.52321 -0.368805 
0.639856 0.474703 0.680717 1.19496 -1.4103 -0.384795 
0.416047 0.568335 0.503414 1.00041 -1.28458 -0.414614 
0.24688 0.700627 0.25384 0.871884 -1.14317 -0.458413 
0.625378 0.00725454 0.72016 1.45431 -0.897931 -0.975414 
0.401222 0.277607 0.54748 1.17394 -0.766608 -0.793612 
0.233362 0.554482 0.288722 0.970726 -0.676999 -0.688626 
0.890506 -0.410814 0.483083 -0.92726 1.28644 1.32142 
0.614887 -0.236938 0.558402 -1.00743 0.922737 1.3772 
0.87707 -0.33133 0.00479315 -0.710156 1.64771 0.9696 
0.605405 -0.288732 0.27824 -0.663173 1.23486 0.960781 
0.388301 -0.0322103 0.359897 -0.728172 0.83805 1.01893 
0.225331 0.371403 0.23302 2.21067 -0.543186 -1.95782 
0.596905 -0.216148 -0.0940519 -0.521239 1.56673 0.737939 
0.382506 -0.0796284 0.190488 -0.504231 1.09548 0.757189 
0.221521 0.309456 0.186151 -0.61201 0.687943 0.848729 
-0.207996 0.612758 0.558664 -0.54689 -1.85871 0.104544 
-0.0499836 0.538711 0.314447 -0.402026 -1.53788 0.175039 
-0.765533 0.410021 0.927747 -1.14093 -1.82003 0.147678 
-0.447362 0.293544 0.837237 -0.821911 -1.61903 0.260429 
-0.215375 0.302843 0.629149 -0.624425 -1.39202 0.30208 
-0.054358 0.40605 0.333906 -0.507664 -1.17243 0.3138 
-0.462482 -0.182663 0.812899 -1.24365 -1.15595 0.871068 
-0.229357 0.0497659 0.595636 -1.05537 -0.991186 0.768521 
-0.0667488 0.296443 0.307594 -0.93186 -0.858142 0.721728 
-0.447364 -0.42373 0.6214 -1.85032 -0.865072 -4.60799 
-0.0543386 0.201407 0.265794 -1.40264 -0.471561 1.28122 
-0.749728 -0.502499 0.136151 0.864918 1.5032 -0.913649 
-0.436172 -0.425615 0.294268 0.776699 1.1216 -0.875541 
-0.207999 -0.187947 0.313996 0.789523 0.778532 -0.898325 
-0.0499103 0.152157 0.18464 0.895859 0.523 -0.985942 
-0.73479 -0.20415 -0.561258 0.759784 1.92065 -0.591043 
-0.427118 -0.301127 -0.123585 0.583403 1.49741 -0.601277 
-0.202958 -0.17567 0.0869445 0.52249 1.09874 -0.590653 
-0.0473498 0.129139 0.0895801 0.550013 0.755226 -0.618963 
0.000576179 0.605855 0.591651 -0.113525 -1.88235 0.00399431 
0.0467132 0.540619 0.319508 -0.0725097 -1.54426 0.0111153 
-0.0696206 0.224778 0.95251 -0.142543 -1.5678 0.0421167 
0.00386092 0.278438 0.67068 -0.0764978 -1.33729 0.0315898 
0.0498752 0.402515 0.345324 -0.0350916 -1.13466 0.0112892 
-0.092106 -0.357264 0.942638 -0.565266 -0.66546 0.462802 
-0.0131824 -0.0039548 0.650579 -0.413057 -0.689328 0.326127 
0.0364812 0.27709 0.331964 -0.353839 -0.638937 0.288884 
-0.203224 -0.97281 0.787452 0.45695 0.637442 -0.470732 
-0.0696069 -0.575151 0.709862 0.515471 0.292029 -0.539002 
0.049877 0.189291 0.274699 -0.392805 -0.0834985 0.395152 
-0.202999 -0.741985 0.248285 0.282019 1.21844 -0.271356 
-0.0721576 -0.53967 0.360518 0.212657 0.883066 -0.221314 
0.000711929 -0.225153 0.33964 0.197541 0.581177 -0.204156 
0.0467213 0.145005 0.186964 0.207196 0.359161 -0.203496 
-0.199759 -0.399271 -0.438785 0.247853 1.75175 -0.171425 
-0.0721939 -0.394603 -0.0631131 0.168589 1.35885 -0.149823 
-0.000424682 -0.207203 0.109021 0.143676 0.993244 -0.136471 
0.045249 0.124413 0.0900104 0.146252 0.677365 -0.136291 
0.203352 0.617946 0.56265 0.236049 -1.88103 -0.0835052 
0.137013 0.550488 0.304183 0.174046 -1.55494 -0.115761 
0.307646 0.256248 0.905974 0.327221 -1.57498 -0.129652 
0.204068 0.299591 0.642063 0.238098 -1.34909 -0.141301 
0.136693 0.413112 0.330676 0.186806 -1.14629 -0.138962 
0.324503 -0.290162 0.895946 0.748959 -0.757522 -0.594046 
0.217043 0.0250645 0.621265 0.584935 -0.735398 -0.456516 
0.14715 0.290419 0.315295 0.511761 -0.67126 -0.414348 
0.481999 -0.867044 0.748703 -0.780485 0.725852 0.846899 
0.307671 -0.514019 0.673713 -0.935104 0.410194 1.02366 
0.136692 0.201401 0.260137 -1.93578 0.182171 -4.28053 
0.473845 -0.672545 0.218466 -0.448551 1.25645 0.496657 
0.304793 -0.489799 0.3298 -0.381057 0.922804 0.463142 
0.203353 -0.195643 0.314582 -0.389733 0.626296 0.478061 
0.136993 0.157978 0.171874 -0.452324 0.407295 0.532635 
0.464628 -0.343059 -0.471583 -0.365964 1.7763 0.340714 
0.300577 -0.351891 -0.0926544 -0.267616 1.3841 0.329026 
0.201205 -0.179266 0.0850989 -0.237796 1.02092 0.322612 
0.136077 0.137629 0.0750009 -0.251119 0.707604 0.33689 
0.394226 0.652665 0.476818 0.627839 -1.86717 -0.19095 
0.228987 0.568235 0.269024 0.477518 -1.57082 -0.266203 
0.904581 0.479099 0.777361 1.16418 -1.81319 -0.244066 
0.625376 0.372817 0.715194 0.891907 -1.63358 -0.332207 
0.402037 0.362444 0.547156 0.705123 -1.42304 -0.375392 
0.233189 0.437903 0.290116 0.58537 -1.20907 -0.391996 
0.639858 -0.0423421 0.687945 1.31703 -1.2489 -0.88379 
0.416062 0.128782 0.509658 1.16019 -1.07727 -0.827567 
0.246895 0.333526 0.259503 1.04832 -0.933522 -0.801737 
0.62538 -0.281108 0.517181 1.83953 -0.936774 4.68701 
0.890503 -0.34768 0.0332326 -0.876602 1.52816 1.01465 
0.614889 -0.29789 0.200937 -0.81563 1.18237 0.996837 
0.394248 -0.105206 0.239281 -0.830765 0.863742 1.01802 
0.228753 0.190223 0.139514 -0.921307 0.614806 1.08791 
0.877235 -0.0561598 -0.690163 -0.779346 1.95918 0.678256 
0.605405 -0.185166 -0.216826 -0.620382 1.54999 0.723611 
0.388323 -0.0954421 0.0140112 -0.568564 1.16666 0.727537 
0.225344 0.168311 0.0443416 -0.595894 0.831294 0.757212 
-0.20329 0.379209 0.592049 -0.486069 -1.88322 0.173992 
-0.0473509 0.307079 0.268584 -0.368109 -1.47749 0.235028 
-0.436171 0.180146 0.840662 -0.705092 -1.79829 0.282567 
-0.208079 0.117468 0.60327 -0.525078 -1.46944 0.334354 
-0.0498958 0.215572 0.247855 -0.436416 -1.18107 0.336384 
-0.44738 -0.260698 0.798058 -0.891454 -1.22356 0.711032 
-0.215114 -0.08537 0.536211 -0.743398 -1.01542 0.625633 
-0.0543416 0.136407 0.201222 -0.650162 -0.833261 0.573875 
-0.778268 -0.586456 0.656732 1.58551 1.3648 4.64059 
-0.0667486 0.0940048 0.106338 1.82543 0.678443 -1.89344 
-0.765554 -0.521435 0.175773 1.11909 1.36618 -1.03797 
-0.447365 -0.421862 0.217428 1.02229 1.03016 -1.01223 
-0.215115 -0.211394 0.160143 0.997717 0.753802 -1.02054 
-0.054338 0.0673771 -0.00273445 1.01391 0.555976 -1.03949 
-0.749324 -0.229755 -0.519544 0.880771 1.75016 -0.620638 
-0.436171 -0.266123 -0.243913 0.694868 1.40408 -0.609648 
-0.208006 -0.150778 -0.121912 0.59801 1.08808 -0.582011 
-0.0498956 0.0832844 -0.146411 0.559791 0.82764 -0.562029 
-0.000469778 0.363396 0.624038 -0.126163 -1.87547 0.0196909 
0.0453013 0.306607 0.274526 -0.0918952 -1.4681 0.0316549 
-0.0721883 0.0996623 0.949361 -0.166765 -1.73974 0.0569541 
0.000705522 0.0912059 0.639634 -0.109377 -1.41844 0.0550947 
0.0467285 0.213912 0.255886 -0.0792407 -1.15502 0.0412972 
-0.0695295 -0.414832 0.911167 -0.18269 -0.895183 0.15694 
0.00386459 -0.125988 0.578297 -0.0998257 -0.842282 0.0804864 
0.0498757 0.128806 0.214673 -0.0476731 -0.730632 0.0319799 
-0.235268 -0.987467 0.833753 -1.8567 -0.50211 1.8944 
-0.0921044 -0.590851 0.659191 -1.37836 -0.34368 1.36673 
-0.0131829 -0.240725 0.421379 -0.973016 -0.313915 0.949504 
0.0362371 0.072946 0.128815 -0.813113 -0.289284 0.791907 
-0.203224 -0.778619 0.293384 0.337768 0.91477 -0.305515 
-0.0695998 -0.540929 0.286937 0.233239 0.657044 -0.227584 
0.00386704 -0.25275 0.189231 0.169227 0.456681 -0.166 
0.0498753 0.0570102 0.00341599 0.0989697 0.327654 -0.0901962 
-0.202976 -0.429388 -0.400178 0.264357 1.54207 -0.179458 
-0.0721555 -0.360508 -0.182367 0.173191 1.24028 -0.141601 
0.000715703 -0.182413 -0.100248 0.130794 0.973344 -0.112275 
0.0467188 0.0785768 -0.146853 0.105847 0.755139 -0.0863978 
0.201511 0.382975 0.595276 0.213687 -1.88548 -0.129982 
0.13578 0.318128 0.260009 0.16291 -1.48366 -0.159221 
0.30482 0.139658 0.902335 0.30659 -1.75966 -0.166716 
0.203357 0.11761 0.610938 0.226536 -1.44063 -0.186719 
0.136835 0.226531 0.241345 0.188457 -1.17421 -0.186608 
0.307665 -0.348278 0.867428 0.400046 -0.971006 -0.364908 
0.203761 -0.096381 0.552055 0.3015 -0.879314 -0.283673 
0.136646 0.141599 0.200845 0.249388 -0.753964 -0.244832 
0.217036 -0.209378 0.395664 1.13591 -0.420656 -1.10004 
0.147149 0.0871357 0.113708 1.01302 -0.367188 -0.981588 
0.482057 -0.706964 0.264227 -0.598792 0.977937 0.57385 
0.30767 -0.492699 0.257707 -0.512584 0.715091 0.532405 
0.204033 -0.224372 0.165821 -0.489506 0.511242 0.522892 
0.136692 0.0701622 -0.0107479 -0.479609 0.375524 0.511931 
0.473964 -0.372426 -0.431986 -0.425295 1.57438 0.347431 
0.304795 -0.318287 -0.212255 -0.315494 1.27175 0.321741 
0.203122 -0.155201 -0.124012 -0.26583 1.00408 0.30165 
0.136964 0.0923532 -0.161962 -0.246986 0.785045 0.289381 
0.389407 0.435086 0.509094 0.553159 -1.91054 -0.279451 
0.225341 0.343063 0.223332 0.428027 -1.52172 -0.351047 
0.614881 0.275991 0.715757 0.772131 -1.83166 -0.368385 
0.394593 0.190761 0.520474 0.597738 -1.52306 -0.432542 
0.228757 0.253569 0.203817 0.508142 -1.23511 -0.447513 
0.90451 -0.125798 0.812232 1.10084 -1.56488 -0.762674 
0.625462 -0.117114 0.681271 0.933703 -1.30847 -0.746364 
0.401216 -0.00311272 0.458753 0.807417 -1.08939 -0.700518 
0.233153 0.174577 0.159614 0.724554 -0.893705 -0.667488 
0.915844 -0.387498 0.531806 -1.58977 1.44098 1.71635 
0.416064 -0.0952963 0.295542 1.42646 -0.954243 -1.32452 
0.246897 0.136408 0.0600001 1.37242 -0.790277 -1.29255 
0.904515 -0.366326 0.0746399 -1.13449 1.39022 1.11876 
0.62547 -0.29856 0.12766 -1.0651 1.09342 1.10213 
0.401239 -0.131307 0.0894382 -1.04182 0.835718 1.10341 
0.233131 0.106414 -0.0458951 -1.04688 0.63944 1.10833 
0.890513 -0.0833562 -0.643682 -0.905381 1.78981 0.693447 
0.614884 -0.151139 -0.339225 -0.744907 1.46407 0.712354 
0.394292 -0.0716898 -0.195435 -0.659497 1.16124 0.699415 
0.228761 0.124236 -0.192319 -0.624186 0.904512 0.684889 
-0.197999 0.170407 0.576616 -0.41354 -1.81281 0.24978 
-0.0443689 0.163986 0.12 -0.335516 -1.33344 0.292849 
-0.426989 0.0638147 0.830551 -0.61621 -1.88782 0.335142 
-0.202969 -0.0239055 0.525922 -0.463417 -1.46411 0.387632 
-0.0473475 0.11866 0.0581146 -0.412003 -1.10777 0.391875 
-0.436172 -0.306779 0.749478 -0.703318 -1.35253 0.65379 
-0.20801 -0.155522 0.414184 -0.60218 -1.07628 0.590828 
-0.0498955 0.0832441 -0.0206029 -0.559996 -0.827214 0.562331 
-0.447419 -0.448392 0.508813 -1.10384 -0.960051 1.16205 
-0.215116 -0.212818 0.233566 -1.02573 -0.73756 1.05866 
-0.0543377 0.0672642 -0.13049 -1.01195 -0.556747 1.03719 
-0.229346 -0.177134 -0.0343094 1.37562 0.836052 -1.284 
-0.0667486 0.0945345 -0.296949 -1.82791 -0.679014 1.89664 
-0.765535 -0.261107 -0.460297 1.07878 1.53861 -0.701281 
-0.447362 -0.226308 -0.360604 0.878308 1.25493 -0.670545 
-0.215169 -0.0850358 -0.366611 0.743749 1.01535 -0.625816 
-0.0543429 0.141055 -0.489528 0.644369 0.841932 -0.565221 
0.000158952 0.147825 0.608084 -0.116508 -1.78085 0.0397641 
0.0453347 0.16298 0.125059 -0.0935823 -1.31149 0.0494393 
-0.0723059 -0.0325805 0.936359 -0.169755 -1.79895 0.0755451 
-0.000423764 -0.0538233 0.560067 -0.12204 -1.39779 0.0789938 
0.045249 0.116236 0.06552 -0.104309 -1.0706 0.0721789 
-0.072118 -0.447371 0.851147 -0.184055 -1.10379 0.168922 
0.000715483 -0.190427 0.449801 -0.132968 -0.950271 0.116049 
0.0467188 0.0785868 -0.0101939 -0.105838 -0.755256 0.0863842 
-0.203228 -0.995997 0.877785 -0.772993 -0.385699 0.829387 
-0.0696068 -0.588774 0.5988 -0.352309 -0.423826 0.36523 
0.0038657 -0.255177 0.27287 -0.187069 -0.411593 0.185627 
0.0498753 0.0568275 -0.114813 -0.0982697 -0.330083 0.0894563 
-0.23527 -0.804608 0.348763 0.869132 0.649174 -0.755692 
-0.0921046 -0.523999 0.215402 0.856731 0.452989 -0.803813 
-0.0131827 -0.230496 0.0102831 0.87923 0.33765 -0.850532 
0.0362371 0.0727387 -0.273682 0.815104 0.288722 -0.793984 
-0.20322 -0.472321 -0.338708 0.282846 1.22536 -0.192564 
-0.0696969 -0.327286 -0.29168 0.166944 1.01538 -0.129918 
0.00386482 -0.121535 -0.338685 0.0990031 0.850143 -0.0792512 
0.0498757 0.132742 -0.485284 0.0471832 0.739684 -0.03132 
0.198951 0.172521 0.579665 0.180647 -1.79711 -0.173769 
0.134558 0.176025 0.110683 0.147777 -1.3288 -0.194052 
0.300591 0.0153973 0.88959 0.272005 -1.82844 -0.207247 
0.2014 -0.0243947 0.532247 0.205215 -1.42498 -0.22711 
0.136076 0.129772 0.0512171 0.183498 -1.09244 -0.229688 
0.304793 -0.382488 0.809367 0.327382 -1.17339 -0.356556 
0.203126 -0.160272 0.424717 0.268482 -0.989913 -0.306395 
0.136965 0.0922165 -0.0241792 0.247479 -0.783536 -0.29003 
0.48201 -0.879004 0.836023 0.933958 -0.619832 -1.04266 
0.307664 -0.531658 0.566062 0.665378 -0.547723 -0.720892 
0.204033 -0.226233 0.249735 0.520834 -0.48058 -0.558509 
0.136692 0.0700796 -0.128383 0.478308 -0.376512 -0.510532 
0.504639 -0.729318 0.319026 -1.10189 0.766305 0.957968 
0.324505 -0.476078 0.186514 -1.07608 0.560451 1.00369 
0.217036 -0.201927 -0.0133165 -1.07899 0.433603 1.03751 
0.147149 0.0874009 -0.289291 -1.01073 0.367738 0.979128 
0.482146 -0.414826 -0.368711 -0.511766 1.26853 0.375294 
0.307669 -0.285636 -0.321781 -0.379104 1.05265 0.325422 
0.204033 -0.0945801 -0.363482 -0.302533 0.882167 0.283739 
0.136646 0.146849 -0.501358 -0.245938 0.765598 0.240172 
0.382933 0.239663 0.494014 0.463739 -1.85302 -0.371763 
0.221523 0.202851 0.0763568 0.380584 -1.38119 -0.427092 
0.605403 0.17439 0.705589 0.671174 -1.93448 -0.433419 
0.388387 0.0564536 0.445849 0.518442 -1.52833 -0.505166 
0.225325 0.158787 0.0148439 0.46772 -1.16676 -0.524662 
0.8903 -0.0850658 0.810985 0.90465 -1.78918 -0.694225 
0.614893 -0.160654 0.634986 0.746115 -1.45229 -0.72325 
0.394237 -0.0712379 0.339353 0.65874 -1.16253 -0.697995 
0.22876 0.123641 -0.0627138 0.627341 -0.898605 -0.689953 
0.401216 -0.131664 0.164858 1.04796 -0.831792 -1.11288 
0.233131 0.106731 -0.17124 1.05154 -0.637452 -1.11414 
0.246891 0.139024 -0.345628 -1.36257 0.792329 1.27853 
0.904527 -0.118615 -0.57666 -1.10082 1.56891 0.754884 
0.625376 -0.112675 -0.457833 -0.932856 1.31228 0.741676 
0.401216 -0.00617373 -0.443926 -0.809526 1.08557 0.70505 
0.23316 0.183948 -0.539787 -0.713628 0.910091 0.649875 
-0.193294 0.00929382 0.510256 -0.349935 -1.68793 0.310757 
-0.0411818 0.122878 -0.131214 -0.314059 -1.14123 0.341317 
-0.418652 -0.0488119 0.810111 -0.524794 -1.89828 0.392329 
-0.197901 -0.114348 0.404016 -0.4076 -1.39224 0.43093 
-0.0443688 0.121337 -0.236607 -0.401304 -0.960131 0.449716 
-0.42699 -0.342017 0.684228 -0.588016 -1.42902 0.646359 
-0.20296 -0.177685 0.246703 -0.5276 -1.08157 0.601681 
-0.0473491 0.131575 -0.358942 -0.554792 -0.747869 0.625509 
-0.749719 -0.587511 0.720505 -0.890835 -1.35375 1.09494 
-0.436214 -0.437582 0.428379 -0.831643 -1.02401 0.990567 
-0.208002 -0.183991 0.0354293 -0.806077 -0.762815 0.921415 
-0.0499059 0.158649 -0.510428 -0.917597 -0.513984 1.01081 
-0.215135 -0.123552 -0.252643 -1.50871 -0.613998 -4.61398 
-0.054382 0.221897 -0.723407 1.33527 0.478585 -1.20576 
-0.778336 -0.279845 -0.39946 1.44004 1.41015 -0.880905 
-0.462476 -0.164572 -0.48921 1.23409 1.16362 -0.846919 
-0.229372 0.0466859 -0.688127 1.05701 0.988787 -0.772065 
-0.0667484 0.388663 -1.10488 0.861182 0.928197 -0.609176 
0.00130457 -0.0176401 0.540461 -0.101666 -1.64249 0.0558326 
0.045982 0.121773 -0.128119 -0.0915172 -1.11169 0.0631975 
-0.0705406 -0.157316 0.911634 -0.153906 -1.78621 0.0921689 
0.000181904 -0.144418 0.434809 -0.117615 -1.31838 0.0936681 
0.0453291 0.118328 -0.229518 -0.114278 -0.914346 0.0953096 
-0.0720899 -0.47425 0.777752 -0.176652 -1.20706 0.177537 
-0.000425437 -0.210375 0.279088 -0.146594 -0.964094 0.141651 
0.0452489 0.12651 -0.348549 -0.147693 -0.669834 0.13812 
-0.202998 -0.967332 0.895664 -0.425217 -0.684813 0.508928 
-0.0721898 -0.561465 0.510685 -0.27008 -0.66008 0.300553 
0.000709256 -0.219336 0.070615 -0.208758 -0.547682 0.217369 
0.0467212 0.150505 -0.495458 -0.214897 -0.346474 0.211676 
-0.203231 -0.826858 0.401962 1.48372 0.266742 -1.38609 
-0.0696075 -0.494696 0.135433 -1.35589 -0.145773 1.39554 
0.00386588 -0.165011 -0.21123 -1.42054 -0.074515 1.43397 
0.0498752 0.206742 -0.70004 0.29098 0.111268 -0.292821 
-0.235262 -0.511789 -0.26212 0.640483 0.88371 -0.441594 
-0.0921144 -0.2827 -0.397462 0.508712 0.746854 -0.388446 
-0.013183 -0.00866388 -0.631751 0.416155 0.683615 -0.330121 
0.0362362 0.354201 -1.05735 0.316645 0.72836 -0.239855 
0.196664 0.0106912 0.512639 0.151713 -1.6622 -0.206952 
0.133134 0.135053 -0.142335 0.137516 -1.12833 -0.221934 
0.296224 -0.103671 0.866115 0.231158 -1.82158 -0.242776 
0.198569 -0.115477 0.409613 0.179783 -1.34602 -0.254884 
0.134614 0.131963 -0.243993 0.178637 -0.935217 -0.265182 
0.300577 -0.412588 0.738428 0.275548 -1.26973 -0.361816 
0.201212 -0.181437 0.255397 0.240905 -1.00135 -0.328327 
0.136079 0.140459 -0.363383 0.254575 -0.697692 -0.341287 
0.473847 -0.849687 0.851944 0.575289 -0.859534 -0.749186 
0.304566 -0.507735 0.480537 0.448871 -0.751118 -0.564927 
0.203353 -0.191465 0.0477428 0.403281 -0.603437 -0.494647 
0.136993 0.165004 -0.511405 0.46972 -0.392488 -0.551522 
0.20404 -0.138537 -0.233912 -1.69342 0.233852 1.60883 
0.1367 0.221649 -0.717369 2.09744 -0.196958 -2.16722 
0.504643 -0.452741 -0.291282 -0.860318 0.954257 0.591618 
0.324502 -0.24078 -0.428393 -0.70642 0.80487 0.534164 
0.217049 0.0206758 -0.661248 -0.588795 0.730369 0.461617 
0.147155 0.376902 -1.08843 -0.455729 0.76489 0.340021 
0.377462 0.086359 0.430781 0.386649 -1.73567 -0.445599 
0.217954 0.162908 -0.176057 0.350355 -1.18585 -0.490124 
0.596904 0.0737972 0.68725 0.56684 -1.95433 -0.501773 
0.382507 -0.0325451 0.328235 0.446929 -1.45816 -0.563245 
0.221523 0.162156 -0.280988 0.443707 -1.01549 -0.597329 
0.877145 -0.0536727 0.803457 0.779882 -1.96177 -0.675891 
0.605408 -0.197806 0.573904 0.620843 -1.52892 -0.738647 
0.388298 -0.0955888 0.174777 0.568807 -1.16506 -0.728379 
0.225339 0.173531 -0.404708 0.605169 -0.815981 -0.770882 
0.890236 -0.384379 0.595194 0.882561 -1.46149 -1.09408 
0.614887 -0.303448 0.334205 0.836997 -1.13767 -1.05005 
0.394281 -0.104639 -0.0331117 0.832291 -0.861205 -1.0208 
0.228751 0.201903 -0.558574 0.952442 -0.598935 -1.12583 
0.915831 -0.134401 -0.514893 -1.49119 1.4664 0.91727 
0.640236 -0.0457016 -0.595558 -1.31894 1.24815 0.88918 
0.416061 0.137414 -0.787132 -1.15465 1.08181 0.815839 
0.24689 0.468597 -1.21999 -0.957292 1.01827 0.640046 
-0.189365 -0.0937432 0.394998 -0.303112 -1.53979 0.353671 
-0.0387666 0.196074 -0.516503 -0.321649 -0.902173 0.400831 
-0.411613 -0.149755 0.777883 -0.442689 -1.85812 0.439867 
-0.193283 -0.153165 0.240529 -0.36309 -1.28215 0.461095 
-0.041395 0.246552 -0.688183 -0.432926 -0.736533 0.537158 
-0.72288 -0.221422 0.957837 -0.653593 -2.00139 0.605835 
-0.418652 -0.369793 0.609369 -0.498872 -1.44092 0.646893 
-0.197903 -0.158398 0.0390171 -0.475129 -1.02115 0.616876 
-0.0443726 0.327706 -0.911586 -0.65802 -0.550258 0.793459 
-0.73547 -0.568799 0.726448 -0.709752 -1.46429 0.998163 
-0.426992 -0.415831 0.329685 -0.671797 -1.08074 0.910567 
-0.202956 -0.112023 -0.217443 -0.706539 -0.75401 0.891088 
-0.0473473 0.499866 -1.29711 -1.32132 -0.378719 1.50227 
-0.436172 -0.335859 -0.0527381 -1.0746 -0.800919 1.38195 
-0.447656 -0.11501 -0.614328 1.37195 0.842816 -0.964482 
-0.215118 0.287536 -1.20471 0.974357 0.768575 -0.639721 
0.00247622 -0.12072 0.422063 -0.0895714 -1.48919 0.0659892 
0.0467078 0.194175 -0.511751 -0.095243 -0.868871 0.0791113 
-0.0679065 -0.265087 0.873745 -0.132984 -1.73547 0.103473 
0.00133353 -0.181891 0.268461 -0.108597 -1.2086 0.101489 
0.045994 0.242436 -0.679722 -0.130031 -0.683234 0.123583 
-0.0703214 -0.49355 0.695216 -0.158769 -1.2399 0.177098 
0.000173588 -0.188821 0.0690498 -0.14428 -0.91162 0.152913 
0.0453622 0.318265 -0.893961 -0.205772 -0.455048 0.210505 
-0.199814 -0.937534 0.900448 -0.311575 -0.906236 0.413027 
-0.0722891 -0.529176 0.4069 -0.234692 -0.789726 0.281321 
-0.000419257 -0.14501 -0.183022 -0.222775 -0.573648 0.245701 
0.0452439 0.476923 -1.25547 -0.705268 -0.141429 0.722329 
-0.203 -0.820286 0.429454 -0.70947 -0.412585 0.838185 
-0.0721898 -0.440087 0.0234881 -0.545943 -0.320522 0.608281 
0.000690541 -0.0402386 -0.517927 -0.695234 -0.16757 0.72682 
-0.203224 -0.547029 -0.190148 0.690107 0.425179 -0.550328 
-0.0696111 -0.224387 -0.518622 0.395153 0.378592 -0.327881 
0.00386594 0.212821 -1.09854 0.155232 0.503194 -0.122511 
0.194437 -0.0929434 0.397136 0.130291 -1.50967 -0.229794 
0.131837 0.20802 -0.527476 0.139578 -0.88344 -0.251873 
0.292471 -0.207544 0.829742 0.194479 -1.77341 -0.269916 
0.196421 -0.153888 0.244739 0.159601 -1.23469 -0.273692 
0.133043 0.257147 -0.696953 0.192918 -0.701362 -0.31089 
0.296221 -0.435571 0.658434 0.232715 -1.2958 -0.365423 
0.198723 -0.161545 0.0462467 0.216927 -0.944491 -0.342938 
0.13443 0.334399 -0.913758 0.313575 -0.48047 -0.438349 
0.464577 -0.821519 0.85561 0.41585 -1.04915 -0.635294 
0.300037 -0.478996 0.377639 0.347559 -0.862087 -0.509498 
0.201399 -0.118104 -0.206547 0.354655 -0.619434 -0.489717 
0.136148 0.509211 -1.30425 0.984102 -0.195975 -1.11967 
0.473832 -0.743455 0.399054 0.830948 -0.592051 -1.0866 
0.304792 -0.396748 -0.00416235 0.770234 -0.439876 -0.946269 
0.203358 -0.0123022 -0.54488 0.981887 -0.269705 -1.12157 
0.482 -0.488407 -0.217712 2.02651 -0.54697 -2.30118 
0.307665 -0.183704 -0.550031 -0.822426 0.454165 0.638404 
0.204033 0.253214 -1.15039 -0.460966 0.543447 0.314006 
0.373178 -0.014304 0.319793 0.33039 -1.59011 -0.498545 
0.214917 0.238412 -0.565767 0.35162 -0.941006 -0.559901 
0.589834 -0.0181527 0.658164 0.473963 -1.92141 -0.55984 
0.377388 -0.0732097 0.16857 0.391536 -1.34455 -0.604538 
0.217958 0.29278 -0.744278 0.468291 -0.781871 -0.698266 
0.596906 -0.229468 0.503984 0.521586 -1.53578 -0.755707 
0.382518 -0.079713 -0.0311398 0.504164 -1.09484 -0.756715 
0.221521 0.383372 -0.98458 0.697446 -0.604081 -0.955585 
0.877221 -0.366071 0.59842 0.708225 -1.57686 -1.03104 
0.605435 -0.287214 0.237549 0.676943 -1.18768 -1.00041 
0.38831 -0.0339959 -0.289306 0.725358 -0.841322 -1.01481 
0.614926 -0.220303 -0.139583 1.03268 -0.902656 -1.41851 
0.62538 0.00169182 -0.722458 -1.45958 0.897175 0.983865 
0.401216 0.494662 -1.51922 -1.00594 0.860282 0.549909 
-1.77849 -0.557178 -0.435906 2.00127 1.65456 -0.542727 
-0.428438 -0.347117 -0.673954 0.772299 0.987375 -0.393982 
0.573541 -0.824377 -0.507938 -0.57372 1.2065 0.127561 
0.019483 -0.386814 -0.655299 0.0184619 0.880719 -0.012183 
1.87535 -0.637705 -0.423711 -1.9306 1.58292 0.482259 
0.439965 -0.347332 -0.673072 -0.577462 0.926977 0.294939 
1.70806 -0.393552 -0.498539 -1.89937 1.6275 0.658239 
0.754261 -0.235833 -0.738389 -1.08532 1.08064 0.53988 
-1.94738 -0.486539 -0.315734 2.17134 1.83856 -0.647444 
-1.03145 -0.515243 -0.441507 1.44332 1.24967 -0.645071 
-0.313532 -0.174618 -0.776557 0.746688 0.881669 -0.437111 
0.484193 -0.992693 -0.406566 -0.463365 1.21914 0.0737214 
-0.232724 -0.66813 -0.416185 0.343937 0.908969 -0.165628 
0.0122537 -0.212893 -0.74691 0.0422227 0.762835 -0.0288667 
2.20103 -0.668346 -0.253187 -2.22188 1.77578 0.514908 
0.855719 -0.592551 -0.420691 -1.05578 1.0495 0.491131 
0.316457 -0.178511 -0.772116 -0.472573 0.799086 0.275442 
0.581913 -0.0720429 -0.861735 -0.991546 0.964048 0.550567 
-1.23058 -0.491224 -0.306493 1.72666 1.39212 -0.827671 
-0.626428 -0.331317 -0.520852 1.24118 0.99122 -0.734248 
-0.250939 0.0479983 -0.97207 0.804153 0.825577 -0.501455 
2.59158 -0.995245 -0.379205 -2.55587 1.4804 6.38771 
-0.102456 -0.448209 -0.456181 0.249961 0.663277 -0.165825 
0.00781831 0.00198386 -0.921489 0.0743176 0.667512 -0.0535777 
1.00585 -0.686296 -0.240124 -1.28639 1.05005 0.641999 
0.45455 -0.398389 -0.480014 -0.734614 0.736589 0.46162 
0.246309 0.0363761 -0.956656 -0.421547 0.70117 0.262734 
0.83368 -0.200359 -0.610477 -1.38346 1.06555 0.801851 
0.471608 0.158505 -1.09677 -0.966881 0.899283 0.555885 
-0.44112 -0.0479026 -0.732255 -1.83473 -0.888932 2.26692 
-0.214972 0.494851 -1.57813 0.857476 0.911069 -0.452114 
-0.195045 -0.477279 -0.296453 0.585945 0.48183 -0.449021 
-0.0679502 -0.162847 -0.624246 0.324793 0.453901 -0.256733 
0.00398435 0.309655 -1.27467 0.126392 0.617623 -0.0913412 
0.465103 -0.421218 -0.325452 -0.9866 0.580179 0.718839 
0.301309 -0.121983 -0.658157 -0.702536 0.513482 0.519357 
0.201723 0.375412 -1.3727 -0.376689 0.668828 0.222121 
0.616603 0.0728873 -0.852817 1.75544 -0.934944 -2.25529 
-0.186135 -0.139957 0.235026 -0.271637 -1.38377 0.383879 
-0.0365644 0.522686 -1.30099 -0.461608 -0.51388 0.593788 
-0.405776 -0.232319 0.731731 -0.376379 -1.79235 0.476043 
-0.189364 -0.143602 0.0354382 -0.332925 -1.15032 0.484196 
-0.411562 -0.387696 0.525915 -0.429044 -1.41226 0.645881 
-0.193287 -0.0964842 -0.21571 -0.44455 -0.913523 0.636518 
-0.722903 -0.556098 0.728517 -0.585475 -1.53819 0.937255 
-0.418652 -0.389212 0.220001 -0.565512 -1.08722 0.863387 
-0.1979 0.00933711 -0.543623 -0.678896 -0.670284 0.918238 
-0.735023 -0.546142 0.310406 -0.778945 -1.17212 1.27248 
-0.426991 -0.277757 -0.187796 -0.865893 -0.805187 1.23601 
-0.202955 0.236989 -1.07109 -1.34233 -0.473833 1.64972 
-0.436172 -0.0174621 -0.807838 -1.54656 -0.683591 2.0117 
0.00346129 -0.16606 0.259883 -0.0810927 -1.33262 0.0728792 
0.047343 0.518442 -1.29229 -0.143361 -0.465346 0.140348 
-0.0663104 -0.349578 0.821554 -0.115116 -1.66574 0.111749 
0.00247737 -0.170581 0.0614571 -0.10125 -1.08055 0.106446 
-0.0681752 -0.502649 0.604624 -0.139523 -1.23244 0.17258 
0.00133314 -0.125139 -0.186536 -0.139905 -0.813299 0.159351 
-0.194993 -0.914457 0.90045 -0.245605 -1.05335 0.35806 
-0.0704764 -0.493631 0.2925 -0.20221 -0.843375 0.260916 
0.00016284 -0.0239583 -0.50593 -0.235376 -0.50825 0.270793 
-0.199817 -0.808095 0.441313 -0.442457 -0.598419 0.590047 
-0.0722504 -0.375854 -0.112296 -0.396482 -0.440507 0.476457 
-0.000436902 0.185629 -1.0002 -1.01099 -0.141743 1.06407 
0.193054 -0.138802 0.236295 0.116728 -1.35255 -0.246318 
0.130921 0.550445 -1.34145 0.210787 -0.465415 -0.350384 
0.289465 -0.291288 0.77997 0.165401 -1.70513 -0.289304 
0.194566 -0.143959 0.0386185 0.145883 -1.10404 -0.287855 
0.292468 -0.44826 0.570158 0.198771 -1.28237 -0.366768 
0.196343 -0.0991603 -0.209491 0.201963 -0.841386 -0.356246 
0.456236 -0.800516 0.855086 0.32428 -1.17747 -0.575731 
0.296221 -0.446603 0.262865 0.286734 -0.902341 -0.481906 
0.198941 0.00382036 -0.533274 0.344196 -0.545497 -0.51207 
0.464577 -0.731698 0.410094 0.550998 -0.732861 -0.847106 
0.30058 -0.333889 -0.140925 0.546828 -0.523176 -0.763395 
0.201399 0.221699 -1.04418 1.15274 -0.222442 -1.34029 
0.473852 -0.495097 -0.178489 1.36024 -0.434389 4.59499 
0.304792 -0.0846658 -0.735996 1.86437 -0.314933 4.17868 
0.369746 -0.0616512 0.163515 0.29268 -1.43267 -0.536601 
0.584139 -0.0965135 0.616837 0.39944 -1.85941 -0.60397 
0.373168 -0.066379 -0.0346794 0.354475 -1.20648 -0.636244 
0.589834 -0.251898 0.425113 0.444139 -1.50141 -0.767217 
0.377381 -0.0194972 -0.28815 0.465271 -0.977038 -0.78616 
0.866252 -0.354572 0.600167 0.586541 -1.64881 -0.991437 
0.596911 -0.266152 0.129698 0.567901 -1.18287 -0.972372 
0.382495 0.0905233 -0.627302 0.689407 -0.740171 -1.0563 
0.877219 -0.381786 0.206621 0.748957 -1.27082 -1.30433 
0.605406 -0.164054 -0.27812 0.836243 -0.899697 -1.31172 
-2.4274 -0.270615 -0.425266 2.59167 2.00627 -6.75237 
-1.76536 -0.456716 -0.620676 2.05843 1.45484 -0.489381 
0.617412 -0.700518 -0.701212 -0.605061 1.09401 0.0926276 
0.0154684 0.0764587 -1.49679 0.0396482 1.08475 -0.0152027 
2.69144 -0.402124 -0.338688 -2.70794 1.99774 6.62347 
1.85683 -0.53184 -0.60806 -1.99689 1.3937 0.42037 
2.28199 -0.128726 -0.538575 -2.42336 1.9445 6.8873 
-1.44096 -0.435269 -1.64578 1.16437 1.41654 0.520205 
-1.93993 -0.510736 -0.274784 2.27214 1.67353 -6.95444 
-1.0169 -0.417675 -0.620593 1.50844 1.07482 -6.9102 
-0.235655 -0.56196 -0.590964 0.401265 0.772374 -0.186352 
2.1832 -0.69243 -0.213596 0.817923 -1.60489 3.66215 
0.844391 -0.489675 -0.597404 -1.13537 0.90236 0.485328 
1.18963 -0.263286 -0.699131 1.48402 -1.14374 -2.43786 
-1.21631 -0.515555 -0.259652 -1.2423 -1.21543 -4.08451 
-0.534486 -0.80205 -0.188448 0.999609 0.652707 -0.578372 
-0.105406 -0.349896 -0.630092 0.364432 0.493989 -0.251867 
0.985219 -0.706767 -0.194738 1.62854 -0.8561 -2.33807 
0.450166 -0.300238 -0.657168 -0.887493 0.577751 0.550789 
1.29975 -0.349546 -0.351163 1.19413 -1.25573 4.13995 
-0.0706499 -0.0558284 -0.822188 0.686416 0.261018 -0.587821 
0.457737 -0.431207 -0.280088 -1.64758 0.419701 1.32601 
0.298756 -0.0115465 -0.864011 2.0716 -0.342873 3.96972 
-0.780965 1.06532 0.61345 -1.6035 -1.56725 -0.107914 
-0.373756 1.05819 0.556013 -1.19659 -1.58674 -0.0402791 
-0.0620999 1.06975 0.366629 -0.889133 -1.48583 0.104318 
0.145778 1.15127 0.0522429 -0.710876 -1.2871 0.236499 
-0.776295 0.300256 0.916549 -1.65791 -1.31279 6.76286 
-0.367907 0.521413 0.796716 -1.23032 -1.20523 0.36 
-0.0568362 0.754832 0.526488 -0.927234 -1.11491 0.352201 
0.150226 1.0001 0.141285 -0.765688 -0.968265 0.417272 
-0.763501 -0.377557 0.892621 1.12467 1.28306 -1.7943 
-0.0480025 0.446066 0.610887 -1.15366 -0.751985 0.757986 
0.156243 0.861495 0.198296 -0.913064 -0.667483 0.675774 
-0.748377 -0.559364 0.569616 0.848243 1.52261 -1.23987 
-0.0402512 0.185095 0.614931 1.40911 0.581871 -1.68026 
0.160959 0.740007 0.228157 -1.26883 -0.464691 1.10809 
-0.735262 -0.458369 0.0883548 0.732307 1.81931 -0.911034 
-0.333729 -0.44419 0.487449 0.663186 1.25059 -0.867787 
-0.0339245 -0.00409613 0.550895 0.84451 0.686448 -1.02286 
-0.325428 -0.395822 0.145243 0.538049 1.53956 -0.628319 
-0.0285934 -0.118691 0.431431 0.561272 0.905478 -0.665524 
0.167963 0.537753 0.23969 -2.24262 -0.443474 2.18651 
-0.0095707 1.06836 0.628484 -0.59928 -1.67506 -0.0709618 
0.142963 1.06689 0.376279 -0.445756 -1.45553 0.0551495 
0.23684 1.15271 0.0452676 -0.372626 -1.22175 0.133955 
0.0104129 0.474542 0.890541 -0.472016 -1.04573 0.175507 
0.158374 0.742072 0.53867 -0.328008 -0.954122 0.174724 
0.248272 0.996334 0.134674 -0.253887 -0.801605 0.190507 
0.0164525 -0.127943 0.950942 1.97677 0.382289 -2.12117 
0.161171 0.43565 0.610923 -0.543037 -0.466973 0.469483 
0.249576 0.86103 0.181894 -0.388806 -0.443797 0.382924 
-0.23511 -0.892766 0.720391 0.520152 1.18726 -0.575287 
0.0193337 -0.451482 0.802926 0.590576 0.609095 -0.646944 
0.161449 0.184372 0.605277 -1.8017 -0.238104 1.77609 
0.248861 0.745764 0.204284 -0.979768 -0.20896 1.00378 
-0.225585 -0.691808 0.204991 0.413526 1.58332 -0.375721 
0.0231289 -0.522673 0.53117 0.339907 1.03531 -0.328956 
0.162915 0.00408799 0.535973 0.468667 0.493048 -0.448286 
0.249289 0.644187 0.212281 -2.1743 -0.203586 2.22839 
-0.217028 -0.364998 -0.473406 0.392365 1.99213 -0.209123 
0.0274126 -0.456678 0.18059 0.258888 1.39496 -0.189163 
0.164953 -0.105209 0.414147 0.271871 0.794919 -0.210189 
0.250366 0.553259 0.208749 0.467707 0.344448 -0.384702 
0.441481 1.14673 0.782118 0.209429 -1.92166 0.0729186 
0.385354 1.06149 0.584446 0.140774 -1.6453 0.0104102 
0.354053 1.07712 0.326039 0.110613 -1.40416 -0.0184201 
0.333969 1.16442 0.0118073 0.0963496 -1.17788 -0.0371565 
0.401973 0.493207 0.821256 0.365771 -0.942687 -0.0815705 
0.367342 0.759601 0.475012 0.347102 -0.864338 -0.104973 
0.345129 1.0089 0.0921905 0.363828 -0.736092 -0.158291 
0.391238 -0.0472299 0.870445 -2.13831 0.23081 -3.92254 
0.359375 0.471218 0.540848 0.501811 -0.359081 -0.285182 
0.33887 0.876916 0.136857 0.455556 -0.355809 -0.254453 
0.435478 -0.822735 0.688073 -0.180817 1.03828 0.373528 
0.383422 -0.351149 0.730798 -0.24748 0.524351 0.455341 
0.353622 0.237553 0.533176 -0.725327 0.156692 0.935924 
0.334348 0.76587 0.157854 1.18845 -0.0990964 -0.985033 
0.427793 -0.640663 0.178168 -0.110157 1.48831 0.309945 
0.378823 -0.432244 0.470051 -0.10137 0.985871 0.314927 
0.350598 0.0684122 0.465127 -0.148842 0.490739 0.366142 
0.332015 0.668285 0.164914 -3.46232 -0.19481 3.67551 
0.424908 -0.31922 -0.505527 -0.0920097 1.94032 0.284277 
0.376574 -0.377896 0.124962 -0.0657793 1.36694 0.287327 
0.348816 -0.0367376 0.346574 -0.0722592 0.803697 0.29916 
0.330859 0.581027 0.160794 -0.122628 0.371556 0.347354 
0.902603 1.05779 0.549317 1.06519 -1.58864 0.0316432 
0.696019 1.06444 0.404171 0.860934 -1.50408 -0.0774521 
0.543348 1.10642 0.200619 0.723128 -1.37105 -0.173398 
0.430789 1.19199 -0.0638763 0.64095 -1.20766 -0.259025 
0.887674 0.327465 0.839604 1.12458 -0.969888 -6.68562 
0.682399 0.577101 0.625955 0.882886 -0.924074 -0.314286 
0.531386 0.805461 0.357238 0.734709 -0.855194 -0.301335 
0.420312 1.03324 0.03172 0.659158 -0.748787 -0.336022 
0.417479 0.906666 0.0724608 1.06598 -0.442585 -0.715429 
0.863212 -0.426684 0.474173 -0.606817 1.17608 1.06715 
0.666073 -0.116085 0.541977 -0.708711 0.759681 1.16128 
0.413795 0.800096 0.0918605 -1.37176 0.335923 1.73454 
0.853183 -0.339193 -0.00246289 -0.453216 1.58986 0.832325 
0.658965 -0.213294 0.305543 -0.430562 1.11585 0.841876 
0.515958 0.178258 0.342464 -0.537992 0.672909 0.940415 
0.653578 -0.182518 -0.0269225 -0.325238 1.45931 0.695143 
0.511971 0.0784242 0.229146 -0.346647 0.924956 0.732155 
0.407342 0.621237 0.0959569 -0.495308 0.513581 0.857376 
-0.776257 1.11025 0.589283 -1.59666 -1.84126 -0.246517 
-0.367907 0.950583 0.620115 -1.15244 -1.84225 -0.112786 
-0.056835 0.835941 0.491959 -0.807146 -1.67688 0.068452 
0.150032 0.838172 0.215704 -0.615857 -1.41993 0.18799 
-0.780962 0.359461 0.899915 -1.60211 -1.58089 6.59445 
-0.373721 0.39797 0.826285 -1.21714 -1.4463 0.324345 
-0.062083 0.516466 0.601567 -0.93623 -1.29002 0.360022 
0.145785 0.695864 0.262814 -0.776261 -1.10639 0.414334 
-0.367908 -0.127575 0.857771 1.64025 1.08102 -2.1475 
-0.0568435 0.218626 0.636426 -1.16514 -0.897435 0.789114 
0.149667 0.563326 0.287298 -0.953494 -0.776674 0.705595 
-0.7634 -0.560962 0.58808 1.04781 1.51401 -1.35691 
0.156218 0.452604 0.279745 -1.35827 -0.524926 1.20848 
-0.748378 -0.465719 0.104511 0.869358 1.7672 -0.958336 
-0.343922 -0.452475 0.403685 0.78265 1.26611 -0.915782 
-0.0402756 -0.131382 0.461354 0.869294 0.788474 -0.997511 
0.160959 0.367693 0.248558 -1.97502 -0.48399 1.89358 
-0.333795 -0.367275 0.0280678 0.624231 1.55771 -0.636587 
-0.0338918 -0.181964 0.289158 0.590183 1.0226 -0.642354 
0.164744 0.302081 0.203392 0.744661 0.592271 -0.773981 
0.0104034 0.96755 0.689776 -0.445127 -1.98905 -0.11622 
0.158378 0.843423 0.495608 -0.26779 -1.68746 -0.0123313 
0.248243 0.850982 0.201864 -0.184159 -1.4014 0.0194706 
-0.00957043 0.349033 0.919828 -0.617256 -1.32207 0.172979 
0.142727 0.511785 0.61206 -0.484846 -1.16995 0.203345 
0.235398 0.700783 0.254847 -0.420936 -0.997767 0.237797 
0.0104018 -0.258447 0.953061 -0.930033 -0.511917 0.788116 
0.15837 0.20318 0.645133 -0.519328 -0.556933 0.432076 
0.248222 0.562934 0.276561 -0.369501 -0.523451 0.335556 
-0.244929 -0.919788 0.746659 0.655405 1.02862 -0.682351 
0.0164517 -0.519356 0.756849 0.720982 0.5458 -0.760713 
0.249573 0.459172 0.258532 -1.07564 -0.185933 1.09689 
-0.2351 -0.709061 0.222899 0.482125 1.46296 -0.42028 
0.0193333 -0.533755 0.447105 0.388548 0.999026 -0.362225 
0.161463 -0.125413 0.448357 0.441115 0.56742 -0.411055 
0.248861 0.381627 0.220777 0.654247 0.286969 -0.599968 
-0.225624 -0.377845 -0.457577 0.43876 1.90132 -0.230113 
0.023129 -0.428796 0.0632307 0.295711 1.39113 -0.204818 
0.162954 -0.169893 0.272855 0.275323 0.90289 -0.201945 
0.249289 0.321121 0.172397 0.350896 0.505845 -0.265596 
0.401976 0.969474 0.626014 0.321028 -1.98063 -0.0080801 
0.367324 0.868804 0.428052 0.263703 -1.69329 -0.0927171 
0.345187 0.877095 0.153932 0.243666 -1.4337 -0.150758 
0.385328 0.378198 0.862376 0.148282 -1.244 -0.0483777 
0.354195 0.541437 0.556766 0.122607 -1.10127 -0.0558552 
0.334256 0.7185 0.221125 0.110329 -0.942518 -0.0649376 
0.401973 -0.166139 0.87474 0.790266 -0.419312 -0.605178 
0.367348 0.25345 0.574261 0.574238 -0.496544 -0.391496 
0.345236 0.586867 0.230482 0.544528 -0.479678 -0.37619 
0.44737 -0.848393 0.713979 -0.313627 0.864698 0.454586 
0.391241 -0.418178 0.687414 -0.442612 0.467628 0.61035 
0.359373 0.0548672 0.507307 -0.917024 0.214318 1.09514 
0.434341 -0.658154 0.195952 -0.157637 1.3605 0.313349 
0.383037 -0.446543 0.387996 -0.150008 0.954234 0.326932 
0.35342 -0.0568144 0.379993 -0.190785 0.573156 0.377289 
0.33435 0.413257 0.171814 -0.30141 0.3146 0.489132 
0.428651 -0.33275 -0.489821 -0.114968 1.84653 0.270122 
0.378851 -0.353112 0.00800711 -0.0862159 1.36709 0.276125 
0.350437 -0.100434 0.207136 -0.0879905 0.914788 0.288224 
0.332013 0.355622 0.123385 -0.116782 0.542653 0.318916 
0.887889 1.11909 0.516858 0.958135 -1.99868 0.0669117 
0.682213 0.982936 0.455081 0.698725 -1.86027 -0.0828612 
0.531221 0.907182 0.312491 0.532254 -1.6616 -0.181025 
0.420531 0.905795 0.0923689 0.434074 -1.44255 -0.239633 
0.902614 0.402558 0.817798 1.09109 -1.40368 -0.309486 
0.696008 0.493824 0.644567 0.905743 -1.29331 -0.336038 
0.543329 0.613007 0.419002 0.781711 -1.16958 -0.36988 
0.430772 0.75889 0.144228 0.709365 -1.03164 -0.415119 
0.887837 -0.250207 0.816701 -1.53592 0.84017 -4.2983 
0.68243 0.0510959 0.670101 1.30197 -0.693969 -0.908381 
0.531475 0.345678 0.450214 1.05429 -0.62079 -0.727119 
0.420777 0.624273 0.168709 0.914651 -0.554603 -0.654271 
0.875486 -0.440908 0.49899 -0.807319 1.07404 1.17112 
0.674428 -0.178935 0.505845 -0.902904 0.748361 1.26232 
0.526503 0.166513 0.383627 2.01243 -0.515993 -1.67885 
0.417522 0.530487 0.144585 -1.37868 0.391894 -4.61326 
0.863205 -0.351699 0.0153983 -0.556107 1.49829 0.851381 
0.666072 -0.230696 0.228186 -0.523321 1.11263 0.855015 
0.520932 0.0621881 0.260305 -0.582358 0.760841 0.914128 
0.413799 0.460272 0.105491 -0.726163 0.508153 1.03394 
0.853209 -0.0570923 -0.705042 -0.493804 1.96501 0.637345 
0.659296 -0.159917 -0.144731 -0.386609 1.48034 0.68026 
0.515977 0.0175124 0.0926375 -0.37891 1.0431 0.701819 
0.410271 0.404645 0.0577857 -0.45125 0.679974 0.765268 
-0.0479916 0.594337 0.576071 -0.696063 -1.79939 0.080303 
0.156036 0.552973 0.278498 -0.515658 -1.45886 0.181249 
-0.776259 0.4134 0.89151 -1.48822 -1.82991 0.162396 
-0.3679 0.272641 0.85242 -1.08153 -1.64412 0.293193 
-0.0573812 0.289229 0.636074 -0.817848 -1.3974 0.360521 
0.149926 0.430985 0.288785 -0.675423 -1.15196 0.396915 
-0.780966 -0.308042 0.908761 -1.58939 -1.59793 0.969826 
-0.373742 -0.209077 0.834277 -1.3448 -1.26978 0.911176 
-0.0620853 0.0377049 0.60822 -1.11297 -1.04045 0.798495 
0.14578 0.32667 0.268481 -0.961627 -0.869149 0.746545 
-0.367909 -0.437955 0.638017 -1.778 -1.1187 -4.69376 
0.150008 0.24225 0.224887 -1.38062 -0.620704 1.25642 
-0.763445 -0.475355 0.129003 1.05934 1.69966 -1.03258 
-0.356007 -0.451096 0.319803 0.957786 1.25112 -1.00029 
-0.0479946 -0.201086 0.333856 0.983011 0.848774 -1.0487 
-0.748465 -0.190676 -0.561792 0.972715 2.00621 -0.631242 
-0.343922 -0.332348 -0.0927648 0.738262 1.54037 -0.653523 
-0.0402639 -0.195888 0.111537 0.657833 1.09142 -0.644564 
0.160941 0.158896 0.0638297 0.70016 0.7259 -0.689415 
0.160876 0.608516 0.571852 -0.241905 -1.81264 -0.0331302 
0.249556 0.574051 0.256827 -0.164525 -1.46084 -0.0103522 
0.0103639 0.220466 0.947144 -0.4051 -1.54085 0.0874782 
0.158342 0.292093 0.6439 -0.276393 -1.29888 0.0956754 
0.248239 0.444671 0.278316 -0.206379 -1.07768 0.0868593 
-0.0095713 -0.336965 0.928913 -0.88194 -0.813478 0.695308 
0.142985 0.0281697 0.618082 -0.667757 -0.764975 0.517239 
0.236026 0.333627 0.259375 -0.578614 -0.677716 0.470691 
-0.258634 -0.947068 0.783461 -2.20473 -0.853322 2.21538 
0.248241 0.246986 0.211253 -1.02163 -0.21323 1.0233 
-0.244942 -0.734175 0.251347 0.575937 1.28231 -0.487462 
0.0164512 -0.538518 0.365267 0.45607 0.891935 -0.415322 
0.161172 -0.200518 0.324634 0.452115 0.561492 -0.414862 
0.249573 0.200979 0.128684 0.510853 0.339411 -0.45762 
-0.235229 -0.397091 -0.432991 0.489474 1.76767 -0.260304 
0.0193333 -0.396323 -0.0568137 0.333201 1.34252 -0.222396 
0.161516 -0.186399 0.0961462 0.284307 0.955484 -0.199172 
0.248891 0.179328 0.0331297 0.291633 0.64058 -0.201931 
0.359371 0.646639 0.498935 0.175842 -1.83543 -0.142884 
0.338917 0.60843 0.208222 0.154217 -1.50907 -0.185646 
0.402002 0.279551 0.869134 0.293463 -1.55415 -0.145403 
0.367443 0.3479 0.573074 0.269803 -1.33044 -0.19152 
0.345201 0.480457 0.232029 0.268057 -1.12534 -0.234589 
0.384797 -0.256231 0.870743 0.239248 -0.627802 -0.19538 
0.354053 0.0808471 0.562551 0.180549 -0.651276 -0.144165 
0.334066 0.357491 0.227338 0.161172 -0.590781 -0.134771 
0.463487 -0.87728 0.753046 -0.61968 0.631284 0.687973 
0.401973 -0.466155 0.644303 -0.931965 0.368803 1.03813 
0.345194 0.281664 0.163359 1.38427 -0.24567 -1.26184 
0.447372 -0.68258 0.223464 -0.257125 1.17661 0.347821 
0.391238 -0.453477 0.30716 -0.257278 0.860464 0.380004 
0.359373 -0.129602 0.25753 -0.309265 0.588096 0.449152 
0.338876 0.238629 0.0784415 -0.401013 0.403556 0.547851 
0.435333 -0.352297 -0.465518 -0.157042 1.71245 0.258527 
0.383059 -0.322645 -0.112774 -0.125723 1.32738 0.269772 
0.353463 -0.117355 0.0307891 -0.12525 0.978208 0.286761 
0.334261 0.218534 -0.0170894 -0.144059 0.690223 0.312935 
0.526469 0.705138 0.37578 0.48072 -1.83687 -0.253594 
0.417844 0.647939 0.143409 0.384677 -1.54708 -0.316195 
0.887844 0.471018 0.807111 0.864201 -1.77776 -0.230135 
0.682408 0.407981 0.665155 0.664474 -1.57563 -0.314542 
0.532406 0.432262 0.450115 0.543519 -1.37147 -0.353973 
0.420619 0.522291 0.169896 0.470909 -1.16691 -0.377865 
0.902736 -0.198627 0.825926 1.25662 -1.16777 -0.878948 
0.696022 -0.00479289 0.65141 1.09101 -1.02192 -0.786706 
0.543345 0.201693 0.424977 0.967927 -0.906401 -0.730419 
0.430778 0.415086 0.149745 0.899685 -0.794832 -0.722809 
0.420565 0.330185 0.101675 -1.57164 0.430156 -4.53107 
0.875476 -0.370919 0.0451008 -0.707717 1.35472 0.890381 
0.674426 -0.24216 0.152702 -0.664682 1.04772 0.886911 
0.526502 -0.00927934 0.143407 -0.686551 0.78087 0.917022 
0.417528 0.291304 0.013794 -0.749381 0.581929 0.967226 
0.863196 -0.075047 -0.677204 -0.579485 1.85004 0.627363 
0.666071 -0.129955 -0.268735 -0.467739 1.46232 0.659782 
0.520952 0.00118983 -0.0828219 -0.436071 1.11562 0.671271 
0.413804 0.273526 -0.083363 -0.45604 0.824208 0.695809 
-0.0406041 0.35656 0.612984 -0.595174 -1.8253 0.133885 
0.160953 0.326659 0.234589 -0.449161 -1.39982 0.209249 
-0.355965 0.14763 0.864675 -0.921947 -1.79402 0.296814 
-0.0481493 0.0956808 0.615943 -0.68146 -1.44223 0.370873 
0.156215 0.24081 0.207921 -0.572366 -1.13008 0.386141 
-0.367907 -0.283968 0.807388 -1.11838 -1.3644 0.828854 
-0.0568519 -0.0960883 0.538263 -0.946755 -1.08657 0.752498 
0.150009 0.171779 0.153844 -0.849465 -0.86416 0.71797 
-0.780993 -0.54652 0.633815 -1.57351 -1.60355 1.48344 
0.145654 0.128264 0.0690128 1.80887 0.70082 -1.87856 
-0.776259 -0.482888 0.160248 1.30973 1.6468 -1.14388 
-0.0568428 -0.217836 0.172561 -1.9628 -0.89027 1.97351 
-0.763505 -0.20976 -0.523116 1.13715 1.87805 -0.680374 
-0.355966 -0.292184 -0.214431 0.895143 1.47888 -0.694843 
-0.0480465 -0.167387 -0.0984627 0.773639 1.10603 -0.679798 
0.156201 0.115665 -0.172665 0.737375 0.816096 -0.674298 
0.161401 0.372017 0.602725 -0.238697 -1.81374 -0.0262268 
0.249046 0.350037 0.212084 -0.175473 -1.39718 -0.00312939 
0.0164435 0.0914982 0.94802 -0.352895 -1.6968 0.0702724 
0.161171 0.106462 0.615513 -0.239828 -1.36685 0.0743133 
0.249662 0.261898 0.191745 -0.184593 -1.08914 0.0578982 
0.0104123 -0.409098 0.902106 -0.512588 -0.930969 0.399155 
0.158372 -0.100712 0.5503 -0.362178 -0.835735 0.26843 
0.248314 0.183714 0.147627 -0.284476 -0.697132 0.208668 
0.142995 -0.206048 0.392886 -1.1975 -0.477463 1.15532 
0.236028 0.136512 0.0598824 -1.08012 -0.399189 1.04529 
-0.258609 -0.76336 0.292919 0.771531 1.05642 -0.642885 
0.0103858 -0.53518 0.288382 0.637322 0.723086 -0.581698 
0.158371 -0.22617 0.172376 0.603401 0.481555 -0.567879 
0.24824 0.116782 -0.0557424 0.578878 0.336217 -0.540876 
-0.245106 -0.425897 -0.393969 0.549571 1.56801 -0.306615 
0.0164516 -0.361798 -0.175238 0.372799 1.22582 -0.248008 
0.161254 -0.162549 -0.111626 0.292664 0.934092 -0.201971 
0.249596 0.134843 -0.202407 0.251516 0.711818 -0.163572 
0.353774 0.424446 0.530802 0.108212 -1.8418 -0.187806 
0.334349 0.390593 0.163854 0.0927718 -1.44161 -0.213692 
0.391256 0.166977 0.867704 0.196541 -1.7292 -0.17882 
0.359379 0.174214 0.545061 0.171759 -1.41537 -0.216175 
0.33862 0.302552 0.147081 0.16859 -1.14654 -0.246394 
0.401974 -0.298497 0.831726 0.358752 -0.968907 -0.349005 
0.367349 -0.0270786 0.48606 0.339859 -0.888732 -0.345001 
0.344959 0.224173 0.105413 0.352421 -0.759663 -0.377443 
0.441481 -0.907291 0.805522 2.04268 -0.220971 -2.05272 
0.385343 -0.49705 0.603956 0.924001 -0.176226 -0.916478 
0.354053 -0.14839 0.343424 0.51435 -0.223118 -0.503669 
0.334136 0.165448 0.0274322 0.434735 -0.212192 -0.426138 
0.463497 -0.714101 0.267674 -0.44932 0.910387 0.45322 
0.401976 -0.454365 0.233936 -0.47707 0.682076 0.521386 
0.367349 -0.156998 0.108918 -0.553232 0.514963 0.618847 
0.345197 0.157251 -0.105324 -0.627542 0.41918 0.701882 
0.447297 -0.380922 -0.42647 -0.237337 1.51449 0.260755 
0.391239 -0.287554 -0.234066 -0.206432 1.22606 0.280742 
0.359114 -0.0934731 -0.17898 -0.204101 0.97581 0.304491 
0.338786 0.178025 -0.256314 -0.21829 0.781918 0.331991 
0.520929 0.503805 0.404024 0.408997 -1.8765 -0.339378 
0.413819 0.439054 0.0978509 0.329885 -1.5017 -0.397861 
0.674424 0.320831 0.659795 0.579159 -1.78891 -0.373217 
0.526857 0.276893 0.419745 0.464284 -1.4939 -0.428691 
0.417531 0.354279 0.0814586 0.410908 -1.21862 -0.455748 
0.88785 -0.1598 0.845985 0.859211 -1.38567 -0.676696 
0.682411 -0.0616773 0.634692 0.727049 -1.18828 -0.638928 
0.531546 0.0886932 0.367589 0.638661 -1.01445 -0.607608 
0.420569 0.275521 0.0436911 0.592365 -0.84374 -0.600955 
0.902621 -0.441859 0.568733 -1.64143 1.06888 1.7161 
0.696019 -0.241613 0.422096 1.41697 -0.872316 -1.3342 
0.543345 -0.0135736 0.217423 1.3376 -0.729157 -1.26233 
0.887838 -0.396994 0.0920465 -0.954347 1.14866 0.99058 
0.682411 -0.249054 0.085223 -0.901916 0.904328 0.982074 
0.531489 -0.0396522 0.000320722 -0.888227 0.708953 0.985073 
0.420564 0.211027 -0.167248 -0.881835 0.570928 0.976481 
0.875436 -0.103738 -0.63082 -0.691814 1.66875 0.6275 
0.674426 -0.096826 -0.392404 -0.576127 1.37478 0.639653 
0.526537 0.024987 -0.294725 -0.520072 1.11581 0.636528 
0.417529 0.235979 -0.324275 -0.496891 0.905322 0.629681 
-0.0339847 0.145367 0.597868 -0.504916 -1.76129 0.20238 
0.164744 0.187913 0.0865113 -0.408011 -1.26481 0.250632 
-0.343921 0.0244468 0.860477 -0.782938 -1.87635 0.334992 
-0.0402714 -0.0488418 0.541704 -0.580236 -1.42598 0.396406 
0.160959 0.145093 0.0214602 -0.516149 -1.04903 0.403034 
-0.763458 -0.251044 0.934984 -1.12359 -1.85717 0.726592 
-0.356038 -0.341769 0.765262 -0.902795 -1.42716 0.760227 
-0.0479937 -0.173276 0.420602 -0.779711 -1.09358 0.693702 
0.156204 0.115282 -0.0638283 -0.740645 -0.811866 0.679047 
-0.0568432 -0.219058 0.23169 -1.20364 -0.878172 1.20728 
0.150006 0.108131 -0.181265 1.92443 0.654327 -1.92428 
-0.0621257 -0.189345 -0.0239159 1.3989 0.903227 -1.29763 
0.145779 0.130664 -0.336342 1.32195 0.702274 -1.24934 
-0.776356 -0.230998 -0.473376 1.35559 1.73804 -0.770473 
-0.367911 -0.24358 -0.338693 1.10782 1.39021 -0.774951 
-0.0568438 -0.0947519 -0.349854 0.945792 1.088 -0.750344 
0.150009 0.180523 -0.526818 0.836468 0.87791 -0.697792 
0.162913 0.162491 0.585824 -0.218326 -1.73156 -0.0067212 
0.249323 0.214222 0.0619641 -0.176134 -1.25399 0.0111182 
0.0193277 -0.0395761 0.935515 -0.330472 -1.76188 0.0791988 
0.161605 -0.0356308 0.537204 -0.236675 -1.35328 0.0845022 
0.248892 0.169209 0.00175647 -0.204377 -1.01289 0.0750754 
0.0164524 -0.448095 0.845668 -0.395526 -1.09649 0.304944 
0.161248 -0.168305 0.425375 -0.296653 -0.917791 0.208419 
0.249595 0.134096 -0.0757935 -0.254418 -0.702869 0.167321 
-0.258614 -0.964861 0.862504 -1.16917 -0.720055 1.25307 
0.0104156 -0.580155 0.589228 -0.856618 -0.547611 0.852826 
0.158372 -0.227827 0.245977 -0.644581 -0.452678 0.614008 
0.248241 0.117258 -0.184138 -0.588119 -0.331365 0.550658 
-0.00937498 -0.509667 0.207909 1.15688 0.658638 -1.0636 
0.143001 -0.198821 -0.0159214 1.14876 0.489182 -1.10022 
0.236026 0.139106 -0.345717 1.05954 0.403898 -1.02288 
-0.258609 -0.46252 -0.336661 0.680741 1.30347 -0.407321 
0.0104078 -0.324282 -0.28816 0.474929 1.03616 -0.331255 
0.158372 -0.0989387 -0.353853 0.361157 0.83873 -0.266905 
0.248316 0.194304 -0.550156 0.275695 0.720525 -0.197317 
0.350608 0.225419 0.515035 0.0712214 -1.75967 -0.221262 
0.331892 0.254867 0.0174499 0.0625405 -1.29144 -0.236086 
0.383424 0.0470522 0.855994 0.125999 -1.79205 -0.212229 
0.353371 0.0349993 0.471679 0.105369 -1.39542 -0.236058 
0.334262 0.21092 -0.0415269 0.105465 -1.05835 -0.253573 
0.390606 -0.338873 0.778712 0.211767 -1.14611 -0.298527 
0.359111 -0.0941059 0.364779 0.204661 -0.974109 -0.305385 
0.338787 0.176309 -0.117657 0.223188 -0.762837 -0.338676 
0.463493 -0.890107 0.839965 0.799839 -0.498592 -0.90059 
0.401973 -0.486776 0.538168 0.601633 -0.536723 -0.672834 
0.367349 -0.157757 0.191258 0.56705 -0.502626 -0.634678 
0.345196 0.158377 -0.225007 0.647145 -0.407533 -0.723315 
0.441535 -0.751955 0.328452 -0.450187 0.464369 0.407828 
0.385345 -0.449923 0.169996 -0.474058 0.312181 0.45425 
0.354053 -0.145256 -0.062063 -0.489018 0.233867 0.477659 
0.33414 0.170027 -0.380492 -0.40436 0.228308 0.394936 
0.463491 -0.420762 -0.364987 -0.373664 1.22203 0.298818 
0.401977 -0.252541 -0.345993 -0.344333 1.0302 0.322317 
0.367349 -0.0297857 -0.424338 -0.341189 0.884147 0.347102 
0.345195 0.242741 -0.612653 -0.340366 0.797996 0.359178 
0.516481 0.323448 0.390474 0.336263 -1.82081 -0.418086 
0.410276 0.308502 -0.047997 0.284195 -1.3605 -0.465797 
0.66607 0.22521 0.648236 0.490808 -1.88529 -0.441316 
0.521027 0.150895 0.347045 0.390188 -1.49798 -0.499064 
0.413798 0.266509 -0.107247 0.362567 -1.14593 -0.529312 
0.875472 -0.107503 0.837221 0.691854 -1.66561 -0.630867 
0.674426 -0.0985416 0.584887 0.576443 -1.37236 -0.641257 
0.526537 0.02656 0.247849 0.518871 -1.11975 -0.633667 
0.417526 0.232546 -0.182591 0.511812 -0.871792 -0.653364 
0.88784 -0.441175 0.609848 1.0106 -1.07293 -1.11707 
0.682412 -0.257479 0.375327 0.931483 -0.876313 -1.02904 
0.531493 -0.0394658 0.0825716 0.88466 -0.711352 -0.980418 
0.420572 0.21331 -0.28763 0.918747 -0.551756 -1.02029 
0.543345 -0.0147915 -0.184102 -1.34288 0.728512 1.26943 
0.430778 0.240405 -0.462493 1.88662 -0.628626 -1.95473 
0.887836 -0.145396 -0.558281 -0.856681 1.39712 0.663126 
0.68241 -0.0632389 -0.507501 -0.727643 1.18656 0.640547 
0.531474 0.0895678 -0.547223 -0.637529 1.01608 0.606047 
0.420577 0.305217 -0.68988 -0.562577 0.898452 0.55465 
-0.0285927 -0.016474 0.530443 -0.433246 -1.64304 0.261962 
0.168229 0.149538 -0.165573 -0.389138 -1.08164 0.296179 
-0.333729 -0.0922029 0.842106 -0.66248 -1.88825 0.387812 
-0.0338865 -0.139137 0.420096 -0.507712 -1.35524 0.424887 
0.164744 0.149841 -0.2741 -0.501752 -0.905351 0.447707 
-0.748317 -0.223811 0.93793 -0.959504 -1.98397 0.665374 
-0.343931 -0.382933 0.705263 -0.743025 -1.46449 0.723008 
-0.0402739 -0.198328 0.256966 -0.666151 -1.07066 0.662173 
0.160947 0.163581 -0.402272 -0.711569 -0.713876 0.704637 
-0.355867 -0.462619 0.436126 -1.00848 -1.16397 1.14137 
-0.0479979 -0.196152 0.0369729 -1.00279 -0.834195 1.07838 
0.156213 0.198907 -0.566025 1.97651 0.562298 -1.92264 
-0.776259 -0.50476 0.234297 1.83039 1.48982 4.85802 
-0.367907 -0.389295 0.0554432 1.71198 1.0955 -1.44205 
0.150009 0.276154 -0.797958 1.30703 0.633016 -1.16558 
-0.780962 -0.252348 -0.419675 1.59128 1.59653 -0.898509 
-0.373821 -0.184456 -0.472747 1.33553 1.27712 -0.878908 
-0.062085 0.0339314 -0.67488 1.11559 1.03826 -0.803673 
0.145781 0.452642 -1.19655 0.870367 0.959748 -0.597422 
0.164942 0.000788805 0.518657 -0.192997 -1.60389 0.0112668 
0.250375 0.177152 -0.193013 -0.175135 -1.06263 0.026794 
0.0231284 -0.162534 0.910803 -0.296108 -1.75758 0.0938332 
0.162983 -0.123888 0.412643 -0.224624 -1.28281 0.0935831 
0.249307 0.17502 -0.296572 -0.220817 -0.86378 0.100507 
0.0199978 -0.4755 0.774426 -0.347507 -1.19669 0.275241 
0.161507 -0.188703 0.256232 -0.289226 -0.933733 0.207341 
0.248889 0.185479 -0.419686 -0.300943 -0.619812 0.213257 
-0.24493 -0.947173 0.883122 -0.769581 -0.848489 0.874396 
0.0164526 -0.558443 0.503487 -0.566755 -0.692412 0.571997 
0.161172 -0.195891 0.0455241 -0.471194 -0.537993 0.437237 
0.249606 0.213979 -0.574241 -0.555641 -0.31305 0.505027 
0.248239 0.281764 -0.796849 0.828908 0.247557 -0.825383 
-0.284041 -0.49027 -0.272212 1.04269 1.08476 -0.674467 
-0.00957072 -0.270434 -0.406329 0.824772 0.869269 -0.609588 
0.142972 0.0238516 -0.664474 0.67198 0.760092 -0.522899 
0.236006 0.46749 -1.21794 0.49252 0.813126 -0.353926 
0.349044 0.0712859 0.449435 0.0524895 -1.63294 -0.246049 
0.33075 0.218781 -0.238065 0.0498723 -1.09273 -0.255898 
0.37922 -0.0674686 0.832792 0.0869074 -1.7861 -0.240513 
0.350403 -0.0522325 0.35007 0.0720638 -1.31802 -0.252747 
0.331933 0.217217 -0.34148 0.0770612 -0.895819 -0.266984 
0.382907 -0.371697 0.710203 0.129615 -1.23149 -0.283199 
0.353462 -0.117976 0.198739 0.125843 -0.972467 -0.28779 
0.334261 0.228352 -0.464859 0.15103 -0.655609 -0.321775 
0.447372 -0.865741 0.857918 0.359574 -0.730293 -0.520203 
0.390805 -0.468509 0.454487 0.30103 -0.706121 -0.442091 
0.359373 -0.128226 -0.00791256 0.313065 -0.580281 -0.453707 
0.338735 0.257858 -0.620759 0.444958 -0.361588 -0.595681 
0.463471 -0.757853 0.375281 1.48821 -0.35129 -1.64843 
0.401997 -0.413363 0.0841248 -1.81571 0.30288 1.68705 
0.367348 -0.073754 -0.293257 1.44549 -0.263805 -1.56674 
0.345194 0.329564 -0.852332 -1.10447 0.270876 0.972595 
0.44148 -0.470444 -0.282093 -0.283595 0.772793 0.20575 
0.385342 -0.217501 -0.446342 -0.225454 0.676298 0.177005 
0.354053 0.0810124 -0.724629 -0.180515 0.651491 0.14412 
0.334141 0.537927 -1.32533 -0.125582 0.791346 0.088626 
0.512046 0.180006 0.328803 0.277241 -1.70667 -0.479529 
0.407344 0.27487 -0.304779 0.257505 -1.16037 -0.522268 
0.658964 0.130088 0.62899 0.407555 -1.90119 -0.503573 
0.515991 0.0654264 0.232209 0.328756 -1.42647 -0.552842 
0.410274 0.276071 -0.411514 0.33581 -0.982834 -0.596114 
0.863198 -0.0731487 0.826954 0.580006 -1.85177 -0.626744 
0.666071 -0.134637 0.523755 0.468228 -1.45378 -0.664127 
0.520953 0.00170324 0.0849581 0.434979 -1.12006 -0.668681 
0.4138 0.290432 -0.5396 0.481744 -0.771695 -0.732668 
0.875596 -0.414053 0.620031 0.728213 -1.26455 -0.971414 
0.674429 -0.245908 0.293357 0.680277 -1.01484 -0.917337 
0.526502 -0.0101035 -0.119055 0.68339 -0.784722 -0.912563 
0.417524 0.32418 -0.703181 0.83489 -0.530196 -1.06771 
0.887846 -0.424715 0.196074 -1.88973 0.900771 1.59314 
0.420563 0.402959 -0.949424 1.81622 -0.4443 4.26143 
0.902616 -0.176635 -0.479172 -1.24507 1.17647 0.849355 
0.696024 -0.00948991 -0.630931 -1.09439 1.01908 0.793164 
0.543352 0.233359 -0.900737 -0.941841 0.929359 0.687932 
-0.0241268 -0.118806 0.413758 -0.381525 -1.50108 0.305748 
0.17078 0.227151 -0.557169 -0.409968 -0.849691 0.366843 
-0.325411 -0.194897 0.809649 -0.562118 -1.85107 0.436897 
-0.0285834 -0.176595 0.25611 -0.456989 -1.24976 0.449252 
0.167979 0.281537 -0.736483 -0.557114 -0.688584 0.554435 
-0.33373 -0.411868 0.632379 -0.62838 -1.46172 0.705609 
-0.0338954 -0.178857 0.0508315 -0.597354 -1.00509 0.655893 
0.164744 0.37299 -0.978892 -0.860769 -0.522355 0.910642 
-0.748435 -0.53996 0.702154 -0.849457 -1.63699 1.11062 
-0.344064 -0.446719 0.343109 -0.823456 -1.16024 1.03257 
-0.0403212 -0.127828 -0.210819 -0.875046 -0.782925 1.00603 
-0.355965 -0.352837 -0.0500744 1.95044 0.990955 -1.61944 
-0.367905 -0.119539 -0.620126 1.49628 1.08168 -0.983379 
-0.0568634 0.297605 -1.23025 1.11085 0.930018 -0.700304 
0.16693 -0.0998957 0.400641 -0.172426 -1.45843 0.0225277 
0.251568 0.256027 -0.58755 -0.187262 -0.821277 0.0530752 
0.0271291 -0.268172 0.872518 -0.258591 -1.7127 0.105848 
0.164957 -0.160687 0.247144 -0.209187 -1.17937 0.0981568 
0.250396 0.309473 -0.765739 -0.260107 -0.631827 0.152233 
0.0235813 -0.494544 0.692572 -0.308256 -1.23091 0.255861 
0.162949 -0.167399 0.046934 -0.279424 -0.886086 0.208313 
0.249289 0.403411 -1.01323 -0.443591 -0.398454 0.368486 
-0.235118 -0.922275 0.890235 -0.574548 -1.01147 0.694646 
0.0193337 -0.527539 0.400996 -0.458069 -0.804411 0.473711 
0.161463 -0.122336 -0.208141 -0.446225 -0.560621 0.417102 
-0.244777 -0.805065 0.417861 -1.04768 -0.646692 1.24966 
0.0164505 -0.435211 0.0144503 -0.98448 -0.424065 1.05753 
0.161172 -0.0131349 -0.551051 1.87384 0.246193 -1.85784 
-0.258595 -0.528179 -0.205048 1.20113 0.708869 -0.902264 
0.0104131 -0.213557 -0.533358 0.861717 0.544963 -0.708756 
0.158373 0.263643 -1.17241 0.476365 0.610281 -0.380441 
0.347885 -0.0296821 0.336638 0.0423111 -1.48684 -0.264846 
0.330022 0.301033 -0.640063 0.0475442 -0.840797 -0.276375 
0.376981 -0.167655 0.796754 0.0656956 -1.74251 -0.263175 
0.348854 -0.0907636 0.18723 0.0558895 -1.20923 -0.268995 
0.330646 0.357713 -0.823932 0.0735117 -0.646578 -0.291676 
0.378647 -0.395517 0.631295 0.0887015 -1.25824 -0.286 
0.350439 -0.10004 -0.00948169 0.0882985 -0.911985 -0.288716 
0.332013 0.465362 -1.09582 0.157758 -0.392581 -0.364704 
0.435479 -0.839179 0.862502 0.194665 -0.92889 -0.398483 
0.38302 -0.443229 0.352989 0.169845 -0.807704 -0.357754 
0.353423 -0.0578068 -0.262715 0.191249 -0.575741 -0.377747 
0.447377 -0.754126 0.403128 0.607276 -0.422502 -0.811832 
0.391238 -0.364239 -0.0268063 0.577489 -0.361138 -0.757498 
0.359373 0.0527165 -0.611692 0.905368 -0.2163 -1.08321 
0.4635 -0.493972 -0.215313 -0.895639 0.453889 0.677264 
0.401973 -0.149639 -0.578554 -0.760267 0.43341 0.572212 
0.367347 0.377401 -1.32545 -0.474732 0.600564 0.275144 
0.508831 0.0841706 0.220547 0.23558 -1.56527 -0.524564 
0.405031 0.365922 -0.723037 0.260336 -0.898132 -0.586815 
0.654033 0.0424882 0.600199 0.338261 -1.86942 -0.553891 
0.511953 0.025358 0.0743716 0.284204 -1.31315 -0.592213 
0.407352 0.435094 -0.928704 0.362935 -0.717418 -0.696204 
0.853172 -0.0522237 0.81907 0.495034 -1.96942 -0.635052 
0.658965 -0.165765 0.453822 0.386568 -1.4656 -0.685444 
0.515977 0.0168437 -0.122182 0.37779 -1.04749 -0.69953 
0.410271 0.579451 -1.26649 0.626947 -0.486241 -0.974544 
0.863225 -0.392447 0.620809 0.562956 -1.40685 -0.909057 
0.666072 -0.229938 0.195633 0.532832 -1.08083 -0.875855 
0.520932 0.0613543 -0.381761 0.581168 -0.762589 -0.912478 
0.875484 -0.416215 0.218582 0.870135 -0.980626 -1.29236 
0.674454 -0.170377 -0.176743 0.920893 -0.736174 -1.28648 
0.526508 0.181742 -0.754263 1.16536 -0.505858 -1.50424 
0.68241 0.0477404 -0.764873 -1.30682 0.69288 0.914643 
1.33169 -0.867781 -0.648595 -0.924568 1.38668 0.0120965 
-0.0658458 -0.377301 -0.661637 0.591974 0.958865 -0.322132 
-0.375606 -0.81982 -0.503196 0.615651 1.20777 -0.160132 
0.395271 -0.353117 -0.671158 -0.24802 0.879011 0.113484 
1.79596 -0.572732 -0.431775 -1.81806 1.53578 0.552389 
0.731361 -0.250152 -0.728462 -0.867101 0.981652 0.443072 
2.29657 -0.120856 -0.567592 -2.21825 1.99723 6.95932 
1.69225 -0.314845 -0.543003 -1.78191 1.53892 0.70648 
0.932819 -0.093333 -0.848075 -1.14056 1.08329 0.574234 
-1.91737 -0.466775 -0.327288 2.35219 1.97284 5.70833 
2.23358 -0.87434 -0.717993 -1.73123 1.39092 -0.0665471 
-0.0575081 -0.196162 -0.762972 0.727192 0.897355 -0.443077 
-2.5744 -0.752255 -0.246319 2.80857 1.9251 -0.205179 
0.113713 -0.668383 -0.417668 0.17025 0.901564 -0.104007 
0.275189 -0.182923 -0.770129 -0.0361977 0.763568 -0.00248391 
2.21167 -0.67304 -0.25235 -2.17508 1.74837 0.525291 
1.00454 -0.535448 -0.433919 -1.15931 1.07147 0.553068 
0.556208 -0.0900848 -0.844635 -0.701555 0.842961 0.397324 
0.752867 0.0674077 -0.999664 -0.995775 0.958045 0.537668 
-1.22482 -0.459479 -0.326168 1.91057 1.61297 -0.81597 
-0.519887 -0.354181 -0.512016 1.37335 1.13625 -0.772833 
-0.0560445 0.0360593 -0.964547 0.898014 0.899444 -0.565551 
2.50403 -0.997332 -0.396114 -2.20592 1.43826 0.108067 
0.0349623 -0.444022 -0.460995 0.441668 0.708494 -0.313881 
0.204434 0.0349896 -0.958154 0.184217 0.693789 -0.152918 
0.991763 -0.692048 -0.239362 -1.19056 0.99611 -5.6816 
0.585412 -0.35617 -0.503402 -0.806472 0.74529 0.501272 
0.442745 0.129093 -1.05965 -0.571006 0.743175 0.332911 
0.897967 -0.140641 -0.656509 -1.27018 0.945397 0.764478 
0.622563 0.339629 -1.33762 -0.856032 0.89155 0.440544 
-0.252581 -0.457002 -0.313062 1.1411 0.75895 -0.825269 
0.00713158 -0.149838 -0.641684 0.809984 0.617479 -0.634648 
0.154253 0.405109 -1.42828 0.436318 0.753853 -0.304607 
0.447628 -0.426295 -0.323097 -0.770858 0.503858 0.559652 
0.394572 -0.0871882 -0.689395 -0.648565 0.499383 0.462053 
0.671869 0.118559 -0.898228 1.95858 -0.727584 -2.35591 
-0.0203814 -0.16359 0.252569 -0.346809 -1.35071 0.337355 
0.173177 0.679885 -1.568 -0.748234 -0.403284 0.774673 
-0.318601 -0.279273 0.763573 -0.482178 -1.78583 0.473989 
-0.0241264 -0.165516 0.0507209 -0.424646 -1.12327 0.471026 
-0.325411 -0.428812 0.549169 -0.543867 -1.42799 0.695261 
-0.0285953 -0.116256 -0.202691 -0.563794 -0.900049 0.669575 
-0.735303 -0.533429 0.709276 -0.709619 -1.67329 1.0411 
-0.333739 -0.421636 0.236184 -0.698515 -1.14001 0.963934 
-0.0339175 -0.00786498 -0.53314 -0.839753 -0.690376 1.01654 
-0.748467 -0.519656 0.287195 -0.86879 -1.37744 1.40894 
-0.343963 -0.300879 -0.178695 -0.998871 -0.927216 1.37625 
-0.763578 -0.303887 -0.313994 1.98642 1.23994 -1.24898 
0.168673 -0.144594 0.23914 -0.157758 -1.30719 0.0299554 
0.0309791 -0.352577 0.821005 -0.224556 -1.6481 0.113037 
0.166931 -0.149382 0.0405654 -0.197234 -1.05564 0.101105 
0.0273994 -0.503509 0.602518 -0.272346 -1.22422 0.23773 
0.164954 -0.103747 -0.208977 -0.273092 -0.791271 0.211777 
-0.225592 -0.902161 0.892078 -0.460032 -1.13106 0.589077 
0.0231291 -0.49254 0.287816 -0.390894 -0.85191 0.415438 
0.162915 0.000330682 -0.534579 -0.463837 -0.498248 0.442796 
-0.235096 -0.795953 0.431551 -0.744711 -0.747937 0.958236 
0.0193284 -0.372005 -0.12036 -0.73107 -0.497104 0.811694 
0.161463 0.222302 -1.05249 -1.50476 -0.232039 1.53509 
0.347306 -0.0751661 0.17777 0.0366818 -1.33367 -0.279469 
0.375649 -0.249161 0.747685 0.0530725 -1.67952 -0.281017 
0.347934 -0.0819031 -0.0182305 0.0478548 -1.08022 -0.283737 
0.376377 -0.408915 0.543803 0.0678235 -1.24919 -0.295315 
0.348831 -0.0382674 -0.267362 0.0723902 -0.807873 -0.299338 
0.428864 -0.817086 0.861778 0.126064 -1.07377 -0.36208 
0.378803 -0.412659 0.240123 0.112395 -0.852144 -0.332967 
0.350387 0.0648072 -0.595711 0.148605 -0.492962 -0.366219 
0.435478 -0.743441 0.414767 0.283794 -0.586382 -0.519309 
0.383422 -0.303392 -0.16344 0.291838 -0.440311 -0.505371 
0.35362 0.315531 -1.16812 1.24463 -0.109974 -1.4595 
0.447374 -0.503115 -0.174983 -1.68363 0.238248 1.43972 
0.391243 -0.0514442 -0.767243 2.1231 -0.228394 3.93819 
0.506362 0.0379623 0.0664247 0.208069 -1.41023 -0.558427 
0.64955 -0.0320045 0.558714 0.284653 -1.81219 -0.592461 
0.508812 0.0319209 -0.129656 0.255769 -1.17454 -0.623789 
0.653365 -0.187923 0.374884 0.325687 -1.43846 -0.701637 
0.511967 0.0783352 -0.385711 0.346397 -0.925188 -0.731727 
0.853194 -0.378042 0.619434 0.454399 -1.49976 -0.876297 
0.658965 -0.20909 0.0864824 0.437021 -1.0883 -0.856176 
0.515958 0.195455 -0.74246 0.555679 -0.650486 -0.962794 
0.863217 -0.406173 0.227349 0.643918 -1.0698 -1.15246 
0.666073 -0.112961 -0.31884 0.71278 -0.755203 -1.16689 
1.33508 -0.724087 -0.866174 -0.952912 1.26461 -0.0777719 
2.7255 -0.634394 -0.631806 -2.57123 1.49572 0.141265 
1.78408 -0.471471 -0.616474 -1.86927 1.34731 0.480403 
2.29156 -0.139335 -0.528657 -2.33467 1.87836 6.93304 
-1.91604 -0.491999 -0.286762 2.41526 1.79834 -6.90152 
-0.891285 -0.460279 -0.612186 1.56306 1.14433 -0.624832 
-2.57103 -0.779526 -0.208146 2.82906 1.73474 -6.51455 
0.12383 -0.561619 -0.594286 0.150292 0.767964 -0.112466 
0.988077 -0.436916 -0.611681 -1.19961 0.904323 0.516554 
1.23648 -0.188149 -0.748507 -1.59417 1.07514 0.709514 
-0.506367 -0.261334 -0.693938 1.44189 0.946572 -0.811739 
0.0418598 -0.346144 -0.636745 0.480045 0.540642 -0.369317 
-2.1792 -1.05425 -0.423005 2.30499 1.12643 -6.38601 
0.572949 -0.260216 -0.682516 -0.871716 0.560492 6.80005 
-0.237364 -0.472627 -0.266142 -1.5939 -0.557942 1.89308 
0.0147237 -0.0450179 -0.841317 1.00845 0.432105 -0.846779 
0.384007 0.0235299 -0.899932 -0.785145 0.276443 0.564745 
0.66417 0.277493 -1.20128 1.72692 -0.571156 4.03305 
-0.778734 1.06271 0.598035 -1.75815 -1.55403 -0.0883952 
-0.273511 1.05946 0.571041 -1.25411 -1.58943 -0.0567045 
0.111918 1.07286 0.346418 -0.873478 -1.47318 0.116215 
0.347969 1.19323 -0.0672302 -0.681636 -1.21628 0.274529 
-0.775586 0.321332 0.891916 -1.81443 -1.41059 6.76385 
-0.269839 0.522085 0.810808 -1.3011 -1.26507 0.359568 
0.114805 0.768427 0.500546 -0.934342 -1.14593 0.372197 
0.350548 1.05218 0.0184364 -0.76694 -0.946921 0.473498 
-0.260385 -0.031721 0.886061 -1.63359 -0.999008 1.05892 
0.121427 0.468339 0.585421 -1.13543 -0.817277 0.762604 
0.354341 0.923309 0.0745613 -0.920124 -0.685379 0.741048 
-0.753981 -0.536023 0.562342 0.919311 1.66006 -1.33145 
-0.249121 -0.373131 0.766035 1.03267 1.04801 -1.35047 
0.128581 0.209639 0.594186 1.52819 0.624511 -1.75089 
0.358535 0.808227 0.106706 -1.22661 -0.491603 1.14162 
-0.742112 -0.445944 0.0868825 0.839155 1.91085 -0.973238 
-0.239025 -0.471669 0.511178 0.757792 1.28036 -0.90495 
0.134651 0.0193922 0.53424 0.979748 0.674401 -1.08864 
0.361958 0.706921 0.120561 1.45284 0.411153 -1.46564 
-0.230668 -0.422704 0.168729 0.628253 1.54344 -0.634404 
0.13965 -0.0975347 0.417608 0.657336 0.86368 -0.676095 
0.364767 0.616921 0.120584 -2.13096 -0.436153 -4.10756 
0.0868532 1.06484 0.610831 -0.738597 -1.64848 -0.0705173 
0.300127 1.08003 0.311366 -0.529624 -1.41555 0.0902735 
0.423109 1.20964 -0.11102 -0.442817 -1.13845 0.196138 
0.0936119 0.497222 0.861456 -0.74228 -1.13906 0.261161 
0.304984 0.776789 0.46487 -0.551761 -1.01218 0.289715 
0.427049 1.06688 -0.0242593 -0.482051 -0.814222 0.357957 
0.103908 -0.0914989 0.932057 -1.24351 -0.589626 1.0298 
0.311254 0.48658 0.541758 -0.73814 -0.588803 0.625267 
0.430947 0.940035 0.0275554 -0.616512 -0.500979 0.600835 
-0.264607 -0.875727 0.721359 0.73528 1.28839 -0.780088 
0.112028 -0.427067 0.795055 0.847365 0.654772 -0.899198 
0.433121 0.830642 0.0531126 -1.0891 -0.281739 1.14922 
-0.250887 -0.685967 0.209096 0.594237 1.62732 -0.494934 
0.118551 -0.507884 0.528025 0.492101 1.01881 -0.436658 
0.318393 0.0674818 0.477332 0.696281 0.474361 -0.628485 
-0.240441 -0.364155 -0.466736 0.568695 1.99931 -0.25631 
0.124034 -0.446774 0.179141 0.372222 1.36145 -0.22821 
0.321129 -0.0415943 0.359493 0.397274 0.745403 -0.266474 
0.436133 0.650546 0.0588638 0.629422 0.35337 -0.466621 
0.382291 1.14609 0.782549 -0.216908 -1.92093 -0.0753875 
0.447007 1.05793 0.54576 -0.139087 -1.60341 -0.00455973 
0.480649 1.09882 0.229571 -0.108511 -1.32977 0.0259985 
0.501206 1.23277 -0.17069 -0.0970275 -1.06408 0.0472007 
0.464204 0.515609 0.780423 0.0270259 -0.956357 0.0688231 
0.49351 0.803068 0.376547 0.0666359 -0.8405 0.0498937 
0.511452 1.08746 -0.0857285 0.10795 -0.663989 0.0152906 
0.462863 0.0042747 0.828276 0.0468716 -0.213794 0.107528 
0.492198 0.536522 0.439762 0.0962854 -0.358596 0.0801728 
0.510258 0.965991 -0.0418599 0.160141 -0.308192 0.0281586 
0.402009 -0.834597 0.698702 0.0851696 0.956133 0.0977677 
0.458558 -0.295657 0.695451 0.0751309 0.4179 0.120183 
0.488569 0.319643 0.432871 0.150936 0.0643968 0.0601218 
0.507162 0.863773 -0.0215115 0.109174 -0.0262534 0.115149 
0.400307 -0.649933 0.186346 0.082147 1.4217 0.15712 
0.456623 -0.383942 0.440519 0.0621194 0.898984 0.176715 
0.486787 0.16058 0.36767 0.0758493 0.42646 0.171051 
0.505578 0.774657 -0.0155172 0.104707 0.195098 0.152744 
0.400462 -0.327955 -0.495754 0.0838676 1.87921 0.216698 
0.456296 -0.336181 0.0981225 0.0540931 1.29176 0.224798 
0.486232 0.0583306 0.253608 0.0555489 0.740883 0.224471 
0.505088 0.695396 -0.0203933 0.0757162 0.377285 0.21199 
0.869944 1.06073 0.580628 0.626623 -1.62801 0.0413646 
0.734768 1.07069 0.361844 0.493782 -1.44891 -0.0653117 
0.645087 1.14048 0.0854871 0.422348 -1.25421 -0.139011 
0.582046 1.26987 -0.262393 0.392911 -1.04261 -0.205889 
0.87838 0.320149 0.851644 0.970958 -0.927967 -0.337008 
0.743723 0.610207 0.554839 0.825439 -0.882543 -0.302016 
0.65311 0.864732 0.217314 0.772492 -0.797135 -0.346086 
0.589802 1.12908 -0.187587 0.802707 -0.673515 -0.45816 
0.64393 0.625462 0.276179 1.20801 -0.412354 -0.793799 
0.582113 1.01022 -0.141573 1.20109 -0.364131 -0.838021 
0.847695 -0.449474 0.489756 -0.478151 1.00769 0.897483 
0.721205 -0.0494136 0.480588 -0.599527 0.608454 1.0268 
0.636238 0.432932 0.269214 -0.89897 0.358275 1.31039 
0.57603 0.912387 -0.120588 2.04422 -0.272868 -1.66576 
0.838378 -0.357379 0.0109002 -0.313703 1.45593 0.704677 
0.71476 -0.147139 0.249247 -0.305485 0.991085 0.724644 
0.631394 0.290597 0.206912 -0.38927 0.592362 0.806657 
0.572283 0.827692 -0.114317 2.62097 -0.37682 -2.22541 
0.832175 -0.0608203 -0.70849 -0.272947 1.93827 0.594169 
0.710561 -0.118474 -0.0828278 -0.211595 1.36122 0.624052 
0.628375 0.198868 0.0952966 -0.229359 0.859813 0.654228 
0.569969 0.752507 -0.119316 -0.302835 0.519078 0.714243 
1.68204 1.09524 0.707099 1.5585 -1.57366 -6.05166 
1.04663 1.05851 0.544719 0.923003 -1.59016 0.0259031 
0.71122 1.14035 0.0863396 0.615628 -1.28629 -0.196148 
2.31901 0.368088 0.825222 2.29467 -1.63634 -0.280809 
1.05029 0.714831 0.707472 1.03785 -1.30949 -0.126178 
0.715791 1.00153 0.160876 0.770643 -1.07831 -0.281416 
1.04448 0.347846 0.813483 -1.97994 1.0161 2.75239 
0.712207 0.865903 0.22283 0.849387 -0.857156 -0.369419 
0.707674 0.73833 0.264702 0.991337 -0.658558 -0.52018 
1.02949 -0.232707 0.775545 1.95872 -0.770935 -1.37921 
0.703718 0.623293 0.285948 1.24673 -0.504202 -0.77972 
1.64222 -0.633992 0.302966 -0.843866 1.76887 1.34337 
1.27306 1.08613 0.686595 1.12911 -1.65808 0.182319 
0.874246 1.06133 0.429014 0.723578 -1.51059 -0.0535037 
0.662225 1.17572 -0.0186083 0.548728 -1.21236 -0.211198 
1.27526 0.479066 0.945251 1.25894 -1.29896 -6.42035 
0.879868 0.743492 0.579608 0.887803 -1.18391 -0.190518 
0.667608 1.03856 0.0554667 0.749918 -0.972992 -0.320798 
0.874088 0.419976 0.672883 1.04781 -0.848518 -0.436606 
0.662527 0.906061 0.116268 0.861643 -0.724047 -0.433932 
0.658031 0.788501 0.151323 1.07738 -0.516544 -0.648807 
1.84916 -0.637927 0.197807 -0.91669 1.9724 1.37648 
1.24116 -0.658939 0.62273 -0.770959 1.26722 1.27504 
1.23055 -0.579661 0.26662 -0.628829 1.51477 1.07235 
0.851995 -0.19267 0.504188 -0.657903 0.7903 1.13918 
0.939379 1.05931 0.569538 0.744012 -1.61358 0.0392613 
0.738113 1.0873 0.275503 0.55138 -1.39295 -0.108465 
0.617203 1.21877 -0.13481 0.4689 -1.12957 -0.212959 
0.946325 0.519005 0.796495 0.956099 -1.1281 -0.206927 
0.745463 0.793849 0.414735 0.787522 -1.01303 -0.255151 
0.623888 1.08121 -0.0605091 0.746907 -0.840531 -0.369478 
0.737587 0.515043 0.491133 1.01609 -0.642436 -0.527259 
0.617719 0.954387 -0.00492271 0.930131 -0.555261 -0.543737 
1.25895 -0.780041 0.681846 -0.77355 1.30586 1.23993 
0.922713 -0.344954 0.739299 -0.915413 0.72964 1.40453 
0.612316 0.845745 0.0238175 1.3297 -0.358386 -0.935443 
1.24361 -0.622656 0.179815 -0.609193 1.62008 0.999048 
0.912876 -0.439455 0.484276 -0.537882 1.03653 0.985973 
0.72322 0.10683 0.434679 2.3933 -0.528097 -1.94568 
1.23117 -0.312257 -0.498827 -0.565192 1.98949 0.80869 
0.905394 -0.389742 0.140829 -0.392564 1.36443 0.812497 
0.718534 -0.00122367 0.319592 -0.429068 0.770107 0.871399 
0.604916 0.666538 0.0326104 -0.657222 0.391194 1.07296 
0.825984 1.06092 0.584313 0.551278 -1.63425 0.0389723 
0.707576 1.07073 0.361571 0.43528 -1.44507 -0.0582392 
0.629331 1.14107 0.083601 0.373692 -1.24687 -0.124164 
0.574351 1.27042 -0.263736 0.34905 -1.0344 -0.18388 
0.837029 0.316088 0.856227 0.910959 -0.902252 -0.318791 
0.71825 0.609595 0.554254 0.780848 -0.862668 -0.286354 
0.638761 0.865204 0.214937 0.739646 -0.778703 -0.331751 
0.583197 1.12924 -0.189202 0.778514 -0.656165 -0.444932 
0.6294 0.626549 0.272926 1.18451 -0.384147 -0.787177 
0.575365 1.0108 -0.144057 1.18887 -0.340114 -0.836483 
0.806479 -0.452199 0.490882 -0.433133 0.986265 0.833863 
0.695843 -0.047421 0.477936 -0.548924 0.589337 0.958417 
0.569305 0.913554 -0.123725 2.10461 -0.255516 -1.73637 
0.798156 -0.359072 0.0117938 -0.278607 1.44431 0.65908 
0.68972 -0.14438 0.246309 -0.271268 0.983289 0.677267 
0.617198 0.293624 0.202559 -0.347036 0.586652 0.75214 
0.565718 0.829287 -0.117785 -0.465466 0.371541 -5.43131 
0.79203 -0.0613546 -0.708754 -0.239648 1.93292 0.562928 
0.685874 -0.115461 -0.0859563 -0.18602 1.35742 0.589636 
0.614415 0.202419 0.0907807 -0.20189 0.858328 0.616746 
0.563577 0.754367 -0.122928 -0.265137 0.518692 0.668518 
-0.775573 1.10103 0.575848 -1.76751 -1.7861 -0.230833 
-0.269839 0.944699 0.637141 -1.24037 -1.80917 -0.134573 
0.114811 0.837533 0.471005 -0.824099 -1.62972 0.073152 
0.350015 0.890869 0.0949596 -0.619999 -1.32459 0.212405 
-0.778738 0.370034 0.879749 -1.74948 -1.62982 6.59891 
-0.273357 0.387745 0.845389 -1.27039 -1.46732 0.322028 
0.111972 0.528667 0.578464 -0.922574 -1.2776 0.364535 
0.347997 0.760689 0.140839 -0.751198 -1.04659 0.437249 
-0.269838 -0.142681 0.875886 1.61416 1.16814 -2.14939 
0.114792 0.243177 0.610964 -1.14832 -0.932937 0.787506 
0.349308 0.6416 0.163502 -0.942585 -0.771298 0.738372 
0.121428 0.0244441 0.563077 1.52118 0.723561 -1.71579 
0.354261 0.539791 0.157269 -1.30558 -0.549097 1.20968 
-0.753854 -0.450287 0.101741 0.981423 1.87985 -1.0208 
-0.249123 -0.477034 0.42597 0.879564 1.30759 -0.958487 
0.128578 -0.106658 0.445979 0.987309 0.775329 -1.05724 
-0.239115 -0.392813 0.0518847 0.719012 1.5631 -0.647611 
0.134637 -0.161562 0.277431 0.676494 0.97636 -0.65017 
0.36195 0.396031 0.0871957 0.842257 0.560412 -0.782788 
0.0935399 0.953728 0.675406 -0.703093 -1.88786 -0.151985 
0.305002 0.854286 0.431518 -0.460618 -1.58786 0.0172601 
0.426767 0.916098 0.0486636 -0.360725 -1.27281 0.0973648 
0.0868538 0.361271 0.896464 -0.76071 -1.34048 0.213954 
0.299389 0.550069 0.541316 -0.577258 -1.16041 0.255431 
0.423122 0.784068 0.0969178 -0.500923 -0.94437 0.310589 
0.0936119 -0.212439 0.927485 -1.13713 -0.743085 0.904114 
0.304973 0.269717 0.57056 -0.770843 -0.691915 0.616492 
0.42653 0.664675 0.118213 -0.647925 -0.593679 0.573168 
-0.281071 -0.89221 0.74527 0.927887 1.20086 -0.941118 
0.430918 0.567388 0.106828 -1.15856 -0.308035 1.18528 
-0.264649 -0.700323 0.227473 0.700787 1.52915 -0.568527 
0.112041 -0.518222 0.445103 0.577294 0.9943 -0.508755 
0.315307 -0.0582018 0.394025 0.685036 0.544753 -0.617923 
0.433118 0.493324 0.0729627 -2.19503 -0.308532 2.29496 
-0.250871 -0.376111 -0.44995 0.63542 1.91359 -0.289972 
0.118553 -0.419551 0.0634849 0.42426 1.35722 -0.258067 
0.318398 -0.107173 0.22296 0.402391 0.846135 -0.26416 
0.434681 0.436319 0.0258596 0.500759 0.485488 -0.345057 
0.464152 0.961716 0.595955 0.023169 -1.89746 -0.0771645 
0.493493 0.893639 0.336871 0.0495849 -1.57073 -0.0944343 
0.511494 0.954501 -0.0196627 0.0695755 -1.27608 -0.120654 
0.447019 0.404051 0.813896 -0.147956 -1.22153 0.0512286 
0.480649 0.596509 0.450192 -0.121546 -1.0499 0.0607135 
0.501208 0.815595 0.0377253 -0.112345 -0.856452 0.0737771 
0.464155 -0.110618 0.833511 0.0585547 -0.383596 0.0303058 
0.493538 0.334344 0.473514 0.109928 -0.469932 -0.00371564 
0.511519 0.697196 0.0532342 0.165686 -0.414925 -0.0514117 
0.407106 -0.86179 0.725847 0.0525734 0.755748 0.0822159 
0.462962 -0.363736 0.655751 -0.028633 0.326557 0.180203 
0.492198 0.148776 0.410918 -0.51605 0.0683997 0.685413 
0.510268 0.607921 0.0328606 1.15894 -0.0528617 -0.977559 
0.402069 -0.668695 0.205448 0.0720868 1.28265 0.127067 
0.458565 -0.400817 0.361636 0.0402018 0.856214 0.162456 
0.488587 0.0394981 0.289217 0.02221 0.487483 0.190753 
0.507165 0.541125 -0.00536736 -0.0103141 0.280317 0.234209 
0.400279 -0.342698 -0.478274 0.0830768 1.77789 0.186485 
0.456769 -0.313798 -0.0165724 0.0505041 1.28529 0.201153 
0.486777 -0.00468935 0.119079 0.0420132 0.839661 0.21188 
0.505579 0.489493 -0.0546821 0.0413038 0.518797 0.219583 
0.743629 0.994798 0.390609 0.623546 -1.80845 -0.132971 
0.653516 0.960028 0.172949 0.522829 -1.58132 -0.247071 
0.589619 1.00887 -0.124804 0.477996 -1.34651 -0.336944 
0.869735 0.380587 0.857767 0.651446 -1.30328 -0.199743 
0.734802 0.519281 0.596238 0.535722 -1.17233 -0.226386 
0.645042 0.677547 0.297256 0.47237 -1.02746 -0.258304 
0.582016 0.863389 -0.0519156 0.450043 -0.863605 -0.304135 
0.653516 0.447643 0.305108 1.09336 -0.596544 -0.758595 
0.5898 0.753917 -0.0500865 1.08451 -0.53221 -0.798379 
0.861683 -0.462002 0.513207 -0.70714 0.90829 1.0396 
0.731333 -0.108358 0.44421 -0.846687 0.615791 1.19546 
0.582112 0.668262 -0.0691259 -1.21139 0.362628 -4.75485 
0.847695 -0.370999 0.02944 -0.409854 1.35349 0.720981 
0.721311 -0.165817 0.173884 -0.39879 0.982501 0.745607 
0.636237 0.182288 0.128477 -0.45674 0.672794 0.810602 
0.576029 0.605368 -0.106744 -0.544634 0.481251 0.886683 
0.838371 -0.0744148 -0.689194 -0.324725 1.85257 0.574241 
0.714825 -0.0978343 -0.19973 -0.259317 1.37566 0.605066 
0.631415 0.140506 -0.0376736 -0.260338 0.967563 0.628678 
0.572283 0.557143 -0.155742 -0.301186 0.664908 0.666121 
1.67921 0.957274 0.77834 1.66717 -1.74122 -6.12013 
1.05026 0.779315 0.680623 0.994236 -1.69489 -0.0983103 
0.715371 0.81471 0.246868 0.678768 -1.35462 -0.321214 
2.32672 0.397972 0.825313 2.17427 -1.77365 -0.284013 
1.04641 0.405681 0.811644 0.95289 -1.36039 -0.286128 
0.711084 0.677128 0.297907 0.677161 -1.08481 -0.359443 
1.05018 0.0538204 0.842895 -1.91248 1.08163 2.50423 
0.715757 0.556127 0.312343 0.919178 -0.88189 -0.54592 
0.712206 0.444787 0.313551 1.1414 -0.67427 -0.770239 
1.65261 -0.590515 0.183218 -0.968315 1.79818 1.26149 
1.0296 -0.421781 0.490238 -0.853288 1.02674 1.24489 
0.703719 0.275244 0.257741 1.94221 -0.513958 -1.56672 
1.88356 1.14648 0.705024 1.88282 -1.71495 -6.01528 
1.27527 0.957426 0.750273 1.25643 -1.8397 0.127739 
0.879869 0.813723 0.550002 0.80493 -1.65311 -0.158404 
0.66721 0.870388 0.135612 0.618181 -1.3307 -0.330221 
0.87421 0.478905 0.67317 0.7673 -1.26075 -0.286273 
0.66205 0.734616 0.189771 0.611328 -1.01736 -0.353055 
0.879868 0.175752 0.697157 1.10394 -0.934728 -0.623508 
0.667584 0.618872 0.201709 0.918392 -0.788022 -0.583419 
0.873199 -0.059712 0.649392 -1.58507 0.707528 -4.27619 
0.663163 0.514651 0.19947 1.22166 -0.563738 -0.878424 
1.86216 -0.640621 0.21213 -1.06497 1.95506 1.33306 
1.25309 -0.652037 0.530701 -0.897566 1.30092 1.25458 
0.865332 -0.199375 0.531079 -1.03442 0.725067 1.42539 
0.658233 0.429417 0.176366 -1.42515 0.455287 1.77724 
1.24109 -0.542555 0.148961 -0.727834 1.53019 1.02912 
0.858072 -0.255539 0.359593 -0.681008 0.908319 1.05718 
0.94632 0.953064 0.617867 0.878335 -1.85768 -0.00972427 
0.745452 0.873004 0.380263 0.645399 -1.60622 -0.206925 
0.623589 0.93455 0.012311 0.54917 -1.32182 -0.333705 
0.939384 0.389188 0.843246 0.772322 -1.32388 -0.233754 
0.738098 0.57023 0.49978 0.601457 -1.14689 -0.275175 
0.617087 0.796788 0.0729902 0.529878 -0.941338 -0.332074 
0.745529 0.30831 0.516603 1.03487 -0.773641 -0.643931 
0.623877 0.684889 0.0811922 0.951174 -0.670908 -0.648317 
0.737578 0.107899 0.465983 -1.47473 0.536982 -4.43913 
0.618113 0.588672 0.0727689 1.42877 -0.441555 -1.10667 
1.25899 -0.632474 0.196514 -0.740401 1.55287 1.0066 
0.922716 -0.448625 0.401088 -0.656211 1.04673 1.00212 
0.729526 -0.0133362 0.350441 -0.784118 0.630748 1.1472 
1.24345 -0.323192 -0.481562 -0.651564 1.9136 0.782352 
0.912874 -0.363164 0.0251649 -0.46646 1.37335 0.789564 
0.723192 -0.0651697 0.183802 -0.461407 0.881083 0.826432 
0.60804 0.455856 -0.00115499 -0.577563 0.534162 0.934098 
0.718209 0.995966 0.38917 0.582937 -1.81122 -0.130394 
0.639099 0.961893 0.169986 0.493236 -1.58121 -0.23977 
0.583042 1.01065 -0.127269 0.454832 -1.34636 -0.326899 
0.825953 0.378779 0.862349 0.574875 -1.29131 -0.177137 
0.707584 0.519417 0.595974 0.473879 -1.15984 -0.202088 
0.629298 0.678586 0.295315 0.419452 -1.01532 -0.230984 
0.574334 0.864065 -0.0531799 0.401249 -0.852076 -0.2724 
0.639098 0.448767 0.302448 1.06752 -0.57072 -0.745947 
0.583195 0.754495 -0.0520508 1.06788 -0.510888 -0.789744 
0.82016 -0.465697 0.514776 -0.659618 0.876693 0.97739 
0.705781 -0.106934 0.442015 -0.801887 0.58795 1.13702 
0.57538 0.669337 -0.071918 -1.17323 0.342736 -4.80033 
0.806479 -0.372958 0.0301012 -0.367947 1.33844 0.672568 
0.695897 -0.163388 0.171108 -0.359424 0.971776 0.696958 
0.621799 0.185352 0.124256 -0.414054 0.66483 0.75897 
0.569304 0.607163 -0.110209 -0.495547 0.475213 0.830852 
0.797695 -0.0752856 -0.689244 -0.286732 1.84596 0.542658 
0.68976 -0.0949464 -0.202946 -0.229536 1.37115 0.57067 
0.617212 0.144134 -0.0421961 -0.231056 0.965508 0.592684 
0.565739 0.559284 -0.15935 -0.2684 0.663765 0.62763 
0.121431 0.596897 0.555075 -0.733784 -1.72966 0.0694516 
0.353894 0.622307 0.156691 -0.542439 -1.35224 0.182807 
-0.775577 0.416402 0.870789 -1.6701 -1.84432 0.166515 
-0.269809 0.254161 0.870662 -1.17197 -1.64371 0.297292 
0.11413 0.303029 0.610872 -0.847258 -1.36259 0.366624 
0.349786 0.512272 0.16446 -0.69386 -1.07885 0.414395 
-0.273585 -0.233492 0.8535 -1.38207 -1.3142 0.926267 
0.111969 0.0598427 0.585013 -1.09998 -1.02808 0.792676 
0.347986 0.417553 0.146343 -0.94036 -0.820492 0.751462 
-0.269894 -0.458383 0.655208 -1.74951 -1.20491 -4.71279 
0.349927 0.342192 0.103836 -1.34055 -0.617317 1.25083 
-0.766334 -0.455561 0.123277 1.16999 1.84209 -1.08898 
-0.260387 -0.471594 0.339331 1.05085 1.31352 -1.04577 
0.121427 -0.175394 0.31827 1.08161 0.846715 -1.10501 
0.354253 0.290354 0.0368335 -1.91586 -0.564705 1.92019 
-0.249119 -0.355906 -0.0690323 0.839198 1.55344 -0.673243 
0.128549 -0.175921 0.100963 0.739757 1.04835 -0.659686 
0.358525 0.261521 -0.0495066 0.781272 0.683248 -0.698571 
0.311258 0.626291 0.50841 -0.38611 -1.69432 -0.0277185 
0.430803 0.658041 0.105757 -0.290797 -1.32167 0.028918 
0.0935606 0.226722 0.921683 -0.662886 -1.51098 0.151993 
0.304801 0.336802 0.569832 -0.487814 -1.24975 0.191768 
0.426701 0.545144 0.119639 -0.414151 -0.994679 0.222088 
0.0868203 -0.303213 0.90534 -1.01126 -0.913501 0.773035 
0.300127 0.0959187 0.546159 -0.765956 -0.803822 0.58857 
0.4231 0.449114 0.10246 -0.678427 -0.66872 0.563924 
0.0936111 -0.526698 0.693629 -1.79663 -0.681449 -4.53008 
0.304973 -0.0633091 0.444324 1.72455 0.466552 4.51489 
0.426738 0.374331 0.0576041 -1.19219 -0.371612 1.18024 
-0.281069 -0.718833 0.254814 0.85892 1.40072 -0.685135 
0.103916 -0.519496 0.362743 0.719283 0.925941 -0.637794 
0.311256 -0.131105 0.273121 0.771321 0.565837 -0.709562 
0.430912 0.32751 -0.0162799 0.887864 0.365219 -0.809536 
-0.264606 -0.39371 -0.424131 0.721171 1.79169 -0.34289 
0.112047 -0.386956 -0.0549222 0.492878 1.31286 -0.303797 
0.315312 -0.125448 0.0500529 0.432821 0.897903 -0.28851 
0.433118 0.305167 -0.109604 0.449615 0.602783 -0.301551 
0.492196 0.686021 0.403108 0.0340647 -1.70826 -0.165701 
0.510306 0.709098 0.0316683 0.0495724 -1.36066 -0.191206 
0.464164 0.299262 0.82822 0.022067 -1.46738 -0.086896 
0.493574 0.41128 0.472551 0.0528162 -1.2245 -0.112351 
0.511502 0.593169 0.0546242 0.0796729 -0.989821 -0.144206 
0.447169 -0.195256 0.822384 -0.234409 -0.640046 0.190096 
0.480649 0.17526 0.456284 -0.177247 -0.639079 0.142798 
0.501206 0.490856 0.0432119 -0.165473 -0.540111 0.142261 
0.407764 -0.891973 0.763417 0.06901 0.469464 0.0042442 
0.464154 -0.412373 0.613762 -0.158045 0.140183 0.241124 
0.511499 0.419561 -0.0105163 0.77269 -0.0954103 -0.669995 
0.407026 -0.694445 0.234905 0.0404256 1.07913 0.101832 
0.462853 -0.410242 0.283881 -0.0145405 0.74519 0.163959 
0.492199 -0.0326393 0.172303 -0.0724078 0.480593 0.234466 
0.510268 0.381325 -0.0946157 -0.147325 0.336305 0.320048 
0.402109 -0.363651 -0.452002 0.0692197 1.6342 0.152025 
0.458818 -0.285586 -0.135034 0.0319473 1.23732 0.178212 
0.488569 -0.0235927 -0.0531129 0.0127215 0.892927 0.202623 
0.507112 0.363703 -0.191225 -0.00440157 0.643683 0.22764 
0.643816 0.770972 0.238881 0.390096 -1.74368 -0.31368 
0.582112 0.773044 -0.071 0.341459 -1.44166 -0.385382 
0.87838 0.465081 0.819225 0.736144 -1.74978 -0.222773 
0.743729 0.451081 0.59236 0.604176 -1.52803 -0.33025 
0.65351 0.524538 0.303909 0.54175 -1.31839 -0.40232 
0.590004 0.662105 -0.0477041 0.524829 -1.10967 -0.474247 
0.869816 -0.249303 0.86561 0.895181 -0.847526 -0.690286 
0.735132 0.0431463 0.603404 0.725229 -0.789647 -0.558549 
0.645137 0.300236 0.303213 0.640274 -0.709923 -0.514235 
0.582036 0.552483 -0.0463766 0.625912 -0.599835 -0.537971 
0.861663 -0.388516 0.0577337 -0.578399 1.21685 0.778623 
0.731333 -0.175775 0.0977153 -0.567617 0.935418 0.811816 
0.643929 0.116676 0.0125181 -0.608929 0.714463 0.869031 
0.582117 0.456391 -0.200446 -0.65377 0.575965 0.910585 
0.847693 -0.0935551 -0.66025 -0.405218 1.73281 0.558513 
0.721444 -0.0689859 -0.323759 -0.336777 1.35772 0.590008 
0.636257 0.125904 -0.213357 -0.323972 1.04245 0.611454 
0.576038 0.442447 -0.299283 -0.33948 0.804674 0.634114 
1.67257 0.80761 0.854571 1.64488 -1.92164 -6.19688 
1.04454 0.475834 0.784748 0.913846 -1.74478 -0.271782 
0.712194 0.516228 0.312504 0.625879 -1.32104 -0.447193 
1.05026 0.114633 0.841751 1.00051 -1.41757 -0.520019 
0.715781 0.404248 0.314569 0.761894 -1.09555 -0.560569 
1.0467 -0.190961 0.819751 -1.99004 1.06084 2.31032 
0.711155 0.299686 0.303432 0.865048 -0.815392 -0.677492 
0.715809 0.225935 0.254948 1.2658 -0.699028 -1.03169 
0.712206 0.166596 0.195017 -1.46182 0.607764 1.70867 
1.66307 -0.540751 0.0592182 -1.11597 1.80687 1.16812 
1.0372 -0.419848 0.300484 -0.919739 1.1125 1.15076 
1.87455 1.17953 0.687461 1.91412 -1.91554 -5.99264 
0.87305 0.552967 0.641321 0.717248 -1.72365 -0.286069 
0.663155 0.593968 0.198165 0.544052 -1.33139 -0.427914 
0.879869 0.238178 0.696368 0.826043 -1.35642 -0.470522 
0.667598 0.484743 0.203778 0.693765 -1.07805 -0.536879 
0.874245 -0.0339793 0.680036 0.971424 -0.928455 -0.719869 
0.662284 0.381922 0.195834 0.797819 -0.751065 -0.643132 
0.879879 -0.191133 0.56367 -1.6161 0.80249 -4.40349 
1.87436 -0.644207 0.231532 -1.24569 1.93202 1.28511 
0.873138 -0.265322 0.395531 -1.1024 0.815831 1.35228 
1.25309 -0.498214 0.0259946 -0.854485 1.52698 0.982242 
0.865294 -0.265239 0.178819 -0.74847 0.992798 0.995454 
0.658191 0.224946 -0.00167619 -0.834007 0.627675 1.09679 
0.737507 0.651117 0.458282 0.540822 -1.71652 -0.297934 
0.618109 0.679047 0.0712718 0.446737 -1.36647 -0.404171 
0.946323 0.276198 0.850838 0.830476 -1.56336 -0.34661 
0.74552 0.375752 0.515577 0.66988 -1.31859 -0.428748 
0.624346 0.570231 0.0843291 0.612855 -1.07687 -0.505496 
0.939396 -0.231029 0.851554 1.00672 -0.928148 -0.758109 
0.738619 0.132742 0.506995 0.789653 -0.813584 -0.606767 
0.61716 0.466145 0.0786276 0.712537 -0.675181 -0.593319 
0.946333 -0.437051 0.635803 1.77956 -0.855071 4.73857 
0.745504 -0.0120647 0.392972 -1.59669 0.645152 -4.44662 
0.623923 0.400763 0.0206939 1.42438 -0.537152 -1.21684 
1.27687 -0.643952 0.220362 -0.92346 1.47431 1.03333 
0.93478 -0.446791 0.316218 -0.832078 1.03505 1.04612 
0.737574 -0.0814067 0.226806 -0.903278 0.705899 1.15279 
0.618132 0.353671 -0.0505927 2.12473 -0.519768 4.40065 
1.25893 -0.337643 -0.456705 -0.768058 1.81537 0.760378 
0.922709 -0.329043 -0.0952035 -0.571406 1.35645 0.770404 
0.729519 -0.0812333 0.00940048 -0.533892 0.958682 0.79668 
0.612399 0.328972 -0.139454 -0.576742 0.674956 0.848603 
0.629306 0.773606 0.235153 0.360123 -1.74538 -0.30498 
0.575905 0.774884 -0.0717087 0.317623 -1.4453 -0.37243 
0.83698 0.464587 0.822982 0.681623 -1.74893 -0.21196 
0.718252 0.452592 0.591285 0.564805 -1.52382 -0.31589 
0.639094 0.526913 0.301242 0.511438 -1.31452 -0.386688 
0.583362 0.663944 -0.049804 0.49969 -1.10687 -0.457975 
0.825991 -0.255838 0.870566 0.815676 -0.800331 -0.637035 
0.707757 0.0433648 0.60291 0.652733 -0.75973 -0.506347 
0.629356 0.301683 0.301184 0.576635 -0.687418 -0.465727 
0.574347 0.553339 -0.0476562 0.56572 -0.580498 -0.488087 
0.820157 -0.391246 0.0587024 -0.531231 1.19469 0.729541 
0.705776 -0.173935 0.0952834 -0.525197 0.919032 0.764856 
0.629399 0.119537 0.008538 -0.567134 0.702661 0.822632 
0.575366 0.458274 -0.203859 -0.612519 0.568034 0.866243 
0.806479 -0.09487 -0.660091 -0.362027 1.72409 0.526267 
0.695979 -0.0662652 -0.327129 -0.30217 1.35201 0.555866 
0.621812 0.129518 -0.218003 -0.292071 1.03958 0.57718 
0.569311 0.444907 -0.303251 -0.306985 0.80412 0.599324 
0.128149 0.362816 0.592574 -0.63566 -1.74828 0.103662 
0.358508 0.412063 0.11316 -0.480371 -1.29447 0.184141 
-0.260382 0.121795 0.884011 -1.0303 -1.77728 0.298405 
0.121223 0.111177 0.590657 -0.737077 -1.39276 0.370309 
0.354252 0.334608 0.0840826 -0.619641 -1.04974 0.394015 
-0.269827 -0.309742 0.821867 -1.19887 -1.4067 0.864165 
0.114775 -0.072613 0.51227 -0.98806 -1.07045 0.765799 
0.349953 0.27297 0.0300341 -0.887779 -0.813273 0.741353 
0.111938 -0.171531 0.363587 -1.41087 -0.883642 1.32152 
0.347986 0.232952 -0.0508305 1.81321 0.654388 -1.87292 
-0.269839 -0.45597 0.250955 1.26274 1.30379 -1.16062 
0.349953 0.215916 -0.156965 -1.88881 -0.635148 -4.36428 
-0.766333 -0.195508 -0.526037 1.3002 1.97206 -0.699638 
-0.260384 -0.312703 -0.192353 0.998916 1.50879 -0.723509 
0.121428 -0.146483 -0.110271 0.84905 1.07777 -0.704525 
0.354267 0.223876 -0.289142 0.798974 0.77937 -0.684039 
0.31514 0.405297 0.53977 -0.337793 -1.71173 -0.0409691 
0.433116 0.456297 0.0593731 -0.260463 -1.27581 0.000507985 
0.103881 0.0927664 0.929602 -0.556043 -1.63906 0.110969 
0.311241 0.157158 0.546433 -0.3989 -1.2951 0.136582 
0.430917 0.376047 0.0369445 -0.33925 -0.987688 0.147206 
0.0936121 -0.376804 0.872918 -0.805942 -1.01778 0.606091 
0.304965 -0.0304122 0.476222 -0.629511 -0.85578 0.471157 
0.426736 0.310316 -0.0121776 -0.574396 -0.670054 0.456475 
0.300128 -0.131754 0.328664 1.89821 0.555223 -1.95103 
0.423117 0.269369 -0.0945269 -1.17956 -0.434169 1.14407 
-0.297988 -0.736621 0.290138 1.09632 1.27469 -0.871315 
0.0936121 -0.508985 0.280089 0.960229 0.84705 -0.863151 
0.304957 -0.153712 0.117801 0.977412 0.564827 -0.922656 
0.426737 0.253814 -0.20571 0.98388 0.417219 -0.928882 
-0.281067 -0.417856 -0.385631 0.844037 1.62561 -0.429877 
0.103898 -0.350056 -0.173175 0.595861 1.21766 -0.383572 
0.311255 -0.101614 -0.157011 0.500575 0.892602 -0.352938 
0.430918 0.268301 -0.348377 0.457666 0.679876 -0.321077 
0.488742 0.483071 0.431182 -0.00992271 -1.73045 -0.212431 
0.507164 0.514783 -0.0154538 0.00291757 -1.31549 -0.225026 
0.462866 0.191777 0.825767 0.00987464 -1.63638 -0.152693 
0.492202 0.251274 0.443963 0.0348881 -1.3146 -0.179213 
0.510268 0.435061 -0.0326965 0.0567836 -1.02273 -0.210477 
0.464151 -0.251013 0.790398 0.0286864 -0.879516 -0.103133 
0.493561 0.0630773 0.389074 0.0705229 -0.793486 -0.144771 
0.511467 0.363011 -0.0721612 0.112364 -0.634442 -0.191135 
0.447017 -0.436251 0.56496 -0.828074 -0.18894 0.819102 
0.480635 -0.0437237 0.246839 -0.481288 -0.227735 0.470832 
0.501282 0.316879 -0.153143 -0.480848 -0.184203 0.474131 
0.407727 -0.726038 0.278252 0.0442043 0.788167 0.0345419 
0.464156 -0.412475 0.211123 -0.0423635 0.541496 0.120827 
0.493525 -0.061463 0.0263581 -0.133744 0.378379 0.218709 
0.511499 0.308557 -0.279546 -0.21418 0.318363 0.304134 
0.407102 -0.393556 -0.411472 0.0359488 1.42438 0.115737 
0.463243 -0.253904 -0.252923 -0.010974 1.12544 0.157552 
0.492206 -0.0015787 -0.261694 -0.043421 0.882878 0.197707 
0.510235 0.332706 -0.436556 -0.0726191 0.724788 0.23509 
0.636229 0.586778 0.266834 0.28459 -1.77681 -0.383933 
0.576069 0.58589 -0.114443 0.246054 -1.39553 -0.437701 
0.731329 0.366404 0.591923 0.452639 -1.71646 -0.379587 
0.644444 0.381619 0.280939 0.3891 -1.42216 -0.445077 
0.582134 0.511003 -0.13232 0.374431 -1.13842 -0.502846 
0.878378 -0.175182 0.858291 0.755078 -1.30188 -0.627712 
0.743734 0.0111372 0.563196 0.671582 -1.14851 -0.615669 
0.653643 0.213178 0.22648 0.638876 -0.993444 -0.638385 
0.589821 0.444433 -0.174717 0.659188 -0.821904 -0.707452 
0.734805 -0.190034 0.379412 1.23138 -0.522371 -1.18392 
0.645061 0.0981712 0.101848 1.13157 -0.444851 -1.09089 
0.582022 0.389291 -0.24553 1.18278 -0.365298 -1.15828 
0.878377 -0.409369 0.100755 -0.871035 1.04248 0.922193 
0.743734 -0.178017 0.0266037 -0.865781 0.840877 0.965443 
0.653514 0.0928233 -0.134568 -0.884417 0.701644 1.0035 
0.589804 0.394473 -0.393599 -0.873342 0.625268 0.991028 
0.861664 -0.120552 -0.615606 -0.538426 1.56201 0.561271 
0.731333 -0.0330459 -0.45196 -0.467047 1.29075 0.588547 
0.643974 0.155215 -0.434063 -0.441853 1.06966 0.607833 
0.582127 0.42382 -0.560054 -0.432646 0.914856 0.614307 
1.03709 0.169766 0.834706 0.804558 -1.71171 -0.479637 
0.708472 0.281182 0.272003 0.57802 -1.21743 -0.58256 
1.04448 -0.134392 0.819968 0.915893 -1.388 -0.725245 
0.712206 0.204573 0.233007 0.732011 -1.01467 -0.713286 
1.05026 -0.332458 0.721132 1.15453 -1.14224 -1.04087 
0.715784 0.145205 0.174176 0.97656 -0.834242 -0.931403 
0.711197 0.0976041 0.102463 1.28056 -0.616643 -1.21985 
1.6723 -0.485307 -0.0692016 -1.28354 1.78776 1.06606 
1.04498 -0.374244 0.0797791 -1.01479 1.16365 1.06097 
0.712206 0.0851552 -0.12329 -0.984889 0.749491 1.10473 
0.865267 0.295014 0.683184 0.61281 -1.70567 -0.431659 
0.658416 0.375945 0.157901 0.476641 -1.24832 -0.53076 
0.87314 0.0272846 0.676599 0.728449 -1.35219 -0.608587 
0.663302 0.30032 0.124636 0.629781 -1.02406 -0.647631 
0.879871 -0.162757 0.591954 0.985062 -1.03934 -0.896025 
0.667601 0.240244 0.0685061 0.892635 -0.808615 -0.87062 
0.874245 -0.272822 0.44692 1.37669 -0.739294 -1.31079 
0.879884 -0.278494 0.226364 1.91354 -0.867573 -1.83141 
1.26536 -0.447978 -0.0995432 -1.00889 1.49645 0.934486 
0.873138 -0.23035 -0.0361614 -0.852479 1.04142 0.941361 
0.663163 0.186751 -0.243003 -0.833183 0.747031 0.964668 
0.72951 0.435102 0.492842 0.435227 -1.72699 -0.397026 
0.612487 0.477326 0.0300551 0.360995 -1.30518 -0.477488 
0.93478 0.152149 0.860704 0.69526 -1.69385 -0.433203 
0.738687 0.201404 0.496803 0.548668 -1.36356 -0.511304 
0.618161 0.401959 0.00355175 0.506578 -1.05928 -0.572482 
0.94632 -0.281067 0.807069 0.928657 -1.1728 -0.81659 
0.745527 0.0220881 0.425676 0.804639 -0.98701 -0.753784 
0.623883 0.339699 -0.0476599 0.786051 -0.797064 -0.794312 
0.73812 -0.091659 0.292177 1.2513 -0.574324 -1.19542 
0.617109 0.289057 -0.118576 1.20854 -0.452202 -1.17204 
1.29314 -0.657219 0.25327 -1.16489 1.38203 1.08732 
1.27692 -0.356666 -0.420735 -0.92555 1.68844 0.751325 
0.934772 -0.288247 -0.218297 -0.718973 1.30514 0.76082 
0.737574 -0.0533731 -0.203046 -0.652113 0.996352 0.778203 
0.618113 0.298096 -0.385613 -0.637394 0.790705 0.78744 
0.621793 0.58979 0.262816 0.256415 -1.77789 -0.372135 
0.569336 0.588502 -0.117623 0.222733 -1.3972 -0.42192 
0.705773 0.368668 0.590006 0.414559 -1.71499 -0.363685 
0.629772 0.384673 0.277438 0.359077 -1.42066 -0.426455 
0.575381 0.513416 -0.134842 0.34796 -1.13817 -0.482459 
0.83698 -0.17949 0.862785 0.704442 -1.27822 -0.595139 
0.718716 0.012778 0.563067 0.632108 -1.13427 -0.587089 
0.639185 0.215755 0.224173 0.605272 -0.983558 -0.611505 
0.58321 0.44622 -0.176374 0.629799 -0.814469 -0.682128 
0.825975 -0.497317 0.604123 -1.74294 0.559219 1.77311 
0.629315 0.0998685 0.100014 1.07761 -0.403826 -1.04181 
0.574341 0.390253 -0.246783 1.13346 -0.329916 -1.11186 
0.836993 -0.413369 0.102632 -0.823056 1.00666 0.877363 
0.718266 -0.177055 0.0250086 -0.824932 0.814284 0.924907 
0.639098 0.0952061 -0.137873 -0.848496 0.682877 0.967246 
0.583196 0.396169 -0.396556 -0.840022 0.612994 0.958122 
0.820157 -0.122537 -0.615086 -0.490742 1.54923 0.528478 
0.706043 -0.0311158 -0.454438 -0.42971 1.28145 0.557388 
0.629428 0.158781 -0.43898 -0.408203 1.0654 0.576734 
0.575374 0.426528 -0.564507 -0.401807 0.913858 0.585522 
0.134547 0.156199 0.577394 -0.549478 -1.68682 0.157143 
0.361957 0.2842 -0.0343037 -0.446236 -1.16718 0.209144 
-0.249119 -0.00716965 0.882306 -0.88488 -1.84942 0.329747 
0.128552 -0.0321973 0.518358 -0.638995 -1.36826 0.380725 
0.358522 0.245864 -0.101517 -0.571935 -0.963742 0.394815 
-0.766461 -0.229028 0.910363 -1.28472 -1.96152 0.740388 
-0.260801 -0.369999 0.778479 -1.00561 -1.457 0.804605 
0.121427 -0.150544 0.394466 -0.854287 -1.06932 0.715506 
0.354267 0.221744 -0.190659 -0.824681 -0.755846 0.719758 
0.34991 0.21889 -0.31016 1.84626 0.625752 -1.86641 
0.111969 -0.166867 -0.043169 1.39604 0.886607 -1.29839 
0.347986 0.243558 -0.466259 -1.86369 -0.665127 1.93679 
-0.775574 -0.213553 -0.48183 1.49634 1.85192 -0.782538 
-0.269863 -0.26191 -0.320104 1.1885 1.4322 -0.798341 
0.11479 -0.0730715 -0.365686 0.988633 1.06997 -0.766819 
0.349953 0.300328 -0.666599 0.843998 0.854273 -0.676251 
0.318389 0.208987 0.522235 -0.298516 -1.64812 -0.0345882 
0.434848 0.332328 -0.0884703 -0.247581 -1.15134 -0.00299669 
0.112031 -0.0360657 0.920511 -0.479881 -1.70553 0.0978513 
0.315311 0.0221493 0.471578 -0.348821 -1.28584 0.110016 
0.433348 0.292068 -0.150951 -0.31526 -0.916165 0.119338 
0.103908 -0.427181 0.822959 -0.627198 -1.11323 0.463013 
0.311255 -0.102699 0.357959 -0.501877 -0.889653 0.35501 
0.430918 0.264661 -0.235555 -0.487727 -0.634505 0.359037 
0.0936149 -0.546938 0.563004 -1.14284 -0.740686 1.12252 
0.304949 -0.154239 0.176421 -0.99543 -0.557367 0.943985 
0.426738 0.258173 -0.353002 -1.07727 -0.393199 1.03049 
0.0866207 -0.485993 0.192712 -1.87939 -0.78205 1.99298 
0.423118 0.284343 -0.515689 1.07351 0.458594 -1.02646 
-0.297982 -0.444661 -0.335698 1.03205 1.43786 -0.572789 
0.0936122 -0.305567 -0.292715 0.764839 1.09007 -0.523005 
0.304963 -0.0329486 -0.408198 0.631968 0.851965 -0.474886 
0.426732 0.348313 -0.731714 0.522527 0.742718 -0.388308 
0.4868 0.301223 0.413436 -0.0314957 -1.66825 -0.243201 
0.505476 0.394792 -0.163144 -0.0219431 -1.18498 -0.247272 
0.458566 0.0800703 0.812847 -0.0307636 -1.70951 -0.193131 
0.488568 0.125222 0.370004 -0.0102587 -1.31145 -0.208111 
0.507115 0.355539 -0.223363 0.00355228 -0.94834 -0.226422 
0.463065 -0.29003 0.737179 0.0116753 -1.06609 -0.159345 
0.492214 -2.70572e-05 0.268513 0.0438194 -0.888096 -0.198354 
0.510234 0.325977 -0.302335 0.0806103 -0.644851 -0.245379 
0.407821 -0.904373 0.840895 -0.116098 -0.277898 0.0460516 
0.464133 -0.437621 0.501667 0.0558559 -0.404465 -0.135964 
0.493525 -0.0613777 0.0984976 0.134488 -0.380383 -0.219499 
0.511485 0.31405 -0.414268 0.271163 -0.249132 -0.363522 
0.3822 -0.751878 0.328428 0.46775 0.467237 -0.423799 
0.447016 -0.40014 0.137082 0.494714 0.29654 -0.476296 
0.480649 -0.0442111 -0.155385 0.490076 0.225318 -0.479516 
0.501207 0.339762 -0.584967 0.337423 0.258997 -0.32697 
0.407757 -0.432795 -0.351879 0.0346122 1.12486 0.0508663 
0.464154 -0.217882 -0.367264 -0.0274768 0.925196 0.101136 
0.493565 0.0624662 -0.512166 -0.0688788 0.790985 0.142343 
0.511499 0.42296 -0.838147 -0.096918 0.758103 0.170897 
0.631394 0.422831 0.252102 0.216156 -1.72571 -0.444775 
0.572291 0.47332 -0.264247 0.193532 -1.25869 -0.486468 
0.721203 0.275225 0.582414 0.337372 -1.79769 -0.436962 
0.636327 0.264534 0.212102 0.282009 -1.41454 -0.488839 
0.576034 0.436931 -0.324961 0.280439 -1.04813 -0.536728 
0.86166 -0.128738 0.855202 0.538545 -1.55372 -0.566292 
0.731692 -0.030036 0.520367 0.466838 -1.29541 -0.586828 
0.643968 0.150496 0.114484 0.444908 -1.05733 -0.614251 
0.582119 0.411082 -0.406236 0.482697 -0.797169 -0.690618 
0.878382 -0.45671 0.619617 0.945374 -0.952576 -1.05894 
0.743734 -0.181763 0.312418 0.880207 -0.827537 -0.986917 
0.653514 0.0927301 -0.0527964 0.88607 -0.700504 -1.00566 
0.589801 0.40449 -0.525344 1.01863 -0.554971 -1.16571 
0.734805 -0.184109 -0.0283652 1.94745 -0.530466 -2.00074 
0.582022 0.425456 -0.696852 -0.917669 0.42942 0.871217 
0.878371 -0.157298 -0.547718 -0.750784 1.31749 0.611942 
0.743734 0.00712693 -0.575597 -0.673203 1.14389 0.61965 
0.653514 0.235443 -0.713624 -0.623944 1.0248 0.61086 
0.589801 0.550036 -1.02251 -0.567115 0.98829 0.559148 
1.02931 -0.0950846 0.820355 0.701187 -1.60873 -0.677728 
0.70387 0.140143 0.122413 0.550993 -1.06738 -0.712914 
1.03767 -0.30564 0.738201 0.829155 -1.31482 -0.895181 
0.707901 0.104346 0.0471717 0.716424 -0.894349 -0.859018 
1.04448 -0.411626 0.586653 -2.07836 1.10261 1.96711 
0.712223 0.0850751 -0.0476661 0.986303 -0.748847 -1.10638 
0.715832 0.0848988 -0.165491 -1.76618 0.675631 1.66986 
0.711168 0.0983552 -0.301064 1.8644 -0.617375 -1.92588 
1.67827 -0.42478 -0.20285 -1.45907 1.73137 0.962169 
1.05029 -0.289521 -0.177481 -1.12344 1.17401 0.963055 
0.715786 0.150499 -0.482842 -0.966974 0.841521 0.917051 
0.858067 0.0699042 0.669035 0.52012 -1.61903 -0.567202 
0.653831 0.243897 0.0109268 0.432589 -1.10711 -0.627942 
0.865292 -0.127445 0.602301 0.634163 -1.29406 -0.724197 
0.658244 0.206773 -0.0593829 0.582547 -0.91256 -0.75135 
0.873139 -0.243156 0.469245 0.870984 -1.01509 -0.97719 
0.663168 0.185423 -0.151517 0.850968 -0.73195 -0.98892 
1.88354 -0.776969 0.776413 -1.80291 1.82522 1.50502 
0.879868 -0.280245 0.275964 1.27404 -0.849866 -1.38066 
1.88366 -0.376854 -0.366968 -1.57779 1.91375 0.861659 
1.27528 -0.392121 -0.228682 -1.18358 1.43006 0.888702 
0.879873 -0.153896 -0.291659 -0.977163 1.04845 0.880308 
0.667611 0.260128 -0.615827 -0.858306 0.83826 0.820568 
0.723192 0.24424 0.478535 0.35211 -1.66189 -0.486609 
0.608057 0.354835 -0.116916 0.306675 -1.17015 -0.545799 
0.922698 0.0277926 0.857073 0.566399 -1.7467 -0.524258 
0.729941 0.0659211 0.427139 0.443383 -1.33238 -0.581651 
0.612413 0.317229 -0.182133 0.428808 -0.960703 -0.634835 
0.934814 -0.336301 0.76225 0.735613 -1.24526 -0.817072 
0.737574 -0.0524432 0.311742 0.650999 -0.998649 -0.776137 
0.618113 0.293413 -0.269754 0.678057 -0.740159 -0.843799 
0.94632 -0.462924 0.512768 -1.97185 0.930366 1.8495 
0.73812 -0.0912419 -0.110925 1.89273 -0.574853 -1.94906 
0.617109 0.30673 -0.543383 -1.08835 0.479384 1.03757 
1.29314 -0.379392 -0.374441 -1.12733 1.52746 0.766617 
0.946321 -0.241348 -0.342322 -0.910311 1.20777 0.767202 
0.745529 0.0192559 -0.461859 -0.806882 0.983277 0.758036 
0.623883 0.387734 -0.785013 -0.720779 0.873856 0.697162 
0.617703 0.426655 0.249211 0.192132 -1.72798 -0.429218 
0.565723 0.476129 -0.26761 0.172172 -1.25975 -0.467371 
0.695839 0.27782 0.579968 0.302367 -1.79626 -0.418462 
0.62186 0.268056 0.208428 0.254062 -1.41369 -0.46665 
0.569309 0.439634 -0.327918 0.253827 -1.04793 -0.511638 
0.820155 -0.131362 0.858596 0.49089 -1.54009 -0.533397 
0.706007 -0.0276825 0.518907 0.428444 -1.28713 -0.554373 
0.629424 0.153722 0.111713 0.41135 -1.05199 -0.583236 
0.575369 0.41343 -0.408491 0.449556 -0.792788 -0.658057 
0.83698 -0.461847 0.62368 0.903087 -0.910266 -1.01597 
0.718269 -0.180774 0.312346 0.839259 -0.800526 -0.945707 
0.639103 0.0950605 -0.0545429 0.84993 -0.681247 -0.969258 
0.583206 0.40607 -0.526646 0.986223 -0.53861 -1.1325 
0.629312 0.100648 -0.303543 -1.0708 0.405298 1.03446 
0.57434 0.426659 -0.698461 -0.853975 0.400644 0.812877 
0.836976 -0.160431 -0.546123 -0.699938 1.29583 0.579376 
0.718256 0.00862235 -0.577988 -0.632741 1.12929 0.589788 
0.639098 0.23875 -0.718463 -0.590516 1.01659 0.584494 
0.583195 0.553529 -1.02847 -0.539608 0.985966 0.537735 
0.139662 -0.00187948 0.510035 -0.48317 -1.5756 0.209019 
0.364786 0.254026 -0.292876 -0.442248 -0.989231 0.255014 
-0.239025 -0.127217 0.865017 -0.757102 -1.85874 0.378161 
0.134651 -0.121545 0.398281 -0.568839 -1.29751 0.398552 
0.361957 0.257732 -0.405352 -0.574681 -0.818528 0.439996 
-0.249169 -0.414005 0.719557 -0.844352 -1.4739 0.762363 
0.128581 -0.177476 0.23272 -0.747215 -1.03445 0.674738 
0.358525 0.278242 -0.544161 -0.830948 -0.645915 0.761655 
-0.260385 -0.482876 0.442816 2.04404 1.23122 -1.93735 
0.121397 -0.171741 0.00987916 -1.09664 -0.83795 1.12759 
-0.269837 -0.404224 0.0614515 1.69232 1.18364 4.86785 
0.11475 -0.100058 -0.285678 -1.60542 -0.822966 -4.52505 
0.349918 0.427584 -1.00213 1.17415 0.657054 -1.04451 
-0.778739 -0.233929 -0.433619 1.68807 1.71816 -0.894581 
-0.273656 -0.202149 -0.458431 1.3725 1.32201 -0.885793 
0.111969 0.0576929 -0.699716 1.1015 1.0268 -0.795624 
0.321129 0.0575037 0.455089 -0.265692 -1.53689 -0.0233691 
0.436211 0.306368 -0.351451 -0.248583 -0.969259 0.00975182 
0.118551 -0.155631 0.897085 -0.418278 -1.70963 0.101141 
0.318563 -0.0643531 0.351599 -0.316306 -1.22424 0.100007 
0.43479 0.308755 -0.461618 -0.327239 -0.770218 0.133208 
0.112049 -0.459706 0.755933 -0.516375 -1.1853 0.377945 
0.315312 -0.126134 0.194 -0.435362 -0.891072 0.29257 
0.433335 0.326372 -0.596628 -0.502562 -0.53624 0.364657 
-0.280252 -0.911655 0.86173 -1.002 -1.0874 1.11871 
0.103892 -0.535394 0.48129 -0.850456 -0.775187 0.835813 
0.311256 -0.129524 -0.0210084 -0.780778 -0.559759 0.720744 
0.430918 0.374119 -0.783555 -1.12678 -0.312685 1.06249 
0.304972 -0.064212 -0.314883 -1.72082 -0.466295 -4.51908 
-0.306637 -0.469599 -0.282532 1.25854 1.25351 -0.768331 
0.0868472 -0.249234 -0.422006 0.968736 0.951355 -0.701422 
0.300127 0.0982573 -0.743407 0.763898 0.806032 -0.585606 
0.486275 0.159319 0.348773 -0.0375112 -1.56025 -0.265546 
0.504948 0.373238 -0.431138 -0.0333586 -0.993994 -0.264057 
0.456607 -0.0268152 0.789058 -0.0493382 -1.7167 -0.222663 
0.486813 0.0405307 0.253728 -0.0326682 -1.24803 -0.230061 
0.505512 0.377286 -0.542639 -0.0285592 -0.7881 -0.235374 
0.458812 -0.321908 0.669773 -0.0324854 -1.16458 -0.17667 
0.488576 -0.0232032 0.104484 -0.0123998 -0.897502 -0.203139 
0.507108 0.396982 -0.6803 0.0058786 -0.532851 -0.229423 
0.40715 -0.88002 0.858213 -0.0629578 -0.598379 -0.0690039 
0.46283 -0.421231 0.417374 0.0172419 -0.61502 -0.167434 
0.4922 -0.0333284 -0.102157 0.072999 -0.484751 -0.235132 
0.510268 0.448054 -0.873567 0.24598 -0.199977 -0.422122 
0.407763 -0.765417 0.373246 0.539049 0.0607914 -0.604035 
0.464154 -0.370386 0.0498464 0.862226 -0.0290919 -0.946615 
0.511498 0.578099 -1.20919 -0.22644 0.297501 0.116272 
0.382286 -0.470304 -0.282169 0.293597 0.774269 -0.212881 
0.447018 -0.172362 -0.482724 0.225723 0.66753 -0.178431 
0.480649 0.196904 -0.856457 0.170946 0.66666 -0.134867 
0.628452 0.292979 0.19192 0.173352 -1.62512 -0.49357 
0.569975 0.458782 -0.541204 0.170768 -1.05633 -0.533979 
0.715521 0.186282 0.564053 0.2614 -1.81354 -0.489971 
0.631428 0.185347 0.0995629 0.219224 -1.34465 -0.528586 
0.572289 0.468435 -0.660287 0.242449 -0.866893 -0.585064 
0.84769 -0.0957663 0.846904 0.4051 -1.73035 -0.559554 
0.721435 -0.0678932 0.46277 0.336353 -1.36006 -0.589136 
0.636256 0.12512 -0.0450998 0.325285 -1.03547 -0.614073 
0.576037 0.49759 -0.812591 0.410295 -0.644821 -0.728457 
0.861665 -0.436356 0.634249 0.610714 -1.10672 -0.859715 
0.731333 -0.177496 0.235873 0.575607 -0.918866 -0.825129 
0.643929 0.117668 -0.252771 0.612879 -0.709629 -0.874242 
0.582113 0.566316 -1.03623 0.936728 -0.424868 -1.23137 
0.878406 -0.437355 0.204062 -1.88673 0.768568 1.61521 
0.869817 -0.213197 -0.449726 -0.864413 0.87724 0.642997 
0.734807 0.0393485 -0.680484 -0.727715 0.785067 0.562133 
0.64506 0.395806 -1.11488 -0.570648 0.805105 0.418517 
1.02238 -0.278511 0.74053 0.623855 -1.47414 -0.836163 
0.699987 0.104551 -0.132693 0.553967 -0.893631 -0.8418 
1.02949 -0.395307 0.602831 0.757601 -1.21869 -1.02478 
0.70372 0.108785 -0.246798 0.741555 -0.744944 -1.01723 
1.66319 -0.69394 0.866963 -2.0715 1.66419 1.6959 
1.68204 -0.368283 -0.340068 -1.56257 1.5612 0.862404 
1.04689 -0.171221 -0.483511 -1.13904 1.07169 0.804572 
0.711156 0.395075 -1.11388 -0.790792 0.893743 0.564542 
0.851993 -0.0973313 0.598099 0.45083 -1.49488 -0.677864 
0.650227 0.211799 -0.245588 0.419567 -0.927802 -0.724769 
0.858071 -0.219091 0.478494 0.560287 -1.20561 -0.815198 
0.653781 0.215384 -0.35874 0.5776 -0.756766 -0.866801 
1.25309 -0.627573 0.841996 0.879824 -1.35955 -1.18022 
0.865294 -0.26932 0.304417 0.772503 -0.955606 -1.03822 
0.658186 0.236856 -0.498299 0.874401 -0.602851 -1.14633 
1.87557 -0.783697 0.801071 1.13596 -1.78454 -1.66725 
1.26536 -0.655059 0.538386 -1.98656 1.17449 1.60612 
0.873136 -0.255461 0.0762735 1.14487 -0.794604 -1.41356 
0.663171 0.284494 -0.679003 -1.75068 0.536491 1.49395 
0.879884 -0.179665 -0.216759 1.63945 -0.803261 4.37003 
1.89071 -0.408034 -0.316084 -1.68261 1.69647 0.839732 
1.27314 -0.342192 -0.356733 -1.26941 1.23161 0.819758 
0.874261 -0.0377792 -0.603296 -0.974724 0.925619 0.725232 
0.662097 0.673372 -1.55137 -0.62833 0.97952 0.384766 
0.718963 0.0967693 0.414488 0.294148 -1.55325 -0.559988 
0.604926 0.329441 -0.380027 0.283715 -0.983111 -0.61358 
0.912858 -0.0875845 0.837983 0.464095 -1.74295 -0.605586 
0.723373 -0.021701 0.310735 0.369977 -1.25512 -0.640114 
0.608052 0.334036 -0.493463 0.399425 -0.796279 -0.709941 
0.922715 -0.378443 0.702221 0.585885 -1.27237 -0.827239 
0.729519 -0.0812533 0.152863 0.533975 -0.958491 -0.796822 
0.612399 0.356959 -0.636323 0.646402 -0.601347 -0.935242 
1.27723 -0.794105 0.814868 -2.14663 1.24128 1.77234 
0.934781 -0.458336 0.434118 0.910808 -0.935213 -1.18823 
0.737589 -0.0814028 -0.0642292 0.904222 -0.705514 -1.1538 
0.623883 0.538588 -1.156 -1.12636 0.595101 0.865131 
1.29111 -0.421209 -0.308557 -1.23982 1.22233 0.78225 
0.939436 -0.200347 -0.45991 -0.982683 0.950125 0.717184 
0.738125 0.141316 -0.791546 -0.781867 0.819882 0.595145 
0.614471 0.296614 0.187645 0.152545 -1.62511 -0.475425 
0.563581 0.461893 -0.545065 0.150562 -1.05661 -0.511576 
0.690309 0.189242 0.561047 0.231255 -1.81192 -0.468706 
0.617221 0.189086 0.0957302 0.194477 -1.34386 -0.503889 
0.565722 0.471586 -0.664109 0.215781 -0.865944 -0.555269 
0.806477 -0.0975279 0.849382 0.361876 -1.72118 -0.527374 
0.695977 -0.0651597 0.460756 0.301871 -1.35431 -0.555118 
0.621811 0.128646 -0.0483286 0.29342 -1.0318 -0.579844 
0.569311 0.500686 -0.816245 0.372704 -0.640145 -0.686639 
0.820157 -0.440057 0.63754 0.563853 -1.07931 -0.806991 
0.705776 -0.175632 0.235114 0.532706 -0.902482 -0.777102 
0.629399 0.120613 -0.255144 0.571273 -0.697224 -0.828041 
0.575365 0.56913 -1.03944 0.892774 -0.408762 -1.18198 
0.83698 -0.441892 0.207784 -1.90384 0.715685 1.64587 
0.825975 -0.217689 -0.446199 -0.782911 0.83464 0.589003 
0.707586 0.0396462 -0.680799 -0.65611 0.755469 0.510786 
0.629312 0.398813 -1.11912 -0.509803 0.788115 0.375535 
0.143933 -0.101925 0.393689 -0.435798 -1.44141 0.250524 
0.367236 0.347345 -0.710816 -0.491416 -0.755615 0.348045 
-0.230639 -0.231384 0.832383 -0.651857 -1.82288 0.426137 
0.139671 -0.158432 0.235158 -0.522663 -1.19615 0.419292 
0.364784 0.418623 -0.921245 -0.693977 -0.593207 0.604419 
-0.239029 -0.443612 0.647457 -0.724267 -1.46034 0.737541 
0.134631 -0.159173 0.0278902 -0.683013 -0.963992 0.661675 
0.361958 0.571295 -1.27444 -1.18691 -0.442282 1.17388 
-0.249117 -0.468986 0.350886 -0.923089 -1.2025 1.09805 
0.128576 -0.104931 -0.238472 -0.990799 -0.772972 1.06212 
-0.269876 -0.131413 -0.614973 1.52161 1.16878 -0.977832 
0.114777 0.361275 -1.32848 1.07688 0.983044 -0.663593 
0.323573 -0.0406757 0.34073 -0.240301 -1.40338 -0.0141487 
0.437565 0.41055 -0.789026 -0.281734 -0.718262 0.0562523 
0.124033 -0.258599 0.859543 -0.365696 -1.6727 0.10831 
0.321175 -0.100431 0.18834 -0.294385 -1.12825 0.096574 
0.436159 0.490887 -1.01641 -0.42608 -0.513223 0.243672 
0.118554 -0.480551 0.67708 -0.44403 -1.21242 0.327947 
0.318493 -0.107001 -0.0126365 -0.402522 -0.84252 0.265388 
-0.264608 -0.898899 0.874123 -0.780003 -1.15805 0.910943 
0.112052 -0.510374 0.383248 -0.667693 -0.831384 0.656025 
0.315309 -0.0591909 -0.274228 -0.682481 -0.546785 0.614942 
0.10391 -0.41265 -0.00955064 1.89058 0.587538 -1.79631 
-0.297988 -0.496935 -0.229493 -1.68742 -1.02872 2.14876 
0.0935209 -0.182555 -0.567317 1.10486 0.758175 -0.859491 
0.304973 0.466208 -1.4875 0.646576 0.829755 -0.445578 
0.486234 0.0632156 0.239775 -0.0370867 -1.42844 -0.283661 
0.504984 0.495579 -0.901656 -0.0443386 -0.719211 -0.272218 
0.456222 -0.121298 0.753249 -0.0527404 -1.68513 -0.245826 
0.486248 0.0040596 0.0925692 -0.0407002 -1.1491 -0.249351 
0.505054 0.599769 -1.17165 -0.0607328 -0.480492 -0.228446 
0.456723 -0.345707 0.592182 -0.0517716 -1.20147 -0.197094 
0.486787 -0.00539685 -0.103986 -0.0414637 -0.84467 -0.2127 
0.402151 -0.852541 0.863337 -0.0933784 -0.831731 -0.084669 
0.45855 -0.397458 0.317091 -0.0449419 -0.736726 -0.155637 
0.488596 0.038109 -0.362703 -0.0194639 -0.491607 -0.193872 
0.407101 -0.76097 0.400858 -0.141296 -0.26096 0.015844 
0.462992 -0.322483 -0.0623191 0.0465014 -0.234103 -0.198822 
0.492198 0.160058 -0.736167 0.661546 -0.0544092 -0.83118 
0.40863 -0.499628 -0.217556 0.0845042 0.37837 -0.145005 
0.464151 -0.105838 -0.622732 -0.0582161 0.389111 -0.0306892 
0.626303 0.205229 0.0848692 0.14612 -1.49535 -0.531901 
0.568438 0.612847 -1.0695 0.183534 -0.748897 -0.601394 
0.711005 0.105022 0.533508 0.211643 -1.78897 -0.53326 
0.628359 0.149087 -0.0582002 0.183269 -1.23717 -0.563609 
0.838372 -0.0731128 0.838002 0.324933 -1.85376 -0.573724 
0.714823 -0.0986757 0.393897 0.259342 -1.37352 -0.605635 
0.631413 0.141992 -0.255602 0.262206 -0.957216 -0.631964 
0.847695 -0.417051 0.637062 0.423644 -1.24232 -0.772049 
0.721305 -0.16546 0.140847 0.402979 -0.967385 -0.753147 
0.636273 0.191886 -0.526399 0.470922 -0.651204 -0.828376 
0.861666 -0.434595 0.230369 0.799117 -0.797311 -1.17883 
0.731342 -0.106538 -0.233682 0.851973 -0.612804 -1.20179 
0.64394 0.342272 -0.954996 1.24958 -0.406038 -1.60747 
0.743735 0.12631 -0.8511 1.91459 -0.647044 -2.29333 
1.01616 -0.378304 0.607479 0.570207 -1.33473 -0.955796 
0.696772 0.1827 -0.519099 0.618187 -0.689004 -1.00925 
1.02243 -0.419446 0.427007 0.704886 -1.11373 -1.12586 
0.69999 0.238891 -0.701509 0.882354 -0.559765 -1.27218 
1.65266 -0.716585 0.789036 -2.20907 1.60231 1.60574 
1.0295 -0.398551 0.20237 0.919482 -0.945884 -1.36408 
1.66321 -0.678308 0.456519 -2.0709 1.47315 -4.93339 
1.67922 -0.283771 -0.504785 -1.74787 1.48732 0.77965 
1.05032 0.0499524 -0.942526 -1.2315 1.08042 -5.64109 
0.84701 -0.198349 0.476249 0.403394 -1.35763 -0.763869 
0.64738 0.299364 -0.651716 0.46069 -0.701307 -0.854269 
0.851993 -0.252785 0.311507 0.508838 -1.10122 -0.88841 
0.650194 0.364575 -0.85181 0.690422 -0.537266 -1.08067 
1.24113 -0.649345 0.763902 0.755961 -1.32452 -1.21942 
0.858072 -0.248072 0.098709 0.704409 -0.873446 -1.09439 
0.653783 0.489687 -1.15532 1.22282 -0.409139 -1.61842 
1.86187 -0.793081 0.820668 0.967058 -1.74182 -1.6866 
0.865293 -0.187918 -0.169983 1.06019 -0.711932 -1.4597 
1.26536 -0.503212 0.0356871 -1.82272 1.05805 1.23698 
0.873138 -0.0613654 -0.525836 1.58206 -0.707446 4.2801 
1.27525 -0.25989 -0.515353 -1.49112 1.16735 0.812931 
0.879863 0.216645 -1.13037 -1.07773 0.953614 0.578828 
0.715263 4.75417e-05 0.301454 0.255352 -1.42039 -0.617747 
0.602656 0.437504 -0.824826 0.305627 -0.726965 -0.706887 
0.905382 -0.187507 0.803921 0.38746 -1.70489 -0.673348 
0.718648 -0.0596124 0.150435 0.322921 -1.15175 -0.689537 
0.604955 0.523678 -1.06265 0.480603 -0.52633 -0.876557 
0.912875 -0.406772 0.628965 0.479909 -1.27026 -0.844008 
0.723192 -0.0654132 -0.0515818 0.46081 -0.882551 -0.825491 
1.25897 -0.786968 0.828388 0.785377 -1.26583 -1.28189 
0.922713 -0.442821 0.340444 0.719129 -0.931121 -1.11612 
0.729519 -0.0154245 -0.316575 0.778755 -0.634744 -1.14067 
0.946361 -0.120345 -0.617136 -1.30304 0.871785 0.829574 
0.612551 0.209059 0.0806411 0.128074 -1.49519 -0.511459 
0.562192 0.617765 -1.07666 0.161401 -0.746895 -0.573255 
0.686206 0.108079 0.530422 0.185951 -1.78718 -0.509733 
0.614404 0.152943 -0.0621743 0.161303 -1.23631 -0.537074 
0.797695 -0.074414 0.839858 0.286835 -1.84683 -0.54236 
0.689759 -0.0956801 0.391552 0.229576 -1.36926 -0.571116 
0.61721 0.14573 -0.259297 0.232888 -0.954227 -0.595887 
0.80672 -0.419972 0.639786 0.381361 -1.22313 -0.719635 
0.695894 -0.163059 0.139367 0.363229 -0.956923 -0.703682 
0.621821 0.195407 -0.529838 0.427511 -0.642015 -0.775831 
0.820157 -0.438084 0.233526 0.754671 -0.75848 -1.11593 
0.705776 -0.105178 -0.234039 0.806019 -0.585302 -1.14206 
0.718257 0.126288 -0.850029 1.94685 -0.612364 -2.30648 
1.27607 -0.854929 -0.582646 -0.718279 1.32164 0.0449195 
0.315542 -0.350957 -0.673911 0.331114 0.8993 -0.215579 
2.14864 -0.720605 -0.436078 -1.78061 1.49755 0.377608 
0.671853 -0.266185 -0.720235 -0.338687 0.859183 0.154612 
-1.39184 -0.865671 -0.789534 1.58122 1.41149 0.06951 
0.911739 -0.112073 -0.83258 -0.895202 0.96857 0.465373 
2.30066 -0.125723 -0.563403 -2.17844 1.96685 6.97851 
1.67699 -0.220828 -0.607508 -1.73312 1.50048 0.739587 
1.0578 0.117224 -1.06219 -1.20612 1.12526 0.584998 
0.211422 -0.169622 -0.784669 0.615082 0.86938 -0.40364 
-2.47371 -0.745898 -0.249015 2.96143 1.96229 -0.144207 
0.409124 -0.647622 -0.420353 0.113325 0.89424 -0.100562 
0.495445 -0.101137 -0.8384 0.00424498 0.763247 -0.0473167 
2.24429 -0.686896 -0.251468 -2.02502 1.65773 -5.73465 
1.08651 -0.478323 -0.454631 -1.05202 0.995896 0.530673 
0.726694 0.0457261 -0.977869 -0.654033 0.834576 0.35437 
0.888605 0.323352 -1.32445 -1.02969 1.02916 0.486764 
-1.21411 -0.43979 -0.339286 2.02627 1.74493 -0.788475 
-0.38579 -0.375858 -0.50307 1.39717 1.18648 -0.774303 
0.151408 0.0691585 -1.0034 0.859916 0.910595 -0.556387 
0.165669 -0.422403 -0.475973 0.655015 0.783569 -0.464705 
0.380846 0.130905 -1.06997 0.345421 0.756491 -0.272344 
0.931404 -0.705496 -0.2406 -0.825448 0.854002 0.418987 
0.670831 -0.309778 -0.534266 -0.557321 0.671704 0.330797 
0.590992 0.301254 -1.28502 -0.373236 0.775003 0.17009 
1.30534 -0.362 -0.374161 -1.54944 1.1655 0.864668 
0.960104 -0.0558385 -0.732375 -1.25633 0.928177 0.758032 
-0.289345 -0.424732 -0.339705 1.4132 1.06343 -0.926254 
0.0890104 -0.116421 -0.679702 1.0594 0.819911 -0.781303 
0.388924 -0.429017 -0.328066 0.159762 0.457263 -0.193634 
0.452719 -0.0415848 -0.738317 0.0204305 0.475846 -0.0873149 
0.858408 -0.165792 -0.504479 -1.35083 0.740819 0.936878 
0.733295 0.205665 -1.0016 -1.09512 0.695902 0.709232 
0.147613 -0.145622 0.232861 -0.404392 -1.29806 0.282811 
-0.223616 -0.315256 0.785087 -0.567666 -1.76107 0.464434 
0.143934 -0.147018 0.0299642 -0.495997 -1.07496 0.442476 
-0.230639 -0.459803 0.564336 -0.635992 -1.42288 0.722619 
0.139648 -0.0965271 -0.226105 -0.658559 -0.861453 0.677961 
-0.742264 -0.514487 0.692002 -0.801333 -1.78687 1.11149 
-0.239119 -0.444954 0.245723 -0.798348 -1.16652 1.02402 
0.134654 0.0157205 -0.563781 -0.973969 -0.677714 1.08124 
-0.249174 -0.316746 -0.174454 2.0563 0.99984 -1.69047 
0.325716 -0.0842398 0.181008 -0.222987 -1.26033 -0.00757497 
0.128715 -0.340446 0.80815 -0.321805 -1.61436 0.113131 
0.323582 -0.0896503 -0.0174205 -0.2809 -1.00958 0.0972956 
0.124384 -0.490221 0.59003 -0.390233 -1.20539 0.293209 
0.321154 -0.0437441 -0.270158 -0.394689 -0.74906 0.263629 
-0.250897 -0.886071 0.88005 -0.634875 -1.22949 0.774778 
0.118554 -0.478068 0.272802 -0.560363 -0.858561 0.551764 
0.318397 0.066382 -0.609496 -0.694196 -0.476029 0.626137 
-0.264828 -0.777714 0.416566 -0.928953 -0.935394 1.20446 
0.111962 -0.354623 -0.140358 -0.989402 -0.578192 1.07324 
0.315311 0.334204 -1.21256 -1.85977 -0.349168 1.88536 
-0.281074 -0.51545 -0.187133 -1.44077 -0.851947 1.86619 
0.103881 -0.0894945 -0.753228 1.24015 0.590333 -1.02585 
0.486331 0.0202383 0.0824027 -0.0358739 -1.28435 -0.298102 
0.456463 -0.199204 0.70505 -0.0502044 -1.63231 -0.264839 
0.486211 0.0132139 -0.113184 -0.0430248 -1.02582 -0.266399 
0.456225 -0.359714 0.506085 -0.0556649 -1.20018 -0.219724 
0.486264 0.0576233 -0.367027 -0.0542849 -0.74345 -0.226197 
0.400329 -0.829458 0.863264 -0.0969341 -0.993749 -0.116325 
0.456616 -0.368168 0.205228 -0.0679006 -0.792769 -0.16791 
0.486786 0.173619 -0.721736 -0.0792948 -0.406654 -0.167284 
0.402052 -0.750058 0.413336 -0.149012 -0.485943 -0.0153536 
0.458558 -0.261665 -0.200095 -0.0874939 -0.356131 -0.10684 
0.407117 -0.506284 -0.180363 -2.64667 -0.0761713 2.52687 
0.462863 -0.00259919 -0.822568 -0.0481662 0.206465 -0.106196 
0.624776 0.163374 -0.0691615 0.129071 -1.34836 -0.562749 
0.707895 0.0348878 0.491971 0.176918 -1.74085 -0.567929 
0.626281 0.158996 -0.266576 0.163435 -1.10228 -0.595106 
0.832185 -0.0573724 0.830274 0.273462 -1.94171 -0.592973 
0.71056 -0.119989 0.315192 0.211831 -1.35532 -0.625328 
0.62837 0.210328 -0.533774 0.235194 -0.831469 -0.663049 
0.838822 -0.401665 0.635502 0.319272 -1.34798 -0.740219 
0.714755 -0.145501 0.031555 0.307735 -0.979929 -0.728779 
0.631471 0.350466 -0.936126 0.447221 -0.511474 -0.874585 
0.847695 -0.426572 0.240662 0.529105 -0.88004 -0.984169 
0.721205 -0.0511589 -0.376713 0.596772 -0.611113 -1.02346 
1.01069 -0.408664 0.431887 0.535333 -1.19828 -1.04814 
0.694055 0.518865 -1.31504 1.05605 -0.392575 -1.5555 
1.01617 -0.392383 0.214377 0.672998 -1.00157 -1.21265 
1.67258 -0.192943 -0.692871 1.31033 -1.32212 -2.44219 
0.842927 -0.238541 0.310395 0.373155 -1.21741 -0.832243 
1.22161 -0.536859 0.925078 0.549545 -1.618 -1.02899 
0.84701 -0.236633 0.104047 0.478362 -0.985169 -0.952923 
1.23061 -0.654642 0.674824 0.660151 -1.28035 -1.25062 
0.851994 -0.182818 -0.152793 0.672879 -0.771355 -1.16028 
1.84937 -0.796722 0.83394 0.829735 -1.71134 -1.69606 
1.25309 -0.450515 -0.0909126 -1.96075 0.952145 1.25538 
0.712525 -0.044205 0.143584 0.230748 -1.27731 -0.664282 
0.89969 -0.268232 0.755653 0.330674 -1.64743 -0.727143 
0.715178 -0.0500741 -0.0543224 0.295839 -1.02912 -0.734351 
0.905394 -0.421738 0.544663 0.405844 -1.24834 -0.863206 
0.718534 -0.00328385 -0.30983 0.426849 -0.774892 -0.868292 
1.24357 -0.779678 0.835993 0.633999 -1.30448 -1.2245 
0.912882 -0.417443 0.233438 0.587412 -0.918535 -1.07492 
0.723193 0.110316 -0.656988 0.755936 -0.524385 -1.20448 
0.92273 -0.297578 -0.181077 0.996328 -0.680071 -1.51079 
0.611198 0.167312 -0.0734198 0.112901 -1.34802 -0.540455 
0.683439 0.0380524 0.488858 0.154905 -1.73907 -0.542585 
0.612536 0.162971 -0.270803 0.1433 -1.1012 -0.566913 
0.792032 -0.0584096 0.831731 0.239986 -1.93603 -0.562061 
0.685873 -0.11686 0.312664 0.186225 -1.35194 -0.590681 
0.614412 0.214406 -0.538227 0.20735 -0.828432 -0.624969 
0.797937 -0.403378 0.637098 0.283528 -1.33525 -0.690454 
0.689717 -0.14283 0.0296288 0.273246 -0.972511 -0.680841 
0.617251 0.355441 -0.942351 0.401492 -0.502012 -0.815747 
0.806479 -0.42913 0.243031 0.48284 -0.853954 -0.915721 
0.69584 -0.0492189 -0.377849 0.54668 -0.592331 -0.955623 
-1.86262 -0.562492 -0.615406 2.44995 1.56196 -0.345633 
-1.0297 -0.707765 -0.731177 1.45102 1.2347 -6.48205 
2.72136 -0.412127 -0.333961 -2.5232 1.92901 -5.84819 
-1.40097 -0.695093 -1.05835 1.52869 1.24335 6.4446 
2.2978 -0.146833 -0.522324 -2.27312 1.83183 6.96114 
1.67098 -0.117846 -0.81749 -1.81168 1.33001 0.647761 
-1.89216 -0.478303 -0.296219 2.54496 1.89083 -6.84227 
-0.705244 -0.495773 -0.608956 1.5387 1.16275 -0.615797 
-2.4857 -0.77215 -0.212358 2.9543 1.77893 6.08538 
0.425991 -0.540703 -0.599769 0.0446587 0.772468 -0.107181 
2.22505 -0.709477 -0.213173 -2.13034 1.49301 6.82263 
1.07878 -0.377186 -0.637522 -1.13469 0.864716 0.496916 
-0.374324 -0.279826 -0.689234 1.46444 1.01691 -0.818564 
0.177937 -0.324633 -0.656486 0.657786 0.623832 -0.514287 
0.918432 -0.724676 -0.196965 -1.02952 0.630181 0.546092 
0.667839 -0.209428 -0.721973 -0.664209 0.523523 0.350204 
-0.25677 0.0477652 -0.958921 -1.55546 -1.02066 2.16957 
0.0993896 -0.0107521 -0.889085 1.1573 0.64122 -0.911762 
0.391186 -0.441059 -0.282902 0.410424 0.137128 5.77041 
0.453377 0.0780427 -0.967134 0.0118579 0.292007 -0.152186 
0.720985 0.428016 -1.4248 2.03607 -0.50757 3.75757 
-0.775511 1.06128 0.587588 -1.86212 -1.54835 -0.0747934 
-0.166106 1.06053 0.581189 -1.25426 -1.59292 -0.0673766 
0.280309 1.08438 0.290708 -0.816754 -1.43591 0.142229 
0.524802 1.2765 -0.278401 -0.643534 -1.09439 0.331001 
-0.772838 0.332082 0.877402 -1.91127 -1.46117 6.7649 
-0.162942 0.520196 0.822048 -1.30042 -1.28183 0.358778 
0.28247 0.791688 0.440421 -0.886487 -1.12256 0.400201 
0.526361 1.14512 -0.194178 -0.752729 -0.849022 0.552306 
-0.154844 -0.040617 0.89927 -1.61334 -1.02871 1.05528 
0.287525 0.508347 0.522098 -1.0819 -0.812695 0.777704 
0.52968 1.02524 -0.136129 -0.934188 -0.620003 0.845584 
-0.755271 -0.519762 0.55686 0.95319 1.75664 -1.3854 
-0.145069 -0.389516 0.781656 1.08528 1.06605 -1.36425 
0.532474 0.920938 -0.104266 -1.26321 -0.457698 1.26877 
-0.744984 -0.436355 0.0857789 0.912002 1.98283 -1.01245 
-0.136091 -0.488432 0.526421 0.819147 1.2772 -0.908929 
0.297992 0.080043 0.47627 1.07599 0.635455 -1.11208 
-0.128507 -0.439321 0.184371 0.689635 1.52377 -0.621669 
0.30205 -0.0357039 0.364058 0.724993 0.803839 -0.665449 
0.188882 1.06127 0.587357 -0.79274 -1.62549 -0.0553862 
0.447131 1.10307 0.213179 -0.547449 -1.35218 0.131453 
0.585287 1.31168 -0.361418 -0.473065 -1.00395 0.267864 
0.19237 0.515313 0.829154 -0.828632 -1.17828 0.294702 
0.449354 0.821432 0.358824 -0.608111 -1.00439 0.349545 
0.587045 1.18087 -0.275652 -0.568141 -0.736997 0.472486 
0.200385 -0.0480483 0.901604 -1.24988 -0.70014 1.00849 
0.453846 0.555272 0.433915 -0.799784 -0.638441 0.694148 
0.590188 1.06326 -0.219124 -0.759074 -0.476388 0.773873 
-0.282207 -0.858213 0.721038 0.872493 1.38791 -0.912417 
0.208768 -0.386618 0.775239 1.01706 0.685693 -1.05888 
0.592374 0.963274 -0.19131 -1.25395 -0.297081 1.36013 
-0.26814 -0.679527 0.212877 0.733389 1.67518 -0.583696 
0.215736 -0.47862 0.5156 0.608097 0.991308 -0.515577 
0.461385 0.162566 0.379025 0.868837 0.4568 -0.757276 
0.594075 0.876575 -0.181072 1.1293 0.281871 5.33026 
-0.256381 -0.362847 -0.460036 0.713752 2.0071 -0.293683 
0.221485 -0.424958 0.170233 0.458406 1.31531 -0.256287 
0.464085 0.0560025 0.266769 0.497319 0.691819 -0.30989 
0.595462 0.800236 -0.183921 0.665784 0.381707 5.84918 
0.343761 1.14092 0.776773 -0.504224 -1.87735 -0.164893 
0.515283 1.05727 0.494009 -0.307536 -1.55226 0.00584516 
0.597929 1.13818 0.0926442 -0.237949 -1.23971 0.0786797 
0.645919 1.35655 -0.463259 -0.225397 -0.905762 0.140538 
0.520442 0.552417 0.718249 -0.301242 -1.011 0.20441 
0.601666 0.868724 0.234612 -0.237148 -0.841631 0.223098 
0.648734 1.2229 -0.372296 -0.236794 -0.589731 0.274188 
0.525874 0.0706288 0.771941 -0.590985 -0.364745 0.654995 
0.60497 0.625223 0.299684 -0.33111 -0.416513 0.440354 
0.651113 1.10935 -0.321053 -0.342091 -0.277567 0.489074 
0.36903 -0.83938 0.706996 0.372064 0.929424 -0.198225 
0.527976 -0.226779 0.649924 0.531075 0.359437 -0.360193 
0.605783 0.425485 0.295741 1.50979 0.121476 -1.31422 
0.651413 1.015 -0.298268 -1.67644 -0.0873576 1.90245 
0.373587 -0.656412 0.195901 0.268863 1.37514 0.00304442 
0.529323 -0.324458 0.403422 0.229305 0.815526 0.0218407 
0.606095 0.277677 0.234202 0.321575 0.378538 -0.0599466 
0.377629 -0.336081 -0.483715 0.24368 1.82321 0.144206 
0.530818 -0.285172 0.0647931 0.162954 1.21022 0.155286 
0.606604 0.182737 0.122045 0.176344 0.679887 0.139213 
0.651527 0.864039 -0.29876 0.211327 0.416391 0.12061 
0.831179 1.06232 0.59492 0.246055 -1.65465 0.0210345 
0.769323 1.08274 0.297405 0.186589 -1.38338 -0.0351738 
0.732296 1.19795 -0.0797485 0.162363 -1.12336 -0.0706915 
0.707523 1.41587 -0.593155 0.165074 -0.829532 -0.112009 
0.845685 0.31232 0.876665 0.499697 -0.886391 -0.113602 
0.780767 0.646255 0.489019 0.441364 -0.826888 -0.115551 
0.741651 0.943428 0.0528422 0.452336 -0.693301 -0.177823 
0.715536 1.28058 -0.503402 0.570174 -0.493457 -0.343555 
0.738171 0.725017 0.108613 0.88626 -0.302676 -0.547296 
0.712873 1.17179 -0.456883 1.21812 -0.226864 -0.9089 
0.828566 -0.471045 0.508453 -0.30231 0.828396 0.6702 
0.769132 0.0223502 0.414791 -0.442485 0.434242 0.823264 
0.732937 0.551236 0.100181 -0.728616 0.236608 1.10476 
0.708632 1.0832 -0.436197 2.47287 -0.227194 -2.11348 
0.821971 -0.374981 0.0273649 -0.166557 1.32262 0.556628 
0.764656 -0.0752687 0.187566 -0.170478 0.859664 0.579539 
0.729581 0.422683 0.0379553 -0.223793 0.511443 0.634594 
0.705973 1.00798 -0.431709 -3.38986 -0.394083 3.79057 
0.817991 -0.0779819 -0.688853 -0.13056 1.82981 0.521481 
0.762089 -0.0488782 -0.144643 -0.104174 1.25469 0.538412 
0.727733 0.34038 -0.0739661 -0.11537 0.793673 0.556965 
0.704512 0.942683 -0.439735 -0.134154 0.556397 0.569693 
1.12856 1.06881 0.375235 0.830935 -1.4849 -0.0931229 
0.850697 1.24718 -0.208524 0.616949 -1.12348 -0.298563 
2.33084 0.358821 0.842649 2.14628 -1.59029 -0.293837 
1.13268 0.769523 0.518836 0.985145 -1.22717 -0.21954 
0.855818 1.12348 -0.137287 0.816516 -0.94914 -0.402145 
1.12942 0.46942 0.606317 -1.98949 0.965791 -3.58577 
0.854389 1.00437 -0.0791667 0.968923 -0.763702 -0.519986 
0.850543 0.894759 -0.0398795 1.15947 -0.595711 -0.696543 
0.846622 0.796052 -0.0189348 1.45571 -0.47742 -0.981367 
1.63314 -0.52563 0.245233 -0.816493 1.61103 1.33045 
1.11128 -0.13271 0.461183 -0.864269 0.818965 1.42301 
1.29381 1.06691 0.621402 0.931557 -1.64113 0.094215 
0.968198 1.0904 0.263988 0.613657 -1.39296 -0.123963 
0.799396 1.29375 -0.319401 0.510444 -1.03599 -0.278008 
1.29892 0.507522 0.859736 -2.05289 1.25656 2.98528 
0.973952 0.807239 0.402805 0.806441 -1.09236 -0.235904 
0.805668 1.1669 -0.241485 0.756164 -0.83239 -0.407629 
0.971318 0.533601 0.480365 1.01697 -0.788092 -0.459803 
0.80327 1.0513 -0.187423 0.96412 -0.622761 -0.568734 
0.798975 0.946952 -0.151913 1.25537 -0.449916 -0.836115 
1.85297 -0.656478 0.208522 -0.897788 1.83922 1.32374 
1.27153 -0.535499 0.55613 -0.762262 1.10912 1.27336 
1.26245 -0.478689 0.209482 -0.587425 1.37406 1.05463 
0.953434 0.000848782 0.32791 -0.652201 0.709528 1.15652 
0.976956 1.05694 0.505977 0.51581 -1.56394 -0.00388374 
0.832939 1.13178 0.115307 0.389935 -1.27038 -0.121711 
0.749898 1.34826 -0.44468 0.361466 -0.935762 -0.220583 
0.986179 0.551254 0.722632 0.725702 -1.07313 -0.156846 
0.840865 0.864126 0.247255 0.628884 -0.913618 -0.228167 
0.756709 1.21902 -0.363322 0.673597 -0.681288 -0.392075 
0.98057 0.0664179 0.779553 -1.94067 0.601994 2.44531 
0.837515 0.618471 0.315045 0.907008 -0.566681 -0.477664 
0.754403 1.10578 -0.310998 0.99142 -0.441612 -0.646006 
1.24674 -0.80879 0.697219 -0.712751 1.13431 1.13326 
0.970906 -0.241153 0.664565 -0.942999 0.567549 1.40267 
0.749849 1.00819 -0.281528 1.55827 -0.288374 -1.17702 
1.2325 -0.64261 0.192432 -0.522931 1.47744 0.90743 
0.96278 -0.344281 0.420648 -0.47717 0.889595 0.923994 
0.825981 0.258717 0.260743 2.44957 -0.445718 -2.00222 
0.74616 0.924279 -0.27076 -0.853532 0.303145 1.26496 
1.22141 -0.328841 -0.485103 -0.459308 1.873 0.756415 
0.956789 -0.305958 0.08275 -0.321765 1.24166 0.76419 
0.822274 0.159784 0.15049 -0.363793 0.694071 0.825251 
0.786034 1.06116 0.597645 0.170393 -1.65755 0.0147518 
0.743239 1.08247 0.297347 0.129471 -1.38136 -0.0245633 
0.717596 1.19836 -0.0809291 0.11285 -1.11993 -0.0493173 
0.700488 1.41627 -0.594013 0.115004 -0.825557 -0.0781728 
0.800498 0.310321 0.87994 0.397938 -0.873179 -0.069165 
0.754375 0.645747 0.489943 0.358427 -0.815745 -0.0734731 
0.726079 0.941259 0.0553116 0.373384 -0.681087 -0.128237 
0.708165 1.28019 -0.502714 0.483718 -0.476364 -0.275225 
0.794958 -0.305383 0.832242 2.00083 -0.276076 -1.67285 
0.723952 0.725197 0.108048 0.783144 -0.276262 -0.46452 
0.70608 1.1717 -0.456989 1.14831 -0.196793 -0.852381 
0.786142 -0.472776 0.509302 -0.235808 0.812705 0.585954 
0.744529 0.0228171 0.414076 -0.35783 0.417258 0.72047 
0.719225 0.551869 0.0989109 -0.620582 0.216616 0.981687 
0.70223 1.08355 -0.437175 2.57407 -0.212674 -2.22471 
0.780464 -0.375779 0.0276207 -0.123625 1.31643 0.504789 
0.740611 -0.0743233 0.186432 -0.128605 0.854828 0.525264 
0.71625 0.423773 0.0362482 -0.171438 0.507277 0.570723 
0.699844 1.00873 -0.433254 -3.33538 -0.391046 3.72809 
0.777234 -0.0783442 -0.688793 -0.0939985 1.82713 0.488601 
0.738461 -0.0476872 -0.146001 -0.0757667 1.25286 0.502284 
0.714673 0.34176 -0.0759361 -0.084689 0.792873 0.51731 
0.698579 0.943433 -0.441289 -0.0972602 0.556064 0.526133 
-0.772827 1.0972 0.566632 -1.87191 -1.76539 -0.224145 
-0.162941 0.942724 0.648594 -1.24763 -1.79871 -0.153014 
0.282494 0.854195 0.413402 -0.772873 -1.577 0.0824508 
0.526607 0.990174 -0.113347 -0.582744 -1.20039 0.236188 
-0.165938 0.380967 0.858292 -1.26956 -1.4691 0.316099 
0.280314 0.56119 0.516927 -0.870028 -1.23756 0.369913 
0.525089 0.872017 -0.0681178 -0.718956 -0.943383 0.474634 
-0.16293 -0.156175 0.889152 1.62149 1.18066 -2.14395 
0.282437 0.292818 0.547721 -1.09362 -0.904411 0.78584 
0.526368 0.765751 -0.0479519 -0.932925 -0.692881 0.802159 
-0.154831 -0.441334 0.726978 1.22317 1.14431 -1.44921 
0.28758 0.0854323 0.502534 1.59247 0.696081 4.5498 
0.529366 0.675979 -0.0528969 -1.32092 -0.503692 1.29941 
-0.755096 -0.439172 0.0991263 1.04809 1.96229 -1.05472 
-0.14507 -0.492592 0.440009 0.930356 1.30713 -0.959136 
0.293115 -0.0431113 0.390911 1.05626 0.725369 -1.06612 
0.532428 0.604313 -0.0791209 -1.86944 -0.456442 1.93946 
-0.136197 -0.408718 0.0674738 0.77498 1.54364 -0.635686 
0.297957 -0.100505 0.227376 0.724834 0.909409 -0.630254 
0.53493 0.548327 -0.120942 0.84767 0.536679 -0.705013 
0.192371 0.945181 0.652798 -0.780402 -1.82493 -0.143496 
0.449437 0.884074 0.331331 -0.504339 -1.495 0.050271 
0.587272 1.03156 -0.194973 -0.4124 -1.12376 0.15603 
0.188882 0.377252 0.865987 -0.818542 -1.34266 0.23713 
0.447138 0.605869 0.432501 -0.600396 -1.1183 0.290891 
0.585633 0.914616 -0.147867 -0.540441 -0.843481 0.379583 
0.192369 -0.166339 0.89567 -1.16902 -0.832792 0.907057 
0.449292 0.354584 0.460888 -0.813875 -0.725182 0.661812 
0.587051 0.810969 -0.128222 -0.748738 -0.560048 0.697868 
-0.298318 -0.867651 0.74207 1.06275 1.343 -1.07107 
0.200385 -0.446106 0.726838 1.19151 0.718424 -1.23616 
0.453743 0.161654 0.413628 1.70682 0.445952 4.56566 
0.58973 0.724817 -0.134775 -1.26857 -0.338058 1.32482 
-0.282259 -0.690946 0.230747 0.853598 1.59907 -0.667126 
0.208713 -0.488625 0.433277 0.705664 0.980518 -0.604594 
0.458093 0.043351 0.299957 0.852315 0.523549 -0.751436 
0.592343 0.659066 -0.168024 -2.13733 -0.33655 -3.99963 
-0.268077 -0.37391 -0.442597 0.790958 1.92951 -0.335781 
0.215747 -0.398388 0.05566 0.516893 1.31416 -0.294763 
0.461386 -0.0088647 0.13511 0.49578 0.786617 -0.307013 
0.594075 0.608766 -0.214945 0.562577 0.491019 -0.34685 
0.520505 0.954002 0.550705 -0.259899 -1.77845 -0.0952903 
0.601807 0.935612 0.204592 -0.177934 -1.41852 -0.0356956 
0.648884 1.08349 -0.293479 -0.149222 -1.0686 -0.00398222 
0.515234 0.437728 0.75055 -0.329685 -1.20713 0.121265 
0.597947 0.673573 0.304769 -0.268932 -0.995183 0.148929 
0.645959 0.964772 -0.241635 -0.263617 -0.740611 0.196617 
0.520499 -0.0351489 0.773395 -0.531064 -0.518919 0.512109 
0.601449 0.442379 0.330606 -0.358054 -0.524633 0.376535 
0.648737 0.862635 -0.223239 -0.35274 -0.387233 0.404783 
0.362786 -0.863108 0.734033 0.508104 0.754701 -0.378336 
0.525875 -0.291761 0.612087 0.75992 0.292701 -0.643159 
0.651113 0.782962 -0.238662 -1.37623 -0.0938343 1.53452 
0.36903 -0.674866 0.216322 0.313411 1.23705 -0.0746215 
0.527956 -0.343052 0.32789 0.258972 0.768611 -0.0456712 
0.605783 0.165452 0.160376 0.301386 0.419679 -0.0814683 
0.651413 0.724419 -0.277601 0.307617 0.291587 -0.0697622 
0.373585 -0.351407 -0.464412 0.266859 1.71832 0.0964795 
0.529375 -0.265041 -0.0473884 0.17842 1.19913 0.115145 
0.606129 0.118521 -0.00386935 0.169557 0.765321 0.116939 
0.651359 0.680919 -0.330152 0.176457 0.525091 0.1219 
0.845881 1.11269 0.553509 0.421128 -1.99785 -0.0352356 
0.78079 1.00245 0.334805 0.322062 -1.68962 -0.154585 
0.741656 1.02104 0.0153624 0.287487 -1.39811 -0.230616 
0.715225 1.1554 -0.42667 0.290733 -1.09822 -0.305754 
0.831172 0.371845 0.875884 0.257951 -1.25774 -0.0811266 
0.769305 0.557337 0.524159 0.207014 -1.09039 -0.0967792 
0.732168 0.767413 0.128009 0.186388 -0.903933 -0.11613 
0.70752 1.02759 -0.358862 0.194327 -0.677979 -0.15205 
0.780804 0.18012 0.532194 0.763066 -0.472181 -0.511291 
0.741647 0.560024 0.141589 0.707411 -0.444275 -0.477603 
0.715527 0.930443 -0.350799 0.864355 -0.342748 -0.664138 
0.838543 -0.487013 0.534647 -0.515573 0.674744 0.795572 
0.776106 -0.0369522 0.382932 -0.742153 0.395343 1.04188 
0.712871 0.858936 -0.375138 2.18096 -0.260444 -1.89646 
0.828555 -0.391078 0.0483207 -0.237778 1.19549 0.550976 
0.769142 -0.0962988 0.116279 -0.24684 0.829231 0.585874 
0.732937 0.322203 -0.0354506 -0.296959 0.562691 0.643429 
0.708632 0.807449 -0.418492 -0.321584 0.458293 0.662378 
0.821915 -0.0940421 -0.666435 -0.163413 1.73007 0.489218 
0.764664 -0.0303965 -0.259649 -0.135546 1.25754 0.509684 
0.729594 0.286671 -0.204605 -0.140971 0.884153 0.528414 
0.705973 0.770296 -0.475327 -0.153824 0.670196 0.540135 
1.13275 0.823302 0.495785 0.902665 -1.59581 -0.218724 
0.855844 0.957326 -0.0530822 0.683234 -1.21806 -0.426833 
2.338 0.387013 0.845183 2.01408 -1.72077 -0.30455 
1.66582 0.340778 0.935619 1.37271 -1.51121 -6.57166 
1.12789 0.511631 0.610732 0.877686 -1.27256 -0.340029 
0.85106 0.836343 -0.00119543 0.690175 -0.961422 -0.441449 
1.13249 0.232615 0.634442 1.1644 -1.0235 -6.91305 
0.855453 0.734197 0.0118304 0.973597 -0.798145 -0.646515 
0.854308 0.643836 0.00849043 1.26104 -0.641726 -0.900237 
1.64235 -0.488649 0.127453 -0.927977 1.64406 1.25725 
1.11687 -0.195337 0.319704 2.26554 -0.936531 -1.83802 
0.846619 0.502498 -0.0455204 -1.10503 0.536193 1.50171 
1.88895 1.15425 0.722276 1.69307 -1.75842 -6.00047 
1.29892 0.943693 0.681157 1.05118 -1.81329 0.0199062 
0.974608 0.866511 0.375953 0.69655 -1.53544 -0.241513 
0.805088 1.01398 -0.162309 0.58361 -1.17125 -0.408814 
1.29381 0.353847 0.91042 0.951064 -1.38888 -0.248155 
0.968125 0.576721 0.487666 0.666583 -1.15967 -0.304614 
0.79896 0.891392 -0.105064 0.578838 -0.874688 -0.396879 
0.974389 0.322836 0.507814 1.01242 -0.856582 -0.597242 
0.804914 0.793557 -0.095539 0.937035 -0.680977 -0.655853 
0.803187 0.707089 -0.101733 1.33707 -0.514542 -1.00885 
1.86625 -0.66017 0.223213 -1.03885 1.81563 1.28964 
1.28204 -0.536485 0.468306 -0.883329 1.14476 1.25803 
0.964825 -0.00421341 0.354415 2.07692 -0.647785 -1.67388 
0.798972 0.63589 -0.125685 1.86115 -0.446101 4.77955 
1.27169 -0.446924 0.0932102 -0.679585 1.39224 1.01423 
0.95859 -0.0633493 0.193498 -0.671708 0.821027 1.07493 
0.794951 0.579855 -0.166188 -0.812403 0.505085 1.19548 
0.98632 0.952868 0.555394 0.640038 -1.7876 -0.0843499 
0.84087 0.931186 0.21682 0.487452 -1.46442 -0.246226 
0.756592 1.07942 -0.285745 0.450272 -1.12653 -0.367554 
0.976921 0.430453 0.764652 0.547307 -1.24594 -0.1921 
0.832729 0.661421 0.327129 0.436542 -1.03291 -0.235038 
0.749757 0.955249 -0.224041 0.418019 -0.776048 -0.306837 
0.986318 -0.0399266 0.778599 1.06583 -0.729366 -6.97284 
0.840846 0.432913 0.343668 0.85618 -0.664147 -0.546925 
0.756557 0.858164 -0.214858 0.890953 -0.529371 -0.655325 
0.754393 0.77781 -0.227787 1.54839 -0.365792 -1.24851 
1.24675 -0.654404 0.210185 -0.646029 1.39429 0.914699 
0.970912 -0.357826 0.341443 -0.59324 0.890821 0.943328 
0.831204 0.147841 0.183282 -0.739398 0.531715 1.10414 
1.23245 -0.341355 -0.466645 -0.534119 1.78727 0.72735 
0.962779 -0.283235 -0.0306809 -0.386194 1.24532 0.738599 
0.82598 0.0983414 0.020873 -0.396402 0.793141 0.782939 
0.746158 0.66764 -0.307107 -0.451808 0.541216 0.828763 
0.800534 1.11581 0.553585 0.333377 -2.00526 -0.0503033 
0.754391 1.00199 0.335845 0.26003 -1.68663 -0.147057 
0.726664 1.02104 0.015524 0.236154 -1.39193 -0.210821 
0.707966 1.15544 -0.426553 0.242514 -1.09006 -0.275344 
0.786078 0.371087 0.87759 0.179045 -1.25349 -0.0564215 
0.743211 0.557528 0.523805 0.14386 -1.08563 -0.0674694 
0.717536 0.767992 0.126961 0.129769 -0.89907 -0.0810424 
0.700491 1.02802 -0.359662 0.135647 -0.672847 -0.106301 
0.800498 -0.30041 0.860022 0.997389 -0.361229 -0.772001 
0.754404 0.179223 0.533134 0.645052 -0.439037 -0.419936 
0.726659 0.559825 0.141797 0.60235 -0.418447 -0.392915 
0.70816 0.930035 -0.350177 0.761777 -0.314091 -0.57521 
0.794966 -0.489952 0.536273 -0.426624 0.642658 0.691782 
0.750778 -0.0374355 0.383077 -0.647687 0.361429 0.931473 
0.706079 0.85891 -0.375345 2.2581 -0.232822 -1.98297 
0.78613 -0.39239 0.0488945 -0.184115 1.18475 0.492231 
0.744535 -0.0957285 0.11548 -0.195344 0.820226 0.525221 
0.719239 0.323061 -0.0366764 -0.239984 0.553938 0.577434 
0.702228 0.807992 -0.419632 -0.263224 0.451678 0.597511 
0.780451 -0.0946484 -0.666201 -0.121072 1.72613 0.454715 
0.740615 -0.0293355 -0.260965 -0.101993 1.25469 0.472409 
0.716258 0.288023 -0.206487 -0.107553 0.882339 0.489037 
0.699882 0.770799 -0.476039 -0.119624 0.668053 0.501418 
-0.765258 1.12888 0.549123 -1.87923 -1.96755 -0.367542 
-0.154832 0.814687 0.711052 -1.20516 -1.98233 -0.209067 
0.287532 0.62245 0.494754 -0.699225 -1.66005 0.0597655 
0.529368 0.745331 -0.0541272 -0.519965 -1.22638 0.178791 
-0.772839 0.420192 0.85775 -1.77787 -1.86368 0.160672 
-0.162911 0.242783 0.883874 -1.18229 -1.63428 0.286883 
0.281628 0.346648 0.54784 -0.80806 -1.31302 0.349834 
0.525988 0.647238 -0.0446792 -0.667753 -0.977333 0.417099 
-0.775517 -0.26143 0.874766 1.39937 1.80854 4.07853 
-0.166329 -0.250575 0.866652 -1.38249 -1.31345 0.929977 
0.28029 0.116601 0.523308 -1.05081 -0.98228 0.769741 
0.525042 0.563537 -0.0627851 -0.919857 -0.73458 0.772381 
0.28243 -0.0381043 0.425891 1.64852 0.776069 4.51541 
0.526365 0.497812 -0.105167 1.79065 0.55331 -1.82959 
-0.765261 -0.442834 0.118444 1.2246 1.9355 -1.11302 
-0.154837 -0.485836 0.351459 1.08513 1.31678 -1.04199 
0.28752 -0.112046 0.26531 1.11943 0.792857 -1.10093 
0.529367 0.453337 -0.171971 -1.94014 -0.525318 2.00368 
-0.145054 -0.370752 -0.0541151 0.886272 1.53796 -0.663148 
0.293092 -0.116456 0.0526188 0.768085 0.982293 -0.634592 
0.532428 0.429353 -0.258796 0.771234 0.648912 -0.620711 
0.200374 0.819691 0.710638 -0.737447 -1.99969 -0.208858 
0.453855 0.66923 0.405952 -0.441687 -1.58542 -0.0104371 
0.589926 0.796733 -0.137883 -0.351326 -1.1677 0.0691673 
0.192237 0.240262 0.890548 -0.751895 -1.48524 0.1797 
0.448775 0.408209 0.460794 -0.54579 -1.19463 0.228009 
0.586834 0.698753 -0.125124 -0.485677 -0.88652 0.291054 
0.188882 -0.261042 0.874477 -1.0535 -0.958446 0.790477 
0.447033 0.190371 0.438751 -0.787774 -0.800316 0.610727 
0.5855 0.616583 -0.142004 -0.739049 -0.607352 0.642405 
0.587046 0.553854 -0.18672 -1.28417 -0.386596 1.29356 
-0.297944 -0.704353 0.255584 1.02029 1.50709 -0.78904 
0.200384 -0.487984 0.349674 0.857571 0.941526 -0.749649 
0.453841 -0.0269313 0.181791 0.934038 0.560321 -0.849558 
0.589925 0.513874 -0.258829 0.970294 0.393762 -0.859042 
-0.282188 -0.389249 -0.417256 0.891245 1.82322 -0.399352 
0.208755 -0.365466 -0.0624094 0.597273 1.27927 -0.355141 
0.458093 -0.0278705 -0.03513 0.528516 0.842641 -0.34146 
0.592334 0.495938 -0.353489 0.518579 0.59715 -0.321098 
0.525603 0.840801 0.600082 -0.217513 -1.96771 -0.180313 
0.604977 0.74269 0.269721 -0.131964 -1.54134 -0.131842 
0.650903 0.859433 -0.236845 -0.100908 -1.15054 -0.117967 
0.520487 0.327596 0.768497 -0.25883 -1.38314 0.00883702 
0.601603 0.497565 0.328924 -0.196961 -1.11017 0.0251554 
0.648652 0.760196 -0.220287 -0.179159 -0.82182 0.0464284 
0.515282 -0.11778 0.75758 -0.488757 -0.700379 0.386198 
0.597927 0.294259 0.310595 -0.382361 -0.64025 0.311967 
0.6459 0.677737 -0.235766 -0.395723 -0.473832 0.355902 
0.352283 -0.883034 0.767114 -2.30941 -0.577436 2.38754 
0.648727 0.618038 -0.28483 -1.14684 -0.143491 1.21921 
0.362819 -0.698684 0.246242 0.394767 1.04669 -0.198418 
0.525875 -0.352779 0.252189 0.329039 0.662537 -0.167888 
0.604915 0.0938839 0.0513477 0.339208 0.404514 -0.17848 
0.651113 0.585689 -0.367577 0.29559 0.320988 -0.122163 
0.369055 -0.372749 -0.436037 0.295559 1.57149 0.0313803 
0.527927 -0.238831 -0.163157 0.19666 1.14584 0.060579 
0.605776 0.100101 -0.173166 0.167819 0.808753 0.0785399 
0.651413 0.576823 -0.473813 0.148805 0.627682 0.104865 
0.776032 0.911435 0.369644 0.279885 -1.91288 -0.243279 
0.737942 0.847234 0.0756559 0.2327 -1.56188 -0.318587 
0.712869 0.944593 -0.376954 0.227404 -1.21162 -0.381864 
0.845643 0.444609 0.84739 0.38164 -1.65312 -0.186427 
0.780795 0.483797 0.527898 0.325845 -1.38071 -0.257934 
0.741642 0.621584 0.140611 0.313048 -1.13601 -0.315366 
0.715679 0.841769 -0.346611 0.339192 -0.876077 -0.392475 
0.83122 -0.274491 0.884433 0.411421 -0.651103 -0.333773 
0.769395 0.110635 0.530749 0.300328 -0.663204 -0.239239 
0.732241 0.427025 0.134062 0.270112 -0.577781 -0.227942 
0.707526 0.752314 -0.352675 0.303715 -0.416565 -0.279036 
0.845698 -0.503205 0.571509 -0.935802 0.479218 1.09653 
0.741663 0.308004 0.0273629 -1.50469 0.283723 -4.60136 
0.715529 0.702066 -0.419134 1.82587 -0.267431 -1.66437 
0.838622 -0.411787 0.0792367 -0.370425 1.01957 0.579675 
0.77613 -0.109374 0.0443043 -0.392966 0.748299 0.634448 
0.73823 0.260338 -0.147113 -0.441945 0.570405 0.695166 
0.712873 0.680409 -0.516324 -0.44276 0.513508 0.692229 
0.828503 -0.115949 -0.634162 -0.220874 1.59258 0.457476 
0.769149 -0.00361713 -0.382065 -0.192704 1.22561 0.483288 
0.732947 0.275668 -0.382112 -0.193885 0.944839 0.504733 
0.708644 0.680758 -0.633507 -0.198622 0.78916 0.513073 
1.65997 0.798892 0.773125 1.45776 -1.9192 -6.31766 
1.12945 0.570677 0.582436 0.854586 -1.6539 -0.367321 
0.854094 0.702005 0.00827073 0.652209 -1.21949 -0.547609 
1.66566 0.185837 0.953133 -1.75003 1.68594 2.69082 
1.13255 0.279297 0.633404 0.935009 -1.34691 -0.542685 
0.855764 0.606505 0.0128952 0.777738 -1.00502 -0.638495 
2.33799 -0.23249 0.852689 -1.28681 1.94463 -4.03812 
1.12789 0.0287576 0.61746 1.06407 -0.998775 -0.772675 
0.851053 0.51777 0.00433778 0.887071 -0.738792 -0.736818 
1.13255 -0.12186 0.508734 -1.64557 0.905467 -4.34115 
0.855819 0.457746 -0.0444123 -1.82213 0.658134 2.03733 
1.12944 -0.197514 0.348221 1.89507 -0.915742 4.67058 
0.854309 0.410427 -0.105964 -1.39459 0.617546 -4.63697 
1.65178 -0.443968 0.00430249 -1.06173 1.6599 1.17485 
0.850544 0.379079 -0.183254 2.14058 -0.657105 -1.86184 
1.87909 1.18729 0.699255 1.75801 -1.94543 -5.99675 
1.29258 0.810401 0.743306 1.03367 -1.9759 -0.0693285 
0.971072 0.640774 0.454803 0.647697 -1.61261 -0.359346 
0.803129 0.772871 -0.102865 0.539893 -1.19998 -0.508818 
1.29892 0.213148 0.924709 1.00225 -1.55743 -0.398426 
0.974515 0.373618 0.506921 0.738391 -1.26136 -0.48234 
0.805061 0.677373 -0.0939951 0.671934 -0.953442 -0.588881 
0.968178 0.142711 0.493845 0.858159 -0.846645 -0.65412 
0.79942 0.589334 -0.10123 0.779316 -0.641169 -0.669664 
0.805077 0.532233 -0.153397 1.3572 -0.546195 -1.16482 
1.87883 -0.66518 0.243043 -1.20942 1.78331 1.25263 
0.971318 -0.0713864 0.22901 -1.12452 0.732121 1.39029 
0.803236 0.490261 -0.221287 1.92966 -0.537317 4.59569 
1.86641 -0.36696 -0.421988 -1.14604 1.97931 0.959915 
1.28204 -0.40742 -0.0279073 -0.796958 1.39154 0.97222 
0.964826 -0.0787399 0.0193456 -0.733288 0.908434 1.01024 
0.798999 0.465569 -0.306123 -0.769543 0.635549 1.04918 
0.980338 0.838802 0.605138 0.609999 -1.97031 -0.169402 
0.837057 0.731393 0.287164 0.435762 -1.57787 -0.342552 
0.754372 0.852622 -0.229139 0.394888 -1.19317 -0.450767 
0.986258 0.323503 0.773776 0.627501 -1.45482 -0.326942 
0.840836 0.488115 0.342817 0.526259 -1.18662 -0.404429 
0.756588 0.755094 -0.21305 0.523789 -0.903752 -0.505912 
0.976966 -0.13455 0.772252 0.760353 -0.796697 -0.586648 
0.832856 0.276914 0.332439 0.597918 -0.701272 -0.479805 
0.749959 0.666484 -0.217821 0.600221 -0.528116 -0.533885 
0.756591 0.612645 -0.276388 1.465 -0.406256 -1.29298 
1.26311 -0.668477 0.235001 -0.818453 1.29317 0.943427 
0.980571 -0.360674 0.259928 -0.765717 0.866166 0.99179 
0.837519 0.0821527 0.0660719 -0.861774 0.590808 1.11474 
0.754397 0.578564 -0.355197 2.25558 -0.479832 -2.01658 
1.24671 -0.357253 -0.441066 -0.638624 1.67887 0.70314 
0.970907 -0.252329 -0.149701 -0.480915 1.224 0.718036 
0.83119 0.0818349 -0.150757 -0.465474 0.865773 0.752642 
0.749848 0.564043 -0.452667 -0.476598 0.668193 0.765706 
0.750642 0.9112 0.370006 0.22832 -1.91125 -0.237914 
0.723781 0.847889 0.0748618 0.193429 -1.558 -0.302106 
0.706077 0.944873 -0.377186 0.191946 -1.20689 -0.357636 
0.800487 0.443731 0.850307 0.302453 -1.64783 -0.170739 
0.754394 0.483355 0.528805 0.263668 -1.37185 -0.231189 
0.726655 0.621534 0.140812 0.257895 -1.12592 -0.281061 
0.708258 0.841596 -0.34638 0.284075 -0.864383 -0.34872 
0.786086 -0.276807 0.886175 0.291256 -0.629656 -0.237633 
0.743256 0.110846 0.530312 0.210544 -0.651719 -0.168245 
0.717573 0.427736 0.132884 0.18933 -0.568747 -0.160097 
0.700486 0.752809 -0.353488 0.213989 -0.407529 -0.196858 
0.800499 -0.507264 0.573937 -0.826266 0.415636 0.976341 
0.754402 -0.0843537 0.350997 1.8851 -0.272025 -1.71842 
0.726661 0.307882 0.0274542 -1.50735 0.232726 -4.60956 
0.708163 0.7016 -0.418507 1.86205 -0.224598 -1.70761 
0.794987 -0.414044 0.0804694 -0.29952 0.998931 0.508425 
0.75076 -0.10951 0.04419 -0.325959 0.730203 0.562321 
0.724001 0.260659 -0.147693 -0.375254 0.552977 0.622771 
0.706078 0.680537 -0.516724 -0.380852 0.49983 0.626485 
0.786119 -0.117041 -0.633557 -0.170414 1.58568 0.41967 
0.744535 -0.00287106 -0.383174 -0.151745 1.2202 0.443576 
0.71923 0.276822 -0.383781 -0.155357 0.940643 0.464301 
0.702237 0.681605 -0.635035 -0.161345 0.786255 0.474246 
0.292516 0.399516 0.530929 -0.620083 -1.66868 0.0739389 
0.532377 0.55739 -0.097668 -0.474797 -1.17203 0.158721 
-0.154824 0.105449 0.89731 -1.05634 -1.75446 0.285265 
0.287301 0.163362 0.527231 -0.720385 -1.33415 0.337627 
0.529322 0.48953 -0.127197 -0.613622 -0.947859 0.377677 
-0.162924 -0.327975 0.8333 -1.21421 -1.40133 0.864935 
0.28243 -0.0114012 0.451732 -0.959838 -1.02078 0.729451 
0.526366 0.435932 -0.180932 -0.882865 -0.726463 0.739954 
0.280283 -0.108846 0.307972 -1.38377 -0.825029 1.29847 
-0.16299 -0.469765 0.261229 -1.86488 -1.30531 1.98879 
0.282401 -0.132082 0.103912 -1.90009 -0.830169 -4.33212 
0.526302 0.391311 -0.372473 -1.94952 -0.585026 2.01409 
-0.154826 -0.326196 -0.179153 1.03152 1.50038 -0.71473 
0.287525 -0.0880862 -0.159883 0.852736 1.01839 -0.675458 
0.529367 0.406653 -0.513784 0.75672 0.749369 -0.59269 
0.457605 0.465612 0.436674 -0.386553 -1.60607 -0.0432733 
0.592319 0.619106 -0.184749 -0.313139 -1.13055 0.0173553 
0.200286 0.108148 0.899674 -0.657893 -1.59516 0.133334 
0.453787 0.240281 0.438593 -0.471009 -1.22877 0.165674 
0.589907 0.55037 -0.210229 -0.426192 -0.872203 0.210463 
0.19237 -0.335689 0.840353 -0.900905 -1.05257 0.659321 
0.449264 0.0702019 0.369624 -0.702435 -0.84274 0.52107 
0.587031 0.496417 -0.262086 -0.692534 -0.602041 0.568773 
0.585595 0.464374 -0.345429 -1.29238 -0.410932 1.26858 
-0.311291 -0.718114 0.286607 1.23197 1.41358 -0.954044 
0.192353 -0.476329 0.263912 1.06911 0.889481 -0.954624 
0.449283 -0.0497433 0.0260597 1.08887 0.574989 -1.02139 
0.587048 0.457623 -0.461783 0.992159 0.446664 -0.913004 
-0.297918 -0.409252 -0.381441 1.02785 1.68609 -0.497261 
0.200318 -0.326609 -0.182407 0.713925 1.20541 -0.452413 
0.45384 -0.00339269 -0.244609 0.601651 0.85596 -0.419328 
0.589911 0.480441 -0.61592 0.521476 0.689148 -0.343765 
0.605783 0.559502 0.293692 -0.12126 -1.58173 -0.196465 
0.651408 0.69356 -0.291466 -0.0964272 -1.12934 -0.184324 
0.525857 0.222314 0.769937 -0.200287 -1.52852 -0.086449 
0.604958 0.3505 0.304123 -0.142345 -1.18684 -0.0821576 
0.651109 0.62372 -0.310986 -0.123473 -0.84259 -0.0767218 
0.520503 -0.181918 0.727008 -0.339725 -0.855067 0.187366 
0.601602 0.186502 0.244566 -0.267562 -0.724864 0.13909 
0.648733 0.567466 -0.358446 -0.276146 -0.498956 0.167624 
0.343743 -0.891556 0.799587 -1.74585 -0.486987 1.76832 
0.515287 -0.360492 0.512693 -1.12531 -0.341968 1.10168 
0.59794 0.0914445 0.109089 -0.854128 -0.300095 0.831418 
0.645933 0.536493 -0.445057 -1.0982 -0.198787 1.09009 
0.352239 -0.723043 0.284489 0.582267 0.82536 -0.430288 
0.520501 -0.351693 0.175779 0.532588 0.518122 -0.432703 
0.601602 0.0704394 -0.0989565 0.536156 0.350198 -0.445749 
0.648737 0.536266 -0.573957 0.405326 0.337085 -0.308489 
0.362843 -0.401468 -0.394587 0.346862 1.36745 -0.0657188 
0.525875 -0.20619 -0.281328 0.233263 1.03505 -0.0256069 
0.604916 0.123095 -0.383291 0.183782 0.797383 0.00686577 
0.651112 0.574112 -0.753623 0.141473 0.710501 0.0515495 
0.73291 0.682765 0.098116 0.156831 -1.60984 -0.384007 
0.708693 0.785724 -0.428376 0.151332 -1.18811 -0.428919 
0.838526 0.499583 0.819582 0.338409 -1.95427 -0.248298 
0.776101 0.406118 0.522742 0.263391 -1.57325 -0.338891 
0.738229 0.494876 0.112069 0.245436 -1.25478 -0.393861 
0.712897 0.719052 -0.44613 0.267311 -0.925691 -0.463895 
0.845992 -0.214777 0.883901 0.434678 -1.07801 -0.434823 
0.780942 0.0698788 0.49743 0.392967 -0.963721 -0.426485 
0.741676 0.341094 0.0630746 0.400071 -0.799742 -0.466444 
0.715538 0.66141 -0.488795 0.485815 -0.579444 -0.586504 
0.831179 -0.514847 0.614889 1.18926 -0.26429 -1.17693 
0.769312 -0.11597 0.314453 0.754581 -0.269345 -0.736279 
0.732198 0.243806 -0.0637145 0.687534 -0.231292 -0.674315 
0.707523 0.625948 -0.573518 1.16502 -0.132256 -1.16183 
0.845688 -0.437499 0.124231 -0.566237 0.764475 0.648824 
0.780804 -0.115999 -0.0233781 -0.606055 0.584551 0.718239 
0.741651 0.23704 -0.292813 -0.630025 0.493817 0.750606 
0.715529 0.644744 -0.737407 -0.551333 0.509972 0.663048 
0.838543 -0.145933 -0.586589 -0.31805 1.39718 0.435782 
0.776134 0.029942 -0.508296 -0.291048 1.1391 0.464437 
0.738244 0.311778 -0.614763 -0.285752 0.961103 0.482977 
0.712887 0.710379 -0.964571 -0.271777 0.907343 0.471191 
1.12335 0.325204 0.623588 0.759976 -1.63969 -0.531848 
0.850528 0.505603 -0.0330722 0.601515 -1.14042 -0.668143 
1.1294 0.0777107 0.613911 0.879248 -1.35183 -0.719666 
0.854307 0.441532 -0.0694616 0.768553 -0.961677 -0.795734 
1.13255 -0.0994782 0.530633 1.0889 -1.08724 -0.977136 
0.855822 0.38959 -0.123969 1.00229 -0.779409 -0.991684 
0.85106 0.348962 -0.193553 1.32317 -0.568664 -1.27929 
1.13255 -0.215802 0.180599 -1.32207 0.943184 1.41303 
1.66033 -0.392776 -0.124019 -1.21362 1.64774 1.08323 
0.96472 0.423512 0.490578 0.556368 -1.60904 -0.480495 
0.798971 0.588393 -0.14526 0.473416 -1.13563 -0.599694 
1.29262 0.0696665 0.935735 0.916242 -1.66188 -0.535092 
0.97128 0.197144 0.485264 0.679527 -1.28529 -0.61484 
0.803575 0.523736 -0.175442 0.640064 -0.931671 -0.712937 
1.29892 -0.384232 0.871181 -2.03338 1.22725 2.17002 
0.974601 0.0261042 0.41325 0.901853 -0.956695 -0.84187 
0.805077 0.471863 -0.23038 0.894832 -0.708541 -0.915445 
1.2938 -0.560077 0.641713 1.50983 -0.930722 -1.46895 
0.799421 0.432303 -0.302268 1.29791 -0.451613 -1.26922 
0.974609 -0.0935702 0.0694518 1.9172 -0.750009 -1.81716 
0.805087 0.431105 -0.424204 1.96095 -0.580358 -1.87034 
1.87932 -0.380054 -0.391741 -1.30144 1.89328 0.90881 
1.29249 -0.36106 -0.153385 -0.939225 1.36328 0.927716 
0.971321 -0.0494328 -0.194967 -0.825657 0.962294 0.945793 
0.803238 0.449485 -0.569415 -0.772272 0.75709 0.91103 
0.831136 0.54303 0.316048 0.348929 -1.59827 -0.42799 
0.750053 0.680153 -0.27298 0.316941 -1.14956 -0.513967 
0.980504 0.213577 0.777647 0.556292 -1.5903 -0.422659 
0.837511 0.336898 0.319325 0.461704 -1.25065 -0.500874 
0.754491 0.615237 -0.300094 0.469111 -0.912585 -0.598918 
0.986331 -0.188308 0.731751 0.752358 -1.0224 -0.697129 
0.840863 0.174619 0.257747 0.665465 -0.854569 -0.665812 
0.756631 0.561176 -0.349693 0.725948 -0.633418 -0.783696 
0.977033 -0.377794 0.525 1.31705 -0.534627 -1.27816 
0.832877 0.0716626 0.130172 1.09677 -0.420709 -1.05869 
0.749869 0.523457 -0.426814 1.2566 -0.304011 -1.24254 
1.27432 -0.688245 0.269889 -1.0243 1.14322 0.988562 
0.986319 -0.356959 0.180074 -0.975832 0.781374 1.05249 
1.26308 -0.377714 -0.405288 -0.77879 1.53831 0.690561 
0.980572 -0.214277 -0.272457 -0.611554 1.16639 0.703857 
0.837514 0.110012 -0.367267 -0.569195 0.901893 0.723245 
0.754396 0.563671 -0.736645 -0.528863 0.787623 0.689344 
0.719206 0.68374 0.0968126 0.125388 -1.60818 -0.367552 
0.702274 0.786587 -0.429559 0.12284 -1.18609 -0.405937 
0.794963 0.499223 0.821629 0.270494 -1.95246 -0.239924 
0.750749 0.406249 0.522911 0.215186 -1.56754 -0.316336 
0.723992 0.495376 0.111608 0.204339 -1.24836 -0.36495 
0.706096 0.719308 -0.446332 0.226259 -0.918468 -0.427407 
0.800599 -0.218694 0.887117 0.348736 -1.05293 -0.37266 
0.754458 0.0689532 0.498266 0.320762 -0.945042 -0.3701 
0.726673 0.340961 0.0632429 0.332575 -0.782721 -0.408201 
0.708166 0.661012 -0.488138 0.412749 -0.560513 -0.516685 
0.786075 -0.517121 0.616281 1.04791 -0.196509 -1.03945 
0.743207 -0.115629 0.314165 0.572706 -0.234861 -0.560034 
0.717553 0.244643 -0.0647264 0.517456 -0.206255 -0.508294 
0.700489 0.626523 -0.574359 1.01637 -0.0991081 -1.01417 
0.800537 -0.440852 0.126319 -0.464958 0.726088 0.553459 
0.754399 -0.116867 -0.0226721 -0.509796 0.551007 0.622425 
0.726661 0.23686 -0.29268 -0.539501 0.464705 0.659486 
0.708161 0.644204 -0.736693 -0.471909 0.48777 0.585043 
0.793822 -0.149561 -0.581653 -0.254554 1.38157 0.391448 
0.750756 0.0300324 -0.508812 -0.238692 1.12819 0.419561 
0.723999 0.31242 -0.615841 -0.238626 0.951984 0.439637 
0.706088 0.710913 -0.965663 -0.229852 0.90057 0.433262 
0.297857 0.203268 0.51538 -0.551191 -1.60622 0.110732 
0.534924 0.447036 -0.249075 -0.45812 -1.04868 0.17407 
-0.145054 -0.027816 0.895918 -0.92379 -1.81458 0.313711 
0.293097 0.024953 0.45662 -0.642524 -1.30365 0.337731 
0.532419 0.415629 -0.31945 -0.59086 -0.857446 0.375334 
-0.155356 -0.389054 0.788148 -1.03983 -1.44648 0.805903 
0.287524 -0.0884597 0.335228 -0.853292 -1.0176 0.676519 
0.529336 0.39876 -0.413433 -0.860331 -0.663763 0.728558 
-0.162938 -0.499957 0.529352 1.81353 1.25835 -1.80844 
0.280327 -0.107682 -0.0957667 1.37963 0.826489 -1.29247 
0.525042 0.441404 -0.718308 -1.98004 -0.620211 2.0605 
-0.772827 -0.202288 -0.488605 1.5751 1.92764 -0.777631 
-0.162974 -0.274479 -0.308999 1.20225 1.42876 -0.790846 
0.282434 -0.0142727 -0.420678 0.962607 1.0177 -0.734687 
0.526366 0.527656 -0.970992 0.746815 0.856085 -0.54716 
0.461352 0.285197 0.418869 -0.34359 -1.55403 -0.051866 
0.594073 0.517524 -0.341205 -0.300468 -1.01563 0.00126563 
0.208735 -0.0179658 0.892864 -0.570942 -1.65412 0.108553 
0.45809 0.113154 0.367777 -0.412883 -1.21687 0.121507 
0.59234 0.485644 -0.409438 -0.401329 -0.794249 0.169301 
0.200335 -0.390326 0.791963 -0.744397 -1.12497 0.529822 
0.453841 -0.00177065 0.254935 -0.599098 -0.860261 0.415429 
0.589919 0.468364 -0.503135 -0.653569 -0.547543 0.505456 
0.449287 -0.0496238 0.0763548 -1.08447 -0.576693 1.01619 
0.58705 0.475904 -0.636868 -1.34014 -0.380575 1.29213 
0.188833 -0.454216 0.172748 1.30258 0.829463 -1.18448 
-0.311042 -0.431697 -0.337179 1.20016 1.53115 -0.636086 
0.192371 -0.279447 -0.307007 0.86697 1.10445 -0.587565 
0.449248 0.069418 -0.507915 0.703696 0.841215 -0.522799 
0.58705 0.638313 -1.13734 0.516745 0.821087 -0.338492 
0.606111 0.397962 0.27548 -0.117193 -1.54642 -0.237438 
0.65136 0.601872 -0.455501 -0.103483 -1.01803 -0.220553 
0.527971 0.119041 0.757615 -0.179262 -1.61248 -0.150021 
0.605783 0.236859 0.232193 -0.130115 -1.20054 -0.14782 
0.651413 0.570635 -0.521924 -0.124338 -0.778027 -0.136836 
0.525875 -0.227268 0.678765 -0.238462 -1.00002 0.0354992 
0.604969 0.123084 0.1303 -0.186115 -0.790765 -0.00410255 
0.651112 0.552945 -0.614266 -0.203097 -0.473108 0.0221656 
0.352218 -0.892632 0.82917 -1.08702 -0.473519 1.04776 
0.520368 -0.369272 0.447608 -0.636212 -0.436799 0.549629 
0.601602 0.070485 -0.0408945 -0.534575 -0.351247 0.44407 
0.648734 0.56218 -0.753584 -1.01273 -0.153995 0.931033 
0.343741 -0.741083 0.323968 0.908301 0.624297 -0.805039 
0.515286 -0.336149 0.091921 0.920079 0.390178 -0.882053 
0.597935 0.0918226 -0.294033 0.84671 0.30098 -0.82381 
0.645937 0.623894 -0.977883 0.475938 0.393992 -0.444237 
0.352292 -0.433741 -0.341443 0.465471 1.11827 -0.226405 
0.520504 -0.166743 -0.400757 0.333436 0.876207 -0.177659 
0.601602 0.20167 -0.660138 0.259746 0.751304 -0.128523 
0.729579 0.537476 0.0802435 0.108851 -1.57904 -0.437762 
0.70599 0.705167 -0.602821 0.109049 -1.06427 -0.472276 
0.769124 0.323306 0.510362 0.181951 -1.66609 -0.399786 
0.733 0.392618 0.0427186 0.164273 -1.26867 -0.439457 
0.708642 0.678994 -0.673026 0.188608 -0.841632 -0.49853 
0.839048 -0.162369 0.876178 0.319382 -1.37942 -0.442614 
0.776172 0.03342 0.450791 0.290009 -1.14503 -0.462273 
0.738243 0.287961 -0.0529525 0.300226 -0.896173 -0.507186 
0.71288 0.667285 -0.771796 0.402978 -0.567968 -0.645659 
0.845765 -0.491376 0.636914 0.685074 -0.627334 -0.803038 
0.780814 -0.117 0.250704 0.611615 -0.579864 -0.724833 
0.741655 0.235179 -0.218301 0.676085 -0.462887 -0.802417 
0.715535 0.683843 -0.925295 1.17495 -0.280479 -1.33105 
0.83118 -0.464211 0.179087 -0.727524 0.373813 0.692159 
0.769312 -0.114542 -0.0895596 -0.74085 0.273461 0.722027 
0.732201 0.255613 -0.480731 -0.582098 0.267715 0.565545 
0.707521 0.783465 -1.22603 -0.275804 0.457498 0.248403 
0.845689 -0.185943 -0.518027 -0.42752 1.10974 0.418675 
0.780825 0.0676981 -0.632026 -0.394971 0.960016 0.429299 
0.74168 0.412686 -0.93563 -0.362736 0.909505 0.409591 
1.11626 0.111085 0.611483 0.666994 -1.56424 -0.690241 
0.846618 0.38903 -0.180787 0.570636 -1.00659 -0.790649 
1.12335 -0.0711879 0.54042 0.795647 -1.29472 -0.868534 
0.850533 0.360468 -0.256955 0.753364 -0.850788 -0.943119 
1.12944 -0.178556 0.407434 1.02123 -1.079 -1.11917 
0.854318 0.347897 -0.355843 1.03933 -0.722668 -1.19642 
1.13275 -0.216807 0.220162 -1.79685 0.9359 -4.59281 
0.855819 0.353071 -0.480415 -1.70046 0.640305 -4.70391 
0.851059 0.376642 -0.632413 1.96271 -0.600323 -2.03514 
1.66566 -0.338076 -0.258296 -1.35821 1.57774 0.983756 
0.855819 0.455147 -0.86386 -0.89394 0.863242 0.832886 
0.95855 0.233605 0.476763 0.472998 -1.5431 -0.592594 
0.795095 0.480861 -0.295297 0.428952 -1.00646 -0.689655 
1.28208 -0.0721539 0.935242 0.788479 -1.69424 -0.668535 
0.964821 0.0609786 0.417498 0.591636 -1.24155 -0.718286 
0.799088 0.452178 -0.369177 0.598426 -0.824289 -0.820521 
1.29249 -0.441189 0.820414 0.967021 -1.28488 -1.04135 
0.971316 -0.0485359 0.296118 0.823978 -0.964348 -0.943004 
0.803237 0.44004 -0.469452 0.902227 -0.656823 -1.08164 
0.968191 -0.0796708 -0.121698 -1.28788 0.631373 1.22511 
1.88903 -0.39891 -0.352647 -1.45183 1.7605 0.865474 
1.29894 -0.311173 -0.281616 -1.07716 1.27601 0.87268 
0.974639 0.0235043 -0.457902 -0.905183 0.953531 0.847077 
0.805077 0.589146 -1.06053 -0.728094 0.86772 0.680278 
0.825975 0.37685 0.300431 0.278775 -1.55013 -0.503226 
0.746203 0.584893 -0.433393 0.266483 -1.02391 -0.575608 
0.970867 0.102569 0.771735 0.451516 -1.64752 -0.505375 
0.831189 0.217234 0.252457 0.370727 -1.23323 -0.565986 
0.74988 0.55657 -0.504603 0.400933 -0.81625 -0.66327 
0.98057 -0.237312 0.684527 0.62194 -1.13431 -0.729074 
0.83768 0.10868 0.144918 0.57125 -0.898966 -0.726535 
0.754426 0.543809 -0.603157 0.690322 -0.596109 -0.897709 
0.986326 -0.374159 0.450529 1.06683 -0.728416 -1.17741 
0.840871 0.0580633 -0.0283257 1.01608 -0.57987 -1.12326 
0.75659 0.554758 -0.743543 1.3368 -0.415763 -1.47862 
0.976962 -0.350791 0.102539 -1.16199 0.56753 1.09619 
0.832856 0.0715098 -0.272381 2.04387 -0.420265 -2.08176 
0.749869 0.604299 -0.948774 -0.721423 0.445655 0.67086 
1.27435 -0.405891 -0.356072 -0.925644 1.33737 0.688281 
0.986319 -0.171822 -0.395906 -0.74261 1.04022 0.678 
0.840864 0.187358 -0.64286 -0.653096 0.872715 0.646917 
0.75659 0.855763 -1.49731 -0.48893 0.990782 0.4464 
0.716249 0.538722 0.0786253 0.0829773 -1.57837 -0.4199 
0.699858 0.70634 -0.604422 0.0841987 -1.06342 -0.448027 
0.744528 0.324007 0.509762 0.143027 -1.66326 -0.377779 
0.719265 0.393672 0.0414309 0.131449 -1.26553 -0.411974 
0.702236 0.679874 -0.674121 0.153357 -0.838052 -0.462664 
0.795161 -0.164696 0.87848 0.256185 -1.3651 -0.396685 
0.750767 0.0332646 0.450991 0.23795 -1.13365 -0.417968 
0.723999 0.288428 -0.0533383 0.251168 -0.88576 -0.460318 
0.706084 0.667478 -0.771888 0.344723 -0.555369 -0.584658 
0.800514 -0.495548 0.639527 0.57459 -0.578294 -0.691395 
0.754399 -0.11789 0.251523 0.514535 -0.545866 -0.627994 
0.726662 0.235012 -0.218055 0.582517 -0.431792 -0.707208 
0.708165 0.683338 -0.92451 1.11292 -0.239612 -1.26277 
0.786079 -0.466056 0.18025 -0.546046 0.330931 0.521526 
0.743216 -0.114212 -0.0898596 -0.562435 0.239964 0.549398 
0.717553 0.256561 -0.481875 -0.427689 0.246765 0.416195 
0.700488 0.784901 -1.22837 -0.194363 0.450833 0.175301 
0.799885 -0.189827 -0.513872 -0.342818 1.08536 0.359882 
0.754392 0.0671542 -0.631837 -0.321866 0.942223 0.371738 
0.726673 0.412924 -0.936232 -0.299903 0.895712 0.359393 
0.302037 0.0525094 0.449208 -0.499142 -1.50017 0.152687 
0.537002 0.434976 -0.5268 -0.478995 -0.868713 0.228548 
-0.13609 -0.150358 0.878542 -0.805607 -1.81799 0.359221 
0.297976 -0.0625314 0.33894 -0.588196 -1.23184 0.350504 
0.534925 0.449108 -0.654569 -0.635934 -0.701504 0.446388 
-0.145125 -0.433768 0.728156 -0.893856 -1.45582 0.764754 
0.293132 -0.116801 0.17485 -0.77033 -0.978959 0.638924 
0.532428 0.487192 -0.822119 -0.956566 -0.541577 0.843911 
-0.154828 -0.497061 0.448608 2.00668 1.23531 -1.92855 
0.287449 -0.111204 -0.046909 -1.12385 -0.790841 1.10718 
0.529364 0.573959 -1.07403 -1.59437 -0.486802 1.58529 
-0.16294 -0.415997 0.0677693 1.67783 1.19178 4.87027 
0.282436 -0.0400401 -0.343656 -1.64432 -0.775756 -4.52127 
-0.775556 -0.221643 -0.443081 1.75422 1.79958 -0.885005 
-0.166243 -0.214093 -0.448965 1.37183 1.32241 -0.883263 
0.280309 0.122729 -0.770555 1.04688 0.986683 -0.762094 
0.464085 0.145082 0.353595 -0.311352 -1.45648 -0.049361 
0.59549 0.516578 -0.633562 -0.315705 -0.830983 0.020795 
0.215743 -0.134171 0.871001 -0.500483 -1.6594 0.103005 
0.461386 0.0311285 0.251288 -0.376409 -1.1586 0.0991988 
0.594073 0.534438 -0.767841 -0.439703 -0.632023 0.202109 
0.20876 -0.427381 0.728351 -0.623283 -1.17518 0.432265 
0.458093 -0.0275072 0.094912 -0.526543 -0.846454 0.33849 
0.592337 0.580527 -0.950775 -0.765478 -0.413504 0.601796 
-0.29793 -0.881699 0.843891 -1.10116 -1.26502 1.22037 
0.200373 -0.500145 0.453633 -0.978053 -0.828863 0.939315 
0.453844 -0.0277778 -0.122626 -0.928527 -0.562992 0.843015 
0.589923 0.708531 -1.27904 -1.81945 -0.332496 1.75961 
-0.316269 -0.454256 -0.290467 1.38219 1.37023 -0.807157 
0.18886 -0.221371 -0.443308 1.0227 0.98394 -0.736419 
0.447133 0.217509 -0.881355 0.763615 0.825211 -0.575981 
0.606604 0.27035 0.211103 -0.111214 -1.45918 -0.264476 
0.651527 0.617577 -0.772621 -0.116599 -0.821739 -0.234697 
0.529262 0.0203703 0.734028 -0.166668 -1.63477 -0.19128 
0.606094 0.161522 0.116687 -0.12821 -1.15409 -0.188082 
0.65136 0.644424 -0.921658 -0.156717 -0.597736 -0.145188 
0.527916 -0.262574 0.617673 -0.200792 -1.0999 -0.0502701 
0.605772 0.0994595 -0.029253 -0.168067 -0.805949 -0.0780472 
0.651413 0.714448 -1.14733 -0.294149 -0.3049 0.0556724 
0.362817 -0.878505 0.848835 -0.60981 -0.619456 0.509864 
0.525796 -0.359958 0.365936 -0.375408 -0.57354 0.224559 
0.604923 0.0944534 -0.241689 -0.341936 -0.40254 0.181086 
0.601597 0.164896 -0.553802 -2.13484 -0.209035 2.08152 
0.343743 -0.462053 -0.286412 0.651842 0.862845 -0.46063 
0.515282 -0.112629 -0.533982 0.485538 0.705992 -0.381822 
0.59794 0.384355 -1.09888 0.335729 0.743057 -0.251515 
0.727819 0.422713 0.0192202 0.0823757 -1.49905 -0.481788 
0.704532 0.749703 -0.966607 0.0948471 -0.840646 -0.518911 
0.764634 0.24205 0.489099 0.12987 -1.69492 -0.451476 
0.729602 0.324148 -0.0717172 0.116121 -1.21601 -0.479175 
0.705993 0.802473 -1.15937 0.166194 -0.608983 -0.555721 
0.829103 -0.124725 0.865629 0.221115 -1.58354 -0.460736 
0.769119 -0.000617474 0.39251 0.192152 -1.23181 -0.481911 
0.732946 0.270085 -0.217267 0.20188 -0.892311 -0.517916 
0.838611 -0.465066 0.647395 0.410849 -0.880838 -0.649512 
0.776119 -0.109675 0.170377 0.394326 -0.744795 -0.636496 
0.738237 0.269454 -0.433334 0.478874 -0.525008 -0.738402 
0.845688 -0.4631 0.215809 1.28029 -0.397991 -1.47588 
0.831176 -0.230251 -0.436444 -0.384427 0.703814 0.299157 
0.769312 0.114965 -0.761877 -0.298379 0.668773 0.236778 
1.11067 -0.0487869 0.542783 0.593823 -1.45269 -0.827431 
0.843166 0.371017 -0.450026 0.581058 -0.830986 -0.929726 
1.64221 -0.262814 0.955631 0.97471 -1.83769 -0.983713 
1.11687 -0.16266 0.420971 0.724159 -1.20558 -0.991415 
0.84662 0.384919 -0.578137 0.797314 -0.691671 -1.12783 
1.12335 -0.208289 0.245393 0.944437 -1.01277 -1.22894 
0.850534 0.422983 -0.744025 1.15341 -0.597535 -1.46771 
1.12944 -0.192214 0.0161985 -1.87644 0.907901 -4.70102 
0.85582 0.790642 -1.58314 2.20389 -0.824659 3.73533 
2.33797 -0.201541 -0.458845 -1.86979 1.93358 0.855196 
1.66582 -0.284688 -0.396044 -1.43954 1.41058 0.879512 
0.953424 0.0876819 0.411906 0.410465 -1.43892 -0.68861 
0.79183 0.473641 -0.578298 0.424576 -0.821786 -0.794422 
1.27169 -0.199907 0.91788 0.671353 -1.67775 -0.787092 
0.958587 -0.0258916 0.302775 0.519723 -1.16049 -0.802851 
0.795055 0.490629 -0.711308 0.618098 -0.651293 -0.964044 
1.28203 -0.48597 0.759628 0.825077 -1.27995 -1.09271 
0.964827 -0.0787976 0.13829 0.733173 -0.908234 -1.01018 
0.798978 0.53857 -0.896269 1.01026 -0.509382 -1.33441 
1.87909 -0.815448 0.81251 1.15684 -1.62067 -1.6491 
0.971316 -0.0715468 -0.0851105 1.12369 -0.732543 -1.38908 
0.803236 0.652189 -1.19491 -1.44795 0.503926 1.13574 
1.89284 -0.430819 -0.303158 -1.54161 1.53853 0.836426 
1.2938 -0.261856 -0.412617 -1.13352 1.08372 0.786019 
0.968249 0.154606 -0.806754 -0.849541 0.856407 0.640182 
0.822273 0.246575 0.237789 0.231133 -1.45869 -0.56688 
0.743637 0.595751 -0.742706 0.252317 -0.826772 -0.647308 
0.962759 -0.00154872 0.752402 0.366211 -1.6526 -0.57798 
0.826138 0.138449 0.140803 0.303734 -1.16853 -0.619618 
0.746193 0.621689 -0.890192 0.393937 -0.625127 -0.759571 
0.970906 -0.278358 0.626068 0.490806 -1.17599 -0.74528 
0.8313 0.0817707 -0.0126551 0.46588 -0.865912 -0.753125 
0.749848 0.692465 -1.11613 0.788248 -0.412566 -1.12518 
1.26322 -0.828169 0.826546 0.971 -1.01752 -1.31389 
0.980571 -0.367525 0.369297 0.83037 -0.797008 -1.08767 
0.837514 0.0822365 -0.230818 0.862337 -0.59058 -1.11539 
1.26588 -0.444211 -0.295769 -0.995142 1.0322 0.668111 
0.976957 -0.126426 -0.521854 -0.75406 0.804539 0.577273 
0.832856 0.352404 -1.05493 -0.542835 0.779746 0.40525 
0.714734 0.424118 0.0172636 0.0604614 -1.49847 -0.46218 
0.698601 0.751514 -0.96931 0.0703048 -0.839594 -0.490725 
0.740602 0.243059 0.488102 0.0976394 -1.69343 -0.428605 
0.716263 0.325517 -0.0732854 0.0885551 -1.21457 -0.451493 
0.69986 0.804765 -1.16293 0.128739 -0.605717 -0.512898 
0.786364 -0.125607 0.866879 0.170411 -1.57648 -0.421881 
0.744514 -3.34134e-05 0.391978 0.151355 -1.22607 -0.442566 
0.71923 0.271159 -0.218348 0.161927 -0.887197 -0.475063 
0.794988 -0.468112 0.649528 0.335092 -0.854407 -0.567639 
0.750756 -0.109851 0.170716 0.327401 -0.726169 -0.56432 
0.723996 0.269873 -0.43365 0.407799 -0.50669 -0.660544 
0.800501 -0.46655 0.218082 1.23459 -0.32008 -1.41258 
0.7544 -0.0841291 -0.183154 -1.88327 0.271831 1.7165 
0.786078 -0.231883 -0.435189 -0.270682 0.685175 0.211646 
0.74319 0.11481 -0.761295 -0.21037 0.656406 0.167908 
0.305584 -0.044082 0.334835 -0.4627 -1.37262 0.190621 
0.538837 0.5884 -1.05 -0.606925 -0.603675 0.397209 
-0.128465 -0.255311 0.845295 -0.707422 -1.78148 0.405728 
0.302048 -0.0994942 0.177671 -0.555398 -1.1326 0.371659 
-0.136095 -0.463291 0.655472 -0.783224 -1.43778 0.739985 
0.297954 -0.100049 -0.0297786 -0.726264 -0.906943 0.632555 
-0.145039 -0.482938 0.35547 -0.978724 -1.20302 1.11386 
0.293117 -0.0446954 -0.299405 -1.05255 -0.727218 1.06119 
-0.163082 -0.141802 -0.607923 1.51298 1.18179 -0.979552 
0.466405 0.0512739 0.243536 -0.287416 -1.33426 -0.0435667 
0.596774 0.739695 -1.28081 -0.448365 -0.503522 0.171322 
0.221481 -0.234299 0.834655 -0.443196 -1.627 0.105552 
0.464144 -0.0055846 0.09226 -0.354423 -1.06645 0.0911575 
0.215749 -0.451046 0.652288 -0.540389 -1.19193 0.369815 
0.461386 -0.0096397 -0.111634 -0.493436 -0.790997 0.303687 
-0.2814 -0.876758 0.859367 -0.900791 -1.29012 1.03384 
0.208747 -0.480146 0.358015 -0.798188 -0.85064 0.756496 
0.458094 0.0417504 -0.381274 -0.847421 -0.526047 0.745778 
-0.297935 -0.755468 0.381994 1.91883 1.13017 4.6926 
0.192372 -0.149165 -0.600085 1.15262 0.8408 -0.882539 
0.607271 0.18512 0.101554 -0.104494 -1.34332 -0.284714 
0.530624 -0.0679661 0.698981 -0.152937 -1.6159 -0.22015 
0.606604 0.128456 -0.043128 -0.126364 -1.06576 -0.215519 
0.529383 -0.286458 0.542283 -0.182258 -1.14341 -0.104553 
0.606132 0.119415 -0.240255 -0.169555 -0.759255 -0.116794 
0.369031 -0.856082 0.857378 -0.414589 -0.808281 0.263959 
0.527954 -0.339954 0.268758 -0.284859 -0.685226 0.080182 
0.605783 0.173334 -0.517863 -0.314383 -0.401854 0.0956433 
0.362795 -0.756153 0.388902 -1.07651 -0.387994 1.03644 
0.525619 -0.266367 -0.113505 -0.922974 -0.252865 0.811887 
0.352283 -0.485794 -0.235078 0.820994 0.584229 -0.720247 
0.520503 -0.0396063 -0.69335 0.536349 0.514411 -0.518089 
0.72663 0.346016 -0.0896584 0.0674999 -1.3853 -0.51814 
0.762534 0.168444 0.458876 0.0995113 -1.68636 -0.494846 
0.727716 0.296094 -0.233871 0.0912254 -1.12072 -0.515614 
0.822653 -0.0983638 0.855127 0.163549 -1.72632 -0.491248 
0.764645 -0.0285564 0.323617 0.135273 -1.26255 -0.508931 
0.729592 0.295871 -0.439865 0.14873 -0.822917 -0.54022 
0.82857 -0.441996 0.648882 0.25323 -1.06373 -0.587421 
0.769138 -0.0962289 0.074062 0.247245 -0.827249 -0.586532 
0.732951 0.362243 -0.740911 0.347886 -0.475467 -0.702041 
0.838543 -0.455362 0.238333 0.6513 -0.53296 -0.959924 
0.776106 -0.0386962 -0.303177 0.735497 -0.398495 -1.03466 
0.73823 0.64991 -1.41954 -1.06706 0.266505 -5.54763 
0.845688 -0.248376 -0.377352 -1.0019 0.456414 0.733155 
0.780805 0.208874 -0.954726 -0.719702 0.496818 0.462334 
1.10569 -0.147154 0.423985 0.542286 -1.32537 -0.940228 
0.840265 0.499495 -0.927223 0.703092 -0.595215 -1.16608 
1.63362 -0.375314 0.923529 0.843456 -1.79347 -1.13128 
1.11092 -0.198308 0.257766 0.673358 -1.1004 -1.09486 
0.843167 0.63237 -1.24878 1.14219 -0.461979 -1.61177 
1.66566 -0.197817 -0.568602 1.51928 -1.36438 3.9427 
1.13255 0.335918 -1.30155 2.02893 -1.06487 -2.61536 
0.949308 -0.00630948 0.298715 0.367661 -1.31542 -0.768731 
0.789242 0.655279 -1.15092 0.54471 -0.532721 -1.01272 
1.26271 -0.306423 0.883094 0.577017 -1.63257 -0.885883 
0.953428 -0.062729 0.143371 0.470981 -1.05883 -0.875914 
1.27168 -0.514067 0.686222 0.709135 -1.25253 -1.134 
0.95859 -0.0637079 -0.0646015 0.670485 -0.822176 -1.0733 
1.86653 -0.821605 0.831079 0.991173 -1.58759 -1.6552 
0.964821 -0.00650325 -0.33839 -2.08301 0.650363 1.68153 
0.971316 0.13071 -0.725998 -1.48152 0.650318 1.06771 
1.29891 -0.177599 -0.579457 -1.35567 1.04006 0.785711 
0.819859 0.160237 0.129577 0.200499 -1.34303 -0.620344 
0.95678 -0.0929001 0.719248 0.304395 -1.62571 -0.639616 
0.822394 0.103565 -0.0175913 0.262339 -1.07202 -0.668449 
0.962778 -0.307479 0.555115 0.395599 -1.18404 -0.765549 
0.826087 0.0985894 -0.220006 0.397687 -0.791051 -0.78464 
1.24674 -0.819848 0.839584 0.743877 -1.06584 -1.20189 
0.970907 -0.353893 0.27598 0.641288 -0.814075 -1.01612 
0.83119 0.15373 -0.498639 0.756045 -0.521504 -1.12332 
1.27453 -0.45673 -0.250874 -1.35493 0.920598 0.832511 
0.986319 -0.0440508 -0.689761 2.07098 -0.727032 -2.44553 
0.71378 0.347538 -0.0915553 0.0483535 -1.38493 -0.496781 
0.738769 0.169458 0.457511 0.0723728 -1.68504 -0.470594 
0.714661 0.297622 -0.235632 0.066976 -1.11982 -0.487004 
0.780766 -0.0984761 0.855727 0.120922 -1.72255 -0.455952 
0.740602 -0.0275551 0.322723 0.101804 -1.25954 -0.471863 
0.716257 0.297316 -0.441472 0.113593 -0.820121 -0.4982 
0.786142 -0.443787 0.650267 0.196728 -1.05021 -0.521058 
0.744533 -0.0956675 0.0737524 0.195705 -0.81815 -0.525771 
0.719233 0.363485 -0.742342 0.282374 -0.465077 -0.625973 
0.794987 -0.457965 0.240265 0.554278 -0.490896 -0.842533 
0.750752 -0.0390707 -0.302428 0.642798 -0.364698 -0.926144 
0.723992 0.652034 -1.42296 2.17622 -0.235925 -2.48882 
0.800514 -0.251674 -0.374605 -0.864265 0.401313 6.91189 
0.754406 0.207564 -0.952992 -0.605647 0.465763 0.376113 
-2.00982 -0.720498 -0.437183 2.70246 1.79935 -0.227212 
0.620152 -0.268787 -0.7186 0.105546 0.842458 -0.112359 
0.27162 -0.970411 -0.81992 0.300929 1.63329 0.0216488 
1.88398 -0.67647 -0.428352 -1.40155 1.322 0.420571 
0.864879 -0.13168 -0.817907 -0.389813 0.834598 0.181269 
2.75261 -0.4065 -0.36287 -2.25961 1.9697 -5.71959 
-1.43232 -0.845622 -0.897401 1.8176 1.37503 -6.14613 
1.02767 0.0749477 -1.01563 -0.7888 0.929681 0.404754 
1.6641 -0.132567 -0.678372 -1.60135 1.38161 0.75534 
-0.458551 -0.627147 -0.423972 1.38208 1.27669 -0.586538 
0.453604 -0.0924199 -0.848805 0.477671 0.827038 -0.34733 
0.738904 -0.992887 -0.424009 -0.0660697 1.25067 -0.0487348 
0.650467 -0.610748 -0.424745 0.0316914 0.869105 -0.0751013 
0.676968 0.0353435 -0.971076 -0.00299155 0.76922 -0.056743 
2.2691 -0.70432 -0.251682 -1.83456 1.54032 0.556248 
1.13489 -0.414927 -0.484779 -0.852263 0.888701 0.450387 
0.850096 0.265042 -1.24614 -0.467931 0.850421 0.212707 
1.30594 -0.112477 -0.690664 -1.32241 1.07968 0.731327 
-0.232679 -0.391575 -0.495944 1.36616 1.17693 -0.770124 
0.348709 0.157367 -1.10636 0.766773 0.897156 -0.513796 
0.306582 -0.391264 -0.494836 0.708693 0.809657 -0.512528 
0.542315 0.318746 -1.31959 0.352833 0.838266 -0.271134 
0.841427 -0.712233 -0.245087 -0.312805 0.770157 0.115512 
0.736561 -0.249564 -0.579444 -0.193444 0.629592 0.0665036 
1.28711 -0.38536 -0.362711 1.82451 -0.968409 -2.36249 
0.998484 0.0243565 -0.813716 -1.01709 0.793589 6.90815 
-0.301144 -0.404847 -0.355641 1.52586 1.22181 -0.943164 
0.186499 -0.0822951 -0.714972 1.1113 0.895743 -0.805204 
0.335616 -0.415293 -0.344936 0.801867 0.657716 -0.668199 
0.508631 0.0295084 -0.818492 0.522722 0.604085 -0.472873 
0.822637 -0.186544 -0.493458 -0.796618 0.489322 0.549885 
0.767952 0.302715 -1.13364 -0.548064 0.583204 0.305016 
0.308739 -0.087062 0.17571 -0.439895 -1.23522 0.22367 
-0.121923 -0.338797 0.797114 -0.62785 -1.72181 0.444129 
0.305584 -0.088724 -0.0272052 -0.541314 -1.01469 0.40003 
-0.128466 -0.478678 0.571843 -0.700947 -1.39955 0.7255 
0.302022 -0.0374982 -0.286629 -0.722628 -0.80598 0.661845 
-0.745242 -0.500035 0.678523 -0.862222 -1.87379 1.15506 
-0.136385 -0.458833 0.250196 -0.865491 -1.16366 1.04421 
0.297966 0.08006 -0.636355 -1.07688 -0.635553 1.11303 
0.293132 0.388301 -1.30782 -1.79164 -0.633759 -4.29796 
0.468515 0.0101641 0.0854251 -0.272177 -1.19891 -0.0378712 
0.226367 -0.314356 0.784436 -0.395988 -1.5737 0.10826 
0.466426 0.0051945 -0.113583 -0.345587 -0.950447 0.0931754 
0.221486 -0.4626 0.566141 -0.481352 -1.18045 0.328411 
0.464085 0.0549204 -0.374984 -0.495768 -0.694202 0.307873 
-0.267918 -0.869249 0.867602 -0.755842 -1.32732 0.900237 
0.215749 -0.45099 0.249542 -0.68252 -0.859857 0.639098 
0.461383 0.176469 -0.73881 -0.90216 -0.443156 0.794236 
-0.282201 -0.759591 0.402059 2.12879 1.09275 -1.80724 
0.208845 -0.326098 -0.167607 -1.13632 -0.635711 1.20973 
0.200169 -0.0529349 -0.795783 1.25614 0.698752 -1.01647 
0.607966 0.145598 -0.054411 -0.0991448 -1.2094 -0.300499 
0.532049 -0.141873 0.652063 -0.138621 -1.57354 -0.242671 
0.607271 0.140868 -0.252663 -0.125488 -0.947394 -0.234847 
0.530823 -0.301203 0.458147 -0.166807 -1.14759 -0.144505 
0.606603 0.192325 -0.521056 -0.181741 -0.656317 -0.132338 
0.373566 -0.835144 0.859674 -0.324578 -0.957826 0.134911 
0.529323 -0.313029 0.158991 -0.246365 -0.742344 0.00225503 
0.606093 0.333652 -0.92627 -0.401019 -0.30277 0.144195 
0.369026 -0.749184 0.404551 -0.64274 -0.506385 0.548452 
0.527975 -0.20713 -0.251609 -0.583599 -0.329236 0.415984 
0.525874 0.0690166 -0.909877 0.593256 0.363438 -0.657443 
0.725895 0.312505 -0.247968 0.0591022 -1.24891 -0.548561 
0.760718 0.103375 0.417059 0.0810599 -1.65096 -0.530088 
0.726609 0.315335 -0.454473 0.0793215 -0.990837 -0.549189 
0.818927 -0.0797363 0.84611 0.130844 -1.82925 -0.523049 
0.762077 -0.0479916 0.245094 0.104026 -1.25827 -0.538001 
0.727724 0.383429 -0.752335 0.128883 -0.692042 -0.575301 
0.821996 -0.423105 0.646035 0.173154 -1.19973 -0.578741 
0.764652 -0.0753655 -0.0362141 0.170343 -0.860447 -0.579361 
0.729581 0.642431 -1.37176 0.438536 -0.255452 -0.86444 
0.828555 -0.444811 0.247991 0.357132 -0.67766 -0.745332 
0.769126 0.0194528 -0.451123 0.437077 -0.439177 -0.817354 
0.776107 0.397872 -1.31925 -0.777393 0.378911 0.400885 
1.10127 -0.187568 0.26095 0.509937 -1.19232 -1.035 
1.62462 -0.461798 0.872165 0.736128 -1.72463 -1.25252 
1.10572 -0.184402 0.0524692 0.645122 -0.984708 -1.18915 
1.11103 -0.128365 -0.209433 0.87208 -0.812779 -1.43378 
1.64212 -0.537899 0.289512 -2.15872 1.28412 1.38615 
1.12336 0.253844 -1.13437 1.74117 -0.771566 3.87959 
1.65995 -0.0994761 -0.770691 -1.71818 1.23501 -5.57331 
0.946001 -0.0483514 0.140359 0.340939 -1.18196 -0.837048 
1.25472 -0.389872 0.833076 0.50372 -1.57213 -0.965382 
0.949308 -0.051879 -0.0611506 0.444564 -0.941893 -0.944962 
1.26309 -0.526768 0.602456 0.619694 -1.21603 -1.17042 
0.953434 -0.00141098 -0.322029 0.649013 -0.713211 -1.15229 
1.27168 -0.49907 0.274256 0.849588 -0.967583 -1.4447 
0.964825 0.558057 -1.58687 -1.09219 0.635408 6.77702 
0.817871 0.119793 -0.0265266 0.181822 -1.20887 -0.666376 
0.952389 -0.168283 0.672858 0.259897 -1.57979 -0.690847 
0.81978 0.114923 -0.225217 0.240499 -0.952171 -0.715651 
0.956789 -0.324217 0.473114 0.330857 -1.17127 -0.789683 
0.822426 0.165856 -0.491904 0.371249 -0.679294 -0.834769 
1.23248 -0.810033 0.846456 0.583994 -1.12389 -1.13192 
0.962779 -0.330781 0.169408 0.512633 -0.814859 -0.977756 
0.82598 0.305851 -0.893553 0.795301 -0.395479 -1.25247 
0.970909 -0.218505 -0.245577 0.996994 -0.544566 -1.46624 
0.980571 0.0640797 -0.907585 1.93731 -0.601085 3.84195 
0.713214 0.314116 -0.249925 0.0417396 -1.24852 -0.525547 
0.737332 0.104475 0.41567 0.0577203 -1.64987 -0.504604 
0.713765 0.317016 -0.456493 0.0568429 -0.990001 -0.519042 
0.777649 -0.0794483 0.846331 0.0938185 -1.82686 -0.489607 
0.738453 -0.0468169 0.244035 0.0756658 -1.25638 -0.50199 
0.714666 0.385325 -0.754756 0.0948059 -0.689728 -0.531014 
0.780482 -0.424208 0.646934 0.128756 -1.192 -0.521401 
0.74061 -0.0744276 -0.0369335 0.12851 -0.855593 -0.52513 
0.71625 0.646979 -1.37899 0.346641 -0.243075 -0.757573 
0.786137 -0.446403 0.24924 0.281256 -0.657403 -0.647085 
0.744524 0.0199822 -0.45156 0.353353 -0.422198 -0.715606 
0.794967 -0.257652 -0.337424 1.37984 -0.255303 -1.71641 
0.750753 0.396876 -1.31748 -0.664927 0.353195 0.318613 
-2.01278 -0.609083 -0.627891 2.71284 1.56825 -0.251584 
0.264404 -1.00238 -0.770581 0.269538 1.45736 -0.0311593 
1.86927 0.510746 -2.52527 1.92441 -1.39624 -3.6649 
2.7439 -0.422961 -0.32944 -2.37608 1.85685 0.500435 
-1.43831 -0.632713 -1.24307 1.70624 1.19527 0.257532 
1.65896 -0.0174789 -0.910044 -1.69421 1.24932 0.648604 
-1.87261 -0.47024 -0.301604 2.64836 1.94593 -6.79186 
-0.440505 -0.522199 -0.608104 1.40455 1.11856 -0.602849 
-2.41181 -0.767599 -0.216049 3.06095 1.80826 6.11785 
0.660066 -0.503889 -0.607553 -0.0188939 0.763252 -0.108797 
2.24907 -0.723241 -0.215275 -1.96264 1.39939 0.538423 
1.13471 -0.311054 -0.675116 -0.959273 0.792542 0.418301 
1.30034 0.00193282 -0.918765 1.72333 -0.95721 -2.48052 
-0.222496 -0.293267 -0.684615 1.42978 1.02388 -0.82147 
0.315586 -0.291321 -0.682284 0.726664 0.675507 -0.579814 
0.848275 -0.729988 -0.204005 -0.4827 0.541498 0.177826 
0.740498 -0.14505 -0.779048 -0.300108 0.507637 0.0666392 
0.993596 0.158198 -1.07714 -1.12137 0.668247 0.586253 
-0.153098 0.0395378 -0.955089 1.57012 1.05037 -0.969816 
0.193973 0.0300667 -0.939999 1.18606 0.750176 -0.907866 
0.514582 0.162903 -1.07972 0.53019 0.459697 -0.564468 
-0.772436 1.06041 0.580286 -1.9353 -1.54586 -0.0653162 
-0.0547154 1.06087 0.584215 -1.2192 -1.59645 -0.069698 
0.433931 1.10696 0.198613 -0.74746 -1.37418 0.179153 
0.672217 1.42781 -0.618758 -0.636846 -0.916621 0.422916 
-0.76998 0.33798 0.867972 -1.97929 -1.49073 6.76775 
-0.0516901 0.519634 0.825332 -1.26521 -1.27892 0.363042 
0.435838 0.829322 0.343363 -0.828349 -1.06673 0.4398 
0.673091 1.29725 -0.520131 -0.788334 -0.695767 0.686629 
-0.0442982 -0.0420904 0.902849 -1.57727 -1.01897 1.06121 
0.439763 0.567632 0.420311 -1.02847 -0.770666 0.810005 
0.675427 1.18611 -0.459322 -1.0461 -0.50388 1.05336 
-0.035776 -0.391034 0.785557 1.12253 1.0466 -1.35514 
0.677549 1.09066 -0.424277 -1.46509 -0.394625 1.56256 
-0.028072 -0.492588 0.532287 0.855488 1.24781 -0.890944 
0.4476 0.171726 0.377669 -2.00623 -0.587403 2.0415 
0.679226 1.0082 -0.408471 -1.93586 -0.38886 -4.17867 
-0.0215349 -0.444372 0.191362 0.725162 1.48564 -0.594953 
0.450617 0.0604212 0.270735 0.763463 0.740059 -0.6342 
0.68061 0.936327 -0.407902 0.857029 0.453076 -6.9137 
0.290136 1.05833 0.557045 -0.797775 -1.60195 -0.0318818 
0.57749 1.14258 0.0790109 -0.536926 -1.26758 0.175923 
0.72 1.497 -0.764345 -0.521256 -0.80365 0.378767 
0.292838 0.531691 0.791244 -0.844824 -1.1791 0.322224 
0.579324 0.879683 0.219901 -0.615186 -0.947328 0.405597 
0.720894 1.36401 -0.657288 -0.676475 -0.578135 0.642223 
0.299162 -0.00244509 0.862026 -1.22953 -0.737186 0.997258 
0.582346 0.638855 0.290871 -0.820062 -0.621349 0.756419 
0.723127 1.25425 -0.595167 -1.00318 -0.374657 1.07717 
-0.29111 -0.843779 0.719559 0.948767 1.467 -0.98791 
0.306347 -0.334953 0.743845 1.11749 0.686853 -1.1403 
0.724929 1.16147 -0.56105 -1.65521 -0.282009 1.82072 
-0.278478 -0.673535 0.215422 0.829845 1.71949 -0.642697 
0.312389 -0.436281 0.492682 0.684231 0.953899 -0.559853 
0.588267 0.281055 0.241951 0.958131 0.439984 -0.802306 
0.726254 1.08312 -0.548128 0.873647 0.338013 5.64726 
0.317497 -0.391161 0.152082 0.515625 1.26332 -0.269479 
0.590438 0.18043 0.134924 0.559105 0.648425 -0.323331 
0.727324 1.01601 -0.551125 0.565856 0.453772 -6.55343 
0.321122 1.13596 0.770075 -0.686923 -1.83393 -0.21018 
0.585369 1.06114 0.433285 -0.395817 -1.50033 0.0293948 
0.702153 1.19928 -0.0830383 -0.307501 -1.13474 0.133088 
0.766841 1.59525 -0.962675 -0.350374 -0.662688 0.280237 
0.58747 0.588485 0.646057 -0.435739 -1.02669 0.267387 
0.70395 0.952245 0.0537336 -0.362898 -0.796761 0.32047 
0.767837 1.45141 -0.832932 -0.487565 -0.423458 0.52663 
0.592137 0.141267 0.701745 -0.758076 -0.475429 0.77443 
0.7066 0.731155 0.120079 -0.538435 -0.436077 0.625529 
0.769667 1.33925 -0.763409 -0.977233 -0.196038 1.12652 
0.344778 -0.836355 0.712248 0.590132 0.954134 -0.422872 
0.595887 -0.148241 0.591256 0.893562 0.362032 -0.738546 
0.708463 0.550075 0.11939 -1.51833 -0.191436 -4.5721 
0.770784 1.24949 -0.730856 -2.32416 -0.194782 2.56599 
0.35246 -0.658992 0.203587 0.424409 1.3574 -0.12681 
0.598346 -0.255212 0.355954 0.371899 0.752408 -0.114082 
0.709617 0.415034 0.0620214 0.507004 0.365891 -0.232323 
0.77136 1.17611 -0.721991 0.379561 0.362633 6.21696 
0.358741 -0.34216 -0.472398 0.377854 1.78178 0.0770161 
0.600733 -0.22482 0.0222562 0.251797 1.13663 0.0923233 
0.710562 0.327863 -0.0478685 0.270985 0.642297 0.0699129 
0.771816 1.11507 -0.730478 0.246643 0.526345 -6.16021 
0.801396 1.06269 0.597548 -0.0214148 -1.66021 -0.00191251 
0.807671 1.10276 0.214305 -0.0155524 -1.3171 0.0039039 
0.810975 1.28572 -0.300131 -0.0140539 -0.985598 0.0077114 
0.813248 1.77434 -1.30671 -0.021011 -0.467722 0.0187532 
0.806144 0.318525 0.885776 0.0258345 -0.932919 0.103318 
0.810972 0.693396 0.404616 0.0346634 -0.826736 0.0963838 
0.813663 1.04917 -0.160448 0.0483881 -0.617689 0.0812394 
0.81533 1.57814 -1.08227 0.128721 -0.226027 -0.00416594 
0.808815 -0.312253 0.847497 -1.81527 0.0458286 2.05366 
0.812858 0.337023 0.443703 0.186849 -0.260771 0.0595147 
0.814981 0.847953 -0.100276 0.218122 -0.228676 0.0286878 
0.816486 1.45995 -0.999628 2.46725 -0.0818369 -2.22689 
0.807127 -0.486048 0.525288 -0.0468773 0.683762 0.365099 
0.811626 0.101434 0.339447 3.02734 -0.283508 -2.70029 
0.814105 0.690718 -0.109034 -0.239758 0.144517 0.570663 
0.815679 1.37329 -0.967704 -3.25382 -0.318812 -2.70072 
0.805055 -0.389184 0.0432482 -0.012333 1.21071 0.396596 
0.81011 0.00360113 0.116917 -0.0218786 0.744403 0.412179 
0.812925 0.575783 -0.172521 -0.0370281 0.461836 0.431341 
0.814706 1.30606 -0.963879 -0.0356543 0.522961 -5.85271 
0.803896 -0.0940658 -0.667747 -0.000851939 1.72987 0.43997 
0.809212 0.0278881 -0.215859 -0.00421244 1.15605 0.446174 
0.812249 0.504573 -0.287502 -0.00831545 0.750952 0.45315 
0.814109 1.25254 -0.979864 -0.0103776 0.695426 0.456491 
1.64974 1.05883 0.564409 1.18889 -1.59031 0.04838 
1.18667 1.11466 0.171011 0.745117 -1.35854 -0.192008 
0.956255 1.44113 -0.647081 0.646945 -0.905737 -0.436207 
2.34202 0.346399 0.866524 1.95885 -1.52914 -0.298576 
1.18878 0.847855 0.308605 0.869977 -1.11295 -0.280624 
0.95812 1.31758 -0.555261 0.832847 -0.75276 -0.537446 
1.1879 0.596221 0.383177 1.08089 -0.875853 -6.76496 
0.958394 1.20839 -0.493214 1.08183 -0.616535 -0.7174 
0.956308 1.11096 -0.452357 1.38018 -0.505257 -0.970719 
1.17946 0.20202 0.350457 1.86649 -0.644563 -1.29976 
0.953537 1.02546 -0.431222 1.7508 -0.450461 -1.30821 
1.62406 -0.417246 0.179069 -0.793393 1.45849 1.30699 
1.17494 0.0881784 0.246948 2.2653 -0.742156 -1.71117 
1.88864 1.13413 0.767889 1.35133 -1.64554 -5.9602 
1.30924 1.05764 0.545237 0.759978 -1.59405 0.0220995 
1.04069 1.14821 0.0615035 0.5194 -1.254 -0.176269 
0.906006 1.50742 -0.785535 0.512451 -0.790319 -0.37651 
1.31135 0.542637 0.77165 0.863522 -1.198 -0.146386 
1.04307 0.892231 0.196855 0.656054 -0.969235 -0.240794 
0.907945 1.37931 -0.684866 0.737299 -0.60977 -0.503481 
1.30915 0.0261085 0.839323 1.25334 -0.809203 -6.91677 
1.04292 0.655757 0.266918 0.907619 -0.688656 -0.445552 
0.908336 1.2694 -0.619966 1.08932 -0.457961 -0.773304 
1.86635 -0.841954 0.72319 2.14167 -1.48014 -1.63089 
0.906231 1.17501 -0.581402 1.57239 -0.362974 -1.20002 
1.85376 -0.675964 0.220482 -0.871351 1.70238 1.26689 
1.29475 -0.41495 0.481973 -0.753647 0.950265 1.25466 
0.903575 1.09435 -0.564315 2.10937 -0.367733 -1.69449 
1.84181 -0.366347 -0.447466 -0.84301 1.98306 1.03231 
1.28775 -0.375506 0.143842 -0.548493 1.23762 1.02221 
1.01129 1.0605 0.429408 0.340306 -1.49456 -0.0272568 
0.911465 1.20223 -0.0917949 0.266383 -1.12459 -0.11733 
0.85653 1.60198 -0.975799 0.30847 -0.649269 -0.248428 
1.01445 0.592674 0.638413 0.443482 -1.02481 -0.0709837 
0.914185 0.956822 0.0438856 0.394607 -0.796572 -0.13857 
0.85869 1.4588 -0.847293 0.561821 -0.430321 -0.388402 
1.01446 0.151348 0.692054 0.848251 -0.509155 -0.446964 
0.914651 0.738347 0.108051 0.679569 -0.465398 -0.340353 
0.859329 1.34719 -0.778015 1.17137 -0.257191 -0.900215 
1.2287 -0.836031 0.713206 -0.615535 0.95659 0.993789 
1.00991 -0.137767 0.583264 2.16372 -0.394515 -1.74875 
0.857574 1.25659 -0.742881 2.14739 -0.244171 -1.80558 
1.21824 -0.66104 0.205671 -0.425205 1.34232 0.8033 
1.00493 -0.245863 0.349194 -0.403547 0.747122 0.836538 
0.855489 1.18203 -0.73158 2.67056 -0.37211 -2.27502 
1.20965 -0.344932 -0.469719 -0.358256 1.76258 0.695178 
1.0009 -0.217066 0.0162864 -0.25245 1.12384 0.702245 
0.906617 0.334666 -0.0558768 -0.286096 0.636475 0.747962 
0.853844 1.12022 -0.738809 -3.41538 -0.524066 3.85429 
0.756742 1.06223 0.59751 -0.0911641 -1.65937 -0.00824686 
0.783485 1.10272 0.214522 -0.0661844 -1.31777 0.016592 
0.797889 1.28549 -0.299626 -0.059477 -0.986597 0.0327334 
0.807238 1.77364 -1.3054 -0.0890951 -0.469844 0.0794753 
0.761313 0.31889 0.885616 -0.062673 -0.934938 0.14026 
0.786599 0.693404 0.405027 -0.0352714 -0.828491 0.133564 
0.800446 1.04895 -0.15977 -0.0218837 -0.619118 0.13128 
0.809152 1.5774 -1.08072 -0.0188961 -0.226558 0.134186 
0.764789 -0.312401 0.847728 -0.998037 -0.0226254 1.20782 
0.788865 0.336547 0.444488 0.00699862 -0.25829 0.215116 
0.802056 0.847684 -0.0995226 0.0573058 -0.226023 0.172595 
0.810464 1.45917 -0.998038 -0.322313 0.0644175 0.5544 
0.764319 -0.4861 0.525324 0.0375106 0.683273 0.264794 
0.788289 0.101084 0.339939 0.0206155 0.280582 0.289923 
0.801546 0.690243 -0.108248 -0.0306361 0.139895 0.34883 
0.809959 1.3727 -0.96659 -0.0340754 0.31601 0.356443 
0.763245 -0.389063 0.0431183 0.0353011 1.21168 0.341729 
0.787308 0.00317048 0.11727 0.0257381 0.744797 0.353534 
0.800702 0.575346 -0.17189 0.019735 0.461555 0.364974 
0.809221 1.30552 -0.962919 0.00646017 0.522304 0.383543 
0.761416 -0.0957147 -0.664048 0.0386229 1.72872 0.405092 
0.786794 0.0275384 -0.215585 0.0259042 1.1568 0.409615 
0.800254 0.504217 -0.287185 0.0234949 0.751493 0.41401 
0.808785 1.25004 -0.975438 0.0180528 0.693748 0.424056 
-0.769952 1.09559 0.559826 -1.94391 -1.75823 -0.223256 
-0.0516903 0.942207 0.65191 -1.21431 -1.79663 -0.164936 
0.435958 0.886877 0.318036 -0.702234 -1.51043 0.0969897 
0.673233 1.14976 -0.431891 -0.55651 -1.03704 0.277128 
-0.0546173 0.379079 0.86209 -1.23583 -1.45884 0.310691 
0.433949 0.614146 0.416852 -0.806264 -1.17767 0.380042 
0.672509 1.0388 -0.379876 -0.717828 -0.79898 0.546765 
-0.0517338 -0.160734 0.893221 1.6467 1.15797 -2.1365 
0.435717 0.367307 0.445611 -1.03421 -0.849259 0.792378 
0.673259 0.944536 -0.36046 -0.993125 -0.573628 0.940194 
-0.0442994 -0.445137 0.73091 1.24291 1.11862 -1.43119 
0.439731 0.176118 0.402388 1.64446 0.641386 4.5583 
0.675429 0.867063 -0.366845 -1.4777 -0.432633 1.53495 
-0.0357991 -0.496658 0.445083 0.952724 1.27704 -0.936386 
0.444007 0.0539911 0.296099 1.08815 0.663709 -1.03934 
-0.0281851 -0.413626 0.0741902 0.800314 1.50567 -0.607867 
0.447573 -0.00371508 0.137902 0.740909 0.839397 -0.587084 
0.679226 0.761293 -0.44055 0.743766 0.550446 -0.522949 
0.292839 0.942426 0.622102 -0.786417 -1.78772 -0.128518 
0.579014 0.935819 0.193692 -0.49548 -1.4031 0.0766097 
0.721162 1.21793 -0.56413 -0.439169 -0.937885 0.220169 
0.290136 0.397448 0.82752 -0.827765 -1.3317 0.252301 
0.577557 0.681135 0.290474 -0.595223 -1.05617 0.321797 
0.720585 1.10683 -0.50652 -0.596448 -0.691001 0.481605 
0.292839 -0.117341 0.855964 -1.15986 -0.854113 0.901187 
0.579015 0.455587 0.316964 -0.817112 -0.698263 0.69786 
0.721194 1.01592 -0.487577 -0.901727 -0.451854 0.900485 
-0.304757 -0.849743 0.738119 -2.02102 -1.43946 2.01068 
0.582333 0.281545 0.272891 1.73709 0.446296 -1.71519 
0.72314 0.94278 -0.497071 -1.58558 -0.313627 1.69348 
-0.290991 -0.683147 0.232274 0.94722 1.6582 -0.72338 
0.306348 -0.446746 0.410632 0.77374 0.954033 -0.646022 
0.58562 0.170183 0.166258 0.924293 0.500087 -0.786561 
-0.278378 -0.371347 -0.437378 0.902492 1.94791 -0.366176 
0.312416 -0.365445 0.0378914 0.570748 1.26712 -0.308865 
0.588267 0.1187 0.00661446 0.544011 0.738872 -0.312502 
0.726255 0.849485 -0.584725 0.507763 0.550347 -0.233926 
0.587643 0.956354 0.491358 -0.372249 -1.69108 -0.0779092 
0.703947 1.00655 0.0275668 -0.26762 -1.28689 0.0156315 
0.767894 1.30282 -0.725661 -0.264029 -0.834105 0.102952 
0.585214 0.475866 0.67848 -0.427616 -1.18804 0.168495 
0.7026 0.769556 0.123933 -0.350448 -0.923909 0.216922 
0.766888 1.19116 -0.662691 -0.405625 -0.566055 0.347724 
0.587641 0.0420665 0.701067 -0.687525 -0.605251 0.625048 
0.703953 0.565093 0.148054 -0.524962 -0.531105 0.524182 
0.767902 1.10046 -0.639948 -0.73192 -0.29348 0.786941 
0.335256 -0.854174 0.736769 0.777894 0.829295 -0.651211 
0.592137 -0.209637 0.553582 -1.97252 -0.348938 2.0701 
0.706571 0.40984 0.101063 1.74992 0.22126 4.65817 
0.769667 1.03238 -0.654671 -2.06572 -0.184083 2.231 
0.344822 -0.675404 0.223744 0.501139 1.23527 -0.231699 
0.595888 -0.272975 0.281011 0.434108 0.715798 -0.214439 
0.70846 0.312913 -0.00928443 0.507427 0.401574 -0.279245 
0.770782 0.986482 -0.700214 -2.76185 -0.391282 3.02045 
0.352541 -0.356886 -0.452569 0.416812 1.68114 0.0173738 
0.598303 -0.206207 -0.0884845 0.278411 1.12784 0.0420034 
0.709626 0.271735 -0.174662 0.266105 0.72099 0.0442562 
0.77136 0.958039 -0.767309 0.228419 0.61513 0.103342 
0.806136 1.10558 0.566618 0.0223515 -1.94366 -0.110402 
0.811006 1.01534 0.262401 0.0254634 -1.54931 -0.120531 
0.813662 1.10768 -0.191017 0.0301975 -1.18841 -0.131966 
0.815329 1.42072 -0.944737 0.0435074 -0.748051 -0.153024 
0.801395 0.370205 0.879231 -0.0224767 -1.24951 0.00709601 
0.807664 0.605009 0.433874 -0.0174539 -1.03895 0.00882609 
0.81121 0.882176 -0.088037 -0.0162728 -0.794199 0.011529 
0.813247 1.29804 -0.860067 -0.0223429 -0.438064 0.0202335 
0.806143 -0.304392 0.871331 0.0715572 -0.296081 0.0502512 
0.811006 0.255084 0.449651 0.0605847 -0.433864 0.0650007 
0.813663 0.697237 -0.0678576 0.0796177 -0.35883 0.0461551 
0.815338 1.20806 -0.836901 0.289894 -0.103794 -0.16727 
0.808806 -0.50325 0.553463 -0.0973242 0.475827 0.324728 
0.812858 0.043644 0.311344 -0.27763 0.175873 0.513735 
0.81508 0.563305 -0.123219 2.60591 -0.0978672 -2.36672 
0.816486 1.15024 -0.866571 -0.211389 0.245951 0.447201 
0.807104 -0.406839 0.0666255 -0.0338618 1.06292 0.34521 
0.811609 -0.0187863 0.0496395 -0.0516661 0.692342 0.371499 
0.814121 0.484659 -0.24198 -0.0763388 0.480406 0.40131 
0.81568 1.11936 -0.933698 -0.0703374 0.538068 0.394833 
0.805106 -0.111779 -0.642641 -0.0115886 1.61918 0.391721 
0.810108 0.0451729 -0.329542 -0.0162442 1.14923 0.402733 
0.812935 0.459892 -0.421712 -0.0226831 0.826773 0.413638 
0.814706 1.11025 -1.02988 -0.0251725 0.784661 0.417385 
1.64978 0.934242 0.63048 1.22997 -1.74092 -0.0425553 
1.18853 0.893973 0.287679 0.761076 -1.46065 -0.305522 
0.95808 1.15996 -0.458225 0.641846 -1.00616 -0.519298 
2.34552 0.378483 0.86364 1.86769 -1.67024 -0.313791 
1.6496 0.392633 0.836686 -1.93388 1.44524 2.8232 
1.18668 0.629873 0.38717 0.805376 -1.16606 -0.38893 
0.956519 1.0522 -0.404492 0.728855 -0.792324 -0.559715 
1.18855 0.395968 0.411734 1.05016 -0.911076 -0.617525 
0.958154 0.963942 -0.389 1.01255 -0.638908 -0.770704 
0.958402 0.888975 -0.395121 1.40423 -0.544029 -1.10122 
1.64038 -0.45951 0.42929 -1.05954 1.30222 1.48742 
1.18414 0.0875129 0.269328 -1.24047 0.731678 1.67594 
1.63174 -0.386557 0.0634562 -0.889552 1.48756 1.2379 
1.17946 0.0252899 0.115825 2.26678 -0.846502 -1.8359 
1.88695 1.16642 0.741066 1.45986 -1.82164 -5.99331 
1.31134 0.939308 0.607897 0.803864 -1.75465 -0.0690568 
1.04307 0.941646 0.174105 0.53792 -1.37855 -0.283568 
0.907945 1.22661 -0.583726 0.50318 -0.924662 -0.456505 
1.30924 0.405191 0.812782 0.791503 -1.31757 -0.248372 
1.04069 0.690782 0.272411 0.577438 -1.04325 -0.316923 
0.905908 1.11723 -0.525562 0.588499 -0.679445 -0.478779 
1.04307 0.472052 0.295505 0.850917 -0.732682 -0.533141 
0.907951 1.02881 -0.507906 0.94901 -0.493462 -0.75124 
1.30914 -0.363861 0.678606 1.8119 -0.787119 4.8707 
0.908339 0.957526 -0.518145 1.53711 -0.402911 -1.26414 
1.86666 -0.682592 0.236381 -1.00001 1.65872 1.2363 
1.30245 -0.423975 0.399632 -0.861634 0.970764 1.23539 
0.906232 0.901534 -0.548986 -1.0085 0.432833 1.33641 
1.85386 -0.375353 -0.429829 -0.93955 1.91983 0.984135 
1.29475 -0.349299 0.0302643 -0.626916 1.25004 0.979696 
1.03518 0.135725 -0.00850612 2.506 -0.737899 -2.10106 
0.903575 0.86067 -0.599096 -0.627725 0.553284 0.998922 
1.01456 0.957135 0.484428 0.378231 -1.68535 -0.125384 
0.914293 1.01083 0.0181925 0.290692 -1.28487 -0.22893 
0.858696 1.30862 -0.736774 0.304706 -0.835946 -0.338736 
1.01125 0.479055 0.673027 0.368943 -1.17741 -0.147171 
0.911515 0.773961 0.115916 0.304884 -0.912851 -0.19011 
0.856529 1.1953 -0.670357 0.356985 -0.553598 -0.30718 
1.01455 0.0499948 0.69281 0.697198 -0.608219 -0.431352 
0.914074 0.571114 0.138421 0.566621 -0.537117 -0.355664 
0.858681 1.10649 -0.650695 0.819425 -0.309676 -0.664063 
1.23874 -0.852217 0.736518 -0.805415 0.844602 1.06322 
1.01448 -0.19829 0.54467 -1.22305 0.399713 1.5297 
0.859329 1.04033 -0.667858 1.94452 -0.25441 -1.69677 
1.2287 -0.675656 0.225038 -0.523629 1.23367 0.795519 
1.00992 -0.263613 0.274656 -0.499627 0.727169 0.839617 
1.21824 -0.35911 -0.449801 -0.415445 1.66565 0.659337 
1.00492 -0.197714 -0.0949015 -0.301195 1.11983 0.667607 
0.909018 0.279357 -0.182936 -0.311366 0.72018 0.699584 
0.855504 0.963855 -0.776043 -0.28867 0.617211 0.661167 
0.761324 1.10618 0.567696 -0.0541816 -1.94385 -0.122983 
0.786615 1.01502 0.26301 -0.0260346 -1.54829 -0.109179 
0.800441 1.10719 -0.190195 -0.0136983 -1.18721 -0.108331 
0.809154 1.42004 -0.943612 -0.00633399 -0.746591 -0.111136 
0.756771 0.370524 0.878744 -0.0956564 -1.25064 0.0301862 
0.783485 0.604934 0.434066 -0.0742895 -1.04021 0.0376428 
0.798222 0.882091 -0.087736 -0.0691379 -0.795542 0.0485336 
0.807238 1.29778 -0.859592 -0.0947644 -0.439915 0.085783 
0.761312 -0.304095 0.871285 -0.170906 -0.30081 0.266378 
0.786614 0.254791 0.450203 -0.0617333 -0.435474 0.165749 
0.80045 0.696908 -0.0671381 -0.0360802 -0.359807 0.147236 
0.809181 1.20632 -0.833699 -0.0459792 -0.102539 0.161605 
0.764785 -0.503463 0.553698 0.0429841 0.472691 0.171631 
0.788864 0.0429998 0.312125 -0.00797559 0.167029 0.229788 
0.802098 0.562702 -0.122215 -0.154077 0.0829552 0.382079 
0.810465 1.14911 -0.864481 -0.084651 0.238752 0.31497 
0.764309 -0.40688 0.0666477 0.0271154 1.06254 0.280685 
0.78828 -0.0193425 0.0501635 0.00893409 0.691113 0.302843 
0.801555 0.484158 -0.241395 -0.00965911 0.479008 0.327165 
0.809961 1.11839 -0.932003 -0.0216227 0.53554 0.342838 
0.762379 -0.112804 -0.640364 0.0336945 1.61857 0.354997 
0.787306 0.0447844 -0.329231 0.0191186 1.14959 0.364638 
0.800708 0.459432 -0.421184 0.0118787 0.826722 0.374628 
0.809221 1.10971 -1.02897 0.00456597 0.784174 0.385911 
-0.763219 1.12563 0.543466 -1.95076 -1.9488 -0.369087 
-0.0443047 0.812205 0.715148 -1.17648 -1.96758 -0.225646 
0.439785 0.669906 0.395156 -0.639351 -1.58497 0.0516731 
0.675442 0.926507 -0.368174 -0.496074 -1.0714 0.18696 
-0.76996 0.423832 0.848705 -1.85033 -1.88249 0.150876 
-0.0516718 0.239551 0.887696 -1.15372 -1.61774 0.271044 
0.435716 0.415943 0.444895 -0.747261 -1.25153 0.328344 
0.673238 0.839612 -0.358394 -0.655551 -0.841994 0.443907 
-0.773001 -0.250053 0.865917 1.35289 1.86639 4.06447 
-0.0547093 -0.255621 0.870398 -1.36177 -1.28495 0.925832 
0.433933 0.203492 0.422824 -0.990593 -0.922351 0.744479 
0.672215 0.766674 -0.375787 -0.952168 -0.617808 0.85295 
0.435739 0.0576698 0.329694 1.68984 0.707309 4.51123 
-0.763224 -0.434048 0.114259 1.25257 2.00134 -1.12393 
-0.0443046 -0.489768 0.355345 1.09144 1.28619 -1.01711 
0.439762 -0.0142089 0.173853 1.12447 0.722743 -1.06504 
0.67543 0.680311 -0.496476 -2.10133 -0.50582 2.22819 
-0.0357729 -0.375269 -0.0482348 0.898115 1.50267 -0.635193 
0.443969 -0.0207639 -0.0353182 0.760649 0.913084 -0.582085 
0.677546 0.668845 -0.595234 0.669716 0.662571 -0.451762 
0.299273 0.817578 0.679854 -0.748484 -1.94463 -0.200534 
0.582384 0.735756 0.266116 -0.441305 -1.4862 0.000396531 
0.723149 1.00165 -0.498341 -0.378488 -0.987973 0.108292 
0.292839 0.265593 0.85081 -0.768525 -1.46569 0.184978 
0.579016 0.500718 0.316279 -0.54453 -1.13127 0.238853 
0.72117 0.915642 -0.485541 -0.533526 -0.739726 0.360544 
0.290136 -0.210789 0.835641 -1.05181 -0.968383 0.781372 
0.577361 0.305627 0.296633 -0.779036 -0.768227 0.617565 
0.72024 0.845805 -0.503339 -0.853058 -0.49674 0.788858 
0.721167 0.796645 -0.553753 -1.55166 -0.349999 1.60127 
-0.304773 -0.693358 0.254224 1.10327 1.58555 -0.836985 
0.29928 -0.446481 0.326213 0.912648 0.928193 -0.785727 
0.582297 0.103595 0.050345 0.976886 0.538256 -0.864891 
0.723135 0.771388 -0.637446 -2.33549 -0.441876 2.49311 
-0.291058 -0.38466 -0.413767 1.00129 1.85545 -0.430947 
0.306323 -0.332535 -0.0809288 0.646454 1.24206 -0.370626 
0.585628 0.101215 -0.163712 0.562763 0.800244 -0.340001 
0.724931 0.77074 -0.75288 0.468155 0.661579 -0.217546 
0.591685 0.846569 0.539878 -0.334468 -1.85573 -0.17259 
0.7067 0.825136 0.0948257 -0.221808 -1.39502 -0.0897391 
0.76968 1.09277 -0.65605 -0.205544 -0.91227 -0.0314188 
0.58746 0.368214 0.697006 -0.380732 -1.33484 0.0626612 
0.703956 0.608216 0.14737 -0.302593 -1.01943 0.101079 
0.767905 1.00559 -0.637281 -0.332253 -0.634298 0.194386 
0.585335 -0.0393393 0.685344 -0.605323 -0.742093 0.471696 
0.702383 0.430068 0.130154 -0.492749 -0.618304 0.412416 
0.766889 0.938316 -0.655745 -0.660212 -0.352247 0.629764 
0.70395 0.30781 0.0392023 -1.19374 -0.276544 1.24131 
0.767902 0.895564 -0.714082 -1.85667 -0.202861 1.939 
0.335226 -0.695138 0.251572 0.627612 1.07988 -0.393774 
0.592136 -0.282091 0.205261 0.556537 0.638159 -0.38866 
0.706565 0.250409 -0.120182 0.587244 0.400973 -0.420244 
0.769645 0.882052 -0.816075 -2.74071 -0.429275 2.93184 
0.344899 -0.376638 -0.424452 0.470935 1.54495 -0.0663634 
0.595889 -0.1783 -0.206312 0.317901 1.08225 -0.0311561 
0.708463 0.257937 -0.346872 0.27719 0.767655 -0.00820252 
0.770784 0.903193 -0.967426 0.213857 0.728561 0.0716478 
0.812859 0.926263 0.298337 0.048745 -1.74866 -0.231549 
0.814753 0.943419 -0.127549 0.0509533 -1.34047 -0.253274 
0.81649 1.21449 -0.866404 0.0666043 -0.873534 -0.284756 
0.80614 0.426884 0.861723 0.0207688 -1.56015 -0.118947 
0.811 0.524499 0.445819 0.0268958 -1.242 -0.128686 
0.813664 0.741737 -0.068552 0.0345509 -0.945057 -0.140926 
0.81534 1.12132 -0.833509 0.0557156 -0.560114 -0.16834 
0.801395 -0.279004 0.887803 -0.0373149 -0.609125 0.0306217 
0.807706 0.190201 0.440411 -0.0254499 -0.630733 0.0205452 
0.811093 0.577648 -0.0837643 -0.024538 -0.494009 0.0216064 
0.813248 1.05461 -0.851646 -0.0472075 -0.203183 0.0462495 
0.806143 -0.516915 0.586989 -0.103112 0.202484 0.219691 
0.810984 -0.000311297 0.277622 -1.81209 0.0255655 1.93214 
0.813663 0.470633 -0.179143 0.964303 -0.0342558 -0.843326 
0.815338 1.02432 -0.930987 -0.162806 0.180396 0.281277 
0.808792 -0.429026 0.0997093 -0.0589643 0.854347 0.276891 
0.812847 -0.0334244 -0.0186533 -0.0878853 0.578065 0.313837 
0.815082 0.430307 -0.353835 -0.115197 0.450233 0.345163 
0.816486 1.04214 -1.08616 -0.0946511 0.570408 0.3217 
0.805981 -0.13704 -0.604398 -0.0288326 1.46378 0.331074 
0.811595 0.0707288 -0.450681 -0.0369432 1.10277 0.34839 
0.814108 0.459605 -0.611136 -0.0454649 0.874637 0.362582 
0.815679 1.14655 -1.3831 -0.0439152 0.959651 0.359593 
1.64623 0.802115 0.690392 1.23424 -1.88212 -0.14479 
1.18796 0.678175 0.362887 0.745725 -1.52339 -0.43812 
0.95841 0.937369 -0.396134 0.63562 -1.03493 -0.635763 
1.64989 0.253248 0.857144 1.19131 -1.57868 -0.469195 
1.18853 0.433613 0.411122 0.817474 -1.22211 -0.550568 
0.95812 0.853437 -0.386851 0.758903 -0.825743 -0.710287 
2.34552 -0.257888 0.872107 1.75497 -1.82487 -0.932988 
1.18668 0.228131 0.393069 0.989181 -0.916131 -0.747046 
0.956254 0.782102 -0.400434 0.9659 -0.614573 -0.868519 
0.958122 0.733182 -0.448851 1.42816 -0.536353 -1.26638 
0.958449 0.702071 -0.521613 -1.22843 0.572822 -4.83779 
1.63956 -0.348077 -0.0579356 -1.00266 1.49639 1.16069 
1.1843 0.0089723 -0.0568099 2.23274 -0.92912 -1.94943 
0.956316 0.688316 -0.61616 2.27987 -0.676591 4.26221 
1.30914 0.813792 0.663194 0.812395 -1.89622 -0.168048 
1.04292 0.74339 0.244276 0.52816 -1.45881 -0.399085 
0.908341 1.01119 -0.51942 0.492565 -0.976739 -0.561834 
1.31154 0.273992 0.832336 0.795056 -1.44529 -0.384208 
1.04242 0.510725 0.296445 0.592916 -1.11738 -0.458287 
0.907946 0.925998 -0.505518 0.611237 -0.735406 -0.615724 
1.3092 -0.192317 0.820842 -2.125 0.943405 2.38306 
1.04063 0.31873 0.278619 0.759833 -0.753834 -0.606053 
0.905865 0.855468 -0.519121 0.844681 -0.484609 -0.783485 
0.907942 0.810194 -0.572941 1.5227 -0.395505 -1.3822 
1.87874 -0.692254 0.257935 -1.15113 1.59418 1.20376 
1.30914 -0.423007 0.31442 -0.997403 0.959242 1.22021 
0.90834 0.787062 -0.658108 -0.970222 0.494946 1.17939 
1.86675 -0.386932 -0.406444 -1.05423 1.83976 0.934772 
1.3024 -0.31514 -0.0889548 -0.724146 1.23948 0.933458 
1.03942 0.119704 -0.179623 -0.677585 0.810937 0.961659 
0.906253 0.784571 -0.77017 -0.607421 0.672728 0.870711 
1.01444 0.848433 0.530392 0.389912 -1.84748 -0.222062 
0.914656 0.831185 0.0826829 0.290507 -1.39537 -0.337127 
0.859216 1.09744 -0.66517 0.297836 -0.921302 -0.442183 
1.01452 0.373395 0.688437 0.387221 -1.33257 -0.266762 
0.914034 0.613796 0.137894 0.32809 -1.0205 -0.321069 
0.858675 1.0115 -0.647481 0.381649 -0.639979 -0.442308 
1.01129 -0.0338045 0.679868 0.530648 -0.718391 -0.415992 
0.911508 0.435445 0.121496 0.433167 -0.60132 -0.364309 
0.856528 0.942883 -0.663353 0.595264 -0.333614 -0.569159 
0.914145 0.31575 0.0292373 -1.90902 0.294594 2.06792 
0.858681 0.902535 -0.725409 1.84075 -0.233196 -1.71687 
1.23875 -0.69399 0.251654 -0.653805 1.08977 0.799158 
1.01443 -0.271752 0.197691 -0.633862 0.665454 0.858115 
0.91465 0.260372 -0.131642 2.42641 -0.444597 -2.1916 
0.859336 0.891801 -0.831221 2.5948 -0.467178 -2.38476 
1.22869 -0.377366 -0.422546 -0.491677 1.53969 0.62346 
1.00991 -0.17027 -0.21201 -0.368619 1.0856 0.630765 
0.912031 0.267029 -0.356799 -0.356171 0.778447 0.64852 
0.857574 0.912452 -0.981417 -0.304921 0.741141 0.583797 
0.788865 0.92588 0.299112 0.00131796 -1.74744 -0.221692 
0.801984 0.943245 -0.127052 0.0130268 -1.3387 -0.231644 
0.81047 1.2138 -0.865279 0.0261259 -0.871249 -0.249506 
0.761312 0.426759 0.861647 -0.0504124 -1.55893 -0.102416 
0.786612 0.524053 0.446359 -0.0275109 -1.24078 -0.100854 
0.800455 0.741227 -0.0678442 -0.0156748 -0.943618 -0.104255 
0.809166 1.1207 -0.832571 -0.00813366 -0.558304 -0.108877 
0.75677 -0.278361 0.887338 -0.157832 -0.614857 0.129287 
0.783485 0.189834 0.440513 -0.108405 -0.633155 0.0875036 
0.798062 0.577364 -0.0833398 -0.104093 -0.496293 0.0916102 
0.807239 1.05433 -0.851166 -0.197003 -0.207066 0.192891 
0.761311 -0.516798 0.587059 0.248295 0.20633 -0.140226 
0.786614 -0.000880283 0.278001 1.83718 0.0264368 -1.72751 
0.800443 0.469996 -0.177648 -0.49866 -0.0254365 0.611981 
0.809164 1.02376 -0.92991 0.0262709 0.175946 0.0898922 
0.76478 -0.429249 0.0999582 0.0260103 0.852012 0.192774 
0.788859 -0.0341239 -0.0178874 -0.00238891 0.574444 0.223927 
0.802098 0.42959 -0.35282 -0.0296656 0.445885 0.255306 
0.810464 1.04098 -1.08409 -0.0375889 0.565958 0.264505 
0.763807 -0.136453 -0.605678 0.0242319 1.46425 0.290923 
0.788271 0.0702008 -0.450192 0.00638933 1.10192 0.306837 
0.801547 0.458962 -0.610314 -0.00557996 0.87327 0.322096 
0.809959 1.14506 -1.38051 -0.0129387 0.957446 0.331523 
0.444008 0.462659 0.428234 -0.577267 -1.58619 0.0454953 
0.677345 0.763701 -0.41497 -0.464556 -1.02217 0.149306 
-0.0442939 0.100034 0.900926 -1.03931 -1.72707 0.263144 
0.439485 0.246527 0.425348 -0.674545 -1.27213 0.293528 
0.675265 0.706692 -0.446911 -0.610576 -0.816346 0.380155 
-0.0516883 -0.333271 0.836587 -1.19944 -1.37109 0.84734 
0.435714 0.0829908 0.353949 -0.906024 -0.96115 0.676263 
0.673071 0.663691 -0.504674 -0.914694 -0.610498 0.786736 
0.433362 -0.0127707 0.216702 -1.34904 -0.753146 1.27077 
0.435746 -0.0355024 0.0141728 -1.91528 -0.755343 1.98335 
0.673236 0.65006 -0.732508 -2.13276 -0.567349 2.24157 
-0.0442956 -0.330169 -0.174723 1.02745 1.4692 -0.688252 
0.439764 0.00695418 -0.250321 0.819962 0.954599 -0.616691 
0.675432 0.694384 -0.920569 0.629259 0.789019 -0.407191 
0.585634 0.54915 0.294395 -0.393792 -1.50342 -0.0459944 
0.724747 0.849741 -0.549949 -0.346715 -0.954085 0.0438015 
0.299157 0.136381 0.860405 -0.685439 -1.56342 0.131898 
0.582153 0.348388 0.295719 -0.481865 -1.16521 0.163942 
0.722992 0.794011 -0.581067 -0.484521 -0.723434 0.26848 
0.292837 -0.284946 0.802048 -0.915558 -1.0588 0.651428 
0.578968 0.194487 0.229595 -0.704228 -0.809954 0.516565 
0.721032 0.754307 -0.641886 -0.818019 -0.48827 0.70494 
0.720239 0.741206 -0.746396 -1.58427 -0.367232 1.58524 
-0.315798 -0.705125 0.282594 1.29702 1.50604 -0.986749 
0.292759 -0.435712 0.23921 1.10386 0.885745 -0.981295 
0.579014 0.0818779 -0.105817 1.09765 0.554631 -1.01541 
0.721167 0.762067 -0.902783 0.781494 0.508324 -6.94648 
-0.304683 -0.401887 -0.38116 1.1315 1.73733 -0.526905 
0.299178 -0.292848 -0.203334 0.753917 1.18288 -0.467428 
0.582316 0.128677 -0.380215 0.616241 0.827969 -0.407117 
0.723138 0.84353 -1.15626 0.438502 0.812828 -0.204586 
0.595711 0.730172 0.579773 -0.304049 -1.96913 -0.24253 
0.70847 0.659798 0.117648 -0.192873 -1.4392 -0.168108 
0.770784 0.956603 -0.72224 -0.182091 -0.895416 -0.117667 
0.592011 0.26619 0.700426 -0.322363 -1.45804 -0.0367181 
0.706394 0.474103 0.125827 -0.247798 -1.08362 -0.011615 
0.769555 0.898546 -0.74514 -0.274481 -0.636756 0.0642035 
0.587635 -0.10428 0.655181 -0.49374 -0.866271 0.304333 
0.703936 0.330939 0.0642101 -0.415061 -0.680952 0.268851 
0.767902 0.865402 -0.816082 -0.605387 -0.346595 0.500329 
0.321124 -0.875035 0.793214 1.46567 0.6633 -1.43769 
0.58536 -0.278614 0.451445 -1.17898 -0.428982 1.14434 
0.702522 0.247283 -0.0679048 -1.0114 -0.329226 0.986271 
0.766888 0.863303 -0.938005 -1.90284 -0.225751 1.91084 
0.325544 -0.714395 0.285054 0.827432 0.913218 -0.635251 
0.587641 -0.279645 0.125582 0.775284 0.542032 -0.66728 
0.703949 0.230921 -0.274653 0.747747 0.382335 -0.649492 
0.767902 0.918838 -1.15506 0.406507 0.510934 -0.282526 
0.335288 -0.401748 -0.385587 0.55712 1.36626 -0.190087 
0.59214 -0.14506 -0.325932 0.385496 0.991668 -0.143823 
0.706571 0.291322 -0.57383 0.313981 0.778211 -0.097989 
0.811625 0.830488 0.328582 0.034638 -1.88146 -0.321132 
0.814027 0.79819 -0.110443 0.0352332 -1.41045 -0.339042 
0.815679 1.09912 -0.956473 0.0472907 -0.865855 -0.365059 
0.80881 0.478681 0.837114 0.0461083 -1.8397 -0.22595 
0.812853 0.449408 0.442112 0.0485513 -1.41597 -0.247678 
0.815079 0.627499 -0.0971397 0.0573531 -1.05539 -0.269581 
0.816486 1.04472 -0.982133 0.0920866 -0.588902 -0.318628 
0.806153 -0.238177 0.8932 0.025993 -0.926729 -0.134305 
0.811019 0.139668 0.412856 0.0347174 -0.82438 -0.143581 
0.813663 0.493628 -0.149011 0.0483701 -0.616754 -0.160135 
0.815338 1.01601 -1.05909 0.129592 -0.230363 -0.247325 
0.801391 -0.519235 0.617555 -0.218631 -0.0997839 0.217581 
0.807665 -0.0275083 0.231195 -0.0740503 -0.204091 0.0725028 
0.811092 0.418543 -0.283743 -0.0876926 -0.135184 0.0869224 
0.813248 1.0523 -1.25044 0.047988 0.198341 -0.0470459 
0.806132 -0.451929 0.14092 -0.037755 0.582855 0.150207 
0.810999 -0.0383478 -0.089092 -0.0655276 0.399656 0.180367 
0.813663 0.417742 -0.512337 -0.0780924 0.367206 0.193601 
0.808191 -0.16808 -0.555679 -0.0463255 1.24814 0.25259 
0.812825 0.103752 -0.576876 -0.0571127 0.99809 0.271187 
0.815081 0.518016 -0.880778 -0.0644457 0.888082 0.282108 
1.63972 0.659877 0.746797 1.17455 -1.99365 -0.266908 
1.18416 0.475088 0.39591 0.68501 -1.52466 -0.574637 
0.956198 0.775426 -0.443126 0.608201 -0.980666 -0.752281 
1.64623 0.118454 0.865512 1.13013 -1.68554 -0.625744 
1.18789 0.268023 0.388022 0.796893 -1.24566 -0.710445 
0.958373 0.723574 -0.481337 0.784697 -0.806736 -0.880001 
2.34203 -0.230282 0.873989 1.64307 -1.9549 -0.980447 
1.18853 0.110507 0.318822 0.989563 -0.961787 -0.917646 
0.958115 0.683342 -0.53953 1.04888 -0.622798 -1.09351 
0.956293 0.661734 -0.626323 1.50703 -0.495312 -1.498 
1.64623 -0.302481 -0.185827 -1.12698 1.46981 1.07287 
0.958395 0.719734 -0.951358 -0.792405 0.799238 0.890955 
1.30241 0.678143 0.714442 0.758476 -1.99611 -0.280427 
1.0394 0.558074 0.273639 0.474605 -1.47205 -0.506646 
0.906217 0.860568 -0.572918 0.457071 -0.934352 -0.65677 
1.30919 0.14995 0.83757 0.758893 -1.54659 -0.516432 
1.04278 0.361725 0.272017 0.578542 -1.1568 -0.591222 
0.908335 0.808057 -0.60782 0.628998 -0.728763 -0.767265 
1.31125 -0.262034 0.78234 0.946917 -1.05942 -0.853474 
1.04307 0.210841 0.207721 0.764858 -0.812357 -0.753473 
0.907945 0.769292 -0.668 0.926858 -0.502195 -0.999045 
0.905878 0.753791 -0.765739 1.60285 -0.356556 -1.60499 
1.88693 -0.708124 0.286357 -1.31047 1.48492 1.17057 
1.31134 -0.415936 0.228302 -1.14415 0.89077 1.20137 
1.04315 0.100798 -0.123901 1.98232 -0.580216 4.40177 
1.87905 -0.40342 -0.374902 -1.18058 1.7311 0.887271 
1.30914 -0.274361 -0.212898 -0.833277 1.19262 0.879501 
1.04294 0.14887 -0.398817 -0.730344 0.848947 0.867873 
0.908338 0.869471 -1.19462 -0.558428 0.832442 0.668078 
1.00991 0.731156 0.571384 0.350874 -1.95431 -0.316421 
0.91173 0.663843 0.108609 0.249378 -1.43312 -0.424871 
0.857573 0.962957 -0.733909 0.262783 -0.89487 -0.522371 
1.0144 0.272912 0.689751 0.376723 -1.4608 -0.377298 
0.91463 0.48173 0.112396 0.323617 -1.0903 -0.438806 
0.859329 0.909476 -0.764479 0.397193 -0.650895 -0.581119 
1.01456 -0.0955646 0.64717 0.501138 -0.869234 -0.510612 
0.914141 0.33872 0.053976 0.448083 -0.687108 -0.500535 
0.85868 0.873251 -0.828712 0.681955 -0.361021 -0.780577 
1.2384 -0.884112 0.796732 1.7071 -0.572661 -1.73256 
0.911517 0.253645 -0.0755376 0.945915 -0.296903 -0.92438 
0.856528 0.869804 -0.948446 1.96891 -0.200641 -1.9762 
1.24194 -0.716259 0.285891 -0.801549 0.895095 0.812364 
1.01456 -0.271479 0.119228 -0.786292 0.545043 0.879111 
0.914142 0.239722 -0.285043 2.35537 -0.398609 -2.25145 
0.858682 0.931823 -1.17644 2.68583 -0.530516 -2.61056 
1.23874 -0.401053 -0.385268 -0.582496 1.37121 0.588329 
1.01444 -0.135782 -0.333468 -0.447362 1.00688 0.584865 
0.91465 0.302418 -0.587114 -0.403759 0.80059 0.574116 
0.788289 0.830236 0.329166 -0.00597565 -1.88132 -0.311558 
0.8015 0.797818 -0.109761 0.00428788 -1.40997 -0.319212 
0.809959 1.09844 -0.955317 0.013889 -0.865125 -0.333058 
0.764788 0.478462 0.837291 -0.0202915 -1.83826 -0.215279 
0.788862 0.44882 0.442861 0.00131188 -1.41413 -0.222132 
0.802097 0.626811 -0.0962034 0.0146888 -1.05315 -0.235795 
0.810464 1.04375 -0.980606 0.0361819 -0.586003 -0.262847 
0.761314 -0.238179 0.893049 -0.0630747 -0.926333 -0.0650718 
0.786616 0.138956 0.413224 -0.0354823 -0.822737 -0.085645 
0.800439 0.49308 -0.148547 -0.0220829 -0.614816 -0.095391 
0.809164 1.01522 -1.05791 -0.0191826 -0.227502 -0.0970884 
0.756769 -0.518665 0.617206 -0.752793 -0.133418 0.748311 
0.783485 -0.0277198 0.231374 -0.307201 -0.213362 0.300652 
0.79806 0.418225 -0.283356 -0.353546 -0.143574 0.350212 
0.807238 1.05169 -1.24939 3.34432 -0.201719 -3.34032 
0.761309 -0.451896 0.141038 0.0916205 0.583293 0.0264657 
0.786612 -0.0388561 -0.0884749 0.0671163 0.398359 0.0478938 
0.800446 0.41709 -0.511366 0.0362987 0.364355 0.0794543 
0.764536 -0.168003 -0.55602 0.0208815 1.2466 0.203122 
0.788847 0.103025 -0.576065 -0.0015492 0.995471 0.222779 
0.802098 0.517092 -0.879461 -0.0165188 0.884927 0.239015 
0.447424 0.2816 0.413517 -0.527247 -1.52554 0.0654285 
0.679183 0.682438 -0.588171 -0.470662 -0.895945 0.16568 
-0.0357727 -0.0353776 0.899258 -0.922318 -1.77565 0.287706 
0.443964 0.116267 0.356745 -0.615354 -1.23872 0.282032 
0.677498 0.663983 -0.671014 -0.621581 -0.71577 0.389213 
-0.0446017 -0.394578 0.790149 -1.03931 -1.41338 0.782568 
0.439763 0.00852429 0.239948 -0.817332 -0.958088 0.612128 
0.675355 0.663939 -0.785902 -0.948927 -0.538826 0.808125 
0.433934 -0.012776 -0.186093 1.35337 0.751494 -1.27721 
0.672215 0.825936 -1.29552 0.86897 0.666132 -0.74914 
-0.769954 -0.19383 -0.495108 -1.51603 -1.98294 -3.90885 
-0.0517158 -0.278103 -0.305841 1.18501 1.40059 -0.77092 
0.435714 0.0832657 -0.520721 0.90572 0.961456 -0.67575 
0.588133 0.386519 0.278202 -0.358413 -1.45971 -0.0666412 
0.726216 0.785736 -0.742901 -0.351175 -0.831161 0.033045 
0.306311 0.0140733 0.854329 -0.607006 -1.61277 0.102203 
0.585617 0.230989 0.227368 -0.432834 -1.14991 0.112633 
0.724884 0.772395 -0.833122 -0.494109 -0.623367 0.250025 
0.299199 -0.341207 0.754631 -0.77911 -1.12286 0.529768 
0.582322 0.126201 0.117297 -0.620346 -0.821679 0.413222 
0.723137 0.786099 -0.972065 -0.892432 -0.407458 0.743208 
0.292872 -0.461242 0.504849 1.91692 0.825155 -1.97562 
0.57901 0.0818514 -0.0582145 -1.09854 -0.554281 1.01637 
0.721168 0.858439 -1.21379 -1.88649 -0.368887 1.85678 
0.290137 -0.414668 0.146886 -1.82363 -0.831535 1.93698 
-0.315774 -0.422055 -0.340464 1.2906 1.59909 -0.659923 
0.292839 -0.244715 -0.33152 0.89057 1.09542 -0.598707 
0.579015 0.211134 -0.665469 0.685889 0.833286 -0.489767 
0.709626 0.515697 0.0982515 -0.176594 -1.41669 -0.218822 
0.77133 0.916603 -0.946442 -0.188241 -0.772581 -0.155508 
0.59583 0.168435 0.689982 -0.279832 -1.53592 -0.111831 
0.708458 0.37171 0.0549853 -0.215369 -1.09557 -0.093986 
0.770784 0.920654 -1.06597 -0.285641 -0.525345 0.0165186 
0.592141 -0.153067 0.61004 -0.389 -0.9787 0.150166 
0.706571 0.271861 -0.0485657 -0.334146 -0.722119 0.125542 
0.769667 0.969959 -1.26784 -0.774171 -0.23166 0.602156 
0.325542 -0.875346 0.818596 -1.25857 -0.659019 1.23171 
0.587628 -0.289368 0.384311 -0.850969 -0.500505 0.754409 
0.703948 0.22971 -0.222756 -0.815538 -0.356203 0.722108 
0.321123 -0.729891 0.31927 1.09491 0.759934 -0.952726 
0.585313 -0.26467 0.0376652 1.07634 0.452427 -1.03075 
0.702511 0.259424 -0.485329 0.904861 0.356066 -0.873175 
0.325546 -0.428681 -0.338814 0.688617 1.16054 -0.3657 
0.587642 -0.101719 -0.453069 0.492351 0.869502 -0.302097 
0.703935 0.394617 -0.898818 0.369626 0.781335 -0.207877 
0.80987 0.727584 0.355678 0.0156798 -1.94813 -0.390086 
0.812917 0.671353 -0.132566 0.0168778 -1.40366 -0.40104 
0.814706 1.14648 -1.32793 0.0281171 -0.683612 -0.421365 
0.811622 0.374745 0.427832 0.0330112 -1.52516 -0.333232 
0.81417 0.540044 -0.168623 0.0392347 -1.09435 -0.351374 
0.80885 -0.190086 0.88764 0.0473728 -1.22209 -0.254457 
0.812821 0.102184 0.368335 0.0571647 -0.995521 -0.271305 
0.815083 0.448614 -0.268966 0.0770033 -0.705434 -0.299964 
0.806138 -0.507853 0.639878 0.0528259 -0.40405 -0.167253 
0.810996 -0.0376908 0.169121 0.064828 -0.403687 -0.179615 
0.813663 0.412409 -0.447073 0.118418 -0.238501 -0.235768 
0.80139 -0.467733 0.181311 0.0748958 0.286893 -0.0718162 
0.807671 -0.0286556 -0.170483 0.0759655 0.199699 -0.0744616 
0.811093 0.462098 -0.746445 0.0410202 0.28456 -0.0393545 
0.805878 -0.203431 -0.49444 -0.0249746 0.969434 0.132817 
0.810979 0.147635 -0.7119 -0.0344426 0.836041 0.143194 
0.813663 0.816764 -1.55733 -0.0329775 1.0124 0.138158 
1.17947 0.298422 0.38199 0.615859 -1.47092 -0.705613 
0.953531 0.697408 -0.618049 0.602572 -0.856579 -0.885353 
1.63955 -0.012132 0.864141 1.02062 -1.73591 -0.782861 
1.18415 0.140183 0.320877 0.740747 -1.21257 -0.847249 
0.956311 0.684424 -0.710028 0.819658 -0.707761 -1.06605 
1.18789 0.0388037 0.201176 0.957959 -0.976458 -1.06696 
0.958397 0.692167 -0.836443 1.1766 -0.585907 -1.38339 
0.958189 0.733805 -1.02032 -1.42542 0.536725 -5.01995 
2.34207 -0.198933 -0.484637 -1.65877 1.9521 0.937956 
1.64976 -0.253002 -0.318937 -1.23716 1.3862 0.974745 
1.18853 0.113321 -0.548005 2.15516 -0.964394 4.05379 
1.03497 0.396133 0.259002 0.415008 -1.42719 -0.603942 
0.903574 0.797891 -0.765937 0.44129 -0.807424 -0.761461 
1.30244 0.0288524 0.832758 0.677218 -1.59186 -0.636456 
1.03938 0.245457 0.205026 0.524996 -1.13645 -0.695209 
0.906231 0.789629 -0.864723 0.653282 -0.623727 -0.92837 
1.30913 -0.315106 0.731672 0.855721 -1.14566 -0.936905 
1.04291 0.144877 0.0926136 0.736538 -0.840426 -0.877778 
0.908338 0.808915 -1.01183 1.09333 -0.456713 -1.31782 
1.88693 -0.862331 0.809796 1.37699 -1.37614 -1.63713 
1.31135 -0.438627 0.487747 -1.88727 0.84029 1.77062 
1.04307 0.100962 -0.0809486 -1.97589 0.579005 -4.40901 
0.907945 0.894493 -1.27577 1.94407 -0.426272 -2.11347 
1.88698 -0.425565 -0.335422 -1.29703 1.57532 0.843402 
1.31137 -0.228529 -0.341457 -0.925559 1.089 0.808278 
1.04307 0.231552 -0.687342 -0.741779 0.839611 0.719187 
1.0046 0.608186 0.606611 0.298436 -2.00611 -0.403985 
0.908974 0.520774 0.0893653 0.206256 -1.4059 -0.496597 
0.855489 0.927712 -0.966595 0.241548 -0.760982 -0.600136 
1.00989 0.174535 0.680505 0.32466 -1.53132 -0.465824 
0.912029 0.379021 0.0438609 0.27898 -1.09542 -0.519931 
0.857574 0.931828 -1.08533 0.41057 -0.532329 -0.714451 
1.01443 -0.142319 0.600075 0.450626 -0.996552 -0.590875 
0.91465 0.281295 -0.0606841 0.430532 -0.742007 -0.611416 
0.859329 0.993861 -1.30895 1.00949 -0.280542 -1.25039 
1.24195 -0.878208 0.819682 1.2513 -0.631617 -1.42059 
1.01456 -0.280513 0.37739 0.856162 -0.50719 -0.959872 
0.914141 0.238412 -0.233136 0.858715 -0.371476 -0.96834 
1.2384 -0.736059 0.321873 -1.00691 0.688277 0.884714 
1.01129 -0.259185 0.0333276 2.13577 -0.405376 -2.17465 
1.24194 -0.430205 -0.337943 -0.661969 1.14808 0.548232 
1.01457 -0.094005 -0.460041 -0.49961 0.871159 0.508482 
0.91414 0.40754 -0.91674 -0.395523 0.793357 0.429543 
0.787145 0.727673 0.355918 -0.018911 -1.94865 -0.379308 
0.800697 0.670982 -0.131956 -0.00888316 -1.40397 -0.381181 
0.809221 1.14561 -1.32643 -0.00510596 -0.684089 -0.385181 
0.788288 0.374315 0.428426 -0.00569669 -1.52466 -0.309471 
0.801584 0.539592 -0.168312 0.00482758 -1.0932 -0.320736 
0.764797 -0.190334 0.887746 -0.0208245 -1.22004 -0.202766 
0.788833 0.101324 0.368899 0.00154174 -0.992653 -0.222784 
0.802099 0.447882 -0.268163 0.019761 -0.702306 -0.243611 
0.76131 -0.507781 0.63969 -0.128149 -0.405366 0.0148625 
0.786611 -0.038216 0.169466 -0.0665117 -0.402275 -0.0485519 
0.800446 0.411815 -0.446457 -0.0545583 -0.235857 -0.0603953 
0.756769 -0.467258 0.181007 0.311979 0.299827 -0.298887 
0.783485 -0.0288673 -0.170253 0.313731 0.20902 -0.30733 
0.798062 0.461613 -0.74578 0.173023 0.288288 -0.165943 
0.76122 -0.203315 -0.494539 0.0612495 0.969208 0.0682996 
0.786605 0.147097 -0.71125 0.0350824 0.834693 0.0862427 
0.800447 0.834067 -1.58855 0.0148384 1.02471 0.105756 
0.4506 0.140838 0.34916 -0.490824 -1.4237 0.0971698 
0.680585 0.725111 -0.947135 -0.545452 -0.690434 0.263777 
-0.0280693 -0.159049 0.881456 -0.819249 -1.77196 0.330069 
0.44759 0.0321869 0.242021 -0.578523 -1.16559 0.290907 
0.679226 0.793085 -1.16669 -0.806639 -0.512617 0.595869 
-0.0358148 -0.439508 0.729203 -0.90972 -1.41986 0.740917 
0.443971 -0.0204241 0.0812024 -0.758052 -0.916392 0.577789 
-0.0442924 -0.500831 0.449535 1.99371 1.205 -1.94822 
0.439763 -0.0151746 -0.13958 -1.11949 -0.724865 1.0584 
-0.0516882 -0.419442 0.0696206 1.66307 1.16108 4.86055 
0.435715 0.0566285 -0.441432 -1.6864 -0.70709 -4.51547 
-0.772441 -0.212933 -0.449929 1.80195 1.85624 -0.874571 
-0.0547994 -0.217628 -0.446209 1.34831 1.29545 -0.876336 
0.433934 0.236075 -0.904127 0.965073 0.945761 -0.701502 
0.590436 0.258818 0.214381 -0.332997 -1.37085 -0.0706831 
0.727326 0.894261 -1.21361 -0.442728 -0.58219 0.128756 
0.312401 -0.0985926 0.833614 -0.542178 -1.61445 0.0928092 
0.588266 0.154309 0.113955 -0.403855 -1.09089 0.0868297 
0.306329 -0.381223 0.692826 -0.670526 -1.16142 0.437344 
0.585629 0.100983 -0.0415603 -0.564336 -0.797707 0.342262 
-0.304754 -0.860952 0.832589 2.00039 1.37976 -1.88238 
0.299238 -0.455888 0.422435 -1.01624 -0.840469 0.94893 
0.582331 0.104447 -0.26204 -0.98413 -0.536318 0.872965 
-0.320881 -0.443451 -0.296142 1.45942 1.45099 -0.824511 
0.290136 -0.185664 -0.471793 1.03279 0.984826 -0.747392 
0.577528 0.406315 -1.12967 0.70116 0.857379 -0.504585 
0.710563 0.402391 0.0351745 -0.165254 -1.34513 -0.251552 
0.598535 0.0759443 0.667777 -0.251201 -1.56178 -0.161596 
0.709626 0.30488 -0.0598091 -0.200998 -1.05419 -0.145911 
0.595891 -0.189188 0.550538 -0.321892 -1.06017 0.039487 
0.708464 0.253945 -0.211642 -0.291354 -0.722896 0.0274719 
0.335262 -0.866664 0.837961 -0.887403 -0.730996 0.804898 
0.592137 -0.285744 0.30411 -0.601944 -0.589291 0.444194 
0.706572 0.259814 -0.436804 -0.654245 -0.364188 0.492486 
0.703951 0.35227 -0.786722 0.943182 0.318999 -0.97941 
0.321118 -0.453191 -0.291047 0.852044 0.950016 -0.586677 
0.585362 -0.0428895 -0.598398 0.608335 0.73818 -0.475696 
0.809119 0.62584 0.373998 0.00407557 -1.96795 -0.442814 
0.812207 0.572533 -0.198368 0.00570122 -1.34225 -0.448236 
0.810131 0.301391 0.405194 0.0148346 -1.5714 -0.396094 
0.812945 0.485586 -0.2903 0.0191002 -1.06021 -0.407586 
0.807215 -0.148873 0.876679 0.0298781 -1.45033 -0.332597 
0.811532 0.0716189 0.310372 0.0368504 -1.10479 -0.348266 
0.814107 0.443576 -0.44581 0.0527969 -0.721071 -0.373044 
0.808807 -0.485314 0.651343 0.0697756 -0.691398 -0.291931 
0.812844 -0.0331298 0.089463 0.0872701 -0.582303 -0.313112 
0.815081 0.462396 -0.690529 0.169014 -0.30022 -0.402847 
0.806143 -0.472859 0.214681 0.997383 -0.0246878 -1.11592 
0.810994 -0.00223646 -0.269475 1.57576 -0.0253731 -1.69575 
0.813662 0.620226 -1.16228 -3.24454 -0.271775 3.12002 
0.801272 -0.233547 -0.433699 0.0343576 0.667263 -0.0268797 
0.807652 0.214609 -0.876808 0.0239293 0.662201 -0.018615 
1.17493 0.161858 0.319149 0.557355 -1.37986 -0.823791 
0.95087 0.749214 -0.990313 0.677882 -0.656946 -1.08927 
1.63175 -0.131552 0.848751 0.902378 -1.73568 -0.930615 
1.17946 0.0571661 0.20877 0.685185 -1.13916 -0.964613 
0.953536 0.836254 -1.24442 1.05446 -0.514967 -1.45483 
1.18415 0.00957144 0.0430741 0.906318 -0.931901 -1.18762 
2.33592 -0.484027 0.631901 -1.87478 1.97497 -4.75871 
2.34554 -0.219271 -0.444886 -1.76725 1.81569 0.882509 
1.03138 0.270999 0.196227 0.367257 -1.34268 -0.689642 
0.901221 0.915416 -1.2509 0.529257 -0.556391 -0.961266 
1.29475 -0.0827483 0.814462 0.590573 -1.59022 -0.742151 
1.03518 0.168978 0.0935632 0.472082 -1.07161 -0.780591 
1.3024 -0.357349 0.671688 0.747149 -1.17291 -0.997916 
1.0394 0.119235 -0.0656354 0.68067 -0.807006 -0.966431 
1.87885 -0.855677 0.826708 1.18122 -1.40907 -1.63006 
1.30914 -0.430605 0.401929 1.087 -0.889907 -1.36873 
1.04291 0.126357 -0.289798 -2.03013 0.592804 1.77458 
1.31134 -0.364368 0.0302556 1.61935 -0.787678 -1.89608 
1.88865 -0.450049 -0.292711 -1.41258 1.40088 0.814585 
1.30922 -0.171942 -0.483043 -1.0006 0.957975 0.730998 
1.04069 0.435926 -1.17218 -0.672078 0.858509 0.479334 
0.906611 0.408167 0.0261548 0.173682 -1.33333 -0.556966 
1.00491 0.0816184 0.659907 0.270329 -1.55116 -0.538474 
0.909018 0.311772 -0.0695402 0.235574 -1.04671 -0.581778 
1.00991 -0.179883 0.541533 0.372663 -1.06638 -0.639272 
0.912025 0.262396 -0.22154 0.374494 -0.732723 -0.673834 
1.2388 -0.864484 0.836619 0.910866 -0.750535 -1.21432 
1.01443 -0.275086 0.295263 0.677601 -0.622721 -0.912801 
0.91465 0.270651 -0.450496 0.792307 -0.407273 -1.03466 
0.914141 0.363224 -0.801058 2.16374 -0.337765 -2.33571 
1.23839 -0.458076 -0.288477 -0.752809 0.902846 0.525725 
1.0113 -0.0375874 -0.603489 -0.533596 0.714077 0.419884 
0.786732 0.625755 0.374302 -0.0257819 -1.9686 -0.429978 
0.800225 0.572135 -0.197774 -0.016533 -1.34281 -0.427373 
0.787321 0.301062 0.405646 -0.0174368 -1.57178 -0.372487 
0.800714 0.485173 -0.289853 -0.0100201 -1.06028 -0.377779 
0.764348 -0.148719 0.876615 -0.0238359 -1.45009 -0.291087 
0.788233 0.0709781 0.310768 -0.00640502 -1.10365 -0.306846 
0.801547 0.442964 -0.445065 0.00647569 -0.719823 -0.32337 
0.764784 -0.485588 0.651396 -0.0308012 -0.688592 -0.186117 
0.788857 -0.0338385 0.090015 0.00235922 -0.578599 -0.223895 
0.802098 0.461596 -0.689608 0.0438244 -0.294746 -0.270453 
0.761313 -0.472729 0.214457 -1.33286 -0.0518545 1.22955 
0.786614 -0.00265951 -0.269269 -1.63303 -0.0251429 1.52328 
0.800447 0.619281 -1.16099 -3.09459 -0.271808 -3.30032 
0.756735 -0.233032 -0.434198 0.146095 0.672418 -0.114592 
0.783485 0.21463 -0.877029 0.104003 0.665027 -0.0820013 
0.453285 0.0491308 0.237597 -0.467235 -1.30125 0.131051 
-0.0214841 -0.264077 0.847609 -0.733671 -1.73329 0.374745 
0.450614 -0.00436097 0.0828577 -0.561649 -1.06636 0.314201 
-0.0280731 -0.468912 0.655733 -0.813109 -1.40038 0.718091 
0.447578 -0.00454148 -0.124601 -0.73777 -0.843249 0.582374 
-0.0357584 -0.486192 0.354947 -1.00774 -1.17525 1.098 
0.444003 0.0527032 -0.399861 -1.08497 -0.664806 1.03526 
0.439763 0.195498 -0.800941 -1.68061 -0.64384 1.76996 
-0.051917 -0.144896 -0.605778 1.48585 1.15972 -0.985034 
0.592372 0.174247 0.10483 -0.315647 -1.25683 -0.0678923 
0.31749 -0.195878 0.798589 -0.489275 -1.58286 0.0931813 
0.590439 0.121137 -0.0448484 -0.390868 -0.998884 0.0801679 
0.312419 -0.407672 0.618806 -0.5943 -1.16987 0.377045 
0.588267 0.119725 -0.251315 -0.547605 -0.733536 0.317351 
-0.291133 -0.858418 0.847635 -0.964705 -1.38914 1.09939 
0.306348 -0.438919 0.327055 -0.858913 -0.852493 0.783298 
0.585631 0.179082 -0.535853 -0.955075 -0.488091 0.82148 
-0.304765 -0.74016 0.372148 1.91729 1.24999 -1.55751 
0.582211 0.347135 -0.99002 -1.91204 -0.468683 -4.37375 
0.29284 -0.111127 -0.634724 1.15413 0.857039 -0.892439 
0.602689 0.353179 0.652025 -0.22797 -1.99626 -0.327628 
0.711466 0.327297 -0.0747899 -0.156613 -1.24076 -0.273942 
0.60071 -0.00721207 0.634171 -0.228294 -1.54926 -0.195187 
0.710562 0.278427 -0.222283 -0.195671 -0.969716 -0.177182 
0.598549 -0.215561 0.479351 -0.282919 -1.09816 -0.0324129 
0.709626 0.280786 -0.433286 -0.28418 -0.66764 -0.0207437 
0.344822 -0.850947 0.848867 -0.647167 -0.851039 0.51527 
0.595587 -0.272055 0.210771 -0.461945 -0.667891 0.250919 
0.708463 0.35247 -0.743221 -0.629676 -0.328122 0.410013 
0.335263 -0.745393 0.377694 -1.28881 -0.569212 1.30376 
0.592136 -0.196327 -0.17703 -1.24604 -0.33841 1.15323 
0.706572 0.699185 -1.5249 0.567924 0.414373 -6.9411 
0.325473 -0.473794 -0.246332 1.04436 0.73964 -0.855683 
0.587641 0.0377495 -0.775822 0.692202 0.60135 -0.630728 
0.808752 0.525861 0.38366 -0.00158287 -1.95591 -0.483982 
0.81191 0.509108 -0.310978 0.0001499 -1.2445 -0.486178 
0.809228 0.233294 0.373572 0.0038644 -1.57494 -0.444475 
0.81222 0.471315 -0.465427 0.00673713 -0.973979 -0.45076 
0.805235 -0.118934 0.865567 0.0115822 -1.6114 -0.392252 
0.810064 0.0466391 0.241883 0.0161832 -1.15336 -0.40263 
0.812931 0.489612 -0.698732 0.0273572 -0.655902 -0.419944 
0.807132 -0.460855 0.653585 0.0373438 -0.915533 -0.351511 
0.811607 -0.0189618 -0.00699091 0.0513406 -0.697219 -0.371084 
0.814105 0.617362 -1.10893 0.150846 -0.233611 -0.480164 
0.808802 -0.467355 0.237109 0.152285 -0.297104 -0.383844 
0.812835 0.0419109 -0.392988 0.271571 -0.179203 -0.507596 
0.806143 -0.253288 -0.382369 -0.0578424 0.364641 -0.0646615 
0.811004 0.333831 -1.12629 -0.0502769 0.521319 -0.0765299 
1.17089 0.072804 0.208744 0.514932 -1.26726 -0.927898 
1.62406 -0.233523 0.817731 0.795782 -1.70215 -1.06066 
1.17492 0.0211789 0.0517271 0.645555 -1.04155 -1.06945 
2.32871 -0.485817 0.64764 1.11503 -1.97052 -1.68983 
1.64976 0.934321 -2.49916 -1.23174 1.39663 -0.030991 
1.02829 0.188142 0.0870362 0.333597 -1.23374 -0.764922 
1.2878 -0.178785 0.781376 0.516096 -1.55896 -0.832283 
1.0314 0.136254 -0.0641395 0.435327 -0.978012 -0.856968 
1.29478 -0.387121 0.601368 0.649898 -1.166 -1.04667 
1.03518 0.137232 -0.274239 0.641683 -0.729847 -1.04882 
1.86674 -0.854815 0.841968 1.01437 -1.41031 -1.62377 
1.04293 0.384935 -1.0464 1.91388 -0.560581 3.97947 
1.31134 -0.090296 -0.656351 -1.15286 0.886 0.702142 
0.997772 0.356248 0.644487 0.213014 -1.9822 -0.549995 
0.904855 0.333774 -0.0835138 0.152245 -1.23064 -0.609007 
1.00089 -0.00127347 0.627213 0.22731 -1.53722 -0.598963 
0.906616 0.28541 -0.231554 0.206584 -0.959512 -0.635422 
1.00492 -0.207832 0.471889 0.305474 -1.09258 -0.677153 
0.909024 0.288173 -0.441898 0.333007 -0.66579 -0.727822 
1.2287 -0.850332 0.847554 0.674693 -0.856158 -1.08963 
1.00991 -0.261288 0.200974 0.528479 -0.684323 -0.877391 
0.912031 0.364331 -0.759929 0.775065 -0.357407 -1.13205 
1.24194 -0.475194 -0.245685 -1.01252 0.722043 0.637888 
1.01453 0.0461738 -0.784538 2.44049 -0.604694 -2.70544 
0.786636 0.525673 0.384013 -0.0274709 -1.95651 -0.468911 
0.800095 0.508774 -0.310716 -0.0197368 -1.24481 -0.463925 
0.786805 0.232979 0.37397 -0.0237081 -1.57558 -0.420162 
0.800234 0.470914 -0.464967 -0.0194419 -0.974445 -0.420217 
0.763313 -0.11845 0.865289 -0.0330809 -1.61237 -0.355693 
0.787279 0.0461761 0.242204 -0.0190996 -1.1535 -0.36471 
0.800705 0.489133 -0.698148 -0.0142838 -0.655969 -0.371369 
0.764319 -0.460922 0.653599 -0.0298768 -0.915044 -0.275665 
0.788279 -0.0195157 -0.00649569 -0.00889057 -0.695905 -0.302903 
0.801546 0.616235 -1.10724 0.0186222 -0.230952 -0.336621 
0.764784 -0.467517 0.237093 -0.0680316 -0.292675 -0.144751 
0.788853 0.0412819 -0.392501 0.00787741 -0.170847 -0.2297 
0.761313 -0.253094 -0.38269 0.14032 0.368584 -0.23401 
0.786614 0.333426 -1.12598 0.0522139 0.522885 -0.155033 
0.480195 -0.807612 -0.491368 0.345382 1.16395 -0.155469 
0.832051 -0.135509 -0.81476 -0.0439864 0.800915 -0.0375981 
1.7623 -0.620689 -0.427948 -1.19167 1.19485 0.433714 
0.99701 0.0579653 -0.998494 -0.403934 0.828732 0.182663 
2.76992 -0.418858 -0.35654 -2.13668 1.88616 0.611375 
1.64869 -0.0415899 -0.761293 -1.43211 1.22907 0.737836 
-0.121379 -0.640261 -0.423327 1.15811 1.16811 -0.547588 
0.649341 0.0398156 -0.976215 0.352389 0.798742 -0.288508 
-2.34872 -0.742418 -0.25163 3.15315 1.98438 -0.0630619 
0.827529 -0.56076 -0.433981 -0.0319301 0.831783 -0.0518582 
0.81857 0.254781 -1.234 -0.0199723 0.816085 -0.0583903 
2.2774 -0.717631 -0.251513 -1.69193 1.45084 0.548137 
1.17633 -0.33916 -0.527455 -0.709818 0.814591 0.383555 
1.87623 -0.392961 -0.366948 -1.5675 1.31013 0.782609 
1.31713 -0.0223525 -0.775244 2.03401 -0.93301 -2.49902 
-0.0681761 -0.396938 -0.493424 1.30304 1.13438 -0.765011 
0.521632 0.350139 -1.36852 0.637829 0.922809 -0.423808 
2.43712 -1.00158 -0.451618 -1.52582 1.38432 0.0286345 
0.441595 -0.350767 -0.518428 0.703436 0.800012 -0.528877 
0.777838 -0.711698 -0.248777 0.0411311 0.773175 -0.104294 
0.804655 -0.175734 -0.638184 0.00407805 0.626277 -0.0831675 
1.25563 -0.40493 -0.355528 -0.974289 0.777771 0.592583 
1.02497 0.122086 -0.923914 -0.652729 0.686672 0.379659 
-0.75068 -0.16756 -0.523832 1.94379 1.70742 5.33616 
-0.0516466 -0.0768726 -0.722129 -1.68807 -1.18973 -4.05202 
0.28542 -0.0432424 -0.752992 1.11313 0.910938 -0.812944 
0.310952 -0.4029 -0.356717 1.01512 0.800046 -0.791881 
0.575946 0.112647 -0.913255 0.656063 0.686849 -0.559392 
0.783049 -0.189106 -0.500077 0.0488026 0.450023 -0.14115 
0.798169 0.496045 -1.42851 0.010857 0.69287 -0.10945 
0.455741 0.00744601 0.0805664 -0.455466 -1.16789 0.165033 
-0.0157475 -0.346964 0.798768 -0.663739 -1.67475 0.412958 
0.453286 0.00610409 -0.122613 -0.563542 -0.948824 0.350261 
-0.0214845 -0.483853 0.571509 -0.74141 -1.36286 0.706405 
0.450597 0.0594012 -0.388213 -0.761944 -0.74101 0.632015 
-0.0284462 -0.461801 0.248824 -0.908342 -1.13779 1.03454 
0.44759 0.188327 -0.762073 -1.16956 -0.57671 1.14095 
-0.754544 -0.472719 0.244796 2.20592 1.71734 4.71259 
-0.0357742 -0.328043 -0.174127 1.95928 1.003 -1.67147 
0.325813 0.0812574 0.827798 -0.44483 -1.97806 -0.133444 
0.594148 0.135688 -0.0513292 -0.306152 -1.12685 -0.060902 
0.321902 -0.274252 0.749839 -0.445279 -1.53221 0.0953792 
0.592371 0.133972 -0.253907 -0.392546 -0.881712 0.0890097 
0.317499 -0.421511 0.534468 -0.539697 -1.15432 0.337342 
0.590439 0.190047 -0.528707 -0.575982 -0.628794 0.344348 
-0.27841 -0.853961 0.856869 -0.83209 -1.40955 0.977149 
0.312411 -0.412662 0.219478 -0.755055 -0.851122 0.674215 
0.588268 0.341532 -0.949592 -1.12343 -0.396968 0.983088 
0.306328 -0.289074 -0.199554 -1.20973 -0.655245 1.25803 
0.299285 -0.00940803 -0.842698 1.2375 0.73464 -1.00789 
0.604513 0.234092 0.652238 -0.202758 -1.94281 -0.336232 
0.712341 0.295322 -0.233996 -0.151207 -1.11399 -0.289724 
0.602659 -0.0774998 0.588949 -0.207949 -1.51357 -0.220425 
0.711466 0.298926 -0.442732 -0.197613 -0.850407 -0.193747 
0.600727 -0.234616 0.400837 -0.255532 -1.10145 -0.0826252 
0.710562 0.369012 -0.744347 -0.311106 -0.55088 -0.0214513 
0.352461 -0.834305 0.853457 -0.511015 -0.966354 0.33985 
0.598362 -0.248299 0.102852 -0.390158 -0.710665 0.138012 
0.709625 0.637878 -1.38102 -1.25727 -0.183518 1.00606 
0.344826 -0.742659 0.394875 -0.925848 -0.60364 0.883684 
0.59589 -0.141133 -0.314697 -0.920516 -0.354097 0.767322 
0.592136 0.160344 -1.02318 0.73251 0.489994 -0.745557 
0.808594 0.431056 0.382854 -0.00391795 -1.92179 -0.517059 
0.811737 0.489689 -0.482623 -0.00250924 -1.11494 -0.517442 
0.808793 0.173631 0.332013 -0.00142394 -1.55202 -0.48339 
0.811874 0.511428 -0.717175 0.000217934 -0.840624 -0.486279 
0.804098 -0.0976381 0.856033 0.000740718 -1.72648 -0.440694 
0.809184 0.0290732 0.163877 0.00418589 -1.161 -0.446126 
0.812207 0.643906 -1.1295 0.0119738 -0.482522 -0.457553 
0.805099 -0.440331 0.651353 0.0131309 -1.07582 -0.398508 
0.810111 0.00280988 -0.118012 0.0217452 -0.74969 -0.412004 
0.807125 -0.456455 0.24802 0.0600928 -0.514757 -0.381053 
0.811579 0.103356 -0.547645 0.119785 -0.279748 -0.44692 
0.808815 -0.261351 -0.345417 2.64671 -0.093783 -2.88669 
1.16739 0.0326285 0.0523945 0.488981 -1.14193 -1.02139 
1.61697 -0.314686 0.77147 0.706774 -1.64881 -1.17011 
1.17089 0.0321992 -0.152953 0.628166 -0.926963 -1.17147 
1.62408 -0.450389 0.544616 -2.33111 1.35815 1.72971 
2.32248 -0.487265 0.660221 0.986201 -1.95253 -1.75107 
1.63952 -0.291995 -0.209628 1.25885 -1.08344 -2.01165 
1.27706 0.0943165 0.811581 0.440228 -1.95454 -0.74575 
1.02578 0.150865 -0.069287 0.313449 -1.10845 -0.833099 
1.28132 -0.256994 0.734791 0.455872 -1.51134 -0.907109 
1.0283 0.149825 -0.273266 0.419214 -0.862031 -0.933089 
1.28776 -0.402801 0.519289 0.57289 -1.14092 -1.08839 
1.0314 0.208386 -0.552891 0.64852 -0.617752 -1.15622 
1.85388 -0.854789 0.85363 -2.26458 1.40637 1.52575 
1.29476 -0.393214 0.202527 0.822017 -0.862171 -1.36567 
1.30915 0.0190862 -0.877035 -1.26121 0.806653 0.644108 
0.995516 0.238566 0.644988 0.182683 -1.93202 -0.607698 
0.903555 0.302448 -0.243027 0.139774 -1.10555 -0.655405 
0.997867 -0.0710282 0.582374 0.195497 -1.50261 -0.64987 
0.904855 0.306498 -0.452561 0.1932 -0.839979 -0.687711 
1.0009 -0.225139 0.391787 0.256747 -1.09081 -0.711856 
0.906616 0.378381 -0.757532 0.332297 -0.540863 -0.803347 
1.21824 -0.836768 0.853451 0.516719 -0.949697 -1.02042 
1.00492 -0.239137 0.094137 0.422551 -0.709005 -0.861917 
0.909018 0.678349 -1.44986 1.47068 -0.204486 -1.93079 
1.2287 -0.741785 0.393372 0.956407 -0.615649 -1.46496 
1.01443 0.174229 -1.04069 2.32319 -0.524614 -2.72921 
0.786702 0.430797 0.383243 -0.0264854 -1.9223 -0.499875 
0.800071 0.489314 -0.48225 -0.021022 -1.11526 -0.493499 
0.786664 0.173296 0.332401 -0.0254308 -1.55266 -0.458129 
0.80007 0.51107 -0.716812 -0.0250461 -0.841105 -0.453555 
0.76286 -0.0969781 0.855618 -0.037884 -1.72781 -0.406499 
0.786775 0.0286805 0.164162 -0.0258586 -1.16158 -0.409738 
0.800226 0.643053 -1.12819 -0.0346239 -0.483527 -0.400457 
0.763262 -0.4402 0.651261 -0.0375279 -1.07689 -0.336348 
0.787308 0.00239579 -0.117631 -0.0255946 -0.749975 -0.353732 
0.764318 -0.456495 0.24802 -0.0482058 -0.514135 -0.251899 
0.788263 0.102868 -0.547247 -0.0202955 -0.277233 -0.290259 
0.764789 -0.261434 -0.345488 0.22788 0.0865415 -6.72015 
0.415331 -0.683526 -0.686725 0.397736 1.07714 -0.208185 
0.285611 -1.00268 -0.765664 0.376098 1.44904 -0.0329661 
1.75469 -0.510407 -0.617085 -1.24948 1.0868 -5.9505 
2.76187 -0.43445 -0.324527 -2.24984 1.77937 0.547281 
1.67261 -0.264198 -0.714212 -1.37549 1.06995 0.525479 
1.64572 0.702479 -2.11782 1.82052 -1.2109 -3.04417 
-1.85716 -0.465816 -0.303861 2.73141 1.97726 -6.75199 
-0.10304 -0.533352 -0.608077 1.16986 1.02886 -0.578699 
-2.35748 -0.765705 -0.217886 -3.14249 1.81994 6.14183 
0.832741 -0.454652 -0.619889 -0.0699097 0.737034 -0.105311 
2.25593 -0.735712 -0.216925 -1.80825 1.31167 0.525132 
1.17655 -0.233521 -0.727049 -0.792405 0.731317 0.331394 
1.31582 0.112592 -1.04157 -1.20012 0.857696 0.554114 
1.95119 -1.00473 -0.789493 -0.885249 1.34224 5.89427 
-0.0586879 -0.297228 -0.683712 1.36172 0.993041 -0.825691 
2.45597 -1.02887 -0.410407 -1.59212 1.19742 -6.32704 
0.448292 -0.248693 -0.712526 0.726262 0.684741 -0.606067 
0.786442 -0.729356 -0.210468 -0.00813525 0.54733 -0.158285 
0.807807 -0.0653111 -0.85411 -0.0476403 0.527282 -0.132242 
1.25342 -0.417534 -0.317053 1.85795 -0.630483 3.91067 
1.02544 0.302685 -1.27392 2.41929 -0.630092 -2.84969 
-0.0447348 0.0382334 -0.955878 -1.60661 -1.0421 2.16617 
0.291577 0.0785917 -0.997235 1.17162 0.787381 -0.899048 
0.580431 0.281972 -1.24449 0.647619 0.598612 -0.619794 
0.786748 -0.201069 -0.457064 3.06516 -0.159933 -3.27923 
