1, 0.545, -0.88, 0.3, 0, 0.39234, 0
1, 0.69, -0.88, 0.24, 0, 0.39234, 0
1, 0.835, -0.88, 0.18, 0, 0.39234, 0
2, 0.4, -0.88, 0.6, 0, 0.691337, 0
2, 0.835, -0.88, 0.24, 0, 0.691337, 0
3, 0.4, -0.88, 0.84, 0, 0.892677, 0
3, 0.835, -0.88, 0.3, 0, 0.892677, 0
4, 0.4, -0.88, 1.08, 0, 1.02732, 0
4, 0.545, -0.88, 0.84, 0, 1.02732, 0
4, 0.69, -0.88, 0.6, 0, 1.02732, 0
4, 0.835, -0.88, 0.36, 0, 1.02732, 0
5, 0.545, -0.88, 1.02, 0, 1.12057, 0
5, 0.69, -0.88, 0.72, 0, 1.12057, 0
5, 0.835, -0.88, 0.42, 0, 1.12057, 0
6, 0.4, -0.64, 0.12, -0.39234, 0, 0
6, 0.545, -0.7, 0.12, -0.39234, 0, 0
6, 0.69, -0.76, 0.12, -0.39234, 0, 0
6, 0.835, -0.82, 0.12, -0.39234, 0, 0
7, 0.4, -0.64, 0.36, -0.193202, 0.374476, -0.0367136
7, 0.545, -0.7, 0.3, -0.193202, 0.374476, -0.0367136
7, 0.69, -0.76, 0.24, -0.193202, 0.374476, -0.0367136
7, 0.835, -0.82, 0.18, -0.193202, 0.374476, -0.0367136
8, 0.835, -0.82, 0.24, -0.251149, 0.664377, -0.0870426
9, 0.4, -0.64, 0.84, -0.314934, 0.861978, -0.145763
9, 0.835, -0.82, 0.3, -0.314934, 0.861978, -0.145763
10, 0.4, -0.64, 1.08, -0.35318, 0.996359, -0.193525
10, 0.545, -0.7, 0.84, -0.35318, 0.996359, -0.193525
10, 0.69, -0.76, 0.6, -0.35318, 0.996359, -0.193525
11, 0.545, -0.7, 1.02, -0.372169, 1.09132, -0.227619
11, 0.69, -0.76, 0.72, -0.372169, 1.09132, -0.227619
11, 0.835, -0.82, 0.42, -0.372169, 1.09132, -0.227619
12, 0.4, -0.4, 0.12, -0.691337, 0, 0
12, 0.545, -0.52, 0.12, -0.691337, 0, 0
12, 0.69, -0.64, 0.12, -0.691337, 0, 0
12, 0.835, -0.76, 0.12, -0.691337, 0, 0
13, 0.4, -0.4, 0.36, -0.601174, 0.310607, -0.0969873
13, 0.545, -0.52, 0.3, -0.601174, 0.310607, -0.0969873
13, 0.69, -0.64, 0.24, -0.601174, 0.310607, -0.0969873
13, 0.835, -0.76, 0.18, -0.601174, 0.310607, -0.0969873
14, 0.545, -0.52, 0.48, -0.583709, 0.580613, -0.179028
14, 0.69, -0.64, 0.36, -0.583709, 0.580613, -0.179028
14, 0.835, -0.76, 0.24, -0.583709, 0.580613, -0.179028
15, 0.4, -0.4, 0.84, -0.617241, 0.779362, -0.260376
15, 0.545, -0.52, 0.66, -0.617241, 0.779362, -0.260376
15, 0.69, -0.64, 0.48, -0.617241, 0.779362, -0.260376
15, 0.835, -0.76, 0.3, -0.617241, 0.779362, -0.260376
16, 0.4, -0.4, 1.08, -0.648399, 0.918853, -0.329504
16, 0.545, -0.52, 0.84, -0.648399, 0.918853, -0.329504
16, 0.69, -0.64, 0.6, -0.648399, 0.918853, -0.329504
16, 0.835, -0.76, 0.36, -0.648399, 0.918853, -0.329504
17, 0.4, -0.4, 1.32, -0.667608, 1.01923, -0.382855
17, 0.545, -0.52, 1.02, -0.667608, 1.01923, -0.382855
17, 0.69, -0.64, 0.72, -0.667608, 1.01923, -0.382855
17, 0.835, -0.76, 0.42, -0.667608, 1.01923, -0.382855
18, 0.4, -0.16, 0.12, -0.892677, 0, 0
18, 0.545, -0.34, 0.12, -0.892677, 0, 0
18, 0.69, -0.52, 0.12, -0.892677, 0, 0
18, 0.835, -0.7, 0.12, -0.892677, 0, 0
19, 0.545, -0.34, 0.3, -0.870133, 0.253012, -0.118086
19, 0.69, -0.52, 0.24, -0.870133, 0.253012, -0.118086
19, 0.835, -0.7, 0.18, -0.870133, 0.253012, -0.118086
20, 0.545, -0.34, 0.48, -0.846478, 0.492952, -0.225702
20, 0.69, -0.52, 0.36, -0.846478, 0.492952, -0.225702
20, 0.835, -0.7, 0.24, -0.846478, 0.492952, -0.225702
21, 0.4, -0.16, 0.84, -0.848778, 0.688125, -0.321021
21, 0.545, -0.34, 0.66, -0.848778, 0.688125, -0.321021
21, 0.835, -0.7, 0.3, -0.848778, 0.688125, -0.321021
22, 0.4, -0.16, 1.08, -0.862705, 0.830826, -0.40058
22, 0.545, -0.34, 0.84, -0.862705, 0.830826, -0.40058
22, 0.69, -0.52, 0.6, -0.862705, 0.830826, -0.40058
22, 0.835, -0.7, 0.36, -0.862705, 0.830826, -0.40058
23, 0.4, -0.16, 1.32, -0.875401, 0.935061, -0.464017
23, 0.545, -0.34, 1.02, -0.875401, 0.935061, -0.464017
23, 0.69, -0.52, 0.72, -0.875401, 0.935061, -0.464017
23, 0.835, -0.7, 0.42, -0.875401, 0.935061, -0.464017
24, 0.545, -0.16, 0.12, -1.02732, 0, 0
24, 0.69, -0.4, 0.12, -1.02732, 0, 0
24, 0.835, -0.64, 0.12, -1.02732, 0, 0
25, 0.545, -0.16, 0.3, -1.01808, 0.227623, -0.127415
25, 0.69, -0.4, 0.24, -1.01808, 0.227623, -0.127415
25, 0.835, -0.64, 0.18, -1.01808, 0.227623, -0.127415
26, 0.545, -0.16, 0.48, -1.00384, 0.443125, -0.245997
26, 0.69, -0.4, 0.36, -1.00384, 0.443125, -0.245997
26, 0.835, -0.64, 0.24, -1.00384, 0.443125, -0.245997
27, 0.4, 0.08, 0.84, -1.00124, 0.623125, -0.348814
27, 0.545, -0.16, 0.66, -1.00124, 0.623125, -0.348814
27, 0.835, -0.64, 0.3, -1.00124, 0.623125, -0.348814
28, 0.4, 0.08, 1.08, -1.00858, 0.759068, -0.433351
28, 0.545, -0.16, 0.84, -1.00858, 0.759068, -0.433351
28, 0.69, -0.4, 0.6, -1.00858, 0.759068, -0.433351
28, 0.835, -0.64, 0.36, -1.00858, 0.759068, -0.433351
29, 0.545, -0.16, 1.02, -1.01766, 0.860773, -0.501404
29, 0.69, -0.4, 0.72, -1.01766, 0.860773, -0.501404
29, 0.835, -0.64, 0.42, -1.01766, 0.860773, -0.501404
30, 0.4, 0.32, 0.12, -1.12057, 0, 0
30, 0.545, 0.02, 0.12, -1.12057, 0, 0
30, 0.69, -0.28, 0.12, -1.12057, 0, 0
30, 0.835, -0.58, 0.12, -1.12057, 0, 0
31, 0.4, 0.32, 0.36, -1.11403, 0.219194, -0.13685
31, 0.545, 0.02, 0.3, -1.11403, 0.219194, -0.13685
31, 0.69, -0.28, 0.24, -1.11403, 0.219194, -0.13685
31, 0.835, -0.58, 0.18, -1.11403, 0.219194, -0.13685
32, 0.545, 0.02, 0.48, -1.10405, 0.419958, -0.261027
32, 0.69, -0.28, 0.36, -1.10405, 0.419958, -0.261027
32, 0.835, -0.58, 0.24, -1.10405, 0.419958, -0.261027
33, 0.545, 0.02, 0.66, -1.10258, 0.584121, -0.365611
33, 0.835, -0.58, 0.3, -1.10258, 0.584121, -0.365611
34, 0.545, 0.02, 0.84, -1.10883, 0.708722, -0.450407
34, 0.69, -0.28, 0.6, -1.10883, 0.708722, -0.450407
35, 0.545, 0.02, 1.02, -1.11693, 0.803431, -0.518897
35, 0.69, -0.28, 0.72, -1.11693, 0.803431, -0.518897
35, 0.835, -0.58, 0.42, -1.11693, 0.803431, -0.518897
36, 0.545, 0.2, 0.12, -1.1879, 0, 0
36, 0.69, -0.16, 0.12, -1.1879, 0, 0
36, 0.835, -0.52, 0.12, -1.1879, 0, 0
37, 0.545, 0.2, 0.3, -1.18219, 0.217327, -0.146174
37, 0.69, -0.16, 0.24, -1.18219, 0.217327, -0.146174
37, 0.835, -0.52, 0.18, -1.18219, 0.217327, -0.146174
38, 0.4, 0.56, 0.6, -1.17432, 0.409551, -0.274671
38, 0.69, -0.16, 0.36, -1.17432, 0.409551, -0.274671
38, 0.835, -0.52, 0.24, -1.17432, 0.409551, -0.274671
39, 0.835, -0.52, 0.3, -1.17435, 0.561325, -0.37907
40, 0.545, 0.2, 0.84, -1.18084, 0.674959, -0.461935
40, 0.69, -0.16, 0.6, -1.18084, 0.674959, -0.461935
41, 0.545, 0.2, 1.02, -1.18887, 0.761523, -0.528541
41, 0.69, -0.16, 0.72, -1.18887, 0.761523, -0.528541
42, 0.4, 0.8, 0.12, -1.23837, 0, 0
42, 0.545, 0.38, 0.12, -1.23837, 0, 0
42, 0.69, -0.04, 0.12, -1.23837, 0, 0
42, 0.835, -0.46, 0.12, -1.23837, 0, 0
43, 0.4, 0.8, 0.36, -1.23314, 0.217745, -0.154629
43, 0.69, -0.04, 0.24, -1.23314, 0.217745, -0.154629
43, 0.835, -0.46, 0.18, -1.23314, 0.217745, -0.154629
44, 0.4, 0.8, 0.6, -1.22676, 0.404871, -0.286985
44, 0.545, 0.38, 0.48, -1.22676, 0.404871, -0.286985
44, 0.835, -0.46, 0.24, -1.22676, 0.404871, -0.286985
45, 0.545, 0.38, 0.66, -1.22809, 0.547621, -0.390938
45, 0.69, -0.04, 0.48, -1.22809, 0.547621, -0.390938
45, 0.835, -0.46, 0.3, -1.22809, 0.547621, -0.390938
46, 0.545, 0.38, 0.84, -1.23502, 0.652218, -0.471398
46, 0.69, -0.04, 0.6, -1.23502, 0.652218, -0.471398
47, 0.545, 0.38, 1.02, -1.24315, 0.731261, -0.535293
47, 0.69, -0.04, 0.72, -1.24315, 0.731261, -0.535293
47, 0.835, -0.46, 0.42, -1.24315, 0.731261, -0.535293
48, 0.545, 0.56, 0.12, -1.27743, 0, 0
48, 0.69, 0.08, 0.12, -1.27743, 0, 0
48, 0.835, -0.4, 0.12, -1.27743, 0, 0
49, 0.545, 0.56, 0.3, -1.2726, 0.21885, -0.161983
49, 0.69, 0.08, 0.24, -1.2726, 0.21885, -0.161983
49, 0.835, -0.4, 0.18, -1.2726, 0.21885, -0.161983
50, 0.545, 0.56, 0.48, -1.26747, 0.402791, -0.297838
50, 0.69, 0.08, 0.36, -1.26747, 0.402791, -0.297838
50, 0.835, -0.4, 0.24, -1.26747, 0.402791, -0.297838
51, 0.545, 0.56, 0.66, -1.26995, 0.539014, -0.401542
51, 0.835, -0.4, 0.3, -1.26995, 0.539014, -0.401542
52, 0.545, 0.56, 0.84, -1.27733, 0.636536, -0.479818
52, 0.69, 0.08, 0.6, -1.27733, 0.636536, -0.479818
53, 0.69, 0.08, 0.72, -1.28556, 0.709226, -0.540972
53, 0.835, -0.4, 0.42, -1.28556, 0.709226, -0.540972
54, 0.4, -0.88, 0.12, 0, -0.39234, 0
54, 0.545, -0.88, 0.18, 0, -0.39234, 0
54, 0.69, -0.88, 0.24, 0, -0.39234, 0
54, 0.835, -0.88, 0.3, 0, -0.39234, 0
56, 0.69, -0.88, 0.48, 0, 0.39234, 0
56, 0.835, -0.88, 0.42, 0, 0.39234, 0
57, 0.4, -0.88, 0.84, 0, 0.691337, 0
57, 0.69, -0.88, 0.6, 0, 0.691337, 0
57, 0.835, -0.88, 0.48, 0, 0.691337, 0
58, 0.4, -0.88, 1.08, 0, 0.892677, 0
58, 0.545, -0.88, 0.9, 0, 0.892677, 0
58, 0.69, -0.88, 0.72, 0, 0.892677, 0
58, 0.835, -0.88, 0.54, 0, 0.892677, 0
59, 0.69, -0.88, 0.84, 0, 1.02732, 0
59, 0.835, -0.88, 0.6, 0, 1.02732, 0
60, 0.4, -0.64, 0.12, -0.193202, -0.374476, 0.0367136
60, 0.545, -0.7, 0.18, -0.193202, -0.374476, 0.0367136
60, 0.69, -0.76, 0.24, -0.193202, -0.374476, 0.0367136
60, 0.835, -0.82, 0.3, -0.193202, -0.374476, 0.0367136
61, 0.4, -0.64, 0.36, -0.39234, 0, 0
61, 0.545, -0.7, 0.36, -0.39234, 0, 0
61, 0.69, -0.76, 0.36, -0.39234, 0, 0
61, 0.835, -0.82, 0.36, -0.39234, 0, 0
62, 0.69, -0.76, 0.48, -0.193202, 0.374476, -0.0367136
62, 0.835, -0.82, 0.42, -0.193202, 0.374476, -0.0367136
63, 0.835, -0.82, 0.48, -0.251149, 0.664377, -0.0870426
64, 0.4, -0.64, 1.08, -0.314934, 0.861978, -0.145763
64, 0.545, -0.7, 0.9, -0.314934, 0.861978, -0.145763
64, 0.69, -0.76, 0.72, -0.314934, 0.861978, -0.145763
64, 0.835, -0.82, 0.54, -0.314934, 0.861978, -0.145763
65, 0.4, -0.64, 1.32, -0.35318, 0.996359, -0.193525
65, 0.545, -0.7, 1.08, -0.35318, 0.996359, -0.193525
65, 0.69, -0.76, 0.84, -0.35318, 0.996359, -0.193525
65, 0.835, -0.82, 0.6, -0.35318, 0.996359, -0.193525
66, 0.4, -0.4, 0.12, -0.601174, -0.310607, 0.0969873
66, 0.545, -0.52, 0.18, -0.601174, -0.310607, 0.0969873
66, 0.69, -0.64, 0.24, -0.601174, -0.310607, 0.0969873
66, 0.835, -0.76, 0.3, -0.601174, -0.310607, 0.0969873
67, 0.4, -0.4, 0.36, -0.691337, 0, 0
67, 0.545, -0.52, 0.36, -0.691337, 0, 0
67, 0.69, -0.64, 0.36, -0.691337, 0, 0
67, 0.835, -0.76, 0.36, -0.691337, 0, 0
68, 0.4, -0.4, 0.6, -0.601174, 0.310607, -0.0969873
68, 0.545, -0.52, 0.54, -0.601174, 0.310607, -0.0969873
68, 0.69, -0.64, 0.48, -0.601174, 0.310607, -0.0969873
68, 0.835, -0.76, 0.42, -0.601174, 0.310607, -0.0969873
69, 0.4, -0.4, 0.84, -0.583709, 0.580613, -0.179028
69, 0.545, -0.52, 0.72, -0.583709, 0.580613, -0.179028
69, 0.835, -0.76, 0.48, -0.583709, 0.580613, -0.179028
70, 0.4, -0.4, 1.08, -0.617241, 0.779362, -0.260376
70, 0.545, -0.52, 0.9, -0.617241, 0.779362, -0.260376
70, 0.69, -0.64, 0.72, -0.617241, 0.779362, -0.260376
70, 0.835, -0.76, 0.54, -0.617241, 0.779362, -0.260376
71, 0.4, -0.4, 1.32, -0.648399, 0.918853, -0.329504
71, 0.545, -0.52, 1.08, -0.648399, 0.918853, -0.329504
71, 0.69, -0.64, 0.84, -0.648399, 0.918853, -0.329504
71, 0.835, -0.76, 0.6, -0.648399, 0.918853, -0.329504
72, 0.545, -0.34, 0.18, -0.870133, -0.253012, 0.118086
72, 0.69, -0.52, 0.24, -0.870133, -0.253012, 0.118086
72, 0.835, -0.7, 0.3, -0.870133, -0.253012, 0.118086
73, 0.545, -0.34, 0.36, -0.892677, 0, 0
73, 0.69, -0.52, 0.36, -0.892677, 0, 0
73, 0.835, -0.7, 0.36, -0.892677, 0, 0
74, 0.545, -0.34, 0.54, -0.870133, 0.253012, -0.118086
74, 0.69, -0.52, 0.48, -0.870133, 0.253012, -0.118086
74, 0.835, -0.7, 0.42, -0.870133, 0.253012, -0.118086
75, 0.4, -0.16, 0.84, -0.846478, 0.492952, -0.225702
75, 0.545, -0.34, 0.72, -0.846478, 0.492952, -0.225702
75, 0.835, -0.7, 0.48, -0.846478, 0.492952, -0.225702
76, 0.4, -0.16, 1.08, -0.848778, 0.688125, -0.321021
76, 0.545, -0.34, 0.9, -0.848778, 0.688125, -0.321021
76, 0.69, -0.52, 0.72, -0.848778, 0.688125, -0.321021
76, 0.835, -0.7, 0.54, -0.848778, 0.688125, -0.321021
77, 0.4, -0.16, 1.32, -0.862705, 0.830826, -0.40058
77, 0.545, -0.34, 1.08, -0.862705, 0.830826, -0.40058
77, 0.69, -0.52, 0.84, -0.862705, 0.830826, -0.40058
77, 0.835, -0.7, 0.6, -0.862705, 0.830826, -0.40058
78, 0.545, -0.16, 0.18, -1.01808, -0.227623, 0.127415
78, 0.69, -0.4, 0.24, -1.01808, -0.227623, 0.127415
78, 0.835, -0.64, 0.3, -1.01808, -0.227623, 0.127415
79, 0.545, -0.16, 0.36, -1.02732, 0, 0
79, 0.69, -0.4, 0.36, -1.02732, 0, 0
79, 0.835, -0.64, 0.36, -1.02732, 0, 0
80, 0.545, -0.16, 0.54, -1.01808, 0.227623, -0.127415
80, 0.69, -0.4, 0.48, -1.01808, 0.227623, -0.127415
80, 0.835, -0.64, 0.42, -1.01808, 0.227623, -0.127415
81, 0.835, -0.64, 0.48, -1.00384, 0.443125, -0.245997
82, 0.4, 0.08, 1.08, -1.00124, 0.623125, -0.348814
82, 0.545, -0.16, 0.9, -1.00124, 0.623125, -0.348814
82, 0.69, -0.4, 0.72, -1.00124, 0.623125, -0.348814
83, 0.4, 0.08, 1.32, -1.00858, 0.759068, -0.433351
83, 0.545, -0.16, 1.08, -1.00858, 0.759068, -0.433351
83, 0.69, -0.4, 0.84, -1.00858, 0.759068, -0.433351
83, 0.835, -0.64, 0.6, -1.00858, 0.759068, -0.433351
84, 0.4, 0.32, 0.12, -1.11403, -0.219194, 0.13685
84, 0.545, 0.02, 0.18, -1.11403, -0.219194, 0.13685
84, 0.69, -0.28, 0.24, -1.11403, -0.219194, 0.13685
84, 0.835, -0.58, 0.3, -1.11403, -0.219194, 0.13685
85, 0.545, 0.02, 0.36, -1.12057, 0, 0
85, 0.69, -0.28, 0.36, -1.12057, 0, 0
85, 0.835, -0.58, 0.36, -1.12057, 0, 0
86, 0.545, 0.02, 0.54, -1.11403, 0.219194, -0.13685
86, 0.69, -0.28, 0.48, -1.11403, 0.219194, -0.13685
86, 0.835, -0.58, 0.42, -1.11403, 0.219194, -0.13685
87, 0.545, 0.02, 0.72, -1.10405, 0.419958, -0.261027
87, 0.69, -0.28, 0.6, -1.10405, 0.419958, -0.261027
87, 0.835, -0.58, 0.48, -1.10405, 0.419958, -0.261027
88, 0.4, 0.32, 1.08, -1.10258, 0.584121, -0.365611
88, 0.545, 0.02, 0.9, -1.10258, 0.584121, -0.365611
88, 0.69, -0.28, 0.72, -1.10258, 0.584121, -0.365611
89, 0.545, 0.02, 1.08, -1.10883, 0.708722, -0.450407
89, 0.69, -0.28, 0.84, -1.10883, 0.708722, -0.450407
89, 0.835, -0.58, 0.6, -1.10883, 0.708722, -0.450407
90, 0.4, 0.56, 0.12, -1.18219, -0.217327, 0.146174
90, 0.545, 0.2, 0.18, -1.18219, -0.217327, 0.146174
90, 0.69, -0.16, 0.24, -1.18219, -0.217327, 0.146174
90, 0.835, -0.52, 0.3, -1.18219, -0.217327, 0.146174
91, 0.4, 0.56, 0.36, -1.1879, 0, 0
91, 0.545, 0.2, 0.36, -1.1879, 0, 0
91, 0.69, -0.16, 0.36, -1.1879, 0, 0
91, 0.835, -0.52, 0.36, -1.1879, 0, 0
92, 0.4, 0.56, 0.6, -1.18219, 0.217327, -0.146174
92, 0.69, -0.16, 0.48, -1.18219, 0.217327, -0.146174
92, 0.835, -0.52, 0.42, -1.18219, 0.217327, -0.146174
93, 0.545, 0.2, 0.72, -1.17432, 0.409551, -0.274671
93, 0.835, -0.52, 0.48, -1.17432, 0.409551, -0.274671
94, 0.545, 0.2, 0.9, -1.17435, 0.561325, -0.37907
94, 0.69, -0.16, 0.72, -1.17435, 0.561325, -0.37907
95, 0.545, 0.2, 1.08, -1.18084, 0.674959, -0.461935
95, 0.69, -0.16, 0.84, -1.18084, 0.674959, -0.461935
95, 0.835, -0.52, 0.6, -1.18084, 0.674959, -0.461935
96, 0.545, 0.38, 0.18, -1.23314, -0.217745, 0.154629
96, 0.69, -0.04, 0.24, -1.23314, -0.217745, 0.154629
96, 0.835, -0.46, 0.3, -1.23314, -0.217745, 0.154629
97, 0.545, 0.38, 0.36, -1.23837, 0, 0
97, 0.69, -0.04, 0.36, -1.23837, 0, 0
97, 0.835, -0.46, 0.36, -1.23837, 0, 0
98, 0.835, -0.46, 0.42, -1.23314, 0.217745, -0.154629
99, 0.545, 0.38, 0.72, -1.22676, 0.404871, -0.286985
99, 0.69, -0.04, 0.6, -1.22676, 0.404871, -0.286985
100, 0.545, 0.38, 0.9, -1.22809, 0.547621, -0.390938
101, 0.545, 0.38, 1.08, -1.23502, 0.652218, -0.471398
101, 0.69, -0.04, 0.84, -1.23502, 0.652218, -0.471398
101, 0.835, -0.46, 0.6, -1.23502, 0.652218, -0.471398
102, 0.545, 0.56, 0.18, -1.2726, -0.21885, 0.161983
102, 0.69, 0.08, 0.24, -1.2726, -0.21885, 0.161983
102, 0.835, -0.4, 0.3, -1.2726, -0.21885, 0.161983
103, 0.69, 0.08, 0.36, -1.27743, 0, 0
103, 0.835, -0.4, 0.36, -1.27743, 0, 0
104, 0.69, 0.08, 0.48, -1.2726, 0.21885, -0.161983
104, 0.835, -0.4, 0.42, -1.2726, 0.21885, -0.161983
105, 0.545, 0.56, 0.72, -1.26747, 0.402791, -0.297838
106, 0.69, 0.08, 0.72, -1.26995, 0.539014, -0.401542
107, 0.69, 0.08, 0.84, -1.27733, 0.636536, -0.479818
107, 0.835, -0.4, 0.6, -1.27733, 0.636536, -0.479818
108, 0.4, -0.88, 0.12, 0, -0.691337, 0
108, 0.545, -0.88, 0.24, 0, -0.691337, 0
108, 0.69, -0.88, 0.36, 0, -0.691337, 0
108, 0.835, -0.88, 0.48, 0, -0.691337, 0
109, 0.4, -0.88, 0.36, 0, -0.39234, 0
109, 0.545, -0.88, 0.42, 0, -0.39234, 0
109, 0.69, -0.88, 0.48, 0, -0.39234, 0
109, 0.835, -0.88, 0.54, 0, -0.39234, 0
111, 0.545, -0.88, 0.78, 0, 0.39234, 0
111, 0.69, -0.88, 0.72, 0, 0.39234, 0
112, 0.4, -0.88, 1.08, 0, 0.691337, 0
112, 0.545, -0.88, 0.96, 0, 0.691337, 0
112, 0.69, -0.88, 0.84, 0, 0.691337, 0
114, 0.545, -0.7, 0.24, -0.251149, -0.664377, 0.0870426
114, 0.69, -0.76, 0.36, -0.251149, -0.664377, 0.0870426
114, 0.835, -0.82, 0.48, -0.251149, -0.664377, 0.0870426
115, 0.4, -0.64, 0.36, -0.193202, -0.374476, 0.0367136
115, 0.545, -0.7, 0.42, -0.193202, -0.374476, 0.0367136
115, 0.69, -0.76, 0.48, -0.193202, -0.374476, 0.0367136
115, 0.835, -0.82, 0.54, -0.193202, -0.374476, 0.0367136
116, 0.4, -0.64, 0.6, -0.39234, 0, 0
116, 0.545, -0.7, 0.6, -0.39234, 0, 0
116, 0.69, -0.76, 0.6, -0.39234, 0, 0
116, 0.835, -0.82, 0.6, -0.39234, 0, 0
117, 0.69, -0.76, 0.72, -0.193202, 0.374476, -0.0367136
117, 0.835, -0.82, 0.66, -0.193202, 0.374476, -0.0367136
118, 0.4, -0.64, 1.08, -0.251149, 0.664377, -0.0870426
118, 0.545, -0.7, 0.96, -0.251149, 0.664377, -0.0870426
118, 0.69, -0.76, 0.84, -0.251149, 0.664377, -0.0870426
118, 0.835, -0.82, 0.72, -0.251149, 0.664377, -0.0870426
119, 0.4, -0.64, 1.32, -0.314934, 0.861978, -0.145763
119, 0.545, -0.7, 1.14, -0.314934, 0.861978, -0.145763
119, 0.69, -0.76, 0.96, -0.314934, 0.861978, -0.145763
119, 0.835, -0.82, 0.78, -0.314934, 0.861978, -0.145763
120, 0.545, -0.52, 0.24, -0.583709, -0.580613, 0.179028
120, 0.69, -0.64, 0.36, -0.583709, -0.580613, 0.179028
120, 0.835, -0.76, 0.48, -0.583709, -0.580613, 0.179028
121, 0.4, -0.4, 0.36, -0.601174, -0.310607, 0.0969873
121, 0.545, -0.52, 0.42, -0.601174, -0.310607, 0.0969873
121, 0.69, -0.64, 0.48, -0.601174, -0.310607, 0.0969873
121, 0.835, -0.76, 0.54, -0.601174, -0.310607, 0.0969873
122, 0.4, -0.4, 0.6, -0.691337, 0, 0
122, 0.545, -0.52, 0.6, -0.691337, 0, 0
122, 0.69, -0.64, 0.6, -0.691337, 0, 0
122, 0.835, -0.76, 0.6, -0.691337, 0, 0
123, 0.4, -0.4, 0.84, -0.601174, 0.310607, -0.0969873
123, 0.835, -0.76, 0.66, -0.601174, 0.310607, -0.0969873
124, 0.4, -0.4, 1.08, -0.583709, 0.580613, -0.179028
124, 0.545, -0.52, 0.96, -0.583709, 0.580613, -0.179028
124, 0.69, -0.64, 0.84, -0.583709, 0.580613, -0.179028
124, 0.835, -0.76, 0.72, -0.583709, 0.580613, -0.179028
125, 0.4, -0.4, 1.32, -0.617241, 0.779362, -0.260376
125, 0.545, -0.52, 1.14, -0.617241, 0.779362, -0.260376
125, 0.69, -0.64, 0.96, -0.617241, 0.779362, -0.260376
125, 0.835, -0.76, 0.78, -0.617241, 0.779362, -0.260376
126, 0.545, -0.34, 0.24, -0.846478, -0.492952, 0.225702
126, 0.69, -0.52, 0.36, -0.846478, -0.492952, 0.225702
126, 0.835, -0.7, 0.48, -0.846478, -0.492952, 0.225702
127, 0.545, -0.34, 0.42, -0.870133, -0.253012, 0.118086
127, 0.69, -0.52, 0.48, -0.870133, -0.253012, 0.118086
127, 0.835, -0.7, 0.54, -0.870133, -0.253012, 0.118086
128, 0.545, -0.34, 0.6, -0.892677, 0, 0
128, 0.69, -0.52, 0.6, -0.892677, 0, 0
128, 0.835, -0.7, 0.6, -0.892677, 0, 0
129, 0.69, -0.52, 0.72, -0.870133, 0.253012, -0.118086
129, 0.835, -0.7, 0.66, -0.870133, 0.253012, -0.118086
130, 0.4, -0.16, 1.08, -0.846478, 0.492952, -0.225702
130, 0.545, -0.34, 0.96, -0.846478, 0.492952, -0.225702
130, 0.69, -0.52, 0.84, -0.846478, 0.492952, -0.225702
130, 0.835, -0.7, 0.72, -0.846478, 0.492952, -0.225702
131, 0.4, -0.16, 1.32, -0.848778, 0.688125, -0.321021
131, 0.545, -0.34, 1.14, -0.848778, 0.688125, -0.321021
131, 0.69, -0.52, 0.96, -0.848778, 0.688125, -0.321021
131, 0.835, -0.7, 0.78, -0.848778, 0.688125, -0.321021
132, 0.545, -0.16, 0.24, -1.00384, -0.443125, 0.245997
132, 0.69, -0.4, 0.36, -1.00384, -0.443125, 0.245997
132, 0.835, -0.64, 0.48, -1.00384, -0.443125, 0.245997
133, 0.545, -0.16, 0.42, -1.01808, -0.227623, 0.127415
133, 0.69, -0.4, 0.48, -1.01808, -0.227623, 0.127415
133, 0.835, -0.64, 0.54, -1.01808, -0.227623, 0.127415
134, 0.545, -0.16, 0.6, -1.02732, 0, 0
134, 0.69, -0.4, 0.6, -1.02732, 0, 0
134, 0.835, -0.64, 0.6, -1.02732, 0, 0
135, 0.835, -0.64, 0.66, -1.01808, 0.227623, -0.127415
136, 0.4, 0.08, 1.08, -1.00384, 0.443125, -0.245997
136, 0.545, -0.16, 0.96, -1.00384, 0.443125, -0.245997
136, 0.69, -0.4, 0.84, -1.00384, 0.443125, -0.245997
137, 0.4, 0.08, 1.32, -1.00124, 0.623125, -0.348814
137, 0.545, -0.16, 1.14, -1.00124, 0.623125, -0.348814
137, 0.69, -0.4, 0.96, -1.00124, 0.623125, -0.348814
137, 0.835, -0.64, 0.78, -1.00124, 0.623125, -0.348814
138, 0.4, 0.32, 0.12, -1.10405, -0.419958, 0.261027
138, 0.545, 0.02, 0.24, -1.10405, -0.419958, 0.261027
138, 0.69, -0.28, 0.36, -1.10405, -0.419958, 0.261027
138, 0.835, -0.58, 0.48, -1.10405, -0.419958, 0.261027
139, 0.4, 0.32, 0.36, -1.11403, -0.219194, 0.13685
139, 0.545, 0.02, 0.42, -1.11403, -0.219194, 0.13685
139, 0.69, -0.28, 0.48, -1.11403, -0.219194, 0.13685
139, 0.835, -0.58, 0.54, -1.11403, -0.219194, 0.13685
140, 0.4, 0.32, 0.6, -1.12057, 0, 0
140, 0.545, 0.02, 0.6, -1.12057, 0, 0
140, 0.69, -0.28, 0.6, -1.12057, 0, 0
140, 0.835, -0.58, 0.6, -1.12057, 0, 0
141, 0.69, -0.28, 0.72, -1.11403, 0.219194, -0.13685
141, 0.835, -0.58, 0.66, -1.11403, 0.219194, -0.13685
142, 0.4, 0.32, 1.08, -1.10405, 0.419958, -0.261027
142, 0.545, 0.02, 0.96, -1.10405, 0.419958, -0.261027
142, 0.69, -0.28, 0.84, -1.10405, 0.419958, -0.261027
142, 0.835, -0.58, 0.72, -1.10405, 0.419958, -0.261027
143, 0.545, 0.02, 1.14, -1.10258, 0.584121, -0.365611
143, 0.69, -0.28, 0.96, -1.10258, 0.584121, -0.365611
143, 0.835, -0.58, 0.78, -1.10258, 0.584121, -0.365611
144, 0.545, 0.2, 0.24, -1.17432, -0.409551, 0.274671
144, 0.69, -0.16, 0.36, -1.17432, -0.409551, 0.274671
144, 0.835, -0.52, 0.48, -1.17432, -0.409551, 0.274671
145, 0.545, 0.2, 0.42, -1.18219, -0.217327, 0.146174
145, 0.69, -0.16, 0.48, -1.18219, -0.217327, 0.146174
145, 0.835, -0.52, 0.54, -1.18219, -0.217327, 0.146174
146, 0.69, -0.16, 0.6, -1.1879, 0, 0
146, 0.835, -0.52, 0.6, -1.1879, 0, 0
147, 0.545, 0.2, 0.78, -1.18219, 0.217327, -0.146174
147, 0.835, -0.52, 0.66, -1.18219, 0.217327, -0.146174
148, 0.545, 0.2, 0.96, -1.17432, 0.409551, -0.274671
148, 0.69, -0.16, 0.84, -1.17432, 0.409551, -0.274671
148, 0.835, -0.52, 0.72, -1.17432, 0.409551, -0.274671
149, 0.545, 0.2, 1.14, -1.17435, 0.561325, -0.37907
149, 0.69, -0.16, 0.96, -1.17435, 0.561325, -0.37907
149, 0.835, -0.52, 0.78, -1.17435, 0.561325, -0.37907
150, 0.69, -0.04, 0.36, -1.22676, -0.404871, 0.286985
150, 0.835, -0.46, 0.48, -1.22676, -0.404871, 0.286985
151, 0.545, 0.38, 0.42, -1.23314, -0.217745, 0.154629
151, 0.69, -0.04, 0.48, -1.23314, -0.217745, 0.154629
151, 0.835, -0.46, 0.54, -1.23314, -0.217745, 0.154629
152, 0.69, -0.04, 0.6, -1.23837, 0, 0
152, 0.835, -0.46, 0.6, -1.23837, 0, 0
153, 0.545, 0.38, 0.78, -1.23314, 0.217745, -0.154629
153, 0.835, -0.46, 0.66, -1.23314, 0.217745, -0.154629
154, 0.545, 0.38, 0.96, -1.22676, 0.404871, -0.286985
154, 0.69, -0.04, 0.84, -1.22676, 0.404871, -0.286985
154, 0.835, -0.46, 0.72, -1.22676, 0.404871, -0.286985
155, 0.69, -0.04, 0.96, -1.22809, 0.547621, -0.390938
155, 0.835, -0.46, 0.78, -1.22809, 0.547621, -0.390938
156, 0.69, 0.08, 0.36, -1.26747, -0.402791, 0.297838
156, 0.835, -0.4, 0.48, -1.26747, -0.402791, 0.297838
157, 0.69, 0.08, 0.48, -1.2726, -0.21885, 0.161983
157, 0.835, -0.4, 0.54, -1.2726, -0.21885, 0.161983
158, 0.69, 0.08, 0.6, -1.27743, 0, 0
158, 0.835, -0.4, 0.6, -1.27743, 0, 0
160, 0.69, 0.08, 0.84, -1.26747, 0.402791, -0.297838
160, 0.835, -0.4, 0.72, -1.26747, 0.402791, -0.297838
161, 0.69, 0.08, 0.96, -1.26995, 0.539014, -0.401542
161, 0.835, -0.4, 0.78, -1.26995, 0.539014, -0.401542
162, 0.545, -0.88, 0.3, 0, -0.892677, 0
162, 0.69, -0.88, 0.48, 0, -0.892677, 0
162, 0.835, -0.88, 0.66, 0, -0.892677, 0
163, 0.4, -0.88, 0.36, 0, -0.691337, 0
163, 0.545, -0.88, 0.48, 0, -0.691337, 0
163, 0.69, -0.88, 0.6, 0, -0.691337, 0
163, 0.835, -0.88, 0.72, 0, -0.691337, 0
164, 0.4, -0.88, 0.6, 0, -0.39234, 0
164, 0.545, -0.88, 0.66, 0, -0.39234, 0
164, 0.69, -0.88, 0.72, 0, -0.39234, 0
164, 0.835, -0.88, 0.78, 0, -0.39234, 0
166, 0.4, -0.88, 1.08, 0, 0.39234, 0
166, 0.545, -0.88, 1.02, 0, 0.39234, 0
166, 0.69, -0.88, 0.96, 0, 0.39234, 0
168, 0.545, -0.7, 0.3, -0.314934, -0.861978, 0.145763
168, 0.69, -0.76, 0.48, -0.314934, -0.861978, 0.145763
168, 0.835, -0.82, 0.66, -0.314934, -0.861978, 0.145763
169, 0.4, -0.64, 0.36, -0.251149, -0.664377, 0.0870426
169, 0.545, -0.7, 0.48, -0.251149, -0.664377, 0.0870426
169, 0.69, -0.76, 0.6, -0.251149, -0.664377, 0.0870426
169, 0.835, -0.82, 0.72, -0.251149, -0.664377, 0.0870426
170, 0.4, -0.64, 0.6, -0.193202, -0.374476, 0.0367136
170, 0.545, -0.7, 0.66, -0.193202, -0.374476, 0.0367136
170, 0.69, -0.76, 0.72, -0.193202, -0.374476, 0.0367136
170, 0.835, -0.82, 0.78, -0.193202, -0.374476, 0.0367136
171, 0.545, -0.7, 0.84, -0.39234, 0, 0
171, 0.69, -0.76, 0.84, -0.39234, 0, 0
171, 0.835, -0.82, 0.84, -0.39234, 0, 0
172, 0.4, -0.64, 1.08, -0.193202, 0.374476, -0.0367136
172, 0.545, -0.7, 1.02, -0.193202, 0.374476, -0.0367136
172, 0.69, -0.76, 0.96, -0.193202, 0.374476, -0.0367136
173, 0.4, -0.64, 1.32, -0.251149, 0.664377, -0.0870426
173, 0.545, -0.7, 1.2, -0.251149, 0.664377, -0.0870426
173, 0.69, -0.76, 1.08, -0.251149, 0.664377, -0.0870426
174, 0.545, -0.52, 0.3, -0.617241, -0.779362, 0.260376
174, 0.69, -0.64, 0.48, -0.617241, -0.779362, 0.260376
174, 0.835, -0.76, 0.66, -0.617241, -0.779362, 0.260376
175, 0.4, -0.4, 0.36, -0.583709, -0.580613, 0.179028
175, 0.545, -0.52, 0.48, -0.583709, -0.580613, 0.179028
175, 0.69, -0.64, 0.6, -0.583709, -0.580613, 0.179028
175, 0.835, -0.76, 0.72, -0.583709, -0.580613, 0.179028
176, 0.4, -0.4, 0.6, -0.601174, -0.310607, 0.0969873
176, 0.545, -0.52, 0.66, -0.601174, -0.310607, 0.0969873
176, 0.69, -0.64, 0.72, -0.601174, -0.310607, 0.0969873
176, 0.835, -0.76, 0.78, -0.601174, -0.310607, 0.0969873
177, 0.4, -0.4, 0.84, -0.691337, 0, 0
177, 0.545, -0.52, 0.84, -0.691337, 0, 0
177, 0.69, -0.64, 0.84, -0.691337, 0, 0
177, 0.835, -0.76, 0.84, -0.691337, 0, 0
178, 0.4, -0.4, 1.08, -0.601174, 0.310607, -0.0969873
178, 0.545, -0.52, 1.02, -0.601174, 0.310607, -0.0969873
178, 0.69, -0.64, 0.96, -0.601174, 0.310607, -0.0969873
178, 0.835, -0.76, 0.9, -0.601174, 0.310607, -0.0969873
179, 0.4, -0.4, 1.32, -0.583709, 0.580613, -0.179028
179, 0.545, -0.52, 1.2, -0.583709, 0.580613, -0.179028
179, 0.69, -0.64, 1.08, -0.583709, 0.580613, -0.179028
179, 0.835, -0.76, 0.96, -0.583709, 0.580613, -0.179028
180, 0.69, -0.52, 0.48, -0.848778, -0.688125, 0.321021
180, 0.835, -0.7, 0.66, -0.848778, -0.688125, 0.321021
181, 0.545, -0.34, 0.48, -0.846478, -0.492952, 0.225702
181, 0.69, -0.52, 0.6, -0.846478, -0.492952, 0.225702
181, 0.835, -0.7, 0.72, -0.846478, -0.492952, 0.225702
182, 0.545, -0.34, 0.66, -0.870133, -0.253012, 0.118086
182, 0.69, -0.52, 0.72, -0.870133, -0.253012, 0.118086
182, 0.835, -0.7, 0.78, -0.870133, -0.253012, 0.118086
183, 0.545, -0.34, 0.84, -0.892677, 0, 0
183, 0.69, -0.52, 0.84, -0.892677, 0, 0
183, 0.835, -0.7, 0.84, -0.892677, 0, 0
184, 0.4, -0.16, 1.08, -0.870133, 0.253012, -0.118086
184, 0.545, -0.34, 1.02, -0.870133, 0.253012, -0.118086
184, 0.69, -0.52, 0.96, -0.870133, 0.253012, -0.118086
184, 0.835, -0.7, 0.9, -0.870133, 0.253012, -0.118086
185, 0.4, -0.16, 1.32, -0.846478, 0.492952, -0.225702
185, 0.545, -0.34, 1.2, -0.846478, 0.492952, -0.225702
185, 0.69, -0.52, 1.08, -0.846478, 0.492952, -0.225702
185, 0.835, -0.7, 0.96, -0.846478, 0.492952, -0.225702
186, 0.69, -0.4, 0.48, -1.00124, -0.623125, 0.348814
186, 0.835, -0.64, 0.66, -1.00124, -0.623125, 0.348814
187, 0.545, -0.16, 0.48, -1.00384, -0.443125, 0.245997
187, 0.69, -0.4, 0.6, -1.00384, -0.443125, 0.245997
187, 0.835, -0.64, 0.72, -1.00384, -0.443125, 0.245997
188, 0.545, -0.16, 0.66, -1.01808, -0.227623, 0.127415
188, 0.69, -0.4, 0.72, -1.01808, -0.227623, 0.127415
188, 0.835, -0.64, 0.78, -1.01808, -0.227623, 0.127415
189, 0.835, -0.64, 0.84, -1.02732, 0, 0
190, 0.4, 0.08, 1.08, -1.01808, 0.227623, -0.127415
190, 0.545, -0.16, 1.02, -1.01808, 0.227623, -0.127415
190, 0.69, -0.4, 0.96, -1.01808, 0.227623, -0.127415
190, 0.835, -0.64, 0.9, -1.01808, 0.227623, -0.127415
191, 0.4, 0.08, 1.32, -1.00384, 0.443125, -0.245997
191, 0.545, -0.16, 1.2, -1.00384, 0.443125, -0.245997
191, 0.69, -0.4, 1.08, -1.00384, 0.443125, -0.245997
191, 0.835, -0.64, 0.96, -1.00384, 0.443125, -0.245997
192, 0.69, -0.28, 0.48, -1.10258, -0.584121, 0.365611
192, 0.835, -0.58, 0.66, -1.10258, -0.584121, 0.365611
193, 0.545, 0.02, 0.48, -1.10405, -0.419958, 0.261027
193, 0.69, -0.28, 0.6, -1.10405, -0.419958, 0.261027
193, 0.835, -0.58, 0.72, -1.10405, -0.419958, 0.261027
194, 0.545, 0.02, 0.66, -1.11403, -0.219194, 0.13685
194, 0.69, -0.28, 0.72, -1.11403, -0.219194, 0.13685
194, 0.835, -0.58, 0.78, -1.11403, -0.219194, 0.13685
195, 0.69, -0.28, 0.84, -1.12057, 0, 0
196, 0.545, 0.02, 1.02, -1.11403, 0.219194, -0.13685
196, 0.69, -0.28, 0.96, -1.11403, 0.219194, -0.13685
196, 0.835, -0.58, 0.9, -1.11403, 0.219194, -0.13685
197, 0.545, 0.02, 1.2, -1.10405, 0.419958, -0.261027
197, 0.69, -0.28, 1.08, -1.10405, 0.419958, -0.261027
197, 0.835, -0.58, 0.96, -1.10405, 0.419958, -0.261027
198, 0.69, -0.16, 0.48, -1.17435, -0.561325, 0.37907
198, 0.835, -0.52, 0.66, -1.17435, -0.561325, 0.37907
199, 0.545, 0.2, 0.48, -1.17432, -0.409551, 0.274671
199, 0.69, -0.16, 0.6, -1.17432, -0.409551, 0.274671
199, 0.835, -0.52, 0.72, -1.17432, -0.409551, 0.274671
200, 0.545, 0.2, 0.66, -1.18219, -0.217327, 0.146174
200, 0.69, -0.16, 0.72, -1.18219, -0.217327, 0.146174
200, 0.835, -0.52, 0.78, -1.18219, -0.217327, 0.146174
201, 0.545, 0.2, 0.84, -1.1879, 0, 0
201, 0.69, -0.16, 0.84, -1.1879, 0, 0
201, 0.835, -0.52, 0.84, -1.1879, 0, 0
202, 0.545, 0.2, 1.02, -1.18219, 0.217327, -0.146174
202, 0.69, -0.16, 0.96, -1.18219, 0.217327, -0.146174
202, 0.835, -0.52, 0.9, -1.18219, 0.217327, -0.146174
203, 0.545, 0.2, 1.2, -1.17432, 0.409551, -0.274671
203, 0.69, -0.16, 1.08, -1.17432, 0.409551, -0.274671
203, 0.835, -0.52, 0.96, -1.17432, 0.409551, -0.274671
204, 0.69, -0.04, 0.48, -1.22809, -0.547621, 0.390938
204, 0.835, -0.46, 0.66, -1.22809, -0.547621, 0.390938
205, 0.69, -0.04, 0.6, -1.22676, -0.404871, 0.286985
205, 0.835, -0.46, 0.72, -1.22676, -0.404871, 0.286985
206, 0.545, 0.38, 0.66, -1.23314, -0.217745, 0.154629
206, 0.69, -0.04, 0.72, -1.23314, -0.217745, 0.154629
206, 0.835, -0.46, 0.78, -1.23314, -0.217745, 0.154629
207, 0.545, 0.38, 0.84, -1.23837, 0, 0
207, 0.835, -0.46, 0.84, -1.23837, 0, 0
208, 0.69, -0.04, 0.96, -1.23314, 0.217745, -0.154629
208, 0.835, -0.46, 0.9, -1.23314, 0.217745, -0.154629
209, 0.69, -0.04, 1.08, -1.22676, 0.404871, -0.286985
209, 0.835, -0.46, 0.96, -1.22676, 0.404871, -0.286985
210, 0.69, 0.08, 0.48, -1.26995, -0.539014, 0.401542
210, 0.835, -0.4, 0.66, -1.26995, -0.539014, 0.401542
211, 0.69, 0.08, 0.6, -1.26747, -0.402791, 0.297838
211, 0.835, -0.4, 0.72, -1.26747, -0.402791, 0.297838
212, 0.69, 0.08, 0.72, -1.2726, -0.21885, 0.161983
212, 0.835, -0.4, 0.78, -1.2726, -0.21885, 0.161983
213, 0.835, -0.4, 0.84, -1.27743, 0, 0
214, 0.69, 0.08, 0.96, -1.2726, 0.21885, -0.161983
214, 0.835, -0.4, 0.9, -1.2726, 0.21885, -0.161983
215, 0.69, 0.08, 1.08, -1.26747, 0.402791, -0.297838
215, 0.835, -0.4, 0.96, -1.26747, 0.402791, -0.297838
216, 0.545, -0.88, 0.36, 0, -1.02732, 0
216, 0.69, -0.88, 0.6, 0, -1.02732, 0
217, 0.4, -0.88, 0.36, 0, -0.892677, 0
217, 0.545, -0.88, 0.54, 0, -0.892677, 0
217, 0.69, -0.88, 0.72, 0, -0.892677, 0
218, 0.4, -0.88, 0.6, 0, -0.691337, 0
218, 0.545, -0.88, 0.72, 0, -0.691337, 0
218, 0.69, -0.88, 0.84, 0, -0.691337, 0
219, 0.545, -0.88, 0.9, 0, -0.39234, 0
222, 0.545, -0.7, 0.36, -0.35318, -0.996359, 0.193525
222, 0.69, -0.76, 0.6, -0.35318, -0.996359, 0.193525
222, 0.835, -0.82, 0.84, -0.35318, -0.996359, 0.193525
223, 0.545, -0.7, 0.54, -0.314934, -0.861978, 0.145763
223, 0.69, -0.76, 0.72, -0.314934, -0.861978, 0.145763
223, 0.835, -0.82, 0.9, -0.314934, -0.861978, 0.145763
224, 0.4, -0.64, 0.6, -0.251149, -0.664377, 0.0870426
224, 0.545, -0.7, 0.72, -0.251149, -0.664377, 0.0870426
224, 0.69, -0.76, 0.84, -0.251149, -0.664377, 0.0870426
224, 0.835, -0.82, 0.96, -0.251149, -0.664377, 0.0870426
225, 0.4, -0.64, 0.84, -0.193202, -0.374476, 0.0367136
225, 0.545, -0.7, 0.9, -0.193202, -0.374476, 0.0367136
225, 0.69, -0.76, 0.96, -0.193202, -0.374476, 0.0367136
226, 0.545, -0.7, 1.08, -0.39234, 0, 0
226, 0.69, -0.76, 1.08, -0.39234, 0, 0
227, 0.4, -0.64, 1.32, -0.193202, 0.374476, -0.0367136
227, 0.545, -0.7, 1.26, -0.193202, 0.374476, -0.0367136
228, 0.69, -0.64, 0.6, -0.648399, -0.918853, 0.329504
228, 0.835, -0.76, 0.84, -0.648399, -0.918853, 0.329504
229, 0.545, -0.52, 0.54, -0.617241, -0.779362, 0.260376
229, 0.69, -0.64, 0.72, -0.617241, -0.779362, 0.260376
229, 0.835, -0.76, 0.9, -0.617241, -0.779362, 0.260376
230, 0.4, -0.4, 0.6, -0.583709, -0.580613, 0.179028
230, 0.545, -0.52, 0.72, -0.583709, -0.580613, 0.179028
230, 0.69, -0.64, 0.84, -0.583709, -0.580613, 0.179028
230, 0.835, -0.76, 0.96, -0.583709, -0.580613, 0.179028
231, 0.4, -0.4, 0.84, -0.601174, -0.310607, 0.0969873
231, 0.545, -0.52, 0.9, -0.601174, -0.310607, 0.0969873
231, 0.69, -0.64, 0.96, -0.601174, -0.310607, 0.0969873
231, 0.835, -0.76, 1.02, -0.601174, -0.310607, 0.0969873
232, 0.4, -0.4, 1.08, -0.691337, 0, 0
232, 0.545, -0.52, 1.08, -0.691337, 0, 0
232, 0.69, -0.64, 1.08, -0.691337, 0, 0
233, 0.4, -0.4, 1.32, -0.601174, 0.310607, -0.0969873
233, 0.545, -0.52, 1.26, -0.601174, 0.310607, -0.0969873
233, 0.69, -0.64, 1.2, -0.601174, 0.310607, -0.0969873
234, 0.69, -0.52, 0.6, -0.862705, -0.830826, 0.40058
234, 0.835, -0.7, 0.84, -0.862705, -0.830826, 0.40058
235, 0.545, -0.34, 0.54, -0.848778, -0.688125, 0.321021
235, 0.69, -0.52, 0.72, -0.848778, -0.688125, 0.321021
235, 0.835, -0.7, 0.9, -0.848778, -0.688125, 0.321021
236, 0.545, -0.34, 0.72, -0.846478, -0.492952, 0.225702
236, 0.69, -0.52, 0.84, -0.846478, -0.492952, 0.225702
236, 0.835, -0.7, 0.96, -0.846478, -0.492952, 0.225702
237, 0.4, -0.16, 0.84, -0.870133, -0.253012, 0.118086
237, 0.545, -0.34, 0.9, -0.870133, -0.253012, 0.118086
237, 0.69, -0.52, 0.96, -0.870133, -0.253012, 0.118086
237, 0.835, -0.7, 1.02, -0.870133, -0.253012, 0.118086
238, 0.545, -0.34, 1.08, -0.892677, 0, 0
238, 0.69, -0.52, 1.08, -0.892677, 0, 0
238, 0.835, -0.7, 1.08, -0.892677, 0, 0
239, 0.4, -0.16, 1.32, -0.870133, 0.253012, -0.118086
239, 0.545, -0.34, 1.26, -0.870133, 0.253012, -0.118086
239, 0.69, -0.52, 1.2, -0.870133, 0.253012, -0.118086
240, 0.69, -0.4, 0.6, -1.00858, -0.759068, 0.433351
240, 0.835, -0.64, 0.84, -1.00858, -0.759068, 0.433351
241, 0.545, -0.16, 0.54, -1.00124, -0.623125, 0.348814
241, 0.69, -0.4, 0.72, -1.00124, -0.623125, 0.348814
241, 0.835, -0.64, 0.9, -1.00124, -0.623125, 0.348814
242, 0.545, -0.16, 0.72, -1.00384, -0.443125, 0.245997
242, 0.69, -0.4, 0.84, -1.00384, -0.443125, 0.245997
242, 0.835, -0.64, 0.96, -1.00384, -0.443125, 0.245997
243, 0.545, -0.16, 0.9, -1.01808, -0.227623, 0.127415
243, 0.69, -0.4, 0.96, -1.01808, -0.227623, 0.127415
243, 0.835, -0.64, 1.02, -1.01808, -0.227623, 0.127415
244, 0.545, -0.16, 1.08, -1.02732, 0, 0
244, 0.69, -0.4, 1.08, -1.02732, 0, 0
245, 0.4, 0.08, 1.32, -1.01808, 0.227623, -0.127415
245, 0.545, -0.16, 1.26, -1.01808, 0.227623, -0.127415
245, 0.69, -0.4, 1.2, -1.01808, 0.227623, -0.127415
245, 0.835, -0.64, 1.14, -1.01808, 0.227623, -0.127415
246, 0.69, -0.28, 0.6, -1.10883, -0.708722, 0.450407
246, 0.835, -0.58, 0.84, -1.10883, -0.708722, 0.450407
247, 0.545, 0.02, 0.54, -1.10258, -0.584121, 0.365611
247, 0.69, -0.28, 0.72, -1.10258, -0.584121, 0.365611
247, 0.835, -0.58, 0.9, -1.10258, -0.584121, 0.365611
248, 0.545, 0.02, 0.72, -1.10405, -0.419958, 0.261027
248, 0.69, -0.28, 0.84, -1.10405, -0.419958, 0.261027
248, 0.835, -0.58, 0.96, -1.10405, -0.419958, 0.261027
249, 0.545, 0.02, 0.9, -1.11403, -0.219194, 0.13685
250, 0.69, -0.28, 1.08, -1.12057, 0, 0
250, 0.835, -0.58, 1.08, -1.12057, 0, 0
251, 0.4, 0.32, 1.32, -1.11403, 0.219194, -0.13685
251, 0.545, 0.02, 1.26, -1.11403, 0.219194, -0.13685
251, 0.69, -0.28, 1.2, -1.11403, 0.219194, -0.13685
251, 0.835, -0.58, 1.14, -1.11403, 0.219194, -0.13685
252, 0.69, -0.16, 0.6, -1.18084, -0.674959, 0.461935
252, 0.835, -0.52, 0.84, -1.18084, -0.674959, 0.461935
253, 0.69, -0.16, 0.72, -1.17435, -0.561325, 0.37907
253, 0.835, -0.52, 0.9, -1.17435, -0.561325, 0.37907
254, 0.545, 0.2, 0.72, -1.17432, -0.409551, 0.274671
254, 0.69, -0.16, 0.84, -1.17432, -0.409551, 0.274671
254, 0.835, -0.52, 0.96, -1.17432, -0.409551, 0.274671
255, 0.69, -0.16, 0.96, -1.18219, -0.217327, 0.146174
255, 0.835, -0.52, 1.02, -1.18219, -0.217327, 0.146174
256, 0.545, 0.2, 1.08, -1.1879, 0, 0
256, 0.835, -0.52, 1.08, -1.1879, 0, 0
257, 0.545, 0.2, 1.26, -1.18219, 0.217327, -0.146174
257, 0.69, -0.16, 1.2, -1.18219, 0.217327, -0.146174
257, 0.835, -0.52, 1.14, -1.18219, 0.217327, -0.146174
258, 0.69, -0.04, 0.6, -1.23502, -0.652218, 0.471398
258, 0.835, -0.46, 0.84, -1.23502, -0.652218, 0.471398
259, 0.69, -0.04, 0.72, -1.22809, -0.547621, 0.390938
259, 0.835, -0.46, 0.9, -1.22809, -0.547621, 0.390938
260, 0.69, -0.04, 0.84, -1.22676, -0.404871, 0.286985
260, 0.835, -0.46, 0.96, -1.22676, -0.404871, 0.286985
261, 0.69, -0.04, 0.96, -1.23314, -0.217745, 0.154629
261, 0.835, -0.46, 1.02, -1.23314, -0.217745, 0.154629
262, 0.545, 0.38, 1.08, -1.23837, 0, 0
262, 0.69, -0.04, 1.08, -1.23837, 0, 0
262, 0.835, -0.46, 1.08, -1.23837, 0, 0
263, 0.545, 0.38, 1.26, -1.23314, 0.217745, -0.154629
263, 0.69, -0.04, 1.2, -1.23314, 0.217745, -0.154629
263, 0.835, -0.46, 1.14, -1.23314, 0.217745, -0.154629
264, 0.69, 0.08, 0.6, -1.27733, -0.636536, 0.479818
264, 0.835, -0.4, 0.84, -1.27733, -0.636536, 0.479818
265, 0.69, 0.08, 0.72, -1.26995, -0.539014, 0.401542
265, 0.835, -0.4, 0.9, -1.26995, -0.539014, 0.401542
266, 0.69, 0.08, 0.84, -1.26747, -0.402791, 0.297838
266, 0.835, -0.4, 0.96, -1.26747, -0.402791, 0.297838
267, 0.69, 0.08, 0.96, -1.2726, -0.21885, 0.161983
267, 0.835, -0.4, 1.02, -1.2726, -0.21885, 0.161983
268, 0.69, 0.08, 1.08, -1.27743, 0, 0
268, 0.835, -0.4, 1.08, -1.27743, 0, 0
269, 0.69, 0.08, 1.2, -1.2726, 0.21885, -0.161983
269, 0.835, -0.4, 1.14, -1.2726, 0.21885, -0.161983
270, 0.545, -0.88, 0.42, 0, -1.12057, 0
270, 0.69, -0.88, 0.72, 0, -1.12057, 0
271, 0.545, -0.88, 0.6, 0, -1.02732, 0
271, 0.69, -0.88, 0.84, 0, -1.02732, 0
272, 0.4, -0.88, 0.6, 0, -0.892677, 0
272, 0.545, -0.88, 0.78, 0, -0.892677, 0
272, 0.69, -0.88, 0.96, 0, -0.892677, 0
273, 0.4, -0.88, 0.84, 0, -0.691337, 0
273, 0.545, -0.88, 0.96, 0, -0.691337, 0
274, 0.545, -0.88, 1.14, 0, -0.39234, 0
276, 0.69, -0.76, 0.72, -0.372169, -1.09132, 0.227619
277, 0.545, -0.7, 0.6, -0.35318, -0.996359, 0.193525
277, 0.69, -0.76, 0.84, -0.35318, -0.996359, 0.193525
278, 0.4, -0.64, 0.6, -0.314934, -0.861978, 0.145763
278, 0.545, -0.7, 0.78, -0.314934, -0.861978, 0.145763
278, 0.69, -0.76, 0.96, -0.314934, -0.861978, 0.145763
279, 0.4, -0.64, 0.84, -0.251149, -0.664377, 0.0870426
279, 0.545, -0.7, 0.96, -0.251149, -0.664377, 0.0870426
279, 0.69, -0.76, 1.08, -0.251149, -0.664377, 0.0870426
280, 0.545, -0.7, 1.14, -0.193202, -0.374476, 0.0367136
281, 0.4, -0.64, 1.32, -0.39234, 0, 0
282, 0.69, -0.64, 0.72, -0.667608, -1.01923, 0.382855
282, 0.835, -0.76, 1.02, -0.667608, -1.01923, 0.382855
283, 0.545, -0.52, 0.6, -0.648399, -0.918853, 0.329504
283, 0.69, -0.64, 0.84, -0.648399, -0.918853, 0.329504
284, 0.4, -0.4, 0.6, -0.617241, -0.779362, 0.260376
284, 0.545, -0.52, 0.78, -0.617241, -0.779362, 0.260376
284, 0.69, -0.64, 0.96, -0.617241, -0.779362, 0.260376
285, 0.4, -0.4, 0.84, -0.583709, -0.580613, 0.179028
285, 0.545, -0.52, 0.96, -0.583709, -0.580613, 0.179028
285, 0.69, -0.64, 1.08, -0.583709, -0.580613, 0.179028
286, 0.4, -0.4, 1.08, -0.601174, -0.310607, 0.0969873
286, 0.69, -0.64, 1.2, -0.601174, -0.310607, 0.0969873
287, 0.4, -0.4, 1.32, -0.691337, 0, 0
287, 0.545, -0.52, 1.32, -0.691337, 0, 0
288, 0.69, -0.52, 0.72, -0.875401, -0.935061, 0.464017
288, 0.835, -0.7, 1.02, -0.875401, -0.935061, 0.464017
289, 0.545, -0.34, 0.6, -0.862705, -0.830826, 0.40058
289, 0.69, -0.52, 0.84, -0.862705, -0.830826, 0.40058
289, 0.835, -0.7, 1.08, -0.862705, -0.830826, 0.40058
290, 0.545, -0.34, 0.78, -0.848778, -0.688125, 0.321021
290, 0.69, -0.52, 0.96, -0.848778, -0.688125, 0.321021
291, 0.4, -0.16, 0.84, -0.846478, -0.492952, 0.225702
291, 0.545, -0.34, 0.96, -0.846478, -0.492952, 0.225702
291, 0.69, -0.52, 1.08, -0.846478, -0.492952, 0.225702
292, 0.69, -0.52, 1.2, -0.870133, -0.253012, 0.118086
293, 0.4, -0.16, 1.32, -0.892677, 0, 0
293, 0.545, -0.34, 1.32, -0.892677, 0, 0
293, 0.69, -0.52, 1.32, -0.892677, 0, 0
294, 0.69, -0.4, 0.72, -1.01766, -0.860773, 0.501404
294, 0.835, -0.64, 1.02, -1.01766, -0.860773, 0.501404
295, 0.545, -0.16, 0.6, -1.00858, -0.759068, 0.433351
295, 0.69, -0.4, 0.84, -1.00858, -0.759068, 0.433351
295, 0.835, -0.64, 1.08, -1.00858, -0.759068, 0.433351
296, 0.545, -0.16, 0.78, -1.00124, -0.623125, 0.348814
296, 0.69, -0.4, 0.96, -1.00124, -0.623125, 0.348814
296, 0.835, -0.64, 1.14, -1.00124, -0.623125, 0.348814
297, 0.4, 0.08, 0.84, -1.00384, -0.443125, 0.245997
297, 0.545, -0.16, 0.96, -1.00384, -0.443125, 0.245997
297, 0.69, -0.4, 1.08, -1.00384, -0.443125, 0.245997
299, 0.4, 0.08, 1.32, -1.02732, 0, 0
299, 0.545, -0.16, 1.32, -1.02732, 0, 0
299, 0.69, -0.4, 1.32, -1.02732, 0, 0
300, 0.69, -0.28, 0.72, -1.11693, -0.803431, 0.518897
300, 0.835, -0.58, 1.02, -1.11693, -0.803431, 0.518897
301, 0.545, 0.02, 0.6, -1.10883, -0.708722, 0.450407
301, 0.69, -0.28, 0.84, -1.10883, -0.708722, 0.450407
301, 0.835, -0.58, 1.08, -1.10883, -0.708722, 0.450407
302, 0.545, 0.02, 0.78, -1.10258, -0.584121, 0.365611
302, 0.69, -0.28, 0.96, -1.10258, -0.584121, 0.365611
302, 0.835, -0.58, 1.14, -1.10258, -0.584121, 0.365611
303, 0.545, 0.02, 0.96, -1.10405, -0.419958, 0.261027
303, 0.69, -0.28, 1.08, -1.10405, -0.419958, 0.261027
303, 0.835, -0.58, 1.2, -1.10405, -0.419958, 0.261027
304, 0.545, 0.02, 1.14, -1.11403, -0.219194, 0.13685
304, 0.69, -0.28, 1.2, -1.11403, -0.219194, 0.13685
305, 0.4, 0.32, 1.32, -1.12057, 0, 0
305, 0.545, 0.02, 1.32, -1.12057, 0, 0
305, 0.69, -0.28, 1.32, -1.12057, 0, 0
306, 0.69, -0.16, 0.72, -1.18887, -0.761523, 0.528541
306, 0.835, -0.52, 1.02, -1.18887, -0.761523, 0.528541
307, 0.69, -0.16, 0.84, -1.18084, -0.674959, 0.461935
307, 0.835, -0.52, 1.08, -1.18084, -0.674959, 0.461935
308, 0.545, 0.2, 0.78, -1.17435, -0.561325, 0.37907
308, 0.69, -0.16, 0.96, -1.17435, -0.561325, 0.37907
308, 0.835, -0.52, 1.14, -1.17435, -0.561325, 0.37907
309, 0.69, -0.16, 1.08, -1.17432, -0.409551, 0.274671
309, 0.835, -0.52, 1.2, -1.17432, -0.409551, 0.274671
310, 0.545, 0.2, 1.14, -1.18219, -0.217327, 0.146174
310, 0.69, -0.16, 1.2, -1.18219, -0.217327, 0.146174
311, 0.69, -0.16, 1.32, -1.1879, 0, 0
312, 0.69, -0.04, 0.72, -1.24315, -0.731261, 0.535293
312, 0.835, -0.46, 1.02, -1.24315, -0.731261, 0.535293
313, 0.69, -0.04, 0.84, -1.23502, -0.652218, 0.471398
313, 0.835, -0.46, 1.08, -1.23502, -0.652218, 0.471398
314, 0.69, -0.04, 0.96, -1.22809, -0.547621, 0.390938
314, 0.835, -0.46, 1.14, -1.22809, -0.547621, 0.390938
315, 0.69, -0.04, 1.08, -1.22676, -0.404871, 0.286985
315, 0.835, -0.46, 1.2, -1.22676, -0.404871, 0.286985
316, 0.545, 0.38, 1.14, -1.23314, -0.217745, 0.154629
317, 0.69, -0.04, 1.32, -1.23837, 0, 0
318, 0.69, 0.08, 0.72, -1.28556, -0.709226, 0.540972
318, 0.835, -0.4, 1.02, -1.28556, -0.709226, 0.540972
319, 0.69, 0.08, 0.84, -1.27733, -0.636536, 0.479818
319, 0.835, -0.4, 1.08, -1.27733, -0.636536, 0.479818
320, 0.69, 0.08, 0.96, -1.26995, -0.539014, 0.401542
320, 0.835, -0.4, 1.14, -1.26995, -0.539014, 0.401542
321, 0.69, 0.08, 1.08, -1.26747, -0.402791, 0.297838
321, 0.835, -0.4, 1.2, -1.26747, -0.402791, 0.297838
322, 0.69, 0.08, 1.2, -1.2726, -0.21885, 0.161983
323, 0.69, 0.08, 1.32, -1.27743, 0, 0
324, 0.545, -0.88, 0.48, 0, -1.1879, 0
324, 0.69, -0.88, 0.84, 0, -1.1879, 0
325, 0.545, -0.88, 0.66, 0, -1.12057, 0
325, 0.69, -0.88, 0.96, 0, -1.12057, 0
326, 0.4, -0.88, 0.6, 0, -1.02732, 0
326, 0.545, -0.88, 0.84, 0, -1.02732, 0
327, 0.4, -0.88, 0.84, 0, -0.892677, 0
327, 0.545, -0.88, 1.02, 0, -0.892677, 0
330, 0.69, -0.76, 0.84, -0.381364, -1.16106, 0.251882
331, 0.545, -0.7, 0.66, -0.372169, -1.09132, 0.227619
331, 0.69, -0.76, 0.96, -0.372169, -1.09132, 0.227619
332, 0.4, -0.64, 0.6, -0.35318, -0.996359, 0.193525
332, 0.545, -0.7, 0.84, -0.35318, -0.996359, 0.193525
332, 0.69, -0.76, 1.08, -0.35318, -0.996359, 0.193525
333, 0.4, -0.64, 0.84, -0.314934, -0.861978, 0.145763
333, 0.545, -0.7, 1.02, -0.314934, -0.861978, 0.145763
333, 0.69, -0.76, 1.2, -0.314934, -0.861978, 0.145763
334, 0.4, -0.64, 1.08, -0.251149, -0.664377, 0.0870426
334, 0.545, -0.7, 1.2, -0.251149, -0.664377, 0.0870426
335, 0.4, -0.64, 1.32, -0.193202, -0.374476, 0.0367136
336, 0.69, -0.64, 0.84, -0.678124, -1.09455, 0.423383
337, 0.545, -0.52, 0.66, -0.667608, -1.01923, 0.382855
337, 0.69, -0.64, 0.96, -0.667608, -1.01923, 0.382855
338, 0.4, -0.4, 0.6, -0.648399, -0.918853, 0.329504
338, 0.545, -0.52, 0.84, -0.648399, -0.918853, 0.329504
338, 0.69, -0.64, 1.08, -0.648399, -0.918853, 0.329504
339, 0.4, -0.4, 0.84, -0.617241, -0.779362, 0.260376
339, 0.545, -0.52, 1.02, -0.617241, -0.779362, 0.260376
339, 0.69, -0.64, 1.2, -0.617241, -0.779362, 0.260376
340, 0.4, -0.4, 1.08, -0.583709, -0.580613, 0.179028
340, 0.545, -0.52, 1.2, -0.583709, -0.580613, 0.179028
341, 0.4, -0.4, 1.32, -0.601174, -0.310607, 0.0969873
341, 0.545, -0.52, 1.38, -0.601174, -0.310607, 0.0969873
342, 0.69, -0.52, 0.84, -0.883708, -1.01459, 0.514211
343, 0.545, -0.34, 0.66, -0.875401, -0.935061, 0.464017
343, 0.69, -0.52, 0.96, -0.875401, -0.935061, 0.464017
344, 0.545, -0.34, 0.84, -0.862705, -0.830826, 0.40058
344, 0.69, -0.52, 1.08, -0.862705, -0.830826, 0.40058
345, 0.4, -0.16, 0.84, -0.848778, -0.688125, 0.321021
345, 0.545, -0.34, 1.02, -0.848778, -0.688125, 0.321021
345, 0.69, -0.52, 1.2, -0.848778, -0.688125, 0.321021
346, 0.4, -0.16, 1.08, -0.846478, -0.492952, 0.225702
346, 0.545, -0.34, 1.2, -0.846478, -0.492952, 0.225702
347, 0.4, -0.16, 1.32, -0.870133, -0.253012, 0.118086
347, 0.545, -0.34, 1.38, -0.870133, -0.253012, 0.118086
348, 0.69, -0.4, 0.84, -1.02447, -0.940021, 0.556455
349, 0.545, -0.16, 0.66, -1.01766, -0.860773, 0.501404
349, 0.69, -0.4, 0.96, -1.01766, -0.860773, 0.501404
350, 0.545, -0.16, 0.84, -1.00858, -0.759068, 0.433351
350, 0.69, -0.4, 1.08, -1.00858, -0.759068, 0.433351
351, 0.4, 0.08, 0.84, -1.00124, -0.623125, 0.348814
351, 0.545, -0.16, 1.02, -1.00124, -0.623125, 0.348814
351, 0.69, -0.4, 1.2, -1.00124, -0.623125, 0.348814
352, 0.69, -0.4, 1.32, -1.00384, -0.443125, 0.245997
353, 0.545, -0.16, 1.38, -1.01808, -0.227623, 0.127415
354, 0.69, -0.28, 0.84, -1.12342, -0.878604, 0.575092
354, 0.835, -0.58, 1.2, -1.12342, -0.878604, 0.575092
355, 0.545, 0.02, 0.66, -1.11693, -0.803431, 0.518897
355, 0.69, -0.28, 0.96, -1.11693, -0.803431, 0.518897
356, 0.545, 0.02, 0.84, -1.10883, -0.708722, 0.450407
356, 0.69, -0.28, 1.08, -1.10883, -0.708722, 0.450407
357, 0.545, 0.02, 1.02, -1.10258, -0.584121, 0.365611
357, 0.69, -0.28, 1.2, -1.10258, -0.584121, 0.365611
359, 0.545, 0.02, 1.38, -1.11403, -0.219194, 0.13685
360, 0.69, -0.16, 0.84, -1.19552, -0.830912, 0.583548
360, 0.835, -0.52, 1.2, -1.19552, -0.830912, 0.583548
361, 0.69, -0.16, 0.96, -1.18887, -0.761523, 0.528541
362, 0.545, 0.2, 0.84, -1.18084, -0.674959, 0.461935
362, 0.69, -0.16, 1.08, -1.18084, -0.674959, 0.461935
363, 0.545, 0.2, 1.02, -1.17435, -0.561325, 0.37907
363, 0.69, -0.16, 1.2, -1.17435, -0.561325, 0.37907
364, 0.69, -0.16, 1.32, -1.17432, -0.409551, 0.274671
365, 0.4, 0.56, 1.32, -1.18219, -0.217327, 0.146174
365, 0.69, -0.16, 1.44, -1.18219, -0.217327, 0.146174
366, 0.69, -0.04, 0.84, -1.25, -0.794685, 0.588011
366, 0.835, -0.46, 1.2, -1.25, -0.794685, 0.588011
367, 0.69, -0.04, 0.96, -1.24315, -0.731261, 0.535293
367, 0.835, -0.46, 1.26, -1.24315, -0.731261, 0.535293
368, 0.545, 0.38, 0.84, -1.23502, -0.652218, 0.471398
368, 0.69, -0.04, 1.08, -1.23502, -0.652218, 0.471398
369, 0.545, 0.38, 1.02, -1.22809, -0.547621, 0.390938
369, 0.69, -0.04, 1.2, -1.22809, -0.547621, 0.390938
371, 0.69, -0.04, 1.44, -1.23314, -0.217745, 0.154629
372, 0.69, 0.08, 0.84, -1.29255, -0.767222, 0.591081
372, 0.835, -0.4, 1.2, -1.29255, -0.767222, 0.591081
373, 0.69, 0.08, 0.96, -1.28556, -0.709226, 0.540972
373, 0.835, -0.4, 1.26, -1.28556, -0.709226, 0.540972
374, 0.69, 0.08, 1.08, -1.27733, -0.636536, 0.479818
375, 0.69, 0.08, 1.2, -1.26995, -0.539014, 0.401542
376, 0.69, 0.08, 1.32, -1.26747, -0.402791, 0.297838
380, -0.415, -0.52, 1.4025, -0.202501, -0.111014, 0.0112903
380, 0.05, -0.64, 1.455, -0.202501, -0.111014, 0.0112903
381, -0.415, -0.34, 1.4025, -0.346229, -0.111014, 0.0194318
381, 0.05, -0.52, 1.455, -0.346229, -0.111014, 0.0194318
382, -0.415, -0.16, 1.4025, -0.463684, -0.113203, 0.0267527
382, 0.05, -0.4, 1.455, -0.463684, -0.113203, 0.0267527
383, 0.05, -0.28, 1.455, -0.563832, -0.117315, 0.0340135
386, -0.64, -0.4, 1.35, -0.232152, -0.126138, 0.014727
386, -0.235, -0.52, 1.4025, -0.232152, -0.126138, 0.014727
386, 0.17, -0.64, 1.455, -0.232152, -0.126138, 0.014727
387, -0.235, -0.34, 1.4025, -0.393349, -0.124629, 0.0248633
387, 0.17, -0.52, 1.455, -0.393349, -0.124629, 0.0248633
388, -0.235, -0.16, 1.4025, -0.521622, -0.125601, 0.0335628
388, 0.17, -0.4, 1.455, -0.521622, -0.125601, 0.0335628
389, -0.235, 0.02, 1.4025, -0.628193, -0.128902, 0.0419258
389, 0.17, -0.28, 1.455, -0.628193, -0.128902, 0.0419258
391, -0.4, -0.64, 1.35, -0.0767458, -0.149807, 0.00576213
392, -0.055, -0.52, 1.4025, -0.271847, -0.145707, 0.0199626
393, -0.055, -0.34, 1.4025, -0.454389, -0.141426, 0.0327473
393, 0.29, -0.52, 1.455, -0.454389, -0.141426, 0.0327473
394, -0.4, 0.08, 1.35, -0.594207, -0.14024, 0.0430007
394, -0.055, -0.16, 1.4025, -0.594207, -0.14024, 0.0430007
394, 0.29, -0.4, 1.455, -0.594207, -0.14024, 0.0430007
395, -0.055, 0.02, 1.4025, -0.706403, -0.142155, 0.0524833
395, 0.29, -0.28, 1.455, -0.706403, -0.142155, 0.0524833
398, -0.16, -0.4, 1.35, -0.327578, -0.171723, 0.0284485
399, -0.16, -0.16, 1.35, -0.535867, -0.162154, 0.0446073
399, 0.125, -0.34, 1.4025, -0.535867, -0.162154, 0.0446073
399, 0.41, -0.52, 1.455, -0.535867, -0.162154, 0.0446073
400, 0.125, -0.16, 1.4025, -0.68664, -0.15723, 0.0563074
400, 0.41, -0.4, 1.455, -0.68664, -0.15723, 0.0563074
401, 0.125, 0.02, 1.4025, -0.802122, -0.156963, 0.0666715
401, 0.41, -0.28, 1.455, -0.802122, -0.156963, 0.0666715
403, 0.08, -0.64, 1.35, -0.119668, -0.22465, 0.0135144
403, 0.305, -0.7, 1.4025, -0.119668, -0.22465, 0.0135144
404, 0.08, -0.4, 1.35, -0.410958, -0.207099, 0.0433119
404, 0.305, -0.52, 1.4025, -0.410958, -0.207099, 0.0433119
405, 0.08, -0.16, 1.35, -0.648213, -0.187041, 0.063
405, 0.305, -0.34, 1.4025, -0.648213, -0.187041, 0.063
406, 0.08, 0.08, 1.35, -0.805838, -0.175982, 0.0751689
406, 0.305, -0.16, 1.4025, -0.805838, -0.175982, 0.0751689
406, 0.53, -0.4, 1.455, -0.805838, -0.175982, 0.0751689
407, 0.08, 0.32, 1.35, -0.91945, -0.172702, 0.0856665
407, 0.305, 0.02, 1.4025, -0.91945, -0.172702, 0.0856665
407, 0.53, -0.28, 1.455, -0.91945, -0.172702, 0.0856665
410, 0.32, -0.4, 1.35, -0.546699, -0.254588, 0.0717354
410, 0.485, -0.52, 1.4025, -0.546699, -0.254588, 0.0717354
411, 0.32, -0.16, 1.35, -0.807412, -0.213669, 0.0915575
411, 0.485, -0.34, 1.4025, -0.807412, -0.213669, 0.0915575
412, 0.485, -0.16, 1.4025, -0.959783, -0.194215, 0.101316
413, 0.32, 0.32, 1.35, -1.06197, -0.187856, 0.11053
413, 0.485, 0.02, 1.4025, -1.06197, -0.187856, 0.11053
415, 0.56, -0.64, 1.35, -0.276448, -0.425365, 0.0600637
416, 0.56, -0.4, 1.35, -0.789226, -0.305204, 0.127926
417, 0.665, -0.34, 1.4025, -1.03244, -0.231682, 0.131892
418, 0.56, 0.08, 1.35, -1.15409, -0.207275, 0.135205
418, 0.665, -0.16, 1.4025, -1.15409, -0.207275, 0.135205
419, 0.665, 0.02, 1.4025, -1.23064, -0.20001, 0.141617
423, 0.8, -0.16, 1.35, -1.3258, -0.226214, 0.176914
424, 0.8, 0.08, 1.35, -1.38471, -0.211734, 0.175797
432, 0.545, -0.88, 0.54, 0, -1.23837, 0
432, 0.69, -0.88, 0.96, 0, -1.23837, 0
433, 0.545, -0.88, 0.72, 0, -1.1879, 0
434, 0.4, -0.88, 0.6, 0, -1.12057, 0
434, 0.545, -0.88, 0.9, 0, -1.12057, 0
435, 0.4, -0.88, 0.84, 0, -1.02732, 0
435, 0.545, -0.88, 1.08, 0, -1.02732, 0
436, 0.4, -0.88, 1.08, 0, -0.892677, 0
438, 0.545, -0.7, 0.54, -0.385996, -1.21397, 0.269782
438, 0.69, -0.76, 0.96, -0.385996, -1.21397, 0.269782
439, 0.545, -0.7, 0.72, -0.381364, -1.16106, 0.251882
439, 0.69, -0.76, 1.08, -0.381364, -1.16106, 0.251882
440, 0.4, -0.64, 0.6, -0.372169, -1.09132, 0.227619
440, 0.545, -0.7, 0.9, -0.372169, -1.09132, 0.227619
440, 0.69, -0.76, 1.2, -0.372169, -1.09132, 0.227619
441, 0.4, -0.64, 0.84, -0.35318, -0.996359, 0.193525
441, 0.545, -0.7, 1.08, -0.35318, -0.996359, 0.193525
442, 0.4, -0.64, 1.08, -0.314934, -0.861978, 0.145763
442, 0.545, -0.7, 1.26, -0.314934, -0.861978, 0.145763
444, 0.545, -0.52, 0.54, -0.68377, -1.15293, 0.454708
444, 0.69, -0.64, 0.96, -0.68377, -1.15293, 0.454708
445, 0.545, -0.52, 0.72, -0.678124, -1.09455, 0.423383
445, 0.69, -0.64, 1.08, -0.678124, -1.09455, 0.423383
446, 0.4, -0.4, 0.6, -0.667608, -1.01923, 0.382855
446, 0.545, -0.52, 0.9, -0.667608, -1.01923, 0.382855
446, 0.69, -0.64, 1.2, -0.667608, -1.01923, 0.382855
447, 0.4, -0.4, 0.84, -0.648399, -0.918853, 0.329504
447, 0.545, -0.52, 1.08, -0.648399, -0.918853, 0.329504
448, 0.4, -0.4, 1.08, -0.617241, -0.779362, 0.260376
448, 0.545, -0.52, 1.26, -0.617241, -0.779362, 0.260376
449, 0.4, -0.4, 1.32, -0.583709, -0.580613, 0.179028
449, 0.545, -0.52, 1.44, -0.583709, -0.580613, 0.179028
450, 0.545, -0.34, 0.54, -0.88849, -1.07758, 0.554412
450, 0.69, -0.52, 0.96, -0.88849, -1.07758, 0.554412
451, 0.545, -0.34, 0.72, -0.883708, -1.01459, 0.514211
451, 0.69, -0.52, 1.08, -0.883708, -1.01459, 0.514211
452, 0.545, -0.34, 0.9, -0.875401, -0.935061, 0.464017
452, 0.69, -0.52, 1.2, -0.875401, -0.935061, 0.464017
453, 0.4, -0.16, 0.84, -0.862705, -0.830826, 0.40058
453, 0.545, -0.34, 1.08, -0.862705, -0.830826, 0.40058
453, 0.69, -0.52, 1.32, -0.862705, -0.830826, 0.40058
454, 0.4, -0.16, 1.08, -0.848778, -0.688125, 0.321021
454, 0.545, -0.34, 1.26, -0.848778, -0.688125, 0.321021
455, 0.545, -0.34, 1.44, -0.846478, -0.492952, 0.225702
456, 0.69, -0.4, 0.96, -1.0286, -1.00429, 0.60166
457, 0.545, -0.16, 0.72, -1.02447, -0.940021, 0.556455
457, 0.69, -0.4, 1.08, -1.02447, -0.940021, 0.556455
458, 0.545, -0.16, 0.9, -1.01766, -0.860773, 0.501404
458, 0.69, -0.4, 1.2, -1.01766, -0.860773, 0.501404
459, 0.4, 0.08, 0.84, -1.00858, -0.759068, 0.433351
459, 0.545, -0.16, 1.08, -1.00858, -0.759068, 0.433351
459, 0.69, -0.4, 1.32, -1.00858, -0.759068, 0.433351
460, 0.545, -0.16, 1.26, -1.00124, -0.623125, 0.348814
461, 0.545, -0.16, 1.44, -1.00384, -0.443125, 0.245997
462, 0.69, -0.28, 0.96, -1.12753, -0.940897, 0.62212
463, 0.545, 0.02, 0.72, -1.12342, -0.878604, 0.575092
463, 0.69, -0.28, 1.08, -1.12342, -0.878604, 0.575092
464, 0.545, 0.02, 0.9, -1.11693, -0.803431, 0.518897
464, 0.69, -0.28, 1.2, -1.11693, -0.803431, 0.518897
465, 0.4, 0.32, 0.84, -1.10883, -0.708722, 0.450407
465, 0.545, 0.02, 1.08, -1.10883, -0.708722, 0.450407
465, 0.69, -0.28, 1.32, -1.10883, -0.708722, 0.450407
466, 0.4, 0.32, 1.08, -1.10258, -0.584121, 0.365611
466, 0.545, 0.02, 1.26, -1.10258, -0.584121, 0.365611
466, 0.69, -0.28, 1.44, -1.10258, -0.584121, 0.365611
468, 0.69, -0.16, 0.96, -1.19996, -0.889292, 0.63019
469, 0.545, 0.2, 0.72, -1.19552, -0.830912, 0.583548
469, 0.69, -0.16, 1.08, -1.19552, -0.830912, 0.583548
470, 0.545, 0.2, 0.9, -1.18887, -0.761523, 0.528541
470, 0.69, -0.16, 1.2, -1.18887, -0.761523, 0.528541
471, 0.545, 0.2, 1.08, -1.18084, -0.674959, 0.461935
472, 0.69, -0.16, 1.44, -1.17435, -0.561325, 0.37907
474, 0.69, -0.04, 0.96, -1.25481, -0.848463, 0.633017
475, 0.69, -0.04, 1.08, -1.25, -0.794685, 0.588011
476, 0.545, 0.38, 0.9, -1.24315, -0.731261, 0.535293
476, 0.69, -0.04, 1.2, -1.24315, -0.731261, 0.535293
477, 0.69, -0.04, 1.32, -1.23502, -0.652218, 0.471398
478, 0.69, -0.04, 1.44, -1.22809, -0.547621, 0.390938
480, 0.69, 0.08, 0.96, -1.29765, -0.816462, 0.633902
481, 0.69, 0.08, 1.08, -1.29255, -0.767222, 0.591081
482, 0.69, 0.08, 1.2, -1.28556, -0.709226, 0.540972
483, 0.4, 1.04, 0.84, -1.27733, -0.636536, 0.479818
483, 0.545, 0.56, 1.08, -1.27733, -0.636536, 0.479818
483, 0.69, 0.08, 1.32, -1.27733, -0.636536, 0.479818
484, 0.69, 0.08, 1.44, -1.26995, -0.539014, 0.401542
489, -0.415, -0.34, 1.4625, -0.315944, -0.234044, 0.0374497
490, -0.415, -0.16, 1.4625, -0.439208, -0.236856, 0.0531032
494, -0.64, -0.4, 1.35, -0.206668, -0.265692, 0.0277147
494, -0.235, -0.52, 1.4625, -0.206668, -0.265692, 0.0277147
495, -0.235, -0.34, 1.4625, -0.360754, -0.262384, 0.0481152
496, -0.235, -0.16, 1.4625, -0.496094, -0.262568, 0.0668584
497, -0.235, 0.02, 1.4625, -0.607505, -0.266844, 0.0840933
499, -0.4, -0.64, 1.35, -0.0904513, -0.312669, 0.0142665
500, -0.4, -0.4, 1.35, -0.243651, -0.305562, 0.0376999
501, -0.4, -0.16, 1.35, -0.419662, -0.297196, 0.0637409
501, -0.055, -0.34, 1.4625, -0.419662, -0.297196, 0.0637409
502, -0.4, 0.08, 1.35, -0.56816, -0.292864, 0.0860727
502, -0.055, -0.16, 1.4625, -0.56816, -0.292864, 0.0860727
503, -0.055, 0.02, 1.4625, -0.685866, -0.293911, 0.105602
506, 0.125, -0.52, 1.4625, -0.296591, -0.357722, 0.054005
507, -0.16, -0.16, 1.35, -0.49982, -0.33995, 0.0875605
507, 0.125, -0.34, 1.4625, -0.49982, -0.33995, 0.0875605
508, -0.16, 0.08, 1.35, -0.661177, -0.327998, 0.113461
508, 0.125, -0.16, 1.4625, -0.661177, -0.327998, 0.113461
509, 0.125, 0.02, 1.4625, -0.782699, -0.324076, 0.134703
511, 0.08, -0.64, 1.35, -0.144855, -0.454976, 0.0335888
512, 0.305, -0.52, 1.4625, -0.377905, -0.426973, 0.0828676
513, 0.08, -0.16, 1.35, -0.613044, -0.39119, 0.12525
513, 0.305, -0.34, 1.4625, -0.613044, -0.39119, 0.12525
514, 0.08, 0.08, 1.35, -0.782959, -0.366974, 0.152906
514, 0.305, -0.16, 1.4625, -0.782959, -0.366974, 0.152906
515, 0.305, 0.02, 1.4625, -0.902622, -0.356127, 0.174013
518, 0.32, -0.4, 1.35, -0.514585, -0.51704, 0.138936
518, 0.485, -0.52, 1.4625, -0.514585, -0.51704, 0.138936
519, 0.485, -0.34, 1.4625, -0.777744, -0.447227, 0.185825
521, 0.32, 0.32, 1.35, -1.04964, -0.387211, 0.226063
521, 0.485, 0.02, 1.4625, -1.04964, -0.387211, 0.226063
523, 0.56, -0.64, 1.35, -0.35653, -0.76702, 0.145144
524, 0.56, -0.4, 1.35, -0.764185, -0.615362, 0.254013
525, 0.56, -0.16, 1.35, -1.01451, -0.493388, 0.278101
526, 0.56, 0.08, 1.35, -1.14491, -0.43716, 0.284364
526, 0.665, -0.16, 1.4625, -1.14491, -0.43716, 0.284364
540, 0.4, -0.88, 0.12, 0.39234, -0, 0
540, 0.545, -0.82, 0.12, 0.39234, -0, 0
540, 0.69, -0.76, 0.12, 0.39234, -0, 0
540, 0.835, -0.7, 0.12, 0.39234, -0, 0
541, 0.545, -0.82, 0.3, 0.193202, 0.374476, 0.0367136
541, 0.69, -0.76, 0.24, 0.193202, 0.374476, 0.0367136
541, 0.835, -0.7, 0.18, 0.193202, 0.374476, 0.0367136
542, 0.835, -0.7, 0.24, 0.251149, 0.664377, 0.0870426
543, 0.4, -0.88, 0.84, 0.314934, 0.861978, 0.145763
543, 0.545, -0.82, 0.66, 0.314934, 0.861978, 0.145763
543, 0.69, -0.76, 0.48, 0.314934, 0.861978, 0.145763
544, 0.4, -0.88, 1.08, 0.35318, 0.996359, 0.193525
544, 0.545, -0.82, 0.84, 0.35318, 0.996359, 0.193525
544, 0.835, -0.7, 0.36, 0.35318, 0.996359, 0.193525
545, 0.545, -0.82, 1.02, 0.372169, 1.09132, 0.227619
545, 0.69, -0.76, 0.72, 0.372169, 1.09132, 0.227619
545, 0.835, -0.7, 0.42, 0.372169, 1.09132, 0.227619
547, 0.4, -0.64, 0.36, 0, 0.39234, 0
547, 0.545, -0.64, 0.3, 0, 0.39234, 0
547, 0.69, -0.64, 0.24, 0, 0.39234, 0
547, 0.835, -0.64, 0.18, 0, 0.39234, 0
548, 0.69, -0.64, 0.36, 0, 0.691337, 0
548, 0.835, -0.64, 0.24, 0, 0.691337, 0
549, 0.4, -0.64, 0.84, 0, 0.892677, 0
550, 0.4, -0.64, 1.08, 0, 1.02732, 0
550, 0.545, -0.64, 0.84, 0, 1.02732, 0
550, 0.69, -0.64, 0.6, 0, 1.02732, 0
551, 0.545, -0.64, 1.02, 0, 1.12057, 0
551, 0.69, -0.64, 0.72, 0, 1.12057, 0
551, 0.835, -0.64, 0.42, 0, 1.12057, 0
552, 0.4, -0.4, 0.12, -0.39234, 0, 0
552, 0.545, -0.46, 0.12, -0.39234, 0, 0
552, 0.69, -0.52, 0.12, -0.39234, 0, 0
552, 0.835, -0.58, 0.12, -0.39234, 0, 0
553, 0.4, -0.4, 0.36, -0.193202, 0.374476, -0.0367136
553, 0.545, -0.46, 0.3, -0.193202, 0.374476, -0.0367136
553, 0.69, -0.52, 0.24, -0.193202, 0.374476, -0.0367136
553, 0.835, -0.58, 0.18, -0.193202, 0.374476, -0.0367136
554, 0.69, -0.52, 0.36, -0.251149, 0.664377, -0.0870426
554, 0.835, -0.58, 0.24, -0.251149, 0.664377, -0.0870426
555, 0.4, -0.4, 0.84, -0.314934, 0.861978, -0.145763
555, 0.545, -0.46, 0.66, -0.314934, 0.861978, -0.145763
555, 0.69, -0.52, 0.48, -0.314934, 0.861978, -0.145763
555, 0.835, -0.58, 0.3, -0.314934, 0.861978, -0.145763
556, 0.4, -0.4, 1.08, -0.35318, 0.996359, -0.193525
556, 0.545, -0.46, 0.84, -0.35318, 0.996359, -0.193525
556, 0.69, -0.52, 0.6, -0.35318, 0.996359, -0.193525
557, 0.4, -0.4, 1.32, -0.372169, 1.09132, -0.227619
557, 0.545, -0.46, 1.02, -0.372169, 1.09132, -0.227619
557, 0.69, -0.52, 0.72, -0.372169, 1.09132, -0.227619
557, 0.835, -0.58, 0.42, -0.372169, 1.09132, -0.227619
558, 0.4, -0.16, 0.12, -0.691337, 0, 0
558, 0.545, -0.28, 0.12, -0.691337, 0, 0
558, 0.69, -0.4, 0.12, -0.691337, 0, 0
558, 0.835, -0.52, 0.12, -0.691337, 0, 0
559, 0.545, -0.28, 0.3, -0.601174, 0.310607, -0.0969873
559, 0.69, -0.4, 0.24, -0.601174, 0.310607, -0.0969873
559, 0.835, -0.52, 0.18, -0.601174, 0.310607, -0.0969873
560, 0.545, -0.28, 0.48, -0.583709, 0.580613, -0.179028
560, 0.69, -0.4, 0.36, -0.583709, 0.580613, -0.179028
560, 0.835, -0.52, 0.24, -0.583709, 0.580613, -0.179028
561, 0.4, -0.16, 0.84, -0.617241, 0.779362, -0.260376
561, 0.545, -0.28, 0.66, -0.617241, 0.779362, -0.260376
561, 0.69, -0.4, 0.48, -0.617241, 0.779362, -0.260376
561, 0.835, -0.52, 0.3, -0.617241, 0.779362, -0.260376
562, 0.4, -0.16, 1.08, -0.648399, 0.918853, -0.329504
562, 0.545, -0.28, 0.84, -0.648399, 0.918853, -0.329504
562, 0.69, -0.4, 0.6, -0.648399, 0.918853, -0.329504
562, 0.835, -0.52, 0.36, -0.648399, 0.918853, -0.329504
563, 0.4, -0.16, 1.32, -0.667608, 1.01923, -0.382855
563, 0.545, -0.28, 1.02, -0.667608, 1.01923, -0.382855
563, 0.69, -0.4, 0.72, -0.667608, 1.01923, -0.382855
563, 0.835, -0.52, 0.42, -0.667608, 1.01923, -0.382855
564, 0.545, -0.1, 0.12, -0.892677, 0, 0
564, 0.69, -0.28, 0.12, -0.892677, 0, 0
564, 0.835, -0.46, 0.12, -0.892677, 0, 0
565, 0.545, -0.1, 0.3, -0.870133, 0.253012, -0.118086
565, 0.69, -0.28, 0.24, -0.870133, 0.253012, -0.118086
565, 0.835, -0.46, 0.18, -0.870133, 0.253012, -0.118086
566, 0.545, -0.1, 0.48, -0.846478, 0.492952, -0.225702
566, 0.69, -0.28, 0.36, -0.846478, 0.492952, -0.225702
566, 0.835, -0.46, 0.24, -0.846478, 0.492952, -0.225702
567, 0.4, 0.08, 0.84, -0.848778, 0.688125, -0.321021
567, 0.545, -0.1, 0.66, -0.848778, 0.688125, -0.321021
567, 0.835, -0.46, 0.3, -0.848778, 0.688125, -0.321021
568, 0.4, 0.08, 1.08, -0.862705, 0.830826, -0.40058
568, 0.545, -0.1, 0.84, -0.862705, 0.830826, -0.40058
568, 0.69, -0.28, 0.6, -0.862705, 0.830826, -0.40058
569, 0.545, -0.1, 1.02, -0.875401, 0.935061, -0.464017
569, 0.69, -0.28, 0.72, -0.875401, 0.935061, -0.464017
569, 0.835, -0.46, 0.42, -0.875401, 0.935061, -0.464017
570, 0.4, 0.32, 0.12, -1.02732, 0, 0
570, 0.545, 0.08, 0.12, -1.02732, 0, 0
570, 0.69, -0.16, 0.12, -1.02732, 0, 0
570, 0.835, -0.4, 0.12, -1.02732, 0, 0
571, 0.4, 0.32, 0.36, -1.01808, 0.227623, -0.127415
571, 0.545, 0.08, 0.3, -1.01808, 0.227623, -0.127415
571, 0.69, -0.16, 0.24, -1.01808, 0.227623, -0.127415
571, 0.835, -0.4, 0.18, -1.01808, 0.227623, -0.127415
572, 0.545, 0.08, 0.48, -1.00384, 0.443125, -0.245997
572, 0.69, -0.16, 0.36, -1.00384, 0.443125, -0.245997
572, 0.835, -0.4, 0.24, -1.00384, 0.443125, -0.245997
573, 0.4, 0.32, 0.84, -1.00124, 0.623125, -0.348814
573, 0.545, 0.08, 0.66, -1.00124, 0.623125, -0.348814
573, 0.69, -0.16, 0.48, -1.00124, 0.623125, -0.348814
573, 0.835, -0.4, 0.3, -1.00124, 0.623125, -0.348814
574, 0.4, 0.32, 1.08, -1.00858, 0.759068, -0.433351
574, 0.545, 0.08, 0.84, -1.00858, 0.759068, -0.433351
574, 0.69, -0.16, 0.6, -1.00858, 0.759068, -0.433351
575, 0.545, 0.08, 1.02, -1.01766, 0.860773, -0.501404
575, 0.69, -0.16, 0.72, -1.01766, 0.860773, -0.501404
575, 0.835, -0.4, 0.42, -1.01766, 0.860773, -0.501404
576, 0.545, 0.26, 0.12, -1.12057, 0, 0
576, 0.69, -0.04, 0.12, -1.12057, 0, 0
576, 0.835, -0.34, 0.12, -1.12057, 0, 0
577, 0.545, 0.26, 0.3, -1.11403, 0.219194, -0.13685
577, 0.69, -0.04, 0.24, -1.11403, 0.219194, -0.13685
577, 0.835, -0.34, 0.18, -1.11403, 0.219194, -0.13685
578, 0.4, 0.56, 0.6, -1.10405, 0.419958, -0.261027
578, 0.69, -0.04, 0.36, -1.10405, 0.419958, -0.261027
578, 0.835, -0.34, 0.24, -1.10405, 0.419958, -0.261027
579, 0.835, -0.34, 0.3, -1.10258, 0.584121, -0.365611
580, 0.545, 0.26, 0.84, -1.10883, 0.708722, -0.450407
581, 0.545, 0.26, 1.02, -1.11693, 0.803431, -0.518897
581, 0.69, -0.04, 0.72, -1.11693, 0.803431, -0.518897
581, 0.835, -0.34, 0.42, -1.11693, 0.803431, -0.518897
582, 0.545, 0.44, 0.12, -1.1879, 0, 0
582, 0.69, 0.08, 0.12, -1.1879, 0, 0
582, 0.835, -0.28, 0.12, -1.1879, 0, 0
583, 0.4, 0.8, 0.36, -1.18219, 0.217327, -0.146174
583, 0.69, 0.08, 0.24, -1.18219, 0.217327, -0.146174
583, 0.835, -0.28, 0.18, -1.18219, 0.217327, -0.146174
584, 0.4, 0.8, 0.6, -1.17432, 0.409551, -0.274671
584, 0.69, 0.08, 0.36, -1.17432, 0.409551, -0.274671
584, 0.835, -0.28, 0.24, -1.17432, 0.409551, -0.274671
585, 0.545, 0.44, 0.66, -1.17435, 0.561325, -0.37907
585, 0.69, 0.08, 0.48, -1.17435, 0.561325, -0.37907
585, 0.835, -0.28, 0.3, -1.17435, 0.561325, -0.37907
586, 0.545, 0.44, 0.84, -1.18084, 0.674959, -0.461935
586, 0.69, 0.08, 0.6, -1.18084, 0.674959, -0.461935
587, 0.545, 0.44, 1.02, -1.18887, 0.761523, -0.528541
587, 0.69, 0.08, 0.72, -1.18887, 0.761523, -0.528541
587, 0.835, -0.28, 0.42, -1.18887, 0.761523, -0.528541
588, 0.545, 0.62, 0.12, -1.23837, 0, 0
588, 0.69, 0.2, 0.12, -1.23837, 0, 0
588, 0.835, -0.22, 0.12, -1.23837, 0, 0
589, 0.545, 0.62, 0.3, -1.23314, 0.217745, -0.154629
589, 0.69, 0.2, 0.24, -1.23314, 0.217745, -0.154629
589, 0.835, -0.22, 0.18, -1.23314, 0.217745, -0.154629
590, 0.545, 0.62, 0.48, -1.22676, 0.404871, -0.286985
590, 0.69, 0.2, 0.36, -1.22676, 0.404871, -0.286985
590, 0.835, -0.22, 0.24, -1.22676, 0.404871, -0.286985
591, 0.835, -0.22, 0.3, -1.22809, 0.547621, -0.390938
592, 0.545, 0.62, 0.84, -1.23502, 0.652218, -0.471398
593, 0.69, 0.2, 0.72, -1.24315, 0.731261, -0.535293
593, 0.835, -0.22, 0.42, -1.24315, 0.731261, -0.535293
594, 0.4, -0.88, 0.12, 0.193202, -0.374476, -0.0367136
594, 0.545, -0.82, 0.18, 0.193202, -0.374476, -0.0367136
594, 0.69, -0.76, 0.24, 0.193202, -0.374476, -0.0367136
594, 0.835, -0.7, 0.3, 0.193202, -0.374476, -0.0367136
595, 0.545, -0.82, 0.36, 0.39234, -0, 0
595, 0.69, -0.76, 0.36, 0.39234, -0, 0
595, 0.835, -0.7, 0.36, 0.39234, -0, 0
596, 0.69, -0.76, 0.48, 0.193202, 0.374476, 0.0367136
596, 0.835, -0.7, 0.42, 0.193202, 0.374476, 0.0367136
597, 0.835, -0.7, 0.48, 0.251149, 0.664377, 0.0870426
598, 0.4, -0.88, 1.08, 0.314934, 0.861978, 0.145763
598, 0.545, -0.82, 0.9, 0.314934, 0.861978, 0.145763
598, 0.835, -0.7, 0.54, 0.314934, 0.861978, 0.145763
599, 0.545, -0.82, 1.08, 0.35318, 0.996359, 0.193525
599, 0.69, -0.76, 0.84, 0.35318, 0.996359, 0.193525
599, 0.835, -0.7, 0.6, 0.35318, 0.996359, 0.193525
600, 0.4, -0.64, 0.12, 0, -0.39234, 0
600, 0.545, -0.64, 0.18, 0, -0.39234, 0
600, 0.69, -0.64, 0.24, 0, -0.39234, 0
600, 0.835, -0.64, 0.3, 0, -0.39234, 0
602, 0.69, -0.64, 0.48, 0, 0.39234, 0
602, 0.835, -0.64, 0.42, 0, 0.39234, 0
603, 0.4, -0.64, 0.84, 0, 0.691337, 0
603, 0.545, -0.64, 0.72, 0, 0.691337, 0
603, 0.835, -0.64, 0.48, 0, 0.691337, 0
604, 0.4, -0.64, 1.08, 0, 0.892677, 0
604, 0.545, -0.64, 0.9, 0, 0.892677, 0
604, 0.69, -0.64, 0.72, 0, 0.892677, 0
605, 0.545, -0.64, 1.08, 0, 1.02732, 0
605, 0.69, -0.64, 0.84, 0, 1.02732, 0
605, 0.835, -0.64, 0.6, 0, 1.02732, 0
606, 0.545, -0.46, 0.18, -0.193202, -0.374476, 0.0367136
606, 0.69, -0.52, 0.24, -0.193202, -0.374476, 0.0367136
606, 0.835, -0.58, 0.3, -0.193202, -0.374476, 0.0367136
607, 0.4, -0.4, 0.36, -0.39234, 0, 0
607, 0.545, -0.46, 0.36, -0.39234, 0, 0
607, 0.69, -0.52, 0.36, -0.39234, 0, 0
607, 0.835, -0.58, 0.36, -0.39234, 0, 0
608, 0.4, -0.4, 0.6, -0.193202, 0.374476, -0.0367136
608, 0.545, -0.46, 0.54, -0.193202, 0.374476, -0.0367136
608, 0.69, -0.52, 0.48, -0.193202, 0.374476, -0.0367136
608, 0.835, -0.58, 0.42, -0.193202, 0.374476, -0.0367136
609, 0.4, -0.4, 0.84, -0.251149, 0.664377, -0.0870426
609, 0.545, -0.46, 0.72, -0.251149, 0.664377, -0.0870426
609, 0.835, -0.58, 0.48, -0.251149, 0.664377, -0.0870426
610, 0.4, -0.4, 1.08, -0.314934, 0.861978, -0.145763
610, 0.545, -0.46, 0.9, -0.314934, 0.861978, -0.145763
610, 0.69, -0.52, 0.72, -0.314934, 0.861978, -0.145763
610, 0.835, -0.58, 0.54, -0.314934, 0.861978, -0.145763
611, 0.4, -0.4, 1.32, -0.35318, 0.996359, -0.193525
611, 0.545, -0.46, 1.08, -0.35318, 0.996359, -0.193525
611, 0.69, -0.52, 0.84, -0.35318, 0.996359, -0.193525
611, 0.835, -0.58, 0.6, -0.35318, 0.996359, -0.193525
612, 0.545, -0.28, 0.18, -0.601174, -0.310607, 0.0969873
612, 0.69, -0.4, 0.24, -0.601174, -0.310607, 0.0969873
612, 0.835, -0.52, 0.3, -0.601174, -0.310607, 0.0969873
613, 0.545, -0.28, 0.36, -0.691337, 0, 0
613, 0.69, -0.4, 0.36, -0.691337, 0, 0
613, 0.835, -0.52, 0.36, -0.691337, 0, 0
614, 0.545, -0.28, 0.54, -0.601174, 0.310607, -0.0969873
614, 0.69, -0.4, 0.48, -0.601174, 0.310607, -0.0969873
614, 0.835, -0.52, 0.42, -0.601174, 0.310607, -0.0969873
615, 0.4, -0.16, 0.84, -0.583709, 0.580613, -0.179028
615, 0.545, -0.28, 0.72, -0.583709, 0.580613, -0.179028
615, 0.69, -0.4, 0.6, -0.583709, 0.580613, -0.179028
615, 0.835, -0.52, 0.48, -0.583709, 0.580613, -0.179028
616, 0.4, -0.16, 1.08, -0.617241, 0.779362, -0.260376
616, 0.545, -0.28, 0.9, -0.617241, 0.779362, -0.260376
616, 0.69, -0.4, 0.72, -0.617241, 0.779362, -0.260376
616, 0.835, -0.52, 0.54, -0.617241, 0.779362, -0.260376
617, 0.4, -0.16, 1.32, -0.648399, 0.918853, -0.329504
617, 0.545, -0.28, 1.08, -0.648399, 0.918853, -0.329504
617, 0.69, -0.4, 0.84, -0.648399, 0.918853, -0.329504
617, 0.835, -0.52, 0.6, -0.648399, 0.918853, -0.329504
618, 0.545, -0.1, 0.18, -0.870133, -0.253012, 0.118086
618, 0.69, -0.28, 0.24, -0.870133, -0.253012, 0.118086
618, 0.835, -0.46, 0.3, -0.870133, -0.253012, 0.118086
619, 0.545, -0.1, 0.36, -0.892677, 0, 0
619, 0.69, -0.28, 0.36, -0.892677, 0, 0
619, 0.835, -0.46, 0.36, -0.892677, 0, 0
620, 0.545, -0.1, 0.54, -0.870133, 0.253012, -0.118086
620, 0.69, -0.28, 0.48, -0.870133, 0.253012, -0.118086
620, 0.835, -0.46, 0.42, -0.870133, 0.253012, -0.118086
621, 0.4, 0.08, 0.84, -0.846478, 0.492952, -0.225702
621, 0.545, -0.1, 0.72, -0.846478, 0.492952, -0.225702
621, 0.835, -0.46, 0.48, -0.846478, 0.492952, -0.225702
622, 0.4, 0.08, 1.08, -0.848778, 0.688125, -0.321021
622, 0.545, -0.1, 0.9, -0.848778, 0.688125, -0.321021
622, 0.69, -0.28, 0.72, -0.848778, 0.688125, -0.321021
623, 0.4, 0.08, 1.32, -0.862705, 0.830826, -0.40058
623, 0.545, -0.1, 1.08, -0.862705, 0.830826, -0.40058
623, 0.69, -0.28, 0.84, -0.862705, 0.830826, -0.40058
623, 0.835, -0.46, 0.6, -0.862705, 0.830826, -0.40058
624, 0.4, 0.32, 0.12, -1.01808, -0.227623, 0.127415
624, 0.545, 0.08, 0.18, -1.01808, -0.227623, 0.127415
624, 0.69, -0.16, 0.24, -1.01808, -0.227623, 0.127415
624, 0.835, -0.4, 0.3, -1.01808, -0.227623, 0.127415
625, 0.4, 0.32, 0.36, -1.02732, 0, 0
625, 0.545, 0.08, 0.36, -1.02732, 0, 0
625, 0.69, -0.16, 0.36, -1.02732, 0, 0
625, 0.835, -0.4, 0.36, -1.02732, 0, 0
626, 0.545, 0.08, 0.54, -1.01808, 0.227623, -0.127415
626, 0.69, -0.16, 0.48, -1.01808, 0.227623, -0.127415
626, 0.835, -0.4, 0.42, -1.01808, 0.227623, -0.127415
627, 0.545, 0.08, 0.72, -1.00384, 0.443125, -0.245997
627, 0.69, -0.16, 0.6, -1.00384, 0.443125, -0.245997
627, 0.835, -0.4, 0.48, -1.00384, 0.443125, -0.245997
628, 0.4, 0.32, 1.08, -1.00124, 0.623125, -0.348814
628, 0.545, 0.08, 0.9, -1.00124, 0.623125, -0.348814
628, 0.69, -0.16, 0.72, -1.00124, 0.623125, -0.348814
628, 0.835, -0.4, 0.54, -1.00124, 0.623125, -0.348814
629, 0.545, 0.08, 1.08, -1.00858, 0.759068, -0.433351
629, 0.69, -0.16, 0.84, -1.00858, 0.759068, -0.433351
629, 0.835, -0.4, 0.6, -1.00858, 0.759068, -0.433351
630, 0.4, 0.56, 0.12, -1.11403, -0.219194, 0.13685
630, 0.545, 0.26, 0.18, -1.11403, -0.219194, 0.13685
630, 0.69, -0.04, 0.24, -1.11403, -0.219194, 0.13685
630, 0.835, -0.34, 0.3, -1.11403, -0.219194, 0.13685
631, 0.545, 0.26, 0.36, -1.12057, 0, 0
631, 0.69, -0.04, 0.36, -1.12057, 0, 0
631, 0.835, -0.34, 0.36, -1.12057, 0, 0
632, 0.4, 0.56, 0.6, -1.11403, 0.219194, -0.13685
632, 0.69, -0.04, 0.48, -1.11403, 0.219194, -0.13685
632, 0.835, -0.34, 0.42, -1.11403, 0.219194, -0.13685
633, 0.545, 0.26, 0.72, -1.10405, 0.419958, -0.261027
633, 0.835, -0.34, 0.48, -1.10405, 0.419958, -0.261027
634, 0.545, 0.26, 0.9, -1.10258, 0.584121, -0.365611
634, 0.69, -0.04, 0.72, -1.10258, 0.584121, -0.365611
635, 0.545, 0.26, 1.08, -1.10883, 0.708722, -0.450407
635, 0.69, -0.04, 0.84, -1.10883, 0.708722, -0.450407
635, 0.835, -0.34, 0.6, -1.10883, 0.708722, -0.450407
636, 0.545, 0.44, 0.18, -1.18219, -0.217327, 0.146174
636, 0.69, 0.08, 0.24, -1.18219, -0.217327, 0.146174
636, 0.835, -0.28, 0.3, -1.18219, -0.217327, 0.146174
637, 0.545, 0.44, 0.36, -1.1879, 0, 0
637, 0.69, 0.08, 0.36, -1.1879, 0, 0
637, 0.835, -0.28, 0.36, -1.1879, 0, 0
638, 0.835, -0.28, 0.42, -1.18219, 0.217327, -0.146174
639, 0.545, 0.44, 0.72, -1.17432, 0.409551, -0.274671
639, 0.835, -0.28, 0.48, -1.17432, 0.409551, -0.274671
640, 0.545, 0.44, 0.9, -1.17435, 0.561325, -0.37907
640, 0.69, 0.08, 0.72, -1.17435, 0.561325, -0.37907
641, 0.69, 0.08, 0.84, -1.18084, 0.674959, -0.461935
641, 0.835, -0.28, 0.6, -1.18084, 0.674959, -0.461935
642, 0.69, 0.2, 0.24, -1.23314, -0.217745, 0.154629
642, 0.835, -0.22, 0.3, -1.23314, -0.217745, 0.154629
643, 0.545, 0.62, 0.36, -1.23837, 0, 0
643, 0.69, 0.2, 0.36, -1.23837, 0, 0
643, 0.835, -0.22, 0.36, -1.23837, 0, 0
644, 0.69, 0.2, 0.48, -1.23314, 0.217745, -0.154629
644, 0.835, -0.22, 0.42, -1.23314, 0.217745, -0.154629
645, 0.545, 0.62, 0.72, -1.22676, 0.404871, -0.286985
645, 0.835, -0.22, 0.48, -1.22676, 0.404871, -0.286985
646, 0.69, 0.2, 0.72, -1.22809, 0.547621, -0.390938
647, 0.69, 0.2, 0.84, -1.23502, 0.652218, -0.471398
647, 0.835, -0.22, 0.6, -1.23502, 0.652218, -0.471398
648, 0.545, -0.82, 0.24, 0.251149, -0.664377, -0.0870426
648, 0.69, -0.76, 0.36, 0.251149, -0.664377, -0.0870426
648, 0.835, -0.7, 0.48, 0.251149, -0.664377, -0.0870426
649, 0.4, -0.88, 0.36, 0.193202, -0.374476, -0.0367136
649, 0.545, -0.82, 0.42, 0.193202, -0.374476, -0.0367136
649, 0.69, -0.76, 0.48, 0.193202, -0.374476, -0.0367136
649, 0.835, -0.7, 0.54, 0.193202, -0.374476, -0.0367136
650, 0.545, -0.82, 0.6, 0.39234, -0, 0
650, 0.69, -0.76, 0.6, 0.39234, -0, 0
650, 0.835, -0.7, 0.6, 0.39234, -0, 0
652, 0.69, -0.76, 0.84, 0.251149, 0.664377, 0.0870426
652, 0.835, -0.7, 0.72, 0.251149, 0.664377, 0.0870426
653, 0.69, -0.76, 0.96, 0.314934, 0.861978, 0.145763
653, 0.835, -0.7, 0.78, 0.314934, 0.861978, 0.145763
654, 0.545, -0.64, 0.24, 0, -0.691337, 0
654, 0.69, -0.64, 0.36, 0, -0.691337, 0
654, 0.835, -0.64, 0.48, 0, -0.691337, 0
655, 0.4, -0.64, 0.36, 0, -0.39234, 0
655, 0.545, -0.64, 0.42, 0, -0.39234, 0
655, 0.69, -0.64, 0.48, 0, -0.39234, 0
655, 0.835, -0.64, 0.54, 0, -0.39234, 0
658, 0.4, -0.64, 1.08, 0, 0.691337, 0
658, 0.545, -0.64, 0.96, 0, 0.691337, 0
658, 0.69, -0.64, 0.84, 0, 0.691337, 0
658, 0.835, -0.64, 0.72, 0, 0.691337, 0
659, 0.4, -0.64, 1.32, 0, 0.892677, 0
659, 0.545, -0.64, 1.14, 0, 0.892677, 0
659, 0.69, -0.64, 0.96, 0, 0.892677, 0
659, 0.835, -0.64, 0.78, 0, 0.892677, 0
660, 0.69, -0.52, 0.36, -0.251149, -0.664377, 0.0870426
660, 0.835, -0.58, 0.48, -0.251149, -0.664377, 0.0870426
661, 0.4, -0.4, 0.36, -0.193202, -0.374476, 0.0367136
661, 0.545, -0.46, 0.42, -0.193202, -0.374476, 0.0367136
661, 0.69, -0.52, 0.48, -0.193202, -0.374476, 0.0367136
661, 0.835, -0.58, 0.54, -0.193202, -0.374476, 0.0367136
662, 0.4, -0.4, 0.6, -0.39234, 0, 0
662, 0.545, -0.46, 0.6, -0.39234, 0, 0
662, 0.69, -0.52, 0.6, -0.39234, 0, 0
662, 0.835, -0.58, 0.6, -0.39234, 0, 0
663, 0.4, -0.4, 0.84, -0.193202, 0.374476, -0.0367136
664, 0.4, -0.4, 1.08, -0.251149, 0.664377, -0.0870426
664, 0.545, -0.46, 0.96, -0.251149, 0.664377, -0.0870426
664, 0.69, -0.52, 0.84, -0.251149, 0.664377, -0.0870426
664, 0.835, -0.58, 0.72, -0.251149, 0.664377, -0.0870426
665, 0.4, -0.4, 1.32, -0.314934, 0.861978, -0.145763
665, 0.545, -0.46, 1.14, -0.314934, 0.861978, -0.145763
665, 0.69, -0.52, 0.96, -0.314934, 0.861978, -0.145763
665, 0.835, -0.58, 0.78, -0.314934, 0.861978, -0.145763
666, 0.69, -0.4, 0.36, -0.583709, -0.580613, 0.179028
666, 0.835, -0.52, 0.48, -0.583709, -0.580613, 0.179028
667, 0.545, -0.28, 0.42, -0.601174, -0.310607, 0.0969873
667, 0.69, -0.4, 0.48, -0.601174, -0.310607, 0.0969873
667, 0.835, -0.52, 0.54, -0.601174, -0.310607, 0.0969873
668, 0.545, -0.28, 0.6, -0.691337, 0, 0
668, 0.69, -0.4, 0.6, -0.691337, 0, 0
668, 0.835, -0.52, 0.6, -0.691337, 0, 0
669, 0.4, -0.16, 0.84, -0.601174, 0.310607, -0.0969873
669, 0.545, -0.28, 0.78, -0.601174, 0.310607, -0.0969873
669, 0.69, -0.4, 0.72, -0.601174, 0.310607, -0.0969873
669, 0.835, -0.52, 0.66, -0.601174, 0.310607, -0.0969873
670, 0.4, -0.16, 1.08, -0.583709, 0.580613, -0.179028
670, 0.545, -0.28, 0.96, -0.583709, 0.580613, -0.179028
670, 0.69, -0.4, 0.84, -0.583709, 0.580613, -0.179028
670, 0.835, -0.52, 0.72, -0.583709, 0.580613, -0.179028
671, 0.4, -0.16, 1.32, -0.617241, 0.779362, -0.260376
671, 0.545, -0.28, 1.14, -0.617241, 0.779362, -0.260376
671, 0.69, -0.4, 0.96, -0.617241, 0.779362, -0.260376
671, 0.835, -0.52, 0.78, -0.617241, 0.779362, -0.260376
672, 0.69, -0.28, 0.36, -0.846478, -0.492952, 0.225702
672, 0.835, -0.46, 0.48, -0.846478, -0.492952, 0.225702
673, 0.545, -0.1, 0.42, -0.870133, -0.253012, 0.118086
673, 0.69, -0.28, 0.48, -0.870133, -0.253012, 0.118086
673, 0.835, -0.46, 0.54, -0.870133, -0.253012, 0.118086
674, 0.545, -0.1, 0.6, -0.892677, 0, 0
674, 0.69, -0.28, 0.6, -0.892677, 0, 0
674, 0.835, -0.46, 0.6, -0.892677, 0, 0
675, 0.545, -0.1, 0.78, -0.870133, 0.253012, -0.118086
675, 0.69, -0.28, 0.72, -0.870133, 0.253012, -0.118086
675, 0.835, -0.46, 0.66, -0.870133, 0.253012, -0.118086
676, 0.4, 0.08, 1.08, -0.846478, 0.492952, -0.225702
676, 0.545, -0.1, 0.96, -0.846478, 0.492952, -0.225702
676, 0.69, -0.28, 0.84, -0.846478, 0.492952, -0.225702
676, 0.835, -0.46, 0.72, -0.846478, 0.492952, -0.225702
677, 0.4, 0.08, 1.32, -0.848778, 0.688125, -0.321021
677, 0.545, -0.1, 1.14, -0.848778, 0.688125, -0.321021
677, 0.69, -0.28, 0.96, -0.848778, 0.688125, -0.321021
677, 0.835, -0.46, 0.78, -0.848778, 0.688125, -0.321021
678, 0.4, 0.32, 0.12, -1.00384, -0.443125, 0.245997
678, 0.545, 0.08, 0.24, -1.00384, -0.443125, 0.245997
678, 0.69, -0.16, 0.36, -1.00384, -0.443125, 0.245997
678, 0.835, -0.4, 0.48, -1.00384, -0.443125, 0.245997
679, 0.4, 0.32, 0.36, -1.01808, -0.227623, 0.127415
679, 0.545, 0.08, 0.42, -1.01808, -0.227623, 0.127415
679, 0.69, -0.16, 0.48, -1.01808, -0.227623, 0.127415
679, 0.835, -0.4, 0.54, -1.01808, -0.227623, 0.127415
680, 0.4, 0.32, 0.6, -1.02732, 0, 0
680, 0.545, 0.08, 0.6, -1.02732, 0, 0
680, 0.69, -0.16, 0.6, -1.02732, 0, 0
680, 0.835, -0.4, 0.6, -1.02732, 0, 0
681, 0.835, -0.4, 0.66, -1.01808, 0.227623, -0.127415
682, 0.4, 0.32, 1.08, -1.00384, 0.443125, -0.245997
682, 0.545, 0.08, 0.96, -1.00384, 0.443125, -0.245997
682, 0.69, -0.16, 0.84, -1.00384, 0.443125, -0.245997
682, 0.835, -0.4, 0.72, -1.00384, 0.443125, -0.245997
683, 0.545, 0.08, 1.14, -1.00124, 0.623125, -0.348814
683, 0.69, -0.16, 0.96, -1.00124, 0.623125, -0.348814
683, 0.835, -0.4, 0.78, -1.00124, 0.623125, -0.348814
684, 0.545, 0.26, 0.24, -1.10405, -0.419958, 0.261027
684, 0.69, -0.04, 0.36, -1.10405, -0.419958, 0.261027
684, 0.835, -0.34, 0.48, -1.10405, -0.419958, 0.261027
685, 0.545, 0.26, 0.42, -1.11403, -0.219194, 0.13685
685, 0.69, -0.04, 0.48, -1.11403, -0.219194, 0.13685
685, 0.835, -0.34, 0.54, -1.11403, -0.219194, 0.13685
686, 0.545, 0.26, 0.6, -1.12057, 0, 0
686, 0.69, -0.04, 0.6, -1.12057, 0, 0
686, 0.835, -0.34, 0.6, -1.12057, 0, 0
687, 0.545, 0.26, 0.78, -1.11403, 0.219194, -0.13685
687, 0.835, -0.34, 0.66, -1.11403, 0.219194, -0.13685
688, 0.545, 0.26, 0.96, -1.10405, 0.419958, -0.261027
688, 0.69, -0.04, 0.84, -1.10405, 0.419958, -0.261027
688, 0.835, -0.34, 0.72, -1.10405, 0.419958, -0.261027
689, 0.545, 0.26, 1.14, -1.10258, 0.584121, -0.365611
689, 0.69, -0.04, 0.96, -1.10258, 0.584121, -0.365611
689, 0.835, -0.34, 0.78, -1.10258, 0.584121, -0.365611
690, 0.69, 0.08, 0.36, -1.17432, -0.409551, 0.274671
690, 0.835, -0.28, 0.48, -1.17432, -0.409551, 0.274671
691, 0.545, 0.44, 0.42, -1.18219, -0.217327, 0.146174
691, 0.69, 0.08, 0.48, -1.18219, -0.217327, 0.146174
691, 0.835, -0.28, 0.54, -1.18219, -0.217327, 0.146174
692, 0.835, -0.28, 0.6, -1.1879, 0, 0
693, 0.545, 0.44, 0.78, -1.18219, 0.217327, -0.146174
693, 0.835, -0.28, 0.66, -1.18219, 0.217327, -0.146174
694, 0.545, 0.44, 0.96, -1.17432, 0.409551, -0.274671
694, 0.69, 0.08, 0.84, -1.17432, 0.409551, -0.274671
695, 0.69, 0.08, 0.96, -1.17435, 0.561325, -0.37907
695, 0.835, -0.28, 0.78, -1.17435, 0.561325, -0.37907
696, 0.69, 0.2, 0.36, -1.22676, -0.404871, 0.286985
696, 0.835, -0.22, 0.48, -1.22676, -0.404871, 0.286985
697, 0.69, 0.2, 0.48, -1.23314, -0.217745, 0.154629
697, 0.835, -0.22, 0.54, -1.23314, -0.217745, 0.154629
698, 0.835, -0.22, 0.6, -1.23837, 0, 0
700, 0.69, 0.2, 0.84, -1.22676, 0.404871, -0.286985
701, 0.69, 0.2, 0.96, -1.22809, 0.547621, -0.390938
701, 0.835, -0.22, 0.78, -1.22809, 0.547621, -0.390938
702, 0.69, -0.76, 0.48, 0.314934, -0.861978, -0.145763
702, 0.835, -0.7, 0.66, 0.314934, -0.861978, -0.145763
703, 0.4, -0.88, 0.36, 0.251149, -0.664377, -0.0870426
703, 0.545, -0.82, 0.48, 0.251149, -0.664377, -0.0870426
703, 0.69, -0.76, 0.6, 0.251149, -0.664377, -0.0870426
703, 0.835, -0.7, 0.72, 0.251149, -0.664377, -0.0870426
704, 0.4, -0.88, 0.6, 0.193202, -0.374476, -0.0367136
704, 0.545, -0.82, 0.66, 0.193202, -0.374476, -0.0367136
704, 0.69, -0.76, 0.72, 0.193202, -0.374476, -0.0367136
704, 0.835, -0.7, 0.78, 0.193202, -0.374476, -0.0367136
705, 0.69, -0.76, 0.84, 0.39234, -0, 0
705, 0.835, -0.7, 0.84, 0.39234, -0, 0
706, 0.545, -0.82, 1.02, 0.193202, 0.374476, 0.0367136
706, 0.69, -0.76, 0.96, 0.193202, 0.374476, 0.0367136
706, 0.835, -0.7, 0.9, 0.193202, 0.374476, 0.0367136
707, 0.69, -0.76, 1.08, 0.251149, 0.664377, 0.0870426
707, 0.835, -0.7, 0.96, 0.251149, 0.664377, 0.0870426
708, 0.69, -0.64, 0.48, 0, -0.892677, 0
708, 0.835, -0.64, 0.66, 0, -0.892677, 0
709, 0.4, -0.64, 0.36, 0, -0.691337, 0
709, 0.545, -0.64, 0.48, 0, -0.691337, 0
709, 0.69, -0.64, 0.6, 0, -0.691337, 0
709, 0.835, -0.64, 0.72, 0, -0.691337, 0
710, 0.4, -0.64, 0.6, 0, -0.39234, 0
710, 0.545, -0.64, 0.66, 0, -0.39234, 0
710, 0.69, -0.64, 0.72, 0, -0.39234, 0
710, 0.835, -0.64, 0.78, 0, -0.39234, 0
712, 0.545, -0.64, 1.02, 0, 0.39234, 0
712, 0.69, -0.64, 0.96, 0, 0.39234, 0
712, 0.835, -0.64, 0.9, 0, 0.39234, 0
713, 0.4, -0.64, 1.32, 0, 0.691337, 0
713, 0.545, -0.64, 1.2, 0, 0.691337, 0
713, 0.69, -0.64, 1.08, 0, 0.691337, 0
713, 0.835, -0.64, 0.96, 0, 0.691337, 0
714, 0.69, -0.52, 0.48, -0.314934, -0.861978, 0.145763
714, 0.835, -0.58, 0.66, -0.314934, -0.861978, 0.145763
715, 0.545, -0.46, 0.48, -0.251149, -0.664377, 0.0870426
715, 0.69, -0.52, 0.6, -0.251149, -0.664377, 0.0870426
715, 0.835, -0.58, 0.72, -0.251149, -0.664377, 0.0870426
716, 0.4, -0.4, 0.6, -0.193202, -0.374476, 0.0367136
716, 0.545, -0.46, 0.66, -0.193202, -0.374476, 0.0367136
716, 0.69, -0.52, 0.72, -0.193202, -0.374476, 0.0367136
716, 0.835, -0.58, 0.78, -0.193202, -0.374476, 0.0367136
717, 0.545, -0.46, 0.84, -0.39234, 0, 0
717, 0.69, -0.52, 0.84, -0.39234, 0, 0
717, 0.835, -0.58, 0.84, -0.39234, 0, 0
718, 0.4, -0.4, 1.08, -0.193202, 0.374476, -0.0367136
718, 0.545, -0.46, 1.02, -0.193202, 0.374476, -0.0367136
718, 0.69, -0.52, 0.96, -0.193202, 0.374476, -0.0367136
718, 0.835, -0.58, 0.9, -0.193202, 0.374476, -0.0367136
719, 0.4, -0.4, 1.32, -0.251149, 0.664377, -0.0870426
719, 0.545, -0.46, 1.2, -0.251149, 0.664377, -0.0870426
719, 0.69, -0.52, 1.08, -0.251149, 0.664377, -0.0870426
719, 0.835, -0.58, 0.96, -0.251149, 0.664377, -0.0870426
720, 0.69, -0.4, 0.48, -0.617241, -0.779362, 0.260376
720, 0.835, -0.52, 0.66, -0.617241, -0.779362, 0.260376
721, 0.545, -0.28, 0.48, -0.583709, -0.580613, 0.179028
721, 0.69, -0.4, 0.6, -0.583709, -0.580613, 0.179028
721, 0.835, -0.52, 0.72, -0.583709, -0.580613, 0.179028
722, 0.545, -0.28, 0.66, -0.601174, -0.310607, 0.0969873
722, 0.69, -0.4, 0.72, -0.601174, -0.310607, 0.0969873
722, 0.835, -0.52, 0.78, -0.601174, -0.310607, 0.0969873
723, 0.4, -0.16, 0.84, -0.691337, 0, 0
723, 0.545, -0.28, 0.84, -0.691337, 0, 0
723, 0.69, -0.4, 0.84, -0.691337, 0, 0
723, 0.835, -0.52, 0.84, -0.691337, 0, 0
724, 0.4, -0.16, 1.08, -0.601174, 0.310607, -0.0969873
724, 0.545, -0.28, 1.02, -0.601174, 0.310607, -0.0969873
724, 0.69, -0.4, 0.96, -0.601174, 0.310607, -0.0969873
724, 0.835, -0.52, 0.9, -0.601174, 0.310607, -0.0969873
725, 0.4, -0.16, 1.32, -0.583709, 0.580613, -0.179028
725, 0.545, -0.28, 1.2, -0.583709, 0.580613, -0.179028
725, 0.69, -0.4, 1.08, -0.583709, 0.580613, -0.179028
725, 0.835, -0.52, 0.96, -0.583709, 0.580613, -0.179028
726, 0.69, -0.28, 0.48, -0.848778, -0.688125, 0.321021
726, 0.835, -0.46, 0.66, -0.848778, -0.688125, 0.321021
727, 0.545, -0.1, 0.48, -0.846478, -0.492952, 0.225702
727, 0.69, -0.28, 0.6, -0.846478, -0.492952, 0.225702
727, 0.835, -0.46, 0.72, -0.846478, -0.492952, 0.225702
728, 0.545, -0.1, 0.66, -0.870133, -0.253012, 0.118086
728, 0.69, -0.28, 0.72, -0.870133, -0.253012, 0.118086
728, 0.835, -0.46, 0.78, -0.870133, -0.253012, 0.118086
729, 0.835, -0.46, 0.84, -0.892677, 0, 0
730, 0.4, 0.08, 1.08, -0.870133, 0.253012, -0.118086
730, 0.545, -0.1, 1.02, -0.870133, 0.253012, -0.118086
730, 0.69, -0.28, 0.96, -0.870133, 0.253012, -0.118086
730, 0.835, -0.46, 0.9, -0.870133, 0.253012, -0.118086
731, 0.4, 0.08, 1.32, -0.846478, 0.492952, -0.225702
731, 0.545, -0.1, 1.2, -0.846478, 0.492952, -0.225702
731, 0.69, -0.28, 1.08, -0.846478, 0.492952, -0.225702
731, 0.835, -0.46, 0.96, -0.846478, 0.492952, -0.225702
732, 0.69, -0.16, 0.48, -1.00124, -0.623125, 0.348814
732, 0.835, -0.4, 0.66, -1.00124, -0.623125, 0.348814
733, 0.545, 0.08, 0.48, -1.00384, -0.443125, 0.245997
733, 0.69, -0.16, 0.6, -1.00384, -0.443125, 0.245997
733, 0.835, -0.4, 0.72, -1.00384, -0.443125, 0.245997
734, 0.545, 0.08, 0.66, -1.01808, -0.227623, 0.127415
734, 0.69, -0.16, 0.72, -1.01808, -0.227623, 0.127415
734, 0.835, -0.4, 0.78, -1.01808, -0.227623, 0.127415
735, 0.69, -0.16, 0.84, -1.02732, 0, 0
735, 0.835, -0.4, 0.84, -1.02732, 0, 0
736, 0.4, 0.32, 1.08, -1.01808, 0.227623, -0.127415
736, 0.545, 0.08, 1.02, -1.01808, 0.227623, -0.127415
736, 0.835, -0.4, 0.9, -1.01808, 0.227623, -0.127415
737, 0.545, 0.08, 1.2, -1.00384, 0.443125, -0.245997
737, 0.69, -0.16, 1.08, -1.00384, 0.443125, -0.245997
737, 0.835, -0.4, 0.96, -1.00384, 0.443125, -0.245997
738, 0.69, -0.04, 0.48, -1.10258, -0.584121, 0.365611
738, 0.835, -0.34, 0.66, -1.10258, -0.584121, 0.365611
739, 0.545, 0.26, 0.48, -1.10405, -0.419958, 0.261027
739, 0.69, -0.04, 0.6, -1.10405, -0.419958, 0.261027
739, 0.835, -0.34, 0.72, -1.10405, -0.419958, 0.261027
740, 0.545, 0.26, 0.66, -1.11403, -0.219194, 0.13685
740, 0.69, -0.04, 0.72, -1.11403, -0.219194, 0.13685
740, 0.835, -0.34, 0.78, -1.11403, -0.219194, 0.13685
741, 0.545, 0.26, 0.84, -1.12057, 0, 0
741, 0.835, -0.34, 0.84, -1.12057, 0, 0
742, 0.545, 0.26, 1.02, -1.11403, 0.219194, -0.13685
742, 0.69, -0.04, 0.96, -1.11403, 0.219194, -0.13685
742, 0.835, -0.34, 0.9, -1.11403, 0.219194, -0.13685
743, 0.545, 0.26, 1.2, -1.10405, 0.419958, -0.261027
743, 0.69, -0.04, 1.08, -1.10405, 0.419958, -0.261027
743, 0.835, -0.34, 0.96, -1.10405, 0.419958, -0.261027
744, 0.69, 0.08, 0.48, -1.17435, -0.561325, 0.37907
744, 0.835, -0.28, 0.66, -1.17435, -0.561325, 0.37907
745, 0.69, 0.08, 0.6, -1.17432, -0.409551, 0.274671
745, 0.835, -0.28, 0.72, -1.17432, -0.409551, 0.274671
746, 0.545, 0.44, 0.66, -1.18219, -0.217327, 0.146174
746, 0.69, 0.08, 0.72, -1.18219, -0.217327, 0.146174
746, 0.835, -0.28, 0.78, -1.18219, -0.217327, 0.146174
747, 0.545, 0.44, 0.84, -1.1879, 0, 0
747, 0.835, -0.28, 0.84, -1.1879, 0, 0
748, 0.69, 0.08, 0.96, -1.18219, 0.217327, -0.146174
748, 0.835, -0.28, 0.9, -1.18219, 0.217327, -0.146174
749, 0.69, 0.08, 1.08, -1.17432, 0.409551, -0.274671
749, 0.835, -0.28, 0.96, -1.17432, 0.409551, -0.274671
750, 0.69, 0.2, 0.48, -1.22809, -0.547621, 0.390938
750, 0.835, -0.22, 0.66, -1.22809, -0.547621, 0.390938
751, 0.69, 0.2, 0.6, -1.22676, -0.404871, 0.286985
751, 0.835, -0.22, 0.72, -1.22676, -0.404871, 0.286985
752, 0.69, 0.2, 0.72, -1.23314, -0.217745, 0.154629
752, 0.835, -0.22, 0.78, -1.23314, -0.217745, 0.154629
754, 0.835, -0.22, 0.9, -1.23314, 0.217745, -0.154629
755, 0.69, 0.2, 1.08, -1.22676, 0.404871, -0.286985
755, 0.835, -0.22, 0.96, -1.22676, 0.404871, -0.286985
756, 0.69, -0.76, 0.6, 0.35318, -0.996359, -0.193525
756, 0.835, -0.7, 0.84, 0.35318, -0.996359, -0.193525
757, 0.545, -0.82, 0.54, 0.314934, -0.861978, -0.145763
757, 0.69, -0.76, 0.72, 0.314934, -0.861978, -0.145763
757, 0.835, -0.7, 0.9, 0.314934, -0.861978, -0.145763
758, 0.4, -0.88, 0.6, 0.251149, -0.664377, -0.0870426
758, 0.545, -0.82, 0.72, 0.251149, -0.664377, -0.0870426
758, 0.69, -0.76, 0.84, 0.251149, -0.664377, -0.0870426
758, 0.835, -0.7, 0.96, 0.251149, -0.664377, -0.0870426
759, 0.545, -0.82, 0.9, 0.193202, -0.374476, -0.0367136
759, 0.69, -0.76, 0.96, 0.193202, -0.374476, -0.0367136
759, 0.835, -0.7, 1.02, 0.193202, -0.374476, -0.0367136
760, 0.69, -0.76, 1.08, 0.39234, -0, 0
762, 0.69, -0.64, 0.6, 0, -1.02732, 0
762, 0.835, -0.64, 0.84, 0, -1.02732, 0
763, 0.545, -0.64, 0.54, 0, -0.892677, 0
763, 0.69, -0.64, 0.72, 0, -0.892677, 0
763, 0.835, -0.64, 0.9, 0, -0.892677, 0
764, 0.4, -0.64, 0.6, 0, -0.691337, 0
764, 0.545, -0.64, 0.72, 0, -0.691337, 0
764, 0.69, -0.64, 0.84, 0, -0.691337, 0
764, 0.835, -0.64, 0.96, 0, -0.691337, 0
765, 0.4, -0.64, 0.84, 0, -0.39234, 0
765, 0.545, -0.64, 0.9, 0, -0.39234, 0
765, 0.69, -0.64, 0.96, 0, -0.39234, 0
765, 0.835, -0.64, 1.02, 0, -0.39234, 0
767, 0.4, -0.64, 1.32, 0, 0.39234, 0
767, 0.545, -0.64, 1.26, 0, 0.39234, 0
767, 0.69, -0.64, 1.2, 0, 0.39234, 0
768, 0.69, -0.52, 0.6, -0.35318, -0.996359, 0.193525
768, 0.835, -0.58, 0.84, -0.35318, -0.996359, 0.193525
769, 0.545, -0.46, 0.54, -0.314934, -0.861978, 0.145763
769, 0.69, -0.52, 0.72, -0.314934, -0.861978, 0.145763
769, 0.835, -0.58, 0.9, -0.314934, -0.861978, 0.145763
770, 0.4, -0.4, 0.6, -0.251149, -0.664377, 0.0870426
770, 0.545, -0.46, 0.72, -0.251149, -0.664377, 0.0870426
770, 0.69, -0.52, 0.84, -0.251149, -0.664377, 0.0870426
770, 0.835, -0.58, 0.96, -0.251149, -0.664377, 0.0870426
771, 0.4, -0.4, 0.84, -0.193202, -0.374476, 0.0367136
771, 0.545, -0.46, 0.9, -0.193202, -0.374476, 0.0367136
771, 0.69, -0.52, 0.96, -0.193202, -0.374476, 0.0367136
771, 0.835, -0.58, 1.02, -0.193202, -0.374476, 0.0367136
772, 0.4, -0.4, 1.08, -0.39234, 0, 0
772, 0.545, -0.46, 1.08, -0.39234, 0, 0
772, 0.69, -0.52, 1.08, -0.39234, 0, 0
772, 0.835, -0.58, 1.08, -0.39234, 0, 0
773, 0.4, -0.4, 1.32, -0.193202, 0.374476, -0.0367136
773, 0.545, -0.46, 1.26, -0.193202, 0.374476, -0.0367136
773, 0.69, -0.52, 1.2, -0.193202, 0.374476, -0.0367136
773, 0.835, -0.58, 1.14, -0.193202, 0.374476, -0.0367136
774, 0.69, -0.4, 0.6, -0.648399, -0.918853, 0.329504
774, 0.835, -0.52, 0.84, -0.648399, -0.918853, 0.329504
775, 0.545, -0.28, 0.54, -0.617241, -0.779362, 0.260376
775, 0.69, -0.4, 0.72, -0.617241, -0.779362, 0.260376
775, 0.835, -0.52, 0.9, -0.617241, -0.779362, 0.260376
776, 0.545, -0.28, 0.72, -0.583709, -0.580613, 0.179028
776, 0.69, -0.4, 0.84, -0.583709, -0.580613, 0.179028
776, 0.835, -0.52, 0.96, -0.583709, -0.580613, 0.179028
777, 0.4, -0.16, 0.84, -0.601174, -0.310607, 0.0969873
777, 0.545, -0.28, 0.9, -0.601174, -0.310607, 0.0969873
777, 0.69, -0.4, 0.96, -0.601174, -0.310607, 0.0969873
777, 0.835, -0.52, 1.02, -0.601174, -0.310607, 0.0969873
778, 0.4, -0.16, 1.08, -0.691337, 0, 0
778, 0.545, -0.28, 1.08, -0.691337, 0, 0
778, 0.69, -0.4, 1.08, -0.691337, 0, 0
778, 0.835, -0.52, 1.08, -0.691337, 0, 0
779, 0.4, -0.16, 1.32, -0.601174, 0.310607, -0.0969873
779, 0.545, -0.28, 1.26, -0.601174, 0.310607, -0.0969873
779, 0.69, -0.4, 1.2, -0.601174, 0.310607, -0.0969873
779, 0.835, -0.52, 1.14, -0.601174, 0.310607, -0.0969873
780, 0.69, -0.28, 0.6, -0.862705, -0.830826, 0.40058
780, 0.835, -0.46, 0.84, -0.862705, -0.830826, 0.40058
781, 0.545, -0.1, 0.54, -0.848778, -0.688125, 0.321021
781, 0.69, -0.28, 0.72, -0.848778, -0.688125, 0.321021
781, 0.835, -0.46, 0.9, -0.848778, -0.688125, 0.321021
782, 0.545, -0.1, 0.72, -0.846478, -0.492952, 0.225702
782, 0.69, -0.28, 0.84, -0.846478, -0.492952, 0.225702
782, 0.835, -0.46, 0.96, -0.846478, -0.492952, 0.225702
783, 0.545, -0.1, 0.9, -0.870133, -0.253012, 0.118086
783, 0.69, -0.28, 0.96, -0.870133, -0.253012, 0.118086
783, 0.835, -0.46, 1.02, -0.870133, -0.253012, 0.118086
784, 0.545, -0.1, 1.08, -0.892677, 0, 0
784, 0.835, -0.46, 1.08, -0.892677, 0, 0
785, 0.4, 0.08, 1.32, -0.870133, 0.253012, -0.118086
785, 0.545, -0.1, 1.26, -0.870133, 0.253012, -0.118086
785, 0.69, -0.28, 1.2, -0.870133, 0.253012, -0.118086
785, 0.835, -0.46, 1.14, -0.870133, 0.253012, -0.118086
786, 0.69, -0.16, 0.6, -1.00858, -0.759068, 0.433351
786, 0.835, -0.4, 0.84, -1.00858, -0.759068, 0.433351
787, 0.545, 0.08, 0.54, -1.00124, -0.623125, 0.348814
787, 0.69, -0.16, 0.72, -1.00124, -0.623125, 0.348814
787, 0.835, -0.4, 0.9, -1.00124, -0.623125, 0.348814
788, 0.545, 0.08, 0.72, -1.00384, -0.443125, 0.245997
788, 0.69, -0.16, 0.84, -1.00384, -0.443125, 0.245997
788, 0.835, -0.4, 0.96, -1.00384, -0.443125, 0.245997
789, 0.835, -0.4, 1.02, -1.01808, -0.227623, 0.127415
790, 0.69, -0.16, 1.08, -1.02732, 0, 0
790, 0.835, -0.4, 1.08, -1.02732, 0, 0
791, 0.4, 0.32, 1.32, -1.01808, 0.227623, -0.127415
791, 0.545, 0.08, 1.26, -1.01808, 0.227623, -0.127415
791, 0.69, -0.16, 1.2, -1.01808, 0.227623, -0.127415
791, 0.835, -0.4, 1.14, -1.01808, 0.227623, -0.127415
792, 0.69, -0.04, 0.6, -1.10883, -0.708722, 0.450407
792, 0.835, -0.34, 0.84, -1.10883, -0.708722, 0.450407
793, 0.69, -0.04, 0.72, -1.10258, -0.584121, 0.365611
793, 0.835, -0.34, 0.9, -1.10258, -0.584121, 0.365611
794, 0.69, -0.04, 0.84, -1.10405, -0.419958, 0.261027
794, 0.835, -0.34, 0.96, -1.10405, -0.419958, 0.261027
795, 0.69, -0.04, 0.96, -1.11403, -0.219194, 0.13685
795, 0.835, -0.34, 1.02, -1.11403, -0.219194, 0.13685
796, 0.545, 0.26, 1.08, -1.12057, 0, 0
796, 0.835, -0.34, 1.08, -1.12057, 0, 0
797, 0.545, 0.26, 1.26, -1.11403, 0.219194, -0.13685
797, 0.69, -0.04, 1.2, -1.11403, 0.219194, -0.13685
797, 0.835, -0.34, 1.14, -1.11403, 0.219194, -0.13685
798, 0.69, 0.08, 0.6, -1.18084, -0.674959, 0.461935
798, 0.835, -0.28, 0.84, -1.18084, -0.674959, 0.461935
799, 0.69, 0.08, 0.72, -1.17435, -0.561325, 0.37907
799, 0.835, -0.28, 0.9, -1.17435, -0.561325, 0.37907
800, 0.69, 0.08, 0.84, -1.17432, -0.409551, 0.274671
800, 0.835, -0.28, 0.96, -1.17432, -0.409551, 0.274671
801, 0.69, 0.08, 0.96, -1.18219, -0.217327, 0.146174
801, 0.835, -0.28, 1.02, -1.18219, -0.217327, 0.146174
802, 0.545, 0.44, 1.08, -1.1879, 0, 0
802, 0.69, 0.08, 1.08, -1.1879, 0, 0
802, 0.835, -0.28, 1.08, -1.1879, 0, 0
803, 0.545, 0.44, 1.26, -1.18219, 0.217327, -0.146174
803, 0.69, 0.08, 1.2, -1.18219, 0.217327, -0.146174
803, 0.835, -0.28, 1.14, -1.18219, 0.217327, -0.146174
804, 0.69, 0.2, 0.6, -1.23502, -0.652218, 0.471398
804, 0.835, -0.22, 0.84, -1.23502, -0.652218, 0.471398
805, 0.69, 0.2, 0.72, -1.22809, -0.547621, 0.390938
805, 0.835, -0.22, 0.9, -1.22809, -0.547621, 0.390938
806, 0.69, 0.2, 0.84, -1.22676, -0.404871, 0.286985
806, 0.835, -0.22, 0.96, -1.22676, -0.404871, 0.286985
807, 0.69, 0.2, 0.96, -1.23314, -0.217745, 0.154629
807, 0.835, -0.22, 1.02, -1.23314, -0.217745, 0.154629
808, 0.69, 0.2, 1.08, -1.23837, 0, 0
809, 0.69, 0.2, 1.2, -1.23314, 0.217745, -0.154629
809, 0.835, -0.22, 1.14, -1.23314, 0.217745, -0.154629
810, 0.69, -0.76, 0.72, 0.372169, -1.09132, -0.227619
810, 0.835, -0.7, 1.02, 0.372169, -1.09132, -0.227619
811, 0.545, -0.82, 0.6, 0.35318, -0.996359, -0.193525
811, 0.69, -0.76, 0.84, 0.35318, -0.996359, -0.193525
811, 0.835, -0.7, 1.08, 0.35318, -0.996359, -0.193525
812, 0.4, -0.88, 0.6, 0.314934, -0.861978, -0.145763
812, 0.545, -0.82, 0.78, 0.314934, -0.861978, -0.145763
812, 0.69, -0.76, 0.96, 0.314934, -0.861978, -0.145763
813, 0.4, -0.88, 0.84, 0.251149, -0.664377, -0.0870426
813, 0.545, -0.82, 0.96, 0.251149, -0.664377, -0.0870426
813, 0.69, -0.76, 1.08, 0.251149, -0.664377, -0.0870426
816, 0.69, -0.64, 0.72, 0, -1.12057, 0
816, 0.835, -0.64, 1.02, 0, -1.12057, 0
817, 0.545, -0.64, 0.6, 0, -1.02732, 0
817, 0.69, -0.64, 0.84, 0, -1.02732, 0
817, 0.835, -0.64, 1.08, 0, -1.02732, 0
818, 0.4, -0.64, 0.6, 0, -0.892677, 0
818, 0.545, -0.64, 0.78, 0, -0.892677, 0
818, 0.69, -0.64, 0.96, 0, -0.892677, 0
818, 0.835, -0.64, 1.14, 0, -0.892677, 0
819, 0.4, -0.64, 0.84, 0, -0.691337, 0
819, 0.545, -0.64, 0.96, 0, -0.691337, 0
819, 0.69, -0.64, 1.08, 0, -0.691337, 0
820, 0.545, -0.64, 1.14, 0, -0.39234, 0
822, 0.69, -0.52, 0.72, -0.372169, -1.09132, 0.227619
822, 0.835, -0.58, 1.02, -0.372169, -1.09132, 0.227619
823, 0.545, -0.46, 0.6, -0.35318, -0.996359, 0.193525
823, 0.69, -0.52, 0.84, -0.35318, -0.996359, 0.193525
823, 0.835, -0.58, 1.08, -0.35318, -0.996359, 0.193525
824, 0.4, -0.4, 0.6, -0.314934, -0.861978, 0.145763
824, 0.545, -0.46, 0.78, -0.314934, -0.861978, 0.145763
824, 0.69, -0.52, 0.96, -0.314934, -0.861978, 0.145763
824, 0.835, -0.58, 1.14, -0.314934, -0.861978, 0.145763
825, 0.4, -0.4, 0.84, -0.251149, -0.664377, 0.0870426
825, 0.545, -0.46, 0.96, -0.251149, -0.664377, 0.0870426
825, 0.69, -0.52, 1.08, -0.251149, -0.664377, 0.0870426
825, 0.835, -0.58, 1.2, -0.251149, -0.664377, 0.0870426
826, 0.4, -0.4, 1.08, -0.193202, -0.374476, 0.0367136
827, 0.4, -0.4, 1.32, -0.39234, 0, 0
827, 0.545, -0.46, 1.32, -0.39234, 0, 0
827, 0.69, -0.52, 1.32, -0.39234, 0, 0
828, 0.69, -0.4, 0.72, -0.667608, -1.01923, 0.382855
828, 0.835, -0.52, 1.02, -0.667608, -1.01923, 0.382855
829, 0.545, -0.28, 0.6, -0.648399, -0.918853, 0.329504
829, 0.69, -0.4, 0.84, -0.648399, -0.918853, 0.329504
829, 0.835, -0.52, 1.08, -0.648399, -0.918853, 0.329504
830, 0.545, -0.28, 0.78, -0.617241, -0.779362, 0.260376
830, 0.69, -0.4, 0.96, -0.617241, -0.779362, 0.260376
830, 0.835, -0.52, 1.14, -0.617241, -0.779362, 0.260376
831, 0.4, -0.16, 0.84, -0.583709, -0.580613, 0.179028
831, 0.545, -0.28, 0.96, -0.583709, -0.580613, 0.179028
831, 0.69, -0.4, 1.08, -0.583709, -0.580613, 0.179028
831, 0.835, -0.52, 1.2, -0.583709, -0.580613, 0.179028
832, 0.4, -0.16, 1.08, -0.601174, -0.310607, 0.0969873
832, 0.545, -0.28, 1.14, -0.601174, -0.310607, 0.0969873
832, 0.69, -0.4, 1.2, -0.601174, -0.310607, 0.0969873
833, 0.4, -0.16, 1.32, -0.691337, 0, 0
833, 0.545, -0.28, 1.32, -0.691337, 0, 0
833, 0.69, -0.4, 1.32, -0.691337, 0, 0
834, 0.69, -0.28, 0.72, -0.875401, -0.935061, 0.464017
834, 0.835, -0.46, 1.02, -0.875401, -0.935061, 0.464017
835, 0.545, -0.1, 0.6, -0.862705, -0.830826, 0.40058
835, 0.69, -0.28, 0.84, -0.862705, -0.830826, 0.40058
835, 0.835, -0.46, 1.08, -0.862705, -0.830826, 0.40058
836, 0.545, -0.1, 0.78, -0.848778, -0.688125, 0.321021
836, 0.69, -0.28, 0.96, -0.848778, -0.688125, 0.321021
836, 0.835, -0.46, 1.14, -0.848778, -0.688125, 0.321021
837, 0.4, 0.08, 0.84, -0.846478, -0.492952, 0.225702
837, 0.545, -0.1, 0.96, -0.846478, -0.492952, 0.225702
837, 0.69, -0.28, 1.08, -0.846478, -0.492952, 0.225702
837, 0.835, -0.46, 1.2, -0.846478, -0.492952, 0.225702
838, 0.69, -0.28, 1.2, -0.870133, -0.253012, 0.118086
839, 0.4, 0.08, 1.32, -0.892677, 0, 0
839, 0.545, -0.1, 1.32, -0.892677, 0, 0
839, 0.69, -0.28, 1.32, -0.892677, 0, 0
840, 0.69, -0.16, 0.72, -1.01766, -0.860773, 0.501404
840, 0.835, -0.4, 1.02, -1.01766, -0.860773, 0.501404
841, 0.545, 0.08, 0.6, -1.00858, -0.759068, 0.433351
841, 0.69, -0.16, 0.84, -1.00858, -0.759068, 0.433351
841, 0.835, -0.4, 1.08, -1.00858, -0.759068, 0.433351
842, 0.545, 0.08, 0.78, -1.00124, -0.623125, 0.348814
842, 0.69, -0.16, 0.96, -1.00124, -0.623125, 0.348814
842, 0.835, -0.4, 1.14, -1.00124, -0.623125, 0.348814
843, 0.545, 0.08, 0.96, -1.00384, -0.443125, 0.245997
843, 0.69, -0.16, 1.08, -1.00384, -0.443125, 0.245997
843, 0.835, -0.4, 1.2, -1.00384, -0.443125, 0.245997
844, 0.4, 0.32, 1.08, -1.01808, -0.227623, 0.127415
844, 0.545, 0.08, 1.14, -1.01808, -0.227623, 0.127415
844, 0.69, -0.16, 1.2, -1.01808, -0.227623, 0.127415
844, 0.835, -0.4, 1.26, -1.01808, -0.227623, 0.127415
845, 0.4, 0.32, 1.32, -1.02732, 0, 0
845, 0.545, 0.08, 1.32, -1.02732, 0, 0
845, 0.69, -0.16, 1.32, -1.02732, 0, 0
846, 0.69, -0.04, 0.72, -1.11693, -0.803431, 0.518897
846, 0.835, -0.34, 1.02, -1.11693, -0.803431, 0.518897
847, 0.69, -0.04, 0.84, -1.10883, -0.708722, 0.450407
847, 0.835, -0.34, 1.08, -1.10883, -0.708722, 0.450407
848, 0.545, 0.26, 0.78, -1.10258, -0.584121, 0.365611
848, 0.69, -0.04, 0.96, -1.10258, -0.584121, 0.365611
848, 0.835, -0.34, 1.14, -1.10258, -0.584121, 0.365611
849, 0.835, -0.34, 1.2, -1.10405, -0.419958, 0.261027
850, 0.545, 0.26, 1.14, -1.11403, -0.219194, 0.13685
850, 0.69, -0.04, 1.2, -1.11403, -0.219194, 0.13685
850, 0.835, -0.34, 1.26, -1.11403, -0.219194, 0.13685
851, 0.69, -0.04, 1.32, -1.12057, 0, 0
852, 0.69, 0.08, 0.72, -1.18887, -0.761523, 0.528541
852, 0.835, -0.28, 1.02, -1.18887, -0.761523, 0.528541
853, 0.69, 0.08, 0.84, -1.18084, -0.674959, 0.461935
853, 0.835, -0.28, 1.08, -1.18084, -0.674959, 0.461935
854, 0.69, 0.08, 0.96, -1.17435, -0.561325, 0.37907
854, 0.835, -0.28, 1.14, -1.17435, -0.561325, 0.37907
855, 0.69, 0.08, 1.08, -1.17432, -0.409551, 0.274671
855, 0.835, -0.28, 1.2, -1.17432, -0.409551, 0.274671
856, 0.545, 0.44, 1.14, -1.18219, -0.217327, 0.146174
856, 0.69, 0.08, 1.2, -1.18219, -0.217327, 0.146174
857, 0.69, 0.08, 1.32, -1.1879, 0, 0
858, 0.69, 0.2, 0.72, -1.24315, -0.731261, 0.535293
858, 0.835, -0.22, 1.02, -1.24315, -0.731261, 0.535293
859, 0.69, 0.2, 0.84, -1.23502, -0.652218, 0.471398
859, 0.835, -0.22, 1.08, -1.23502, -0.652218, 0.471398
860, 0.69, 0.2, 0.96, -1.22809, -0.547621, 0.390938
860, 0.835, -0.22, 1.14, -1.22809, -0.547621, 0.390938
861, 0.69, 0.2, 1.08, -1.22676, -0.404871, 0.286985
862, 0.69, 0.2, 1.2, -1.23314, -0.217745, 0.154629
863, 0.69, 0.2, 1.32, -1.23837, 0, 0
863, 0.835, -0.22, 1.32, -1.23837, 0, 0
864, 0.69, -0.76, 0.84, 0.381364, -1.16106, -0.251882
865, 0.545, -0.82, 0.66, 0.372169, -1.09132, -0.227619
865, 0.69, -0.76, 0.96, 0.372169, -1.09132, -0.227619
866, 0.4, -0.88, 0.6, 0.35318, -0.996359, -0.193525
866, 0.545, -0.82, 0.84, 0.35318, -0.996359, -0.193525
866, 0.69, -0.76, 1.08, 0.35318, -0.996359, -0.193525
867, 0.4, -0.88, 0.84, 0.314934, -0.861978, -0.145763
867, 0.545, -0.82, 1.02, 0.314934, -0.861978, -0.145763
870, 0.69, -0.64, 0.84, 0, -1.1879, 0
871, 0.545, -0.64, 0.66, 0, -1.12057, 0
871, 0.69, -0.64, 0.96, 0, -1.12057, 0
872, 0.4, -0.64, 0.6, 0, -1.02732, 0
872, 0.545, -0.64, 0.84, 0, -1.02732, 0
872, 0.69, -0.64, 1.08, 0, -1.02732, 0
873, 0.4, -0.64, 0.84, 0, -0.892677, 0
873, 0.545, -0.64, 1.02, 0, -0.892677, 0
873, 0.69, -0.64, 1.2, 0, -0.892677, 0
874, 0.545, -0.64, 1.2, 0, -0.691337, 0
876, 0.69, -0.52, 0.84, -0.381364, -1.16106, 0.251882
876, 0.835, -0.58, 1.2, -0.381364, -1.16106, 0.251882
877, 0.545, -0.46, 0.66, -0.372169, -1.09132, 0.227619
877, 0.69, -0.52, 0.96, -0.372169, -1.09132, 0.227619
878, 0.4, -0.4, 0.6, -0.35318, -0.996359, 0.193525
878, 0.545, -0.46, 0.84, -0.35318, -0.996359, 0.193525
878, 0.69, -0.52, 1.08, -0.35318, -0.996359, 0.193525
879, 0.4, -0.4, 0.84, -0.314934, -0.861978, 0.145763
879, 0.545, -0.46, 1.02, -0.314934, -0.861978, 0.145763
879, 0.69, -0.52, 1.2, -0.314934, -0.861978, 0.145763
880, 0.4, -0.4, 1.08, -0.251149, -0.664377, 0.0870426
880, 0.545, -0.46, 1.2, -0.251149, -0.664377, 0.0870426
880, 0.69, -0.52, 1.32, -0.251149, -0.664377, 0.0870426
882, 0.69, -0.4, 0.84, -0.678124, -1.09455, 0.423383
882, 0.835, -0.52, 1.2, -0.678124, -1.09455, 0.423383
883, 0.545, -0.28, 0.66, -0.667608, -1.01923, 0.382855
883, 0.69, -0.4, 0.96, -0.667608, -1.01923, 0.382855
883, 0.835, -0.52, 1.26, -0.667608, -1.01923, 0.382855
884, 0.545, -0.28, 0.84, -0.648399, -0.918853, 0.329504
884, 0.69, -0.4, 1.08, -0.648399, -0.918853, 0.329504
885, 0.4, -0.16, 0.84, -0.617241, -0.779362, 0.260376
885, 0.545, -0.28, 1.02, -0.617241, -0.779362, 0.260376
885, 0.69, -0.4, 1.2, -0.617241, -0.779362, 0.260376
886, 0.4, -0.16, 1.08, -0.583709, -0.580613, 0.179028
886, 0.545, -0.28, 1.2, -0.583709, -0.580613, 0.179028
886, 0.69, -0.4, 1.32, -0.583709, -0.580613, 0.179028
887, 0.4, -0.16, 1.32, -0.601174, -0.310607, 0.0969873
887, 0.545, -0.28, 1.38, -0.601174, -0.310607, 0.0969873
888, 0.69, -0.28, 0.84, -0.883708, -1.01459, 0.514211
888, 0.835, -0.46, 1.2, -0.883708, -1.01459, 0.514211
889, 0.545, -0.1, 0.66, -0.875401, -0.935061, 0.464017
889, 0.69, -0.28, 0.96, -0.875401, -0.935061, 0.464017
889, 0.835, -0.46, 1.26, -0.875401, -0.935061, 0.464017
890, 0.545, -0.1, 0.84, -0.862705, -0.830826, 0.40058
890, 0.69, -0.28, 1.08, -0.862705, -0.830826, 0.40058
891, 0.4, 0.08, 0.84, -0.848778, -0.688125, 0.321021
891, 0.545, -0.1, 1.02, -0.848778, -0.688125, 0.321021
891, 0.69, -0.28, 1.2, -0.848778, -0.688125, 0.321021
892, 0.545, -0.1, 1.2, -0.846478, -0.492952, 0.225702
893, 0.545, -0.1, 1.38, -0.870133, -0.253012, 0.118086
894, 0.69, -0.16, 0.84, -1.02447, -0.940021, 0.556455
894, 0.835, -0.4, 1.2, -1.02447, -0.940021, 0.556455
895, 0.545, 0.08, 0.66, -1.01766, -0.860773, 0.501404
895, 0.69, -0.16, 0.96, -1.01766, -0.860773, 0.501404
895, 0.835, -0.4, 1.26, -1.01766, -0.860773, 0.501404
896, 0.545, 0.08, 0.84, -1.00858, -0.759068, 0.433351
896, 0.69, -0.16, 1.08, -1.00858, -0.759068, 0.433351
897, 0.545, 0.08, 1.02, -1.00124, -0.623125, 0.348814
897, 0.69, -0.16, 1.2, -1.00124, -0.623125, 0.348814
898, 0.69, -0.16, 1.32, -1.00384, -0.443125, 0.245997
899, 0.545, 0.08, 1.38, -1.01808, -0.227623, 0.127415
899, 0.69, -0.16, 1.44, -1.01808, -0.227623, 0.127415
900, 0.69, -0.04, 0.84, -1.12342, -0.878604, 0.575092
900, 0.835, -0.34, 1.2, -1.12342, -0.878604, 0.575092
901, 0.69, -0.04, 0.96, -1.11693, -0.803431, 0.518897
901, 0.835, -0.34, 1.26, -1.11693, -0.803431, 0.518897
902, 0.545, 0.26, 0.84, -1.10883, -0.708722, 0.450407
902, 0.69, -0.04, 1.08, -1.10883, -0.708722, 0.450407
902, 0.835, -0.34, 1.32, -1.10883, -0.708722, 0.450407
903, 0.545, 0.26, 1.02, -1.10258, -0.584121, 0.365611
903, 0.69, -0.04, 1.2, -1.10258, -0.584121, 0.365611
904, 0.4, 0.56, 1.08, -1.10405, -0.419958, 0.261027
904, 0.69, -0.04, 1.32, -1.10405, -0.419958, 0.261027
905, 0.4, 0.56, 1.32, -1.11403, -0.219194, 0.13685
905, 0.69, -0.04, 1.44, -1.11403, -0.219194, 0.13685
906, 0.69, 0.08, 0.84, -1.19552, -0.830912, 0.583548
906, 0.835, -0.28, 1.2, -1.19552, -0.830912, 0.583548
907, 0.69, 0.08, 0.96, -1.18887, -0.761523, 0.528541
907, 0.835, -0.28, 1.26, -1.18887, -0.761523, 0.528541
908, 0.69, 0.08, 1.08, -1.18084, -0.674959, 0.461935
908, 0.835, -0.28, 1.32, -1.18084, -0.674959, 0.461935
909, 0.545, 0.44, 1.02, -1.17435, -0.561325, 0.37907
909, 0.69, 0.08, 1.2, -1.17435, -0.561325, 0.37907
910, 0.69, 0.08, 1.32, -1.17432, -0.409551, 0.274671
912, 0.69, 0.2, 0.84, -1.25, -0.794685, 0.588011
912, 0.835, -0.22, 1.2, -1.25, -0.794685, 0.588011
913, 0.69, 0.2, 0.96, -1.24315, -0.731261, 0.535293
913, 0.835, -0.22, 1.26, -1.24315, -0.731261, 0.535293
914, 0.69, 0.2, 1.08, -1.23502, -0.652218, 0.471398
914, 0.835, -0.22, 1.32, -1.23502, -0.652218, 0.471398
915, 0.69, 0.2, 1.2, -1.22809, -0.547621, 0.390938
916, 0.69, 0.2, 1.32, -1.22676, -0.404871, 0.286985
920, -0.415, -0.46, 1.4025, -0.0566011, -0.111995, 0.00317368
920, 0.05, -0.52, 1.455, -0.0566011, -0.111995, 0.00317368
921, 0.05, -0.4, 1.455, -0.202501, -0.111014, 0.0112903
922, 0.05, -0.28, 1.455, -0.346229, -0.111014, 0.0194318
923, -0.415, 0.08, 1.4025, -0.463684, -0.113203, 0.0267527
923, 0.05, -0.16, 1.455, -0.463684, -0.113203, 0.0267527
926, -0.235, -0.46, 1.4025, -0.0651396, -0.128205, 0.00418282
926, 0.17, -0.52, 1.455, -0.0651396, -0.128205, 0.00418282
927, -0.235, -0.28, 1.4025, -0.232152, -0.126138, 0.014727
927, 0.17, -0.4, 1.455, -0.232152, -0.126138, 0.014727
928, -0.235, -0.1, 1.4025, -0.393349, -0.124629, 0.0248633
928, 0.17, -0.28, 1.455, -0.393349, -0.124629, 0.0248633
929, -0.235, 0.08, 1.4025, -0.521622, -0.125601, 0.0335628
929, 0.17, -0.16, 1.455, -0.521622, -0.125601, 0.0335628
931, -0.4, -0.64, 1.35, 0, -0.151015, 0
932, -0.055, -0.46, 1.4025, -0.0767458, -0.149807, 0.00576213
932, 0.29, -0.52, 1.455, -0.0767458, -0.149807, 0.00576213
933, -0.055, -0.28, 1.4025, -0.271847, -0.145707, 0.0199626
933, 0.29, -0.4, 1.455, -0.271847, -0.145707, 0.0199626
934, -0.4, 0.08, 1.35, -0.454389, -0.141426, 0.0327473
934, -0.055, -0.1, 1.4025, -0.454389, -0.141426, 0.0327473
934, 0.29, -0.28, 1.455, -0.454389, -0.141426, 0.0327473
935, -0.055, 0.08, 1.4025, -0.594207, -0.14024, 0.0430007
935, 0.29, -0.16, 1.455, -0.594207, -0.14024, 0.0430007
937, 0.125, -0.64, 1.4025, 0, -0.182168, 0
938, 0.125, -0.46, 1.4025, -0.0934595, -0.179944, 0.00843759
938, 0.41, -0.52, 1.455, -0.0934595, -0.179944, 0.00843759
939, -0.16, -0.16, 1.35, -0.327578, -0.171723, 0.0284485
939, 0.125, -0.28, 1.4025, -0.327578, -0.171723, 0.0284485
939, 0.41, -0.4, 1.455, -0.327578, -0.171723, 0.0284485
940, 0.125, -0.1, 1.4025, -0.535867, -0.162154, 0.0446073
940, 0.41, -0.28, 1.455, -0.535867, -0.162154, 0.0446073
941, 0.125, 0.08, 1.4025, -0.68664, -0.15723, 0.0563074
941, 0.41, -0.16, 1.455, -0.68664, -0.15723, 0.0563074
944, 0.305, -0.46, 1.4025, -0.119668, -0.22465, 0.0135144
945, 0.08, -0.16, 1.35, -0.410958, -0.207099, 0.0433119
945, 0.305, -0.28, 1.4025, -0.410958, -0.207099, 0.0433119
945, 0.53, -0.4, 1.455, -0.410958, -0.207099, 0.0433119
946, 0.08, 0.08, 1.35, -0.648213, -0.187041, 0.063
946, 0.305, -0.1, 1.4025, -0.648213, -0.187041, 0.063
946, 0.53, -0.28, 1.455, -0.648213, -0.187041, 0.063
947, 0.08, 0.32, 1.35, -0.805838, -0.175982, 0.0751689
947, 0.305, 0.08, 1.4025, -0.805838, -0.175982, 0.0751689
947, 0.53, -0.16, 1.455, -0.805838, -0.175982, 0.0751689
950, 0.32, -0.4, 1.35, -0.16684, -0.29675, 0.0249948
950, 0.485, -0.46, 1.4025, -0.16684, -0.29675, 0.0249948
951, 0.32, -0.16, 1.35, -0.546699, -0.254588, 0.0717354
951, 0.485, -0.28, 1.4025, -0.546699, -0.254588, 0.0717354
952, 0.32, 0.08, 1.35, -0.807412, -0.213669, 0.0915575
952, 0.485, -0.1, 1.4025, -0.807412, -0.213669, 0.0915575
953, 0.32, 0.32, 1.35, -0.959783, -0.194215, 0.101316
953, 0.485, 0.08, 1.4025, -0.959783, -0.194215, 0.101316
953, 0.65, -0.16, 1.455, -0.959783, -0.194215, 0.101316
955, 0.56, -0.64, 1.35, 0, -0.463648, 0
956, 0.665, -0.46, 1.4025, -0.276448, -0.425365, 0.0600637
957, 0.56, -0.16, 1.35, -0.789226, -0.305204, 0.127926
957, 0.665, -0.28, 1.4025, -0.789226, -0.305204, 0.127926
958, 0.56, 0.08, 1.35, -1.03244, -0.231682, 0.131892
958, 0.665, -0.1, 1.4025, -1.03244, -0.231682, 0.131892
959, 0.665, 0.08, 1.4025, -1.15409, -0.207275, 0.135205
963, 0.8, -0.16, 1.35, -1.20557, -0.287895, 0.198861
964, 0.8, 0.08, 1.35, -1.3258, -0.226214, 0.176914
972, 0.69, -0.76, 0.96, 0.385996, -1.21397, -0.269782
973, 0.545, -0.82, 0.72, 0.381364, -1.16106, -0.251882
973, 0.69, -0.76, 1.08, 0.381364, -1.16106, -0.251882
974, 0.545, -0.82, 0.9, 0.372169, -1.09132, -0.227619
975, 0.4, -0.88, 0.84, 0.35318, -0.996359, -0.193525
975, 0.545, -0.82, 1.08, 0.35318, -0.996359, -0.193525
976, 0.4, -0.88, 1.08, 0.314934, -0.861978, -0.145763
978, 0.69, -0.64, 0.96, 0, -1.23837, 0
979, 0.545, -0.64, 0.72, 0, -1.1879, 0
979, 0.69, -0.64, 1.08, 0, -1.1879, 0
980, 0.545, -0.64, 0.9, 0, -1.12057, 0
980, 0.69, -0.64, 1.2, 0, -1.12057, 0
981, 0.4, -0.64, 0.84, 0, -1.02732, 0
981, 0.545, -0.64, 1.08, 0, -1.02732, 0
982, 0.4, -0.64, 1.08, 0, -0.892677, 0
982, 0.545, -0.64, 1.26, 0, -0.892677, 0
984, 0.69, -0.52, 0.96, -0.385996, -1.21397, 0.269782
985, 0.545, -0.46, 0.72, -0.381364, -1.16106, 0.251882
985, 0.69, -0.52, 1.08, -0.381364, -1.16106, 0.251882
986, 0.4, -0.4, 0.6, -0.372169, -1.09132, 0.227619
986, 0.545, -0.46, 0.9, -0.372169, -1.09132, 0.227619
986, 0.69, -0.52, 1.2, -0.372169, -1.09132, 0.227619
987, 0.4, -0.4, 0.84, -0.35318, -0.996359, 0.193525
987, 0.545, -0.46, 1.08, -0.35318, -0.996359, 0.193525
987, 0.69, -0.52, 1.32, -0.35318, -0.996359, 0.193525
988, 0.4, -0.4, 1.08, -0.314934, -0.861978, 0.145763
988, 0.545, -0.46, 1.26, -0.314934, -0.861978, 0.145763
990, 0.69, -0.4, 0.96, -0.68377, -1.15293, 0.454708
991, 0.545, -0.28, 0.72, -0.678124, -1.09455, 0.423383
991, 0.69, -0.4, 1.08, -0.678124, -1.09455, 0.423383
992, 0.545, -0.28, 0.9, -0.667608, -1.01923, 0.382855
992, 0.69, -0.4, 1.2, -0.667608, -1.01923, 0.382855
993, 0.4, -0.16, 0.84, -0.648399, -0.918853, 0.329504
993, 0.545, -0.28, 1.08, -0.648399, -0.918853, 0.329504
993, 0.69, -0.4, 1.32, -0.648399, -0.918853, 0.329504
994, 0.4, -0.16, 1.08, -0.617241, -0.779362, 0.260376
994, 0.545, -0.28, 1.26, -0.617241, -0.779362, 0.260376
995, 0.4, -0.16, 1.32, -0.583709, -0.580613, 0.179028
995, 0.545, -0.28, 1.44, -0.583709, -0.580613, 0.179028
996, 0.69, -0.28, 0.96, -0.88849, -1.07758, 0.554412
997, 0.545, -0.1, 0.72, -0.883708, -1.01459, 0.514211
997, 0.69, -0.28, 1.08, -0.883708, -1.01459, 0.514211
998, 0.545, -0.1, 0.9, -0.875401, -0.935061, 0.464017
998, 0.69, -0.28, 1.2, -0.875401, -0.935061, 0.464017
999, 0.4, 0.08, 0.84, -0.862705, -0.830826, 0.40058
999, 0.545, -0.1, 1.08, -0.862705, -0.830826, 0.40058
999, 0.69, -0.28, 1.32, -0.862705, -0.830826, 0.40058
1000, 0.4, 0.08, 1.08, -0.848778, -0.688125, 0.321021
1000, 0.545, -0.1, 1.26, -0.848778, -0.688125, 0.321021
1000, 0.69, -0.28, 1.44, -0.848778, -0.688125, 0.321021
1001, 0.4, 0.08, 1.32, -0.846478, -0.492952, 0.225702
1001, 0.545, -0.1, 1.44, -0.846478, -0.492952, 0.225702
1002, 0.69, -0.16, 0.96, -1.0286, -1.00429, 0.60166
1003, 0.545, 0.08, 0.72, -1.02447, -0.940021, 0.556455
1003, 0.69, -0.16, 1.08, -1.02447, -0.940021, 0.556455
1004, 0.545, 0.08, 0.9, -1.01766, -0.860773, 0.501404
1004, 0.69, -0.16, 1.2, -1.01766, -0.860773, 0.501404
1005, 0.4, 0.32, 0.84, -1.00858, -0.759068, 0.433351
1005, 0.545, 0.08, 1.08, -1.00858, -0.759068, 0.433351
1005, 0.69, -0.16, 1.32, -1.00858, -0.759068, 0.433351
1006, 0.4, 0.32, 1.08, -1.00124, -0.623125, 0.348814
1006, 0.545, 0.08, 1.26, -1.00124, -0.623125, 0.348814
1008, 0.69, -0.04, 0.96, -1.12753, -0.940897, 0.62212
1009, 0.545, 0.26, 0.72, -1.12342, -0.878604, 0.575092
1009, 0.69, -0.04, 1.08, -1.12342, -0.878604, 0.575092
1010, 0.545, 0.26, 0.9, -1.11693, -0.803431, 0.518897
1010, 0.69, -0.04, 1.2, -1.11693, -0.803431, 0.518897
1011, 0.545, 0.26, 1.08, -1.10883, -0.708722, 0.450407
1012, 0.69, -0.04, 1.44, -1.10258, -0.584121, 0.365611
1013, 0.4, 0.56, 1.32, -1.10405, -0.419958, 0.261027
1014, 0.69, 0.08, 0.96, -1.19996, -0.889292, 0.63019
1015, 0.69, 0.08, 1.08, -1.19552, -0.830912, 0.583548
1016, 0.545, 0.44, 0.9, -1.18887, -0.761523, 0.528541
1016, 0.69, 0.08, 1.2, -1.18887, -0.761523, 0.528541
1017, 0.545, 0.44, 1.08, -1.18084, -0.674959, 0.461935
1017, 0.69, 0.08, 1.32, -1.18084, -0.674959, 0.461935
1018, 0.69, 0.08, 1.44, -1.17435, -0.561325, 0.37907
1020, 0.69, 0.2, 0.96, -1.25481, -0.848463, 0.633017
1021, 0.69, 0.2, 1.08, -1.25, -0.794685, 0.588011
1022, 0.69, 0.2, 1.2, -1.24315, -0.731261, 0.535293
1023, 0.545, 0.62, 1.08, -1.23502, -0.652218, 0.471398
1023, 0.69, 0.2, 1.32, -1.23502, -0.652218, 0.471398
1029, -0.415, -0.28, 1.4625, -0.17943, -0.234542, 0.0211951
1030, -0.415, -0.1, 1.4625, -0.315944, -0.234044, 0.0374497
1031, -0.415, 0.08, 1.4625, -0.439208, -0.236856, 0.0531032
1031, 0.05, -0.16, 1.575, -0.439208, -0.236856, 0.0531032
1034, -0.64, -0.4, 1.35, -0.0762738, -0.269403, 0.0103417
1034, -0.235, -0.46, 1.4625, -0.0762738, -0.269403, 0.0103417
1035, -0.235, -0.28, 1.4625, -0.206668, -0.265692, 0.0277147
1036, -0.235, -0.1, 1.4625, -0.360754, -0.262384, 0.0481152
1037, -0.64, 0.32, 1.35, -0.496094, -0.262568, 0.0668584
1037, -0.235, 0.08, 1.4625, -0.496094, -0.262568, 0.0668584
1037, 0.17, -0.16, 1.575, -0.496094, -0.262568, 0.0668584
1039, -0.4, -0.64, 1.35, 0, -0.315215, 0
1040, -0.4, -0.4, 1.35, -0.0904513, -0.312669, 0.0142665
1041, -0.055, -0.28, 1.4625, -0.243651, -0.305562, 0.0376999
1042, -0.055, -0.1, 1.4625, -0.419662, -0.297196, 0.0637409
1043, -0.055, 0.08, 1.4625, -0.56816, -0.292864, 0.0860727
1045, 0.125, -0.64, 1.4625, 0, -0.375961, 0
1047, -0.16, -0.16, 1.35, -0.296591, -0.357722, 0.054005
1047, 0.125, -0.28, 1.4625, -0.296591, -0.357722, 0.054005
1048, -0.16, 0.08, 1.35, -0.49982, -0.33995, 0.0875605
1048, 0.125, -0.1, 1.4625, -0.49982, -0.33995, 0.0875605
1049, 0.125, 0.08, 1.4625, -0.661177, -0.327998, 0.113461
1051, 0.08, -0.64, 1.35, 0, -0.463648, 0
1053, 0.08, -0.16, 1.35, -0.377905, -0.426973, 0.0828676
1053, 0.305, -0.28, 1.4625, -0.377905, -0.426973, 0.0828676
1054, 0.08, 0.08, 1.35, -0.613044, -0.39119, 0.12525
1054, 0.305, -0.1, 1.4625, -0.613044, -0.39119, 0.12525
1055, 0.305, 0.08, 1.4625, -0.782959, -0.366974, 0.152906
1058, 0.32, -0.4, 1.35, -0.207593, -0.57918, 0.0620588
1058, 0.485, -0.46, 1.4625, -0.207593, -0.57918, 0.0620588
1059, 0.32, -0.16, 1.35, -0.514585, -0.51704, 0.138936
1059, 0.485, -0.28, 1.4625, -0.514585, -0.51704, 0.138936
1060, 0.485, -0.1, 1.4625, -0.777744, -0.447227, 0.185825
1061, 0.32, 0.32, 1.35, -0.942423, -0.405951, 0.208953
1064, 0.56, -0.4, 1.35, -0.35653, -0.76702, 0.145144
1065, 0.56, -0.16, 1.35, -0.764185, -0.615362, 0.254013
1066, 0.56, 0.08, 1.35, -1.01451, -0.493388, 0.278101
1071, 0.8, -0.16, 1.35, -1.18381, -0.65443, 0.44871
1080, 0.4, -0.88, 0.12, 0.691337, -0, 0
1080, 0.545, -0.76, 0.12, 0.691337, -0, 0
1080, 0.69, -0.64, 0.12, 0.691337, -0, 0
1080, 0.835, -0.52, 0.12, 0.691337, -0, 0
1081, 0.545, -0.76, 0.3, 0.601174, 0.310607, 0.0969873
1081, 0.69, -0.64, 0.24, 0.601174, 0.310607, 0.0969873
1081, 0.835, -0.52, 0.18, 0.601174, 0.310607, 0.0969873
1082, 0.4, -0.88, 0.6, 0.583709, 0.580613, 0.179028
1082, 0.835, -0.52, 0.24, 0.583709, 0.580613, 0.179028
1084, 0.545, -0.76, 0.84, 0.648399, 0.918853, 0.329504
1084, 0.69, -0.64, 0.6, 0.648399, 0.918853, 0.329504
1084, 0.835, -0.52, 0.36, 0.648399, 0.918853, 0.329504
1085, 0.545, -0.76, 1.02, 0.667608, 1.01923, 0.382855
1085, 0.69, -0.64, 0.72, 0.667608, 1.01923, 0.382855
1085, 0.835, -0.52, 0.42, 0.667608, 1.01923, 0.382855
1086, 0.4, -0.64, 0.12, 0.39234, -0, 0
1086, 0.545, -0.58, 0.12, 0.39234, -0, 0
1086, 0.69, -0.52, 0.12, 0.39234, -0, 0
1086, 0.835, -0.46, 0.12, 0.39234, -0, 0
1087, 0.4, -0.64, 0.36, 0.193202, 0.374476, 0.0367136
1087, 0.545, -0.58, 0.3, 0.193202, 0.374476, 0.0367136
1087, 0.69, -0.52, 0.24, 0.193202, 0.374476, 0.0367136
1087, 0.835, -0.46, 0.18, 0.193202, 0.374476, 0.0367136
1088, 0.835, -0.46, 0.24, 0.251149, 0.664377, 0.0870426
1089, 0.4, -0.64, 0.84, 0.314934, 0.861978, 0.145763
1089, 0.545, -0.58, 0.66, 0.314934, 0.861978, 0.145763
1089, 0.69, -0.52, 0.48, 0.314934, 0.861978, 0.145763
1090, 0.4, -0.64, 1.08, 0.35318, 0.996359, 0.193525
1090, 0.545, -0.58, 0.84, 0.35318, 0.996359, 0.193525
1090, 0.69, -0.52, 0.6, 0.35318, 0.996359, 0.193525
1090, 0.835, -0.46, 0.36, 0.35318, 0.996359, 0.193525
1091, 0.545, -0.58, 1.02, 0.372169, 1.09132, 0.227619
1091, 0.69, -0.52, 0.72, 0.372169, 1.09132, 0.227619
1091, 0.835, -0.46, 0.42, 0.372169, 1.09132, 0.227619
1093, 0.4, -0.4, 0.36, 0, 0.39234, 0
1093, 0.545, -0.4, 0.3, 0, 0.39234, 0
1093, 0.69, -0.4, 0.24, 0, 0.39234, 0
1093, 0.835, -0.4, 0.18, 0, 0.39234, 0
1094, 0.545, -0.4, 0.48, 0, 0.691337, 0
1094, 0.69, -0.4, 0.36, 0, 0.691337, 0
1094, 0.835, -0.4, 0.24, 0, 0.691337, 0
1095, 0.4, -0.4, 0.84, 0, 0.892677, 0
1095, 0.545, -0.4, 0.66, 0, 0.892677, 0
1095, 0.69, -0.4, 0.48, 0, 0.892677, 0
1096, 0.4, -0.4, 1.08, 0, 1.02732, 0
1096, 0.545, -0.4, 0.84, 0, 1.02732, 0
1096, 0.69, -0.4, 0.6, 0, 1.02732, 0
1096, 0.835, -0.4, 0.36, 0, 1.02732, 0
1097, 0.4, -0.4, 1.32, 0, 1.12057, 0
1097, 0.545, -0.4, 1.02, 0, 1.12057, 0
1097, 0.69, -0.4, 0.72, 0, 1.12057, 0
1097, 0.835, -0.4, 0.42, 0, 1.12057, 0
1098, 0.4, -0.16, 0.12, -0.39234, 0, 0
1098, 0.545, -0.22, 0.12, -0.39234, 0, 0
1098, 0.69, -0.28, 0.12, -0.39234, 0, 0
1098, 0.835, -0.34, 0.12, -0.39234, 0, 0
1099, 0.545, -0.22, 0.3, -0.193202, 0.374476, -0.0367136
1099, 0.69, -0.28, 0.24, -0.193202, 0.374476, -0.0367136
1099, 0.835, -0.34, 0.18, -0.193202, 0.374476, -0.0367136
1100, 0.69, -0.28, 0.36, -0.251149, 0.664377, -0.0870426
1100, 0.835, -0.34, 0.24, -0.251149, 0.664377, -0.0870426
1101, 0.4, -0.16, 0.84, -0.314934, 0.861978, -0.145763
1101, 0.545, -0.22, 0.66, -0.314934, 0.861978, -0.145763
1101, 0.69, -0.28, 0.48, -0.314934, 0.861978, -0.145763
1101, 0.835, -0.34, 0.3, -0.314934, 0.861978, -0.145763
1102, 0.4, -0.16, 1.08, -0.35318, 0.996359, -0.193525
1102, 0.545, -0.22, 0.84, -0.35318, 0.996359, -0.193525
1102, 0.69, -0.28, 0.6, -0.35318, 0.996359, -0.193525
1102, 0.835, -0.34, 0.36, -0.35318, 0.996359, -0.193525
1103, 0.4, -0.16, 1.32, -0.372169, 1.09132, -0.227619
1103, 0.545, -0.22, 1.02, -0.372169, 1.09132, -0.227619
1103, 0.69, -0.28, 0.72, -0.372169, 1.09132, -0.227619
1103, 0.835, -0.34, 0.42, -0.372169, 1.09132, -0.227619
1104, 0.545, -0.04, 0.12, -0.691337, 0, 0
1104, 0.69, -0.16, 0.12, -0.691337, 0, 0
1104, 0.835, -0.28, 0.12, -0.691337, 0, 0
1105, 0.545, -0.04, 0.3, -0.601174, 0.310607, -0.0969873
1105, 0.69, -0.16, 0.24, -0.601174, 0.310607, -0.0969873
1105, 0.835, -0.28, 0.18, -0.601174, 0.310607, -0.0969873
1106, 0.545, -0.04, 0.48, -0.583709, 0.580613, -0.179028
1106, 0.69, -0.16, 0.36, -0.583709, 0.580613, -0.179028
1106, 0.835, -0.28, 0.24, -0.583709, 0.580613, -0.179028
1107, 0.4, 0.08, 0.84, -0.617241, 0.779362, -0.260376
1107, 0.545, -0.04, 0.66, -0.617241, 0.779362, -0.260376
1107, 0.835, -0.28, 0.3, -0.617241, 0.779362, -0.260376
1108, 0.4, 0.08, 1.08, -0.648399, 0.918853, -0.329504
1108, 0.545, -0.04, 0.84, -0.648399, 0.918853, -0.329504
1108, 0.69, -0.16, 0.6, -0.648399, 0.918853, -0.329504
1109, 0.4, 0.08, 1.32, -0.667608, 1.01923, -0.382855
1109, 0.545, -0.04, 1.02, -0.667608, 1.01923, -0.382855
1109, 0.69, -0.16, 0.72, -0.667608, 1.01923, -0.382855
1109, 0.835, -0.28, 0.42, -0.667608, 1.01923, -0.382855
1110, 0.4, 0.32, 0.12, -0.892677, 0, 0
1110, 0.545, 0.14, 0.12, -0.892677, 0, 0
1110, 0.69, -0.04, 0.12, -0.892677, 0, 0
1110, 0.835, -0.22, 0.12, -0.892677, 0, 0
1111, 0.4, 0.32, 0.36, -0.870133, 0.253012, -0.118086
1111, 0.545, 0.14, 0.3, -0.870133, 0.253012, -0.118086
1111, 0.69, -0.04, 0.24, -0.870133, 0.253012, -0.118086
1111, 0.835, -0.22, 0.18, -0.870133, 0.253012, -0.118086
1112, 0.4, 0.32, 0.6, -0.846478, 0.492952, -0.225702
1112, 0.69, -0.04, 0.36, -0.846478, 0.492952, -0.225702
1112, 0.835, -0.22, 0.24, -0.846478, 0.492952, -0.225702
1113, 0.4, 0.32, 0.84, -0.848778, 0.688125, -0.321021
1113, 0.545, 0.14, 0.66, -0.848778, 0.688125, -0.321021
1113, 0.69, -0.04, 0.48, -0.848778, 0.688125, -0.321021
1113, 0.835, -0.22, 0.3, -0.848778, 0.688125, -0.321021
1114, 0.4, 0.32, 1.08, -0.862705, 0.830826, -0.40058
1114, 0.545, 0.14, 0.84, -0.862705, 0.830826, -0.40058
1114, 0.69, -0.04, 0.6, -0.862705, 0.830826, -0.40058
1115, 0.545, 0.14, 1.02, -0.875401, 0.935061, -0.464017
1115, 0.69, -0.04, 0.72, -0.875401, 0.935061, -0.464017
1115, 0.835, -0.22, 0.42, -0.875401, 0.935061, -0.464017
1116, 0.545, 0.32, 0.12, -1.02732, 0, 0
1116, 0.69, 0.08, 0.12, -1.02732, 0, 0
1116, 0.835, -0.16, 0.12, -1.02732, 0, 0
1117, 0.545, 0.32, 0.3, -1.01808, 0.227623, -0.127415
1117, 0.69, 0.08, 0.24, -1.01808, 0.227623, -0.127415
1117, 0.835, -0.16, 0.18, -1.01808, 0.227623, -0.127415
1118, 0.4, 0.56, 0.6, -1.00384, 0.443125, -0.245997
1118, 0.835, -0.16, 0.24, -1.00384, 0.443125, -0.245997
1119, 0.69, 0.08, 0.48, -1.00124, 0.623125, -0.348814
1119, 0.835, -0.16, 0.3, -1.00124, 0.623125, -0.348814
1120, 0.545, 0.32, 0.84, -1.00858, 0.759068, -0.433351
1120, 0.69, 0.08, 0.6, -1.00858, 0.759068, -0.433351
1121, 0.545, 0.32, 1.02, -1.01766, 0.860773, -0.501404
1121, 0.69, 0.08, 0.72, -1.01766, 0.860773, -0.501404
1121, 0.835, -0.16, 0.42, -1.01766, 0.860773, -0.501404
1122, 0.4, 0.8, 0.12, -1.12057, 0, 0
1122, 0.545, 0.5, 0.12, -1.12057, 0, 0
1122, 0.69, 0.2, 0.12, -1.12057, 0, 0
1122, 0.835, -0.1, 0.12, -1.12057, 0, 0
1123, 0.4, 0.8, 0.36, -1.11403, 0.219194, -0.13685
1123, 0.545, 0.5, 0.3, -1.11403, 0.219194, -0.13685
1123, 0.69, 0.2, 0.24, -1.11403, 0.219194, -0.13685
1123, 0.835, -0.1, 0.18, -1.11403, 0.219194, -0.13685
1124, 0.4, 0.8, 0.6, -1.10405, 0.419958, -0.261027
1124, 0.69, 0.2, 0.36, -1.10405, 0.419958, -0.261027
1124, 0.835, -0.1, 0.24, -1.10405, 0.419958, -0.261027
1125, 0.545, 0.5, 0.66, -1.10258, 0.584121, -0.365611
1125, 0.69, 0.2, 0.48, -1.10258, 0.584121, -0.365611
1125, 0.835, -0.1, 0.3, -1.10258, 0.584121, -0.365611
1126, 0.545, 0.5, 0.84, -1.10883, 0.708722, -0.450407
1126, 0.69, 0.2, 0.6, -1.10883, 0.708722, -0.450407
1127, 0.545, 0.5, 1.02, -1.11693, 0.803431, -0.518897
1127, 0.69, 0.2, 0.72, -1.11693, 0.803431, -0.518897
1127, 0.835, -0.1, 0.42, -1.11693, 0.803431, -0.518897
1128, 0.545, 0.68, 0.12, -1.1879, 0, 0
1128, 0.69, 0.32, 0.12, -1.1879, 0, 0
1128, 0.835, -0.04, 0.12, -1.1879, 0, 0
1129, 0.545, 0.68, 0.3, -1.18219, 0.217327, -0.146174
1129, 0.69, 0.32, 0.24, -1.18219, 0.217327, -0.146174
1129, 0.835, -0.04, 0.18, -1.18219, 0.217327, -0.146174
1130, 0.69, 0.32, 0.36, -1.17432, 0.409551, -0.274671
1130, 0.835, -0.04, 0.24, -1.17432, 0.409551, -0.274671
1132, 0.545, 0.68, 0.84, -1.18084, 0.674959, -0.461935
1133, 0.69, 0.32, 0.72, -1.18887, 0.761523, -0.528541
1134, 0.4, -0.88, 0.12, 0.601174, -0.310607, -0.0969873
1134, 0.545, -0.76, 0.18, 0.601174, -0.310607, -0.0969873
1134, 0.69, -0.64, 0.24, 0.601174, -0.310607, -0.0969873
1134, 0.835, -0.52, 0.3, 0.601174, -0.310607, -0.0969873
1135, 0.545, -0.76, 0.36, 0.691337, -0, 0
1135, 0.69, -0.64, 0.36, 0.691337, -0, 0
1135, 0.835, -0.52, 0.36, 0.691337, -0, 0
1136, 0.69, -0.64, 0.48, 0.601174, 0.310607, 0.0969873
1136, 0.835, -0.52, 0.42, 0.601174, 0.310607, 0.0969873
1137, 0.835, -0.52, 0.48, 0.583709, 0.580613, 0.179028
1138, 0.545, -0.76, 0.9, 0.617241, 0.779362, 0.260376
1138, 0.69, -0.64, 0.72, 0.617241, 0.779362, 0.260376
1139, 0.545, -0.76, 1.08, 0.648399, 0.918853, 0.329504
1139, 0.69, -0.64, 0.84, 0.648399, 0.918853, 0.329504
1139, 0.835, -0.52, 0.6, 0.648399, 0.918853, 0.329504
1140, 0.4, -0.64, 0.12, 0.193202, -0.374476, -0.0367136
1140, 0.545, -0.58, 0.18, 0.193202, -0.374476, -0.0367136
1140, 0.69, -0.52, 0.24, 0.193202, -0.374476, -0.0367136
1140, 0.835, -0.46, 0.3, 0.193202, -0.374476, -0.0367136
1141, 0.4, -0.64, 0.36, 0.39234, -0, 0
1141, 0.545, -0.58, 0.36, 0.39234, -0, 0
1141, 0.69, -0.52, 0.36, 0.39234, -0, 0
1141, 0.835, -0.46, 0.36, 0.39234, -0, 0
1142, 0.69, -0.52, 0.48, 0.193202, 0.374476, 0.0367136
1142, 0.835, -0.46, 0.42, 0.193202, 0.374476, 0.0367136
1143, 0.4, -0.64, 0.84, 0.251149, 0.664377, 0.0870426
1143, 0.835, -0.46, 0.48, 0.251149, 0.664377, 0.0870426
1144, 0.4, -0.64, 1.08, 0.314934, 0.861978, 0.145763
1144, 0.545, -0.58, 0.9, 0.314934, 0.861978, 0.145763
1144, 0.69, -0.52, 0.72, 0.314934, 0.861978, 0.145763
1145, 0.545, -0.58, 1.08, 0.35318, 0.996359, 0.193525
1145, 0.69, -0.52, 0.84, 0.35318, 0.996359, 0.193525
1145, 0.835, -0.46, 0.6, 0.35318, 0.996359, 0.193525
1146, 0.545, -0.4, 0.18, 0, -0.39234, 0
1146, 0.69, -0.4, 0.24, 0, -0.39234, 0
1146, 0.835, -0.4, 0.3, 0, -0.39234, 0
1148, 0.4, -0.4, 0.6, 0, 0.39234, 0
1148, 0.545, -0.4, 0.54, 0, 0.39234, 0
1148, 0.69, -0.4, 0.48, 0, 0.39234, 0
1148, 0.835, -0.4, 0.42, 0, 0.39234, 0
1149, 0.4, -0.4, 0.84, 0, 0.691337, 0
1149, 0.545, -0.4, 0.72, 0, 0.691337, 0
1149, 0.69, -0.4, 0.6, 0, 0.691337, 0
1149, 0.835, -0.4, 0.48, 0, 0.691337, 0
1150, 0.4, -0.4, 1.08, 0, 0.892677, 0
1150, 0.545, -0.4, 0.9, 0, 0.892677, 0
1150, 0.69, -0.4, 0.72, 0, 0.892677, 0
1150, 0.835, -0.4, 0.54, 0, 0.892677, 0
1151, 0.4, -0.4, 1.32, 0, 1.02732, 0
1151, 0.545, -0.4, 1.08, 0, 1.02732, 0
1151, 0.69, -0.4, 0.84, 0, 1.02732, 0
1151, 0.835, -0.4, 0.6, 0, 1.02732, 0
1152, 0.545, -0.22, 0.18, -0.193202, -0.374476, 0.0367136
1152, 0.69, -0.28, 0.24, -0.193202, -0.374476, 0.0367136
1152, 0.835, -0.34, 0.3, -0.193202, -0.374476, 0.0367136
1153, 0.545, -0.22, 0.36, -0.39234, 0, 0
1153, 0.69, -0.28, 0.36, -0.39234, 0, 0
1153, 0.835, -0.34, 0.36, -0.39234, 0, 0
1154, 0.545, -0.22, 0.54, -0.193202, 0.374476, -0.0367136
1154, 0.69, -0.28, 0.48, -0.193202, 0.374476, -0.0367136
1154, 0.835, -0.34, 0.42, -0.193202, 0.374476, -0.0367136
1155, 0.4, -0.16, 0.84, -0.251149, 0.664377, -0.0870426
1155, 0.545, -0.22, 0.72, -0.251149, 0.664377, -0.0870426
1155, 0.69, -0.28, 0.6, -0.251149, 0.664377, -0.0870426
1155, 0.835, -0.34, 0.48, -0.251149, 0.664377, -0.0870426
1156, 0.4, -0.16, 1.08, -0.314934, 0.861978, -0.145763
1156, 0.545, -0.22, 0.9, -0.314934, 0.861978, -0.145763
1156, 0.69, -0.28, 0.72, -0.314934, 0.861978, -0.145763
1156, 0.835, -0.34, 0.54, -0.314934, 0.861978, -0.145763
1157, 0.4, -0.16, 1.32, -0.35318, 0.996359, -0.193525
1157, 0.545, -0.22, 1.08, -0.35318, 0.996359, -0.193525
1157, 0.69, -0.28, 0.84, -0.35318, 0.996359, -0.193525
1157, 0.835, -0.34, 0.6, -0.35318, 0.996359, -0.193525
1158, 0.545, -0.04, 0.18, -0.601174, -0.310607, 0.0969873
1158, 0.69, -0.16, 0.24, -0.601174, -0.310607, 0.0969873
1158, 0.835, -0.28, 0.3, -0.601174, -0.310607, 0.0969873
1159, 0.545, -0.04, 0.36, -0.691337, 0, 0
1159, 0.69, -0.16, 0.36, -0.691337, 0, 0
1159, 0.835, -0.28, 0.36, -0.691337, 0, 0
1160, 0.545, -0.04, 0.54, -0.601174, 0.310607, -0.0969873
1160, 0.69, -0.16, 0.48, -0.601174, 0.310607, -0.0969873
1160, 0.835, -0.28, 0.42, -0.601174, 0.310607, -0.0969873
1161, 0.4, 0.08, 0.84, -0.583709, 0.580613, -0.179028
1161, 0.545, -0.04, 0.72, -0.583709, 0.580613, -0.179028
1161, 0.69, -0.16, 0.6, -0.583709, 0.580613, -0.179028
1161, 0.835, -0.28, 0.48, -0.583709, 0.580613, -0.179028
1162, 0.4, 0.08, 1.08, -0.617241, 0.779362, -0.260376
1162, 0.545, -0.04, 0.9, -0.617241, 0.779362, -0.260376
1162, 0.69, -0.16, 0.72, -0.617241, 0.779362, -0.260376
1162, 0.835, -0.28, 0.54, -0.617241, 0.779362, -0.260376
1163, 0.4, 0.08, 1.32, -0.648399, 0.918853, -0.329504
1163, 0.545, -0.04, 1.08, -0.648399, 0.918853, -0.329504
1163, 0.69, -0.16, 0.84, -0.648399, 0.918853, -0.329504
1163, 0.835, -0.28, 0.6, -0.648399, 0.918853, -0.329504
1164, 0.4, 0.32, 0.12, -0.870133, -0.253012, 0.118086
1164, 0.545, 0.14, 0.18, -0.870133, -0.253012, 0.118086
1164, 0.69, -0.04, 0.24, -0.870133, -0.253012, 0.118086
1164, 0.835, -0.22, 0.3, -0.870133, -0.253012, 0.118086
1165, 0.545, 0.14, 0.36, -0.892677, 0, 0
1165, 0.69, -0.04, 0.36, -0.892677, 0, 0
1165, 0.835, -0.22, 0.36, -0.892677, 0, 0
1166, 0.545, 0.14, 0.54, -0.870133, 0.253012, -0.118086
1166, 0.69, -0.04, 0.48, -0.870133, 0.253012, -0.118086
1166, 0.835, -0.22, 0.42, -0.870133, 0.253012, -0.118086
1167, 0.835, -0.22, 0.48, -0.846478, 0.492952, -0.225702
1168, 0.4, 0.32, 1.08, -0.848778, 0.688125, -0.321021
1168, 0.545, 0.14, 0.9, -0.848778, 0.688125, -0.321021
1168, 0.69, -0.04, 0.72, -0.848778, 0.688125, -0.321021
1168, 0.835, -0.22, 0.54, -0.848778, 0.688125, -0.321021
1169, 0.545, 0.14, 1.08, -0.862705, 0.830826, -0.40058
1169, 0.69, -0.04, 0.84, -0.862705, 0.830826, -0.40058
1169, 0.835, -0.22, 0.6, -0.862705, 0.830826, -0.40058
1170, 0.4, 0.56, 0.12, -1.01808, -0.227623, 0.127415
1170, 0.545, 0.32, 0.18, -1.01808, -0.227623, 0.127415
1170, 0.69, 0.08, 0.24, -1.01808, -0.227623, 0.127415
1170, 0.835, -0.16, 0.3, -1.01808, -0.227623, 0.127415
1171, 0.545, 0.32, 0.36, -1.02732, 0, 0
1171, 0.69, 0.08, 0.36, -1.02732, 0, 0
1171, 0.835, -0.16, 0.36, -1.02732, 0, 0
1172, 0.4, 0.56, 0.6, -1.01808, 0.227623, -0.127415
1172, 0.69, 0.08, 0.48, -1.01808, 0.227623, -0.127415
1172, 0.835, -0.16, 0.42, -1.01808, 0.227623, -0.127415
1173, 0.545, 0.32, 0.72, -1.00384, 0.443125, -0.245997
1173, 0.835, -0.16, 0.48, -1.00384, 0.443125, -0.245997
1174, 0.545, 0.32, 0.9, -1.00124, 0.623125, -0.348814
1175, 0.545, 0.32, 1.08, -1.00858, 0.759068, -0.433351
1175, 0.69, 0.08, 0.84, -1.00858, 0.759068, -0.433351
1175, 0.835, -0.16, 0.6, -1.00858, 0.759068, -0.433351
1176, 0.545, 0.5, 0.18, -1.11403, -0.219194, 0.13685
1176, 0.69, 0.2, 0.24, -1.11403, -0.219194, 0.13685
1176, 0.835, -0.1, 0.3, -1.11403, -0.219194, 0.13685
1177, 0.545, 0.5, 0.36, -1.12057, 0, 0
1177, 0.69, 0.2, 0.36, -1.12057, 0, 0
1177, 0.835, -0.1, 0.36, -1.12057, 0, 0
1178, 0.69, 0.2, 0.48, -1.11403, 0.219194, -0.13685
1178, 0.835, -0.1, 0.42, -1.11403, 0.219194, -0.13685
1179, 0.545, 0.5, 0.72, -1.10405, 0.419958, -0.261027
1180, 0.545, 0.5, 0.9, -1.10258, 0.584121, -0.365611
1180, 0.69, 0.2, 0.72, -1.10258, 0.584121, -0.365611
1181, 0.545, 0.5, 1.08, -1.10883, 0.708722, -0.450407
1181, 0.69, 0.2, 0.84, -1.10883, 0.708722, -0.450407
1182, 0.69, 0.32, 0.24, -1.18219, -0.217327, 0.146174
1182, 0.835, -0.04, 0.3, -1.18219, -0.217327, 0.146174
1183, 0.69, 0.32, 0.36, -1.1879, 0, 0
1183, 0.835, -0.04, 0.36, -1.1879, 0, 0
1184, 0.69, 0.32, 0.48, -1.18219, 0.217327, -0.146174
1184, 0.835, -0.04, 0.42, -1.18219, 0.217327, -0.146174
1186, 0.69, 0.32, 0.72, -1.17435, 0.561325, -0.37907
1187, 0.69, 0.32, 0.84, -1.18084, 0.674959, -0.461935
1187, 0.835, -0.04, 0.6, -1.18084, 0.674959, -0.461935
1188, 0.69, -0.64, 0.36, 0.583709, -0.580613, -0.179028
1188, 0.835, -0.52, 0.48, 0.583709, -0.580613, -0.179028
1189, 0.4, -0.88, 0.36, 0.601174, -0.310607, -0.0969873
1189, 0.545, -0.76, 0.42, 0.601174, -0.310607, -0.0969873
1189, 0.69, -0.64, 0.48, 0.601174, -0.310607, -0.0969873
1189, 0.835, -0.52, 0.54, 0.601174, -0.310607, -0.0969873
1190, 0.4, -0.88, 0.6, 0.691337, -0, 0
1190, 0.545, -0.76, 0.6, 0.691337, -0, 0
1190, 0.835, -0.52, 0.6, 0.691337, -0, 0
1192, 0.545, -0.76, 0.96, 0.583709, 0.580613, 0.179028
1192, 0.69, -0.64, 0.84, 0.583709, 0.580613, 0.179028
1193, 0.545, -0.76, 1.14, 0.617241, 0.779362, 0.260376
1193, 0.69, -0.64, 0.96, 0.617241, 0.779362, 0.260376
1193, 0.835, -0.52, 0.78, 0.617241, 0.779362, 0.260376
1194, 0.69, -0.52, 0.36, 0.251149, -0.664377, -0.0870426
1194, 0.835, -0.46, 0.48, 0.251149, -0.664377, -0.0870426
1195, 0.4, -0.64, 0.36, 0.193202, -0.374476, -0.0367136
1195, 0.545, -0.58, 0.42, 0.193202, -0.374476, -0.0367136
1195, 0.69, -0.52, 0.48, 0.193202, -0.374476, -0.0367136
1195, 0.835, -0.46, 0.54, 0.193202, -0.374476, -0.0367136
1196, 0.69, -0.52, 0.6, 0.39234, -0, 0
1196, 0.835, -0.46, 0.6, 0.39234, -0, 0
1198, 0.4, -0.64, 1.08, 0.251149, 0.664377, 0.0870426
1198, 0.545, -0.58, 0.96, 0.251149, 0.664377, 0.0870426
1198, 0.69, -0.52, 0.84, 0.251149, 0.664377, 0.0870426
1198, 0.835, -0.46, 0.72, 0.251149, 0.664377, 0.0870426
1199, 0.545, -0.58, 1.14, 0.314934, 0.861978, 0.145763
1199, 0.69, -0.52, 0.96, 0.314934, 0.861978, 0.145763
1199, 0.835, -0.46, 0.78, 0.314934, 0.861978, 0.145763
1200, 0.69, -0.4, 0.36, 0, -0.691337, 0
1200, 0.835, -0.4, 0.48, 0, -0.691337, 0
1201, 0.4, -0.4, 0.36, 0, -0.39234, 0
1201, 0.545, -0.4, 0.42, 0, -0.39234, 0
1201, 0.69, -0.4, 0.48, 0, -0.39234, 0
1201, 0.835, -0.4, 0.54, 0, -0.39234, 0
1204, 0.4, -0.4, 1.08, 0, 0.691337, 0
1204, 0.545, -0.4, 0.96, 0, 0.691337, 0
1204, 0.69, -0.4, 0.84, 0, 0.691337, 0
1204, 0.835, -0.4, 0.72, 0, 0.691337, 0
1205, 0.4, -0.4, 1.32, 0, 0.892677, 0
1205, 0.545, -0.4, 1.14, 0, 0.892677, 0
1205, 0.69, -0.4, 0.96, 0, 0.892677, 0
1205, 0.835, -0.4, 0.78, 0, 0.892677, 0
1206, 0.69, -0.28, 0.36, -0.251149, -0.664377, 0.0870426
1206, 0.835, -0.34, 0.48, -0.251149, -0.664377, 0.0870426
1207, 0.545, -0.22, 0.42, -0.193202, -0.374476, 0.0367136
1207, 0.69, -0.28, 0.48, -0.193202, -0.374476, 0.0367136
1207, 0.835, -0.34, 0.54, -0.193202, -0.374476, 0.0367136
1208, 0.545, -0.22, 0.6, -0.39234, 0, 0
1208, 0.69, -0.28, 0.6, -0.39234, 0, 0
1208, 0.835, -0.34, 0.6, -0.39234, 0, 0
1209, 0.4, -0.16, 0.84, -0.193202, 0.374476, -0.0367136
1209, 0.545, -0.22, 0.78, -0.193202, 0.374476, -0.0367136
1209, 0.835, -0.34, 0.66, -0.193202, 0.374476, -0.0367136
1210, 0.4, -0.16, 1.08, -0.251149, 0.664377, -0.0870426
1210, 0.545, -0.22, 0.96, -0.251149, 0.664377, -0.0870426
1210, 0.69, -0.28, 0.84, -0.251149, 0.664377, -0.0870426
1210, 0.835, -0.34, 0.72, -0.251149, 0.664377, -0.0870426
1211, 0.4, -0.16, 1.32, -0.314934, 0.861978, -0.145763
1211, 0.545, -0.22, 1.14, -0.314934, 0.861978, -0.145763
1211, 0.69, -0.28, 0.96, -0.314934, 0.861978, -0.145763
1211, 0.835, -0.34, 0.78, -0.314934, 0.861978, -0.145763
1212, 0.69, -0.16, 0.36, -0.583709, -0.580613, 0.179028
1212, 0.835, -0.28, 0.48, -0.583709, -0.580613, 0.179028
1213, 0.545, -0.04, 0.42, -0.601174, -0.310607, 0.0969873
1213, 0.69, -0.16, 0.48, -0.601174, -0.310607, 0.0969873
1213, 0.835, -0.28, 0.54, -0.601174, -0.310607, 0.0969873
1214, 0.545, -0.04, 0.6, -0.691337, 0, 0
1214, 0.69, -0.16, 0.6, -0.691337, 0, 0
1214, 0.835, -0.28, 0.6, -0.691337, 0, 0
1215, 0.545, -0.04, 0.78, -0.601174, 0.310607, -0.0969873
1215, 0.835, -0.28, 0.66, -0.601174, 0.310607, -0.0969873
1216, 0.4, 0.08, 1.08, -0.583709, 0.580613, -0.179028
1216, 0.545, -0.04, 0.96, -0.583709, 0.580613, -0.179028
1216, 0.69, -0.16, 0.84, -0.583709, 0.580613, -0.179028
1216, 0.835, -0.28, 0.72, -0.583709, 0.580613, -0.179028
1217, 0.4, 0.08, 1.32, -0.617241, 0.779362, -0.260376
1217, 0.545, -0.04, 1.14, -0.617241, 0.779362, -0.260376
1217, 0.69, -0.16, 0.96, -0.617241, 0.779362, -0.260376
1217, 0.835, -0.28, 0.78, -0.617241, 0.779362, -0.260376
1218, 0.69, -0.04, 0.36, -0.846478, -0.492952, 0.225702
1218, 0.835, -0.22, 0.48, -0.846478, -0.492952, 0.225702
1219, 0.4, 0.32, 0.36, -0.870133, -0.253012, 0.118086
1219, 0.545, 0.14, 0.42, -0.870133, -0.253012, 0.118086
1219, 0.69, -0.04, 0.48, -0.870133, -0.253012, 0.118086
1219, 0.835, -0.22, 0.54, -0.870133, -0.253012, 0.118086
1220, 0.545, 0.14, 0.6, -0.892677, 0, 0
1220, 0.69, -0.04, 0.6, -0.892677, 0, 0
1220, 0.835, -0.22, 0.6, -0.892677, 0, 0
1221, 0.545, 0.14, 0.78, -0.870133, 0.253012, -0.118086
1221, 0.835, -0.22, 0.66, -0.870133, 0.253012, -0.118086
1222, 0.4, 0.32, 1.08, -0.846478, 0.492952, -0.225702
1222, 0.545, 0.14, 0.96, -0.846478, 0.492952, -0.225702
1222, 0.69, -0.04, 0.84, -0.846478, 0.492952, -0.225702
1223, 0.545, 0.14, 1.14, -0.848778, 0.688125, -0.321021
1223, 0.69, -0.04, 0.96, -0.848778, 0.688125, -0.321021
1223, 0.835, -0.22, 0.78, -0.848778, 0.688125, -0.321021
1224, 0.69, 0.08, 0.36, -1.00384, -0.443125, 0.245997
1224, 0.835, -0.16, 0.48, -1.00384, -0.443125, 0.245997
1225, 0.545, 0.32, 0.42, -1.01808, -0.227623, 0.127415
1225, 0.69, 0.08, 0.48, -1.01808, -0.227623, 0.127415
1225, 0.835, -0.16, 0.54, -1.01808, -0.227623, 0.127415
1226, 0.545, 0.32, 0.6, -1.02732, 0, 0
1226, 0.69, 0.08, 0.6, -1.02732, 0, 0
1226, 0.835, -0.16, 0.6, -1.02732, 0, 0
1227, 0.545, 0.32, 0.78, -1.01808, 0.227623, -0.127415
1227, 0.835, -0.16, 0.66, -1.01808, 0.227623, -0.127415
1228, 0.545, 0.32, 0.96, -1.00384, 0.443125, -0.245997
1228, 0.835, -0.16, 0.72, -1.00384, 0.443125, -0.245997
1229, 0.545, 0.32, 1.14, -1.00124, 0.623125, -0.348814
1229, 0.69, 0.08, 0.96, -1.00124, 0.623125, -0.348814
1229, 0.835, -0.16, 0.78, -1.00124, 0.623125, -0.348814
1230, 0.69, 0.2, 0.36, -1.10405, -0.419958, 0.261027
1230, 0.835, -0.1, 0.48, -1.10405, -0.419958, 0.261027
1231, 0.545, 0.5, 0.42, -1.11403, -0.219194, 0.13685
1231, 0.69, 0.2, 0.48, -1.11403, -0.219194, 0.13685
1231, 0.835, -0.1, 0.54, -1.11403, -0.219194, 0.13685
1232, 0.545, 0.5, 0.6, -1.12057, 0, 0
1232, 0.835, -0.1, 0.6, -1.12057, 0, 0
1233, 0.545, 0.5, 0.78, -1.11403, 0.219194, -0.13685
1234, 0.545, 0.5, 0.96, -1.10405, 0.419958, -0.261027
1234, 0.69, 0.2, 0.84, -1.10405, 0.419958, -0.261027
1235, 0.69, 0.2, 0.96, -1.10258, 0.584121, -0.365611
1235, 0.835, -0.1, 0.78, -1.10258, 0.584121, -0.365611
1236, 0.69, 0.32, 0.36, -1.17432, -0.409551, 0.274671
1236, 0.835, -0.04, 0.48, -1.17432, -0.409551, 0.274671
1237, 0.69, 0.32, 0.48, -1.18219, -0.217327, 0.146174
1237, 0.835, -0.04, 0.54, -1.18219, -0.217327, 0.146174
1238, 0.835, -0.04, 0.6, -1.1879, 0, 0
1240, 0.69, 0.32, 0.84, -1.17432, 0.409551, -0.274671
1241, 0.69, 0.32, 0.96, -1.17435, 0.561325, -0.37907
1241, 0.835, -0.04, 0.78, -1.17435, 0.561325, -0.37907
1242, 0.69, -0.64, 0.48, 0.617241, -0.779362, -0.260376
1242, 0.835, -0.52, 0.66, 0.617241, -0.779362, -0.260376
1243, 0.545, -0.76, 0.48, 0.583709, -0.580613, -0.179028
1243, 0.69, -0.64, 0.6, 0.583709, -0.580613, -0.179028
1243, 0.835, -0.52, 0.72, 0.583709, -0.580613, -0.179028
1244, 0.545, -0.76, 0.66, 0.601174, -0.310607, -0.0969873
1244, 0.69, -0.64, 0.72, 0.601174, -0.310607, -0.0969873
1244, 0.835, -0.52, 0.78, 0.601174, -0.310607, -0.0969873
1245, 0.4, -0.88, 0.84, 0.691337, -0, 0
1245, 0.69, -0.64, 0.84, 0.691337, -0, 0
1245, 0.835, -0.52, 0.84, 0.691337, -0, 0
1246, 0.4, -0.88, 1.08, 0.601174, 0.310607, 0.0969873
1247, 0.69, -0.64, 1.08, 0.583709, 0.580613, 0.179028
1247, 0.835, -0.52, 0.96, 0.583709, 0.580613, 0.179028
1248, 0.69, -0.52, 0.48, 0.314934, -0.861978, -0.145763
1248, 0.835, -0.46, 0.66, 0.314934, -0.861978, -0.145763
1249, 0.545, -0.58, 0.48, 0.251149, -0.664377, -0.0870426
1249, 0.69, -0.52, 0.6, 0.251149, -0.664377, -0.0870426
1249, 0.835, -0.46, 0.72, 0.251149, -0.664377, -0.0870426
1250, 0.4, -0.64, 0.6, 0.193202, -0.374476, -0.0367136
1250, 0.545, -0.58, 0.66, 0.193202, -0.374476, -0.0367136
1250, 0.69, -0.52, 0.72, 0.193202, -0.374476, -0.0367136
1250, 0.835, -0.46, 0.78, 0.193202, -0.374476, -0.0367136
1252, 0.4, -0.64, 1.08, 0.193202, 0.374476, 0.0367136
1252, 0.69, -0.52, 0.96, 0.193202, 0.374476, 0.0367136
1252, 0.835, -0.46, 0.9, 0.193202, 0.374476, 0.0367136
1253, 0.4, -0.64, 1.32, 0.251149, 0.664377, 0.0870426
1253, 0.545, -0.58, 1.2, 0.251149, 0.664377, 0.0870426
1253, 0.69, -0.52, 1.08, 0.251149, 0.664377, 0.0870426
1253, 0.835, -0.46, 0.96, 0.251149, 0.664377, 0.0870426
1254, 0.69, -0.4, 0.48, 0, -0.892677, 0
1254, 0.835, -0.4, 0.66, 0, -0.892677, 0
1255, 0.545, -0.4, 0.48, 0, -0.691337, 0
1255, 0.69, -0.4, 0.6, 0, -0.691337, 0
1255, 0.835, -0.4, 0.72, 0, -0.691337, 0
1256, 0.4, -0.4, 0.6, 0, -0.39234, 0
1256, 0.545, -0.4, 0.66, 0, -0.39234, 0
1256, 0.69, -0.4, 0.72, 0, -0.39234, 0
1256, 0.835, -0.4, 0.78, 0, -0.39234, 0
1258, 0.4, -0.4, 1.08, 0, 0.39234, 0
1258, 0.545, -0.4, 1.02, 0, 0.39234, 0
1258, 0.69, -0.4, 0.96, 0, 0.39234, 0
1258, 0.835, -0.4, 0.9, 0, 0.39234, 0
1259, 0.4, -0.4, 1.32, 0, 0.691337, 0
1259, 0.545, -0.4, 1.2, 0, 0.691337, 0
1259, 0.69, -0.4, 1.08, 0, 0.691337, 0
1259, 0.835, -0.4, 0.96, 0, 0.691337, 0
1260, 0.69, -0.28, 0.48, -0.314934, -0.861978, 0.145763
1260, 0.835, -0.34, 0.66, -0.314934, -0.861978, 0.145763
1261, 0.545, -0.22, 0.48, -0.251149, -0.664377, 0.0870426
1261, 0.69, -0.28, 0.6, -0.251149, -0.664377, 0.0870426
1261, 0.835, -0.34, 0.72, -0.251149, -0.664377, 0.0870426
1262, 0.545, -0.22, 0.66, -0.193202, -0.374476, 0.0367136
1262, 0.69, -0.28, 0.72, -0.193202, -0.374476, 0.0367136
1262, 0.835, -0.34, 0.78, -0.193202, -0.374476, 0.0367136
1263, 0.4, -0.16, 0.84, -0.39234, 0, 0
1263, 0.545, -0.22, 0.84, -0.39234, 0, 0
1263, 0.69, -0.28, 0.84, -0.39234, 0, 0
1263, 0.835, -0.34, 0.84, -0.39234, 0, 0
1264, 0.4, -0.16, 1.08, -0.193202, 0.374476, -0.0367136
1264, 0.545, -0.22, 1.02, -0.193202, 0.374476, -0.0367136
1264, 0.69, -0.28, 0.96, -0.193202, 0.374476, -0.0367136
1264, 0.835, -0.34, 0.9, -0.193202, 0.374476, -0.0367136
1265, 0.4, -0.16, 1.32, -0.251149, 0.664377, -0.0870426
1265, 0.545, -0.22, 1.2, -0.251149, 0.664377, -0.0870426
1265, 0.69, -0.28, 1.08, -0.251149, 0.664377, -0.0870426
1265, 0.835, -0.34, 0.96, -0.251149, 0.664377, -0.0870426
1266, 0.69, -0.16, 0.48, -0.617241, -0.779362, 0.260376
1266, 0.835, -0.28, 0.66, -0.617241, -0.779362, 0.260376
1267, 0.545, -0.04, 0.48, -0.583709, -0.580613, 0.179028
1267, 0.69, -0.16, 0.6, -0.583709, -0.580613, 0.179028
1267, 0.835, -0.28, 0.72, -0.583709, -0.580613, 0.179028
1268, 0.545, -0.04, 0.66, -0.601174, -0.310607, 0.0969873
1268, 0.69, -0.16, 0.72, -0.601174, -0.310607, 0.0969873
1268, 0.835, -0.28, 0.78, -0.601174, -0.310607, 0.0969873
1269, 0.835, -0.28, 0.84, -0.691337, 0, 0
1270, 0.4, 0.08, 1.08, -0.601174, 0.310607, -0.0969873
1270, 0.545, -0.04, 1.02, -0.601174, 0.310607, -0.0969873
1270, 0.69, -0.16, 0.96, -0.601174, 0.310607, -0.0969873
1270, 0.835, -0.28, 0.9, -0.601174, 0.310607, -0.0969873
1271, 0.4, 0.08, 1.32, -0.583709, 0.580613, -0.179028
1271, 0.545, -0.04, 1.2, -0.583709, 0.580613, -0.179028
1271, 0.69, -0.16, 1.08, -0.583709, 0.580613, -0.179028
1271, 0.835, -0.28, 0.96, -0.583709, 0.580613, -0.179028
1272, 0.69, -0.04, 0.48, -0.848778, -0.688125, 0.321021
1272, 0.835, -0.22, 0.66, -0.848778, -0.688125, 0.321021
1273, 0.545, 0.14, 0.48, -0.846478, -0.492952, 0.225702
1273, 0.69, -0.04, 0.6, -0.846478, -0.492952, 0.225702
1273, 0.835, -0.22, 0.72, -0.846478, -0.492952, 0.225702
1274, 0.4, 0.32, 0.6, -0.870133, -0.253012, 0.118086
1274, 0.545, 0.14, 0.66, -0.870133, -0.253012, 0.118086
1274, 0.69, -0.04, 0.72, -0.870133, -0.253012, 0.118086
1274, 0.835, -0.22, 0.78, -0.870133, -0.253012, 0.118086
1275, 0.4, 0.32, 0.84, -0.892677, 0, 0
1275, 0.69, -0.04, 0.84, -0.892677, 0, 0
1275, 0.835, -0.22, 0.84, -0.892677, 0, 0
1276, 0.835, -0.22, 0.9, -0.870133, 0.253012, -0.118086
1277, 0.4, 0.32, 1.32, -0.846478, 0.492952, -0.225702
1277, 0.545, 0.14, 1.2, -0.846478, 0.492952, -0.225702
1277, 0.69, -0.04, 1.08, -0.846478, 0.492952, -0.225702
1277, 0.835, -0.22, 0.96, -0.846478, 0.492952, -0.225702
1278, 0.69, 0.08, 0.48, -1.00124, -0.623125, 0.348814
1278, 0.835, -0.16, 0.66, -1.00124, -0.623125, 0.348814
1279, 0.545, 0.32, 0.48, -1.00384, -0.443125, 0.245997
1279, 0.69, 0.08, 0.6, -1.00384, -0.443125, 0.245997
1279, 0.835, -0.16, 0.72, -1.00384, -0.443125, 0.245997
1280, 0.545, 0.32, 0.66, -1.01808, -0.227623, 0.127415
1280, 0.69, 0.08, 0.72, -1.01808, -0.227623, 0.127415
1280, 0.835, -0.16, 0.78, -1.01808, -0.227623, 0.127415
1281, 0.545, 0.32, 0.84, -1.02732, 0, 0
1281, 0.835, -0.16, 0.84, -1.02732, 0, 0
1282, 0.545, 0.32, 1.02, -1.01808, 0.227623, -0.127415
1282, 0.69, 0.08, 0.96, -1.01808, 0.227623, -0.127415
1282, 0.835, -0.16, 0.9, -1.01808, 0.227623, -0.127415
1283, 0.545, 0.32, 1.2, -1.00384, 0.443125, -0.245997
1283, 0.69, 0.08, 1.08, -1.00384, 0.443125, -0.245997
1283, 0.835, -0.16, 0.96, -1.00384, 0.443125, -0.245997
1284, 0.69, 0.2, 0.48, -1.10258, -0.584121, 0.365611
1284, 0.835, -0.1, 0.66, -1.10258, -0.584121, 0.365611
1285, 0.69, 0.2, 0.6, -1.10405, -0.419958, 0.261027
1285, 0.835, -0.1, 0.72, -1.10405, -0.419958, 0.261027
1286, 0.545, 0.5, 0.66, -1.11403, -0.219194, 0.13685
1286, 0.835, -0.1, 0.78, -1.11403, -0.219194, 0.13685
1287, 0.545, 0.5, 0.84, -1.12057, 0, 0
1289, 0.69, 0.2, 1.08, -1.10405, 0.419958, -0.261027
1289, 0.835, -0.1, 0.96, -1.10405, 0.419958, -0.261027
1290, 0.835, -0.04, 0.66, -1.17435, -0.561325, 0.37907
1291, 0.69, 0.32, 0.6, -1.17432, -0.409551, 0.274671
1291, 0.835, -0.04, 0.72, -1.17432, -0.409551, 0.274671
1292, 0.835, -0.04, 0.78, -1.18219, -0.217327, 0.146174
1295, 0.69, 0.32, 1.08, -1.17432, 0.409551, -0.274671
1295, 0.835, -0.04, 0.96, -1.17432, 0.409551, -0.274671
1296, 0.69, -0.64, 0.6, 0.648399, -0.918853, -0.329504
1296, 0.835, -0.52, 0.84, 0.648399, -0.918853, -0.329504
1297, 0.69, -0.64, 0.72, 0.617241, -0.779362, -0.260376
1297, 0.835, -0.52, 0.9, 0.617241, -0.779362, -0.260376
1298, 0.545, -0.76, 0.72, 0.583709, -0.580613, -0.179028
1298, 0.69, -0.64, 0.84, 0.583709, -0.580613, -0.179028
1298, 0.835, -0.52, 0.96, 0.583709, -0.580613, -0.179028
1300, 0.4, -0.88, 1.08, 0.691337, -0, 0
1300, 0.69, -0.64, 1.08, 0.691337, -0, 0
1300, 0.835, -0.52, 1.08, 0.691337, -0, 0
1301, 0.69, -0.64, 1.2, 0.601174, 0.310607, 0.0969873
1301, 0.835, -0.52, 1.14, 0.601174, 0.310607, 0.0969873
1302, 0.69, -0.52, 0.6, 0.35318, -0.996359, -0.193525
1302, 0.835, -0.46, 0.84, 0.35318, -0.996359, -0.193525
1303, 0.545, -0.58, 0.54, 0.314934, -0.861978, -0.145763
1303, 0.69, -0.52, 0.72, 0.314934, -0.861978, -0.145763
1303, 0.835, -0.46, 0.9, 0.314934, -0.861978, -0.145763
1304, 0.4, -0.64, 0.6, 0.251149, -0.664377, -0.0870426
1304, 0.545, -0.58, 0.72, 0.251149, -0.664377, -0.0870426
1304, 0.69, -0.52, 0.84, 0.251149, -0.664377, -0.0870426
1304, 0.835, -0.46, 0.96, 0.251149, -0.664377, -0.0870426
1305, 0.69, -0.52, 0.96, 0.193202, -0.374476, -0.0367136
1306, 0.69, -0.52, 1.08, 0.39234, -0, 0
1307, 0.4, -0.64, 1.32, 0.193202, 0.374476, 0.0367136
1307, 0.545, -0.58, 1.26, 0.193202, 0.374476, 0.0367136
1307, 0.69, -0.52, 1.2, 0.193202, 0.374476, 0.0367136
1307, 0.835, -0.46, 1.14, 0.193202, 0.374476, 0.0367136
1308, 0.69, -0.4, 0.6, 0, -1.02732, 0
1308, 0.835, -0.4, 0.84, 0, -1.02732, 0
1309, 0.545, -0.4, 0.54, 0, -0.892677, 0
1309, 0.69, -0.4, 0.72, 0, -0.892677, 0
1309, 0.835, -0.4, 0.9, 0, -0.892677, 0
1310, 0.4, -0.4, 0.6, 0, -0.691337, 0
1310, 0.545, -0.4, 0.72, 0, -0.691337, 0
1310, 0.69, -0.4, 0.84, 0, -0.691337, 0
1310, 0.835, -0.4, 0.96, 0, -0.691337, 0
1311, 0.4, -0.4, 0.84, 0, -0.39234, 0
1311, 0.545, -0.4, 0.9, 0, -0.39234, 0
1311, 0.69, -0.4, 0.96, 0, -0.39234, 0
1311, 0.835, -0.4, 1.02, 0, -0.39234, 0
1313, 0.4, -0.4, 1.32, 0, 0.39234, 0
1313, 0.545, -0.4, 1.26, 0, 0.39234, 0
1313, 0.69, -0.4, 1.2, 0, 0.39234, 0
1313, 0.835, -0.4, 1.14, 0, 0.39234, 0
1314, 0.69, -0.28, 0.6, -0.35318, -0.996359, 0.193525
1314, 0.835, -0.34, 0.84, -0.35318, -0.996359, 0.193525
1315, 0.545, -0.22, 0.54, -0.314934, -0.861978, 0.145763
1315, 0.69, -0.28, 0.72, -0.314934, -0.861978, 0.145763
1315, 0.835, -0.34, 0.9, -0.314934, -0.861978, 0.145763
1316, 0.545, -0.22, 0.72, -0.251149, -0.664377, 0.0870426
1316, 0.69, -0.28, 0.84, -0.251149, -0.664377, 0.0870426
1316, 0.835, -0.34, 0.96, -0.251149, -0.664377, 0.0870426
1317, 0.4, -0.16, 0.84, -0.193202, -0.374476, 0.0367136
1317, 0.545, -0.22, 0.9, -0.193202, -0.374476, 0.0367136
1317, 0.69, -0.28, 0.96, -0.193202, -0.374476, 0.0367136
1317, 0.835, -0.34, 1.02, -0.193202, -0.374476, 0.0367136
1318, 0.4, -0.16, 1.08, -0.39234, 0, 0
1318, 0.545, -0.22, 1.08, -0.39234, 0, 0
1318, 0.69, -0.28, 1.08, -0.39234, 0, 0
1318, 0.835, -0.34, 1.08, -0.39234, 0, 0
1319, 0.4, -0.16, 1.32, -0.193202, 0.374476, -0.0367136
1319, 0.545, -0.22, 1.26, -0.193202, 0.374476, -0.0367136
1319, 0.69, -0.28, 1.2, -0.193202, 0.374476, -0.0367136
1319, 0.835, -0.34, 1.14, -0.193202, 0.374476, -0.0367136
1320, 0.69, -0.16, 0.6, -0.648399, -0.918853, 0.329504
1320, 0.835, -0.28, 0.84, -0.648399, -0.918853, 0.329504
1321, 0.545, -0.04, 0.54, -0.617241, -0.779362, 0.260376
1321, 0.69, -0.16, 0.72, -0.617241, -0.779362, 0.260376
1321, 0.835, -0.28, 0.9, -0.617241, -0.779362, 0.260376
1322, 0.545, -0.04, 0.72, -0.583709, -0.580613, 0.179028
1322, 0.69, -0.16, 0.84, -0.583709, -0.580613, 0.179028
1322, 0.835, -0.28, 0.96, -0.583709, -0.580613, 0.179028
1323, 0.4, 0.08, 0.84, -0.601174, -0.310607, 0.0969873
1323, 0.545, -0.04, 0.9, -0.601174, -0.310607, 0.0969873
1323, 0.69, -0.16, 0.96, -0.601174, -0.310607, 0.0969873
1323, 0.835, -0.28, 1.02, -0.601174, -0.310607, 0.0969873
1324, 0.835, -0.28, 1.08, -0.691337, 0, 0
1325, 0.4, 0.08, 1.32, -0.601174, 0.310607, -0.0969873
1325, 0.545, -0.04, 1.26, -0.601174, 0.310607, -0.0969873
1325, 0.69, -0.16, 1.2, -0.601174, 0.310607, -0.0969873
1325, 0.835, -0.28, 1.14, -0.601174, 0.310607, -0.0969873
1326, 0.69, -0.04, 0.6, -0.862705, -0.830826, 0.40058
1326, 0.835, -0.22, 0.84, -0.862705, -0.830826, 0.40058
1327, 0.545, 0.14, 0.54, -0.848778, -0.688125, 0.321021
1327, 0.69, -0.04, 0.72, -0.848778, -0.688125, 0.321021
1327, 0.835, -0.22, 0.9, -0.848778, -0.688125, 0.321021
1328, 0.4, 0.32, 0.6, -0.846478, -0.492952, 0.225702
1328, 0.545, 0.14, 0.72, -0.846478, -0.492952, 0.225702
1328, 0.69, -0.04, 0.84, -0.846478, -0.492952, 0.225702
1328, 0.835, -0.22, 0.96, -0.846478, -0.492952, 0.225702
1329, 0.69, -0.04, 0.96, -0.870133, -0.253012, 0.118086
1330, 0.69, -0.04, 1.08, -0.892677, 0, 0
1330, 0.835, -0.22, 1.08, -0.892677, 0, 0
1331, 0.4, 0.32, 1.32, -0.870133, 0.253012, -0.118086
1331, 0.545, 0.14, 1.26, -0.870133, 0.253012, -0.118086
1331, 0.69, -0.04, 1.2, -0.870133, 0.253012, -0.118086
1331, 0.835, -0.22, 1.14, -0.870133, 0.253012, -0.118086
1332, 0.69, 0.08, 0.6, -1.00858, -0.759068, 0.433351
1332, 0.835, -0.16, 0.84, -1.00858, -0.759068, 0.433351
1333, 0.69, 0.08, 0.72, -1.00124, -0.623125, 0.348814
1333, 0.835, -0.16, 0.9, -1.00124, -0.623125, 0.348814
1334, 0.545, 0.32, 0.72, -1.00384, -0.443125, 0.245997
1334, 0.69, 0.08, 0.84, -1.00384, -0.443125, 0.245997
1334, 0.835, -0.16, 0.96, -1.00384, -0.443125, 0.245997
1335, 0.69, 0.08, 0.96, -1.01808, -0.227623, 0.127415
1335, 0.835, -0.16, 1.02, -1.01808, -0.227623, 0.127415
1336, 0.545, 0.32, 1.08, -1.02732, 0, 0
1336, 0.835, -0.16, 1.08, -1.02732, 0, 0
1337, 0.545, 0.32, 1.26, -1.01808, 0.227623, -0.127415
1337, 0.69, 0.08, 1.2, -1.01808, 0.227623, -0.127415
1337, 0.835, -0.16, 1.14, -1.01808, 0.227623, -0.127415
1338, 0.69, 0.2, 0.6, -1.10883, -0.708722, 0.450407
1338, 0.835, -0.1, 0.84, -1.10883, -0.708722, 0.450407
1339, 0.69, 0.2, 0.72, -1.10258, -0.584121, 0.365611
1339, 0.835, -0.1, 0.9, -1.10258, -0.584121, 0.365611
1340, 0.69, 0.2, 0.84, -1.10405, -0.419958, 0.261027
1340, 0.835, -0.1, 0.96, -1.10405, -0.419958, 0.261027
1341, 0.545, 0.5, 0.9, -1.11403, -0.219194, 0.13685
1341, 0.835, -0.1, 1.02, -1.11403, -0.219194, 0.13685
1342, 0.69, 0.2, 1.08, -1.12057, 0, 0
1343, 0.545, 0.5, 1.26, -1.11403, 0.219194, -0.13685
1343, 0.69, 0.2, 1.2, -1.11403, 0.219194, -0.13685
1343, 0.835, -0.1, 1.14, -1.11403, 0.219194, -0.13685
1344, 0.835, -0.04, 0.84, -1.18084, -0.674959, 0.461935
1345, 0.69, 0.32, 0.72, -1.17435, -0.561325, 0.37907
1345, 0.835, -0.04, 0.9, -1.17435, -0.561325, 0.37907
1346, 0.835, -0.04, 0.96, -1.17432, -0.409551, 0.274671
1348, 0.69, 0.32, 1.08, -1.1879, 0, 0
1349, 0.69, 0.32, 1.2, -1.18219, 0.217327, -0.146174
1349, 0.835, -0.04, 1.14, -1.18219, 0.217327, -0.146174
1350, 0.69, -0.64, 0.72, 0.667608, -1.01923, -0.382855
1350, 0.835, -0.52, 1.02, 0.667608, -1.01923, -0.382855
1351, 0.69, -0.64, 0.84, 0.648399, -0.918853, -0.329504
1351, 0.835, -0.52, 1.08, 0.648399, -0.918853, -0.329504
1352, 0.545, -0.76, 0.78, 0.617241, -0.779362, -0.260376
1352, 0.69, -0.64, 0.96, 0.617241, -0.779362, -0.260376
1352, 0.835, -0.52, 1.14, 0.617241, -0.779362, -0.260376
1353, 0.545, -0.76, 0.96, 0.583709, -0.580613, -0.179028
1353, 0.69, -0.64, 1.08, 0.583709, -0.580613, -0.179028
1353, 0.835, -0.52, 1.2, 0.583709, -0.580613, -0.179028
1356, 0.69, -0.52, 0.72, 0.372169, -1.09132, -0.227619
1356, 0.835, -0.46, 1.02, 0.372169, -1.09132, -0.227619
1357, 0.545, -0.58, 0.6, 0.35318, -0.996359, -0.193525
1357, 0.69, -0.52, 0.84, 0.35318, -0.996359, -0.193525
1357, 0.835, -0.46, 1.08, 0.35318, -0.996359, -0.193525
1358, 0.4, -0.64, 0.6, 0.314934, -0.861978, -0.145763
1358, 0.545, -0.58, 0.78, 0.314934, -0.861978, -0.145763
1358, 0.69, -0.52, 0.96, 0.314934, -0.861978, -0.145763
1358, 0.835, -0.46, 1.14, 0.314934, -0.861978, -0.145763
1359, 0.4, -0.64, 0.84, 0.251149, -0.664377, -0.0870426
1359, 0.545, -0.58, 0.96, 0.251149, -0.664377, -0.0870426
1359, 0.69, -0.52, 1.08, 0.251149, -0.664377, -0.0870426
1359, 0.835, -0.46, 1.2, 0.251149, -0.664377, -0.0870426
1360, 0.835, -0.46, 1.26, 0.193202, -0.374476, -0.0367136
1362, 0.69, -0.4, 0.72, 0, -1.12057, 0
1362, 0.835, -0.4, 1.02, 0, -1.12057, 0
1363, 0.545, -0.4, 0.6, 0, -1.02732, 0
1363, 0.69, -0.4, 0.84, 0, -1.02732, 0
1363, 0.835, -0.4, 1.08, 0, -1.02732, 0
1364, 0.4, -0.4, 0.6, 0, -0.892677, 0
1364, 0.545, -0.4, 0.78, 0, -0.892677, 0
1364, 0.69, -0.4, 0.96, 0, -0.892677, 0
1364, 0.835, -0.4, 1.14, 0, -0.892677, 0
1365, 0.4, -0.4, 0.84, 0, -0.691337, 0
1365, 0.545, -0.4, 0.96, 0, -0.691337, 0
1365, 0.69, -0.4, 1.08, 0, -0.691337, 0
1365, 0.835, -0.4, 1.2, 0, -0.691337, 0
1366, 0.835, -0.4, 1.26, 0, -0.39234, 0
1368, 0.69, -0.28, 0.72, -0.372169, -1.09132, 0.227619
1368, 0.835, -0.34, 1.02, -0.372169, -1.09132, 0.227619
1369, 0.545, -0.22, 0.6, -0.35318, -0.996359, 0.193525
1369, 0.69, -0.28, 0.84, -0.35318, -0.996359, 0.193525
1369, 0.835, -0.34, 1.08, -0.35318, -0.996359, 0.193525
1370, 0.545, -0.22, 0.78, -0.314934, -0.861978, 0.145763
1370, 0.69, -0.28, 0.96, -0.314934, -0.861978, 0.145763
1370, 0.835, -0.34, 1.14, -0.314934, -0.861978, 0.145763
1371, 0.4, -0.16, 0.84, -0.251149, -0.664377, 0.0870426
1371, 0.545, -0.22, 0.96, -0.251149, -0.664377, 0.0870426
1371, 0.69, -0.28, 1.08, -0.251149, -0.664377, 0.0870426
1371, 0.835, -0.34, 1.2, -0.251149, -0.664377, 0.0870426
1372, 0.4, -0.16, 1.08, -0.193202, -0.374476, 0.0367136
1372, 0.835, -0.34, 1.26, -0.193202, -0.374476, 0.0367136
1373, 0.4, -0.16, 1.32, -0.39234, 0, 0
1373, 0.545, -0.22, 1.32, -0.39234, 0, 0
1373, 0.69, -0.28, 1.32, -0.39234, 0, 0
1374, 0.69, -0.16, 0.72, -0.667608, -1.01923, 0.382855
1374, 0.835, -0.28, 1.02, -0.667608, -1.01923, 0.382855
1375, 0.545, -0.04, 0.6, -0.648399, -0.918853, 0.329504
1375, 0.69, -0.16, 0.84, -0.648399, -0.918853, 0.329504
1375, 0.835, -0.28, 1.08, -0.648399, -0.918853, 0.329504
1376, 0.545, -0.04, 0.78, -0.617241, -0.779362, 0.260376
1376, 0.69, -0.16, 0.96, -0.617241, -0.779362, 0.260376
1376, 0.835, -0.28, 1.14, -0.617241, -0.779362, 0.260376
1377, 0.4, 0.08, 0.84, -0.583709, -0.580613, 0.179028
1377, 0.545, -0.04, 0.96, -0.583709, -0.580613, 0.179028
1377, 0.69, -0.16, 1.08, -0.583709, -0.580613, 0.179028
1377, 0.835, -0.28, 1.2, -0.583709, -0.580613, 0.179028
1378, 0.69, -0.16, 1.2, -0.601174, -0.310607, 0.0969873
1379, 0.4, 0.08, 1.32, -0.691337, 0, 0
1379, 0.545, -0.04, 1.32, -0.691337, 0, 0
1379, 0.69, -0.16, 1.32, -0.691337, 0, 0
1379, 0.835, -0.28, 1.32, -0.691337, 0, 0
1380, 0.69, -0.04, 0.72, -0.875401, -0.935061, 0.464017
1380, 0.835, -0.22, 1.02, -0.875401, -0.935061, 0.464017
1381, 0.545, 0.14, 0.6, -0.862705, -0.830826, 0.40058
1381, 0.69, -0.04, 0.84, -0.862705, -0.830826, 0.40058
1381, 0.835, -0.22, 1.08, -0.862705, -0.830826, 0.40058
1382, 0.545, 0.14, 0.78, -0.848778, -0.688125, 0.321021
1382, 0.69, -0.04, 0.96, -0.848778, -0.688125, 0.321021
1382, 0.835, -0.22, 1.14, -0.848778, -0.688125, 0.321021
1383, 0.69, -0.04, 1.08, -0.846478, -0.492952, 0.225702
1384, 0.4, 0.32, 1.08, -0.870133, -0.253012, 0.118086
1384, 0.545, 0.14, 1.14, -0.870133, -0.253012, 0.118086
1384, 0.835, -0.22, 1.26, -0.870133, -0.253012, 0.118086
1385, 0.4, 0.32, 1.32, -0.892677, 0, 0
1385, 0.545, 0.14, 1.32, -0.892677, 0, 0
1385, 0.69, -0.04, 1.32, -0.892677, 0, 0
1385, 0.835, -0.22, 1.32, -0.892677, 0, 0
1386, 0.69, 0.08, 0.72, -1.01766, -0.860773, 0.501404
1386, 0.835, -0.16, 1.02, -1.01766, -0.860773, 0.501404
1387, 0.69, 0.08, 0.84, -1.00858, -0.759068, 0.433351
1387, 0.835, -0.16, 1.08, -1.00858, -0.759068, 0.433351
1388, 0.545, 0.32, 0.78, -1.00124, -0.623125, 0.348814
1388, 0.69, 0.08, 0.96, -1.00124, -0.623125, 0.348814
1388, 0.835, -0.16, 1.14, -1.00124, -0.623125, 0.348814
1389, 0.835, -0.16, 1.2, -1.00384, -0.443125, 0.245997
1390, 0.4, 0.56, 1.08, -1.01808, -0.227623, 0.127415
1390, 0.545, 0.32, 1.14, -1.01808, -0.227623, 0.127415
1390, 0.69, 0.08, 1.2, -1.01808, -0.227623, 0.127415
1390, 0.835, -0.16, 1.26, -1.01808, -0.227623, 0.127415
1391, 0.69, 0.08, 1.32, -1.02732, 0, 0
1391, 0.835, -0.16, 1.32, -1.02732, 0, 0
1392, 0.69, 0.2, 0.72, -1.11693, -0.803431, 0.518897
1392, 0.835, -0.1, 1.02, -1.11693, -0.803431, 0.518897
1393, 0.69, 0.2, 0.84, -1.10883, -0.708722, 0.450407
1393, 0.835, -0.1, 1.08, -1.10883, -0.708722, 0.450407
1394, 0.69, 0.2, 0.96, -1.10258, -0.584121, 0.365611
1394, 0.835, -0.1, 1.14, -1.10258, -0.584121, 0.365611
1395, 0.545, 0.5, 0.96, -1.10405, -0.419958, 0.261027
1395, 0.69, 0.2, 1.08, -1.10405, -0.419958, 0.261027
1396, 0.545, 0.5, 1.14, -1.11403, -0.219194, 0.13685
1396, 0.69, 0.2, 1.2, -1.11403, -0.219194, 0.13685
1397, 0.69, 0.2, 1.32, -1.12057, 0, 0
1397, 0.835, -0.1, 1.32, -1.12057, 0, 0
1398, 0.69, 0.32, 0.72, -1.18887, -0.761523, 0.528541
1398, 0.835, -0.04, 1.02, -1.18887, -0.761523, 0.528541
1399, 0.69, 0.32, 0.84, -1.18084, -0.674959, 0.461935
1399, 0.835, -0.04, 1.08, -1.18084, -0.674959, 0.461935
1400, 0.69, 0.32, 0.96, -1.17435, -0.561325, 0.37907
1400, 0.835, -0.04, 1.14, -1.17435, -0.561325, 0.37907
1401, 0.69, 0.32, 1.08, -1.17432, -0.409551, 0.274671
1402, 0.69, 0.32, 1.2, -1.18219, -0.217327, 0.146174
1403, 0.835, -0.04, 1.32, -1.1879, 0, 0
1404, 0.69, -0.64, 0.84, 0.678124, -1.09455, -0.423383
1404, 0.835, -0.52, 1.2, 0.678124, -1.09455, -0.423383
1405, 0.69, -0.64, 0.96, 0.667608, -1.01923, -0.382855
1406, 0.545, -0.76, 0.84, 0.648399, -0.918853, -0.329504
1406, 0.69, -0.64, 1.08, 0.648399, -0.918853, -0.329504
1410, 0.69, -0.52, 0.84, 0.381364, -1.16106, -0.251882
1410, 0.835, -0.46, 1.2, 0.381364, -1.16106, -0.251882
1411, 0.545, -0.58, 0.66, 0.372169, -1.09132, -0.227619
1411, 0.69, -0.52, 0.96, 0.372169, -1.09132, -0.227619
1411, 0.835, -0.46, 1.26, 0.372169, -1.09132, -0.227619
1412, 0.545, -0.58, 0.84, 0.35318, -0.996359, -0.193525
1412, 0.69, -0.52, 1.08, 0.35318, -0.996359, -0.193525
1413, 0.4, -0.64, 0.84, 0.314934, -0.861978, -0.145763
1413, 0.545, -0.58, 1.02, 0.314934, -0.861978, -0.145763
1413, 0.69, -0.52, 1.2, 0.314934, -0.861978, -0.145763
1414, 0.4, -0.64, 1.08, 0.251149, -0.664377, -0.0870426
1414, 0.545, -0.58, 1.2, 0.251149, -0.664377, -0.0870426
1416, 0.69, -0.4, 0.84, 0, -1.1879, 0
1416, 0.835, -0.4, 1.2, 0, -1.1879, 0
1417, 0.545, -0.4, 0.66, 0, -1.12057, 0
1417, 0.69, -0.4, 0.96, 0, -1.12057, 0
1417, 0.835, -0.4, 1.26, 0, -1.12057, 0
1418, 0.4, -0.4, 0.6, 0, -1.02732, 0
1418, 0.545, -0.4, 0.84, 0, -1.02732, 0
1418, 0.69, -0.4, 1.08, 0, -1.02732, 0
1419, 0.4, -0.4, 0.84, 0, -0.892677, 0
1419, 0.545, -0.4, 1.02, 0, -0.892677, 0
1419, 0.69, -0.4, 1.2, 0, -0.892677, 0
1420, 0.4, -0.4, 1.08, 0, -0.691337, 0
1420, 0.545, -0.4, 1.2, 0, -0.691337, 0
1420, 0.69, -0.4, 1.32, 0, -0.691337, 0
1421, 0.545, -0.4, 1.38, 0, -0.39234, 0
1422, 0.69, -0.28, 0.84, -0.381364, -1.16106, 0.251882
1422, 0.835, -0.34, 1.2, -0.381364, -1.16106, 0.251882
1423, 0.545, -0.22, 0.66, -0.372169, -1.09132, 0.227619
1423, 0.69, -0.28, 0.96, -0.372169, -1.09132, 0.227619
1423, 0.835, -0.34, 1.26, -0.372169, -1.09132, 0.227619
1424, 0.545, -0.22, 0.84, -0.35318, -0.996359, 0.193525
1424, 0.69, -0.28, 1.08, -0.35318, -0.996359, 0.193525
1424, 0.835, -0.34, 1.32, -0.35318, -0.996359, 0.193525
1425, 0.4, -0.16, 0.84, -0.314934, -0.861978, 0.145763
1425, 0.545, -0.22, 1.02, -0.314934, -0.861978, 0.145763
1425, 0.69, -0.28, 1.2, -0.314934, -0.861978, 0.145763
1426, 0.4, -0.16, 1.08, -0.251149, -0.664377, 0.0870426
1426, 0.545, -0.22, 1.2, -0.251149, -0.664377, 0.0870426
1426, 0.69, -0.28, 1.32, -0.251149, -0.664377, 0.0870426
1427, 0.4, -0.16, 1.32, -0.193202, -0.374476, 0.0367136
1427, 0.545, -0.22, 1.38, -0.193202, -0.374476, 0.0367136
1427, 0.69, -0.28, 1.44, -0.193202, -0.374476, 0.0367136
1428, 0.69, -0.16, 0.84, -0.678124, -1.09455, 0.423383
1428, 0.835, -0.28, 1.2, -0.678124, -1.09455, 0.423383
1429, 0.545, -0.04, 0.66, -0.667608, -1.01923, 0.382855
1429, 0.69, -0.16, 0.96, -0.667608, -1.01923, 0.382855
1429, 0.835, -0.28, 1.26, -0.667608, -1.01923, 0.382855
1430, 0.545, -0.04, 0.84, -0.648399, -0.918853, 0.329504
1430, 0.69, -0.16, 1.08, -0.648399, -0.918853, 0.329504
1430, 0.835, -0.28, 1.32, -0.648399, -0.918853, 0.329504
1431, 0.4, 0.08, 0.84, -0.617241, -0.779362, 0.260376
1431, 0.545, -0.04, 1.02, -0.617241, -0.779362, 0.260376
1431, 0.69, -0.16, 1.2, -0.617241, -0.779362, 0.260376
1432, 0.4, 0.08, 1.08, -0.583709, -0.580613, 0.179028
1432, 0.545, -0.04, 1.2, -0.583709, -0.580613, 0.179028
1432, 0.69, -0.16, 1.32, -0.583709, -0.580613, 0.179028
1433, 0.4, 0.08, 1.32, -0.601174, -0.310607, 0.0969873
1433, 0.545, -0.04, 1.38, -0.601174, -0.310607, 0.0969873
1433, 0.69, -0.16, 1.44, -0.601174, -0.310607, 0.0969873
1434, 0.69, -0.04, 0.84, -0.883708, -1.01459, 0.514211
1434, 0.835, -0.22, 1.2, -0.883708, -1.01459, 0.514211
1435, 0.545, 0.14, 0.66, -0.875401, -0.935061, 0.464017
1435, 0.69, -0.04, 0.96, -0.875401, -0.935061, 0.464017
1435, 0.835, -0.22, 1.26, -0.875401, -0.935061, 0.464017
1436, 0.545, 0.14, 0.84, -0.862705, -0.830826, 0.40058
1436, 0.69, -0.04, 1.08, -0.862705, -0.830826, 0.40058
1436, 0.835, -0.22, 1.32, -0.862705, -0.830826, 0.40058
1437, 0.4, 0.32, 0.84, -0.848778, -0.688125, 0.321021
1437, 0.545, 0.14, 1.02, -0.848778, -0.688125, 0.321021
1437, 0.69, -0.04, 1.2, -0.848778, -0.688125, 0.321021
1438, 0.545, 0.14, 1.2, -0.846478, -0.492952, 0.225702
1439, 0.545, 0.14, 1.38, -0.870133, -0.253012, 0.118086
1439, 0.69, -0.04, 1.44, -0.870133, -0.253012, 0.118086
1440, 0.69, 0.08, 0.84, -1.02447, -0.940021, 0.556455
1440, 0.835, -0.16, 1.2, -1.02447, -0.940021, 0.556455
1441, 0.69, 0.08, 0.96, -1.01766, -0.860773, 0.501404
1441, 0.835, -0.16, 1.26, -1.01766, -0.860773, 0.501404
1442, 0.545, 0.32, 0.84, -1.00858, -0.759068, 0.433351
1442, 0.69, 0.08, 1.08, -1.00858, -0.759068, 0.433351
1442, 0.835, -0.16, 1.32, -1.00858, -0.759068, 0.433351
1443, 0.545, 0.32, 1.02, -1.00124, -0.623125, 0.348814
1443, 0.69, 0.08, 1.2, -1.00124, -0.623125, 0.348814
1444, 0.69, 0.08, 1.32, -1.00384, -0.443125, 0.245997
1445, 0.545, 0.32, 1.38, -1.01808, -0.227623, 0.127415
1445, 0.69, 0.08, 1.44, -1.01808, -0.227623, 0.127415
1446, 0.69, 0.2, 0.84, -1.12342, -0.878604, 0.575092
1446, 0.835, -0.1, 1.2, -1.12342, -0.878604, 0.575092
1447, 0.69, 0.2, 0.96, -1.11693, -0.803431, 0.518897
1447, 0.835, -0.1, 1.26, -1.11693, -0.803431, 0.518897
1448, 0.545, 0.5, 0.84, -1.10883, -0.708722, 0.450407
1448, 0.69, 0.2, 1.08, -1.10883, -0.708722, 0.450407
1449, 0.545, 0.5, 1.02, -1.10258, -0.584121, 0.365611
1449, 0.69, 0.2, 1.2, -1.10258, -0.584121, 0.365611
1452, 0.69, 0.32, 0.84, -1.19552, -0.830912, 0.583548
1452, 0.835, -0.04, 1.2, -1.19552, -0.830912, 0.583548
1453, 0.69, 0.32, 0.96, -1.18887, -0.761523, 0.528541
1453, 0.835, -0.04, 1.26, -1.18887, -0.761523, 0.528541
1454, 0.69, 0.32, 1.08, -1.18084, -0.674959, 0.461935
1454, 0.835, -0.04, 1.32, -1.18084, -0.674959, 0.461935
1455, 0.545, 0.68, 1.02, -1.17435, -0.561325, 0.37907
1455, 0.69, 0.32, 1.2, -1.17435, -0.561325, 0.37907
1456, 0.69, 0.32, 1.32, -1.17432, -0.409551, 0.274671
1460, 0.05, -0.4, 1.455, 0, -0.112427, 0
1461, 0.05, -0.28, 1.455, -0.0566011, -0.111995, 0.00317368
1462, 0.05, -0.16, 1.455, -0.202501, -0.111014, 0.0112903
1463, 0.05, -0.04, 1.455, -0.346229, -0.111014, 0.0194318
1463, 0.515, -0.22, 1.5075, -0.346229, -0.111014, 0.0194318
1465, -0.235, -0.58, 1.4025, 0.0651396, -0.128205, -0.00418282
1465, 0.17, -0.52, 1.455, 0.0651396, -0.128205, -0.00418282
1466, -0.235, -0.4, 1.4025, 0, -0.128911, 0
1466, 0.17, -0.4, 1.455, 0, -0.128911, 0
1467, -0.235, -0.22, 1.4025, -0.0651396, -0.128205, 0.00418282
1467, 0.17, -0.28, 1.455, -0.0651396, -0.128205, 0.00418282
1468, -0.235, -0.04, 1.4025, -0.232152, -0.126138, 0.014727
1468, 0.17, -0.16, 1.455, -0.232152, -0.126138, 0.014727
1469, 0.17, -0.04, 1.455, -0.393349, -0.124629, 0.0248633
1471, -0.4, -0.64, 1.35, 0.0767458, -0.149807, -0.00576213
1471, 0.29, -0.52, 1.455, 0.0767458, -0.149807, -0.00576213
1472, -0.055, -0.4, 1.4025, 0, -0.151015, 0
1472, 0.29, -0.4, 1.455, 0, -0.151015, 0
1473, -0.055, -0.22, 1.4025, -0.0767458, -0.149807, 0.00576213
1473, 0.29, -0.28, 1.455, -0.0767458, -0.149807, 0.00576213
1474, -0.055, -0.04, 1.4025, -0.271847, -0.145707, 0.0199626
1474, 0.29, -0.16, 1.455, -0.271847, -0.145707, 0.0199626
1475, -0.055, 0.14, 1.4025, -0.454389, -0.141426, 0.0327473
1475, 0.29, -0.04, 1.455, -0.454389, -0.141426, 0.0327473
1477, 0.125, -0.58, 1.4025, 0.0934595, -0.179944, -0.00843759
1477, 0.41, -0.52, 1.455, 0.0934595, -0.179944, -0.00843759
1478, 0.125, -0.4, 1.4025, 0, -0.182168, 0
1478, 0.41, -0.4, 1.455, 0, -0.182168, 0
1479, -0.16, -0.16, 1.35, -0.0934595, -0.179944, 0.00843759
1479, 0.125, -0.22, 1.4025, -0.0934595, -0.179944, 0.00843759
1479, 0.41, -0.28, 1.455, -0.0934595, -0.179944, 0.00843759
1480, 0.125, -0.04, 1.4025, -0.327578, -0.171723, 0.0284485
1480, 0.41, -0.16, 1.455, -0.327578, -0.171723, 0.0284485
1481, 0.125, 0.14, 1.4025, -0.535867, -0.162154, 0.0446073
1481, 0.41, -0.04, 1.455, -0.535867, -0.162154, 0.0446073
1484, 0.305, -0.4, 1.4025, 0, -0.229232, 0
1484, 0.53, -0.4, 1.455, 0, -0.229232, 0
1485, 0.08, -0.16, 1.35, -0.119668, -0.22465, 0.0135144
1485, 0.305, -0.22, 1.4025, -0.119668, -0.22465, 0.0135144
1485, 0.53, -0.28, 1.455, -0.119668, -0.22465, 0.0135144
1486, 0.08, 0.08, 1.35, -0.410958, -0.207099, 0.0433119
1486, 0.305, -0.04, 1.4025, -0.410958, -0.207099, 0.0433119
1486, 0.53, -0.16, 1.455, -0.410958, -0.207099, 0.0433119
1487, 0.08, 0.32, 1.35, -0.648213, -0.187041, 0.063
1487, 0.305, 0.14, 1.4025, -0.648213, -0.187041, 0.063
1487, 0.53, -0.04, 1.455, -0.648213, -0.187041, 0.063
1489, 0.485, -0.58, 1.4025, 0.16684, -0.29675, -0.0249948
1491, 0.32, -0.16, 1.35, -0.16684, -0.29675, 0.0249948
1491, 0.485, -0.22, 1.4025, -0.16684, -0.29675, 0.0249948
1491, 0.65, -0.28, 1.455, -0.16684, -0.29675, 0.0249948
1492, 0.32, 0.08, 1.35, -0.546699, -0.254588, 0.0717354
1492, 0.485, -0.04, 1.4025, -0.546699, -0.254588, 0.0717354
1492, 0.65, -0.16, 1.455, -0.546699, -0.254588, 0.0717354
1493, 0.485, 0.14, 1.4025, -0.807412, -0.213669, 0.0915575
1493, 0.65, -0.04, 1.455, -0.807412, -0.213669, 0.0915575
1495, 0.56, -0.64, 1.35, 0.276448, -0.425365, -0.0600637
1496, 0.665, -0.4, 1.4025, 0, -0.463648, 0
1497, 0.56, -0.16, 1.35, -0.276448, -0.425365, 0.0600637
1497, 0.665, -0.22, 1.4025, -0.276448, -0.425365, 0.0600637
1498, 0.56, 0.08, 1.35, -0.789226, -0.305204, 0.127926
1498, 0.665, -0.04, 1.4025, -0.789226, -0.305204, 0.127926
1499, 0.665, 0.14, 1.4025, -1.03244, -0.231682, 0.131892
1503, 0.8, -0.16, 1.35, -0.705514, -0.611535, 0.231391
1512, 0.69, -0.64, 0.96, 0.68377, -1.15293, -0.454708
1513, 0.545, -0.76, 0.72, 0.678124, -1.09455, -0.423383
1513, 0.69, -0.64, 1.08, 0.678124, -1.09455, -0.423383
1514, 0.545, -0.76, 0.9, 0.667608, -1.01923, -0.382855
1514, 0.69, -0.64, 1.2, 0.667608, -1.01923, -0.382855
1515, 0.545, -0.76, 1.08, 0.648399, -0.918853, -0.329504
1516, 0.4, -0.88, 1.08, 0.617241, -0.779362, -0.260376
1518, 0.69, -0.52, 0.96, 0.385996, -1.21397, -0.269782
1519, 0.545, -0.58, 0.72, 0.381364, -1.16106, -0.251882
1519, 0.69, -0.52, 1.08, 0.381364, -1.16106, -0.251882
1520, 0.545, -0.58, 0.9, 0.372169, -1.09132, -0.227619
1520, 0.69, -0.52, 1.2, 0.372169, -1.09132, -0.227619
1521, 0.4, -0.64, 0.84, 0.35318, -0.996359, -0.193525
1521, 0.545, -0.58, 1.08, 0.35318, -0.996359, -0.193525
1521, 0.69, -0.52, 1.32, 0.35318, -0.996359, -0.193525
1522, 0.545, -0.58, 1.26, 0.314934, -0.861978, -0.145763
1524, 0.69, -0.4, 0.96, 0, -1.23837, 0
1525, 0.545, -0.4, 0.72, 0, -1.1879, 0
1525, 0.69, -0.4, 1.08, 0, -1.1879, 0
1526, 0.4, -0.4, 0.6, 0, -1.12057, 0
1526, 0.545, -0.4, 0.9, 0, -1.12057, 0
1526, 0.69, -0.4, 1.2, 0, -1.12057, 0
1527, 0.4, -0.4, 0.84, 0, -1.02732, 0
1527, 0.545, -0.4, 1.08, 0, -1.02732, 0
1527, 0.69, -0.4, 1.32, 0, -1.02732, 0
1528, 0.4, -0.4, 1.08, 0, -0.892677, 0
1528, 0.545, -0.4, 1.26, 0, -0.892677, 0
1530, 0.69, -0.28, 0.96, -0.385996, -1.21397, 0.269782
1531, 0.545, -0.22, 0.72, -0.381364, -1.16106, 0.251882
1531, 0.69, -0.28, 1.08, -0.381364, -1.16106, 0.251882
1532, 0.545, -0.22, 0.9, -0.372169, -1.09132, 0.227619
1532, 0.69, -0.28, 1.2, -0.372169, -1.09132, 0.227619
1533, 0.4, -0.16, 0.84, -0.35318, -0.996359, 0.193525
1533, 0.545, -0.22, 1.08, -0.35318, -0.996359, 0.193525
1533, 0.69, -0.28, 1.32, -0.35318, -0.996359, 0.193525
1534, 0.4, -0.16, 1.08, -0.314934, -0.861978, 0.145763
1534, 0.545, -0.22, 1.26, -0.314934, -0.861978, 0.145763
1534, 0.69, -0.28, 1.44, -0.314934, -0.861978, 0.145763
1535, 0.545, -0.22, 1.44, -0.251149, -0.664377, 0.0870426
1536, 0.69, -0.16, 0.96, -0.68377, -1.15293, 0.454708
1537, 0.545, -0.04, 0.72, -0.678124, -1.09455, 0.423383
1537, 0.69, -0.16, 1.08, -0.678124, -1.09455, 0.423383
1538, 0.545, -0.04, 0.9, -0.667608, -1.01923, 0.382855
1538, 0.69, -0.16, 1.2, -0.667608, -1.01923, 0.382855
1539, 0.4, 0.08, 0.84, -0.648399, -0.918853, 0.329504
1539, 0.545, -0.04, 1.08, -0.648399, -0.918853, 0.329504
1539, 0.69, -0.16, 1.32, -0.648399, -0.918853, 0.329504
1540, 0.4, 0.08, 1.08, -0.617241, -0.779362, 0.260376
1540, 0.545, -0.04, 1.26, -0.617241, -0.779362, 0.260376
1540, 0.69, -0.16, 1.44, -0.617241, -0.779362, 0.260376
1541, 0.4, 0.08, 1.32, -0.583709, -0.580613, 0.179028
1542, 0.69, -0.04, 0.96, -0.88849, -1.07758, 0.554412
1543, 0.545, 0.14, 0.72, -0.883708, -1.01459, 0.514211
1543, 0.69, -0.04, 1.08, -0.883708, -1.01459, 0.514211
1544, 0.545, 0.14, 0.9, -0.875401, -0.935061, 0.464017
1544, 0.69, -0.04, 1.2, -0.875401, -0.935061, 0.464017
1545, 0.4, 0.32, 0.84, -0.862705, -0.830826, 0.40058
1545, 0.545, 0.14, 1.08, -0.862705, -0.830826, 0.40058
1545, 0.69, -0.04, 1.32, -0.862705, -0.830826, 0.40058
1546, 0.545, 0.14, 1.26, -0.848778, -0.688125, 0.321021
1547, 0.4, 0.32, 1.32, -0.846478, -0.492952, 0.225702
1548, 0.69, 0.08, 0.96, -1.0286, -1.00429, 0.60166
1549, 0.545, 0.32, 0.72, -1.02447, -0.940021, 0.556455
1549, 0.69, 0.08, 1.08, -1.02447, -0.940021, 0.556455
1550, 0.545, 0.32, 0.9, -1.01766, -0.860773, 0.501404
1550, 0.69, 0.08, 1.2, -1.01766, -0.860773, 0.501404
1551, 0.545, 0.32, 1.08, -1.00858, -0.759068, 0.433351
1552, 0.4, 0.56, 1.08, -1.00124, -0.623125, 0.348814
1552, 0.69, 0.08, 1.44, -1.00124, -0.623125, 0.348814
1553, 0.4, 0.56, 1.32, -1.00384, -0.443125, 0.245997
1554, 0.69, 0.2, 0.96, -1.12753, -0.940897, 0.62212
1554, 0.835, -0.1, 1.38, -1.12753, -0.940897, 0.62212
1555, 0.69, 0.2, 1.08, -1.12342, -0.878604, 0.575092
1556, 0.545, 0.5, 0.9, -1.11693, -0.803431, 0.518897
1556, 0.69, 0.2, 1.2, -1.11693, -0.803431, 0.518897
1557, 0.69, 0.2, 1.32, -1.10883, -0.708722, 0.450407
1558, 0.69, 0.2, 1.44, -1.10258, -0.584121, 0.365611
1560, 0.69, 0.32, 0.96, -1.19996, -0.889292, 0.63019
1561, 0.69, 0.32, 1.08, -1.19552, -0.830912, 0.583548
1562, 0.69, 0.32, 1.2, -1.18887, -0.761523, 0.528541
1568, -0.415, -0.4, 1.4625, 0, -0.237374, 0
1569, -0.415, -0.22, 1.4625, -0.0659857, -0.236393, 0.00783861
1570, -0.415, -0.04, 1.4625, -0.17943, -0.234542, 0.0211951
1574, -0.64, -0.4, 1.35, 0, -0.270947, 0
1574, -0.235, -0.4, 1.4625, 0, -0.270947, 0
1576, -0.235, -0.04, 1.4625, -0.206668, -0.265692, 0.0277147
1576, 0.17, -0.16, 1.575, -0.206668, -0.265692, 0.0277147
1577, -0.64, 0.32, 1.35, -0.360754, -0.262384, 0.0481152
1577, -0.235, 0.14, 1.4625, -0.360754, -0.262384, 0.0481152
1577, 0.17, -0.04, 1.575, -0.360754, -0.262384, 0.0481152
1579, -0.4, -0.64, 1.35, 0.0904513, -0.312669, -0.0142665
1580, -0.4, -0.4, 1.35, 0, -0.315215, 0
1580, -0.055, -0.4, 1.4625, 0, -0.315215, 0
1581, -0.055, -0.22, 1.4625, -0.0904513, -0.312669, 0.0142665
1582, -0.055, -0.04, 1.4625, -0.243651, -0.305562, 0.0376999
1582, 0.29, -0.16, 1.575, -0.243651, -0.305562, 0.0376999
1583, -0.055, 0.14, 1.4625, -0.419662, -0.297196, 0.0637409
1583, 0.29, -0.04, 1.575, -0.419662, -0.297196, 0.0637409
1586, 0.125, -0.4, 1.4625, 0, -0.375961, 0
1587, 0.125, -0.22, 1.4625, -0.111272, -0.371477, 0.0209294
1588, -0.16, 0.08, 1.35, -0.296591, -0.357722, 0.054005
1588, 0.125, -0.04, 1.4625, -0.296591, -0.357722, 0.054005
1589, -0.16, 0.32, 1.35, -0.49982, -0.33995, 0.0875605
1589, 0.125, 0.14, 1.4625, -0.49982, -0.33995, 0.0875605
1591, 0.08, -0.64, 1.35, 0.144855, -0.454976, -0.0335888
1593, 0.08, -0.16, 1.35, -0.144855, -0.454976, 0.0335888
1593, 0.305, -0.22, 1.4625, -0.144855, -0.454976, 0.0335888
1594, 0.08, 0.08, 1.35, -0.377905, -0.426973, 0.0828676
1594, 0.305, -0.04, 1.4625, -0.377905, -0.426973, 0.0828676
1595, 0.305, 0.14, 1.4625, -0.613044, -0.39119, 0.12525
1599, 0.32, -0.16, 1.35, -0.207593, -0.57918, 0.0620588
1599, 0.485, -0.22, 1.4625, -0.207593, -0.57918, 0.0620588
1600, 0.485, -0.04, 1.4625, -0.514585, -0.51704, 0.138936
1601, 0.485, 0.14, 1.4625, -0.777744, -0.447227, 0.185825
1605, 0.56, -0.16, 1.35, -0.35653, -0.76702, 0.145144
1605, 0.665, -0.22, 1.4625, -0.35653, -0.76702, 0.145144
1606, 0.665, -0.04, 1.4625, -0.764185, -0.615362, 0.254013
1611, 0.8, -0.16, 1.35, -0.826161, -0.986026, 0.462538
1612, 0.8, 0.08, 1.35, -1.18381, -0.65443, 0.44871
1620, 0.4, -0.88, 0.12, 0.892677, -0, 0
1620, 0.545, -0.7, 0.12, 0.892677, -0, 0
1620, 0.69, -0.52, 0.12, 0.892677, -0, 0
1620, 0.835, -0.34, 0.12, 0.892677, -0, 0
1621, 0.4, -0.88, 0.36, 0.870133, 0.253012, 0.118086
1621, 0.545, -0.7, 0.3, 0.870133, 0.253012, 0.118086
1621, 0.69, -0.52, 0.24, 0.870133, 0.253012, 0.118086
1621, 0.835, -0.34, 0.18, 0.870133, 0.253012, 0.118086
1622, 0.4, -0.88, 0.6, 0.846478, 0.492952, 0.225702
1622, 0.69, -0.52, 0.36, 0.846478, 0.492952, 0.225702
1622, 0.835, -0.34, 0.24, 0.846478, 0.492952, 0.225702
1623, 0.835, -0.34, 0.3, 0.848778, 0.688125, 0.321021
1624, 0.545, -0.7, 0.84, 0.862705, 0.830826, 0.40058
1624, 0.69, -0.52, 0.6, 0.862705, 0.830826, 0.40058
1624, 0.835, -0.34, 0.36, 0.862705, 0.830826, 0.40058
1625, 0.545, -0.7, 1.02, 0.875401, 0.935061, 0.464017
1625, 0.69, -0.52, 0.72, 0.875401, 0.935061, 0.464017
1625, 0.835, -0.34, 0.42, 0.875401, 0.935061, 0.464017
1626, 0.4, -0.64, 0.12, 0.691337, -0, 0
1626, 0.545, -0.52, 0.12, 0.691337, -0, 0
1626, 0.69, -0.4, 0.12, 0.691337, -0, 0
1626, 0.835, -0.28, 0.12, 0.691337, -0, 0
1627, 0.4, -0.64, 0.36, 0.601174, 0.310607, 0.0969873
1627, 0.545, -0.52, 0.3, 0.601174, 0.310607, 0.0969873
1627, 0.69, -0.4, 0.24, 0.601174, 0.310607, 0.0969873
1627, 0.835, -0.28, 0.18, 0.601174, 0.310607, 0.0969873
1628, 0.4, -0.64, 0.6, 0.583709, 0.580613, 0.179028
1628, 0.835, -0.28, 0.24, 0.583709, 0.580613, 0.179028
1629, 0.4, -0.64, 0.84, 0.617241, 0.779362, 0.260376
1629, 0.545, -0.52, 0.66, 0.617241, 0.779362, 0.260376
1629, 0.835, -0.28, 0.3, 0.617241, 0.779362, 0.260376
1630, 0.4, -0.64, 1.08, 0.648399, 0.918853, 0.329504
1630, 0.545, -0.52, 0.84, 0.648399, 0.918853, 0.329504
1630, 0.69, -0.4, 0.6, 0.648399, 0.918853, 0.329504
1630, 0.835, -0.28, 0.36, 0.648399, 0.918853, 0.329504
1631, 0.545, -0.52, 1.02, 0.667608, 1.01923, 0.382855
1631, 0.69, -0.4, 0.72, 0.667608, 1.01923, 0.382855
1631, 0.835, -0.28, 0.42, 0.667608, 1.01923, 0.382855
1632, 0.4, -0.4, 0.12, 0.39234, -0, 0
1632, 0.545, -0.34, 0.12, 0.39234, -0, 0
1632, 0.69, -0.28, 0.12, 0.39234, -0, 0
1632, 0.835, -0.22, 0.12, 0.39234, -0, 0
1633, 0.4, -0.4, 0.36, 0.193202, 0.374476, 0.0367136
1633, 0.545, -0.34, 0.3, 0.193202, 0.374476, 0.0367136
1633, 0.69, -0.28, 0.24, 0.193202, 0.374476, 0.0367136
1633, 0.835, -0.22, 0.18, 0.193202, 0.374476, 0.0367136
1634, 0.4, -0.4, 0.6, 0.251149, 0.664377, 0.0870426
1634, 0.69, -0.28, 0.36, 0.251149, 0.664377, 0.0870426
1634, 0.835, -0.22, 0.24, 0.251149, 0.664377, 0.0870426
1635, 0.4, -0.4, 0.84, 0.314934, 0.861978, 0.145763
1635, 0.545, -0.34, 0.66, 0.314934, 0.861978, 0.145763
1635, 0.835, -0.22, 0.3, 0.314934, 0.861978, 0.145763
1636, 0.4, -0.4, 1.08, 0.35318, 0.996359, 0.193525
1636, 0.545, -0.34, 0.84, 0.35318, 0.996359, 0.193525
1636, 0.69, -0.28, 0.6, 0.35318, 0.996359, 0.193525
1637, 0.545, -0.34, 1.02, 0.372169, 1.09132, 0.227619
1637, 0.69, -0.28, 0.72, 0.372169, 1.09132, 0.227619
1637, 0.835, -0.22, 0.42, 0.372169, 1.09132, 0.227619
1639, 0.545, -0.16, 0.3, 0, 0.39234, 0
1639, 0.69, -0.16, 0.24, 0, 0.39234, 0
1639, 0.835, -0.16, 0.18, 0, 0.39234, 0
1640, 0.69, -0.16, 0.36, 0, 0.691337, 0
1640, 0.835, -0.16, 0.24, 0, 0.691337, 0
1641, 0.4, -0.16, 0.84, 0, 0.892677, 0
1641, 0.545, -0.16, 0.66, 0, 0.892677, 0
1641, 0.835, -0.16, 0.3, 0, 0.892677, 0
1642, 0.4, -0.16, 1.08, 0, 1.02732, 0
1642, 0.545, -0.16, 0.84, 0, 1.02732, 0
1642, 0.69, -0.16, 0.6, 0, 1.02732, 0
1642, 0.835, -0.16, 0.36, 0, 1.02732, 0
1643, 0.4, -0.16, 1.32, 0, 1.12057, 0
1643, 0.545, -0.16, 1.02, 0, 1.12057, 0
1643, 0.69, -0.16, 0.72, 0, 1.12057, 0
1643, 0.835, -0.16, 0.42, 0, 1.12057, 0
1644, 0.545, 0.02, 0.12, -0.39234, 0, 0
1644, 0.69, -0.04, 0.12, -0.39234, 0, 0
1644, 0.835, -0.1, 0.12, -0.39234, 0, 0
1645, 0.545, 0.02, 0.3, -0.193202, 0.374476, -0.0367136
1645, 0.69, -0.04, 0.24, -0.193202, 0.374476, -0.0367136
1645, 0.835, -0.1, 0.18, -0.193202, 0.374476, -0.0367136
1646, 0.69, -0.04, 0.36, -0.251149, 0.664377, -0.0870426
1646, 0.835, -0.1, 0.24, -0.251149, 0.664377, -0.0870426
1647, 0.4, 0.08, 0.84, -0.314934, 0.861978, -0.145763
1647, 0.545, 0.02, 0.66, -0.314934, 0.861978, -0.145763
1647, 0.69, -0.04, 0.48, -0.314934, 0.861978, -0.145763
1647, 0.835, -0.1, 0.3, -0.314934, 0.861978, -0.145763
1648, 0.4, 0.08, 1.08, -0.35318, 0.996359, -0.193525
1648, 0.545, 0.02, 0.84, -0.35318, 0.996359, -0.193525
1648, 0.69, -0.04, 0.6, -0.35318, 0.996359, -0.193525
1648, 0.835, -0.1, 0.36, -0.35318, 0.996359, -0.193525
1649, 0.4, 0.08, 1.32, -0.372169, 1.09132, -0.227619
1649, 0.545, 0.02, 1.02, -0.372169, 1.09132, -0.227619
1649, 0.69, -0.04, 0.72, -0.372169, 1.09132, -0.227619
1649, 0.835, -0.1, 0.42, -0.372169, 1.09132, -0.227619
1650, 0.4, 0.32, 0.12, -0.691337, 0, 0
1650, 0.545, 0.2, 0.12, -0.691337, 0, 0
1650, 0.69, 0.08, 0.12, -0.691337, 0, 0
1650, 0.835, -0.04, 0.12, -0.691337, 0, 0
1651, 0.545, 0.2, 0.3, -0.601174, 0.310607, -0.0969873
1651, 0.69, 0.08, 0.24, -0.601174, 0.310607, -0.0969873
1651, 0.835, -0.04, 0.18, -0.601174, 0.310607, -0.0969873
1652, 0.4, 0.32, 0.6, -0.583709, 0.580613, -0.179028
1652, 0.69, 0.08, 0.36, -0.583709, 0.580613, -0.179028
1652, 0.835, -0.04, 0.24, -0.583709, 0.580613, -0.179028
1653, 0.4, 0.32, 0.84, -0.617241, 0.779362, -0.260376
1653, 0.545, 0.2, 0.66, -0.617241, 0.779362, -0.260376
1653, 0.69, 0.08, 0.48, -0.617241, 0.779362, -0.260376
1653, 0.835, -0.04, 0.3, -0.617241, 0.779362, -0.260376
1654, 0.4, 0.32, 1.08, -0.648399, 0.918853, -0.329504
1654, 0.545, 0.2, 0.84, -0.648399, 0.918853, -0.329504
1654, 0.69, 0.08, 0.6, -0.648399, 0.918853, -0.329504
1655, 0.545, 0.2, 1.02, -0.667608, 1.01923, -0.382855
1655, 0.69, 0.08, 0.72, -0.667608, 1.01923, -0.382855
1655, 0.835, -0.04, 0.42, -0.667608, 1.01923, -0.382855
1656, 0.4, 0.56, 0.12, -0.892677, 0, 0
1656, 0.545, 0.38, 0.12, -0.892677, 0, 0
1656, 0.69, 0.2, 0.12, -0.892677, 0, 0
1656, 0.835, 0.02, 0.12, -0.892677, 0, 0
1657, 0.545, 0.38, 0.3, -0.870133, 0.253012, -0.118086
1657, 0.69, 0.2, 0.24, -0.870133, 0.253012, -0.118086
1657, 0.835, 0.02, 0.18, -0.870133, 0.253012, -0.118086
1658, 0.69, 0.2, 0.36, -0.846478, 0.492952, -0.225702
1658, 0.835, 0.02, 0.24, -0.846478, 0.492952, -0.225702
1660, 0.4, 0.56, 1.08, -0.862705, 0.830826, -0.40058
1660, 0.545, 0.38, 0.84, -0.862705, 0.830826, -0.40058
1660, 0.69, 0.2, 0.6, -0.862705, 0.830826, -0.40058
1660, 0.835, 0.02, 0.36, -0.862705, 0.830826, -0.40058
1661, 0.545, 0.38, 1.02, -0.875401, 0.935061, -0.464017
1661, 0.69, 0.2, 0.72, -0.875401, 0.935061, -0.464017
1661, 0.835, 0.02, 0.42, -0.875401, 0.935061, -0.464017
1662, 0.4, 0.8, 0.12, -1.02732, 0, 0
1662, 0.545, 0.56, 0.12, -1.02732, 0, 0
1662, 0.69, 0.32, 0.12, -1.02732, 0, 0
1662, 0.835, 0.08, 0.12, -1.02732, 0, 0
1663, 0.4, 0.8, 0.36, -1.01808, 0.227623, -0.127415
1663, 0.545, 0.56, 0.3, -1.01808, 0.227623, -0.127415
1663, 0.69, 0.32, 0.24, -1.01808, 0.227623, -0.127415
1663, 0.835, 0.08, 0.18, -1.01808, 0.227623, -0.127415
1664, 0.4, 0.8, 0.6, -1.00384, 0.443125, -0.245997
1664, 0.69, 0.32, 0.36, -1.00384, 0.443125, -0.245997
1664, 0.835, 0.08, 0.24, -1.00384, 0.443125, -0.245997
1665, 0.545, 0.56, 0.66, -1.00124, 0.623125, -0.348814
1665, 0.69, 0.32, 0.48, -1.00124, 0.623125, -0.348814
1666, 0.545, 0.56, 0.84, -1.00858, 0.759068, -0.433351
1666, 0.69, 0.32, 0.6, -1.00858, 0.759068, -0.433351
1667, 0.545, 0.56, 1.02, -1.01766, 0.860773, -0.501404
1667, 0.69, 0.32, 0.72, -1.01766, 0.860773, -0.501404
1667, 0.835, 0.08, 0.42, -1.01766, 0.860773, -0.501404
1668, 0.545, 0.74, 0.12, -1.12057, 0, 0
1668, 0.69, 0.44, 0.12, -1.12057, 0, 0
1668, 0.835, 0.14, 0.12, -1.12057, 0, 0
1669, 0.545, 0.74, 0.3, -1.11403, 0.219194, -0.13685
1669, 0.69, 0.44, 0.24, -1.11403, 0.219194, -0.13685
1669, 0.835, 0.14, 0.18, -1.11403, 0.219194, -0.13685
1670, 0.69, 0.44, 0.36, -1.10405, 0.419958, -0.261027
1670, 0.835, 0.14, 0.24, -1.10405, 0.419958, -0.261027
1672, 0.545, 0.74, 0.84, -1.10883, 0.708722, -0.450407
1673, 0.69, 0.44, 0.72, -1.11693, 0.803431, -0.518897
1674, 0.545, -0.7, 0.18, 0.870133, -0.253012, -0.118086
1674, 0.69, -0.52, 0.24, 0.870133, -0.253012, -0.118086
1674, 0.835, -0.34, 0.3, 0.870133, -0.253012, -0.118086
1675, 0.69, -0.52, 0.36, 0.892677, -0, 0
1675, 0.835, -0.34, 0.36, 0.892677, -0, 0
1676, 0.4, -0.88, 0.6, 0.870133, 0.253012, 0.118086
1676, 0.69, -0.52, 0.48, 0.870133, 0.253012, 0.118086
1676, 0.835, -0.34, 0.42, 0.870133, 0.253012, 0.118086
1677, 0.4, -0.88, 0.84, 0.846478, 0.492952, 0.225702
1678, 0.69, -0.52, 0.72, 0.848778, 0.688125, 0.321021
1679, 0.545, -0.7, 1.08, 0.862705, 0.830826, 0.40058
1679, 0.69, -0.52, 0.84, 0.862705, 0.830826, 0.40058
1680, 0.4, -0.64, 0.12, 0.601174, -0.310607, -0.0969873
1680, 0.545, -0.52, 0.18, 0.601174, -0.310607, -0.0969873
1680, 0.69, -0.4, 0.24, 0.601174, -0.310607, -0.0969873
1680, 0.835, -0.28, 0.3, 0.601174, -0.310607, -0.0969873
1681, 0.4, -0.64, 0.36, 0.691337, -0, 0
1681, 0.545, -0.52, 0.36, 0.691337, -0, 0
1681, 0.69, -0.4, 0.36, 0.691337, -0, 0
1681, 0.835, -0.28, 0.36, 0.691337, -0, 0
1682, 0.69, -0.4, 0.48, 0.601174, 0.310607, 0.0969873
1682, 0.835, -0.28, 0.42, 0.601174, 0.310607, 0.0969873
1683, 0.835, -0.28, 0.48, 0.583709, 0.580613, 0.179028
1684, 0.4, -0.64, 1.08, 0.617241, 0.779362, 0.260376
1684, 0.545, -0.52, 0.9, 0.617241, 0.779362, 0.260376
1684, 0.69, -0.4, 0.72, 0.617241, 0.779362, 0.260376
1684, 0.835, -0.28, 0.54, 0.617241, 0.779362, 0.260376
1685, 0.545, -0.52, 1.08, 0.648399, 0.918853, 0.329504
1685, 0.69, -0.4, 0.84, 0.648399, 0.918853, 0.329504
1685, 0.835, -0.28, 0.6, 0.648399, 0.918853, 0.329504
1686, 0.4, -0.4, 0.12, 0.193202, -0.374476, -0.0367136
1686, 0.545, -0.34, 0.18, 0.193202, -0.374476, -0.0367136
1686, 0.69, -0.28, 0.24, 0.193202, -0.374476, -0.0367136
1686, 0.835, -0.22, 0.3, 0.193202, -0.374476, -0.0367136
1687, 0.4, -0.4, 0.36, 0.39234, -0, 0
1687, 0.545, -0.34, 0.36, 0.39234, -0, 0
1687, 0.69, -0.28, 0.36, 0.39234, -0, 0
1687, 0.835, -0.22, 0.36, 0.39234, -0, 0
1688, 0.545, -0.34, 0.54, 0.193202, 0.374476, 0.0367136
1688, 0.69, -0.28, 0.48, 0.193202, 0.374476, 0.0367136
1688, 0.835, -0.22, 0.42, 0.193202, 0.374476, 0.0367136
1689, 0.4, -0.4, 0.84, 0.251149, 0.664377, 0.0870426
1689, 0.69, -0.28, 0.6, 0.251149, 0.664377, 0.0870426
1689, 0.835, -0.22, 0.48, 0.251149, 0.664377, 0.0870426
1690, 0.4, -0.4, 1.08, 0.314934, 0.861978, 0.145763
1690, 0.545, -0.34, 0.9, 0.314934, 0.861978, 0.145763
1690, 0.69, -0.28, 0.72, 0.314934, 0.861978, 0.145763
1690, 0.835, -0.22, 0.54, 0.314934, 0.861978, 0.145763
1691, 0.545, -0.34, 1.08, 0.35318, 0.996359, 0.193525
1691, 0.69, -0.28, 0.84, 0.35318, 0.996359, 0.193525
1691, 0.835, -0.22, 0.6, 0.35318, 0.996359, 0.193525
1692, 0.69, -0.16, 0.24, 0, -0.39234, 0
1692, 0.835, -0.16, 0.3, 0, -0.39234, 0
1694, 0.545, -0.16, 0.54, 0, 0.39234, 0
1694, 0.69, -0.16, 0.48, 0, 0.39234, 0
1694, 0.835, -0.16, 0.42, 0, 0.39234, 0
1695, 0.4, -0.16, 0.84, 0, 0.691337, 0
1695, 0.545, -0.16, 0.72, 0, 0.691337, 0
1695, 0.69, -0.16, 0.6, 0, 0.691337, 0
1696, 0.4, -0.16, 1.08, 0, 0.892677, 0
1696, 0.545, -0.16, 0.9, 0, 0.892677, 0
1696, 0.69, -0.16, 0.72, 0, 0.892677, 0
1696, 0.835, -0.16, 0.54, 0, 0.892677, 0
1697, 0.4, -0.16, 1.32, 0, 1.02732, 0
1697, 0.545, -0.16, 1.08, 0, 1.02732, 0
1697, 0.69, -0.16, 0.84, 0, 1.02732, 0
1697, 0.835, -0.16, 0.6, 0, 1.02732, 0
1698, 0.69, -0.04, 0.24, -0.193202, -0.374476, 0.0367136
1698, 0.835, -0.1, 0.3, -0.193202, -0.374476, 0.0367136
1699, 0.545, 0.02, 0.36, -0.39234, 0, 0
1699, 0.69, -0.04, 0.36, -0.39234, 0, 0
1699, 0.835, -0.1, 0.36, -0.39234, 0, 0
1700, 0.545, 0.02, 0.54, -0.193202, 0.374476, -0.0367136
1700, 0.69, -0.04, 0.48, -0.193202, 0.374476, -0.0367136
1700, 0.835, -0.1, 0.42, -0.193202, 0.374476, -0.0367136
1701, 0.4, 0.08, 0.84, -0.251149, 0.664377, -0.0870426
1701, 0.545, 0.02, 0.72, -0.251149, 0.664377, -0.0870426
1701, 0.69, -0.04, 0.6, -0.251149, 0.664377, -0.0870426
1701, 0.835, -0.1, 0.48, -0.251149, 0.664377, -0.0870426
1702, 0.4, 0.08, 1.08, -0.314934, 0.861978, -0.145763
1702, 0.545, 0.02, 0.9, -0.314934, 0.861978, -0.145763
1702, 0.69, -0.04, 0.72, -0.314934, 0.861978, -0.145763
1702, 0.835, -0.1, 0.54, -0.314934, 0.861978, -0.145763
1703, 0.4, 0.08, 1.32, -0.35318, 0.996359, -0.193525
1703, 0.545, 0.02, 1.08, -0.35318, 0.996359, -0.193525
1703, 0.69, -0.04, 0.84, -0.35318, 0.996359, -0.193525
1703, 0.835, -0.1, 0.6, -0.35318, 0.996359, -0.193525
1704, 0.4, 0.32, 0.12, -0.601174, -0.310607, 0.0969873
1704, 0.545, 0.2, 0.18, -0.601174, -0.310607, 0.0969873
1704, 0.69, 0.08, 0.24, -0.601174, -0.310607, 0.0969873
1704, 0.835, -0.04, 0.3, -0.601174, -0.310607, 0.0969873
1705, 0.4, 0.32, 0.36, -0.691337, 0, 0
1705, 0.545, 0.2, 0.36, -0.691337, 0, 0
1705, 0.69, 0.08, 0.36, -0.691337, 0, 0
1705, 0.835, -0.04, 0.36, -0.691337, 0, 0
1706, 0.545, 0.2, 0.54, -0.601174, 0.310607, -0.0969873
1706, 0.69, 0.08, 0.48, -0.601174, 0.310607, -0.0969873
1706, 0.835, -0.04, 0.42, -0.601174, 0.310607, -0.0969873
1707, 0.545, 0.2, 0.72, -0.583709, 0.580613, -0.179028
1707, 0.835, -0.04, 0.48, -0.583709, 0.580613, -0.179028
1708, 0.4, 0.32, 1.08, -0.617241, 0.779362, -0.260376
1708, 0.545, 0.2, 0.9, -0.617241, 0.779362, -0.260376
1708, 0.69, 0.08, 0.72, -0.617241, 0.779362, -0.260376
1708, 0.835, -0.04, 0.54, -0.617241, 0.779362, -0.260376
1709, 0.545, 0.2, 1.08, -0.648399, 0.918853, -0.329504
1709, 0.69, 0.08, 0.84, -0.648399, 0.918853, -0.329504
1709, 0.835, -0.04, 0.6, -0.648399, 0.918853, -0.329504
1710, 0.4, 0.56, 0.12, -0.870133, -0.253012, 0.118086
1710, 0.545, 0.38, 0.18, -0.870133, -0.253012, 0.118086
1710, 0.69, 0.2, 0.24, -0.870133, -0.253012, 0.118086
1710, 0.835, 0.02, 0.3, -0.870133, -0.253012, 0.118086
1711, 0.545, 0.38, 0.36, -0.892677, 0, 0
1711, 0.69, 0.2, 0.36, -0.892677, 0, 0
1711, 0.835, 0.02, 0.36, -0.892677, 0, 0
1712, 0.4, 0.56, 0.6, -0.870133, 0.253012, -0.118086
1712, 0.545, 0.38, 0.54, -0.870133, 0.253012, -0.118086
1712, 0.835, 0.02, 0.42, -0.870133, 0.253012, -0.118086
1713, 0.545, 0.38, 0.72, -0.846478, 0.492952, -0.225702
1713, 0.835, 0.02, 0.48, -0.846478, 0.492952, -0.225702
1714, 0.4, 0.56, 1.08, -0.848778, 0.688125, -0.321021
1714, 0.545, 0.38, 0.9, -0.848778, 0.688125, -0.321021
1714, 0.69, 0.2, 0.72, -0.848778, 0.688125, -0.321021
1715, 0.545, 0.38, 1.08, -0.862705, 0.830826, -0.40058
1715, 0.69, 0.2, 0.84, -0.862705, 0.830826, -0.40058
1715, 0.835, 0.02, 0.6, -0.862705, 0.830826, -0.40058
1716, 0.545, 0.56, 0.18, -1.01808, -0.227623, 0.127415
1716, 0.69, 0.32, 0.24, -1.01808, -0.227623, 0.127415
1716, 0.835, 0.08, 0.3, -1.01808, -0.227623, 0.127415
1717, 0.4, 0.8, 0.36, -1.02732, 0, 0
1717, 0.545, 0.56, 0.36, -1.02732, 0, 0
1717, 0.69, 0.32, 0.36, -1.02732, 0, 0
1717, 0.835, 0.08, 0.36, -1.02732, 0, 0
1718, 0.4, 0.8, 0.6, -1.01808, 0.227623, -0.127415
1718, 0.69, 0.32, 0.48, -1.01808, 0.227623, -0.127415
1718, 0.835, 0.08, 0.42, -1.01808, 0.227623, -0.127415
1719, 0.545, 0.56, 0.72, -1.00384, 0.443125, -0.245997
1719, 0.835, 0.08, 0.48, -1.00384, 0.443125, -0.245997
1720, 0.545, 0.56, 0.9, -1.00124, 0.623125, -0.348814
1720, 0.69, 0.32, 0.72, -1.00124, 0.623125, -0.348814
1721, 0.545, 0.56, 1.08, -1.00858, 0.759068, -0.433351
1721, 0.69, 0.32, 0.84, -1.00858, 0.759068, -0.433351
1722, 0.69, 0.44, 0.24, -1.11403, -0.219194, 0.13685
1722, 0.835, 0.14, 0.3, -1.11403, -0.219194, 0.13685
1723, 0.69, 0.44, 0.36, -1.12057, 0, 0
1723, 0.835, 0.14, 0.36, -1.12057, 0, 0
1724, 0.69, 0.44, 0.48, -1.11403, 0.219194, -0.13685
1724, 0.835, 0.14, 0.42, -1.11403, 0.219194, -0.13685
1727, 0.69, 0.44, 0.84, -1.10883, 0.708722, -0.450407
1727, 0.835, 0.14, 0.6, -1.10883, 0.708722, -0.450407
1728, 0.69, -0.52, 0.36, 0.846478, -0.492952, -0.225702
1728, 0.835, -0.34, 0.48, 0.846478, -0.492952, -0.225702
1729, 0.545, -0.7, 0.42, 0.870133, -0.253012, -0.118086
1729, 0.69, -0.52, 0.48, 0.870133, -0.253012, -0.118086
1729, 0.835, -0.34, 0.54, 0.870133, -0.253012, -0.118086
1730, 0.545, -0.7, 0.6, 0.892677, -0, 0
1730, 0.835, -0.34, 0.6, 0.892677, -0, 0
1731, 0.545, -0.7, 0.78, 0.870133, 0.253012, 0.118086
1731, 0.835, -0.34, 0.66, 0.870133, 0.253012, 0.118086
1732, 0.69, -0.52, 0.84, 0.846478, 0.492952, 0.225702
1733, 0.69, -0.52, 0.96, 0.848778, 0.688125, 0.321021
1733, 0.835, -0.34, 0.78, 0.848778, 0.688125, 0.321021
1734, 0.69, -0.4, 0.36, 0.583709, -0.580613, -0.179028
1734, 0.835, -0.28, 0.48, 0.583709, -0.580613, -0.179028
1735, 0.4, -0.64, 0.36, 0.601174, -0.310607, -0.0969873
1735, 0.545, -0.52, 0.42, 0.601174, -0.310607, -0.0969873
1735, 0.69, -0.4, 0.48, 0.601174, -0.310607, -0.0969873
1735, 0.835, -0.28, 0.54, 0.601174, -0.310607, -0.0969873
1736, 0.4, -0.64, 0.6, 0.691337, -0, 0
1736, 0.545, -0.52, 0.6, 0.691337, -0, 0
1736, 0.69, -0.4, 0.6, 0.691337, -0, 0
1736, 0.835, -0.28, 0.6, 0.691337, -0, 0
1737, 0.545, -0.52, 0.78, 0.601174, 0.310607, 0.0969873
1737, 0.835, -0.28, 0.66, 0.601174, 0.310607, 0.0969873
1738, 0.4, -0.64, 1.08, 0.583709, 0.580613, 0.179028
1738, 0.545, -0.52, 0.96, 0.583709, 0.580613, 0.179028
1738, 0.69, -0.4, 0.84, 0.583709, 0.580613, 0.179028
1738, 0.835, -0.28, 0.72, 0.583709, 0.580613, 0.179028
1739, 0.545, -0.52, 1.14, 0.617241, 0.779362, 0.260376
1739, 0.69, -0.4, 0.96, 0.617241, 0.779362, 0.260376
1739, 0.835, -0.28, 0.78, 0.617241, 0.779362, 0.260376
1740, 0.69, -0.28, 0.36, 0.251149, -0.664377, -0.0870426
1740, 0.835, -0.22, 0.48, 0.251149, -0.664377, -0.0870426
1741, 0.4, -0.4, 0.36, 0.193202, -0.374476, -0.0367136
1741, 0.545, -0.34, 0.42, 0.193202, -0.374476, -0.0367136
1741, 0.69, -0.28, 0.48, 0.193202, -0.374476, -0.0367136
1741, 0.835, -0.22, 0.54, 0.193202, -0.374476, -0.0367136
1742, 0.545, -0.34, 0.6, 0.39234, -0, 0
1742, 0.69, -0.28, 0.6, 0.39234, -0, 0
1742, 0.835, -0.22, 0.6, 0.39234, -0, 0
1743, 0.545, -0.34, 0.78, 0.193202, 0.374476, 0.0367136
1743, 0.69, -0.28, 0.72, 0.193202, 0.374476, 0.0367136
1744, 0.4, -0.4, 1.08, 0.251149, 0.664377, 0.0870426
1744, 0.545, -0.34, 0.96, 0.251149, 0.664377, 0.0870426
1744, 0.69, -0.28, 0.84, 0.251149, 0.664377, 0.0870426
1744, 0.835, -0.22, 0.72, 0.251149, 0.664377, 0.0870426
1745, 0.4, -0.4, 1.32, 0.314934, 0.861978, 0.145763
1745, 0.545, -0.34, 1.14, 0.314934, 0.861978, 0.145763
1745, 0.69, -0.28, 0.96, 0.314934, 0.861978, 0.145763
1745, 0.835, -0.22, 0.78, 0.314934, 0.861978, 0.145763
1746, 0.69, -0.16, 0.36, 0, -0.691337, 0
1746, 0.835, -0.16, 0.48, 0, -0.691337, 0
1747, 0.545, -0.16, 0.42, 0, -0.39234, 0
1747, 0.69, -0.16, 0.48, 0, -0.39234, 0
1747, 0.835, -0.16, 0.54, 0, -0.39234, 0
1749, 0.4, -0.16, 0.84, 0, 0.39234, 0
1749, 0.545, -0.16, 0.78, 0, 0.39234, 0
1749, 0.835, -0.16, 0.66, 0, 0.39234, 0
1750, 0.4, -0.16, 1.08, 0, 0.691337, 0
1750, 0.545, -0.16, 0.96, 0, 0.691337, 0
1750, 0.69, -0.16, 0.84, 0, 0.691337, 0
1750, 0.835, -0.16, 0.72, 0, 0.691337, 0
1751, 0.4, -0.16, 1.32, 0, 0.892677, 0
1751, 0.545, -0.16, 1.14, 0, 0.892677, 0
1751, 0.69, -0.16, 0.96, 0, 0.892677, 0
1751, 0.835, -0.16, 0.78, 0, 0.892677, 0
1752, 0.69, -0.04, 0.36, -0.251149, -0.664377, 0.0870426
1752, 0.835, -0.1, 0.48, -0.251149, -0.664377, 0.0870426
1753, 0.545, 0.02, 0.42, -0.193202, -0.374476, 0.0367136
1753, 0.69, -0.04, 0.48, -0.193202, -0.374476, 0.0367136
1753, 0.835, -0.1, 0.54, -0.193202, -0.374476, 0.0367136
1754, 0.545, 0.02, 0.6, -0.39234, 0, 0
1754, 0.69, -0.04, 0.6, -0.39234, 0, 0
1754, 0.835, -0.1, 0.6, -0.39234, 0, 0
1755, 0.4, 0.08, 0.84, -0.193202, 0.374476, -0.0367136
1755, 0.545, 0.02, 0.78, -0.193202, 0.374476, -0.0367136
1755, 0.835, -0.1, 0.66, -0.193202, 0.374476, -0.0367136
1756, 0.4, 0.08, 1.08, -0.251149, 0.664377, -0.0870426
1756, 0.545, 0.02, 0.96, -0.251149, 0.664377, -0.0870426
1756, 0.69, -0.04, 0.84, -0.251149, 0.664377, -0.0870426
1756, 0.835, -0.1, 0.72, -0.251149, 0.664377, -0.0870426
1757, 0.4, 0.08, 1.32, -0.314934, 0.861978, -0.145763
1757, 0.545, 0.02, 1.14, -0.314934, 0.861978, -0.145763
1757, 0.69, -0.04, 0.96, -0.314934, 0.861978, -0.145763
1757, 0.835, -0.1, 0.78, -0.314934, 0.861978, -0.145763
1758, 0.69, 0.08, 0.36, -0.583709, -0.580613, 0.179028
1758, 0.835, -0.04, 0.48, -0.583709, -0.580613, 0.179028
1759, 0.4, 0.32, 0.36, -0.601174, -0.310607, 0.0969873
1759, 0.545, 0.2, 0.42, -0.601174, -0.310607, 0.0969873
1759, 0.69, 0.08, 0.48, -0.601174, -0.310607, 0.0969873
1759, 0.835, -0.04, 0.54, -0.601174, -0.310607, 0.0969873
1760, 0.545, 0.2, 0.6, -0.691337, 0, 0
1760, 0.69, 0.08, 0.6, -0.691337, 0, 0
1760, 0.835, -0.04, 0.6, -0.691337, 0, 0
1761, 0.545, 0.2, 0.78, -0.601174, 0.310607, -0.0969873
1761, 0.835, -0.04, 0.66, -0.601174, 0.310607, -0.0969873
1762, 0.4, 0.32, 1.08, -0.583709, 0.580613, -0.179028
1762, 0.545, 0.2, 0.96, -0.583709, 0.580613, -0.179028
1762, 0.69, 0.08, 0.84, -0.583709, 0.580613, -0.179028
1762, 0.835, -0.04, 0.72, -0.583709, 0.580613, -0.179028
1763, 0.4, 0.32, 1.32, -0.617241, 0.779362, -0.260376
1763, 0.545, 0.2, 1.14, -0.617241, 0.779362, -0.260376
1763, 0.69, 0.08, 0.96, -0.617241, 0.779362, -0.260376
1763, 0.835, -0.04, 0.78, -0.617241, 0.779362, -0.260376
1764, 0.69, 0.2, 0.36, -0.846478, -0.492952, 0.225702
1764, 0.835, 0.02, 0.48, -0.846478, -0.492952, 0.225702
1765, 0.4, 0.56, 0.36, -0.870133, -0.253012, 0.118086
1765, 0.545, 0.38, 0.42, -0.870133, -0.253012, 0.118086
1765, 0.69, 0.2, 0.48, -0.870133, -0.253012, 0.118086
1765, 0.835, 0.02, 0.54, -0.870133, -0.253012, 0.118086
1766, 0.545, 0.38, 0.6, -0.892677, 0, 0
1766, 0.69, 0.2, 0.6, -0.892677, 0, 0
1766, 0.835, 0.02, 0.6, -0.892677, 0, 0
1767, 0.545, 0.38, 0.78, -0.870133, 0.253012, -0.118086
1768, 0.4, 0.56, 1.08, -0.846478, 0.492952, -0.225702
1768, 0.545, 0.38, 0.96, -0.846478, 0.492952, -0.225702
1768, 0.835, 0.02, 0.72, -0.846478, 0.492952, -0.225702
1769, 0.545, 0.38, 1.14, -0.848778, 0.688125, -0.321021
1769, 0.69, 0.2, 0.96, -0.848778, 0.688125, -0.321021
1769, 0.835, 0.02, 0.78, -0.848778, 0.688125, -0.321021
1770, 0.69, 0.32, 0.36, -1.00384, -0.443125, 0.245997
1770, 0.835, 0.08, 0.48, -1.00384, -0.443125, 0.245997
1771, 0.545, 0.56, 0.42, -1.01808, -0.227623, 0.127415
1771, 0.69, 0.32, 0.48, -1.01808, -0.227623, 0.127415
1771, 0.835, 0.08, 0.54, -1.01808, -0.227623, 0.127415
1772, 0.545, 0.56, 0.6, -1.02732, 0, 0
1772, 0.835, 0.08, 0.6, -1.02732, 0, 0
1773, 0.545, 0.56, 0.78, -1.01808, 0.227623, -0.127415
1774, 0.69, 0.32, 0.84, -1.00384, 0.443125, -0.245997
1775, 0.69, 0.32, 0.96, -1.00124, 0.623125, -0.348814
1775, 0.835, 0.08, 0.78, -1.00124, 0.623125, -0.348814
1776, 0.69, 0.44, 0.36, -1.10405, -0.419958, 0.261027
1776, 0.835, 0.14, 0.48, -1.10405, -0.419958, 0.261027
1777, 0.69, 0.44, 0.48, -1.11403, -0.219194, 0.13685
1777, 0.835, 0.14, 0.54, -1.11403, -0.219194, 0.13685
1778, 0.835, 0.14, 0.6, -1.12057, 0, 0
1781, 0.69, 0.44, 0.96, -1.10258, 0.584121, -0.365611
1781, 0.835, 0.14, 0.78, -1.10258, 0.584121, -0.365611
1782, 0.835, -0.34, 0.66, 0.848778, -0.688125, -0.321021
1783, 0.69, -0.52, 0.6, 0.846478, -0.492952, -0.225702
1783, 0.835, -0.34, 0.72, 0.846478, -0.492952, -0.225702
1784, 0.835, -0.34, 0.78, 0.870133, -0.253012, -0.118086
1785, 0.835, -0.34, 0.84, 0.892677, -0, 0
1787, 0.69, -0.52, 1.08, 0.846478, 0.492952, 0.225702
1787, 0.835, -0.34, 0.96, 0.846478, 0.492952, 0.225702
1788, 0.69, -0.4, 0.48, 0.617241, -0.779362, -0.260376
1788, 0.835, -0.28, 0.66, 0.617241, -0.779362, -0.260376
1789, 0.545, -0.52, 0.48, 0.583709, -0.580613, -0.179028
1789, 0.69, -0.4, 0.6, 0.583709, -0.580613, -0.179028
1789, 0.835, -0.28, 0.72, 0.583709, -0.580613, -0.179028
1790, 0.545, -0.52, 0.66, 0.601174, -0.310607, -0.0969873
1790, 0.69, -0.4, 0.72, 0.601174, -0.310607, -0.0969873
1790, 0.835, -0.28, 0.78, 0.601174, -0.310607, -0.0969873
1791, 0.4, -0.64, 0.84, 0.691337, -0, 0
1792, 0.545, -0.52, 1.02, 0.601174, 0.310607, 0.0969873
1792, 0.69, -0.4, 0.96, 0.601174, 0.310607, 0.0969873
1792, 0.835, -0.28, 0.9, 0.601174, 0.310607, 0.0969873
1793, 0.545, -0.52, 1.2, 0.583709, 0.580613, 0.179028
1793, 0.69, -0.4, 1.08, 0.583709, 0.580613, 0.179028
1793, 0.835, -0.28, 0.96, 0.583709, 0.580613, 0.179028
1794, 0.69, -0.28, 0.48, 0.314934, -0.861978, -0.145763
1794, 0.835, -0.22, 0.66, 0.314934, -0.861978, -0.145763
1795, 0.545, -0.34, 0.48, 0.251149, -0.664377, -0.0870426
1795, 0.69, -0.28, 0.6, 0.251149, -0.664377, -0.0870426
1795, 0.835, -0.22, 0.72, 0.251149, -0.664377, -0.0870426
1796, 0.4, -0.4, 0.6, 0.193202, -0.374476, -0.0367136
1796, 0.545, -0.34, 0.66, 0.193202, -0.374476, -0.0367136
1796, 0.69, -0.28, 0.72, 0.193202, -0.374476, -0.0367136
1796, 0.835, -0.22, 0.78, 0.193202, -0.374476, -0.0367136
1797, 0.4, -0.4, 0.84, 0.39234, -0, 0
1797, 0.69, -0.28, 0.84, 0.39234, -0, 0
1797, 0.835, -0.22, 0.84, 0.39234, -0, 0
1798, 0.4, -0.4, 1.08, 0.193202, 0.374476, 0.0367136
1798, 0.545, -0.34, 1.02, 0.193202, 0.374476, 0.0367136
1798, 0.69, -0.28, 0.96, 0.193202, 0.374476, 0.0367136
1798, 0.835, -0.22, 0.9, 0.193202, 0.374476, 0.0367136
1799, 0.4, -0.4, 1.32, 0.251149, 0.664377, 0.0870426
1799, 0.545, -0.34, 1.2, 0.251149, 0.664377, 0.0870426
1799, 0.69, -0.28, 1.08, 0.251149, 0.664377, 0.0870426
1799, 0.835, -0.22, 0.96, 0.251149, 0.664377, 0.0870426
1800, 0.69, -0.16, 0.48, 0, -0.892677, 0
1800, 0.835, -0.16, 0.66, 0, -0.892677, 0
1801, 0.545, -0.16, 0.48, 0, -0.691337, 0
1801, 0.69, -0.16, 0.6, 0, -0.691337, 0
1801, 0.835, -0.16, 0.72, 0, -0.691337, 0
1802, 0.545, -0.16, 0.66, 0, -0.39234, 0
1802, 0.69, -0.16, 0.72, 0, -0.39234, 0
1802, 0.835, -0.16, 0.78, 0, -0.39234, 0
1804, 0.4, -0.16, 1.08, 0, 0.39234, 0
1804, 0.545, -0.16, 1.02, 0, 0.39234, 0
1804, 0.69, -0.16, 0.96, 0, 0.39234, 0
1804, 0.835, -0.16, 0.9, 0, 0.39234, 0
1805, 0.4, -0.16, 1.32, 0, 0.691337, 0
1805, 0.545, -0.16, 1.2, 0, 0.691337, 0
1805, 0.69, -0.16, 1.08, 0, 0.691337, 0
1805, 0.835, -0.16, 0.96, 0, 0.691337, 0
1806, 0.69, -0.04, 0.48, -0.314934, -0.861978, 0.145763
1806, 0.835, -0.1, 0.66, -0.314934, -0.861978, 0.145763
1807, 0.545, 0.02, 0.48, -0.251149, -0.664377, 0.0870426
1807, 0.69, -0.04, 0.6, -0.251149, -0.664377, 0.0870426
1807, 0.835, -0.1, 0.72, -0.251149, -0.664377, 0.0870426
1808, 0.545, 0.02, 0.66, -0.193202, -0.374476, 0.0367136
1808, 0.69, -0.04, 0.72, -0.193202, -0.374476, 0.0367136
1808, 0.835, -0.1, 0.78, -0.193202, -0.374476, 0.0367136
1809, 0.69, -0.04, 0.84, -0.39234, 0, 0
1809, 0.835, -0.1, 0.84, -0.39234, 0, 0
1810, 0.4, 0.08, 1.08, -0.193202, 0.374476, -0.0367136
1810, 0.545, 0.02, 1.02, -0.193202, 0.374476, -0.0367136
1810, 0.69, -0.04, 0.96, -0.193202, 0.374476, -0.0367136
1810, 0.835, -0.1, 0.9, -0.193202, 0.374476, -0.0367136
1811, 0.4, 0.08, 1.32, -0.251149, 0.664377, -0.0870426
1811, 0.545, 0.02, 1.2, -0.251149, 0.664377, -0.0870426
1811, 0.69, -0.04, 1.08, -0.251149, 0.664377, -0.0870426
1811, 0.835, -0.1, 0.96, -0.251149, 0.664377, -0.0870426
1812, 0.69, 0.08, 0.48, -0.617241, -0.779362, 0.260376
1812, 0.835, -0.04, 0.66, -0.617241, -0.779362, 0.260376
1813, 0.545, 0.2, 0.48, -0.583709, -0.580613, 0.179028
1813, 0.69, 0.08, 0.6, -0.583709, -0.580613, 0.179028
1813, 0.835, -0.04, 0.72, -0.583709, -0.580613, 0.179028
1814, 0.4, 0.32, 0.6, -0.601174, -0.310607, 0.0969873
1814, 0.545, 0.2, 0.66, -0.601174, -0.310607, 0.0969873
1814, 0.69, 0.08, 0.72, -0.601174, -0.310607, 0.0969873
1814, 0.835, -0.04, 0.78, -0.601174, -0.310607, 0.0969873
1815, 0.4, 0.32, 0.84, -0.691337, 0, 0
1815, 0.69, 0.08, 0.84, -0.691337, 0, 0
1815, 0.835, -0.04, 0.84, -0.691337, 0, 0
1816, 0.4, 0.32, 1.08, -0.601174, 0.310607, -0.0969873
1816, 0.545, 0.2, 1.02, -0.601174, 0.310607, -0.0969873
1816, 0.69, 0.08, 0.96, -0.601174, 0.310607, -0.0969873
1816, 0.835, -0.04, 0.9, -0.601174, 0.310607, -0.0969873
1817, 0.4, 0.32, 1.32, -0.583709, 0.580613, -0.179028
1817, 0.545, 0.2, 1.2, -0.583709, 0.580613, -0.179028
1817, 0.69, 0.08, 1.08, -0.583709, 0.580613, -0.179028
1817, 0.835, -0.04, 0.96, -0.583709, 0.580613, -0.179028
1818, 0.69, 0.2, 0.48, -0.848778, -0.688125, 0.321021
1818, 0.835, 0.02, 0.66, -0.848778, -0.688125, 0.321021
1819, 0.545, 0.38, 0.48, -0.846478, -0.492952, 0.225702
1819, 0.69, 0.2, 0.6, -0.846478, -0.492952, 0.225702
1819, 0.835, 0.02, 0.72, -0.846478, -0.492952, 0.225702
1820, 0.69, 0.2, 0.72, -0.870133, -0.253012, 0.118086
1820, 0.835, 0.02, 0.78, -0.870133, -0.253012, 0.118086
1821, 0.4, 0.56, 0.84, -0.892677, 0, 0
1821, 0.835, 0.02, 0.84, -0.892677, 0, 0
1822, 0.545, 0.38, 1.02, -0.870133, 0.253012, -0.118086
1822, 0.69, 0.2, 0.96, -0.870133, 0.253012, -0.118086
1822, 0.835, 0.02, 0.9, -0.870133, 0.253012, -0.118086
1823, 0.545, 0.38, 1.2, -0.846478, 0.492952, -0.225702
1823, 0.69, 0.2, 1.08, -0.846478, 0.492952, -0.225702
1823, 0.835, 0.02, 0.96, -0.846478, 0.492952, -0.225702
1824, 0.69, 0.32, 0.48, -1.00124, -0.623125, 0.348814
1824, 0.835, 0.08, 0.66, -1.00124, -0.623125, 0.348814
1825, 0.69, 0.32, 0.6, -1.00384, -0.443125, 0.245997
1825, 0.835, 0.08, 0.72, -1.00384, -0.443125, 0.245997
1826, 0.545, 0.56, 0.66, -1.01808, -0.227623, 0.127415
1826, 0.835, 0.08, 0.78, -1.01808, -0.227623, 0.127415
1827, 0.545, 0.56, 0.84, -1.02732, 0, 0
1829, 0.69, 0.32, 1.08, -1.00384, 0.443125, -0.245997
1829, 0.835, 0.08, 0.96, -1.00384, 0.443125, -0.245997
1830, 0.835, 0.14, 0.66, -1.10258, -0.584121, 0.365611
1831, 0.69, 0.44, 0.6, -1.10405, -0.419958, 0.261027
1831, 0.835, 0.14, 0.72, -1.10405, -0.419958, 0.261027
1832, 0.835, 0.14, 0.78, -1.11403, -0.219194, 0.13685
1833, 0.835, 0.14, 0.84, -1.12057, 0, 0
1834, 0.69, 0.44, 0.96, -1.11403, 0.219194, -0.13685
1835, 0.69, 0.44, 1.08, -1.10405, 0.419958, -0.261027
1835, 0.835, 0.14, 0.96, -1.10405, 0.419958, -0.261027
1836, 0.835, -0.34, 0.84, 0.862705, -0.830826, -0.40058
1837, 0.69, -0.52, 0.72, 0.848778, -0.688125, -0.321021
1837, 0.835, -0.34, 0.9, 0.848778, -0.688125, -0.321021
1838, 0.69, -0.52, 0.84, 0.846478, -0.492952, -0.225702
1838, 0.835, -0.34, 0.96, 0.846478, -0.492952, -0.225702
1840, 0.69, -0.52, 1.08, 0.892677, -0, 0
1841, 0.69, -0.52, 1.2, 0.870133, 0.253012, 0.118086
1841, 0.835, -0.34, 1.14, 0.870133, 0.253012, 0.118086
1842, 0.69, -0.4, 0.6, 0.648399, -0.918853, -0.329504
1842, 0.835, -0.28, 0.84, 0.648399, -0.918853, -0.329504
1843, 0.69, -0.4, 0.72, 0.617241, -0.779362, -0.260376
1843, 0.835, -0.28, 0.9, 0.617241, -0.779362, -0.260376
1844, 0.4, -0.64, 0.6, 0.583709, -0.580613, -0.179028
1844, 0.545, -0.52, 0.72, 0.583709, -0.580613, -0.179028
1844, 0.69, -0.4, 0.84, 0.583709, -0.580613, -0.179028
1844, 0.835, -0.28, 0.96, 0.583709, -0.580613, -0.179028
1845, 0.4, -0.64, 0.84, 0.601174, -0.310607, -0.0969873
1845, 0.69, -0.4, 0.96, 0.601174, -0.310607, -0.0969873
1845, 0.835, -0.28, 1.02, 0.601174, -0.310607, -0.0969873
1846, 0.69, -0.4, 1.08, 0.691337, -0, 0
1847, 0.4, -0.64, 1.32, 0.601174, 0.310607, 0.0969873
1847, 0.545, -0.52, 1.26, 0.601174, 0.310607, 0.0969873
1847, 0.69, -0.4, 1.2, 0.601174, 0.310607, 0.0969873
1847, 0.835, -0.28, 1.14, 0.601174, 0.310607, 0.0969873
1848, 0.69, -0.28, 0.6, 0.35318, -0.996359, -0.193525
1848, 0.835, -0.22, 0.84, 0.35318, -0.996359, -0.193525
1849, 0.545, -0.34, 0.54, 0.314934, -0.861978, -0.145763
1849, 0.69, -0.28, 0.72, 0.314934, -0.861978, -0.145763
1849, 0.835, -0.22, 0.9, 0.314934, -0.861978, -0.145763
1850, 0.4, -0.4, 0.6, 0.251149, -0.664377, -0.0870426
1850, 0.545, -0.34, 0.72, 0.251149, -0.664377, -0.0870426
1850, 0.69, -0.28, 0.84, 0.251149, -0.664377, -0.0870426
1850, 0.835, -0.22, 0.96, 0.251149, -0.664377, -0.0870426
1851, 0.4, -0.4, 0.84, 0.193202, -0.374476, -0.0367136
1851, 0.545, -0.34, 0.9, 0.193202, -0.374476, -0.0367136
1851, 0.69, -0.28, 0.96, 0.193202, -0.374476, -0.0367136
1851, 0.835, -0.22, 1.02, 0.193202, -0.374476, -0.0367136
1852, 0.69, -0.28, 1.08, 0.39234, -0, 0
1852, 0.835, -0.22, 1.08, 0.39234, -0, 0
1853, 0.4, -0.4, 1.32, 0.193202, 0.374476, 0.0367136
1853, 0.545, -0.34, 1.26, 0.193202, 0.374476, 0.0367136
1853, 0.69, -0.28, 1.2, 0.193202, 0.374476, 0.0367136
1853, 0.835, -0.22, 1.14, 0.193202, 0.374476, 0.0367136
1854, 0.69, -0.16, 0.6, 0, -1.02732, 0
1854, 0.835, -0.16, 0.84, 0, -1.02732, 0
1855, 0.545, -0.16, 0.54, 0, -0.892677, 0
1855, 0.69, -0.16, 0.72, 0, -0.892677, 0
1855, 0.835, -0.16, 0.9, 0, -0.892677, 0
1856, 0.545, -0.16, 0.72, 0, -0.691337, 0
1856, 0.69, -0.16, 0.84, 0, -0.691337, 0
1856, 0.835, -0.16, 0.96, 0, -0.691337, 0
1857, 0.4, -0.16, 0.84, 0, -0.39234, 0
1857, 0.545, -0.16, 0.9, 0, -0.39234, 0
1857, 0.69, -0.16, 0.96, 0, -0.39234, 0
1857, 0.835, -0.16, 1.02, 0, -0.39234, 0
1859, 0.4, -0.16, 1.32, 0, 0.39234, 0
1859, 0.545, -0.16, 1.26, 0, 0.39234, 0
1859, 0.69, -0.16, 1.2, 0, 0.39234, 0
1859, 0.835, -0.16, 1.14, 0, 0.39234, 0
1860, 0.69, -0.04, 0.6, -0.35318, -0.996359, 0.193525
1860, 0.835, -0.1, 0.84, -0.35318, -0.996359, 0.193525
1861, 0.545, 0.02, 0.54, -0.314934, -0.861978, 0.145763
1861, 0.69, -0.04, 0.72, -0.314934, -0.861978, 0.145763
1861, 0.835, -0.1, 0.9, -0.314934, -0.861978, 0.145763
1862, 0.545, 0.02, 0.72, -0.251149, -0.664377, 0.0870426
1862, 0.69, -0.04, 0.84, -0.251149, -0.664377, 0.0870426
1862, 0.835, -0.1, 0.96, -0.251149, -0.664377, 0.0870426
1863, 0.4, 0.08, 0.84, -0.193202, -0.374476, 0.0367136
1863, 0.545, 0.02, 0.9, -0.193202, -0.374476, 0.0367136
1863, 0.69, -0.04, 0.96, -0.193202, -0.374476, 0.0367136
1863, 0.835, -0.1, 1.02, -0.193202, -0.374476, 0.0367136
1864, 0.4, 0.08, 1.08, -0.39234, 0, 0
1864, 0.545, 0.02, 1.08, -0.39234, 0, 0
1864, 0.69, -0.04, 1.08, -0.39234, 0, 0
1864, 0.835, -0.1, 1.08, -0.39234, 0, 0
1865, 0.4, 0.08, 1.32, -0.193202, 0.374476, -0.0367136
1865, 0.545, 0.02, 1.26, -0.193202, 0.374476, -0.0367136
1865, 0.69, -0.04, 1.2, -0.193202, 0.374476, -0.0367136
1865, 0.835, -0.1, 1.14, -0.193202, 0.374476, -0.0367136
1866, 0.69, 0.08, 0.6, -0.648399, -0.918853, 0.329504
1866, 0.835, -0.04, 0.84, -0.648399, -0.918853, 0.329504
1867, 0.545, 0.2, 0.54, -0.617241, -0.779362, 0.260376
1867, 0.69, 0.08, 0.72, -0.617241, -0.779362, 0.260376
1867, 0.835, -0.04, 0.9, -0.617241, -0.779362, 0.260376
1868, 0.4, 0.32, 0.6, -0.583709, -0.580613, 0.179028
1868, 0.545, 0.2, 0.72, -0.583709, -0.580613, 0.179028
1868, 0.69, 0.08, 0.84, -0.583709, -0.580613, 0.179028
1868, 0.835, -0.04, 0.96, -0.583709, -0.580613, 0.179028
1869, 0.545, 0.2, 0.9, -0.601174, -0.310607, 0.0969873
1869, 0.69, 0.08, 0.96, -0.601174, -0.310607, 0.0969873
1869, 0.835, -0.04, 1.02, -0.601174, -0.310607, 0.0969873
1870, 0.69, 0.08, 1.08, -0.691337, 0, 0
1870, 0.835, -0.04, 1.08, -0.691337, 0, 0
1871, 0.4, 0.32, 1.32, -0.601174, 0.310607, -0.0969873
1871, 0.545, 0.2, 1.26, -0.601174, 0.310607, -0.0969873
1871, 0.69, 0.08, 1.2, -0.601174, 0.310607, -0.0969873
1871, 0.835, -0.04, 1.14, -0.601174, 0.310607, -0.0969873
1872, 0.69, 0.2, 0.6, -0.862705, -0.830826, 0.40058
1872, 0.835, 0.02, 0.84, -0.862705, -0.830826, 0.40058
1873, 0.69, 0.2, 0.72, -0.848778, -0.688125, 0.321021
1873, 0.835, 0.02, 0.9, -0.848778, -0.688125, 0.321021
1874, 0.545, 0.38, 0.72, -0.846478, -0.492952, 0.225702
1874, 0.69, 0.2, 0.84, -0.846478, -0.492952, 0.225702
1874, 0.835, 0.02, 0.96, -0.846478, -0.492952, 0.225702
1875, 0.69, 0.2, 0.96, -0.870133, -0.253012, 0.118086
1875, 0.835, 0.02, 1.02, -0.870133, -0.253012, 0.118086
1876, 0.545, 0.38, 1.08, -0.892677, 0, 0
1876, 0.69, 0.2, 1.08, -0.892677, 0, 0
1876, 0.835, 0.02, 1.08, -0.892677, 0, 0
1877, 0.545, 0.38, 1.26, -0.870133, 0.253012, -0.118086
1877, 0.69, 0.2, 1.2, -0.870133, 0.253012, -0.118086
1877, 0.835, 0.02, 1.14, -0.870133, 0.253012, -0.118086
1878, 0.69, 0.32, 0.6, -1.00858, -0.759068, 0.433351
1878, 0.835, 0.08, 0.84, -1.00858, -0.759068, 0.433351
1879, 0.69, 0.32, 0.72, -1.00124, -0.623125, 0.348814
1879, 0.835, 0.08, 0.9, -1.00124, -0.623125, 0.348814
1880, 0.69, 0.32, 0.84, -1.00384, -0.443125, 0.245997
1880, 0.835, 0.08, 0.96, -1.00384, -0.443125, 0.245997
1881, 0.69, 0.32, 0.96, -1.01808, -0.227623, 0.127415
1882, 0.69, 0.32, 1.08, -1.02732, 0, 0
1883, 0.545, 0.56, 1.26, -1.01808, 0.227623, -0.127415
1883, 0.69, 0.32, 1.2, -1.01808, 0.227623, -0.127415
1883, 0.835, 0.08, 1.14, -1.01808, 0.227623, -0.127415
1884, 0.835, 0.14, 0.84, -1.10883, -0.708722, 0.450407
1885, 0.69, 0.44, 0.72, -1.10258, -0.584121, 0.365611
1885, 0.835, 0.14, 0.9, -1.10258, -0.584121, 0.365611
1886, 0.835, 0.14, 0.96, -1.10405, -0.419958, 0.261027
1888, 0.69, 0.44, 1.08, -1.12057, 0, 0
1889, 0.69, 0.44, 1.2, -1.11403, 0.219194, -0.13685
1889, 0.835, 0.14, 1.14, -1.11403, 0.219194, -0.13685
1890, 0.69, -0.52, 0.72, 0.875401, -0.935061, -0.464017
1890, 0.835, -0.34, 1.02, 0.875401, -0.935061, -0.464017
1891, 0.69, -0.52, 0.84, 0.862705, -0.830826, -0.40058
1891, 0.835, -0.34, 1.08, 0.862705, -0.830826, -0.40058
1892, 0.545, -0.7, 0.78, 0.848778, -0.688125, -0.321021
1892, 0.69, -0.52, 0.96, 0.848778, -0.688125, -0.321021
1892, 0.835, -0.34, 1.14, 0.848778, -0.688125, -0.321021
1893, 0.545, -0.7, 0.96, 0.846478, -0.492952, -0.225702
1893, 0.69, -0.52, 1.08, 0.846478, -0.492952, -0.225702
1894, 0.4, -0.88, 1.08, 0.870133, -0.253012, -0.118086
1894, 0.69, -0.52, 1.2, 0.870133, -0.253012, -0.118086
1894, 0.835, -0.34, 1.26, 0.870133, -0.253012, -0.118086
1896, 0.69, -0.4, 0.72, 0.667608, -1.01923, -0.382855
1896, 0.835, -0.28, 1.02, 0.667608, -1.01923, -0.382855
1897, 0.69, -0.4, 0.84, 0.648399, -0.918853, -0.329504
1897, 0.835, -0.28, 1.08, 0.648399, -0.918853, -0.329504
1898, 0.545, -0.52, 0.78, 0.617241, -0.779362, -0.260376
1898, 0.69, -0.4, 0.96, 0.617241, -0.779362, -0.260376
1898, 0.835, -0.28, 1.14, 0.617241, -0.779362, -0.260376
1899, 0.545, -0.52, 0.96, 0.583709, -0.580613, -0.179028
1899, 0.69, -0.4, 1.08, 0.583709, -0.580613, -0.179028
1899, 0.835, -0.28, 1.2, 0.583709, -0.580613, -0.179028
1900, 0.835, -0.28, 1.26, 0.601174, -0.310607, -0.0969873
1901, 0.69, -0.4, 1.32, 0.691337, -0, 0
1902, 0.69, -0.28, 0.72, 0.372169, -1.09132, -0.227619
1902, 0.835, -0.22, 1.02, 0.372169, -1.09132, -0.227619
1903, 0.545, -0.34, 0.6, 0.35318, -0.996359, -0.193525
1903, 0.69, -0.28, 0.84, 0.35318, -0.996359, -0.193525
1903, 0.835, -0.22, 1.08, 0.35318, -0.996359, -0.193525
1904, 0.4, -0.4, 0.6, 0.314934, -0.861978, -0.145763
1904, 0.545, -0.34, 0.78, 0.314934, -0.861978, -0.145763
1904, 0.69, -0.28, 0.96, 0.314934, -0.861978, -0.145763
1904, 0.835, -0.22, 1.14, 0.314934, -0.861978, -0.145763
1905, 0.4, -0.4, 0.84, 0.251149, -0.664377, -0.0870426
1905, 0.545, -0.34, 0.96, 0.251149, -0.664377, -0.0870426
1905, 0.69, -0.28, 1.08, 0.251149, -0.664377, -0.0870426
1905, 0.835, -0.22, 1.2, 0.251149, -0.664377, -0.0870426
1906, 0.4, -0.4, 1.08, 0.193202, -0.374476, -0.0367136
1906, 0.69, -0.28, 1.2, 0.193202, -0.374476, -0.0367136
1907, 0.4, -0.4, 1.32, 0.39234, -0, 0
1907, 0.545, -0.34, 1.32, 0.39234, -0, 0
1907, 0.69, -0.28, 1.32, 0.39234, -0, 0
1907, 0.835, -0.22, 1.32, 0.39234, -0, 0
1908, 0.69, -0.16, 0.72, 0, -1.12057, 0
1908, 0.835, -0.16, 1.02, 0, -1.12057, 0
1909, 0.545, -0.16, 0.6, 0, -1.02732, 0
1909, 0.69, -0.16, 0.84, 0, -1.02732, 0
1909, 0.835, -0.16, 1.08, 0, -1.02732, 0
1910, 0.545, -0.16, 0.78, 0, -0.892677, 0
1910, 0.69, -0.16, 0.96, 0, -0.892677, 0
1910, 0.835, -0.16, 1.14, 0, -0.892677, 0
1911, 0.4, -0.16, 0.84, 0, -0.691337, 0
1911, 0.545, -0.16, 0.96, 0, -0.691337, 0
1911, 0.69, -0.16, 1.08, 0, -0.691337, 0
1911, 0.835, -0.16, 1.2, 0, -0.691337, 0
1912, 0.4, -0.16, 1.08, 0, -0.39234, 0
1912, 0.545, -0.16, 1.14, 0, -0.39234, 0
1912, 0.835, -0.16, 1.26, 0, -0.39234, 0
1914, 0.69, -0.04, 0.72, -0.372169, -1.09132, 0.227619
1914, 0.835, -0.1, 1.02, -0.372169, -1.09132, 0.227619
1915, 0.545, 0.02, 0.6, -0.35318, -0.996359, 0.193525
1915, 0.69, -0.04, 0.84, -0.35318, -0.996359, 0.193525
1915, 0.835, -0.1, 1.08, -0.35318, -0.996359, 0.193525
1916, 0.545, 0.02, 0.78, -0.314934, -0.861978, 0.145763
1916, 0.69, -0.04, 0.96, -0.314934, -0.861978, 0.145763
1916, 0.835, -0.1, 1.14, -0.314934, -0.861978, 0.145763
1917, 0.4, 0.08, 0.84, -0.251149, -0.664377, 0.0870426
1917, 0.545, 0.02, 0.96, -0.251149, -0.664377, 0.0870426
1917, 0.69, -0.04, 1.08, -0.251149, -0.664377, 0.0870426
1917, 0.835, -0.1, 1.2, -0.251149, -0.664377, 0.0870426
1918, 0.4, 0.08, 1.08, -0.193202, -0.374476, 0.0367136
1918, 0.69, -0.04, 1.2, -0.193202, -0.374476, 0.0367136
1918, 0.835, -0.1, 1.26, -0.193202, -0.374476, 0.0367136
1919, 0.4, 0.08, 1.32, -0.39234, 0, 0
1919, 0.545, 0.02, 1.32, -0.39234, 0, 0
1919, 0.69, -0.04, 1.32, -0.39234, 0, 0
1919, 0.835, -0.1, 1.32, -0.39234, 0, 0
1920, 0.69, 0.08, 0.72, -0.667608, -1.01923, 0.382855
1920, 0.835, -0.04, 1.02, -0.667608, -1.01923, 0.382855
1921, 0.545, 0.2, 0.6, -0.648399, -0.918853, 0.329504
1921, 0.69, 0.08, 0.84, -0.648399, -0.918853, 0.329504
1921, 0.835, -0.04, 1.08, -0.648399, -0.918853, 0.329504
1922, 0.4, 0.32, 0.6, -0.617241, -0.779362, 0.260376
1922, 0.545, 0.2, 0.78, -0.617241, -0.779362, 0.260376
1922, 0.69, 0.08, 0.96, -0.617241, -0.779362, 0.260376
1922, 0.835, -0.04, 1.14, -0.617241, -0.779362, 0.260376
1923, 0.545, 0.2, 0.96, -0.583709, -0.580613, 0.179028
1923, 0.69, 0.08, 1.08, -0.583709, -0.580613, 0.179028
1923, 0.835, -0.04, 1.2, -0.583709, -0.580613, 0.179028
1924, 0.4, 0.32, 1.08, -0.601174, -0.310607, 0.0969873
1924, 0.835, -0.04, 1.26, -0.601174, -0.310607, 0.0969873
1925, 0.4, 0.32, 1.32, -0.691337, 0, 0
1925, 0.545, 0.2, 1.32, -0.691337, 0, 0
1925, 0.69, 0.08, 1.32, -0.691337, 0, 0
1925, 0.835, -0.04, 1.32, -0.691337, 0, 0
1926, 0.69, 0.2, 0.72, -0.875401, -0.935061, 0.464017
1926, 0.835, 0.02, 1.02, -0.875401, -0.935061, 0.464017
1927, 0.69, 0.2, 0.84, -0.862705, -0.830826, 0.40058
1927, 0.835, 0.02, 1.08, -0.862705, -0.830826, 0.40058
1928, 0.545, 0.38, 0.78, -0.848778, -0.688125, 0.321021
1928, 0.69, 0.2, 0.96, -0.848778, -0.688125, 0.321021
1928, 0.835, 0.02, 1.14, -0.848778, -0.688125, 0.321021
1929, 0.835, 0.02, 1.2, -0.846478, -0.492952, 0.225702
1930, 0.4, 0.56, 1.08, -0.870133, -0.253012, 0.118086
1930, 0.545, 0.38, 1.14, -0.870133, -0.253012, 0.118086
1930, 0.69, 0.2, 1.2, -0.870133, -0.253012, 0.118086
1931, 0.69, 0.2, 1.32, -0.892677, 0, 0
1931, 0.835, 0.02, 1.32, -0.892677, 0, 0
1932, 0.69, 0.32, 0.72, -1.01766, -0.860773, 0.501404
1932, 0.835, 0.08, 1.02, -1.01766, -0.860773, 0.501404
1933, 0.69, 0.32, 0.84, -1.00858, -0.759068, 0.433351
1933, 0.835, 0.08, 1.08, -1.00858, -0.759068, 0.433351
1934, 0.69, 0.32, 0.96, -1.00124, -0.623125, 0.348814
1934, 0.835, 0.08, 1.14, -1.00124, -0.623125, 0.348814
1935, 0.545, 0.56, 0.96, -1.00384, -0.443125, 0.245997
1935, 0.69, 0.32, 1.08, -1.00384, -0.443125, 0.245997
1936, 0.545, 0.56, 1.14, -1.01808, -0.227623, 0.127415
1937, 0.545, 0.56, 1.32, -1.02732, 0, 0
1937, 0.69, 0.32, 1.32, -1.02732, 0, 0
1937, 0.835, 0.08, 1.32, -1.02732, 0, 0
1938, 0.835, 0.14, 1.02, -1.11693, -0.803431, 0.518897
1939, 0.69, 0.44, 0.84, -1.10883, -0.708722, 0.450407
1939, 0.835, 0.14, 1.08, -1.10883, -0.708722, 0.450407
1940, 0.69, 0.44, 0.96, -1.10258, -0.584121, 0.365611
1940, 0.835, 0.14, 1.14, -1.10258, -0.584121, 0.365611
1942, 0.69, 0.44, 1.2, -1.11403, -0.219194, 0.13685
1942, 0.835, 0.14, 1.26, -1.11403, -0.219194, 0.13685
1943, 0.69, 0.44, 1.32, -1.12057, 0, 0
1943, 0.835, 0.14, 1.32, -1.12057, 0, 0
1944, 0.69, -0.52, 0.84, 0.883708, -1.01459, -0.514211
1944, 0.835, -0.34, 1.2, 0.883708, -1.01459, -0.514211
1945, 0.69, -0.52, 0.96, 0.875401, -0.935061, -0.464017
1945, 0.835, -0.34, 1.26, 0.875401, -0.935061, -0.464017
1946, 0.545, -0.7, 0.84, 0.862705, -0.830826, -0.40058
1946, 0.69, -0.52, 1.08, 0.862705, -0.830826, -0.40058
1947, 0.69, -0.52, 1.2, 0.848778, -0.688125, -0.321021
1950, 0.69, -0.4, 0.84, 0.678124, -1.09455, -0.423383
1950, 0.835, -0.28, 1.2, 0.678124, -1.09455, -0.423383
1951, 0.69, -0.4, 0.96, 0.667608, -1.01923, -0.382855
1951, 0.835, -0.28, 1.26, 0.667608, -1.01923, -0.382855
1952, 0.545, -0.52, 0.84, 0.648399, -0.918853, -0.329504
1952, 0.69, -0.4, 1.08, 0.648399, -0.918853, -0.329504
1952, 0.835, -0.28, 1.32, 0.648399, -0.918853, -0.329504
1953, 0.4, -0.64, 0.84, 0.617241, -0.779362, -0.260376
1953, 0.545, -0.52, 1.02, 0.617241, -0.779362, -0.260376
1953, 0.69, -0.4, 1.2, 0.617241, -0.779362, -0.260376
1956, 0.69, -0.28, 0.84, 0.381364, -1.16106, -0.251882
1956, 0.835, -0.22, 1.2, 0.381364, -1.16106, -0.251882
1957, 0.545, -0.34, 0.66, 0.372169, -1.09132, -0.227619
1957, 0.69, -0.28, 0.96, 0.372169, -1.09132, -0.227619
1957, 0.835, -0.22, 1.26, 0.372169, -1.09132, -0.227619
1958, 0.545, -0.34, 0.84, 0.35318, -0.996359, -0.193525
1958, 0.69, -0.28, 1.08, 0.35318, -0.996359, -0.193525
1958, 0.835, -0.22, 1.32, 0.35318, -0.996359, -0.193525
1959, 0.4, -0.4, 0.84, 0.314934, -0.861978, -0.145763
1959, 0.545, -0.34, 1.02, 0.314934, -0.861978, -0.145763
1959, 0.69, -0.28, 1.2, 0.314934, -0.861978, -0.145763
1960, 0.4, -0.4, 1.08, 0.251149, -0.664377, -0.0870426
1960, 0.69, -0.28, 1.32, 0.251149, -0.664377, -0.0870426
1961, 0.545, -0.34, 1.38, 0.193202, -0.374476, -0.0367136
1962, 0.69, -0.16, 0.84, 0, -1.1879, 0
1962, 0.835, -0.16, 1.2, 0, -1.1879, 0
1963, 0.545, -0.16, 0.66, 0, -1.12057, 0
1963, 0.69, -0.16, 0.96, 0, -1.12057, 0
1963, 0.835, -0.16, 1.26, 0, -1.12057, 0
1964, 0.545, -0.16, 0.84, 0, -1.02732, 0
1964, 0.69, -0.16, 1.08, 0, -1.02732, 0
1964, 0.835, -0.16, 1.32, 0, -1.02732, 0
1965, 0.4, -0.16, 0.84, 0, -0.892677, 0
1965, 0.545, -0.16, 1.02, 0, -0.892677, 0
1965, 0.69, -0.16, 1.2, 0, -0.892677, 0
1965, 0.835, -0.16, 1.38, 0, -0.892677, 0
1966, 0.4, -0.16, 1.08, 0, -0.691337, 0
1966, 0.545, -0.16, 1.2, 0, -0.691337, 0
1966, 0.69, -0.16, 1.32, 0, -0.691337, 0
1967, 0.545, -0.16, 1.38, 0, -0.39234, 0
1967, 0.69, -0.16, 1.44, 0, -0.39234, 0
1968, 0.69, -0.04, 0.84, -0.381364, -1.16106, 0.251882
1968, 0.835, -0.1, 1.2, -0.381364, -1.16106, 0.251882
1969, 0.545, 0.02, 0.66, -0.372169, -1.09132, 0.227619
1969, 0.69, -0.04, 0.96, -0.372169, -1.09132, 0.227619
1969, 0.835, -0.1, 1.26, -0.372169, -1.09132, 0.227619
1970, 0.545, 0.02, 0.84, -0.35318, -0.996359, 0.193525
1970, 0.69, -0.04, 1.08, -0.35318, -0.996359, 0.193525
1970, 0.835, -0.1, 1.32, -0.35318, -0.996359, 0.193525
1971, 0.4, 0.08, 0.84, -0.314934, -0.861978, 0.145763
1971, 0.545, 0.02, 1.02, -0.314934, -0.861978, 0.145763
1971, 0.69, -0.04, 1.2, -0.314934, -0.861978, 0.145763
1971, 0.835, -0.1, 1.38, -0.314934, -0.861978, 0.145763
1972, 0.4, 0.08, 1.08, -0.251149, -0.664377, 0.0870426
1972, 0.545, 0.02, 1.2, -0.251149, -0.664377, 0.0870426
1972, 0.69, -0.04, 1.32, -0.251149, -0.664377, 0.0870426
1973, 0.545, 0.02, 1.38, -0.193202, -0.374476, 0.0367136
1973, 0.69, -0.04, 1.44, -0.193202, -0.374476, 0.0367136
1974, 0.69, 0.08, 0.84, -0.678124, -1.09455, 0.423383
1974, 0.835, -0.04, 1.2, -0.678124, -1.09455, 0.423383
1975, 0.545, 0.2, 0.66, -0.667608, -1.01923, 0.382855
1975, 0.69, 0.08, 0.96, -0.667608, -1.01923, 0.382855
1975, 0.835, -0.04, 1.26, -0.667608, -1.01923, 0.382855
1976, 0.545, 0.2, 0.84, -0.648399, -0.918853, 0.329504
1976, 0.69, 0.08, 1.08, -0.648399, -0.918853, 0.329504
1976, 0.835, -0.04, 1.32, -0.648399, -0.918853, 0.329504
1977, 0.4, 0.32, 0.84, -0.617241, -0.779362, 0.260376
1977, 0.545, 0.2, 1.02, -0.617241, -0.779362, 0.260376
1977, 0.69, 0.08, 1.2, -0.617241, -0.779362, 0.260376
1977, 0.835, -0.04, 1.38, -0.617241, -0.779362, 0.260376
1978, 0.4, 0.32, 1.08, -0.583709, -0.580613, 0.179028
1978, 0.545, 0.2, 1.2, -0.583709, -0.580613, 0.179028
1979, 0.545, 0.2, 1.38, -0.601174, -0.310607, 0.0969873
1979, 0.69, 0.08, 1.44, -0.601174, -0.310607, 0.0969873
1980, 0.69, 0.2, 0.84, -0.883708, -1.01459, 0.514211
1980, 0.835, 0.02, 1.2, -0.883708, -1.01459, 0.514211
1981, 0.69, 0.2, 0.96, -0.875401, -0.935061, 0.464017
1981, 0.835, 0.02, 1.26, -0.875401, -0.935061, 0.464017
1982, 0.545, 0.38, 0.84, -0.862705, -0.830826, 0.40058
1982, 0.69, 0.2, 1.08, -0.862705, -0.830826, 0.40058
1982, 0.835, 0.02, 1.32, -0.862705, -0.830826, 0.40058
1983, 0.4, 0.56, 0.84, -0.848778, -0.688125, 0.321021
1983, 0.545, 0.38, 1.02, -0.848778, -0.688125, 0.321021
1983, 0.835, 0.02, 1.38, -0.848778, -0.688125, 0.321021
1985, 0.545, 0.38, 1.38, -0.870133, -0.253012, 0.118086
1986, 0.69, 0.32, 0.84, -1.02447, -0.940021, 0.556455
1986, 0.835, 0.08, 1.2, -1.02447, -0.940021, 0.556455
1987, 0.69, 0.32, 0.96, -1.01766, -0.860773, 0.501404
1987, 0.835, 0.08, 1.26, -1.01766, -0.860773, 0.501404
1988, 0.545, 0.56, 0.84, -1.00858, -0.759068, 0.433351
1988, 0.69, 0.32, 1.08, -1.00858, -0.759068, 0.433351
1988, 0.835, 0.08, 1.32, -1.00858, -0.759068, 0.433351
1989, 0.545, 0.56, 1.02, -1.00124, -0.623125, 0.348814
1989, 0.69, 0.32, 1.2, -1.00124, -0.623125, 0.348814
1990, 0.4, 0.8, 1.08, -1.00384, -0.443125, 0.245997
1992, 0.69, 0.44, 0.84, -1.12342, -0.878604, 0.575092
1992, 0.835, 0.14, 1.2, -1.12342, -0.878604, 0.575092
1993, 0.69, 0.44, 0.96, -1.11693, -0.803431, 0.518897
1993, 0.835, 0.14, 1.26, -1.11693, -0.803431, 0.518897
1994, 0.69, 0.44, 1.08, -1.10883, -0.708722, 0.450407
1994, 0.835, 0.14, 1.32, -1.10883, -0.708722, 0.450407
1995, 0.4, 1.04, 0.84, -1.10258, -0.584121, 0.365611
1995, 0.545, 0.74, 1.02, -1.10258, -0.584121, 0.365611
1995, 0.69, 0.44, 1.2, -1.10258, -0.584121, 0.365611
1996, 0.69, 0.44, 1.32, -1.10405, -0.419958, 0.261027
1998, 0.05, -0.52, 1.455, 0.346229, -0.111014, -0.0194318
1999, -0.415, -0.52, 1.4025, 0.202501, -0.111014, -0.0112903
1999, 0.05, -0.4, 1.455, 0.202501, -0.111014, -0.0112903
2000, 0.05, -0.28, 1.455, 0.0566011, -0.111995, -0.00317368
2000, 0.515, -0.22, 1.5075, 0.0566011, -0.111995, -0.00317368
2001, 0.05, -0.16, 1.455, 0, -0.112427, 0
2001, 0.515, -0.16, 1.5075, 0, -0.112427, 0
2002, 0.05, -0.04, 1.455, -0.0566011, -0.111995, 0.00317368
2002, 0.515, -0.1, 1.5075, -0.0566011, -0.111995, 0.00317368
2003, 0.05, 0.08, 1.455, -0.202501, -0.111014, 0.0112903
2003, 0.515, -0.04, 1.5075, -0.202501, -0.111014, 0.0112903
2004, 0.17, -0.52, 1.455, 0.393349, -0.124629, -0.0248633
2005, -0.235, -0.52, 1.4025, 0.232152, -0.126138, -0.014727
2006, -0.235, -0.34, 1.4025, 0.0651396, -0.128205, -0.00418282
2006, 0.17, -0.28, 1.455, 0.0651396, -0.128205, -0.00418282
2007, 0.17, -0.16, 1.455, 0, -0.128911, 0
2008, -0.235, 0.02, 1.4025, -0.0651396, -0.128205, 0.00418282
2008, 0.17, -0.04, 1.455, -0.0651396, -0.128205, 0.00418282
2009, -0.64, 0.32, 1.35, -0.232152, -0.126138, 0.014727
2009, 0.17, 0.08, 1.455, -0.232152, -0.126138, 0.014727
2009, 0.575, -0.04, 1.5075, -0.232152, -0.126138, 0.014727
2010, 0.29, -0.52, 1.455, 0.454389, -0.141426, -0.0327473
2011, -0.4, -0.64, 1.35, 0.271847, -0.145707, -0.0199626
2011, 0.29, -0.4, 1.455, 0.271847, -0.145707, -0.0199626
2012, -0.055, -0.34, 1.4025, 0.0767458, -0.149807, -0.00576213
2012, 0.29, -0.28, 1.455, 0.0767458, -0.149807, -0.00576213
2013, -0.055, -0.16, 1.4025, 0, -0.151015, 0
2013, 0.29, -0.16, 1.455, 0, -0.151015, 0
2014, -0.055, 0.02, 1.4025, -0.0767458, -0.149807, 0.00576213
2014, 0.29, -0.04, 1.455, -0.0767458, -0.149807, 0.00576213
2015, 0.29, 0.08, 1.455, -0.271847, -0.145707, 0.0199626
2017, 0.41, -0.4, 1.455, 0.327578, -0.171723, -0.0284485
2018, 0.125, -0.34, 1.4025, 0.0934595, -0.179944, -0.00843759
2018, 0.41, -0.28, 1.455, 0.0934595, -0.179944, -0.00843759
2019, 0.125, -0.16, 1.4025, 0, -0.182168, 0
2019, 0.41, -0.16, 1.455, 0, -0.182168, 0
2020, -0.16, 0.08, 1.35, -0.0934595, -0.179944, 0.00843759
2020, 0.125, 0.02, 1.4025, -0.0934595, -0.179944, 0.00843759
2020, 0.41, -0.04, 1.455, -0.0934595, -0.179944, 0.00843759
2021, 0.125, 0.2, 1.4025, -0.327578, -0.171723, 0.0284485
2021, 0.41, 0.08, 1.455, -0.327578, -0.171723, 0.0284485
2023, 0.08, -0.64, 1.35, 0.410958, -0.207099, -0.0433119
2023, 0.305, -0.52, 1.4025, 0.410958, -0.207099, -0.0433119
2023, 0.53, -0.4, 1.455, 0.410958, -0.207099, -0.0433119
2024, 0.305, -0.34, 1.4025, 0.119668, -0.22465, -0.0135144
2024, 0.53, -0.28, 1.455, 0.119668, -0.22465, -0.0135144
2025, 0.08, -0.16, 1.35, 0, -0.229232, 0
2025, 0.305, -0.16, 1.4025, 0, -0.229232, 0
2025, 0.53, -0.16, 1.455, 0, -0.229232, 0
2026, 0.08, 0.08, 1.35, -0.119668, -0.22465, 0.0135144
2026, 0.305, 0.02, 1.4025, -0.119668, -0.22465, 0.0135144
2026, 0.53, -0.04, 1.455, -0.119668, -0.22465, 0.0135144
2027, 0.305, 0.2, 1.4025, -0.410958, -0.207099, 0.0433119
2027, 0.53, 0.08, 1.455, -0.410958, -0.207099, 0.0433119
2029, 0.32, -0.64, 1.35, 0.546699, -0.254588, -0.0717354
2029, 0.485, -0.52, 1.4025, 0.546699, -0.254588, -0.0717354
2030, 0.485, -0.34, 1.4025, 0.16684, -0.29675, -0.0249948
2030, 0.65, -0.28, 1.455, 0.16684, -0.29675, -0.0249948
2031, 0.32, -0.16, 1.35, 0, -0.308053, 0
2031, 0.485, -0.16, 1.4025, 0, -0.308053, 0
2031, 0.65, -0.16, 1.455, 0, -0.308053, 0
2032, 0.32, 0.08, 1.35, -0.16684, -0.29675, 0.0249948
2032, 0.485, 0.02, 1.4025, -0.16684, -0.29675, 0.0249948
2032, 0.65, -0.04, 1.455, -0.16684, -0.29675, 0.0249948
2033, 0.485, 0.2, 1.4025, -0.546699, -0.254588, 0.0717354
2033, 0.65, 0.08, 1.455, -0.546699, -0.254588, 0.0717354
2036, 0.665, -0.34, 1.4025, 0.276448, -0.425365, -0.0600637
2037, 0.665, -0.16, 1.4025, 0, -0.463648, 0
2038, 0.56, 0.08, 1.35, -0.276448, -0.425365, 0.0600637
2038, 0.665, 0.02, 1.4025, -0.276448, -0.425365, 0.0600637
2039, 0.665, 0.2, 1.4025, -0.789226, -0.305204, 0.127926
2043, 0.8, -0.16, 1.35, 0, -0.86217, 0
2052, 0.69, -0.52, 0.96, 0.88849, -1.07758, -0.554412
2053, 0.69, -0.52, 1.08, 0.883708, -1.01459, -0.514211
2054, 0.545, -0.7, 0.9, 0.875401, -0.935061, -0.464017
2054, 0.69, -0.52, 1.2, 0.875401, -0.935061, -0.464017
2055, 0.69, -0.52, 1.32, 0.862705, -0.830826, -0.40058
2058, 0.69, -0.4, 0.96, 0.68377, -1.15293, -0.454708
2059, 0.545, -0.52, 0.72, 0.678124, -1.09455, -0.423383
2059, 0.69, -0.4, 1.08, 0.678124, -1.09455, -0.423383
2060, 0.545, -0.52, 0.9, 0.667608, -1.01923, -0.382855
2060, 0.69, -0.4, 1.2, 0.667608, -1.01923, -0.382855
2061, 0.4, -0.64, 0.84, 0.648399, -0.918853, -0.329504
2061, 0.545, -0.52, 1.08, 0.648399, -0.918853, -0.329504
2061, 0.69, -0.4, 1.32, 0.648399, -0.918853, -0.329504
2062, 0.4, -0.64, 1.08, 0.617241, -0.779362, -0.260376
2062, 0.545, -0.52, 1.26, 0.617241, -0.779362, -0.260376
2064, 0.69, -0.28, 0.96, 0.385996, -1.21397, -0.269782
2065, 0.545, -0.34, 0.72, 0.381364, -1.16106, -0.251882
2065, 0.69, -0.28, 1.08, 0.381364, -1.16106, -0.251882
2066, 0.545, -0.34, 0.9, 0.372169, -1.09132, -0.227619
2066, 0.69, -0.28, 1.2, 0.372169, -1.09132, -0.227619
2067, 0.4, -0.4, 0.84, 0.35318, -0.996359, -0.193525
2067, 0.545, -0.34, 1.08, 0.35318, -0.996359, -0.193525
2067, 0.69, -0.28, 1.32, 0.35318, -0.996359, -0.193525
2068, 0.4, -0.4, 1.08, 0.314934, -0.861978, -0.145763
2068, 0.545, -0.34, 1.26, 0.314934, -0.861978, -0.145763
2068, 0.69, -0.28, 1.44, 0.314934, -0.861978, -0.145763
2069, 0.545, -0.34, 1.44, 0.251149, -0.664377, -0.0870426
2070, 0.69, -0.16, 0.96, 0, -1.23837, 0
2070, 0.835, -0.16, 1.38, 0, -1.23837, 0
2071, 0.545, -0.16, 0.72, 0, -1.1879, 0
2071, 0.69, -0.16, 1.08, 0, -1.1879, 0
2072, 0.545, -0.16, 0.9, 0, -1.12057, 0
2072, 0.69, -0.16, 1.2, 0, -1.12057, 0
2073, 0.4, -0.16, 0.84, 0, -1.02732, 0
2073, 0.545, -0.16, 1.08, 0, -1.02732, 0
2073, 0.69, -0.16, 1.32, 0, -1.02732, 0
2074, 0.4, -0.16, 1.08, 0, -0.892677, 0
2074, 0.545, -0.16, 1.26, 0, -0.892677, 0
2074, 0.69, -0.16, 1.44, 0, -0.892677, 0
2075, 0.545, -0.16, 1.44, 0, -0.691337, 0
2076, 0.69, -0.04, 0.96, -0.385996, -1.21397, 0.269782
2076, 0.835, -0.1, 1.38, -0.385996, -1.21397, 0.269782
2077, 0.545, 0.02, 0.72, -0.381364, -1.16106, 0.251882
2077, 0.69, -0.04, 1.08, -0.381364, -1.16106, 0.251882
2078, 0.545, 0.02, 0.9, -0.372169, -1.09132, 0.227619
2078, 0.69, -0.04, 1.2, -0.372169, -1.09132, 0.227619
2079, 0.4, 0.08, 0.84, -0.35318, -0.996359, 0.193525
2079, 0.545, 0.02, 1.08, -0.35318, -0.996359, 0.193525
2079, 0.69, -0.04, 1.32, -0.35318, -0.996359, 0.193525
2080, 0.4, 0.08, 1.08, -0.314934, -0.861978, 0.145763
2080, 0.545, 0.02, 1.26, -0.314934, -0.861978, 0.145763
2080, 0.69, -0.04, 1.44, -0.314934, -0.861978, 0.145763
2082, 0.69, 0.08, 0.96, -0.68377, -1.15293, 0.454708
2082, 0.835, -0.04, 1.38, -0.68377, -1.15293, 0.454708
2083, 0.545, 0.2, 0.72, -0.678124, -1.09455, 0.423383
2083, 0.69, 0.08, 1.08, -0.678124, -1.09455, 0.423383
2084, 0.545, 0.2, 0.9, -0.667608, -1.01923, 0.382855
2084, 0.69, 0.08, 1.2, -0.667608, -1.01923, 0.382855
2085, 0.4, 0.32, 0.84, -0.648399, -0.918853, 0.329504
2085, 0.545, 0.2, 1.08, -0.648399, -0.918853, 0.329504
2085, 0.69, 0.08, 1.32, -0.648399, -0.918853, 0.329504
2086, 0.4, 0.32, 1.08, -0.617241, -0.779362, 0.260376
2088, 0.69, 0.2, 0.96, -0.88849, -1.07758, 0.554412
2088, 0.835, 0.02, 1.38, -0.88849, -1.07758, 0.554412
2089, 0.545, 0.38, 0.72, -0.883708, -1.01459, 0.514211
2089, 0.69, 0.2, 1.08, -0.883708, -1.01459, 0.514211
2090, 0.545, 0.38, 0.9, -0.875401, -0.935061, 0.464017
2090, 0.69, 0.2, 1.2, -0.875401, -0.935061, 0.464017
2091, 0.4, 0.56, 0.84, -0.862705, -0.830826, 0.40058
2091, 0.545, 0.38, 1.08, -0.862705, -0.830826, 0.40058
2091, 0.69, 0.2, 1.32, -0.862705, -0.830826, 0.40058
2092, 0.4, 0.56, 1.08, -0.848778, -0.688125, 0.321021
2092, 0.545, 0.38, 1.26, -0.848778, -0.688125, 0.321021
2094, 0.69, 0.32, 0.96, -1.0286, -1.00429, 0.60166
2094, 0.835, 0.08, 1.38, -1.0286, -1.00429, 0.60166
2095, 0.69, 0.32, 1.08, -1.02447, -0.940021, 0.556455
2096, 0.545, 0.56, 0.9, -1.01766, -0.860773, 0.501404
2096, 0.69, 0.32, 1.2, -1.01766, -0.860773, 0.501404
2097, 0.545, 0.56, 1.08, -1.00858, -0.759068, 0.433351
2097, 0.69, 0.32, 1.32, -1.00858, -0.759068, 0.433351
2100, 0.69, 0.44, 0.96, -1.12753, -0.940897, 0.62212
2101, 0.69, 0.44, 1.08, -1.12342, -0.878604, 0.575092
2102, 0.69, 0.44, 1.2, -1.11693, -0.803431, 0.518897
2103, 0.545, 0.74, 1.08, -1.10883, -0.708722, 0.450407
2108, -0.415, -0.34, 1.4625, 0.0659857, -0.236393, -0.00783861
2109, -0.415, -0.16, 1.4625, 0, -0.237374, 0
2109, 0.05, -0.16, 1.575, 0, -0.237374, 0
2110, -0.415, 0.02, 1.4625, -0.0659857, -0.236393, 0.00783861
2111, -0.415, 0.2, 1.4625, -0.17943, -0.234542, 0.0211951
2111, 0.05, 0.08, 1.575, -0.17943, -0.234542, 0.0211951
2113, -0.235, -0.52, 1.4625, 0.206668, -0.265692, -0.0277147
2114, -0.64, -0.4, 1.35, 0.0762738, -0.269403, -0.0103417
2114, -0.235, -0.34, 1.4625, 0.0762738, -0.269403, -0.0103417
2115, -0.235, -0.16, 1.4625, 0, -0.270947, 0
2115, 0.17, -0.16, 1.575, 0, -0.270947, 0
2116, -0.235, 0.02, 1.4625, -0.0762738, -0.269403, 0.0103417
2116, 0.17, -0.04, 1.575, -0.0762738, -0.269403, 0.0103417
2117, -0.64, 0.32, 1.35, -0.206668, -0.265692, 0.0277147
2117, -0.235, 0.2, 1.4625, -0.206668, -0.265692, 0.0277147
2117, 0.17, 0.08, 1.575, -0.206668, -0.265692, 0.0277147
2119, -0.4, -0.64, 1.35, 0.243651, -0.305562, -0.0376999
2119, -0.055, -0.52, 1.4625, 0.243651, -0.305562, -0.0376999
2120, -0.4, -0.4, 1.35, 0.0904513, -0.312669, -0.0142665
2120, -0.055, -0.34, 1.4625, 0.0904513, -0.312669, -0.0142665
2121, -0.055, -0.16, 1.4625, 0, -0.315215, 0
2122, -0.055, 0.02, 1.4625, -0.0904513, -0.312669, 0.0142665
2122, 0.29, -0.04, 1.575, -0.0904513, -0.312669, 0.0142665
2123, -0.055, 0.2, 1.4625, -0.243651, -0.305562, 0.0376999
2123, 0.29, 0.08, 1.575, -0.243651, -0.305562, 0.0376999
2126, 0.125, -0.34, 1.4625, 0.111272, -0.371477, -0.0209294
2127, -0.16, -0.16, 1.35, 0, -0.375961, 0
2127, 0.125, -0.16, 1.4625, 0, -0.375961, 0
2128, -0.16, 0.08, 1.35, -0.111272, -0.371477, 0.0209294
2128, 0.125, 0.02, 1.4625, -0.111272, -0.371477, 0.0209294
2129, -0.16, 0.32, 1.35, -0.296591, -0.357722, 0.054005
2129, 0.125, 0.2, 1.4625, -0.296591, -0.357722, 0.054005
2131, 0.08, -0.64, 1.35, 0.377905, -0.426973, -0.0828676
2131, 0.305, -0.52, 1.4625, 0.377905, -0.426973, -0.0828676
2133, 0.305, -0.16, 1.4625, 0, -0.463648, 0
2134, 0.08, 0.08, 1.35, -0.144855, -0.454976, 0.0335888
2134, 0.305, 0.02, 1.4625, -0.144855, -0.454976, 0.0335888
2139, 0.485, -0.16, 1.4625, 0, -0.598419, 0
2140, 0.485, 0.02, 1.4625, -0.207593, -0.57918, 0.0620588
2141, 0.485, 0.2, 1.4625, -0.514585, -0.51704, 0.138936
2145, 0.56, -0.16, 1.35, 0, -0.819867, 0
2145, 0.665, -0.16, 1.4625, 0, -0.819867, 0
2146, 0.56, 0.08, 1.35, -0.35653, -0.76702, 0.145144
2151, 0.8, -0.16, 1.35, 0, -1.19029, 0
2152, 0.8, 0.08, 1.35, -0.826161, -0.986026, 0.462538
2160, 0.4, -0.88, 0.12, 1.02732, -0, 0
2160, 0.545, -0.64, 0.12, 1.02732, -0, 0
2160, 0.69, -0.4, 0.12, 1.02732, -0, 0
2160, 0.835, -0.16, 0.12, 1.02732, -0, 0
2161, 0.4, -0.88, 0.36, 1.01808, 0.227623, 0.127415
2161, 0.545, -0.64, 0.3, 1.01808, 0.227623, 0.127415
2161, 0.69, -0.4, 0.24, 1.01808, 0.227623, 0.127415
2161, 0.835, -0.16, 0.18, 1.01808, 0.227623, 0.127415
2162, 0.69, -0.4, 0.36, 1.00384, 0.443125, 0.245997
2162, 0.835, -0.16, 0.24, 1.00384, 0.443125, 0.245997
2163, 0.835, -0.16, 0.3, 1.00124, 0.623125, 0.348814
2164, 0.545, -0.64, 0.84, 1.00858, 0.759068, 0.433351
2164, 0.69, -0.4, 0.6, 1.00858, 0.759068, 0.433351
2165, 0.545, -0.64, 1.02, 1.01766, 0.860773, 0.501404
2165, 0.69, -0.4, 0.72, 1.01766, 0.860773, 0.501404
2166, 0.545, -0.46, 0.12, 0.892677, -0, 0
2166, 0.69, -0.28, 0.12, 0.892677, -0, 0
2166, 0.835, -0.1, 0.12, 0.892677, -0, 0
2167, 0.545, -0.46, 0.3, 0.870133, 0.253012, 0.118086
2167, 0.69, -0.28, 0.24, 0.870133, 0.253012, 0.118086
2167, 0.835, -0.1, 0.18, 0.870133, 0.253012, 0.118086
2168, 0.835, -0.1, 0.24, 0.846478, 0.492952, 0.225702
2170, 0.545, -0.46, 0.84, 0.862705, 0.830826, 0.40058
2170, 0.835, -0.1, 0.36, 0.862705, 0.830826, 0.40058
2171, 0.545, -0.46, 1.02, 0.875401, 0.935061, 0.464017
2171, 0.69, -0.28, 0.72, 0.875401, 0.935061, 0.464017
2171, 0.835, -0.1, 0.42, 0.875401, 0.935061, 0.464017
2172, 0.4, -0.4, 0.12, 0.691337, -0, 0
2172, 0.545, -0.28, 0.12, 0.691337, -0, 0
2172, 0.69, -0.16, 0.12, 0.691337, -0, 0
2172, 0.835, -0.04, 0.12, 0.691337, -0, 0
2173, 0.4, -0.4, 0.36, 0.601174, 0.310607, 0.0969873
2173, 0.545, -0.28, 0.3, 0.601174, 0.310607, 0.0969873
2173, 0.69, -0.16, 0.24, 0.601174, 0.310607, 0.0969873
2173, 0.835, -0.04, 0.18, 0.601174, 0.310607, 0.0969873
2174, 0.4, -0.4, 0.6, 0.583709, 0.580613, 0.179028
2174, 0.69, -0.16, 0.36, 0.583709, 0.580613, 0.179028
2174, 0.835, -0.04, 0.24, 0.583709, 0.580613, 0.179028
2175, 0.4, -0.4, 0.84, 0.617241, 0.779362, 0.260376
2175, 0.545, -0.28, 0.66, 0.617241, 0.779362, 0.260376
2176, 0.4, -0.4, 1.08, 0.648399, 0.918853, 0.329504
2176, 0.545, -0.28, 0.84, 0.648399, 0.918853, 0.329504
2176, 0.69, -0.16, 0.6, 0.648399, 0.918853, 0.329504
2176, 0.835, -0.04, 0.36, 0.648399, 0.918853, 0.329504
2177, 0.545, -0.28, 1.02, 0.667608, 1.01923, 0.382855
2177, 0.69, -0.16, 0.72, 0.667608, 1.01923, 0.382855
2177, 0.835, -0.04, 0.42, 0.667608, 1.01923, 0.382855
2178, 0.545, -0.1, 0.12, 0.39234, -0, 0
2178, 0.69, -0.04, 0.12, 0.39234, -0, 0
2178, 0.835, 0.02, 0.12, 0.39234, -0, 0
2179, 0.545, -0.1, 0.3, 0.193202, 0.374476, 0.0367136
2179, 0.69, -0.04, 0.24, 0.193202, 0.374476, 0.0367136
2179, 0.835, 0.02, 0.18, 0.193202, 0.374476, 0.0367136
2180, 0.69, -0.04, 0.36, 0.251149, 0.664377, 0.0870426
2180, 0.835, 0.02, 0.24, 0.251149, 0.664377, 0.0870426
2181, 0.4, -0.16, 0.84, 0.314934, 0.861978, 0.145763
2181, 0.545, -0.1, 0.66, 0.314934, 0.861978, 0.145763
2181, 0.835, 0.02, 0.3, 0.314934, 0.861978, 0.145763
2182, 0.4, -0.16, 1.08, 0.35318, 0.996359, 0.193525
2182, 0.545, -0.1, 0.84, 0.35318, 0.996359, 0.193525
2182, 0.69, -0.04, 0.6, 0.35318, 0.996359, 0.193525
2183, 0.545, -0.1, 1.02, 0.372169, 1.09132, 0.227619
2183, 0.69, -0.04, 0.72, 0.372169, 1.09132, 0.227619
2183, 0.835, 0.02, 0.42, 0.372169, 1.09132, 0.227619
2185, 0.545, 0.08, 0.3, 0, 0.39234, 0
2185, 0.69, 0.08, 0.24, 0, 0.39234, 0
2185, 0.835, 0.08, 0.18, 0, 0.39234, 0
2186, 0.69, 0.08, 0.36, 0, 0.691337, 0
2186, 0.835, 0.08, 0.24, 0, 0.691337, 0
2187, 0.4, 0.08, 0.84, 0, 0.892677, 0
2187, 0.545, 0.08, 0.66, 0, 0.892677, 0
2187, 0.69, 0.08, 0.48, 0, 0.892677, 0
2187, 0.835, 0.08, 0.3, 0, 0.892677, 0
2188, 0.4, 0.08, 1.08, 0, 1.02732, 0
2188, 0.545, 0.08, 0.84, 0, 1.02732, 0
2188, 0.69, 0.08, 0.6, 0, 1.02732, 0
2188, 0.835, 0.08, 0.36, 0, 1.02732, 0
2189, 0.4, 0.08, 1.32, 0, 1.12057, 0
2189, 0.545, 0.08, 1.02, 0, 1.12057, 0
2189, 0.69, 0.08, 0.72, 0, 1.12057, 0
2189, 0.835, 0.08, 0.42, 0, 1.12057, 0
2190, 0.4, 0.32, 0.12, -0.39234, 0, 0
2190, 0.545, 0.26, 0.12, -0.39234, 0, 0
2190, 0.69, 0.2, 0.12, -0.39234, 0, 0
2190, 0.835, 0.14, 0.12, -0.39234, 0, 0
2191, 0.545, 0.26, 0.3, -0.193202, 0.374476, -0.0367136
2191, 0.69, 0.2, 0.24, -0.193202, 0.374476, -0.0367136
2191, 0.835, 0.14, 0.18, -0.193202, 0.374476, -0.0367136
2192, 0.4, 0.32, 0.6, -0.251149, 0.664377, -0.0870426
2192, 0.69, 0.2, 0.36, -0.251149, 0.664377, -0.0870426
2192, 0.835, 0.14, 0.24, -0.251149, 0.664377, -0.0870426
2193, 0.4, 0.32, 0.84, -0.314934, 0.861978, -0.145763
2193, 0.545, 0.26, 0.66, -0.314934, 0.861978, -0.145763
2194, 0.4, 0.32, 1.08, -0.35318, 0.996359, -0.193525
2194, 0.545, 0.26, 0.84, -0.35318, 0.996359, -0.193525
2194, 0.69, 0.2, 0.6, -0.35318, 0.996359, -0.193525
2194, 0.835, 0.14, 0.36, -0.35318, 0.996359, -0.193525
2195, 0.545, 0.26, 1.02, -0.372169, 1.09132, -0.227619
2195, 0.69, 0.2, 0.72, -0.372169, 1.09132, -0.227619
2195, 0.835, 0.14, 0.42, -0.372169, 1.09132, -0.227619
2196, 0.4, 0.56, 0.12, -0.691337, 0, 0
2196, 0.545, 0.44, 0.12, -0.691337, 0, 0
2196, 0.69, 0.32, 0.12, -0.691337, 0, 0
2196, 0.835, 0.2, 0.12, -0.691337, 0, 0
2197, 0.4, 0.56, 0.36, -0.601174, 0.310607, -0.0969873
2197, 0.545, 0.44, 0.3, -0.601174, 0.310607, -0.0969873
2197, 0.69, 0.32, 0.24, -0.601174, 0.310607, -0.0969873
2197, 0.835, 0.2, 0.18, -0.601174, 0.310607, -0.0969873
2198, 0.4, 0.56, 0.6, -0.583709, 0.580613, -0.179028
2198, 0.835, 0.2, 0.24, -0.583709, 0.580613, -0.179028
2199, 0.4, 0.56, 0.84, -0.617241, 0.779362, -0.260376
2199, 0.545, 0.44, 0.66, -0.617241, 0.779362, -0.260376
2199, 0.835, 0.2, 0.3, -0.617241, 0.779362, -0.260376
2200, 0.4, 0.56, 1.08, -0.648399, 0.918853, -0.329504
2200, 0.545, 0.44, 0.84, -0.648399, 0.918853, -0.329504
2200, 0.69, 0.32, 0.6, -0.648399, 0.918853, -0.329504
2200, 0.835, 0.2, 0.36, -0.648399, 0.918853, -0.329504
2201, 0.545, 0.44, 1.02, -0.667608, 1.01923, -0.382855
2201, 0.69, 0.32, 0.72, -0.667608, 1.01923, -0.382855
2201, 0.835, 0.2, 0.42, -0.667608, 1.01923, -0.382855
2202, 0.545, 0.62, 0.12, -0.892677, 0, 0
2202, 0.69, 0.44, 0.12, -0.892677, 0, 0
2202, 0.835, 0.26, 0.12, -0.892677, 0, 0
2203, 0.4, 0.8, 0.36, -0.870133, 0.253012, -0.118086
2203, 0.545, 0.62, 0.3, -0.870133, 0.253012, -0.118086
2203, 0.69, 0.44, 0.24, -0.870133, 0.253012, -0.118086
2203, 0.835, 0.26, 0.18, -0.870133, 0.253012, -0.118086
2204, 0.4, 0.8, 0.6, -0.846478, 0.492952, -0.225702
2204, 0.69, 0.44, 0.36, -0.846478, 0.492952, -0.225702
2204, 0.835, 0.26, 0.24, -0.846478, 0.492952, -0.225702
2205, 0.4, 0.8, 0.84, -0.848778, 0.688125, -0.321021
2205, 0.835, 0.26, 0.3, -0.848778, 0.688125, -0.321021
2206, 0.545, 0.62, 0.84, -0.862705, 0.830826, -0.40058
2206, 0.69, 0.44, 0.6, -0.862705, 0.830826, -0.40058
2206, 0.835, 0.26, 0.36, -0.862705, 0.830826, -0.40058
2207, 0.545, 0.62, 1.02, -0.875401, 0.935061, -0.464017
2207, 0.69, 0.44, 0.72, -0.875401, 0.935061, -0.464017
2207, 0.835, 0.26, 0.42, -0.875401, 0.935061, -0.464017
2208, 0.545, 0.8, 0.12, -1.02732, 0, 0
2208, 0.69, 0.56, 0.12, -1.02732, 0, 0
2208, 0.835, 0.32, 0.12, -1.02732, 0, 0
2209, 0.69, 0.56, 0.24, -1.01808, 0.227623, -0.127415
2209, 0.835, 0.32, 0.18, -1.01808, 0.227623, -0.127415
2210, 0.69, 0.56, 0.36, -1.00384, 0.443125, -0.245997
2210, 0.835, 0.32, 0.24, -1.00384, 0.443125, -0.245997
2211, 0.545, 0.8, 0.66, -1.00124, 0.623125, -0.348814
2211, 0.835, 0.32, 0.3, -1.00124, 0.623125, -0.348814
2212, 0.545, 0.8, 0.84, -1.00858, 0.759068, -0.433351
2213, 0.69, 0.56, 0.72, -1.01766, 0.860773, -0.501404
2214, 0.545, -0.64, 0.18, 1.01808, -0.227623, -0.127415
2214, 0.69, -0.4, 0.24, 1.01808, -0.227623, -0.127415
2214, 0.835, -0.16, 0.3, 1.01808, -0.227623, -0.127415
2215, 0.545, -0.64, 0.36, 1.02732, -0, 0
2215, 0.69, -0.4, 0.36, 1.02732, -0, 0
2215, 0.835, -0.16, 0.36, 1.02732, -0, 0
2216, 0.69, -0.4, 0.48, 1.01808, 0.227623, 0.127415
2216, 0.835, -0.16, 0.42, 1.01808, 0.227623, 0.127415
2218, 0.69, -0.4, 0.72, 1.00124, 0.623125, 0.348814
2219, 0.69, -0.4, 0.84, 1.00858, 0.759068, 0.433351
2219, 0.835, -0.16, 0.6, 1.00858, 0.759068, 0.433351
2220, 0.4, -0.64, 0.12, 0.870133, -0.253012, -0.118086
2220, 0.545, -0.46, 0.18, 0.870133, -0.253012, -0.118086
2220, 0.69, -0.28, 0.24, 0.870133, -0.253012, -0.118086
2220, 0.835, -0.1, 0.3, 0.870133, -0.253012, -0.118086
2221, 0.4, -0.64, 0.36, 0.892677, -0, 0
2221, 0.545, -0.46, 0.36, 0.892677, -0, 0
2221, 0.69, -0.28, 0.36, 0.892677, -0, 0
2221, 0.835, -0.1, 0.36, 0.892677, -0, 0
2222, 0.4, -0.64, 0.6, 0.870133, 0.253012, 0.118086
2222, 0.545, -0.46, 0.54, 0.870133, 0.253012, 0.118086
2222, 0.69, -0.28, 0.48, 0.870133, 0.253012, 0.118086
2222, 0.835, -0.1, 0.42, 0.870133, 0.253012, 0.118086
2223, 0.545, -0.46, 0.72, 0.846478, 0.492952, 0.225702
2224, 0.545, -0.46, 0.9, 0.848778, 0.688125, 0.321021
2225, 0.545, -0.46, 1.08, 0.862705, 0.830826, 0.40058
2225, 0.69, -0.28, 0.84, 0.862705, 0.830826, 0.40058
2225, 0.835, -0.1, 0.6, 0.862705, 0.830826, 0.40058
2226, 0.4, -0.4, 0.12, 0.601174, -0.310607, -0.0969873
2226, 0.545, -0.28, 0.18, 0.601174, -0.310607, -0.0969873
2226, 0.69, -0.16, 0.24, 0.601174, -0.310607, -0.0969873
2226, 0.835, -0.04, 0.3, 0.601174, -0.310607, -0.0969873
2227, 0.545, -0.28, 0.36, 0.691337, -0, 0
2227, 0.69, -0.16, 0.36, 0.691337, -0, 0
2227, 0.835, -0.04, 0.36, 0.691337, -0, 0
2228, 0.545, -0.28, 0.54, 0.601174, 0.310607, 0.0969873
2228, 0.69, -0.16, 0.48, 0.601174, 0.310607, 0.0969873
2228, 0.835, -0.04, 0.42, 0.601174, 0.310607, 0.0969873
2229, 0.4, -0.4, 0.84, 0.583709, 0.580613, 0.179028
2230, 0.4, -0.4, 1.08, 0.617241, 0.779362, 0.260376
2230, 0.545, -0.28, 0.9, 0.617241, 0.779362, 0.260376
2230, 0.69, -0.16, 0.72, 0.617241, 0.779362, 0.260376
2231, 0.545, -0.28, 1.08, 0.648399, 0.918853, 0.329504
2231, 0.69, -0.16, 0.84, 0.648399, 0.918853, 0.329504
2231, 0.835, -0.04, 0.6, 0.648399, 0.918853, 0.329504
2232, 0.69, -0.04, 0.24, 0.193202, -0.374476, -0.0367136
2232, 0.835, 0.02, 0.3, 0.193202, -0.374476, -0.0367136
2233, 0.545, -0.1, 0.36, 0.39234, -0, 0
2233, 0.69, -0.04, 0.36, 0.39234, -0, 0
2233, 0.835, 0.02, 0.36, 0.39234, -0, 0
2234, 0.545, -0.1, 0.54, 0.193202, 0.374476, 0.0367136
2234, 0.69, -0.04, 0.48, 0.193202, 0.374476, 0.0367136
2234, 0.835, 0.02, 0.42, 0.193202, 0.374476, 0.0367136
2235, 0.4, -0.16, 0.84, 0.251149, 0.664377, 0.0870426
2235, 0.545, -0.1, 0.72, 0.251149, 0.664377, 0.0870426
2235, 0.69, -0.04, 0.6, 0.251149, 0.664377, 0.0870426
2235, 0.835, 0.02, 0.48, 0.251149, 0.664377, 0.0870426
2236, 0.4, -0.16, 1.08, 0.314934, 0.861978, 0.145763
2236, 0.545, -0.1, 0.9, 0.314934, 0.861978, 0.145763
2236, 0.69, -0.04, 0.72, 0.314934, 0.861978, 0.145763
2236, 0.835, 0.02, 0.54, 0.314934, 0.861978, 0.145763
2237, 0.4, -0.16, 1.32, 0.35318, 0.996359, 0.193525
2237, 0.545, -0.1, 1.08, 0.35318, 0.996359, 0.193525
2237, 0.69, -0.04, 0.84, 0.35318, 0.996359, 0.193525
2237, 0.835, 0.02, 0.6, 0.35318, 0.996359, 0.193525
2238, 0.69, 0.08, 0.24, 0, -0.39234, 0
2238, 0.835, 0.08, 0.3, 0, -0.39234, 0
2240, 0.545, 0.08, 0.54, 0, 0.39234, 0
2240, 0.69, 0.08, 0.48, 0, 0.39234, 0
2240, 0.835, 0.08, 0.42, 0, 0.39234, 0
2241, 0.4, 0.08, 0.84, 0, 0.691337, 0
2241, 0.545, 0.08, 0.72, 0, 0.691337, 0
2241, 0.69, 0.08, 0.6, 0, 0.691337, 0
2241, 0.835, 0.08, 0.48, 0, 0.691337, 0
2242, 0.4, 0.08, 1.08, 0, 0.892677, 0
2242, 0.545, 0.08, 0.9, 0, 0.892677, 0
2242, 0.69, 0.08, 0.72, 0, 0.892677, 0
2242, 0.835, 0.08, 0.54, 0, 0.892677, 0
2243, 0.4, 0.08, 1.32, 0, 1.02732, 0
2243, 0.545, 0.08, 1.08, 0, 1.02732, 0
2243, 0.69, 0.08, 0.84, 0, 1.02732, 0
2243, 0.835, 0.08, 0.6, 0, 1.02732, 0
2244, 0.545, 0.26, 0.18, -0.193202, -0.374476, 0.0367136
2244, 0.69, 0.2, 0.24, -0.193202, -0.374476, 0.0367136
2244, 0.835, 0.14, 0.3, -0.193202, -0.374476, 0.0367136
2245, 0.4, 0.32, 0.36, -0.39234, 0, 0
2245, 0.545, 0.26, 0.36, -0.39234, 0, 0
2245, 0.69, 0.2, 0.36, -0.39234, 0, 0
2245, 0.835, 0.14, 0.36, -0.39234, 0, 0
2246, 0.69, 0.2, 0.48, -0.193202, 0.374476, -0.0367136
2246, 0.835, 0.14, 0.42, -0.193202, 0.374476, -0.0367136
2247, 0.4, 0.32, 0.84, -0.251149, 0.664377, -0.0870426
2247, 0.545, 0.26, 0.72, -0.251149, 0.664377, -0.0870426
2247, 0.69, 0.2, 0.6, -0.251149, 0.664377, -0.0870426
2247, 0.835, 0.14, 0.48, -0.251149, 0.664377, -0.0870426
2248, 0.4, 0.32, 1.08, -0.314934, 0.861978, -0.145763
2248, 0.545, 0.26, 0.9, -0.314934, 0.861978, -0.145763
2248, 0.69, 0.2, 0.72, -0.314934, 0.861978, -0.145763
2248, 0.835, 0.14, 0.54, -0.314934, 0.861978, -0.145763
2249, 0.4, 0.32, 1.32, -0.35318, 0.996359, -0.193525
2249, 0.545, 0.26, 1.08, -0.35318, 0.996359, -0.193525
2249, 0.69, 0.2, 0.84, -0.35318, 0.996359, -0.193525
2249, 0.835, 0.14, 0.6, -0.35318, 0.996359, -0.193525
2250, 0.4, 0.56, 0.12, -0.601174, -0.310607, 0.0969873
2250, 0.545, 0.44, 0.18, -0.601174, -0.310607, 0.0969873
2250, 0.69, 0.32, 0.24, -0.601174, -0.310607, 0.0969873
2250, 0.835, 0.2, 0.3, -0.601174, -0.310607, 0.0969873
2251, 0.4, 0.56, 0.36, -0.691337, 0, 0
2251, 0.545, 0.44, 0.36, -0.691337, 0, 0
2251, 0.69, 0.32, 0.36, -0.691337, 0, 0
2251, 0.835, 0.2, 0.36, -0.691337, 0, 0
2252, 0.545, 0.44, 0.54, -0.601174, 0.310607, -0.0969873
2252, 0.69, 0.32, 0.48, -0.601174, 0.310607, -0.0969873
2252, 0.835, 0.2, 0.42, -0.601174, 0.310607, -0.0969873
2254, 0.4, 0.56, 1.08, -0.617241, 0.779362, -0.260376
2254, 0.545, 0.44, 0.9, -0.617241, 0.779362, -0.260376
2254, 0.69, 0.32, 0.72, -0.617241, 0.779362, -0.260376
2254, 0.835, 0.2, 0.54, -0.617241, 0.779362, -0.260376
2255, 0.545, 0.44, 1.08, -0.648399, 0.918853, -0.329504
2255, 0.69, 0.32, 0.84, -0.648399, 0.918853, -0.329504
2255, 0.835, 0.2, 0.6, -0.648399, 0.918853, -0.329504
2256, 0.545, 0.62, 0.18, -0.870133, -0.253012, 0.118086
2256, 0.69, 0.44, 0.24, -0.870133, -0.253012, 0.118086
2256, 0.835, 0.26, 0.3, -0.870133, -0.253012, 0.118086
2257, 0.4, 0.8, 0.36, -0.892677, 0, 0
2257, 0.545, 0.62, 0.36, -0.892677, 0, 0
2257, 0.69, 0.44, 0.36, -0.892677, 0, 0
2257, 0.835, 0.26, 0.36, -0.892677, 0, 0
2258, 0.4, 0.8, 0.6, -0.870133, 0.253012, -0.118086
2258, 0.69, 0.44, 0.48, -0.870133, 0.253012, -0.118086
2258, 0.835, 0.26, 0.42, -0.870133, 0.253012, -0.118086
2259, 0.545, 0.62, 0.72, -0.846478, 0.492952, -0.225702
2260, 0.545, 0.62, 0.9, -0.848778, 0.688125, -0.321021
2260, 0.69, 0.44, 0.72, -0.848778, 0.688125, -0.321021
2261, 0.545, 0.62, 1.08, -0.862705, 0.830826, -0.40058
2261, 0.69, 0.44, 0.84, -0.862705, 0.830826, -0.40058
2261, 0.835, 0.26, 0.6, -0.862705, 0.830826, -0.40058
2262, 0.69, 0.56, 0.24, -1.01808, -0.227623, 0.127415
2262, 0.835, 0.32, 0.3, -1.01808, -0.227623, 0.127415
2263, 0.69, 0.56, 0.36, -1.02732, 0, 0
2263, 0.835, 0.32, 0.36, -1.02732, 0, 0
2264, 0.69, 0.56, 0.48, -1.01808, 0.227623, -0.127415
2264, 0.835, 0.32, 0.42, -1.01808, 0.227623, -0.127415
2267, 0.69, 0.56, 0.84, -1.00858, 0.759068, -0.433351
2267, 0.835, 0.32, 0.6, -1.00858, 0.759068, -0.433351
2268, 0.69, -0.4, 0.36, 1.00384, -0.443125, -0.245997
2268, 0.835, -0.16, 0.48, 1.00384, -0.443125, -0.245997
2269, 0.545, -0.64, 0.42, 1.01808, -0.227623, -0.127415
2269, 0.69, -0.4, 0.48, 1.01808, -0.227623, -0.127415
2269, 0.835, -0.16, 0.54, 1.01808, -0.227623, -0.127415
2270, 0.545, -0.64, 0.6, 1.02732, -0, 0
2270, 0.835, -0.16, 0.6, 1.02732, -0, 0
2271, 0.545, -0.64, 0.78, 1.01808, 0.227623, 0.127415
2272, 0.69, -0.4, 0.84, 1.00384, 0.443125, 0.245997
2273, 0.69, -0.4, 0.96, 1.00124, 0.623125, 0.348814
2273, 0.835, -0.16, 0.78, 1.00124, 0.623125, 0.348814
2274, 0.69, -0.28, 0.36, 0.846478, -0.492952, -0.225702
2274, 0.835, -0.1, 0.48, 0.846478, -0.492952, -0.225702
2275, 0.4, -0.64, 0.36, 0.870133, -0.253012, -0.118086
2275, 0.545, -0.46, 0.42, 0.870133, -0.253012, -0.118086
2275, 0.69, -0.28, 0.48, 0.870133, -0.253012, -0.118086
2275, 0.835, -0.1, 0.54, 0.870133, -0.253012, -0.118086
2276, 0.545, -0.46, 0.6, 0.892677, -0, 0
2276, 0.69, -0.28, 0.6, 0.892677, -0, 0
2276, 0.835, -0.1, 0.6, 0.892677, -0, 0
2277, 0.545, -0.46, 0.78, 0.870133, 0.253012, 0.118086
2278, 0.69, -0.28, 0.84, 0.846478, 0.492952, 0.225702
2278, 0.835, -0.1, 0.72, 0.846478, 0.492952, 0.225702
2279, 0.545, -0.46, 1.14, 0.848778, 0.688125, 0.321021
2279, 0.69, -0.28, 0.96, 0.848778, 0.688125, 0.321021
2279, 0.835, -0.1, 0.78, 0.848778, 0.688125, 0.321021
2280, 0.69, -0.16, 0.36, 0.583709, -0.580613, -0.179028
2280, 0.835, -0.04, 0.48, 0.583709, -0.580613, -0.179028
2281, 0.4, -0.4, 0.36, 0.601174, -0.310607, -0.0969873
2281, 0.545, -0.28, 0.42, 0.601174, -0.310607, -0.0969873
2281, 0.69, -0.16, 0.48, 0.601174, -0.310607, -0.0969873
2281, 0.835, -0.04, 0.54, 0.601174, -0.310607, -0.0969873
2282, 0.4, -0.4, 0.6, 0.691337, -0, 0
2282, 0.545, -0.28, 0.6, 0.691337, -0, 0
2282, 0.69, -0.16, 0.6, 0.691337, -0, 0
2282, 0.835, -0.04, 0.6, 0.691337, -0, 0
2283, 0.545, -0.28, 0.78, 0.601174, 0.310607, 0.0969873
2284, 0.4, -0.4, 1.08, 0.583709, 0.580613, 0.179028
2284, 0.545, -0.28, 0.96, 0.583709, 0.580613, 0.179028
2284, 0.69, -0.16, 0.84, 0.583709, 0.580613, 0.179028
2284, 0.835, -0.04, 0.72, 0.583709, 0.580613, 0.179028
2285, 0.545, -0.28, 1.14, 0.617241, 0.779362, 0.260376
2285, 0.69, -0.16, 0.96, 0.617241, 0.779362, 0.260376
2285, 0.835, -0.04, 0.78, 0.617241, 0.779362, 0.260376
2286, 0.69, -0.04, 0.36, 0.251149, -0.664377, -0.0870426
2286, 0.835, 0.02, 0.48, 0.251149, -0.664377, -0.0870426
2287, 0.545, -0.1, 0.42, 0.193202, -0.374476, -0.0367136
2287, 0.69, -0.04, 0.48, 0.193202, -0.374476, -0.0367136
2287, 0.835, 0.02, 0.54, 0.193202, -0.374476, -0.0367136
2288, 0.545, -0.1, 0.6, 0.39234, -0, 0
2288, 0.69, -0.04, 0.6, 0.39234, -0, 0
2288, 0.835, 0.02, 0.6, 0.39234, -0, 0
2289, 0.545, -0.1, 0.78, 0.193202, 0.374476, 0.0367136
2289, 0.835, 0.02, 0.66, 0.193202, 0.374476, 0.0367136
2290, 0.4, -0.16, 1.08, 0.251149, 0.664377, 0.0870426
2290, 0.545, -0.1, 0.96, 0.251149, 0.664377, 0.0870426
2290, 0.69, -0.04, 0.84, 0.251149, 0.664377, 0.0870426
2290, 0.835, 0.02, 0.72, 0.251149, 0.664377, 0.0870426
2291, 0.4, -0.16, 1.32, 0.314934, 0.861978, 0.145763
2291, 0.545, -0.1, 1.14, 0.314934, 0.861978, 0.145763
2291, 0.69, -0.04, 0.96, 0.314934, 0.861978, 0.145763
2291, 0.835, 0.02, 0.78, 0.314934, 0.861978, 0.145763
2292, 0.69, 0.08, 0.36, 0, -0.691337, 0
2292, 0.835, 0.08, 0.48, 0, -0.691337, 0
2293, 0.545, 0.08, 0.42, 0, -0.39234, 0
2293, 0.69, 0.08, 0.48, 0, -0.39234, 0
2293, 0.835, 0.08, 0.54, 0, -0.39234, 0
2295, 0.4, 0.08, 0.84, 0, 0.39234, 0
2295, 0.545, 0.08, 0.78, 0, 0.39234, 0
2295, 0.69, 0.08, 0.72, 0, 0.39234, 0
2295, 0.835, 0.08, 0.66, 0, 0.39234, 0
2296, 0.4, 0.08, 1.08, 0, 0.691337, 0
2296, 0.545, 0.08, 0.96, 0, 0.691337, 0
2296, 0.69, 0.08, 0.84, 0, 0.691337, 0
2296, 0.835, 0.08, 0.72, 0, 0.691337, 0
2297, 0.4, 0.08, 1.32, 0, 0.892677, 0
2297, 0.545, 0.08, 1.14, 0, 0.892677, 0
2297, 0.69, 0.08, 0.96, 0, 0.892677, 0
2297, 0.835, 0.08, 0.78, 0, 0.892677, 0
2298, 0.69, 0.2, 0.36, -0.251149, -0.664377, 0.0870426
2298, 0.835, 0.14, 0.48, -0.251149, -0.664377, 0.0870426
2299, 0.4, 0.32, 0.36, -0.193202, -0.374476, 0.0367136
2299, 0.545, 0.26, 0.42, -0.193202, -0.374476, 0.0367136
2299, 0.69, 0.2, 0.48, -0.193202, -0.374476, 0.0367136
2299, 0.835, 0.14, 0.54, -0.193202, -0.374476, 0.0367136
2300, 0.545, 0.26, 0.6, -0.39234, 0, 0
2300, 0.69, 0.2, 0.6, -0.39234, 0, 0
2300, 0.835, 0.14, 0.6, -0.39234, 0, 0
2301, 0.835, 0.14, 0.66, -0.193202, 0.374476, -0.0367136
2302, 0.4, 0.32, 1.08, -0.251149, 0.664377, -0.0870426
2302, 0.545, 0.26, 0.96, -0.251149, 0.664377, -0.0870426
2302, 0.69, 0.2, 0.84, -0.251149, 0.664377, -0.0870426
2302, 0.835, 0.14, 0.72, -0.251149, 0.664377, -0.0870426
2303, 0.4, 0.32, 1.32, -0.314934, 0.861978, -0.145763
2303, 0.545, 0.26, 1.14, -0.314934, 0.861978, -0.145763
2303, 0.69, 0.2, 0.96, -0.314934, 0.861978, -0.145763
2303, 0.835, 0.14, 0.78, -0.314934, 0.861978, -0.145763
2304, 0.69, 0.32, 0.36, -0.583709, -0.580613, 0.179028
2304, 0.835, 0.2, 0.48, -0.583709, -0.580613, 0.179028
2305, 0.4, 0.56, 0.36, -0.601174, -0.310607, 0.0969873
2305, 0.545, 0.44, 0.42, -0.601174, -0.310607, 0.0969873
2305, 0.69, 0.32, 0.48, -0.601174, -0.310607, 0.0969873
2305, 0.835, 0.2, 0.54, -0.601174, -0.310607, 0.0969873
2306, 0.545, 0.44, 0.6, -0.691337, 0, 0
2306, 0.69, 0.32, 0.6, -0.691337, 0, 0
2306, 0.835, 0.2, 0.6, -0.691337, 0, 0
2307, 0.545, 0.44, 0.78, -0.601174, 0.310607, -0.0969873
2308, 0.4, 0.56, 1.08, -0.583709, 0.580613, -0.179028
2308, 0.545, 0.44, 0.96, -0.583709, 0.580613, -0.179028
2308, 0.69, 0.32, 0.84, -0.583709, 0.580613, -0.179028
2309, 0.545, 0.44, 1.14, -0.617241, 0.779362, -0.260376
2309, 0.69, 0.32, 0.96, -0.617241, 0.779362, -0.260376
2309, 0.835, 0.2, 0.78, -0.617241, 0.779362, -0.260376
2310, 0.69, 0.44, 0.36, -0.846478, -0.492952, 0.225702
2310, 0.835, 0.26, 0.48, -0.846478, -0.492952, 0.225702
2311, 0.545, 0.62, 0.42, -0.870133, -0.253012, 0.118086
2311, 0.69, 0.44, 0.48, -0.870133, -0.253012, 0.118086
2311, 0.835, 0.26, 0.54, -0.870133, -0.253012, 0.118086
2312, 0.545, 0.62, 0.6, -0.892677, 0, 0
2312, 0.835, 0.26, 0.6, -0.892677, 0, 0
2313, 0.545, 0.62, 0.78, -0.870133, 0.253012, -0.118086
2314, 0.545, 0.62, 0.96, -0.846478, 0.492952, -0.225702
2314, 0.69, 0.44, 0.84, -0.846478, 0.492952, -0.225702
2315, 0.545, 0.62, 1.14, -0.848778, 0.688125, -0.321021
2315, 0.69, 0.44, 0.96, -0.848778, 0.688125, -0.321021
2315, 0.835, 0.26, 0.78, -0.848778, 0.688125, -0.321021
2316, 0.835, 0.32, 0.48, -1.00384, -0.443125, 0.245997
2317, 0.69, 0.56, 0.48, -1.01808, -0.227623, 0.127415
2317, 0.835, 0.32, 0.54, -1.01808, -0.227623, 0.127415
2318, 0.69, 0.56, 0.6, -1.02732, 0, 0
2318, 0.835, 0.32, 0.6, -1.02732, 0, 0
2319, 0.835, 0.32, 0.66, -1.01808, 0.227623, -0.127415
2321, 0.69, 0.56, 0.96, -1.00124, 0.623125, -0.348814
2321, 0.835, 0.32, 0.78, -1.00124, 0.623125, -0.348814
2322, 0.835, -0.16, 0.66, 1.00124, -0.623125, -0.348814
2323, 0.69, -0.4, 0.6, 1.00384, -0.443125, -0.245997
2323, 0.835, -0.16, 0.72, 1.00384, -0.443125, -0.245997
2324, 0.69, -0.4, 0.72, 1.01808, -0.227623, -0.127415
2324, 0.835, -0.16, 0.78, 1.01808, -0.227623, -0.127415
2327, 0.69, -0.4, 1.08, 1.00384, 0.443125, 0.245997
2327, 0.835, -0.16, 0.96, 1.00384, 0.443125, 0.245997
2328, 0.69, -0.28, 0.48, 0.848778, -0.688125, -0.321021
2328, 0.835, -0.1, 0.66, 0.848778, -0.688125, -0.321021
2329, 0.545, -0.46, 0.48, 0.846478, -0.492952, -0.225702
2329, 0.69, -0.28, 0.6, 0.846478, -0.492952, -0.225702
2329, 0.835, -0.1, 0.72, 0.846478, -0.492952, -0.225702
2330, 0.69, -0.28, 0.72, 0.870133, -0.253012, -0.118086
2330, 0.835, -0.1, 0.78, 0.870133, -0.253012, -0.118086
2331, 0.4, -0.64, 0.84, 0.892677, -0, 0
2332, 0.69, -0.28, 0.96, 0.870133, 0.253012, 0.118086
2332, 0.835, -0.1, 0.9, 0.870133, 0.253012, 0.118086
2333, 0.545, -0.46, 1.2, 0.846478, 0.492952, 0.225702
2333, 0.69, -0.28, 1.08, 0.846478, 0.492952, 0.225702
2333, 0.835, -0.1, 0.96, 0.846478, 0.492952, 0.225702
2334, 0.69, -0.16, 0.48, 0.617241, -0.779362, -0.260376
2334, 0.835, -0.04, 0.66, 0.617241, -0.779362, -0.260376
2335, 0.545, -0.28, 0.48, 0.583709, -0.580613, -0.179028
2335, 0.69, -0.16, 0.6, 0.583709, -0.580613, -0.179028
2335, 0.835, -0.04, 0.72, 0.583709, -0.580613, -0.179028
2336, 0.4, -0.4, 0.6, 0.601174, -0.310607, -0.0969873
2336, 0.545, -0.28, 0.66, 0.601174, -0.310607, -0.0969873
2336, 0.69, -0.16, 0.72, 0.601174, -0.310607, -0.0969873
2336, 0.835, -0.04, 0.78, 0.601174, -0.310607, -0.0969873
2337, 0.4, -0.4, 0.84, 0.691337, -0, 0
2337, 0.69, -0.16, 0.84, 0.691337, -0, 0
2337, 0.835, -0.04, 0.84, 0.691337, -0, 0
2338, 0.4, -0.4, 1.08, 0.601174, 0.310607, 0.0969873
2338, 0.545, -0.28, 1.02, 0.601174, 0.310607, 0.0969873
2338, 0.69, -0.16, 0.96, 0.601174, 0.310607, 0.0969873
2338, 0.835, -0.04, 0.9, 0.601174, 0.310607, 0.0969873
2339, 0.4, -0.4, 1.32, 0.583709, 0.580613, 0.179028
2339, 0.545, -0.28, 1.2, 0.583709, 0.580613, 0.179028
2339, 0.69, -0.16, 1.08, 0.583709, 0.580613, 0.179028
2339, 0.835, -0.04, 0.96, 0.583709, 0.580613, 0.179028
2340, 0.69, -0.04, 0.48, 0.314934, -0.861978, -0.145763
2340, 0.835, 0.02, 0.66, 0.314934, -0.861978, -0.145763
2341, 0.545, -0.1, 0.48, 0.251149, -0.664377, -0.0870426
2341, 0.69, -0.04, 0.6, 0.251149, -0.664377, -0.0870426
2341, 0.835, 0.02, 0.72, 0.251149, -0.664377, -0.0870426
2342, 0.545, -0.1, 0.66, 0.193202, -0.374476, -0.0367136
2342, 0.69, -0.04, 0.72, 0.193202, -0.374476, -0.0367136
2342, 0.835, 0.02, 0.78, 0.193202, -0.374476, -0.0367136
2343, 0.545, -0.1, 0.84, 0.39234, -0, 0
2343, 0.69, -0.04, 0.84, 0.39234, -0, 0
2343, 0.835, 0.02, 0.84, 0.39234, -0, 0
2344, 0.4, -0.16, 1.08, 0.193202, 0.374476, 0.0367136
2344, 0.545, -0.1, 1.02, 0.193202, 0.374476, 0.0367136
2344, 0.69, -0.04, 0.96, 0.193202, 0.374476, 0.0367136
2344, 0.835, 0.02, 0.9, 0.193202, 0.374476, 0.0367136
2345, 0.4, -0.16, 1.32, 0.251149, 0.664377, 0.0870426
2345, 0.545, -0.1, 1.2, 0.251149, 0.664377, 0.0870426
2345, 0.69, -0.04, 1.08, 0.251149, 0.664377, 0.0870426
2345, 0.835, 0.02, 0.96, 0.251149, 0.664377, 0.0870426
2346, 0.69, 0.08, 0.48, 0, -0.892677, 0
2346, 0.835, 0.08, 0.66, 0, -0.892677, 0
2347, 0.545, 0.08, 0.48, 0, -0.691337, 0
2347, 0.69, 0.08, 0.6, 0, -0.691337, 0
2347, 0.835, 0.08, 0.72, 0, -0.691337, 0
2348, 0.545, 0.08, 0.66, 0, -0.39234, 0
2348, 0.69, 0.08, 0.72, 0, -0.39234, 0
2348, 0.835, 0.08, 0.78, 0, -0.39234, 0
2350, 0.4, 0.08, 1.08, 0, 0.39234, 0
2350, 0.545, 0.08, 1.02, 0, 0.39234, 0
2350, 0.69, 0.08, 0.96, 0, 0.39234, 0
2350, 0.835, 0.08, 0.9, 0, 0.39234, 0
2351, 0.4, 0.08, 1.32, 0, 0.691337, 0
2351, 0.545, 0.08, 1.2, 0, 0.691337, 0
2351, 0.69, 0.08, 1.08, 0, 0.691337, 0
2351, 0.835, 0.08, 0.96, 0, 0.691337, 0
2352, 0.69, 0.2, 0.48, -0.314934, -0.861978, 0.145763
2352, 0.835, 0.14, 0.66, -0.314934, -0.861978, 0.145763
2353, 0.545, 0.26, 0.48, -0.251149, -0.664377, 0.0870426
2353, 0.69, 0.2, 0.6, -0.251149, -0.664377, 0.0870426
2353, 0.835, 0.14, 0.72, -0.251149, -0.664377, 0.0870426
2354, 0.545, 0.26, 0.66, -0.193202, -0.374476, 0.0367136
2354, 0.69, 0.2, 0.72, -0.193202, -0.374476, 0.0367136
2354, 0.835, 0.14, 0.78, -0.193202, -0.374476, 0.0367136
2356, 0.4, 0.32, 1.08, -0.193202, 0.374476, -0.0367136
2356, 0.545, 0.26, 1.02, -0.193202, 0.374476, -0.0367136
2356, 0.69, 0.2, 0.96, -0.193202, 0.374476, -0.0367136
2356, 0.835, 0.14, 0.9, -0.193202, 0.374476, -0.0367136
2357, 0.4, 0.32, 1.32, -0.251149, 0.664377, -0.0870426
2357, 0.545, 0.26, 1.2, -0.251149, 0.664377, -0.0870426
2357, 0.69, 0.2, 1.08, -0.251149, 0.664377, -0.0870426
2357, 0.835, 0.14, 0.96, -0.251149, 0.664377, -0.0870426
2358, 0.69, 0.32, 0.48, -0.617241, -0.779362, 0.260376
2358, 0.835, 0.2, 0.66, -0.617241, -0.779362, 0.260376
2359, 0.545, 0.44, 0.48, -0.583709, -0.580613, 0.179028
2359, 0.69, 0.32, 0.6, -0.583709, -0.580613, 0.179028
2359, 0.835, 0.2, 0.72, -0.583709, -0.580613, 0.179028
2360, 0.4, 0.56, 0.6, -0.601174, -0.310607, 0.0969873
2360, 0.545, 0.44, 0.66, -0.601174, -0.310607, 0.0969873
2360, 0.69, 0.32, 0.72, -0.601174, -0.310607, 0.0969873
2360, 0.835, 0.2, 0.78, -0.601174, -0.310607, 0.0969873
2361, 0.4, 0.56, 0.84, -0.691337, 0, 0
2361, 0.835, 0.2, 0.84, -0.691337, 0, 0
2362, 0.545, 0.44, 1.02, -0.601174, 0.310607, -0.0969873
2362, 0.69, 0.32, 0.96, -0.601174, 0.310607, -0.0969873
2362, 0.835, 0.2, 0.9, -0.601174, 0.310607, -0.0969873
2363, 0.4, 0.56, 1.32, -0.583709, 0.580613, -0.179028
2363, 0.545, 0.44, 1.2, -0.583709, 0.580613, -0.179028
2363, 0.69, 0.32, 1.08, -0.583709, 0.580613, -0.179028
2363, 0.835, 0.2, 0.96, -0.583709, 0.580613, -0.179028
2364, 0.69, 0.44, 0.48, -0.848778, -0.688125, 0.321021
2364, 0.835, 0.26, 0.66, -0.848778, -0.688125, 0.321021
2365, 0.69, 0.44, 0.6, -0.846478, -0.492952, 0.225702
2365, 0.835, 0.26, 0.72, -0.846478, -0.492952, 0.225702
2366, 0.69, 0.44, 0.72, -0.870133, -0.253012, 0.118086
2366, 0.835, 0.26, 0.78, -0.870133, -0.253012, 0.118086
2369, 0.545, 0.62, 1.2, -0.846478, 0.492952, -0.225702
2369, 0.69, 0.44, 1.08, -0.846478, 0.492952, -0.225702
2369, 0.835, 0.26, 0.96, -0.846478, 0.492952, -0.225702
2370, 0.835, 0.32, 0.66, -1.00124, -0.623125, 0.348814
2371, 0.69, 0.56, 0.6, -1.00384, -0.443125, 0.245997
2371, 0.835, 0.32, 0.72, -1.00384, -0.443125, 0.245997
2372, 0.69, 0.56, 0.72, -1.01808, -0.227623, 0.127415
2374, 0.69, 0.56, 0.96, -1.01808, 0.227623, -0.127415
2375, 0.69, 0.56, 1.08, -1.00384, 0.443125, -0.245997
2375, 0.835, 0.32, 0.96, -1.00384, 0.443125, -0.245997
2376, 0.835, -0.16, 0.84, 1.00858, -0.759068, -0.433351
2377, 0.69, -0.4, 0.72, 1.00124, -0.623125, -0.348814
2377, 0.835, -0.16, 0.9, 1.00124, -0.623125, -0.348814
2378, 0.69, -0.4, 0.84, 1.00384, -0.443125, -0.245997
2378, 0.835, -0.16, 0.96, 1.00384, -0.443125, -0.245997
2380, 0.69, -0.4, 1.08, 1.02732, -0, 0
2380, 0.835, -0.16, 1.08, 1.02732, -0, 0
2381, 0.545, -0.64, 1.26, 1.01808, 0.227623, 0.127415
2381, 0.69, -0.4, 1.2, 1.01808, 0.227623, 0.127415
2381, 0.835, -0.16, 1.14, 1.01808, 0.227623, 0.127415
2382, 0.69, -0.28, 0.6, 0.862705, -0.830826, -0.40058
2382, 0.835, -0.1, 0.84, 0.862705, -0.830826, -0.40058
2383, 0.69, -0.28, 0.72, 0.848778, -0.688125, -0.321021
2383, 0.835, -0.1, 0.9, 0.848778, -0.688125, -0.321021
2384, 0.545, -0.46, 0.72, 0.846478, -0.492952, -0.225702
2384, 0.69, -0.28, 0.84, 0.846478, -0.492952, -0.225702
2384, 0.835, -0.1, 0.96, 0.846478, -0.492952, -0.225702
2385, 0.4, -0.64, 0.84, 0.870133, -0.253012, -0.118086
2385, 0.545, -0.46, 0.9, 0.870133, -0.253012, -0.118086
2385, 0.835, -0.1, 1.02, 0.870133, -0.253012, -0.118086
2386, 0.69, -0.28, 1.08, 0.892677, -0, 0
2387, 0.545, -0.46, 1.26, 0.870133, 0.253012, 0.118086
2387, 0.69, -0.28, 1.2, 0.870133, 0.253012, 0.118086
2387, 0.835, -0.1, 1.14, 0.870133, 0.253012, 0.118086
2388, 0.69, -0.16, 0.6, 0.648399, -0.918853, -0.329504
2388, 0.835, -0.04, 0.84, 0.648399, -0.918853, -0.329504
2389, 0.545, -0.28, 0.54, 0.617241, -0.779362, -0.260376
2389, 0.69, -0.16, 0.72, 0.617241, -0.779362, -0.260376
2389, 0.835, -0.04, 0.9, 0.617241, -0.779362, -0.260376
2390, 0.4, -0.4, 0.6, 0.583709, -0.580613, -0.179028
2390, 0.545, -0.28, 0.72, 0.583709, -0.580613, -0.179028
2390, 0.69, -0.16, 0.84, 0.583709, -0.580613, -0.179028
2390, 0.835, -0.04, 0.96, 0.583709, -0.580613, -0.179028
2391, 0.835, -0.04, 1.02, 0.601174, -0.310607, -0.0969873
2392, 0.545, -0.28, 1.08, 0.691337, -0, 0
2392, 0.835, -0.04, 1.08, 0.691337, -0, 0
2393, 0.4, -0.4, 1.32, 0.601174, 0.310607, 0.0969873
2393, 0.545, -0.28, 1.26, 0.601174, 0.310607, 0.0969873
2393, 0.69, -0.16, 1.2, 0.601174, 0.310607, 0.0969873
2393, 0.835, -0.04, 1.14, 0.601174, 0.310607, 0.0969873
2394, 0.69, -0.04, 0.6, 0.35318, -0.996359, -0.193525
2394, 0.835, 0.02, 0.84, 0.35318, -0.996359, -0.193525
2395, 0.545, -0.1, 0.54, 0.314934, -0.861978, -0.145763
2395, 0.69, -0.04, 0.72, 0.314934, -0.861978, -0.145763
2395, 0.835, 0.02, 0.9, 0.314934, -0.861978, -0.145763
2396, 0.545, -0.1, 0.72, 0.251149, -0.664377, -0.0870426
2396, 0.69, -0.04, 0.84, 0.251149, -0.664377, -0.0870426
2396, 0.835, 0.02, 0.96, 0.251149, -0.664377, -0.0870426
2397, 0.4, -0.16, 0.84, 0.193202, -0.374476, -0.0367136
2397, 0.545, -0.1, 0.9, 0.193202, -0.374476, -0.0367136
2397, 0.69, -0.04, 0.96, 0.193202, -0.374476, -0.0367136
2397, 0.835, 0.02, 1.02, 0.193202, -0.374476, -0.0367136
2398, 0.545, -0.1, 1.08, 0.39234, -0, 0
2398, 0.69, -0.04, 1.08, 0.39234, -0, 0
2398, 0.835, 0.02, 1.08, 0.39234, -0, 0
2399, 0.4, -0.16, 1.32, 0.193202, 0.374476, 0.0367136
2399, 0.545, -0.1, 1.26, 0.193202, 0.374476, 0.0367136
2399, 0.69, -0.04, 1.2, 0.193202, 0.374476, 0.0367136
2399, 0.835, 0.02, 1.14, 0.193202, 0.374476, 0.0367136
2400, 0.69, 0.08, 0.6, 0, -1.02732, 0
2400, 0.835, 0.08, 0.84, 0, -1.02732, 0
2401, 0.545, 0.08, 0.54, 0, -0.892677, 0
2401, 0.69, 0.08, 0.72, 0, -0.892677, 0
2401, 0.835, 0.08, 0.9, 0, -0.892677, 0
2402, 0.545, 0.08, 0.72, 0, -0.691337, 0
2402, 0.69, 0.08, 0.84, 0, -0.691337, 0
2402, 0.835, 0.08, 0.96, 0, -0.691337, 0
2403, 0.4, 0.08, 0.84, 0, -0.39234, 0
2403, 0.545, 0.08, 0.9, 0, -0.39234, 0
2403, 0.69, 0.08, 0.96, 0, -0.39234, 0
2403, 0.835, 0.08, 1.02, 0, -0.39234, 0
2405, 0.4, 0.08, 1.32, 0, 0.39234, 0
2405, 0.545, 0.08, 1.26, 0, 0.39234, 0
2405, 0.69, 0.08, 1.2, 0, 0.39234, 0
2405, 0.835, 0.08, 1.14, 0, 0.39234, 0
2406, 0.69, 0.2, 0.6, -0.35318, -0.996359, 0.193525
2406, 0.835, 0.14, 0.84, -0.35318, -0.996359, 0.193525
2407, 0.545, 0.26, 0.54, -0.314934, -0.861978, 0.145763
2407, 0.69, 0.2, 0.72, -0.314934, -0.861978, 0.145763
2407, 0.835, 0.14, 0.9, -0.314934, -0.861978, 0.145763
2408, 0.545, 0.26, 0.72, -0.251149, -0.664377, 0.0870426
2408, 0.69, 0.2, 0.84, -0.251149, -0.664377, 0.0870426
2408, 0.835, 0.14, 0.96, -0.251149, -0.664377, 0.0870426
2409, 0.4, 0.32, 0.84, -0.193202, -0.374476, 0.0367136
2409, 0.545, 0.26, 0.9, -0.193202, -0.374476, 0.0367136
2409, 0.69, 0.2, 0.96, -0.193202, -0.374476, 0.0367136
2409, 0.835, 0.14, 1.02, -0.193202, -0.374476, 0.0367136
2410, 0.69, 0.2, 1.08, -0.39234, 0, 0
2411, 0.4, 0.32, 1.32, -0.193202, 0.374476, -0.0367136
2411, 0.545, 0.26, 1.26, -0.193202, 0.374476, -0.0367136
2411, 0.69, 0.2, 1.2, -0.193202, 0.374476, -0.0367136
2411, 0.835, 0.14, 1.14, -0.193202, 0.374476, -0.0367136
2412, 0.69, 0.32, 0.6, -0.648399, -0.918853, 0.329504
2412, 0.835, 0.2, 0.84, -0.648399, -0.918853, 0.329504
2413, 0.69, 0.32, 0.72, -0.617241, -0.779362, 0.260376
2413, 0.835, 0.2, 0.9, -0.617241, -0.779362, 0.260376
2414, 0.4, 0.56, 0.6, -0.583709, -0.580613, 0.179028
2414, 0.545, 0.44, 0.72, -0.583709, -0.580613, 0.179028
2414, 0.69, 0.32, 0.84, -0.583709, -0.580613, 0.179028
2414, 0.835, 0.2, 0.96, -0.583709, -0.580613, 0.179028
2415, 0.545, 0.44, 0.9, -0.601174, -0.310607, 0.0969873
2415, 0.69, 0.32, 0.96, -0.601174, -0.310607, 0.0969873
2415, 0.835, 0.2, 1.02, -0.601174, -0.310607, 0.0969873
2416, 0.545, 0.44, 1.08, -0.691337, 0, 0
2417, 0.4, 0.56, 1.32, -0.601174, 0.310607, -0.0969873
2417, 0.545, 0.44, 1.26, -0.601174, 0.310607, -0.0969873
2417, 0.69, 0.32, 1.2, -0.601174, 0.310607, -0.0969873
2417, 0.835, 0.2, 1.14, -0.601174, 0.310607, -0.0969873
2418, 0.69, 0.44, 0.6, -0.862705, -0.830826, 0.40058
2418, 0.835, 0.26, 0.84, -0.862705, -0.830826, 0.40058
2419, 0.69, 0.44, 0.72, -0.848778, -0.688125, 0.321021
2419, 0.835, 0.26, 0.9, -0.848778, -0.688125, 0.321021
2420, 0.545, 0.62, 0.72, -0.846478, -0.492952, 0.225702
2420, 0.69, 0.44, 0.84, -0.846478, -0.492952, 0.225702
2420, 0.835, 0.26, 0.96, -0.846478, -0.492952, 0.225702
2422, 0.69, 0.44, 1.08, -0.892677, 0, 0
2422, 0.835, 0.26, 1.08, -0.892677, 0, 0
2423, 0.545, 0.62, 1.26, -0.870133, 0.253012, -0.118086
2423, 0.69, 0.44, 1.2, -0.870133, 0.253012, -0.118086
2423, 0.835, 0.26, 1.14, -0.870133, 0.253012, -0.118086
2424, 0.835, 0.32, 0.84, -1.00858, -0.759068, 0.433351
2425, 0.69, 0.56, 0.72, -1.00124, -0.623125, 0.348814
2425, 0.835, 0.32, 0.9, -1.00124, -0.623125, 0.348814
2426, 0.69, 0.56, 0.84, -1.00384, -0.443125, 0.245997
2426, 0.835, 0.32, 0.96, -1.00384, -0.443125, 0.245997
2428, 0.69, 0.56, 1.08, -1.02732, 0, 0
2429, 0.69, 0.56, 1.2, -1.01808, 0.227623, -0.127415
2429, 0.835, 0.32, 1.14, -1.01808, 0.227623, -0.127415
2430, 0.69, -0.4, 0.72, 1.01766, -0.860773, -0.501404
2430, 0.835, -0.16, 1.02, 1.01766, -0.860773, -0.501404
2431, 0.69, -0.4, 0.84, 1.00858, -0.759068, -0.433351
2431, 0.835, -0.16, 1.08, 1.00858, -0.759068, -0.433351
2432, 0.69, -0.4, 0.96, 1.00124, -0.623125, -0.348814
2432, 0.835, -0.16, 1.14, 1.00124, -0.623125, -0.348814
2433, 0.545, -0.64, 0.96, 1.00384, -0.443125, -0.245997
2433, 0.69, -0.4, 1.08, 1.00384, -0.443125, -0.245997
2434, 0.69, -0.4, 1.2, 1.01808, -0.227623, -0.127415
2435, 0.69, -0.4, 1.32, 1.02732, -0, 0
2435, 0.835, -0.16, 1.32, 1.02732, -0, 0
2436, 0.69, -0.28, 0.72, 0.875401, -0.935061, -0.464017
2436, 0.835, -0.1, 1.02, 0.875401, -0.935061, -0.464017
2437, 0.69, -0.28, 0.84, 0.862705, -0.830826, -0.40058
2437, 0.835, -0.1, 1.08, 0.862705, -0.830826, -0.40058
2438, 0.545, -0.46, 0.78, 0.848778, -0.688125, -0.321021
2438, 0.69, -0.28, 0.96, 0.848778, -0.688125, -0.321021
2438, 0.835, -0.1, 1.14, 0.848778, -0.688125, -0.321021
2439, 0.4, -0.64, 0.84, 0.846478, -0.492952, -0.225702
2439, 0.545, -0.46, 0.96, 0.846478, -0.492952, -0.225702
2439, 0.69, -0.28, 1.08, 0.846478, -0.492952, -0.225702
2439, 0.835, -0.1, 1.2, 0.846478, -0.492952, -0.225702
2440, 0.4, -0.64, 1.08, 0.870133, -0.253012, -0.118086
2440, 0.545, -0.46, 1.14, 0.870133, -0.253012, -0.118086
2440, 0.69, -0.28, 1.2, 0.870133, -0.253012, -0.118086
2441, 0.4, -0.64, 1.32, 0.892677, -0, 0
2441, 0.69, -0.28, 1.32, 0.892677, -0, 0
2441, 0.835, -0.1, 1.32, 0.892677, -0, 0
2442, 0.69, -0.16, 0.72, 0.667608, -1.01923, -0.382855
2442, 0.835, -0.04, 1.02, 0.667608, -1.01923, -0.382855
2443, 0.545, -0.28, 0.6, 0.648399, -0.918853, -0.329504
2443, 0.69, -0.16, 0.84, 0.648399, -0.918853, -0.329504
2443, 0.835, -0.04, 1.08, 0.648399, -0.918853, -0.329504
2444, 0.545, -0.28, 0.78, 0.617241, -0.779362, -0.260376
2444, 0.69, -0.16, 0.96, 0.617241, -0.779362, -0.260376
2444, 0.835, -0.04, 1.14, 0.617241, -0.779362, -0.260376
2445, 0.4, -0.4, 0.84, 0.583709, -0.580613, -0.179028
2445, 0.545, -0.28, 0.96, 0.583709, -0.580613, -0.179028
2445, 0.69, -0.16, 1.08, 0.583709, -0.580613, -0.179028
2445, 0.835, -0.04, 1.2, 0.583709, -0.580613, -0.179028
2446, 0.4, -0.4, 1.08, 0.601174, -0.310607, -0.0969873
2447, 0.4, -0.4, 1.32, 0.691337, -0, 0
2447, 0.545, -0.28, 1.32, 0.691337, -0, 0
2447, 0.69, -0.16, 1.32, 0.691337, -0, 0
2447, 0.835, -0.04, 1.32, 0.691337, -0, 0
2448, 0.69, -0.04, 0.72, 0.372169, -1.09132, -0.227619
2448, 0.835, 0.02, 1.02, 0.372169, -1.09132, -0.227619
2449, 0.545, -0.1, 0.6, 0.35318, -0.996359, -0.193525
2449, 0.69, -0.04, 0.84, 0.35318, -0.996359, -0.193525
2449, 0.835, 0.02, 1.08, 0.35318, -0.996359, -0.193525
2450, 0.545, -0.1, 0.78, 0.314934, -0.861978, -0.145763
2450, 0.69, -0.04, 0.96, 0.314934, -0.861978, -0.145763
2450, 0.835, 0.02, 1.14, 0.314934, -0.861978, -0.145763
2451, 0.4, -0.16, 0.84, 0.251149, -0.664377, -0.0870426
2451, 0.545, -0.1, 0.96, 0.251149, -0.664377, -0.0870426
2451, 0.69, -0.04, 1.08, 0.251149, -0.664377, -0.0870426
2451, 0.835, 0.02, 1.2, 0.251149, -0.664377, -0.0870426
2452, 0.835, 0.02, 1.26, 0.193202, -0.374476, -0.0367136
2453, 0.4, -0.16, 1.32, 0.39234, -0, 0
2453, 0.545, -0.1, 1.32, 0.39234, -0, 0
2453, 0.69, -0.04, 1.32, 0.39234, -0, 0
2453, 0.835, 0.02, 1.32, 0.39234, -0, 0
2454, 0.69, 0.08, 0.72, 0, -1.12057, 0
2454, 0.835, 0.08, 1.02, 0, -1.12057, 0
2455, 0.545, 0.08, 0.6, 0, -1.02732, 0
2455, 0.69, 0.08, 0.84, 0, -1.02732, 0
2455, 0.835, 0.08, 1.08, 0, -1.02732, 0
2456, 0.545, 0.08, 0.78, 0, -0.892677, 0
2456, 0.69, 0.08, 0.96, 0, -0.892677, 0
2456, 0.835, 0.08, 1.14, 0, -0.892677, 0
2457, 0.4, 0.08, 0.84, 0, -0.691337, 0
2457, 0.545, 0.08, 0.96, 0, -0.691337, 0
2457, 0.69, 0.08, 1.08, 0, -0.691337, 0
2457, 0.835, 0.08, 1.2, 0, -0.691337, 0
2458, 0.4, 0.08, 1.08, 0, -0.39234, 0
2458, 0.545, 0.08, 1.14, 0, -0.39234, 0
2458, 0.69, 0.08, 1.2, 0, -0.39234, 0
2458, 0.835, 0.08, 1.26, 0, -0.39234, 0
2460, 0.69, 0.2, 0.72, -0.372169, -1.09132, 0.227619
2460, 0.835, 0.14, 1.02, -0.372169, -1.09132, 0.227619
2461, 0.545, 0.26, 0.6, -0.35318, -0.996359, 0.193525
2461, 0.69, 0.2, 0.84, -0.35318, -0.996359, 0.193525
2461, 0.835, 0.14, 1.08, -0.35318, -0.996359, 0.193525
2462, 0.4, 0.32, 0.6, -0.314934, -0.861978, 0.145763
2462, 0.545, 0.26, 0.78, -0.314934, -0.861978, 0.145763
2462, 0.69, 0.2, 0.96, -0.314934, -0.861978, 0.145763
2462, 0.835, 0.14, 1.14, -0.314934, -0.861978, 0.145763
2463, 0.4, 0.32, 0.84, -0.251149, -0.664377, 0.0870426
2463, 0.545, 0.26, 0.96, -0.251149, -0.664377, 0.0870426
2463, 0.69, 0.2, 1.08, -0.251149, -0.664377, 0.0870426
2463, 0.835, 0.14, 1.2, -0.251149, -0.664377, 0.0870426
2465, 0.4, 0.32, 1.32, -0.39234, 0, 0
2465, 0.545, 0.26, 1.32, -0.39234, 0, 0
2465, 0.69, 0.2, 1.32, -0.39234, 0, 0
2465, 0.835, 0.14, 1.32, -0.39234, 0, 0
2466, 0.69, 0.32, 0.72, -0.667608, -1.01923, 0.382855
2466, 0.835, 0.2, 1.02, -0.667608, -1.01923, 0.382855
2467, 0.69, 0.32, 0.84, -0.648399, -0.918853, 0.329504
2467, 0.835, 0.2, 1.08, -0.648399, -0.918853, 0.329504
2468, 0.545, 0.44, 0.78, -0.617241, -0.779362, 0.260376
2468, 0.69, 0.32, 0.96, -0.617241, -0.779362, 0.260376
2468, 0.835, 0.2, 1.14, -0.617241, -0.779362, 0.260376
2469, 0.545, 0.44, 0.96, -0.583709, -0.580613, 0.179028
2469, 0.69, 0.32, 1.08, -0.583709, -0.580613, 0.179028
2470, 0.835, 0.2, 1.26, -0.601174, -0.310607, 0.0969873
2471, 0.4, 0.56, 1.32, -0.691337, 0, 0
2471, 0.69, 0.32, 1.32, -0.691337, 0, 0
2471, 0.835, 0.2, 1.32, -0.691337, 0, 0
2472, 0.69, 0.44, 0.72, -0.875401, -0.935061, 0.464017
2472, 0.835, 0.26, 1.02, -0.875401, -0.935061, 0.464017
2473, 0.69, 0.44, 0.84, -0.862705, -0.830826, 0.40058
2473, 0.835, 0.26, 1.08, -0.862705, -0.830826, 0.40058
2474, 0.545, 0.62, 0.78, -0.848778, -0.688125, 0.321021
2474, 0.69, 0.44, 0.96, -0.848778, -0.688125, 0.321021
2474, 0.835, 0.26, 1.14, -0.848778, -0.688125, 0.321021
2475, 0.545, 0.62, 0.96, -0.846478, -0.492952, 0.225702
2475, 0.69, 0.44, 1.08, -0.846478, -0.492952, 0.225702
2476, 0.69, 0.44, 1.2, -0.870133, -0.253012, 0.118086
2476, 0.835, 0.26, 1.26, -0.870133, -0.253012, 0.118086
2478, 0.69, 0.56, 0.72, -1.01766, -0.860773, 0.501404
2478, 0.835, 0.32, 1.02, -1.01766, -0.860773, 0.501404
2479, 0.69, 0.56, 0.84, -1.00858, -0.759068, 0.433351
2479, 0.835, 0.32, 1.08, -1.00858, -0.759068, 0.433351
2480, 0.69, 0.56, 0.96, -1.00124, -0.623125, 0.348814
2480, 0.835, 0.32, 1.14, -1.00124, -0.623125, 0.348814
2482, 0.69, 0.56, 1.2, -1.01808, -0.227623, 0.127415
2482, 0.835, 0.32, 1.26, -1.01808, -0.227623, 0.127415
2484, 0.69, -0.4, 0.84, 1.02447, -0.940021, -0.556455
2484, 0.835, -0.16, 1.2, 1.02447, -0.940021, -0.556455
2485, 0.69, -0.4, 0.96, 1.01766, -0.860773, -0.501404
2485, 0.835, -0.16, 1.26, 1.01766, -0.860773, -0.501404
2486, 0.545, -0.64, 0.84, 1.00858, -0.759068, -0.433351
2486, 0.69, -0.4, 1.08, 1.00858, -0.759068, -0.433351
2486, 0.835, -0.16, 1.32, 1.00858, -0.759068, -0.433351
2487, 0.545, -0.64, 1.02, 1.00124, -0.623125, -0.348814
2487, 0.69, -0.4, 1.2, 1.00124, -0.623125, -0.348814
2490, 0.69, -0.28, 0.84, 0.883708, -1.01459, -0.514211
2490, 0.835, -0.1, 1.2, 0.883708, -1.01459, -0.514211
2491, 0.69, -0.28, 0.96, 0.875401, -0.935061, -0.464017
2491, 0.835, -0.1, 1.26, 0.875401, -0.935061, -0.464017
2492, 0.545, -0.46, 0.84, 0.862705, -0.830826, -0.40058
2492, 0.69, -0.28, 1.08, 0.862705, -0.830826, -0.40058
2492, 0.835, -0.1, 1.32, 0.862705, -0.830826, -0.40058
2493, 0.69, -0.28, 1.2, 0.848778, -0.688125, -0.321021
2495, 0.4, -0.64, 1.32, 0.870133, -0.253012, -0.118086
2496, 0.69, -0.16, 0.84, 0.678124, -1.09455, -0.423383
2496, 0.835, -0.04, 1.2, 0.678124, -1.09455, -0.423383
2497, 0.545, -0.28, 0.66, 0.667608, -1.01923, -0.382855
2497, 0.69, -0.16, 0.96, 0.667608, -1.01923, -0.382855
2497, 0.835, -0.04, 1.26, 0.667608, -1.01923, -0.382855
2498, 0.545, -0.28, 0.84, 0.648399, -0.918853, -0.329504
2498, 0.69, -0.16, 1.08, 0.648399, -0.918853, -0.329504
2498, 0.835, -0.04, 1.32, 0.648399, -0.918853, -0.329504
2499, 0.4, -0.4, 0.84, 0.617241, -0.779362, -0.260376
2499, 0.545, -0.28, 1.02, 0.617241, -0.779362, -0.260376
2499, 0.69, -0.16, 1.2, 0.617241, -0.779362, -0.260376
2499, 0.835, -0.04, 1.38, 0.617241, -0.779362, -0.260376
2500, 0.545, -0.28, 1.2, 0.583709, -0.580613, -0.179028
2501, 0.545, -0.28, 1.38, 0.601174, -0.310607, -0.0969873
2501, 0.69, -0.16, 1.44, 0.601174, -0.310607, -0.0969873
2502, 0.69, -0.04, 0.84, 0.381364, -1.16106, -0.251882
2502, 0.835, 0.02, 1.2, 0.381364, -1.16106, -0.251882
2503, 0.545, -0.1, 0.66, 0.372169, -1.09132, -0.227619
2503, 0.69, -0.04, 0.96, 0.372169, -1.09132, -0.227619
2503, 0.835, 0.02, 1.26, 0.372169, -1.09132, -0.227619
2504, 0.545, -0.1, 0.84, 0.35318, -0.996359, -0.193525
2504, 0.69, -0.04, 1.08, 0.35318, -0.996359, -0.193525
2504, 0.835, 0.02, 1.32, 0.35318, -0.996359, -0.193525
2505, 0.4, -0.16, 0.84, 0.314934, -0.861978, -0.145763
2505, 0.545, -0.1, 1.02, 0.314934, -0.861978, -0.145763
2505, 0.69, -0.04, 1.2, 0.314934, -0.861978, -0.145763
2505, 0.835, 0.02, 1.38, 0.314934, -0.861978, -0.145763
2506, 0.4, -0.16, 1.08, 0.251149, -0.664377, -0.0870426
2506, 0.545, -0.1, 1.2, 0.251149, -0.664377, -0.0870426
2506, 0.69, -0.04, 1.32, 0.251149, -0.664377, -0.0870426
2507, 0.4, -0.16, 1.32, 0.193202, -0.374476, -0.0367136
2507, 0.545, -0.1, 1.38, 0.193202, -0.374476, -0.0367136
2507, 0.69, -0.04, 1.44, 0.193202, -0.374476, -0.0367136
2508, 0.69, 0.08, 0.84, 0, -1.1879, 0
2508, 0.835, 0.08, 1.2, 0, -1.1879, 0
2509, 0.545, 0.08, 0.66, 0, -1.12057, 0
2509, 0.69, 0.08, 0.96, 0, -1.12057, 0
2509, 0.835, 0.08, 1.26, 0, -1.12057, 0
2510, 0.545, 0.08, 0.84, 0, -1.02732, 0
2510, 0.69, 0.08, 1.08, 0, -1.02732, 0
2510, 0.835, 0.08, 1.32, 0, -1.02732, 0
2511, 0.4, 0.08, 0.84, 0, -0.892677, 0
2511, 0.545, 0.08, 1.02, 0, -0.892677, 0
2511, 0.69, 0.08, 1.2, 0, -0.892677, 0
2511, 0.835, 0.08, 1.38, 0, -0.892677, 0
2512, 0.4, 0.08, 1.08, 0, -0.691337, 0
2512, 0.545, 0.08, 1.2, 0, -0.691337, 0
2512, 0.69, 0.08, 1.32, 0, -0.691337, 0
2513, 0.4, 0.08, 1.32, 0, -0.39234, 0
2513, 0.545, 0.08, 1.38, 0, -0.39234, 0
2513, 0.69, 0.08, 1.44, 0, -0.39234, 0
2514, 0.69, 0.2, 0.84, -0.381364, -1.16106, 0.251882
2514, 0.835, 0.14, 1.2, -0.381364, -1.16106, 0.251882
2515, 0.545, 0.26, 0.66, -0.372169, -1.09132, 0.227619
2515, 0.69, 0.2, 0.96, -0.372169, -1.09132, 0.227619
2515, 0.835, 0.14, 1.26, -0.372169, -1.09132, 0.227619
2516, 0.4, 0.32, 0.6, -0.35318, -0.996359, 0.193525
2516, 0.545, 0.26, 0.84, -0.35318, -0.996359, 0.193525
2516, 0.69, 0.2, 1.08, -0.35318, -0.996359, 0.193525
2516, 0.835, 0.14, 1.32, -0.35318, -0.996359, 0.193525
2517, 0.4, 0.32, 0.84, -0.314934, -0.861978, 0.145763
2517, 0.545, 0.26, 1.02, -0.314934, -0.861978, 0.145763
2517, 0.69, 0.2, 1.2, -0.314934, -0.861978, 0.145763
2517, 0.835, 0.14, 1.38, -0.314934, -0.861978, 0.145763
2518, 0.4, 0.32, 1.08, -0.251149, -0.664377, 0.0870426
2518, 0.545, 0.26, 1.2, -0.251149, -0.664377, 0.0870426
2518, 0.69, 0.2, 1.32, -0.251149, -0.664377, 0.0870426
2519, 0.545, 0.26, 1.38, -0.193202, -0.374476, 0.0367136
2519, 0.69, 0.2, 1.44, -0.193202, -0.374476, 0.0367136
2520, 0.69, 0.32, 0.84, -0.678124, -1.09455, 0.423383
2520, 0.835, 0.2, 1.2, -0.678124, -1.09455, 0.423383
2521, 0.69, 0.32, 0.96, -0.667608, -1.01923, 0.382855
2521, 0.835, 0.2, 1.26, -0.667608, -1.01923, 0.382855
2522, 0.545, 0.44, 0.84, -0.648399, -0.918853, 0.329504
2522, 0.69, 0.32, 1.08, -0.648399, -0.918853, 0.329504
2522, 0.835, 0.2, 1.32, -0.648399, -0.918853, 0.329504
2523, 0.4, 0.56, 0.84, -0.617241, -0.779362, 0.260376
2523, 0.545, 0.44, 1.02, -0.617241, -0.779362, 0.260376
2523, 0.69, 0.32, 1.2, -0.617241, -0.779362, 0.260376
2525, 0.545, 0.44, 1.38, -0.601174, -0.310607, 0.0969873
2526, 0.69, 0.44, 0.84, -0.883708, -1.01459, 0.514211
2526, 0.835, 0.26, 1.2, -0.883708, -1.01459, 0.514211
2527, 0.69, 0.44, 0.96, -0.875401, -0.935061, 0.464017
2527, 0.835, 0.26, 1.26, -0.875401, -0.935061, 0.464017
2528, 0.545, 0.62, 0.84, -0.862705, -0.830826, 0.40058
2528, 0.69, 0.44, 1.08, -0.862705, -0.830826, 0.40058
2528, 0.835, 0.26, 1.32, -0.862705, -0.830826, 0.40058
2529, 0.69, 0.44, 1.2, -0.848778, -0.688125, 0.321021
2532, 0.69, 0.56, 0.84, -1.02447, -0.940021, 0.556455
2532, 0.835, 0.32, 1.2, -1.02447, -0.940021, 0.556455
2533, 0.69, 0.56, 0.96, -1.01766, -0.860773, 0.501404
2533, 0.835, 0.32, 1.26, -1.01766, -0.860773, 0.501404
2534, 0.69, 0.56, 1.08, -1.00858, -0.759068, 0.433351
2535, 0.545, 0.8, 1.02, -1.00124, -0.623125, 0.348814
2538, 0.05, -0.4, 1.455, 0.463684, -0.113203, -0.0267527
2538, 0.515, -0.16, 1.5075, 0.463684, -0.113203, -0.0267527
2539, 0.05, -0.28, 1.455, 0.346229, -0.111014, -0.0194318
2539, 0.515, -0.1, 1.5075, 0.346229, -0.111014, -0.0194318
2540, 0.05, -0.16, 1.455, 0.202501, -0.111014, -0.0112903
2540, 0.515, -0.04, 1.5075, 0.202501, -0.111014, -0.0112903
2541, 0.05, -0.04, 1.455, 0.0566011, -0.111995, -0.00317368
2541, 0.515, 0.02, 1.5075, 0.0566011, -0.111995, -0.00317368
2542, 0.05, 0.08, 1.455, 0, -0.112427, 0
2542, 0.515, 0.08, 1.5075, 0, -0.112427, 0
2543, 0.05, 0.2, 1.455, -0.0566011, -0.111995, 0.00317368
2543, 0.515, 0.14, 1.5075, -0.0566011, -0.111995, 0.00317368
2544, 0.17, -0.4, 1.455, 0.521622, -0.125601, -0.0335628
2545, 0.17, -0.28, 1.455, 0.393349, -0.124629, -0.0248633
2546, 0.17, -0.16, 1.455, 0.232152, -0.126138, -0.014727
2547, 0.17, -0.04, 1.455, 0.0651396, -0.128205, -0.00418282
2547, 0.575, 0.02, 1.5075, 0.0651396, -0.128205, -0.00418282
2548, 0.17, 0.08, 1.455, 0, -0.128911, 0
2549, -0.64, 0.32, 1.35, -0.0651396, -0.128205, 0.00418282
2549, 0.17, 0.2, 1.455, -0.0651396, -0.128205, 0.00418282
2550, -0.055, -0.64, 1.4025, 0.594207, -0.14024, -0.0430007
2551, -0.055, -0.46, 1.4025, 0.454389, -0.141426, -0.0327473
2551, 0.29, -0.28, 1.455, 0.454389, -0.141426, -0.0327473
2552, -0.055, -0.28, 1.4025, 0.271847, -0.145707, -0.0199626
2552, 0.29, -0.16, 1.455, 0.271847, -0.145707, -0.0199626
2553, -0.055, -0.1, 1.4025, 0.0767458, -0.149807, -0.00576213
2553, 0.29, -0.04, 1.455, 0.0767458, -0.149807, -0.00576213
2554, -0.055, 0.08, 1.4025, 0, -0.151015, 0
2554, 0.29, 0.08, 1.455, 0, -0.151015, 0
2555, -0.055, 0.26, 1.4025, -0.0767458, -0.149807, 0.00576213
2555, 0.29, 0.2, 1.455, -0.0767458, -0.149807, 0.00576213
2556, 0.125, -0.64, 1.4025, 0.68664, -0.15723, -0.0563074
2556, 0.41, -0.4, 1.455, 0.68664, -0.15723, -0.0563074
2557, 0.41, -0.28, 1.455, 0.535867, -0.162154, -0.0446073
2558, 0.125, -0.28, 1.4025, 0.327578, -0.171723, -0.0284485
2558, 0.41, -0.16, 1.455, 0.327578, -0.171723, -0.0284485
2559, 0.125, -0.1, 1.4025, 0.0934595, -0.179944, -0.00843759
2559, 0.41, -0.04, 1.455, 0.0934595, -0.179944, -0.00843759
2560, 0.125, 0.08, 1.4025, 0, -0.182168, 0
2560, 0.41, 0.08, 1.455, 0, -0.182168, 0
2561, -0.16, 0.32, 1.35, -0.0934595, -0.179944, 0.00843759
2561, 0.125, 0.26, 1.4025, -0.0934595, -0.179944, 0.00843759
2561, 0.41, 0.2, 1.455, -0.0934595, -0.179944, 0.00843759
2563, 0.53, -0.28, 1.455, 0.648213, -0.187041, -0.063
2564, 0.305, -0.28, 1.4025, 0.410958, -0.207099, -0.0433119
2564, 0.53, -0.16, 1.455, 0.410958, -0.207099, -0.0433119
2565, 0.08, -0.16, 1.35, 0.119668, -0.22465, -0.0135144
2565, 0.305, -0.1, 1.4025, 0.119668, -0.22465, -0.0135144
2565, 0.53, -0.04, 1.455, 0.119668, -0.22465, -0.0135144
2566, 0.08, 0.08, 1.35, 0, -0.229232, 0
2566, 0.305, 0.08, 1.4025, 0, -0.229232, 0
2566, 0.53, 0.08, 1.455, 0, -0.229232, 0
2567, 0.305, 0.26, 1.4025, -0.119668, -0.22465, 0.0135144
2567, 0.53, 0.2, 1.455, -0.119668, -0.22465, 0.0135144
2569, 0.32, -0.64, 1.35, 0.807412, -0.213669, -0.0915575
2570, 0.485, -0.28, 1.4025, 0.546699, -0.254588, -0.0717354
2570, 0.65, -0.16, 1.455, 0.546699, -0.254588, -0.0717354
2571, 0.32, -0.16, 1.35, 0.16684, -0.29675, -0.0249948
2571, 0.485, -0.1, 1.4025, 0.16684, -0.29675, -0.0249948
2571, 0.65, -0.04, 1.455, 0.16684, -0.29675, -0.0249948
2572, 0.32, 0.08, 1.35, 0, -0.308053, 0
2572, 0.485, 0.08, 1.4025, 0, -0.308053, 0
2572, 0.65, 0.08, 1.455, 0, -0.308053, 0
2573, 0.32, 0.32, 1.35, -0.16684, -0.29675, 0.0249948
2573, 0.485, 0.26, 1.4025, -0.16684, -0.29675, 0.0249948
2573, 0.65, 0.2, 1.455, -0.16684, -0.29675, 0.0249948
2576, 0.665, -0.28, 1.4025, 0.789226, -0.305204, -0.127926
2577, 0.56, -0.16, 1.35, 0.276448, -0.425365, -0.0600637
2577, 0.665, -0.1, 1.4025, 0.276448, -0.425365, -0.0600637
2578, 0.56, 0.08, 1.35, 0, -0.463648, 0
2578, 0.665, 0.08, 1.4025, 0, -0.463648, 0
2584, 0.8, 0.08, 1.35, 0, -0.86217, 0
2592, 0.69, -0.4, 0.96, 1.0286, -1.00429, -0.60166
2593, 0.69, -0.4, 1.08, 1.02447, -0.940021, -0.556455
2594, 0.545, -0.64, 0.9, 1.01766, -0.860773, -0.501404
2594, 0.69, -0.4, 1.2, 1.01766, -0.860773, -0.501404
2595, 0.69, -0.4, 1.32, 1.00858, -0.759068, -0.433351
2598, 0.69, -0.28, 0.96, 0.88849, -1.07758, -0.554412
2598, 0.835, -0.1, 1.38, 0.88849, -1.07758, -0.554412
2599, 0.69, -0.28, 1.08, 0.883708, -1.01459, -0.514211
2600, 0.545, -0.46, 0.9, 0.875401, -0.935061, -0.464017
2600, 0.69, -0.28, 1.2, 0.875401, -0.935061, -0.464017
2601, 0.545, -0.46, 1.08, 0.862705, -0.830826, -0.40058
2602, 0.4, -0.64, 1.08, 0.848778, -0.688125, -0.321021
2604, 0.69, -0.16, 0.96, 0.68377, -1.15293, -0.454708
2604, 0.835, -0.04, 1.38, 0.68377, -1.15293, -0.454708
2605, 0.545, -0.28, 0.72, 0.678124, -1.09455, -0.423383
2605, 0.69, -0.16, 1.08, 0.678124, -1.09455, -0.423383
2606, 0.545, -0.28, 0.9, 0.667608, -1.01923, -0.382855
2606, 0.69, -0.16, 1.2, 0.667608, -1.01923, -0.382855
2607, 0.4, -0.4, 0.84, 0.648399, -0.918853, -0.329504
2607, 0.545, -0.28, 1.08, 0.648399, -0.918853, -0.329504
2607, 0.69, -0.16, 1.32, 0.648399, -0.918853, -0.329504
2608, 0.545, -0.28, 1.26, 0.617241, -0.779362, -0.260376
2610, 0.69, -0.04, 0.96, 0.385996, -1.21397, -0.269782
2610, 0.835, 0.02, 1.38, 0.385996, -1.21397, -0.269782
2611, 0.545, -0.1, 0.72, 0.381364, -1.16106, -0.251882
2611, 0.69, -0.04, 1.08, 0.381364, -1.16106, -0.251882
2612, 0.545, -0.1, 0.9, 0.372169, -1.09132, -0.227619
2612, 0.69, -0.04, 1.2, 0.372169, -1.09132, -0.227619
2613, 0.4, -0.16, 0.84, 0.35318, -0.996359, -0.193525
2613, 0.545, -0.1, 1.08, 0.35318, -0.996359, -0.193525
2613, 0.69, -0.04, 1.32, 0.35318, -0.996359, -0.193525
2614, 0.4, -0.16, 1.08, 0.314934, -0.861978, -0.145763
2614, 0.545, -0.1, 1.26, 0.314934, -0.861978, -0.145763
2614, 0.69, -0.04, 1.44, 0.314934, -0.861978, -0.145763
2615, 0.545, -0.1, 1.44, 0.251149, -0.664377, -0.0870426
2616, 0.69, 0.08, 0.96, 0, -1.23837, 0
2616, 0.835, 0.08, 1.38, 0, -1.23837, 0
2617, 0.545, 0.08, 0.72, 0, -1.1879, 0
2617, 0.69, 0.08, 1.08, 0, -1.1879, 0
2618, 0.545, 0.08, 0.9, 0, -1.12057, 0
2618, 0.69, 0.08, 1.2, 0, -1.12057, 0
2619, 0.4, 0.08, 0.84, 0, -1.02732, 0
2619, 0.545, 0.08, 1.08, 0, -1.02732, 0
2619, 0.69, 0.08, 1.32, 0, -1.02732, 0
2620, 0.4, 0.08, 1.08, 0, -0.892677, 0
2620, 0.545, 0.08, 1.26, 0, -0.892677, 0
2620, 0.69, 0.08, 1.44, 0, -0.892677, 0
2622, 0.69, 0.2, 0.96, -0.385996, -1.21397, 0.269782
2622, 0.835, 0.14, 1.38, -0.385996, -1.21397, 0.269782
2623, 0.545, 0.26, 0.72, -0.381364, -1.16106, 0.251882
2623, 0.69, 0.2, 1.08, -0.381364, -1.16106, 0.251882
2624, 0.545, 0.26, 0.9, -0.372169, -1.09132, 0.227619
2624, 0.69, 0.2, 1.2, -0.372169, -1.09132, 0.227619
2625, 0.4, 0.32, 0.84, -0.35318, -0.996359, 0.193525
2625, 0.545, 0.26, 1.08, -0.35318, -0.996359, 0.193525
2625, 0.69, 0.2, 1.32, -0.35318, -0.996359, 0.193525
2626, 0.4, 0.32, 1.08, -0.314934, -0.861978, 0.145763
2626, 0.545, 0.26, 1.26, -0.314934, -0.861978, 0.145763
2626, 0.69, 0.2, 1.44, -0.314934, -0.861978, 0.145763
2627, 0.545, 0.26, 1.44, -0.251149, -0.664377, 0.0870426
2628, 0.69, 0.32, 0.96, -0.68377, -1.15293, 0.454708
2629, 0.545, 0.44, 0.72, -0.678124, -1.09455, 0.423383
2629, 0.69, 0.32, 1.08, -0.678124, -1.09455, 0.423383
2630, 0.545, 0.44, 0.9, -0.667608, -1.01923, 0.382855
2630, 0.69, 0.32, 1.2, -0.667608, -1.01923, 0.382855
2631, 0.4, 0.56, 0.84, -0.648399, -0.918853, 0.329504
2631, 0.545, 0.44, 1.08, -0.648399, -0.918853, 0.329504
2631, 0.69, 0.32, 1.32, -0.648399, -0.918853, 0.329504
2632, 0.4, 0.56, 1.08, -0.617241, -0.779362, 0.260376
2632, 0.545, 0.44, 1.26, -0.617241, -0.779362, 0.260376
2634, 0.69, 0.44, 0.96, -0.88849, -1.07758, 0.554412
2635, 0.69, 0.44, 1.08, -0.883708, -1.01459, 0.514211
2636, 0.545, 0.62, 0.9, -0.875401, -0.935061, 0.464017
2636, 0.69, 0.44, 1.2, -0.875401, -0.935061, 0.464017
2637, 0.69, 0.44, 1.32, -0.862705, -0.830826, 0.40058
2640, 0.69, 0.56, 0.96, -1.0286, -1.00429, 0.60166
2641, 0.69, 0.56, 1.08, -1.02447, -0.940021, 0.556455
2642, 0.545, 0.8, 0.9, -1.01766, -0.860773, 0.501404
2642, 0.69, 0.56, 1.2, -1.01766, -0.860773, 0.501404
2643, 0.545, 0.8, 1.08, -1.00858, -0.759068, 0.433351
2648, -0.415, -0.28, 1.4625, 0.17943, -0.234542, -0.0211951
2650, 0.05, 0.08, 1.575, 0, -0.237374, 0
2651, -0.415, 0.26, 1.4625, -0.0659857, -0.236393, 0.00783861
2651, 0.05, 0.2, 1.575, -0.0659857, -0.236393, 0.00783861
2653, -0.235, -0.46, 1.4625, 0.360754, -0.262384, -0.0481152
2654, -0.64, -0.4, 1.35, 0.206668, -0.265692, -0.0277147
2654, -0.235, -0.28, 1.4625, 0.206668, -0.265692, -0.0277147
2654, 0.17, -0.16, 1.575, 0.206668, -0.265692, -0.0277147
2655, -0.235, -0.1, 1.4625, 0.0762738, -0.269403, -0.0103417
2655, 0.17, -0.04, 1.575, 0.0762738, -0.269403, -0.0103417
2656, -0.64, 0.08, 1.35, 0, -0.270947, 0
2656, -0.235, 0.08, 1.4625, 0, -0.270947, 0
2656, 0.17, 0.08, 1.575, 0, -0.270947, 0
2657, -0.64, 0.32, 1.35, -0.0762738, -0.269403, 0.0103417
2657, -0.235, 0.26, 1.4625, -0.0762738, -0.269403, 0.0103417
2657, 0.17, 0.2, 1.575, -0.0762738, -0.269403, 0.0103417
2659, -0.4, -0.64, 1.35, 0.419662, -0.297196, -0.0637409
2659, -0.055, -0.46, 1.4625, 0.419662, -0.297196, -0.0637409
2660, -0.055, -0.28, 1.4625, 0.243651, -0.305562, -0.0376999
2661, -0.055, -0.1, 1.4625, 0.0904513, -0.312669, -0.0142665
2661, 0.29, -0.04, 1.575, 0.0904513, -0.312669, -0.0142665
2662, -0.055, 0.08, 1.4625, 0, -0.315215, 0
2662, 0.29, 0.08, 1.575, 0, -0.315215, 0
2663, -0.055, 0.26, 1.4625, -0.0904513, -0.312669, 0.0142665
2665, -0.16, -0.64, 1.35, 0.49982, -0.33995, -0.0875605
2665, 0.125, -0.46, 1.4625, 0.49982, -0.33995, -0.0875605
2666, -0.16, -0.4, 1.35, 0.296591, -0.357722, -0.054005
2666, 0.125, -0.28, 1.4625, 0.296591, -0.357722, -0.054005
2667, -0.16, -0.16, 1.35, 0.111272, -0.371477, -0.0209294
2667, 0.125, -0.1, 1.4625, 0.111272, -0.371477, -0.0209294
2668, 0.125, 0.08, 1.4625, 0, -0.375961, 0
2669, -0.16, 0.32, 1.35, -0.111272, -0.371477, 0.0209294
2669, 0.125, 0.26, 1.4625, -0.111272, -0.371477, 0.0209294
2673, 0.08, -0.16, 1.35, 0.144855, -0.454976, -0.0335888
2673, 0.305, -0.1, 1.4625, 0.144855, -0.454976, -0.0335888
2674, 0.08, 0.08, 1.35, 0, -0.463648, 0
2674, 0.305, 0.08, 1.4625, 0, -0.463648, 0
2675, 0.305, 0.26, 1.4625, -0.144855, -0.454976, 0.0335888
2677, 0.32, -0.64, 1.35, 0.777744, -0.447227, -0.185825
2679, 0.485, -0.1, 1.4625, 0.207593, -0.57918, -0.0620588
2680, 0.485, 0.08, 1.4625, 0, -0.598419, 0
2685, 0.56, -0.16, 1.35, 0.35653, -0.76702, -0.145144
2686, 0.56, 0.08, 1.35, 0, -0.819867, 0
2686, 0.665, 0.08, 1.4625, 0, -0.819867, 0
2687, 0.56, 0.32, 1.35, -0.35653, -0.76702, 0.145144
2691, 0.8, -0.16, 1.35, 0.826161, -0.986026, -0.462538
2692, 0.8, 0.08, 1.35, 0, -1.19029, 0
2693, 0.8, 0.32, 1.35, -0.826161, -0.986026, 0.462538
2700, 0.545, -0.58, 0.12, 1.12057, -0, 0
2700, 0.69, -0.28, 0.12, 1.12057, -0, 0
2700, 0.835, 0.02, 0.12, 1.12057, -0, 0
2701, 0.4, -0.88, 0.36, 1.11403, 0.219194, 0.13685
2701, 0.545, -0.58, 0.3, 1.11403, 0.219194, 0.13685
2701, 0.69, -0.28, 0.24, 1.11403, 0.219194, 0.13685
2701, 0.835, 0.02, 0.18, 1.11403, 0.219194, 0.13685
2702, 0.4, -0.88, 0.6, 1.10405, 0.419958, 0.261027
2702, 0.69, -0.28, 0.36, 1.10405, 0.419958, 0.261027
2702, 0.835, 0.02, 0.24, 1.10405, 0.419958, 0.261027
2703, 0.545, -0.58, 0.66, 1.10258, 0.584121, 0.365611
2704, 0.545, -0.58, 0.84, 1.10883, 0.708722, 0.450407
2704, 0.69, -0.28, 0.6, 1.10883, 0.708722, 0.450407
2705, 0.545, -0.58, 1.02, 1.11693, 0.803431, 0.518897
2705, 0.69, -0.28, 0.72, 1.11693, 0.803431, 0.518897
2706, 0.545, -0.4, 0.12, 1.02732, -0, 0
2706, 0.69, -0.16, 0.12, 1.02732, -0, 0
2706, 0.835, 0.08, 0.12, 1.02732, -0, 0
2707, 0.545, -0.4, 0.3, 1.01808, 0.227623, 0.127415
2707, 0.69, -0.16, 0.24, 1.01808, 0.227623, 0.127415
2707, 0.835, 0.08, 0.18, 1.01808, 0.227623, 0.127415
2708, 0.4, -0.64, 0.6, 1.00384, 0.443125, 0.245997
2708, 0.69, -0.16, 0.36, 1.00384, 0.443125, 0.245997
2708, 0.835, 0.08, 0.24, 1.00384, 0.443125, 0.245997
2709, 0.69, -0.16, 0.48, 1.00124, 0.623125, 0.348814
2709, 0.835, 0.08, 0.3, 1.00124, 0.623125, 0.348814
2710, 0.545, -0.4, 0.84, 1.00858, 0.759068, 0.433351
2711, 0.545, -0.4, 1.02, 1.01766, 0.860773, 0.501404
2711, 0.69, -0.16, 0.72, 1.01766, 0.860773, 0.501404
2712, 0.4, -0.4, 0.12, 0.892677, -0, 0
2712, 0.545, -0.22, 0.12, 0.892677, -0, 0
2712, 0.69, -0.04, 0.12, 0.892677, -0, 0
2712, 0.835, 0.14, 0.12, 0.892677, -0, 0
2713, 0.4, -0.4, 0.36, 0.870133, 0.253012, 0.118086
2713, 0.545, -0.22, 0.3, 0.870133, 0.253012, 0.118086
2713, 0.69, -0.04, 0.24, 0.870133, 0.253012, 0.118086
2713, 0.835, 0.14, 0.18, 0.870133, 0.253012, 0.118086
2714, 0.4, -0.4, 0.6, 0.846478, 0.492952, 0.225702
2714, 0.69, -0.04, 0.36, 0.846478, 0.492952, 0.225702
2714, 0.835, 0.14, 0.24, 0.846478, 0.492952, 0.225702
2715, 0.4, -0.4, 0.84, 0.848778, 0.688125, 0.321021
2715, 0.545, -0.22, 0.66, 0.848778, 0.688125, 0.321021
2715, 0.69, -0.04, 0.48, 0.848778, 0.688125, 0.321021
2715, 0.835, 0.14, 0.3, 0.848778, 0.688125, 0.321021
2716, 0.4, -0.4, 1.08, 0.862705, 0.830826, 0.40058
2716, 0.545, -0.22, 0.84, 0.862705, 0.830826, 0.40058
2716, 0.69, -0.04, 0.6, 0.862705, 0.830826, 0.40058
2717, 0.545, -0.22, 1.02, 0.875401, 0.935061, 0.464017
2717, 0.69, -0.04, 0.72, 0.875401, 0.935061, 0.464017
2718, 0.545, -0.04, 0.12, 0.691337, -0, 0
2718, 0.69, 0.08, 0.12, 0.691337, -0, 0
2718, 0.835, 0.2, 0.12, 0.691337, -0, 0
2719, 0.545, -0.04, 0.3, 0.601174, 0.310607, 0.0969873
2719, 0.69, 0.08, 0.24, 0.601174, 0.310607, 0.0969873
2719, 0.835, 0.2, 0.18, 0.601174, 0.310607, 0.0969873
2720, 0.69, 0.08, 0.36, 0.583709, 0.580613, 0.179028
2720, 0.835, 0.2, 0.24, 0.583709, 0.580613, 0.179028
2721, 0.4, -0.16, 0.84, 0.617241, 0.779362, 0.260376
2721, 0.545, -0.04, 0.66, 0.617241, 0.779362, 0.260376
2721, 0.835, 0.2, 0.3, 0.617241, 0.779362, 0.260376
2722, 0.4, -0.16, 1.08, 0.648399, 0.918853, 0.329504
2722, 0.545, -0.04, 0.84, 0.648399, 0.918853, 0.329504
2722, 0.69, 0.08, 0.6, 0.648399, 0.918853, 0.329504
2723, 0.545, -0.04, 1.02, 0.667608, 1.01923, 0.382855
2723, 0.69, 0.08, 0.72, 0.667608, 1.01923, 0.382855
2723, 0.835, 0.2, 0.42, 0.667608, 1.01923, 0.382855
2724, 0.545, 0.14, 0.12, 0.39234, -0, 0
2724, 0.69, 0.2, 0.12, 0.39234, -0, 0
2724, 0.835, 0.26, 0.12, 0.39234, -0, 0
2725, 0.545, 0.14, 0.3, 0.193202, 0.374476, 0.0367136
2725, 0.69, 0.2, 0.24, 0.193202, 0.374476, 0.0367136
2725, 0.835, 0.26, 0.18, 0.193202, 0.374476, 0.0367136
2726, 0.545, 0.14, 0.48, 0.251149, 0.664377, 0.0870426
2726, 0.69, 0.2, 0.36, 0.251149, 0.664377, 0.0870426
2726, 0.835, 0.26, 0.24, 0.251149, 0.664377, 0.0870426
2727, 0.4, 0.08, 0.84, 0.314934, 0.861978, 0.145763
2727, 0.545, 0.14, 0.66, 0.314934, 0.861978, 0.145763
2727, 0.69, 0.2, 0.48, 0.314934, 0.861978, 0.145763
2727, 0.835, 0.26, 0.3, 0.314934, 0.861978, 0.145763
2728, 0.4, 0.08, 1.08, 0.35318, 0.996359, 0.193525
2728, 0.545, 0.14, 0.84, 0.35318, 0.996359, 0.193525
2728, 0.69, 0.2, 0.6, 0.35318, 0.996359, 0.193525
2728, 0.835, 0.26, 0.36, 0.35318, 0.996359, 0.193525
2729, 0.4, 0.08, 1.32, 0.372169, 1.09132, 0.227619
2729, 0.545, 0.14, 1.02, 0.372169, 1.09132, 0.227619
2729, 0.69, 0.2, 0.72, 0.372169, 1.09132, 0.227619
2729, 0.835, 0.26, 0.42, 0.372169, 1.09132, 0.227619
2731, 0.545, 0.32, 0.3, 0, 0.39234, 0
2731, 0.69, 0.32, 0.24, 0, 0.39234, 0
2731, 0.835, 0.32, 0.18, 0, 0.39234, 0
2732, 0.69, 0.32, 0.36, 0, 0.691337, 0
2732, 0.835, 0.32, 0.24, 0, 0.691337, 0
2733, 0.4, 0.32, 0.84, 0, 0.892677, 0
2733, 0.545, 0.32, 0.66, 0, 0.892677, 0
2733, 0.69, 0.32, 0.48, 0, 0.892677, 0
2733, 0.835, 0.32, 0.3, 0, 0.892677, 0
2734, 0.4, 0.32, 1.08, 0, 1.02732, 0
2734, 0.545, 0.32, 0.84, 0, 1.02732, 0
2734, 0.69, 0.32, 0.6, 0, 1.02732, 0
2735, 0.4, 0.32, 1.32, 0, 1.12057, 0
2735, 0.545, 0.32, 1.02, 0, 1.12057, 0
2735, 0.69, 0.32, 0.72, 0, 1.12057, 0
2735, 0.835, 0.32, 0.42, 0, 1.12057, 0
2736, 0.4, 0.56, 0.12, -0.39234, 0, 0
2736, 0.545, 0.5, 0.12, -0.39234, 0, 0
2736, 0.69, 0.44, 0.12, -0.39234, 0, 0
2736, 0.835, 0.38, 0.12, -0.39234, 0, 0
2737, 0.4, 0.56, 0.36, -0.193202, 0.374476, -0.0367136
2737, 0.545, 0.5, 0.3, -0.193202, 0.374476, -0.0367136
2737, 0.69, 0.44, 0.24, -0.193202, 0.374476, -0.0367136
2737, 0.835, 0.38, 0.18, -0.193202, 0.374476, -0.0367136
2738, 0.835, 0.38, 0.24, -0.251149, 0.664377, -0.0870426
2739, 0.4, 0.56, 0.84, -0.314934, 0.861978, -0.145763
2739, 0.69, 0.44, 0.48, -0.314934, 0.861978, -0.145763
2740, 0.4, 0.56, 1.08, -0.35318, 0.996359, -0.193525
2740, 0.545, 0.5, 0.84, -0.35318, 0.996359, -0.193525
2740, 0.69, 0.44, 0.6, -0.35318, 0.996359, -0.193525
2741, 0.545, 0.5, 1.02, -0.372169, 1.09132, -0.227619
2741, 0.69, 0.44, 0.72, -0.372169, 1.09132, -0.227619
2741, 0.835, 0.38, 0.42, -0.372169, 1.09132, -0.227619
2742, 0.4, 0.8, 0.12, -0.691337, 0, 0
2742, 0.545, 0.68, 0.12, -0.691337, 0, 0
2742, 0.69, 0.56, 0.12, -0.691337, 0, 0
2742, 0.835, 0.44, 0.12, -0.691337, 0, 0
2743, 0.4, 0.8, 0.36, -0.601174, 0.310607, -0.0969873
2743, 0.545, 0.68, 0.3, -0.601174, 0.310607, -0.0969873
2743, 0.69, 0.56, 0.24, -0.601174, 0.310607, -0.0969873
2743, 0.835, 0.44, 0.18, -0.601174, 0.310607, -0.0969873
2744, 0.4, 0.8, 0.6, -0.583709, 0.580613, -0.179028
2744, 0.69, 0.56, 0.36, -0.583709, 0.580613, -0.179028
2744, 0.835, 0.44, 0.24, -0.583709, 0.580613, -0.179028
2746, 0.4, 0.8, 1.08, -0.648399, 0.918853, -0.329504
2746, 0.545, 0.68, 0.84, -0.648399, 0.918853, -0.329504
2746, 0.835, 0.44, 0.36, -0.648399, 0.918853, -0.329504
2747, 0.545, 0.68, 1.02, -0.667608, 1.01923, -0.382855
2747, 0.69, 0.56, 0.72, -0.667608, 1.01923, -0.382855
2747, 0.835, 0.44, 0.42, -0.667608, 1.01923, -0.382855
2748, 0.545, 0.86, 0.12, -0.892677, 0, 0
2748, 0.69, 0.68, 0.12, -0.892677, 0, 0
2748, 0.835, 0.5, 0.12, -0.892677, 0, 0
2749, 0.69, 0.68, 0.24, -0.870133, 0.253012, -0.118086
2749, 0.835, 0.5, 0.18, -0.870133, 0.253012, -0.118086
2750, 0.835, 0.5, 0.24, -0.846478, 0.492952, -0.225702
2751, 0.835, 0.5, 0.3, -0.848778, 0.688125, -0.321021
2752, 0.545, 0.86, 0.84, -0.862705, 0.830826, -0.40058
2752, 0.835, 0.5, 0.36, -0.862705, 0.830826, -0.40058
2753, 0.69, 0.68, 0.72, -0.875401, 0.935061, -0.464017
2754, 0.545, -0.58, 0.18, 1.11403, -0.219194, -0.13685
2754, 0.69, -0.28, 0.24, 1.11403, -0.219194, -0.13685
2754, 0.835, 0.02, 0.3, 1.11403, -0.219194, -0.13685
2755, 0.545, -0.58, 0.36, 1.12057, -0, 0
2755, 0.69, -0.28, 0.36, 1.12057, -0, 0
2755, 0.835, 0.02, 0.36, 1.12057, -0, 0
2756, 0.69, -0.28, 0.48, 1.11403, 0.219194, 0.13685
2756, 0.835, 0.02, 0.42, 1.11403, 0.219194, 0.13685
2757, 0.545, -0.58, 0.72, 1.10405, 0.419958, 0.261027
2757, 0.835, 0.02, 0.48, 1.10405, 0.419958, 0.261027
2758, 0.545, -0.58, 0.9, 1.10258, 0.584121, 0.365611
2758, 0.69, -0.28, 0.72, 1.10258, 0.584121, 0.365611
2759, 0.69, -0.28, 0.84, 1.10883, 0.708722, 0.450407
2760, 0.4, -0.64, 0.12, 1.01808, -0.227623, -0.127415
2760, 0.545, -0.4, 0.18, 1.01808, -0.227623, -0.127415
2760, 0.69, -0.16, 0.24, 1.01808, -0.227623, -0.127415
2760, 0.835, 0.08, 0.3, 1.01808, -0.227623, -0.127415
2761, 0.545, -0.4, 0.36, 1.02732, -0, 0
2761, 0.69, -0.16, 0.36, 1.02732, -0, 0
2761, 0.835, 0.08, 0.36, 1.02732, -0, 0
2762, 0.4, -0.64, 0.6, 1.01808, 0.227623, 0.127415
2762, 0.545, -0.4, 0.54, 1.01808, 0.227623, 0.127415
2762, 0.835, 0.08, 0.42, 1.01808, 0.227623, 0.127415
2763, 0.545, -0.4, 0.72, 1.00384, 0.443125, 0.245997
2763, 0.835, 0.08, 0.48, 1.00384, 0.443125, 0.245997
2764, 0.545, -0.4, 0.9, 1.00124, 0.623125, 0.348814
2765, 0.545, -0.4, 1.08, 1.00858, 0.759068, 0.433351
2765, 0.69, -0.16, 0.84, 1.00858, 0.759068, 0.433351
2765, 0.835, 0.08, 0.6, 1.00858, 0.759068, 0.433351
2766, 0.4, -0.4, 0.12, 0.870133, -0.253012, -0.118086
2766, 0.545, -0.22, 0.18, 0.870133, -0.253012, -0.118086
2766, 0.69, -0.04, 0.24, 0.870133, -0.253012, -0.118086
2766, 0.835, 0.14, 0.3, 0.870133, -0.253012, -0.118086
2767, 0.4, -0.4, 0.36, 0.892677, -0, 0
2767, 0.545, -0.22, 0.36, 0.892677, -0, 0
2767, 0.69, -0.04, 0.36, 0.892677, -0, 0
2767, 0.835, 0.14, 0.36, 0.892677, -0, 0
2768, 0.4, -0.4, 0.6, 0.870133, 0.253012, 0.118086
2768, 0.545, -0.22, 0.54, 0.870133, 0.253012, 0.118086
2768, 0.69, -0.04, 0.48, 0.870133, 0.253012, 0.118086
2768, 0.835, 0.14, 0.42, 0.870133, 0.253012, 0.118086
2769, 0.835, 0.14, 0.48, 0.846478, 0.492952, 0.225702
2770, 0.4, -0.4, 1.08, 0.848778, 0.688125, 0.321021
2770, 0.545, -0.22, 0.9, 0.848778, 0.688125, 0.321021
2770, 0.69, -0.04, 0.72, 0.848778, 0.688125, 0.321021
2770, 0.835, 0.14, 0.54, 0.848778, 0.688125, 0.321021
2771, 0.545, -0.22, 1.08, 0.862705, 0.830826, 0.40058
2771, 0.69, -0.04, 0.84, 0.862705, 0.830826, 0.40058
2771, 0.835, 0.14, 0.6, 0.862705, 0.830826, 0.40058
2772, 0.545, -0.04, 0.18, 0.601174, -0.310607, -0.0969873
2772, 0.69, 0.08, 0.24, 0.601174, -0.310607, -0.0969873
2772, 0.835, 0.2, 0.3, 0.601174, -0.310607, -0.0969873
2773, 0.545, -0.04, 0.36, 0.691337, -0, 0
2773, 0.69, 0.08, 0.36, 0.691337, -0, 0
2773, 0.835, 0.2, 0.36, 0.691337, -0, 0
2774, 0.545, -0.04, 0.54, 0.601174, 0.310607, 0.0969873
2774, 0.69, 0.08, 0.48, 0.601174, 0.310607, 0.0969873
2774, 0.835, 0.2, 0.42, 0.601174, 0.310607, 0.0969873
2775, 0.4, -0.16, 0.84, 0.583709, 0.580613, 0.179028
2775, 0.545, -0.04, 0.72, 0.583709, 0.580613, 0.179028
2776, 0.4, -0.16, 1.08, 0.617241, 0.779362, 0.260376
2776, 0.545, -0.04, 0.9, 0.617241, 0.779362, 0.260376
2776, 0.69, 0.08, 0.72, 0.617241, 0.779362, 0.260376
2776, 0.835, 0.2, 0.54, 0.617241, 0.779362, 0.260376
2777, 0.4, -0.16, 1.32, 0.648399, 0.918853, 0.329504
2777, 0.545, -0.04, 1.08, 0.648399, 0.918853, 0.329504
2777, 0.69, 0.08, 0.84, 0.648399, 0.918853, 0.329504
2777, 0.835, 0.2, 0.6, 0.648399, 0.918853, 0.329504
2778, 0.69, 0.2, 0.24, 0.193202, -0.374476, -0.0367136
2778, 0.835, 0.26, 0.3, 0.193202, -0.374476, -0.0367136
2779, 0.545, 0.14, 0.36, 0.39234, -0, 0
2779, 0.69, 0.2, 0.36, 0.39234, -0, 0
2779, 0.835, 0.26, 0.36, 0.39234, -0, 0
2780, 0.545, 0.14, 0.54, 0.193202, 0.374476, 0.0367136
2780, 0.69, 0.2, 0.48, 0.193202, 0.374476, 0.0367136
2780, 0.835, 0.26, 0.42, 0.193202, 0.374476, 0.0367136
2781, 0.4, 0.08, 0.84, 0.251149, 0.664377, 0.0870426
2781, 0.545, 0.14, 0.72, 0.251149, 0.664377, 0.0870426
2781, 0.69, 0.2, 0.6, 0.251149, 0.664377, 0.0870426
2781, 0.835, 0.26, 0.48, 0.251149, 0.664377, 0.0870426
2782, 0.4, 0.08, 1.08, 0.314934, 0.861978, 0.145763
2782, 0.545, 0.14, 0.9, 0.314934, 0.861978, 0.145763
2782, 0.69, 0.2, 0.72, 0.314934, 0.861978, 0.145763
2782, 0.835, 0.26, 0.54, 0.314934, 0.861978, 0.145763
2783, 0.4, 0.08, 1.32, 0.35318, 0.996359, 0.193525
2783, 0.545, 0.14, 1.08, 0.35318, 0.996359, 0.193525
2783, 0.69, 0.2, 0.84, 0.35318, 0.996359, 0.193525
2783, 0.835, 0.26, 0.6, 0.35318, 0.996359, 0.193525
2784, 0.545, 0.32, 0.18, 0, -0.39234, 0
2784, 0.69, 0.32, 0.24, 0, -0.39234, 0
2784, 0.835, 0.32, 0.3, 0, -0.39234, 0
2786, 0.545, 0.32, 0.54, 0, 0.39234, 0
2786, 0.69, 0.32, 0.48, 0, 0.39234, 0
2786, 0.835, 0.32, 0.42, 0, 0.39234, 0
2787, 0.4, 0.32, 0.84, 0, 0.691337, 0
2787, 0.545, 0.32, 0.72, 0, 0.691337, 0
2787, 0.69, 0.32, 0.6, 0, 0.691337, 0
2787, 0.835, 0.32, 0.48, 0, 0.691337, 0
2788, 0.4, 0.32, 1.08, 0, 0.892677, 0
2788, 0.545, 0.32, 0.9, 0, 0.892677, 0
2788, 0.69, 0.32, 0.72, 0, 0.892677, 0
2788, 0.835, 0.32, 0.54, 0, 0.892677, 0
2789, 0.4, 0.32, 1.32, 0, 1.02732, 0
2789, 0.545, 0.32, 1.08, 0, 1.02732, 0
2789, 0.69, 0.32, 0.84, 0, 1.02732, 0
2789, 0.835, 0.32, 0.6, 0, 1.02732, 0
2790, 0.4, 0.56, 0.12, -0.193202, -0.374476, 0.0367136
2790, 0.545, 0.5, 0.18, -0.193202, -0.374476, 0.0367136
2790, 0.69, 0.44, 0.24, -0.193202, -0.374476, 0.0367136
2790, 0.835, 0.38, 0.3, -0.193202, -0.374476, 0.0367136
2791, 0.4, 0.56, 0.36, -0.39234, 0, 0
2791, 0.545, 0.5, 0.36, -0.39234, 0, 0
2791, 0.69, 0.44, 0.36, -0.39234, 0, 0
2791, 0.835, 0.38, 0.36, -0.39234, 0, 0
2792, 0.4, 0.56, 0.6, -0.193202, 0.374476, -0.0367136
2792, 0.69, 0.44, 0.48, -0.193202, 0.374476, -0.0367136
2792, 0.835, 0.38, 0.42, -0.193202, 0.374476, -0.0367136
2793, 0.4, 0.56, 0.84, -0.251149, 0.664377, -0.0870426
2793, 0.545, 0.5, 0.72, -0.251149, 0.664377, -0.0870426
2793, 0.835, 0.38, 0.48, -0.251149, 0.664377, -0.0870426
2794, 0.4, 0.56, 1.08, -0.314934, 0.861978, -0.145763
2794, 0.545, 0.5, 0.9, -0.314934, 0.861978, -0.145763
2794, 0.69, 0.44, 0.72, -0.314934, 0.861978, -0.145763
2795, 0.545, 0.5, 1.08, -0.35318, 0.996359, -0.193525
2795, 0.69, 0.44, 0.84, -0.35318, 0.996359, -0.193525
2795, 0.835, 0.38, 0.6, -0.35318, 0.996359, -0.193525
2796, 0.4, 0.8, 0.12, -0.601174, -0.310607, 0.0969873
2796, 0.545, 0.68, 0.18, -0.601174, -0.310607, 0.0969873
2796, 0.69, 0.56, 0.24, -0.601174, -0.310607, 0.0969873
2796, 0.835, 0.44, 0.3, -0.601174, -0.310607, 0.0969873
2797, 0.545, 0.68, 0.36, -0.691337, 0, 0
2797, 0.69, 0.56, 0.36, -0.691337, 0, 0
2797, 0.835, 0.44, 0.36, -0.691337, 0, 0
2798, 0.69, 0.56, 0.48, -0.601174, 0.310607, -0.0969873
2798, 0.835, 0.44, 0.42, -0.601174, 0.310607, -0.0969873
2799, 0.835, 0.44, 0.48, -0.583709, 0.580613, -0.179028
2800, 0.4, 0.8, 1.08, -0.617241, 0.779362, -0.260376
2800, 0.545, 0.68, 0.9, -0.617241, 0.779362, -0.260376
2801, 0.545, 0.68, 1.08, -0.648399, 0.918853, -0.329504
2801, 0.69, 0.56, 0.84, -0.648399, 0.918853, -0.329504
2801, 0.835, 0.44, 0.6, -0.648399, 0.918853, -0.329504
2802, 0.545, 0.86, 0.18, -0.870133, -0.253012, 0.118086
2802, 0.69, 0.68, 0.24, -0.870133, -0.253012, 0.118086
2802, 0.835, 0.5, 0.3, -0.870133, -0.253012, 0.118086
2803, 0.545, 0.86, 0.36, -0.892677, 0, 0
2803, 0.69, 0.68, 0.36, -0.892677, 0, 0
2803, 0.835, 0.5, 0.36, -0.892677, 0, 0
2804, 0.69, 0.68, 0.48, -0.870133, 0.253012, -0.118086
2804, 0.835, 0.5, 0.42, -0.870133, 0.253012, -0.118086
2805, 0.545, 0.86, 0.72, -0.846478, 0.492952, -0.225702
2806, 0.545, 0.86, 0.9, -0.848778, 0.688125, -0.321021
2807, 0.69, 0.68, 0.84, -0.862705, 0.830826, -0.40058
2807, 0.835, 0.5, 0.6, -0.862705, 0.830826, -0.40058
2808, 0.69, -0.28, 0.36, 1.10405, -0.419958, -0.261027
2808, 0.835, 0.02, 0.48, 1.10405, -0.419958, -0.261027
2809, 0.69, -0.28, 0.48, 1.11403, -0.219194, -0.13685
2809, 0.835, 0.02, 0.54, 1.11403, -0.219194, -0.13685
2810, 0.545, -0.58, 0.6, 1.12057, -0, 0
2810, 0.69, -0.28, 0.6, 1.12057, -0, 0
2810, 0.835, 0.02, 0.6, 1.12057, -0, 0
2811, 0.545, -0.58, 0.78, 1.11403, 0.219194, 0.13685
2812, 0.69, -0.28, 0.84, 1.10405, 0.419958, 0.261027
2813, 0.69, -0.28, 0.96, 1.10258, 0.584121, 0.365611
2813, 0.835, 0.02, 0.78, 1.10258, 0.584121, 0.365611
2814, 0.69, -0.16, 0.36, 1.00384, -0.443125, -0.245997
2814, 0.835, 0.08, 0.48, 1.00384, -0.443125, -0.245997
2815, 0.545, -0.4, 0.42, 1.01808, -0.227623, -0.127415
2815, 0.69, -0.16, 0.48, 1.01808, -0.227623, -0.127415
2815, 0.835, 0.08, 0.54, 1.01808, -0.227623, -0.127415
2816, 0.545, -0.4, 0.6, 1.02732, -0, 0
2816, 0.69, -0.16, 0.6, 1.02732, -0, 0
2816, 0.835, 0.08, 0.6, 1.02732, -0, 0
2817, 0.545, -0.4, 0.78, 1.01808, 0.227623, 0.127415
2817, 0.835, 0.08, 0.66, 1.01808, 0.227623, 0.127415
2818, 0.69, -0.16, 0.84, 1.00384, 0.443125, 0.245997
2819, 0.545, -0.4, 1.14, 1.00124, 0.623125, 0.348814
2819, 0.69, -0.16, 0.96, 1.00124, 0.623125, 0.348814
2819, 0.835, 0.08, 0.78, 1.00124, 0.623125, 0.348814
2820, 0.69, -0.04, 0.36, 0.846478, -0.492952, -0.225702
2820, 0.835, 0.14, 0.48, 0.846478, -0.492952, -0.225702
2821, 0.4, -0.4, 0.36, 0.870133, -0.253012, -0.118086
2821, 0.545, -0.22, 0.42, 0.870133, -0.253012, -0.118086
2821, 0.69, -0.04, 0.48, 0.870133, -0.253012, -0.118086
2821, 0.835, 0.14, 0.54, 0.870133, -0.253012, -0.118086
2822, 0.545, -0.22, 0.6, 0.892677, -0, 0
2822, 0.69, -0.04, 0.6, 0.892677, -0, 0
2822, 0.835, 0.14, 0.6, 0.892677, -0, 0
2823, 0.545, -0.22, 0.78, 0.870133, 0.253012, 0.118086
2823, 0.835, 0.14, 0.66, 0.870133, 0.253012, 0.118086
2824, 0.4, -0.4, 1.08, 0.846478, 0.492952, 0.225702
2824, 0.545, -0.22, 0.96, 0.846478, 0.492952, 0.225702
2824, 0.69, -0.04, 0.84, 0.846478, 0.492952, 0.225702
2824, 0.835, 0.14, 0.72, 0.846478, 0.492952, 0.225702
2825, 0.545, -0.22, 1.14, 0.848778, 0.688125, 0.321021
2825, 0.69, -0.04, 0.96, 0.848778, 0.688125, 0.321021
2825, 0.835, 0.14, 0.78, 0.848778, 0.688125, 0.321021
2826, 0.69, 0.08, 0.36, 0.583709, -0.580613, -0.179028
2826, 0.835, 0.2, 0.48, 0.583709, -0.580613, -0.179028
2827, 0.545, -0.04, 0.42, 0.601174, -0.310607, -0.0969873
2827, 0.69, 0.08, 0.48, 0.601174, -0.310607, -0.0969873
2827, 0.835, 0.2, 0.54, 0.601174, -0.310607, -0.0969873
2828, 0.545, -0.04, 0.6, 0.691337, -0, 0
2828, 0.69, 0.08, 0.6, 0.691337, -0, 0
2828, 0.835, 0.2, 0.6, 0.691337, -0, 0
2829, 0.545, -0.04, 0.78, 0.601174, 0.310607, 0.0969873
2830, 0.4, -0.16, 1.08, 0.583709, 0.580613, 0.179028
2830, 0.545, -0.04, 0.96, 0.583709, 0.580613, 0.179028
2830, 0.69, 0.08, 0.84, 0.583709, 0.580613, 0.179028
2830, 0.835, 0.2, 0.72, 0.583709, 0.580613, 0.179028
2831, 0.4, -0.16, 1.32, 0.617241, 0.779362, 0.260376
2831, 0.545, -0.04, 1.14, 0.617241, 0.779362, 0.260376
2831, 0.69, 0.08, 0.96, 0.617241, 0.779362, 0.260376
2831, 0.835, 0.2, 0.78, 0.617241, 0.779362, 0.260376
2832, 0.69, 0.2, 0.36, 0.251149, -0.664377, -0.0870426
2832, 0.835, 0.26, 0.48, 0.251149, -0.664377, -0.0870426
2833, 0.545, 0.14, 0.42, 0.193202, -0.374476, -0.0367136
2833, 0.69, 0.2, 0.48, 0.193202, -0.374476, -0.0367136
2833, 0.835, 0.26, 0.54, 0.193202, -0.374476, -0.0367136
2834, 0.545, 0.14, 0.6, 0.39234, -0, 0
2834, 0.69, 0.2, 0.6, 0.39234, -0, 0
2834, 0.835, 0.26, 0.6, 0.39234, -0, 0
2835, 0.4, 0.08, 0.84, 0.193202, 0.374476, 0.0367136
2835, 0.545, 0.14, 0.78, 0.193202, 0.374476, 0.0367136
2835, 0.835, 0.26, 0.66, 0.193202, 0.374476, 0.0367136
2836, 0.4, 0.08, 1.08, 0.251149, 0.664377, 0.0870426
2836, 0.545, 0.14, 0.96, 0.251149, 0.664377, 0.0870426
2836, 0.69, 0.2, 0.84, 0.251149, 0.664377, 0.0870426
2836, 0.835, 0.26, 0.72, 0.251149, 0.664377, 0.0870426
2837, 0.4, 0.08, 1.32, 0.314934, 0.861978, 0.145763
2837, 0.545, 0.14, 1.14, 0.314934, 0.861978, 0.145763
2837, 0.69, 0.2, 0.96, 0.314934, 0.861978, 0.145763
2837, 0.835, 0.26, 0.78, 0.314934, 0.861978, 0.145763
2838, 0.69, 0.32, 0.36, 0, -0.691337, 0
2838, 0.835, 0.32, 0.48, 0, -0.691337, 0
2839, 0.4, 0.32, 0.36, 0, -0.39234, 0
2839, 0.545, 0.32, 0.42, 0, -0.39234, 0
2839, 0.69, 0.32, 0.48, 0, -0.39234, 0
2839, 0.835, 0.32, 0.54, 0, -0.39234, 0
2841, 0.69, 0.32, 0.72, 0, 0.39234, 0
2842, 0.4, 0.32, 1.08, 0, 0.691337, 0
2842, 0.545, 0.32, 0.96, 0, 0.691337, 0
2842, 0.69, 0.32, 0.84, 0, 0.691337, 0
2842, 0.835, 0.32, 0.72, 0, 0.691337, 0
2843, 0.4, 0.32, 1.32, 0, 0.892677, 0
2843, 0.545, 0.32, 1.14, 0, 0.892677, 0
2843, 0.69, 0.32, 0.96, 0, 0.892677, 0
2843, 0.835, 0.32, 0.78, 0, 0.892677, 0
2844, 0.69, 0.44, 0.36, -0.251149, -0.664377, 0.0870426
2844, 0.835, 0.38, 0.48, -0.251149, -0.664377, 0.0870426
2845, 0.4, 0.56, 0.36, -0.193202, -0.374476, 0.0367136
2845, 0.545, 0.5, 0.42, -0.193202, -0.374476, 0.0367136
2845, 0.69, 0.44, 0.48, -0.193202, -0.374476, 0.0367136
2845, 0.835, 0.38, 0.54, -0.193202, -0.374476, 0.0367136
2846, 0.4, 0.56, 0.6, -0.39234, 0, 0
2846, 0.545, 0.5, 0.6, -0.39234, 0, 0
2846, 0.69, 0.44, 0.6, -0.39234, 0, 0
2846, 0.835, 0.38, 0.6, -0.39234, 0, 0
2847, 0.545, 0.5, 0.78, -0.193202, 0.374476, -0.0367136
2848, 0.4, 0.56, 1.08, -0.251149, 0.664377, -0.0870426
2848, 0.545, 0.5, 0.96, -0.251149, 0.664377, -0.0870426
2848, 0.69, 0.44, 0.84, -0.251149, 0.664377, -0.0870426
2848, 0.835, 0.38, 0.72, -0.251149, 0.664377, -0.0870426
2849, 0.4, 0.56, 1.32, -0.314934, 0.861978, -0.145763
2849, 0.545, 0.5, 1.14, -0.314934, 0.861978, -0.145763
2849, 0.69, 0.44, 0.96, -0.314934, 0.861978, -0.145763
2849, 0.835, 0.38, 0.78, -0.314934, 0.861978, -0.145763
2850, 0.69, 0.56, 0.36, -0.583709, -0.580613, 0.179028
2850, 0.835, 0.44, 0.48, -0.583709, -0.580613, 0.179028
2851, 0.4, 0.8, 0.36, -0.601174, -0.310607, 0.0969873
2851, 0.545, 0.68, 0.42, -0.601174, -0.310607, 0.0969873
2851, 0.69, 0.56, 0.48, -0.601174, -0.310607, 0.0969873
2851, 0.835, 0.44, 0.54, -0.601174, -0.310607, 0.0969873
2852, 0.545, 0.68, 0.6, -0.691337, 0, 0
2852, 0.835, 0.44, 0.6, -0.691337, 0, 0
2853, 0.545, 0.68, 0.78, -0.601174, 0.310607, -0.0969873
2854, 0.835, 0.44, 0.72, -0.583709, 0.580613, -0.179028
2855, 0.545, 0.68, 1.14, -0.617241, 0.779362, -0.260376
2855, 0.69, 0.56, 0.96, -0.617241, 0.779362, -0.260376
2855, 0.835, 0.44, 0.78, -0.617241, 0.779362, -0.260376
2856, 0.69, 0.68, 0.36, -0.846478, -0.492952, 0.225702
2856, 0.835, 0.5, 0.48, -0.846478, -0.492952, 0.225702
2857, 0.69, 0.68, 0.48, -0.870133, -0.253012, 0.118086
2857, 0.835, 0.5, 0.54, -0.870133, -0.253012, 0.118086
2858, 0.69, 0.68, 0.6, -0.892677, 0, 0
2858, 0.835, 0.5, 0.6, -0.892677, 0, 0
2859, 0.835, 0.5, 0.66, -0.870133, 0.253012, -0.118086
2861, 0.69, 0.68, 0.96, -0.848778, 0.688125, -0.321021
2861, 0.835, 0.5, 0.78, -0.848778, 0.688125, -0.321021
2862, 0.69, -0.28, 0.48, 1.10258, -0.584121, -0.365611
2862, 0.835, 0.02, 0.66, 1.10258, -0.584121, -0.365611
2863, 0.69, -0.28, 0.6, 1.10405, -0.419958, -0.261027
2863, 0.835, 0.02, 0.72, 1.10405, -0.419958, -0.261027
2864, 0.835, 0.02, 0.78, 1.11403, -0.219194, -0.13685
2867, 0.69, -0.28, 1.08, 1.10405, 0.419958, 0.261027
2867, 0.835, 0.02, 0.96, 1.10405, 0.419958, 0.261027
2868, 0.69, -0.16, 0.48, 1.00124, -0.623125, -0.348814
2868, 0.835, 0.08, 0.66, 1.00124, -0.623125, -0.348814
2869, 0.69, -0.16, 0.6, 1.00384, -0.443125, -0.245997
2869, 0.835, 0.08, 0.72, 1.00384, -0.443125, -0.245997
2870, 0.545, -0.4, 0.66, 1.01808, -0.227623, -0.127415
2870, 0.69, -0.16, 0.72, 1.01808, -0.227623, -0.127415
2870, 0.835, 0.08, 0.78, 1.01808, -0.227623, -0.127415
2871, 0.545, -0.4, 0.84, 1.02732, -0, 0
2871, 0.835, 0.08, 0.84, 1.02732, -0, 0
2872, 0.69, -0.16, 0.96, 1.01808, 0.227623, 0.127415
2872, 0.835, 0.08, 0.9, 1.01808, 0.227623, 0.127415
2873, 0.545, -0.4, 1.2, 1.00384, 0.443125, 0.245997
2873, 0.69, -0.16, 1.08, 1.00384, 0.443125, 0.245997
2873, 0.835, 0.08, 0.96, 1.00384, 0.443125, 0.245997
2874, 0.69, -0.04, 0.48, 0.848778, -0.688125, -0.321021
2874, 0.835, 0.14, 0.66, 0.848778, -0.688125, -0.321021
2875, 0.545, -0.22, 0.48, 0.846478, -0.492952, -0.225702
2875, 0.69, -0.04, 0.6, 0.846478, -0.492952, -0.225702
2875, 0.835, 0.14, 0.72, 0.846478, -0.492952, -0.225702
2876, 0.545, -0.22, 0.66, 0.870133, -0.253012, -0.118086
2876, 0.69, -0.04, 0.72, 0.870133, -0.253012, -0.118086
2876, 0.835, 0.14, 0.78, 0.870133, -0.253012, -0.118086
2877, 0.4, -0.4, 0.84, 0.892677, -0, 0
2877, 0.69, -0.04, 0.84, 0.892677, -0, 0
2877, 0.835, 0.14, 0.84, 0.892677, -0, 0
2878, 0.4, -0.4, 1.08, 0.870133, 0.253012, 0.118086
2878, 0.545, -0.22, 1.02, 0.870133, 0.253012, 0.118086
2878, 0.69, -0.04, 0.96, 0.870133, 0.253012, 0.118086
2878, 0.835, 0.14, 0.9, 0.870133, 0.253012, 0.118086
2879, 0.4, -0.4, 1.32, 0.846478, 0.492952, 0.225702
2879, 0.545, -0.22, 1.2, 0.846478, 0.492952, 0.225702
2879, 0.69, -0.04, 1.08, 0.846478, 0.492952, 0.225702
2879, 0.835, 0.14, 0.96, 0.846478, 0.492952, 0.225702
2880, 0.69, 0.08, 0.48, 0.617241, -0.779362, -0.260376
2880, 0.835, 0.2, 0.66, 0.617241, -0.779362, -0.260376
2881, 0.545, -0.04, 0.48, 0.583709, -0.580613, -0.179028
2881, 0.69, 0.08, 0.6, 0.583709, -0.580613, -0.179028
2881, 0.835, 0.2, 0.72, 0.583709, -0.580613, -0.179028
2882, 0.545, -0.04, 0.66, 0.601174, -0.310607, -0.0969873
2882, 0.69, 0.08, 0.72, 0.601174, -0.310607, -0.0969873
2882, 0.835, 0.2, 0.78, 0.601174, -0.310607, -0.0969873
2883, 0.69, 0.08, 0.84, 0.691337, -0, 0
2883, 0.835, 0.2, 0.84, 0.691337, -0, 0
2884, 0.4, -0.16, 1.08, 0.601174, 0.310607, 0.0969873
2884, 0.545, -0.04, 1.02, 0.601174, 0.310607, 0.0969873
2884, 0.69, 0.08, 0.96, 0.601174, 0.310607, 0.0969873
2884, 0.835, 0.2, 0.9, 0.601174, 0.310607, 0.0969873
2885, 0.4, -0.16, 1.32, 0.583709, 0.580613, 0.179028
2885, 0.545, -0.04, 1.2, 0.583709, 0.580613, 0.179028
2885, 0.69, 0.08, 1.08, 0.583709, 0.580613, 0.179028
2885, 0.835, 0.2, 0.96, 0.583709, 0.580613, 0.179028
2886, 0.69, 0.2, 0.48, 0.314934, -0.861978, -0.145763
2886, 0.835, 0.26, 0.66, 0.314934, -0.861978, -0.145763
2887, 0.545, 0.14, 0.48, 0.251149, -0.664377, -0.0870426
2887, 0.69, 0.2, 0.6, 0.251149, -0.664377, -0.0870426
2887, 0.835, 0.26, 0.72, 0.251149, -0.664377, -0.0870426
2888, 0.545, 0.14, 0.66, 0.193202, -0.374476, -0.0367136
2888, 0.69, 0.2, 0.72, 0.193202, -0.374476, -0.0367136
2888, 0.835, 0.26, 0.78, 0.193202, -0.374476, -0.0367136
2889, 0.545, 0.14, 0.84, 0.39234, -0, 0
2889, 0.69, 0.2, 0.84, 0.39234, -0, 0
2889, 0.835, 0.26, 0.84, 0.39234, -0, 0
2890, 0.4, 0.08, 1.08, 0.193202, 0.374476, 0.0367136
2890, 0.545, 0.14, 1.02, 0.193202, 0.374476, 0.0367136
2890, 0.69, 0.2, 0.96, 0.193202, 0.374476, 0.0367136
2890, 0.835, 0.26, 0.9, 0.193202, 0.374476, 0.0367136
2891, 0.4, 0.08, 1.32, 0.251149, 0.664377, 0.0870426
2891, 0.545, 0.14, 1.2, 0.251149, 0.664377, 0.0870426
2891, 0.69, 0.2, 1.08, 0.251149, 0.664377, 0.0870426
2891, 0.835, 0.26, 0.96, 0.251149, 0.664377, 0.0870426
2892, 0.69, 0.32, 0.48, 0, -0.892677, 0
2892, 0.835, 0.32, 0.66, 0, -0.892677, 0
2893, 0.545, 0.32, 0.48, 0, -0.691337, 0
2893, 0.69, 0.32, 0.6, 0, -0.691337, 0
2893, 0.835, 0.32, 0.72, 0, -0.691337, 0
2894, 0.545, 0.32, 0.66, 0, -0.39234, 0
2894, 0.69, 0.32, 0.72, 0, -0.39234, 0
2894, 0.835, 0.32, 0.78, 0, -0.39234, 0
2896, 0.4, 0.32, 1.08, 0, 0.39234, 0
2896, 0.545, 0.32, 1.02, 0, 0.39234, 0
2896, 0.69, 0.32, 0.96, 0, 0.39234, 0
2896, 0.835, 0.32, 0.9, 0, 0.39234, 0
2897, 0.4, 0.32, 1.32, 0, 0.691337, 0
2897, 0.545, 0.32, 1.2, 0, 0.691337, 0
2897, 0.69, 0.32, 1.08, 0, 0.691337, 0
2897, 0.835, 0.32, 0.96, 0, 0.691337, 0
2898, 0.69, 0.44, 0.48, -0.314934, -0.861978, 0.145763
2898, 0.835, 0.38, 0.66, -0.314934, -0.861978, 0.145763
2899, 0.545, 0.5, 0.48, -0.251149, -0.664377, 0.0870426
2899, 0.69, 0.44, 0.6, -0.251149, -0.664377, 0.0870426
2899, 0.835, 0.38, 0.72, -0.251149, -0.664377, 0.0870426
2900, 0.4, 0.56, 0.6, -0.193202, -0.374476, 0.0367136
2900, 0.545, 0.5, 0.66, -0.193202, -0.374476, 0.0367136
2900, 0.69, 0.44, 0.72, -0.193202, -0.374476, 0.0367136
2900, 0.835, 0.38, 0.78, -0.193202, -0.374476, 0.0367136
2901, 0.835, 0.38, 0.84, -0.39234, 0, 0
2902, 0.545, 0.5, 1.02, -0.193202, 0.374476, -0.0367136
2902, 0.69, 0.44, 0.96, -0.193202, 0.374476, -0.0367136
2902, 0.835, 0.38, 0.9, -0.193202, 0.374476, -0.0367136
2903, 0.4, 0.56, 1.32, -0.251149, 0.664377, -0.0870426
2903, 0.545, 0.5, 1.2, -0.251149, 0.664377, -0.0870426
2903, 0.69, 0.44, 1.08, -0.251149, 0.664377, -0.0870426
2903, 0.835, 0.38, 0.96, -0.251149, 0.664377, -0.0870426
2904, 0.69, 0.56, 0.48, -0.617241, -0.779362, 0.260376
2904, 0.835, 0.44, 0.66, -0.617241, -0.779362, 0.260376
2905, 0.545, 0.68, 0.48, -0.583709, -0.580613, 0.179028
2905, 0.69, 0.56, 0.6, -0.583709, -0.580613, 0.179028
2905, 0.835, 0.44, 0.72, -0.583709, -0.580613, 0.179028
2906, 0.4, 0.8, 0.6, -0.601174, -0.310607, 0.0969873
2906, 0.545, 0.68, 0.66, -0.601174, -0.310607, 0.0969873
2906, 0.69, 0.56, 0.72, -0.601174, -0.310607, 0.0969873
2906, 0.835, 0.44, 0.78, -0.601174, -0.310607, 0.0969873
2907, 0.4, 0.8, 0.84, -0.691337, 0, 0
2907, 0.835, 0.44, 0.84, -0.691337, 0, 0
2908, 0.69, 0.56, 0.96, -0.601174, 0.310607, -0.0969873
2908, 0.835, 0.44, 0.9, -0.601174, 0.310607, -0.0969873
2909, 0.545, 0.68, 1.2, -0.583709, 0.580613, -0.179028
2909, 0.69, 0.56, 1.08, -0.583709, 0.580613, -0.179028
2909, 0.835, 0.44, 0.96, -0.583709, 0.580613, -0.179028
2910, 0.835, 0.5, 0.66, -0.848778, -0.688125, 0.321021
2911, 0.69, 0.68, 0.6, -0.846478, -0.492952, 0.225702
2911, 0.835, 0.5, 0.72, -0.846478, -0.492952, 0.225702
2912, 0.545, 0.86, 0.66, -0.870133, -0.253012, 0.118086
2912, 0.835, 0.5, 0.78, -0.870133, -0.253012, 0.118086
2913, 0.835, 0.5, 0.84, -0.892677, 0, 0
2915, 0.69, 0.68, 1.08, -0.846478, 0.492952, -0.225702
2915, 0.835, 0.5, 0.96, -0.846478, 0.492952, -0.225702
2916, 0.69, -0.28, 0.6, 1.10883, -0.708722, -0.450407
2916, 0.835, 0.02, 0.84, 1.10883, -0.708722, -0.450407
2917, 0.69, -0.28, 0.72, 1.10258, -0.584121, -0.365611
2917, 0.835, 0.02, 0.9, 1.10258, -0.584121, -0.365611
2918, 0.69, -0.28, 0.84, 1.10405, -0.419958, -0.261027
2918, 0.835, 0.02, 0.96, 1.10405, -0.419958, -0.261027
2919, 0.69, -0.28, 0.96, 1.11403, -0.219194, -0.13685
2920, 0.69, -0.28, 1.08, 1.12057, -0, 0
2921, 0.69, -0.28, 1.2, 1.11403, 0.219194, 0.13685
2921, 0.835, 0.02, 1.14, 1.11403, 0.219194, 0.13685
2922, 0.69, -0.16, 0.6, 1.00858, -0.759068, -0.433351
2922, 0.835, 0.08, 0.84, 1.00858, -0.759068, -0.433351
2923, 0.69, -0.16, 0.72, 1.00124, -0.623125, -0.348814
2923, 0.835, 0.08, 0.9, 1.00124, -0.623125, -0.348814
2924, 0.545, -0.4, 0.72, 1.00384, -0.443125, -0.245997
2924, 0.69, -0.16, 0.84, 1.00384, -0.443125, -0.245997
2924, 0.835, 0.08, 0.96, 1.00384, -0.443125, -0.245997
2925, 0.69, -0.16, 0.96, 1.01808, -0.227623, -0.127415
2925, 0.835, 0.08, 1.02, 1.01808, -0.227623, -0.127415
2926, 0.545, -0.4, 1.08, 1.02732, -0, 0
2926, 0.69, -0.16, 1.08, 1.02732, -0, 0
2926, 0.835, 0.08, 1.08, 1.02732, -0, 0
2927, 0.545, -0.4, 1.26, 1.01808, 0.227623, 0.127415
2927, 0.69, -0.16, 1.2, 1.01808, 0.227623, 0.127415
2927, 0.835, 0.08, 1.14, 1.01808, 0.227623, 0.127415
2928, 0.69, -0.04, 0.6, 0.862705, -0.830826, -0.40058
2928, 0.835, 0.14, 0.84, 0.862705, -0.830826, -0.40058
2929, 0.545, -0.22, 0.54, 0.848778, -0.688125, -0.321021
2929, 0.69, -0.04, 0.72, 0.848778, -0.688125, -0.321021
2929, 0.835, 0.14, 0.9, 0.848778, -0.688125, -0.321021
2930, 0.4, -0.4, 0.6, 0.846478, -0.492952, -0.225702
2930, 0.545, -0.22, 0.72, 0.846478, -0.492952, -0.225702
2930, 0.69, -0.04, 0.84, 0.846478, -0.492952, -0.225702
2930, 0.835, 0.14, 0.96, 0.846478, -0.492952, -0.225702
2932, 0.545, -0.22, 1.08, 0.892677, -0, 0
2932, 0.835, 0.14, 1.08, 0.892677, -0, 0
2933, 0.4, -0.4, 1.32, 0.870133, 0.253012, 0.118086
2933, 0.545, -0.22, 1.26, 0.870133, 0.253012, 0.118086
2933, 0.69, -0.04, 1.2, 0.870133, 0.253012, 0.118086
2933, 0.835, 0.14, 1.14, 0.870133, 0.253012, 0.118086
2934, 0.69, 0.08, 0.6, 0.648399, -0.918853, -0.329504
2934, 0.835, 0.2, 0.84, 0.648399, -0.918853, -0.329504
2935, 0.545, -0.04, 0.54, 0.617241, -0.779362, -0.260376
2935, 0.69, 0.08, 0.72, 0.617241, -0.779362, -0.260376
2935, 0.835, 0.2, 0.9, 0.617241, -0.779362, -0.260376
2936, 0.545, -0.04, 0.72, 0.583709, -0.580613, -0.179028
2936, 0.69, 0.08, 0.84, 0.583709, -0.580613, -0.179028
2936, 0.835, 0.2, 0.96, 0.583709, -0.580613, -0.179028
2937, 0.545, -0.04, 0.9, 0.601174, -0.310607, -0.0969873
2937, 0.69, 0.08, 0.96, 0.601174, -0.310607, -0.0969873
2937, 0.835, 0.2, 1.02, 0.601174, -0.310607, -0.0969873
2938, 0.69, 0.08, 1.08, 0.691337, -0, 0
2938, 0.835, 0.2, 1.08, 0.691337, -0, 0
2939, 0.4, -0.16, 1.32, 0.601174, 0.310607, 0.0969873
2939, 0.545, -0.04, 1.26, 0.601174, 0.310607, 0.0969873
2939, 0.69, 0.08, 1.2, 0.601174, 0.310607, 0.0969873
2939, 0.835, 0.2, 1.14, 0.601174, 0.310607, 0.0969873
2940, 0.69, 0.2, 0.6, 0.35318, -0.996359, -0.193525
2940, 0.835, 0.26, 0.84, 0.35318, -0.996359, -0.193525
2941, 0.545, 0.14, 0.54, 0.314934, -0.861978, -0.145763
2941, 0.69, 0.2, 0.72, 0.314934, -0.861978, -0.145763
2941, 0.835, 0.26, 0.9, 0.314934, -0.861978, -0.145763
2942, 0.545, 0.14, 0.72, 0.251149, -0.664377, -0.0870426
2942, 0.69, 0.2, 0.84, 0.251149, -0.664377, -0.0870426
2942, 0.835, 0.26, 0.96, 0.251149, -0.664377, -0.0870426
2943, 0.4, 0.08, 0.84, 0.193202, -0.374476, -0.0367136
2943, 0.545, 0.14, 0.9, 0.193202, -0.374476, -0.0367136
2943, 0.69, 0.2, 0.96, 0.193202, -0.374476, -0.0367136
2943, 0.835, 0.26, 1.02, 0.193202, -0.374476, -0.0367136
2944, 0.4, 0.08, 1.08, 0.39234, -0, 0
2944, 0.545, 0.14, 1.08, 0.39234, -0, 0
2944, 0.69, 0.2, 1.08, 0.39234, -0, 0
2944, 0.835, 0.26, 1.08, 0.39234, -0, 0
2945, 0.4, 0.08, 1.32, 0.193202, 0.374476, 0.0367136
2945, 0.545, 0.14, 1.26, 0.193202, 0.374476, 0.0367136
2945, 0.69, 0.2, 1.2, 0.193202, 0.374476, 0.0367136
2945, 0.835, 0.26, 1.14, 0.193202, 0.374476, 0.0367136
2946, 0.69, 0.32, 0.6, 0, -1.02732, 0
2946, 0.835, 0.32, 0.84, 0, -1.02732, 0
2947, 0.545, 0.32, 0.54, 0, -0.892677, 0
2947, 0.69, 0.32, 0.72, 0, -0.892677, 0
2947, 0.835, 0.32, 0.9, 0, -0.892677, 0
2948, 0.545, 0.32, 0.72, 0, -0.691337, 0
2948, 0.69, 0.32, 0.84, 0, -0.691337, 0
2948, 0.835, 0.32, 0.96, 0, -0.691337, 0
2949, 0.4, 0.32, 0.84, 0, -0.39234, 0
2949, 0.545, 0.32, 0.9, 0, -0.39234, 0
2949, 0.69, 0.32, 0.96, 0, -0.39234, 0
2949, 0.835, 0.32, 1.02, 0, -0.39234, 0
2951, 0.4, 0.32, 1.32, 0, 0.39234, 0
2951, 0.545, 0.32, 1.26, 0, 0.39234, 0
2951, 0.69, 0.32, 1.2, 0, 0.39234, 0
2951, 0.835, 0.32, 1.14, 0, 0.39234, 0
2952, 0.69, 0.44, 0.6, -0.35318, -0.996359, 0.193525
2952, 0.835, 0.38, 0.84, -0.35318, -0.996359, 0.193525
2953, 0.545, 0.5, 0.54, -0.314934, -0.861978, 0.145763
2953, 0.69, 0.44, 0.72, -0.314934, -0.861978, 0.145763
2953, 0.835, 0.38, 0.9, -0.314934, -0.861978, 0.145763
2954, 0.4, 0.56, 0.6, -0.251149, -0.664377, 0.0870426
2954, 0.545, 0.5, 0.72, -0.251149, -0.664377, 0.0870426
2954, 0.69, 0.44, 0.84, -0.251149, -0.664377, 0.0870426
2954, 0.835, 0.38, 0.96, -0.251149, -0.664377, 0.0870426
2955, 0.69, 0.44, 0.96, -0.193202, -0.374476, 0.0367136
2955, 0.835, 0.38, 1.02, -0.193202, -0.374476, 0.0367136
2956, 0.835, 0.38, 1.08, -0.39234, 0, 0
2957, 0.4, 0.56, 1.32, -0.193202, 0.374476, -0.0367136
2957, 0.545, 0.5, 1.26, -0.193202, 0.374476, -0.0367136
2957, 0.69, 0.44, 1.2, -0.193202, 0.374476, -0.0367136
2957, 0.835, 0.38, 1.14, -0.193202, 0.374476, -0.0367136
2958, 0.69, 0.56, 0.6, -0.648399, -0.918853, 0.329504
2958, 0.835, 0.44, 0.84, -0.648399, -0.918853, 0.329504
2959, 0.69, 0.56, 0.72, -0.617241, -0.779362, 0.260376
2959, 0.835, 0.44, 0.9, -0.617241, -0.779362, 0.260376
2960, 0.545, 0.68, 0.72, -0.583709, -0.580613, 0.179028
2960, 0.69, 0.56, 0.84, -0.583709, -0.580613, 0.179028
2960, 0.835, 0.44, 0.96, -0.583709, -0.580613, 0.179028
2961, 0.69, 0.56, 0.96, -0.601174, -0.310607, 0.0969873
2961, 0.835, 0.44, 1.02, -0.601174, -0.310607, 0.0969873
2962, 0.69, 0.56, 1.08, -0.691337, 0, 0
2962, 0.835, 0.44, 1.08, -0.691337, 0, 0
2963, 0.545, 0.68, 1.26, -0.601174, 0.310607, -0.0969873
2963, 0.69, 0.56, 1.2, -0.601174, 0.310607, -0.0969873
2963, 0.835, 0.44, 1.14, -0.601174, 0.310607, -0.0969873
2964, 0.835, 0.5, 0.84, -0.862705, -0.830826, 0.40058
2965, 0.69, 0.68, 0.72, -0.848778, -0.688125, 0.321021
2965, 0.835, 0.5, 0.9, -0.848778, -0.688125, 0.321021
2966, 0.69, 0.68, 0.84, -0.846478, -0.492952, 0.225702
2966, 0.835, 0.5, 0.96, -0.846478, -0.492952, 0.225702
2967, 0.545, 0.86, 0.9, -0.870133, -0.253012, 0.118086
2968, 0.69, 0.68, 1.08, -0.892677, 0, 0
2969, 0.835, 0.5, 1.14, -0.870133, 0.253012, -0.118086
2970, 0.69, -0.28, 0.72, 1.11693, -0.803431, -0.518897
2970, 0.835, 0.02, 1.02, 1.11693, -0.803431, -0.518897
2971, 0.69, -0.28, 0.84, 1.10883, -0.708722, -0.450407
2971, 0.835, 0.02, 1.08, 1.10883, -0.708722, -0.450407
2972, 0.69, -0.28, 0.96, 1.10258, -0.584121, -0.365611
2972, 0.835, 0.02, 1.14, 1.10258, -0.584121, -0.365611
2973, 0.545, -0.58, 0.96, 1.10405, -0.419958, -0.261027
2973, 0.69, -0.28, 1.08, 1.10405, -0.419958, -0.261027
2974, 0.545, -0.58, 1.14, 1.11403, -0.219194, -0.13685
2974, 0.69, -0.28, 1.2, 1.11403, -0.219194, -0.13685
2975, 0.69, -0.28, 1.32, 1.12057, -0, 0
2975, 0.835, 0.02, 1.32, 1.12057, -0, 0
2976, 0.69, -0.16, 0.72, 1.01766, -0.860773, -0.501404
2976, 0.835, 0.08, 1.02, 1.01766, -0.860773, -0.501404
2977, 0.69, -0.16, 0.84, 1.00858, -0.759068, -0.433351
2977, 0.835, 0.08, 1.08, 1.00858, -0.759068, -0.433351
2978, 0.545, -0.4, 0.78, 1.00124, -0.623125, -0.348814
2978, 0.69, -0.16, 0.96, 1.00124, -0.623125, -0.348814
2978, 0.835, 0.08, 1.14, 1.00124, -0.623125, -0.348814
2979, 0.69, -0.16, 1.08, 1.00384, -0.443125, -0.245997
2979, 0.835, 0.08, 1.2, 1.00384, -0.443125, -0.245997
2980, 0.545, -0.4, 1.14, 1.01808, -0.227623, -0.127415
2981, 0.4, -0.64, 1.32, 1.02732, -0, 0
2981, 0.69, -0.16, 1.32, 1.02732, -0, 0
2981, 0.835, 0.08, 1.32, 1.02732, -0, 0
2982, 0.69, -0.04, 0.72, 0.875401, -0.935061, -0.464017
2982, 0.835, 0.14, 1.02, 0.875401, -0.935061, -0.464017
2983, 0.545, -0.22, 0.6, 0.862705, -0.830826, -0.40058
2983, 0.69, -0.04, 0.84, 0.862705, -0.830826, -0.40058
2983, 0.835, 0.14, 1.08, 0.862705, -0.830826, -0.40058
2984, 0.545, -0.22, 0.78, 0.848778, -0.688125, -0.321021
2984, 0.69, -0.04, 0.96, 0.848778, -0.688125, -0.321021
2984, 0.835, 0.14, 1.14, 0.848778, -0.688125, -0.321021
2985, 0.69, -0.04, 1.08, 0.846478, -0.492952, -0.225702
2985, 0.835, 0.14, 1.2, 0.846478, -0.492952, -0.225702
2986, 0.4, -0.4, 1.08, 0.870133, -0.253012, -0.118086
2986, 0.545, -0.22, 1.14, 0.870133, -0.253012, -0.118086
2986, 0.835, 0.14, 1.26, 0.870133, -0.253012, -0.118086
2987, 0.4, -0.4, 1.32, 0.892677, -0, 0
2987, 0.545, -0.22, 1.32, 0.892677, -0, 0
2987, 0.69, -0.04, 1.32, 0.892677, -0, 0
2987, 0.835, 0.14, 1.32, 0.892677, -0, 0
2988, 0.69, 0.08, 0.72, 0.667608, -1.01923, -0.382855
2988, 0.835, 0.2, 1.02, 0.667608, -1.01923, -0.382855
2989, 0.545, -0.04, 0.6, 0.648399, -0.918853, -0.329504
2989, 0.69, 0.08, 0.84, 0.648399, -0.918853, -0.329504
2989, 0.835, 0.2, 1.08, 0.648399, -0.918853, -0.329504
2990, 0.545, -0.04, 0.78, 0.617241, -0.779362, -0.260376
2990, 0.69, 0.08, 0.96, 0.617241, -0.779362, -0.260376
2990, 0.835, 0.2, 1.14, 0.617241, -0.779362, -0.260376
2991, 0.4, -0.16, 0.84, 0.583709, -0.580613, -0.179028
2991, 0.545, -0.04, 0.96, 0.583709, -0.580613, -0.179028
2991, 0.69, 0.08, 1.08, 0.583709, -0.580613, -0.179028
2991, 0.835, 0.2, 1.2, 0.583709, -0.580613, -0.179028
2992, 0.835, 0.2, 1.26, 0.601174, -0.310607, -0.0969873
2993, 0.4, -0.16, 1.32, 0.691337, -0, 0
2993, 0.545, -0.04, 1.32, 0.691337, -0, 0
2993, 0.69, 0.08, 1.32, 0.691337, -0, 0
2993, 0.835, 0.2, 1.32, 0.691337, -0, 0
2994, 0.69, 0.2, 0.72, 0.372169, -1.09132, -0.227619
2994, 0.835, 0.26, 1.02, 0.372169, -1.09132, -0.227619
2995, 0.545, 0.14, 0.6, 0.35318, -0.996359, -0.193525
2995, 0.69, 0.2, 0.84, 0.35318, -0.996359, -0.193525
2995, 0.835, 0.26, 1.08, 0.35318, -0.996359, -0.193525
2996, 0.545, 0.14, 0.78, 0.314934, -0.861978, -0.145763
2996, 0.69, 0.2, 0.96, 0.314934, -0.861978, -0.145763
2996, 0.835, 0.26, 1.14, 0.314934, -0.861978, -0.145763
2997, 0.4, 0.08, 0.84, 0.251149, -0.664377, -0.0870426
2997, 0.545, 0.14, 0.96, 0.251149, -0.664377, -0.0870426
2997, 0.69, 0.2, 1.08, 0.251149, -0.664377, -0.0870426
2997, 0.835, 0.26, 1.2, 0.251149, -0.664377, -0.0870426
2998, 0.4, 0.08, 1.08, 0.193202, -0.374476, -0.0367136
2998, 0.545, 0.14, 1.14, 0.193202, -0.374476, -0.0367136
2998, 0.69, 0.2, 1.2, 0.193202, -0.374476, -0.0367136
2998, 0.835, 0.26, 1.26, 0.193202, -0.374476, -0.0367136
2999, 0.4, 0.08, 1.32, 0.39234, -0, 0
2999, 0.545, 0.14, 1.32, 0.39234, -0, 0
2999, 0.69, 0.2, 1.32, 0.39234, -0, 0
2999, 0.835, 0.26, 1.32, 0.39234, -0, 0
3000, 0.69, 0.32, 0.72, 0, -1.12057, 0
3000, 0.835, 0.32, 1.02, 0, -1.12057, 0
3001, 0.545, 0.32, 0.6, 0, -1.02732, 0
3001, 0.69, 0.32, 0.84, 0, -1.02732, 0
3001, 0.835, 0.32, 1.08, 0, -1.02732, 0
3002, 0.545, 0.32, 0.78, 0, -0.892677, 0
3002, 0.69, 0.32, 0.96, 0, -0.892677, 0
3002, 0.835, 0.32, 1.14, 0, -0.892677, 0
3003, 0.4, 0.32, 0.84, 0, -0.691337, 0
3003, 0.545, 0.32, 0.96, 0, -0.691337, 0
3003, 0.69, 0.32, 1.08, 0, -0.691337, 0
3003, 0.835, 0.32, 1.2, 0, -0.691337, 0
3004, 0.545, 0.32, 1.14, 0, -0.39234, 0
3004, 0.69, 0.32, 1.2, 0, -0.39234, 0
3006, 0.69, 0.44, 0.72, -0.372169, -1.09132, 0.227619
3006, 0.835, 0.38, 1.02, -0.372169, -1.09132, 0.227619
3007, 0.545, 0.5, 0.6, -0.35318, -0.996359, 0.193525
3007, 0.69, 0.44, 0.84, -0.35318, -0.996359, 0.193525
3007, 0.835, 0.38, 1.08, -0.35318, -0.996359, 0.193525
3008, 0.4, 0.56, 0.6, -0.314934, -0.861978, 0.145763
3008, 0.545, 0.5, 0.78, -0.314934, -0.861978, 0.145763
3008, 0.69, 0.44, 0.96, -0.314934, -0.861978, 0.145763
3008, 0.835, 0.38, 1.14, -0.314934, -0.861978, 0.145763
3009, 0.4, 0.56, 0.84, -0.251149, -0.664377, 0.0870426
3009, 0.545, 0.5, 0.96, -0.251149, -0.664377, 0.0870426
3009, 0.69, 0.44, 1.08, -0.251149, -0.664377, 0.0870426
3009, 0.835, 0.38, 1.2, -0.251149, -0.664377, 0.0870426
3010, 0.835, 0.38, 1.26, -0.193202, -0.374476, 0.0367136
3011, 0.4, 0.56, 1.32, -0.39234, 0, 0
3011, 0.545, 0.5, 1.32, -0.39234, 0, 0
3011, 0.69, 0.44, 1.32, -0.39234, 0, 0
3012, 0.69, 0.56, 0.72, -0.667608, -1.01923, 0.382855
3012, 0.835, 0.44, 1.02, -0.667608, -1.01923, 0.382855
3013, 0.69, 0.56, 0.84, -0.648399, -0.918853, 0.329504
3013, 0.835, 0.44, 1.08, -0.648399, -0.918853, 0.329504
3014, 0.545, 0.68, 0.78, -0.617241, -0.779362, 0.260376
3014, 0.69, 0.56, 0.96, -0.617241, -0.779362, 0.260376
3014, 0.835, 0.44, 1.14, -0.617241, -0.779362, 0.260376
3015, 0.835, 0.44, 1.2, -0.583709, -0.580613, 0.179028
3016, 0.4, 0.8, 1.08, -0.601174, -0.310607, 0.0969873
3016, 0.835, 0.44, 1.26, -0.601174, -0.310607, 0.0969873
3018, 0.69, 0.68, 0.72, -0.875401, -0.935061, 0.464017
3018, 0.835, 0.5, 1.02, -0.875401, -0.935061, 0.464017
3019, 0.69, 0.68, 0.84, -0.862705, -0.830826, 0.40058
3019, 0.835, 0.5, 1.08, -0.862705, -0.830826, 0.40058
3020, 0.545, 0.86, 0.78, -0.848778, -0.688125, 0.321021
3020, 0.69, 0.68, 0.96, -0.848778, -0.688125, 0.321021
3020, 0.835, 0.5, 1.14, -0.848778, -0.688125, 0.321021
3021, 0.4, 1.04, 0.84, -0.846478, -0.492952, 0.225702
3024, 0.69, -0.28, 0.84, 1.12342, -0.878604, -0.575092
3024, 0.835, 0.02, 1.2, 1.12342, -0.878604, -0.575092
3025, 0.69, -0.28, 0.96, 1.11693, -0.803431, -0.518897
3025, 0.835, 0.02, 1.26, 1.11693, -0.803431, -0.518897
3026, 0.69, -0.28, 1.08, 1.10883, -0.708722, -0.450407
3027, 0.545, -0.58, 1.02, 1.10258, -0.584121, -0.365611
3027, 0.69, -0.28, 1.2, 1.10258, -0.584121, -0.365611
3028, 0.69, -0.28, 1.32, 1.10405, -0.419958, -0.261027
3030, 0.69, -0.16, 0.84, 1.02447, -0.940021, -0.556455
3030, 0.835, 0.08, 1.2, 1.02447, -0.940021, -0.556455
3031, 0.69, -0.16, 0.96, 1.01766, -0.860773, -0.501404
3031, 0.835, 0.08, 1.26, 1.01766, -0.860773, -0.501404
3032, 0.545, -0.4, 0.84, 1.00858, -0.759068, -0.433351
3032, 0.69, -0.16, 1.08, 1.00858, -0.759068, -0.433351
3032, 0.835, 0.08, 1.32, 1.00858, -0.759068, -0.433351
3033, 0.545, -0.4, 1.02, 1.00124, -0.623125, -0.348814
3035, 0.4, -0.64, 1.32, 1.01808, -0.227623, -0.127415
3036, 0.69, -0.04, 0.84, 0.883708, -1.01459, -0.514211
3036, 0.835, 0.14, 1.2, 0.883708, -1.01459, -0.514211
3037, 0.545, -0.22, 0.66, 0.875401, -0.935061, -0.464017
3037, 0.69, -0.04, 0.96, 0.875401, -0.935061, -0.464017
3037, 0.835, 0.14, 1.26, 0.875401, -0.935061, -0.464017
3038, 0.545, -0.22, 0.84, 0.862705, -0.830826, -0.40058
3038, 0.69, -0.04, 1.08, 0.862705, -0.830826, -0.40058
3038, 0.835, 0.14, 1.32, 0.862705, -0.830826, -0.40058
3039, 0.4, -0.4, 0.84, 0.848778, -0.688125, -0.321021
3039, 0.545, -0.22, 1.02, 0.848778, -0.688125, -0.321021
3039, 0.69, -0.04, 1.2, 0.848778, -0.688125, -0.321021
3041, 0.545, -0.22, 1.38, 0.870133, -0.253012, -0.118086
3041, 0.69, -0.04, 1.44, 0.870133, -0.253012, -0.118086
3042, 0.69, 0.08, 0.84, 0.678124, -1.09455, -0.423383
3042, 0.835, 0.2, 1.2, 0.678124, -1.09455, -0.423383
3043, 0.545, -0.04, 0.66, 0.667608, -1.01923, -0.382855
3043, 0.69, 0.08, 0.96, 0.667608, -1.01923, -0.382855
3043, 0.835, 0.2, 1.26, 0.667608, -1.01923, -0.382855
3044, 0.545, -0.04, 0.84, 0.648399, -0.918853, -0.329504
3044, 0.69, 0.08, 1.08, 0.648399, -0.918853, -0.329504
3044, 0.835, 0.2, 1.32, 0.648399, -0.918853, -0.329504
3045, 0.4, -0.16, 0.84, 0.617241, -0.779362, -0.260376
3045, 0.545, -0.04, 1.02, 0.617241, -0.779362, -0.260376
3045, 0.69, 0.08, 1.2, 0.617241, -0.779362, -0.260376
3046, 0.545, -0.04, 1.2, 0.583709, -0.580613, -0.179028
3047, 0.545, -0.04, 1.38, 0.601174, -0.310607, -0.0969873
3047, 0.69, 0.08, 1.44, 0.601174, -0.310607, -0.0969873
3048, 0.69, 0.2, 0.84, 0.381364, -1.16106, -0.251882
3048, 0.835, 0.26, 1.2, 0.381364, -1.16106, -0.251882
3049, 0.545, 0.14, 0.66, 0.372169, -1.09132, -0.227619
3049, 0.69, 0.2, 0.96, 0.372169, -1.09132, -0.227619
3049, 0.835, 0.26, 1.26, 0.372169, -1.09132, -0.227619
3050, 0.545, 0.14, 0.84, 0.35318, -0.996359, -0.193525
3050, 0.69, 0.2, 1.08, 0.35318, -0.996359, -0.193525
3050, 0.835, 0.26, 1.32, 0.35318, -0.996359, -0.193525
3051, 0.4, 0.08, 0.84, 0.314934, -0.861978, -0.145763
3051, 0.545, 0.14, 1.02, 0.314934, -0.861978, -0.145763
3051, 0.69, 0.2, 1.2, 0.314934, -0.861978, -0.145763
3052, 0.4, 0.08, 1.08, 0.251149, -0.664377, -0.0870426
3052, 0.545, 0.14, 1.2, 0.251149, -0.664377, -0.0870426
3052, 0.69, 0.2, 1.32, 0.251149, -0.664377, -0.0870426
3053, 0.4, 0.08, 1.32, 0.193202, -0.374476, -0.0367136
3053, 0.545, 0.14, 1.38, 0.193202, -0.374476, -0.0367136
3053, 0.69, 0.2, 1.44, 0.193202, -0.374476, -0.0367136
3054, 0.69, 0.32, 0.84, 0, -1.1879, 0
3054, 0.835, 0.32, 1.2, 0, -1.1879, 0
3055, 0.545, 0.32, 0.66, 0, -1.12057, 0
3055, 0.69, 0.32, 0.96, 0, -1.12057, 0
3055, 0.835, 0.32, 1.26, 0, -1.12057, 0
3056, 0.545, 0.32, 0.84, 0, -1.02732, 0
3056, 0.69, 0.32, 1.08, 0, -1.02732, 0
3056, 0.835, 0.32, 1.32, 0, -1.02732, 0
3057, 0.4, 0.32, 0.84, 0, -0.892677, 0
3057, 0.545, 0.32, 1.02, 0, -0.892677, 0
3057, 0.69, 0.32, 1.2, 0, -0.892677, 0
3058, 0.4, 0.32, 1.08, 0, -0.691337, 0
3058, 0.545, 0.32, 1.2, 0, -0.691337, 0
3060, 0.69, 0.44, 0.84, -0.381364, -1.16106, 0.251882
3060, 0.835, 0.38, 1.2, -0.381364, -1.16106, 0.251882
3061, 0.545, 0.5, 0.66, -0.372169, -1.09132, 0.227619
3061, 0.69, 0.44, 0.96, -0.372169, -1.09132, 0.227619
3061, 0.835, 0.38, 1.26, -0.372169, -1.09132, 0.227619
3062, 0.545, 0.5, 0.84, -0.35318, -0.996359, 0.193525
3062, 0.69, 0.44, 1.08, -0.35318, -0.996359, 0.193525
3063, 0.4, 0.56, 0.84, -0.314934, -0.861978, 0.145763
3063, 0.545, 0.5, 1.02, -0.314934, -0.861978, 0.145763
3063, 0.69, 0.44, 1.2, -0.314934, -0.861978, 0.145763
3064, 0.4, 0.56, 1.08, -0.251149, -0.664377, 0.0870426
3064, 0.545, 0.5, 1.2, -0.251149, -0.664377, 0.0870426
3065, 0.545, 0.5, 1.38, -0.193202, -0.374476, 0.0367136
3066, 0.69, 0.56, 0.84, -0.678124, -1.09455, 0.423383
3066, 0.835, 0.44, 1.2, -0.678124, -1.09455, 0.423383
3067, 0.69, 0.56, 0.96, -0.667608, -1.01923, 0.382855
3067, 0.835, 0.44, 1.26, -0.667608, -1.01923, 0.382855
3068, 0.545, 0.68, 0.84, -0.648399, -0.918853, 0.329504
3068, 0.69, 0.56, 1.08, -0.648399, -0.918853, 0.329504
3072, 0.69, 0.68, 0.84, -0.883708, -1.01459, 0.514211
3072, 0.835, 0.5, 1.2, -0.883708, -1.01459, 0.514211
3073, 0.69, 0.68, 0.96, -0.875401, -0.935061, 0.464017
3074, 0.545, 0.86, 0.84, -0.862705, -0.830826, 0.40058
3074, 0.69, 0.68, 1.08, -0.862705, -0.830826, 0.40058
3075, 0.4, 1.04, 0.84, -0.848778, -0.688125, 0.321021
3075, 0.545, 0.86, 1.02, -0.848778, -0.688125, 0.321021
3075, 0.69, 0.68, 1.2, -0.848778, -0.688125, 0.321021
3078, 0.05, -0.28, 1.455, 0.563832, -0.117315, -0.0340135
3078, 0.515, 0.02, 1.5075, 0.563832, -0.117315, -0.0340135
3079, -0.415, -0.4, 1.4025, 0.463684, -0.113203, -0.0267527
3079, 0.05, -0.16, 1.455, 0.463684, -0.113203, -0.0267527
3079, 0.515, 0.08, 1.5075, 0.463684, -0.113203, -0.0267527
3080, 0.05, -0.04, 1.455, 0.346229, -0.111014, -0.0194318
3080, 0.515, 0.14, 1.5075, 0.346229, -0.111014, -0.0194318
3081, 0.05, 0.08, 1.455, 0.202501, -0.111014, -0.0112903
3081, 0.515, 0.2, 1.5075, 0.202501, -0.111014, -0.0112903
3082, 0.05, 0.2, 1.455, 0.0566011, -0.111995, -0.00317368
3083, 0.05, 0.32, 1.455, 0, -0.112427, 0
3084, 0.17, -0.28, 1.455, 0.628193, -0.128902, -0.0419258
3085, 0.17, -0.16, 1.455, 0.521622, -0.125601, -0.0335628
3086, 0.17, -0.04, 1.455, 0.393349, -0.124629, -0.0248633
3087, -0.235, -0.04, 1.4025, 0.232152, -0.126138, -0.014727
3087, 0.17, 0.08, 1.455, 0.232152, -0.126138, -0.014727
3088, 0.17, 0.2, 1.455, 0.0651396, -0.128205, -0.00418282
3089, -0.235, 0.32, 1.4025, 0, -0.128911, 0
3089, 0.17, 0.32, 1.455, 0, -0.128911, 0
3090, -0.055, -0.58, 1.4025, 0.706403, -0.142155, -0.0524833
3090, 0.29, -0.28, 1.455, 0.706403, -0.142155, -0.0524833
3091, -0.055, -0.4, 1.4025, 0.594207, -0.14024, -0.0430007
3091, 0.29, -0.16, 1.455, 0.594207, -0.14024, -0.0430007
3092, -0.055, -0.22, 1.4025, 0.454389, -0.141426, -0.0327473
3092, 0.29, -0.04, 1.455, 0.454389, -0.141426, -0.0327473
3093, -0.055, -0.04, 1.4025, 0.271847, -0.145707, -0.0199626
3093, 0.29, 0.08, 1.455, 0.271847, -0.145707, -0.0199626
3094, -0.055, 0.14, 1.4025, 0.0767458, -0.149807, -0.00576213
3094, 0.29, 0.2, 1.455, 0.0767458, -0.149807, -0.00576213
3095, -0.4, 0.32, 1.35, 0, -0.151015, 0
3095, -0.055, 0.32, 1.4025, 0, -0.151015, 0
3095, 0.29, 0.32, 1.455, 0, -0.151015, 0
3096, 0.125, -0.58, 1.4025, 0.802122, -0.156963, -0.0666715
3096, 0.41, -0.28, 1.455, 0.802122, -0.156963, -0.0666715
3097, 0.125, -0.4, 1.4025, 0.68664, -0.15723, -0.0563074
3097, 0.41, -0.16, 1.455, 0.68664, -0.15723, -0.0563074
3098, 0.125, -0.22, 1.4025, 0.535867, -0.162154, -0.0446073
3098, 0.41, -0.04, 1.455, 0.535867, -0.162154, -0.0446073
3099, 0.125, -0.04, 1.4025, 0.327578, -0.171723, -0.0284485
3099, 0.41, 0.08, 1.455, 0.327578, -0.171723, -0.0284485
3100, 0.125, 0.14, 1.4025, 0.0934595, -0.179944, -0.00843759
3100, 0.41, 0.2, 1.455, 0.0934595, -0.179944, -0.00843759
3101, -0.16, 0.32, 1.35, 0, -0.182168, 0
3101, 0.125, 0.32, 1.4025, 0, -0.182168, 0
3101, 0.41, 0.32, 1.455, 0, -0.182168, 0
3102, 0.53, -0.28, 1.455, 0.91945, -0.172702, -0.0856665
3103, 0.305, -0.4, 1.4025, 0.805838, -0.175982, -0.0751689
3103, 0.53, -0.16, 1.455, 0.805838, -0.175982, -0.0751689
3104, 0.305, -0.22, 1.4025, 0.648213, -0.187041, -0.063
3104, 0.53, -0.04, 1.455, 0.648213, -0.187041, -0.063
3105, 0.08, -0.16, 1.35, 0.410958, -0.207099, -0.0433119
3105, 0.305, -0.04, 1.4025, 0.410958, -0.207099, -0.0433119
3105, 0.53, 0.08, 1.455, 0.410958, -0.207099, -0.0433119
3106, 0.08, 0.08, 1.35, 0.119668, -0.22465, -0.0135144
3106, 0.305, 0.14, 1.4025, 0.119668, -0.22465, -0.0135144
3106, 0.53, 0.2, 1.455, 0.119668, -0.22465, -0.0135144
3107, 0.08, 0.32, 1.35, 0, -0.229232, 0
3107, 0.305, 0.32, 1.4025, 0, -0.229232, 0
3107, 0.53, 0.32, 1.455, 0, -0.229232, 0
3109, 0.485, -0.4, 1.4025, 0.959783, -0.194215, -0.101316
3110, 0.485, -0.22, 1.4025, 0.807412, -0.213669, -0.0915575
3110, 0.65, -0.04, 1.455, 0.807412, -0.213669, -0.0915575
3111, 0.32, -0.16, 1.35, 0.546699, -0.254588, -0.0717354
3111, 0.485, -0.04, 1.4025, 0.546699, -0.254588, -0.0717354
3111, 0.65, 0.08, 1.455, 0.546699, -0.254588, -0.0717354
3112, 0.32, 0.08, 1.35, 0.16684, -0.29675, -0.0249948
3112, 0.485, 0.14, 1.4025, 0.16684, -0.29675, -0.0249948
3112, 0.65, 0.2, 1.455, 0.16684, -0.29675, -0.0249948
3113, 0.32, 0.32, 1.35, 0, -0.308053, 0
3113, 0.485, 0.32, 1.4025, 0, -0.308053, 0
3116, 0.665, -0.22, 1.4025, 1.03244, -0.231682, -0.131892
3117, 0.56, -0.16, 1.35, 0.789226, -0.305204, -0.127926
3117, 0.665, -0.04, 1.4025, 0.789226, -0.305204, -0.127926
3118, 0.56, 0.08, 1.35, 0.276448, -0.425365, -0.0600637
3118, 0.665, 0.14, 1.4025, 0.276448, -0.425365, -0.0600637
3125, 0.8, 0.32, 1.35, 0, -0.86217, 0
3132, 0.69, -0.28, 0.96, 1.12753, -0.940897, -0.62212
3132, 0.835, 0.02, 1.38, 1.12753, -0.940897, -0.62212
3133, 0.69, -0.28, 1.08, 1.12342, -0.878604, -0.575092
3134, 0.545, -0.58, 0.9, 1.11693, -0.803431, -0.518897
3134, 0.69, -0.28, 1.2, 1.11693, -0.803431, -0.518897
3135, 0.545, -0.58, 1.08, 1.10883, -0.708722, -0.450407
3135, 0.69, -0.28, 1.32, 1.10883, -0.708722, -0.450407
3136, 0.4, -0.88, 1.08, 1.10258, -0.584121, -0.365611
3138, 0.69, -0.16, 0.96, 1.0286, -1.00429, -0.60166
3138, 0.835, 0.08, 1.38, 1.0286, -1.00429, -0.60166
3139, 0.69, -0.16, 1.08, 1.02447, -0.940021, -0.556455
3140, 0.545, -0.4, 0.9, 1.01766, -0.860773, -0.501404
3140, 0.69, -0.16, 1.2, 1.01766, -0.860773, -0.501404
3144, 0.69, -0.04, 0.96, 0.88849, -1.07758, -0.554412
3144, 0.835, 0.14, 1.38, 0.88849, -1.07758, -0.554412
3145, 0.545, -0.22, 0.72, 0.883708, -1.01459, -0.514211
3145, 0.69, -0.04, 1.08, 0.883708, -1.01459, -0.514211
3146, 0.545, -0.22, 0.9, 0.875401, -0.935061, -0.464017
3146, 0.69, -0.04, 1.2, 0.875401, -0.935061, -0.464017
3147, 0.4, -0.4, 0.84, 0.862705, -0.830826, -0.40058
3147, 0.545, -0.22, 1.08, 0.862705, -0.830826, -0.40058
3147, 0.69, -0.04, 1.32, 0.862705, -0.830826, -0.40058
3148, 0.545, -0.22, 1.26, 0.848778, -0.688125, -0.321021
3149, 0.4, -0.4, 1.32, 0.846478, -0.492952, -0.225702
3150, 0.69, 0.08, 0.96, 0.68377, -1.15293, -0.454708
3151, 0.545, -0.04, 0.72, 0.678124, -1.09455, -0.423383
3151, 0.69, 0.08, 1.08, 0.678124, -1.09455, -0.423383
3152, 0.545, -0.04, 0.9, 0.667608, -1.01923, -0.382855
3152, 0.69, 0.08, 1.2, 0.667608, -1.01923, -0.382855
3153, 0.4, -0.16, 0.84, 0.648399, -0.918853, -0.329504
3153, 0.545, -0.04, 1.08, 0.648399, -0.918853, -0.329504
3153, 0.69, 0.08, 1.32, 0.648399, -0.918853, -0.329504
3154, 0.4, -0.16, 1.08, 0.617241, -0.779362, -0.260376
3154, 0.545, -0.04, 1.26, 0.617241, -0.779362, -0.260376
3154, 0.69, 0.08, 1.44, 0.617241, -0.779362, -0.260376
3155, 0.4, -0.16, 1.32, 0.583709, -0.580613, -0.179028
3156, 0.69, 0.2, 0.96, 0.385996, -1.21397, -0.269782
3157, 0.545, 0.14, 0.72, 0.381364, -1.16106, -0.251882
3157, 0.69, 0.2, 1.08, 0.381364, -1.16106, -0.251882
3158, 0.545, 0.14, 0.9, 0.372169, -1.09132, -0.227619
3158, 0.69, 0.2, 1.2, 0.372169, -1.09132, -0.227619
3159, 0.4, 0.08, 0.84, 0.35318, -0.996359, -0.193525
3159, 0.545, 0.14, 1.08, 0.35318, -0.996359, -0.193525
3159, 0.69, 0.2, 1.32, 0.35318, -0.996359, -0.193525
3160, 0.4, 0.08, 1.08, 0.314934, -0.861978, -0.145763
3160, 0.545, 0.14, 1.26, 0.314934, -0.861978, -0.145763
3160, 0.69, 0.2, 1.44, 0.314934, -0.861978, -0.145763
3161, 0.4, 0.08, 1.32, 0.251149, -0.664377, -0.0870426
3161, 0.545, 0.14, 1.44, 0.251149, -0.664377, -0.0870426
3162, 0.69, 0.32, 0.96, 0, -1.23837, 0
3163, 0.545, 0.32, 0.72, 0, -1.1879, 0
3163, 0.69, 0.32, 1.08, 0, -1.1879, 0
3164, 0.4, 0.32, 0.6, 0, -1.12057, 0
3164, 0.545, 0.32, 0.9, 0, -1.12057, 0
3164, 0.69, 0.32, 1.2, 0, -1.12057, 0
3165, 0.4, 0.32, 0.84, 0, -1.02732, 0
3165, 0.545, 0.32, 1.08, 0, -1.02732, 0
3165, 0.69, 0.32, 1.32, 0, -1.02732, 0
3166, 0.4, 0.32, 1.08, 0, -0.892677, 0
3166, 0.545, 0.32, 1.26, 0, -0.892677, 0
3166, 0.69, 0.32, 1.44, 0, -0.892677, 0
3168, 0.69, 0.44, 0.96, -0.385996, -1.21397, 0.269782
3169, 0.545, 0.5, 0.72, -0.381364, -1.16106, 0.251882
3169, 0.69, 0.44, 1.08, -0.381364, -1.16106, 0.251882
3170, 0.545, 0.5, 0.9, -0.372169, -1.09132, 0.227619
3170, 0.69, 0.44, 1.2, -0.372169, -1.09132, 0.227619
3171, 0.4, 0.56, 0.84, -0.35318, -0.996359, 0.193525
3171, 0.545, 0.5, 1.08, -0.35318, -0.996359, 0.193525
3171, 0.69, 0.44, 1.32, -0.35318, -0.996359, 0.193525
3172, 0.4, 0.56, 1.08, -0.314934, -0.861978, 0.145763
3172, 0.545, 0.5, 1.26, -0.314934, -0.861978, 0.145763
3173, 0.545, 0.5, 1.44, -0.251149, -0.664377, 0.0870426
3174, 0.69, 0.56, 0.96, -0.68377, -1.15293, 0.454708
3175, 0.545, 0.68, 0.72, -0.678124, -1.09455, 0.423383
3175, 0.69, 0.56, 1.08, -0.678124, -1.09455, 0.423383
3176, 0.545, 0.68, 0.9, -0.667608, -1.01923, 0.382855
3176, 0.69, 0.56, 1.2, -0.667608, -1.01923, 0.382855
3177, 0.4, 0.8, 0.84, -0.648399, -0.918853, 0.329504
3177, 0.545, 0.68, 1.08, -0.648399, -0.918853, 0.329504
3177, 0.69, 0.56, 1.32, -0.648399, -0.918853, 0.329504
3180, 0.69, 0.68, 0.96, -0.88849, -1.07758, 0.554412
3181, 0.69, 0.68, 1.08, -0.883708, -1.01459, 0.514211
3182, 0.545, 0.86, 0.9, -0.875401, -0.935061, 0.464017
3182, 0.69, 0.68, 1.2, -0.875401, -0.935061, 0.464017
3183, 0.545, 0.86, 1.08, -0.862705, -0.830826, 0.40058
3187, 0.05, -0.16, 1.575, 0.439208, -0.236856, -0.0531032
3188, -0.415, -0.22, 1.4625, 0.315944, -0.234044, -0.0374497
3190, 0.05, 0.2, 1.575, 0.0659857, -0.236393, -0.00783861
3191, -0.415, 0.32, 1.4625, 0, -0.237374, 0
3193, -0.235, -0.4, 1.4625, 0.496094, -0.262568, -0.0668584
3193, 0.17, -0.16, 1.575, 0.496094, -0.262568, -0.0668584
3194, -0.235, -0.22, 1.4625, 0.360754, -0.262384, -0.0481152
3194, 0.17, -0.04, 1.575, 0.360754, -0.262384, -0.0481152
3195, -0.235, -0.04, 1.4625, 0.206668, -0.265692, -0.0277147
3195, 0.17, 0.08, 1.575, 0.206668, -0.265692, -0.0277147
3196, -0.235, 0.14, 1.4625, 0.0762738, -0.269403, -0.0103417
3196, 0.17, 0.2, 1.575, 0.0762738, -0.269403, -0.0103417
3197, -0.235, 0.32, 1.4625, 0, -0.270947, 0
3198, -0.055, -0.58, 1.4625, 0.685866, -0.293911, -0.105602
3199, -0.4, -0.64, 1.35, 0.56816, -0.292864, -0.0860727
3199, -0.055, -0.4, 1.4625, 0.56816, -0.292864, -0.0860727
3200, -0.055, -0.22, 1.4625, 0.419662, -0.297196, -0.0637409
3200, 0.29, -0.04, 1.575, 0.419662, -0.297196, -0.0637409
3201, -0.055, -0.04, 1.4625, 0.243651, -0.305562, -0.0376999
3201, 0.29, 0.08, 1.575, 0.243651, -0.305562, -0.0376999
3202, -0.055, 0.14, 1.4625, 0.0904513, -0.312669, -0.0142665
3203, -0.4, 0.32, 1.35, 0, -0.315215, 0
3203, -0.055, 0.32, 1.4625, 0, -0.315215, 0
3204, 0.125, -0.58, 1.4625, 0.782699, -0.324076, -0.134703
3205, -0.16, -0.64, 1.35, 0.661177, -0.327998, -0.113461
3205, 0.125, -0.4, 1.4625, 0.661177, -0.327998, -0.113461
3206, -0.16, -0.4, 1.35, 0.49982, -0.33995, -0.0875605
3207, -0.16, -0.16, 1.35, 0.296591, -0.357722, -0.054005
3207, 0.125, -0.04, 1.4625, 0.296591, -0.357722, -0.054005
3208, -0.16, 0.08, 1.35, 0.111272, -0.371477, -0.0209294
3208, 0.125, 0.14, 1.4625, 0.111272, -0.371477, -0.0209294
3209, -0.16, 0.32, 1.35, 0, -0.375961, 0
3209, 0.125, 0.32, 1.4625, 0, -0.375961, 0
3212, 0.305, -0.22, 1.4625, 0.613044, -0.39119, -0.12525
3213, 0.305, -0.04, 1.4625, 0.377905, -0.426973, -0.0828676
3214, 0.08, 0.08, 1.35, 0.144855, -0.454976, -0.0335888
3214, 0.305, 0.14, 1.4625, 0.144855, -0.454976, -0.0335888
3219, 0.485, -0.04, 1.4625, 0.514585, -0.51704, -0.138936
3220, 0.32, 0.08, 1.35, 0.207593, -0.57918, -0.0620588
3220, 0.485, 0.14, 1.4625, 0.207593, -0.57918, -0.0620588
3221, 0.32, 0.32, 1.35, 0, -0.598419, 0
3221, 0.485, 0.32, 1.4625, 0, -0.598419, 0
3224, 0.56, -0.4, 1.35, 1.01451, -0.493388, -0.278101
3226, 0.56, 0.08, 1.35, 0.35653, -0.76702, -0.145144
3226, 0.665, 0.14, 1.4625, 0.35653, -0.76702, -0.145144
3227, 0.56, 0.32, 1.35, 0, -0.819867, 0
3232, 0.8, 0.08, 1.35, 0.826161, -0.986026, -0.462538
3233, 0.8, 0.32, 1.35, 0, -1.19029, 0
3240, 0.545, -0.52, 0.12, 1.1879, -0, 0
3240, 0.69, -0.16, 0.12, 1.1879, -0, 0
3240, 0.835, 0.2, 0.12, 1.1879, -0, 0
3241, 0.4, -0.88, 0.36, 1.18219, 0.217327, 0.146174
3241, 0.69, -0.16, 0.24, 1.18219, 0.217327, 0.146174
3241, 0.835, 0.2, 0.18, 1.18219, 0.217327, 0.146174
3242, 0.545, -0.52, 0.48, 1.17432, 0.409551, 0.274671
3242, 0.69, -0.16, 0.36, 1.17432, 0.409551, 0.274671
3242, 0.835, 0.2, 0.24, 1.17432, 0.409551, 0.274671
3243, 0.545, -0.52, 0.66, 1.17435, 0.561325, 0.37907
3243, 0.835, 0.2, 0.3, 1.17435, 0.561325, 0.37907
3244, 0.545, -0.52, 0.84, 1.18084, 0.674959, 0.461935
3244, 0.69, -0.16, 0.6, 1.18084, 0.674959, 0.461935
3245, 0.545, -0.52, 1.02, 1.18887, 0.761523, 0.528541
3245, 0.69, -0.16, 0.72, 1.18887, 0.761523, 0.528541
3245, 0.835, 0.2, 0.42, 1.18887, 0.761523, 0.528541
3246, 0.4, -0.64, 0.12, 1.12057, -0, 0
3246, 0.545, -0.34, 0.12, 1.12057, -0, 0
3246, 0.69, -0.04, 0.12, 1.12057, -0, 0
3246, 0.835, 0.26, 0.12, 1.12057, -0, 0
3247, 0.545, -0.34, 0.3, 1.11403, 0.219194, 0.13685
3247, 0.69, -0.04, 0.24, 1.11403, 0.219194, 0.13685
3247, 0.835, 0.26, 0.18, 1.11403, 0.219194, 0.13685
3248, 0.4, -0.64, 0.6, 1.10405, 0.419958, 0.261027
3248, 0.835, 0.26, 0.24, 1.10405, 0.419958, 0.261027
3249, 0.545, -0.34, 0.66, 1.10258, 0.584121, 0.365611
3249, 0.69, -0.04, 0.48, 1.10258, 0.584121, 0.365611
3249, 0.835, 0.26, 0.3, 1.10258, 0.584121, 0.365611
3250, 0.545, -0.34, 0.84, 1.10883, 0.708722, 0.450407
3250, 0.69, -0.04, 0.6, 1.10883, 0.708722, 0.450407
3251, 0.545, -0.34, 1.02, 1.11693, 0.803431, 0.518897
3251, 0.69, -0.04, 0.72, 1.11693, 0.803431, 0.518897
3251, 0.835, 0.26, 0.42, 1.11693, 0.803431, 0.518897
3252, 0.4, -0.4, 0.12, 1.02732, -0, 0
3252, 0.545, -0.16, 0.12, 1.02732, -0, 0
3252, 0.69, 0.08, 0.12, 1.02732, -0, 0
3252, 0.835, 0.32, 0.12, 1.02732, -0, 0
3253, 0.4, -0.4, 0.36, 1.01808, 0.227623, 0.127415
3253, 0.545, -0.16, 0.3, 1.01808, 0.227623, 0.127415
3253, 0.69, 0.08, 0.24, 1.01808, 0.227623, 0.127415
3253, 0.835, 0.32, 0.18, 1.01808, 0.227623, 0.127415
3254, 0.69, 0.08, 0.36, 1.00384, 0.443125, 0.245997
3254, 0.835, 0.32, 0.24, 1.00384, 0.443125, 0.245997
3255, 0.69, 0.08, 0.48, 1.00124, 0.623125, 0.348814
3255, 0.835, 0.32, 0.3, 1.00124, 0.623125, 0.348814
3256, 0.4, -0.4, 1.08, 1.00858, 0.759068, 0.433351
3256, 0.545, -0.16, 0.84, 1.00858, 0.759068, 0.433351
3256, 0.69, 0.08, 0.6, 1.00858, 0.759068, 0.433351
3257, 0.545, -0.16, 1.02, 1.01766, 0.860773, 0.501404
3257, 0.69, 0.08, 0.72, 1.01766, 0.860773, 0.501404
3258, 0.4, -0.16, 0.12, 0.892677, -0, 0
3258, 0.545, 0.02, 0.12, 0.892677, -0, 0
3258, 0.69, 0.2, 0.12, 0.892677, -0, 0
3258, 0.835, 0.38, 0.12, 0.892677, -0, 0
3259, 0.545, 0.02, 0.3, 0.870133, 0.253012, 0.118086
3259, 0.69, 0.2, 0.24, 0.870133, 0.253012, 0.118086
3259, 0.835, 0.38, 0.18, 0.870133, 0.253012, 0.118086
3260, 0.545, 0.02, 0.48, 0.846478, 0.492952, 0.225702
3260, 0.69, 0.2, 0.36, 0.846478, 0.492952, 0.225702
3260, 0.835, 0.38, 0.24, 0.846478, 0.492952, 0.225702
3261, 0.4, -0.16, 0.84, 0.848778, 0.688125, 0.321021
3261, 0.545, 0.02, 0.66, 0.848778, 0.688125, 0.321021
3261, 0.835, 0.38, 0.3, 0.848778, 0.688125, 0.321021
3262, 0.4, -0.16, 1.08, 0.862705, 0.830826, 0.40058
3262, 0.545, 0.02, 0.84, 0.862705, 0.830826, 0.40058
3262, 0.69, 0.2, 0.6, 0.862705, 0.830826, 0.40058
3263, 0.545, 0.02, 1.02, 0.875401, 0.935061, 0.464017
3263, 0.69, 0.2, 0.72, 0.875401, 0.935061, 0.464017
3263, 0.835, 0.38, 0.42, 0.875401, 0.935061, 0.464017
3264, 0.545, 0.2, 0.12, 0.691337, -0, 0
3264, 0.69, 0.32, 0.12, 0.691337, -0, 0
3264, 0.835, 0.44, 0.12, 0.691337, -0, 0
3265, 0.545, 0.2, 0.3, 0.601174, 0.310607, 0.0969873
3265, 0.69, 0.32, 0.24, 0.601174, 0.310607, 0.0969873
3265, 0.835, 0.44, 0.18, 0.601174, 0.310607, 0.0969873
3266, 0.545, 0.2, 0.48, 0.583709, 0.580613, 0.179028
3266, 0.69, 0.32, 0.36, 0.583709, 0.580613, 0.179028
3266, 0.835, 0.44, 0.24, 0.583709, 0.580613, 0.179028
3267, 0.4, 0.08, 0.84, 0.617241, 0.779362, 0.260376
3267, 0.545, 0.2, 0.66, 0.617241, 0.779362, 0.260376
3267, 0.69, 0.32, 0.48, 0.617241, 0.779362, 0.260376
3267, 0.835, 0.44, 0.3, 0.617241, 0.779362, 0.260376
3268, 0.4, 0.08, 1.08, 0.648399, 0.918853, 0.329504
3268, 0.545, 0.2, 0.84, 0.648399, 0.918853, 0.329504
3268, 0.69, 0.32, 0.6, 0.648399, 0.918853, 0.329504
3268, 0.835, 0.44, 0.36, 0.648399, 0.918853, 0.329504
3269, 0.4, 0.08, 1.32, 0.667608, 1.01923, 0.382855
3269, 0.545, 0.2, 1.02, 0.667608, 1.01923, 0.382855
3269, 0.69, 0.32, 0.72, 0.667608, 1.01923, 0.382855
3269, 0.835, 0.44, 0.42, 0.667608, 1.01923, 0.382855
3270, 0.4, 0.32, 0.12, 0.39234, -0, 0
3270, 0.545, 0.38, 0.12, 0.39234, -0, 0
3270, 0.69, 0.44, 0.12, 0.39234, -0, 0
3270, 0.835, 0.5, 0.12, 0.39234, -0, 0
3271, 0.545, 0.38, 0.3, 0.193202, 0.374476, 0.0367136
3271, 0.69, 0.44, 0.24, 0.193202, 0.374476, 0.0367136
3271, 0.835, 0.5, 0.18, 0.193202, 0.374476, 0.0367136
3272, 0.69, 0.44, 0.36, 0.251149, 0.664377, 0.0870426
3272, 0.835, 0.5, 0.24, 0.251149, 0.664377, 0.0870426
3273, 0.4, 0.32, 0.84, 0.314934, 0.861978, 0.145763
3273, 0.545, 0.38, 0.66, 0.314934, 0.861978, 0.145763
3273, 0.69, 0.44, 0.48, 0.314934, 0.861978, 0.145763
3273, 0.835, 0.5, 0.3, 0.314934, 0.861978, 0.145763
3274, 0.4, 0.32, 1.08, 0.35318, 0.996359, 0.193525
3274, 0.545, 0.38, 0.84, 0.35318, 0.996359, 0.193525
3274, 0.69, 0.44, 0.6, 0.35318, 0.996359, 0.193525
3275, 0.4, 0.32, 1.32, 0.372169, 1.09132, 0.227619
3275, 0.545, 0.38, 1.02, 0.372169, 1.09132, 0.227619
3275, 0.69, 0.44, 0.72, 0.372169, 1.09132, 0.227619
3275, 0.835, 0.5, 0.42, 0.372169, 1.09132, 0.227619
3277, 0.545, 0.56, 0.3, 0, 0.39234, 0
3277, 0.69, 0.56, 0.24, 0, 0.39234, 0
3277, 0.835, 0.56, 0.18, 0, 0.39234, 0
3278, 0.69, 0.56, 0.36, 0, 0.691337, 0
3278, 0.835, 0.56, 0.24, 0, 0.691337, 0
3279, 0.4, 0.56, 0.84, 0, 0.892677, 0
3279, 0.545, 0.56, 0.66, 0, 0.892677, 0
3280, 0.4, 0.56, 1.08, 0, 1.02732, 0
3280, 0.545, 0.56, 0.84, 0, 1.02732, 0
3280, 0.69, 0.56, 0.6, 0, 1.02732, 0
3281, 0.545, 0.56, 1.02, 0, 1.12057, 0
3281, 0.69, 0.56, 0.72, 0, 1.12057, 0
3281, 0.835, 0.56, 0.42, 0, 1.12057, 0
3282, 0.4, 0.8, 0.12, -0.39234, 0, 0
3282, 0.545, 0.74, 0.12, -0.39234, 0, 0
3282, 0.69, 0.68, 0.12, -0.39234, 0, 0
3282, 0.835, 0.62, 0.12, -0.39234, 0, 0
3283, 0.4, 0.8, 0.36, -0.193202, 0.374476, -0.0367136
3283, 0.545, 0.74, 0.3, -0.193202, 0.374476, -0.0367136
3283, 0.69, 0.68, 0.24, -0.193202, 0.374476, -0.0367136
3283, 0.835, 0.62, 0.18, -0.193202, 0.374476, -0.0367136
3284, 0.835, 0.62, 0.24, -0.251149, 0.664377, -0.0870426
3285, 0.4, 0.8, 0.84, -0.314934, 0.861978, -0.145763
3285, 0.545, 0.74, 0.66, -0.314934, 0.861978, -0.145763
3285, 0.69, 0.68, 0.48, -0.314934, 0.861978, -0.145763
3286, 0.4, 0.8, 1.08, -0.35318, 0.996359, -0.193525
3286, 0.545, 0.74, 0.84, -0.35318, 0.996359, -0.193525
3286, 0.69, 0.68, 0.6, -0.35318, 0.996359, -0.193525
3286, 0.835, 0.62, 0.36, -0.35318, 0.996359, -0.193525
3287, 0.545, 0.74, 1.02, -0.372169, 1.09132, -0.227619
3287, 0.69, 0.68, 0.72, -0.372169, 1.09132, -0.227619
3287, 0.835, 0.62, 0.42, -0.372169, 1.09132, -0.227619
3288, 0.4, 1.04, 0.12, -0.691337, 0, 0
3288, 0.545, 0.92, 0.12, -0.691337, 0, 0
3288, 0.69, 0.8, 0.12, -0.691337, 0, 0
3288, 0.835, 0.68, 0.12, -0.691337, 0, 0
3289, 0.69, 0.8, 0.24, -0.601174, 0.310607, -0.0969873
3289, 0.835, 0.68, 0.18, -0.601174, 0.310607, -0.0969873
3290, 0.835, 0.68, 0.24, -0.583709, 0.580613, -0.179028
3292, 0.69, 0.8, 0.6, -0.648399, 0.918853, -0.329504
3292, 0.835, 0.68, 0.36, -0.648399, 0.918853, -0.329504
3293, 0.69, 0.8, 0.72, -0.667608, 1.01923, -0.382855
3293, 0.835, 0.68, 0.42, -0.667608, 1.01923, -0.382855
3294, 0.545, -0.52, 0.18, 1.18219, -0.217327, -0.146174
3294, 0.69, -0.16, 0.24, 1.18219, -0.217327, -0.146174
3294, 0.835, 0.2, 0.3, 1.18219, -0.217327, -0.146174
3295, 0.545, -0.52, 0.36, 1.1879, -0, 0
3295, 0.69, -0.16, 0.36, 1.1879, -0, 0
3295, 0.835, 0.2, 0.36, 1.1879, -0, 0
3296, 0.69, -0.16, 0.48, 1.18219, 0.217327, 0.146174
3296, 0.835, 0.2, 0.42, 1.18219, 0.217327, 0.146174
3297, 0.545, -0.52, 0.72, 1.17432, 0.409551, 0.274671
3297, 0.835, 0.2, 0.48, 1.17432, 0.409551, 0.274671
3298, 0.545, -0.52, 0.9, 1.17435, 0.561325, 0.37907
3298, 0.69, -0.16, 0.72, 1.17435, 0.561325, 0.37907
3299, 0.69, -0.16, 0.84, 1.18084, 0.674959, 0.461935
3299, 0.835, 0.2, 0.6, 1.18084, 0.674959, 0.461935
3300, 0.4, -0.64, 0.12, 1.11403, -0.219194, -0.13685
3300, 0.545, -0.34, 0.18, 1.11403, -0.219194, -0.13685
3300, 0.69, -0.04, 0.24, 1.11403, -0.219194, -0.13685
3300, 0.835, 0.26, 0.3, 1.11403, -0.219194, -0.13685
3301, 0.4, -0.64, 0.36, 1.12057, -0, 0
3301, 0.545, -0.34, 0.36, 1.12057, -0, 0
3301, 0.69, -0.04, 0.36, 1.12057, -0, 0
3301, 0.835, 0.26, 0.36, 1.12057, -0, 0
3302, 0.4, -0.64, 0.6, 1.11403, 0.219194, 0.13685
3302, 0.69, -0.04, 0.48, 1.11403, 0.219194, 0.13685
3302, 0.835, 0.26, 0.42, 1.11403, 0.219194, 0.13685
3303, 0.545, -0.34, 0.72, 1.10405, 0.419958, 0.261027
3303, 0.835, 0.26, 0.48, 1.10405, 0.419958, 0.261027
3304, 0.545, -0.34, 0.9, 1.10258, 0.584121, 0.365611
3304, 0.69, -0.04, 0.72, 1.10258, 0.584121, 0.365611
3305, 0.545, -0.34, 1.08, 1.10883, 0.708722, 0.450407
3305, 0.69, -0.04, 0.84, 1.10883, 0.708722, 0.450407
3305, 0.835, 0.26, 0.6, 1.10883, 0.708722, 0.450407
3306, 0.4, -0.4, 0.12, 1.01808, -0.227623, -0.127415
3306, 0.545, -0.16, 0.18, 1.01808, -0.227623, -0.127415
3306, 0.69, 0.08, 0.24, 1.01808, -0.227623, -0.127415
3306, 0.835, 0.32, 0.3, 1.01808, -0.227623, -0.127415
3307, 0.545, -0.16, 0.36, 1.02732, -0, 0
3307, 0.69, 0.08, 0.36, 1.02732, -0, 0
3307, 0.835, 0.32, 0.36, 1.02732, -0, 0
3308, 0.4, -0.4, 0.6, 1.01808, 0.227623, 0.127415
3308, 0.545, -0.16, 0.54, 1.01808, 0.227623, 0.127415
3308, 0.69, 0.08, 0.48, 1.01808, 0.227623, 0.127415
3308, 0.835, 0.32, 0.42, 1.01808, 0.227623, 0.127415
3309, 0.545, -0.16, 0.72, 1.00384, 0.443125, 0.245997
3309, 0.835, 0.32, 0.48, 1.00384, 0.443125, 0.245997
3310, 0.4, -0.4, 1.08, 1.00124, 0.623125, 0.348814
3310, 0.545, -0.16, 0.9, 1.00124, 0.623125, 0.348814
3310, 0.69, 0.08, 0.72, 1.00124, 0.623125, 0.348814
3311, 0.545, -0.16, 1.08, 1.00858, 0.759068, 0.433351
3311, 0.69, 0.08, 0.84, 1.00858, 0.759068, 0.433351
3311, 0.835, 0.32, 0.6, 1.00858, 0.759068, 0.433351
3312, 0.4, -0.16, 0.12, 0.870133, -0.253012, -0.118086
3312, 0.545, 0.02, 0.18, 0.870133, -0.253012, -0.118086
3312, 0.69, 0.2, 0.24, 0.870133, -0.253012, -0.118086
3312, 0.835, 0.38, 0.3, 0.870133, -0.253012, -0.118086
3313, 0.545, 0.02, 0.36, 0.892677, -0, 0
3313, 0.69, 0.2, 0.36, 0.892677, -0, 0
3313, 0.835, 0.38, 0.36, 0.892677, -0, 0
3314, 0.69, 0.2, 0.48, 0.870133, 0.253012, 0.118086
3314, 0.835, 0.38, 0.42, 0.870133, 0.253012, 0.118086
3315, 0.4, -0.16, 0.84, 0.846478, 0.492952, 0.225702
3315, 0.545, 0.02, 0.72, 0.846478, 0.492952, 0.225702
3315, 0.835, 0.38, 0.48, 0.846478, 0.492952, 0.225702
3316, 0.4, -0.16, 1.08, 0.848778, 0.688125, 0.321021
3316, 0.545, 0.02, 0.9, 0.848778, 0.688125, 0.321021
3316, 0.69, 0.2, 0.72, 0.848778, 0.688125, 0.321021
3317, 0.4, -0.16, 1.32, 0.862705, 0.830826, 0.40058
3317, 0.545, 0.02, 1.08, 0.862705, 0.830826, 0.40058
3317, 0.69, 0.2, 0.84, 0.862705, 0.830826, 0.40058
3317, 0.835, 0.38, 0.6, 0.862705, 0.830826, 0.40058
3318, 0.545, 0.2, 0.18, 0.601174, -0.310607, -0.0969873
3318, 0.69, 0.32, 0.24, 0.601174, -0.310607, -0.0969873
3318, 0.835, 0.44, 0.3, 0.601174, -0.310607, -0.0969873
3319, 0.545, 0.2, 0.36, 0.691337, -0, 0
3319, 0.69, 0.32, 0.36, 0.691337, -0, 0
3319, 0.835, 0.44, 0.36, 0.691337, -0, 0
3320, 0.545, 0.2, 0.54, 0.601174, 0.310607, 0.0969873
3320, 0.69, 0.32, 0.48, 0.601174, 0.310607, 0.0969873
3320, 0.835, 0.44, 0.42, 0.601174, 0.310607, 0.0969873
3321, 0.4, 0.08, 0.84, 0.583709, 0.580613, 0.179028
3321, 0.545, 0.2, 0.72, 0.583709, 0.580613, 0.179028
3321, 0.835, 0.44, 0.48, 0.583709, 0.580613, 0.179028
3322, 0.4, 0.08, 1.08, 0.617241, 0.779362, 0.260376
3322, 0.545, 0.2, 0.9, 0.617241, 0.779362, 0.260376
3322, 0.69, 0.32, 0.72, 0.617241, 0.779362, 0.260376
3322, 0.835, 0.44, 0.54, 0.617241, 0.779362, 0.260376
3323, 0.4, 0.08, 1.32, 0.648399, 0.918853, 0.329504
3323, 0.545, 0.2, 1.08, 0.648399, 0.918853, 0.329504
3323, 0.69, 0.32, 0.84, 0.648399, 0.918853, 0.329504
3323, 0.835, 0.44, 0.6, 0.648399, 0.918853, 0.329504
3324, 0.545, 0.38, 0.18, 0.193202, -0.374476, -0.0367136
3324, 0.69, 0.44, 0.24, 0.193202, -0.374476, -0.0367136
3324, 0.835, 0.5, 0.3, 0.193202, -0.374476, -0.0367136
3325, 0.545, 0.38, 0.36, 0.39234, -0, 0
3325, 0.69, 0.44, 0.36, 0.39234, -0, 0
3325, 0.835, 0.5, 0.36, 0.39234, -0, 0
3326, 0.545, 0.38, 0.54, 0.193202, 0.374476, 0.0367136
3326, 0.69, 0.44, 0.48, 0.193202, 0.374476, 0.0367136
3326, 0.835, 0.5, 0.42, 0.193202, 0.374476, 0.0367136
3327, 0.4, 0.32, 0.84, 0.251149, 0.664377, 0.0870426
3327, 0.545, 0.38, 0.72, 0.251149, 0.664377, 0.0870426
3327, 0.69, 0.44, 0.6, 0.251149, 0.664377, 0.0870426
3328, 0.4, 0.32, 1.08, 0.314934, 0.861978, 0.145763
3328, 0.545, 0.38, 0.9, 0.314934, 0.861978, 0.145763
3328, 0.69, 0.44, 0.72, 0.314934, 0.861978, 0.145763
3328, 0.835, 0.5, 0.54, 0.314934, 0.861978, 0.145763
3329, 0.4, 0.32, 1.32, 0.35318, 0.996359, 0.193525
3329, 0.545, 0.38, 1.08, 0.35318, 0.996359, 0.193525
3329, 0.69, 0.44, 0.84, 0.35318, 0.996359, 0.193525
3329, 0.835, 0.5, 0.6, 0.35318, 0.996359, 0.193525
3330, 0.4, 0.56, 0.12, 0, -0.39234, 0
3330, 0.545, 0.56, 0.18, 0, -0.39234, 0
3330, 0.69, 0.56, 0.24, 0, -0.39234, 0
3330, 0.835, 0.56, 0.3, 0, -0.39234, 0
3332, 0.69, 0.56, 0.48, 0, 0.39234, 0
3332, 0.835, 0.56, 0.42, 0, 0.39234, 0
3333, 0.4, 0.56, 0.84, 0, 0.691337, 0
3333, 0.69, 0.56, 0.6, 0, 0.691337, 0
3333, 0.835, 0.56, 0.48, 0, 0.691337, 0
3334, 0.4, 0.56, 1.08, 0, 0.892677, 0
3334, 0.545, 0.56, 0.9, 0, 0.892677, 0
3334, 0.69, 0.56, 0.72, 0, 0.892677, 0
3334, 0.835, 0.56, 0.54, 0, 0.892677, 0
3335, 0.4, 0.56, 1.32, 0, 1.02732, 0
3335, 0.545, 0.56, 1.08, 0, 1.02732, 0
3335, 0.69, 0.56, 0.84, 0, 1.02732, 0
3335, 0.835, 0.56, 0.6, 0, 1.02732, 0
3336, 0.4, 0.8, 0.12, -0.193202, -0.374476, 0.0367136
3336, 0.545, 0.74, 0.18, -0.193202, -0.374476, 0.0367136
3336, 0.69, 0.68, 0.24, -0.193202, -0.374476, 0.0367136
3336, 0.835, 0.62, 0.3, -0.193202, -0.374476, 0.0367136
3337, 0.545, 0.74, 0.36, -0.39234, 0, 0
3337, 0.69, 0.68, 0.36, -0.39234, 0, 0
3337, 0.835, 0.62, 0.36, -0.39234, 0, 0
3338, 0.835, 0.62, 0.42, -0.193202, 0.374476, -0.0367136
3339, 0.835, 0.62, 0.48, -0.251149, 0.664377, -0.0870426
3340, 0.4, 0.8, 1.08, -0.314934, 0.861978, -0.145763
3340, 0.545, 0.74, 0.9, -0.314934, 0.861978, -0.145763
3340, 0.69, 0.68, 0.72, -0.314934, 0.861978, -0.145763
3340, 0.835, 0.62, 0.54, -0.314934, 0.861978, -0.145763
3341, 0.545, 0.74, 1.08, -0.35318, 0.996359, -0.193525
3341, 0.69, 0.68, 0.84, -0.35318, 0.996359, -0.193525
3341, 0.835, 0.62, 0.6, -0.35318, 0.996359, -0.193525
3342, 0.545, 0.92, 0.18, -0.601174, -0.310607, 0.0969873
3342, 0.69, 0.8, 0.24, -0.601174, -0.310607, 0.0969873
3342, 0.835, 0.68, 0.3, -0.601174, -0.310607, 0.0969873
3343, 0.545, 0.92, 0.36, -0.691337, 0, 0
3343, 0.69, 0.8, 0.36, -0.691337, 0, 0
3343, 0.835, 0.68, 0.36, -0.691337, 0, 0
3344, 0.835, 0.68, 0.42, -0.601174, 0.310607, -0.0969873
3345, 0.835, 0.68, 0.48, -0.583709, 0.580613, -0.179028
3346, 0.545, 0.92, 0.9, -0.617241, 0.779362, -0.260376
3346, 0.69, 0.8, 0.72, -0.617241, 0.779362, -0.260376
3347, 0.69, 0.8, 0.84, -0.648399, 0.918853, -0.329504
3348, 0.69, -0.16, 0.36, 1.17432, -0.409551, -0.274671
3348, 0.835, 0.2, 0.48, 1.17432, -0.409551, -0.274671
3349, 0.69, -0.16, 0.48, 1.18219, -0.217327, -0.146174
3349, 0.835, 0.2, 0.54, 1.18219, -0.217327, -0.146174
3350, 0.835, 0.2, 0.6, 1.1879, -0, 0
3351, 0.545, -0.52, 0.78, 1.18219, 0.217327, 0.146174
3352, 0.69, -0.16, 0.84, 1.17432, 0.409551, 0.274671
3353, 0.69, -0.16, 0.96, 1.17435, 0.561325, 0.37907
3353, 0.835, 0.2, 0.78, 1.17435, 0.561325, 0.37907
3354, 0.69, -0.04, 0.36, 1.10405, -0.419958, -0.261027
3354, 0.835, 0.26, 0.48, 1.10405, -0.419958, -0.261027
3355, 0.545, -0.34, 0.42, 1.11403, -0.219194, -0.13685
3355, 0.69, -0.04, 0.48, 1.11403, -0.219194, -0.13685
3355, 0.835, 0.26, 0.54, 1.11403, -0.219194, -0.13685
3356, 0.545, -0.34, 0.6, 1.12057, -0, 0
3356, 0.69, -0.04, 0.6, 1.12057, -0, 0
3356, 0.835, 0.26, 0.6, 1.12057, -0, 0
3357, 0.545, -0.34, 0.78, 1.11403, 0.219194, 0.13685
3357, 0.835, 0.26, 0.66, 1.11403, 0.219194, 0.13685
3358, 0.69, -0.04, 0.84, 1.10405, 0.419958, 0.261027
3358, 0.835, 0.26, 0.72, 1.10405, 0.419958, 0.261027
3359, 0.545, -0.34, 1.14, 1.10258, 0.584121, 0.365611
3359, 0.69, -0.04, 0.96, 1.10258, 0.584121, 0.365611
3359, 0.835, 0.26, 0.78, 1.10258, 0.584121, 0.365611
3360, 0.545, -0.16, 0.24, 1.00384, -0.443125, -0.245997
3360, 0.69, 0.08, 0.36, 1.00384, -0.443125, -0.245997
3360, 0.835, 0.32, 0.48, 1.00384, -0.443125, -0.245997
3361, 0.4, -0.4, 0.36, 1.01808, -0.227623, -0.127415
3361, 0.545, -0.16, 0.42, 1.01808, -0.227623, -0.127415
3361, 0.69, 0.08, 0.48, 1.01808, -0.227623, -0.127415
3361, 0.835, 0.32, 0.54, 1.01808, -0.227623, -0.127415
3362, 0.545, -0.16, 0.6, 1.02732, -0, 0
3362, 0.69, 0.08, 0.6, 1.02732, -0, 0
3362, 0.835, 0.32, 0.6, 1.02732, -0, 0
3363, 0.835, 0.32, 0.66, 1.01808, 0.227623, 0.127415
3364, 0.4, -0.4, 1.08, 1.00384, 0.443125, 0.245997
3364, 0.545, -0.16, 0.96, 1.00384, 0.443125, 0.245997
3364, 0.69, 0.08, 0.84, 1.00384, 0.443125, 0.245997
3364, 0.835, 0.32, 0.72, 1.00384, 0.443125, 0.245997
3365, 0.545, -0.16, 1.14, 1.00124, 0.623125, 0.348814
3365, 0.69, 0.08, 0.96, 1.00124, 0.623125, 0.348814
3365, 0.835, 0.32, 0.78, 1.00124, 0.623125, 0.348814
3366, 0.69, 0.2, 0.36, 0.846478, -0.492952, -0.225702
3366, 0.835, 0.38, 0.48, 0.846478, -0.492952, -0.225702
3367, 0.545, 0.02, 0.42, 0.870133, -0.253012, -0.118086
3367, 0.69, 0.2, 0.48, 0.870133, -0.253012, -0.118086
3367, 0.835, 0.38, 0.54, 0.870133, -0.253012, -0.118086
3368, 0.545, 0.02, 0.6, 0.892677, -0, 0
3368, 0.69, 0.2, 0.6, 0.892677, -0, 0
3368, 0.835, 0.38, 0.6, 0.892677, -0, 0
3369, 0.545, 0.02, 0.78, 0.870133, 0.253012, 0.118086
3369, 0.69, 0.2, 0.72, 0.870133, 0.253012, 0.118086
3370, 0.4, -0.16, 1.08, 0.846478, 0.492952, 0.225702
3370, 0.545, 0.02, 0.96, 0.846478, 0.492952, 0.225702
3370, 0.69, 0.2, 0.84, 0.846478, 0.492952, 0.225702
3370, 0.835, 0.38, 0.72, 0.846478, 0.492952, 0.225702
3371, 0.4, -0.16, 1.32, 0.848778, 0.688125, 0.321021
3371, 0.545, 0.02, 1.14, 0.848778, 0.688125, 0.321021
3371, 0.69, 0.2, 0.96, 0.848778, 0.688125, 0.321021
3371, 0.835, 0.38, 0.78, 0.848778, 0.688125, 0.321021
3372, 0.69, 0.32, 0.36, 0.583709, -0.580613, -0.179028
3372, 0.835, 0.44, 0.48, 0.583709, -0.580613, -0.179028
3373, 0.545, 0.2, 0.42, 0.601174, -0.310607, -0.0969873
3373, 0.69, 0.32, 0.48, 0.601174, -0.310607, -0.0969873
3373, 0.835, 0.44, 0.54, 0.601174, -0.310607, -0.0969873
3374, 0.545, 0.2, 0.6, 0.691337, -0, 0
3374, 0.69, 0.32, 0.6, 0.691337, -0, 0
3374, 0.835, 0.44, 0.6, 0.691337, -0, 0
3375, 0.835, 0.44, 0.66, 0.601174, 0.310607, 0.0969873
3376, 0.4, 0.08, 1.08, 0.583709, 0.580613, 0.179028
3376, 0.545, 0.2, 0.96, 0.583709, 0.580613, 0.179028
3376, 0.69, 0.32, 0.84, 0.583709, 0.580613, 0.179028
3376, 0.835, 0.44, 0.72, 0.583709, 0.580613, 0.179028
3377, 0.4, 0.08, 1.32, 0.617241, 0.779362, 0.260376
3377, 0.545, 0.2, 1.14, 0.617241, 0.779362, 0.260376
3377, 0.69, 0.32, 0.96, 0.617241, 0.779362, 0.260376
3377, 0.835, 0.44, 0.78, 0.617241, 0.779362, 0.260376
3378, 0.69, 0.44, 0.36, 0.251149, -0.664377, -0.0870426
3378, 0.835, 0.5, 0.48, 0.251149, -0.664377, -0.0870426
3379, 0.4, 0.32, 0.36, 0.193202, -0.374476, -0.0367136
3379, 0.545, 0.38, 0.42, 0.193202, -0.374476, -0.0367136
3379, 0.69, 0.44, 0.48, 0.193202, -0.374476, -0.0367136
3379, 0.835, 0.5, 0.54, 0.193202, -0.374476, -0.0367136
3380, 0.545, 0.38, 0.6, 0.39234, -0, 0
3380, 0.69, 0.44, 0.6, 0.39234, -0, 0
3380, 0.835, 0.5, 0.6, 0.39234, -0, 0
3381, 0.835, 0.5, 0.66, 0.193202, 0.374476, 0.0367136
3382, 0.4, 0.32, 1.08, 0.251149, 0.664377, 0.0870426
3382, 0.545, 0.38, 0.96, 0.251149, 0.664377, 0.0870426
3382, 0.69, 0.44, 0.84, 0.251149, 0.664377, 0.0870426
3382, 0.835, 0.5, 0.72, 0.251149, 0.664377, 0.0870426
3383, 0.4, 0.32, 1.32, 0.314934, 0.861978, 0.145763
3383, 0.545, 0.38, 1.14, 0.314934, 0.861978, 0.145763
3383, 0.69, 0.44, 0.96, 0.314934, 0.861978, 0.145763
3383, 0.835, 0.5, 0.78, 0.314934, 0.861978, 0.145763
3384, 0.545, 0.56, 0.24, 0, -0.691337, 0
3384, 0.69, 0.56, 0.36, 0, -0.691337, 0
3384, 0.835, 0.56, 0.48, 0, -0.691337, 0
3385, 0.4, 0.56, 0.36, 0, -0.39234, 0
3385, 0.545, 0.56, 0.42, 0, -0.39234, 0
3385, 0.69, 0.56, 0.48, 0, -0.39234, 0
3385, 0.835, 0.56, 0.54, 0, -0.39234, 0
3388, 0.4, 0.56, 1.08, 0, 0.691337, 0
3388, 0.545, 0.56, 0.96, 0, 0.691337, 0
3388, 0.69, 0.56, 0.84, 0, 0.691337, 0
3388, 0.835, 0.56, 0.72, 0, 0.691337, 0
3389, 0.4, 0.56, 1.32, 0, 0.892677, 0
3389, 0.545, 0.56, 1.14, 0, 0.892677, 0
3389, 0.69, 0.56, 0.96, 0, 0.892677, 0
3389, 0.835, 0.56, 0.78, 0, 0.892677, 0
3390, 0.545, 0.74, 0.24, -0.251149, -0.664377, 0.0870426
3390, 0.69, 0.68, 0.36, -0.251149, -0.664377, 0.0870426
3390, 0.835, 0.62, 0.48, -0.251149, -0.664377, 0.0870426
3391, 0.4, 0.8, 0.36, -0.193202, -0.374476, 0.0367136
3391, 0.545, 0.74, 0.42, -0.193202, -0.374476, 0.0367136
3391, 0.69, 0.68, 0.48, -0.193202, -0.374476, 0.0367136
3391, 0.835, 0.62, 0.54, -0.193202, -0.374476, 0.0367136
3392, 0.545, 0.74, 0.6, -0.39234, 0, 0
3392, 0.69, 0.68, 0.6, -0.39234, 0, 0
3392, 0.835, 0.62, 0.6, -0.39234, 0, 0
3394, 0.4, 0.8, 1.08, -0.251149, 0.664377, -0.0870426
3394, 0.545, 0.74, 0.96, -0.251149, 0.664377, -0.0870426
3394, 0.69, 0.68, 0.84, -0.251149, 0.664377, -0.0870426
3395, 0.545, 0.74, 1.14, -0.314934, 0.861978, -0.145763
3395, 0.69, 0.68, 0.96, -0.314934, 0.861978, -0.145763
3395, 0.835, 0.62, 0.78, -0.314934, 0.861978, -0.145763
3396, 0.545, 0.92, 0.24, -0.583709, -0.580613, 0.179028
3396, 0.69, 0.8, 0.36, -0.583709, -0.580613, 0.179028
3396, 0.835, 0.68, 0.48, -0.583709, -0.580613, 0.179028
3397, 0.4, 1.04, 0.36, -0.601174, -0.310607, 0.0969873
3397, 0.545, 0.92, 0.42, -0.601174, -0.310607, 0.0969873
3397, 0.69, 0.8, 0.48, -0.601174, -0.310607, 0.0969873
3397, 0.835, 0.68, 0.54, -0.601174, -0.310607, 0.0969873
3398, 0.835, 0.68, 0.6, -0.691337, 0, 0
3400, 0.545, 0.92, 0.96, -0.583709, 0.580613, -0.179028
3400, 0.69, 0.8, 0.84, -0.583709, 0.580613, -0.179028
3401, 0.69, 0.8, 0.96, -0.617241, 0.779362, -0.260376
3401, 0.835, 0.68, 0.78, -0.617241, 0.779362, -0.260376
3402, 0.69, -0.16, 0.48, 1.17435, -0.561325, -0.37907
3402, 0.835, 0.2, 0.66, 1.17435, -0.561325, -0.37907
3403, 0.69, -0.16, 0.6, 1.17432, -0.409551, -0.274671
3403, 0.835, 0.2, 0.72, 1.17432, -0.409551, -0.274671
3404, 0.835, 0.2, 0.78, 1.18219, -0.217327, -0.146174
3405, 0.835, 0.2, 0.84, 1.1879, -0, 0
3406, 0.835, 0.2, 0.9, 1.18219, 0.217327, 0.146174
3407, 0.69, -0.16, 1.08, 1.17432, 0.409551, 0.274671
3407, 0.835, 0.2, 0.96, 1.17432, 0.409551, 0.274671
3408, 0.69, -0.04, 0.48, 1.10258, -0.584121, -0.365611
3408, 0.835, 0.26, 0.66, 1.10258, -0.584121, -0.365611
3409, 0.69, -0.04, 0.6, 1.10405, -0.419958, -0.261027
3409, 0.835, 0.26, 0.72, 1.10405, -0.419958, -0.261027
3410, 0.69, -0.04, 0.72, 1.11403, -0.219194, -0.13685
3410, 0.835, 0.26, 0.78, 1.11403, -0.219194, -0.13685
3411, 0.545, -0.34, 0.84, 1.12057, -0, 0
3411, 0.835, 0.26, 0.84, 1.12057, -0, 0
3412, 0.69, -0.04, 0.96, 1.11403, 0.219194, 0.13685
3412, 0.835, 0.26, 0.9, 1.11403, 0.219194, 0.13685
3413, 0.545, -0.34, 1.2, 1.10405, 0.419958, 0.261027
3413, 0.69, -0.04, 1.08, 1.10405, 0.419958, 0.261027
3413, 0.835, 0.26, 0.96, 1.10405, 0.419958, 0.261027
3414, 0.69, 0.08, 0.48, 1.00124, -0.623125, -0.348814
3414, 0.835, 0.32, 0.66, 1.00124, -0.623125, -0.348814
3415, 0.545, -0.16, 0.48, 1.00384, -0.443125, -0.245997
3415, 0.69, 0.08, 0.6, 1.00384, -0.443125, -0.245997
3415, 0.835, 0.32, 0.72, 1.00384, -0.443125, -0.245997
3416, 0.545, -0.16, 0.66, 1.01808, -0.227623, -0.127415
3416, 0.69, 0.08, 0.72, 1.01808, -0.227623, -0.127415
3416, 0.835, 0.32, 0.78, 1.01808, -0.227623, -0.127415
3417, 0.4, -0.4, 0.84, 1.02732, -0, 0
3417, 0.545, -0.16, 0.84, 1.02732, -0, 0
3417, 0.69, 0.08, 0.84, 1.02732, -0, 0
3417, 0.835, 0.32, 0.84, 1.02732, -0, 0
3418, 0.545, -0.16, 1.02, 1.01808, 0.227623, 0.127415
3418, 0.69, 0.08, 0.96, 1.01808, 0.227623, 0.127415
3418, 0.835, 0.32, 0.9, 1.01808, 0.227623, 0.127415
3419, 0.545, -0.16, 1.2, 1.00384, 0.443125, 0.245997
3419, 0.69, 0.08, 1.08, 1.00384, 0.443125, 0.245997
3419, 0.835, 0.32, 0.96, 1.00384, 0.443125, 0.245997
3420, 0.69, 0.2, 0.48, 0.848778, -0.688125, -0.321021
3420, 0.835, 0.38, 0.66, 0.848778, -0.688125, -0.321021
3421, 0.545, 0.02, 0.48, 0.846478, -0.492952, -0.225702
3421, 0.69, 0.2, 0.6, 0.846478, -0.492952, -0.225702
3421, 0.835, 0.38, 0.72, 0.846478, -0.492952, -0.225702
3422, 0.545, 0.02, 0.66, 0.870133, -0.253012, -0.118086
3422, 0.69, 0.2, 0.72, 0.870133, -0.253012, -0.118086
3422, 0.835, 0.38, 0.78, 0.870133, -0.253012, -0.118086
3424, 0.4, -0.16, 1.08, 0.870133, 0.253012, 0.118086
3424, 0.545, 0.02, 1.02, 0.870133, 0.253012, 0.118086
3424, 0.69, 0.2, 0.96, 0.870133, 0.253012, 0.118086
3425, 0.4, -0.16, 1.32, 0.846478, 0.492952, 0.225702
3425, 0.545, 0.02, 1.2, 0.846478, 0.492952, 0.225702
3425, 0.69, 0.2, 1.08, 0.846478, 0.492952, 0.225702
3425, 0.835, 0.38, 0.96, 0.846478, 0.492952, 0.225702
3426, 0.69, 0.32, 0.48, 0.617241, -0.779362, -0.260376
3426, 0.835, 0.44, 0.66, 0.617241, -0.779362, -0.260376
3427, 0.545, 0.2, 0.48, 0.583709, -0.580613, -0.179028
3427, 0.69, 0.32, 0.6, 0.583709, -0.580613, -0.179028
3427, 0.835, 0.44, 0.72, 0.583709, -0.580613, -0.179028
3428, 0.545, 0.2, 0.66, 0.601174, -0.310607, -0.0969873
3428, 0.69, 0.32, 0.72, 0.601174, -0.310607, -0.0969873
3428, 0.835, 0.44, 0.78, 0.601174, -0.310607, -0.0969873
3429, 0.4, 0.08, 0.84, 0.691337, -0, 0
3429, 0.545, 0.2, 0.84, 0.691337, -0, 0
3429, 0.69, 0.32, 0.84, 0.691337, -0, 0
3429, 0.835, 0.44, 0.84, 0.691337, -0, 0
3430, 0.4, 0.08, 1.08, 0.601174, 0.310607, 0.0969873
3430, 0.545, 0.2, 1.02, 0.601174, 0.310607, 0.0969873
3430, 0.69, 0.32, 0.96, 0.601174, 0.310607, 0.0969873
3430, 0.835, 0.44, 0.9, 0.601174, 0.310607, 0.0969873
3431, 0.4, 0.08, 1.32, 0.583709, 0.580613, 0.179028
3431, 0.545, 0.2, 1.2, 0.583709, 0.580613, 0.179028
3431, 0.69, 0.32, 1.08, 0.583709, 0.580613, 0.179028
3431, 0.835, 0.44, 0.96, 0.583709, 0.580613, 0.179028
3432, 0.69, 0.44, 0.48, 0.314934, -0.861978, -0.145763
3432, 0.835, 0.5, 0.66, 0.314934, -0.861978, -0.145763
3433, 0.545, 0.38, 0.48, 0.251149, -0.664377, -0.0870426
3433, 0.69, 0.44, 0.6, 0.251149, -0.664377, -0.0870426
3433, 0.835, 0.5, 0.72, 0.251149, -0.664377, -0.0870426
3434, 0.545, 0.38, 0.66, 0.193202, -0.374476, -0.0367136
3434, 0.69, 0.44, 0.72, 0.193202, -0.374476, -0.0367136
3434, 0.835, 0.5, 0.78, 0.193202, -0.374476, -0.0367136
3435, 0.545, 0.38, 0.84, 0.39234, -0, 0
3435, 0.69, 0.44, 0.84, 0.39234, -0, 0
3435, 0.835, 0.5, 0.84, 0.39234, -0, 0
3436, 0.4, 0.32, 1.08, 0.193202, 0.374476, 0.0367136
3436, 0.545, 0.38, 1.02, 0.193202, 0.374476, 0.0367136
3436, 0.69, 0.44, 0.96, 0.193202, 0.374476, 0.0367136
3436, 0.835, 0.5, 0.9, 0.193202, 0.374476, 0.0367136
3437, 0.4, 0.32, 1.32, 0.251149, 0.664377, 0.0870426
3437, 0.545, 0.38, 1.2, 0.251149, 0.664377, 0.0870426
3437, 0.69, 0.44, 1.08, 0.251149, 0.664377, 0.0870426
3437, 0.835, 0.5, 0.96, 0.251149, 0.664377, 0.0870426
3438, 0.69, 0.56, 0.48, 0, -0.892677, 0
3438, 0.835, 0.56, 0.66, 0, -0.892677, 0
3439, 0.545, 0.56, 0.48, 0, -0.691337, 0
3439, 0.69, 0.56, 0.6, 0, -0.691337, 0
3439, 0.835, 0.56, 0.72, 0, -0.691337, 0
3440, 0.4, 0.56, 0.6, 0, -0.39234, 0
3440, 0.545, 0.56, 0.66, 0, -0.39234, 0
3440, 0.69, 0.56, 0.72, 0, -0.39234, 0
3440, 0.835, 0.56, 0.78, 0, -0.39234, 0
3442, 0.4, 0.56, 1.08, 0, 0.39234, 0
3442, 0.545, 0.56, 1.02, 0, 0.39234, 0
3442, 0.69, 0.56, 0.96, 0, 0.39234, 0
3442, 0.835, 0.56, 0.9, 0, 0.39234, 0
3443, 0.4, 0.56, 1.32, 0, 0.691337, 0
3443, 0.545, 0.56, 1.2, 0, 0.691337, 0
3443, 0.69, 0.56, 1.08, 0, 0.691337, 0
3443, 0.835, 0.56, 0.96, 0, 0.691337, 0
3444, 0.69, 0.68, 0.48, -0.314934, -0.861978, 0.145763
3444, 0.835, 0.62, 0.66, -0.314934, -0.861978, 0.145763
3445, 0.4, 0.8, 0.36, -0.251149, -0.664377, 0.0870426
3445, 0.545, 0.74, 0.48, -0.251149, -0.664377, 0.0870426
3445, 0.69, 0.68, 0.6, -0.251149, -0.664377, 0.0870426
3445, 0.835, 0.62, 0.72, -0.251149, -0.664377, 0.0870426
3446, 0.4, 0.8, 0.6, -0.193202, -0.374476, 0.0367136
3446, 0.545, 0.74, 0.66, -0.193202, -0.374476, 0.0367136
3446, 0.69, 0.68, 0.72, -0.193202, -0.374476, 0.0367136
3446, 0.835, 0.62, 0.78, -0.193202, -0.374476, 0.0367136
3447, 0.545, 0.74, 0.84, -0.39234, 0, 0
3447, 0.69, 0.68, 0.84, -0.39234, 0, 0
3448, 0.4, 0.8, 1.08, -0.193202, 0.374476, -0.0367136
3448, 0.545, 0.74, 1.02, -0.193202, 0.374476, -0.0367136
3448, 0.69, 0.68, 0.96, -0.193202, 0.374476, -0.0367136
3448, 0.835, 0.62, 0.9, -0.193202, 0.374476, -0.0367136
3449, 0.545, 0.74, 1.2, -0.251149, 0.664377, -0.0870426
3449, 0.69, 0.68, 1.08, -0.251149, 0.664377, -0.0870426
3449, 0.835, 0.62, 0.96, -0.251149, 0.664377, -0.0870426
3450, 0.69, 0.8, 0.48, -0.617241, -0.779362, 0.260376
3450, 0.835, 0.68, 0.66, -0.617241, -0.779362, 0.260376
3451, 0.545, 0.92, 0.48, -0.583709, -0.580613, 0.179028
3451, 0.69, 0.8, 0.6, -0.583709, -0.580613, 0.179028
3451, 0.835, 0.68, 0.72, -0.583709, -0.580613, 0.179028
3452, 0.4, 1.04, 0.6, -0.601174, -0.310607, 0.0969873
3452, 0.545, 0.92, 0.66, -0.601174, -0.310607, 0.0969873
3452, 0.69, 0.8, 0.72, -0.601174, -0.310607, 0.0969873
3452, 0.835, 0.68, 0.78, -0.601174, -0.310607, 0.0969873
3453, 0.69, 0.8, 0.84, -0.691337, 0, 0
3455, 0.835, 0.68, 0.96, -0.583709, 0.580613, -0.179028
3456, 0.69, -0.16, 0.6, 1.18084, -0.674959, -0.461935
3456, 0.835, 0.2, 0.84, 1.18084, -0.674959, -0.461935
3457, 0.69, -0.16, 0.72, 1.17435, -0.561325, -0.37907
3457, 0.835, 0.2, 0.9, 1.17435, -0.561325, -0.37907
3458, 0.69, -0.16, 0.84, 1.17432, -0.409551, -0.274671
3458, 0.835, 0.2, 0.96, 1.17432, -0.409551, -0.274671
3459, 0.69, -0.16, 0.96, 1.18219, -0.217327, -0.146174
3459, 0.835, 0.2, 1.02, 1.18219, -0.217327, -0.146174
3460, 0.69, -0.16, 1.08, 1.1879, -0, 0
3461, 0.69, -0.16, 1.2, 1.18219, 0.217327, 0.146174
3461, 0.835, 0.2, 1.14, 1.18219, 0.217327, 0.146174
3462, 0.69, -0.04, 0.6, 1.10883, -0.708722, -0.450407
3462, 0.835, 0.26, 0.84, 1.10883, -0.708722, -0.450407
3463, 0.69, -0.04, 0.72, 1.10258, -0.584121, -0.365611
3463, 0.835, 0.26, 0.9, 1.10258, -0.584121, -0.365611
3464, 0.545, -0.34, 0.72, 1.10405, -0.419958, -0.261027
3464, 0.69, -0.04, 0.84, 1.10405, -0.419958, -0.261027
3464, 0.835, 0.26, 0.96, 1.10405, -0.419958, -0.261027
3465, 0.69, -0.04, 0.96, 1.11403, -0.219194, -0.13685
3465, 0.835, 0.26, 1.02, 1.11403, -0.219194, -0.13685
3466, 0.545, -0.34, 1.08, 1.12057, -0, 0
3466, 0.69, -0.04, 1.08, 1.12057, -0, 0
3466, 0.835, 0.26, 1.08, 1.12057, -0, 0
3467, 0.545, -0.34, 1.26, 1.11403, 0.219194, 0.13685
3467, 0.69, -0.04, 1.2, 1.11403, 0.219194, 0.13685
3467, 0.835, 0.26, 1.14, 1.11403, 0.219194, 0.13685
3468, 0.69, 0.08, 0.6, 1.00858, -0.759068, -0.433351
3468, 0.835, 0.32, 0.84, 1.00858, -0.759068, -0.433351
3469, 0.545, -0.16, 0.54, 1.00124, -0.623125, -0.348814
3469, 0.69, 0.08, 0.72, 1.00124, -0.623125, -0.348814
3469, 0.835, 0.32, 0.9, 1.00124, -0.623125, -0.348814
3470, 0.545, -0.16, 0.72, 1.00384, -0.443125, -0.245997
3470, 0.69, 0.08, 0.84, 1.00384, -0.443125, -0.245997
3470, 0.835, 0.32, 0.96, 1.00384, -0.443125, -0.245997
3471, 0.69, 0.08, 0.96, 1.01808, -0.227623, -0.127415
3471, 0.835, 0.32, 1.02, 1.01808, -0.227623, -0.127415
3472, 0.545, -0.16, 1.08, 1.02732, -0, 0
3472, 0.835, 0.32, 1.08, 1.02732, -0, 0
3473, 0.545, -0.16, 1.26, 1.01808, 0.227623, 0.127415
3473, 0.69, 0.08, 1.2, 1.01808, 0.227623, 0.127415
3473, 0.835, 0.32, 1.14, 1.01808, 0.227623, 0.127415
3474, 0.69, 0.2, 0.6, 0.862705, -0.830826, -0.40058
3474, 0.835, 0.38, 0.84, 0.862705, -0.830826, -0.40058
3475, 0.545, 0.02, 0.54, 0.848778, -0.688125, -0.321021
3475, 0.69, 0.2, 0.72, 0.848778, -0.688125, -0.321021
3475, 0.835, 0.38, 0.9, 0.848778, -0.688125, -0.321021
3476, 0.545, 0.02, 0.72, 0.846478, -0.492952, -0.225702
3476, 0.69, 0.2, 0.84, 0.846478, -0.492952, -0.225702
3476, 0.835, 0.38, 0.96, 0.846478, -0.492952, -0.225702
3477, 0.545, 0.02, 0.9, 0.870133, -0.253012, -0.118086
3477, 0.69, 0.2, 0.96, 0.870133, -0.253012, -0.118086
3477, 0.835, 0.38, 1.02, 0.870133, -0.253012, -0.118086
3478, 0.69, 0.2, 1.08, 0.892677, -0, 0
3478, 0.835, 0.38, 1.08, 0.892677, -0, 0
3479, 0.4, -0.16, 1.32, 0.870133, 0.253012, 0.118086
3479, 0.545, 0.02, 1.26, 0.870133, 0.253012, 0.118086
3479, 0.69, 0.2, 1.2, 0.870133, 0.253012, 0.118086
3479, 0.835, 0.38, 1.14, 0.870133, 0.253012, 0.118086
3480, 0.69, 0.32, 0.6, 0.648399, -0.918853, -0.329504
3480, 0.835, 0.44, 0.84, 0.648399, -0.918853, -0.329504
3481, 0.545, 0.2, 0.54, 0.617241, -0.779362, -0.260376
3481, 0.69, 0.32, 0.72, 0.617241, -0.779362, -0.260376
3481, 0.835, 0.44, 0.9, 0.617241, -0.779362, -0.260376
3482, 0.545, 0.2, 0.72, 0.583709, -0.580613, -0.179028
3482, 0.69, 0.32, 0.84, 0.583709, -0.580613, -0.179028
3482, 0.835, 0.44, 0.96, 0.583709, -0.580613, -0.179028
3483, 0.4, 0.08, 0.84, 0.601174, -0.310607, -0.0969873
3483, 0.545, 0.2, 0.9, 0.601174, -0.310607, -0.0969873
3483, 0.69, 0.32, 0.96, 0.601174, -0.310607, -0.0969873
3483, 0.835, 0.44, 1.02, 0.601174, -0.310607, -0.0969873
3484, 0.545, 0.2, 1.08, 0.691337, -0, 0
3484, 0.69, 0.32, 1.08, 0.691337, -0, 0
3484, 0.835, 0.44, 1.08, 0.691337, -0, 0
3485, 0.4, 0.08, 1.32, 0.601174, 0.310607, 0.0969873
3485, 0.545, 0.2, 1.26, 0.601174, 0.310607, 0.0969873
3485, 0.69, 0.32, 1.2, 0.601174, 0.310607, 0.0969873
3485, 0.835, 0.44, 1.14, 0.601174, 0.310607, 0.0969873
3486, 0.69, 0.44, 0.6, 0.35318, -0.996359, -0.193525
3486, 0.835, 0.5, 0.84, 0.35318, -0.996359, -0.193525
3487, 0.545, 0.38, 0.54, 0.314934, -0.861978, -0.145763
3487, 0.69, 0.44, 0.72, 0.314934, -0.861978, -0.145763
3487, 0.835, 0.5, 0.9, 0.314934, -0.861978, -0.145763
3488, 0.545, 0.38, 0.72, 0.251149, -0.664377, -0.0870426
3488, 0.69, 0.44, 0.84, 0.251149, -0.664377, -0.0870426
3488, 0.835, 0.5, 0.96, 0.251149, -0.664377, -0.0870426
3489, 0.4, 0.32, 0.84, 0.193202, -0.374476, -0.0367136
3489, 0.545, 0.38, 0.9, 0.193202, -0.374476, -0.0367136
3489, 0.69, 0.44, 0.96, 0.193202, -0.374476, -0.0367136
3489, 0.835, 0.5, 1.02, 0.193202, -0.374476, -0.0367136
3490, 0.4, 0.32, 1.08, 0.39234, -0, 0
3490, 0.545, 0.38, 1.08, 0.39234, -0, 0
3490, 0.69, 0.44, 1.08, 0.39234, -0, 0
3490, 0.835, 0.5, 1.08, 0.39234, -0, 0
3491, 0.4, 0.32, 1.32, 0.193202, 0.374476, 0.0367136
3491, 0.545, 0.38, 1.26, 0.193202, 0.374476, 0.0367136
3491, 0.69, 0.44, 1.2, 0.193202, 0.374476, 0.0367136
3491, 0.835, 0.5, 1.14, 0.193202, 0.374476, 0.0367136
3492, 0.69, 0.56, 0.6, 0, -1.02732, 0
3492, 0.835, 0.56, 0.84, 0, -1.02732, 0
3493, 0.545, 0.56, 0.54, 0, -0.892677, 0
3493, 0.69, 0.56, 0.72, 0, -0.892677, 0
3493, 0.835, 0.56, 0.9, 0, -0.892677, 0
3494, 0.4, 0.56, 0.6, 0, -0.691337, 0
3494, 0.545, 0.56, 0.72, 0, -0.691337, 0
3494, 0.69, 0.56, 0.84, 0, -0.691337, 0
3494, 0.835, 0.56, 0.96, 0, -0.691337, 0
3495, 0.4, 0.56, 0.84, 0, -0.39234, 0
3495, 0.545, 0.56, 0.9, 0, -0.39234, 0
3495, 0.69, 0.56, 0.96, 0, -0.39234, 0
3495, 0.835, 0.56, 1.02, 0, -0.39234, 0
3497, 0.4, 0.56, 1.32, 0, 0.39234, 0
3497, 0.545, 0.56, 1.26, 0, 0.39234, 0
3497, 0.69, 0.56, 1.2, 0, 0.39234, 0
3497, 0.835, 0.56, 1.14, 0, 0.39234, 0
3498, 0.69, 0.68, 0.6, -0.35318, -0.996359, 0.193525
3498, 0.835, 0.62, 0.84, -0.35318, -0.996359, 0.193525
3499, 0.545, 0.74, 0.54, -0.314934, -0.861978, 0.145763
3499, 0.69, 0.68, 0.72, -0.314934, -0.861978, 0.145763
3499, 0.835, 0.62, 0.9, -0.314934, -0.861978, 0.145763
3500, 0.4, 0.8, 0.6, -0.251149, -0.664377, 0.0870426
3500, 0.545, 0.74, 0.72, -0.251149, -0.664377, 0.0870426
3500, 0.69, 0.68, 0.84, -0.251149, -0.664377, 0.0870426
3500, 0.835, 0.62, 0.96, -0.251149, -0.664377, 0.0870426
3501, 0.545, 0.74, 0.9, -0.193202, -0.374476, 0.0367136
3501, 0.69, 0.68, 0.96, -0.193202, -0.374476, 0.0367136
3502, 0.69, 0.68, 1.08, -0.39234, 0, 0
3504, 0.69, 0.8, 0.6, -0.648399, -0.918853, 0.329504
3504, 0.835, 0.68, 0.84, -0.648399, -0.918853, 0.329504
3505, 0.545, 0.92, 0.54, -0.617241, -0.779362, 0.260376
3505, 0.69, 0.8, 0.72, -0.617241, -0.779362, 0.260376
3505, 0.835, 0.68, 0.9, -0.617241, -0.779362, 0.260376
3506, 0.4, 1.04, 0.6, -0.583709, -0.580613, 0.179028
3506, 0.545, 0.92, 0.72, -0.583709, -0.580613, 0.179028
3506, 0.69, 0.8, 0.84, -0.583709, -0.580613, 0.179028
3506, 0.835, 0.68, 0.96, -0.583709, -0.580613, 0.179028
3510, 0.69, -0.16, 0.72, 1.18887, -0.761523, -0.528541
3510, 0.835, 0.2, 1.02, 1.18887, -0.761523, -0.528541
3511, 0.69, -0.16, 0.84, 1.18084, -0.674959, -0.461935
3511, 0.835, 0.2, 1.08, 1.18084, -0.674959, -0.461935
3512, 0.69, -0.16, 0.96, 1.17435, -0.561325, -0.37907
3512, 0.835, 0.2, 1.14, 1.17435, -0.561325, -0.37907
3513, 0.545, -0.52, 0.96, 1.17432, -0.409551, -0.274671
3513, 0.69, -0.16, 1.08, 1.17432, -0.409551, -0.274671
3514, 0.545, -0.52, 1.14, 1.18219, -0.217327, -0.146174
3515, 0.69, -0.16, 1.32, 1.1879, -0, 0
3515, 0.835, 0.2, 1.32, 1.1879, -0, 0
3516, 0.69, -0.04, 0.72, 1.11693, -0.803431, -0.518897
3516, 0.835, 0.26, 1.02, 1.11693, -0.803431, -0.518897
3517, 0.69, -0.04, 0.84, 1.10883, -0.708722, -0.450407
3517, 0.835, 0.26, 1.08, 1.10883, -0.708722, -0.450407
3518, 0.545, -0.34, 0.78, 1.10258, -0.584121, -0.365611
3518, 0.69, -0.04, 0.96, 1.10258, -0.584121, -0.365611
3518, 0.835, 0.26, 1.14, 1.10258, -0.584121, -0.365611
3519, 0.69, -0.04, 1.08, 1.10405, -0.419958, -0.261027
3519, 0.835, 0.26, 1.2, 1.10405, -0.419958, -0.261027
3520, 0.545, -0.34, 1.14, 1.11403, -0.219194, -0.13685
3520, 0.835, 0.26, 1.26, 1.11403, -0.219194, -0.13685
3521, 0.69, -0.04, 1.32, 1.12057, -0, 0
3522, 0.69, 0.08, 0.72, 1.01766, -0.860773, -0.501404
3522, 0.835, 0.32, 1.02, 1.01766, -0.860773, -0.501404
3523, 0.545, -0.16, 0.6, 1.00858, -0.759068, -0.433351
3523, 0.69, 0.08, 0.84, 1.00858, -0.759068, -0.433351
3523, 0.835, 0.32, 1.08, 1.00858, -0.759068, -0.433351
3524, 0.545, -0.16, 0.78, 1.00124, -0.623125, -0.348814
3524, 0.69, 0.08, 0.96, 1.00124, -0.623125, -0.348814
3524, 0.835, 0.32, 1.14, 1.00124, -0.623125, -0.348814
3525, 0.69, 0.08, 1.08, 1.00384, -0.443125, -0.245997
3525, 0.835, 0.32, 1.2, 1.00384, -0.443125, -0.245997
3526, 0.4, -0.4, 1.08, 1.01808, -0.227623, -0.127415
3526, 0.545, -0.16, 1.14, 1.01808, -0.227623, -0.127415
3526, 0.69, 0.08, 1.2, 1.01808, -0.227623, -0.127415
3526, 0.835, 0.32, 1.26, 1.01808, -0.227623, -0.127415
3527, 0.545, -0.16, 1.32, 1.02732, -0, 0
3527, 0.69, 0.08, 1.32, 1.02732, -0, 0
3528, 0.69, 0.2, 0.72, 0.875401, -0.935061, -0.464017
3528, 0.835, 0.38, 1.02, 0.875401, -0.935061, -0.464017
3529, 0.545, 0.02, 0.6, 0.862705, -0.830826, -0.40058
3529, 0.69, 0.2, 0.84, 0.862705, -0.830826, -0.40058
3529, 0.835, 0.38, 1.08, 0.862705, -0.830826, -0.40058
3530, 0.545, 0.02, 0.78, 0.848778, -0.688125, -0.321021
3530, 0.69, 0.2, 0.96, 0.848778, -0.688125, -0.321021
3530, 0.835, 0.38, 1.14, 0.848778, -0.688125, -0.321021
3531, 0.545, 0.02, 0.96, 0.846478, -0.492952, -0.225702
3531, 0.69, 0.2, 1.08, 0.846478, -0.492952, -0.225702
3531, 0.835, 0.38, 1.2, 0.846478, -0.492952, -0.225702
3532, 0.69, 0.2, 1.2, 0.870133, -0.253012, -0.118086
3532, 0.835, 0.38, 1.26, 0.870133, -0.253012, -0.118086
3533, 0.4, -0.16, 1.32, 0.892677, -0, 0
3533, 0.545, 0.02, 1.32, 0.892677, -0, 0
3533, 0.69, 0.2, 1.32, 0.892677, -0, 0
3534, 0.69, 0.32, 0.72, 0.667608, -1.01923, -0.382855
3534, 0.835, 0.44, 1.02, 0.667608, -1.01923, -0.382855
3535, 0.545, 0.2, 0.6, 0.648399, -0.918853, -0.329504
3535, 0.69, 0.32, 0.84, 0.648399, -0.918853, -0.329504
3535, 0.835, 0.44, 1.08, 0.648399, -0.918853, -0.329504
3536, 0.545, 0.2, 0.78, 0.617241, -0.779362, -0.260376
3536, 0.69, 0.32, 0.96, 0.617241, -0.779362, -0.260376
3536, 0.835, 0.44, 1.14, 0.617241, -0.779362, -0.260376
3537, 0.4, 0.08, 0.84, 0.583709, -0.580613, -0.179028
3537, 0.545, 0.2, 0.96, 0.583709, -0.580613, -0.179028
3537, 0.69, 0.32, 1.08, 0.583709, -0.580613, -0.179028
3537, 0.835, 0.44, 1.2, 0.583709, -0.580613, -0.179028
3538, 0.4, 0.08, 1.08, 0.601174, -0.310607, -0.0969873
3538, 0.835, 0.44, 1.26, 0.601174, -0.310607, -0.0969873
3539, 0.4, 0.08, 1.32, 0.691337, -0, 0
3539, 0.545, 0.2, 1.32, 0.691337, -0, 0
3539, 0.69, 0.32, 1.32, 0.691337, -0, 0
3540, 0.69, 0.44, 0.72, 0.372169, -1.09132, -0.227619
3540, 0.835, 0.5, 1.02, 0.372169, -1.09132, -0.227619
3541, 0.545, 0.38, 0.6, 0.35318, -0.996359, -0.193525
3541, 0.69, 0.44, 0.84, 0.35318, -0.996359, -0.193525
3541, 0.835, 0.5, 1.08, 0.35318, -0.996359, -0.193525
3542, 0.545, 0.38, 0.78, 0.314934, -0.861978, -0.145763
3542, 0.69, 0.44, 0.96, 0.314934, -0.861978, -0.145763
3542, 0.835, 0.5, 1.14, 0.314934, -0.861978, -0.145763
3543, 0.4, 0.32, 0.84, 0.251149, -0.664377, -0.0870426
3543, 0.545, 0.38, 0.96, 0.251149, -0.664377, -0.0870426
3543, 0.69, 0.44, 1.08, 0.251149, -0.664377, -0.0870426
3543, 0.835, 0.5, 1.2, 0.251149, -0.664377, -0.0870426
3544, 0.545, 0.38, 1.14, 0.193202, -0.374476, -0.0367136
3544, 0.69, 0.44, 1.2, 0.193202, -0.374476, -0.0367136
3545, 0.4, 0.32, 1.32, 0.39234, -0, 0
3545, 0.545, 0.38, 1.32, 0.39234, -0, 0
3545, 0.69, 0.44, 1.32, 0.39234, -0, 0
3546, 0.69, 0.56, 0.72, 0, -1.12057, 0
3546, 0.835, 0.56, 1.02, 0, -1.12057, 0
3547, 0.545, 0.56, 0.6, 0, -1.02732, 0
3547, 0.69, 0.56, 0.84, 0, -1.02732, 0
3547, 0.835, 0.56, 1.08, 0, -1.02732, 0
3548, 0.4, 0.56, 0.6, 0, -0.892677, 0
3548, 0.545, 0.56, 0.78, 0, -0.892677, 0
3548, 0.69, 0.56, 0.96, 0, -0.892677, 0
3548, 0.835, 0.56, 1.14, 0, -0.892677, 0
3549, 0.4, 0.56, 0.84, 0, -0.691337, 0
3549, 0.545, 0.56, 0.96, 0, -0.691337, 0
3549, 0.69, 0.56, 1.08, 0, -0.691337, 0
3549, 0.835, 0.56, 1.2, 0, -0.691337, 0
3552, 0.69, 0.68, 0.72, -0.372169, -1.09132, 0.227619
3552, 0.835, 0.62, 1.02, -0.372169, -1.09132, 0.227619
3553, 0.545, 0.74, 0.6, -0.35318, -0.996359, 0.193525
3553, 0.69, 0.68, 0.84, -0.35318, -0.996359, 0.193525
3553, 0.835, 0.62, 1.08, -0.35318, -0.996359, 0.193525
3554, 0.4, 0.8, 0.6, -0.314934, -0.861978, 0.145763
3554, 0.545, 0.74, 0.78, -0.314934, -0.861978, 0.145763
3554, 0.69, 0.68, 0.96, -0.314934, -0.861978, 0.145763
3554, 0.835, 0.62, 1.14, -0.314934, -0.861978, 0.145763
3555, 0.4, 0.8, 0.84, -0.251149, -0.664377, 0.0870426
3555, 0.545, 0.74, 0.96, -0.251149, -0.664377, 0.0870426
3555, 0.69, 0.68, 1.08, -0.251149, -0.664377, 0.0870426
3558, 0.69, 0.8, 0.72, -0.667608, -1.01923, 0.382855
3558, 0.835, 0.68, 1.02, -0.667608, -1.01923, 0.382855
3559, 0.545, 0.92, 0.6, -0.648399, -0.918853, 0.329504
3559, 0.69, 0.8, 0.84, -0.648399, -0.918853, 0.329504
3559, 0.835, 0.68, 1.08, -0.648399, -0.918853, 0.329504
3560, 0.4, 1.04, 0.6, -0.617241, -0.779362, 0.260376
3560, 0.545, 0.92, 0.78, -0.617241, -0.779362, 0.260376
3560, 0.69, 0.8, 0.96, -0.617241, -0.779362, 0.260376
3561, 0.545, 0.92, 0.96, -0.583709, -0.580613, 0.179028
3561, 0.69, 0.8, 1.08, -0.583709, -0.580613, 0.179028
3564, 0.69, -0.16, 0.84, 1.19552, -0.830912, -0.583548
3564, 0.835, 0.2, 1.2, 1.19552, -0.830912, -0.583548
3565, 0.69, -0.16, 0.96, 1.18887, -0.761523, -0.528541
3565, 0.835, 0.2, 1.26, 1.18887, -0.761523, -0.528541
3566, 0.69, -0.16, 1.08, 1.18084, -0.674959, -0.461935
3566, 0.835, 0.2, 1.32, 1.18084, -0.674959, -0.461935
3567, 0.545, -0.52, 1.02, 1.17435, -0.561325, -0.37907
3567, 0.69, -0.16, 1.2, 1.17435, -0.561325, -0.37907
3570, 0.69, -0.04, 0.84, 1.12342, -0.878604, -0.575092
3570, 0.835, 0.26, 1.2, 1.12342, -0.878604, -0.575092
3571, 0.69, -0.04, 0.96, 1.11693, -0.803431, -0.518897
3571, 0.835, 0.26, 1.26, 1.11693, -0.803431, -0.518897
3572, 0.545, -0.34, 0.84, 1.10883, -0.708722, -0.450407
3572, 0.69, -0.04, 1.08, 1.10883, -0.708722, -0.450407
3572, 0.835, 0.26, 1.32, 1.10883, -0.708722, -0.450407
3575, 0.4, -0.64, 1.32, 1.11403, -0.219194, -0.13685
3575, 0.69, -0.04, 1.44, 1.11403, -0.219194, -0.13685
3576, 0.69, 0.08, 0.84, 1.02447, -0.940021, -0.556455
3576, 0.835, 0.32, 1.2, 1.02447, -0.940021, -0.556455
3577, 0.545, -0.16, 0.66, 1.01766, -0.860773, -0.501404
3577, 0.69, 0.08, 0.96, 1.01766, -0.860773, -0.501404
3577, 0.835, 0.32, 1.26, 1.01766, -0.860773, -0.501404
3578, 0.545, -0.16, 0.84, 1.00858, -0.759068, -0.433351
3578, 0.69, 0.08, 1.08, 1.00858, -0.759068, -0.433351
3578, 0.835, 0.32, 1.32, 1.00858, -0.759068, -0.433351
3579, 0.545, -0.16, 1.02, 1.00124, -0.623125, -0.348814
3579, 0.69, 0.08, 1.2, 1.00124, -0.623125, -0.348814
3581, 0.545, -0.16, 1.38, 1.01808, -0.227623, -0.127415
3581, 0.69, 0.08, 1.44, 1.01808, -0.227623, -0.127415
3582, 0.69, 0.2, 0.84, 0.883708, -1.01459, -0.514211
3582, 0.835, 0.38, 1.2, 0.883708, -1.01459, -0.514211
3583, 0.545, 0.02, 0.66, 0.875401, -0.935061, -0.464017
3583, 0.69, 0.2, 0.96, 0.875401, -0.935061, -0.464017
3583, 0.835, 0.38, 1.26, 0.875401, -0.935061, -0.464017
3584, 0.545, 0.02, 0.84, 0.862705, -0.830826, -0.40058
3584, 0.69, 0.2, 1.08, 0.862705, -0.830826, -0.40058
3584, 0.835, 0.38, 1.32, 0.862705, -0.830826, -0.40058
3585, 0.4, -0.16, 0.84, 0.848778, -0.688125, -0.321021
3585, 0.545, 0.02, 1.02, 0.848778, -0.688125, -0.321021
3585, 0.69, 0.2, 1.2, 0.848778, -0.688125, -0.321021
3587, 0.545, 0.02, 1.38, 0.870133, -0.253012, -0.118086
3587, 0.69, 0.2, 1.44, 0.870133, -0.253012, -0.118086
3588, 0.69, 0.32, 0.84, 0.678124, -1.09455, -0.423383
3588, 0.835, 0.44, 1.2, 0.678124, -1.09455, -0.423383
3589, 0.545, 0.2, 0.66, 0.667608, -1.01923, -0.382855
3589, 0.69, 0.32, 0.96, 0.667608, -1.01923, -0.382855
3589, 0.835, 0.44, 1.26, 0.667608, -1.01923, -0.382855
3590, 0.545, 0.2, 0.84, 0.648399, -0.918853, -0.329504
3590, 0.69, 0.32, 1.08, 0.648399, -0.918853, -0.329504
3591, 0.4, 0.08, 0.84, 0.617241, -0.779362, -0.260376
3591, 0.545, 0.2, 1.02, 0.617241, -0.779362, -0.260376
3591, 0.69, 0.32, 1.2, 0.617241, -0.779362, -0.260376
3592, 0.4, 0.08, 1.08, 0.583709, -0.580613, -0.179028
3592, 0.545, 0.2, 1.2, 0.583709, -0.580613, -0.179028
3592, 0.69, 0.32, 1.32, 0.583709, -0.580613, -0.179028
3593, 0.4, 0.08, 1.32, 0.601174, -0.310607, -0.0969873
3593, 0.545, 0.2, 1.38, 0.601174, -0.310607, -0.0969873
3594, 0.69, 0.44, 0.84, 0.381364, -1.16106, -0.251882
3594, 0.835, 0.5, 1.2, 0.381364, -1.16106, -0.251882
3595, 0.545, 0.38, 0.66, 0.372169, -1.09132, -0.227619
3595, 0.69, 0.44, 0.96, 0.372169, -1.09132, -0.227619
3595, 0.835, 0.5, 1.26, 0.372169, -1.09132, -0.227619
3596, 0.545, 0.38, 0.84, 0.35318, -0.996359, -0.193525
3596, 0.69, 0.44, 1.08, 0.35318, -0.996359, -0.193525
3597, 0.4, 0.32, 0.84, 0.314934, -0.861978, -0.145763
3597, 0.545, 0.38, 1.02, 0.314934, -0.861978, -0.145763
3597, 0.69, 0.44, 1.2, 0.314934, -0.861978, -0.145763
3598, 0.4, 0.32, 1.08, 0.251149, -0.664377, -0.0870426
3598, 0.545, 0.38, 1.2, 0.251149, -0.664377, -0.0870426
3598, 0.69, 0.44, 1.32, 0.251149, -0.664377, -0.0870426
3599, 0.4, 0.32, 1.32, 0.193202, -0.374476, -0.0367136
3599, 0.545, 0.38, 1.38, 0.193202, -0.374476, -0.0367136
3600, 0.69, 0.56, 0.84, 0, -1.1879, 0
3600, 0.835, 0.56, 1.2, 0, -1.1879, 0
3601, 0.545, 0.56, 0.66, 0, -1.12057, 0
3601, 0.69, 0.56, 0.96, 0, -1.12057, 0
3602, 0.4, 0.56, 0.6, 0, -1.02732, 0
3602, 0.545, 0.56, 0.84, 0, -1.02732, 0
3602, 0.69, 0.56, 1.08, 0, -1.02732, 0
3603, 0.4, 0.56, 0.84, 0, -0.892677, 0
3603, 0.545, 0.56, 1.02, 0, -0.892677, 0
3603, 0.69, 0.56, 1.2, 0, -0.892677, 0
3605, 0.545, 0.56, 1.38, 0, -0.39234, 0
3606, 0.69, 0.68, 0.84, -0.381364, -1.16106, 0.251882
3607, 0.545, 0.74, 0.66, -0.372169, -1.09132, 0.227619
3607, 0.69, 0.68, 0.96, -0.372169, -1.09132, 0.227619
3608, 0.545, 0.74, 0.84, -0.35318, -0.996359, 0.193525
3608, 0.69, 0.68, 1.08, -0.35318, -0.996359, 0.193525
3609, 0.4, 0.8, 0.84, -0.314934, -0.861978, 0.145763
3609, 0.545, 0.74, 1.02, -0.314934, -0.861978, 0.145763
3609, 0.69, 0.68, 1.2, -0.314934, -0.861978, 0.145763
3612, 0.69, 0.8, 0.84, -0.678124, -1.09455, 0.423383
3613, 0.545, 0.92, 0.66, -0.667608, -1.01923, 0.382855
3613, 0.69, 0.8, 0.96, -0.667608, -1.01923, 0.382855
3614, 0.545, 0.92, 0.84, -0.648399, -0.918853, 0.329504
3614, 0.69, 0.8, 1.08, -0.648399, -0.918853, 0.329504
3615, 0.545, 0.92, 1.02, -0.617241, -0.779362, 0.260376
3618, 0.05, -0.16, 1.455, 0.651002, -0.122665, -0.0414462
3618, 0.515, 0.2, 1.5075, 0.651002, -0.122665, -0.0414462
3619, 0.05, -0.04, 1.455, 0.563832, -0.117315, -0.0340135
3620, 0.05, 0.08, 1.455, 0.463684, -0.113203, -0.0267527
3621, 0.05, 0.2, 1.455, 0.346229, -0.111014, -0.0194318
3622, 0.05, 0.32, 1.455, 0.202501, -0.111014, -0.0112903
3623, 0.05, 0.44, 1.455, 0.0566011, -0.111995, -0.00317368
3624, 0.17, -0.16, 1.455, 0.718725, -0.133715, -0.0502977
3626, 0.17, 0.08, 1.455, 0.521622, -0.125601, -0.0335628
3627, -0.235, 0.02, 1.4025, 0.393349, -0.124629, -0.0248633
3627, 0.17, 0.2, 1.455, 0.393349, -0.124629, -0.0248633
3628, -0.235, 0.2, 1.4025, 0.232152, -0.126138, -0.014727
3628, 0.17, 0.32, 1.455, 0.232152, -0.126138, -0.014727
3629, -0.64, 0.32, 1.35, 0.0651396, -0.128205, -0.00418282
3629, -0.235, 0.38, 1.4025, 0.0651396, -0.128205, -0.00418282
3629, 0.17, 0.44, 1.455, 0.0651396, -0.128205, -0.00418282
3630, 0.29, -0.16, 1.455, 0.798839, -0.146065, -0.0617458
3631, 0.29, -0.04, 1.455, 0.706403, -0.142155, -0.0524833
3632, -0.055, -0.16, 1.4025, 0.594207, -0.14024, -0.0430007
3632, 0.29, 0.08, 1.455, 0.594207, -0.14024, -0.0430007
3633, -0.055, 0.02, 1.4025, 0.454389, -0.141426, -0.0327473
3633, 0.29, 0.2, 1.455, 0.454389, -0.141426, -0.0327473
3634, -0.055, 0.2, 1.4025, 0.271847, -0.145707, -0.0199626
3634, 0.29, 0.32, 1.455, 0.271847, -0.145707, -0.0199626
3635, -0.055, 0.38, 1.4025, 0.0767458, -0.149807, -0.00576213
3635, 0.29, 0.44, 1.455, 0.0767458, -0.149807, -0.00576213
3636, 0.125, -0.52, 1.4025, 0.893727, -0.159532, -0.0765716
3636, 0.41, -0.16, 1.455, 0.893727, -0.159532, -0.0765716
3637, 0.125, -0.34, 1.4025, 0.802122, -0.156963, -0.0666715
3637, 0.41, -0.04, 1.455, 0.802122, -0.156963, -0.0666715
3638, 0.125, -0.16, 1.4025, 0.68664, -0.15723, -0.0563074
3638, 0.41, 0.08, 1.455, 0.68664, -0.15723, -0.0563074
3639, 0.125, 0.02, 1.4025, 0.535867, -0.162154, -0.0446073
3639, 0.41, 0.2, 1.455, 0.535867, -0.162154, -0.0446073
3640, 0.125, 0.2, 1.4025, 0.327578, -0.171723, -0.0284485
3640, 0.41, 0.32, 1.455, 0.327578, -0.171723, -0.0284485
3641, -0.16, 0.32, 1.35, 0.0934595, -0.179944, -0.00843759
3641, 0.125, 0.38, 1.4025, 0.0934595, -0.179944, -0.00843759
3641, 0.41, 0.44, 1.455, 0.0934595, -0.179944, -0.00843759
3642, 0.53, -0.16, 1.455, 1.00562, -0.17355, -0.095613
3643, 0.305, -0.34, 1.4025, 0.91945, -0.172702, -0.0856665
3643, 0.53, -0.04, 1.455, 0.91945, -0.172702, -0.0856665
3644, 0.305, -0.16, 1.4025, 0.805838, -0.175982, -0.0751689
3644, 0.53, 0.08, 1.455, 0.805838, -0.175982, -0.0751689
3645, 0.08, -0.16, 1.35, 0.648213, -0.187041, -0.063
3645, 0.305, 0.02, 1.4025, 0.648213, -0.187041, -0.063
3645, 0.53, 0.2, 1.455, 0.648213, -0.187041, -0.063
3646, 0.08, 0.08, 1.35, 0.410958, -0.207099, -0.0433119
3646, 0.305, 0.2, 1.4025, 0.410958, -0.207099, -0.0433119
3646, 0.53, 0.32, 1.455, 0.410958, -0.207099, -0.0433119
3647, 0.08, 0.32, 1.35, 0.119668, -0.22465, -0.0135144
3647, 0.305, 0.38, 1.4025, 0.119668, -0.22465, -0.0135144
3647, 0.53, 0.44, 1.455, 0.119668, -0.22465, -0.0135144
3649, 0.485, -0.34, 1.4025, 1.06197, -0.187856, -0.11053
3649, 0.65, -0.04, 1.455, 1.06197, -0.187856, -0.11053
3650, 0.485, -0.16, 1.4025, 0.959783, -0.194215, -0.101316
3650, 0.65, 0.08, 1.455, 0.959783, -0.194215, -0.101316
3651, 0.32, -0.16, 1.35, 0.807412, -0.213669, -0.0915575
3651, 0.485, 0.02, 1.4025, 0.807412, -0.213669, -0.0915575
3651, 0.65, 0.2, 1.455, 0.807412, -0.213669, -0.0915575
3652, 0.32, 0.08, 1.35, 0.546699, -0.254588, -0.0717354
3652, 0.485, 0.2, 1.4025, 0.546699, -0.254588, -0.0717354
3653, 0.32, 0.32, 1.35, 0.16684, -0.29675, -0.0249948
3653, 0.485, 0.38, 1.4025, 0.16684, -0.29675, -0.0249948
3656, 0.665, -0.16, 1.4025, 1.15409, -0.207275, -0.135205
3658, 0.665, 0.2, 1.4025, 0.789226, -0.305204, -0.127926
3659, 0.56, 0.32, 1.35, 0.276448, -0.425365, -0.0600637
3659, 0.665, 0.38, 1.4025, 0.276448, -0.425365, -0.0600637
3664, 0.8, 0.08, 1.35, 1.20557, -0.287895, -0.198861
3665, 0.8, 0.32, 1.35, 0.705514, -0.611535, -0.231391
3672, 0.69, -0.16, 0.96, 1.19996, -0.889292, -0.63019
3673, 0.69, -0.16, 1.08, 1.19552, -0.830912, -0.583548
3674, 0.545, -0.52, 0.9, 1.18887, -0.761523, -0.528541
3674, 0.69, -0.16, 1.2, 1.18887, -0.761523, -0.528541
3675, 0.545, -0.52, 1.08, 1.18084, -0.674959, -0.461935
3675, 0.69, -0.16, 1.32, 1.18084, -0.674959, -0.461935
3676, 0.69, -0.16, 1.44, 1.17435, -0.561325, -0.37907
3678, 0.69, -0.04, 0.96, 1.12753, -0.940897, -0.62212
3679, 0.69, -0.04, 1.08, 1.12342, -0.878604, -0.575092
3680, 0.545, -0.34, 0.9, 1.11693, -0.803431, -0.518897
3680, 0.69, -0.04, 1.2, 1.11693, -0.803431, -0.518897
3681, 0.545, -0.34, 1.08, 1.10883, -0.708722, -0.450407
3681, 0.69, -0.04, 1.32, 1.10883, -0.708722, -0.450407
3682, 0.69, -0.04, 1.44, 1.10258, -0.584121, -0.365611
3683, 0.4, -0.64, 1.32, 1.10405, -0.419958, -0.261027
3684, 0.69, 0.08, 0.96, 1.0286, -1.00429, -0.60166
3685, 0.545, -0.16, 0.72, 1.02447, -0.940021, -0.556455
3685, 0.69, 0.08, 1.08, 1.02447, -0.940021, -0.556455
3686, 0.545, -0.16, 0.9, 1.01766, -0.860773, -0.501404
3686, 0.69, 0.08, 1.2, 1.01766, -0.860773, -0.501404
3687, 0.4, -0.4, 0.84, 1.00858, -0.759068, -0.433351
3687, 0.545, -0.16, 1.08, 1.00858, -0.759068, -0.433351
3687, 0.69, 0.08, 1.32, 1.00858, -0.759068, -0.433351
3688, 0.545, -0.16, 1.26, 1.00124, -0.623125, -0.348814
3688, 0.69, 0.08, 1.44, 1.00124, -0.623125, -0.348814
3690, 0.69, 0.2, 0.96, 0.88849, -1.07758, -0.554412
3691, 0.545, 0.02, 0.72, 0.883708, -1.01459, -0.514211
3691, 0.69, 0.2, 1.08, 0.883708, -1.01459, -0.514211
3692, 0.545, 0.02, 0.9, 0.875401, -0.935061, -0.464017
3692, 0.69, 0.2, 1.2, 0.875401, -0.935061, -0.464017
3693, 0.4, -0.16, 0.84, 0.862705, -0.830826, -0.40058
3693, 0.545, 0.02, 1.08, 0.862705, -0.830826, -0.40058
3693, 0.69, 0.2, 1.32, 0.862705, -0.830826, -0.40058
3694, 0.4, -0.16, 1.08, 0.848778, -0.688125, -0.321021
3694, 0.545, 0.02, 1.26, 0.848778, -0.688125, -0.321021
3695, 0.4, -0.16, 1.32, 0.846478, -0.492952, -0.225702
3696, 0.69, 0.32, 0.96, 0.68377, -1.15293, -0.454708
3697, 0.545, 0.2, 0.72, 0.678124, -1.09455, -0.423383
3697, 0.69, 0.32, 1.08, 0.678124, -1.09455, -0.423383
3698, 0.545, 0.2, 0.9, 0.667608, -1.01923, -0.382855
3698, 0.69, 0.32, 1.2, 0.667608, -1.01923, -0.382855
3699, 0.4, 0.08, 0.84, 0.648399, -0.918853, -0.329504
3699, 0.545, 0.2, 1.08, 0.648399, -0.918853, -0.329504
3699, 0.69, 0.32, 1.32, 0.648399, -0.918853, -0.329504
3700, 0.4, 0.08, 1.08, 0.617241, -0.779362, -0.260376
3700, 0.545, 0.2, 1.26, 0.617241, -0.779362, -0.260376
3700, 0.69, 0.32, 1.44, 0.617241, -0.779362, -0.260376
3701, 0.545, 0.2, 1.44, 0.583709, -0.580613, -0.179028
3702, 0.69, 0.44, 0.96, 0.385996, -1.21397, -0.269782
3703, 0.545, 0.38, 0.72, 0.381364, -1.16106, -0.251882
3703, 0.69, 0.44, 1.08, 0.381364, -1.16106, -0.251882
3704, 0.545, 0.38, 0.9, 0.372169, -1.09132, -0.227619
3704, 0.69, 0.44, 1.2, 0.372169, -1.09132, -0.227619
3705, 0.4, 0.32, 0.84, 0.35318, -0.996359, -0.193525
3705, 0.545, 0.38, 1.08, 0.35318, -0.996359, -0.193525
3705, 0.69, 0.44, 1.32, 0.35318, -0.996359, -0.193525
3706, 0.4, 0.32, 1.08, 0.314934, -0.861978, -0.145763
3706, 0.545, 0.38, 1.26, 0.314934, -0.861978, -0.145763
3707, 0.4, 0.32, 1.32, 0.251149, -0.664377, -0.0870426
3707, 0.545, 0.38, 1.44, 0.251149, -0.664377, -0.0870426
3708, 0.69, 0.56, 0.96, 0, -1.23837, 0
3709, 0.545, 0.56, 0.72, 0, -1.1879, 0
3709, 0.69, 0.56, 1.08, 0, -1.1879, 0
3710, 0.545, 0.56, 0.9, 0, -1.12057, 0
3710, 0.69, 0.56, 1.2, 0, -1.12057, 0
3711, 0.4, 0.56, 0.84, 0, -1.02732, 0
3711, 0.545, 0.56, 1.08, 0, -1.02732, 0
3711, 0.69, 0.56, 1.32, 0, -1.02732, 0
3712, 0.4, 0.56, 1.08, 0, -0.892677, 0
3712, 0.545, 0.56, 1.26, 0, -0.892677, 0
3714, 0.69, 0.68, 0.96, -0.385996, -1.21397, 0.269782
3715, 0.545, 0.74, 0.72, -0.381364, -1.16106, 0.251882
3715, 0.69, 0.68, 1.08, -0.381364, -1.16106, 0.251882
3716, 0.545, 0.74, 0.9, -0.372169, -1.09132, 0.227619
3716, 0.69, 0.68, 1.2, -0.372169, -1.09132, 0.227619
3717, 0.4, 0.8, 0.84, -0.35318, -0.996359, 0.193525
3717, 0.545, 0.74, 1.08, -0.35318, -0.996359, 0.193525
3718, 0.4, 0.8, 1.08, -0.314934, -0.861978, 0.145763
3718, 0.545, 0.74, 1.26, -0.314934, -0.861978, 0.145763
3720, 0.69, 0.8, 0.96, -0.68377, -1.15293, 0.454708
3721, 0.545, 0.92, 0.72, -0.678124, -1.09455, 0.423383
3721, 0.69, 0.8, 1.08, -0.678124, -1.09455, 0.423383
3722, 0.545, 0.92, 0.9, -0.667608, -1.01923, 0.382855
3726, 0.05, -0.16, 1.575, 0.632669, -0.251756, -0.0827971
3727, -0.415, -0.34, 1.4625, 0.543558, -0.243106, -0.0680568
3727, 0.05, -0.04, 1.575, 0.543558, -0.243106, -0.0680568
3729, -0.415, 0.02, 1.4625, 0.315944, -0.234044, -0.0374497
3729, 0.05, 0.2, 1.575, 0.315944, -0.234044, -0.0374497
3730, -0.415, 0.2, 1.4625, 0.17943, -0.234542, -0.0211951
3731, -0.415, 0.38, 1.4625, 0.0659857, -0.236393, -0.00783861
3732, -0.235, -0.52, 1.4625, 0.700302, -0.274032, -0.100622
3732, 0.17, -0.16, 1.575, 0.700302, -0.274032, -0.100622
3733, 0.17, -0.04, 1.575, 0.607505, -0.266844, -0.0840933
3734, -0.235, -0.16, 1.4625, 0.496094, -0.262568, -0.0668584
3734, 0.17, 0.08, 1.575, 0.496094, -0.262568, -0.0668584
3735, -0.235, 0.02, 1.4625, 0.360754, -0.262384, -0.0481152
3735, 0.17, 0.2, 1.575, 0.360754, -0.262384, -0.0481152
3736, -0.235, 0.2, 1.4625, 0.206668, -0.265692, -0.0277147
3737, -0.235, 0.38, 1.4625, 0.0762738, -0.269403, -0.0103417
3738, -0.055, -0.52, 1.4625, 0.780876, -0.298794, -0.123739
3739, -0.4, -0.64, 1.35, 0.685866, -0.293911, -0.105602
3739, -0.055, -0.34, 1.4625, 0.685866, -0.293911, -0.105602
3739, 0.29, -0.04, 1.575, 0.685866, -0.293911, -0.105602
3740, -0.055, -0.16, 1.4625, 0.56816, -0.292864, -0.0860727
3740, 0.29, 0.08, 1.575, 0.56816, -0.292864, -0.0860727
3741, -0.055, 0.02, 1.4625, 0.419662, -0.297196, -0.0637409
3742, -0.055, 0.2, 1.4625, 0.243651, -0.305562, -0.0376999
3743, -0.4, 0.32, 1.35, 0.0904513, -0.312669, -0.0142665
3743, -0.055, 0.38, 1.4625, 0.0904513, -0.312669, -0.0142665
3744, 0.125, -0.52, 1.4625, 0.877082, -0.325616, -0.153773
3745, 0.125, -0.34, 1.4625, 0.782699, -0.324076, -0.134703
3746, 0.125, -0.16, 1.4625, 0.661177, -0.327998, -0.113461
3747, -0.16, -0.16, 1.35, 0.49982, -0.33995, -0.0875605
3747, 0.125, 0.02, 1.4625, 0.49982, -0.33995, -0.0875605
3748, 0.125, 0.2, 1.4625, 0.296591, -0.357722, -0.054005
3749, -0.16, 0.32, 1.35, 0.111272, -0.371477, -0.0209294
3749, 0.125, 0.38, 1.4625, 0.111272, -0.371477, -0.0209294
3750, 0.305, -0.52, 1.4625, 0.991518, -0.353325, -0.192497
3752, 0.305, -0.16, 1.4625, 0.782959, -0.366974, -0.152906
3753, 0.08, -0.16, 1.35, 0.613044, -0.39119, -0.12525
3753, 0.305, 0.02, 1.4625, 0.613044, -0.39119, -0.12525
3754, 0.08, 0.08, 1.35, 0.377905, -0.426973, -0.0828676
3754, 0.305, 0.2, 1.4625, 0.377905, -0.426973, -0.0828676
3755, 0.305, 0.38, 1.4625, 0.144855, -0.454976, -0.0335888
3758, 0.485, -0.16, 1.4625, 0.942423, -0.405951, -0.208953
3759, 0.485, 0.02, 1.4625, 0.777744, -0.447227, -0.185825
3760, 0.485, 0.2, 1.4625, 0.514585, -0.51704, -0.138936
3761, 0.32, 0.32, 1.35, 0.207593, -0.57918, -0.0620588
3761, 0.485, 0.38, 1.4625, 0.207593, -0.57918, -0.0620588
3765, 0.56, -0.16, 1.35, 1.01451, -0.493388, -0.278101
3767, 0.56, 0.32, 1.35, 0.35653, -0.76702, -0.145144
3772, 0.8, 0.08, 1.35, 1.18381, -0.65443, -0.44871
3773, 0.8, 0.32, 1.35, 0.826161, -0.986026, -0.462538
3780, 0.545, -0.46, 0.12, 1.23837, -0, 0
3780, 0.69, -0.04, 0.12, 1.23837, -0, 0
3780, 0.835, 0.38, 0.12, 1.23837, -0, 0
3781, 0.545, -0.46, 0.3, 1.23314, 0.217745, 0.154629
3781, 0.69, -0.04, 0.24, 1.23314, 0.217745, 0.154629
3781, 0.835, 0.38, 0.18, 1.23314, 0.217745, 0.154629
3782, 0.545, -0.46, 0.48, 1.22676, 0.404871, 0.286985
3782, 0.69, -0.04, 0.36, 1.22676, 0.404871, 0.286985
3782, 0.835, 0.38, 0.24, 1.22676, 0.404871, 0.286985
3783, 0.545, -0.46, 0.66, 1.22809, 0.547621, 0.390938
3783, 0.69, -0.04, 0.48, 1.22809, 0.547621, 0.390938
3783, 0.835, 0.38, 0.3, 1.22809, 0.547621, 0.390938
3784, 0.545, -0.46, 0.84, 1.23502, 0.652218, 0.471398
3784, 0.69, -0.04, 0.6, 1.23502, 0.652218, 0.471398
3785, 0.545, -0.46, 1.02, 1.24315, 0.731261, 0.535293
3785, 0.69, -0.04, 0.72, 1.24315, 0.731261, 0.535293
3785, 0.835, 0.38, 0.42, 1.24315, 0.731261, 0.535293
3786, 0.4, -0.64, 0.12, 1.1879, -0, 0
3786, 0.545, -0.28, 0.12, 1.1879, -0, 0
3786, 0.69, 0.08, 0.12, 1.1879, -0, 0
3786, 0.835, 0.44, 0.12, 1.1879, -0, 0
3787, 0.545, -0.28, 0.3, 1.18219, 0.217327, 0.146174
3787, 0.69, 0.08, 0.24, 1.18219, 0.217327, 0.146174
3787, 0.835, 0.44, 0.18, 1.18219, 0.217327, 0.146174
3788, 0.4, -0.64, 0.6, 1.17432, 0.409551, 0.274671
3788, 0.545, -0.28, 0.48, 1.17432, 0.409551, 0.274671
3788, 0.69, 0.08, 0.36, 1.17432, 0.409551, 0.274671
3788, 0.835, 0.44, 0.24, 1.17432, 0.409551, 0.274671
3789, 0.545, -0.28, 0.66, 1.17435, 0.561325, 0.37907
3789, 0.69, 0.08, 0.48, 1.17435, 0.561325, 0.37907
3789, 0.835, 0.44, 0.3, 1.17435, 0.561325, 0.37907
3790, 0.545, -0.28, 0.84, 1.18084, 0.674959, 0.461935
3790, 0.69, 0.08, 0.6, 1.18084, 0.674959, 0.461935
3791, 0.545, -0.28, 1.02, 1.18887, 0.761523, 0.528541
3791, 0.69, 0.08, 0.72, 1.18887, 0.761523, 0.528541
3792, 0.4, -0.4, 0.12, 1.12057, -0, 0
3792, 0.545, -0.1, 0.12, 1.12057, -0, 0
3792, 0.69, 0.2, 0.12, 1.12057, -0, 0
3792, 0.835, 0.5, 0.12, 1.12057, -0, 0
3793, 0.4, -0.4, 0.36, 1.11403, 0.219194, 0.13685
3793, 0.545, -0.1, 0.3, 1.11403, 0.219194, 0.13685
3793, 0.69, 0.2, 0.24, 1.11403, 0.219194, 0.13685
3793, 0.835, 0.5, 0.18, 1.11403, 0.219194, 0.13685
3794, 0.545, -0.1, 0.48, 1.10405, 0.419958, 0.261027
3794, 0.69, 0.2, 0.36, 1.10405, 0.419958, 0.261027
3794, 0.835, 0.5, 0.24, 1.10405, 0.419958, 0.261027
3795, 0.835, 0.5, 0.3, 1.10258, 0.584121, 0.365611
3796, 0.545, -0.1, 0.84, 1.10883, 0.708722, 0.450407
3796, 0.69, 0.2, 0.6, 1.10883, 0.708722, 0.450407
3797, 0.545, -0.1, 1.02, 1.11693, 0.803431, 0.518897
3797, 0.69, 0.2, 0.72, 1.11693, 0.803431, 0.518897
3797, 0.835, 0.5, 0.42, 1.11693, 0.803431, 0.518897
3798, 0.4, -0.16, 0.12, 1.02732, -0, 0
3798, 0.545, 0.08, 0.12, 1.02732, -0, 0
3798, 0.69, 0.32, 0.12, 1.02732, -0, 0
3798, 0.835, 0.56, 0.12, 1.02732, -0, 0
3799, 0.545, 0.08, 0.3, 1.01808, 0.227623, 0.127415
3799, 0.69, 0.32, 0.24, 1.01808, 0.227623, 0.127415
3799, 0.835, 0.56, 0.18, 1.01808, 0.227623, 0.127415
3800, 0.545, 0.08, 0.48, 1.00384, 0.443125, 0.245997
3800, 0.69, 0.32, 0.36, 1.00384, 0.443125, 0.245997
3800, 0.835, 0.56, 0.24, 1.00384, 0.443125, 0.245997
3801, 0.4, -0.16, 0.84, 1.00124, 0.623125, 0.348814
3801, 0.835, 0.56, 0.3, 1.00124, 0.623125, 0.348814
3802, 0.4, -0.16, 1.08, 1.00858, 0.759068, 0.433351
3802, 0.545, 0.08, 0.84, 1.00858, 0.759068, 0.433351
3802, 0.69, 0.32, 0.6, 1.00858, 0.759068, 0.433351
3802, 0.835, 0.56, 0.36, 1.00858, 0.759068, 0.433351
3803, 0.545, 0.08, 1.02, 1.01766, 0.860773, 0.501404
3803, 0.69, 0.32, 0.72, 1.01766, 0.860773, 0.501404
3803, 0.835, 0.56, 0.42, 1.01766, 0.860773, 0.501404
3804, 0.545, 0.26, 0.12, 0.892677, -0, 0
3804, 0.69, 0.44, 0.12, 0.892677, -0, 0
3804, 0.835, 0.62, 0.12, 0.892677, -0, 0
3805, 0.545, 0.26, 0.3, 0.870133, 0.253012, 0.118086
3805, 0.69, 0.44, 0.24, 0.870133, 0.253012, 0.118086
3805, 0.835, 0.62, 0.18, 0.870133, 0.253012, 0.118086
3806, 0.545, 0.26, 0.48, 0.846478, 0.492952, 0.225702
3806, 0.69, 0.44, 0.36, 0.846478, 0.492952, 0.225702
3806, 0.835, 0.62, 0.24, 0.846478, 0.492952, 0.225702
3807, 0.4, 0.08, 0.84, 0.848778, 0.688125, 0.321021
3807, 0.545, 0.26, 0.66, 0.848778, 0.688125, 0.321021
3807, 0.835, 0.62, 0.3, 0.848778, 0.688125, 0.321021
3808, 0.4, 0.08, 1.08, 0.862705, 0.830826, 0.40058
3808, 0.545, 0.26, 0.84, 0.862705, 0.830826, 0.40058
3808, 0.69, 0.44, 0.6, 0.862705, 0.830826, 0.40058
3808, 0.835, 0.62, 0.36, 0.862705, 0.830826, 0.40058
3809, 0.4, 0.08, 1.32, 0.875401, 0.935061, 0.464017
3809, 0.545, 0.26, 1.02, 0.875401, 0.935061, 0.464017
3809, 0.69, 0.44, 0.72, 0.875401, 0.935061, 0.464017
3809, 0.835, 0.62, 0.42, 0.875401, 0.935061, 0.464017
3810, 0.4, 0.32, 0.12, 0.691337, -0, 0
3810, 0.545, 0.44, 0.12, 0.691337, -0, 0
3810, 0.69, 0.56, 0.12, 0.691337, -0, 0
3810, 0.835, 0.68, 0.12, 0.691337, -0, 0
3811, 0.545, 0.44, 0.3, 0.601174, 0.310607, 0.0969873
3811, 0.69, 0.56, 0.24, 0.601174, 0.310607, 0.0969873
3811, 0.835, 0.68, 0.18, 0.601174, 0.310607, 0.0969873
3812, 0.545, 0.44, 0.48, 0.583709, 0.580613, 0.179028
3812, 0.69, 0.56, 0.36, 0.583709, 0.580613, 0.179028
3812, 0.835, 0.68, 0.24, 0.583709, 0.580613, 0.179028
3813, 0.4, 0.32, 0.84, 0.617241, 0.779362, 0.260376
3813, 0.545, 0.44, 0.66, 0.617241, 0.779362, 0.260376
3813, 0.69, 0.56, 0.48, 0.617241, 0.779362, 0.260376
3813, 0.835, 0.68, 0.3, 0.617241, 0.779362, 0.260376
3814, 0.4, 0.32, 1.08, 0.648399, 0.918853, 0.329504
3814, 0.545, 0.44, 0.84, 0.648399, 0.918853, 0.329504
3814, 0.69, 0.56, 0.6, 0.648399, 0.918853, 0.329504
3814, 0.835, 0.68, 0.36, 0.648399, 0.918853, 0.329504
3815, 0.4, 0.32, 1.32, 0.667608, 1.01923, 0.382855
3815, 0.545, 0.44, 1.02, 0.667608, 1.01923, 0.382855
3815, 0.69, 0.56, 0.72, 0.667608, 1.01923, 0.382855
3815, 0.835, 0.68, 0.42, 0.667608, 1.01923, 0.382855
3816, 0.4, 0.56, 0.12, 0.39234, -0, 0
3816, 0.545, 0.62, 0.12, 0.39234, -0, 0
3816, 0.69, 0.68, 0.12, 0.39234, -0, 0
3816, 0.835, 0.74, 0.12, 0.39234, -0, 0
3817, 0.4, 0.56, 0.36, 0.193202, 0.374476, 0.0367136
3817, 0.545, 0.62, 0.3, 0.193202, 0.374476, 0.0367136
3817, 0.69, 0.68, 0.24, 0.193202, 0.374476, 0.0367136
3817, 0.835, 0.74, 0.18, 0.193202, 0.374476, 0.0367136
3818, 0.69, 0.68, 0.36, 0.251149, 0.664377, 0.0870426
3818, 0.835, 0.74, 0.24, 0.251149, 0.664377, 0.0870426
3819, 0.4, 0.56, 0.84, 0.314934, 0.861978, 0.145763
3819, 0.545, 0.62, 0.66, 0.314934, 0.861978, 0.145763
3819, 0.835, 0.74, 0.3, 0.314934, 0.861978, 0.145763
3820, 0.4, 0.56, 1.08, 0.35318, 0.996359, 0.193525
3820, 0.545, 0.62, 0.84, 0.35318, 0.996359, 0.193525
3820, 0.69, 0.68, 0.6, 0.35318, 0.996359, 0.193525
3821, 0.4, 0.56, 1.32, 0.372169, 1.09132, 0.227619
3821, 0.545, 0.62, 1.02, 0.372169, 1.09132, 0.227619
3821, 0.69, 0.68, 0.72, 0.372169, 1.09132, 0.227619
3821, 0.835, 0.74, 0.42, 0.372169, 1.09132, 0.227619
3823, 0.4, 0.8, 0.36, 0, 0.39234, 0
3823, 0.545, 0.8, 0.3, 0, 0.39234, 0
3823, 0.69, 0.8, 0.24, 0, 0.39234, 0
3823, 0.835, 0.8, 0.18, 0, 0.39234, 0
3824, 0.835, 0.8, 0.24, 0, 0.691337, 0
3825, 0.4, 0.8, 0.84, 0, 0.892677, 0
3825, 0.545, 0.8, 0.66, 0, 0.892677, 0
3825, 0.835, 0.8, 0.3, 0, 0.892677, 0
3826, 0.4, 0.8, 1.08, 0, 1.02732, 0
3826, 0.545, 0.8, 0.84, 0, 1.02732, 0
3826, 0.69, 0.8, 0.6, 0, 1.02732, 0
3826, 0.835, 0.8, 0.36, 0, 1.02732, 0
3827, 0.545, 0.8, 1.02, 0, 1.12057, 0
3827, 0.69, 0.8, 0.72, 0, 1.12057, 0
3827, 0.835, 0.8, 0.42, 0, 1.12057, 0
3828, 0.4, 1.04, 0.12, -0.39234, 0, 0
3828, 0.545, 0.98, 0.12, -0.39234, 0, 0
3828, 0.69, 0.92, 0.12, -0.39234, 0, 0
3829, 0.545, 0.98, 0.3, -0.193202, 0.374476, -0.0367136
3829, 0.69, 0.92, 0.24, -0.193202, 0.374476, -0.0367136
3829, 0.835, 0.86, 0.18, -0.193202, 0.374476, -0.0367136
3830, 0.4, 1.04, 0.6, -0.251149, 0.664377, -0.0870426
3830, 0.835, 0.86, 0.24, -0.251149, 0.664377, -0.0870426
3831, 0.69, 0.92, 0.48, -0.314934, 0.861978, -0.145763
3832, 0.69, 0.92, 0.6, -0.35318, 0.996359, -0.193525
3832, 0.835, 0.86, 0.36, -0.35318, 0.996359, -0.193525
3833, 0.69, 0.92, 0.72, -0.372169, 1.09132, -0.227619
3833, 0.835, 0.86, 0.42, -0.372169, 1.09132, -0.227619
3834, 0.545, -0.46, 0.18, 1.23314, -0.217745, -0.154629
3834, 0.69, -0.04, 0.24, 1.23314, -0.217745, -0.154629
3834, 0.835, 0.38, 0.3, 1.23314, -0.217745, -0.154629
3835, 0.545, -0.46, 0.36, 1.23837, -0, 0
3835, 0.69, -0.04, 0.36, 1.23837, -0, 0
3835, 0.835, 0.38, 0.36, 1.23837, -0, 0
3836, 0.545, -0.46, 0.54, 1.23314, 0.217745, 0.154629
3836, 0.835, 0.38, 0.42, 1.23314, 0.217745, 0.154629
3837, 0.545, -0.46, 0.72, 1.22676, 0.404871, 0.286985
3837, 0.835, 0.38, 0.48, 1.22676, 0.404871, 0.286985
3838, 0.545, -0.46, 0.9, 1.22809, 0.547621, 0.390938
3838, 0.69, -0.04, 0.72, 1.22809, 0.547621, 0.390938
3839, 0.69, -0.04, 0.84, 1.23502, 0.652218, 0.471398
3839, 0.835, 0.38, 0.6, 1.23502, 0.652218, 0.471398
3840, 0.4, -0.64, 0.12, 1.18219, -0.217327, -0.146174
3840, 0.545, -0.28, 0.18, 1.18219, -0.217327, -0.146174
3840, 0.69, 0.08, 0.24, 1.18219, -0.217327, -0.146174
3840, 0.835, 0.44, 0.3, 1.18219, -0.217327, -0.146174
3841, 0.4, -0.64, 0.36, 1.1879, -0, 0
3841, 0.545, -0.28, 0.36, 1.1879, -0, 0
3841, 0.69, 0.08, 0.36, 1.1879, -0, 0
3841, 0.835, 0.44, 0.36, 1.1879, -0, 0
3842, 0.4, -0.64, 0.6, 1.18219, 0.217327, 0.146174
3842, 0.69, 0.08, 0.48, 1.18219, 0.217327, 0.146174
3842, 0.835, 0.44, 0.42, 1.18219, 0.217327, 0.146174
3843, 0.545, -0.28, 0.72, 1.17432, 0.409551, 0.274671
3843, 0.835, 0.44, 0.48, 1.17432, 0.409551, 0.274671
3844, 0.545, -0.28, 0.9, 1.17435, 0.561325, 0.37907
3845, 0.545, -0.28, 1.08, 1.18084, 0.674959, 0.461935
3845, 0.69, 0.08, 0.84, 1.18084, 0.674959, 0.461935
3845, 0.835, 0.44, 0.6, 1.18084, 0.674959, 0.461935
3846, 0.4, -0.4, 0.12, 1.11403, -0.219194, -0.13685
3846, 0.545, -0.1, 0.18, 1.11403, -0.219194, -0.13685
3846, 0.69, 0.2, 0.24, 1.11403, -0.219194, -0.13685
3846, 0.835, 0.5, 0.3, 1.11403, -0.219194, -0.13685
3847, 0.545, -0.1, 0.36, 1.12057, -0, 0
3847, 0.69, 0.2, 0.36, 1.12057, -0, 0
3847, 0.835, 0.5, 0.36, 1.12057, -0, 0
3848, 0.4, -0.4, 0.6, 1.11403, 0.219194, 0.13685
3848, 0.545, -0.1, 0.54, 1.11403, 0.219194, 0.13685
3848, 0.69, 0.2, 0.48, 1.11403, 0.219194, 0.13685
3848, 0.835, 0.5, 0.42, 1.11403, 0.219194, 0.13685
3849, 0.545, -0.1, 0.72, 1.10405, 0.419958, 0.261027
3849, 0.69, 0.2, 0.6, 1.10405, 0.419958, 0.261027
3849, 0.835, 0.5, 0.48, 1.10405, 0.419958, 0.261027
3850, 0.545, -0.1, 0.9, 1.10258, 0.584121, 0.365611
3850, 0.69, 0.2, 0.72, 1.10258, 0.584121, 0.365611
3851, 0.545, -0.1, 1.08, 1.10883, 0.708722, 0.450407
3851, 0.69, 0.2, 0.84, 1.10883, 0.708722, 0.450407
3851, 0.835, 0.5, 0.6, 1.10883, 0.708722, 0.450407
3852, 0.4, -0.16, 0.12, 1.01808, -0.227623, -0.127415
3852, 0.545, 0.08, 0.18, 1.01808, -0.227623, -0.127415
3852, 0.69, 0.32, 0.24, 1.01808, -0.227623, -0.127415
3852, 0.835, 0.56, 0.3, 1.01808, -0.227623, -0.127415
3853, 0.545, 0.08, 0.36, 1.02732, -0, 0
3853, 0.69, 0.32, 0.36, 1.02732, -0, 0
3853, 0.835, 0.56, 0.36, 1.02732, -0, 0
3854, 0.69, 0.32, 0.48, 1.01808, 0.227623, 0.127415
3854, 0.835, 0.56, 0.42, 1.01808, 0.227623, 0.127415
3855, 0.69, 0.32, 0.6, 1.00384, 0.443125, 0.245997
3855, 0.835, 0.56, 0.48, 1.00384, 0.443125, 0.245997
3856, 0.4, -0.16, 1.08, 1.00124, 0.623125, 0.348814
3856, 0.545, 0.08, 0.9, 1.00124, 0.623125, 0.348814
3856, 0.69, 0.32, 0.72, 1.00124, 0.623125, 0.348814
3857, 0.545, 0.08, 1.08, 1.00858, 0.759068, 0.433351
3857, 0.69, 0.32, 0.84, 1.00858, 0.759068, 0.433351
3857, 0.835, 0.56, 0.6, 1.00858, 0.759068, 0.433351
3858, 0.545, 0.26, 0.18, 0.870133, -0.253012, -0.118086
3858, 0.69, 0.44, 0.24, 0.870133, -0.253012, -0.118086
3858, 0.835, 0.62, 0.3, 0.870133, -0.253012, -0.118086
3859, 0.545, 0.26, 0.36, 0.892677, -0, 0
3859, 0.69, 0.44, 0.36, 0.892677, -0, 0
3859, 0.835, 0.62, 0.36, 0.892677, -0, 0
3860, 0.545, 0.26, 0.54, 0.870133, 0.253012, 0.118086
3860, 0.69, 0.44, 0.48, 0.870133, 0.253012, 0.118086
3860, 0.835, 0.62, 0.42, 0.870133, 0.253012, 0.118086
3861, 0.4, 0.08, 0.84, 0.846478, 0.492952, 0.225702
3861, 0.545, 0.26, 0.72, 0.846478, 0.492952, 0.225702
3861, 0.835, 0.62, 0.48, 0.846478, 0.492952, 0.225702
3862, 0.4, 0.08, 1.08, 0.848778, 0.688125, 0.321021
3862, 0.545, 0.26, 0.9, 0.848778, 0.688125, 0.321021
3862, 0.69, 0.44, 0.72, 0.848778, 0.688125, 0.321021
3862, 0.835, 0.62, 0.54, 0.848778, 0.688125, 0.321021
3863, 0.4, 0.08, 1.32, 0.862705, 0.830826, 0.40058
3863, 0.545, 0.26, 1.08, 0.862705, 0.830826, 0.40058
3863, 0.69, 0.44, 0.84, 0.862705, 0.830826, 0.40058
3863, 0.835, 0.62, 0.6, 0.862705, 0.830826, 0.40058
3864, 0.545, 0.44, 0.18, 0.601174, -0.310607, -0.0969873
3864, 0.69, 0.56, 0.24, 0.601174, -0.310607, -0.0969873
3864, 0.835, 0.68, 0.3, 0.601174, -0.310607, -0.0969873
3865, 0.545, 0.44, 0.36, 0.691337, -0, 0
3865, 0.69, 0.56, 0.36, 0.691337, -0, 0
3865, 0.835, 0.68, 0.36, 0.691337, -0, 0
3866, 0.545, 0.44, 0.54, 0.601174, 0.310607, 0.0969873
3866, 0.69, 0.56, 0.48, 0.601174, 0.310607, 0.0969873
3866, 0.835, 0.68, 0.42, 0.601174, 0.310607, 0.0969873
3867, 0.4, 0.32, 0.84, 0.583709, 0.580613, 0.179028
3867, 0.545, 0.44, 0.72, 0.583709, 0.580613, 0.179028
3867, 0.69, 0.56, 0.6, 0.583709, 0.580613, 0.179028
3867, 0.835, 0.68, 0.48, 0.583709, 0.580613, 0.179028
3868, 0.4, 0.32, 1.08, 0.617241, 0.779362, 0.260376
3868, 0.545, 0.44, 0.9, 0.617241, 0.779362, 0.260376
3868, 0.69, 0.56, 0.72, 0.617241, 0.779362, 0.260376
3868, 0.835, 0.68, 0.54, 0.617241, 0.779362, 0.260376
3869, 0.4, 0.32, 1.32, 0.648399, 0.918853, 0.329504
3869, 0.545, 0.44, 1.08, 0.648399, 0.918853, 0.329504
3869, 0.69, 0.56, 0.84, 0.648399, 0.918853, 0.329504
3869, 0.835, 0.68, 0.6, 0.648399, 0.918853, 0.329504
3870, 0.4, 0.56, 0.12, 0.193202, -0.374476, -0.0367136
3870, 0.545, 0.62, 0.18, 0.193202, -0.374476, -0.0367136
3870, 0.69, 0.68, 0.24, 0.193202, -0.374476, -0.0367136
3870, 0.835, 0.74, 0.3, 0.193202, -0.374476, -0.0367136
3871, 0.4, 0.56, 0.36, 0.39234, -0, 0
3871, 0.545, 0.62, 0.36, 0.39234, -0, 0
3871, 0.69, 0.68, 0.36, 0.39234, -0, 0
3871, 0.835, 0.74, 0.36, 0.39234, -0, 0
3872, 0.69, 0.68, 0.48, 0.193202, 0.374476, 0.0367136
3872, 0.835, 0.74, 0.42, 0.193202, 0.374476, 0.0367136
3873, 0.4, 0.56, 0.84, 0.251149, 0.664377, 0.0870426
3873, 0.545, 0.62, 0.72, 0.251149, 0.664377, 0.0870426
3873, 0.835, 0.74, 0.48, 0.251149, 0.664377, 0.0870426
3874, 0.4, 0.56, 1.08, 0.314934, 0.861978, 0.145763
3874, 0.545, 0.62, 0.9, 0.314934, 0.861978, 0.145763
3874, 0.69, 0.68, 0.72, 0.314934, 0.861978, 0.145763
3874, 0.835, 0.74, 0.54, 0.314934, 0.861978, 0.145763
3875, 0.4, 0.56, 1.32, 0.35318, 0.996359, 0.193525
3875, 0.545, 0.62, 1.08, 0.35318, 0.996359, 0.193525
3875, 0.69, 0.68, 0.84, 0.35318, 0.996359, 0.193525
3875, 0.835, 0.74, 0.6, 0.35318, 0.996359, 0.193525
3876, 0.4, 0.8, 0.12, 0, -0.39234, 0
3876, 0.545, 0.8, 0.18, 0, -0.39234, 0
3876, 0.69, 0.8, 0.24, 0, -0.39234, 0
3876, 0.835, 0.8, 0.3, 0, -0.39234, 0
3878, 0.835, 0.8, 0.42, 0, 0.39234, 0
3879, 0.4, 0.8, 0.84, 0, 0.691337, 0
3879, 0.545, 0.8, 0.72, 0, 0.691337, 0
3879, 0.835, 0.8, 0.48, 0, 0.691337, 0
3880, 0.4, 0.8, 1.08, 0, 0.892677, 0
3880, 0.545, 0.8, 0.9, 0, 0.892677, 0
3880, 0.69, 0.8, 0.72, 0, 0.892677, 0
3880, 0.835, 0.8, 0.54, 0, 0.892677, 0
3881, 0.545, 0.8, 1.08, 0, 1.02732, 0
3881, 0.69, 0.8, 0.84, 0, 1.02732, 0
3881, 0.835, 0.8, 0.6, 0, 1.02732, 0
3882, 0.4, 1.04, 0.12, -0.193202, -0.374476, 0.0367136
3882, 0.545, 0.98, 0.18, -0.193202, -0.374476, 0.0367136
3882, 0.69, 0.92, 0.24, -0.193202, -0.374476, 0.0367136
3882, 0.835, 0.86, 0.3, -0.193202, -0.374476, 0.0367136
3883, 0.545, 0.98, 0.36, -0.39234, 0, 0
3883, 0.69, 0.92, 0.36, -0.39234, 0, 0
3883, 0.835, 0.86, 0.36, -0.39234, 0, 0
3884, 0.69, 0.92, 0.48, -0.193202, 0.374476, -0.0367136
3884, 0.835, 0.86, 0.42, -0.193202, 0.374476, -0.0367136
3885, 0.4, 1.04, 0.84, -0.251149, 0.664377, -0.0870426
3885, 0.835, 0.86, 0.48, -0.251149, 0.664377, -0.0870426
3887, 0.69, 0.92, 0.84, -0.35318, 0.996359, -0.193525
3888, 0.69, -0.04, 0.36, 1.22676, -0.404871, -0.286985
3888, 0.835, 0.38, 0.48, 1.22676, -0.404871, -0.286985
3889, 0.545, -0.46, 0.42, 1.23314, -0.217745, -0.154629
3889, 0.69, -0.04, 0.48, 1.23314, -0.217745, -0.154629
3889, 0.835, 0.38, 0.54, 1.23314, -0.217745, -0.154629
3890, 0.835, 0.38, 0.6, 1.23837, -0, 0
3891, 0.545, -0.46, 0.78, 1.23314, 0.217745, 0.154629
3891, 0.835, 0.38, 0.66, 1.23314, 0.217745, 0.154629
3892, 0.545, -0.46, 0.96, 1.22676, 0.404871, 0.286985
3892, 0.69, -0.04, 0.84, 1.22676, 0.404871, 0.286985
3892, 0.835, 0.38, 0.72, 1.22676, 0.404871, 0.286985
3893, 0.69, -0.04, 0.96, 1.22809, 0.547621, 0.390938
3893, 0.835, 0.38, 0.78, 1.22809, 0.547621, 0.390938
3894, 0.545, -0.28, 0.24, 1.17432, -0.409551, -0.274671
3894, 0.69, 0.08, 0.36, 1.17432, -0.409551, -0.274671
3894, 0.835, 0.44, 0.48, 1.17432, -0.409551, -0.274671
3895, 0.545, -0.28, 0.42, 1.18219, -0.217327, -0.146174
3895, 0.69, 0.08, 0.48, 1.18219, -0.217327, -0.146174
3895, 0.835, 0.44, 0.54, 1.18219, -0.217327, -0.146174
3896, 0.69, 0.08, 0.6, 1.1879, -0, 0
3896, 0.835, 0.44, 0.6, 1.1879, -0, 0
3897, 0.545, -0.28, 0.78, 1.18219, 0.217327, 0.146174
3897, 0.835, 0.44, 0.66, 1.18219, 0.217327, 0.146174
3898, 0.835, 0.44, 0.72, 1.17432, 0.409551, 0.274671
3899, 0.545, -0.28, 1.14, 1.17435, 0.561325, 0.37907
3899, 0.69, 0.08, 0.96, 1.17435, 0.561325, 0.37907
3899, 0.835, 0.44, 0.78, 1.17435, 0.561325, 0.37907
3900, 0.4, -0.4, 0.12, 1.10405, -0.419958, -0.261027
3900, 0.545, -0.1, 0.24, 1.10405, -0.419958, -0.261027
3900, 0.69, 0.2, 0.36, 1.10405, -0.419958, -0.261027
3900, 0.835, 0.5, 0.48, 1.10405, -0.419958, -0.261027
3901, 0.545, -0.1, 0.42, 1.11403, -0.219194, -0.13685
3901, 0.69, 0.2, 0.48, 1.11403, -0.219194, -0.13685
3901, 0.835, 0.5, 0.54, 1.11403, -0.219194, -0.13685
3902, 0.545, -0.1, 0.6, 1.12057, -0, 0
3902, 0.69, 0.2, 0.6, 1.12057, -0, 0
3902, 0.835, 0.5, 0.6, 1.12057, -0, 0
3903, 0.835, 0.5, 0.66, 1.11403, 0.219194, 0.13685
3904, 0.545, -0.1, 0.96, 1.10405, 0.419958, 0.261027
3904, 0.69, 0.2, 0.84, 1.10405, 0.419958, 0.261027
3904, 0.835, 0.5, 0.72, 1.10405, 0.419958, 0.261027
3905, 0.545, -0.1, 1.14, 1.10258, 0.584121, 0.365611
3905, 0.69, 0.2, 0.96, 1.10258, 0.584121, 0.365611
3905, 0.835, 0.5, 0.78, 1.10258, 0.584121, 0.365611
3906, 0.545, 0.08, 0.24, 1.00384, -0.443125, -0.245997
3906, 0.69, 0.32, 0.36, 1.00384, -0.443125, -0.245997
3906, 0.835, 0.56, 0.48, 1.00384, -0.443125, -0.245997
3907, 0.545, 0.08, 0.42, 1.01808, -0.227623, -0.127415
3907, 0.69, 0.32, 0.48, 1.01808, -0.227623, -0.127415
3907, 0.835, 0.56, 0.54, 1.01808, -0.227623, -0.127415
3908, 0.545, 0.08, 0.6, 1.02732, -0, 0
3908, 0.69, 0.32, 0.6, 1.02732, -0, 0
3908, 0.835, 0.56, 0.6, 1.02732, -0, 0
3909, 0.69, 0.32, 0.72, 1.01808, 0.227623, 0.127415
3909, 0.835, 0.56, 0.66, 1.01808, 0.227623, 0.127415
3910, 0.4, -0.16, 1.08, 1.00384, 0.443125, 0.245997
3910, 0.545, 0.08, 0.96, 1.00384, 0.443125, 0.245997
3910, 0.69, 0.32, 0.84, 1.00384, 0.443125, 0.245997
3910, 0.835, 0.56, 0.72, 1.00384, 0.443125, 0.245997
3911, 0.4, -0.16, 1.32, 1.00124, 0.623125, 0.348814
3911, 0.545, 0.08, 1.14, 1.00124, 0.623125, 0.348814
3911, 0.69, 0.32, 0.96, 1.00124, 0.623125, 0.348814
3911, 0.835, 0.56, 0.78, 1.00124, 0.623125, 0.348814
3912, 0.545, 0.26, 0.24, 0.846478, -0.492952, -0.225702
3912, 0.69, 0.44, 0.36, 0.846478, -0.492952, -0.225702
3912, 0.835, 0.62, 0.48, 0.846478, -0.492952, -0.225702
3913, 0.545, 0.26, 0.42, 0.870133, -0.253012, -0.118086
3913, 0.69, 0.44, 0.48, 0.870133, -0.253012, -0.118086
3913, 0.835, 0.62, 0.54, 0.870133, -0.253012, -0.118086
3914, 0.545, 0.26, 0.6, 0.892677, -0, 0
3914, 0.69, 0.44, 0.6, 0.892677, -0, 0
3914, 0.835, 0.62, 0.6, 0.892677, -0, 0
3915, 0.835, 0.62, 0.66, 0.870133, 0.253012, 0.118086
3916, 0.4, 0.08, 1.08, 0.846478, 0.492952, 0.225702
3916, 0.545, 0.26, 0.96, 0.846478, 0.492952, 0.225702
3916, 0.69, 0.44, 0.84, 0.846478, 0.492952, 0.225702
3916, 0.835, 0.62, 0.72, 0.846478, 0.492952, 0.225702
3917, 0.4, 0.08, 1.32, 0.848778, 0.688125, 0.321021
3917, 0.545, 0.26, 1.14, 0.848778, 0.688125, 0.321021
3917, 0.69, 0.44, 0.96, 0.848778, 0.688125, 0.321021
3917, 0.835, 0.62, 0.78, 0.848778, 0.688125, 0.321021
3918, 0.545, 0.44, 0.24, 0.583709, -0.580613, -0.179028
3918, 0.69, 0.56, 0.36, 0.583709, -0.580613, -0.179028
3918, 0.835, 0.68, 0.48, 0.583709, -0.580613, -0.179028
3919, 0.545, 0.44, 0.42, 0.601174, -0.310607, -0.0969873
3919, 0.69, 0.56, 0.48, 0.601174, -0.310607, -0.0969873
3919, 0.835, 0.68, 0.54, 0.601174, -0.310607, -0.0969873
3920, 0.545, 0.44, 0.6, 0.691337, -0, 0
3920, 0.69, 0.56, 0.6, 0.691337, -0, 0
3920, 0.835, 0.68, 0.6, 0.691337, -0, 0
3921, 0.4, 0.32, 0.84, 0.601174, 0.310607, 0.0969873
3921, 0.69, 0.56, 0.72, 0.601174, 0.310607, 0.0969873
3921, 0.835, 0.68, 0.66, 0.601174, 0.310607, 0.0969873
3922, 0.4, 0.32, 1.08, 0.583709, 0.580613, 0.179028
3922, 0.545, 0.44, 0.96, 0.583709, 0.580613, 0.179028
3922, 0.69, 0.56, 0.84, 0.583709, 0.580613, 0.179028
3922, 0.835, 0.68, 0.72, 0.583709, 0.580613, 0.179028
3923, 0.4, 0.32, 1.32, 0.617241, 0.779362, 0.260376
3923, 0.545, 0.44, 1.14, 0.617241, 0.779362, 0.260376
3923, 0.69, 0.56, 0.96, 0.617241, 0.779362, 0.260376
3923, 0.835, 0.68, 0.78, 0.617241, 0.779362, 0.260376
3924, 0.545, 0.62, 0.24, 0.251149, -0.664377, -0.0870426
3924, 0.69, 0.68, 0.36, 0.251149, -0.664377, -0.0870426
3924, 0.835, 0.74, 0.48, 0.251149, -0.664377, -0.0870426
3925, 0.4, 0.56, 0.36, 0.193202, -0.374476, -0.0367136
3925, 0.545, 0.62, 0.42, 0.193202, -0.374476, -0.0367136
3925, 0.69, 0.68, 0.48, 0.193202, -0.374476, -0.0367136
3925, 0.835, 0.74, 0.54, 0.193202, -0.374476, -0.0367136
3926, 0.4, 0.56, 0.6, 0.39234, -0, 0
3926, 0.545, 0.62, 0.6, 0.39234, -0, 0
3926, 0.69, 0.68, 0.6, 0.39234, -0, 0
3926, 0.835, 0.74, 0.6, 0.39234, -0, 0
3927, 0.69, 0.68, 0.72, 0.193202, 0.374476, 0.0367136
3927, 0.835, 0.74, 0.66, 0.193202, 0.374476, 0.0367136
3928, 0.4, 0.56, 1.08, 0.251149, 0.664377, 0.0870426
3928, 0.545, 0.62, 0.96, 0.251149, 0.664377, 0.0870426
3928, 0.69, 0.68, 0.84, 0.251149, 0.664377, 0.0870426
3928, 0.835, 0.74, 0.72, 0.251149, 0.664377, 0.0870426
3929, 0.4, 0.56, 1.32, 0.314934, 0.861978, 0.145763
3929, 0.545, 0.62, 1.14, 0.314934, 0.861978, 0.145763
3929, 0.69, 0.68, 0.96, 0.314934, 0.861978, 0.145763
3929, 0.835, 0.74, 0.78, 0.314934, 0.861978, 0.145763
3930, 0.545, 0.8, 0.24, 0, -0.691337, 0
3930, 0.69, 0.8, 0.36, 0, -0.691337, 0
3930, 0.835, 0.8, 0.48, 0, -0.691337, 0
3931, 0.4, 0.8, 0.36, 0, -0.39234, 0
3931, 0.545, 0.8, 0.42, 0, -0.39234, 0
3931, 0.69, 0.8, 0.48, 0, -0.39234, 0
3931, 0.835, 0.8, 0.54, 0, -0.39234, 0
3933, 0.69, 0.8, 0.72, 0, 0.39234, 0
3934, 0.4, 0.8, 1.08, 0, 0.691337, 0
3934, 0.545, 0.8, 0.96, 0, 0.691337, 0
3934, 0.69, 0.8, 0.84, 0, 0.691337, 0
3935, 0.545, 0.8, 1.14, 0, 0.892677, 0
3935, 0.69, 0.8, 0.96, 0, 0.892677, 0
3935, 0.835, 0.8, 0.78, 0, 0.892677, 0
3936, 0.545, 0.98, 0.24, -0.251149, -0.664377, 0.0870426
3936, 0.69, 0.92, 0.36, -0.251149, -0.664377, 0.0870426
3936, 0.835, 0.86, 0.48, -0.251149, -0.664377, 0.0870426
3937, 0.4, 1.04, 0.36, -0.193202, -0.374476, 0.0367136
3937, 0.545, 0.98, 0.42, -0.193202, -0.374476, 0.0367136
3937, 0.69, 0.92, 0.48, -0.193202, -0.374476, 0.0367136
3937, 0.835, 0.86, 0.54, -0.193202, -0.374476, 0.0367136
3938, 0.835, 0.86, 0.6, -0.39234, 0, 0
3940, 0.69, 0.92, 0.84, -0.251149, 0.664377, -0.0870426
3940, 0.835, 0.86, 0.72, -0.251149, 0.664377, -0.0870426
3942, 0.69, -0.04, 0.48, 1.22809, -0.547621, -0.390938
3942, 0.835, 0.38, 0.66, 1.22809, -0.547621, -0.390938
3943, 0.69, -0.04, 0.6, 1.22676, -0.404871, -0.286985
3943, 0.835, 0.38, 0.72, 1.22676, -0.404871, -0.286985
3944, 0.69, -0.04, 0.72, 1.23314, -0.217745, -0.154629
3944, 0.835, 0.38, 0.78, 1.23314, -0.217745, -0.154629
3945, 0.835, 0.38, 0.84, 1.23837, -0, 0
3946, 0.69, -0.04, 0.96, 1.23314, 0.217745, 0.154629
3946, 0.835, 0.38, 0.9, 1.23314, 0.217745, 0.154629
3947, 0.69, -0.04, 1.08, 1.22676, 0.404871, 0.286985
3947, 0.835, 0.38, 0.96, 1.22676, 0.404871, 0.286985
3948, 0.69, 0.08, 0.48, 1.17435, -0.561325, -0.37907
3948, 0.835, 0.44, 0.66, 1.17435, -0.561325, -0.37907
3949, 0.545, -0.28, 0.48, 1.17432, -0.409551, -0.274671
3949, 0.69, 0.08, 0.6, 1.17432, -0.409551, -0.274671
3949, 0.835, 0.44, 0.72, 1.17432, -0.409551, -0.274671
3950, 0.545, -0.28, 0.66, 1.18219, -0.217327, -0.146174
3950, 0.69, 0.08, 0.72, 1.18219, -0.217327, -0.146174
3950, 0.835, 0.44, 0.78, 1.18219, -0.217327, -0.146174
3951, 0.545, -0.28, 0.84, 1.1879, -0, 0
3951, 0.835, 0.44, 0.84, 1.1879, -0, 0
3952, 0.545, -0.28, 1.02, 1.18219, 0.217327, 0.146174
3952, 0.69, 0.08, 0.96, 1.18219, 0.217327, 0.146174
3952, 0.835, 0.44, 0.9, 1.18219, 0.217327, 0.146174
3953, 0.545, -0.28, 1.2, 1.17432, 0.409551, 0.274671
3953, 0.69, 0.08, 1.08, 1.17432, 0.409551, 0.274671
3953, 0.835, 0.44, 0.96, 1.17432, 0.409551, 0.274671
3954, 0.69, 0.2, 0.48, 1.10258, -0.584121, -0.365611
3954, 0.835, 0.5, 0.66, 1.10258, -0.584121, -0.365611
3955, 0.545, -0.1, 0.48, 1.10405, -0.419958, -0.261027
3955, 0.69, 0.2, 0.6, 1.10405, -0.419958, -0.261027
3955, 0.835, 0.5, 0.72, 1.10405, -0.419958, -0.261027
3956, 0.545, -0.1, 0.66, 1.11403, -0.219194, -0.13685
3956, 0.69, 0.2, 0.72, 1.11403, -0.219194, -0.13685
3956, 0.835, 0.5, 0.78, 1.11403, -0.219194, -0.13685
3957, 0.545, -0.1, 0.84, 1.12057, -0, 0
3957, 0.69, 0.2, 0.84, 1.12057, -0, 0
3957, 0.835, 0.5, 0.84, 1.12057, -0, 0
3958, 0.545, -0.1, 1.02, 1.11403, 0.219194, 0.13685
3958, 0.835, 0.5, 0.9, 1.11403, 0.219194, 0.13685
3959, 0.545, -0.1, 1.2, 1.10405, 0.419958, 0.261027
3959, 0.69, 0.2, 1.08, 1.10405, 0.419958, 0.261027
3959, 0.835, 0.5, 0.96, 1.10405, 0.419958, 0.261027
3960, 0.69, 0.32, 0.48, 1.00124, -0.623125, -0.348814
3960, 0.835, 0.56, 0.66, 1.00124, -0.623125, -0.348814
3961, 0.545, 0.08, 0.48, 1.00384, -0.443125, -0.245997
3961, 0.69, 0.32, 0.6, 1.00384, -0.443125, -0.245997
3961, 0.835, 0.56, 0.72, 1.00384, -0.443125, -0.245997
3962, 0.545, 0.08, 0.66, 1.01808, -0.227623, -0.127415
3962, 0.69, 0.32, 0.72, 1.01808, -0.227623, -0.127415
3962, 0.835, 0.56, 0.78, 1.01808, -0.227623, -0.127415
3963, 0.69, 0.32, 0.84, 1.02732, -0, 0
3963, 0.835, 0.56, 0.84, 1.02732, -0, 0
3964, 0.545, 0.08, 1.02, 1.01808, 0.227623, 0.127415
3964, 0.69, 0.32, 0.96, 1.01808, 0.227623, 0.127415
3964, 0.835, 0.56, 0.9, 1.01808, 0.227623, 0.127415
3965, 0.4, -0.16, 1.32, 1.00384, 0.443125, 0.245997
3965, 0.545, 0.08, 1.2, 1.00384, 0.443125, 0.245997
3965, 0.69, 0.32, 1.08, 1.00384, 0.443125, 0.245997
3965, 0.835, 0.56, 0.96, 1.00384, 0.443125, 0.245997
3966, 0.69, 0.44, 0.48, 0.848778, -0.688125, -0.321021
3966, 0.835, 0.62, 0.66, 0.848778, -0.688125, -0.321021
3967, 0.545, 0.26, 0.48, 0.846478, -0.492952, -0.225702
3967, 0.69, 0.44, 0.6, 0.846478, -0.492952, -0.225702
3967, 0.835, 0.62, 0.72, 0.846478, -0.492952, -0.225702
3968, 0.545, 0.26, 0.66, 0.870133, -0.253012, -0.118086
3968, 0.69, 0.44, 0.72, 0.870133, -0.253012, -0.118086
3968, 0.835, 0.62, 0.78, 0.870133, -0.253012, -0.118086
3969, 0.545, 0.26, 0.84, 0.892677, -0, 0
3969, 0.69, 0.44, 0.84, 0.892677, -0, 0
3969, 0.835, 0.62, 0.84, 0.892677, -0, 0
3970, 0.4, 0.08, 1.08, 0.870133, 0.253012, 0.118086
3970, 0.545, 0.26, 1.02, 0.870133, 0.253012, 0.118086
3970, 0.69, 0.44, 0.96, 0.870133, 0.253012, 0.118086
3970, 0.835, 0.62, 0.9, 0.870133, 0.253012, 0.118086
3971, 0.4, 0.08, 1.32, 0.846478, 0.492952, 0.225702
3971, 0.545, 0.26, 1.2, 0.846478, 0.492952, 0.225702
3971, 0.69, 0.44, 1.08, 0.846478, 0.492952, 0.225702
3971, 0.835, 0.62, 0.96, 0.846478, 0.492952, 0.225702
3972, 0.69, 0.56, 0.48, 0.617241, -0.779362, -0.260376
3972, 0.835, 0.68, 0.66, 0.617241, -0.779362, -0.260376
3973, 0.4, 0.32, 0.36, 0.583709, -0.580613, -0.179028
3973, 0.545, 0.44, 0.48, 0.583709, -0.580613, -0.179028
3973, 0.69, 0.56, 0.6, 0.583709, -0.580613, -0.179028
3973, 0.835, 0.68, 0.72, 0.583709, -0.580613, -0.179028
3974, 0.545, 0.44, 0.66, 0.601174, -0.310607, -0.0969873
3974, 0.69, 0.56, 0.72, 0.601174, -0.310607, -0.0969873
3974, 0.835, 0.68, 0.78, 0.601174, -0.310607, -0.0969873
3975, 0.4, 0.32, 0.84, 0.691337, -0, 0
3975, 0.545, 0.44, 0.84, 0.691337, -0, 0
3975, 0.69, 0.56, 0.84, 0.691337, -0, 0
3975, 0.835, 0.68, 0.84, 0.691337, -0, 0
3976, 0.4, 0.32, 1.08, 0.601174, 0.310607, 0.0969873
3976, 0.545, 0.44, 1.02, 0.601174, 0.310607, 0.0969873
3976, 0.69, 0.56, 0.96, 0.601174, 0.310607, 0.0969873
3976, 0.835, 0.68, 0.9, 0.601174, 0.310607, 0.0969873
3977, 0.4, 0.32, 1.32, 0.583709, 0.580613, 0.179028
3977, 0.545, 0.44, 1.2, 0.583709, 0.580613, 0.179028
3977, 0.69, 0.56, 1.08, 0.583709, 0.580613, 0.179028
3977, 0.835, 0.68, 0.96, 0.583709, 0.580613, 0.179028
3978, 0.69, 0.68, 0.48, 0.314934, -0.861978, -0.145763
3978, 0.835, 0.74, 0.66, 0.314934, -0.861978, -0.145763
3979, 0.4, 0.56, 0.36, 0.251149, -0.664377, -0.0870426
3979, 0.545, 0.62, 0.48, 0.251149, -0.664377, -0.0870426
3979, 0.69, 0.68, 0.6, 0.251149, -0.664377, -0.0870426
3979, 0.835, 0.74, 0.72, 0.251149, -0.664377, -0.0870426
3980, 0.4, 0.56, 0.6, 0.193202, -0.374476, -0.0367136
3980, 0.545, 0.62, 0.66, 0.193202, -0.374476, -0.0367136
3980, 0.69, 0.68, 0.72, 0.193202, -0.374476, -0.0367136
3980, 0.835, 0.74, 0.78, 0.193202, -0.374476, -0.0367136
3981, 0.545, 0.62, 0.84, 0.39234, -0, 0
3981, 0.69, 0.68, 0.84, 0.39234, -0, 0
3981, 0.835, 0.74, 0.84, 0.39234, -0, 0
3982, 0.4, 0.56, 1.08, 0.193202, 0.374476, 0.0367136
3982, 0.545, 0.62, 1.02, 0.193202, 0.374476, 0.0367136
3982, 0.69, 0.68, 0.96, 0.193202, 0.374476, 0.0367136
3982, 0.835, 0.74, 0.9, 0.193202, 0.374476, 0.0367136
3983, 0.4, 0.56, 1.32, 0.251149, 0.664377, 0.0870426
3983, 0.545, 0.62, 1.2, 0.251149, 0.664377, 0.0870426
3983, 0.69, 0.68, 1.08, 0.251149, 0.664377, 0.0870426
3983, 0.835, 0.74, 0.96, 0.251149, 0.664377, 0.0870426
3984, 0.545, 0.8, 0.3, 0, -0.892677, 0
3984, 0.69, 0.8, 0.48, 0, -0.892677, 0
3984, 0.835, 0.8, 0.66, 0, -0.892677, 0
3985, 0.4, 0.8, 0.36, 0, -0.691337, 0
3985, 0.545, 0.8, 0.48, 0, -0.691337, 0
3985, 0.69, 0.8, 0.6, 0, -0.691337, 0
3985, 0.835, 0.8, 0.72, 0, -0.691337, 0
3986, 0.4, 0.8, 0.6, 0, -0.39234, 0
3986, 0.545, 0.8, 0.66, 0, -0.39234, 0
3986, 0.69, 0.8, 0.72, 0, -0.39234, 0
3986, 0.835, 0.8, 0.78, 0, -0.39234, 0
3988, 0.4, 0.8, 1.08, 0, 0.39234, 0
3988, 0.835, 0.8, 0.9, 0, 0.39234, 0
3990, 0.4, 1.04, 0.12, -0.314934, -0.861978, 0.145763
3990, 0.545, 0.98, 0.3, -0.314934, -0.861978, 0.145763
3990, 0.69, 0.92, 0.48, -0.314934, -0.861978, 0.145763
3990, 0.835, 0.86, 0.66, -0.314934, -0.861978, 0.145763
3991, 0.4, 1.04, 0.36, -0.251149, -0.664377, 0.0870426
3991, 0.545, 0.98, 0.48, -0.251149, -0.664377, 0.0870426
3991, 0.69, 0.92, 0.6, -0.251149, -0.664377, 0.0870426
3991, 0.835, 0.86, 0.72, -0.251149, -0.664377, 0.0870426
3992, 0.4, 1.04, 0.6, -0.193202, -0.374476, 0.0367136
3992, 0.545, 0.98, 0.66, -0.193202, -0.374476, 0.0367136
3992, 0.69, 0.92, 0.72, -0.193202, -0.374476, 0.0367136
3992, 0.835, 0.86, 0.78, -0.193202, -0.374476, 0.0367136
3993, 0.69, 0.92, 0.84, -0.39234, 0, 0
3996, 0.69, -0.04, 0.6, 1.23502, -0.652218, -0.471398
3996, 0.835, 0.38, 0.84, 1.23502, -0.652218, -0.471398
3997, 0.69, -0.04, 0.72, 1.22809, -0.547621, -0.390938
3997, 0.835, 0.38, 0.9, 1.22809, -0.547621, -0.390938
3998, 0.69, -0.04, 0.84, 1.22676, -0.404871, -0.286985
3998, 0.835, 0.38, 0.96, 1.22676, -0.404871, -0.286985
3999, 0.69, -0.04, 0.96, 1.23314, -0.217745, -0.154629
3999, 0.835, 0.38, 1.02, 1.23314, -0.217745, -0.154629
4000, 0.69, -0.04, 1.08, 1.23837, -0, 0
4000, 0.835, 0.38, 1.08, 1.23837, -0, 0
4001, 0.69, -0.04, 1.2, 1.23314, 0.217745, 0.154629
4001, 0.835, 0.38, 1.14, 1.23314, 0.217745, 0.154629
4002, 0.69, 0.08, 0.6, 1.18084, -0.674959, -0.461935
4002, 0.835, 0.44, 0.84, 1.18084, -0.674959, -0.461935
4003, 0.69, 0.08, 0.72, 1.17435, -0.561325, -0.37907
4003, 0.835, 0.44, 0.9, 1.17435, -0.561325, -0.37907
4004, 0.545, -0.28, 0.72, 1.17432, -0.409551, -0.274671
4004, 0.69, 0.08, 0.84, 1.17432, -0.409551, -0.274671
4004, 0.835, 0.44, 0.96, 1.17432, -0.409551, -0.274671
4005, 0.69, 0.08, 0.96, 1.18219, -0.217327, -0.146174
4005, 0.835, 0.44, 1.02, 1.18219, -0.217327, -0.146174
4006, 0.545, -0.28, 1.08, 1.1879, -0, 0
4006, 0.835, 0.44, 1.08, 1.1879, -0, 0
4007, 0.545, -0.28, 1.26, 1.18219, 0.217327, 0.146174
4007, 0.69, 0.08, 1.2, 1.18219, 0.217327, 0.146174
4007, 0.835, 0.44, 1.14, 1.18219, 0.217327, 0.146174
4008, 0.69, 0.2, 0.6, 1.10883, -0.708722, -0.450407
4008, 0.835, 0.5, 0.84, 1.10883, -0.708722, -0.450407
4009, 0.545, -0.1, 0.54, 1.10258, -0.584121, -0.365611
4009, 0.69, 0.2, 0.72, 1.10258, -0.584121, -0.365611
4009, 0.835, 0.5, 0.9, 1.10258, -0.584121, -0.365611
4010, 0.545, -0.1, 0.72, 1.10405, -0.419958, -0.261027
4010, 0.69, 0.2, 0.84, 1.10405, -0.419958, -0.261027
4010, 0.835, 0.5, 0.96, 1.10405, -0.419958, -0.261027
4011, 0.835, 0.5, 1.02, 1.11403, -0.219194, -0.13685
4012, 0.545, -0.1, 1.08, 1.12057, -0, 0
4012, 0.69, 0.2, 1.08, 1.12057, -0, 0
4012, 0.835, 0.5, 1.08, 1.12057, -0, 0
4013, 0.545, -0.1, 1.26, 1.11403, 0.219194, 0.13685
4013, 0.69, 0.2, 1.2, 1.11403, 0.219194, 0.13685
4013, 0.835, 0.5, 1.14, 1.11403, 0.219194, 0.13685
4014, 0.69, 0.32, 0.6, 1.00858, -0.759068, -0.433351
4014, 0.835, 0.56, 0.84, 1.00858, -0.759068, -0.433351
4015, 0.545, 0.08, 0.54, 1.00124, -0.623125, -0.348814
4015, 0.69, 0.32, 0.72, 1.00124, -0.623125, -0.348814
4015, 0.835, 0.56, 0.9, 1.00124, -0.623125, -0.348814
4016, 0.545, 0.08, 0.72, 1.00384, -0.443125, -0.245997
4016, 0.69, 0.32, 0.84, 1.00384, -0.443125, -0.245997
4016, 0.835, 0.56, 0.96, 1.00384, -0.443125, -0.245997
4017, 0.545, 0.08, 0.9, 1.01808, -0.227623, -0.127415
4017, 0.69, 0.32, 0.96, 1.01808, -0.227623, -0.127415
4018, 0.69, 0.32, 1.08, 1.02732, -0, 0
4019, 0.4, -0.16, 1.32, 1.01808, 0.227623, 0.127415
4019, 0.545, 0.08, 1.26, 1.01808, 0.227623, 0.127415
4019, 0.69, 0.32, 1.2, 1.01808, 0.227623, 0.127415
4019, 0.835, 0.56, 1.14, 1.01808, 0.227623, 0.127415
4020, 0.69, 0.44, 0.6, 0.862705, -0.830826, -0.40058
4020, 0.835, 0.62, 0.84, 0.862705, -0.830826, -0.40058
4021, 0.545, 0.26, 0.54, 0.848778, -0.688125, -0.321021
4021, 0.69, 0.44, 0.72, 0.848778, -0.688125, -0.321021
4021, 0.835, 0.62, 0.9, 0.848778, -0.688125, -0.321021
4022, 0.545, 0.26, 0.72, 0.846478, -0.492952, -0.225702
4022, 0.69, 0.44, 0.84, 0.846478, -0.492952, -0.225702
4022, 0.835, 0.62, 0.96, 0.846478, -0.492952, -0.225702
4023, 0.4, 0.08, 0.84, 0.870133, -0.253012, -0.118086
4023, 0.545, 0.26, 0.9, 0.870133, -0.253012, -0.118086
4023, 0.69, 0.44, 0.96, 0.870133, -0.253012, -0.118086
4023, 0.835, 0.62, 1.02, 0.870133, -0.253012, -0.118086
4024, 0.69, 0.44, 1.08, 0.892677, -0, 0
4024, 0.835, 0.62, 1.08, 0.892677, -0, 0
4025, 0.4, 0.08, 1.32, 0.870133, 0.253012, 0.118086
4025, 0.545, 0.26, 1.26, 0.870133, 0.253012, 0.118086
4025, 0.69, 0.44, 1.2, 0.870133, 0.253012, 0.118086
4025, 0.835, 0.62, 1.14, 0.870133, 0.253012, 0.118086
4026, 0.69, 0.56, 0.6, 0.648399, -0.918853, -0.329504
4026, 0.835, 0.68, 0.84, 0.648399, -0.918853, -0.329504
4027, 0.545, 0.44, 0.54, 0.617241, -0.779362, -0.260376
4027, 0.69, 0.56, 0.72, 0.617241, -0.779362, -0.260376
4027, 0.835, 0.68, 0.9, 0.617241, -0.779362, -0.260376
4028, 0.545, 0.44, 0.72, 0.583709, -0.580613, -0.179028
4028, 0.69, 0.56, 0.84, 0.583709, -0.580613, -0.179028
4028, 0.835, 0.68, 0.96, 0.583709, -0.580613, -0.179028
4029, 0.4, 0.32, 0.84, 0.601174, -0.310607, -0.0969873
4029, 0.545, 0.44, 0.9, 0.601174, -0.310607, -0.0969873
4029, 0.69, 0.56, 0.96, 0.601174, -0.310607, -0.0969873
4029, 0.835, 0.68, 1.02, 0.601174, -0.310607, -0.0969873
4030, 0.4, 0.32, 1.08, 0.691337, -0, 0
4030, 0.545, 0.44, 1.08, 0.691337, -0, 0
4030, 0.69, 0.56, 1.08, 0.691337, -0, 0
4030, 0.835, 0.68, 1.08, 0.691337, -0, 0
4031, 0.4, 0.32, 1.32, 0.601174, 0.310607, 0.0969873
4031, 0.545, 0.44, 1.26, 0.601174, 0.310607, 0.0969873
4031, 0.69, 0.56, 1.2, 0.601174, 0.310607, 0.0969873
4032, 0.69, 0.68, 0.6, 0.35318, -0.996359, -0.193525
4032, 0.835, 0.74, 0.84, 0.35318, -0.996359, -0.193525
4033, 0.545, 0.62, 0.54, 0.314934, -0.861978, -0.145763
4033, 0.69, 0.68, 0.72, 0.314934, -0.861978, -0.145763
4033, 0.835, 0.74, 0.9, 0.314934, -0.861978, -0.145763
4034, 0.4, 0.56, 0.6, 0.251149, -0.664377, -0.0870426
4034, 0.545, 0.62, 0.72, 0.251149, -0.664377, -0.0870426
4034, 0.69, 0.68, 0.84, 0.251149, -0.664377, -0.0870426
4034, 0.835, 0.74, 0.96, 0.251149, -0.664377, -0.0870426
4035, 0.4, 0.56, 0.84, 0.193202, -0.374476, -0.0367136
4035, 0.545, 0.62, 0.9, 0.193202, -0.374476, -0.0367136
4035, 0.69, 0.68, 0.96, 0.193202, -0.374476, -0.0367136
4035, 0.835, 0.74, 1.02, 0.193202, -0.374476, -0.0367136
4036, 0.545, 0.62, 1.08, 0.39234, -0, 0
4037, 0.4, 0.56, 1.32, 0.193202, 0.374476, 0.0367136
4037, 0.545, 0.62, 1.26, 0.193202, 0.374476, 0.0367136
4037, 0.69, 0.68, 1.2, 0.193202, 0.374476, 0.0367136
4038, 0.69, 0.8, 0.6, 0, -1.02732, 0
4038, 0.835, 0.8, 0.84, 0, -1.02732, 0
4039, 0.545, 0.8, 0.54, 0, -0.892677, 0
4039, 0.69, 0.8, 0.72, 0, -0.892677, 0
4039, 0.835, 0.8, 0.9, 0, -0.892677, 0
4040, 0.4, 0.8, 0.6, 0, -0.691337, 0
4040, 0.545, 0.8, 0.72, 0, -0.691337, 0
4040, 0.69, 0.8, 0.84, 0, -0.691337, 0
4040, 0.835, 0.8, 0.96, 0, -0.691337, 0
4041, 0.545, 0.8, 0.9, 0, -0.39234, 0
4041, 0.69, 0.8, 0.96, 0, -0.39234, 0
4044, 0.545, 0.98, 0.36, -0.35318, -0.996359, 0.193525
4044, 0.69, 0.92, 0.6, -0.35318, -0.996359, 0.193525
4045, 0.4, 1.04, 0.36, -0.314934, -0.861978, 0.145763
4045, 0.545, 0.98, 0.54, -0.314934, -0.861978, 0.145763
4045, 0.69, 0.92, 0.72, -0.314934, -0.861978, 0.145763
4046, 0.4, 1.04, 0.6, -0.251149, -0.664377, 0.0870426
4046, 0.545, 0.98, 0.72, -0.251149, -0.664377, 0.0870426
4046, 0.69, 0.92, 0.84, -0.251149, -0.664377, 0.0870426
4047, 0.545, 0.98, 0.9, -0.193202, -0.374476, 0.0367136
4050, 0.69, -0.04, 0.72, 1.24315, -0.731261, -0.535293
4050, 0.835, 0.38, 1.02, 1.24315, -0.731261, -0.535293
4051, 0.69, -0.04, 0.84, 1.23502, -0.652218, -0.471398
4051, 0.835, 0.38, 1.08, 1.23502, -0.652218, -0.471398
4052, 0.69, -0.04, 0.96, 1.22809, -0.547621, -0.390938
4052, 0.835, 0.38, 1.14, 1.22809, -0.547621, -0.390938
4053, 0.69, -0.04, 1.08, 1.22676, -0.404871, -0.286985
4053, 0.835, 0.38, 1.2, 1.22676, -0.404871, -0.286985
4054, 0.545, -0.46, 1.14, 1.23314, -0.217745, -0.154629
4054, 0.69, -0.04, 1.2, 1.23314, -0.217745, -0.154629
4055, 0.69, -0.04, 1.32, 1.23837, -0, 0
4056, 0.69, 0.08, 0.72, 1.18887, -0.761523, -0.528541
4056, 0.835, 0.44, 1.02, 1.18887, -0.761523, -0.528541
4057, 0.69, 0.08, 0.84, 1.18084, -0.674959, -0.461935
4057, 0.835, 0.44, 1.08, 1.18084, -0.674959, -0.461935
4058, 0.545, -0.28, 0.78, 1.17435, -0.561325, -0.37907
4058, 0.69, 0.08, 0.96, 1.17435, -0.561325, -0.37907
4058, 0.835, 0.44, 1.14, 1.17435, -0.561325, -0.37907
4059, 0.835, 0.44, 1.2, 1.17432, -0.409551, -0.274671
4060, 0.545, -0.28, 1.14, 1.18219, -0.217327, -0.146174
4060, 0.835, 0.44, 1.26, 1.18219, -0.217327, -0.146174
4061, 0.69, 0.08, 1.32, 1.1879, -0, 0
4062, 0.69, 0.2, 0.72, 1.11693, -0.803431, -0.518897
4062, 0.835, 0.5, 1.02, 1.11693, -0.803431, -0.518897
4063, 0.545, -0.1, 0.6, 1.10883, -0.708722, -0.450407
4063, 0.69, 0.2, 0.84, 1.10883, -0.708722, -0.450407
4063, 0.835, 0.5, 1.08, 1.10883, -0.708722, -0.450407
4064, 0.545, -0.1, 0.78, 1.10258, -0.584121, -0.365611
4064, 0.69, 0.2, 0.96, 1.10258, -0.584121, -0.365611
4064, 0.835, 0.5, 1.14, 1.10258, -0.584121, -0.365611
4065, 0.545, -0.1, 0.96, 1.10405, -0.419958, -0.261027
4065, 0.835, 0.5, 1.2, 1.10405, -0.419958, -0.261027
4066, 0.4, -0.4, 1.08, 1.11403, -0.219194, -0.13685
4066, 0.545, -0.1, 1.14, 1.11403, -0.219194, -0.13685
4066, 0.69, 0.2, 1.2, 1.11403, -0.219194, -0.13685
4067, 0.545, -0.1, 1.32, 1.12057, -0, 0
4067, 0.69, 0.2, 1.32, 1.12057, -0, 0
4068, 0.69, 0.32, 0.72, 1.01766, -0.860773, -0.501404
4068, 0.835, 0.56, 1.02, 1.01766, -0.860773, -0.501404
4069, 0.545, 0.08, 0.6, 1.00858, -0.759068, -0.433351
4069, 0.69, 0.32, 0.84, 1.00858, -0.759068, -0.433351
4069, 0.835, 0.56, 1.08, 1.00858, -0.759068, -0.433351
4070, 0.545, 0.08, 0.78, 1.00124, -0.623125, -0.348814
4070, 0.69, 0.32, 0.96, 1.00124, -0.623125, -0.348814
4070, 0.835, 0.56, 1.14, 1.00124, -0.623125, -0.348814
4071, 0.545, 0.08, 0.96, 1.00384, -0.443125, -0.245997
4071, 0.69, 0.32, 1.08, 1.00384, -0.443125, -0.245997
4071, 0.835, 0.56, 1.2, 1.00384, -0.443125, -0.245997
4072, 0.69, 0.32, 1.2, 1.01808, -0.227623, -0.127415
4073, 0.4, -0.16, 1.32, 1.02732, -0, 0
4073, 0.545, 0.08, 1.32, 1.02732, -0, 0
4073, 0.69, 0.32, 1.32, 1.02732, -0, 0
4074, 0.69, 0.44, 0.72, 0.875401, -0.935061, -0.464017
4074, 0.835, 0.62, 1.02, 0.875401, -0.935061, -0.464017
4075, 0.545, 0.26, 0.6, 0.862705, -0.830826, -0.40058
4075, 0.69, 0.44, 0.84, 0.862705, -0.830826, -0.40058
4075, 0.835, 0.62, 1.08, 0.862705, -0.830826, -0.40058
4076, 0.545, 0.26, 0.78, 0.848778, -0.688125, -0.321021
4076, 0.69, 0.44, 0.96, 0.848778, -0.688125, -0.321021
4076, 0.835, 0.62, 1.14, 0.848778, -0.688125, -0.321021
4077, 0.4, 0.08, 0.84, 0.846478, -0.492952, -0.225702
4077, 0.545, 0.26, 0.96, 0.846478, -0.492952, -0.225702
4077, 0.69, 0.44, 1.08, 0.846478, -0.492952, -0.225702
4078, 0.69, 0.44, 1.2, 0.870133, -0.253012, -0.118086
4079, 0.4, 0.08, 1.32, 0.892677, -0, 0
4079, 0.545, 0.26, 1.32, 0.892677, -0, 0
4079, 0.69, 0.44, 1.32, 0.892677, -0, 0
4080, 0.69, 0.56, 0.72, 0.667608, -1.01923, -0.382855
4080, 0.835, 0.68, 1.02, 0.667608, -1.01923, -0.382855
4081, 0.545, 0.44, 0.6, 0.648399, -0.918853, -0.329504
4081, 0.69, 0.56, 0.84, 0.648399, -0.918853, -0.329504
4081, 0.835, 0.68, 1.08, 0.648399, -0.918853, -0.329504
4082, 0.545, 0.44, 0.78, 0.617241, -0.779362, -0.260376
4082, 0.69, 0.56, 0.96, 0.617241, -0.779362, -0.260376
4082, 0.835, 0.68, 1.14, 0.617241, -0.779362, -0.260376
4083, 0.4, 0.32, 0.84, 0.583709, -0.580613, -0.179028
4083, 0.545, 0.44, 0.96, 0.583709, -0.580613, -0.179028
4083, 0.69, 0.56, 1.08, 0.583709, -0.580613, -0.179028
4084, 0.4, 0.32, 1.08, 0.601174, -0.310607, -0.0969873
4084, 0.545, 0.44, 1.14, 0.601174, -0.310607, -0.0969873
4084, 0.69, 0.56, 1.2, 0.601174, -0.310607, -0.0969873
4085, 0.4, 0.32, 1.32, 0.691337, -0, 0
4085, 0.545, 0.44, 1.32, 0.691337, -0, 0
4085, 0.69, 0.56, 1.32, 0.691337, -0, 0
4086, 0.69, 0.68, 0.72, 0.372169, -1.09132, -0.227619
4086, 0.835, 0.74, 1.02, 0.372169, -1.09132, -0.227619
4087, 0.545, 0.62, 0.6, 0.35318, -0.996359, -0.193525
4087, 0.69, 0.68, 0.84, 0.35318, -0.996359, -0.193525
4088, 0.4, 0.56, 0.6, 0.314934, -0.861978, -0.145763
4088, 0.545, 0.62, 0.78, 0.314934, -0.861978, -0.145763
4088, 0.69, 0.68, 0.96, 0.314934, -0.861978, -0.145763
4089, 0.4, 0.56, 0.84, 0.251149, -0.664377, -0.0870426
4089, 0.545, 0.62, 0.96, 0.251149, -0.664377, -0.0870426
4089, 0.69, 0.68, 1.08, 0.251149, -0.664377, -0.0870426
4090, 0.545, 0.62, 1.14, 0.193202, -0.374476, -0.0367136
4091, 0.4, 0.56, 1.32, 0.39234, -0, 0
4091, 0.545, 0.62, 1.32, 0.39234, -0, 0
4092, 0.69, 0.8, 0.72, 0, -1.12057, 0
4093, 0.545, 0.8, 0.6, 0, -1.02732, 0
4093, 0.69, 0.8, 0.84, 0, -1.02732, 0
4094, 0.4, 0.8, 0.6, 0, -0.892677, 0
4094, 0.545, 0.8, 0.78, 0, -0.892677, 0
4094, 0.69, 0.8, 0.96, 0, -0.892677, 0
4095, 0.4, 0.8, 0.84, 0, -0.691337, 0
4095, 0.545, 0.8, 0.96, 0, -0.691337, 0
4095, 0.69, 0.8, 1.08, 0, -0.691337, 0
4096, 0.545, 0.8, 1.14, 0, -0.39234, 0
4098, 0.545, 0.98, 0.42, -0.372169, -1.09132, 0.227619
4098, 0.69, 0.92, 0.72, -0.372169, -1.09132, 0.227619
4099, 0.545, 0.98, 0.6, -0.35318, -0.996359, 0.193525
4099, 0.69, 0.92, 0.84, -0.35318, -0.996359, 0.193525
4100, 0.4, 1.04, 0.6, -0.314934, -0.861978, 0.145763
4100, 0.545, 0.98, 0.78, -0.314934, -0.861978, 0.145763
4100, 0.69, 0.92, 0.96, -0.314934, -0.861978, 0.145763
4101, 0.545, 0.98, 0.96, -0.251149, -0.664377, 0.0870426
4104, 0.69, -0.04, 0.84, 1.25, -0.794685, -0.588011
4104, 0.835, 0.38, 1.2, 1.25, -0.794685, -0.588011
4105, 0.69, -0.04, 0.96, 1.24315, -0.731261, -0.535293
4105, 0.835, 0.38, 1.26, 1.24315, -0.731261, -0.535293
4106, 0.69, -0.04, 1.08, 1.23502, -0.652218, -0.471398
4107, 0.69, -0.04, 1.2, 1.22809, -0.547621, -0.390938
4110, 0.69, 0.08, 0.84, 1.19552, -0.830912, -0.583548
4110, 0.835, 0.44, 1.2, 1.19552, -0.830912, -0.583548
4111, 0.69, 0.08, 0.96, 1.18887, -0.761523, -0.528541
4111, 0.835, 0.44, 1.26, 1.18887, -0.761523, -0.528541
4112, 0.545, -0.28, 0.84, 1.18084, -0.674959, -0.461935
4112, 0.69, 0.08, 1.08, 1.18084, -0.674959, -0.461935
4113, 0.69, 0.08, 1.2, 1.17435, -0.561325, -0.37907
4115, 0.4, -0.64, 1.32, 1.18219, -0.217327, -0.146174
4115, 0.69, 0.08, 1.44, 1.18219, -0.217327, -0.146174
4116, 0.69, 0.2, 0.84, 1.12342, -0.878604, -0.575092
4116, 0.835, 0.5, 1.2, 1.12342, -0.878604, -0.575092
4117, 0.545, -0.1, 0.66, 1.11693, -0.803431, -0.518897
4117, 0.69, 0.2, 0.96, 1.11693, -0.803431, -0.518897
4117, 0.835, 0.5, 1.26, 1.11693, -0.803431, -0.518897
4118, 0.545, -0.1, 0.84, 1.10883, -0.708722, -0.450407
4118, 0.69, 0.2, 1.08, 1.10883, -0.708722, -0.450407
4119, 0.545, -0.1, 1.02, 1.10258, -0.584121, -0.365611
4119, 0.69, 0.2, 1.2, 1.10258, -0.584121, -0.365611
4121, 0.545, -0.1, 1.38, 1.11403, -0.219194, -0.13685
4122, 0.69, 0.32, 0.84, 1.02447, -0.940021, -0.556455
4122, 0.835, 0.56, 1.2, 1.02447, -0.940021, -0.556455
4123, 0.545, 0.08, 0.66, 1.01766, -0.860773, -0.501404
4123, 0.69, 0.32, 0.96, 1.01766, -0.860773, -0.501404
4124, 0.545, 0.08, 0.84, 1.00858, -0.759068, -0.433351
4124, 0.69, 0.32, 1.08, 1.00858, -0.759068, -0.433351
4125, 0.4, -0.16, 0.84, 1.00124, -0.623125, -0.348814
4125, 0.545, 0.08, 1.02, 1.00124, -0.623125, -0.348814
4125, 0.69, 0.32, 1.2, 1.00124, -0.623125, -0.348814
4126, 0.69, 0.32, 1.32, 1.00384, -0.443125, -0.245997
4128, 0.69, 0.44, 0.84, 0.883708, -1.01459, -0.514211
4129, 0.545, 0.26, 0.66, 0.875401, -0.935061, -0.464017
4129, 0.69, 0.44, 0.96, 0.875401, -0.935061, -0.464017
4130, 0.545, 0.26, 0.84, 0.862705, -0.830826, -0.40058
4130, 0.69, 0.44, 1.08, 0.862705, -0.830826, -0.40058
4131, 0.4, 0.08, 0.84, 0.848778, -0.688125, -0.321021
4131, 0.545, 0.26, 1.02, 0.848778, -0.688125, -0.321021
4131, 0.69, 0.44, 1.2, 0.848778, -0.688125, -0.321021
4132, 0.4, 0.08, 1.08, 0.846478, -0.492952, -0.225702
4132, 0.545, 0.26, 1.2, 0.846478, -0.492952, -0.225702
4133, 0.4, 0.08, 1.32, 0.870133, -0.253012, -0.118086
4133, 0.545, 0.26, 1.38, 0.870133, -0.253012, -0.118086
4134, 0.69, 0.56, 0.84, 0.678124, -1.09455, -0.423383
4135, 0.545, 0.44, 0.66, 0.667608, -1.01923, -0.382855
4135, 0.69, 0.56, 0.96, 0.667608, -1.01923, -0.382855
4136, 0.545, 0.44, 0.84, 0.648399, -0.918853, -0.329504
4136, 0.69, 0.56, 1.08, 0.648399, -0.918853, -0.329504
4137, 0.4, 0.32, 0.84, 0.617241, -0.779362, -0.260376
4137, 0.545, 0.44, 1.02, 0.617241, -0.779362, -0.260376
4137, 0.69, 0.56, 1.2, 0.617241, -0.779362, -0.260376
4138, 0.4, 0.32, 1.08, 0.583709, -0.580613, -0.179028
4138, 0.545, 0.44, 1.2, 0.583709, -0.580613, -0.179028
4138, 0.69, 0.56, 1.32, 0.583709, -0.580613, -0.179028
4139, 0.4, 0.32, 1.32, 0.601174, -0.310607, -0.0969873
4139, 0.545, 0.44, 1.38, 0.601174, -0.310607, -0.0969873
4140, 0.69, 0.68, 0.84, 0.381364, -1.16106, -0.251882
4141, 0.545, 0.62, 0.66, 0.372169, -1.09132, -0.227619
4141, 0.69, 0.68, 0.96, 0.372169, -1.09132, -0.227619
4142, 0.4, 0.56, 0.6, 0.35318, -0.996359, -0.193525
4142, 0.545, 0.62, 0.84, 0.35318, -0.996359, -0.193525
4142, 0.69, 0.68, 1.08, 0.35318, -0.996359, -0.193525
4143, 0.4, 0.56, 0.84, 0.314934, -0.861978, -0.145763
4143, 0.545, 0.62, 1.02, 0.314934, -0.861978, -0.145763
4143, 0.69, 0.68, 1.2, 0.314934, -0.861978, -0.145763
4144, 0.4, 0.56, 1.08, 0.251149, -0.664377, -0.0870426
4144, 0.545, 0.62, 1.2, 0.251149, -0.664377, -0.0870426
4145, 0.545, 0.62, 1.38, 0.193202, -0.374476, -0.0367136
4146, 0.69, 0.8, 0.84, 0, -1.1879, 0
4147, 0.545, 0.8, 0.66, 0, -1.12057, 0
4147, 0.69, 0.8, 0.96, 0, -1.12057, 0
4148, 0.4, 0.8, 0.6, 0, -1.02732, 0
4148, 0.545, 0.8, 0.84, 0, -1.02732, 0
4148, 0.69, 0.8, 1.08, 0, -1.02732, 0
4149, 0.4, 0.8, 0.84, 0, -0.892677, 0
4149, 0.545, 0.8, 1.02, 0, -0.892677, 0
4150, 0.4, 0.8, 1.08, 0, -0.691337, 0
4152, 0.545, 0.98, 0.48, -0.381364, -1.16106, 0.251882
4152, 0.69, 0.92, 0.84, -0.381364, -1.16106, 0.251882
4153, 0.545, 0.98, 0.66, -0.372169, -1.09132, 0.227619
4153, 0.69, 0.92, 0.96, -0.372169, -1.09132, 0.227619
4154, 0.4, 1.04, 0.6, -0.35318, -0.996359, 0.193525
4154, 0.545, 0.98, 0.84, -0.35318, -0.996359, 0.193525
4155, 0.4, 1.04, 0.84, -0.314934, -0.861978, 0.145763
4158, 0.05, -0.04, 1.455, 0.727281, -0.128618, -0.0490052
4159, 0.05, 0.08, 1.455, 0.651002, -0.122665, -0.0414462
4160, 0.05, 0.2, 1.455, 0.563832, -0.117315, -0.0340135
4161, 0.05, 0.32, 1.455, 0.463684, -0.113203, -0.0267527
4162, -0.415, 0.26, 1.4025, 0.346229, -0.111014, -0.0194318
4162, 0.05, 0.44, 1.455, 0.346229, -0.111014, -0.0194318
4163, -0.415, 0.44, 1.4025, 0.202501, -0.111014, -0.0112903
4163, 0.05, 0.56, 1.455, 0.202501, -0.111014, -0.0112903
4164, 0.17, -0.04, 1.455, 0.796217, -0.13925, -0.0586416
4165, 0.17, 0.08, 1.455, 0.718725, -0.133715, -0.0502977
4166, 0.17, 0.2, 1.455, 0.628193, -0.128902, -0.0419258
4167, -0.235, 0.08, 1.4025, 0.521622, -0.125601, -0.0335628
4167, 0.17, 0.32, 1.455, 0.521622, -0.125601, -0.0335628
4168, -0.235, 0.26, 1.4025, 0.393349, -0.124629, -0.0248633
4168, 0.17, 0.44, 1.455, 0.393349, -0.124629, -0.0248633
4169, -0.235, 0.44, 1.4025, 0.232152, -0.126138, -0.014727
4169, 0.17, 0.56, 1.455, 0.232152, -0.126138, -0.014727
4170, 0.29, -0.04, 1.455, 0.875901, -0.150907, -0.0707714
4171, 0.29, 0.08, 1.455, 0.798839, -0.146065, -0.0617458
4172, -0.055, -0.1, 1.4025, 0.706403, -0.142155, -0.0524833
4172, 0.29, 0.2, 1.455, 0.706403, -0.142155, -0.0524833
4173, -0.055, 0.08, 1.4025, 0.594207, -0.14024, -0.0430007
4173, 0.29, 0.32, 1.455, 0.594207, -0.14024, -0.0430007
4174, -0.055, 0.26, 1.4025, 0.454389, -0.141426, -0.0327473
4174, 0.29, 0.44, 1.455, 0.454389, -0.141426, -0.0327473
4175, -0.4, 0.32, 1.35, 0.271847, -0.145707, -0.0199626
4175, -0.055, 0.44, 1.4025, 0.271847, -0.145707, -0.0199626
4175, 0.29, 0.56, 1.455, 0.271847, -0.145707, -0.0199626
4176, 0.125, -0.46, 1.4025, 0.967789, -0.163358, -0.0859944
4176, 0.41, -0.04, 1.455, 0.967789, -0.163358, -0.0859944
4177, 0.125, -0.28, 1.4025, 0.893727, -0.159532, -0.0765716
4177, 0.41, 0.08, 1.455, 0.893727, -0.159532, -0.0765716
4178, 0.125, -0.1, 1.4025, 0.802122, -0.156963, -0.0666715
4178, 0.41, 0.2, 1.455, 0.802122, -0.156963, -0.0666715
4179, 0.125, 0.08, 1.4025, 0.68664, -0.15723, -0.0563074
4179, 0.41, 0.32, 1.455, 0.68664, -0.15723, -0.0563074
4180, -0.16, 0.08, 1.35, 0.535867, -0.162154, -0.0446073
4180, 0.125, 0.26, 1.4025, 0.535867, -0.162154, -0.0446073
4180, 0.41, 0.44, 1.455, 0.535867, -0.162154, -0.0446073
4181, -0.16, 0.32, 1.35, 0.327578, -0.171723, -0.0284485
4181, 0.125, 0.44, 1.4025, 0.327578, -0.171723, -0.0284485
4182, 0.305, -0.46, 1.4025, 1.07298, -0.176064, -0.104875
4182, 0.53, -0.04, 1.455, 1.07298, -0.176064, -0.104875
4183, 0.305, -0.28, 1.4025, 1.00562, -0.17355, -0.095613
4183, 0.53, 0.08, 1.455, 1.00562, -0.17355, -0.095613
4184, 0.305, -0.1, 1.4025, 0.91945, -0.172702, -0.0856665
4184, 0.53, 0.2, 1.455, 0.91945, -0.172702, -0.0856665
4185, 0.08, -0.16, 1.35, 0.805838, -0.175982, -0.0751689
4185, 0.305, 0.08, 1.4025, 0.805838, -0.175982, -0.0751689
4185, 0.53, 0.32, 1.455, 0.805838, -0.175982, -0.0751689
4186, 0.08, 0.08, 1.35, 0.648213, -0.187041, -0.063
4186, 0.305, 0.26, 1.4025, 0.648213, -0.187041, -0.063
4186, 0.53, 0.44, 1.455, 0.648213, -0.187041, -0.063
4187, 0.08, 0.32, 1.35, 0.410958, -0.207099, -0.0433119
4187, 0.305, 0.44, 1.4025, 0.410958, -0.207099, -0.0433119
4188, 0.485, -0.46, 1.4025, 1.19173, -0.18806, -0.127724
4188, 0.65, -0.04, 1.455, 1.19173, -0.18806, -0.127724
4189, 0.485, -0.28, 1.4025, 1.13588, -0.186988, -0.119517
4189, 0.65, 0.08, 1.455, 1.13588, -0.186988, -0.119517
4190, 0.485, -0.1, 1.4025, 1.06197, -0.187856, -0.11053
4190, 0.65, 0.2, 1.455, 1.06197, -0.187856, -0.11053
4191, 0.32, -0.16, 1.35, 0.959783, -0.194215, -0.101316
4191, 0.485, 0.08, 1.4025, 0.959783, -0.194215, -0.101316
4192, 0.32, 0.08, 1.35, 0.807412, -0.213669, -0.0915575
4192, 0.485, 0.26, 1.4025, 0.807412, -0.213669, -0.0915575
4193, 0.32, 0.32, 1.35, 0.546699, -0.254588, -0.0717354
4193, 0.485, 0.44, 1.4025, 0.546699, -0.254588, -0.0717354
4195, 0.665, -0.28, 1.4025, 1.28378, -0.198124, -0.148308
4196, 0.665, -0.1, 1.4025, 1.23064, -0.20001, -0.141617
4197, 0.56, -0.16, 1.35, 1.15409, -0.207275, -0.135205
4197, 0.665, 0.08, 1.4025, 1.15409, -0.207275, -0.135205
4198, 0.56, 0.08, 1.35, 1.03244, -0.231682, -0.131892
4198, 0.665, 0.26, 1.4025, 1.03244, -0.231682, -0.131892
4199, 0.56, 0.32, 1.35, 0.789226, -0.305204, -0.127926
4199, 0.665, 0.44, 1.4025, 0.789226, -0.305204, -0.127926
4204, 0.8, 0.08, 1.35, 1.3258, -0.226214, -0.176914
4212, 0.69, -0.04, 0.96, 1.25481, -0.848463, -0.633017
4213, 0.69, -0.04, 1.08, 1.25, -0.794685, -0.588011
4214, 0.69, -0.04, 1.2, 1.24315, -0.731261, -0.535293
4215, 0.545, -0.46, 1.08, 1.23502, -0.652218, -0.471398
4215, 0.69, -0.04, 1.32, 1.23502, -0.652218, -0.471398
4216, 0.69, -0.04, 1.44, 1.22809, -0.547621, -0.390938
4218, 0.69, 0.08, 0.96, 1.19996, -0.889292, -0.63019
4219, 0.69, 0.08, 1.08, 1.19552, -0.830912, -0.583548
4220, 0.545, -0.28, 0.9, 1.18887, -0.761523, -0.528541
4220, 0.69, 0.08, 1.2, 1.18887, -0.761523, -0.528541
4221, 0.545, -0.28, 1.08, 1.18084, -0.674959, -0.461935
4221, 0.69, 0.08, 1.32, 1.18084, -0.674959, -0.461935
4222, 0.69, 0.08, 1.44, 1.17435, -0.561325, -0.37907
4223, 0.4, -0.64, 1.32, 1.17432, -0.409551, -0.274671
4224, 0.69, 0.2, 0.96, 1.12753, -0.940897, -0.62212
4225, 0.545, -0.1, 0.72, 1.12342, -0.878604, -0.575092
4225, 0.69, 0.2, 1.08, 1.12342, -0.878604, -0.575092
4226, 0.545, -0.1, 0.9, 1.11693, -0.803431, -0.518897
4226, 0.69, 0.2, 1.2, 1.11693, -0.803431, -0.518897
4227, 0.545, -0.1, 1.08, 1.10883, -0.708722, -0.450407
4227, 0.69, 0.2, 1.32, 1.10883, -0.708722, -0.450407
4228, 0.545, -0.1, 1.26, 1.10258, -0.584121, -0.365611
4228, 0.69, 0.2, 1.44, 1.10258, -0.584121, -0.365611
4229, 0.4, -0.4, 1.32, 1.10405, -0.419958, -0.261027
4230, 0.69, 0.32, 0.96, 1.0286, -1.00429, -0.60166
4231, 0.545, 0.08, 0.72, 1.02447, -0.940021, -0.556455
4231, 0.69, 0.32, 1.08, 1.02447, -0.940021, -0.556455
4232, 0.545, 0.08, 0.9, 1.01766, -0.860773, -0.501404
4232, 0.69, 0.32, 1.2, 1.01766, -0.860773, -0.501404
4233, 0.4, -0.16, 0.84, 1.00858, -0.759068, -0.433351
4233, 0.545, 0.08, 1.08, 1.00858, -0.759068, -0.433351
4233, 0.69, 0.32, 1.32, 1.00858, -0.759068, -0.433351
4234, 0.545, 0.08, 1.26, 1.00124, -0.623125, -0.348814
4235, 0.545, 0.08, 1.44, 1.00384, -0.443125, -0.245997
4236, 0.69, 0.44, 0.96, 0.88849, -1.07758, -0.554412
4237, 0.545, 0.26, 0.72, 0.883708, -1.01459, -0.514211
4237, 0.69, 0.44, 1.08, 0.883708, -1.01459, -0.514211
4238, 0.545, 0.26, 0.9, 0.875401, -0.935061, -0.464017
4238, 0.69, 0.44, 1.2, 0.875401, -0.935061, -0.464017
4239, 0.4, 0.08, 0.84, 0.862705, -0.830826, -0.40058
4239, 0.545, 0.26, 1.08, 0.862705, -0.830826, -0.40058
4239, 0.69, 0.44, 1.32, 0.862705, -0.830826, -0.40058
4240, 0.4, 0.08, 1.08, 0.848778, -0.688125, -0.321021
4240, 0.545, 0.26, 1.26, 0.848778, -0.688125, -0.321021
4242, 0.69, 0.56, 0.96, 0.68377, -1.15293, -0.454708
4243, 0.545, 0.44, 0.72, 0.678124, -1.09455, -0.423383
4243, 0.69, 0.56, 1.08, 0.678124, -1.09455, -0.423383
4244, 0.545, 0.44, 0.9, 0.667608, -1.01923, -0.382855
4244, 0.69, 0.56, 1.2, 0.667608, -1.01923, -0.382855
4245, 0.4, 0.32, 0.84, 0.648399, -0.918853, -0.329504
4245, 0.545, 0.44, 1.08, 0.648399, -0.918853, -0.329504
4245, 0.69, 0.56, 1.32, 0.648399, -0.918853, -0.329504
4246, 0.4, 0.32, 1.08, 0.617241, -0.779362, -0.260376
4246, 0.545, 0.44, 1.26, 0.617241, -0.779362, -0.260376
4247, 0.4, 0.32, 1.32, 0.583709, -0.580613, -0.179028
4247, 0.545, 0.44, 1.44, 0.583709, -0.580613, -0.179028
4248, 0.69, 0.68, 0.96, 0.385996, -1.21397, -0.269782
4249, 0.545, 0.62, 0.72, 0.381364, -1.16106, -0.251882
4249, 0.69, 0.68, 1.08, 0.381364, -1.16106, -0.251882
4250, 0.4, 0.56, 0.6, 0.372169, -1.09132, -0.227619
4250, 0.545, 0.62, 0.9, 0.372169, -1.09132, -0.227619
4250, 0.69, 0.68, 1.2, 0.372169, -1.09132, -0.227619
4251, 0.4, 0.56, 0.84, 0.35318, -0.996359, -0.193525
4251, 0.545, 0.62, 1.08, 0.35318, -0.996359, -0.193525
4252, 0.4, 0.56, 1.08, 0.314934, -0.861978, -0.145763
4252, 0.545, 0.62, 1.26, 0.314934, -0.861978, -0.145763
4254, 0.545, 0.8, 0.54, 0, -1.23837, 0
4254, 0.69, 0.8, 0.96, 0, -1.23837, 0
4255, 0.545, 0.8, 0.72, 0, -1.1879, 0
4255, 0.69, 0.8, 1.08, 0, -1.1879, 0
4256, 0.4, 0.8, 0.6, 0, -1.12057, 0
4256, 0.545, 0.8, 0.9, 0, -1.12057, 0
4257, 0.4, 0.8, 0.84, 0, -1.02732, 0
4257, 0.545, 0.8, 1.08, 0, -1.02732, 0
4258, 0.4, 0.8, 1.08, 0, -0.892677, 0
4258, 0.545, 0.8, 1.26, 0, -0.892677, 0
4260, 0.545, 0.98, 0.54, -0.385996, -1.21397, 0.269782
4261, 0.545, 0.98, 0.72, -0.381364, -1.16106, 0.251882
4262, 0.4, 1.04, 0.6, -0.372169, -1.09132, 0.227619
4262, 0.545, 0.98, 0.9, -0.372169, -1.09132, 0.227619
4263, 0.4, 1.04, 0.84, -0.35318, -0.996359, 0.193525
4266, 0.05, -0.04, 1.575, 0.709762, -0.261656, -0.0974415
4268, -0.415, -0.1, 1.4625, 0.543558, -0.243106, -0.0680568
4268, 0.05, 0.2, 1.575, 0.543558, -0.243106, -0.0680568
4269, -0.415, 0.08, 1.4625, 0.439208, -0.236856, -0.0531032
4270, -0.415, 0.26, 1.4625, 0.315944, -0.234044, -0.0374497
4272, -0.235, -0.46, 1.4625, 0.778854, -0.282732, -0.116676
4272, 0.17, -0.04, 1.575, 0.778854, -0.282732, -0.116676
4273, -0.235, -0.28, 1.4625, 0.700302, -0.274032, -0.100622
4273, 0.17, 0.08, 1.575, 0.700302, -0.274032, -0.100622
4274, -0.235, -0.1, 1.4625, 0.607505, -0.266844, -0.0840933
4274, 0.17, 0.2, 1.575, 0.607505, -0.266844, -0.0840933
4275, -0.235, 0.08, 1.4625, 0.496094, -0.262568, -0.0668584
4276, -0.235, 0.26, 1.4625, 0.360754, -0.262384, -0.0481152
4277, -0.64, 0.32, 1.35, 0.206668, -0.265692, -0.0277147
4277, -0.235, 0.44, 1.4625, 0.206668, -0.265692, -0.0277147
4278, -0.055, -0.46, 1.4625, 0.85925, -0.30566, -0.140911
4278, 0.29, -0.04, 1.575, 0.85925, -0.30566, -0.140911
4279, -0.4, -0.64, 1.35, 0.780876, -0.298794, -0.123739
4279, -0.055, -0.28, 1.4625, 0.780876, -0.298794, -0.123739
4279, 0.29, 0.08, 1.575, 0.780876, -0.298794, -0.123739
4280, -0.055, -0.1, 1.4625, 0.685866, -0.293911, -0.105602
4281, -0.055, 0.08, 1.4625, 0.56816, -0.292864, -0.0860727
4282, -0.055, 0.26, 1.4625, 0.419662, -0.297196, -0.0637409
4283, -0.4, 0.32, 1.35, 0.243651, -0.305562, -0.0376999
4283, -0.055, 0.44, 1.4625, 0.243651, -0.305562, -0.0376999
4284, 0.125, -0.46, 1.4625, 0.952663, -0.329908, -0.171359
4285, 0.125, -0.28, 1.4625, 0.877082, -0.325616, -0.153773
4286, 0.125, -0.1, 1.4625, 0.782699, -0.324076, -0.134703
4287, 0.125, 0.08, 1.4625, 0.661177, -0.327998, -0.113461
4288, 0.125, 0.26, 1.4625, 0.49982, -0.33995, -0.0875605
4289, 0.125, 0.44, 1.4625, 0.296591, -0.357722, -0.054005
4290, 0.305, -0.46, 1.4625, 1.06048, -0.354354, -0.209171
4293, 0.08, -0.16, 1.35, 0.782959, -0.366974, -0.152906
4293, 0.305, 0.08, 1.4625, 0.782959, -0.366974, -0.152906
4294, 0.08, 0.08, 1.35, 0.613044, -0.39119, -0.12525
4294, 0.305, 0.26, 1.4625, 0.613044, -0.39119, -0.12525
4295, 0.305, 0.44, 1.4625, 0.377905, -0.426973, -0.0828676
4298, 0.485, -0.1, 1.4625, 1.04964, -0.387211, -0.226063
4299, 0.485, 0.08, 1.4625, 0.942423, -0.405951, -0.208953
4300, 0.485, 0.26, 1.4625, 0.777744, -0.447227, -0.185825
4301, 0.32, 0.32, 1.35, 0.514585, -0.51704, -0.138936
4301, 0.485, 0.44, 1.4625, 0.514585, -0.51704, -0.138936
4305, 0.665, 0.08, 1.4625, 1.14491, -0.43716, -0.284364
4306, 0.56, 0.08, 1.35, 1.01451, -0.493388, -0.278101
4307, 0.56, 0.32, 1.35, 0.764185, -0.615362, -0.254013
4320, 0.545, -0.4, 0.12, 1.27743, -0, 0
4320, 0.69, 0.08, 0.12, 1.27743, -0, 0
4320, 0.835, 0.56, 0.12, 1.27743, -0, 0
4321, 0.545, -0.4, 0.3, 1.2726, 0.21885, 0.161983
4321, 0.69, 0.08, 0.24, 1.2726, 0.21885, 0.161983
4321, 0.835, 0.56, 0.18, 1.2726, 0.21885, 0.161983
4322, 0.69, 0.08, 0.36, 1.26747, 0.402791, 0.297838
4322, 0.835, 0.56, 0.24, 1.26747, 0.402791, 0.297838
4323, 0.545, -0.4, 0.66, 1.26995, 0.539014, 0.401542
4323, 0.69, 0.08, 0.48, 1.26995, 0.539014, 0.401542
4323, 0.835, 0.56, 0.3, 1.26995, 0.539014, 0.401542
4324, 0.545, -0.4, 0.84, 1.27733, 0.636536, 0.479818
4324, 0.69, 0.08, 0.6, 1.27733, 0.636536, 0.479818
4325, 0.545, -0.4, 1.02, 1.28556, 0.709226, 0.540972
4325, 0.69, 0.08, 0.72, 1.28556, 0.709226, 0.540972
4326, 0.4, -0.64, 0.12, 1.23837, -0, 0
4326, 0.545, -0.22, 0.12, 1.23837, -0, 0
4326, 0.69, 0.2, 0.12, 1.23837, -0, 0
4326, 0.835, 0.62, 0.12, 1.23837, -0, 0
4327, 0.545, -0.22, 0.3, 1.23314, 0.217745, 0.154629
4327, 0.69, 0.2, 0.24, 1.23314, 0.217745, 0.154629
4327, 0.835, 0.62, 0.18, 1.23314, 0.217745, 0.154629
4328, 0.4, -0.64, 0.6, 1.22676, 0.404871, 0.286985
4328, 0.545, -0.22, 0.48, 1.22676, 0.404871, 0.286985
4328, 0.69, 0.2, 0.36, 1.22676, 0.404871, 0.286985
4328, 0.835, 0.62, 0.24, 1.22676, 0.404871, 0.286985
4329, 0.545, -0.22, 0.66, 1.22809, 0.547621, 0.390938
4329, 0.835, 0.62, 0.3, 1.22809, 0.547621, 0.390938
4330, 0.545, -0.22, 0.84, 1.23502, 0.652218, 0.471398
4330, 0.69, 0.2, 0.6, 1.23502, 0.652218, 0.471398
4330, 0.835, 0.62, 0.36, 1.23502, 0.652218, 0.471398
4331, 0.545, -0.22, 1.02, 1.24315, 0.731261, 0.535293
4331, 0.69, 0.2, 0.72, 1.24315, 0.731261, 0.535293
4332, 0.4, -0.4, 0.12, 1.1879, -0, 0
4332, 0.545, -0.04, 0.12, 1.1879, -0, 0
4332, 0.69, 0.32, 0.12, 1.1879, -0, 0
4332, 0.835, 0.68, 0.12, 1.1879, -0, 0
4333, 0.4, -0.4, 0.36, 1.18219, 0.217327, 0.146174
4333, 0.545, -0.04, 0.3, 1.18219, 0.217327, 0.146174
4333, 0.69, 0.32, 0.24, 1.18219, 0.217327, 0.146174
4333, 0.835, 0.68, 0.18, 1.18219, 0.217327, 0.146174
4334, 0.545, -0.04, 0.48, 1.17432, 0.409551, 0.274671
4334, 0.69, 0.32, 0.36, 1.17432, 0.409551, 0.274671
4334, 0.835, 0.68, 0.24, 1.17432, 0.409551, 0.274671
4335, 0.835, 0.68, 0.3, 1.17435, 0.561325, 0.37907
4336, 0.545, -0.04, 0.84, 1.18084, 0.674959, 0.461935
4336, 0.69, 0.32, 0.6, 1.18084, 0.674959, 0.461935
4336, 0.835, 0.68, 0.36, 1.18084, 0.674959, 0.461935
4337, 0.545, -0.04, 1.02, 1.18887, 0.761523, 0.528541
4337, 0.69, 0.32, 0.72, 1.18887, 0.761523, 0.528541
4338, 0.4, -0.16, 0.12, 1.12057, -0, 0
4338, 0.545, 0.14, 0.12, 1.12057, -0, 0
4338, 0.69, 0.44, 0.12, 1.12057, -0, 0
4338, 0.835, 0.74, 0.12, 1.12057, -0, 0
4339, 0.545, 0.14, 0.3, 1.11403, 0.219194, 0.13685
4339, 0.69, 0.44, 0.24, 1.11403, 0.219194, 0.13685
4339, 0.835, 0.74, 0.18, 1.11403, 0.219194, 0.13685
4340, 0.545, 0.14, 0.48, 1.10405, 0.419958, 0.261027
4340, 0.69, 0.44, 0.36, 1.10405, 0.419958, 0.261027
4340, 0.835, 0.74, 0.24, 1.10405, 0.419958, 0.261027
4341, 0.4, -0.16, 0.84, 1.10258, 0.584121, 0.365611
4341, 0.545, 0.14, 0.66, 1.10258, 0.584121, 0.365611
4341, 0.835, 0.74, 0.3, 1.10258, 0.584121, 0.365611
4342, 0.4, -0.16, 1.08, 1.10883, 0.708722, 0.450407
4342, 0.545, 0.14, 0.84, 1.10883, 0.708722, 0.450407
4342, 0.69, 0.44, 0.6, 1.10883, 0.708722, 0.450407
4342, 0.835, 0.74, 0.36, 1.10883, 0.708722, 0.450407
4343, 0.545, 0.14, 1.02, 1.11693, 0.803431, 0.518897
4343, 0.69, 0.44, 0.72, 1.11693, 0.803431, 0.518897
4343, 0.835, 0.74, 0.42, 1.11693, 0.803431, 0.518897
4344, 0.545, 0.32, 0.12, 1.02732, -0, 0
4344, 0.69, 0.56, 0.12, 1.02732, -0, 0
4344, 0.835, 0.8, 0.12, 1.02732, -0, 0
4345, 0.545, 0.32, 0.3, 1.01808, 0.227623, 0.127415
4345, 0.69, 0.56, 0.24, 1.01808, 0.227623, 0.127415
4345, 0.835, 0.8, 0.18, 1.01808, 0.227623, 0.127415
4346, 0.545, 0.32, 0.48, 1.00384, 0.443125, 0.245997
4346, 0.69, 0.56, 0.36, 1.00384, 0.443125, 0.245997
4346, 0.835, 0.8, 0.24, 1.00384, 0.443125, 0.245997
4347, 0.4, 0.08, 0.84, 1.00124, 0.623125, 0.348814
4347, 0.545, 0.32, 0.66, 1.00124, 0.623125, 0.348814
4347, 0.69, 0.56, 0.48, 1.00124, 0.623125, 0.348814
4347, 0.835, 0.8, 0.3, 1.00124, 0.623125, 0.348814
4348, 0.4, 0.08, 1.08, 1.00858, 0.759068, 0.433351
4348, 0.545, 0.32, 0.84, 1.00858, 0.759068, 0.433351
4348, 0.69, 0.56, 0.6, 1.00858, 0.759068, 0.433351
4348, 0.835, 0.8, 0.36, 1.00858, 0.759068, 0.433351
4349, 0.4, 0.08, 1.32, 1.01766, 0.860773, 0.501404
4349, 0.545, 0.32, 1.02, 1.01766, 0.860773, 0.501404
4349, 0.69, 0.56, 0.72, 1.01766, 0.860773, 0.501404
4349, 0.835, 0.8, 0.42, 1.01766, 0.860773, 0.501404
4350, 0.4, 0.32, 0.12, 0.892677, -0, 0
4350, 0.545, 0.5, 0.12, 0.892677, -0, 0
4350, 0.69, 0.68, 0.12, 0.892677, -0, 0
4350, 0.835, 0.86, 0.12, 0.892677, -0, 0
4351, 0.545, 0.5, 0.3, 0.870133, 0.253012, 0.118086
4351, 0.69, 0.68, 0.24, 0.870133, 0.253012, 0.118086
4351, 0.835, 0.86, 0.18, 0.870133, 0.253012, 0.118086
4352, 0.545, 0.5, 0.48, 0.846478, 0.492952, 0.225702
4352, 0.69, 0.68, 0.36, 0.846478, 0.492952, 0.225702
4352, 0.835, 0.86, 0.24, 0.846478, 0.492952, 0.225702
4353, 0.4, 0.32, 0.84, 0.848778, 0.688125, 0.321021
4353, 0.545, 0.5, 0.66, 0.848778, 0.688125, 0.321021
4353, 0.69, 0.68, 0.48, 0.848778, 0.688125, 0.321021
4353, 0.835, 0.86, 0.3, 0.848778, 0.688125, 0.321021
4354, 0.4, 0.32, 1.08, 0.862705, 0.830826, 0.40058
4354, 0.545, 0.5, 0.84, 0.862705, 0.830826, 0.40058
4354, 0.69, 0.68, 0.6, 0.862705, 0.830826, 0.40058
4354, 0.835, 0.86, 0.36, 0.862705, 0.830826, 0.40058
4355, 0.4, 0.32, 1.32, 0.875401, 0.935061, 0.464017
4355, 0.545, 0.5, 1.02, 0.875401, 0.935061, 0.464017
4355, 0.69, 0.68, 0.72, 0.875401, 0.935061, 0.464017
4355, 0.835, 0.86, 0.42, 0.875401, 0.935061, 0.464017
4356, 0.4, 0.56, 0.12, 0.691337, -0, 0
4356, 0.545, 0.68, 0.12, 0.691337, -0, 0
4356, 0.69, 0.8, 0.12, 0.691337, -0, 0
4357, 0.4, 0.56, 0.36, 0.601174, 0.310607, 0.0969873
4357, 0.545, 0.68, 0.3, 0.601174, 0.310607, 0.0969873
4357, 0.69, 0.8, 0.24, 0.601174, 0.310607, 0.0969873
4357, 0.835, 0.92, 0.18, 0.601174, 0.310607, 0.0969873
4358, 0.4, 0.56, 0.6, 0.583709, 0.580613, 0.179028
4358, 0.545, 0.68, 0.48, 0.583709, 0.580613, 0.179028
4358, 0.69, 0.8, 0.36, 0.583709, 0.580613, 0.179028
4358, 0.835, 0.92, 0.24, 0.583709, 0.580613, 0.179028
4359, 0.4, 0.56, 0.84, 0.617241, 0.779362, 0.260376
4359, 0.545, 0.68, 0.66, 0.617241, 0.779362, 0.260376
4359, 0.835, 0.92, 0.3, 0.617241, 0.779362, 0.260376
4360, 0.4, 0.56, 1.08, 0.648399, 0.918853, 0.329504
4360, 0.545, 0.68, 0.84, 0.648399, 0.918853, 0.329504
4360, 0.69, 0.8, 0.6, 0.648399, 0.918853, 0.329504
4360, 0.835, 0.92, 0.36, 0.648399, 0.918853, 0.329504
4361, 0.4, 0.56, 1.32, 0.667608, 1.01923, 0.382855
4361, 0.545, 0.68, 1.02, 0.667608, 1.01923, 0.382855
4361, 0.69, 0.8, 0.72, 0.667608, 1.01923, 0.382855
4361, 0.835, 0.92, 0.42, 0.667608, 1.01923, 0.382855
4362, 0.4, 0.8, 0.12, 0.39234, -0, 0
4362, 0.545, 0.86, 0.12, 0.39234, -0, 0
4362, 0.69, 0.92, 0.12, 0.39234, -0, 0
4363, 0.4, 0.8, 0.36, 0.193202, 0.374476, 0.0367136
4363, 0.545, 0.86, 0.3, 0.193202, 0.374476, 0.0367136
4363, 0.69, 0.92, 0.24, 0.193202, 0.374476, 0.0367136
4364, 0.4, 0.8, 0.6, 0.251149, 0.664377, 0.0870426
4364, 0.69, 0.92, 0.36, 0.251149, 0.664377, 0.0870426
4365, 0.4, 0.8, 0.84, 0.314934, 0.861978, 0.145763
4366, 0.4, 0.8, 1.08, 0.35318, 0.996359, 0.193525
4366, 0.545, 0.86, 0.84, 0.35318, 0.996359, 0.193525
4366, 0.69, 0.92, 0.6, 0.35318, 0.996359, 0.193525
4367, 0.545, 0.86, 1.02, 0.372169, 1.09132, 0.227619
4367, 0.69, 0.92, 0.72, 0.372169, 1.09132, 0.227619
4369, 0.545, 1.04, 0.3, 0, 0.39234, 0
4371, 0.4, 1.04, 0.84, 0, 0.892677, 0
4374, 0.05, 1.01, 0.12, 0.0322469, -0, 0
4375, -0.415, 0.995, 0.3, 0.00803443, 0.128289, 0.000516075
4375, 0.515, 1.025, 0.18, 0.00803443, 0.128289, 0.000516075
4376, -0.415, 0.995, 0.48, 0.0145078, 0.25248, 0.00184129
4376, 0.515, 1.025, 0.24, 0.0145078, 0.25248, 0.00184129
4377, -0.415, 0.995, 0.66, 0.0197988, 0.369216, 0.00369722
4377, 0.515, 1.025, 0.3, 0.0197988, 0.369216, 0.00369722
4378, -0.415, 0.995, 0.84, 0.0237129, 0.476308, 0.00575681
4380, -0.235, 0.995, 0.12, 0.0370201, -0, 0
4380, 0.17, 1.01, 0.12, 0.0370201, -0, 0
4381, -0.235, 0.995, 0.3, 0.00924784, 0.147026, 0.000681071
4381, 0.575, 1.025, 0.18, 0.00924784, 0.147026, 0.000681071
4382, -0.235, 0.995, 0.48, 0.0167885, 0.287945, 0.00243399
4382, 0.575, 1.025, 0.24, 0.0167885, 0.287945, 0.00243399
4384, -0.235, 0.995, 0.84, 0.0276254, 0.534727, 0.00756765
4386, -0.4, 0.98, 0.12, 0.0434509, -0, 0
4386, -0.055, 0.995, 0.12, 0.0434509, -0, 0
4386, 0.29, 1.01, 0.12, 0.0434509, -0, 0
4387, -0.4, 0.98, 0.36, 0.0108985, 0.172107, 0.000940185
4387, 0.29, 1.01, 0.24, 0.0108985, 0.172107, 0.000940185
4387, 0.635, 1.025, 0.18, 0.0108985, 0.172107, 0.000940185
4388, -0.4, 0.98, 0.6, 0.0199449, 0.334564, 0.003368
4388, 0.635, 1.025, 0.24, 0.0199449, 0.334564, 0.003368
4389, -0.4, 0.98, 0.84, 0.0275212, 0.480624, 0.00674439
4389, 0.635, 1.025, 0.3, 0.0275212, 0.480624, 0.00674439
4392, -0.16, 0.98, 0.12, 0.0525831, -0, 0
4392, 0.125, 0.995, 0.12, 0.0525831, -0, 0
4392, 0.41, 1.01, 0.12, 0.0525831, -0, 0
4393, -0.16, 0.98, 0.36, 0.0132792, 0.20735, 0.00138169
4393, 0.125, 0.995, 0.3, 0.0132792, 0.20735, 0.00138169
4393, 0.41, 1.01, 0.24, 0.0132792, 0.20735, 0.00138169
4397, 0.125, 0.995, 1.02, 0.0456447, 0.810444, 0.0195826
4398, 0.08, 0.98, 0.12, 0.0665682, -0, 0
4398, 0.305, 0.995, 0.12, 0.0665682, -0, 0
4399, 0.08, 0.98, 0.36, 0.0170256, 0.260312, 0.00222864
4399, 0.53, 1.01, 0.24, 0.0170256, 0.260312, 0.00222864
4400, 0.08, 0.98, 0.6, 0.0322456, 0.489411, 0.00805271
4401, 0.305, 0.995, 0.66, 0.0453384, 0.673986, 0.015887
4402, 0.08, 0.98, 1.08, 0.0543164, 0.816759, 0.0235077
4402, 0.305, 0.995, 0.84, 0.0543164, 0.816759, 0.0235077
4403, 0.305, 0.995, 1.02, 0.0595872, 0.926364, 0.0297655
4404, 0.32, 0.98, 0.12, 0.0906599, -0, 0
4404, 0.485, 0.995, 0.12, 0.0906599, -0, 0
4405, 0.485, 0.995, 0.3, 0.0238382, 0.348081, 0.0041914
4405, 0.65, 1.01, 0.24, 0.0238382, 0.348081, 0.0041914
4406, 0.32, 0.98, 0.6, 0.0469271, 0.627628, 0.0152321
4407, 0.32, 0.98, 0.84, 0.0664117, 0.827365, 0.0291645
4409, 0.65, 1.01, 0.72, 0.0841857, 1.06638, 0.0497061
4410, 0.665, 0.995, 0.12, 0.141897, -0, 0
4411, 0.665, 0.995, 0.3, 0.040344, 0.516916, 0.0106671
4413, 0.56, 0.98, 0.84, 0.116744, 1.03926, 0.0668365
4413, 0.665, 0.995, 0.66, 0.116744, 1.03926, 0.0668365
4428, 0.545, -0.4, 0.18, 1.2726, -0.21885, -0.161983
4428, 0.69, 0.08, 0.24, 1.2726, -0.21885, -0.161983
4428, 0.835, 0.56, 0.3, 1.2726, -0.21885, -0.161983
4429, 0.545, -0.4, 0.36, 1.27743, -0, 0
4429, 0.69, 0.08, 0.36, 1.27743, -0, 0
4429, 0.835, 0.56, 0.36, 1.27743, -0, 0
4430, 0.835, 0.56, 0.42, 1.2726, 0.21885, 0.161983
4431, 0.545, -0.4, 0.72, 1.26747, 0.402791, 0.297838
4431, 0.835, 0.56, 0.48, 1.26747, 0.402791, 0.297838
4432, 0.545, -0.4, 0.9, 1.26995, 0.539014, 0.401542
4433, 0.69, 0.08, 0.84, 1.27733, 0.636536, 0.479818
4433, 0.835, 0.56, 0.6, 1.27733, 0.636536, 0.479818
4434, 0.545, -0.22, 0.18, 1.23314, -0.217745, -0.154629
4434, 0.69, 0.2, 0.24, 1.23314, -0.217745, -0.154629
4434, 0.835, 0.62, 0.3, 1.23314, -0.217745, -0.154629
4435, 0.4, -0.64, 0.36, 1.23837, -0, 0
4435, 0.545, -0.22, 0.36, 1.23837, -0, 0
4435, 0.69, 0.2, 0.36, 1.23837, -0, 0
4435, 0.835, 0.62, 0.36, 1.23837, -0, 0
4436, 0.69, 0.2, 0.48, 1.23314, 0.217745, 0.154629
4436, 0.835, 0.62, 0.42, 1.23314, 0.217745, 0.154629
4437, 0.545, -0.22, 0.72, 1.22676, 0.404871, 0.286985
4437, 0.69, 0.2, 0.6, 1.22676, 0.404871, 0.286985
4437, 0.835, 0.62, 0.48, 1.22676, 0.404871, 0.286985
4438, 0.545, -0.22, 0.9, 1.22809, 0.547621, 0.390938
4438, 0.69, 0.2, 0.72, 1.22809, 0.547621, 0.390938
4439, 0.545, -0.22, 1.08, 1.23502, 0.652218, 0.471398
4439, 0.69, 0.2, 0.84, 1.23502, 0.652218, 0.471398
4439, 0.835, 0.62, 0.6, 1.23502, 0.652218, 0.471398
4440, 0.4, -0.4, 0.12, 1.18219, -0.217327, -0.146174
4440, 0.545, -0.04, 0.18, 1.18219, -0.217327, -0.146174
4440, 0.69, 0.32, 0.24, 1.18219, -0.217327, -0.146174
4440, 0.835, 0.68, 0.3, 1.18219, -0.217327, -0.146174
4441, 0.545, -0.04, 0.36, 1.1879, -0, 0
4441, 0.69, 0.32, 0.36, 1.1879, -0, 0
4441, 0.835, 0.68, 0.36, 1.1879, -0, 0
4442, 0.4, -0.4, 0.6, 1.18219, 0.217327, 0.146174
4442, 0.545, -0.04, 0.54, 1.18219, 0.217327, 0.146174
4442, 0.69, 0.32, 0.48, 1.18219, 0.217327, 0.146174
4442, 0.835, 0.68, 0.42, 1.18219, 0.217327, 0.146174
4443, 0.545, -0.04, 0.72, 1.17432, 0.409551, 0.274671
4443, 0.69, 0.32, 0.6, 1.17432, 0.409551, 0.274671
4443, 0.835, 0.68, 0.48, 1.17432, 0.409551, 0.274671
4444, 0.545, -0.04, 0.9, 1.17435, 0.561325, 0.37907
4444, 0.69, 0.32, 0.72, 1.17435, 0.561325, 0.37907
4445, 0.545, -0.04, 1.08, 1.18084, 0.674959, 0.461935
4445, 0.69, 0.32, 0.84, 1.18084, 0.674959, 0.461935
4445, 0.835, 0.68, 0.6, 1.18084, 0.674959, 0.461935
4446, 0.4, -0.16, 0.12, 1.11403, -0.219194, -0.13685
4446, 0.545, 0.14, 0.18, 1.11403, -0.219194, -0.13685
4446, 0.69, 0.44, 0.24, 1.11403, -0.219194, -0.13685
4446, 0.835, 0.74, 0.3, 1.11403, -0.219194, -0.13685
4447, 0.545, 0.14, 0.36, 1.12057, -0, 0
4447, 0.69, 0.44, 0.36, 1.12057, -0, 0
4447, 0.835, 0.74, 0.36, 1.12057, -0, 0
4448, 0.545, 0.14, 0.54, 1.11403, 0.219194, 0.13685
4448, 0.69, 0.44, 0.48, 1.11403, 0.219194, 0.13685
4448, 0.835, 0.74, 0.42, 1.11403, 0.219194, 0.13685
4449, 0.69, 0.44, 0.6, 1.10405, 0.419958, 0.261027
4449, 0.835, 0.74, 0.48, 1.10405, 0.419958, 0.261027
4450, 0.4, -0.16, 1.08, 1.10258, 0.584121, 0.365611
4450, 0.545, 0.14, 0.9, 1.10258, 0.584121, 0.365611
4450, 0.69, 0.44, 0.72, 1.10258, 0.584121, 0.365611
4450, 0.835, 0.74, 0.54, 1.10258, 0.584121, 0.365611
4451, 0.545, 0.14, 1.08, 1.10883, 0.708722, 0.450407
4451, 0.69, 0.44, 0.84, 1.10883, 0.708722, 0.450407
4451, 0.835, 0.74, 0.6, 1.10883, 0.708722, 0.450407
4452, 0.545, 0.32, 0.18, 1.01808, -0.227623, -0.127415
4452, 0.69, 0.56, 0.24, 1.01808, -0.227623, -0.127415
4452, 0.835, 0.8, 0.3, 1.01808, -0.227623, -0.127415
4453, 0.545, 0.32, 0.36, 1.02732, -0, 0
4453, 0.69, 0.56, 0.36, 1.02732, -0, 0
4453, 0.835, 0.8, 0.36, 1.02732, -0, 0
4454, 0.545, 0.32, 0.54, 1.01808, 0.227623, 0.127415
4454, 0.69, 0.56, 0.48, 1.01808, 0.227623, 0.127415
4454, 0.835, 0.8, 0.42, 1.01808, 0.227623, 0.127415
4455, 0.4, 0.08, 0.84, 1.00384, 0.443125, 0.245997
4455, 0.545, 0.32, 0.72, 1.00384, 0.443125, 0.245997
4455, 0.69, 0.56, 0.6, 1.00384, 0.443125, 0.245997
4455, 0.835, 0.8, 0.48, 1.00384, 0.443125, 0.245997
4456, 0.4, 0.08, 1.08, 1.00124, 0.623125, 0.348814
4456, 0.545, 0.32, 0.9, 1.00124, 0.623125, 0.348814
4456, 0.69, 0.56, 0.72, 1.00124, 0.623125, 0.348814
4457, 0.4, 0.08, 1.32, 1.00858, 0.759068, 0.433351
4457, 0.545, 0.32, 1.08, 1.00858, 0.759068, 0.433351
4457, 0.69, 0.56, 0.84, 1.00858, 0.759068, 0.433351
4457, 0.835, 0.8, 0.6, 1.00858, 0.759068, 0.433351
4458, 0.545, 0.5, 0.18, 0.870133, -0.253012, -0.118086
4458, 0.69, 0.68, 0.24, 0.870133, -0.253012, -0.118086
4458, 0.835, 0.86, 0.3, 0.870133, -0.253012, -0.118086
4459, 0.545, 0.5, 0.36, 0.892677, -0, 0
4459, 0.69, 0.68, 0.36, 0.892677, -0, 0
4459, 0.835, 0.86, 0.36, 0.892677, -0, 0
4460, 0.545, 0.5, 0.54, 0.870133, 0.253012, 0.118086
4460, 0.69, 0.68, 0.48, 0.870133, 0.253012, 0.118086
4460, 0.835, 0.86, 0.42, 0.870133, 0.253012, 0.118086
4461, 0.4, 0.32, 0.84, 0.846478, 0.492952, 0.225702
4461, 0.545, 0.5, 0.72, 0.846478, 0.492952, 0.225702
4461, 0.835, 0.86, 0.48, 0.846478, 0.492952, 0.225702
4462, 0.4, 0.32, 1.08, 0.848778, 0.688125, 0.321021
4462, 0.545, 0.5, 0.9, 0.848778, 0.688125, 0.321021
4462, 0.69, 0.68, 0.72, 0.848778, 0.688125, 0.321021
4462, 0.835, 0.86, 0.54, 0.848778, 0.688125, 0.321021
4463, 0.4, 0.32, 1.32, 0.862705, 0.830826, 0.40058
4463, 0.545, 0.5, 1.08, 0.862705, 0.830826, 0.40058
4463, 0.69, 0.68, 0.84, 0.862705, 0.830826, 0.40058
4463, 0.835, 0.86, 0.6, 0.862705, 0.830826, 0.40058
4464, 0.4, 0.56, 0.12, 0.601174, -0.310607, -0.0969873
4464, 0.545, 0.68, 0.18, 0.601174, -0.310607, -0.0969873
4464, 0.69, 0.8, 0.24, 0.601174, -0.310607, -0.0969873
4464, 0.835, 0.92, 0.3, 0.601174, -0.310607, -0.0969873
4465, 0.4, 0.56, 0.36, 0.691337, -0, 0
4465, 0.545, 0.68, 0.36, 0.691337, -0, 0
4465, 0.69, 0.8, 0.36, 0.691337, -0, 0
4465, 0.835, 0.92, 0.36, 0.691337, -0, 0
4466, 0.4, 0.56, 0.6, 0.601174, 0.310607, 0.0969873
4466, 0.545, 0.68, 0.54, 0.601174, 0.310607, 0.0969873
4466, 0.69, 0.8, 0.48, 0.601174, 0.310607, 0.0969873
4466, 0.835, 0.92, 0.42, 0.601174, 0.310607, 0.0969873
4467, 0.4, 0.56, 0.84, 0.583709, 0.580613, 0.179028
4467, 0.835, 0.92, 0.48, 0.583709, 0.580613, 0.179028
4468, 0.4, 0.56, 1.08, 0.617241, 0.779362, 0.260376
4468, 0.545, 0.68, 0.9, 0.617241, 0.779362, 0.260376
4468, 0.69, 0.8, 0.72, 0.617241, 0.779362, 0.260376
4468, 0.835, 0.92, 0.54, 0.617241, 0.779362, 0.260376
4469, 0.4, 0.56, 1.32, 0.648399, 0.918853, 0.329504
4469, 0.545, 0.68, 1.08, 0.648399, 0.918853, 0.329504
4469, 0.69, 0.8, 0.84, 0.648399, 0.918853, 0.329504
4469, 0.835, 0.92, 0.6, 0.648399, 0.918853, 0.329504
4470, 0.4, 0.8, 0.12, 0.193202, -0.374476, -0.0367136
4470, 0.545, 0.86, 0.18, 0.193202, -0.374476, -0.0367136
4470, 0.69, 0.92, 0.24, 0.193202, -0.374476, -0.0367136
4471, 0.4, 0.8, 0.36, 0.39234, -0, 0
4471, 0.545, 0.86, 0.36, 0.39234, -0, 0
4471, 0.69, 0.92, 0.36, 0.39234, -0, 0
4472, 0.69, 0.92, 0.48, 0.193202, 0.374476, 0.0367136
4473, 0.69, 0.92, 0.6, 0.251149, 0.664377, 0.0870426
4474, 0.4, 0.8, 1.08, 0.314934, 0.861978, 0.145763
4474, 0.545, 0.86, 0.9, 0.314934, 0.861978, 0.145763
4474, 0.69, 0.92, 0.72, 0.314934, 0.861978, 0.145763
4475, 0.545, 0.86, 1.08, 0.35318, 0.996359, 0.193525
4475, 0.69, 0.92, 0.84, 0.35318, 0.996359, 0.193525
4476, 0.4, 1.04, 0.12, 0, -0.39234, 0
4478, 0.69, 1.04, 0.48, 0, 0.39234, 0
4482, 0.05, 1.01, 0.24, 0.00803443, -0.128289, -0.000516075
4482, 0.515, 1.025, 0.3, 0.00803443, -0.128289, -0.000516075
4483, 0.515, 1.025, 0.36, 0.0322469, -0, 0
4484, -0.415, 0.995, 0.54, 0.00803443, 0.128289, 0.000516075
4484, 0.05, 1.01, 0.48, 0.00803443, 0.128289, 0.000516075
4484, 0.515, 1.025, 0.42, 0.00803443, 0.128289, 0.000516075
4485, -0.415, 0.995, 0.72, 0.0145078, 0.25248, 0.00184129
4488, 0.17, 1.01, 0.24, 0.00924784, -0.147026, -0.000681071
4488, 0.575, 1.025, 0.3, 0.00924784, -0.147026, -0.000681071
4489, -0.235, 0.995, 0.36, 0.0370201, -0, 0
4489, 0.575, 1.025, 0.36, 0.0370201, -0, 0
4490, 0.17, 1.01, 0.48, 0.00924784, 0.147026, 0.000681071
4490, 0.575, 1.025, 0.42, 0.00924784, 0.147026, 0.000681071
4491, -0.235, 0.995, 0.72, 0.0167885, 0.287945, 0.00243399
4492, -0.235, 0.995, 0.9, 0.0230189, 0.418052, 0.00488308
4494, -0.055, 0.995, 0.18, 0.0108985, -0.172107, -0.000940185
4494, 0.29, 1.01, 0.24, 0.0108985, -0.172107, -0.000940185
4494, 0.635, 1.025, 0.3, 0.0108985, -0.172107, -0.000940185
4495, -0.055, 0.995, 0.36, 0.0434509, -0, 0
4495, 0.29, 1.01, 0.36, 0.0434509, -0, 0
4495, 0.635, 1.025, 0.36, 0.0434509, -0, 0
4496, -0.4, 0.98, 0.6, 0.0108985, 0.172107, 0.000940185
4496, -0.055, 0.995, 0.54, 0.0108985, 0.172107, 0.000940185
4496, 0.635, 1.025, 0.42, 0.0108985, 0.172107, 0.000940185
4497, -0.4, 0.98, 0.84, 0.0199449, 0.334564, 0.003368
4497, -0.055, 0.995, 0.72, 0.0199449, 0.334564, 0.003368
4497, 0.635, 1.025, 0.48, 0.0199449, 0.334564, 0.003368
4498, 0.29, 1.01, 0.72, 0.0275212, 0.480624, 0.00674439
4500, 0.125, 0.995, 0.18, 0.0132792, -0.20735, -0.00138169
4500, 0.41, 1.01, 0.24, 0.0132792, -0.20735, -0.00138169
4500, 0.695, 1.025, 0.3, 0.0132792, -0.20735, -0.00138169
4501, -0.16, 0.98, 0.36, 0.0525831, -0, 0
4501, 0.41, 1.01, 0.36, 0.0525831, -0, 0
4501, 0.695, 1.025, 0.36, 0.0525831, -0, 0
4502, -0.16, 0.98, 0.6, 0.0132792, 0.20735, 0.00138169
4502, 0.695, 1.025, 0.42, 0.0132792, 0.20735, 0.00138169
4503, -0.16, 0.98, 0.84, 0.0246137, 0.39823, 0.00496701
4503, 0.695, 1.025, 0.48, 0.0246137, 0.39823, 0.00496701
4504, 0.41, 1.01, 0.72, 0.0342538, 0.562888, 0.00990428
4505, 0.695, 1.025, 0.6, 0.0412051, 0.699361, 0.015028
4506, 0.08, 0.98, 0.12, 0.0170256, -0.260312, -0.00222864
4506, 0.305, 0.995, 0.18, 0.0170256, -0.260312, -0.00222864
4506, 0.53, 1.01, 0.24, 0.0170256, -0.260312, -0.00222864
4507, 0.305, 0.995, 0.36, 0.0665682, -0, 0
4507, 0.53, 1.01, 0.36, 0.0665682, -0, 0
4509, 0.305, 0.995, 0.72, 0.0322456, 0.489411, 0.00805271
4510, 0.08, 0.98, 1.08, 0.0453384, 0.673986, 0.015887
4512, 0.32, 0.98, 0.12, 0.0238382, -0.348081, -0.0041914
4512, 0.485, 0.995, 0.18, 0.0238382, -0.348081, -0.0041914
4512, 0.65, 1.01, 0.24, 0.0238382, -0.348081, -0.0041914
4513, 0.32, 0.98, 0.36, 0.0906599, -0, 0
4513, 0.485, 0.995, 0.36, 0.0906599, -0, 0
4513, 0.65, 1.01, 0.36, 0.0906599, -0, 0
4514, 0.65, 1.01, 0.48, 0.0238382, 0.348081, 0.0041914
4515, 0.485, 0.995, 0.72, 0.0469271, 0.627628, 0.0152321
4516, 0.485, 0.995, 0.9, 0.0664117, 0.827365, 0.0291645
4518, 0.665, 0.995, 0.18, 0.040344, -0.516916, -0.0106671
4519, 0.56, 0.98, 0.36, 0.141897, -0, 0
4519, 0.665, 0.995, 0.36, 0.141897, -0, 0
4521, 0.665, 0.995, 0.72, 0.0848183, 0.848877, 0.0383483
4525, 0.8, 0.98, 0.36, 0.321751, -0, 0
4536, 0.69, 0.08, 0.36, 1.26747, -0.402791, -0.297838
4536, 0.835, 0.56, 0.48, 1.26747, -0.402791, -0.297838
4537, 0.545, -0.4, 0.42, 1.2726, -0.21885, -0.161983
4537, 0.69, 0.08, 0.48, 1.2726, -0.21885, -0.161983
4537, 0.835, 0.56, 0.54, 1.2726, -0.21885, -0.161983
4538, 0.69, 0.08, 0.6, 1.27743, -0, 0
4538, 0.835, 0.56, 0.6, 1.27743, -0, 0
4539, 0.545, -0.4, 0.78, 1.2726, 0.21885, 0.161983
4539, 0.835, 0.56, 0.66, 1.2726, 0.21885, 0.161983
4540, 0.545, -0.4, 0.96, 1.26747, 0.402791, 0.297838
4540, 0.835, 0.56, 0.72, 1.26747, 0.402791, 0.297838
4541, 0.69, 0.08, 0.96, 1.26995, 0.539014, 0.401542
4541, 0.835, 0.56, 0.78, 1.26995, 0.539014, 0.401542
4542, 0.545, -0.22, 0.24, 1.22676, -0.404871, -0.286985
4542, 0.69, 0.2, 0.36, 1.22676, -0.404871, -0.286985
4542, 0.835, 0.62, 0.48, 1.22676, -0.404871, -0.286985
4543, 0.545, -0.22, 0.42, 1.23314, -0.217745, -0.154629
4543, 0.69, 0.2, 0.48, 1.23314, -0.217745, -0.154629
4543, 0.835, 0.62, 0.54, 1.23314, -0.217745, -0.154629
4544, 0.69, 0.2, 0.6, 1.23837, -0, 0
4544, 0.835, 0.62, 0.6, 1.23837, -0, 0
4545, 0.545, -0.22, 0.78, 1.23314, 0.217745, 0.154629
4545, 0.835, 0.62, 0.66, 1.23314, 0.217745, 0.154629
4546, 0.545, -0.22, 0.96, 1.22676, 0.404871, 0.286985
4546, 0.69, 0.2, 0.84, 1.22676, 0.404871, 0.286985
4546, 0.835, 0.62, 0.72, 1.22676, 0.404871, 0.286985
4547, 0.545, -0.22, 1.14, 1.22809, 0.547621, 0.390938
4547, 0.69, 0.2, 0.96, 1.22809, 0.547621, 0.390938
4547, 0.835, 0.62, 0.78, 1.22809, 0.547621, 0.390938
4548, 0.4, -0.4, 0.12, 1.17432, -0.409551, -0.274671
4548, 0.545, -0.04, 0.24, 1.17432, -0.409551, -0.274671
4548, 0.69, 0.32, 0.36, 1.17432, -0.409551, -0.274671
4548, 0.835, 0.68, 0.48, 1.17432, -0.409551, -0.274671
4549, 0.545, -0.04, 0.42, 1.18219, -0.217327, -0.146174
4549, 0.69, 0.32, 0.48, 1.18219, -0.217327, -0.146174
4549, 0.835, 0.68, 0.54, 1.18219, -0.217327, -0.146174
4550, 0.545, -0.04, 0.6, 1.1879, -0, 0
4550, 0.69, 0.32, 0.6, 1.1879, -0, 0
4550, 0.835, 0.68, 0.6, 1.1879, -0, 0
4551, 0.545, -0.04, 0.78, 1.18219, 0.217327, 0.146174
4551, 0.69, 0.32, 0.72, 1.18219, 0.217327, 0.146174
4551, 0.835, 0.68, 0.66, 1.18219, 0.217327, 0.146174
4552, 0.545, -0.04, 0.96, 1.17432, 0.409551, 0.274671
4552, 0.69, 0.32, 0.84, 1.17432, 0.409551, 0.274671
4552, 0.835, 0.68, 0.72, 1.17432, 0.409551, 0.274671
4553, 0.545, -0.04, 1.14, 1.17435, 0.561325, 0.37907
4553, 0.69, 0.32, 0.96, 1.17435, 0.561325, 0.37907
4553, 0.835, 0.68, 0.78, 1.17435, 0.561325, 0.37907
4554, 0.4, -0.16, 0.12, 1.10405, -0.419958, -0.261027
4554, 0.545, 0.14, 0.24, 1.10405, -0.419958, -0.261027
4554, 0.69, 0.44, 0.36, 1.10405, -0.419958, -0.261027
4554, 0.835, 0.74, 0.48, 1.10405, -0.419958, -0.261027
4555, 0.545, 0.14, 0.42, 1.11403, -0.219194, -0.13685
4555, 0.69, 0.44, 0.48, 1.11403, -0.219194, -0.13685
4555, 0.835, 0.74, 0.54, 1.11403, -0.219194, -0.13685
4556, 0.545, 0.14, 0.6, 1.12057, -0, 0
4556, 0.69, 0.44, 0.6, 1.12057, -0, 0
4556, 0.835, 0.74, 0.6, 1.12057, -0, 0
4557, 0.835, 0.74, 0.66, 1.11403, 0.219194, 0.13685
4558, 0.4, -0.16, 1.08, 1.10405, 0.419958, 0.261027
4558, 0.545, 0.14, 0.96, 1.10405, 0.419958, 0.261027
4558, 0.69, 0.44, 0.84, 1.10405, 0.419958, 0.261027
4558, 0.835, 0.74, 0.72, 1.10405, 0.419958, 0.261027
4559, 0.4, -0.16, 1.32, 1.10258, 0.584121, 0.365611
4559, 0.545, 0.14, 1.14, 1.10258, 0.584121, 0.365611
4559, 0.69, 0.44, 0.96, 1.10258, 0.584121, 0.365611
4559, 0.835, 0.74, 0.78, 1.10258, 0.584121, 0.365611
4560, 0.545, 0.32, 0.24, 1.00384, -0.443125, -0.245997
4560, 0.69, 0.56, 0.36, 1.00384, -0.443125, -0.245997
4560, 0.835, 0.8, 0.48, 1.00384, -0.443125, -0.245997
4561, 0.545, 0.32, 0.42, 1.01808, -0.227623, -0.127415
4561, 0.69, 0.56, 0.48, 1.01808, -0.227623, -0.127415
4561, 0.835, 0.8, 0.54, 1.01808, -0.227623, -0.127415
4562, 0.545, 0.32, 0.6, 1.02732, -0, 0
4562, 0.69, 0.56, 0.6, 1.02732, -0, 0
4562, 0.835, 0.8, 0.6, 1.02732, -0, 0
4563, 0.835, 0.8, 0.66, 1.01808, 0.227623, 0.127415
4564, 0.4, 0.08, 1.08, 1.00384, 0.443125, 0.245997
4564, 0.545, 0.32, 0.96, 1.00384, 0.443125, 0.245997
4564, 0.69, 0.56, 0.84, 1.00384, 0.443125, 0.245997
4564, 0.835, 0.8, 0.72, 1.00384, 0.443125, 0.245997
4565, 0.4, 0.08, 1.32, 1.00124, 0.623125, 0.348814
4565, 0.545, 0.32, 1.14, 1.00124, 0.623125, 0.348814
4565, 0.69, 0.56, 0.96, 1.00124, 0.623125, 0.348814
4565, 0.835, 0.8, 0.78, 1.00124, 0.623125, 0.348814
4566, 0.545, 0.5, 0.24, 0.846478, -0.492952, -0.225702
4566, 0.69, 0.68, 0.36, 0.846478, -0.492952, -0.225702
4566, 0.835, 0.86, 0.48, 0.846478, -0.492952, -0.225702
4567, 0.545, 0.5, 0.42, 0.870133, -0.253012, -0.118086
4567, 0.69, 0.68, 0.48, 0.870133, -0.253012, -0.118086
4567, 0.835, 0.86, 0.54, 0.870133, -0.253012, -0.118086
4568, 0.545, 0.5, 0.6, 0.892677, -0, 0
4568, 0.69, 0.68, 0.6, 0.892677, -0, 0
4568, 0.835, 0.86, 0.6, 0.892677, -0, 0
4569, 0.4, 0.32, 0.84, 0.870133, 0.253012, 0.118086
4569, 0.69, 0.68, 0.72, 0.870133, 0.253012, 0.118086
4570, 0.4, 0.32, 1.08, 0.846478, 0.492952, 0.225702
4570, 0.545, 0.5, 0.96, 0.846478, 0.492952, 0.225702
4570, 0.69, 0.68, 0.84, 0.846478, 0.492952, 0.225702
4570, 0.835, 0.86, 0.72, 0.846478, 0.492952, 0.225702
4571, 0.4, 0.32, 1.32, 0.848778, 0.688125, 0.321021
4571, 0.545, 0.5, 1.14, 0.848778, 0.688125, 0.321021
4571, 0.69, 0.68, 0.96, 0.848778, 0.688125, 0.321021
4571, 0.835, 0.86, 0.78, 0.848778, 0.688125, 0.321021
4572, 0.545, 0.68, 0.24, 0.583709, -0.580613, -0.179028
4572, 0.69, 0.8, 0.36, 0.583709, -0.580613, -0.179028
4572, 0.835, 0.92, 0.48, 0.583709, -0.580613, -0.179028
4573, 0.4, 0.56, 0.36, 0.601174, -0.310607, -0.0969873
4573, 0.545, 0.68, 0.42, 0.601174, -0.310607, -0.0969873
4573, 0.69, 0.8, 0.48, 0.601174, -0.310607, -0.0969873
4573, 0.835, 0.92, 0.54, 0.601174, -0.310607, -0.0969873
4574, 0.4, 0.56, 0.6, 0.691337, -0, 0
4574, 0.545, 0.68, 0.6, 0.691337, -0, 0
4574, 0.69, 0.8, 0.6, 0.691337, -0, 0
4574, 0.835, 0.92, 0.6, 0.691337, -0, 0
4575, 0.4, 0.56, 0.84, 0.601174, 0.310607, 0.0969873
4575, 0.69, 0.8, 0.72, 0.601174, 0.310607, 0.0969873
4575, 0.835, 0.92, 0.66, 0.601174, 0.310607, 0.0969873
4576, 0.4, 0.56, 1.08, 0.583709, 0.580613, 0.179028
4576, 0.545, 0.68, 0.96, 0.583709, 0.580613, 0.179028
4576, 0.69, 0.8, 0.84, 0.583709, 0.580613, 0.179028
4576, 0.835, 0.92, 0.72, 0.583709, 0.580613, 0.179028
4577, 0.4, 0.56, 1.32, 0.617241, 0.779362, 0.260376
4577, 0.545, 0.68, 1.14, 0.617241, 0.779362, 0.260376
4577, 0.69, 0.8, 0.96, 0.617241, 0.779362, 0.260376
4578, 0.4, 0.8, 0.12, 0.251149, -0.664377, -0.0870426
4578, 0.545, 0.86, 0.24, 0.251149, -0.664377, -0.0870426
4578, 0.69, 0.92, 0.36, 0.251149, -0.664377, -0.0870426
4579, 0.4, 0.8, 0.36, 0.193202, -0.374476, -0.0367136
4579, 0.545, 0.86, 0.42, 0.193202, -0.374476, -0.0367136
4579, 0.69, 0.92, 0.48, 0.193202, -0.374476, -0.0367136
4580, 0.4, 0.8, 0.6, 0.39234, -0, 0
4580, 0.545, 0.86, 0.6, 0.39234, -0, 0
4580, 0.69, 0.92, 0.6, 0.39234, -0, 0
4581, 0.545, 0.86, 0.78, 0.193202, 0.374476, 0.0367136
4581, 0.69, 0.92, 0.72, 0.193202, 0.374476, 0.0367136
4582, 0.4, 0.8, 1.08, 0.251149, 0.664377, 0.0870426
4582, 0.545, 0.86, 0.96, 0.251149, 0.664377, 0.0870426
4582, 0.69, 0.92, 0.84, 0.251149, 0.664377, 0.0870426
4585, 0.4, 1.04, 0.36, 0, -0.39234, 0
4585, 0.545, 1.04, 0.42, 0, -0.39234, 0
4585, 0.69, 1.04, 0.48, 0, -0.39234, 0
4587, 0.545, 1.04, 0.78, 0, 0.39234, 0
4590, 0.515, 1.025, 0.48, 0.0145078, -0.25248, -0.00184129
4591, 0.05, 1.01, 0.48, 0.00803443, -0.128289, -0.000516075
4591, 0.515, 1.025, 0.54, 0.00803443, -0.128289, -0.000516075
4592, -0.415, 0.995, 0.6, 0.0322469, -0, 0
4593, -0.415, 0.995, 0.78, 0.00803443, 0.128289, 0.000516075
4595, 0.515, 1.025, 0.78, 0.0197988, 0.369216, 0.00369722
4596, -0.235, 0.995, 0.24, 0.0167885, -0.287945, -0.00243399
4596, 0.17, 1.01, 0.36, 0.0167885, -0.287945, -0.00243399
4596, 0.575, 1.025, 0.48, 0.0167885, -0.287945, -0.00243399
4597, -0.235, 0.995, 0.42, 0.00924784, -0.147026, -0.000681071
4597, 0.17, 1.01, 0.48, 0.00924784, -0.147026, -0.000681071
4597, 0.575, 1.025, 0.54, 0.00924784, -0.147026, -0.000681071
4598, -0.235, 0.995, 0.6, 0.0370201, -0, 0
4598, 0.575, 1.025, 0.6, 0.0370201, -0, 0
4599, -0.235, 0.995, 0.78, 0.00924784, 0.147026, 0.000681071
4600, -0.235, 0.995, 0.96, 0.0167885, 0.287945, 0.00243399
4601, 0.575, 1.025, 0.78, 0.0230189, 0.418052, 0.00488308
4602, 0.29, 1.01, 0.36, 0.0199449, -0.334564, -0.003368
4602, 0.635, 1.025, 0.48, 0.0199449, -0.334564, -0.003368
4603, -0.055, 0.995, 0.42, 0.0108985, -0.172107, -0.000940185
4603, 0.635, 1.025, 0.54, 0.0108985, -0.172107, -0.000940185
4604, -0.4, 0.98, 0.6, 0.0434509, -0, 0
4604, -0.055, 0.995, 0.6, 0.0434509, -0, 0
4604, 0.635, 1.025, 0.6, 0.0434509, -0, 0
4605, -0.4, 0.98, 0.84, 0.0108985, 0.172107, 0.000940185
4605, -0.055, 0.995, 0.78, 0.0108985, 0.172107, 0.000940185
4606, -0.055, 0.995, 0.96, 0.0199449, 0.334564, 0.003368
4606, 0.29, 1.01, 0.84, 0.0199449, 0.334564, 0.003368
4608, 0.125, 0.995, 0.24, 0.0246137, -0.39823, -0.00496701
4608, 0.41, 1.01, 0.36, 0.0246137, -0.39823, -0.00496701
4608, 0.695, 1.025, 0.48, 0.0246137, -0.39823, -0.00496701
4609, -0.16, 0.98, 0.36, 0.0132792, -0.20735, -0.00138169
4609, 0.41, 1.01, 0.48, 0.0132792, -0.20735, -0.00138169
4609, 0.695, 1.025, 0.54, 0.0132792, -0.20735, -0.00138169
4610, -0.16, 0.98, 0.6, 0.0525831, -0, 0
4610, 0.695, 1.025, 0.6, 0.0525831, -0, 0
4611, -0.16, 0.98, 0.84, 0.0132792, 0.20735, 0.00138169
4613, 0.41, 1.01, 0.96, 0.0342538, 0.562888, 0.00990428
4614, 0.08, 0.98, 0.12, 0.0322456, -0.489411, -0.00805271
4614, 0.305, 0.995, 0.24, 0.0322456, -0.489411, -0.00805271
4614, 0.53, 1.01, 0.36, 0.0322456, -0.489411, -0.00805271
4615, 0.08, 0.98, 0.36, 0.0170256, -0.260312, -0.00222864
4615, 0.305, 0.995, 0.42, 0.0170256, -0.260312, -0.00222864
4615, 0.53, 1.01, 0.48, 0.0170256, -0.260312, -0.00222864
4616, 0.53, 1.01, 0.6, 0.0665682, -0, 0
4618, 0.53, 1.01, 0.84, 0.0322456, 0.489411, 0.00805271
4620, 0.485, 0.995, 0.24, 0.0469271, -0.627628, -0.0152321
4620, 0.65, 1.01, 0.36, 0.0469271, -0.627628, -0.0152321
4621, 0.32, 0.98, 0.36, 0.0238382, -0.348081, -0.0041914
4621, 0.485, 0.995, 0.42, 0.0238382, -0.348081, -0.0041914
4621, 0.65, 1.01, 0.48, 0.0238382, -0.348081, -0.0041914
4622, 0.65, 1.01, 0.6, 0.0906599, -0, 0
4623, 0.32, 0.98, 0.84, 0.0238382, 0.348081, 0.0041914
4623, 0.485, 0.995, 0.78, 0.0238382, 0.348081, 0.0041914
4623, 0.65, 1.01, 0.72, 0.0238382, 0.348081, 0.0041914
4624, 0.32, 0.98, 1.08, 0.0469271, 0.627628, 0.0152321
4626, 0.665, 0.995, 0.24, 0.0848183, -0.848877, -0.0383483
4627, 0.56, 0.98, 0.36, 0.040344, -0.516916, -0.0106671
4627, 0.665, 0.995, 0.42, 0.040344, -0.516916, -0.0106671
4628, 0.56, 0.98, 0.6, 0.141897, -0, 0
4628, 0.665, 0.995, 0.6, 0.141897, -0, 0
4629, 0.56, 0.98, 0.84, 0.040344, 0.516916, 0.0106671
4634, 0.8, 0.98, 0.6, 0.321751, -0, 0
4644, 0.69, 0.08, 0.48, 1.26995, -0.539014, -0.401542
4644, 0.835, 0.56, 0.66, 1.26995, -0.539014, -0.401542
4645, 0.69, 0.08, 0.6, 1.26747, -0.402791, -0.297838
4645, 0.835, 0.56, 0.72, 1.26747, -0.402791, -0.297838
4646, 0.69, 0.08, 0.72, 1.2726, -0.21885, -0.161983
4646, 0.835, 0.56, 0.78, 1.2726, -0.21885, -0.161983
4647, 0.545, -0.4, 0.84, 1.27743, -0, 0
4647, 0.835, 0.56, 0.84, 1.27743, -0, 0
4648, 0.69, 0.08, 0.96, 1.2726, 0.21885, 0.161983
4648, 0.835, 0.56, 0.9, 1.2726, 0.21885, 0.161983
4649, 0.69, 0.08, 1.08, 1.26747, 0.402791, 0.297838
4649, 0.835, 0.56, 0.96, 1.26747, 0.402791, 0.297838
4650, 0.69, 0.2, 0.48, 1.22809, -0.547621, -0.390938
4650, 0.835, 0.62, 0.66, 1.22809, -0.547621, -0.390938
4651, 0.545, -0.22, 0.48, 1.22676, -0.404871, -0.286985
4651, 0.69, 0.2, 0.6, 1.22676, -0.404871, -0.286985
4651, 0.835, 0.62, 0.72, 1.22676, -0.404871, -0.286985
4652, 0.545, -0.22, 0.66, 1.23314, -0.217745, -0.154629
4652, 0.69, 0.2, 0.72, 1.23314, -0.217745, -0.154629
4652, 0.835, 0.62, 0.78, 1.23314, -0.217745, -0.154629
4653, 0.545, -0.22, 0.84, 1.23837, -0, 0
4653, 0.69, 0.2, 0.84, 1.23837, -0, 0
4653, 0.835, 0.62, 0.84, 1.23837, -0, 0
4654, 0.545, -0.22, 1.02, 1.23314, 0.217745, 0.154629
4654, 0.69, 0.2, 0.96, 1.23314, 0.217745, 0.154629
4654, 0.835, 0.62, 0.9, 1.23314, 0.217745, 0.154629
4655, 0.545, -0.22, 1.2, 1.22676, 0.404871, 0.286985
4655, 0.69, 0.2, 1.08, 1.22676, 0.404871, 0.286985
4655, 0.835, 0.62, 0.96, 1.22676, 0.404871, 0.286985
4656, 0.69, 0.32, 0.48, 1.17435, -0.561325, -0.37907
4656, 0.835, 0.68, 0.66, 1.17435, -0.561325, -0.37907
4657, 0.545, -0.04, 0.48, 1.17432, -0.409551, -0.274671
4657, 0.69, 0.32, 0.6, 1.17432, -0.409551, -0.274671
4657, 0.835, 0.68, 0.72, 1.17432, -0.409551, -0.274671
4658, 0.545, -0.04, 0.66, 1.18219, -0.217327, -0.146174
4658, 0.69, 0.32, 0.72, 1.18219, -0.217327, -0.146174
4658, 0.835, 0.68, 0.78, 1.18219, -0.217327, -0.146174
4659, 0.545, -0.04, 0.84, 1.1879, -0, 0
4659, 0.69, 0.32, 0.84, 1.1879, -0, 0
4660, 0.545, -0.04, 1.02, 1.18219, 0.217327, 0.146174
4660, 0.69, 0.32, 0.96, 1.18219, 0.217327, 0.146174
4660, 0.835, 0.68, 0.9, 1.18219, 0.217327, 0.146174
4661, 0.545, -0.04, 1.2, 1.17432, 0.409551, 0.274671
4661, 0.69, 0.32, 1.08, 1.17432, 0.409551, 0.274671
4661, 0.835, 0.68, 0.96, 1.17432, 0.409551, 0.274671
4662, 0.69, 0.44, 0.48, 1.10258, -0.584121, -0.365611
4662, 0.835, 0.74, 0.66, 1.10258, -0.584121, -0.365611
4663, 0.545, 0.14, 0.48, 1.10405, -0.419958, -0.261027
4663, 0.69, 0.44, 0.6, 1.10405, -0.419958, -0.261027
4663, 0.835, 0.74, 0.72, 1.10405, -0.419958, -0.261027
4664, 0.545, 0.14, 0.66, 1.11403, -0.219194, -0.13685
4664, 0.69, 0.44, 0.72, 1.11403, -0.219194, -0.13685
4664, 0.835, 0.74, 0.78, 1.11403, -0.219194, -0.13685
4665, 0.69, 0.44, 0.84, 1.12057, -0, 0
4665, 0.835, 0.74, 0.84, 1.12057, -0, 0
4666, 0.4, -0.16, 1.08, 1.11403, 0.219194, 0.13685
4666, 0.545, 0.14, 1.02, 1.11403, 0.219194, 0.13685
4666, 0.69, 0.44, 0.96, 1.11403, 0.219194, 0.13685
4667, 0.4, -0.16, 1.32, 1.10405, 0.419958, 0.261027
4667, 0.545, 0.14, 1.2, 1.10405, 0.419958, 0.261027
4667, 0.69, 0.44, 1.08, 1.10405, 0.419958, 0.261027
4667, 0.835, 0.74, 0.96, 1.10405, 0.419958, 0.261027
4668, 0.545, 0.32, 0.3, 1.00124, -0.623125, -0.348814
4668, 0.69, 0.56, 0.48, 1.00124, -0.623125, -0.348814
4668, 0.835, 0.8, 0.66, 1.00124, -0.623125, -0.348814
4669, 0.545, 0.32, 0.48, 1.00384, -0.443125, -0.245997
4669, 0.69, 0.56, 0.6, 1.00384, -0.443125, -0.245997
4669, 0.835, 0.8, 0.72, 1.00384, -0.443125, -0.245997
4670, 0.545, 0.32, 0.66, 1.01808, -0.227623, -0.127415
4670, 0.69, 0.56, 0.72, 1.01808, -0.227623, -0.127415
4670, 0.835, 0.8, 0.78, 1.01808, -0.227623, -0.127415
4671, 0.69, 0.56, 0.84, 1.02732, -0, 0
4671, 0.835, 0.8, 0.84, 1.02732, -0, 0
4672, 0.4, 0.08, 1.08, 1.01808, 0.227623, 0.127415
4672, 0.545, 0.32, 1.02, 1.01808, 0.227623, 0.127415
4672, 0.69, 0.56, 0.96, 1.01808, 0.227623, 0.127415
4672, 0.835, 0.8, 0.9, 1.01808, 0.227623, 0.127415
4673, 0.4, 0.08, 1.32, 1.00384, 0.443125, 0.245997
4673, 0.545, 0.32, 1.2, 1.00384, 0.443125, 0.245997
4673, 0.69, 0.56, 1.08, 1.00384, 0.443125, 0.245997
4673, 0.835, 0.8, 0.96, 1.00384, 0.443125, 0.245997
4674, 0.545, 0.5, 0.3, 0.848778, -0.688125, -0.321021
4674, 0.69, 0.68, 0.48, 0.848778, -0.688125, -0.321021
4674, 0.835, 0.86, 0.66, 0.848778, -0.688125, -0.321021
4675, 0.4, 0.32, 0.36, 0.846478, -0.492952, -0.225702
4675, 0.545, 0.5, 0.48, 0.846478, -0.492952, -0.225702
4675, 0.69, 0.68, 0.6, 0.846478, -0.492952, -0.225702
4675, 0.835, 0.86, 0.72, 0.846478, -0.492952, -0.225702
4676, 0.545, 0.5, 0.66, 0.870133, -0.253012, -0.118086
4676, 0.69, 0.68, 0.72, 0.870133, -0.253012, -0.118086
4676, 0.835, 0.86, 0.78, 0.870133, -0.253012, -0.118086
4677, 0.4, 0.32, 0.84, 0.892677, -0, 0
4677, 0.545, 0.5, 0.84, 0.892677, -0, 0
4677, 0.69, 0.68, 0.84, 0.892677, -0, 0
4678, 0.4, 0.32, 1.08, 0.870133, 0.253012, 0.118086
4678, 0.545, 0.5, 1.02, 0.870133, 0.253012, 0.118086
4678, 0.69, 0.68, 0.96, 0.870133, 0.253012, 0.118086
4678, 0.835, 0.86, 0.9, 0.870133, 0.253012, 0.118086
4679, 0.4, 0.32, 1.32, 0.846478, 0.492952, 0.225702
4679, 0.545, 0.5, 1.2, 0.846478, 0.492952, 0.225702
4679, 0.69, 0.68, 1.08, 0.846478, 0.492952, 0.225702
4680, 0.545, 0.68, 0.3, 0.617241, -0.779362, -0.260376
4680, 0.69, 0.8, 0.48, 0.617241, -0.779362, -0.260376
4680, 0.835, 0.92, 0.66, 0.617241, -0.779362, -0.260376
4681, 0.4, 0.56, 0.36, 0.583709, -0.580613, -0.179028
4681, 0.545, 0.68, 0.48, 0.583709, -0.580613, -0.179028
4681, 0.69, 0.8, 0.6, 0.583709, -0.580613, -0.179028
4681, 0.835, 0.92, 0.72, 0.583709, -0.580613, -0.179028
4682, 0.4, 0.56, 0.6, 0.601174, -0.310607, -0.0969873
4682, 0.545, 0.68, 0.66, 0.601174, -0.310607, -0.0969873
4682, 0.69, 0.8, 0.72, 0.601174, -0.310607, -0.0969873
4682, 0.835, 0.92, 0.78, 0.601174, -0.310607, -0.0969873
4683, 0.4, 0.56, 0.84, 0.691337, -0, 0
4683, 0.545, 0.68, 0.84, 0.691337, -0, 0
4683, 0.69, 0.8, 0.84, 0.691337, -0, 0
4684, 0.4, 0.56, 1.08, 0.601174, 0.310607, 0.0969873
4684, 0.545, 0.68, 1.02, 0.601174, 0.310607, 0.0969873
4684, 0.69, 0.8, 0.96, 0.601174, 0.310607, 0.0969873
4685, 0.4, 0.56, 1.32, 0.583709, 0.580613, 0.179028
4685, 0.545, 0.68, 1.2, 0.583709, 0.580613, 0.179028
4685, 0.69, 0.8, 1.08, 0.583709, 0.580613, 0.179028
4686, 0.545, 0.86, 0.3, 0.314934, -0.861978, -0.145763
4686, 0.69, 0.92, 0.48, 0.314934, -0.861978, -0.145763
4687, 0.4, 0.8, 0.36, 0.251149, -0.664377, -0.0870426
4687, 0.545, 0.86, 0.48, 0.251149, -0.664377, -0.0870426
4687, 0.69, 0.92, 0.6, 0.251149, -0.664377, -0.0870426
4688, 0.4, 0.8, 0.6, 0.193202, -0.374476, -0.0367136
4688, 0.545, 0.86, 0.66, 0.193202, -0.374476, -0.0367136
4688, 0.69, 0.92, 0.72, 0.193202, -0.374476, -0.0367136
4689, 0.69, 0.92, 0.84, 0.39234, -0, 0
4690, 0.4, 0.8, 1.08, 0.193202, 0.374476, 0.0367136
4692, 0.545, 1.04, 0.3, 0, -0.892677, 0
4693, 0.4, 1.04, 0.36, 0, -0.691337, 0
4693, 0.545, 1.04, 0.48, 0, -0.691337, 0
4693, 0.69, 1.04, 0.6, 0, -0.691337, 0
4694, 0.4, 1.04, 0.6, 0, -0.39234, 0
4694, 0.545, 1.04, 0.66, 0, -0.39234, 0
4698, 0.05, 1.01, 0.48, 0.0197988, -0.369216, -0.00369722
4698, 0.515, 1.025, 0.66, 0.0197988, -0.369216, -0.00369722
4699, 0.515, 1.025, 0.72, 0.0145078, -0.25248, -0.00184129
4702, 0.515, 1.025, 0.9, 0.00803443, 0.128289, 0.000516075
4704, 0.17, 1.01, 0.48, 0.0230189, -0.418052, -0.00488308
4704, 0.575, 1.025, 0.66, 0.0230189, -0.418052, -0.00488308
4705, -0.235, 0.995, 0.48, 0.0167885, -0.287945, -0.00243399
4705, 0.575, 1.025, 0.72, 0.0167885, -0.287945, -0.00243399
4706, 0.575, 1.025, 0.78, 0.00924784, -0.147026, -0.000681071
4707, -0.235, 0.995, 0.84, 0.0370201, -0, 0
4710, 0.29, 1.01, 0.48, 0.0275212, -0.480624, -0.00674439
4710, 0.635, 1.025, 0.66, 0.0275212, -0.480624, -0.00674439
4711, -0.055, 0.995, 0.48, 0.0199449, -0.334564, -0.003368
4711, 0.635, 1.025, 0.72, 0.0199449, -0.334564, -0.003368
4712, 0.635, 1.025, 0.78, 0.0108985, -0.172107, -0.000940185
4713, -0.055, 0.995, 0.84, 0.0434509, -0, 0
4714, -0.055, 0.995, 1.02, 0.0108985, 0.172107, 0.000940185
4714, 0.29, 1.01, 0.96, 0.0108985, 0.172107, 0.000940185
4716, 0.125, 0.995, 0.3, 0.0342538, -0.562888, -0.00990428
4716, 0.41, 1.01, 0.48, 0.0342538, -0.562888, -0.00990428
4716, 0.695, 1.025, 0.66, 0.0342538, -0.562888, -0.00990428
4717, 0.125, 0.995, 0.48, 0.0246137, -0.39823, -0.00496701
4717, 0.41, 1.01, 0.6, 0.0246137, -0.39823, -0.00496701
4717, 0.695, 1.025, 0.72, 0.0246137, -0.39823, -0.00496701
4718, -0.16, 0.98, 0.6, 0.0132792, -0.20735, -0.00138169
4719, -0.16, 0.98, 0.84, 0.0525831, -0, 0
4720, 0.41, 1.01, 0.96, 0.0132792, 0.20735, 0.00138169
4722, 0.305, 0.995, 0.3, 0.0453384, -0.673986, -0.015887
4722, 0.53, 1.01, 0.48, 0.0453384, -0.673986, -0.015887
4723, 0.305, 0.995, 0.48, 0.0322456, -0.489411, -0.00805271
4723, 0.53, 1.01, 0.6, 0.0322456, -0.489411, -0.00805271
4724, 0.53, 1.01, 0.72, 0.0170256, -0.260312, -0.00222864
4728, 0.485, 0.995, 0.3, 0.0664117, -0.827365, -0.0291645
4728, 0.65, 1.01, 0.48, 0.0664117, -0.827365, -0.0291645
4729, 0.32, 0.98, 0.36, 0.0469271, -0.627628, -0.0152321
4729, 0.485, 0.995, 0.48, 0.0469271, -0.627628, -0.0152321
4729, 0.65, 1.01, 0.6, 0.0469271, -0.627628, -0.0152321
4730, 0.32, 0.98, 0.6, 0.0238382, -0.348081, -0.0041914
4730, 0.485, 0.995, 0.66, 0.0238382, -0.348081, -0.0041914
4730, 0.65, 1.01, 0.72, 0.0238382, -0.348081, -0.0041914
4734, 0.665, 0.995, 0.3, 0.116744, -1.03926, -0.0668365
4735, 0.56, 0.98, 0.36, 0.0848183, -0.848877, -0.0383483
4735, 0.665, 0.995, 0.48, 0.0848183, -0.848877, -0.0383483
4736, 0.56, 0.98, 0.6, 0.040344, -0.516916, -0.0106671
4736, 0.665, 0.995, 0.66, 0.040344, -0.516916, -0.0106671
4752, 0.69, 0.08, 0.6, 1.27733, -0.636536, -0.479818
4752, 0.835, 0.56, 0.84, 1.27733, -0.636536, -0.479818
4753, 0.69, 0.08, 0.72, 1.26995, -0.539014, -0.401542
4753, 0.835, 0.56, 0.9, 1.26995, -0.539014, -0.401542
4754, 0.69, 0.08, 0.84, 1.26747, -0.402791, -0.297838
4754, 0.835, 0.56, 0.96, 1.26747, -0.402791, -0.297838
4755, 0.69, 0.08, 0.96, 1.2726, -0.21885, -0.161983
4755, 0.835, 0.56, 1.02, 1.2726, -0.21885, -0.161983
4756, 0.545, -0.4, 1.08, 1.27743, -0, 0
4756, 0.69, 0.08, 1.08, 1.27743, -0, 0
4756, 0.835, 0.56, 1.08, 1.27743, -0, 0
4757, 0.69, 0.08, 1.2, 1.2726, 0.21885, 0.161983
4757, 0.835, 0.56, 1.14, 1.2726, 0.21885, 0.161983
4758, 0.69, 0.2, 0.6, 1.23502, -0.652218, -0.471398
4758, 0.835, 0.62, 0.84, 1.23502, -0.652218, -0.471398
4759, 0.69, 0.2, 0.72, 1.22809, -0.547621, -0.390938
4759, 0.835, 0.62, 0.9, 1.22809, -0.547621, -0.390938
4760, 0.69, 0.2, 0.84, 1.22676, -0.404871, -0.286985
4760, 0.835, 0.62, 0.96, 1.22676, -0.404871, -0.286985
4761, 0.69, 0.2, 0.96, 1.23314, -0.217745, -0.154629
4761, 0.835, 0.62, 1.02, 1.23314, -0.217745, -0.154629
4762, 0.545, -0.22, 1.08, 1.23837, -0, 0
4762, 0.835, 0.62, 1.08, 1.23837, -0, 0
4763, 0.545, -0.22, 1.26, 1.23314, 0.217745, 0.154629
4763, 0.69, 0.2, 1.2, 1.23314, 0.217745, 0.154629
4763, 0.835, 0.62, 1.14, 1.23314, 0.217745, 0.154629
4764, 0.69, 0.32, 0.6, 1.18084, -0.674959, -0.461935
4764, 0.835, 0.68, 0.84, 1.18084, -0.674959, -0.461935
4765, 0.545, -0.04, 0.54, 1.17435, -0.561325, -0.37907
4765, 0.69, 0.32, 0.72, 1.17435, -0.561325, -0.37907
4765, 0.835, 0.68, 0.9, 1.17435, -0.561325, -0.37907
4766, 0.545, -0.04, 0.72, 1.17432, -0.409551, -0.274671
4766, 0.69, 0.32, 0.84, 1.17432, -0.409551, -0.274671
4766, 0.835, 0.68, 0.96, 1.17432, -0.409551, -0.274671
4768, 0.545, -0.04, 1.08, 1.1879, -0, 0
4768, 0.69, 0.32, 1.08, 1.1879, -0, 0
4768, 0.835, 0.68, 1.08, 1.1879, -0, 0
4769, 0.545, -0.04, 1.26, 1.18219, 0.217327, 0.146174
4769, 0.69, 0.32, 1.2, 1.18219, 0.217327, 0.146174
4770, 0.69, 0.44, 0.6, 1.10883, -0.708722, -0.450407
4770, 0.835, 0.74, 0.84, 1.10883, -0.708722, -0.450407
4771, 0.545, 0.14, 0.54, 1.10258, -0.584121, -0.365611
4771, 0.69, 0.44, 0.72, 1.10258, -0.584121, -0.365611
4771, 0.835, 0.74, 0.9, 1.10258, -0.584121, -0.365611
4772, 0.545, 0.14, 0.72, 1.10405, -0.419958, -0.261027
4772, 0.69, 0.44, 0.84, 1.10405, -0.419958, -0.261027
4772, 0.835, 0.74, 0.96, 1.10405, -0.419958, -0.261027
4773, 0.545, 0.14, 0.9, 1.11403, -0.219194, -0.13685
4773, 0.69, 0.44, 0.96, 1.11403, -0.219194, -0.13685
4773, 0.835, 0.74, 1.02, 1.11403, -0.219194, -0.13685
4774, 0.69, 0.44, 1.08, 1.12057, -0, 0
4775, 0.4, -0.16, 1.32, 1.11403, 0.219194, 0.13685
4775, 0.545, 0.14, 1.26, 1.11403, 0.219194, 0.13685
4775, 0.69, 0.44, 1.2, 1.11403, 0.219194, 0.13685
4776, 0.69, 0.56, 0.6, 1.00858, -0.759068, -0.433351
4776, 0.835, 0.8, 0.84, 1.00858, -0.759068, -0.433351
4777, 0.545, 0.32, 0.54, 1.00124, -0.623125, -0.348814
4777, 0.69, 0.56, 0.72, 1.00124, -0.623125, -0.348814
4777, 0.835, 0.8, 0.9, 1.00124, -0.623125, -0.348814
4778, 0.545, 0.32, 0.72, 1.00384, -0.443125, -0.245997
4778, 0.69, 0.56, 0.84, 1.00384, -0.443125, -0.245997
4778, 0.835, 0.8, 0.96, 1.00384, -0.443125, -0.245997
4779, 0.545, 0.32, 0.9, 1.01808, -0.227623, -0.127415
4779, 0.69, 0.56, 0.96, 1.01808, -0.227623, -0.127415
4780, 0.545, 0.32, 1.08, 1.02732, -0, 0
4781, 0.4, 0.08, 1.32, 1.01808, 0.227623, 0.127415
4781, 0.545, 0.32, 1.26, 1.01808, 0.227623, 0.127415
4781, 0.69, 0.56, 1.2, 1.01808, 0.227623, 0.127415
4782, 0.545, 0.5, 0.36, 0.862705, -0.830826, -0.40058
4782, 0.69, 0.68, 0.6, 0.862705, -0.830826, -0.40058
4782, 0.835, 0.86, 0.84, 0.862705, -0.830826, -0.40058
4783, 0.545, 0.5, 0.54, 0.848778, -0.688125, -0.321021
4783, 0.69, 0.68, 0.72, 0.848778, -0.688125, -0.321021
4783, 0.835, 0.86, 0.9, 0.848778, -0.688125, -0.321021
4784, 0.545, 0.5, 0.72, 0.846478, -0.492952, -0.225702
4784, 0.69, 0.68, 0.84, 0.846478, -0.492952, -0.225702
4785, 0.4, 0.32, 0.84, 0.870133, -0.253012, -0.118086
4785, 0.545, 0.5, 0.9, 0.870133, -0.253012, -0.118086
4785, 0.69, 0.68, 0.96, 0.870133, -0.253012, -0.118086
4786, 0.4, 0.32, 1.08, 0.892677, -0, 0
4786, 0.545, 0.5, 1.08, 0.892677, -0, 0
4786, 0.69, 0.68, 1.08, 0.892677, -0, 0
4787, 0.4, 0.32, 1.32, 0.870133, 0.253012, 0.118086
4787, 0.545, 0.5, 1.26, 0.870133, 0.253012, 0.118086
4787, 0.69, 0.68, 1.2, 0.870133, 0.253012, 0.118086
4788, 0.545, 0.68, 0.36, 0.648399, -0.918853, -0.329504
4788, 0.69, 0.8, 0.6, 0.648399, -0.918853, -0.329504
4789, 0.4, 0.56, 0.36, 0.617241, -0.779362, -0.260376
4789, 0.545, 0.68, 0.54, 0.617241, -0.779362, -0.260376
4789, 0.69, 0.8, 0.72, 0.617241, -0.779362, -0.260376
4790, 0.4, 0.56, 0.6, 0.583709, -0.580613, -0.179028
4790, 0.545, 0.68, 0.72, 0.583709, -0.580613, -0.179028
4790, 0.69, 0.8, 0.84, 0.583709, -0.580613, -0.179028
4791, 0.4, 0.56, 0.84, 0.601174, -0.310607, -0.0969873
4791, 0.545, 0.68, 0.9, 0.601174, -0.310607, -0.0969873
4791, 0.69, 0.8, 0.96, 0.601174, -0.310607, -0.0969873
4792, 0.69, 0.8, 1.08, 0.691337, -0, 0
4793, 0.4, 0.56, 1.32, 0.601174, 0.310607, 0.0969873
4793, 0.545, 0.68, 1.26, 0.601174, 0.310607, 0.0969873
4794, 0.545, 0.86, 0.36, 0.35318, -0.996359, -0.193525
4794, 0.69, 0.92, 0.6, 0.35318, -0.996359, -0.193525
4795, 0.4, 0.8, 0.36, 0.314934, -0.861978, -0.145763
4795, 0.545, 0.86, 0.54, 0.314934, -0.861978, -0.145763
4795, 0.69, 0.92, 0.72, 0.314934, -0.861978, -0.145763
4796, 0.4, 0.8, 0.6, 0.251149, -0.664377, -0.0870426
4796, 0.545, 0.86, 0.72, 0.251149, -0.664377, -0.0870426
4796, 0.69, 0.92, 0.84, 0.251149, -0.664377, -0.0870426
4797, 0.4, 0.8, 0.84, 0.193202, -0.374476, -0.0367136
4797, 0.545, 0.86, 0.9, 0.193202, -0.374476, -0.0367136
4797, 0.69, 0.92, 0.96, 0.193202, -0.374476, -0.0367136
4800, 0.545, 1.04, 0.36, 0, -1.02732, 0
4801, 0.545, 1.04, 0.54, 0, -0.892677, 0
4802, 0.4, 1.04, 0.6, 0, -0.691337, 0
4802, 0.545, 1.04, 0.72, 0, -0.691337, 0
4803, 0.545, 1.04, 0.9, 0, -0.39234, 0
4806, 0.05, 1.01, 0.6, 0.0237129, -0.476308, -0.00575681
4806, 0.515, 1.025, 0.84, 0.0237129, -0.476308, -0.00575681
4807, 0.515, 1.025, 0.9, 0.0197988, -0.369216, -0.00369722
4812, 0.17, 1.01, 0.6, 0.0276254, -0.534727, -0.00756765
4812, 0.575, 1.025, 0.84, 0.0276254, -0.534727, -0.00756765
4813, -0.235, 0.995, 0.54, 0.0230189, -0.418052, -0.00488308
4813, 0.17, 1.01, 0.72, 0.0230189, -0.418052, -0.00488308
4814, -0.235, 0.995, 0.72, 0.0167885, -0.287945, -0.00243399
4816, -0.235, 0.995, 1.08, 0.0370201, -0, 0
4818, 0.29, 1.01, 0.6, 0.0330895, -0.607462, -0.0103721
4818, 0.635, 1.025, 0.84, 0.0330895, -0.607462, -0.0103721
4819, -0.055, 0.995, 0.54, 0.0275212, -0.480624, -0.00674439
4821, -0.055, 0.995, 0.9, 0.0108985, -0.172107, -0.000940185
4822, 0.29, 1.01, 1.08, 0.0434509, -0, 0
4824, 0.41, 1.01, 0.6, 0.0412051, -0.699361, -0.015028
4825, 0.125, 0.995, 0.54, 0.0342538, -0.562888, -0.00990428
4825, 0.41, 1.01, 0.72, 0.0342538, -0.562888, -0.00990428
4826, -0.16, 0.98, 0.6, 0.0246137, -0.39823, -0.00496701
4826, 0.125, 0.995, 0.72, 0.0246137, -0.39823, -0.00496701
4827, -0.16, 0.98, 0.84, 0.0132792, -0.20735, -0.00138169
4830, 0.305, 0.995, 0.36, 0.0543164, -0.816759, -0.0235077
4830, 0.53, 1.01, 0.6, 0.0543164, -0.816759, -0.0235077
4831, 0.08, 0.98, 0.36, 0.0453384, -0.673986, -0.015887
4831, 0.305, 0.995, 0.54, 0.0453384, -0.673986, -0.015887
4831, 0.53, 1.01, 0.72, 0.0453384, -0.673986, -0.015887
4832, 0.305, 0.995, 0.72, 0.0322456, -0.489411, -0.00805271
4832, 0.53, 1.01, 0.84, 0.0322456, -0.489411, -0.00805271
4834, 0.305, 0.995, 1.08, 0.0665682, -0, 0
4836, 0.485, 0.995, 0.36, 0.078208, -0.966901, -0.0410747
4836, 0.65, 1.01, 0.6, 0.078208, -0.966901, -0.0410747
4837, 0.32, 0.98, 0.36, 0.0664117, -0.827365, -0.0291645
4837, 0.485, 0.995, 0.54, 0.0664117, -0.827365, -0.0291645
4837, 0.65, 1.01, 0.72, 0.0664117, -0.827365, -0.0291645
4838, 0.32, 0.98, 0.6, 0.0469271, -0.627628, -0.0152321
4838, 0.485, 0.995, 0.72, 0.0469271, -0.627628, -0.0152321
4838, 0.65, 1.01, 0.84, 0.0469271, -0.627628, -0.0152321
4840, 0.32, 0.98, 1.08, 0.0906599, -0, 0
4842, 0.665, 0.995, 0.36, 0.131123, -1.15505, -0.0855152
4843, 0.56, 0.98, 0.36, 0.116744, -1.03926, -0.0668365
4843, 0.665, 0.995, 0.54, 0.116744, -1.03926, -0.0668365
4844, 0.56, 0.98, 0.6, 0.0848183, -0.848877, -0.0383483
4844, 0.665, 0.995, 0.72, 0.0848183, -0.848877, -0.0383483
4845, 0.56, 0.98, 0.84, 0.040344, -0.516916, -0.0106671
4860, 0.69, 0.08, 0.72, 1.28556, -0.709226, -0.540972
4860, 0.835, 0.56, 1.02, 1.28556, -0.709226, -0.540972
4861, 0.69, 0.08, 0.84, 1.27733, -0.636536, -0.479818
4861, 0.835, 0.56, 1.08, 1.27733, -0.636536, -0.479818
4862, 0.69, 0.08, 0.96, 1.26995, -0.539014, -0.401542
4862, 0.835, 0.56, 1.14, 1.26995, -0.539014, -0.401542
4863, 0.69, 0.08, 1.08, 1.26747, -0.402791, -0.297838
4863, 0.835, 0.56, 1.2, 1.26747, -0.402791, -0.297838
4864, 0.545, -0.4, 1.14, 1.2726, -0.21885, -0.161983
4865, 0.69, 0.08, 1.32, 1.27743, -0, 0
4866, 0.69, 0.2, 0.72, 1.24315, -0.731261, -0.535293
4866, 0.835, 0.62, 1.02, 1.24315, -0.731261, -0.535293
4867, 0.69, 0.2, 0.84, 1.23502, -0.652218, -0.471398
4867, 0.835, 0.62, 1.08, 1.23502, -0.652218, -0.471398
4868, 0.545, -0.22, 0.78, 1.22809, -0.547621, -0.390938
4868, 0.69, 0.2, 0.96, 1.22809, -0.547621, -0.390938
4868, 0.835, 0.62, 1.14, 1.22809, -0.547621, -0.390938
4869, 0.545, -0.22, 0.96, 1.22676, -0.404871, -0.286985
4869, 0.69, 0.2, 1.08, 1.22676, -0.404871, -0.286985
4870, 0.545, -0.22, 1.14, 1.23314, -0.217745, -0.154629
4871, 0.69, 0.2, 1.32, 1.23837, -0, 0
4872, 0.69, 0.32, 0.72, 1.18887, -0.761523, -0.528541
4872, 0.835, 0.68, 1.02, 1.18887, -0.761523, -0.528541
4873, 0.545, -0.04, 0.6, 1.18084, -0.674959, -0.461935
4873, 0.69, 0.32, 0.84, 1.18084, -0.674959, -0.461935
4873, 0.835, 0.68, 1.08, 1.18084, -0.674959, -0.461935
4874, 0.545, -0.04, 0.78, 1.17435, -0.561325, -0.37907
4874, 0.69, 0.32, 0.96, 1.17435, -0.561325, -0.37907
4874, 0.835, 0.68, 1.14, 1.17435, -0.561325, -0.37907
4875, 0.545, -0.04, 0.96, 1.17432, -0.409551, -0.274671
4875, 0.69, 0.32, 1.08, 1.17432, -0.409551, -0.274671
4876, 0.4, -0.4, 1.08, 1.18219, -0.217327, -0.146174
4876, 0.545, -0.04, 1.14, 1.18219, -0.217327, -0.146174
4876, 0.69, 0.32, 1.2, 1.18219, -0.217327, -0.146174
4877, 0.545, -0.04, 1.32, 1.1879, -0, 0
4877, 0.69, 0.32, 1.32, 1.1879, -0, 0
4878, 0.69, 0.44, 0.72, 1.11693, -0.803431, -0.518897
4878, 0.835, 0.74, 1.02, 1.11693, -0.803431, -0.518897
4879, 0.545, 0.14, 0.6, 1.10883, -0.708722, -0.450407
4879, 0.69, 0.44, 0.84, 1.10883, -0.708722, -0.450407
4879, 0.835, 0.74, 1.08, 1.10883, -0.708722, -0.450407
4880, 0.545, 0.14, 0.78, 1.10258, -0.584121, -0.365611
4880, 0.69, 0.44, 0.96, 1.10258, -0.584121, -0.365611
4881, 0.545, 0.14, 0.96, 1.10405, -0.419958, -0.261027
4881, 0.69, 0.44, 1.08, 1.10405, -0.419958, -0.261027
4882, 0.69, 0.44, 1.2, 1.11403, -0.219194, -0.13685
4883, 0.4, -0.16, 1.32, 1.12057, -0, 0
4883, 0.545, 0.14, 1.32, 1.12057, -0, 0
4883, 0.69, 0.44, 1.32, 1.12057, -0, 0
4884, 0.69, 0.56, 0.72, 1.01766, -0.860773, -0.501404
4885, 0.545, 0.32, 0.6, 1.00858, -0.759068, -0.433351
4885, 0.69, 0.56, 0.84, 1.00858, -0.759068, -0.433351
4886, 0.545, 0.32, 0.78, 1.00124, -0.623125, -0.348814
4886, 0.69, 0.56, 0.96, 1.00124, -0.623125, -0.348814
4887, 0.4, 0.08, 0.84, 1.00384, -0.443125, -0.245997
4887, 0.545, 0.32, 0.96, 1.00384, -0.443125, -0.245997
4887, 0.69, 0.56, 1.08, 1.00384, -0.443125, -0.245997
4888, 0.69, 0.56, 1.2, 1.01808, -0.227623, -0.127415
4889, 0.4, 0.08, 1.32, 1.02732, -0, 0
4889, 0.545, 0.32, 1.32, 1.02732, -0, 0
4889, 0.69, 0.56, 1.32, 1.02732, -0, 0
4890, 0.545, 0.5, 0.42, 0.875401, -0.935061, -0.464017
4890, 0.69, 0.68, 0.72, 0.875401, -0.935061, -0.464017
4891, 0.545, 0.5, 0.6, 0.862705, -0.830826, -0.40058
4891, 0.69, 0.68, 0.84, 0.862705, -0.830826, -0.40058
4892, 0.545, 0.5, 0.78, 0.848778, -0.688125, -0.321021
4892, 0.69, 0.68, 0.96, 0.848778, -0.688125, -0.321021
4893, 0.4, 0.32, 0.84, 0.846478, -0.492952, -0.225702
4893, 0.545, 0.5, 0.96, 0.846478, -0.492952, -0.225702
4893, 0.69, 0.68, 1.08, 0.846478, -0.492952, -0.225702
4894, 0.4, 0.32, 1.08, 0.870133, -0.253012, -0.118086
4894, 0.545, 0.5, 1.14, 0.870133, -0.253012, -0.118086
4894, 0.69, 0.68, 1.2, 0.870133, -0.253012, -0.118086
4895, 0.4, 0.32, 1.32, 0.892677, -0, 0
4895, 0.545, 0.5, 1.32, 0.892677, -0, 0
4896, 0.545, 0.68, 0.42, 0.667608, -1.01923, -0.382855
4896, 0.69, 0.8, 0.72, 0.667608, -1.01923, -0.382855
4897, 0.545, 0.68, 0.6, 0.648399, -0.918853, -0.329504
4897, 0.69, 0.8, 0.84, 0.648399, -0.918853, -0.329504
4898, 0.4, 0.56, 0.6, 0.617241, -0.779362, -0.260376
4898, 0.545, 0.68, 0.78, 0.617241, -0.779362, -0.260376
4898, 0.69, 0.8, 0.96, 0.617241, -0.779362, -0.260376
4899, 0.4, 0.56, 0.84, 0.583709, -0.580613, -0.179028
4899, 0.545, 0.68, 0.96, 0.583709, -0.580613, -0.179028
4899, 0.69, 0.8, 1.08, 0.583709, -0.580613, -0.179028
4900, 0.4, 0.56, 1.08, 0.601174, -0.310607, -0.0969873
4900, 0.545, 0.68, 1.14, 0.601174, -0.310607, -0.0969873
4901, 0.4, 0.56, 1.32, 0.691337, -0, 0
4901, 0.545, 0.68, 1.32, 0.691337, -0, 0
4902, 0.545, 0.86, 0.42, 0.372169, -1.09132, -0.227619
4902, 0.69, 0.92, 0.72, 0.372169, -1.09132, -0.227619
4903, 0.545, 0.86, 0.6, 0.35318, -0.996359, -0.193525
4903, 0.69, 0.92, 0.84, 0.35318, -0.996359, -0.193525
4904, 0.4, 0.8, 0.6, 0.314934, -0.861978, -0.145763
4904, 0.545, 0.86, 0.78, 0.314934, -0.861978, -0.145763
4904, 0.69, 0.92, 0.96, 0.314934, -0.861978, -0.145763
4905, 0.4, 0.8, 0.84, 0.251149, -0.664377, -0.0870426
4905, 0.545, 0.86, 0.96, 0.251149, -0.664377, -0.0870426
4908, 0.545, 1.04, 0.42, 0, -1.12057, 0
4909, 0.545, 1.04, 0.6, 0, -1.02732, 0
4910, 0.4, 1.04, 0.6, 0, -0.892677, 0
4910, 0.545, 1.04, 0.78, 0, -0.892677, 0
4911, 0.4, 1.04, 0.84, 0, -0.691337, 0
4914, 0.05, 1.01, 0.72, 0.0264404, -0.572772, -0.00778661
4916, -0.415, 0.995, 0.78, 0.0197988, -0.369216, -0.00369722
4917, -0.415, 0.995, 0.96, 0.0145078, -0.25248, -0.00184129
4921, -0.235, 0.995, 0.6, 0.0276254, -0.534727, -0.00756765
4923, -0.235, 0.995, 0.96, 0.0167885, -0.287945, -0.00243399
4926, 0.29, 1.01, 0.72, 0.0368166, -0.715352, -0.0137616
4927, -0.055, 0.995, 0.6, 0.0330895, -0.607462, -0.0103721
4929, -0.4, 0.98, 0.84, 0.0199449, -0.334564, -0.003368
4930, -0.055, 0.995, 1.14, 0.0108985, -0.172107, -0.000940185
4932, 0.41, 1.01, 0.72, 0.0456447, -0.810444, -0.0195826
4933, 0.125, 0.995, 0.6, 0.0412051, -0.699361, -0.015028
4933, 0.41, 1.01, 0.84, 0.0412051, -0.699361, -0.015028
4935, -0.16, 0.98, 0.84, 0.0246137, -0.39823, -0.00496701
4936, -0.16, 0.98, 1.08, 0.0132792, -0.20735, -0.00138169
4938, 0.305, 0.995, 0.42, 0.0595872, -0.926364, -0.0297655
4938, 0.53, 1.01, 0.72, 0.0595872, -0.926364, -0.0297655
4939, 0.305, 0.995, 0.6, 0.0543164, -0.816759, -0.0235077
4939, 0.53, 1.01, 0.84, 0.0543164, -0.816759, -0.0235077
4940, 0.08, 0.98, 0.6, 0.0453384, -0.673986, -0.015887
4940, 0.305, 0.995, 0.78, 0.0453384, -0.673986, -0.015887
4940, 0.53, 1.01, 0.96, 0.0453384, -0.673986, -0.015887
4944, 0.485, 0.995, 0.42, 0.0841857, -1.06638, -0.0497061
4944, 0.65, 1.01, 0.72, 0.0841857, -1.06638, -0.0497061
4945, 0.32, 0.98, 0.36, 0.078208, -0.966901, -0.0410747
4945, 0.485, 0.995, 0.6, 0.078208, -0.966901, -0.0410747
4945, 0.65, 1.01, 0.84, 0.078208, -0.966901, -0.0410747
4946, 0.32, 0.98, 0.6, 0.0664117, -0.827365, -0.0291645
4946, 0.485, 0.995, 0.78, 0.0664117, -0.827365, -0.0291645
4947, 0.32, 0.98, 0.84, 0.0469271, -0.627628, -0.0152321
4947, 0.485, 0.995, 0.96, 0.0469271, -0.627628, -0.0152321
4950, 0.665, 0.995, 0.42, 0.136883, -1.23113, -0.0968833
4951, 0.56, 0.98, 0.36, 0.131123, -1.15505, -0.0855152
4951, 0.665, 0.995, 0.6, 0.131123, -1.15505, -0.0855152
4952, 0.56, 0.98, 0.6, 0.116744, -1.03926, -0.0668365
4952, 0.665, 0.995, 0.78, 0.116744, -1.03926, -0.0668365
4953, 0.56, 0.98, 0.84, 0.0848183, -0.848877, -0.0383483
4968, 0.69, 0.08, 0.84, 1.29255, -0.767222, -0.591081
4968, 0.835, 0.56, 1.2, 1.29255, -0.767222, -0.591081
4969, 0.69, 0.08, 0.96, 1.28556, -0.709226, -0.540972
4970, 0.69, 0.08, 1.08, 1.27733, -0.636536, -0.479818
4971, 0.545, -0.4, 1.02, 1.26995, -0.539014, -0.401542
4971, 0.69, 0.08, 1.2, 1.26995, -0.539014, -0.401542
4973, 0.69, 0.08, 1.44, 1.2726, -0.21885, -0.161983
4974, 0.69, 0.2, 0.84, 1.25, -0.794685, -0.588011
4975, 0.69, 0.2, 0.96, 1.24315, -0.731261, -0.535293
4976, 0.545, -0.22, 0.84, 1.23502, -0.652218, -0.471398
4976, 0.69, 0.2, 1.08, 1.23502, -0.652218, -0.471398
4977, 0.545, -0.22, 1.02, 1.22809, -0.547621, -0.390938
4977, 0.69, 0.2, 1.2, 1.22809, -0.547621, -0.390938
4979, 0.4, -0.64, 1.32, 1.23314, -0.217745, -0.154629
4979, 0.545, -0.22, 1.38, 1.23314, -0.217745, -0.154629
4980, 0.69, 0.32, 0.84, 1.19552, -0.830912, -0.583548
4981, 0.545, -0.04, 0.66, 1.18887, -0.761523, -0.528541
4981, 0.69, 0.32, 0.96, 1.18887, -0.761523, -0.528541
4982, 0.545, -0.04, 0.84, 1.18084, -0.674959, -0.461935
4982, 0.69, 0.32, 1.08, 1.18084, -0.674959, -0.461935
4983, 0.545, -0.04, 1.02, 1.17435, -0.561325, -0.37907
4983, 0.69, 0.32, 1.2, 1.17435, -0.561325, -0.37907
4984, 0.69, 0.32, 1.32, 1.17432, -0.409551, -0.274671
4985, 0.545, -0.04, 1.38, 1.18219, -0.217327, -0.146174
4986, 0.69, 0.44, 0.84, 1.12342, -0.878604, -0.575092
4987, 0.545, 0.14, 0.66, 1.11693, -0.803431, -0.518897
4987, 0.69, 0.44, 0.96, 1.11693, -0.803431, -0.518897
4988, 0.545, 0.14, 0.84, 1.10883, -0.708722, -0.450407
4988, 0.69, 0.44, 1.08, 1.10883, -0.708722, -0.450407
4989, 0.4, -0.16, 0.84, 1.10258, -0.584121, -0.365611
4989, 0.545, 0.14, 1.02, 1.10258, -0.584121, -0.365611
4989, 0.69, 0.44, 1.2, 1.10258, -0.584121, -0.365611
4990, 0.69, 0.44, 1.32, 1.10405, -0.419958, -0.261027
4991, 0.545, 0.14, 1.38, 1.11403, -0.219194, -0.13685
4992, 0.69, 0.56, 0.84, 1.02447, -0.940021, -0.556455
4993, 0.545, 0.32, 0.66, 1.01766, -0.860773, -0.501404
4993, 0.69, 0.56, 0.96, 1.01766, -0.860773, -0.501404
4994, 0.545, 0.32, 0.84, 1.00858, -0.759068, -0.433351
4994, 0.69, 0.56, 1.08, 1.00858, -0.759068, -0.433351
4995, 0.4, 0.08, 0.84, 1.00124, -0.623125, -0.348814
4995, 0.545, 0.32, 1.02, 1.00124, -0.623125, -0.348814
4995, 0.69, 0.56, 1.2, 1.00124, -0.623125, -0.348814
4996, 0.545, 0.32, 1.2, 1.00384, -0.443125, -0.245997
4996, 0.69, 0.56, 1.32, 1.00384, -0.443125, -0.245997
4997, 0.4, 0.08, 1.32, 1.01808, -0.227623, -0.127415
4997, 0.545, 0.32, 1.38, 1.01808, -0.227623, -0.127415
4998, 0.545, 0.5, 0.48, 0.883708, -1.01459, -0.514211
4998, 0.69, 0.68, 0.84, 0.883708, -1.01459, -0.514211
4999, 0.545, 0.5, 0.66, 0.875401, -0.935061, -0.464017
4999, 0.69, 0.68, 0.96, 0.875401, -0.935061, -0.464017
5000, 0.545, 0.5, 0.84, 0.862705, -0.830826, -0.40058
5000, 0.69, 0.68, 1.08, 0.862705, -0.830826, -0.40058
5001, 0.4, 0.32, 0.84, 0.848778, -0.688125, -0.321021
5001, 0.545, 0.5, 1.02, 0.848778, -0.688125, -0.321021
5001, 0.69, 0.68, 1.2, 0.848778, -0.688125, -0.321021
5002, 0.4, 0.32, 1.08, 0.846478, -0.492952, -0.225702
5002, 0.545, 0.5, 1.2, 0.846478, -0.492952, -0.225702
5003, 0.4, 0.32, 1.32, 0.870133, -0.253012, -0.118086
5003, 0.545, 0.5, 1.38, 0.870133, -0.253012, -0.118086
5004, 0.545, 0.68, 0.48, 0.678124, -1.09455, -0.423383
5004, 0.69, 0.8, 0.84, 0.678124, -1.09455, -0.423383
5005, 0.545, 0.68, 0.66, 0.667608, -1.01923, -0.382855
5005, 0.69, 0.8, 0.96, 0.667608, -1.01923, -0.382855
5006, 0.4, 0.56, 0.6, 0.648399, -0.918853, -0.329504
5006, 0.545, 0.68, 0.84, 0.648399, -0.918853, -0.329504
5006, 0.69, 0.8, 1.08, 0.648399, -0.918853, -0.329504
5007, 0.4, 0.56, 0.84, 0.617241, -0.779362, -0.260376
5007, 0.545, 0.68, 1.02, 0.617241, -0.779362, -0.260376
5008, 0.4, 0.56, 1.08, 0.583709, -0.580613, -0.179028
5008, 0.545, 0.68, 1.2, 0.583709, -0.580613, -0.179028
5009, 0.4, 0.56, 1.32, 0.601174, -0.310607, -0.0969873
5010, 0.545, 0.86, 0.48, 0.381364, -1.16106, -0.251882
5010, 0.69, 0.92, 0.84, 0.381364, -1.16106, -0.251882
5011, 0.545, 0.86, 0.66, 0.372169, -1.09132, -0.227619
5011, 0.69, 0.92, 0.96, 0.372169, -1.09132, -0.227619
5012, 0.4, 0.8, 0.6, 0.35318, -0.996359, -0.193525
5012, 0.545, 0.86, 0.84, 0.35318, -0.996359, -0.193525
5013, 0.4, 0.8, 0.84, 0.314934, -0.861978, -0.145763
5013, 0.545, 0.86, 1.02, 0.314934, -0.861978, -0.145763
5014, 0.545, 0.86, 1.2, 0.251149, -0.664377, -0.0870426
5016, 0.545, 1.04, 0.48, 0, -1.1879, 0
5017, 0.545, 1.04, 0.66, 0, -1.12057, 0
5018, 0.4, 1.04, 0.6, 0, -1.02732, 0
5018, 0.545, 1.04, 0.84, 0, -1.02732, 0
5019, 0.4, 1.04, 0.84, 0, -0.892677, 0
5024, -0.415, 0.995, 0.84, 0.0237129, -0.476308, -0.00575681
5029, -0.235, 0.995, 0.66, 0.0307898, -0.637278, -0.0101576
5030, -0.235, 0.995, 0.84, 0.0276254, -0.534727, -0.00756765
5031, -0.235, 0.995, 1.02, 0.0230189, -0.418052, -0.00488308
5034, 0.29, 1.01, 0.84, 0.0391823, -0.806252, -0.0167123
5036, -0.055, 0.995, 0.84, 0.0330895, -0.607462, -0.0103721
5037, -0.4, 0.98, 0.84, 0.0275212, -0.480624, -0.00674439
5040, 0.125, 0.995, 0.48, 0.0483082, -0.90055, -0.0233554
5040, 0.41, 1.01, 0.84, 0.0483082, -0.90055, -0.0233554
5041, 0.125, 0.995, 0.66, 0.0456447, -0.810444, -0.0195826
5041, 0.41, 1.01, 0.96, 0.0456447, -0.810444, -0.0195826
5042, -0.16, 0.98, 0.6, 0.0412051, -0.699361, -0.015028
5043, -0.16, 0.98, 0.84, 0.0342538, -0.562888, -0.00990428
5046, 0.305, 0.995, 0.48, 0.062494, -1.01128, -0.0346074
5046, 0.53, 1.01, 0.84, 0.062494, -1.01128, -0.0346074
5047, 0.305, 0.995, 0.66, 0.0595872, -0.926364, -0.0297655
5047, 0.53, 1.01, 0.96, 0.0595872, -0.926364, -0.0297655
5048, 0.08, 0.98, 0.6, 0.0543164, -0.816759, -0.0235077
5048, 0.305, 0.995, 0.84, 0.0543164, -0.816759, -0.0235077
5052, 0.485, 0.995, 0.48, 0.0871144, -1.13956, -0.0558313
5052, 0.65, 1.01, 0.84, 0.0871144, -1.13956, -0.0558313
5053, 0.485, 0.995, 0.66, 0.0841857, -1.06638, -0.0497061
5054, 0.32, 0.98, 0.6, 0.078208, -0.966901, -0.0410747
5054, 0.485, 0.995, 0.84, 0.078208, -0.966901, -0.0410747
5055, 0.32, 0.98, 0.84, 0.0664117, -0.827365, -0.0291645
5055, 0.485, 0.995, 1.02, 0.0664117, -0.827365, -0.0291645
5058, 0.665, 0.995, 0.48, 0.139324, -1.28435, -0.104279
5059, 0.56, 0.98, 0.36, 0.136883, -1.23113, -0.0968833
5059, 0.665, 0.995, 0.66, 0.136883, -1.23113, -0.0968833
5060, 0.56, 0.98, 0.6, 0.131123, -1.15505, -0.0855152
5060, 0.665, 0.995, 0.84, 0.131123, -1.15505, -0.0855152
5061, 0.56, 0.98, 0.84, 0.116744, -1.03926, -0.0668365
5076, -0.415, -0.4, 1.4025, 0.79414, -0.134704, -0.0565577
5076, 0.05, 0.08, 1.455, 0.79414, -0.134704, -0.0565577
5077, 0.05, 0.2, 1.455, 0.727281, -0.128618, -0.0490052
5078, 0.05, 0.32, 1.455, 0.651002, -0.122665, -0.0414462
5079, -0.415, 0.14, 1.4025, 0.563832, -0.117315, -0.0340135
5079, 0.05, 0.44, 1.455, 0.563832, -0.117315, -0.0340135
5080, -0.415, 0.32, 1.4025, 0.463684, -0.113203, -0.0267527
5080, 0.05, 0.56, 1.455, 0.463684, -0.113203, -0.0267527
5081, -0.415, 0.5, 1.4025, 0.346229, -0.111014, -0.0194318
5082, 0.17, 0.08, 1.455, 0.862829, -0.144937, -0.0668118
5083, 0.17, 0.2, 1.455, 0.796217, -0.13925, -0.0586416
5084, -0.235, -0.04, 1.4025, 0.718725, -0.133715, -0.0502977
5084, 0.17, 0.32, 1.455, 0.718725, -0.133715, -0.0502977
5085, -0.235, 0.14, 1.4025, 0.628193, -0.128902, -0.0419258
5085, 0.17, 0.44, 1.455, 0.628193, -0.128902, -0.0419258
5086, -0.235, 0.32, 1.4025, 0.521622, -0.125601, -0.0335628
5086, 0.17, 0.56, 1.455, 0.521622, -0.125601, -0.0335628
5087, -0.64, 0.32, 1.35, 0.393349, -0.124629, -0.0248633
5087, -0.235, 0.5, 1.4025, 0.393349, -0.124629, -0.0248633
5088, 0.29, 0.08, 1.455, 0.940685, -0.155955, -0.0794065
5089, 0.29, 0.2, 1.455, 0.875901, -0.150907, -0.0707714
5090, -0.055, -0.04, 1.4025, 0.798839, -0.146065, -0.0617458
5090, 0.29, 0.32, 1.455, 0.798839, -0.146065, -0.0617458
5091, -0.055, 0.14, 1.4025, 0.706403, -0.142155, -0.0524833
5091, 0.29, 0.44, 1.455, 0.706403, -0.142155, -0.0524833
5092, -0.055, 0.32, 1.4025, 0.594207, -0.14024, -0.0430007
5092, 0.29, 0.56, 1.455, 0.594207, -0.14024, -0.0430007
5093, -0.4, 0.32, 1.35, 0.454389, -0.141426, -0.0327473
5094, 0.125, -0.4, 1.4025, 1.02854, -0.167488, -0.0947778
5094, 0.41, 0.08, 1.455, 1.02854, -0.167488, -0.0947778
5095, 0.125, -0.22, 1.4025, 0.967789, -0.163358, -0.0859944
5095, 0.41, 0.2, 1.455, 0.967789, -0.163358, -0.0859944
5096, 0.125, -0.04, 1.4025, 0.893727, -0.159532, -0.0765716
5096, 0.41, 0.32, 1.455, 0.893727, -0.159532, -0.0765716
5097, 0.125, 0.14, 1.4025, 0.802122, -0.156963, -0.0666715
5097, 0.41, 0.44, 1.455, 0.802122, -0.156963, -0.0666715
5098, -0.16, 0.08, 1.35, 0.68664, -0.15723, -0.0563074
5098, 0.125, 0.32, 1.4025, 0.68664, -0.15723, -0.0563074
5098, 0.41, 0.56, 1.455, 0.68664, -0.15723, -0.0563074
5099, -0.16, 0.32, 1.35, 0.535867, -0.162154, -0.0446073
5099, 0.125, 0.5, 1.4025, 0.535867, -0.162154, -0.0446073
5100, 0.305, -0.4, 1.4025, 1.12683, -0.17901, -0.113265
5100, 0.53, 0.08, 1.455, 1.12683, -0.17901, -0.113265
5101, 0.305, -0.22, 1.4025, 1.07298, -0.176064, -0.104875
5101, 0.53, 0.2, 1.455, 1.07298, -0.176064, -0.104875
5102, 0.305, -0.04, 1.4025, 1.00562, -0.17355, -0.095613
5102, 0.53, 0.32, 1.455, 1.00562, -0.17355, -0.095613
5103, 0.08, -0.16, 1.35, 0.91945, -0.172702, -0.0856665
5103, 0.305, 0.14, 1.4025, 0.91945, -0.172702, -0.0856665
5103, 0.53, 0.44, 1.455, 0.91945, -0.172702, -0.0856665
5104, 0.08, 0.08, 1.35, 0.805838, -0.175982, -0.0751689
5104, 0.305, 0.32, 1.4025, 0.805838, -0.175982, -0.0751689
5105, 0.08, 0.32, 1.35, 0.648213, -0.187041, -0.063
5105, 0.305, 0.5, 1.4025, 0.648213, -0.187041, -0.063
5106, 0.485, -0.4, 1.4025, 1.2353, -0.189665, -0.134932
5106, 0.65, 0.08, 1.455, 1.2353, -0.189665, -0.134932
5107, 0.485, -0.22, 1.4025, 1.19173, -0.18806, -0.127724
5107, 0.65, 0.2, 1.455, 1.19173, -0.18806, -0.127724
5108, 0.32, -0.4, 1.35, 1.13588, -0.186988, -0.119517
5108, 0.485, -0.04, 1.4025, 1.13588, -0.186988, -0.119517
5109, 0.32, -0.16, 1.35, 1.06197, -0.187856, -0.11053
5109, 0.485, 0.14, 1.4025, 1.06197, -0.187856, -0.11053
5110, 0.32, 0.08, 1.35, 0.959783, -0.194215, -0.101316
5110, 0.485, 0.32, 1.4025, 0.959783, -0.194215, -0.101316
5111, 0.32, 0.32, 1.35, 0.807412, -0.213669, -0.0915575
5111, 0.485, 0.5, 1.4025, 0.807412, -0.213669, -0.0915575
5113, 0.665, -0.22, 1.4025, 1.32282, -0.197944, -0.154271
5114, 0.665, -0.04, 1.4025, 1.28378, -0.198124, -0.148308
5115, 0.56, -0.16, 1.35, 1.23064, -0.20001, -0.141617
5115, 0.665, 0.14, 1.4025, 1.23064, -0.20001, -0.141617
5116, 0.56, 0.08, 1.35, 1.15409, -0.207275, -0.135205
5116, 0.665, 0.32, 1.4025, 1.15409, -0.207275, -0.135205
5117, 0.56, 0.32, 1.35, 1.03244, -0.231682, -0.131892
5122, 0.8, 0.08, 1.35, 1.38471, -0.211734, -0.175797
5130, 0.69, 0.08, 0.96, 1.29765, -0.816462, -0.633902
5131, 0.69, 0.08, 1.08, 1.29255, -0.767222, -0.591081
5132, 0.545, -0.4, 0.9, 1.28556, -0.709226, -0.540972
5132, 0.69, 0.08, 1.2, 1.28556, -0.709226, -0.540972
5133, 0.69, 0.08, 1.32, 1.27733, -0.636536, -0.479818
5134, 0.69, 0.08, 1.44, 1.26995, -0.539014, -0.401542
5136, 0.69, 0.2, 0.96, 1.25481, -0.848463, -0.633017
5137, 0.545, -0.22, 0.72, 1.25, -0.794685, -0.588011
5137, 0.69, 0.2, 1.08, 1.25, -0.794685, -0.588011
5138, 0.545, -0.22, 0.9, 1.24315, -0.731261, -0.535293
5138, 0.69, 0.2, 1.2, 1.24315, -0.731261, -0.535293
5139, 0.545, -0.22, 1.08, 1.23502, -0.652218, -0.471398
5139, 0.69, 0.2, 1.32, 1.23502, -0.652218, -0.471398
5140, 0.69, 0.2, 1.44, 1.22809, -0.547621, -0.390938
5142, 0.69, 0.32, 0.96, 1.19996, -0.889292, -0.63019
5143, 0.545, -0.04, 0.72, 1.19552, -0.830912, -0.583548
5143, 0.69, 0.32, 1.08, 1.19552, -0.830912, -0.583548
5144, 0.545, -0.04, 0.9, 1.18887, -0.761523, -0.528541
5144, 0.69, 0.32, 1.2, 1.18887, -0.761523, -0.528541
5145, 0.545, -0.04, 1.08, 1.18084, -0.674959, -0.461935
5145, 0.69, 0.32, 1.32, 1.18084, -0.674959, -0.461935
5147, 0.4, -0.4, 1.32, 1.17432, -0.409551, -0.274671
5148, 0.545, 0.14, 0.54, 1.12753, -0.940897, -0.62212
5148, 0.69, 0.44, 0.96, 1.12753, -0.940897, -0.62212
5149, 0.545, 0.14, 0.72, 1.12342, -0.878604, -0.575092
5149, 0.69, 0.44, 1.08, 1.12342, -0.878604, -0.575092
5150, 0.545, 0.14, 0.9, 1.11693, -0.803431, -0.518897
5150, 0.69, 0.44, 1.2, 1.11693, -0.803431, -0.518897
5151, 0.4, -0.16, 0.84, 1.10883, -0.708722, -0.450407
5151, 0.545, 0.14, 1.08, 1.10883, -0.708722, -0.450407
5151, 0.69, 0.44, 1.32, 1.10883, -0.708722, -0.450407
5153, 0.545, 0.14, 1.44, 1.10405, -0.419958, -0.261027
5154, 0.545, 0.32, 0.54, 1.0286, -1.00429, -0.60166
5154, 0.69, 0.56, 0.96, 1.0286, -1.00429, -0.60166
5155, 0.545, 0.32, 0.72, 1.02447, -0.940021, -0.556455
5155, 0.69, 0.56, 1.08, 1.02447, -0.940021, -0.556455
5156, 0.545, 0.32, 0.9, 1.01766, -0.860773, -0.501404
5156, 0.69, 0.56, 1.2, 1.01766, -0.860773, -0.501404
5157, 0.4, 0.08, 0.84, 1.00858, -0.759068, -0.433351
5157, 0.545, 0.32, 1.08, 1.00858, -0.759068, -0.433351
5157, 0.69, 0.56, 1.32, 1.00858, -0.759068, -0.433351
5158, 0.4, 0.08, 1.08, 1.00124, -0.623125, -0.348814
5158, 0.545, 0.32, 1.26, 1.00124, -0.623125, -0.348814
5159, 0.4, 0.08, 1.32, 1.00384, -0.443125, -0.245997
5160, 0.545, 0.5, 0.54, 0.88849, -1.07758, -0.554412
5160, 0.69, 0.68, 0.96, 0.88849, -1.07758, -0.554412
5161, 0.545, 0.5, 0.72, 0.883708, -1.01459, -0.514211
5161, 0.69, 0.68, 1.08, 0.883708, -1.01459, -0.514211
5162, 0.545, 0.5, 0.9, 0.875401, -0.935061, -0.464017
5162, 0.69, 0.68, 1.2, 0.875401, -0.935061, -0.464017
5163, 0.4, 0.32, 0.84, 0.862705, -0.830826, -0.40058
5163, 0.545, 0.5, 1.08, 0.862705, -0.830826, -0.40058
5164, 0.4, 0.32, 1.08, 0.848778, -0.688125, -0.321021
5164, 0.545, 0.5, 1.26, 0.848778, -0.688125, -0.321021
5165, 0.545, 0.5, 1.44, 0.846478, -0.492952, -0.225702
5166, 0.545, 0.68, 0.54, 0.68377, -1.15293, -0.454708
5166, 0.69, 0.8, 0.96, 0.68377, -1.15293, -0.454708
5167, 0.545, 0.68, 0.72, 0.678124, -1.09455, -0.423383
5167, 0.69, 0.8, 1.08, 0.678124, -1.09455, -0.423383
5168, 0.4, 0.56, 0.6, 0.667608, -1.01923, -0.382855
5168, 0.545, 0.68, 0.9, 0.667608, -1.01923, -0.382855
5169, 0.4, 0.56, 0.84, 0.648399, -0.918853, -0.329504
5169, 0.545, 0.68, 1.08, 0.648399, -0.918853, -0.329504
5170, 0.4, 0.56, 1.08, 0.617241, -0.779362, -0.260376
5170, 0.545, 0.68, 1.26, 0.617241, -0.779362, -0.260376
5172, 0.545, 0.86, 0.54, 0.385996, -1.21397, -0.269782
5172, 0.69, 0.92, 0.96, 0.385996, -1.21397, -0.269782
5173, 0.545, 0.86, 0.72, 0.381364, -1.16106, -0.251882
5174, 0.4, 0.8, 0.6, 0.372169, -1.09132, -0.227619
5174, 0.545, 0.86, 0.9, 0.372169, -1.09132, -0.227619
5175, 0.4, 0.8, 0.84, 0.35318, -0.996359, -0.193525
5175, 0.545, 0.86, 1.08, 0.35318, -0.996359, -0.193525
5176, 0.4, 0.8, 1.08, 0.314934, -0.861978, -0.145763
5178, 0.545, 1.04, 0.54, 0, -1.23837, 0
5179, 0.4, 1.04, 0.36, 0, -1.1879, 0
5179, 0.545, 1.04, 0.72, 0, -1.1879, 0
5180, 0.4, 1.04, 0.6, 0, -1.12057, 0
5180, 0.545, 1.04, 0.9, 0, -1.12057, 0
5181, 0.4, 1.04, 0.84, 0, -1.02732, 0
5186, -0.415, 0.995, 0.9, 0.0264404, -0.572772, -0.00778661
5191, -0.235, 0.995, 0.72, 0.0328737, -0.726344, -0.0124939
5196, 0.29, 1.01, 0.96, 0.0406562, -0.882698, -0.0192093
5197, -0.055, 0.995, 0.72, 0.0391823, -0.806252, -0.0167123
5198, -0.055, 0.995, 0.9, 0.0368166, -0.715352, -0.0137616
5202, 0.125, 0.995, 0.54, 0.049882, -0.973996, -0.0264183
5202, 0.41, 1.01, 0.96, 0.049882, -0.973996, -0.0264183
5203, 0.125, 0.995, 0.72, 0.0483082, -0.90055, -0.0233554
5203, 0.41, 1.01, 1.08, 0.0483082, -0.90055, -0.0233554
5205, -0.16, 0.98, 0.84, 0.0412051, -0.699361, -0.015028
5208, 0.305, 0.995, 0.54, 0.0640966, -1.07811, -0.0383475
5208, 0.53, 1.01, 0.96, 0.0640966, -1.07811, -0.0383475
5209, 0.305, 0.995, 0.72, 0.062494, -1.01128, -0.0346074
5210, 0.08, 0.98, 0.6, 0.0595872, -0.926364, -0.0297655
5210, 0.305, 0.995, 0.9, 0.0595872, -0.926364, -0.0297655
5214, 0.485, 0.995, 0.54, 0.0885998, -1.19511, -0.0603179
5215, 0.485, 0.995, 0.72, 0.0871144, -1.13956, -0.0558313
5216, 0.32, 0.98, 0.6, 0.0841857, -1.06638, -0.0497061
5216, 0.485, 0.995, 0.9, 0.0841857, -1.06638, -0.0497061
5217, 0.32, 0.98, 0.84, 0.078208, -0.966901, -0.0410747
5220, 0.665, 0.995, 0.54, 0.14046, -1.32347, -0.109474
5221, 0.56, 0.98, 0.36, 0.139324, -1.28435, -0.104279
5221, 0.665, 0.995, 0.72, 0.139324, -1.28435, -0.104279
5222, 0.56, 0.98, 0.6, 0.136883, -1.23113, -0.0968833
5223, 0.56, 0.98, 0.84, 0.131123, -1.15505, -0.0855152
5239, -0.415, -0.22, 1.4625, 0.709762, -0.261656, -0.0974415
5239, 0.05, 0.2, 1.575, 0.709762, -0.261656, -0.0974415
5240, -0.415, -0.04, 1.4625, 0.632669, -0.251756, -0.0827971
5241, -0.415, 0.14, 1.4625, 0.543558, -0.243106, -0.0680568
5242, -0.415, 0.32, 1.4625, 0.439208, -0.236856, -0.0531032
5244, -0.235, -0.4, 1.4625, 0.846103, -0.291888, -0.132167
5244, 0.17, 0.08, 1.575, 0.846103, -0.291888, -0.132167
5245, -0.235, -0.22, 1.4625, 0.778854, -0.282732, -0.116676
5245, 0.17, 0.2, 1.575, 0.778854, -0.282732, -0.116676
5246, -0.235, -0.04, 1.4625, 0.700302, -0.274032, -0.100622
5247, -0.235, 0.14, 1.4625, 0.607505, -0.266844, -0.0840933
5248, -0.235, 0.32, 1.4625, 0.496094, -0.262568, -0.0668584
5249, -0.64, 0.32, 1.35, 0.360754, -0.262384, -0.0481152
5249, -0.235, 0.5, 1.4625, 0.360754, -0.262384, -0.0481152
5250, -0.055, -0.4, 1.4625, 0.924925, -0.313184, -0.157093
5250, 0.29, 0.08, 1.575, 0.924925, -0.313184, -0.157093
5251, -0.4, -0.64, 1.35, 0.85925, -0.30566, -0.140911
5251, -0.055, -0.22, 1.4625, 0.85925, -0.30566, -0.140911
5252, -0.055, -0.04, 1.4625, 0.780876, -0.298794, -0.123739
5253, -0.055, 0.14, 1.4625, 0.685866, -0.293911, -0.105602
5254, -0.4, 0.08, 1.35, 0.56816, -0.292864, -0.0860727
5254, -0.055, 0.32, 1.4625, 0.56816, -0.292864, -0.0860727
5255, -0.4, 0.32, 1.35, 0.419662, -0.297196, -0.0637409
5255, -0.055, 0.5, 1.4625, 0.419662, -0.297196, -0.0637409
5256, 0.125, -0.4, 1.4625, 1.01453, -0.335214, -0.187516
5258, 0.125, -0.04, 1.4625, 0.877082, -0.325616, -0.153773
5259, 0.125, 0.14, 1.4625, 0.782699, -0.324076, -0.134703
5260, 0.125, 0.32, 1.4625, 0.661177, -0.327998, -0.113461
5261, 0.125, 0.5, 1.4625, 0.49982, -0.33995, -0.0875605
5262, 0.305, -0.4, 1.4625, 1.11558, -0.35691, -0.224118
5265, 0.08, -0.16, 1.35, 0.902622, -0.356127, -0.174013
5265, 0.305, 0.14, 1.4625, 0.902622, -0.356127, -0.174013
5266, 0.08, 0.08, 1.35, 0.782959, -0.366974, -0.152906
5266, 0.305, 0.32, 1.4625, 0.782959, -0.366974, -0.152906
5267, 0.305, 0.5, 1.4625, 0.613044, -0.39119, -0.12525
5269, 0.32, -0.64, 1.35, 1.18315, -0.377096, -0.255002
5270, 0.485, -0.04, 1.4625, 1.12581, -0.379671, -0.241317
5271, 0.485, 0.14, 1.4625, 1.04964, -0.387211, -0.226063
5272, 0.485, 0.32, 1.4625, 0.942423, -0.405951, -0.208953
5273, 0.32, 0.32, 1.35, 0.777744, -0.447227, -0.185825
5273, 0.485, 0.5, 1.4625, 0.777744, -0.447227, -0.185825
5277, 0.665, 0.14, 1.4625, 1.22449, -0.412726, -0.291936
5278, 0.56, 0.08, 1.35, 1.14491, -0.43716, -0.284364
