0 1 1
1 1 1
2 1 1
3 2 1
4 2 1
5 3 1
6 3 1
7 4 0
8 4 1
9 4 1
10 4 1
11 5 1
12 5 1
13 5 1
14 6 1
15 6 1
16 6 1
17 6 1
18 7 1
19 7 1
20 7 1
21 7 1
22 8 1
23 9 1
24 9 1
25 10 0
26 10 1
27 10 1
28 11 1
29 11 1
30 11 1
31 12 1
32 12 1
33 12 1
34 12 1
35 13 1
36 13 1
37 13 1
38 13 1
39 14 1
40 14 1
41 14 1
42 15 1
43 15 1
44 15 1
45 15 1
46 16 0
47 16 1
48 16 1
49 16 1
50 17 0
51 17 0
52 17 1
53 17 1
54 18 1
55 18 1
56 18 1
57 18 1
58 19 1
59 19 1
60 19 1
61 20 1
62 20 1
63 20 1
64 21 1
65 21 1
66 21 1
67 22 0
68 22 1
69 22 1
70 22 1
71 23 0
72 23 0
73 23 1
74 23 1
75 24 1
76 24 1
77 24 1
78 25 1
79 25 1
80 25 1
81 26 1
82 26 1
83 26 1
84 27 0
85 27 1
86 27 1
87 28 0
88 28 1
89 28 1
90 28 1
91 29 0
92 29 1
93 29 1
94 30 0
95 30 1
96 30 1
97 30 1
98 31 0
99 31 0
100 31 1
101 31 1
102 32 1
103 32 1
104 32 1
105 33 0
106 33 1
107 34 0
108 34 1
109 35 0
110 35 1
111 35 1
112 36 0
113 36 1
114 36 1
115 37 0
116 37 1
117 37 1
118 38 0
119 38 1
120 38 1
121 39 1
122 40 0
123 40 1
124 41 0
125 41 1
126 42 0
127 42 0
128 42 1
129 42 1
130 43 0
131 43 1
132 43 1
133 44 0
134 44 0
135 44 1
136 45 0
137 45 0
138 45 1
139 46 0
140 46 1
141 47 0
142 47 0
143 47 1
144 48 0
145 48 1
146 48 1
147 49 0
148 49 1
149 49 1
150 50 0
151 50 0
152 50 1
153 51 0
154 51 1
155 52 1
156 52 0
157 53 1
158 53 1
159 54 1
160 54 1
161 54 1
162 54 1
163 56 1
164 56 1
165 57 1
166 57 1
167 57 1
168 58 0
169 58 1
170 58 1
171 58 1
172 59 1
173 59 1
174 60 1
175 60 1
176 60 1
177 60 1
178 61 1
179 61 1
180 61 1
181 61 1
182 62 1
183 62 1
184 63 1
185 64 0
186 64 1
187 64 1
188 64 1
189 65 0
190 65 0
191 65 1
192 65 1
193 66 1
194 66 1
195 66 1
196 66 1
197 67 1
198 67 1
199 67 1
200 67 1
201 68 1
202 68 1
203 68 1
204 68 1
205 69 1
206 69 1
207 69 1
208 70 0
209 70 1
210 70 1
211 70 1
212 71 0
213 71 0
214 71 1
215 71 1
216 72 1
217 72 1
218 72 1
219 73 1
220 73 1
221 73 1
222 74 1
223 74 1
224 74 1
225 75 1
226 75 1
227 75 1
228 76 0
229 76 1
230 76 1
231 76 1
232 77 0
233 77 0
234 77 1
235 77 1
236 78 1
237 78 1
238 78 1
239 79 1
240 79 1
241 79 1
242 80 1
243 80 1
244 80 1
245 81 1
246 82 0
247 82 1
248 82 1
249 83 0
250 83 0
251 83 1
252 83 1
253 84 0
254 84 0
255 84 1
256 84 1
257 85 0
258 85 1
259 85 1
260 86 0
261 86 1
262 86 1
263 87 1
264 87 1
265 87 1
266 88 0
267 88 0
268 88 1
269 89 0
270 89 1
271 89 1
272 90 0
273 90 0
274 90 1
275 90 1
276 91 0
277 91 0
278 91 1
279 91 1
280 92 0
281 92 1
282 92 1
283 93 0
284 93 1
285 94 0
286 94 1
287 95 0
288 95 1
289 95 1
290 96 0
291 96 1
292 96 1
293 97 0
294 97 1
295 97 1
296 98 1
297 99 0
298 99 1
299 100 0
300 101 0
301 101 1
302 101 1
303 102 0
304 102 0
305 102 1
306 103 1
307 103 1
308 104 0
309 104 1
310 105 0
311 106 0
312 107 0
313 107 1
314 108 1
315 108 1
316 108 1
317 108 1
318 109 1
319 109 1
320 109 1
321 109 1
322 111 1
323 111 1
324 112 0
325 112 1
326 112 1
327 114 1
328 114 1
329 114 1
330 115 1
331 115 1
332 115 1
333 115 1
334 116 1
335 116 1
336 116 1
337 116 1
338 117 1
339 117 1
340 118 0
341 118 1
342 118 1
343 118 1
344 119 0
345 119 0
346 119 1
347 119 1
348 120 1
349 120 1
350 120 1
351 121 1
352 121 1
353 121 1
354 121 1
355 122 1
356 122 1
357 122 1
358 122 1
359 123 1
360 123 1
361 124 0
362 124 0
363 124 1
364 124 1
365 125 0
366 125 0
367 125 1
368 125 1
369 126 1
370 126 1
371 126 1
372 127 1
373 127 1
374 127 1
375 128 1
376 128 1
377 128 1
378 129 1
379 129 1
380 130 0
381 130 0
382 130 1
383 130 1
384 131 0
385 131 0
386 131 0
387 131 1
388 132 1
389 132 1
390 132 1
391 133 1
392 133 1
393 133 1
394 134 1
395 134 1
396 134 1
397 135 1
398 136 0
399 136 0
400 136 1
401 137 0
402 137 0
403 137 0
404 137 1
405 138 0
406 138 0
407 138 1
408 138 1
409 139 0
410 139 0
411 139 1
412 139 1
413 140 0
414 140 0
415 140 1
416 140 1
417 141 1
418 141 1
419 142 0
420 142 0
421 142 1
422 142 1
423 143 0
424 143 0
425 143 1
426 144 0
427 144 1
428 144 1
429 145 0
430 145 1
431 145 1
432 146 1
433 146 1
434 147 0
435 147 1
436 148 0
437 148 1
438 148 1
439 149 0
440 149 0
441 149 1
442 150 1
443 150 1
444 151 0
445 151 1
446 151 1
447 152 1
448 152 1
449 153 0
450 153 1
451 154 0
452 154 1
453 154 1
454 155 0
455 155 1
456 156 0
457 156 1
458 157 0
459 157 1
460 158 0
461 158 1
462 160 1
463 160 1
464 161 0
465 161 1
466 162 1
467 162 1
468 162 1
469 163 1
470 163 1
471 163 1
472 163 1
473 164 1
474 164 1
475 164 1
476 164 1
477 166 0
478 166 1
479 166 1
480 168 1
481 168 1
482 168 1
483 169 1
484 169 1
485 169 1
486 169 1
487 170 1
488 170 1
489 170 1
490 170 1
491 171 1
492 171 1
493 171 1
494 172 0
495 172 1
496 172 1
497 173 0
498 173 0
499 173 0
500 174 1
501 174 1
502 174 1
503 175 1
504 175 1
505 175 1
506 175 1
507 176 1
508 176 1
509 176 1
510 176 1
511 177 1
512 177 1
513 177 1
514 177 1
515 178 0
516 178 1
517 178 1
518 178 1
519 179 0
520 179 0
521 179 0
522 179 1
523 180 1
524 180 1
525 181 1
526 181 1
527 181 1
528 182 1
529 182 1
530 182 1
531 183 1
532 183 1
533 183 1
534 184 0
535 184 1
536 184 1
537 184 1
538 185 0
539 185 0
540 185 0
541 185 1
542 186 1
543 186 1
544 187 1
545 187 1
546 187 1
547 188 1
548 188 1
549 188 1
550 189 1
551 190 0
552 190 0
553 190 1
554 190 1
555 191 0
556 191 0
557 191 0
558 191 1
559 192 1
560 192 1
561 193 1
562 193 1
563 193 1
564 194 1
565 194 1
566 194 1
567 195 1
568 196 0
569 196 0
570 196 1
571 197 0
572 197 0
573 197 1
574 198 1
575 198 1
576 199 0
577 199 1
578 199 1
579 200 1
580 200 1
581 200 1
582 201 1
583 201 1
584 201 1
585 202 0
586 202 0
587 202 1
588 203 0
589 203 0
590 203 1
591 204 1
592 204 1
593 205 1
594 205 1
595 206 1
596 206 1
597 206 1
598 207 1
599 207 1
600 208 0
601 208 1
602 209 0
603 209 1
604 210 0
605 210 1
606 211 1
607 211 1
608 212 1
609 212 1
610 213 1
611 214 0
612 214 1
613 215 0
614 215 0
615 216 1
616 216 1
617 217 1
618 217 1
619 217 1
620 218 1
621 218 1
622 218 1
623 219 1
624 222 1
625 222 1
626 222 1
627 223 1
628 223 1
629 223 1
630 224 1
631 224 1
632 224 1
633 224 1
634 225 1
635 225 1
636 225 1
637 226 0
638 226 0
639 227 0
640 227 0
641 228 1
642 228 1
643 229 1
644 229 1
645 229 1
646 230 1
647 230 1
648 230 1
649 230 1
650 231 1
651 231 1
652 231 1
653 231 1
654 232 0
655 232 0
656 232 0
657 233 0
658 233 0
659 233 0
660 234 1
661 234 1
662 235 1
663 235 1
664 235 1
665 236 1
666 236 1
667 236 1
668 237 1
669 237 1
670 237 1
671 237 1
672 238 0
673 238 0
674 238 0
675 239 0
676 239 0
677 239 0
678 240 1
679 240 1
680 241 1
681 241 1
682 241 1
683 242 1
684 242 1
685 242 1
686 243 1
687 243 1
688 243 1
689 244 0
690 244 0
691 245 0
692 245 0
693 245 0
694 245 0
695 246 1
696 246 1
697 247 0
698 247 1
699 247 1
700 248 1
701 248 1
702 248 1
703 249 1
704 250 0
705 250 0
706 251 0
707 251 0
708 251 0
709 251 0
710 252 1
711 252 1
712 253 1
713 253 1
714 254 0
715 254 1
716 254 1
717 255 1
718 255 1
719 256 0
720 256 0
721 257 0
722 257 0
723 257 0
724 258 1
725 258 1
726 259 1
727 259 1
728 260 1
729 260 1
730 261 0
731 261 1
732 262 0
733 262 0
734 262 0
735 263 0
736 263 0
737 263 0
738 264 1
739 264 1
740 265 1
741 265 1
742 266 1
743 266 1
744 267 0
745 267 1
746 268 0
747 268 0
748 269 0
749 269 0
750 270 1
751 270 1
752 271 1
753 271 1
754 272 1
755 272 1
756 272 1
757 273 1
758 273 1
759 274 0
760 276 1
761 277 1
762 277 1
763 278 1
764 278 1
765 278 1
766 279 1
767 279 1
768 279 0
769 280 0
770 281 0
771 282 1
772 282 1
773 283 1
774 283 1
775 284 1
776 284 1
777 284 1
778 285 1
779 285 1
780 285 0
781 286 0
782 286 0
783 287 0
784 287 0
785 288 1
786 288 1
787 289 1
788 289 1
789 289 0
790 290 1
791 290 1
792 291 1
793 291 1
794 291 0
795 292 0
796 293 0
797 293 0
798 293 0
799 294 1
800 294 1
801 295 1
802 295 1
803 295 0
804 296 1
805 296 1
806 296 0
807 297 1
808 297 1
809 297 0
810 299 0
811 299 0
812 299 0
813 300 1
814 300 1
815 301 0
816 301 1
817 301 0
818 302 1
819 302 1
820 302 0
821 303 0
822 303 0
823 303 0
824 304 0
825 304 0
826 305 0
827 305 0
828 305 0
829 306 1
830 306 1
831 307 1
832 307 0
833 308 0
834 308 0
835 308 0
836 309 0
837 309 0
838 310 0
839 310 0
840 311 0
841 312 1
842 312 1
843 313 1
844 313 0
845 314 0
846 314 0
847 315 0
848 315 0
849 316 0
850 317 0
851 318 0
852 318 1
853 319 0
854 319 0
855 320 0
856 320 0
857 321 0
858 321 0
859 322 0
860 323 0
861 324 1
862 324 1
863 325 1
864 325 1
865 326 1
866 326 1
867 327 1
868 327 1
869 330 1
870 331 1
871 331 1
872 332 1
873 332 1
874 332 0
875 333 1
876 333 1
877 333 0
878 334 0
879 334 0
880 335 0
881 336 1
882 337 1
883 337 1
884 338 1
885 338 1
886 338 0
887 339 1
888 339 1
889 339 0
890 340 0
891 340 0
892 341 0
893 341 0
894 342 1
895 343 1
896 343 1
897 344 1
898 344 0
899 345 1
900 345 1
901 345 0
902 346 0
903 346 0
904 347 0
905 347 0
906 348 1
907 349 1
908 349 1
909 350 1
910 350 0
911 351 1
912 351 1
913 351 0
914 352 0
915 353 0
916 354 1
917 354 0
918 355 0
919 355 1
920 356 1
921 356 0
922 357 0
923 357 0
924 359 0
925 360 1
926 360 0
927 361 0
928 362 1
929 362 0
930 363 0
931 363 0
932 364 0
933 365 0
934 365 0
935 366 1
936 366 0
937 367 0
938 367 0
939 368 0
940 368 0
941 369 0
942 369 0
943 371 0
944 372 1
945 372 0
946 373 0
947 373 0
948 374 0
949 375 0
950 376 0
951 380 0
952 380 0
953 381 0
954 381 0
955 382 0
956 382 0
957 383 0
958 386 0
959 386 0
960 386 0
961 387 0
962 387 0
963 388 0
964 388 0
965 389 0
966 389 0
967 391 0
968 392 0
969 393 0
970 393 0
971 394 0
972 394 0
973 394 0
974 395 0
975 395 0
976 398 0
977 399 0
978 399 0
979 399 0
980 400 0
981 400 0
982 401 0
983 401 0
984 403 0
985 403 0
986 404 0
987 404 0
988 405 0
989 405 0
990 406 0
991 406 0
992 406 0
993 407 0
994 407 0
995 407 0
996 410 0
997 410 0
998 411 0
999 411 0
1000 412 0
1001 413 0
1002 413 0
1003 415 0
1004 416 0
1005 417 0
1006 418 0
1007 418 0
1008 419 0
1009 423 0
1010 424 0
1011 432 1
1012 432 1
1013 433 1
1014 434 1
1015 434 1
1016 435 1
1017 435 0
1018 436 0
1019 438 1
1020 438 1
1021 439 1
1022 439 0
1023 440 1
1024 440 1
1025 440 0
1026 441 1
1027 441 0
1028 442 0
1029 442 0
1030 444 1
1031 444 1
1032 445 1
1033 445 0
1034 446 1
1035 446 1
1036 446 0
1037 447 1
1038 447 0
1039 448 0
1040 448 0
1041 449 0
1042 449 0
1043 450 1
1044 450 1
1045 451 1
1046 451 0
1047 452 1
1048 452 0
1049 453 1
1050 453 0
1051 453 0
1052 454 0
1053 454 0
1054 455 0
1055 456 1
1056 457 1
1057 457 0
1058 458 1
1059 458 0
1060 459 1
1061 459 0
1062 459 0
1063 460 0
1064 461 0
1065 462 1
1066 463 0
1067 463 0
1068 464 1
1069 464 0
1070 465 0
1071 465 0
1072 465 0
1073 466 0
1074 466 0
1075 466 0
1076 468 0
1077 469 0
1078 469 0
1079 470 1
1080 470 0
1081 471 0
1082 472 0
1083 474 0
1084 475 0
1085 476 0
1086 476 0
1087 477 0
1088 478 0
1089 480 0
1090 481 0
1091 482 0
1092 483 0
1093 483 0
1094 483 0
1095 484 0
1096 489 0
1097 490 0
1098 494 0
1099 494 0
1100 495 0
1101 496 0
1102 497 0
1103 499 0
1104 500 0
1105 501 0
1106 501 0
1107 502 0
1108 502 0
1109 503 0
1110 506 0
1111 507 0
1112 507 0
1113 508 0
1114 508 0
1115 509 0
1116 511 0
1117 512 0
1118 513 0
1119 513 0
1120 514 0
1121 514 0
1122 515 0
1123 518 0
1124 518 0
1125 519 0
1126 521 0
1127 521 0
1128 523 0
1129 524 0
1130 525 0
1131 526 0
1132 526 0
1133 540 1
1134 540 1
1135 540 1
1136 540 1
1137 541 1
1138 541 1
1139 541 1
1140 542 1
1141 543 1
1142 543 1
1143 543 1
1144 544 0
1145 544 1
1146 544 1
1147 545 0
1148 545 1
1149 545 1
1150 547 1
1151 547 1
1152 547 1
1153 547 1
1154 548 1
1155 548 1
1156 549 1
1157 550 0
1158 550 1
1159 550 1
1160 551 1
1161 551 1
1162 551 1
1163 552 1
1164 552 1
1165 552 1
1166 552 1
1167 553 1
1168 553 1
1169 553 1
1170 553 1
1171 554 1
1172 554 1
1173 555 1
1174 555 1
1175 555 1
1176 555 1
1177 556 0
1178 556 1
1179 556 1
1180 557 0
1181 557 1
1182 557 1
1183 557 1
1184 558 1
1185 558 1
1186 558 1
1187 558 1
1188 559 1
1189 559 1
1190 559 1
1191 560 1
1192 560 1
1193 560 1
1194 561 1
1195 561 1
1196 561 1
1197 561 1
1198 562 0
1199 562 1
1200 562 1
1201 562 1
1202 563 0
1203 563 0
1204 563 1
1205 563 1
1206 564 1
1207 564 1
1208 564 1
1209 565 1
1210 565 1
1211 565 1
1212 566 1
1213 566 1
1214 566 1
1215 567 1
1216 567 1
1217 567 1
1218 568 0
1219 568 1
1220 568 1
1221 569 0
1222 569 1
1223 569 1
1224 570 0
1225 570 0
1226 570 1
1227 570 1
1228 571 0
1229 571 0
1230 571 1
1231 571 1
1232 572 0
1233 572 1
1234 572 1
1235 573 0
1236 573 0
1237 573 1
1238 573 1
1239 574 0
1240 574 1
1241 574 1
1242 575 0
1243 575 1
1244 575 1
1245 576 0
1246 576 1
1247 576 1
1248 577 0
1249 577 1
1250 577 1
1251 578 1
1252 578 0
1253 578 1
1254 579 1
1255 580 0
1256 581 0
1257 581 1
1258 581 1
1259 582 0
1260 582 1
1261 582 1
1262 583 0
1263 583 1
1264 583 1
1265 584 0
1266 584 1
1267 584 1
1268 585 0
1269 585 1
1270 585 1
1271 586 0
1272 586 0
1273 587 0
1274 587 0
1275 587 1
1276 588 0
1277 588 0
1278 588 1
1279 589 0
1280 589 0
1281 589 1
1282 590 0
1283 590 0
1284 590 1
1285 591 1
1286 592 0
1287 593 1
1288 593 1
1289 594 1
1290 594 1
1291 594 1
1292 594 1
1293 595 1
1294 595 1
1295 595 1
1296 596 1
1297 596 1
1298 597 1
1299 598 0
1300 598 1
1301 598 1
1302 599 0
1303 599 1
1304 599 1
1305 600 1
1306 600 1
1307 600 1
1308 600 1
1309 602 1
1310 602 1
1311 603 1
1312 603 1
1313 603 1
1314 604 0
1315 604 1
1316 604 1
1317 605 0
1318 605 1
1319 605 1
1320 606 1
1321 606 1
1322 606 1
1323 607 1
1324 607 1
1325 607 1
1326 607 1
1327 608 1
1328 608 1
1329 608 1
1330 608 1
1331 609 1
1332 609 1
1333 609 1
1334 610 0
1335 610 1
1336 610 1
1337 610 1
1338 611 0
1339 611 0
1340 611 1
1341 611 1
1342 612 1
1343 612 1
1344 612 1
1345 613 1
1346 613 1
1347 613 1
1348 614 1
1349 614 1
1350 614 1
1351 615 1
1352 615 1
1353 615 1
1354 615 1
1355 616 0
1356 616 1
1357 616 1
1358 616 1
1359 617 0
1360 617 0
1361 617 1
1362 617 1
1363 618 1
1364 618 1
1365 618 1
1366 619 1
1367 619 1
1368 619 1
1369 620 1
1370 620 1
1371 620 1
1372 621 1
1373 621 1
1374 621 1
1375 622 0
1376 622 1
1377 622 1
1378 623 0
1379 623 0
1380 623 1
1381 623 1
1382 624 0
1383 624 0
1384 624 1
1385 624 1
1386 625 0
1387 625 0
1388 625 1
1389 625 1
1390 626 1
1391 626 1
1392 626 1
1393 627 1
1394 627 1
1395 627 1
1396 628 0
1397 628 1
1398 628 1
1399 628 1
1400 629 0
1401 629 1
1402 629 1
1403 630 0
1404 630 0
1405 630 1
1406 630 1
1407 631 0
1408 631 1
1409 631 1
1410 632 0
1411 632 1
1412 632 1
1413 633 0
1414 633 1
1415 634 0
1416 634 0
1417 635 0
1418 635 1
1419 635 1
1420 636 0
1421 636 0
1422 636 1
1423 637 0
1424 637 1
1425 637 1
1426 638 1
1427 639 0
1428 639 1
1429 640 0
1430 640 1
1431 641 1
1432 641 1
1433 642 0
1434 642 1
1435 643 0
1436 643 0
1437 643 1
1438 644 0
1439 644 1
1440 645 0
1441 645 1
1442 646 0
1443 647 1
1444 647 1
1445 648 1
1446 648 1
1447 648 1
1448 649 1
1449 649 1
1450 649 1
1451 649 1
1452 650 1
1453 650 1
1454 650 1
1455 652 1
1456 652 1
1457 653 1
1458 653 1
1459 654 1
1460 654 1
1461 654 1
1462 655 1
1463 655 1
1464 655 1
1465 655 1
1466 658 0
1467 658 1
1468 658 1
1469 658 1
1470 659 0
1471 659 0
1472 659 1
1473 659 1
1474 660 1
1475 660 1
1476 661 1
1477 661 1
1478 661 1
1479 661 1
1480 662 1
1481 662 1
1482 662 1
1483 662 1
1484 663 1
1485 664 0
1486 664 0
1487 664 1
1488 664 1
1489 665 0
1490 665 0
1491 665 1
1492 665 1
1493 666 1
1494 666 1
1495 667 1
1496 667 1
1497 667 1
1498 668 1
1499 668 1
1500 668 1
1501 669 1
1502 669 1
1503 669 1
1504 669 1
1505 670 0
1506 670 0
1507 670 1
1508 670 1
1509 671 0
1510 671 0
1511 671 0
1512 671 1
1513 672 1
1514 672 1
1515 673 1
1516 673 1
1517 673 1
1518 674 1
1519 674 1
1520 674 1
1521 675 1
1522 675 1
1523 675 1
1524 676 0
1525 676 0
1526 676 1
1527 676 1
1528 677 0
1529 677 0
1530 677 0
1531 677 1
1532 678 0
1533 678 0
1534 678 1
1535 678 1
1536 679 0
1537 679 1
1538 679 1
1539 679 1
1540 680 0
1541 680 0
1542 680 1
1543 680 1
1544 681 1
1545 682 0
1546 682 0
1547 682 1
1548 682 1
1549 683 0
1550 683 0
1551 683 1
1552 684 0
1553 684 1
1554 684 1
1555 685 0
1556 685 1
1557 685 1
1558 686 1
1559 686 1
1560 686 1
1561 687 1
1562 687 1
1563 688 0
1564 688 1
1565 688 1
1566 689 0
1567 689 0
1568 689 1
1569 690 0
1570 690 1
1571 691 1
1572 691 1
1573 691 1
1574 692 1
1575 693 1
1576 693 1
1577 694 0
1578 694 1
1579 695 0
1580 695 1
1581 696 0
1582 696 1
1583 697 1
1584 697 1
1585 698 1
1586 700 0
1587 701 0
1588 701 1
1589 702 1
1590 702 1
1591 703 1
1592 703 1
1593 703 1
1594 703 1
1595 704 1
1596 704 1
1597 704 1
1598 704 1
1599 705 1
1600 705 1
1601 706 1
1602 706 1
1603 706 1
1604 707 0
1605 707 1
1606 708 1
1607 708 1
1608 709 1
1609 709 1
1610 709 1
1611 709 1
1612 710 1
1613 710 1
1614 710 1
1615 710 1
1616 712 1
1617 712 1
1618 712 1
1619 713 0
1620 713 0
1621 713 0
1622 713 1
1623 714 1
1624 714 1
1625 715 1
1626 715 1
1627 715 1
1628 716 1
1629 716 1
1630 716 1
1631 716 1
1632 717 1
1633 717 1
1634 717 1
1635 718 0
1636 718 1
1637 718 1
1638 718 1
1639 719 0
1640 719 0
1641 719 0
1642 719 1
1643 720 1
1644 720 1
1645 721 1
1646 721 1
1647 721 1
1648 722 1
1649 722 1
1650 722 1
1651 723 1
1652 723 1
1653 723 1
1654 723 1
1655 724 0
1656 724 1
1657 724 1
1658 724 1
1659 725 0
1660 725 0
1661 725 0
1662 725 1
1663 726 1
1664 726 1
1665 727 1
1666 727 1
1667 727 1
1668 728 1
1669 728 1
1670 728 1
1671 729 1
1672 730 0
1673 730 0
1674 730 1
1675 730 1
1676 731 0
1677 731 0
1678 731 0
1679 731 1
1680 732 1
1681 732 1
1682 733 1
1683 733 1
1684 733 1
1685 734 0
1686 734 1
1687 734 1
1688 735 1
1689 735 1
1690 736 0
1691 736 1
1692 736 1
1693 737 0
1694 737 0
1695 737 1
1696 738 1
1697 738 1
1698 739 0
1699 739 1
1700 739 1
1701 740 1
1702 740 1
1703 740 1
1704 741 1
1705 741 1
1706 742 0
1707 742 0
1708 742 1
1709 743 0
1710 743 0
1711 743 1
1712 744 1
1713 744 1
1714 745 1
1715 745 1
1716 746 1
1717 746 1
1718 746 1
1719 747 1
1720 747 1
1721 748 0
1722 748 1
1723 749 0
1724 749 0
1725 750 1
1726 750 1
1727 751 1
1728 751 1
1729 752 1
1730 752 1
1731 754 1
1732 755 0
1733 755 0
1734 756 1
1735 756 1
1736 757 1
1737 757 1
1738 757 1
1739 758 1
1740 758 1
1741 758 1
1742 758 1
1743 759 1
1744 759 1
1745 759 1
1746 760 0
1747 762 1
1748 762 1
1749 763 1
1750 763 1
1751 763 1
1752 764 1
1753 764 1
1754 764 1
1755 764 1
1756 765 1
1757 765 1
1758 765 1
1759 765 1
1760 767 0
1761 767 0
1762 767 0
1763 768 1
1764 768 1
1765 769 1
1766 769 1
1767 769 1
1768 770 1
1769 770 1
1770 770 1
1771 770 1
1772 771 1
1773 771 1
1774 771 1
1775 771 1
1776 772 0
1777 772 0
1778 772 0
1779 772 0
1780 773 0
1781 773 0
1782 773 0
1783 773 0
1784 774 1
1785 774 1
1786 775 1
1787 775 1
1788 775 1
1789 776 1
1790 776 1
1791 776 1
1792 777 1
1793 777 1
1794 777 0
1795 777 0
1796 778 0
1797 778 0
1798 778 0
1799 778 0
1700 739 1
1701 740 1
1702 740 1
1703 740 1
1704 741 1
1705 741 1
1706 742 0
1707 742 0
1708 742 1
1709 743 0
1710 743 0
1711 743 1
1712 744 1
1713 744 1
1714 745 1
1715 745 1
1716 746 1
1717 746 1
1718 746 1
1719 747 1
1720 747 1
1721 748 0
1722 748 1
1723 749 0
1724 749 0
1725 750 1
1726 750 1
1727 751 1
1728 751 1
1729 752 1
1730 752 1
1731 754 1
1732 755 0
1733 755 0
1734 756 1
1735 756 1
1736 757 1
1737 757 1
1738 757 1
1739 758 1
1740 758 1
1741 758 1
1742 758 1
1743 759 1
1744 759 1
1745 759 1
1746 760 0
1747 762 1
1748 762 1
1749 763 1
1750 763 1
1751 763 1
1752 764 1
1753 764 1
1754 764 1
1755 764 1
1756 765 1
1757 765 1
1758 765 1
1759 765 1
1760 767 0
1761 767 0
1762 767 0
1763 768 1
1764 768 1
1765 769 1
1766 769 1
1767 769 1
1768 770 1
1769 770 1
1770 770 1
1771 770 1
1772 771 1
1773 771 1
1774 771 1
1775 771 1
1776 772 0
1777 772 0
1778 772 0
1779 772 0
1780 773 0
1781 773 0
1782 773 0
1783 773 0
1784 774 1
1785 774 1
1786 775 1
1787 775 1
1788 775 1
1789 776 1
1790 776 1
1791 776 1
1792 777 1
1793 777 1
1794 777 1
1795 777 1
1796 778 0
1797 778 0
1798 778 0
1799 778 0
1800 779 0
1801 779 0
1802 779 0
1803 779 0
1804 780 1
1805 780 1
1806 781 1
1807 781 1
1808 781 1
1809 782 1
1810 782 1
1811 782 1
1812 783 1
1813 783 1
1814 783 1
1815 784 0
1816 784 0
1817 785 0
1818 785 0
1819 785 0
1820 785 0
1821 786 1
1822 786 1
1823 787 1
1824 787 1
1825 787 1
1826 788 1
1827 788 1
1828 788 1
1829 789 1
1830 790 0
1831 790 0
1832 791 0
1833 791 0
1834 791 0
1835 791 0
1836 792 1
1837 792 1
1838 793 1
1839 793 1
1840 794 1
1841 794 1
1842 795 0
1843 795 1
1844 796 0
1845 796 0
1846 797 0
1847 797 0
1848 797 0
1849 798 1
1850 798 1
1851 799 1
1852 799 1
1853 800 1
1854 800 1
1855 801 0
1856 801 1
1857 802 0
1858 802 0
1859 802 0
1860 803 0
1861 803 0
1862 803 0
1863 804 1
1864 804 1
1865 805 1
1866 805 1
1867 806 1
1868 806 0
1869 807 0
1870 807 0
1871 808 0
1872 809 0
1873 809 0
1874 810 1
1875 810 1
1876 811 1
1877 811 1
1878 811 0
1879 812 1
1880 812 1
1881 812 1
1882 813 1
1883 813 1
1884 813 0
1885 816 1
1886 816 1
1887 817 1
1888 817 1
1889 817 0
1890 818 1
1891 818 1
1892 818 1
1893 818 0
1894 819 1
1895 819 1
1896 819 0
1897 820 0
1898 822 1
1899 822 1
1800 779 0
1801 779 0
1802 779 0
1803 779 0
1804 780 1
1805 780 1
1806 781 1
1807 781 1
1808 781 1
1809 782 1
1810 782 1
1811 782 1
1812 783 1
1813 783 1
1814 783 1
1815 784 0
1816 784 0
1817 785 0
1818 785 0
1819 785 0
1820 785 0
1821 786 1
1822 786 1
1823 787 1
1824 787 1
1825 787 1
1826 788 1
1827 788 1
1828 788 1
1829 789 1
1830 790 0
1831 790 0
1832 791 0
1833 791 0
1834 791 0
1835 791 0
1836 792 1
1837 792 1
1838 793 1
1839 793 1
1840 794 1
1841 794 1
1842 795 0
1843 795 1
1844 796 0
1845 796 0
1846 797 0
1847 797 0
1848 797 0
1849 798 1
1850 798 1
1851 799 1
1852 799 1
1853 800 1
1854 800 1
1855 801 0
1856 801 1
1857 802 0
1858 802 0
1859 802 0
1860 803 0
1861 803 0
1862 803 0
1863 804 1
1864 804 1
1865 805 1
1866 805 1
1867 806 1
1868 806 1
1869 807 0
1870 807 1
1871 808 0
1872 809 0
1873 809 0
1874 810 1
1875 810 1
1876 811 1
1877 811 1
1878 811 0
1879 812 1
1880 812 1
1881 812 1
1882 813 1
1883 813 1
1884 813 0
1885 816 1
1886 816 1
1887 817 1
1888 817 1
1889 817 0
1890 818 1
1891 818 1
1892 818 1
1893 818 0
1894 819 1
1895 819 1
1896 819 0
1897 820 0
1898 822 1
1899 822 1
1900 823 1
1901 823 1
1902 823 0
1903 824 1
1904 824 1
1905 824 1
1906 824 0
1907 825 1
1908 825 1
1909 825 0
1910 825 0
1911 826 0
1912 827 0
1913 827 0
1914 827 0
1915 828 1
1916 828 1
1917 829 1
1918 829 1
1919 829 0
1920 830 1
1921 830 1
1922 830 0
1923 831 1
1924 831 1
1925 831 0
1926 831 0
1927 832 0
1928 832 0
1929 832 0
1930 833 0
1931 833 0
1932 833 0
1933 834 1
1934 834 1
1935 835 1
1936 835 1
1937 835 0
1938 836 1
1939 836 1
1940 836 0
1941 837 1
1942 837 1
1943 837 0
1944 837 0
1945 838 0
1946 839 0
1947 839 0
1948 839 0
1949 840 1
1950 840 1
1951 841 0
1952 841 1
1953 841 0
1954 842 1
1955 842 1
1956 842 0
1957 843 0
1958 843 0
1959 843 0
1960 844 0
1961 844 0
1962 844 0
1963 844 0
1964 845 0
1965 845 0
1966 845 0
1967 846 1
1968 846 1
1969 847 1
1970 847 0
1971 848 1
1972 848 1
1973 848 0
1974 849 0
1975 850 0
1976 850 0
1977 850 0
1978 851 0
1979 852 1
1980 852 1
1981 853 1
1982 853 0
1983 854 0
1984 854 0
1985 855 0
1986 855 0
1987 856 0
1988 856 0
1989 857 0
1990 858 1
1991 858 1
1992 859 1
1993 859 0
1994 860 0
1995 860 0
1996 861 0
1997 862 0
1998 863 0
1999 863 0
1900 823 1
1901 823 1
1902 823 0
1903 824 1
1904 824 1
1905 824 1
1906 824 0
1907 825 1
1908 825 1
1909 825 0
1910 825 0
1911 826 0
1912 827 0
1913 827 0
1914 827 0
1915 828 1
1916 828 1
1917 829 1
1918 829 1
1919 829 0
1920 830 1
1921 830 1
1922 830 0
1923 831 1
1924 831 1
1925 831 0
1926 831 0
1927 832 0
1928 832 0
1929 832 0
1930 833 0
1931 833 0
1932 833 0
1933 834 1
1934 834 1
1935 835 0
1936 835 1
1937 835 0
1938 836 1
1939 836 1
1940 836 0
1941 837 1
1942 837 1
1943 837 0
1944 837 0
1945 838 0
1946 839 0
1947 839 0
1948 839 0
1949 840 1
1950 840 1
1951 841 0
1952 841 1
1953 841 0
1954 842 1
1955 842 1
1956 842 0
1957 843 1
1958 843 0
1959 843 0
1960 844 0
1961 844 0
1962 844 0
1963 844 0
1964 845 0
1965 845 0
1966 845 0
1967 846 1
1968 846 1
1969 847 1
1970 847 0
1971 848 1
1972 848 0
1973 848 0
1974 849 0
1975 850 0
1976 850 0
1977 850 0
1978 851 0
1979 852 1
1980 852 1
1981 853 1
1982 853 0
1983 854 0
1984 854 0
1985 855 0
1986 855 0
1987 856 0
1988 856 0
1989 857 0
1990 858 1
1991 858 1
1992 859 1
1993 859 0
1994 860 0
1995 860 0
1996 861 0
1997 862 0
1998 863 0
1999 863 0
2000 864 1
2001 865 1
2002 865 1
2003 866 1
2004 866 1
2005 866 0
2006 867 1
2007 867 1
2008 870 1
2009 871 1
2010 871 1
2011 872 1
2012 872 1
2013 872 0
2014 873 1
2015 873 1
2016 873 0
2017 874 0
2018 876 1
2019 876 0
2020 877 1
2021 877 1
2022 878 1
2023 878 1
2024 878 0
2025 879 1
2026 879 1
2027 879 0
2028 880 0
2029 880 0
2030 880 0
2031 882 1
2032 882 0
2033 883 1
2034 883 1
2035 883 0
2036 884 1
2037 884 0
2038 885 1
2039 885 1
2040 885 0
2041 886 0
2042 886 0
2043 886 0
2044 887 0
2045 887 0
2046 888 1
2047 888 0
2048 889 1
2049 889 1
2050 889 0
2051 890 1
2052 890 0
2053 891 1
2054 891 1
2055 891 0
2056 892 0
2057 893 0
2058 894 1
2059 894 0
2060 895 0
2061 895 1
2062 895 0
2063 896 1
2064 896 0
2065 897 1
2066 897 0
2067 898 0
2068 899 0
2069 899 0
2070 900 1
2071 900 0
2072 901 0
2073 901 0
2074 902 0
2075 902 0
2076 902 0
2077 903 0
2078 903 0
2079 904 0
2080 904 0
2081 905 0
2082 905 0
2083 906 1
2084 906 0
2085 907 0
2086 907 0
2087 908 0
2088 908 0
2089 909 0
2090 909 0
2091 910 0
2092 912 0
2093 912 0
2094 913 0
2095 913 0
2096 914 0
2097 914 0
2098 915 0
2099 916 0
2000 864 1
2001 865 1
2002 865 1
2003 866 1
2004 866 1
2005 866 0
2006 867 1
2007 867 1
2008 870 1
2009 871 1
2010 871 1
2011 872 1
2012 872 1
2013 872 0
2014 873 1
2015 873 1
2016 873 0
2017 874 0
2018 876 1
2019 876 0
2020 877 1
2021 877 0
2022 878 1
2023 878 1
2024 878 0
2025 879 1
2026 879 1
2027 879 0
2028 880 0
2029 880 0
2030 880 0
2031 882 1
2032 882 0
2033 883 1
2034 883 1
2035 883 0
2036 884 1
2037 884 0
2038 885 1
2039 885 1
2040 885 0
2041 886 0
2042 886 0
2043 886 0
2044 887 0
2045 887 0
2046 888 1
2047 888 0
2048 889 1
2049 889 1
2050 889 0
2051 890 1
2052 890 0
2053 891 1
2054 891 1
2055 891 0
2056 892 0
2057 893 0
2058 894 1
2059 894 0
2060 895 1
2061 895 1
2062 895 0
2063 896 1
2064 896 0
2065 897 0
2066 897 0
2067 898 0
2068 899 0
2069 899 0
2070 900 1
2071 900 0
2072 901 0
2073 901 0
2074 902 0
2075 902 0
2076 902 0
2077 903 0
2078 903 0
2079 904 0
2080 904 0
2081 905 0
2082 905 0
2083 906 1
2084 906 0
2085 907 0
2086 907 0
2087 908 0
2088 908 0
2089 909 0
2090 909 0
2091 910 0
2092 912 0
2093 912 0
2094 913 0
2095 913 0
2096 914 0
2097 914 0
2098 915 0
2099 916 0
2100 920 0
2101 920 0
2102 921 0
2103 922 0
2104 923 0
2105 923 0
2106 926 0
2107 926 0
2108 927 0
2109 927 0
2110 928 0
2111 928 0
2112 929 0
2113 929 0
2114 931 0
2115 932 0
2116 932 0
2117 933 0
2118 933 0
2119 934 0
2120 934 0
2121 934 0
2122 935 0
2123 935 0
2124 937 0
2125 938 0
2126 938 0
2127 939 0
2128 939 0
2129 939 0
2130 940 0
2131 940 0
2132 941 0
2133 941 0
2134 944 0
2135 945 0
2136 945 0
2137 945 0
2138 946 0
2139 946 0
2140 946 0
2141 947 0
2142 947 0
2143 947 0
2144 950 0
2145 950 0
2146 951 0
2147 951 0
2148 952 0
2149 952 0
2150 953 0
2151 953 0
2152 953 0
2153 955 0
2154 956 0
2155 957 0
2156 957 0
2157 958 0
2158 958 0
2159 959 0
2160 963 0
2161 964 0
2162 972 1
2163 973 1
2164 973 0
2165 974 1
2166 975 1
2167 975 0
2168 976 0
2169 978 1
2170 979 1
2171 979 0
2172 980 1
2173 980 0
2174 981 1
2175 981 0
2176 982 0
2177 982 0
2178 984 1
2179 985 1
2180 985 0
2181 986 1
2182 986 1
2183 986 0
2184 987 1
2185 987 0
2186 987 0
2187 988 0
2188 988 0
2189 990 1
2190 991 1
2191 991 0
2192 992 1
2193 992 0
2194 993 1
2195 993 0
2196 993 0
2197 994 0
2198 994 0
2199 995 0
2100 920 0
2101 920 0
2102 921 0
2103 922 0
2104 923 0
2105 923 0
2106 926 0
2107 926 0
2108 927 0
2109 927 0
2110 928 0
2111 928 0
2112 929 0
2113 929 0
2114 931 0
2115 932 0
2116 932 0
2117 933 0
2118 933 0
2119 934 0
2120 934 0
2121 934 0
2122 935 0
2123 935 0
2124 937 0
2125 938 0
2126 938 0
2127 939 0
2128 939 0
2129 939 0
2130 940 0
2131 940 0
2132 941 0
2133 941 0
2134 944 0
2135 945 0
2136 945 0
2137 945 0
2138 946 0
2139 946 0
2140 946 0
2141 947 0
2142 947 0
2143 947 0
2144 950 0
2145 950 0
2146 951 0
2147 951 0
2148 952 0
2149 952 0
2150 953 0
2151 953 0
2152 953 0
2153 955 0
2154 956 0
2155 957 0
2156 957 0
2157 958 0
2158 958 0
2159 959 0
2160 963 0
2161 964 0
2162 972 1
2163 973 1
2164 973 0
2165 974 1
2166 975 1
2167 975 0
2168 976 0
2169 978 1
2170 979 1
2171 979 0
2172 980 1
2173 980 0
2174 981 1
2175 981 0
2176 982 0
2177 982 0
2178 984 1
2179 985 1
2180 985 0
2181 986 1
2182 986 1
2183 986 0
2184 987 1
2185 987 0
2186 987 0
2187 988 0
2188 988 0
2189 990 1
2190 991 1
2191 991 0
2192 992 1
2193 992 0
2194 993 1
2195 993 0
2196 993 0
2197 994 0
2198 994 0
2199 995 0
2200 995 0
2201 996 0
2202 997 1
2203 997 0
2204 998 1
2205 998 0
2206 999 1
2207 999 0
2208 999 0
2209 1000 0
2210 1000 0
2211 1000 0
2212 1001 0
2213 1001 0
2214 1002 1
2215 1003 1
2216 1003 0
2217 1004 1
2218 1004 0
2219 1005 1
2220 1005 0
2221 1005 0
2222 1006 0
2223 1006 0
2224 1008 1
2225 1009 0
2226 1009 0
2227 1010 1
2228 1010 0
2229 1011 0
2230 1012 0
2231 1013 0
2232 1014 0
2233 1015 0
2234 1016 0
2235 1016 0
2236 1017 0
2237 1017 0
2238 1018 0
2239 1020 0
2240 1021 0
2241 1022 0
2242 1023 0
2243 1023 0
2244 1029 0
2245 1030 0
2246 1031 0
2247 1031 0
2248 1034 0
2249 1034 0
2250 1035 0
2251 1036 0
2252 1037 0
2253 1037 0
2254 1037 0
2255 1039 0
2256 1040 0
2257 1041 0
2258 1042 0
2259 1043 0
2260 1045 0
2261 1047 0
2262 1047 0
2263 1048 0
2264 1048 0
2265 1049 0
2266 1051 0
2267 1053 0
2268 1053 0
2269 1054 0
2270 1054 0
2271 1055 0
2272 1058 0
2273 1058 0
2274 1059 0
2275 1059 0
2276 1060 0
2277 1061 0
2278 1064 0
2279 1065 0
2280 1066 0
2281 1071 0
2282 1080 1
2283 1080 1
2284 1080 1
2285 1080 1
2286 1081 1
2287 1081 1
2288 1081 1
2289 1082 1
2290 1082 1
2291 1084 1
2292 1084 1
2293 1084 1
2294 1085 1
2295 1085 1
2296 1085 1
2297 1086 1
2298 1086 1
2299 1086 1
2200 995 0
2201 996 0
2202 997 1
2203 997 0
2204 998 1
2205 998 0
2206 999 1
2207 999 0
2208 999 0
2209 1000 0
2210 1000 0
2211 1000 0
2212 1001 0
2213 1001 0
2214 1002 1
2215 1003 1
2216 1003 0
2217 1004 1
2218 1004 0
2219 1005 1
2220 1005 0
2221 1005 0
2222 1006 0
2223 1006 0
2224 1008 1
2225 1009 0
2226 1009 0
2227 1010 1
2228 1010 0
2229 1011 0
2230 1012 0
2231 1013 0
2232 1014 0
2233 1015 0
2234 1016 0
2235 1016 0
2236 1017 0
2237 1017 0
2238 1018 0
2239 1020 0
2240 1021 0
2241 1022 0
2242 1023 0
2243 1023 0
2244 1029 0
2245 1030 0
2246 1031 0
2247 1031 0
2248 1034 0
2249 1034 0
2250 1035 0
2251 1036 0
2252 1037 0
2253 1037 0
2254 1037 0
2255 1039 0
2256 1040 0
2257 1041 0
2258 1042 0
2259 1043 0
2260 1045 0
2261 1047 0
2262 1047 0
2263 1048 0
2264 1048 0
2265 1049 0
2266 1051 0
2267 1053 0
2268 1053 0
2269 1054 0
2270 1054 0
2271 1055 0
2272 1058 0
2273 1058 0
2274 1059 0
2275 1059 0
2276 1060 0
2277 1061 0
2278 1064 0
2279 1065 0
2280 1066 0
2281 1071 0
2282 1080 1
2283 1080 1
2284 1080 1
2285 1080 1
2286 1081 1
2287 1081 1
2288 1081 1
2289 1082 1
2290 1082 1
2291 1084 1
2292 1084 1
2293 1084 1
2294 1085 1
2295 1085 1
2296 1085 1
2297 1086 1
2298 1086 1
2299 1086 1
2300 1086 1
2301 1087 1
2302 1087 1
2303 1087 1
2304 1087 1
2305 1088 1
2306 1089 1
2307 1089 1
2308 1089 1
2309 1090 0
2310 1090 1
2311 1090 1
2312 1090 1
2313 1091 0
2314 1091 1
2315 1091 1
2316 1093 1
2317 1093 1
2318 1093 1
2319 1093 1
2320 1094 1
2321 1094 1
2322 1094 1
2323 1095 1
2324 1095 1
2325 1095 1
2326 1096 0
2327 1096 1
2328 1096 1
2329 1096 1
2330 1097 0
2331 1097 1
2332 1097 1
2333 1097 1
2334 1098 1
2335 1098 1
2336 1098 1
2337 1098 1
2338 1099 1
2339 1099 1
2340 1099 1
2341 1100 1
2342 1100 1
2343 1101 1
2344 1101 1
2345 1101 1
2346 1101 1
2347 1102 0
2348 1102 1
2349 1102 1
2350 1102 1
2351 1103 0
2352 1103 0
2353 1103 1
2354 1103 1
2355 1104 1
2356 1104 1
2357 1104 1
2358 1105 1
2359 1105 1
2360 1105 1
2361 1106 1
2362 1106 1
2363 1106 1
2364 1107 1
2365 1107 1
2366 1107 1
2367 1108 0
2368 1108 1
2369 1108 1
2370 1109 0
2371 1109 0
2372 1109 1
2373 1109 1
2374 1110 0
2375 1110 0
2376 1110 1
2377 1110 1
2378 1111 0
2379 1111 0
2380 1111 1
2381 1111 1
2382 1112 0
2383 1112 0
2384 1112 1
2385 1113 1
2386 1113 1
2387 1113 0
2388 1113 1
2389 1114 0
2390 1114 1
2391 1114 0
2392 1115 0
2393 1115 1
2394 1115 1
2395 1116 0
2396 1116 1
2397 1116 1
2398 1117 0
2399 1117 1
2300 1086 1
2301 1087 1
2302 1087 1
2303 1087 1
2304 1087 1
2305 1088 1
2306 1089 1
2307 1089 1
2308 1089 1
2309 1090 0
2310 1090 1
2311 1090 1
2312 1090 1
2313 1091 0
2314 1091 1
2315 1091 1
2316 1093 1
2317 1093 1
2318 1093 1
2319 1093 1
2320 1094 1
2321 1094 1
2322 1094 1
2323 1095 1
2324 1095 1
2325 1095 1
2326 1096 0
2327 1096 1
2328 1096 1
2329 1096 1
2330 1097 0
2331 1097 1
2332 1097 1
2333 1097 1
2334 1098 1
2335 1098 1
2336 1098 1
2337 1098 1
2338 1099 1
2339 1099 1
2340 1099 1
2341 1100 1
2342 1100 1
2343 1101 1
2344 1101 1
2345 1101 1
2346 1101 1
2347 1102 0
2348 1102 1
2349 1102 1
2350 1102 1
2351 1103 0
2352 1103 0
2353 1103 1
2354 1103 1
2355 1104 1
2356 1104 1
2357 1104 1
2358 1105 1
2359 1105 1
2360 1105 1
2361 1106 1
2362 1106 1
2363 1106 1
2364 1107 1
2365 1107 1
2366 1107 1
2367 1108 0
2368 1108 1
2369 1108 1
2370 1109 0
2371 1109 0
2372 1109 1
2373 1109 1
2374 1110 0
2375 1110 0
2376 1110 1
2377 1110 1
2378 1111 0
2379 1111 0
2380 1111 1
2381 1111 1
2382 1112 1
2383 1112 0
2384 1112 1
2385 1113 1
2386 1113 1
2387 1113 0
2388 1113 1
2389 1114 0
2390 1114 1
2391 1114 0
2392 1115 0
2393 1115 1
2394 1115 1
2395 1116 0
2396 1116 1
2397 1116 1
2398 1117 0
2399 1117 0
2400 1117 1
2401 1118 1
2402 1118 1
2403 1119 0
2404 1119 1
2405 1120 1
2406 1120 0
2407 1121 0
2408 1121 1
2409 1121 1
2410 1122 0
2411 1122 0
2412 1122 0
2413 1122 1
2414 1123 0
2415 1123 0
2416 1123 0
2417 1123 1
2418 1124 0
2419 1124 0
2420 1124 1
2421 1125 1
2422 1125 0
2423 1125 1
2424 1126 1
2425 1126 1
2426 1127 0
2427 1127 0
2428 1127 1
2429 1128 0
2430 1128 0
2431 1128 1
2432 1129 0
2433 1129 0
2434 1129 1
2435 1130 0
2436 1130 1
2437 1132 1
2438 1133 0
2439 1134 1
2440 1134 1
2441 1134 1
2442 1134 1
2443 1135 1
2444 1135 1
2445 1135 1
2446 1136 1
2447 1136 1
2448 1137 1
2449 1138 1
2450 1138 1
2451 1139 0
2452 1139 1
2453 1139 1
2454 1140 1
2455 1140 1
2456 1140 1
2457 1140 1
2458 1141 1
2459 1141 1
2460 1141 1
2461 1141 1
2462 1142 1
2463 1142 1
2464 1143 1
2465 1143 1
2466 1144 0
2467 1144 1
2468 1144 1
2469 1145 0
2470 1145 1
2471 1145 1
2472 1146 1
2473 1146 1
2474 1146 1
2475 1148 1
2476 1148 1
2477 1148 1
2478 1148 1
2479 1149 1
2480 1149 1
2481 1149 1
2482 1149 1
2483 1150 0
2484 1150 1
2485 1150 1
2486 1150 1
2487 1151 0
2488 1151 0
2489 1151 1
2490 1151 1
2491 1152 1
2492 1152 1
2493 1152 1
2494 1153 1
2495 1153 1
2496 1153 1
2497 1154 1
2498 1154 1
2499 1154 1
2400 1117 1
2401 1118 1
2402 1118 1
2403 1119 0
2404 1119 1
2405 1120 1
2406 1120 0
2407 1121 0
2408 1121 1
2409 1121 1
2410 1122 0
2411 1122 0
2412 1122 0
2413 1122 1
2414 1123 0
2415 1123 0
2416 1123 0
2417 1123 1
2418 1124 0
2419 1124 0
2420 1124 1
2421 1125 1
2422 1125 0
2423 1125 1
2424 1126 0
2425 1126 0
2426 1127 0
2427 1127 0
2428 1127 1
2429 1128 0
2430 1128 0
2431 1128 1
2432 1129 0
2433 1129 0
2434 1129 1
2435 1130 0
2436 1130 0
2437 1132 1
2438 1133 1
2439 1134 1
2440 1134 1
2441 1134 1
2442 1134 1
2443 1135 1
2444 1135 1
2445 1135 1
2446 1136 1
2447 1136 1
2448 1137 1
2449 1138 1
2450 1138 1
2451 1139 0
2452 1139 1
2453 1139 1
2454 1140 1
2455 1140 1
2456 1140 1
2457 1140 1
2458 1141 1
2459 1141 1
2460 1141 1
2461 1141 1
2462 1142 1
2463 1142 1
2464 1143 1
2465 1143 1
2466 1144 0
2467 1144 1
2468 1144 1
2469 1145 0
2470 1145 1
2471 1145 1
2472 1146 1
2473 1146 1
2474 1146 1
2475 1148 1
2476 1148 1
2477 1148 1
2478 1148 1
2479 1149 1
2480 1149 1
2481 1149 1
2482 1149 1
2483 1150 0
2484 1150 1
2485 1150 1
2486 1150 1
2487 1151 0
2488 1151 0
2489 1151 1
2490 1151 1
2491 1152 1
2492 1152 1
2493 1152 1
2494 1153 1
2495 1153 1
2496 1153 1
2497 1154 1
2498 1154 1
2499 1154 1
2500 1155 1
2501 1155 1
2502 1155 1
2503 1155 1
2504 1156 0
2505 1156 1
2506 1156 1
2507 1156 1
2508 1157 0
2509 1157 0
2510 1157 1
2511 1157 1
2512 1158 1
2513 1158 1
2514 1158 1
2515 1159 1
2516 1159 1
2517 1159 1
2518 1160 1
2519 1160 1
2520 1160 1
2521 1161 1
2522 1161 1
2523 1161 1
2524 1161 1
2525 1162 0
2526 1162 1
2527 1162 1
2528 1162 1
2529 1163 0
2530 1163 0
2531 1163 1
2532 1163 1
2533 1164 0
2534 1164 0
2535 1164 1
2536 1164 1
2537 1165 0
2538 1165 1
2539 1165 1
2540 1166 1
2541 1166 1
2542 1166 1
2543 1167 1
2544 1168 0
2545 1168 1
2546 1168 1
2547 1168 1
2548 1169 0
2549 1169 1
2550 1169 1
2551 1170 0
2552 1170 0
2553 1170 0
2554 1170 1
2555 1171 0
2556 1171 1
2557 1171 1
2558 1172 1
2559 1172 0
2560 1172 1
2561 1173 1
2562 1173 1
2563 1174 1
2564 1175 0
2565 1175 1
2566 1175 1
2567 1176 0
2568 1176 0
2569 1176 1
2570 1177 0
2571 1177 0
2572 1177 1
2573 1178 0
2574 1178 1
2575 1179 1
2576 1180 0
2577 1180 0
2578 1181 0
2579 1181 1
2580 1182 0
2581 1182 1
2582 1183 0
2583 1183 1
2584 1184 0
2585 1184 1
2586 1186 0
2587 1187 1
2588 1187 1
2589 1188 1
2590 1188 1
2591 1189 1
2592 1189 1
2593 1189 1
2594 1189 1
2595 1190 1
2596 1190 1
2597 1190 1
2598 1192 1
2599 1192 1
2600 1193 0
2601 1193 1
2602 1193 1
2603 1194 1
2604 1194 1
2605 1195 1
2606 1195 1
2607 1195 1
2608 1195 1
2609 1196 1
2610 1196 1
2611 1198 0
2612 1198 1
2613 1198 1
2614 1198 1
2615 1199 0
2616 1199 1
2617 1199 1
2618 1200 1
2619 1200 1
2620 1201 1
2621 1201 1
2622 1201 1
2623 1201 1
2624 1204 0
2625 1204 1
2626 1204 1
2627 1204 1
2628 1205 0
2629 1205 0
2630 1205 0
2631 1205 1
2632 1206 1
2633 1206 1
2634 1207 1
2635 1207 1
2636 1207 1
2637 1208 1
2638 1208 1
2639 1208 1
2640 1209 1
2641 1209 1
2642 1209 1
2643 1210 0
2644 1210 0
2645 1210 1
2646 1210 1
2647 1211 0
2648 1211 0
2649 1211 0
2650 1211 1
2651 1212 1
2652 1212 1
2653 1213 1
2654 1213 1
2655 1213 1
2656 1214 1
2657 1214 1
2658 1214 1
2659 1215 1
2660 1215 1
2661 1216 0
2662 1216 0
2663 1216 1
2664 1216 1
2665 1217 0
2666 1217 0
2667 1217 0
2668 1217 1
2669 1218 1
2670 1218 1
2671 1219 0
2672 1219 0
2673 1219 1
2674 1219 1
2675 1220 1
2676 1220 1
2677 1220 1
2678 1221 1
2679 1221 1
2680 1222 0
2681 1222 0
2682 1222 1
2683 1223 0
2684 1223 0
2685 1223 1
2686 1224 1
2687 1224 1
2688 1225 0
2689 1225 1
2690 1225 1
2691 1226 1
2692 1226 1
2693 1226 1
2694 1227 1
2695 1227 1
2696 1228 0
2697 1228 1
2698 1229 0
2699 1229 0
2700 1229 1
2701 1230 0
2702 1230 1
2703 1231 0
2704 1231 0
2705 1231 1
2706 1232 0
2707 1232 1
2708 1233 0
2709 1234 0
2710 1234 1
2711 1235 0
2712 1235 1
2713 1236 0
2714 1236 1
2715 1237 1
2716 1237 1
2717 1238 1
2718 1240 1
2719 1241 0
2720 1241 1
2721 1242 1
2722 1242 1
2723 1243 1
2724 1243 1
2725 1243 1
2726 1244 1
2727 1244 1
2728 1244 1
2729 1245 1
2730 1245 1
2731 1245 1
2732 1246 0
2733 1247 0
2734 1247 1
2735 1248 1
2736 1248 1
2737 1249 1
2738 1249 1
2739 1249 1
2740 1250 1
2741 1250 1
2742 1250 1
2743 1250 1
2744 1252 0
2745 1252 1
2746 1252 1
2747 1253 0
2748 1253 0
2749 1253 0
2750 1253 1
2751 1254 1
2752 1254 1
2753 1255 1
2754 1255 1
2755 1255 1
2756 1256 1
2757 1256 1
2758 1256 1
2759 1256 1
2760 1258 0
2761 1258 1
2762 1258 1
2763 1258 1
2764 1259 0
2765 1259 0
2766 1259 0
2767 1259 0
2768 1260 1
2769 1260 1
2770 1261 1
2771 1261 1
2772 1261 1
2773 1262 1
2774 1262 1
2775 1262 1
2776 1263 1
2777 1263 1
2778 1263 1
2779 1263 1
2780 1264 0
2781 1264 0
2782 1264 0
2783 1264 1
2784 1265 0
2785 1265 0
2786 1265 0
2787 1265 0
2788 1266 1
2789 1266 1
2790 1267 1
2791 1267 1
2792 1267 1
2793 1268 1
2794 1268 1
2795 1268 1
2796 1269 1
2797 1270 0
2798 1270 1
2799 1270 0
2800 1270 1
2801 1271 0
2802 1271 0
2803 1271 0
2804 1271 0
2805 1272 1
2806 1272 1
2807 1273 1
2808 1273 1
2809 1273 1
2810 1274 1
2811 1274 1
2812 1274 1
2813 1274 1
2814 1275 1
2815 1275 1
2816 1275 1
2817 1276 1
2818 1277 0
2819 1277 0
2820 1277 0
2821 1277 0
2822 1278 1
2823 1278 1
2824 1279 0
2825 1279 1
2826 1279 1
2827 1280 1
2828 1280 1
2829 1280 1
2830 1281 1
2831 1281 1
2832 1282 0
2833 1282 0
2834 1282 1
2835 1283 0
2836 1283 0
2837 1283 0
2838 1284 1
2839 1284 1
2840 1285 1
2841 1285 1
2842 1286 0
2843 1286 1
2844 1287 0
2845 1289 0
2846 1289 0
2847 1290 1
2848 1291 1
2849 1291 1
2850 1292 1
2851 1295 0
2852 1295 0
2853 1296 1
2854 1296 1
2855 1297 1
2856 1297 1
2857 1298 1
2858 1298 1
2859 1298 1
2860 1300 0
2861 1300 0
2862 1300 0
2863 1301 0
2864 1301 0
2865 1302 1
2866 1302 1
2867 1303 1
2868 1303 1
2869 1303 1
2870 1304 1
2871 1304 1
2872 1304 1
2873 1304 1
2874 1305 1
2875 1306 0
2876 1307 0
2877 1307 0
2878 1307 0
2879 1307 0
2880 1308 1
2881 1308 1
2882 1309 1
2883 1309 0
2884 1309 0
2885 1310 0
2886 1310 1
2887 1310 1
2888 1310 0
2889 1311 1
2890 1311 1
2891 1311 1
2892 1311 1
2893 1313 0
2894 1313 0
2895 1313 0
2896 1313 0
2897 1314 1
2898 1314 1
2899 1315 1
2900 1315 1
2901 1315 1
2902 1316 1
2903 1316 1
2904 1316 1
2905 1317 1
2906 1317 1
2907 1317 1
2908 1317 1
2909 1318 0
2910 1318 0
2911 1318 0
2912 1318 0
2913 1319 0
2914 1319 0
2915 1319 0
2916 1319 0
2917 1320 1
2918 1320 1
2919 1321 1
2920 1321 1
2921 1321 1
2922 1322 1
2923 1322 1
2924 1322 1
2925 1323 1
2926 1323 1
2927 1323 1
2928 1323 1
2929 1324 0
2930 1325 0
2931 1325 0
2932 1325 0
2933 1325 0
2934 1326 1
2935 1326 1
2936 1327 1
2937 1327 1
2938 1327 1
2939 1328 1
2940 1328 1
2941 1328 1
2942 1328 1
2943 1329 0
2944 1330 0
2945 1330 0
2946 1331 0
2947 1331 0
2948 1331 0
2949 1331 0
2950 1332 1
2951 1332 1
2952 1333 1
2953 1333 1
2954 1334 1
2955 1334 1
2956 1334 1
2957 1335 0
2958 1335 0
2959 1336 0
2960 1336 0
2961 1337 0
2962 1337 0
2963 1337 0
2964 1338 1
2965 1338 1
2966 1339 1
2967 1339 1
2968 1340 1
2969 1340 0
2970 1341 1
2971 1341 0
2972 1342 0
2973 1343 0
2974 1343 0
2975 1343 0
2976 1344 1
2977 1345 1
2978 1345 1
2979 1346 0
2980 1348 0
2981 1349 0
2982 1349 0
2983 1350 1
2984 1350 1
2985 1351 1
2986 1351 0
2987 1352 1
2988 1352 1
2989 1352 0
2990 1353 1
2991 1353 0
2992 1353 0
2993 1356 1
2994 1356 1
2995 1357 1
2996 1357 1
2997 1357 0
2998 1358 1
2999 1358 1
3000 1358 1
3001 1358 0
3002 1359 1
3003 1359 1
3004 1359 0
3005 1359 0
3006 1360 0
3007 1362 1
3008 1362 0
3009 1363 1
3010 1363 1
3011 1363 0
3012 1364 1
3013 1364 1
3014 1364 1
3015 1364 0
3016 1365 1
3017 1365 1
3018 1365 0
3019 1365 0
3020 1366 0
3021 1368 1
3022 1368 0
3023 1369 1
3024 1369 1
3025 1369 0
3026 1370 1
3027 1370 1
3028 1370 0
3029 1371 1
3030 1371 1
3031 1371 0
3032 1371 0
3033 1372 0
3034 1372 0
3035 1373 0
3036 1373 0
3037 1373 0
3038 1374 1
3039 1374 1
3040 1375 1
3041 1375 1
3042 1375 0
3043 1376 1
3044 1376 1
3045 1376 0
3046 1377 1
3047 1377 1
3048 1377 0
3049 1377 0
3050 1378 0
3051 1379 0
3052 1379 0
3053 1379 0
3054 1379 0
3055 1380 1
3056 1380 1
3057 1381 1
3058 1381 1
3059 1381 0
3060 1382 1
3061 1382 0
3062 1382 0
3063 1383 0
3064 1384 0
3065 1384 0
3066 1384 0
3067 1385 0
3068 1385 0
3069 1385 0
3070 1385 0
3071 1386 1
3072 1386 1
3073 1387 1
3074 1387 0
3075 1388 1
3076 1388 0
3077 1388 0
3078 1389 0
3079 1390 0
3080 1390 0
3081 1390 0
3082 1390 0
3083 1391 0
3084 1391 0
3085 1392 1
3086 1392 1
3087 1393 1
3088 1393 0
3089 1394 0
3090 1394 0
3091 1395 0
3092 1395 0
3093 1396 0
3094 1396 0
3095 1397 0
3096 1397 0
3097 1398 1
3098 1398 1
3099 1399 1
3100 1399 0
3101 1400 0
3102 1400 0
3103 1401 0
3104 1402 0
3105 1403 0
3106 1404 1
3107 1404 0
3108 1405 1
3109 1406 1
3110 1406 0
3111 1410 1
3112 1410 0
3113 1411 1
3114 1411 1
3115 1411 0
3116 1412 1
3117 1412 0
3118 1413 1
3119 1413 1
3120 1413 0
3121 1414 0
3122 1414 0
3123 1416 1
3124 1416 0
3125 1417 1
3126 1417 1
3127 1417 0
3128 1418 1
3129 1418 1
3130 1418 0
3131 1419 1
3132 1419 1
3133 1419 0
3134 1420 0
3135 1420 0
3136 1420 0
3137 1421 0
3138 1422 1
3139 1422 0
3140 1423 1
3141 1423 1
3142 1423 0
3143 1424 1
3144 1424 0
3145 1424 0
3146 1425 1
3147 1425 1
3148 1425 0
3149 1426 0
3150 1426 0
3151 1426 0
3152 1427 0
3153 1427 0
3154 1427 0
3155 1428 1
3156 1428 0
3157 1429 1
3158 1429 0
3159 1429 0
3160 1430 1
3161 1430 0
3162 1430 0
3163 1431 1
3164 1431 1
3165 1431 0
3166 1432 0
3167 1432 0
3168 1432 0
3169 1433 0
3170 1433 0
3171 1433 0
3172 1434 1
3173 1434 0
3174 1435 1
3175 1435 1
3176 1435 0
3177 1436 1
3178 1436 0
3179 1436 0
3180 1437 1
3181 1437 1
3182 1437 0
3183 1438 0
3184 1439 0
3185 1439 0
3186 1440 1
3187 1440 0
3188 1441 0
3189 1441 0
3190 1442 1
3191 1442 0
3192 1442 0
3193 1443 1
3194 1443 0
3195 1444 0
3196 1445 0
3197 1445 0
3198 1446 1
3199 1446 0
3200 1447 0
3201 1447 0
3202 1448 0
3203 1448 0
3204 1449 0
3205 1449 0
3206 1452 0
3207 1452 0
3208 1453 0
3209 1453 0
3210 1454 0
3211 1454 0
3212 1455 0
3213 1455 0
3214 1456 0
3215 1460 0
3216 1461 0
3217 1462 0
3218 1463 0
3219 1463 0
3220 1465 0
3221 1465 0
3222 1466 0
3223 1466 0
3224 1467 0
3225 1467 0
3226 1468 0
3227 1468 0
3228 1469 0
3229 1471 0
3230 1471 0
3231 1472 0
3232 1472 0
3233 1473 0
3234 1473 0
3235 1474 0
3236 1474 0
3237 1475 0
3238 1475 0
3239 1477 0
3240 1477 0
3241 1478 0
3242 1478 0
3243 1479 0
3244 1479 0
3245 1479 0
3246 1480 0
3247 1480 0
3248 1481 0
3249 1481 0
3250 1484 0
3251 1484 0
3252 1485 0
3253 1485 0
3254 1485 0
3255 1486 0
3256 1486 0
3257 1486 0
3258 1487 0
3259 1487 0
3260 1487 0
3261 1489 0
3262 1491 0
3263 1491 0
3264 1491 0
3265 1492 0
3266 1492 0
3267 1492 0
3268 1493 0
3269 1493 0
3270 1495 0
3271 1496 0
3272 1497 0
3273 1497 0
3274 1498 0
3275 1498 0
3276 1499 0
3277 1503 0
3278 1512 1
3279 1513 1
3280 1513 0
3281 1514 1
3282 1514 0
3283 1515 0
3284 1516 0
3285 1518 1
3286 1519 1
3287 1519 0
3288 1520 1
3289 1520 0
3290 1521 1
3291 1521 0
3292 1521 0
3293 1522 0
3294 1524 1
3295 1525 1
3296 1525 0
3297 1526 1
3298 1526 1
3299 1526 0
3300 1527 1
3301 1527 0
3302 1527 0
3303 1528 0
3304 1528 0
3305 1530 1
3306 1531 1
3307 1531 0
3308 1532 1
3309 1532 0
3310 1533 1
3311 1533 0
3312 1533 0
3313 1534 0
3314 1534 0
3315 1534 0
3316 1535 0
3317 1536 1
3318 1537 1
3319 1537 0
3320 1538 1
3321 1538 0
3322 1539 1
3323 1539 0
3324 1539 0
3325 1540 0
3326 1540 0
3327 1540 0
3328 1541 0
3329 1542 0
3330 1543 1
3331 1543 0
3332 1544 1
3333 1544 0
3334 1545 1
3335 1545 0
3336 1545 0
3337 1546 0
3338 1547 0
3339 1548 0
3340 1549 1
3341 1549 0
3342 1550 1
3343 1550 0
3344 1551 0
3345 1552 0
3346 1552 0
3347 1553 0
3348 1554 0
3349 1554 0
3350 1555 0
3351 1556 1
3352 1556 0
3353 1557 0
3354 1558 0
3355 1560 0
3356 1561 0
3357 1562 0
3358 1568 0
3359 1569 0
3360 1570 0
3361 1574 0
3362 1574 0
3363 1576 0
3364 1576 0
3365 1577 0
3366 1577 0
3367 1577 0
3368 1579 0
3369 1580 0
3370 1580 0
3371 1581 0
3372 1582 0
3373 1582 0
3374 1583 0
3375 1583 0
3376 1586 0
3377 1587 0
3378 1588 0
3379 1588 0
3380 1589 0
3381 1589 0
3382 1591 0
3383 1593 0
3384 1593 0
3385 1594 0
3386 1594 0
3387 1595 0
3388 1599 0
3389 1599 0
3390 1600 0
3391 1601 0
3392 1605 0
3393 1605 0
3394 1606 0
3395 1611 0
3396 1612 0
3397 1620 1
3398 1620 1
3399 1620 1
3400 1620 1
3401 1621 1
3402 1621 1
3403 1621 1
3404 1621 1
3405 1622 1
3406 1622 1
3407 1622 1
3408 1623 1
3409 1624 1
3410 1624 1
3411 1624 1
3412 1625 1
3413 1625 1
3414 1625 1
3415 1626 1
3416 1626 1
3417 1626 1
3418 1626 1
3419 1627 1
3420 1627 1
3421 1627 1
3422 1627 1
3423 1628 1
3424 1628 1
3425 1629 1
3426 1629 1
3427 1629 1
3428 1630 0
3429 1630 1
3430 1630 1
3431 1630 1
3432 1631 1
3433 1631 1
3434 1631 1
3435 1632 1
3436 1632 1
3437 1632 1
3438 1632 1
3439 1633 1
3440 1633 1
3441 1633 1
3442 1633 1
3443 1634 1
3444 1634 1
3445 1634 1
3446 1635 1
3447 1635 1
3448 1635 1
3449 1636 0
3450 1636 1
3451 1636 1
3452 1637 0
3453 1637 1
3454 1637 1
3455 1639 1
3456 1639 1
3457 1639 1
3458 1640 1
3459 1640 1
3460 1641 1
3461 1641 1
3462 1641 1
3463 1642 0
3464 1642 1
3465 1642 1
3466 1642 1
3467 1643 0
3468 1643 0
3469 1643 1
3470 1643 1
3471 1644 0
3472 1644 0
3473 1644 1
3474 1645 1
3475 1645 0
3476 1645 0
3477 1646 1
3478 1646 1
3479 1647 1
3480 1647 1
3481 1647 1
3482 1647 0
3483 1648 0
3484 1648 1
3485 1648 1
3486 1648 1
3487 1649 0
3488 1649 0
3489 1649 1
3490 1649 1
3491 1650 0
3492 1650 0
3493 1650 1
3494 1650 1
3495 1651 0
3496 1651 0
3497 1651 1
3498 1652 1
3499 1652 0
3500 1652 0
3501 1653 1
3502 1653 1
3503 1653 1
3504 1653 0
3505 1654 0
3506 1654 1
3507 1654 1
3508 1655 0
3509 1655 1
3510 1655 0
3511 1656 0
3512 1656 0
3513 1656 0
3514 1656 1
3515 1657 0
3516 1657 0
3517 1657 0
3518 1658 0
3519 1658 0
3520 1660 0
3521 1660 1
3522 1660 0
3523 1660 0
3524 1661 0
3525 1661 1
3526 1661 0
3527 1662 0
3528 1662 0
3529 1662 0
3530 1662 1
3531 1663 0
3532 1663 0
3533 1663 0
3534 1663 1
3535 1664 0
3536 1664 0
3537 1664 0
3538 1665 0
3539 1665 0
3540 1666 1
3541 1666 0
3542 1667 0
3543 1667 1
3544 1667 0
3545 1668 0
3546 1668 0
3547 1668 0
3548 1669 0
3549 1669 0
3550 1669 0
3551 1670 0
3552 1670 0
3553 1672 1
3554 1673 1
3555 1674 1
3556 1674 1
3557 1674 1
3558 1675 1
3559 1675 1
3560 1676 1
3561 1676 1
3562 1676 1
3563 1677 1
3564 1678 1
3565 1679 0
3566 1679 1
3567 1680 1
3568 1680 1
3569 1680 1
3570 1680 1
3571 1681 1
3572 1681 1
3573 1681 1
3574 1681 1
3575 1682 1
3576 1682 1
3577 1683 1
3578 1684 0
3579 1684 1
3580 1684 1
3581 1684 1
3582 1685 0
3583 1685 1
3584 1685 1
3585 1686 1
3586 1686 1
3587 1686 1
3588 1686 1
3589 1687 1
3590 1687 1
3591 1687 1
3592 1687 1
3593 1688 1
3594 1688 1
3595 1688 1
3596 1689 1
3597 1689 1
3598 1689 1
3599 1690 0
3600 1690 1
3601 1690 1
3602 1690 1
3603 1691 0
3604 1691 1
3605 1691 1
3606 1692 1
3607 1692 1
3608 1694 1
3609 1694 1
3610 1694 1
3611 1695 1
3612 1695 1
3613 1695 1
3614 1696 0
3615 1696 1
3616 1696 1
3617 1696 1
3618 1697 0
3619 1697 0
3620 1697 1
3621 1697 1
3622 1698 1
3623 1698 1
3624 1699 1
3625 1699 1
3626 1699 1
3627 1700 0
3628 1700 1
3629 1700 1
3630 1701 1
3631 1701 1
3632 1701 1
3633 1701 1
3634 1702 0
3635 1702 1
3636 1702 1
3637 1702 1
3638 1703 0
3639 1703 0
3640 1703 1
3641 1703 1
3642 1704 0
3643 1704 0
3644 1704 0
3645 1704 1
3646 1705 0
3647 1705 0
3648 1705 0
3649 1705 0
3650 1706 1
3651 1706 0
3652 1706 0
3653 1707 1
3654 1707 0
3655 1708 0
3656 1708 0
3657 1708 1
3658 1708 1
3659 1709 0
3660 1709 1
3661 1709 1
3662 1710 0
3663 1710 0
3664 1710 0
3665 1710 1
3666 1711 0
3667 1711 0
3668 1711 1
3669 1712 1
3670 1712 1
3671 1712 1
3672 1713 1
3673 1713 1
3674 1714 0
3675 1714 0
3676 1714 1
3677 1715 0
3678 1715 1
3679 1715 0
3680 1716 0
3681 1716 0
3682 1716 1
3683 1717 0
3684 1717 0
3685 1717 0
3686 1717 1
3687 1718 1
3688 1718 0
3689 1718 1
3690 1719 0
3691 1719 1
3692 1720 0
3693 1720 0
3694 1721 0
3695 1721 1
3696 1722 0
3697 1722 1
3698 1723 0
3699 1723 0
3700 1724 0
3701 1724 1
3702 1727 1
3703 1727 0
3704 1728 1
3705 1728 1
3706 1729 1
3707 1729 1
3708 1729 1
3709 1730 1
3710 1730 1
3711 1731 1
3712 1731 1
3713 1732 1
3714 1733 1
3715 1733 1
3716 1734 1
3717 1734 1
3718 1735 1
3719 1735 1
3720 1735 1
3721 1735 1
3722 1736 1
3723 1736 1
3724 1736 1
3725 1736 1
3726 1737 1
3727 1737 1
3728 1738 0
3729 1738 1
3730 1738 1
3731 1738 1
3732 1739 0
3733 1739 0
3734 1739 1
3735 1740 1
3736 1740 1
3737 1741 1
3738 1741 1
3739 1741 1
3740 1741 1
3741 1742 1
3742 1742 1
3743 1742 1
3744 1743 1
3745 1743 1
3746 1744 0
3747 1744 1
3748 1744 1
3749 1744 1
3750 1745 0
3751 1745 0
3752 1745 0
3753 1745 1
3754 1746 1
3755 1746 1
3756 1747 1
3757 1747 1
3758 1747 1
3759 1749 1
3760 1749 1
3761 1749 1
3762 1750 0
3763 1750 0
3764 1750 1
3765 1750 1
3766 1751 0
3767 1751 0
3768 1751 1
3769 1751 1
3770 1752 1
3771 1752 1
3772 1753 1
3773 1753 1
3774 1753 1
3775 1754 1
3776 1754 1
3777 1754 1
3778 1755 1
3779 1755 1
3780 1755 1
3781 1756 0
3782 1756 0
3783 1756 1
3784 1756 1
3785 1757 0
3786 1757 0
3787 1757 0
3788 1757 1
3789 1758 1
3790 1758 1
3791 1759 0
3792 1759 0
3793 1759 0
3794 1759 1
3795 1760 1
3796 1760 0
3797 1760 1
3798 1761 1
3799 1761 1
3800 1762 0
3801 1762 0
3802 1762 1
3803 1762 1
3804 1763 0
3805 1763 0
3806 1763 0
3807 1763 1
3808 1764 0
3809 1764 1
3810 1765 0
3811 1765 0
3812 1765 1
3813 1765 0
3814 1766 1
3815 1766 1
3816 1766 1
3817 1767 1
3818 1768 0
3819 1768 0
3820 1768 1
3821 1769 0
3822 1769 0
3823 1769 0
3824 1770 0
3825 1770 1
3826 1771 0
3827 1771 0
3828 1771 0
3829 1772 0
3830 1772 0
3831 1773 1
3832 1774 0
3833 1775 0
3834 1775 1
3835 1776 0
3836 1776 1
3837 1777 1
3838 1777 1
3839 1778 0
3840 1781 0
3841 1781 0
3842 1782 1
3843 1783 1
3844 1783 1
3845 1784 1
3846 1785 1
3847 1787 0
3848 1787 0
3849 1788 1
3850 1788 1
3851 1789 1
3852 1789 1
3853 1789 1
3854 1790 1
3855 1790 1
3856 1790 1
3857 1791 1
3858 1792 1
3859 1792 1
3860 1792 1
3861 1793 0
3862 1793 0
3863 1793 0
3864 1794 1
3865 1794 1
3866 1795 1
3867 1795 1
3868 1795 1
3869 1796 1
3870 1796 1
3871 1796 1
3872 1796 1
3873 1797 1
3874 1797 1
3875 1797 1
3876 1798 0
3877 1798 1
3878 1798 1
3879 1798 1
3880 1799 0
3881 1799 0
3882 1799 0
3883 1799 0
3884 1800 1
3885 1800 1
3886 1801 1
3887 1801 1
3888 1801 1
3889 1802 1
3890 1802 1
3891 1802 1
3892 1804 0
3893 1804 1
3894 1804 0
3895 1804 1
3896 1805 0
3897 1805 0
3898 1805 0
3899 1805 0
3900 1806 1
3901 1806 1
3902 1807 1
3903 1807 1
3904 1807 1
3905 1808 1
3906 1808 1
3907 1808 1
3908 1809 1
3909 1809 1
3910 1810 0
3911 1810 0
3912 1810 0
3913 1810 1
3914 1811 0
3915 1811 0
3916 1811 0
3917 1811 0
3918 1812 1
3919 1812 1
3920 1813 1
3921 1813 1
3922 1813 1
3923 1814 1
3924 1814 1
3925 1814 1
3926 1814 1
3927 1815 1
3928 1815 1
3929 1815 1
3930 1816 0
3931 1816 1
3932 1816 0
3933 1816 1
3934 1817 0
3935 1817 0
3936 1817 0
3937 1817 0
3938 1818 0
3939 1818 1
3940 1819 1
3941 1819 1
3942 1819 1
3943 1820 1
3944 1820 1
3945 1821 1
3946 1821 1
3947 1822 0
3948 1822 0
3949 1822 1
3950 1823 0
3951 1823 0
3952 1823 0
3953 1824 1
3954 1824 1
3955 1825 1
3956 1825 1
3957 1826 1
3958 1826 1
3959 1827 1
3960 1829 0
3961 1829 0
3962 1830 1
3963 1831 1
3964 1831 1
3965 1832 1
3966 1833 1
3967 1834 0
3968 1835 0
3969 1835 0
3970 1836 1
3971 1837 1
3972 1837 1
3973 1838 1
3974 1838 0
3975 1840 0
3976 1841 0
3977 1841 0
3978 1842 1
3979 1842 1
3980 1843 1
3981 1843 1
3982 1844 1
3983 1844 1
3984 1844 1
3985 1844 0
3986 1845 1
3987 1845 1
3988 1845 1
3989 1846 0
3990 1847 0
3991 1847 0
3992 1847 0
3993 1847 0
3994 1848 1
3995 1848 1
3996 1849 1
3997 1849 1
3998 1849 1
3999 1850 1
4000 1850 1
4001 1850 1
4002 1850 0
4003 1851 1
4004 1851 1
4005 1851 1
4006 1851 1
4007 1852 0
4008 1852 0
4009 1853 0
4010 1853 0
4011 1853 0
4012 1853 0
4013 1854 1
4014 1854 1
4015 1855 1
4016 1855 1
4017 1855 1
4018 1856 1
4019 1856 1
4020 1856 1
4021 1857 1
4022 1857 1
4023 1857 1
4024 1857 1
4025 1859 0
4026 1859 0
4027 1859 0
4028 1859 0
4029 1860 1
4030 1860 1
4031 1861 1
4032 1861 1
4033 1861 1
4034 1862 1
4035 1862 1
4036 1862 0
4037 1863 1
4038 1863 1
4039 1863 1
4040 1863 0
4041 1864 0
4042 1864 0
4043 1864 0
4044 1864 0
4045 1865 0
4046 1865 0
4047 1865 0
4048 1865 0
4049 1866 1
4050 1866 1
4051 1867 1
4052 1867 1
4053 1867 1
4054 1868 1
4055 1868 1
4056 1868 1
4057 1868 0
4058 1869 1
4059 1869 0
4060 1869 0
4061 1870 0
4062 1870 0
4063 1871 0
4064 1871 0
4065 1871 0
4066 1871 0
4067 1872 1
4068 1872 1
4069 1873 1
4070 1873 1
4071 1874 1
4072 1874 1
4073 1874 0
4074 1875 0
4075 1875 0
4076 1876 0
4077 1876 0
4078 1876 0
4079 1877 0
4080 1877 0
4081 1877 0
4082 1878 1
4083 1878 1
4084 1879 1
4085 1879 1
4086 1880 1
4087 1880 0
4088 1881 0
4089 1882 0
4090 1883 0
4091 1883 0
4092 1883 0
4093 1884 1
4094 1885 1
4095 1885 1
4096 1886 0
4097 1888 0
4098 1889 0
4099 1889 0
4100 1890 1
4101 1890 0
4102 1891 1
4103 1891 0
4104 1892 1
4105 1892 1
4106 1892 0
4107 1893 1
4108 1893 0
4109 1894 0
4110 1894 0
4111 1894 0
4112 1896 1
4113 1896 0
4114 1897 1
4115 1897 0
4116 1898 1
4117 1898 0
4118 1898 0
4119 1899 1
4120 1899 0
4121 1899 0
4122 1900 0
4123 1901 0
4124 1902 1
4125 1902 0
4126 1903 1
4127 1903 1
4128 1903 0
4129 1904 1
4130 1904 1
4131 1904 1
4132 1904 0
4133 1905 1
4134 1905 1
4135 1905 0
4136 1905 0
4137 1906 0
4138 1906 0
4139 1907 0
4140 1907 0
4141 1907 0
4142 1907 0
4143 1908 1
4144 1908 0
4145 1909 1
4146 1909 1
4147 1909 0
4148 1910 1
4149 1910 0
4150 1910 0
4151 1911 1
4152 1911 1
4153 1911 0
4154 1911 0
4155 1912 0
4156 1912 0
4157 1912 0
4158 1914 1
4159 1914 0
4160 1915 1
4161 1915 1
4162 1915 0
4163 1916 1
4164 1916 1
4165 1916 0
4166 1917 1
4167 1917 1
4168 1917 0
4169 1917 0
4170 1918 0
4171 1918 0
4172 1918 0
4173 1919 0
4174 1919 0
4175 1919 0
4176 1919 0
4177 1920 1
4178 1920 1
4179 1921 1
4180 1921 1
4181 1921 0
4182 1922 1
4183 1922 1
4184 1922 0
4185 1922 0
4186 1923 1
4187 1923 0
4188 1923 0
4189 1924 0
4190 1924 0
4191 1925 0
4192 1925 0
4193 1925 0
4194 1925 0
4195 1926 1
4196 1926 1
4197 1927 1
4198 1927 0
4199 1928 1
4200 1928 1
4201 1928 0
4202 1929 0
4203 1930 0
4204 1930 0
4205 1930 0
4206 1931 0
4207 1931 0
4208 1932 1
4209 1932 1
4210 1933 1
4211 1933 0
4212 1934 0
4213 1934 0
4214 1935 0
4215 1935 0
4216 1936 0
4217 1937 0
4218 1937 0
4219 1937 0
4220 1938 0
4221 1939 1
4222 1939 0
4223 1940 0
4224 1940 0
4225 1942 0
4226 1942 0
4227 1943 0
4228 1943 0
4229 1944 1
4230 1944 0
4231 1945 1
4232 1945 0
4233 1946 1
4234 1946 0
4235 1947 0
4236 1950 1
4237 1950 0
4238 1951 0
4239 1951 0
4240 1952 1
4241 1952 0
4242 1952 0
4243 1953 1
4244 1953 1
4245 1953 0
4246 1956 1
4247 1956 0
4248 1957 1
4249 1957 0
4250 1957 0
4251 1958 1
4252 1958 0
4253 1958 0
4254 1959 1
4255 1959 1
4256 1959 0
4257 1960 0
4258 1960 0
4259 1961 0
4260 1962 1
4261 1962 0
4262 1963 1
4263 1963 0
4264 1963 0
4265 1964 1
4266 1964 0
4267 1964 0
4268 1965 1
4269 1965 1
4270 1965 0
4271 1965 0
4272 1966 0
4273 1966 0
4274 1966 0
4275 1967 0
4276 1967 0
4277 1968 1
4278 1968 0
4279 1969 1
4280 1969 0
4281 1969 0
4282 1970 1
4283 1970 0
4284 1970 0
4285 1971 1
4286 1971 1
4287 1971 0
4288 1971 0
4289 1972 0
4290 1972 0
4291 1972 0
4292 1973 0
4293 1973 0
4294 1974 1
4295 1974 0
4296 1975 1
4297 1975 1
4298 1975 0
4299 1976 1
4300 1976 0
4301 1976 0
4302 1977 1
4303 1977 1
4304 1977 0
4305 1977 0
4306 1978 0
4307 1978 0
4308 1979 0
4309 1979 0
4310 1980 1
4311 1980 0
4312 1981 0
4313 1981 0
4314 1982 1
4315 1982 0
4316 1982 0
4317 1983 1
4318 1983 1
4319 1983 0
4320 1985 0
4321 1986 0
4322 1986 0
4323 1987 0
4324 1987 0
4325 1988 1
4326 1988 0
4327 1988 0
4328 1989 0
4329 1989 0
4330 1990 0
4331 1992 0
4332 1992 0
4333 1993 0
4334 1993 0
4335 1994 0
4336 1994 0
4337 1995 0
4338 1995 0
4339 1995 0
4340 1996 0
4341 1998 0
4342 1999 0
4343 1999 0
4344 2000 0
4345 2000 0
4346 2001 0
4347 2001 0
4348 2002 0
4349 2002 0
4350 2003 0
4351 2003 0
4352 2004 0
4353 2005 0
4354 2006 0
4355 2006 0
4356 2007 0
4357 2008 0
4358 2008 0
4359 2009 0
4360 2009 0
4361 2009 0
4362 2010 0
4363 2011 0
4364 2011 0
4365 2012 0
4366 2012 0
4367 2013 0
4368 2013 0
4369 2014 0
4370 2014 0
4371 2015 0
4372 2017 0
4373 2018 0
4374 2018 0
4375 2019 0
4376 2019 0
4377 2020 0
4378 2020 0
4379 2020 0
4380 2021 0
4381 2021 0
4382 2023 0
4383 2023 0
4384 2023 0
4385 2024 0
4386 2024 0
4387 2025 0
4388 2025 0
4389 2025 0
4390 2026 0
4391 2026 0
4392 2026 0
4393 2027 0
4394 2027 0
4395 2029 0
4396 2029 0
4397 2030 0
4398 2030 0
4399 2031 0
4400 2031 0
4401 2031 0
4402 2032 0
4403 2032 0
4404 2032 0
4405 2033 0
4406 2033 0
4407 2036 0
4408 2037 0
4409 2038 0
4410 2038 0
4411 2039 0
4412 2043 0
4413 2052 0
4414 2053 0
4415 2054 1
4416 2054 0
4417 2055 0
4418 2058 0
4419 2059 1
4420 2059 0
4421 2060 1
4422 2060 0
4423 2061 1
4424 2061 0
4425 2061 0
4426 2062 0
4427 2062 0
4428 2064 0
4429 2065 1
4430 2065 0
4431 2066 1
4432 2066 0
4433 2067 1
4434 2067 0
4435 2067 0
4436 2068 0
4437 2068 0
4438 2068 0
4439 2069 0
4440 2070 0
4441 2070 0
4442 2071 1
4443 2071 0
4444 2072 1
4445 2072 0
4446 2073 1
4447 2073 0
4448 2073 0
4449 2074 0
4450 2074 0
4451 2074 0
4452 2075 0
4453 2076 0
4454 2076 0
4455 2077 1
4456 2077 0
4457 2078 1
4458 2078 0
4459 2079 1
4460 2079 0
4461 2079 0
4462 2080 0
4463 2080 0
4464 2080 0
4465 2082 1
4466 2082 0
4467 2083 1
4468 2083 0
4469 2084 1
4470 2084 0
4471 2085 1
4472 2085 0
4473 2085 0
4474 2086 0
4475 2088 0
4476 2088 0
4477 2089 1
4478 2089 0
4479 2090 1
4480 2090 0
4481 2091 1
4482 2091 0
4483 2091 0
4484 2092 0
4485 2092 0
4486 2094 0
4487 2094 0
4488 2095 0
4489 2096 1
4490 2096 0
4491 2097 0
4492 2097 0
4493 2100 0
4494 2101 0
4495 2102 0
4496 2103 0
4497 2108 0
4498 2109 0
4499 2109 0
4500 2110 0
4501 2111 0
4502 2111 0
4503 2113 0
4504 2114 0
4505 2114 0
4506 2115 0
4507 2115 0
4508 2116 0
4509 2116 0
4510 2117 0
4511 2117 0
4512 2117 0
4513 2119 0
4514 2119 0
4515 2120 0
4516 2120 0
4517 2121 0
4518 2122 0
4519 2122 0
4520 2123 0
4521 2123 0
4522 2126 0
4523 2127 0
4524 2127 0
4525 2128 0
4526 2128 0
4527 2129 0
4528 2129 0
4529 2131 0
4530 2131 0
4531 2133 0
4532 2134 0
4533 2134 0
4534 2139 0
4535 2140 0
4536 2141 0
4537 2145 0
4538 2145 0
4539 2146 0
4540 2151 0
4541 2152 0
4542 2160 1
4543 2160 1
4544 2160 1
4545 2160 1
4546 2161 1
4547 2161 1
4548 2161 1
4549 2161 1
4550 2162 1
4551 2162 1
4552 2163 1
4553 2164 1
4554 2164 1
4555 2165 1
4556 2165 1
4557 2166 1
4558 2166 1
4559 2166 0
4560 2167 1
4561 2167 1
4562 2167 1
4563 2168 1
4564 2170 1
4565 2170 1
4566 2171 1
4567 2171 1
4568 2171 1
4569 2172 1
4570 2172 1
4571 2172 1
4572 2172 0
4573 2173 1
4574 2173 1
4575 2173 1
4576 2173 1
4577 2174 1
4578 2174 1
4579 2174 1
4580 2175 1
4581 2175 1
4582 2176 0
4583 2176 1
4584 2176 1
4585 2176 1
4586 2177 0
4587 2177 1
4588 2177 1
4589 2178 1
4590 2178 0
4591 2178 0
4592 2179 1
4593 2179 1
4594 2179 1
4595 2180 1
4596 2180 1
4597 2181 1
4598 2181 1
4599 2181 0
4600 2182 0
4601 2182 1
4602 2182 0
4603 2183 0
4604 2183 1
4605 2183 0
4606 2185 0
4607 2185 0
4608 2185 0
4609 2186 0
4610 2186 0
4611 2187 1
4612 2187 1
4613 2187 0
4614 2187 0
4615 2188 0
4616 2188 1
4617 2188 0
4618 2188 0
4619 2189 0
4620 2189 0
4621 2189 1
4622 2189 0
4623 2190 0
4624 2190 0
4625 2190 0
4626 2190 0
4627 2191 0
4628 2191 0
4629 2191 0
4630 2192 1
4631 2192 0
4632 2192 0
4633 2193 1
4634 2193 0
4635 2194 0
4636 2194 1
4637 2194 1
4638 2194 0
4639 2195 0
4640 2195 1
4641 2195 0
4642 2196 0
4643 2196 0
4644 2196 0
4645 2196 0
4646 2197 0
4647 2197 0
4648 2197 0
4649 2197 0
4650 2198 1
4651 2198 0
4652 2199 0
4653 2199 0
4654 2199 0
4655 2200 0
4656 2200 0
4657 2200 1
4658 2200 0
4659 2201 0
4660 2201 1
4661 2201 1
4662 2202 0
4663 2202 0
4664 2202 0
4665 2203 0
4666 2203 0
4667 2203 0
4668 2203 0
4669 2204 0
4670 2204 0
4671 2204 0
4672 2205 0
4673 2205 0
4674 2206 0
4675 2206 0
4676 2206 0
4677 2207 0
4678 2207 1
4679 2207 0
4680 2208 0
4681 2208 0
4682 2208 0
4683 2209 0
4684 2209 0
4685 2210 0
4686 2210 0
4687 2211 1
4688 2211 0
4689 2212 0
4690 2213 1
4691 2214 1
4692 2214 1
4693 2214 1
4694 2215 1
4695 2215 1
4696 2215 1
4697 2216 1
4698 2216 1
4699 2218 1
4700 2219 1
4701 2219 1
4702 2220 1
4703 2220 1
4704 2220 1
4705 2220 0
4706 2221 1
4707 2221 1
4708 2221 1
4709 2221 1
4710 2222 1
4711 2222 1
4712 2222 1
4713 2222 1
4714 2223 1
4715 2224 1
4716 2225 0
4717 2225 1
4718 2225 1
4719 2226 1
4720 2226 1
4721 2226 1
4722 2226 0
4723 2227 1
4724 2227 1
4725 2227 0
4726 2228 1
4727 2228 1
4728 2228 1
4729 2229 1
4730 2230 0
4731 2230 1
4732 2230 1
4733 2231 0
4734 2231 1
4735 2231 1
4736 2232 1
4737 2232 0
4738 2233 1
4739 2233 1
4740 2233 1
4741 2234 1
4742 2234 1
4743 2234 1
4744 2235 1
4745 2235 1
4746 2235 1
4747 2235 0
4748 2236 0
4749 2236 1
4750 2236 1
4751 2236 0
4752 2237 0
4753 2237 0
4754 2237 1
4755 2237 0
4756 2238 0
4757 2238 0
4758 2240 0
4759 2240 0
4760 2240 0
4761 2241 1
4762 2241 1
4763 2241 0
4764 2241 0
4765 2242 0
4766 2242 1
4767 2242 1
4768 2242 0
4769 2243 0
4770 2243 0
4771 2243 1
4772 2243 0
4773 2244 0
4774 2244 0
4775 2244 0
4776 2245 0
4777 2245 0
4778 2245 0
4779 2245 0
4780 2246 0
4781 2246 0
4782 2247 1
4783 2247 1
4784 2247 0
4785 2247 0
4786 2248 0
4787 2248 1
4788 2248 1
4789 2248 0
4790 2249 0
4791 2249 0
4792 2249 1
4793 2249 0
4794 2250 0
4795 2250 0
4796 2250 0
4797 2250 0
4798 2251 0
4799 2251 0
4800 2251 0
4801 2251 0
4802 2252 0
4803 2252 0
4804 2252 0
4805 2254 0
4806 2254 0
4807 2254 1
4808 2254 1
4809 2255 0
4810 2255 1
4811 2255 1
4812 2256 0
4813 2256 0
4814 2256 0
4815 2257 0
4816 2257 0
4817 2257 0
4818 2257 0
4819 2258 0
4820 2258 0
4821 2258 0
4822 2259 1
4823 2260 0
4824 2260 1
4825 2261 0
4826 2261 1
4827 2261 0
4828 2262 0
4829 2262 0
4830 2263 0
4831 2263 0
4832 2264 0
4833 2264 0
4834 2267 1
4835 2267 0
4836 2268 1
4837 2268 0
4838 2269 1
4839 2269 1
4840 2269 1
4841 2270 1
4842 2270 1
4843 2271 1
4844 2272 1
4845 2273 1
4846 2273 1
4847 2274 1
4848 2274 0
4849 2275 1
4850 2275 1
4851 2275 1
4852 2275 1
4853 2276 1
4854 2276 1
4855 2276 1
4856 2277 1
4857 2278 1
4858 2278 1
4859 2279 0
4860 2279 0
4861 2279 1
4862 2280 1
4863 2280 0
4864 2281 1
4865 2281 1
4866 2281 1
4867 2281 1
4868 2282 1
4869 2282 1
4870 2282 1
4871 2282 1
4872 2283 1
4873 2284 0
4874 2284 0
4875 2284 1
4876 2284 1
4877 2285 0
4878 2285 0
4879 2285 1
4880 2286 0
4881 2286 0
4882 2287 1
4883 2287 1
4884 2287 1
4885 2288 1
4886 2288 1
4887 2288 0
4888 2289 1
4889 2289 1
4890 2290 0
4891 2290 1
4892 2290 1
4893 2290 1
4894 2291 0
4895 2291 0
4896 2291 0
4897 2291 1
4898 2292 0
4899 2292 1
4900 2293 0
4901 2293 1
4902 2293 1
4903 2295 1
4904 2295 1
4905 2295 0
4906 2295 0
4907 2296 0
4908 2296 0
4909 2296 1
4910 2296 0
4911 2297 0
4912 2297 0
4913 2297 0
4914 2297 1
4915 2298 0
4916 2298 1
4917 2299 0
4918 2299 0
4919 2299 0
4920 2299 1
4921 2300 0
4922 2300 0
4923 2300 0
4924 2301 0
4925 2302 0
4926 2302 1
4927 2302 1
4928 2302 1
4929 2303 0
4930 2303 0
4931 2303 0
4932 2303 1
4933 2304 0
4934 2304 1
4935 2305 0
4936 2305 0
4937 2305 0
4938 2305 0
4939 2306 0
4940 2306 0
4941 2306 0
4942 2307 1
4943 2308 0
4944 2308 0
4945 2308 1
4946 2309 0
4947 2309 0
4948 2309 1
4949 2310 0
4950 2310 0
4951 2311 0
4952 2311 0
4953 2311 1
4954 2312 0
4955 2312 0
4956 2313 1
4957 2314 0
4958 2314 1
4959 2315 0
4960 2315 0
4961 2315 1
4962 2316 1
4963 2317 0
4964 2317 0
4965 2318 0
4966 2318 0
4967 2319 0
4968 2321 0
4969 2321 1
4970 2322 1
4971 2323 1
4972 2323 1
4973 2324 1
4974 2324 1
4975 2327 0
4976 2327 0
4977 2328 1
4978 2328 1
4979 2329 1
4980 2329 1
4981 2329 1
4982 2330 1
4983 2330 1
4984 2331 1
4985 2332 1
4986 2332 1
4987 2333 0
4988 2333 0
4989 2333 0
4990 2334 1
4991 2334 1
4992 2335 1
4993 2335 1
4994 2335 1
4995 2336 1
4996 2336 1
4997 2336 1
4998 2336 1
4999 2337 1
5000 2337 1
5001 2337 1
5002 2338 0
5003 2338 1
5004 2338 0
5005 2338 1
5006 2339 0
5007 2339 0
5008 2339 0
5009 2339 0
5010 2340 1
5011 2340 1
5012 2341 1
5013 2341 1
5014 2341 1
5015 2342 1
5016 2342 1
5017 2342 1
5018 2343 1
5019 2343 1
5020 2343 1
5021 2344 0
5022 2344 1
5023 2344 0
5024 2344 1
5025 2345 0
5026 2345 0
5027 2345 0
5028 2345 0
5029 2346 1
5030 2346 1
5031 2347 1
5032 2347 1
5033 2347 1
5034 2348 1
5035 2348 1
5036 2348 1
5037 2350 0
5038 2350 0
5039 2350 1
5040 2350 1
5041 2351 0
5042 2351 0
5043 2351 0
5044 2351 0
5045 2352 1
5046 2352 1
5047 2353 0
5048 2353 1
5049 2353 1
5050 2354 1
5051 2354 1
5052 2354 1
5053 2356 0
5054 2356 1
5055 2356 0
5056 2356 1
5057 2357 0
5058 2357 0
5059 2357 0
5060 2357 0
5061 2358 1
5062 2358 1
5063 2359 0
5064 2359 1
5065 2359 1
5066 2360 0
5067 2360 1
5068 2360 1
5069 2360 1
5070 2361 0
5071 2361 1
5072 2362 0
5073 2362 0
5074 2362 1
5075 2363 0
5076 2363 0
5077 2363 0
5078 2363 0
5079 2364 1
5080 2364 1
5081 2365 0
5082 2365 1
5083 2366 1
5084 2366 1
5085 2369 0
5086 2369 0
5087 2369 0
5088 2370 1
5089 2371 1
5090 2371 1
5091 2372 1
5092 2374 0
5093 2375 0
5094 2375 0
5095 2376 1
5096 2377 1
5097 2377 1
5098 2378 1
5099 2378 0
5100 2380 0
5101 2380 0
5102 2381 0
5103 2381 0
5104 2381 0
5105 2382 1
5106 2382 1
5107 2383 1
5108 2383 1
5109 2384 1
5110 2384 1
5111 2384 0
5112 2385 1
5113 2385 1
5114 2385 0
5115 2386 0
5116 2387 0
5117 2387 0
5118 2387 0
5119 2388 1
5120 2388 1
5121 2389 1
5122 2389 1
5123 2389 1
5124 2390 1
5125 2390 1
5126 2390 1
5127 2390 0
5128 2391 0
5129 2392 0
5130 2392 0
5131 2393 0
5132 2393 0
5133 2393 0
5134 2393 0
5135 2394 1
5136 2394 1
5137 2395 0
5138 2395 1
5139 2395 1
5140 2396 1
5141 2396 1
5142 2396 1
5143 2397 1
5144 2397 1
5145 2397 0
5146 2397 0
5147 2398 0
5148 2398 0
5149 2398 0
5150 2399 0
5151 2399 0
5152 2399 0
5153 2399 0
5154 2400 1
5155 2400 1
5156 2401 1
5157 2401 1
5158 2401 1
5159 2402 1
5160 2402 1
5161 2402 0
5162 2403 1
5163 2403 1
5164 2403 0
5165 2403 0
5166 2405 0
5167 2405 0
5168 2405 0
5169 2405 0
5170 2406 1
5171 2406 1
5172 2407 1
5173 2407 1
5174 2407 1
5175 2408 1
5176 2408 1
5177 2408 0
5178 2409 1
5179 2409 1
5180 2409 0
5181 2409 0
5182 2410 0
5183 2411 0
5184 2411 0
5185 2411 0
5186 2411 0
5187 2412 1
5188 2412 1
5189 2413 1
5190 2413 1
5191 2414 1
5192 2414 1
5193 2414 1
5194 2414 0
5195 2415 1
5196 2415 0
5197 2415 0
5198 2416 0
5199 2417 0
5200 2417 0
5201 2417 0
5202 2417 0
5203 2418 1
5204 2418 1
5205 2419 1
5206 2419 1
5207 2420 1
5208 2420 1
5209 2420 0
5210 2422 0
5211 2422 0
5212 2423 0
5213 2423 0
5214 2423 0
5215 2424 1
5216 2425 1
5217 2425 1
5218 2426 1
5219 2426 0
5220 2428 0
5221 2429 0
5222 2429 0
5223 2430 1
5224 2430 0
5225 2431 1
5226 2431 0
5227 2432 1
5228 2432 0
5229 2433 1
5230 2433 0
5231 2434 0
5232 2435 0
5233 2435 0
5234 2436 1
5235 2436 0
5236 2437 1
5237 2437 0
5238 2438 1
5239 2438 1
5240 2438 0
5241 2439 1
5242 2439 1
5243 2439 0
5244 2439 0
5245 2440 0
5246 2440 0
5247 2440 0
5248 2441 0
5249 2441 0
5250 2441 0
5251 2442 1
5252 2442 0
5253 2443 1
5254 2443 1
5255 2443 0
5256 2444 1
5257 2444 0
5258 2444 0
5259 2445 1
5260 2445 1
5261 2445 0
5262 2445 0
5263 2446 0
5264 2447 0
5265 2447 0
5266 2447 0
5267 2447 0
5268 2448 1
5269 2448 0
5270 2449 1
5271 2449 1
5272 2449 0
5273 2450 1
5274 2450 0
5275 2450 0
5276 2451 1
5277 2451 1
5278 2451 0
5279 2451 0
5280 2452 0
5281 2453 0
5282 2453 0
5283 2453 0
5284 2453 0
5285 2454 1
5286 2454 0
5287 2455 1
5288 2455 1
5289 2455 0
5290 2456 1
5291 2456 0
5292 2456 0
5293 2457 1
5294 2457 1
5295 2457 0
5296 2457 0
5297 2458 0
5298 2458 0
5299 2458 0
5300 2458 0
5301 2460 1
5302 2460 0
5303 2461 1
5304 2461 1
5305 2461 0
5306 2462 1
5307 2462 1
5308 2462 1
5309 2462 0
5310 2463 1
5311 2463 0
5312 2463 0
5313 2463 0
5314 2465 0
5315 2465 0
5316 2465 0
5317 2465 0
5318 2466 1
5319 2466 0
5320 2467 1
5321 2467 0
5322 2468 1
5323 2468 0
5324 2468 0
5325 2469 0
5326 2469 0
5327 2470 0
5328 2471 0
5329 2471 0
5330 2471 0
5331 2472 1
5332 2472 0
5333 2473 1
5334 2473 0
5335 2474 1
5336 2474 0
5337 2474 0
5338 2475 0
5339 2475 0
5340 2476 0
5341 2476 0
5342 2478 1
5343 2478 0
5344 2479 1
5345 2479 0
5346 2480 0
5347 2480 0
5348 2482 0
5349 2482 0
5350 2484 1
5351 2484 0
5352 2485 1
5353 2485 0
5354 2486 1
5355 2486 0
5356 2486 0
5357 2487 1
5358 2487 0
5359 2490 1
5360 2490 0
5361 2491 0
5362 2491 0
5363 2492 1
5364 2492 0
5365 2492 0
5366 2493 0
5367 2495 0
5368 2496 1
5369 2496 0
5370 2497 1
5371 2497 0
5372 2497 0
5373 2498 1
5374 2498 0
5375 2498 0
5376 2499 1
5377 2499 1
5378 2499 0
5379 2499 0
5380 2500 0
5381 2501 0
5382 2501 0
5383 2502 1
5384 2502 0
5385 2503 1
5386 2503 0
5387 2503 0
5388 2504 1
5389 2504 0
5390 2504 0
5391 2505 1
5392 2505 1
5393 2505 0
5394 2505 0
5395 2506 0
5396 2506 0
5397 2506 0
5398 2507 0
5399 2507 0
5400 2507 0
5401 2508 1
5402 2508 0
5403 2509 1
5404 2509 0
5405 2509 0
5406 2510 1
5407 2510 0
5408 2510 0
5409 2511 1
5410 2511 0
5411 2511 0
5412 2511 0
5413 2512 0
5414 2512 0
5415 2512 0
5416 2513 0
5417 2513 0
5418 2513 0
5419 2514 1
5420 2514 0
5421 2515 1
5422 2515 0
5423 2515 0
5424 2516 1
5425 2516 1
5426 2516 0
5427 2516 0
5428 2517 1
5429 2517 1
5430 2517 0
5431 2517 0
5432 2518 0
5433 2518 0
5434 2518 0
5435 2519 0
5436 2519 0
5437 2520 1
5438 2520 0
5439 2521 0
5440 2521 0
5441 2522 1
5442 2522 0
5443 2522 0
5444 2523 1
5445 2523 1
5446 2523 0
5447 2525 0
5448 2526 1
5449 2526 0
5450 2527 0
5451 2527 0
5452 2528 1
5453 2528 0
5454 2528 0
5455 2529 0
5456 2532 0
5457 2532 0
5458 2533 0
5459 2533 0
5460 2534 0
5461 2535 0
5462 2538 0
5463 2538 0
5464 2539 0
5465 2539 0
5466 2540 0
5467 2540 0
5468 2541 0
5469 2541 0
5470 2542 0
5471 2542 0
5472 2543 0
5473 2543 0
5474 2544 0
5475 2545 0
5476 2546 0
5477 2547 0
5478 2547 0
5479 2548 0
5480 2549 0
5481 2549 0
5482 2550 0
5483 2551 0
5484 2551 0
5485 2552 0
5486 2552 0
5487 2553 0
5488 2553 0
5489 2554 0
5490 2554 0
5491 2555 0
5492 2555 0
5493 2556 0
5494 2556 0
5495 2557 0
5496 2558 0
5497 2558 0
5498 2559 0
5499 2559 0
5500 2560 0
5501 2560 0
5502 2561 0
5503 2561 0
5504 2561 0
5505 2563 0
5506 2564 0
5507 2564 0
5508 2565 0
5509 2565 0
5510 2565 0
5511 2566 0
5512 2566 0
5513 2566 0
5514 2567 0
5515 2567 0
5516 2569 0
5517 2570 0
5518 2570 0
5519 2571 0
5520 2571 0
5521 2571 0
5522 2572 0
5523 2572 0
5524 2572 0
5525 2573 0
5526 2573 0
5527 2573 0
5528 2576 0
5529 2577 0
5530 2577 0
5531 2578 0
5532 2578 0
5533 2584 0
5534 2592 0
5535 2593 0
5536 2594 1
5537 2594 0
5538 2595 0
5539 2598 0
5540 2598 0
5541 2599 0
5542 2600 1
5543 2600 0
5544 2601 0
5545 2602 0
5546 2604 0
5547 2604 0
5548 2605 1
5549 2605 0
5550 2606 1
5551 2606 0
5552 2607 1
5553 2607 0
5554 2607 0
5555 2608 0
5556 2610 0
5557 2610 0
5558 2611 1
5559 2611 0
5560 2612 1
5561 2612 0
5562 2613 1
5563 2613 0
5564 2613 0
5565 2614 0
5566 2614 0
5567 2614 0
5568 2615 0
5569 2616 1
5570 2616 0
5571 2617 1
5572 2617 0
5573 2618 1
5574 2618 0
5575 2619 1
5576 2619 0
5577 2619 0
5578 2620 0
5579 2620 0
5580 2620 0
5581 2622 0
5582 2622 0
5583 2623 1
5584 2623 0
5585 2624 1
5586 2624 0
5587 2625 1
5588 2625 0
5589 2625 0
5590 2626 0
5591 2626 0
5592 2626 0
5593 2627 0
5594 2628 0
5595 2629 0
5596 2629 0
5597 2630 1
5598 2630 0
5599 2631 1
5600 2631 0
5601 2631 0
5602 2632 0
5603 2632 0
5604 2634 0
5605 2635 0
5606 2636 1
5607 2636 0
5608 2637 0
5609 2640 0
5610 2641 0
5611 2642 0
5612 2642 0
5613 2643 0
5614 2648 0
5615 2650 0
5616 2651 0
5617 2651 0
5618 2653 0
5619 2654 0
5620 2654 0
5621 2654 0
5622 2655 0
5623 2655 0
5624 2656 0
5625 2656 0
5626 2656 0
5627 2657 0
5628 2657 0
5629 2657 0
5630 2659 0
5631 2659 0
5632 2660 0
5633 2661 0
5634 2661 0
5635 2662 0
5636 2662 0
5637 2663 0
5638 2665 0
5639 2665 0
5640 2666 0
5641 2666 0
5642 2667 0
5643 2667 0
5644 2668 0
5645 2669 0
5646 2669 0
5647 2673 0
5648 2673 0
5649 2674 0
5650 2674 0
5651 2675 0
5652 2677 0
5653 2679 0
5654 2680 0
5655 2685 0
5656 2686 0
5657 2686 0
5658 2687 0
5659 2691 0
5660 2692 0
5661 2693 0
5662 2700 1
5663 2700 1
5664 2700 0
5665 2701 1
5666 2701 1
5667 2701 1
5668 2701 0
5669 2702 1
5670 2702 1
5671 2702 0
5672 2703 1
5673 2704 1
5674 2704 1
5675 2705 1
5676 2705 1
5677 2706 1
5678 2706 1
5679 2706 0
5680 2707 1
5681 2707 1
5682 2707 0
5683 2708 1
5684 2708 1
5685 2708 0
5686 2709 1
5687 2709 0
5688 2710 1
5689 2711 1
5690 2711 1
5691 2712 1
5692 2712 1
5693 2712 1
5694 2712 0
5695 2713 1
5696 2713 1
5697 2713 1
5698 2713 0
5699 2714 1
5700 2714 1
5701 2714 0
5702 2715 1
5703 2715 1
5704 2715 1
5705 2715 0
5706 2716 0
5707 2716 1
5708 2716 1
5709 2717 0
5710 2717 1
5711 2718 0
5712 2718 0
5713 2718 0
5714 2719 1
5715 2719 0
5716 2719 0
5717 2720 0
5718 2720 0
5719 2721 1
5720 2721 0
5721 2721 0
5722 2722 0
5723 2722 1
5724 2722 1
5725 2723 0
5726 2723 1
5727 2723 0
5728 2724 0
5729 2724 0
5730 2724 0
5731 2725 0
5732 2725 0
5733 2725 0
5734 2726 0
5735 2726 0
5736 2726 0
5737 2727 1
5738 2727 1
5739 2727 0
5740 2727 0
5741 2728 0
5742 2728 1
5743 2728 1
5744 2728 0
5745 2729 0
5746 2729 0
5747 2729 1
5748 2729 0
5749 2731 0
5750 2731 0
5751 2731 0
5752 2732 0
5753 2732 0
5754 2733 1
5755 2733 1
5756 2733 0
5757 2733 0
5758 2734 0
5759 2734 1
5760 2734 1
5761 2735 0
5762 2735 1
5763 2735 1
5764 2735 0
5765 2736 0
5766 2736 0
5767 2736 0
5768 2736 0
5769 2737 0
5770 2737 0
5771 2737 0
5772 2737 0
5773 2738 0
5774 2739 0
5775 2739 0
5776 2740 0
5777 2740 1
5778 2740 0
5779 2741 0
5780 2741 0
5781 2741 0
5782 2742 0
5783 2742 0
5784 2742 0
5785 2742 0
5786 2743 0
5787 2743 0
5788 2743 0
5789 2743 0
5790 2744 0
5791 2744 0
5792 2744 0
5793 2746 0
5794 2746 0
5795 2746 0
5796 2747 0
5797 2747 0
5798 2747 0
5799 2748 0
5800 2748 0
5801 2748 0
5802 2749 0
5803 2749 0
5804 2750 0
5805 2751 0
5806 2752 0
5807 2752 0
5808 2753 1
5809 2754 1
5810 2754 1
5811 2754 0
5812 2755 1
5813 2755 1
5814 2755 0
5815 2756 1
5816 2756 0
5817 2757 1
5818 2757 1
5819 2758 1
5820 2758 1
5821 2759 1
5822 2760 1
5823 2760 1
5824 2760 1
5825 2760 0
5826 2761 1
5827 2761 1
5828 2761 0
5829 2762 1
5830 2762 1
5831 2762 0
5832 2763 1
5833 2763 1
5834 2764 1
5835 2765 0
5836 2765 1
5837 2765 1
5838 2766 1
5839 2766 1
5840 2766 0
5841 2766 0
5842 2767 1
5843 2767 1
5844 2767 1
5845 2767 0
5846 2768 1
5847 2768 1
5848 2768 1
5849 2768 0
5850 2769 0
5851 2770 0
5852 2770 1
5853 2770 1
5854 2770 1
5855 2771 0
5856 2771 1
5857 2771 1
5858 2772 1
5859 2772 0
5860 2772 0
5861 2773 0
5862 2773 0
5863 2773 0
5864 2774 1
5865 2774 1
5866 2774 0
5867 2775 1
5868 2775 1
5869 2776 0
5870 2776 1
5871 2776 1
5872 2776 0
5873 2777 0
5874 2777 0
5875 2777 1
5876 2777 0
5877 2778 0
5878 2778 0
5879 2779 0
5880 2779 0
5881 2779 0
5882 2780 0
5883 2780 0
5884 2780 0
5885 2781 1
5886 2781 1
5887 2781 0
5888 2781 0
5889 2782 0
5890 2782 0
5891 2782 1
5892 2782 0
5893 2783 0
5894 2783 0
5895 2783 1
5896 2783 1
5897 2784 0
5898 2784 0
5899 2784 0
5900 2786 0
5901 2786 0
5902 2786 0
5903 2787 1
5904 2787 1
5905 2787 1
5906 2787 0
5907 2788 0
5908 2788 1
5909 2788 1
5910 2788 0
5911 2789 0
5912 2789 0
5913 2789 1
5914 2789 1
5915 2790 0
5916 2790 0
5917 2790 0
5918 2790 0
5919 2791 0
5920 2791 0
5921 2791 0
5922 2791 0
5923 2792 1
5924 2792 0
5925 2792 0
5926 2793 1
5927 2793 1
5928 2793 0
5929 2794 0
5930 2794 0
5931 2794 0
5932 2795 0
5933 2795 1
5934 2795 1
5935 2796 0
5936 2796 0
5937 2796 0
5938 2796 0
5939 2797 0
5940 2797 0
5941 2797 0
5942 2798 0
5943 2798 0
5944 2799 1
5945 2800 0
5946 2800 0
5947 2801 0
5948 2801 0
5949 2801 1
5950 2802 0
5951 2802 0
5952 2802 0
5953 2803 0
5954 2803 0
5955 2803 0
5956 2804 1
5957 2804 0
5958 2805 0
5959 2806 0
5960 2807 0
5961 2807 1
5962 2808 1
5963 2808 0
5964 2809 1
5965 2809 1
5966 2810 1
5967 2810 1
5968 2810 1
5969 2811 1
5970 2812 1
5971 2813 0
5972 2813 1
5973 2814 1
5974 2814 0
5975 2815 1
5976 2815 1
5977 2815 0
5978 2816 1
5979 2816 1
5980 2816 0
5981 2817 1
5982 2817 1
5983 2818 1
5984 2819 0
5985 2819 0
5986 2819 1
5987 2820 0
5988 2820 0
5989 2821 1
5990 2821 1
5991 2821 0
5992 2821 0
5993 2822 1
5994 2822 1
5995 2822 0
5996 2823 1
5997 2823 1
5998 2824 0
5999 2824 1
6000 2824 1
6001 2824 1
6002 2825 0
6003 2825 0
6004 2825 1
6005 2826 0
6006 2826 0
6007 2827 1
6008 2827 0
6009 2827 0
6010 2828 1
6011 2828 0
6012 2828 1
6013 2829 1
6014 2830 0
6015 2830 0
6016 2830 1
6017 2830 1
6018 2831 0
6019 2831 0
6020 2831 0
6021 2831 1
6022 2832 0
6023 2832 0
6024 2833 0
6025 2833 0
6026 2833 0
6027 2834 0
6028 2834 1
6029 2834 0
6030 2835 1
6031 2835 1
6032 2835 0
6033 2836 0
6034 2836 1
6035 2836 1
6036 2836 0
6037 2837 0
6038 2837 0
6039 2837 0
6040 2837 1
6041 2838 0
6042 2838 0
6043 2839 0
6044 2839 0
6045 2839 0
6046 2839 0
6047 2841 1
6048 2842 0
6049 2842 1
6050 2842 1
6051 2842 1
6052 2843 0
6053 2843 0
6054 2843 1
6055 2843 1
6056 2844 0
6057 2844 0
6058 2845 0
6059 2845 0
6060 2845 0
6061 2845 0
6062 2846 0
6063 2846 0
6064 2846 0
6065 2846 0
6066 2847 1
6067 2848 0
6068 2848 0
6069 2848 1
6070 2848 1
6071 2849 0
6072 2849 0
6073 2849 0
6074 2849 1
6075 2850 0
6076 2850 0
6077 2851 0
6078 2851 0
6079 2851 0
6080 2851 0
6081 2852 0
6082 2852 0
6083 2853 0
6084 2854 1
6085 2855 0
6086 2855 0
6087 2855 1
6088 2856 0
6089 2856 1
6090 2857 0
6091 2857 0
6092 2858 0
6093 2858 0
6094 2859 1
6095 2861 0
6096 2861 1
6097 2862 1
6098 2862 1
6099 2863 1
6100 2863 0
6101 2864 1
6102 2867 0
6103 2867 0
6104 2868 1
6105 2868 1
6106 2869 1
6107 2869 0
6108 2870 1
6109 2870 1
6110 2870 0
6111 2871 1
6112 2871 1
6113 2872 1
6114 2872 1
6115 2873 0
6116 2873 0
6117 2873 0
6118 2874 0
6119 2874 1
6120 2875 1
6121 2875 0
6122 2875 0
6123 2876 1
6124 2876 1
6125 2876 1
6126 2877 1
6127 2877 1
6128 2877 1
6129 2878 0
6130 2878 1
6131 2878 0
6132 2878 0
6133 2879 0
6134 2879 0
6135 2879 0
6136 2879 0
6137 2880 0
6138 2880 1
6139 2881 0
6140 2881 1
6141 2881 1
6142 2882 1
6143 2882 0
6144 2882 0
6145 2883 1
6146 2883 1
6147 2884 0
6148 2884 1
6149 2884 0
6150 2884 1
6151 2885 0
6152 2885 0
6153 2885 0
6154 2885 0
6155 2886 0
6156 2886 1
6157 2887 1
6158 2887 1
6159 2887 1
6160 2888 1
6161 2888 1
6162 2888 1
6163 2889 1
6164 2889 1
6165 2889 1
6166 2890 0
6167 2890 1
6168 2890 0
6169 2890 1
6170 2891 0
6171 2891 0
6172 2891 0
6173 2891 0
6174 2892 0
6175 2892 1
6176 2893 0
6177 2893 1
6178 2893 1
6179 2894 0
6180 2894 1
6181 2894 1
6182 2896 0
6183 2896 1
6184 2896 1
6185 2896 1
6186 2897 0
6187 2897 0
6188 2897 0
6189 2897 0
6190 2898 0
6191 2898 1
6192 2899 0
6193 2899 0
6194 2899 1
6195 2900 0
6196 2900 0
6197 2900 1
6198 2900 1
6199 2901 1
6200 2902 0
6201 2902 0
6202 2902 1
6203 2903 0
6204 2903 0
6205 2903 0
6206 2903 0
6207 2904 0
6208 2904 1
6209 2905 0
6210 2905 0
6211 2905 1
6212 2906 0
6213 2906 0
6214 2906 1
6215 2906 1
6216 2907 1
6217 2907 0
6218 2908 0
6219 2908 0
6220 2909 0
6221 2909 0
6222 2909 0
6223 2910 1
6224 2911 1
6225 2911 1
6226 2912 0
6227 2912 0
6228 2913 1
6229 2915 0
6230 2915 0
6231 2916 1
6232 2916 1
6233 2917 1
6234 2917 1
6235 2918 1
6236 2918 0
6237 2919 1
6238 2920 0
6239 2921 0
6240 2921 0
6241 2922 1
6242 2922 0
6243 2923 1
6244 2923 1
6245 2924 1
6246 2924 1
6247 2924 0
6248 2925 1
6249 2925 0
6250 2926 0
6251 2926 0
6252 2926 0
6253 2927 0
6254 2927 0
6255 2927 0
6256 2928 0
6257 2928 1
6258 2929 1
6259 2929 1
6260 2929 1
6261 2930 1
6262 2930 1
6263 2930 1
6264 2930 0
6265 2932 0
6266 2932 0
6267 2933 0
6268 2933 0
6269 2933 0
6270 2933 0
6271 2934 0
6272 2934 1
6273 2935 0
6274 2935 1
6275 2935 1
6276 2936 1
6277 2936 1
6278 2936 0
6279 2937 1
6280 2937 0
6281 2937 0
6282 2938 0
6283 2938 0
6284 2939 0
6285 2939 0
6286 2939 0
6287 2939 0
6288 2940 1
6289 2940 1
6290 2941 0
6291 2941 1
6292 2941 1
6293 2942 1
6294 2942 1
6295 2942 0
6296 2943 1
6297 2943 1
6298 2943 1
6299 2943 0
6300 2944 0
6301 2944 0
6302 2944 0
6303 2944 0
6304 2945 0
6305 2945 0
6306 2945 0
6307 2945 0
6308 2946 1
6309 2946 1
6310 2947 1
6311 2947 1
6312 2947 1
6313 2948 1
6314 2948 1
6315 2948 0
6316 2949 1
6317 2949 1
6318 2949 0
6319 2949 0
6320 2951 0
6321 2951 0
6322 2951 0
6323 2951 0
6324 2952 1
6325 2952 1
6326 2953 0
6327 2953 1
6328 2953 1
6329 2954 0
6330 2954 0
6331 2954 1
6332 2954 0
6333 2955 0
6334 2955 0
6335 2956 0
6336 2957 0
6337 2957 0
6338 2957 0
6339 2957 0
6340 2958 1
6341 2958 1
6342 2959 0
6343 2959 1
6344 2960 0
6345 2960 1
6346 2960 0
6347 2961 0
6348 2961 0
6349 2962 0
6350 2962 0
6351 2963 0
6352 2963 0
6353 2963 0
6354 2964 1
6355 2965 1
6356 2965 1
6357 2966 1
6358 2966 0
6359 2967 1
6360 2968 0
6361 2969 0
6362 2970 1
6363 2970 0
6364 2971 1
6365 2971 0
6366 2972 0
6367 2972 0
6368 2973 1
6369 2973 0
6370 2974 0
6371 2974 0
6372 2975 0
6373 2975 0
6374 2976 1
6375 2976 0
6376 2977 1
6377 2977 0
6378 2978 1
6379 2978 0
6380 2978 0
6381 2979 0
6382 2979 0
6383 2980 0
6384 2981 0
6385 2981 0
6386 2981 0
6387 2982 1
6388 2982 0
6389 2983 1
6390 2983 1
6391 2983 0
6392 2984 1
6393 2984 0
6394 2984 0
6395 2985 0
6396 2985 0
6397 2986 0
6398 2986 0
6399 2986 0
6400 2987 0
6401 2987 0
6402 2987 0
6403 2987 0
6404 2988 1
6405 2988 0
6406 2989 1
6407 2989 1
6408 2989 0
6409 2990 1
6410 2990 0
6411 2990 0
6412 2991 1
6413 2991 1
6414 2991 0
6415 2991 0
6416 2992 0
6417 2993 0
6418 2993 0
6419 2993 0
6420 2993 0
6421 2994 1
6422 2994 0
6423 2995 1
6424 2995 1
6425 2995 0
6426 2996 1
6427 2996 0
6428 2996 0
6429 2997 1
6430 2997 1
6431 2997 0
6432 2997 0
6433 2998 0
6434 2998 0
6435 2998 0
6436 2998 0
6437 2999 0
6438 2999 0
6439 2999 0
6440 2999 0
6441 3000 1
6442 3000 0
6443 3001 1
6444 3001 1
6445 3001 0
6446 3002 1
6447 3002 0
6448 3002 0
6449 3003 1
6450 3003 1
6451 3003 0
6452 3003 0
6453 3004 0
6454 3004 0
6455 3006 1
6456 3006 0
6457 3007 1
6458 3007 1
6459 3007 0
6460 3008 1
6461 3008 1
6462 3008 0
6463 3008 0
6464 3009 1
6465 3009 0
6466 3009 0
6467 3009 0
6468 3010 0
6469 3011 0
6470 3011 0
6471 3011 0
6472 3012 1
6473 3012 0
6474 3013 1
6475 3013 0
6476 3014 1
6477 3014 0
6478 3014 0
6479 3015 0
6480 3016 0
6481 3016 0
6482 3018 1
6483 3018 0
6484 3019 1
6485 3019 0
6486 3020 1
6487 3020 0
6488 3020 0
6489 3021 0
6490 3024 1
6491 3024 0
6492 3025 0
6493 3025 0
6494 3026 0
6495 3027 1
6496 3027 0
6497 3028 0
6498 3030 1
6499 3030 0
6500 3031 0
6501 3031 0
6502 3032 1
6503 3032 0
6504 3032 0
6505 3033 1
6506 3035 0
6507 3036 1
6508 3036 0
6509 3037 1
6510 3037 0
6511 3037 0
6512 3038 1
6513 3038 0
6514 3038 0
6515 3039 1
6516 3039 0
6517 3039 0
6518 3041 0
6519 3041 0
6520 3042 1
6521 3042 0
6522 3043 0
6523 3043 0
6524 3043 0
6525 3044 1
6526 3044 0
6527 3044 0
6528 3045 1
6529 3045 1
6530 3045 0
6531 3046 0
6532 3047 0
6533 3047 0
6534 3048 1
6535 3048 0
6536 3049 1
6537 3049 0
6538 3049 0
6539 3050 1
6540 3050 0
6541 3050 0
6542 3051 1
6543 3051 0
6544 3051 0
6545 3052 0
6546 3052 0
6547 3052 0
6548 3053 0
6549 3053 0
6550 3053 0
6551 3054 1
6552 3054 0
6553 3055 1
6554 3055 0
6555 3055 0
6556 3056 1
6557 3056 0
6558 3056 0
6559 3057 1
6560 3057 0
6561 3057 0
6562 3058 0
6563 3058 0
6564 3060 1
6565 3060 0
6566 3061 1
6567 3061 0
6568 3061 0
6569 3062 1
6570 3062 0
6571 3063 1
6572 3063 0
6573 3063 0
6574 3064 0
6575 3064 0
6576 3065 0
6577 3066 1
6578 3066 0
6579 3067 0
6580 3067 0
6581 3068 1
6582 3068 0
6583 3072 0
6584 3072 0
6585 3073 0
6586 3074 1
6587 3074 0
6588 3075 0
6589 3075 1
6590 3075 0
6591 3078 0
6592 3078 0
6593 3079 0
6594 3079 0
6595 3079 0
6596 3080 0
6597 3080 0
6598 3081 0
6599 3081 0
6600 3082 0
6601 3083 0
6602 3084 0
6603 3085 0
6604 3086 0
6605 3087 0
6606 3087 0
6607 3088 0
6608 3089 0
6609 3089 0
6610 3090 0
6611 3090 0
6612 3091 0
6613 3091 0
6614 3092 0
6615 3092 0
6616 3093 0
6617 3093 0
6618 3094 0
6619 3094 0
6620 3095 0
6621 3095 0
6622 3095 0
6623 3096 0
6624 3096 0
6625 3097 0
6626 3097 0
6627 3098 0
6628 3098 0
6629 3099 0
6630 3099 0
6631 3100 0
6632 3100 0
6633 3101 0
6634 3101 0
6635 3101 0
6636 3102 0
6637 3103 0
6638 3103 0
6639 3104 0
6640 3104 0
6641 3105 0
6642 3105 0
6643 3105 0
6644 3106 0
6645 3106 0
6646 3106 0
6647 3107 0
6648 3107 0
6649 3107 0
6650 3109 0
6651 3110 0
6652 3110 0
6653 3111 0
6654 3111 0
6655 3111 0
6656 3112 0
6657 3112 0
6658 3112 0
6659 3113 0
6660 3113 0
6661 3116 0
6662 3117 0
6663 3117 0
6664 3118 0
6665 3118 0
6666 3125 0
6667 3132 0
6668 3132 0
6669 3133 0
6670 3134 1
6671 3134 0
6672 3135 0
6673 3135 0
6674 3136 0
6675 3138 0
6676 3138 0
6677 3139 0
6678 3140 1
6679 3140 0
6680 3144 0
6681 3144 0
6682 3145 1
6683 3145 0
6684 3146 1
6685 3146 0
6686 3147 1
6687 3147 0
6688 3147 0
6689 3148 0
6690 3149 0
6691 3150 0
6692 3151 1
6693 3151 0
6694 3152 1
6695 3152 0
6696 3153 1
6697 3153 0
6698 3153 0
6699 3154 0
6700 3154 0
6701 3154 0
6702 3155 0
6703 3156 0
6704 3157 1
6705 3157 0
6706 3158 1
6707 3158 0
6708 3159 1
6709 3159 0
6710 3159 0
6711 3160 0
6712 3160 0
6713 3160 0
6714 3161 0
6715 3161 0
6716 3162 1
6717 3163 1
6718 3163 0
6719 3164 1
6720 3164 1
6721 3164 0
6722 3165 1
6723 3165 0
6724 3165 0
6725 3166 0
6726 3166 0
6727 3166 0
6728 3168 0
6729 3169 1
6730 3169 0
6731 3170 1
6732 3170 0
6733 3171 1
6734 3171 0
6735 3171 0
6736 3172 0
6737 3172 0
6738 3173 0
6739 3174 0
6740 3175 1
6741 3175 0
6742 3176 1
6743 3176 0
6744 3177 1
6745 3177 0
6746 3177 0
6747 3180 0
6748 3181 0
6749 3182 0
6750 3182 0
6751 3183 0
6752 3187 0
6753 3188 0
6754 3190 0
6755 3191 0
6756 3193 0
6757 3193 0
6758 3194 0
6759 3194 0
6760 3195 0
6761 3195 0
6762 3196 0
6763 3196 0
6764 3197 0
6765 3198 0
6766 3199 0
6767 3199 0
6768 3200 0
6769 3200 0
6770 3201 0
6771 3201 0
6772 3202 0
6773 3203 0
6774 3203 0
6775 3204 0
6776 3205 0
6777 3205 0
6778 3206 0
6779 3207 0
6780 3207 0
6781 3208 0
6782 3208 0
6783 3209 0
6784 3209 0
6785 3212 0
6786 3213 0
6787 3214 0
6788 3214 0
6789 3219 0
6790 3220 0
6791 3220 0
6792 3221 0
6793 3221 0
6794 3224 0
6795 3226 0
6796 3226 0
6797 3227 0
6798 3232 0
6799 3233 0
6800 3240 1
6801 3240 1
6802 3240 0
6803 3241 1
6804 3241 1
6805 3241 0
6806 3242 1
6807 3242 1
6808 3242 0
6809 3243 1
6810 3243 0
6811 3244 1
6812 3244 1
6813 3245 1
6814 3245 1
6815 3245 0
6816 3246 1
6817 3246 1
6818 3246 0
6819 3246 0
6820 3247 1
6821 3247 1
6822 3247 0
6823 3248 1
6824 3248 0
6825 3249 1
6826 3249 1
6827 3249 0
6828 3250 1
6829 3250 1
6830 3251 0
6831 3251 1
6832 3251 0
6833 3252 1
6834 3252 1
6835 3252 0
6836 3252 0
6837 3253 1
6838 3253 1
6839 3253 0
6840 3253 0
6841 3254 0
6842 3254 0
6843 3255 1
6844 3255 0
6845 3256 0
6846 3256 1
6847 3256 1
6848 3257 1
6849 3257 1
6850 3258 1
6851 3258 0
6852 3258 0
6853 3258 0
6854 3259 0
6855 3259 0
6856 3259 0
6857 3260 0
6858 3260 0
6859 3260 0
6860 3261 1
6861 3261 1
6862 3261 0
6863 3262 0
6864 3262 1
6865 3262 1
6866 3263 1
6867 3263 1
6868 3263 0
6869 3264 0
6870 3264 0
6871 3264 0
6872 3265 0
6873 3265 0
6874 3265 0
6875 3266 1
6876 3266 0
6877 3266 0
6878 3267 1
6879 3267 1
6880 3267 1
6881 3267 0
6882 3268 0
6883 3268 1
6884 3268 1
6885 3268 0
6886 3269 0
6887 3269 0
6888 3269 0
6889 3269 0
6890 3270 0
6891 3270 0
6892 3270 0
6893 3270 0
6894 3271 0
6895 3271 0
6896 3271 0
6897 3272 0
6898 3272 0
6899 3273 1
6900 3273 1
6901 3273 0
6902 3273 0
6903 3274 0
6904 3274 1
6905 3274 0
6906 3275 0
6907 3275 0
6908 3275 1
6909 3275 1
6910 3277 0
6911 3277 0
6912 3277 0
6913 3278 0
6914 3278 0
6915 3279 1
6916 3279 1
6917 3280 0
6918 3280 1
6919 3280 1
6920 3281 0
6921 3281 1
6922 3281 0
6923 3282 0
6924 3282 0
6925 3282 0
6926 3282 0
6927 3283 0
6928 3283 0
6929 3283 0
6930 3283 0
6931 3284 0
6932 3285 0
6933 3285 0
6934 3285 0
6935 3286 0
6936 3286 0
6937 3286 0
6938 3286 0
6939 3287 0
6940 3287 0
6941 3287 0
6942 3288 0
6943 3288 0
6944 3288 0
6945 3288 0
6946 3289 0
6947 3289 0
6948 3290 0
6949 3292 0
6950 3292 0
6951 3293 1
6952 3293 0
6953 3294 1
6954 3294 1
6955 3294 0
6956 3295 1
6957 3295 1
6958 3295 0
6959 3296 1
6960 3296 0
6961 3297 1
6962 3297 0
6963 3298 1
6964 3298 1
6965 3299 1
6966 3299 1
6967 3300 1
6968 3300 1
6969 3300 0
6970 3300 0
6971 3301 1
6972 3301 1
6973 3301 0
6974 3301 0
6975 3302 1
6976 3302 1
6977 3302 0
6978 3303 1
6979 3303 0
6980 3304 1
6981 3304 1
6982 3305 0
6983 3305 1
6984 3305 1
6985 3306 1
6986 3306 1
6987 3306 0
6988 3306 0
6989 3307 1
6990 3307 0
6991 3307 0
6992 3308 1
6993 3308 1
6994 3308 0
6995 3308 0
6996 3309 1
6997 3309 0
6998 3310 0
6999 3310 1
7000 3310 1
7001 3311 0
7002 3311 1
7003 3311 1
7004 3312 1
7005 3312 0
7006 3312 0
7007 3312 0
7008 3313 0
7009 3313 0
7010 3313 0
7011 3314 0
7012 3314 0
7013 3315 1
7014 3315 1
7015 3315 0
7016 3316 0
7017 3316 1
7018 3316 1
7019 3317 0
7020 3317 0
7021 3317 1
7022 3317 1
7023 3318 0
7024 3318 0
7025 3318 0
7026 3319 0
7027 3319 0
7028 3319 0
7029 3320 0
7030 3320 1
7031 3320 0
7032 3321 1
7033 3321 1
7034 3321 0
7035 3322 0
7036 3322 0
7037 3322 1
7038 3322 0
7039 3323 0
7040 3323 0
7041 3323 1
7042 3323 1
7043 3324 0
7044 3324 0
7045 3324 0
7046 3325 0
7047 3325 0
7048 3325 0
7049 3326 0
7050 3326 0
7051 3326 0
7052 3327 1
7053 3327 1
7054 3327 0
7055 3328 0
7056 3328 0
7057 3328 1
7058 3328 0
7059 3329 0
7060 3329 0
7061 3329 1
7062 3329 0
7063 3330 0
7064 3330 0
7065 3330 0
7066 3330 0
7067 3332 0
7068 3332 0
7069 3333 1
7070 3333 1
7071 3333 0
7072 3334 0
7073 3334 0
7074 3334 1
7075 3334 1
7076 3335 0
7077 3335 0
7078 3335 1
7079 3335 1
7080 3336 0
7081 3336 0
7082 3336 0
7083 3336 0
7084 3337 0
7085 3337 0
7086 3337 0
7087 3338 0
7088 3339 0
7089 3340 0
7090 3340 0
7091 3340 1
7092 3340 0
7093 3341 0
7094 3341 0
7095 3341 0
7096 3342 0
7097 3342 0
7098 3342 0
7099 3343 0
7100 3343 0
7101 3343 0
7102 3344 0
7103 3345 0
7104 3346 0
7105 3346 0
7106 3347 0
7107 3348 1
7108 3348 0
7109 3349 1
7110 3349 0
7111 3350 0
7112 3351 1
7113 3352 1
7114 3353 0
7115 3353 1
7116 3354 0
7117 3354 0
7118 3355 1
7119 3355 0
7120 3355 0
7121 3356 1
7122 3356 1
7123 3356 0
7124 3357 1
7125 3357 1
7126 3358 1
7127 3358 1
7128 3359 0
7129 3359 0
7130 3359 1
7131 3360 1
7132 3360 0
7133 3360 0
7134 3361 1
7135 3361 1
7136 3361 0
7137 3361 0
7138 3362 1
7139 3362 1
7140 3362 0
7141 3363 0
7142 3364 0
7143 3364 1
7144 3364 1
7145 3364 1
7146 3365 0
7147 3365 0
7148 3365 1
7149 3366 0
7150 3366 0
7151 3367 1
7152 3367 0
7153 3367 0
7154 3368 0
7155 3368 0
7156 3368 0
7157 3369 1
7158 3369 1
7159 3370 0
7160 3370 0
7161 3370 0
7162 3370 1
7163 3371 0
7164 3371 0
7165 3371 0
7166 3371 1
7167 3372 0
7168 3372 0
7169 3373 0
7170 3373 0
7171 3373 0
7172 3374 0
7173 3374 1
7174 3374 0
7175 3375 0
7176 3376 0
7177 3376 0
7178 3376 1
7179 3376 1
7180 3377 0
7181 3377 0
7182 3377 0
7183 3377 1
7184 3378 0
7185 3378 0
7186 3379 0
7187 3379 0
7188 3379 0
7189 3379 1
7190 3380 1
7191 3380 0
7192 3380 0
7193 3381 0
7194 3382 0
7195 3382 0
7196 3382 1
7197 3382 1
7198 3383 0
7199 3383 0
7200 3383 0
7201 3383 1
7202 3384 0
7203 3384 0
7204 3384 0
7205 3385 0
7206 3385 0
7207 3385 0
7208 3385 0
7209 3388 0
7210 3388 1
7211 3388 1
7212 3388 1
7213 3389 0
7214 3389 0
7215 3389 0
7216 3389 1
7217 3390 0
7218 3390 0
7219 3390 0
7220 3391 0
7221 3391 0
7222 3391 0
7223 3391 0
7224 3392 0
7225 3392 0
7226 3392 0
7227 3394 0
7228 3394 0
7229 3394 0
7230 3395 0
7231 3395 0
7232 3395 1
7233 3396 0
7234 3396 0
7235 3396 0
7236 3397 0
7237 3397 0
7238 3397 0
7239 3397 0
7240 3398 0
7241 3400 0
7242 3400 0
7243 3401 0
7244 3401 0
7245 3402 1
7246 3402 0
7247 3403 1
7248 3403 0
7249 3404 0
7250 3405 1
7251 3406 1
7252 3407 0
7253 3407 0
7254 3408 0
7255 3408 1
7256 3409 0
7257 3409 0
7258 3410 1
7259 3410 1
7260 3411 1
7261 3411 1
7262 3412 1
7263 3412 1
7264 3413 0
7265 3413 0
7266 3413 0
7267 3414 0
7268 3414 0
7269 3415 1
7270 3415 0
7271 3415 0
7272 3416 1
7273 3416 1
7274 3416 1
7275 3417 1
7276 3417 1
7277 3417 1
7278 3417 1
7279 3418 1
7280 3418 0
7281 3418 1
7282 3419 0
7283 3419 0
7284 3419 0
7285 3420 0
7286 3420 0
7287 3421 1
7288 3421 0
7289 3421 1
7290 3422 0
7291 3422 1
7292 3422 0
7293 3424 0
7294 3424 1
7295 3424 0
7296 3425 0
7297 3425 0
7298 3425 0
7299 3425 0
7300 3426 0
7301 3426 0
7302 3427 0
7303 3427 0
7304 3427 0
7305 3428 0
7306 3428 0
7307 3428 0
7308 3429 1
7309 3429 0
7310 3429 1
7311 3429 0
7312 3430 0
7313 3430 0
7314 3430 0
7315 3430 0
7316 3431 0
7317 3431 0
7318 3431 0
7319 3431 0
7320 3432 0
7321 3432 1
7322 3433 0
7323 3433 1
7324 3433 1
7325 3434 1
7326 3434 1
7327 3434 1
7328 3435 1
7329 3435 0
7330 3435 1
7331 3436 0
7332 3436 1
7333 3436 0
7334 3436 0
7335 3437 0
7336 3437 0
7337 3437 0
7338 3437 0
7339 3438 0
7340 3438 1
7341 3439 0
7342 3439 0
7343 3439 1
7344 3440 0
7345 3440 0
7346 3440 1
7347 3440 1
7348 3442 0
7349 3442 0
7350 3442 0
7351 3442 0
7352 3443 0
7353 3443 0
7354 3443 0
7355 3443 0
7356 3444 1
7357 3444 0
7358 3445 0
7359 3445 0
7360 3445 0
7361 3445 0
7362 3446 0
7363 3446 0
7364 3446 0
7365 3446 0
7366 3447 1
7367 3447 0
7368 3448 0
7369 3448 0
7370 3448 0
7371 3448 0
7372 3449 0
7373 3449 0
7374 3449 0
7375 3450 0
7376 3450 1
7377 3451 0
7378 3451 0
7379 3451 0
7380 3452 0
7381 3452 0
7382 3452 0
7383 3452 1
7384 3453 0
7385 3455 0
7386 3456 1
7387 3456 0
7388 3457 1
7389 3457 1
7390 3458 1
7391 3458 0
7392 3459 1
7393 3459 0
7394 3460 0
7395 3461 0
7396 3461 0
7397 3462 1
7398 3462 0
7399 3463 1
7400 3463 1
7401 3464 1
7402 3464 1
7403 3464 0
7404 3465 0
7405 3465 0
7406 3466 0
7407 3466 0
7408 3466 0
7409 3467 0
7410 3467 0
7411 3467 0
7412 3468 1
7413 3468 1
7414 3469 1
7415 3469 1
7416 3469 1
7417 3470 1
7418 3470 1
7419 3470 0
7420 3471 0
7421 3471 0
7422 3472 0
7423 3472 0
7424 3473 0
7425 3473 0
7426 3473 0
7427 3474 0
7428 3474 1
7429 3475 1
7430 3475 0
7431 3475 1
7432 3476 0
7433 3476 1
7434 3476 0
7435 3477 1
7436 3477 0
7437 3477 0
7438 3478 0
7439 3478 0
7440 3479 0
7441 3479 0
7442 3479 0
7443 3479 0
7444 3480 0
7445 3480 1
7446 3481 0
7447 3481 1
7448 3481 1
7449 3482 0
7450 3482 1
7451 3482 0
7452 3483 1
7453 3483 0
7454 3483 0
7455 3483 0
7456 3484 0
7457 3484 0
7458 3484 0
7459 3485 0
7460 3485 0
7461 3485 0
7462 3485 0
7463 3486 1
7464 3486 1
7465 3487 1
7466 3487 1
7467 3487 1
7468 3488 1
7469 3488 1
7470 3488 0
7471 3489 1
7472 3489 1
7473 3489 0
7474 3489 0
7475 3490 0
7476 3490 0
7477 3490 0
7478 3490 0
7479 3491 0
7480 3491 0
7481 3491 0
7482 3491 0
7483 3492 1
7484 3492 1
7485 3493 1
7486 3493 1
7487 3493 1
7488 3494 0
7489 3494 1
7490 3494 1
7491 3494 0
7492 3495 1
7493 3495 1
7494 3495 0
7495 3495 0
7496 3497 0
7497 3497 0
7498 3497 0
7499 3497 0
7500 3498 0
7501 3498 1
7502 3499 0
7503 3499 1
7504 3499 1
7505 3500 0
7506 3500 0
7507 3500 0
7508 3500 0
7509 3501 0
7510 3501 0
7511 3502 0
7512 3504 1
7513 3504 1
7514 3505 0
7515 3505 0
7516 3505 1
7517 3506 0
7518 3506 0
7519 3506 0
7520 3506 0
7521 3510 1
7522 3510 0
7523 3511 1
7524 3511 0
7525 3512 0
7526 3512 0
7527 3513 1
7528 3513 0
7529 3514 0
7530 3515 0
7531 3515 0
7532 3516 1
7533 3516 0
7534 3517 1
7535 3517 0
7536 3518 1
7537 3518 0
7538 3518 0
7539 3519 0
7540 3519 0
7541 3520 0
7542 3520 0
7543 3521 0
7544 3522 1
7545 3522 0
7546 3523 1
7547 3523 1
7548 3523 0
7549 3524 1
7550 3524 0
7551 3524 0
7552 3525 0
7553 3525 0
7554 3526 0
7555 3526 0
7556 3526 0
7557 3526 0
7558 3527 0
7559 3527 0
7560 3528 1
7561 3528 0
7562 3529 0
7563 3529 1
7564 3529 0
7565 3530 1
7566 3530 0
7567 3530 0
7568 3531 0
7569 3531 0
7570 3531 0
7571 3532 0
7572 3532 0
7573 3533 0
7574 3533 0
7575 3533 0
7576 3534 1
7577 3534 0
7578 3535 0
7579 3535 1
7580 3535 0
7581 3536 1
7582 3536 0
7583 3536 0
7584 3537 1
7585 3537 0
7586 3537 0
7587 3537 0
7588 3538 0
7589 3538 0
7590 3539 0
7591 3539 0
7592 3539 0
7593 3540 1
7594 3540 0
7595 3541 1
7596 3541 1
7597 3541 0
7598 3542 1
7599 3542 0
7600 3542 0
7601 3543 1
7602 3543 0
7603 3543 0
7604 3543 0
7605 3544 0
7606 3544 0
7607 3545 0
7608 3545 0
7609 3545 0
7610 3546 1
7611 3546 0
7612 3547 1
7613 3547 1
7614 3547 0
7615 3548 1
7616 3548 1
7617 3548 0
7618 3548 0
7619 3549 1
7620 3549 0
7621 3549 0
7622 3549 0
7623 3552 1
7624 3552 0
7625 3553 1
7626 3553 1
7627 3553 0
7628 3554 0
7629 3554 1
7630 3554 0
7631 3554 0
7632 3555 1
7633 3555 0
7634 3555 0
7635 3558 1
7636 3558 0
7637 3559 0
7638 3559 1
7639 3559 0
7640 3560 0
7641 3560 0
7642 3560 0
7643 3561 0
7644 3561 0
7645 3564 1
7646 3564 0
7647 3565 0
7648 3565 0
7649 3566 0
7650 3566 0
7651 3567 1
7652 3567 0
7653 3570 1
7654 3570 0
7655 3571 0
7656 3571 0
7657 3572 1
7658 3572 0
7659 3572 0
7660 3575 0
7661 3575 0
7662 3576 1
7663 3576 0
7664 3577 1
7665 3577 0
7666 3577 0
7667 3578 1
7668 3578 0
7669 3578 0
7670 3579 0
7671 3579 0
7672 3581 0
7673 3581 0
7674 3582 1
7675 3582 0
7676 3583 0
7677 3583 0
7678 3583 0
7679 3584 1
7680 3584 0
7681 3584 0
7682 3585 1
7683 3585 0
7684 3585 0
7685 3587 0
7686 3587 0
7687 3588 1
7688 3588 0
7689 3589 0
7690 3589 0
7691 3589 0
7692 3590 1
7693 3590 0
7694 3591 1
7695 3591 0
7696 3591 0
7697 3592 0
7698 3592 0
7699 3592 0
7700 3593 0
7701 3593 0
7702 3594 1
7703 3594 0
7704 3595 1
7705 3595 0
7706 3595 0
7707 3596 1
7708 3596 0
7709 3597 1
7710 3597 0
7711 3597 0
7712 3598 0
7713 3598 0
7714 3598 0
7715 3599 0
7716 3599 0
7717 3600 1
7718 3600 0
7719 3601 1
7720 3601 0
7721 3602 1
7722 3602 1
7723 3602 0
7724 3603 1
7725 3603 0
7726 3603 0
7727 3605 0
7728 3606 1
7729 3607 1
7730 3607 0
7731 3608 1
7732 3608 0
7733 3609 1
7734 3609 0
7735 3609 0
7736 3612 0
7737 3613 0
7738 3613 0
7739 3614 0
7740 3614 0
7741 3615 0
7742 3618 0
7743 3618 0
7744 3619 0
7745 3620 0
7746 3621 0
7747 3622 0
7748 3623 0
7749 3624 0
7750 3626 0
7751 3627 0
7752 3627 0
7753 3628 0
7754 3628 0
7755 3629 0
7756 3629 0
7757 3629 0
7758 3630 0
7759 3631 0
7760 3632 0
7761 3632 0
7762 3633 0
7763 3633 0
7764 3634 0
7765 3634 0
7766 3635 0
7767 3635 0
7768 3636 0
7769 3636 0
7770 3637 0
7771 3637 0
7772 3638 0
7773 3638 0
7774 3639 0
7775 3639 0
7776 3640 0
7777 3640 0
7778 3641 0
7779 3641 0
7780 3641 0
7781 3642 0
7782 3643 0
7783 3643 0
7784 3644 0
7785 3644 0
7786 3645 0
7787 3645 0
7788 3645 0
7789 3646 0
7790 3646 0
7791 3646 0
7792 3647 0
7793 3647 0
7794 3647 0
7795 3649 0
7796 3649 0
7797 3650 0
7798 3650 0
7799 3651 0
7800 3651 0
7801 3651 0
7802 3652 0
7803 3652 0
7804 3653 0
7805 3653 0
7806 3656 0
7807 3658 0
7808 3659 0
7809 3659 0
7810 3664 0
7811 3665 0
7812 3672 0
7813 3673 0
7814 3674 1
7815 3674 0
7816 3675 0
7817 3675 0
7818 3676 0
7819 3678 0
7820 3679 0
7821 3680 1
7822 3680 0
7823 3681 0
7824 3681 0
7825 3682 0
7826 3683 0
7827 3684 0
7828 3685 1
7829 3685 0
7830 3686 1
7831 3686 0
7832 3687 1
7833 3687 0
7834 3687 0
7835 3688 0
7836 3688 0
7837 3690 0
7838 3691 0
7839 3691 0
7840 3692 1
7841 3692 0
7842 3693 1
7843 3693 0
7844 3693 0
7845 3694 0
7846 3694 0
7847 3695 0
7848 3696 0
7849 3697 0
7850 3697 0
7851 3698 1
7852 3698 0
7853 3699 1
7854 3699 0
7855 3699 0
7856 3700 0
7857 3700 0
7858 3700 0
7859 3701 0
7860 3702 0
7861 3703 1
7862 3703 0
7863 3704 1
7864 3704 0
7865 3705 1
7866 3705 0
7867 3705 0
7868 3706 0
7869 3706 0
7870 3707 0
7871 3707 0
7872 3708 0
7873 3709 1
7874 3709 0
7875 3710 1
7876 3710 0
7877 3711 1
7878 3711 0
7879 3711 0
7880 3712 0
7881 3712 0
7882 3714 0
7883 3715 1
7884 3715 0
7885 3716 1
7886 3716 0
7887 3717 0
7888 3717 0
7889 3718 0
7890 3718 0
7891 3720 0
7892 3721 0
7893 3721 0
7894 3722 0
7895 3726 0
7896 3727 0
7897 3727 0
7898 3729 0
7899 3729 0
7900 3730 0
7901 3731 0
7902 3732 0
7903 3732 0
7904 3733 0
7905 3734 0
7906 3734 0
7907 3735 0
7908 3735 0
7909 3736 0
7910 3737 0
7911 3738 0
7912 3739 0
7913 3739 0
7914 3739 0
7915 3740 0
7916 3740 0
7917 3741 0
7918 3742 0
7919 3743 0
7920 3743 0
7921 3744 0
7922 3745 0
7923 3746 0
7924 3747 0
7925 3747 0
7926 3748 0
7927 3749 0
7928 3749 0
7929 3750 0
7930 3752 0
7931 3753 0
7932 3753 0
7933 3754 0
7934 3754 0
7935 3755 0
7936 3758 0
7937 3759 0
7938 3760 0
7939 3761 0
7940 3761 0
7941 3765 0
7942 3767 0
7943 3772 0
7944 3773 0
7945 3780 1
7946 3780 1
7947 3780 0
7948 3781 1
7949 3781 1
7950 3781 0
7951 3782 1
7952 3782 1
7953 3782 0
7954 3783 1
7955 3783 1
7956 3783 0
7957 3784 1
7958 3784 0
7959 3785 1
7960 3785 1
7961 3785 0
7962 3786 1
7963 3786 1
7964 3786 0
7965 3786 0
7966 3787 1
7967 3787 0
7968 3787 0
7969 3788 1
7970 3788 1
7971 3788 0
7972 3788 0
7973 3789 1
7974 3789 0
7975 3789 0
7976 3790 1
7977 3790 1
7978 3791 0
7979 3791 1
7980 3792 1
7981 3792 1
7982 3792 0
7983 3792 0
7984 3793 1
7985 3793 1
7986 3793 0
7987 3793 0
7988 3794 1
7989 3794 0
7990 3794 0
7991 3795 0
7992 3796 1
7993 3796 0
7994 3797 0
7995 3797 1
7996 3797 0
7997 3798 1
7998 3798 0
7999 3798 0
8000 3798 0
8001 3799 0
8002 3799 0
8003 3799 0
8004 3800 0
8005 3800 0
8006 3800 0
8007 3801 1
8008 3801 0
8009 3802 0
8010 3802 1
8011 3802 0
8012 3802 0
8013 3803 0
8014 3803 0
8015 3803 0
8016 3804 0
8017 3804 0
8018 3804 0
8019 3805 0
8020 3805 0
8021 3805 0
8022 3806 0
8023 3806 0
8024 3806 0
8025 3807 1
8026 3807 1
8027 3807 0
8028 3808 0
8029 3808 1
8030 3808 0
8031 3808 0
8032 3809 0
8033 3809 0
8034 3809 0
8035 3809 0
8036 3810 0
8037 3810 0
8038 3810 0
8039 3810 0
8040 3811 0
8041 3811 0
8042 3811 0
8043 3812 1
8044 3812 0
8045 3812 0
8046 3813 0
8047 3813 0
8048 3813 0
8049 3813 0
8050 3814 0
8051 3814 1
8052 3814 0
8053 3814 0
8054 3815 0
8055 3815 0
8056 3815 0
8057 3815 0
8058 3816 0
8059 3816 0
8060 3816 0
8061 3816 0
8062 3817 0
8063 3817 0
8064 3817 0
8065 3817 0
8066 3818 0
8067 3818 0
8068 3819 0
8069 3819 0
8070 3819 0
8071 3820 0
8072 3820 0
8073 3820 1
8074 3821 0
8075 3821 0
8076 3821 1
8077 3821 0
8078 3823 0
8079 3823 0
8080 3823 0
8081 3823 0
8082 3824 0
8083 3825 0
8084 3825 1
8085 3825 0
8086 3826 0
8087 3826 1
8088 3826 1
8089 3826 0
8090 3827 0
8091 3827 1
8092 3827 0
8093 3828 0
8094 3828 0
8095 3828 0
8096 3829 0
8097 3829 0
8098 3829 0
8099 3830 0
8100 3830 0
8101 3831 0
8102 3832 0
8103 3832 0
8104 3833 0
8105 3833 0
8106 3834 1
8107 3834 0
8108 3834 0
8109 3835 1
8110 3835 0
8111 3835 0
8112 3836 1
8113 3836 0
8114 3837 1
8115 3837 0
8116 3838 1
8117 3838 1
8118 3839 1
8119 3839 0
8120 3840 1
8121 3840 1
8122 3840 0
8123 3840 0
8124 3841 1
8125 3841 1
8126 3841 0
8127 3841 0
8128 3842 1
8129 3842 0
8130 3842 0
8131 3843 1
8132 3843 0
8133 3844 1
8134 3845 0
8135 3845 1
8136 3845 0
8137 3846 1
8138 3846 1
8139 3846 0
8140 3846 0
8141 3847 1
8142 3847 0
8143 3847 0
8144 3848 1
8145 3848 1
8146 3848 0
8147 3848 0
8148 3849 1
8149 3849 1
8150 3849 0
8151 3850 1
8152 3850 1
8153 3851 0
8154 3851 0
8155 3851 0
8156 3852 1
8157 3852 0
8158 3852 0
8159 3852 0
8160 3853 0
8161 3853 0
8162 3853 0
8163 3854 0
8164 3854 0
8165 3855 1
8166 3855 0
8167 3856 0
8168 3856 1
8169 3856 1
8170 3857 0
8171 3857 1
8172 3857 1
8173 3858 0
8174 3858 0
8175 3858 0
8176 3859 0
8177 3859 0
8178 3859 0
8179 3860 1
8180 3860 0
8181 3860 0
8182 3861 1
8183 3861 1
8184 3861 0
8185 3862 0
8186 3862 1
8187 3862 1
8188 3862 0
8189 3863 0
8190 3863 0
8191 3863 1
8192 3863 0
8193 3864 0
8194 3864 0
8195 3864 0
8196 3865 0
8197 3865 0
8198 3865 0
8199 3866 0
8200 3866 0
8201 3866 0
8202 3867 1
8203 3867 1
8204 3867 1
8205 3867 0
8206 3868 0
8207 3868 0
8208 3868 1
8209 3868 0
8210 3869 0
8211 3869 0
8212 3869 0
8213 3869 0
8214 3870 0
8215 3870 0
8216 3870 0
8217 3870 0
8218 3871 0
8219 3871 0
8220 3871 0
8221 3871 0
8222 3872 0
8223 3872 0
8224 3873 0
8225 3873 1
8226 3873 0
8227 3874 0
8228 3874 0
8229 3874 1
8230 3874 0
8231 3875 0
8232 3875 0
8233 3875 0
8234 3875 1
8235 3876 0
8236 3876 0
8237 3876 0
8238 3876 0
8239 3878 0
8240 3879 0
8241 3879 1
8242 3879 0
8243 3880 0
8244 3880 0
8245 3880 1
8246 3880 1
8247 3881 0
8248 3881 1
8249 3881 1
8250 3882 0
8251 3882 0
8252 3882 0
8253 3882 0
8254 3883 0
8255 3883 0
8256 3883 0
8257 3884 0
8258 3884 0
8259 3885 0
8260 3885 0
8261 3887 0
8262 3888 0
8263 3888 0
8264 3889 1
8265 3889 1
8266 3889 0
8267 3890 0
8268 3891 1
8269 3891 1
8270 3892 1
8271 3892 1
8272 3892 1
8273 3893 0
8274 3893 1
8275 3894 1
8276 3894 0
8277 3894 0
8278 3895 1
8279 3895 0
8280 3895 0
8281 3896 1
8282 3896 0
8283 3897 1
8284 3897 1
8285 3898 1
8286 3899 0
8287 3899 0
8288 3899 1
8289 3900 1
8290 3900 1
8291 3900 0
8292 3900 0
8293 3901 1
8294 3901 0
8295 3901 0
8296 3902 1
8297 3902 0
8298 3902 0
8299 3903 0
8300 3904 1
8301 3904 1
8302 3904 1
8303 3905 0
8304 3905 0
8305 3905 1
8306 3906 0
8307 3906 0
8308 3906 0
8309 3907 0
8310 3907 0
8311 3907 0
8312 3908 0
8313 3908 0
8314 3908 0
8315 3909 1
8316 3909 0
8317 3910 0
8318 3910 0
8319 3910 1
8320 3910 1
8321 3911 0
8322 3911 0
8323 3911 0
8324 3911 1
8325 3912 0
8326 3912 0
8327 3912 0
8328 3913 0
8329 3913 0
8330 3913 0
8331 3914 0
8332 3914 0
8333 3914 0
8334 3915 0
8335 3916 0
8336 3916 0
8337 3916 1
8338 3916 1
8339 3917 0
8340 3917 0
8341 3917 0
8342 3917 1
8343 3918 0
8344 3918 0
8345 3918 0
8346 3919 0
8347 3919 0
8348 3919 0
8349 3920 0
8350 3920 0
8351 3920 0
8352 3921 1
8353 3921 1
8354 3921 1
8355 3922 0
8356 3922 0
8357 3922 0
8358 3922 0
8359 3923 0
8360 3923 0
8361 3923 0
8362 3923 0
8363 3924 0
8364 3924 0
8365 3924 0
8366 3925 0
8367 3925 0
8368 3925 0
8369 3925 0
8370 3926 0
8371 3926 0
8372 3926 0
8373 3926 0
8374 3927 1
8375 3927 0
8376 3928 0
8377 3928 0
8378 3928 0
8379 3928 1
8380 3929 0
8381 3929 0
8382 3929 0
8383 3929 0
8384 3930 0
8385 3930 0
8386 3930 0
8387 3931 0
8388 3931 0
8389 3931 0
8390 3931 0
8391 3933 1
8392 3934 0
8393 3934 0
8394 3934 0
8395 3935 0
8396 3935 0
8397 3935 1
8398 3936 0
8399 3936 0
8400 3936 0
8401 3937 0
8402 3937 0
8403 3937 0
8404 3937 0
8405 3938 0
8406 3940 0
8407 3940 0
8408 3942 0
8409 3942 0
8410 3943 0
8411 3943 0
8412 3944 1
8413 3944 1
8414 3945 1
8415 3946 0
8416 3946 1
8417 3947 0
8418 3947 0
8419 3948 0
8420 3948 0
8421 3949 1
8422 3949 0
8423 3949 0
8424 3950 1
8425 3950 1
8426 3950 1
8427 3951 1
8428 3951 0
8429 3952 1
8430 3952 0
8431 3952 1
8432 3953 0
8433 3953 0
8434 3953 0
8435 3954 1
8436 3954 0
8437 3955 1
8438 3955 1
8439 3955 0
8440 3956 1
8441 3956 1
8442 3956 0
8443 3957 1
8444 3957 1
8445 3957 0
8446 3958 1
8447 3958 1
8448 3959 0
8449 3959 0
8450 3959 0
8451 3960 0
8452 3960 0
8453 3961 1
8454 3961 1
8455 3961 0
8456 3962 1
8457 3962 0
8458 3962 1
8459 3963 1
8460 3963 1
8461 3964 1
8462 3964 0
8463 3964 0
8464 3965 0
8465 3965 0
8466 3965 0
8467 3965 0
8468 3966 0
8469 3966 0
8470 3967 0
8471 3967 0
8472 3967 0
8473 3968 1
8474 3968 1
8475 3968 0
8476 3969 1
8477 3969 0
8478 3969 0
8479 3970 0
8480 3970 1
8481 3970 0
8482 3970 0
8483 3971 0
8484 3971 0
8485 3971 0
8486 3971 0
8487 3972 0
8488 3972 0
8489 3973 0
8490 3973 0
8491 3973 0
8492 3973 1
8493 3974 0
8494 3974 0
8495 3974 0
8496 3975 1
8497 3975 0
8498 3975 0
8499 3975 0
8500 3976 0
8501 3976 0
8502 3976 0
8503 3976 0
8504 3977 0
8505 3977 0
8506 3977 0
8507 3977 0
8508 3978 0
8509 3978 0
8510 3979 0
8511 3979 0
8512 3979 0
8513 3979 0
8514 3980 0
8515 3980 0
8516 3980 1
8517 3980 0
8518 3981 1
8519 3981 0
8520 3981 1
8521 3982 0
8522 3982 0
8523 3982 0
8524 3982 0
8525 3983 0
8526 3983 0
8527 3983 0
8528 3983 0
8529 3984 0
8530 3984 0
8531 3984 0
8532 3985 0
8533 3985 0
8534 3985 0
8535 3985 0
8536 3986 0
8537 3986 0
8538 3986 0
8539 3986 1
8540 3988 0
8541 3988 0
8542 3990 0
8543 3990 0
8544 3990 0
8545 3990 1
8546 3991 0
8547 3991 0
8548 3991 0
8549 3991 0
8550 3992 0
8551 3992 0
8552 3992 0
8553 3992 0
8554 3993 0
8555 3996 0
8556 3996 0
8557 3997 1
8558 3997 0
8559 3998 1
8560 3998 0
8561 3999 0
8562 3999 0
8563 4000 0
8564 4000 0
8565 4001 0
8566 4001 0
8567 4002 1
8568 4002 0
8569 4003 1
8570 4003 0
8571 4004 1
8572 4004 1
8573 4004 0
8574 4005 0
8575 4005 0
8576 4006 0
8577 4006 0
8578 4007 0
8579 4007 0
8580 4007 0
8581 4008 0
8582 4008 0
8583 4009 1
8584 4009 1
8585 4009 0
8586 4010 1
8587 4010 1
8588 4010 0
8589 4011 0
8590 4012 0
8591 4012 0
8592 4012 0
8593 4013 0
8594 4013 0
8595 4013 0
8596 4014 0
8597 4014 0
8598 4015 0
8599 4015 1
8600 4015 1
8601 4016 1
8602 4016 1
8603 4016 0
8604 4017 1
8605 4017 0
8606 4018 0
8607 4019 0
8608 4019 0
8609 4019 0
8610 4019 0
8611 4020 0
8612 4020 0
8613 4021 0
8614 4021 0
8615 4021 1
8616 4022 1
8617 4022 0
8618 4022 0
8619 4023 1
8620 4023 1
8621 4023 0
8622 4023 0
8623 4024 0
8624 4024 0
8625 4025 0
8626 4025 0
8627 4025 0
8628 4025 0
8629 4026 1
8630 4026 1
8631 4027 0
8632 4027 1
8633 4027 1
8634 4028 0
8635 4028 1
8636 4028 0
8637 4029 1
8638 4029 1
8639 4029 0
8640 4029 0
8641 4030 0
8642 4030 0
8643 4030 0
8644 4030 0
8645 4031 0
8646 4031 0
8647 4031 0
8648 4032 0
8649 4032 1
8650 4033 1
8651 4033 1
8652 4033 1
8653 4034 1
8654 4034 1
8655 4034 1
8656 4034 0
8657 4035 1
8658 4035 1
8659 4035 0
8660 4035 0
8661 4036 0
8662 4037 0
8663 4037 0
8664 4037 0
8665 4038 1
8666 4038 1
8667 4039 0
8668 4039 0
8669 4039 1
8670 4040 0
8671 4040 0
8672 4040 0
8673 4040 0
8674 4041 1
8675 4041 0
8676 4044 0
8677 4044 0
8678 4045 0
8679 4045 0
8680 4045 0
8681 4046 0
8682 4046 0
8683 4046 0
8684 4047 0
8685 4050 1
8686 4050 0
8687 4051 1
8688 4051 0
8689 4052 0
8690 4052 0
8691 4053 0
8692 4053 0
8693 4054 0
8694 4054 0
8695 4055 0
8696 4056 1
8697 4056 0
8698 4057 1
8699 4057 0
8700 4058 1
8701 4058 0
8702 4058 0
8703 4059 0
8704 4060 0
8705 4060 0
8706 4061 0
8707 4062 1
8708 4062 0
8709 4063 1
8710 4063 1
8711 4063 0
8712 4064 1
8713 4064 0
8714 4064 0
8715 4065 1
8716 4065 0
8717 4066 0
8718 4066 0
8719 4066 0
8720 4067 0
8721 4067 0
8722 4068 1
8723 4068 0
8724 4069 1
8725 4069 1
8726 4069 0
8727 4070 1
8728 4070 0
8729 4070 0
8730 4071 1
8731 4071 0
8732 4071 0
8733 4072 0
8734 4073 0
8735 4073 0
8736 4073 0
8737 4074 1
8738 4074 0
8739 4075 0
8740 4075 1
8741 4075 0
8742 4076 1
8743 4076 0
8744 4076 0
8745 4077 1
8746 4077 0
8747 4077 0
8748 4078 0
8749 4079 0
8750 4079 0
8751 4079 0
8752 4080 1
8753 4080 0
8754 4081 0
8755 4081 1
8756 4081 0
8757 4082 1
8758 4082 0
8759 4082 0
8760 4083 1
8761 4083 0
8762 4083 0
8763 4084 0
8764 4084 0
8765 4084 0
8766 4085 0
8767 4085 0
8768 4085 0
8769 4086 1
8770 4086 0
8771 4087 0
8772 4087 1
8773 4088 0
8774 4088 1
8775 4088 0
8776 4089 1
8777 4089 0
8778 4089 0
8779 4090 0
8780 4091 0
8781 4091 0
8782 4092 1
8783 4093 0
8784 4093 1
8785 4094 0
8786 4094 0
8787 4094 0
8788 4095 1
8789 4095 0
8790 4095 0
8791 4096 0
8792 4098 0
8793 4098 0
8794 4099 0
8795 4099 0
8796 4100 0
8797 4100 0
8798 4100 0
8799 4101 0
8800 4104 1
8801 4104 0
8802 4105 0
8803 4105 0
8804 4106 0
8805 4107 0
8806 4110 1
8807 4110 0
8808 4111 0
8809 4111 0
8810 4112 1
8811 4112 0
8812 4113 0
8813 4115 0
8814 4115 0
8815 4116 0
8816 4116 0
8817 4117 1
8818 4117 0
8819 4117 0
8820 4118 1
8821 4118 0
8822 4119 0
8823 4119 0
8824 4121 0
8825 4122 0
8826 4122 0
8827 4123 0
8828 4123 0
8829 4124 1
8830 4124 0
8831 4125 1
8832 4125 0
8833 4125 0
8834 4126 0
8835 4128 1
8836 4129 1
8837 4129 0
8838 4130 1
8839 4130 0
8840 4131 1
8841 4131 0
8842 4131 0
8843 4132 0
8844 4132 0
8845 4133 0
8846 4133 0
8847 4134 1
8848 4135 0
8849 4135 0
8850 4136 1
8851 4136 0
8852 4137 1
8853 4137 0
8854 4137 0
8855 4138 0
8856 4138 0
8857 4138 0
8858 4139 0
8859 4139 0
8860 4140 1
8861 4141 0
8862 4141 0
8863 4142 0
8864 4142 1
8865 4142 0
8866 4143 1
8867 4143 0
8868 4143 0
8869 4144 0
8870 4144 0
8871 4145 0
8872 4146 1
8873 4147 1
8874 4147 0
8875 4148 0
8876 4148 1
8877 4148 0
8878 4149 1
8879 4149 0
8880 4150 0
8881 4152 0
8882 4152 0
8883 4153 0
8884 4153 0
8885 4154 0
8886 4154 0
8887 4155 0
8888 4158 0
8889 4159 0
8890 4160 0
8891 4161 0
8892 4162 0
8893 4162 0
8894 4163 0
8895 4163 0
8896 4164 0
8897 4165 0
8898 4166 0
8899 4167 0
8900 4167 0
8901 4168 0
8902 4168 0
8903 4169 0
8904 4169 0
8905 4170 0
8906 4171 0
8907 4172 0
8908 4172 0
8909 4173 0
8910 4173 0
8911 4174 0
8912 4174 0
8913 4175 0
8914 4175 0
8915 4175 0
8916 4176 0
8917 4176 0
8918 4177 0
8919 4177 0
8920 4178 0
8921 4178 0
8922 4179 0
8923 4179 0
8924 4180 0
8925 4180 0
8926 4180 0
8927 4181 0
8928 4181 0
8929 4182 0
8930 4182 0
8931 4183 0
8932 4183 0
8933 4184 0
8934 4184 0
8935 4185 0
8936 4185 0
8937 4185 0
8938 4186 0
8939 4186 0
8940 4186 0
8941 4187 0
8942 4187 0
8943 4188 0
8944 4188 0
8945 4189 0
8946 4189 0
8947 4190 0
8948 4190 0
8949 4191 0
8950 4191 0
8951 4192 0
8952 4192 0
8953 4193 0
8954 4193 0
8955 4195 0
8956 4196 0
8957 4197 0
8958 4197 0
8959 4198 0
8960 4198 0
8961 4199 0
8962 4199 0
8963 4204 0
8964 4212 0
8965 4213 0
8966 4214 0
8967 4215 0
8968 4215 0
8969 4216 0
8970 4218 0
8971 4219 0
8972 4220 1
8973 4220 0
8974 4221 0
8975 4221 0
8976 4222 0
8977 4223 0
8978 4224 0
8979 4225 1
8980 4225 0
8981 4226 1
8982 4226 0
8983 4227 0
8984 4227 0
8985 4228 0
8986 4228 0
8987 4229 0
8988 4230 0
8989 4231 1
8990 4231 0
8991 4232 1
8992 4232 0
8993 4233 1
8994 4233 0
8995 4233 0
8996 4234 0
8997 4235 0
8998 4236 0
8999 4237 1
9000 4237 0
9001 4238 1
9002 4238 0
9003 4239 1
9004 4239 0
9005 4239 0
9006 4240 0
9007 4240 0
9008 4242 0
9009 4243 1
9010 4243 0
9011 4244 1
9012 4244 0
9013 4245 1
9014 4245 0
9015 4245 0
9016 4246 0
9017 4246 0
9018 4247 0
9019 4247 0
9020 4248 0
9021 4249 1
9022 4249 0
9023 4250 1
9024 4250 1
9025 4250 0
9026 4251 1
9027 4251 0
9028 4252 0
9029 4252 0
9030 4254 1
9031 4254 0
9032 4255 1
9033 4255 0
9034 4256 1
9035 4256 1
9036 4257 1
9037 4257 0
9038 4258 0
9039 4258 0
9040 4260 0
9041 4261 0
9042 4262 0
9043 4262 0
9044 4263 0
9045 4266 0
9046 4268 0
9047 4268 0
9048 4269 0
9049 4270 0
9050 4272 0
9051 4272 0
9052 4273 0
9053 4273 0
9054 4274 0
9055 4274 0
9056 4275 0
9057 4276 0
9058 4277 0
9059 4277 0
9060 4278 0
9061 4278 0
9062 4279 0
9063 4279 0
9064 4279 0
9065 4280 0
9066 4281 0
9067 4282 0
9068 4283 0
9069 4283 0
9070 4284 0
9071 4285 0
9072 4286 0
9073 4287 0
9074 4288 0
9075 4289 0
9076 4290 0
9077 4293 0
9078 4293 0
9079 4294 0
9080 4294 0
9081 4295 0
9082 4298 0
9083 4299 0
9084 4300 0
9085 4301 0
9086 4301 0
9087 4305 0
9088 4306 0
9089 4307 0
9090 4320 1
9091 4320 0
9092 4320 0
9093 4321 1
9094 4321 0
9095 4321 0
9096 4322 0
9097 4322 0
9098 4323 1
9099 4323 1
9100 4323 0
9101 4324 1
9102 4324 1
9103 4325 1
9104 4325 1
9105 4326 1
9106 4326 1
9107 4326 0
9108 4326 0
9109 4327 1
9110 4327 0
9111 4327 0
9112 4328 1
9113 4328 1
9114 4328 0
9115 4328 0
9116 4329 1
9117 4329 0
9118 4330 1
9119 4330 0
9120 4330 0
9121 4331 1
9122 4331 1
9123 4332 1
9124 4332 1
9125 4332 0
9126 4332 0
9127 4333 1
9128 4333 1
9129 4333 0
9130 4333 0
9131 4334 1
9132 4334 0
9133 4334 0
9134 4335 0
9135 4336 1
9136 4336 0
9137 4336 0
9138 4337 1
9139 4337 1
9140 4338 1
9141 4338 0
9142 4338 0
9143 4338 0
9144 4339 0
9145 4339 0
9146 4339 0
9147 4340 0
9148 4340 0
9149 4340 0
9150 4341 1
9151 4341 1
9152 4341 0
9153 4342 0
9154 4342 1
9155 4342 0
9156 4342 0
9157 4343 1
9158 4343 1
9159 4343 0
9160 4344 0
9161 4344 0
9162 4344 0
9163 4345 0
9164 4345 0
9165 4345 0
9166 4346 0
9167 4346 0
9168 4346 0
9169 4347 1
9170 4347 0
9171 4347 0
9172 4347 0
9173 4348 0
9174 4348 1
9175 4348 0
9176 4348 0
9177 4349 0
9178 4349 1
9179 4349 0
9180 4349 0
9181 4350 0
9182 4350 0
9183 4350 0
9184 4350 0
9185 4351 0
9186 4351 0
9187 4351 0
9188 4352 0
9189 4352 0
9190 4352 0
9191 4353 1
9192 4353 0
9193 4353 0
9194 4353 0
9195 4354 0
9196 4354 1
9197 4354 0
9198 4354 0
9199 4355 0
9200 4355 0
9201 4355 0
9202 4355 0
9203 4356 0
9204 4356 0
9205 4356 0
9206 4357 0
9207 4357 0
9208 4357 0
9209 4357 0
9210 4358 1
9211 4358 1
9212 4358 0
9213 4358 0
9214 4359 0
9215 4359 1
9216 4359 0
9217 4360 0
9218 4360 0
9219 4360 0
9220 4360 0
9221 4361 0
9222 4361 0
9223 4361 1
9224 4361 1
9225 4362 0
9226 4362 0
9227 4362 0
9228 4363 0
9229 4363 0
9230 4363 0
9231 4364 1
9232 4364 0
9233 4365 0
9234 4366 0
9235 4366 0
9236 4366 1
9237 4367 0
9238 4367 0
9239 4369 0
9240 4371 0
9241 4374 0
9242 4375 1
9243 4375 0
9244 4376 1
9245 4376 0
9246 4377 1
9247 4377 0
9248 4378 1
9249 4380 1
9250 4380 0
9251 4381 1
9252 4381 0
9253 4382 1
9254 4382 0
9255 4384 1
9256 4386 1
9257 4386 0
9258 4386 0
9259 4387 1
9260 4387 0
9261 4387 0
9262 4388 1
9263 4388 0
9264 4389 1
9265 4389 0
9266 4392 1
9267 4392 0
9268 4392 0
9269 4393 1
9270 4393 0
9271 4393 0
9272 4397 0
9273 4398 0
9274 4398 0
9275 4399 0
9276 4399 0
9277 4400 1
9278 4401 0
9279 4402 0
9280 4402 1
9281 4403 0
9282 4404 0
9283 4404 0
9284 4405 0
9285 4405 0
9286 4406 1
9287 4407 1
9288 4409 0
9289 4410 0
9290 4411 0
9291 4413 0
9292 4413 0
9293 4428 1
9294 4428 0
9295 4428 0
9296 4429 1
9297 4429 0
9298 4429 0
9299 4430 0
9300 4431 1
9301 4431 0
9302 4432 1
9303 4433 1
9304 4433 0
9305 4434 1
9306 4434 0
9307 4434 0
9308 4435 1
9309 4435 1
9310 4435 0
9311 4435 0
9312 4436 0
9313 4436 0
9314 4437 1
9315 4437 1
9316 4437 0
9317 4438 1
9318 4438 1
9319 4439 0
9320 4439 1
9321 4439 0
9322 4440 1
9323 4440 1
9324 4440 0
9325 4440 0
9326 4441 1
9327 4441 0
9328 4441 0
9329 4442 1
9330 4442 1
9331 4442 0
9332 4442 0
9333 4443 1
9334 4443 0
9335 4443 0
9336 4444 1
9337 4444 1
9338 4445 0
9339 4445 1
9340 4445 0
9341 4446 1
9342 4446 0
9343 4446 0
9344 4446 0
9345 4447 0
9346 4447 0
9347 4447 0
9348 4448 1
9349 4448 0
9350 4448 0
9351 4449 1
9352 4449 0
9353 4450 0
9354 4450 1
9355 4450 1
9356 4450 0
9357 4451 0
9358 4451 0
9359 4451 1
9360 4452 0
9361 4452 0
9362 4452 0
9363 4453 0
9364 4453 0
9365 4453 0
9366 4454 0
9367 4454 1
9368 4454 0
9369 4455 1
9370 4455 1
9371 4455 0
9372 4455 0
9373 4456 0
9374 4456 1
9375 4456 1
9376 4457 0
9377 4457 0
9378 4457 0
9379 4457 0
9380 4458 0
9381 4458 0
9382 4458 0
9383 4459 0
9384 4459 0
9385 4459 0
9386 4460 0
9387 4460 0
9388 4460 0
9389 4461 1
9390 4461 1
9391 4461 0
9392 4462 0
9393 4462 0
9394 4462 1
9395 4462 0
9396 4463 0
9397 4463 0
9398 4463 0
9399 4463 0
9400 4464 0
9401 4464 0
9402 4464 0
9403 4464 0
9404 4465 0
9405 4465 0
9406 4465 0
9407 4465 0
9408 4466 1
9409 4466 0
9410 4466 0
9411 4466 1
9412 4467 0
9413 4467 0
9414 4468 0
9415 4468 0
9416 4468 1
9417 4468 0
9418 4469 0
9419 4469 0
9420 4469 0
9421 4469 0
9422 4470 0
9423 4470 0
9424 4470 0
9425 4471 0
9426 4471 0
9427 4471 0
9428 4472 0
9429 4473 1
9430 4474 0
9431 4474 0
9432 4474 0
9433 4475 0
9434 4475 0
9435 4476 0
9436 4478 0
9437 4482 0
9438 4482 0
9439 4483 0
9440 4484 1
9441 4484 0
9442 4484 0
9443 4485 1
9444 4488 0
9445 4488 0
9446 4489 1
9447 4489 0
9448 4490 0
9449 4490 0
9450 4491 1
9451 4492 1
9452 4494 0
9453 4494 0
9454 4494 0
9455 4495 0
9456 4495 0
9457 4495 0
9458 4496 1
9459 4496 1
9460 4496 0
9461 4497 1
9462 4497 1
9463 4497 0
9464 4498 0
9465 4500 0
9466 4500 0
9467 4500 0
9468 4501 1
9469 4501 0
9470 4501 0
9471 4502 1
9472 4502 0
9473 4503 1
9474 4503 0
9475 4504 0
9476 4505 0
9477 4506 0
9478 4506 0
9479 4506 0
9480 4507 0
9481 4507 0
9482 4509 1
9483 4510 0
9484 4512 0
9485 4512 0
9486 4512 0
9487 4513 0
9488 4513 0
9489 4513 0
9490 4514 0
9491 4515 0
9492 4516 0
9493 4518 0
9494 4519 0
9495 4519 0
9496 4521 0
9497 4525 0
9498 4536 0
9499 4536 0
9500 4537 1
9501 4537 0
9502 4537 0
9503 4538 1
9504 4538 0
9505 4539 1
9506 4539 1
9507 4540 1
9508 4540 1
9509 4541 0
9510 4541 0
9511 4542 1
9512 4542 0
9513 4542 0
9514 4543 1
9515 4543 0
9516 4543 0
9517 4544 0
9518 4544 0
9519 4545 1
9520 4545 0
9521 4546 1
9522 4546 1
9523 4546 1
9524 4547 0
9525 4547 0
9526 4547 0
9527 4548 1
9528 4548 1
9529 4548 0
9530 4548 0
9531 4549 1
9532 4549 0
9533 4549 0
9534 4550 1
9535 4550 0
9536 4550 1
9537 4551 1
9538 4551 1
9539 4551 1
9540 4552 0
9541 4552 1
9542 4552 1
9543 4553 0
9544 4553 0
9545 4553 0
9546 4554 1
9547 4554 0
9548 4554 0
9549 4554 0
9550 4555 0
9551 4555 0
9552 4555 0
9553 4556 1
9554 4556 0
9555 4556 0
9556 4557 0
9557 4558 0
9558 4558 0
9559 4558 1
9560 4558 0
9561 4559 0
9562 4559 0
9563 4559 0
9564 4559 0
9565 4560 0
9566 4560 0
9567 4560 0
9568 4561 0
9569 4561 0
9570 4561 0
9571 4562 0
9572 4562 0
9573 4562 0
9574 4563 1
9575 4564 0
9576 4564 0
9577 4564 1
9578 4564 1
9579 4565 0
9580 4565 0
9581 4565 0
9582 4565 0
9583 4566 0
9584 4566 0
9585 4566 0
9586 4567 0
9587 4567 0
9588 4567 0
9589 4568 0
9590 4568 0
9591 4568 0
9592 4569 1
9593 4569 1
9594 4570 0
9595 4570 0
9596 4570 0
9597 4570 0
9598 4571 0
9599 4571 0
9600 4571 0
9601 4571 0
9602 4572 0
9603 4572 0
9604 4572 0
9605 4573 0
9606 4573 0
9607 4573 0
9608 4573 0
9609 4574 0
9610 4574 0
9611 4574 0
9612 4574 0
9613 4575 0
9614 4575 1
9615 4575 0
9616 4576 0
9617 4576 0
9618 4576 0
9619 4576 0
9620 4577 0
9621 4577 0
9622 4577 0
9623 4578 0
9624 4578 0
9625 4578 0
9626 4579 0
9627 4579 0
9628 4579 0
9629 4580 1
9630 4580 0
9631 4580 0
9632 4581 1
9633 4581 1
9634 4582 0
9635 4582 0
9636 4582 0
9637 4585 0
9638 4585 0
9639 4585 0
9640 4587 0
9641 4590 0
9642 4591 0
9643 4591 0
9644 4592 1
9645 4593 1
9646 4595 1
9647 4596 1
9648 4596 0
9649 4596 0
9650 4597 1
9651 4597 0
9652 4597 0
9653 4598 1
9654 4598 0
9655 4599 1
9656 4600 0
9657 4601 0
9658 4602 0
9659 4602 0
9660 4603 0
9661 4603 0
9662 4604 1
9663 4604 1
9664 4604 0
9665 4605 1
9666 4605 1
9667 4606 0
9668 4606 0
9669 4608 0
9670 4608 0
9671 4608 0
9672 4609 1
9673 4609 0
9674 4609 0
9675 4610 1
9676 4610 0
9677 4611 1
9678 4613 0
9679 4614 0
9680 4614 0
9681 4614 0
9682 4615 0
9683 4615 0
9684 4615 0
9685 4616 0
9686 4618 0
9687 4620 0
9688 4620 0
9689 4621 0
9690 4621 0
9691 4621 0
9692 4622 0
9693 4623 0
9694 4623 1
9695 4623 1
9696 4624 0
9697 4626 0
9698 4627 0
9699 4627 0
9700 4628 0
9701 4628 0
9702 4629 0
9703 4634 0
9704 4644 0
9705 4644 0
9706 4645 0
9707 4645 0
9708 4646 0
9709 4646 0
9710 4647 1
9711 4647 0
9712 4648 0
9713 4648 0
9714 4649 0
9715 4649 0
9716 4650 0
9717 4650 0
9718 4651 1
9719 4651 0
9720 4651 0
9721 4652 1
9722 4652 0
9723 4652 0
9724 4653 1
9725 4653 1
9726 4653 1
9727 4654 1
9728 4654 0
9729 4654 0
9730 4655 0
9731 4655 0
9732 4655 0
9733 4656 0
9734 4656 0
9735 4657 0
9736 4657 0
9737 4657 0
9738 4658 1
9739 4658 0
9740 4658 0
9741 4659 1
9742 4659 0
9743 4660 1
9744 4660 0
9745 4660 0
9746 4661 0
9747 4661 0
9748 4661 0
9749 4662 0
9750 4662 0
9751 4663 0
9752 4663 0
9753 4663 0
9754 4664 1
9755 4664 1
9756 4664 0
9757 4665 1
9758 4665 0
9759 4666 0
9760 4666 1
9761 4666 0
9762 4667 0
9763 4667 0
9764 4667 0
9765 4667 0
9766 4668 0
9767 4668 0
9768 4668 0
9769 4669 0
9770 4669 0
9771 4669 0
9772 4670 1
9773 4670 1
9774 4670 0
9775 4671 0
9776 4671 0
9777 4672 0
9778 4672 1
9779 4672 0
9780 4672 0
9781 4673 0
9782 4673 0
9783 4673 0
9784 4673 0
9785 4674 0
9786 4674 0
9787 4674 0
9788 4675 0
9789 4675 0
9790 4675 0
9791 4675 0
9792 4676 0
9793 4676 0
9794 4676 0
9795 4677 1
9796 4677 1
9797 4677 1
9798 4678 0
9799 4678 0
9800 4678 0
9801 4678 0
9802 4679 0
9803 4679 0
9804 4679 0
9805 4680 0
9806 4680 0
9807 4680 0
9808 4681 0
9809 4681 0
9810 4681 0
9811 4681 0
9812 4682 1
9813 4682 1
9814 4682 0
9815 4682 0
9816 4683 0
9817 4683 1
9818 4683 1
9819 4684 0
9820 4684 0
9821 4684 0
9822 4685 0
9823 4685 0
9824 4685 0
9825 4686 0
9826 4686 0
9827 4687 0
9828 4687 0
9829 4687 0
9830 4688 0
9831 4688 0
9832 4688 0
9833 4689 0
9834 4690 0
9835 4692 0
9836 4693 0
9837 4693 0
9838 4693 0
9839 4694 0
9840 4694 1
9841 4698 0
9842 4698 0
9843 4699 1
9844 4702 0
9845 4704 0
9846 4704 1
9847 4705 1
9848 4705 1
9849 4706 1
9850 4707 1
9851 4710 0
9852 4710 0
9853 4711 1
9854 4711 0
9855 4712 0
9856 4713 1
9857 4714 0
9858 4714 0
9859 4716 0
9860 4716 0
9861 4716 0
9862 4717 0
9863 4717 0
9864 4717 0
9865 4718 1
9866 4719 1
9867 4720 0
9868 4722 0
9869 4722 0
9870 4723 0
9871 4723 0
9872 4724 1
9873 4728 0
9874 4728 0
9875 4729 0
9876 4729 0
9877 4729 0
9878 4730 0
9879 4730 0
9880 4730 0
9881 4734 0
9882 4735 0
9883 4735 0
9884 4736 0
9885 4736 1
9886 4752 0
9887 4752 0
9888 4753 1
9889 4753 0
9890 4754 1
9891 4754 0
9892 4755 0
9893 4755 0
9894 4756 0
9895 4756 0
9896 4756 0
9897 4757 0
9898 4757 0
9899 4758 0
9900 4758 0
9901 4759 1
9902 4759 0
9903 4760 1
9904 4760 0
9905 4761 0
9906 4761 0
9907 4762 0
9908 4762 0
9909 4763 0
9910 4763 0
9911 4763 0
9912 4764 0
9913 4764 0
9914 4765 1
9915 4765 1
9916 4765 0
9917 4766 1
9918 4766 1
9919 4766 0
9920 4768 0
9921 4768 0
9922 4768 0
9923 4769 0
9924 4769 0
9925 4770 0
9926 4770 0
9927 4771 0
9928 4771 0
9929 4771 0
9930 4772 1
9931 4772 1
9932 4772 0
9933 4773 1
9934 4773 0
9935 4773 0
9936 4774 0
9937 4775 0
9938 4775 0
9939 4775 0
9940 4776 0
9941 4776 0
9942 4777 0
9943 4777 1
9944 4777 0
9945 4778 1
9946 4778 0
9947 4778 0
9948 4779 1
9949 4779 0
9950 4780 0
9951 4781 0
9952 4781 0
9953 4781 0
9954 4782 0
9955 4782 0
9956 4782 0
9957 4783 0
9958 4783 0
9959 4783 0
9960 4784 0
9961 4784 1
9962 4785 1
9963 4785 1
9964 4785 0
9965 4786 0
9966 4786 0
9967 4786 0
9968 4787 0
9969 4787 0
9970 4787 0
9971 4788 0
9972 4788 0
9973 4789 0
9974 4789 0
9975 4789 1
9976 4790 1
9977 4790 0
9978 4790 1
9979 4791 1
9980 4791 1
9981 4791 0
9982 4792 0
9983 4793 0
9984 4793 0
9985 4794 0
9986 4794 1
9987 4795 0
9988 4795 0
9989 4795 0
9990 4796 1
9991 4796 0
9992 4796 0
9993 4797 1
9994 4797 1
9995 4797 0
9996 4800 0
9997 4801 0
9998 4802 0
9999 4802 0
10000 4803 0
10001 4806 1
10002 4806 0
10003 4807 0
10004 4812 1
10005 4812 0
10006 4813 1
10007 4813 1
10008 4814 1
10009 4816 0
10010 4818 0
10011 4818 0
10012 4819 1
10013 4821 1
10014 4822 0
10015 4824 0
10016 4825 0
10017 4825 1
10018 4826 1
10019 4826 1
10020 4827 1
10021 4830 0
10022 4830 0
10023 4831 0
10024 4831 0
10025 4831 1
10026 4832 1
10027 4832 1
10028 4834 0
10029 4836 0
10030 4836 0
10031 4837 0
10032 4837 0
10033 4837 0
10034 4838 0
10035 4838 1
10036 4838 0
10037 4840 0
10038 4842 0
10039 4843 0
10040 4843 0
10041 4844 0
10042 4844 0
10043 4845 0
10044 4860 1
10045 4860 0
10046 4861 1
10047 4861 0
10048 4862 0
10049 4862 0
10050 4863 0
10051 4863 0
10052 4864 0
10053 4865 0
10054 4866 1
10055 4866 0
10056 4867 1
10057 4867 0
10058 4868 1
10059 4868 0
10060 4868 0
10061 4869 1
10062 4869 0
10063 4870 0
10064 4871 0
10065 4872 1
10066 4872 0
10067 4873 0
10068 4873 1
10069 4873 0
10070 4874 1
10071 4874 0
10072 4874 0
10073 4875 1
10074 4875 0
10075 4876 0
10076 4876 0
10077 4876 0
10078 4877 0
10079 4877 0
10080 4878 0
10081 4878 0
10082 4879 0
10083 4879 1
10084 4879 0
10085 4880 1
10086 4880 0
10087 4881 0
10088 4881 0
10089 4882 0
10090 4883 0
10091 4883 0
10092 4883 0
10093 4884 0
10094 4885 0
10095 4885 0
10096 4886 0
10097 4886 0
10098 4887 1
10099 4887 0
10100 4887 0
10101 4888 0
10102 4889 0
10103 4889 0
10104 4889 0
10105 4890 0
10106 4890 0
10107 4891 0
10108 4891 1
10109 4892 1
10110 4892 0
10111 4893 1
10112 4893 0
10113 4893 0
10114 4894 0
10115 4894 0
10116 4894 0
10117 4895 0
10118 4895 0
10119 4896 0
10120 4896 0
10121 4897 0
10122 4897 1
10123 4898 1
10124 4898 0
10125 4898 0
10126 4899 1
10127 4899 0
10128 4899 0
10129 4900 0
10130 4900 0
10131 4901 0
10132 4901 0
10133 4902 0
10134 4902 0
10135 4903 0
10136 4903 0
10137 4904 0
10138 4904 0
10139 4904 0
10140 4905 0
10141 4905 0
10142 4908 0
10143 4909 0
10144 4910 0
10145 4910 0
10146 4911 0
10147 4914 1
10148 4916 1
10149 4917 1
10150 4921 1
10151 4923 1
10152 4926 0
10153 4927 1
10154 4929 1
10155 4930 0
10156 4932 0
10157 4933 0
10158 4933 1
10159 4935 1
10160 4936 0
10161 4938 0
10162 4938 0
10163 4939 0
10164 4939 0
10165 4940 0
10166 4940 1
10167 4940 0
10168 4944 0
10169 4944 0
10170 4945 0
10171 4945 0
10172 4945 1
10173 4946 0
10174 4946 1
10175 4947 1
10176 4947 0
10177 4950 0
10178 4951 0
10179 4951 0
10180 4952 0
10181 4952 0
10182 4953 1
10183 4968 1
10184 4968 0
10185 4969 0
10186 4970 0
10187 4971 1
10188 4971 0
10189 4973 0
10190 4974 0
10191 4975 0
10192 4976 1
10193 4976 0
10194 4977 1
10195 4977 0
10196 4979 0
10197 4979 0
10198 4980 0
10199 4981 1
10200 4981 0
10201 4982 1
10202 4982 0
10203 4983 0
10204 4983 0
10205 4984 0
10206 4985 0
10207 4986 0
10208 4987 1
10209 4987 0
10210 4988 1
10211 4988 0
10212 4989 1
10213 4989 0
10214 4989 0
10215 4990 0
10216 4991 0
10217 4992 0
10218 4993 0
10219 4993 0
10220 4994 1
10221 4994 0
10222 4995 1
10223 4995 0
10224 4995 0
10225 4996 0
10226 4996 0
10227 4997 0
10228 4997 0
10229 4998 0
10230 4998 0
10231 4999 0
10232 4999 0
10233 5000 1
10234 5000 0
10235 5001 1
10236 5001 0
10237 5001 0
10238 5002 0
10239 5002 0
10240 5003 0
10241 5003 0
10242 5004 0
10243 5004 0
10244 5005 1
10245 5005 0
10246 5006 0
10247 5006 1
10248 5006 0
10249 5007 1
10250 5007 0
10251 5008 0
10252 5008 0
10253 5009 0
10254 5010 0
10255 5010 0
10256 5011 1
10257 5011 0
10258 5012 0
10259 5012 1
10260 5013 1
10261 5013 0
10262 5014 0
10263 5016 0
10264 5017 0
10265 5018 0
10266 5018 0
10267 5019 0
10268 5024 1
10269 5029 1
10270 5030 1
10271 5031 0
10272 5034 1
10273 5036 1
10274 5037 1
10275 5040 0
10276 5040 1
10277 5041 0
10278 5041 0
10279 5042 1
10280 5043 1
10281 5046 0
10282 5046 1
10283 5047 0
10284 5047 0
10285 5048 0
10286 5048 1
10287 5052 0
10288 5052 0
10289 5053 0
10290 5054 0
10291 5054 1
10292 5055 1
10293 5055 0
10294 5058 0
10295 5059 0
10296 5059 0
10297 5060 0
10298 5060 0
10299 5061 0
10300 5076 0
10301 5076 0
10302 5077 0
10303 5078 0
10304 5079 0
10305 5079 0
10306 5080 0
10307 5080 0
10308 5081 0
10309 5082 0
10310 5083 0
10311 5084 0
10312 5084 0
10313 5085 0
10314 5085 0
10315 5086 0
10316 5086 0
10317 5087 0
10318 5087 0
10319 5088 0
10320 5089 0
10321 5090 0
10322 5090 0
10323 5091 0
10324 5091 0
10325 5092 0
10326 5092 0
10327 5093 0
10328 5094 0
10329 5094 0
10330 5095 0
10331 5095 0
10332 5096 0
10333 5096 0
10334 5097 0
10335 5097 0
10336 5098 0
10337 5098 0
10338 5098 0
10339 5099 0
10340 5099 0
10341 5100 0
10342 5100 0
10343 5101 0
10344 5101 0
10345 5102 0
10346 5102 0
10347 5103 0
10348 5103 0
10349 5103 0
10350 5104 0
10351 5104 0
10352 5105 0
10353 5105 0
10354 5106 0
10355 5106 0
10356 5107 0
10357 5107 0
10358 5108 0
10359 5108 0
10360 5109 0
10361 5109 0
10362 5110 0
10363 5110 0
10364 5111 0
10365 5111 0
10366 5113 0
10367 5114 0
10368 5115 0
10369 5115 0
10370 5116 0
10371 5116 0
10372 5117 0
10373 5122 0
10374 5130 0
10375 5131 0
10376 5132 1
10377 5132 0
10378 5133 0
10379 5134 0
10380 5136 0
10381 5137 1
10382 5137 0
10383 5138 1
10384 5138 0
10385 5139 0
10386 5139 0
10387 5140 0
10388 5142 0
10389 5143 0
10390 5143 0
10391 5144 1
10392 5144 0
10393 5145 0
10394 5145 0
10395 5147 0
10396 5148 0
10397 5148 0
10398 5149 1
10399 5149 0
10400 5150 1
10401 5150 0
10402 5151 1
10403 5151 0
10404 5151 0
10405 5153 0
10406 5154 0
10407 5154 0
10408 5155 1
10409 5155 0
10410 5156 1
10411 5156 0
10412 5157 1
10413 5157 0
10414 5157 0
10415 5158 0
10416 5158 0
10417 5159 0
10418 5160 0
10419 5160 0
10420 5161 1
10421 5161 0
10422 5162 1
10423 5162 0
10424 5163 1
10425 5163 0
10426 5164 0
10427 5164 0
10428 5165 0
10429 5166 0
10430 5166 0
10431 5167 0
10432 5167 0
10433 5168 0
10434 5168 1
10435 5169 1
10436 5169 0
10437 5170 0
10438 5170 0
10439 5172 0
10440 5172 0
10441 5173 0
10442 5174 1
10443 5174 1
10444 5175 1
10445 5175 0
10446 5176 0
10447 5178 0
10448 5179 0
10449 5179 0
10450 5180 0
10451 5180 1
10452 5181 1
10453 5186 1
10454 5191 1
10455 5196 0
10456 5197 1
10457 5198 0
10458 5202 0
10459 5202 0
10460 5203 0
10461 5203 0
10462 5205 1
10463 5208 0
10464 5208 0
10465 5209 0
10466 5210 0
10467 5210 0
10468 5214 0
10469 5215 0
10470 5216 0
10471 5216 1
10472 5217 1
10473 5220 0
10474 5221 0
10475 5221 0
10476 5222 0
10477 5223 0
10478 5239 0
10479 5239 0
10480 5240 0
10481 5241 0
10482 5242 0
10483 5244 0
10484 5244 0
10485 5245 0
10486 5245 0
10487 5246 0
10488 5247 0
10489 5248 0
10490 5249 0
10491 5249 0
10492 5250 0
10493 5250 0
10494 5251 0
10495 5251 0
10496 5252 0
10497 5253 0
10498 5254 0
10499 5254 0
10500 5255 0
10501 5255 0
10502 5256 0
10503 5258 0
10504 5259 0
10505 5260 0
10506 5261 0
10507 5262 0
10508 5265 0
10509 5265 0
10510 5266 0
10511 5266 0
10512 5267 0
10513 5269 0
10514 5270 0
10515 5271 0
10516 5272 0
10517 5273 0
10518 5273 0
10519 5277 0
10520 5278 0
