-0.662196 1.09231 0.256081 0.152539 -1.35089 -0.0335272 
-0.686479 1.18512 -0.0449333 0.136907 -1.14373 -0.056976 
-0.704032 1.33843 -0.422482 0.134592 -0.920322 -0.0818017 
-0.71725 1.61373 -0.998987 0.161434 -0.620916 -0.131619 
-0.673236 0.534443 0.480294 0.0310784 -0.609261 -0.165992 
-0.695634 0.813269 0.134089 -0.00551373 -0.541727 -0.144586 
-0.711866 1.09458 -0.275937 -0.0431228 -0.413283 -0.116392 
-0.724007 1.45715 -0.865372 -0.153405 -0.18806 -0.00985137 
-0.672769 0.124285 0.428032 -0.135338 0.171854 -0.12222 
-0.694966 0.52442 0.149931 3.00589 -0.0496324 -3.27631 
-0.711042 0.910411 -0.235618 0.0935288 0.0483089 -0.374297 
-0.723217 1.35603 -0.823366 -3.06511 -0.191277 2.77754 
-0.670588 -0.0345842 0.150115 -0.0674233 0.815989 -0.278831 
-0.692882 0.341254 0.0379904 -0.0682683 0.5514 -0.284787 
-0.709082 0.771105 -0.256943 -0.0646329 0.415826 -0.296792 
-0.721388 1.28054 -0.813065 -0.042132 0.461574 5.95514 
-0.670048 0.0270648 -0.323548 -0.0567802 1.35749 -0.362916 
-0.692242 0.267112 -0.186961 -0.0537572 0.980221 -0.364383 
-0.708449 0.671149 -0.32767 -0.0558986 0.71642 -0.366318 
-0.720725 1.21662 -0.814921 -0.0501725 0.65767 -0.379496 
-0.692323 0.310552 -0.546691 -0.0443463 1.38351 -0.426127 
-0.708419 0.61292 -0.452323 -0.0443063 0.986458 -0.424623 
-0.72066 1.16191 -0.82886 -0.0439057 0.813649 -0.430075 
-0.692595 0.607881 -1.30281 -0.042021 1.90467 -0.480126 
-0.7086 0.603886 -0.642503 -0.0359102 1.24828 -0.469937 
-0.720779 1.11646 -0.856548 -0.0365844 0.949512 -0.471433 
-0.314062 1.05896 0.458784 0.721686 -1.53105 -0.0348787 
-0.479473 1.11501 0.169573 0.574297 -1.32858 -0.153983 
-0.587207 1.25256 -0.220142 0.509835 -1.08998 -0.252636 
-0.66205 1.51853 -0.80849 0.539754 -0.786333 -0.399975 
-0.31834 0.415235 0.715443 0.848507 -0.967042 -0.499742 
-0.482592 0.713925 0.358974 0.691838 -0.874078 -0.483278 
-0.590481 1.00895 -0.0790508 0.642131 -0.72571 -0.542683 
-0.664002 1.37989 -0.697699 0.761176 -0.502518 -0.751996 
-0.594298 0.801491 -0.0210572 1.10736 -0.381552 -1.16523 
-0.667248 1.26913 -0.640403 1.43546 -0.281848 -1.56138 
-0.336294 -0.294832 0.386874 -0.593479 0.903712 0.457644 
-0.494138 0.140188 0.291374 -0.736505 0.541075 0.590699 
-0.669668 1.18338 -0.620654 2.3705 -0.340814 -2.60525 
-0.342848 -0.225278 -0.0839496 -0.392027 1.36892 0.107799 
-0.498092 0.0449595 0.070033 -0.383094 0.918244 0.125191 
-0.600319 0.519417 -0.0955126 -0.4483 0.595565 0.175125 
-0.671344 1.1126 -0.618558 2.70694 -0.505104 -3.01938 
-0.347891 0.078213 -0.84342 -0.347449 1.88096 -0.121992 
-0.501181 0.0705705 -0.263986 -0.272722 1.29543 -0.0798708 
-0.602342 0.444485 -0.209606 -0.286074 0.856026 -0.0570926 
-0.672721 1.05159 -0.628291 -0.298301 0.656373 -0.0714687 
-0.503761 0.239813 -0.782962 -0.231938 1.69972 -0.221347 
-0.604035 0.416304 -0.378112 -0.211199 1.1114 -0.189794 
-0.673899 0.998267 -0.647569 -0.226271 0.7908 -0.187776 
0.103549 1.05726 0.490896 1.26669 -1.56408 -0.0216535 
-0.235136 1.08506 0.287595 0.937484 -1.45253 -0.159349 
-0.46168 1.19674 -0.0765975 0.753691 -1.23155 -0.302618 
-0.60984 1.45349 -0.673201 0.720544 -0.921449 -0.488066 
0.100185 0.398728 0.75478 1.3836 -1.2216 -0.583045 
-0.237688 0.659062 0.485313 1.05765 -1.08905 -0.540629 
-0.463954 0.946671 0.0633452 0.889535 -0.925665 -0.600333 
-0.61105 1.32017 -0.571123 0.916203 -0.689227 -0.802055 
-0.46811 0.72366 0.130074 1.20543 -0.639218 -1.08244 
-0.614222 1.20744 -0.510547 1.28502 -0.489452 -1.29732 
0.0792515 -0.358583 0.442439 -0.877394 1.2532 0.963869 
-0.252497 0.0124869 0.436516 -1.03674 0.781253 1.09261 
-0.617622 1.11443 -0.481714 1.85215 -0.421783 -1.97452 
0.0691678 -0.29174 -0.024149 -0.691473 1.58229 0.5502 
-0.259289 -0.0948167 0.214325 -0.661904 1.03951 0.563578 
-0.477543 0.403723 0.073303 -0.802158 0.634256 0.673051 
0.0617722 -0.0045218 -0.74869 -0.662126 1.9832 0.210571 
-0.264735 -0.0743238 -0.113264 -0.500993 1.35353 0.27031 
-0.480968 0.315153 -0.0347861 -0.532758 0.840444 0.315699 
-0.622575 0.969103 -0.477416 -0.587522 0.591204 0.317028 
-0.269203 0.0721619 -0.585531 -0.435928 1.6971 0.0594552 
-0.483832 0.275251 -0.194026 -0.396433 1.06932 0.104349 
-0.624457 0.911299 -0.495044 -0.440404 0.708062 0.11812 
0.480081 1.07176 0.355457 1.72223 -1.5926 -0.141927 
0.0319073 1.07938 0.314433 1.27992 -1.51958 -0.169361 
-0.324145 1.16065 0.0244769 0.955954 -1.34076 -0.312322 
-0.557246 1.40012 -0.55915 0.832718 -1.02894 -0.515795 
0.0293955 0.646888 0.515306 1.38541 -1.23886 -0.578436 
-0.326427 0.902336 0.165513 1.08093 -1.06171 -0.618271 
-0.55849 1.26924 -0.463879 1.00866 -0.8102 -0.812033 
-0.330817 0.667009 0.237184 1.33435 -0.816146 -1.05035 
-0.56162 1.15565 -0.403462 1.28419 -0.625818 -1.2102 
0.461528 -0.200501 0.324092 -0.93552 1.60132 1.29398 
-0.336354 0.468714 0.243818 1.74699 -0.702047 -1.61584 
-0.565063 1.05876 -0.370337 1.66598 -0.532082 -1.69748 
0.453156 -0.158864 -0.126787 -0.851454 1.85697 0.888671 
0.00707642 -0.138813 0.259671 -0.813238 1.25692 0.883046 
-0.341239 0.318413 0.191812 -0.985574 0.755622 0.993672 
0.000908038 -0.122488 -0.063622 -0.67658 1.5088 0.574672 
-0.345325 0.219382 0.0873199 -0.715848 0.910534 0.621835 
-0.570562 0.90308 -0.356914 -0.830936 0.596252 0.650178 
-0.00426345 0.0168732 -0.522455 -0.623463 1.79701 0.323263 
-0.348823 0.171637 -0.0673346 -0.557319 1.10459 0.373547 
-0.572736 0.839931 -0.370414 -0.642858 0.682323 0.406979 
0.749945 1.14887 0.0594947 2.0214 -1.73446 -0.324845 
0.290578 1.09381 0.249755 1.58845 -1.57487 -0.2272 
-0.175995 1.14051 0.08536 1.14565 -1.42373 -0.313075 
-0.503081 1.35647 -0.463068 0.918394 -1.11653 -0.52134 
0.7482 0.66447 0.279031 2.0859 -1.64808 -0.724389 
0.288329 0.679078 0.446205 1.6814 -1.37096 -0.62791 
-0.178485 0.8755 0.228254 1.26021 -1.16632 -0.628309 
-0.504431 1.22596 -0.371842 1.08147 -0.901485 -0.809834 
0.743564 0.283075 0.270535 -0.959672 1.69828 1.94153 
-0.507632 1.11117 -0.311942 1.31122 -0.72581 -1.16197 
0.737701 0.0984201 0.0402996 -0.889335 1.8648 1.5047 
0.274981 0.0390538 0.418292 -1.02909 1.32218 1.506 
-0.188954 0.423262 0.314312 1.78618 -0.863297 -1.50953 
0.2684 -0.0792655 0.209067 -0.865173 1.48796 1.11956 
-0.514033 0.924653 -0.259792 -1.24357 0.606122 1.20989 
0.262824 -0.0690968 -0.108797 -0.781103 1.70134 0.821207 
-0.197933 0.157498 0.163092 -0.821798 1.0272 0.849921 
-0.51657 0.847875 -0.25709 2.14488 -0.636267 -2.24447 
0.258035 0.0679624 -0.570926 -0.769295 1.95104 0.543191 
-0.201616 0.104642 0.0110599 -0.674915 1.192 0.599745 
-0.518815 0.780457 -0.267602 -0.806417 0.696413 0.650394 
-2.3174 1.1524 0.0488176 -2.09705 -1.76297 6.60085 
-1.83626 1.08227 0.300426 1.49615 1.58497 -2.95402 
-1.32036 1.11821 0.158336 -1.14757 -1.44697 0.267613 
-0.966289 1.32643 -0.395863 -0.886458 -1.13006 0.480896 
-2.3123 0.685009 0.253232 0.941341 1.79425 3.63931 
-1.83394 0.669175 0.486064 -1.78852 -1.48983 6.68632 
-1.32242 0.858375 0.287033 -1.32083 -1.2827 0.409147 
-0.969797 1.20933 -0.325135 -1.09716 -1.01719 0.600654 
-1.31919 0.606297 0.36915 1.68622 1.11061 -2.53276 
-0.967453 1.0946 -0.261228 -1.23531 -0.868165 0.713991 
-0.963968 0.98989 -0.217532 -1.41058 -0.740356 0.875293 
-0.960359 0.895898 -0.193003 1.50178 0.65611 4.23447 
-1.81517 -0.12493 -0.0477282 0.903545 1.74294 -1.54565 
-1.80931 0.00510934 -0.496857 0.880706 1.95155 -1.31403 
-1.29906 0.0309933 0.0958781 0.782733 1.16652 -1.4154 
-2.04888 1.07383 0.343311 -1.82044 -1.60901 0.148862 
-1.5683 1.07259 0.350667 -1.34512 -1.53757 0.143717 
-1.17087 1.14264 0.0790381 -0.974594 -1.36908 0.287042 
-0.915294 1.37651 -0.507526 -0.82387 -1.04945 0.49352 
-2.04393 0.510262 0.567827 1.16689 1.56587 3.58951 
-1.17445 0.889812 0.204529 -1.19293 -1.17075 0.438089 
-0.919678 1.25733 -0.432627 -1.08792 -0.925 0.647958 
-1.56334 0.233323 0.602702 1.41291 1.20886 -2.37638 
-1.17037 0.648768 0.282735 -1.37024 -0.961973 0.653197 
-0.916745 1.14312 -0.367643 -1.27195 -0.762217 0.796595 
-0.912936 1.0406 -0.323698 -1.51004 -0.634532 1.01209 
-2.02801 -0.14586 -0.129699 0.963751 1.95375 -1.57311 
-1.54904 -0.178894 0.302902 0.923344 1.33451 -1.60772 
-0.908514 0.952326 -0.304263 1.32948 0.572627 -1.8456 
-1.54193 -0.166477 -0.0181498 0.778761 1.53923 -1.36122 
-1.1534 0.169645 0.151867 0.840753 0.910435 -1.45707 
-1.53551 -0.0311791 -0.469188 0.710695 1.79703 -1.15828 
-1.14876 0.117153 -0.00171194 -2.49838 -1.08082 1.904 
-1.67774 1.05764 0.477068 -1.39974 -1.56472 0.0355456 
-1.29793 1.0805 0.309049 -1.02697 -1.47626 0.154872 
-1.03634 1.18382 -0.0411639 -0.805321 -1.26451 0.304047 
-0.866887 1.4364 -0.637104 -0.749736 -0.952167 0.495068 
-1.67634 0.419748 0.720238 -1.63499 -1.34164 6.70926 
-1.30151 0.65711 0.492318 -1.28456 -1.18948 0.398141 
-1.04167 0.93945 0.0821861 -1.08997 -1.02965 0.478795 
-0.872353 1.3143 -0.557647 -1.09945 -0.812459 0.711858 
-1.66857 -0.122513 0.704714 1.22376 1.27759 -2.12389 
-1.03647 0.713012 0.154866 -1.33563 -0.788496 0.73296 
-0.868553 1.20032 -0.491697 -1.36595 -0.637776 0.930335 
-0.863693 1.10213 -0.451716 -1.71736 -0.52898 1.25046 
-1.64851 -0.279151 -0.0284086 0.804458 1.67347 -1.33592 
-1.27744 -0.120089 0.242606 0.776437 1.10975 -1.3762 
-0.859215 1.01929 -0.435669 -2.10354 -0.517097 1.61078 
-1.27038 -0.103691 -0.0818883 0.594905 1.37857 -1.13902 
-1.01878 0.282433 0.0101007 -2.4977 -0.843942 1.92609 
-1.26453 0.0386259 -0.546735 0.512051 1.69809 -0.973156 
-1.01481 0.238791 -0.147159 0.470575 1.05488 -1.03602 
-1.26966 1.06006 0.444352 -0.908998 -1.52996 0.0523485 
-1.05821 1.11271 0.177115 -0.715942 -1.35633 0.182891 
-0.917149 1.24638 -0.204825 -0.623326 -1.12743 0.299154 
-0.82015 1.51095 -0.792716 -0.643119 -0.829307 0.468318 
-1.06536 0.716869 0.349696 -1.07364 -0.980109 0.431033 
-0.924907 1.00891 -0.0802523 -1.0179 -0.844797 0.533146 
-0.827046 1.38289 -0.705675 -1.15036 -0.665912 0.810664 
-0.918055 0.799496 -0.0161777 -1.40621 -0.58009 0.899944 
-0.822125 1.26855 -0.638273 -1.59312 -0.495417 1.18891 
-1.25133 -0.274881 0.37428 0.762855 1.07095 -1.32227 
-1.04731 0.135879 0.299396 -2.22711 -0.699375 1.66926 
-0.816262 1.17783 -0.60685 -2.1207 -0.456039 1.67592 
-1.2411 -0.215801 -0.0887049 0.534325 1.44026 -1.02772 
-1.03983 0.0345092 0.0838325 0.530663 0.974566 -1.07016 
-0.905229 0.505355 -0.0723864 -2.5123 -0.640284 1.98389 
-1.23338 0.0834797 -0.846155 0.471026 1.9081 -0.824963 
-1.03438 0.0559996 -0.246504 0.372391 1.31422 -0.893569 
-0.901289 0.426348 -0.18295 0.396738 0.862425 -0.936814 
-0.809049 1.03816 -0.602342 0.424433 0.651361 -0.932409 
-1.03034 0.21949 -0.756441 0.310545 1.70011 -0.78595 
-0.89844 0.39535 -0.348943 0.285224 1.10507 -0.832778 
-0.806945 0.984628 -0.623082 0.308527 0.777628 -0.840332 
-0.930371 1.09442 0.247177 -0.429788 -1.36189 0.0946739 
-0.861059 1.18575 -0.0468972 -0.382789 -1.16672 0.157024 
-0.810892 1.33718 -0.419668 -0.371712 -0.95118 0.222396 
-0.772686 1.61378 -0.999039 -0.43527 -0.661509 0.351564 
-0.942539 0.547968 0.455663 -0.934878 -0.751516 0.427807 
-0.872075 0.821272 0.117842 -0.908077 -0.680849 0.469425 
-0.820795 1.10263 -0.291696 -0.985039 -0.578866 0.613196 
-0.781817 1.4696 -0.89004 -1.31319 -0.454654 1.01747 
-0.812886 0.913417 -0.239989 1.31303 0.349009 -1.74075 
-0.7752 1.36122 -0.832253 -2.18723 -0.382448 1.80698 
-0.920447 -0.0273794 0.144351 0.380575 0.888369 -0.858054 
-0.854476 0.341477 0.0389254 0.447554 0.621369 -0.926866 
-0.769612 1.2796 -0.809889 0.432028 0.507626 -0.867107 
-0.914422 0.030411 -0.325912 0.222873 1.38197 -0.703294 
-0.85005 0.26373 -0.180767 0.225171 0.99771 -0.726771 
-0.802488 0.666976 -0.320621 0.248434 0.73177 -0.747099 
-0.766499 1.21291 -0.807062 0.240489 0.665995 -0.719349 
-0.847069 0.305765 -0.540027 0.152163 1.3893 -0.666361 
-0.800567 0.605908 -0.440308 0.157453 0.986256 -0.683796 
-0.764757 1.15674 -0.818916 0.160066 0.811506 -0.673656 
-0.845296 0.587439 -1.26842 0.131491 1.89247 -0.624554 
-0.799156 0.595205 -0.628481 0.114861 1.24414 -0.660168 
-0.763663 1.11023 -0.845161 0.118417 0.943844 -0.659021 
-0.673238 1.14872 0.211877 0.0181231 -1.76626 0.144023 
-0.695649 1.12424 -0.0147093 -0.00281886 -1.51517 0.1495 
-0.711808 1.18017 -0.324472 -0.0185427 -1.26145 0.161368 
-0.724079 1.33826 -0.773142 -0.0348999 -0.971211 0.18014 
-0.662198 0.581256 0.478959 0.170196 -1.0664 -0.0828718 
-0.686548 0.748694 0.163269 0.15694 -0.917942 -0.0958449 
-0.704107 0.944376 -0.203622 0.157669 -0.746967 -0.116128 
-0.717275 1.20391 -0.686334 0.18762 -0.525223 -0.162782 
-0.673234 0.124635 0.462299 0.0968235 -0.18151 -0.235669 
-0.695664 0.450962 0.169524 -0.014717 -0.214815 -0.134896 
-0.711809 0.762051 -0.190672 -0.106607 -0.166601 -0.0505831 
-0.724009 1.11008 -0.676578 -0.803361 -0.039955 0.642423 
-0.672768 -0.0531913 0.183225 -0.0416588 0.594122 -0.22103 
-0.694966 0.285754 0.0176043 -0.0163403 0.420197 -0.255343 
-0.71105 0.646999 -0.266857 0.0168277 0.343102 -0.296852 
-0.723216 1.05837 -0.724969 0.0371858 0.390405 -0.323274 
-0.670588 0.00911792 -0.297374 -0.0522988 1.21908 -0.30703 
-0.692878 0.247534 -0.255907 -0.0443468 0.938467 -0.316726 
-0.709086 0.588121 -0.404251 -0.0384265 0.745722 -0.327708 
-0.721411 1.02728 -0.790903 -0.0296762 0.692785 -0.342764 
-0.670049 0.435798 -1.30768 -0.0593066 1.93197 -0.395922 
-0.692243 0.34033 -0.684256 -0.045275 1.4038 -0.386799 
-0.708423 0.580801 -0.602402 -0.0416214 1.08109 -0.38887 
-0.720761 1.01151 -0.873903 -0.0385845 0.921521 -0.395805 
-0.708416 0.643681 -0.90069 -0.0374696 1.40373 -0.442823 
-0.720702 1.0096 -0.975255 -0.0355777 1.11213 -0.444465 
-0.318354 1.10174 0.429821 0.692374 -1.82631 0.133992 
-0.482566 1.03074 0.217476 0.511297 -1.57639 -0.00228935 
-0.589924 1.07293 -0.112534 0.426121 -1.29789 -0.0894192 
-0.664019 1.24461 -0.607304 0.411234 -0.981533 -0.181342 
-0.314064 0.460253 0.708132 0.762376 -1.27218 -0.273893 
-0.479488 0.630588 0.385831 0.630592 -1.10711 -0.315623 
-0.587659 0.842098 -0.0120653 0.576448 -0.916683 -0.376688 
-0.662249 1.12728 -0.544309 0.617318 -0.679971 -0.50426 
-0.318337 -0.0980641 0.702343 1.2794 -0.700819 -1.12417 
-0.482568 0.290379 0.402601 1.00533 -0.61805 -0.90378 
-0.589475 0.647446 0.0126046 0.905481 -0.530311 -0.864591 
-0.664023 1.03253 -0.524844 1.04827 -0.393468 -1.06963 
-0.327568 -0.308485 0.415894 -0.851475 0.77436 0.772804 
-0.488749 0.0835905 0.265253 -1.02569 0.504193 0.94233 
-0.336296 -0.241311 -0.0600945 -0.482541 1.24332 0.22921 
-0.49415 0.0243883 0.00145562 -0.465809 0.881081 0.239891 
-0.597804 0.424895 -0.16633 -0.498558 0.627186 0.264298 
-0.669668 0.919324 -0.599455 -0.469906 0.541022 0.205417 
-0.342853 0.0604095 -0.815927 -0.392842 1.78228 -0.0616489 
-0.498122 0.0894012 -0.380702 -0.313235 1.30057 -0.0294 
-0.600324 0.396815 -0.342616 -0.30566 0.940886 -0.0199947 
-0.671316 0.88978 -0.665265 -0.302354 0.756468 -0.0402193 
-0.501215 0.343053 -1.03262 -0.26798 1.77429 -0.21112 
-0.602342 0.424315 -0.585569 -0.227315 1.23966 -0.172488 
-0.672713 0.873371 -0.74642 -0.223924 0.943023 -0.177189 
0.100184 1.09457 0.467164 1.25591 -1.81235 0.15127 
-0.23767 0.98975 0.34209 0.887774 -1.66688 -0.0301966 
-0.463528 1.00416 0.0350627 0.681535 -1.40053 -0.175199 
-0.611075 1.17768 -0.48279 0.613485 -1.06815 -0.313064 
0.103728 0.440177 0.746557 1.28701 -1.45812 -0.367289 
-0.235144 0.562998 0.513507 0.987952 -1.28246 -0.407256 
-0.461818 0.765777 0.131225 0.824195 -1.07394 -0.47577 
-0.609909 1.06492 -0.428404 0.804423 -0.817166 -0.617867 
0.100185 -0.139341 0.744169 -1.53913 1.17762 1.97045 
-0.23763 0.189351 0.53431 -1.83366 0.926613 -4.14354 
-0.463529 0.55902 0.156189 1.11243 -0.764681 -0.932425 
-0.611083 0.969628 -0.408205 1.13243 -0.59094 -1.07082 
0.0908308 -0.361789 0.462854 -1.09312 1.23097 1.18954 
-0.244476 -0.0415243 0.400653 1.9065 -0.828685 -1.83006 
-0.6142 0.89366 -0.419648 1.71673 -0.473322 -1.78218 
0.0793674 -0.301318 -0.00497563 -0.821415 1.51246 0.667513 
-0.252497 -0.112418 0.141553 -0.776702 1.0446 0.674798 
-0.473272 0.302845 -0.000149963 -0.854939 0.698697 0.738055 
-0.617626 0.838515 -0.457626 2.28021 -0.544589 -2.45503 
0.0691293 -0.0161896 -0.727911 -0.741712 1.90752 0.265496 
-0.259294 -0.0537737 -0.228302 -0.571472 1.36914 0.31579 
-0.477541 0.260611 -0.164402 -0.558524 0.933834 0.334358 
-0.620367 0.799269 -0.512249 -0.569846 0.697795 0.311175 
-0.264712 0.150332 -0.785318 -0.496614 1.74793 0.0577053 
-0.48097 0.272145 -0.385827 -0.419396 1.19223 0.104261 
-0.622557 0.772401 -0.580091 -0.422492 0.854943 0.0991772 
0.47751 1.10467 0.335603 1.68554 -1.81941 0.0324252 
0.0293454 0.98065 0.371684 1.22761 -1.73291 -0.0455664 
-0.326061 0.959255 0.13857 0.882518 -1.50426 -0.204194 
-0.558513 1.12365 -0.378592 0.732619 -1.15916 -0.36384 
0.480084 0.523061 0.589082 1.70817 -1.63831 -0.453998 
0.0319735 0.547365 0.543157 1.30729 -1.43589 -0.462177 
-0.324232 0.711026 0.23419 1.01726 -1.20794 -0.521493 
-0.557331 1.01119 -0.328292 0.91442 -0.927122 -0.661805 
0.0293931 0.164277 0.565866 -1.5943 1.19336 2.10442 
-0.32606 0.492013 0.260848 1.2701 -0.93878 -0.963885 
-0.558523 0.913759 -0.307879 1.19494 -0.719395 -1.06931 
0.470478 -0.196238 0.337128 -1.10823 1.62943 1.43569 
-0.561619 0.833873 -0.314945 1.61749 -0.59738 -1.61541 
0.461512 -0.162146 -0.112525 -0.984052 1.83197 0.964915 
0.0144899 -0.152022 0.182021 -0.927713 1.29534 0.952752 
-0.336356 0.212975 0.114071 -1.01828 0.843253 1.00715 
-0.565078 0.772277 -0.344817 -1.08119 0.609227 0.978269 
0.00711814 -0.0989938 -0.180286 -0.763312 1.54098 0.596532 
-0.341202 0.161592 -0.0434954 -0.738822 1.0142 0.609832 
-0.56806 0.725822 -0.390955 -0.779307 0.70606 0.593288 
0.00113601 0.0919899 -0.713463 -0.706619 1.84643 0.297618 
-0.34532 0.164512 -0.25443 -0.582648 1.22864 0.349415 
-0.570563 0.691944 -0.450802 -0.597479 0.82922 0.344668 
0.748203 1.17718 0.0439303 1.94223 -1.94293 -0.161699 
0.287507 0.997374 0.308188 1.52112 -1.79365 -0.0989391 
-0.178069 0.933376 0.201352 1.06691 -1.59481 -0.217043 
-0.50445 1.07813 -0.289031 0.820318 -1.24213 -0.384873 
0.749946 0.691893 0.270333 1.97228 -1.83665 -6.83733 
0.290581 0.584916 0.472085 1.58663 -1.57965 -0.513759 
-0.176114 0.677513 0.29727 1.19169 -1.32497 -0.548663 
-0.503177 0.964426 -0.241026 0.995025 -1.01827 -0.679908 
-0.178071 0.449387 0.325245 1.41482 -1.08911 -0.982987 
-0.504461 0.864315 -0.220449 1.24868 -0.817974 -1.06505 
0.282192 -0.00788269 0.373217 1.97685 -1.4235 -1.56178 
0.274997 -0.0898987 0.12887 -0.980386 1.54906 1.15044 
-0.188673 0.155364 0.183721 -1.07505 1.0055 1.16707 
0.268411 -0.0432981 -0.228838 -0.880435 1.74851 0.812261 
-0.193683 0.0986424 0.0298097 -0.845602 1.14025 0.809542 
-0.514035 0.663637 -0.291161 -0.918156 0.746386 0.796023 
0.262821 0.149218 -0.772679 -0.878167 2.00528 0.480122 
-0.197917 0.0964737 -0.17531 -0.704201 1.31814 0.551675 
-0.516569 0.624479 -0.345356 -0.733326 0.841257 0.544372 
-2.31228 1.17635 0.024828 -2.13231 -1.94376 6.60588 
-1.3224 0.900298 0.268175 -1.19247 -1.58824 0.385309 
-0.969794 1.04639 -0.235896 -0.925667 -1.24501 0.599584 
-2.31729 0.697684 0.259539 1.09989 1.88014 3.68042 
-1.83621 0.55552 0.527773 -1.63788 -1.6063 6.76953 
-1.32028 0.636744 0.374082 -1.19119 -1.34266 0.515987 
-0.966334 0.931748 -0.179754 -0.96345 -1.02283 0.643103 
-0.969827 0.841734 -0.1719 -1.23139 -0.931936 0.838698 
-1.83085 -0.045181 0.422184 -1.91862 -1.591 1.14853 
-0.967473 0.755932 -0.169545 -1.45255 -0.812024 1.03777 
-1.82067 -0.0973979 -0.165846 1.02803 1.79619 -1.44454 
-1.30383 0.0210886 -0.0869954 -2.31398 -1.28566 1.84497 
-1.56839 0.969177 0.398474 -1.41678 -1.73489 0.215664 
-1.17445 0.937275 0.182744 -1.02882 -1.53265 0.40105 
-0.919675 1.10295 -0.343595 -0.861823 -1.19951 0.606362 
-2.04881 0.530289 0.575386 -1.79735 -1.68308 6.73552 
-1.56829 0.525908 0.583698 1.77577 1.46995 -2.69078 
-1.17096 0.681193 0.290319 -1.03313 -1.23428 0.505725 
-0.915346 0.986381 -0.281903 -0.905176 -0.942425 0.642596 
-1.17458 0.467193 0.304059 -1.3423 -1.07335 0.779915 
-0.919686 0.898689 -0.276078 -1.24054 -0.844613 0.888007 
-0.91677 0.816003 -0.276073 -1.52677 -0.720551 1.14074 
-2.0344 -0.144616 -0.118529 1.10307 1.96229 -1.52746 
-1.54956 -0.140798 -0.13454 0.887357 1.58356 -1.29352 
-1.15874 0.111072 0.0207503 -2.26587 -1.02459 1.78678 
-0.908507 0.694488 -0.333756 0.967286 0.693432 -1.39985 
-1.54192 0.0410176 -0.651535 0.815568 1.83918 -1.05553 
-1.15341 0.108043 -0.185398 0.682528 1.20146 -1.14134 
-0.904933 0.655448 -0.389007 0.728348 0.780182 -1.18021 
-1.67628 1.09402 0.439849 -1.52268 -1.80373 0.0550127 
-1.30148 0.986461 0.349877 -1.1167 -1.70631 0.233403 
-1.04168 0.994309 0.0560569 -0.869205 -1.4704 0.418276 
-0.872761 1.16811 -0.465502 -0.785492 -1.15452 0.605086 
-1.29793 0.550475 0.537199 -1.07229 -1.32506 0.420274 
-1.03633 0.746875 0.166879 -0.874271 -1.11123 0.48761 
-0.866917 1.04855 -0.397852 -0.833904 -0.847615 0.630098 
-1.30144 0.184046 0.542046 1.66719 1.10736 -2.28724 
-1.0416 0.546724 0.176658 -1.27979 -0.916177 0.81341 
-0.872355 0.96289 -0.395042 -1.27839 -0.741632 0.962021 
-0.868556 0.884383 -0.399751 -1.67394 -0.626117 1.31045 
-1.65857 -0.282322 -0.01376 0.945149 1.6515 -1.3296 
-1.28575 -0.132221 0.16487 0.901713 1.15909 -1.36462 
-0.863598 0.822452 -0.425582 1.04818 0.613172 4.83683 
-1.27748 -0.0808175 -0.197445 0.689379 1.40952 -1.09589 
-1.02374 0.227769 -0.120096 0.686667 0.951592 -1.14614 
-1.27036 0.114137 -0.739512 0.592487 1.74511 -0.894196 
-1.01878 0.233712 -0.335666 0.507278 1.17691 -0.962972 
-0.855736 0.745862 -0.53474 0.523922 0.824536 -0.976898 
-1.27513 1.10594 0.398114 -1.06257 -1.83954 0.0907408 
-1.06562 1.03519 0.207489 -0.822125 -1.65263 0.279287 
-0.92454 1.07524 -0.114929 -0.70136 -1.40443 0.427379 
-0.827137 1.24971 -0.61526 -0.681346 -1.1093 0.589538 
-1.26966 0.469195 0.691165 -0.949498 -1.32272 0.330424 
-1.05762 0.626378 0.394301 -0.775688 -1.15775 0.374984 
-0.917152 0.833492 0.00416282 -0.695816 -0.965976 0.443351 
-0.820089 1.11987 -0.530502 -0.72597 -0.729528 0.584591 
-1.06536 0.296689 0.392383 -1.35116 -0.844983 0.878986 
-0.924545 0.647399 0.00894221 -1.2664 -0.730208 0.883311 
-0.82705 1.0359 -0.532634 -1.37431 -0.612684 1.08899 
-0.822033 0.963578 -0.546207 -1.96133 -0.539861 1.61157 
-1.25133 -0.224902 -0.0703504 0.667189 1.37094 -1.04778 
-1.04734 0.0181339 0.0106756 0.656012 0.990831 -1.0892 
-0.910776 0.41391 -0.14871 -2.42723 -0.722793 1.9943 
-0.816249 0.912025 -0.584285 0.70685 0.616202 -1.10253 
-1.2411 0.0687117 -0.821014 0.548939 1.82568 -0.797843 
-1.03983 0.0773773 -0.365099 0.444717 1.33432 -0.862421 
-0.905221 0.379 -0.316625 0.442474 0.961076 -0.893943 
-0.811985 0.877024 -0.641761 0.449395 0.765573 -0.882978 
-1.03438 0.31811 -0.996501 0.367549 1.77046 -0.718951 
-0.901288 0.401497 -0.553158 0.316183 1.23351 -0.778528 
-0.809034 0.856579 -0.717379 0.316432 0.928302 -0.780852 
-0.942542 1.15438 0.188806 -0.598493 -1.79505 0.201941 
-0.872067 1.13086 -0.031017 -0.519221 -1.57582 0.310899 
-0.820715 1.18744 -0.339228 -0.487285 -1.34132 0.407255 
-0.781823 1.35326 -0.800727 -0.506277 -1.06681 0.529668 
-0.930516 0.586488 0.469042 -0.47419 -1.10411 0.227014 
-0.860699 0.748257 0.162935 -0.432927 -0.957677 0.260819 
-0.810274 0.942388 -0.200551 -0.428419 -0.788984 0.311084 
-0.772657 1.20313 -0.685 -0.495307 -0.574845 0.425329 
-0.820665 0.769876 -0.204236 -1.37514 -0.483051 1.06338 
-0.781804 1.12089 -0.696315 -1.63784 -0.439038 1.37664 
-0.930597 -0.0385148 0.169925 0.62552 0.771516 -1.01054 
-0.862552 0.291736 0.0110276 -2.43542 -0.595589 2.04639 
-0.812879 0.650403 -0.271405 -2.39338 -0.507515 2.01655 
-0.775151 1.0628 -0.73165 -2.48309 -0.520977 2.13463 
-0.920447 0.0156643 -0.30268 0.306679 1.26958 -0.704579 
-0.854475 0.247121 -0.254167 0.307565 0.983005 -0.72909 
-0.806248 0.585708 -0.399587 0.323528 0.784461 -0.747373 
-0.769613 1.02795 -0.791474 0.311972 0.725271 -0.720888 
-0.914422 0.439791 -1.31176 0.235241 1.94419 -0.573628 
-0.849803 0.336188 -0.677974 0.190496 1.41467 -0.632692 
-0.802611 0.573907 -0.590803 0.187458 1.08642 -0.649348 
-0.766498 1.00898 -0.869311 0.18506 0.926308 -0.640815 
-0.800341 0.635564 -0.888227 0.132465 1.40108 -0.618118 
-0.764757 1.00635 -0.969908 0.129413 1.10984 -0.620777 
-0.694968 1.05572 0.00465204 0.00683325 -1.7839 0.271702 
-0.710974 1.03267 -0.273982 -0.00534092 -1.48221 0.281424 
-0.723217 1.14752 -0.727554 -0.0159238 -1.14362 0.295557 
-0.673234 0.63961 0.45486 0.0178241 -1.50018 0.139247 
-0.695646 0.698395 0.1647 -0.00294559 -1.26873 0.150223 
-0.711809 0.824333 -0.191845 -0.0205013 -1.03828 0.166131 
-0.723946 1.036 -0.669966 -0.0411532 -0.772235 0.189908 
-0.662191 0.150574 0.48524 0.247366 -0.65061 -0.198313 
-0.686503 0.401354 0.16913 0.227881 -0.582375 -0.191349 
-0.704 0.653191 -0.197651 0.239622 -0.467037 -0.214808 
-0.717167 0.951427 -0.67703 0.332073 -0.289414 -0.319055 
-0.673237 -0.0712782 0.229684 -0.0724903 0.247893 -0.070219 
-0.695647 0.239364 0.000118474 0.0171513 0.166067 -0.166263 
-0.711809 0.555029 -0.311725 0.108787 0.163347 -0.263072 
-0.72401 0.916033 -0.765283 3.25722 -0.256613 -3.41406 
-0.672768 -0.0171559 -0.255539 -0.0277695 0.996624 -0.240471 
-0.694966 0.231442 -0.321879 -0.0091873 0.813991 -0.263948 
-0.711043 0.538783 -0.5201 0.00829067 0.704859 -0.287217 
-0.723217 0.929196 -0.915865 0.0221174 0.710391 -0.305678 
-0.67059 0.380919 -1.21536 -0.0500281 1.76459 -0.334706 
-0.692878 0.384081 -0.841592 -0.0363776 1.38726 -0.3363 
-0.709084 0.600525 -0.824999 -0.0285142 1.15385 -0.344387 
-0.721395 0.982021 -1.11769 -0.021419 1.06477 -0.355336 
-0.489207 0.94487 0.253758 0.437217 -1.80311 0.12947 
-0.594372 0.908297 -0.0517182 0.341494 -1.4659 0.0511425 
-0.667252 1.03872 -0.548998 0.314402 -1.10018 -0.0149916 
-0.31834 0.508341 0.694099 0.665754 -1.56927 -0.0738341 
-0.48257 0.553608 0.398725 0.529614 -1.3192 -0.150144 
-0.589928 0.696284 0.00965124 0.471448 -1.06834 -0.208421 
-0.66402 0.941924 -0.52271 0.489532 -0.784891 -0.304026 
-0.314059 -0.0712695 0.715383 0.971101 -0.926304 -0.720881 
-0.479331 0.229294 0.392063 0.818873 -0.808014 -0.636453 
-0.587468 0.525345 -0.00622299 0.768927 -0.671629 -0.64818 
-0.661935 0.865847 -0.53532 0.877336 -0.492737 -0.814387 
-0.318244 -0.315781 0.448979 -1.28589 0.699519 1.27752 
-0.589926 0.411547 -0.100692 -1.56771 0.409375 -4.74807 
-0.327557 -0.262447 -0.0239888 -0.64471 1.06619 0.436895 
-0.488744 0.00934425 -0.0648325 -0.623251 0.786256 0.447132 
-0.594268 0.366306 -0.274133 -0.626618 0.603893 0.448806 
-0.66725 0.803722 -0.701192 -0.54947 0.556011 0.348221 
-0.336288 0.0344361 -0.774444 -0.455935 1.63584 0.0304887 
-0.49415 0.118732 -0.507979 -0.372279 1.26156 0.0485837 
-0.597807 0.39154 -0.525766 -0.342876 0.987752 0.0432102 
-0.669647 0.819812 -0.844991 -0.312982 0.861166 0.00304514 
-0.600324 0.500664 -0.891966 -0.25077 1.36995 -0.152701 
-0.671334 0.865813 -1.02905 -0.227055 1.13225 -0.165693 
-0.244619 0.891858 0.387752 0.812834 -1.86327 0.0781786 
-0.468171 0.823107 0.103227 0.591515 -1.52902 -0.0716537 
-0.614226 0.961449 -0.421275 0.518535 -1.14358 -0.184269 
0.100198 0.482323 0.735855 1.19545 -1.69507 -0.177511 
-0.237673 0.471395 0.530256 0.889979 -1.45763 -0.28609 
-0.46353 0.604094 0.155453 0.73353 -1.18734 -0.363836 
-0.611077 0.870043 -0.406074 0.709767 -0.885436 -0.484094 
0.103676 -0.113571 0.753981 1.38465 -1.32784 -0.906861 
-0.235135 0.119753 0.519791 1.1505 -1.06905 -0.822048 
-0.461771 0.424573 0.136637 1.0085 -0.86743 -0.798411 
-0.609838 0.796153 -0.422978 1.0376 -0.656347 -0.930495 
0.100285 -0.360893 0.486536 1.78597 -1.23786 4.6035 
-0.463523 0.300929 0.0467482 -1.61374 0.670587 -4.61902 
-0.611067 0.743404 -0.472689 1.59376 -0.528965 -1.61129 
0.0908317 -0.312616 0.0223241 -1.0083 1.42749 0.840201 
-0.244471 -0.120584 0.0669433 -0.953819 1.02196 0.851414 
-0.46811 0.242009 -0.112576 -0.981944 0.734258 0.881684 
-0.614223 0.715576 -0.556953 2.21481 -0.599283 -2.35659 
0.0792426 -0.0341015 -0.695175 -0.848378 1.79924 0.353018 
-0.25247 -0.0250588 -0.349767 -0.670401 1.34951 0.388687 
-0.473263 0.248486 -0.338791 -0.617878 0.993481 0.386249 
-0.617625 0.713164 -0.671956 -0.577915 0.803745 0.328069 
-0.259189 0.265579 -1.04708 -0.573909 1.79162 0.0476689 
-0.47754 0.323034 -0.646796 -0.457637 1.30254 0.108362 
-0.620347 0.732788 -0.813147 -0.418492 1.02288 0.0827312 
0.0226256 0.877602 0.422482 1.15006 -1.92061 0.0461793 
-0.330886 0.765108 0.211679 0.787981 -1.61737 -0.135478 
-0.561625 0.899102 -0.316276 0.643351 -1.21285 -0.268694 
0.477505 0.556494 0.581758 1.60481 -1.84203 -0.279314 
0.0293902 0.450883 0.561849 1.19486 -1.61239 -0.364924 
-0.326066 0.537513 0.26015 0.920817 -1.31717 -0.44235 
-0.558515 0.808918 -0.305786 0.825525 -0.986413 -0.55715 
0.480156 0.0497545 0.595733 -1.47874 1.69284 2.22196 
0.0319671 0.0928651 0.549494 1.39068 -1.33571 -0.907144 
-0.324176 0.348543 0.239697 1.17067 -1.04221 -0.872917 
-0.557245 0.733394 -0.323003 1.11766 -0.782332 -0.969176 
0.477522 -0.189612 0.353799 -1.31711 1.67367 1.5995 
-0.558495 0.676888 -0.368964 1.55421 -0.659901 -1.53133 
0.470487 -0.166379 -0.0918024 -1.16136 1.79996 1.07062 
0.0226645 -0.154917 0.101019 -1.09012 1.31357 1.06123 
-0.330823 0.150746 -0.00358876 -1.11587 0.90819 1.08122 
-0.561615 0.642475 -0.443406 -1.10147 0.681504 1.00419 
0.0144825 -0.0660808 -0.304963 -0.879483 1.54566 0.635 
-0.336361 0.14803 -0.217604 -0.799198 1.09073 0.627319 
-0.565076 0.629715 -0.542322 -0.763564 0.818339 0.562965 
0.00707542 0.19966 -0.957756 -0.812383 1.88213 0.254803 
-0.341225 0.207448 -0.50039 -0.628546 1.336 0.329244 
-0.568013 0.635699 -0.662101 -0.57752 0.989458 0.292623 
0.281834 0.895706 0.360624 1.43234 -1.9799 -0.017191 
-0.183125 0.730038 0.278187 0.963011 -1.70807 -0.176298 
-0.507637 0.846122 -0.22637 0.732244 -1.28541 -0.31553 
0.28821 0.492775 0.491289 1.4532 -1.76649 -0.427275 
-0.17808 0.496019 0.324558 1.0812 -1.44414 -0.493336 
-0.504452 0.755434 -0.218398 0.904201 -1.07746 -0.593482 
0.750092 0.32106 0.276359 -1.28752 1.96059 2.22455 
-0.175966 0.30007 0.302895 1.30506 -1.2051 -0.918947 
-0.50307 0.677602 -0.235757 1.17346 -0.88545 -0.985349 
0.74822 0.114232 0.059544 -1.23914 1.97944 1.69649 
0.28821 -0.0411912 0.322261 -1.34861 1.51954 1.67513 
0.282193 -0.0900357 0.0440965 -1.14075 1.59246 1.20364 
-0.507632 0.578971 -0.348676 -1.1865 0.764221 1.12783 
0.274996 -0.00708761 -0.35888 -1.01129 1.77144 0.809923 
-0.188671 0.0852673 -0.146023 -0.909084 1.22711 0.794803 
-0.511061 0.559883 -0.438298 -0.883584 0.862039 0.725432 
-0.193643 0.137151 -0.416181 -0.757754 1.42594 0.505678 
-0.514035 0.557963 -0.546081 -0.69663 0.998638 0.456095 
-1.83079 0.866641 0.409244 -1.6221 -1.91556 0.327273 
-1.31862 0.681832 0.350771 -1.10595 -1.66507 0.519792 
-0.967477 0.805189 -0.170449 -0.862662 -1.2491 0.715724 
-1.83389 0.458397 0.535468 -1.62231 -1.79724 6.87562 
-1.32238 0.446393 0.39014 1.93564 1.4667 -2.44695 
-0.969798 0.72037 -0.169734 -1.01678 -1.09766 0.832318 
-1.32033 0.238891 0.379921 -1.30419 -1.21623 0.903803 
-0.96621 0.637891 -0.174679 -1.14409 -0.878828 0.951705 
-0.969796 0.587206 -0.226981 -1.47479 -0.864076 1.22611 
-0.967411 0.542636 -0.284567 1.37763 0.824118 4.63078 
-1.82617 -0.0594446 -0.294201 1.17591 1.83138 -1.3283 
-2.03989 1.12692 0.302158 -1.85359 -1.98363 6.45362 
-1.5634 0.858842 0.45495 -1.34129 -1.89305 0.293077 
-1.17064 0.732393 0.26166 -0.936065 -1.61605 0.514477 
-0.916756 0.871289 -0.277301 -0.779307 -1.21977 0.698998 
-2.04392 0.565047 0.554852 -1.81248 -1.8977 6.73983 
-1.56837 0.429459 0.588845 1.77106 1.67245 -2.57911 
-1.17453 0.506037 0.303392 -1.06061 -1.37576 0.67123 
-0.919676 0.786608 -0.273876 -0.95568 -1.04726 0.821993 
-1.17099 0.305652 0.296117 -1.18276 -1.06719 0.868062 
-0.915227 0.703116 -0.275658 -1.10461 -0.792285 0.949069 
-1.56837 -0.135714 0.413899 1.41685 1.40704 -1.83609 
-0.919676 0.656971 -0.334299 1.6209 0.786946 -1.8479 
-0.916762 0.617406 -0.39845 -1.87783 -0.764274 1.61336 
-1.55647 -0.104306 -0.259833 -2.12006 -1.6106 1.92759 
-1.1646 0.098744 -0.154471 -2.19517 -1.12168 1.8867 
-0.912586 0.595572 -0.483482 -2.1964 -0.81949 1.90141 
-1.54904 0.138847 -0.873956 0.945178 1.86645 -0.92446 
-1.15874 0.148215 -0.424056 0.747309 1.3081 -1.03396 
-0.908517 0.592744 -0.591504 0.711135 0.936745 -1.03154 
-1.29417 0.883913 0.40182 -1.02788 -1.88076 0.307873 
-1.03656 0.806477 0.129961 -0.761409 -1.57306 0.507994 
-0.868556 0.947529 -0.401142 -0.676509 -1.19754 0.672226 
-1.30144 0.46554 0.538087 -1.09845 -1.55643 0.531368 
-1.04161 0.590524 0.175971 -0.911889 -1.29109 0.642692 
-0.872211 0.86062 -0.391593 -0.878783 -0.996621 0.801082 
-1.03629 0.398606 0.172352 -1.05205 -0.913432 0.819336 
-0.866895 0.776727 -0.391853 -1.05835 -0.690501 0.940369 
-0.872351 0.734988 -0.458533 -1.60992 -0.70405 1.40094 
-1.66857 -0.285158 0.00540591 1.12411 1.63052 -1.32698 
-1.29474 -0.132955 0.0816917 1.06649 1.19864 -1.35866 
-1.03647 0.221146 -0.0841795 1.10424 0.882493 -1.4105 
-1.28577 -0.0471536 -0.322556 0.81336 1.42471 -1.04889 
-1.02979 0.218019 -0.297311 0.765567 1.04348 -1.07906 
-0.863549 0.68966 -0.630834 0.742992 0.828699 5.23831 
-1.27744 0.223605 -0.98756 0.697673 1.7863 -0.786845 
-1.02374 0.281697 -0.589843 0.567131 1.29061 -0.876408 
-0.859215 0.700796 -0.759491 0.533074 0.993662 -0.867487 
-1.05691 0.946421 0.249674 -0.710609 -1.85419 0.350026 
-0.9181 0.905013 -0.0464385 -0.57161 -1.54061 0.494227 
-0.821802 1.03663 -0.546422 -0.5377 -1.18735 0.62579 
-1.2751 0.527957 0.657858 -1.01027 -1.67639 0.369193 
-1.06536 0.561137 0.388471 -0.825841 -1.45295 0.494156 
-0.924543 0.698477 0.00805626 -0.746631 -1.21381 0.601155 
-0.827029 0.947251 -0.530082 -0.768598 -0.946215 0.757674 
-1.05794 0.22199 0.400209 -0.961173 -0.89765 0.729219 
-0.917116 0.513874 0.00989779 -0.892155 -0.743911 0.739682 
-0.820087 0.85856 -0.524153 -0.983783 -0.560263 0.905077 
-0.827051 0.823751 -0.60536 -1.78414 -0.615031 1.58696 
-1.26404 -0.234648 -0.0453001 0.863441 1.29578 -1.09901 
-1.05685 0.0124347 -0.0670674 0.843739 0.994047 -1.13602 
-0.821967 0.803582 -0.700086 0.811687 0.714347 -1.079 
-1.25132 0.0489341 -0.784586 0.660045 1.72025 -0.777893 
-1.04731 0.110528 -0.495867 0.552259 1.33424 -0.833594 
-0.910773 0.37702 -0.504021 0.524306 1.04462 -0.853059 
-0.816249 0.80915 -0.82552 0.498909 0.902285 -0.819613 
-1.03983 0.582269 -1.5287 0.463722 1.93066 -0.577609 
-0.905219 0.474009 -0.851596 0.367021 1.36688 -0.70686 
-0.811984 0.844716 -0.992733 0.34086 1.12042 -0.701453 
-0.862938 1.05752 -0.000447603 -0.385136 -1.8173 0.381974 
-0.812889 1.03493 -0.279057 -0.337365 -1.52464 0.459649 
-0.775183 1.15078 -0.734338 -0.333927 -1.19359 0.543091 
-0.94242 0.652208 0.430383 -0.581424 -1.57807 0.347541 
-0.871637 0.706659 0.14975 -0.530925 -1.36505 0.433729 
-0.820561 0.832249 -0.205131 -0.523451 -1.14754 0.519971 
-0.781814 1.05005 -0.694752 -0.574238 -0.897426 0.651534 
-0.93056 0.159028 0.475136 -0.645936 -0.744339 0.506251 
-0.861064 0.40256 0.166931 -0.595913 -0.658435 0.492333 
-0.810693 0.652407 -0.196908 -0.613185 -0.539668 0.543107 
-0.772683 0.952595 -0.679555 -0.783021 -0.376254 0.746796 
-0.942553 -0.0477189 0.206811 -2.03804 -0.661772 1.78756 
-0.820716 0.564945 -0.326362 1.15927 0.52072 4.89122 
-0.930596 -0.00306043 -0.268655 0.471233 1.11778 -0.752162 
-0.862547 0.2376 -0.328347 0.472751 0.926188 -0.778566 
-0.812878 0.542246 -0.524196 0.475419 0.806689 -0.785577 
-0.7752 0.936588 -0.92754 0.439678 0.798168 -0.733298 
-0.920447 0.390777 -1.22758 0.300199 1.79542 -0.542088 
-0.854475 0.382877 -0.838809 0.257874 1.41476 -0.595698 
-0.806248 0.596626 -0.8182 0.245776 1.17647 -0.610455 
-0.769611 0.984144 -1.12095 0.232157 1.08558 -0.593875 
-0.802489 0.927743 -1.57937 0.166804 1.71233 -0.536925 
-0.692318 0.972379 0.0293823 0.0389146 -1.93104 0.357067 
-0.709073 0.894295 -0.259264 0.0260776 -1.56426 0.355772 
-0.721409 1.01678 -0.800346 0.0205144 -1.14552 0.357354 
-0.672752 0.687084 0.420068 0.0241392 -1.83083 0.261769 
-0.694962 0.647299 0.147977 0.00669134 -1.51881 0.269912 
-0.711079 0.72584 -0.230284 -0.00574057 -1.21909 0.282883 
-0.723216 0.951048 -0.80778 -0.0189753 -0.86696 0.301212 
-0.673251 0.196776 0.485347 0.0200585 -1.08791 0.131192 
-0.695649 0.372367 0.141156 -0.00354319 -0.919163 0.151497 
-0.711808 0.586207 -0.267648 -0.0266422 -0.724435 0.175669 
-0.724 0.894323 -0.844806 -0.0650701 -0.456125 0.218865 
-0.662198 -0.0711841 0.273053 0.64183 -0.250164 -0.62673 
-0.686529 0.214215 -0.0287314 0.595889 -0.222874 -0.584296 
-0.704045 0.507526 -0.404583 0.806956 -0.148244 -0.801436 
-0.717257 0.883565 -0.970607 2.31143 -0.127845 -2.31551 
-0.673237 -0.0497504 -0.193878 -0.0293974 0.649538 -0.117086 
-0.695647 0.218879 -0.378685 0.00525211 0.565449 -0.153779 
-0.711809 0.527759 -0.676212 0.0335262 0.554404 -0.18422 
-0.724009 0.989422 -1.29105 0.0444136 0.707926 -0.194297 
-0.672745 0.307256 -1.08949 -0.0233653 1.506 -0.254028 
-0.694966 0.44164 -1.01753 -0.00692453 1.29942 -0.268423 
-0.711045 0.710246 -1.18739 0.00576526 1.20067 -0.283008 
-0.494251 0.854591 0.280975 0.383465 -1.95957 0.221333 
-0.597811 0.75754 -0.0334948 0.284526 -1.55055 0.144943 
-0.669609 0.897028 -0.611599 0.263182 -1.11118 0.0862663 
-0.327298 0.554773 0.672939 0.579547 -1.85555 0.0936201 
-0.488749 0.482977 0.395659 0.426634 -1.51192 -0.00400185 
-0.594189 0.577948 -0.016736 0.367292 -1.18865 -0.054116 
-0.667189 0.831416 -0.627505 0.382248 -0.831112 -0.133142 
-0.318223 -0.0369126 0.721729 0.735886 -1.16919 -0.412721 
-0.482521 0.180332 0.366852 0.630859 -0.978519 -0.392648 
-0.589892 0.437241 -0.0704358 0.604642 -0.775728 -0.425931 
-0.663945 0.782884 -0.679813 0.727389 -0.522769 -0.60046 
-0.314064 -0.312176 0.47716 -1.75557 0.736241 1.81788 
-0.479479 0.0175691 0.186219 1.25561 -0.588 -1.19732 
-0.587539 0.357477 -0.20443 1.26602 -0.471152 -1.23108 
-0.662203 0.76872 -0.788837 1.62219 -0.3733 -1.62598 
-0.318337 -0.282114 0.0197935 -0.927927 0.88138 0.77667 
-0.482565 0.00535663 -0.133747 -0.903845 0.672139 0.787751 
-0.589919 0.350209 -0.426374 -0.85186 0.556363 0.737938 
-0.66402 0.799905 -0.968785 -0.659042 0.573639 0.520354 
-0.327508 -0.00189167 -0.712721 -0.561078 1.42101 0.181947 
-0.48874 0.152587 -0.635763 -0.468678 1.15445 0.179265 
-0.594276 0.437314 -0.77346 -0.412768 0.98024 0.150895 
-0.66725 0.940442 -1.33054 -0.332351 1.00568 0.0513148 
-0.252549 0.788641 0.425546 0.732381 -2.00695 0.146722 
-0.473276 0.656091 0.128456 0.506901 -1.58849 -0.00639585 
-0.617503 0.806716 -0.473275 0.449521 -1.13156 -0.105306 
0.0908253 0.522054 0.723152 1.10442 -1.92662 -0.0121461 
-0.243467 0.384383 0.535997 0.771243 -1.60952 -0.180809 
-0.467893 0.469018 0.134658 0.624567 -1.26336 -0.258347 
-0.614093 0.744497 -0.498297 0.616417 -0.894749 -0.369251 
0.100185 -0.0851228 0.761331 1.1845 -1.48926 -0.679762 
-0.237664 0.061544 0.493773 0.982133 -1.1898 -0.655717 
-0.463528 0.32509 0.0725477 0.881417 -0.935026 -0.662872 
-0.611076 0.699426 -0.556103 0.953909 -0.666849 -0.822597 
-0.235136 -0.10533 0.304762 1.42351 -0.94279 -1.32346 
-0.461772 0.241054 -0.0604634 1.36128 -0.720429 -1.29506 
-0.609838 0.67922 -0.652415 -1.61416 0.553884 1.62177 
0.100186 -0.323509 0.0555395 -1.24459 1.34504 1.06665 
-0.237666 -0.117985 -0.0115902 -1.18245 0.98662 1.08012 
-0.463524 0.223874 -0.26735 -1.15514 0.745714 1.06824 
0.0908261 -0.0580622 -0.648457 -0.997572 1.65368 0.489897 
-0.244349 0.0114674 -0.47582 -0.811784 1.28519 0.506256 
-0.468052 0.282922 -0.565967 -0.718127 1.01052 0.478338 
-0.614223 0.753794 -1.01922 -0.607737 0.910578 0.35528 
-0.473233 0.464325 -1.0457 -0.513955 1.41116 0.106227 
-0.617625 0.997744 -1.55284 -0.416223 1.33294 0.00671531 
-0.336363 0.583465 0.242029 0.692234 -1.6591 -0.11108 
-0.564893 0.733394 -0.362268 0.57741 -1.18151 -0.225943 
0.022656 0.356146 0.570694 1.0585 -1.75097 -0.298936 
-0.330403 0.389224 0.242198 0.807313 -1.37411 -0.38293 
-0.561429 0.672597 -0.39168 0.743241 -0.979294 -0.485034 
0.47768 0.0721403 0.603586 1.47646 -1.82825 -0.759041 
0.0293954 0.0311598 0.523882 1.21304 -1.44564 -0.792095 
-0.326043 0.241237 0.175148 1.04166 -1.10298 -0.780389 
-0.558512 0.627203 -0.44958 1.04035 -0.790351 -0.894218 
-0.324119 0.153528 0.040891 1.42464 -0.933861 -1.32816 
-0.557081 0.602228 -0.538911 -1.64887 0.689048 1.67178 
-0.558507 0.605931 -0.66928 1.99521 -0.737729 -2.10066 
0.470487 0.0935844 -0.798347 -1.29632 1.9523 0.62958 
0.0226608 -0.0244039 -0.436352 -1.03309 1.51413 0.702102 
-0.330828 0.179989 -0.440092 -0.900247 1.12889 0.676686 
-0.561621 0.644173 -0.848639 -0.780623 0.924179 0.549764 
0.0144736 0.405925 -1.37449 -0.958281 1.91565 0.156616 
-0.336268 0.319025 -0.843199 -0.697692 1.42703 0.304469 
-0.565079 0.736602 -1.1114 -0.576551 1.1847 0.223824 
-0.188679 0.537653 0.31214 0.854437 -1.74484 -0.190152 
-0.510816 0.671074 -0.268881 0.668883 -1.24194 -0.304591 
0.2822 0.400623 0.502993 1.29617 -1.90646 -0.387273 
-0.18304 0.339168 0.307608 0.953415 -1.49869 -0.471591 
-0.50739 0.610329 -0.300438 0.824107 -1.06274 -0.550692 
0.288392 0.0961983 0.454641 1.382 -1.69944 -0.860854 
-0.178069 0.18788 0.237881 1.15934 -1.27025 -0.856657 
-0.504438 0.563836 -0.357968 1.08989 -0.895769 -0.926751 
-0.503084 0.536205 -0.444678 1.48158 -0.799277 -1.44307 
0.288216 -0.0810015 -0.0438623 1.79526 -1.61064 -1.86219 
-0.50445 0.53337 -0.565284 1.91406 -0.825813 -2.00433 
0.28218 0.0396443 -0.498916 -1.18127 1.75919 0.822847 
-0.183039 0.117358 -0.368142 -1.01511 1.27739 0.806317 
-0.507624 0.559441 -0.723601 -0.891679 0.967853 0.679867 
-0.188672 0.240629 -0.742024 -0.839137 1.51274 0.451011 
-0.511062 0.621569 -0.93246 -0.690673 1.17113 0.366037 
-1.31433 0.477371 0.388154 -0.993954 -1.68511 0.679035 
-0.963748 0.62163 -0.208568 -0.801641 -1.18383 0.851766 
-1.31915 0.276934 0.373904 -1.10397 -1.49222 0.86077 
-0.967405 0.566924 -0.249713 -0.975487 -1.05521 0.991614 
-1.32224 0.127693 0.298415 -1.27365 -1.33173 1.08844 
-0.969796 0.525834 -0.311229 -1.2028 -0.946385 1.18523 
-1.8363 -0.119523 0.317671 1.55581 1.64527 4.51377 
-1.83077 -0.0104568 -0.435206 1.34397 1.8376 -1.19699 
-1.31913 0.0496464 -0.28376 -1.97282 -1.3146 1.89793 
-0.967563 0.506582 -0.637293 1.07643 0.958454 -1.18051 
-1.31452 0.153457 -0.625091 0.991302 1.4681 -1.0082 
-0.963969 0.548462 -0.812597 0.853794 1.08314 -0.973169 
-1.16465 0.541248 0.297279 -0.821847 -1.63448 0.644295 
-0.91253 0.698413 -0.317897 -0.702202 -1.16025 0.808709 
-1.17044 0.348729 0.287362 -0.953372 -1.40474 0.804566 
-0.916735 0.643855 -0.356836 -0.891406 -1.0126 0.951992 
-1.56838 0.0025392 0.547903 1.79507 1.57169 -2.1215 
-1.17454 0.204056 0.215886 -1.16339 -1.20169 1.03462 
-0.919676 0.602851 -0.418247 -1.15539 -0.883651 1.16941 
-1.17037 0.133195 -0.37931 -2.09537 -1.19183 1.99691 
-1.55647 0.299877 -1.20482 1.1065 1.87836 -0.735264 
-1.1646 0.252168 -0.749268 0.835098 1.40241 -0.895659 
-0.912597 0.669518 -0.998143 0.718159 1.12082 -0.846336 
-1.28567 0.77396 0.448129 -0.911402 -1.99983 0.403582 
-1.0298 0.630915 0.162949 -0.642404 -1.59898 0.607547 
-0.863579 0.78531 -0.445158 -0.580023 -1.14645 0.753052 
-1.66848 0.529298 0.695859 -1.34784 -1.96543 0.412592 
-1.2946 0.371566 0.547696 -0.962034 -1.67936 0.621614 
-1.03647 0.448489 0.159097 -0.788321 -1.33706 0.739037 
-0.868551 0.73047 -0.480686 -0.781248 -0.975264 0.895075 
-1.0416 0.308608 0.0923278 -1.03529 -1.08355 0.968272 
-0.872355 0.689566 -0.54222 -1.09097 -0.817015 1.14187 
-1.67775 -0.336801 0.495487 1.59813 1.40162 4.55138 
-1.29793 -0.12915 0.326332 1.69064 1.03149 4.48205 
-0.866927 0.655429 -0.616962 -1.51368 -0.589724 1.50198 
-1.2946 -0.00268222 -0.457575 0.971001 1.41524 -0.998383 
-1.03647 0.257331 -0.530987 0.878325 1.1109 -1.00124 
-0.868558 0.729922 -0.978351 0.781559 0.974086 -0.8959 
-1.28577 0.481698 -1.49658 0.850343 1.86771 -0.574583 
-1.02979 0.413858 -0.969233 0.652101 1.4084 -0.751494 
-0.863591 0.870824 -1.32876 0.555128 1.24583 -0.685084 
-1.04732 0.848767 0.288735 -0.588331 -1.97613 0.432933 
-0.910776 0.745991 -0.0174374 -0.448234 -1.5805 0.56603 
-0.816246 0.887586 -0.599471 -0.424734 -1.14603 0.678169 
-1.26388 0.566454 0.644357 -0.890486 -1.91767 0.393313 
-1.05603 0.483798 0.393647 -0.677072 -1.6077 0.555897 
-0.917943 0.57349 -0.0116866 -0.597005 -1.29252 0.659508 
-0.821966 0.831474 -0.628795 -0.62577 -0.946584 0.806144 
-1.27477 0.00277981 0.685819 -1.02182 -1.41079 0.790149 
-1.06536 0.18979 0.3575 -0.904943 -1.18986 0.809415 
-0.924534 0.438938 -0.0712064 -0.873919 -0.978621 0.876596 
-0.82705 0.789589 -0.68905 -0.987613 -0.741882 1.08392 
-0.917159 0.344646 -0.18806 -1.32483 -0.574837 1.28008 
-0.820088 0.757449 -0.771398 -1.59907 -0.458555 1.60233 
-1.27511 -0.246239 -0.0100269 1.12673 1.20188 -1.18414 
-1.06537 0.014695 -0.144714 -2.04384 -0.960636 1.93318 
-0.924552 0.351712 -0.429845 -2.07443 -0.813411 1.95847 
-0.82705 0.808223 -0.983505 0.923786 0.785056 -0.995629 
-1.26387 0.0264992 -0.739973 0.820075 1.58742 -0.773331 
-1.05685 0.155436 -0.638037 0.706904 1.3027 -0.808659 
-0.918055 0.431695 -0.765005 0.649366 1.10667 -0.802434 
-0.821967 0.939413 -1.32801 0.562208 1.10088 -0.684446 
-0.854544 0.972707 0.0285744 -0.273804 -1.94185 0.453256 
-0.805925 0.890185 -0.253833 -0.226296 -1.58004 0.512413 
-0.769611 1.01621 -0.801348 -0.223723 -1.16163 0.574352 
-0.930434 0.693297 0.405338 -0.441061 -1.86831 0.395255 
-0.86234 0.650096 0.141685 -0.372265 -1.57066 0.480653 
-0.81287 0.728419 -0.236337 -0.35278 -1.27622 0.549954 
-0.775199 0.957061 -0.818965 -0.389122 -0.932952 0.655517 
-0.942524 0.217257 0.460488 -0.619039 -1.24255 0.578237 
-0.872067 0.384622 0.124953 -0.600758 -1.07123 0.630955 
-0.821056 0.595242 -0.278857 -0.629384 -0.88613 0.718726 
-0.781929 0.906584 -0.863518 -0.774314 -0.651243 0.928996 
-0.861074 0.215672 -0.030455 -1.10438 -0.394709 1.07149 
-0.810694 0.506422 -0.403104 -1.24919 -0.316971 1.23355 
-0.772683 0.88339 -0.970324 -1.88397 -0.275856 1.89544 
-0.942539 -0.0263727 -0.216957 0.77251 0.905972 -0.893754 
-0.872071 0.233604 -0.396487 0.763715 0.800162 -0.902006 
-0.820719 0.540516 -0.694644 0.723946 0.759291 -0.857456 
-0.781817 1.02898 -1.35901 0.585531 0.876277 -0.669404 
-0.930597 0.33247 -1.12438 0.42059 1.58923 -0.524541 
-0.862546 0.451385 -1.03081 0.38029 1.37304 -0.558765 
-0.812877 0.722175 -1.20674 0.35353 1.26916 -0.552624 
-0.691983 0.885701 0.0512393 0.0494131 -1.99614 0.414795 
-0.708623 0.771632 -0.277623 0.0366214 -1.55314 0.407953 
-0.720748 0.992613 -1.05386 0.0364585 -0.997826 0.399483 
-0.692876 0.588279 0.127456 0.035869 -1.64531 0.34562 
-0.709097 0.648063 -0.312776 0.0273338 -1.26462 0.347713 
-0.721388 1.00139 -1.17787 0.0273645 -0.752707 0.345825 
-0.67284 0.24343 0.466412 0.0234846 -1.43364 0.252395 
-0.694969 0.351656 0.0883581 0.00727113 -1.16356 0.267381 
-0.711044 0.556364 -0.400846 -0.00697241 -0.879056 0.285347 
-0.723217 1.05782 -1.39263 -0.0379707 -0.38905 0.324068 
-0.673236 -0.0487723 0.295585 0.0292761 -0.65272 0.117239 
-0.695647 0.212936 -0.0852093 -0.00553334 -0.53337 0.154109 
-0.711809 0.514138 -0.571229 -0.051591 -0.34903 0.204198 
-0.662196 -0.0714367 -0.129431 -0.64445 0.2494 0.629424 
-0.686528 0.222882 -0.441707 -0.522785 0.251264 0.50909 
-0.704049 0.581201 -0.914846 -0.316887 0.349765 0.298856 
-0.67323 0.229519 -0.951066 -0.0196652 1.12732 -0.132094 
-0.695647 0.524133 -1.2271 0.00314261 1.1086 -0.150745 
-0.600284 0.624299 -0.0533883 0.245732 -1.54408 0.197144 
-0.671333 0.841688 -0.816402 0.244827 -0.998082 0.12919 
-0.493937 0.412881 0.381223 0.354886 -1.64068 0.0956492 
-0.5978 0.487589 -0.090501 0.301567 -1.23729 0.049387 
-0.669651 0.824251 -0.899134 0.342509 -0.76662 -0.046087 
-0.32752 0.0037812 0.717654 0.560464 -1.42685 -0.178128 
-0.488739 0.144439 0.324802 0.471489 -1.14205 -0.186132 
-0.594278 0.388478 -0.185633 0.455441 -0.859285 -0.221153 
-0.66725 0.830222 -1.02861 0.644487 -0.476619 -0.457369 
-0.318327 -0.301304 0.499979 0.972141 -0.844362 -0.84471 
-0.482566 0.00618731 0.127219 0.898976 -0.67526 -0.781503 
-0.589926 0.346502 -0.360529 0.975591 -0.501435 -0.880926 
-0.66402 0.911214 -1.29381 1.79276 -0.34718 -1.74985 
-0.314063 -0.294251 0.0606308 -1.31309 0.750711 1.22464 
-0.479482 0.0162638 -0.215127 1.87879 -0.585659 -1.93563 
-0.587606 0.387162 -0.646137 2.06118 -0.51243 -2.12041 
-0.31834 -0.0407527 -0.639104 -0.736858 1.16597 0.415855 
-0.482507 0.198969 -0.773565 -0.62088 1.00034 0.374235 
-0.589926 0.592901 -1.19105 -0.502388 0.97304 0.267539 
-0.477457 0.509322 0.111846 0.440143 -1.57089 0.0214977 
-0.620345 0.732738 -0.653499 0.418505 -1.02195 -0.0827654 
-0.252051 0.299494 0.527817 0.658747 -1.7083 -0.111123 
-0.473244 0.364924 0.0671863 0.531049 -1.28164 -0.18215 
-0.617591 0.711592 -0.732634 0.567411 -0.820613 -0.312843 
0.0908434 -0.0553832 0.765163 0.99782 -1.65545 -0.487115 
-0.244476 0.0147979 0.455074 0.810136 -1.28951 -0.501106 
-0.468073 0.264553 -0.0372529 0.742014 -0.969059 -0.521895 
-0.614159 0.709112 -0.84701 0.902237 -0.611445 -0.755273 
0.100166 -0.349192 0.531131 -1.87705 1.31827 1.99077 
-0.237671 -0.118965 0.24239 1.1863 -0.984331 -1.08703 
-0.463528 0.22273 -0.213579 1.18978 -0.732644 -1.11515 
-0.61106 0.751917 -1.04064 1.57933 -0.52884 -1.5666 
0.10357 -0.332464 0.0892381 1.64603 -1.2758 4.45811 
-0.461674 0.252222 -0.476615 -1.3116 0.730609 1.2295 
0.100178 -0.0844581 -0.592624 -1.18431 1.48947 0.678918 
-0.23767 0.0599188 -0.612783 -0.982993 1.18844 0.657962 
-0.463529 0.387018 -0.890246 -0.826736 1.00443 0.566318 
-0.341047 0.42384 0.22843 0.610057 -1.62969 -0.120579 
-0.568024 0.646131 -0.528515 0.547542 -1.06721 -0.234808 
0.0144803 0.262755 0.568374 0.923475 -1.83431 -0.272821 
-0.336282 0.274241 0.177215 0.705882 -1.37105 -0.351276 
-0.565027 0.623526 -0.606459 0.70311 -0.89593 -0.470572 
0.470486 0.0916047 0.610798 1.29546 -1.95158 -0.631997 
0.0227381 -0.0215039 0.487471 1.03282 -1.51685 -0.697386 
-0.330827 0.173542 0.0662504 0.907925 -1.11633 -0.694395 
-0.561621 0.619064 -0.716744 0.998434 -0.732049 -0.86877 
0.477511 -0.176813 0.393529 1.37237 -1.76002 -1.22437 
0.0293984 -0.15014 0.268887 -1.84578 1.30779 1.92716 
-0.32601 0.13157 -0.111001 1.26613 -0.940072 -1.20474 
0.480174 -0.177167 -0.0343303 -1.60298 1.72075 1.35747 
0.0319625 -0.132735 -0.0731806 -1.50872 1.28208 1.35585 
-0.324169 0.157279 -0.366059 1.72733 -0.93589 -1.83099 
-0.557245 0.735916 -1.15001 -1.11433 0.783963 0.964479 
0.476723 0.0688751 -0.741349 -1.47562 1.8277 0.761959 
0.0294013 0.0277231 -0.577693 -1.21317 1.44358 0.79666 
-0.326059 0.270047 -0.737992 -1.02005 1.1294 0.731219 
-0.193262 0.367907 0.300992 0.757474 -1.71042 -0.238326 
-0.513985 0.573694 -0.426771 0.641404 -1.12326 -0.343234 
0.274976 0.30826 0.503974 1.13877 -1.98698 -0.398068 
-0.188672 0.216115 0.244419 0.841323 -1.48548 -0.481522 
-0.510992 0.549938 -0.503651 0.787987 -0.974315 -0.568384 
0.282186 0.0419702 0.421457 1.182 -1.76079 -0.818964 
-0.182995 0.115492 0.129435 1.01657 -1.27435 -0.811375 
-0.507626 0.542823 -0.608945 1.04305 -0.836844 -0.922313 
0.2879 -0.0812013 0.206366 -1.79532 1.60958 1.86321 
-0.17807 0.0744644 -0.0497105 1.30731 -1.13551 -1.26224 
-0.504448 0.560791 -0.75634 -1.69749 0.772227 1.69514 
0.290578 -0.0649418 -0.135566 -1.57442 1.58856 1.37024 
-0.503081 0.623498 -0.97728 -1.24334 0.854307 1.09346 
0.288211 0.0980761 -0.651672 -1.38239 1.69984 0.858399 
-0.17807 0.203153 -0.656776 -1.15159 1.2815 0.830013 
-0.50445 0.84808 -1.47859 -0.867707 1.1366 0.512424 
-0.183042 0.526457 -1.37265 -0.950988 1.6147 0.309261 
-1.30905 0.299132 0.37767 -0.881534 -1.65082 0.843762 
-0.960285 0.520002 -0.362549 -0.769514 -1.06449 1.0041 
-1.31435 0.14551 0.311865 -0.993329 -1.46023 1.02037 
-0.963983 0.49912 -0.445629 -0.956488 -0.951766 1.16841 
-1.31915 0.0505855 0.186638 1.97355 1.31583 4.38235 
-1.83399 -0.123568 0.237684 1.71446 1.75385 4.63264 
-1.3224 0.01521 0.00460495 -1.39272 -1.23478 1.50035 
-0.969797 0.517162 -0.701816 1.62575 0.860453 4.82568 
-1.32031 0.0273973 -0.226441 -1.66361 -1.14011 -4.49297 
-1.32259 0.133092 -0.568633 -1.86996 -1.33467 2.06242 
-0.969807 0.695114 -1.21672 -2.11193 -1.0827 -4.00209 
-1.31915 0.362225 -1.1128 1.09884 1.53743 -0.771736 
-1.15878 0.374535 0.286359 -0.716297 -1.59621 0.775755 
-0.908503 0.605318 -0.476948 -0.657516 -1.0374 0.933922 
-1.55645 0.224318 0.604698 -1.08591 -1.84296 0.805401 
-1.16461 0.225433 0.226688 -0.841316 -1.37236 0.929679 
-0.912583 0.586367 -0.561745 -0.853265 -0.904742 1.09924 
-1.17042 0.130383 0.10709 -1.05017 -1.18686 1.15367 
-0.916752 0.58722 -0.678336 -1.14449 -0.810727 1.35952 
-0.919677 0.615071 -0.838898 1.61936 0.78686 4.84986 
-0.915279 0.668663 -1.04444 1.15082 0.770485 -1.01514 
-2.0439 0.0964715 -0.767203 1.64102 1.96886 -0.931701 
-1.17446 0.222309 -0.675225 1.15171 1.21443 -1.00219 
-1.17037 0.557152 -1.41306 0.934804 1.53403 -0.625687 
-1.02318 0.476329 0.152786 -0.541681 -1.56407 0.706234 
-0.859214 0.704432 -0.615655 -0.523464 -1.01964 0.849529 
-1.28621 0.278081 0.548457 -0.817496 -1.74088 0.718044 
-1.02971 0.335123 0.0996273 -0.667447 -1.31313 0.827193 
-0.86359 0.687874 -0.702427 -0.717982 -0.862131 1.00651 
-1.2946 0.000507924 0.465339 -0.970321 -1.41859 0.993694 
-1.03646 0.240874 -0.012902 -0.895377 -1.0821 1.04058 
-0.868575 0.693353 -0.827254 -1.04841 -0.737039 1.29723 
-1.29793 -0.127077 -0.0782461 -1.69547 -1.03249 -4.47264 
-0.866907 0.862358 -1.35616 0.952815 0.748926 -0.800399 
-1.04161 0.362421 -0.856365 0.995829 1.13262 -0.879952 
-0.905072 0.607442 -0.0314976 -0.359006 -1.5524 0.63622 
-0.811985 0.825175 -0.793282 -0.363087 -1.01144 0.747259 
-1.04647 0.40405 0.388846 -0.538279 -1.6837 0.62241 
-0.910761 0.474737 -0.0757834 -0.468671 -1.28439 0.712758 
-0.816249 0.813605 -0.885499 -0.53621 -0.825555 0.877006 
-1.26395 0.031742 0.688027 -0.820122 -1.59163 0.76876 
-1.05678 0.146308 0.321559 -0.709338 -1.29152 0.818828 
-0.918053 0.384239 -0.181029 -0.695282 -1.0048 0.895504 
-0.821966 0.83002 -1.02915 -0.900523 -0.651554 1.19342 
-1.27511 -0.260345 0.469785 1.99794 1.18206 4.37143 
-0.924547 0.347726 -0.360508 -1.14694 -0.772763 1.29689 
-0.917147 0.371483 -0.625687 -1.95582 -0.604576 2.02865 
-1.27511 -0.0032284 -0.677803 1.02312 1.40664 -0.797355 
-1.06547 0.211356 -0.790261 0.896328 1.20919 -0.784104 
-0.924551 0.598463 -1.20147 0.776468 1.13883 -0.678692 
-0.849814 0.883578 0.0545065 -0.207184 -1.99991 0.515485 
-0.802471 0.767501 -0.273808 -0.165277 -1.55655 0.563023 
-0.766499 0.990642 -1.05252 -0.175445 -1.00287 0.623914 
-0.854389 0.586592 0.128275 -0.255729 -1.66528 0.53014 
-0.806248 0.645071 -0.309917 -0.236203 -1.28678 0.581726 
-0.769612 0.997823 -1.17315 -0.292394 -0.783827 0.694096 
-0.930579 0.254278 0.450557 -0.421329 -1.50976 0.560112 
-0.862546 0.356578 0.0808099 -0.394841 -1.24153 0.614376 
-0.813025 0.558734 -0.404284 -0.41466 -0.962561 0.689829 
-0.7752 1.08672 -1.44406 -0.687654 -0.500613 1.04043 
-0.942539 -0.0249807 0.272922 -0.769988 -0.909281 0.889684 
-0.872071 0.226671 -0.10093 -0.789654 -0.773667 0.938754 
-0.820717 0.525897 -0.587248 -0.917672 -0.611505 1.10654 
-0.930562 -0.0619966 -0.138362 -1.98991 -0.462797 2.03276 
-0.8107 0.579463 -0.912302 0.757438 0.444413 -0.706671 
-0.942539 0.262265 -0.993414 0.609319 1.2862 -0.545946 
-0.872071 0.558633 -1.28076 0.550262 1.2498 -0.504962 
-0.708458 0.678639 -0.346323 0.0370858 -1.47898 0.445729 
-0.69224 0.526802 0.103709 0.0449654 -1.69009 0.399692 
-0.708427 0.599724 -0.440157 0.0391183 -1.21894 0.394983 
-0.670748 0.275073 0.446719 0.049191 -1.65215 0.329215 
-0.69288 0.329258 0.0249655 0.0372892 -1.28404 0.332401 
-0.709084 0.563578 -0.596668 0.0333756 -0.896405 0.335099 
-0.672766 -0.0154383 0.293137 0.027682 -1.00162 0.240634 
-0.694966 0.228015 -0.174246 0.00952353 -0.777324 0.263468 
-0.711043 0.589417 -0.851603 -0.0120442 -0.461369 0.291682 
-0.673237 -0.0714741 -0.0859456 0.072237 -0.248892 0.0704813 
-0.695647 0.25437 -0.538379 -0.0232995 -0.121658 0.172473 
-0.662201 0.16412 -0.817611 -0.242127 0.667669 0.19169 
-0.60234 0.518916 -0.116964 0.215781 -1.47454 0.226495 
-0.67272 1.01648 -1.40545 0.285909 -0.689265 0.0873365 
-0.498076 0.341019 0.358793 0.304507 -1.6904 0.152927 
-0.600324 0.427929 -0.208217 0.263539 -1.20397 0.10731 
-0.336267 0.0391669 0.706383 0.456114 -1.64082 -0.028024 
-0.494149 0.115707 0.267223 0.37302 -1.25568 -0.0509966 
-0.597807 0.379628 -0.357056 0.371689 -0.883128 -0.0916879 
-0.327559 -0.280905 0.512368 0.664104 -1.02255 -0.475514 
-0.488745 0.00971057 0.0507193 0.620361 -0.790323 -0.443038 
-0.594279 0.387564 -0.587139 0.732814 -0.521174 -0.574331 
-0.318333 -0.299962 0.0962332 -1.7739 0.682217 1.75762 
-0.589914 0.50662 -0.991835 1.94926 -0.442526 4.33027 
-0.314055 -0.0721784 -0.570767 -0.971628 0.925512 0.721899 
-0.479478 0.273989 -0.951715 -0.780193 0.847399 0.57988 
-0.480963 0.392817 0.0506099 0.389195 -1.49585 0.0283542 
-0.622566 0.79368 -1.043 0.443461 -0.803448 -0.130434 
-0.259141 0.216533 0.509588 0.568199 -1.74492 -0.0777314 
-0.47754 0.295541 -0.0450353 0.467786 -1.23698 -0.142559 
-0.620367 0.888286 -1.31074 0.675443 -0.587521 -0.44284 
0.0792449 -0.0293259 0.764254 0.849381 -1.80298 -0.34866 
-0.252467 -0.0228278 0.40255 0.669722 -1.35312 -0.385361 
-0.473266 0.244642 -0.197311 0.634817 -0.958701 -0.41649 
0.0908296 -0.339316 0.548559 1.01978 -1.38466 -0.909972 
-0.244444 -0.121037 0.16816 0.956914 -1.01821 -0.857485 
-0.468079 0.250375 -0.423 1.02207 -0.710883 -0.935547 
0.103721 -0.109158 -0.537019 -1.38477 1.32934 0.902719 
-0.235135 0.12643 -0.774713 -1.14615 1.07264 0.812963 
-0.345298 0.297705 0.168286 0.545081 -1.54762 -0.14584 
-0.570545 0.673565 -0.863274 0.572415 -0.872045 -0.306736 
0.00707549 0.173053 0.554435 0.805511 -1.861 -0.27799 
-0.341227 0.197362 0.0671655 0.632728 -1.31295 -0.346317 
-0.568023 0.717647 -1.04088 0.769009 -0.714092 -0.579978 
0.0144869 -0.0652958 0.438048 0.879462 -1.54676 -0.633675 
-0.33636 0.14704 -0.0896905 0.803819 -1.08223 -0.637244 
-0.565079 0.862933 -1.39851 1.22949 -0.564517 -1.15625 
0.470194 -0.172649 0.412632 -1.98408 1.79233 2.05441 
0.0226616 -0.155755 0.195572 1.09343 -1.30712 -1.07415 
-0.330822 0.153375 -0.31396 1.12539 -0.902353 -1.09662 
0.477601 -0.184357 -0.00278984 1.31508 -1.66854 4.66181 
0.0319623 0.0947381 -0.739552 -1.39006 1.33618 0.904625 
-0.324174 0.509706 -1.28244 -1.08178 1.12183 0.684266 
-0.197865 0.234894 0.241177 0.6788 -1.62559 -0.297761 
-0.516547 0.582146 -0.732886 0.666265 -0.939512 -0.437962 
-0.193683 0.13397 0.135226 0.758746 -1.41882 -0.511991 
-0.513992 0.613302 -0.887401 0.840433 -0.808543 -0.687204 
0.274997 -0.00465804 0.375964 1.01221 -1.77427 -0.805309 
-0.188663 0.0852041 -0.0251883 0.909303 -1.22667 -0.795413 
-0.51105 0.691737 -1.12413 1.15509 -0.696589 -1.10322 
0.282192 -0.0901158 0.134634 1.14073 -1.59188 -1.20494 
0.290577 0.17208 -0.827116 -1.58183 1.58516 0.915682 
-0.175989 0.395803 -1.11483 -1.26403 1.23843 0.800181 
-1.30383 0.160899 0.317608 -0.784659 -1.57348 0.996894 
-0.956837 0.520469 -0.654885 -0.78883 -0.897053 1.18873 
-1.30911 0.059743 0.203392 -0.898287 -1.3882 1.16461 
-0.960352 0.550517 -0.808684 -1.01352 -0.799245 1.40626 
-1.82616 -0.0583911 0.414477 1.96532 1.83204 4.46779 
-1.83077 -0.133695 0.162652 1.88465 1.72469 4.74912 
-1.15341 0.244301 0.227121 -0.630313 -1.51554 0.89651 
-0.904925 0.622966 -0.794838 -0.671064 -0.852576 1.09663 
-1.54901 0.129245 0.59438 -0.942311 -1.8596 0.934139 
-1.15874 0.144033 0.119524 -0.749608 -1.29912 1.04264 
-0.908516 0.663371 -0.966885 -0.913618 -0.727184 1.32924 
-1.16443 0.0969159 -0.0438155 2.19535 1.11979 -1.88517 
-0.912605 0.777543 -1.26749 -1.33025 -0.6561 1.75332 
-1.56337 -0.185581 0.213628 1.94677 1.45247 -1.62277 
-1.56828 0.0522581 -0.693959 -1.70888 -1.38864 2.22513 
-1.17088 0.406165 -1.12926 -2.01674 -1.11629 2.39868 
-1.01868 0.357469 0.0925399 -0.466737 -1.48524 0.796032 
-0.855735 0.75314 -0.98398 -0.533227 -0.807486 0.990493 
-1.27761 0.18945 0.535592 -0.692669 -1.75644 0.812414 
-1.02373 0.260897 -0.00803533 -0.576075 -1.24408 0.907564 
-0.859213 0.82589 -1.21291 -0.796362 -0.637357 1.24353 
-1.65848 -0.0132016 0.741228 -1.02043 -1.89337 0.962847 
-1.28577 -0.0455283 0.418779 -0.812985 -1.42714 1.04629 
-1.02979 0.214671 -0.16739 -0.778978 -1.02046 1.10572 
-1.2946 -0.133367 0.17553 -1.0696 -1.19413 1.36709 
-1.67628 -0.304897 0.094514 -1.34886 -1.48474 1.78404 
-1.29798 0.100799 -0.74612 -1.92482 -1.13856 2.29447 
-0.901268 0.500039 -0.092731 -0.299124 -1.4773 0.699498 
-0.809037 0.960461 -1.31193 -0.383409 -0.72881 0.879448 
-1.03939 0.327711 0.372294 -0.435997 -1.70859 0.68754 
-0.905221 0.410132 -0.187496 -0.383187 -1.2227 0.765879 
-1.25136 0.0534667 0.687438 -0.660689 -1.72416 0.774524 
-1.0473 0.107894 0.272603 -0.552759 -1.33014 0.836306 
-0.910774 0.366522 -0.343058 -0.559108 -0.956157 0.916981 
-1.26391 -0.248691 0.486142 -0.87209 -1.26827 1.13174 
-1.05685 0.0127879 0.0467269 -0.841361 -0.997297 1.13167 
-0.918058 0.383163 -0.582334 -0.950403 -0.726901 1.28261 
-1.06536 0.0498128 -0.319458 -1.40598 -0.833103 1.69569 
-1.26966 -0.0555958 -0.586304 -2.00804 -1.05533 2.32968 
-1.05811 0.264217 -0.939295 0.92914 0.928647 -0.675755 
-0.80034 0.672979 -0.339009 -0.131074 -1.48168 0.607348 
-0.849767 0.52336 0.107476 -0.189672 -1.69859 0.578287 
-0.80267 0.593338 -0.430966 -0.175493 -1.22993 0.619842 
-0.920426 0.278847 0.438509 -0.294278 -1.68121 0.577494 
-0.854475 0.328325 0.0246653 -0.263421 -1.31529 0.622793 
-0.806344 0.559663 -0.591732 -0.283626 -0.9315 0.686506 
-0.930597 -0.00128845 0.278191 -0.470137 -1.12243 0.749593 
-0.862754 0.233706 -0.180722 -0.48687 -0.89267 0.801327 
-0.812983 0.591561 -0.854349 -0.627541 -0.596931 0.983414 
-0.942534 -0.0482878 -0.107592 2.04153 0.664049 -1.79206 
-0.930563 0.175585 -0.831231 0.632319 0.761575 -0.48757 
-0.692559 0.712345 0.0788892 0.0437271 -2.00089 0.484591 
-0.708611 0.621576 -0.464986 0.0347728 -1.36618 0.474294 
-0.692486 0.468539 0.0749283 0.0438052 -1.69054 0.439761 
-0.708413 0.594091 -0.62842 0.0411926 -1.11261 0.430861 
-0.670321 0.294665 0.431912 0.0567305 -1.78687 0.387347 
-0.692244 0.308061 -0.0453291 0.0460539 -1.32269 0.383026 
-0.708424 0.630967 -0.889038 0.0510622 -0.801707 0.372967 
-0.670585 0.010997 0.282447 0.0522018 -1.22426 0.307317 
-0.692878 0.248285 -0.283283 0.0458436 -0.895139 0.314266 
-0.672768 -0.0536419 -0.0736164 0.04149 -0.596891 0.221235 
-0.694965 0.316623 -0.690326 0.0193564 -0.349877 0.252089 
-0.673237 0.131322 -0.7276 -0.0939633 0.191386 0.232764 
-0.604035 0.449554 -0.227157 0.193075 -1.36675 0.244981 
-0.501214 0.273216 0.32855 0.264268 -1.68958 0.187785 
-0.602342 0.407056 -0.376366 0.239921 -1.11263 0.13977 
-0.342827 0.0629881 0.695495 0.393107 -1.78502 0.0628008 
-0.49811 0.0906672 0.199456 0.314086 -1.29963 0.0285669 
-0.600324 0.416865 -0.596287 0.338357 -0.822065 -0.0313194 
-0.336297 -0.257741 0.513289 0.490311 -1.20278 -0.252007 
-0.49415 0.0242534 -0.0455623 0.464138 -0.885137 -0.237259 
-0.597805 0.509419 -0.944404 0.654374 -0.47876 -0.446828 
-0.327567 -0.295931 0.121056 0.906972 -0.731318 -0.848818 
-0.488739 0.0837946 -0.433191 1.02542 -0.503776 -0.942185 
-0.318336 -0.0959247 -0.511319 -1.27589 0.701685 1.11965 
-0.482567 0.409413 -1.23125 -0.870175 0.694559 0.733453 
-0.483831 0.314616 -0.0565509 0.351681 -1.38563 0.026773 
-0.264703 0.139678 0.481081 0.495469 -1.73542 -0.0645216 
-0.48097 0.266162 -0.204693 0.428538 -1.14464 -0.127597 
0.06913 -0.0105063 0.761224 0.743293 -1.9124 -0.26075 
-0.259294 -0.0527705 0.337717 0.571151 -1.37151 -0.314151 
-0.477542 0.268612 -0.415308 0.579526 -0.891331 -0.368689 
0.0792505 -0.327713 0.558503 0.825827 -1.46158 -0.722167 
-0.252497 -0.112218 0.0781027 0.778739 -1.04106 -0.678842 
-0.473274 0.339045 -0.722574 0.934167 -0.648069 -0.839301 
0.0908307 -0.343403 0.148838 -2.01678 1.18924 1.86257 
-0.244485 -0.0432266 -0.312066 -1.90981 0.829967 1.83497 
-0.348821 0.212935 0.0618878 0.497194 -1.43338 -0.174597 
0.0011553 0.0904547 0.529214 0.706954 -1.84397 -0.297485 
-0.34532 0.162805 -0.0890927 0.585875 -1.21509 -0.358849 
0.00707655 -0.0998068 0.376193 0.763399 -1.53894 -0.59799 
-0.341209 0.164128 -0.298272 0.745326 -1.00211 -0.622 
0.461538 -0.168058 0.425641 0.979851 -1.82308 -0.98048 
0.0147568 -0.151596 0.108686 0.930199 -1.28781 -0.962833 
-0.33636 0.228552 -0.59117 1.04592 -0.825114 -1.04832 
0.470487 -0.191319 0.0255067 -2.03456 1.61836 1.68353 
0.0226644 -0.0749636 -0.285627 1.2271 -1.14513 -1.46407 
0.0293824 0.187092 -0.943578 -1.53689 1.19407 1.00887 
-0.201622 0.145831 0.134614 0.620676 -1.50963 -0.355453 
0.262826 0.138964 0.470605 0.873357 -1.99637 -0.491756 
-0.19791 0.096083 -0.0195771 0.704504 -1.31573 -0.552632 
0.268496 -0.0419403 0.317973 0.881472 -1.75117 -0.808853 
-0.193679 0.0990912 -0.230293 0.846562 -1.13843 -0.81181 
0.274997 -0.0898285 0.049467 0.980411 -1.54829 -1.15159 
-0.188654 0.162257 -0.51719 1.08401 -0.998137 -1.18365 
0.288284 0.276802 -1.05595 -1.74253 1.42053 0.975378 
-1.29896 0.0700669 0.209586 -0.709689 -1.46712 1.13087 
-0.953722 0.762864 -1.3342 -1.01891 -0.635169 1.59303 
-1.30391 0.0213879 0.0493345 -0.825991 -1.28884 1.29232 
-1.82616 -0.135934 0.0785581 2.03255 1.65823 4.84932 
-2.31227 0.439086 -1.15343 2.14554 1.92146 -6.97317 
-1.14875 0.157738 0.120387 -0.566371 -1.40667 1.00223 
-1.54192 0.044201 0.570689 -0.816454 -1.84223 1.05223 
-1.1534 0.107688 -0.034542 -0.683835 -1.19852 1.14443 
-1.54903 -0.144549 0.408025 2.25413 1.57564 -1.84003 
-1.5634 -0.0993922 -0.271296 1.8752 1.31768 -1.24043 
-1.56856 0.892476 -2.22318 -1.63885 -1.35746 2.90887 
-1.01479 0.277748 -0.0141385 -0.413366 -1.37674 0.874565 
-1.27046 0.109753 0.509779 -0.591957 -1.74027 0.897593 
-1.01877 0.229363 -0.164815 -0.515112 -1.14429 0.982917 
-1.64868 -0.00124476 0.745174 -0.888782 -1.9654 0.999896 
-1.27749 -0.0807904 0.359024 -0.689128 -1.40965 1.09577 
-1.02374 0.233036 -0.37771 -0.70437 -0.922829 1.17653 
-1.66849 -0.312542 0.122226 -1.14212 -1.42814 1.75221 
-0.898439 0.429408 -0.201786 -0.259543 -1.36915 0.755015 
-1.03418 0.258038 0.344561 -0.362847 -1.69972 0.746035 
-0.901288 0.386624 -0.351922 -0.331647 -1.12263 0.818832 
-1.24112 0.0701535 0.683823 -0.549178 -1.82712 0.796965 
-1.03983 0.077504 0.210509 -0.44517 -1.33498 0.86297 
-0.905221 0.397493 -0.573658 -0.482506 -0.859399 0.958751 
-1.25133 -0.23863 0.495046 -0.672443 -1.34048 1.07244 
-1.04731 0.017697 -0.0417763 -0.653636 -0.994928 1.08559 
-0.910786 0.492686 -0.923651 -0.86574 -0.605379 1.33917 
-1.26389 -0.266647 0.0974073 -1.02306 -1.02816 1.49355 
-1.06546 0.420442 -1.24405 1.24092 0.880973 -0.709586 
-0.844832 0.707485 0.0859148 -0.136696 -2.00378 0.608681 
-0.799253 0.613761 -0.452817 -0.110823 -1.37112 0.644771 
-0.847056 0.464486 0.0782667 -0.150783 -1.69431 0.619986 
-0.800483 0.586055 -0.616768 -0.145088 -1.12036 0.659129 
-0.914394 0.295695 0.427079 -0.224736 -1.79892 0.609078 
-0.849803 0.304756 -0.04238 -0.193493 -1.33672 0.648136 
-0.802605 0.621425 -0.874809 -0.226139 -0.822121 0.715832 
-0.920447 0.0174592 0.274546 -0.30622 -1.27434 0.703013 
-0.854648 0.247551 -0.282729 -0.316742 -0.942819 0.7451 
-0.930597 -0.0391537 -0.0884158 -0.623216 -0.774592 1.00734 
-0.862548 0.324393 -0.701133 -0.784741 -0.541126 1.18841 
-2.00738 0.0560971 -1.22226 1.61115 1.5457 -6.67971 
-2.31179 -0.223299 -0.993406 1.77199 1.6034 -6.61937 
-3.1385 -0.325541 -0.960615 2.47214 1.75642 -0.161975 
-0.95513 -0.0119386 -1.22031 0.323038 1.20902 -0.0923688 
2.29379 -0.233315 -0.987888 -3.03821 1.87813 0.0513488 
-0.655823 -0.160513 -1.10323 -0.0992057 1.22462 0.0458817 
-2.52697 -0.107021 -1.00627 2.0233 1.73399 -0.398007 
-1.55087 -0.0372126 -1.12606 1.12321 1.33804 -0.354784 
-1.5037 -0.309727 -0.961384 0.913121 1.33921 -0.22229 
2.3632 -0.0353632 -1.06684 -3.10142 1.99549 0.0351595 
0.222715 -0.440024 -1.01404 -0.971888 1.46098 0.113409 
1.45663 -0.301998 -0.962671 -2.28232 1.72869 0.250325 
-0.434795 0.0196699 -1.24935 -0.432388 1.21412 0.160568 
-1.70264 0.0885493 -1.19511 1.38464 1.415 -0.44582 
1.31064 -0.421107 -1.43265 -1.85927 1.434 -0.255894 
-1.08947 0.04883 -1.2112 0.56458 1.16682 -0.199012 
-0.730226 -0.526105 -1.00533 9.4006e-06 1.48221 0.0188185 
-0.732049 -0.210181 -0.996881 0.00200383 1.15783 0.0180966 
1.71789 0.501139 -2.21614 -2.56042 1.40161 6.22599 
0.0436023 -0.288345 -0.964687 -0.93193 1.32717 0.275664 
0.749471 -0.183905 -1.0121 -1.70432 1.57095 0.396622 
-1.18635 0.491136 -1.8746 0.730779 1.35882 -0.107751 
-0.803375 -0.248798 -0.907336 0.105672 1.09702 -0.0199539 
0.24534 -0.336799 -0.874225 -1.15923 1.36291 0.354658 
-0.41839 0.0659573 -1.22888 -0.497567 1.15174 0.216291 
0.964026 -0.119537 -0.994371 1.20493 -1.68693 3.59525 
0.0362959 -0.000525243 -1.15933 -1.0795 1.31147 0.388942 
0.463701 0.125274 -1.3007 -1.55871 1.50857 0.427263 
-0.405755 0.133663 -1.24611 -0.564051 1.10438 0.272932 
0.125246 0.0654045 -1.1687 -1.24303 1.34368 0.476373 
-0.692879 0.631855 0.0791875 0.0386049 -1.96799 0.507018 
-0.708818 0.61116 -0.648744 0.0326587 -1.21931 0.496003 
-0.692668 0.416851 0.0350216 0.0398485 -1.66182 0.470068 
-0.708602 0.655863 -0.918843 0.0419043 -0.946905 0.456899 
-0.670292 0.306374 0.420181 0.0551374 -1.87428 0.430778 
-0.692323 0.292569 -0.124173 0.0450242 -1.31584 0.423038 
-0.670043 0.0288033 0.272356 0.056725 -1.36215 0.363185 
-0.692242 0.274491 -0.407586 0.0558082 -0.927354 0.360838 
-0.670588 -0.0351687 -0.0762805 0.0671665 -0.820057 0.279207 
-0.692878 0.407684 -0.902971 0.0843384 -0.435663 0.266547 
-0.672762 0.130399 -0.691832 0.141512 -0.163441 0.115978 
-0.50589 0.463028 0.339727 0.22455 -2.00437 0.31719 
-0.605452 0.423046 -0.391001 0.177851 -1.23099 0.25626 
-0.503761 0.213286 0.288851 0.230912 -1.6598 0.211892 
-0.604035 0.43671 -0.612689 0.2287 -0.976911 0.155054 
-0.347869 0.0786057 0.687038 0.347514 -1.88137 0.122128 
-0.501154 0.0701134 0.124442 0.272511 -1.29661 0.0798449 
-0.602341 0.533768 -0.961251 0.348766 -0.672836 -0.0294242 
-0.342848 -0.239845 0.509769 0.3954 -1.33262 -0.123249 
-0.498107 0.0442187 -0.155763 0.382385 -0.92132 -0.123473 
-0.336296 -0.28489 0.131305 0.622601 -0.853241 -0.50327 
-0.494149 0.146973 -0.591007 0.750649 -0.532697 -0.607163 
-0.327569 -0.107707 -0.467684 1.40374 -0.562692 -1.46229 
-0.486406 0.277697 -0.210618 0.326147 -1.25226 0.0208752 
-0.269202 0.0727823 0.441581 0.435983 -1.698 -0.0590244 
-0.483832 0.283401 -0.421351 0.409394 -1.01713 -0.130086 
0.0611848 0.00167495 0.758789 0.664363 -1.98816 -0.203508 
-0.264735 -0.0741734 0.262411 0.500922 -1.35409 -0.269975 
-0.480969 0.352183 -0.719653 0.577015 -0.766417 -0.379403 
0.0691302 -0.317619 0.562674 0.692164 -1.52783 -0.595037 
-0.259287 -0.0945226 -0.0270771 0.662599 -1.03769 -0.564924 
-0.477545 0.590741 -1.30077 1.10373 -0.497216 -1.02839 
0.0792442 -0.342509 0.166489 0.903431 -1.19527 -1.04015 
-0.252471 0.00938158 -0.452878 1.03227 -0.782794 -1.08614 
-0.351898 0.173338 -0.092022 0.465281 -1.2989 -0.203552 
-0.00425982 0.0200463 0.490951 0.62443 -1.80095 -0.319431 
-0.348823 0.174356 -0.297408 0.562407 -1.0887 -0.384693 
0.000893209 -0.124039 0.30302 0.676878 -1.50327 -0.578901 
-0.3453 0.234826 -0.5791 0.735801 -0.881515 -0.653644 
0.453158 -0.164579 0.433948 0.847907 -1.84622 -0.901425 
0.00709553 -0.137204 0.0062371 0.815643 -1.25 -0.89075 
-0.341244 0.403278 -1.03024 1.09919 -0.696937 -1.14549 
0.461514 -0.195887 0.0460806 0.935006 -1.58578 -1.31501 
0.470487 0.00124116 -0.584336 -2.01734 1.43274 1.30887 
-0.204947 0.103712 -0.0186954 0.581749 -1.37472 -0.408436 
0.258037 0.0688855 0.435589 0.769746 -1.95213 -0.542028 
-0.201613 0.105081 -0.224474 0.675682 -1.18865 -0.601702 
0.262844 -0.0687945 0.247999 0.781349 -1.70232 -0.820205 
-0.19793 0.164237 -0.501147 0.829175 -1.01615 -0.864006 
0.268409 -0.0792455 -0.0505496 0.865569 -1.48817 -1.11971 
-0.193709 0.312212 -0.91159 -2.04343 0.86885 1.87154 
0.737657 0.0989506 -0.240426 -2.25299 1.86337 1.63443 
0.275074 0.0366083 -0.489558 -2.11298 1.32455 1.63917 
-1.29454 0.0281252 0.055349 -0.657316 -1.34215 1.24735 
-1.82074 -0.127784 -0.0175809 2.15441 1.57589 -1.34978 
-2.31048 0.402155 -1.08001 2.22912 1.81691 -6.97098 
-1.14476 0.117571 -0.033486 -0.52331 -1.279 1.09516 
-1.53551 -0.0281876 0.533466 -0.71144 -1.80076 1.15499 
-1.14875 0.118112 -0.239527 -0.645166 -1.07653 1.24161 
-1.54193 -0.170463 0.337401 2.36237 1.52661 -1.76788 
-1.55647 -0.0554053 -0.405065 1.99349 1.20677 -1.19313 
-1.56339 0.680989 -1.88879 1.57984 1.17758 -6.64937 
-1.0116 0.242111 -0.169977 -0.378801 -1.24683 0.944551 
-1.26458 0.0413994 0.471206 -0.512351 -1.70198 0.970944 
-1.0148 0.244455 -0.377305 -0.481675 -1.01827 1.05806 
-1.27037 -0.104486 0.286498 -0.595117 -1.37577 1.14095 
-1.01877 0.308556 -0.667503 -0.682181 -0.791596 1.27251 
-1.64851 -0.302079 0.545728 2.34084 1.62905 -1.75956 
-1.2946 0.411116 -1.36647 1.48915 0.958285 -6.93684 
-1.02726 0.449614 0.356901 -0.29737 -2.0071 0.722797 
-0.896294 0.401587 -0.364003 -0.234938 -1.23493 0.804615 
-1.03026 0.197235 0.305792 -0.309221 -1.66785 0.79619 
-0.898441 0.413681 -0.58373 -0.306155 -0.986792 0.874434 
-1.2334 0.0829738 0.679114 -0.470948 -1.90758 0.825264 
-1.03438 0.0565364 0.136502 -0.3724 -1.31678 0.892999 
-0.901287 0.506308 -0.924451 -0.47059 -0.703663 1.0407 
-1.2411 -0.228783 0.49785 -0.536979 -1.40979 1.046 
-1.03983 0.0336694 -0.147886 -0.529221 -0.978149 1.06779 
-1.04731 0.142017 -0.588618 -0.92532 -0.692294 1.48647 
-0.843863 0.627396 0.0855519 -0.116387 -1.97097 0.642348 
-0.798231 0.602188 -0.635095 -0.0991189 -1.22474 0.67751 
-0.845295 0.41247 0.0395781 -0.125402 -1.6654 0.654407 
-0.798976 0.648174 -0.908429 -0.133308 -0.952971 0.70017 
-0.910767 0.307515 0.41761 -0.184173 -1.88266 0.640689 
-0.847069 0.288394 -0.119885 -0.154345 -1.32431 0.676632 
-0.914422 0.0320457 0.267879 -0.22269 -1.38629 0.702305 
-0.850004 0.270697 -0.4029 -0.232013 -0.950729 0.739264 
-0.920447 -0.0280166 -0.0845358 -0.379305 -0.892487 0.856003 
-0.854475 0.408989 -0.906525 -0.533787 -0.517926 1.02912 
3.08305 0.295193 -1.43961 2.68593 1.76324 -6.41918 
-2.51887 -0.141361 -0.937471 2.1329 1.60517 -0.373736 
-1.50325 0.058794 -1.61821 0.908645 1.34793 6.34064 
2.3658 -0.0763423 -0.991897 -3.08929 1.85852 0.107165 
1.45385 0.0712082 -1.6352 -2.28021 1.3584 0.100537 
-1.70004 0.0392688 -1.0889 1.59695 1.2592 -0.506737 
1.31541 -0.528582 -1.25418 -1.77477 1.26126 -0.145284 
-0.702871 -0.571886 -0.925434 -0.00215062 1.25341 0.0904825 
1.71751 0.540224 -2.28584 -2.521 1.18963 -6.28183 
0.0337988 0.00111708 -1.48484 -0.887041 1.27794 0.17501 
1.64154 0.236559 -1.33969 -2.58464 1.73156 6.65072 
-1.19159 0.58271 -2.01585 0.879082 1.12935 -6.33213 
-0.813714 -0.290071 -0.825371 0.203885 0.818066 0.0112093 
0.232332 -0.377744 -0.800822 -1.21632 1.13478 0.505794 
-0.41345 0.0567421 -1.09593 -0.640512 0.765936 0.490057 
0.118981 0.00291973 -1.04935 -1.36438 1.10921 0.709914 
0.578971 0.261759 -1.367 -1.83133 1.38711 6.93257 
-0.69985 1.09328 0.251979 -0.308673 -1.35559 0.0679931 
-0.661873 1.15571 0.0390581 -0.282136 -1.20834 0.102407 
-0.632221 1.24833 -0.209687 -0.269509 -1.05456 0.135487 
-0.608455 1.37984 -0.51484 -0.272962 -0.883558 0.175764 
-0.712708 0.533681 0.45726 -0.939444 -0.589322 0.497438 
-0.673666 0.766828 0.202977 -0.91303 -0.559471 0.50481 
-0.642802 0.993018 -0.0872827 -0.956631 -0.505988 0.584158 
-0.618783 1.23749 -0.442335 -1.11003 -0.435991 0.77631 
-0.697362 0.13691 0.400648 0.63971 0.463874 -1.05023 
-0.631997 0.797204 -0.0481595 0.982219 0.278494 -1.37372 
-0.608836 1.13408 -0.409735 -2.24885 -0.279234 1.87713 
-0.688874 -0.0174252 0.125746 0.201642 0.983284 -0.618262 
-0.653646 0.281131 0.105672 0.234493 0.703587 -0.654144 
-0.625857 0.646001 -0.0652855 0.283958 0.510247 -0.698548 
-0.603482 1.0518 -0.396798 3.4474 -0.433914 -3.85 
-0.684928 0.0447341 -0.3471 0.120306 1.48777 -0.545799 
-0.65035 0.202802 -0.11602 0.120056 1.09733 -0.558494 
-0.623156 0.53397 -0.130284 0.137531 0.77947 -0.576451 
-0.601121 0.979146 -0.393616 0.154618 0.596671 -0.585637 
-0.648638 0.23943 -0.463784 0.0840243 1.47598 -0.534171 
-0.621709 0.462861 -0.244354 0.0875814 1.03243 -0.545546 
-0.599931 0.913986 -0.399913 0.101724 0.73629 -0.555315 
-0.647529 0.470093 -1.09807 0.0738997 1.92805 -0.517302 
-0.62083 0.437128 -0.413175 0.0648986 1.2759 -0.536302 
-0.599324 0.855552 -0.415243 0.0747622 0.858799 -0.545799 
-0.334338 1.05804 0.472973 0.477024 -1.53546 -0.0182527 
-0.4232 1.0968 0.237624 0.397807 -1.35228 -0.0908472 
-0.485147 1.1867 -0.0494261 0.356472 -1.1615 -0.147115 
-0.530487 1.33343 -0.411162 0.346904 -0.951568 -0.206809 
-0.349365 0.387467 0.735023 0.468795 -0.751291 -0.362312 
-0.435338 0.665365 0.433894 0.364657 -0.714838 -0.325369 
-0.495256 0.919225 0.0931659 0.31371 -0.623117 -0.32699 
-0.539204 1.18707 -0.317235 0.30821 -0.479305 -0.362336 
-0.35471 -0.128144 0.680018 -0.921859 0.327671 0.855714 
-0.497112 0.700042 0.139879 0.975284 -0.186947 -1.10526 
-0.540207 1.07778 -0.282869 1.08655 -0.138385 -1.24984 
-0.357288 -0.294617 0.37631 -0.296719 0.906938 0.117922 
-0.439479 0.0845682 0.341078 -0.357265 0.55565 0.170013 
-0.497301 0.529429 0.123297 -0.488838 0.327907 0.28175 
-0.539925 0.989758 -0.270934 -0.528812 0.254107 6.57841 
-0.360198 -0.219431 -0.0966243 -0.20534 1.41575 -0.0677223 
-0.441149 -0.00643983 0.114732 -0.19901 0.983974 -0.061516 
-0.498254 0.402846 0.0580388 -0.237116 0.627897 -0.0306165 
-0.540465 0.91308 -0.269114 -0.278997 0.441683 -0.00778792 
-0.363001 0.0903747 -0.864805 -0.188352 1.94894 -0.200596 
-0.442941 0.0208501 -0.218418 -0.146851 1.36853 -0.17531 
-0.499398 0.318702 -0.0519693 -0.155224 0.901015 -0.160344 
-0.541304 0.844011 -0.275462 -0.187882 0.596958 -0.139983 
-0.444467 0.183563 -0.721152 -0.127862 1.76543 -0.257489 
-0.500463 0.283795 -0.214302 -0.115957 1.15631 -0.238762 
-0.542097 0.782912 -0.292675 -0.13803 0.733866 -0.222195 
0.0982869 1.05696 0.504002 1.13326 -1.56665 -0.00892527 
-0.155935 1.07637 0.324017 0.885213 -1.46263 -0.132357 
-0.33575 1.15302 0.046991 0.734088 -1.2898 -0.245182 
-0.461897 1.30328 -0.341734 0.666653 -1.06914 -0.361643 
0.0933179 0.382506 0.772379 1.26081 -1.1265 -0.572928 
-0.160097 0.635578 0.525831 1.00213 -1.03751 -0.517173 
-0.339033 0.886923 0.189619 0.854956 -0.924507 -0.542544 
-0.46441 1.16645 -0.252762 0.816026 -0.764504 -0.642295 
-0.34564 0.646612 0.255662 1.20816 -0.58205 -1.06943 
-0.469454 1.04691 -0.200538 1.1492 -0.486947 -1.11125 
0.0674938 -0.370094 0.442632 -0.742015 1.17123 0.81015 
-0.17874 -0.024737 0.464586 -0.876192 0.745094 0.93007 
-0.473787 0.948399 -0.178682 1.79359 -0.376956 -1.86309 
0.0570686 -0.295187 -0.0290263 -0.554437 1.55686 0.440658 
-0.185921 -0.126556 0.236123 -0.531638 1.06153 0.455524 
-0.356801 0.308838 0.189759 -0.655727 0.646811 0.562428 
-0.477021 0.864004 -0.172095 -0.817655 0.437338 -5.61165 
0.0494031 -0.00167286 -0.760042 -0.52223 1.99914 0.158046 
-0.19139 -0.101658 -0.0940385 -0.398906 1.39855 0.213673 
-0.36052 0.216068 0.0794442 -0.426562 0.88114 0.257489 
-0.479605 0.789736 -0.17674 -0.539945 0.550214 0.336507 
-0.195726 0.0462066 -0.564099 -0.347624 1.75189 0.04333 
-0.363589 0.172744 -0.0786264 -0.315854 1.12033 0.0843369 
-0.481692 0.723967 -0.191964 -0.390598 0.670284 0.141949 
0.48099 1.07013 0.365211 1.64349 -1.58069 -0.135093 
0.118437 1.07919 0.315412 1.2858 -1.52082 -0.168881 
-0.181584 1.13514 0.10226 1.00747 -1.38795 -0.280333 
-0.396993 1.27874 -0.28374 0.853798 -1.1675 -0.422876 
0.478051 0.480772 0.609058 1.74249 -1.38447 -6.93239 
0.11562 0.644566 0.517023 1.39508 -1.22864 -0.575645 
-0.184111 0.866828 0.245437 1.12617 -1.09497 -0.584855 
-0.398773 1.14473 -0.197482 0.998533 -0.918 -0.6906 
-0.190123 0.617853 0.319139 1.38706 -0.828665 -1.03412 
-0.403425 1.02292 -0.139833 1.23804 -0.688253 -1.06104 
0.458555 -0.211666 0.328392 -0.888198 1.52589 1.23231 
0.0975703 -0.0273666 0.476109 -1.0103 1.05159 1.29849 
-0.408349 0.918245 -0.109868 1.61284 -0.551446 -1.54894 
0.448636 -0.165555 -0.126613 -0.770267 1.8081 0.836595 
0.0888221 -0.13939 0.25476 -0.737916 1.26722 0.84938 
-0.203876 0.251721 0.26939 -0.89483 0.786912 0.967204 
-0.412623 0.827457 -0.0974359 2.01105 -0.53247 -2.03321 
0.0818373 -0.120605 -0.0706085 -0.603621 1.53642 0.560211 
-0.208924 0.149636 0.162213 -0.640149 0.958984 0.614915 
-0.41605 0.747443 -0.0981038 -0.829239 0.585724 0.740674 
0.0761991 0.0211892 -0.532358 -0.552965 1.83872 0.330491 
-0.213103 0.100914 0.00619876 -0.495924 1.1631 0.387424 
-0.4189 0.676917 -0.110778 -0.626555 0.671216 0.484072 
0.751978 1.14648 0.0672423 1.97108 -1.71491 -0.327332 
0.370118 1.10198 0.217296 1.61246 -1.58149 -0.251303 
-0.0239572 1.12993 0.119172 1.23646 -1.46195 -0.303239 
-0.332446 1.25842 -0.234519 0.985773 -1.24635 -0.448385 
0.750051 0.659955 0.286544 2.0442 -1.61581 -0.729622 
0.367905 0.694661 0.411815 1.70881 -1.38045 -0.639295 
-0.0266235 0.860144 0.26354 1.34572 -1.20918 -0.613615 
-0.334213 1.12434 -0.149185 1.12224 -1.01566 -0.711814 
0.74462 0.274947 0.278941 2.16338 -1.64754 5.06359 
-0.338727 1.00126 -0.0894703 1.32021 -0.813149 -1.03873 
0.737871 0.0909545 0.0453342 -0.87502 1.80966 1.47437 
0.353111 0.0674555 0.384793 -0.988926 1.32684 1.504 
-0.343128 0.893248 -0.0550092 1.59369 -0.684738 -1.42237 
0.345612 -0.047417 0.175052 -0.817178 1.49789 1.12209 
-0.0453631 0.23054 0.301392 -0.977328 0.957291 1.20588 
-0.347617 0.798591 -0.0386825 1.88546 -0.641038 -1.80141 
0.339328 -0.0365829 -0.144035 -0.727439 1.72069 0.831747 
-0.0506751 0.122783 0.197597 -0.763945 1.09055 0.87837 
0.334043 0.1043 -0.614728 -0.712906 1.98473 0.563634 
-0.0551495 0.0696487 0.0444005 -0.627202 1.26037 0.641134 
-0.354327 0.639466 -0.0458959 -0.800451 0.714838 0.756098 
-2.30969 1.15895 0.0295497 -2.24549 -1.81691 6.57875 
-1.85849 1.06634 0.390114 -1.82948 -1.60017 6.39371 
-1.28001 1.06928 0.369815 -1.25522 -1.5298 0.125179 
-0.851662 1.18014 -0.0313468 -0.869785 -1.28894 0.318371 
-2.30777 0.690525 0.242744 0.865773 1.83537 3.61836 
-1.85681 0.620771 0.594333 -1.8871 -1.51328 6.62416 
-1.27938 0.770923 0.519791 1.81325 1.33217 -2.86651 
-0.85215 1.04769 0.0474885 -0.968666 -1.11096 0.391923 
-0.849588 0.920413 0.107813 -1.07297 -0.932471 0.495877 
-0.846296 0.801392 0.149108 -1.22805 -0.778431 0.652547 
-1.83577 -0.230511 0.0421709 0.905089 1.87629 -1.58413 
-2.04249 1.07813 0.320745 -2.00402 -1.64355 0.155901 
-1.57074 1.06068 0.437814 -1.53805 -1.56843 0.0722624 
-1.11232 1.08536 0.285951 -1.08776 -1.47708 0.176361 
-0.799788 1.21753 -0.131746 -0.828185 -1.2285 0.350637 
-1.56879 0.593251 0.648405 -1.62485 -1.38392 6.61759 
-1.11183 0.7984 0.431227 -1.18897 -1.23415 0.321056 
-0.800314 1.08566 -0.0518092 -0.955941 -1.0259 0.439076 
-1.10729 0.517576 0.515944 1.78626 1.0077 -2.57716 
-0.797132 0.961673 0.00702895 -1.09629 -0.82899 0.569188 
-0.793249 0.848382 0.0450736 -1.30691 -0.671887 0.773112 
-1.54792 -0.294882 0.39641 -2.2323 -1.47025 1.51174 
-0.789211 0.746403 0.0646971 1.54466 0.575016 4.20014 
-1.54028 -0.27406 0.0695929 0.79672 1.67269 -1.39628 
-1.0888 -0.0400059 0.371986 0.847606 0.979165 -1.47217 
-1.53315 -0.137561 -0.371523 0.753762 1.91072 -1.19263 
-1.08337 -0.0962233 0.212684 0.662419 1.15244 -1.25062 
-1.67909 1.05959 0.450174 -1.63818 -1.57491 0.0608907 
-1.2826 1.06604 0.391681 -1.24378 -1.53436 0.107065 
-0.967867 1.11712 0.161966 -0.947565 -1.39725 0.235651 
-0.752458 1.26265 -0.245023 -0.792118 -1.16164 0.383335 
-1.28076 0.609446 0.596602 1.76595 1.24025 -2.77424 
-0.967357 0.843961 0.302084 -1.09271 -1.10728 0.385009 
-0.752922 1.12982 -0.163084 -0.966222 -0.924523 0.500606 
-0.961761 0.587115 0.378553 -1.32297 -0.847274 6.9401 
-0.748842 1.00899 -0.106384 -1.17068 -0.707487 0.683966 
-0.744199 0.902171 -0.0728419 -1.47974 -0.560783 0.978152 
-1.64822 -0.260244 -0.0443127 0.825869 1.81361 -1.39324 
-0.7398 0.808158 -0.0577225 1.2756 0.506558 -1.78822 
-1.24756 -0.204337 0.00511621 0.635857 1.50572 -1.18449 
-0.942991 0.0944642 0.226082 0.683472 0.90961 -1.26106 
-1.24087 -0.0636258 -0.446831 0.569685 1.79991 -1.01013 
-0.938269 0.0437715 0.0686679 0.513498 1.11483 -1.06952 
-1.28528 1.06325 0.41319 -1.23269 -1.53943 0.0889979 
-1.035 1.09292 0.253418 -0.992681 -1.44668 0.187504 
-0.846783 1.16997 -0.00263017 -0.834535 -1.29164 0.295186 
-0.70916 1.31704 -0.373655 -0.75931 -1.08659 0.416037 
-1.03319 0.670188 0.444708 -1.20371 -1.05159 0.444504 
-0.846155 0.909079 0.133916 -1.05626 -0.941274 0.476842 
-0.709283 1.1808 -0.288663 -1.01946 -0.79754 0.594731 
-0.839055 0.67729 0.199739 -1.41424 -0.664291 0.844118 
-0.703812 1.06383 -0.236259 -1.35784 -0.567754 0.899794 
-0.698332 0.965091 -0.209174 -1.83574 -0.472731 1.35501 
-1.24768 -0.194626 -0.108201 0.606718 1.59661 -1.12134 
-1.00607 -0.0547726 0.170576 0.591227 1.11594 -1.15641 
-0.825678 0.346515 0.142303 -2.42746 -0.714801 1.87518 
-0.999627 -0.0338357 -0.157485 0.445648 1.43158 -0.965182 
-0.820906 0.254866 0.0338003 0.47599 0.922685 -1.02005 
-0.690249 0.80554 -0.202606 -2.54454 -0.592761 2.03516 
-0.994661 0.117617 -0.6404 0.388617 1.78356 -0.831611 
-0.817229 0.213033 -0.124643 0.35455 1.15156 -0.888293 
-0.68755 0.740026 -0.217528 0.434167 0.702047 -0.952398 
-0.961433 1.10315 0.212599 -0.89754 -1.4096 0.198501 
-0.841763 1.1603 0.0253811 -0.799948 -1.29554 0.272852 
-0.746035 1.24922 -0.211954 -0.739932 -1.15948 0.350016 
-0.669348 1.38151 -0.518829 -0.721517 -0.999215 0.443767 
-0.957493 0.559448 0.428951 -1.2912 -0.856638 6.90494 
-0.839337 0.775756 0.201895 -1.18212 -0.79134 0.606104 
-0.744633 0.99592 -0.0777748 -1.13977 -0.71695 0.653567 
-0.668327 1.23956 -0.433643 -1.18671 -0.626694 0.787417 
-0.660565 1.13061 -0.392052 -1.8393 -0.447499 1.39368 
-0.933014 -0.00464108 0.118466 0.514014 1.09381 -1.05835 
-0.819195 0.27247 0.122043 0.580713 0.79629 -1.12191 
-0.728035 0.633458 -0.0390812 0.688924 0.588121 5.07758 
-0.654561 1.04315 -0.373891 0.738071 0.492709 5.0707 
-0.925566 0.0523552 -0.351389 0.356471 1.54105 -0.848089 
-0.813162 0.189057 -0.0965571 0.351952 1.13523 -0.878916 
-0.723141 0.516465 -0.101484 0.399717 0.803108 -0.922834 
-0.809033 0.222103 -0.440742 0.261796 1.4911 -0.765157 
-0.719804 0.442001 -0.213556 0.272284 1.03636 -0.797514 
-0.647798 0.900418 -0.373673 0.317703 0.731468 -0.82642 
-0.806067 0.438639 -1.05051 0.234991 1.9193 -0.673656 
-0.717615 0.412984 -0.378988 0.207373 1.27008 -0.730573 
-0.645855 0.841118 -0.389669 0.238034 0.847956 -0.7568 
-0.712709 1.17058 0.176906 -0.497634 -1.91906 0.16866 
-0.673862 1.11557 0.0395235 -0.440343 -1.74185 0.247191 
-0.643305 1.10839 -0.147205 -0.408275 -1.5589 0.31348 
-0.61863 1.15133 -0.391259 -0.396371 -1.36749 0.377781 
-0.699841 0.583599 0.47452 -0.34257 -1.08331 0.165551 
-0.661826 0.703096 0.249131 -0.319522 -0.976554 0.183189 
-0.63218 0.836034 -0.000652892 -0.310548 -0.859694 0.206469 
-0.608453 0.990068 -0.288828 -0.318972 -0.726853 0.241948 
-0.712704 0.137376 0.432071 1.48026 0.467362 -1.8214 
-0.643297 0.640888 -0.0103998 -1.49271 -0.409532 1.17737 
-0.618782 0.890085 -0.303887 -1.58228 -0.387933 1.28975 
-0.697407 -0.0327123 0.152064 0.369435 0.834646 -0.717573 
-0.660757 0.226719 0.0771392 0.417697 0.650938 -0.772533 
-0.631998 0.514711 -0.0847091 0.472573 0.525415 -0.826094 
-0.608836 0.824365 -0.340329 0.495988 0.468002 -0.840996 
-0.688897 0.0302396 -0.326623 0.170571 1.38128 -0.537919 
-0.653615 0.185267 -0.190604 0.170418 1.08856 -0.553592 
-0.625871 0.44366 -0.209961 0.183962 0.848344 -0.571715 
-0.603479 0.778045 -0.38781 0.200003 0.690704 -0.584425 
-0.650365 0.268535 -0.599933 0.106978 1.51292 -0.509795 
-0.62312 0.420563 -0.386651 0.105815 1.14682 -0.521906 
-0.601152 0.741882 -0.442528 0.114339 0.880507 -0.530924 
-0.621704 0.452208 -0.632668 0.0759056 1.43013 -0.511216 
-0.59995 0.715083 -0.50743 0.0791356 1.04148 -0.519906 
-0.348821 1.11832 0.43248 0.341386 -1.95764 0.141772 
-0.435626 1.0236 0.277704 0.237717 -1.71516 0.0793263 
-0.49539 1.01208 0.0490948 0.181799 -1.47556 0.0517325 
-0.539072 1.07481 -0.25605 0.149512 -1.23223 0.0371538 
-0.334237 0.451256 0.725144 0.510091 -1.22229 -0.188649 
-0.423202 0.591892 0.458911 0.439969 -1.09283 -0.213242 
-0.485164 0.751128 0.158817 0.404432 -0.950242 -0.243939 
-0.530506 0.938977 -0.193395 0.401625 -0.786999 -0.291304 
-0.349398 -0.126887 0.713297 1.11911 -0.350168 -1.10199 
-0.435336 0.222633 0.47214 0.72151 -0.361756 -0.733179 
-0.495196 0.530217 0.178973 0.560577 -0.345676 -0.602853 
-0.538985 0.826813 -0.177685 0.538791 -0.276809 -0.608918 
-0.354713 -0.31517 0.407085 -0.407146 0.704318 0.277874 
-0.43846 0.0217462 0.315187 -0.471395 0.447724 0.332606 
-0.497109 0.383943 0.108904 -0.577668 0.284879 0.420732 
-0.540207 0.753255 -0.21037 2.55772 -0.223316 -2.73649 
-0.357249 -0.236236 -0.0749831 -0.242505 1.2861 0.00105167 
-0.439464 -0.0283387 0.04376 -0.228832 0.949639 -0.00227895 
-0.497317 0.298874 -0.0147189 -0.243903 0.675039 0.00732446 
-0.539936 0.70161 -0.258478 -0.261629 0.510897 0.00991801 
-0.360243 0.0737475 -0.840753 -0.211585 1.85726 -0.160482 
-0.441153 0.0410977 -0.337856 -0.168284 1.38246 -0.141055 
-0.498253 0.266497 -0.186334 -0.164439 1.00138 -0.134481 
-0.540465 0.661378 -0.313192 -0.177832 0.730264 -0.128032 
-0.442915 0.279171 -0.956482 -0.149613 1.84319 -0.245542 
-0.49942 0.283556 -0.41158 -0.126391 1.29205 -0.222462 
-0.54129 0.63054 -0.376192 -0.133459 0.907474 -0.213554 
0.0933327 1.10171 0.476933 1.11375 -1.86021 0.168367 
-0.160146 0.985086 0.376021 0.822277 -1.71646 -0.00018601 
-0.339232 0.956153 0.157891 0.64822 -1.49443 -0.121671 
-0.464518 1.02747 -0.178531 0.562906 -1.23664 -0.216297 
0.0983215 0.431824 0.76224 1.16039 -1.41424 -0.343951 
-0.156034 0.542246 0.552764 0.936034 -1.27426 -0.37774 
-0.335775 0.698743 0.257377 0.799857 -1.11368 -0.426465 
-0.461967 0.904096 -0.128153 0.744428 -0.927605 -0.504776 
0.093286 -0.162271 0.75856 1.56385 -1.03497 -1.19998 
-0.338904 0.472052 0.283082 1.09985 -0.742086 -0.902806 
-0.463803 0.795084 -0.106339 1.03257 -0.627552 -0.922601 
0.0808468 -0.378388 0.467078 -0.982483 1.1109 1.05928 
-0.169352 -0.0820317 0.430944 -1.11323 0.768908 1.18527 
-0.469378 0.70929 -0.122555 -1.47372 0.443721 -4.82996 
0.0675237 -0.307243 -0.00900373 -0.676285 1.46791 0.549946 
-0.178747 -0.14527 0.163001 -0.642249 1.05541 0.560347 
-0.352022 0.201097 0.114225 -0.714821 0.716669 0.628083 
-0.473787 0.646275 -0.161039 -0.814215 0.516224 0.691121 
0.0574318 -0.0149716 -0.73853 -0.594468 1.91897 0.206057 
-0.18592 -0.0807775 -0.210212 -0.464598 1.4147 0.254054 
-0.356815 0.157966 -0.0519434 -0.45748 0.98379 0.278317 
-0.477038 0.598842 -0.211307 -0.512937 0.679908 0.315966 
-0.191382 0.123957 -0.762977 -0.404592 1.8076 0.0414624 
-0.36075 0.166216 -0.267549 -0.342042 1.24988 0.0877352 
-0.479605 0.56277 -0.271102 -0.369345 0.840411 0.116944 
0.478081 1.10462 0.344426 1.60485 -1.82175 0.0345956 
0.115559 0.982166 0.371777 1.22933 -1.74679 -0.0503004 
-0.184298 0.927951 0.21787 0.930626 -1.56677 -0.188322 
-0.398991 0.994961 -0.11921 0.764937 -1.30252 -0.31464 
0.48099 0.517242 0.600101 1.63676 -1.60291 -0.452393 
0.118511 0.546794 0.544247 1.31261 -1.43868 -0.462347 
-0.181631 0.668208 0.314867 1.06309 -1.25759 -0.50586 
-0.397106 0.874499 -0.0727458 0.929265 -1.04585 -0.590995 
0.115608 0.161939 0.566809 -1.58032 1.18839 2.10446 
-0.183876 0.43603 0.342471 1.31422 -0.978669 -0.94942 
-0.398778 0.766473 -0.0524095 1.1761 -0.808787 -0.962461 
0.469581 -0.208039 0.343525 -1.08561 1.54972 1.39634 
0.107565 -0.0775007 0.43482 -1.18731 1.13826 1.4483 
0.458552 -0.169972 -0.110985 -0.91339 1.77489 0.920394 
0.0975711 -0.152627 0.177552 -0.866502 1.30519 0.929154 
-0.197541 0.142451 0.189734 -0.952044 0.887623 0.997891 
-0.408279 0.604455 -0.0881059 2.0424 -0.627935 -2.0617 
0.0888489 -0.0967943 -0.187922 -0.69704 1.57046 0.584675 
-0.203858 0.0905325 0.0292817 -0.679821 1.07336 0.613441 
-0.412619 0.550381 -0.132454 -0.773067 0.717365 0.671871 
0.0820415 0.097857 -0.726296 -0.641052 1.8937 0.304797 
-0.20894 0.093196 -0.181048 -0.533237 1.29414 0.370711 
-0.416035 0.508783 -0.187905 -0.580266 0.838346 0.415516 
0.749973 1.17536 0.0499813 1.89071 -1.92835 -0.170983 
0.367731 1.00747 0.274058 1.53868 -1.80306 -0.13163 
-0.0262078 0.920119 0.235964 1.15375 -1.6438 -0.222513 
-0.334557 0.969657 -0.0697256 0.895301 -1.37582 -0.356359 
0.751798 0.687755 0.27812 1.92688 -1.8073 -0.562287 
0.370124 0.60352 0.436937 1.60802 -1.59247 -0.529996 
-0.024096 0.658734 0.332672 1.27326 -1.38141 -0.550969 
-0.332595 0.84907 -0.025104 1.05335 -1.14141 -0.631557 
0.750035 0.295316 0.279122 2.00092 -1.78012 5.21655 
-0.0261502 0.424387 0.361418 1.48492 -1.15611 -0.974551 
-0.334215 0.739462 -0.00409117 1.27544 -0.927801 -0.982298 
0.353153 -0.0574242 0.0952681 -0.94585 1.56447 1.16105 
-0.0390416 0.121622 0.218171 -1.03065 1.07765 1.198 
-0.343315 0.570845 -0.0314767 -1.20678 0.743067 1.2706 
0.345625 -0.0100794 -0.265242 -0.836846 1.77285 0.825899 
-0.0453806 0.0642627 0.0626228 -0.808765 1.21502 0.849713 
-0.347615 0.511707 -0.070799 -0.927243 0.790971 0.90805 
-0.0506636 0.0622211 -0.142952 -0.672833 1.39457 0.600745 
-0.351229 0.46576 -0.122498 -0.733794 0.879449 0.647517 
-1.85646 0.953885 0.453463 -1.82043 -1.7771 0.160824 
-1.27936 0.82008 0.498845 -1.24269 -1.65575 0.24198 
-0.851988 0.86644 0.132782 -0.857865 -1.35127 0.42815 
-2.30955 0.708336 0.239376 0.960089 1.96182 3.64004 
-1.85849 0.502298 0.628436 -1.80724 -1.68066 6.71019 
-1.28 0.514553 0.605201 1.85899 1.434 -2.71043 
-0.851668 0.741404 0.177118 -0.936839 -1.14593 0.511 
-1.27935 0.232469 0.636568 1.69462 1.2548 -2.43562 
-0.851621 0.626751 0.197379 -1.10488 -0.972154 0.662139 
-0.849609 0.525109 0.198345 -1.31206 -0.818283 0.865725 
-1.84201 -0.201823 -0.0747747 1.04303 1.92764 -1.47312 
-0.842651 0.365435 0.147478 1.2558 0.699406 -1.70821 
-1.25851 -0.20705 0.123768 0.840111 1.36868 -1.29709 
-0.839073 0.308632 0.0987574 -2.15633 -0.741347 1.70109 
-1.56879 0.949554 0.498868 -1.53687 -1.76229 0.125437 
-1.11175 0.853246 0.407347 -1.06993 -1.61969 0.277162 
-0.800126 0.918473 0.0296345 -0.804464 -1.3231 0.443316 
-2.04244 0.543507 0.55025 -1.96576 -1.76728 6.72081 
-1.11224 0.564011 0.511599 -1.13074 -1.34456 0.44441 
-0.799156 0.793584 0.0780198 -0.89872 -1.08927 0.528612 
-1.11211 0.301631 0.540088 1.79474 1.11735 -2.41802 
-0.799907 0.684544 0.0949494 -1.10898 -0.894731 0.705602 
-0.797147 0.587803 0.093675 -1.37306 -0.732716 0.955816 
-1.54792 -0.245969 -0.0464849 0.915901 1.71321 -1.31887 
-1.09515 -0.103113 0.234576 0.88645 1.09803 -1.36371 
-1.08885 -0.105369 0.0274129 0.708941 1.2738 -1.15476 
-1.67575 1.09567 0.424617 -1.65335 -1.8152 0.0530642 
-1.28076 0.965148 0.445952 -1.23748 -1.76103 0.156538 
-0.967361 0.90628 0.274205 -0.917717 -1.57791 0.317562 
-0.752752 0.978449 -0.0860326 -0.749161 -1.30374 0.45679 
-1.6791 0.46559 0.698024 -1.63279 -1.59751 6.68955 
-1.28236 0.501263 0.630509 1.87089 1.43232 -2.72396 
-0.967295 0.634762 0.37851 -1.00392 -1.2475 0.462929 
-0.752074 0.853475 -0.0338515 -0.867301 -1.0276 0.547661 
-0.967427 0.39561 0.401814 -1.28496 -0.975422 0.760724 
-0.752627 0.747017 -0.0184898 -1.14341 -0.806216 0.772919 
-0.748844 0.655651 -0.0237261 -1.50297 -0.643495 1.10704 
-1.65808 -0.263196 -0.029847 0.968806 1.78987 -1.37467 
-0.744201 0.582058 -0.049182 1.20806 0.602083 4.6588 
-1.25547 -0.179679 -0.110464 0.73739 1.53718 -1.13663 
-0.948616 0.0334897 0.0931204 0.725545 1.02381 -1.18435 
-0.739799 0.524432 -0.0906308 -2.2899 -0.664854 1.85728 
-1.24752 0.00736294 -0.627568 0.662376 1.84308 -0.929576 
-0.942983 0.0341204 -0.116112 0.5544 1.23884 -0.995747 
-0.736005 0.480607 -0.145448 0.619377 0.778493 -1.06459 
-1.28179 1.10943 0.378375 -1.24374 -1.85847 0.0847543 
-1.03362 1.00813 0.297717 -0.964773 -1.73808 0.230124 
-0.846188 0.983311 0.0991481 -0.780947 -1.54273 0.356711 
-0.7092 1.04898 -0.217637 -0.684303 -1.30328 0.46644 
-1.28527 0.487765 0.655206 1.88169 1.43212 -2.73554 
-1.035 0.582803 0.476075 -1.04262 -1.29486 0.436862 
-0.846786 0.725844 0.206388 -0.901459 -1.13918 0.486389 
-0.708965 0.91962 -0.157395 -0.838504 -0.959774 0.56793 
-0.846166 0.507966 0.225061 -1.29507 -0.82024 0.848614 
-0.709163 0.814667 -0.145216 -1.23692 -0.701273 0.890574 
-0.838894 0.344533 0.175534 1.27661 0.689894 -1.72467 
-0.703822 0.730328 -0.157932 -1.76426 -0.565174 1.37875 
-1.25818 -0.202787 -0.090686 0.739587 1.53624 -1.13457 
-1.01425 -0.0705888 0.0955891 0.713393 1.13815 -1.16387 
-0.831733 0.243992 0.064418 0.78505 0.808159 -1.23599 
-0.698301 0.666412 -0.19112 -2.25796 -0.604681 1.84354 
-1.24764 0.0942734 -0.851307 0.66506 1.9645 -0.846876 
-1.00606 -0.0114429 -0.275806 0.527996 1.45903 -0.93455 
-0.825646 0.199525 -0.0983411 0.52361 1.03302 -0.974216 
-0.693773 0.617625 -0.238139 0.587454 0.728479 -1.02345 
-0.999651 0.202847 -0.85365 0.46026 1.84668 -0.765437 
-0.820903 0.208657 -0.315709 0.391893 1.28325 -0.835491 
-0.690249 0.581289 -0.297196 0.422271 0.872614 -0.874121 
-0.957722 1.16495 0.160593 -0.861531 -1.86443 0.210628 
-0.839621 1.1042 0.0501502 -0.728276 -1.71761 0.308334 
-0.744708 1.09201 -0.126374 -0.640131 -1.54165 0.391083 
-0.668312 1.13639 -0.373733 -0.591485 -1.34733 0.468259 
-0.961076 0.606277 0.432303 -0.953571 -1.24204 0.426819 
-0.841203 0.709296 0.2364 -0.865456 -1.13394 0.462804 
-0.745729 0.836461 -0.00186793 -0.814512 -1.01465 0.510515 
-0.669 0.992978 -0.294304 -0.804529 -0.880646 0.584354 
-0.744624 0.638188 0.00514413 -1.47116 -0.64346 1.07705 
-0.668306 0.888904 -0.290936 -1.48316 -0.577344 1.14578 
-0.94395 -0.0144213 0.142193 0.733133 1.00752 -1.18251 
-0.828082 0.221716 0.0915502 0.794324 0.795651 -1.24041 
-0.735325 0.503571 -0.0598789 -2.26882 -0.64415 1.84276 
-0.933004 0.0402898 -0.331435 0.455247 1.45318 -0.861892 
-0.819185 0.172978 -0.171206 0.446042 1.14068 -0.888594 
-0.728035 0.425864 -0.180545 0.47409 0.882274 -0.920003 
-0.654543 0.765658 -0.362167 0.511504 0.709637 -0.939448 
-0.813162 0.250845 -0.574778 0.318167 1.52917 -0.738897 
-0.72314 0.398333 -0.353823 0.312282 1.15131 -0.76843 
-0.65052 0.726686 -0.415192 0.335891 0.875473 -0.788385 
-0.720005 0.424716 -0.592769 0.236569 1.4202 -0.693178 
-0.647797 0.69788 -0.478671 0.246256 1.02728 -0.71568 
-0.660765 1.04147 0.0639075 -0.274094 -2.00276 0.31596 
-0.631816 0.94819 -0.0919417 -0.234635 -1.7576 0.365552 
-0.608835 0.938911 -0.342737 -0.21691 -1.50021 0.406646 
-0.712642 0.668322 0.424502 -0.468974 -1.6933 0.290123 
-0.673772 0.675337 0.226627 -0.434154 -1.51231 0.354356 
-0.643296 0.728978 -0.011927 -0.420551 -1.33525 0.412334 
-0.618948 0.827981 -0.301428 -0.426678 -1.1533 0.475671 
-0.699915 0.154587 0.480906 -0.482076 -0.693941 0.382291 
-0.661875 0.337258 0.254945 -0.450007 -0.641494 0.369256 
-0.632204 0.517485 0.00489612 -0.44515 -0.5678 0.382423 
-0.608458 0.707998 -0.283049 -0.476989 -0.471101 0.431535 
-0.712708 -0.0489058 0.195111 0.837975 0.648085 -1.07686 
-0.673806 0.181271 0.0545633 0.909009 0.56118 -1.15421 
-0.697422 0.00901851 -0.293308 0.289083 1.21784 -0.565746 
-0.660776 0.173147 -0.265623 0.292015 1.02379 -0.588294 
-0.632007 0.389328 -0.329054 0.304112 0.869261 -0.609681 
-0.608853 0.649525 -0.490588 0.314902 0.767752 -0.621488 
-0.688837 0.441055 -1.31487 0.180277 1.95038 -0.438003 
-0.653642 0.311564 -0.755668 0.151013 1.52188 -0.481495 
-0.625866 0.424182 -0.586832 0.14559 1.23961 -0.496936 
-0.603487 0.653708 -0.608686 0.148143 1.03089 -0.506043 
-0.623135 0.545744 -0.970044 0.0964426 1.60278 -0.475221 
-0.601135 0.672025 -0.741287 0.09282 1.24731 -0.48744 
-0.438544 0.942547 0.302329 0.215483 -1.97754 0.184438 
-0.497119 0.842155 0.101428 0.155344 -1.67651 0.154689 
-0.540157 0.856778 -0.211622 0.124801 -1.37683 0.143106 
-0.34934 0.519999 0.704667 0.315334 -1.64853 0.0332609 
-0.434987 0.527345 0.468591 0.239151 -1.41835 0.00740755 
-0.495099 0.604719 0.178204 0.194438 -1.20216 -0.00139086 
-0.539034 0.743019 -0.176521 0.169674 -0.98313 -0.00755418 
-0.334301 -0.0896805 0.732371 0.712008 -0.779288 -0.550671 
-0.423188 0.16779 0.465058 0.60447 -0.728083 -0.476062 
-0.485144 0.404462 0.164397 0.560279 -0.646533 -0.464224 
-0.530484 0.646452 -0.187717 0.576868 -0.532451 -0.510955 
-0.349402 -0.335323 0.45124 -0.814073 0.439152 0.756184 
-0.43533 -0.0288066 0.291216 -0.996356 0.281723 0.933193 
-0.354719 -0.261878 -0.0388542 -0.29517 1.07393 0.104174 
-0.438455 -0.046443 -0.0236918 -0.269451 0.829738 0.0862657 
-0.497141 0.2332 -0.123702 -0.259227 0.641023 0.071235 
-0.540206 0.559315 -0.347588 -0.243421 0.531406 0.0436615 
-0.357311 0.0486046 -0.803418 -0.235273 1.71751 -0.10332 
-0.439449 0.0686525 -0.46473 -0.189977 1.35241 -0.0956013 
-0.497309 0.254943 -0.364948 -0.174001 1.061 -0.0992454 
-0.539938 0.557768 -0.461867 -0.16893 0.850875 -0.107576 
-0.441145 0.47717 -1.37205 -0.179791 1.97207 -0.243678 
-0.498251 0.337761 -0.68027 -0.139788 1.41933 -0.20268 
-0.540465 0.568764 -0.585291 -0.133429 1.09076 -0.199234 
-0.169485 0.891415 0.417438 0.735016 -1.9486 0.106515 
-0.345673 0.769022 0.223894 0.541815 -1.65235 -0.0260443 
-0.469029 0.7957 -0.122747 0.455578 -1.33161 -0.105272 
0.0932855 0.481615 0.749925 1.04816 -1.69515 -0.145216 
-0.158992 0.452804 0.570718 0.817034 -1.485 -0.247162 
-0.338168 0.528823 0.283296 0.686803 -1.25648 -0.311774 
-0.4642 0.690633 -0.106025 0.63433 -1.01771 -0.380936 
0.0983424 -0.131763 0.76985 1.29868 -1.22346 -0.884445 
-0.15603 0.0839389 0.559203 1.1097 -1.03503 -0.798979 
-0.33576 0.330846 0.263017 0.983617 -0.883655 -0.761425 
-0.461957 0.603607 -0.122672 0.948787 -0.730342 -0.804549 
-0.160032 -0.121545 0.390901 -1.42717 0.82295 1.51638 
-0.464405 0.538093 -0.169718 1.50921 -0.529574 -1.48724 
0.080844 -0.323214 0.0222747 -0.870194 1.34728 0.729258 
-0.169403 -0.155935 0.0908592 -0.829755 1.00716 0.74379 
-0.345655 0.13469 0.00314945 -0.865634 0.740889 0.789246 
-0.469377 0.499957 -0.249675 -0.902411 0.575702 0.805405 
0.0680921 -0.0352031 -0.704682 -0.693458 1.79802 0.283848 
-0.178746 -0.0527832 -0.33164 -0.558506 1.38908 0.319637 
-0.352021 0.142187 -0.224192 -0.521625 1.04337 0.330183 
-0.473783 0.486798 -0.352285 -0.527039 0.794928 0.333699 
-0.185879 0.236979 -1.02099 -0.47925 1.85573 0.0314988 
-0.356815 0.210679 -0.517282 -0.385434 1.36144 0.0962371 
-0.477048 0.489731 -0.467099 -0.372491 1.0117 0.107592 
0.107528 0.88192 0.421306 1.13996 -1.95619 0.0416903 
-0.19016 0.728487 0.291086 0.819399 -1.70072 -0.130591 
-0.403239 0.753179 -0.0603364 0.660453 -1.36574 -0.245838 
0.47805 0.552923 0.592144 1.52704 -1.81975 -0.279041 
0.115605 0.451879 0.562748 1.19212 -1.6262 -0.369806 
-0.1839 0.486639 0.341687 0.957097 -1.37916 -0.445926 
-0.398256 0.651613 -0.0489856 0.840748 -1.11153 -0.524611 
0.481174 0.039125 0.606821 -1.52711 1.62952 2.21791 
0.118508 0.091861 0.550584 1.39452 -1.3404 -0.907988 
-0.181593 0.286286 0.320558 1.20663 -1.09673 -0.875068 
-0.397077 0.566589 -0.0673094 1.10885 -0.885756 -0.904095 
0.478092 -0.201366 0.362374 -1.31926 1.59474 1.58252 
0.469554 -0.17564 -0.0874321 -1.11044 1.7326 1.04096 
0.107565 -0.155744 0.0982716 -1.05284 1.32152 1.05238 
-0.190125 0.0785071 0.0717609 -1.08409 0.961098 1.09317 
0.0976782 -0.0645208 -0.311684 -0.826146 1.57304 0.628244 
-0.197502 0.0757787 -0.143995 -0.763638 1.15218 0.643606 
-0.408351 0.433732 -0.272209 -0.778504 0.841515 0.652638 
0.0888215 0.20825 -0.975704 -0.757199 1.93438 0.259729 
-0.203868 0.133894 -0.422151 -0.594714 1.4036 0.357539 
-0.412614 0.428961 -0.377874 -0.574667 1.00657 0.371348 
0.360782 0.908964 0.326937 1.4377 -2.00037 -0.04905 
-0.0321176 0.713668 0.314057 1.03293 -1.77512 -0.194483 
-0.338428 0.720073 -0.00871353 0.791453 -1.42634 -0.320307 
0.750031 0.713784 0.272741 1.796 -1.9931 -0.419572 
0.36773 0.51426 0.455884 1.46808 -1.78189 -0.450155 
-0.0262211 0.473054 0.360669 1.15161 -1.51194 -0.51689 
-0.334217 0.620543 -0.0020974 0.960686 -1.20636 -0.590456 
0.751935 0.315171 0.283638 -1.32115 1.91816 2.21366 
-0.0239782 0.272285 0.338285 1.36381 -1.28514 -0.930347 
-0.332551 0.534322 -0.0197602 1.20618 -1.00808 -0.94977 
0.750041 0.107567 0.0663642 -1.25078 1.92869 1.687 
0.367735 -0.00770329 0.289012 -1.3382 1.54138 1.68728 
0.361286 -0.0570401 0.0113442 -1.12436 1.61311 1.22002 
-0.338428 0.418454 -0.127039 -1.22603 0.845017 1.25046 
0.353151 0.0269529 -0.396438 -0.983635 1.79875 0.824942 
-0.0390414 0.0515443 -0.113496 -0.897924 1.30924 0.843447 
-0.343272 0.391317 -0.211137 -0.915755 0.921121 0.844219 
-0.0453509 0.10299 -0.38255 -0.747054 1.50673 0.559582 
-0.347621 0.381281 -0.30989 -0.717519 1.04569 0.567505 
-1.85316 0.835848 0.513191 -1.76329 -1.93942 6.51442 
-1.27566 0.563471 0.589421 -1.16447 -1.74027 0.405256 
-0.849383 0.584314 0.197837 -0.811086 -1.33757 0.574427 
-1.85662 0.388945 0.648169 -1.72929 -1.85246 6.81783 
-1.27937 0.2754 0.635812 -1.23568 -1.52131 6.91035 
-0.851917 0.4823 0.198825 -0.940694 -1.15222 0.690126 
-1.28001 0.0341448 0.611901 1.76653 1.31814 -2.24179 
-0.851636 0.390718 0.18296 -1.10528 -0.963861 0.84897 
-0.849563 0.263873 0.0843952 1.4629 0.789098 4.52952 
-1.84802 -0.163945 -0.200063 1.2059 1.95298 -1.3431 
-1.27046 -0.213807 0.150333 -2.06497 -1.31665 1.76931 
-1.26453 -0.167026 -0.104315 0.921172 1.45925 -1.16941 
-0.842664 0.20629 -0.0797649 0.912677 0.883821 -1.22662 
-2.03571 1.12968 0.289449 -1.96116 -2.0071 6.43656 
-1.56327 0.832285 0.558214 -1.47824 -1.93516 0.195962 
-1.10721 0.618137 0.491737 -0.986116 -1.70838 0.412786 
-0.796995 0.653428 0.0928995 -0.74066 -1.33231 0.564434 
-2.03988 0.571211 0.54195 -1.90569 -1.94621 6.72326 
-1.11171 0.348893 0.538948 -1.08328 -1.44131 0.605165 
-0.800084 0.553471 0.0964883 -0.885678 -1.12426 0.680166 
-0.799796 0.463748 0.0817633 -1.07697 -0.907818 0.85224 
-1.11171 -0.028838 0.419968 1.55914 1.0678 4.36988 
-0.800128 0.395538 0.0384219 -1.40806 -0.786412 1.14849 
-1.55597 -0.209069 -0.169689 1.05897 1.73066 -1.22991 
-0.793293 0.311593 -0.100763 -2.12027 -0.781766 1.81738 
-1.54792 0.0222603 -0.749303 1.01548 1.96339 -0.949067 
-1.09487 -0.0680044 -0.201568 0.78036 1.36995 -1.04939 
-0.78922 0.296544 -0.195409 0.77287 0.8927 -1.09235 
-1.27292 0.857439 0.500284 -1.16492 -1.95036 0.222428 
-0.961006 0.69571 0.352485 -0.820478 -1.68801 0.423274 
-0.748753 0.730101 -0.0247954 -0.661439 -1.34406 0.552284 
-1.67572 0.506666 0.684969 -1.56796 -1.82849 6.67538 
-1.28069 0.40105 0.645338 -1.19346 -1.63298 0.501044 
-0.966862 0.447209 0.401773 -0.942239 -1.37844 0.584124 
-0.752734 0.630646 -0.0168688 -0.825241 -1.10629 0.667859 
-0.967821 0.235875 0.383566 -1.15991 -1.0602 0.842684 
-0.752493 0.541089 -0.0296832 -1.05467 -0.849491 0.860954 
-0.967359 0.0960047 0.286336 1.55578 0.917679 -1.87292 
-0.752747 0.47626 -0.0771029 -1.48122 -0.720189 1.23574 
-1.66799 -0.267329 -0.0094272 1.14707 1.75928 -1.35719 
-1.27337 -0.237614 0.170185 1.07866 1.31862 -1.37023 
-1.2645 -0.146021 -0.233149 0.866578 1.54459 -1.08195 
-0.955097 0.0186401 -0.0804484 0.80514 1.1086 -1.11188 
-0.744197 0.404947 -0.229697 0.837811 0.793311 -1.14714 
-1.25535 0.102544 -0.846691 0.779404 1.86974 -0.822413 
-0.948616 0.0722642 -0.351218 0.62089 1.34301 -0.91227 
-0.739802 0.396691 -0.331434 0.610577 0.942272 -0.94219 
-1.02407 0.916753 0.33998 -0.864556 -1.95679 0.291816 
-0.839058 0.797943 0.167815 -0.660303 -1.69 0.436728 
-0.703781 0.817295 -0.159493 -0.564287 -1.38453 0.536611 
-1.2818 0.540452 0.635718 -1.17455 -1.74772 0.383748 
-1.03319 0.506485 0.484387 -0.945012 -1.5557 0.487886 
-0.845982 0.567404 0.224502 -0.807987 -1.33843 0.565547 
-0.709195 0.715841 -0.143534 -0.749806 -1.10746 0.648447 
-1.28527 -0.0153191 0.661833 -1.36115 -1.30151 0.895885 
-1.035 0.152866 0.482248 -1.19283 -1.10649 0.845309 
-0.846765 0.369116 0.212174 -1.07468 -0.943957 0.825701 
-0.709175 0.623421 -0.152648 -1.03755 -0.785997 0.874906 
-0.846137 0.242375 0.110889 1.47479 0.785084 4.51888 
-1.2703 -0.212932 -0.0649269 0.926403 1.46017 -1.16632 
-1.02392 -0.0769982 0.018208 0.890987 1.13422 -1.18938 
-0.839131 0.182896 -0.0522137 0.920371 0.872022 -1.23069 
-0.703814 0.525535 -0.286524 -2.18861 -0.700287 1.89986 
-1.25804 0.0748346 -0.81491 0.779753 1.86324 -0.825378 
-1.01422 0.0203619 -0.402786 0.640627 1.45779 -0.899594 
-0.831732 0.187837 -0.274893 0.605403 1.11447 -0.927619 
-0.698297 0.510112 -0.383569 0.616859 0.863275 -0.943284 
-1.00606 0.342012 -1.15898 0.560794 1.91507 -0.660712 
-0.825644 0.256437 -0.570732 0.451035 1.40166 -0.768164 
-0.69376 0.511457 -0.496027 0.439716 1.04809 -0.793146 
-0.828198 1.02849 0.0789234 -0.586711 -1.97174 0.367641 
-0.735326 0.929644 -0.067415 -0.485121 -1.7347 0.451622 
-0.660558 0.921031 -0.320921 -0.432484 -1.47501 0.517461 
-0.956886 0.670342 0.402605 -0.820928 -1.69515 0.402975 
-0.83894 0.664045 0.231775 -0.718854 -1.52308 0.479235 
-0.744557 0.712372 0.00409644 -0.659565 -1.34292 0.542898 
-0.66831 0.814272 -0.289462 -0.637262 -1.15262 0.612519 
-0.961386 0.190911 0.437818 -1.1195 -1.03056 0.815112 
-0.841751 0.347613 0.240867 -1.04374 -0.925031 0.80224 
-0.746051 0.51897 0.00261856 -1.00588 -0.820817 0.821728 
-0.669228 0.711185 -0.287489 -1.01951 -0.709991 0.889031 
-0.943886 0.0231104 -0.299294 0.62168 1.32416 -0.906774 
-0.82808 0.163495 -0.24661 0.608016 1.10129 -0.926309 
-0.735327 0.372143 -0.29874 0.616071 0.919878 -0.942471 
-0.660565 0.636617 -0.463278 0.623738 0.795663 -0.939832 
-0.933015 0.446187 -1.31303 0.493067 1.96863 -0.599752 
-0.819183 0.293194 -0.726837 0.403161 1.53859 -0.705522 
-0.728035 0.399959 -0.549407 0.381774 1.24268 -0.733574 
-0.654535 0.63578 -0.576843 0.382882 1.02198 -0.744003 
-0.72314 0.511146 -0.916891 0.284431 1.58233 -0.634315 
-0.650587 0.649768 -0.704411 0.272746 1.22506 -0.663471 
-0.625846 0.791038 -0.0678624 -0.141144 -1.79469 0.417728 
-0.603519 0.772041 -0.390315 -0.127806 -1.45374 0.444435 
-0.697237 0.711724 0.392551 -0.299018 -2.00641 0.333803 
-0.660746 0.617838 0.213992 -0.251942 -1.7385 0.390206 
-0.632186 0.615503 -0.0440399 -0.231743 -1.48044 0.431067 
-0.608856 0.702737 -0.400095 -0.231171 -1.2139 0.473148 
-0.713452 0.230365 0.462556 -0.480201 -1.33683 0.472953 
-0.674009 0.33202 0.209785 -0.470089 -1.18769 0.515056 
-0.643346 0.463531 -0.0791909 -0.479936 -1.03502 0.568062 
-0.618798 0.634538 -0.428771 -0.519172 -0.866921 0.64767 
-0.69985 -0.0668422 0.268947 -0.997333 -0.361106 0.966548 
-0.661842 0.140579 0.0553625 -0.94518 -0.326772 0.919151 
-0.632191 0.348573 -0.193057 -0.993879 -0.279898 0.97559 
-0.608455 0.572437 -0.496058 -1.22692 -0.223012 1.21887 
-0.712707 -0.021087 -0.235255 0.580629 0.95785 -0.712844 
-0.673803 0.163127 -0.327747 0.587148 0.860349 -0.736669 
-0.643299 0.370772 -0.478142 0.589074 0.795948 -0.745635 
-0.618782 0.608984 -0.704818 0.57243 0.772891 -0.725663 
-0.697359 0.373157 -1.19852 0.274568 1.7387 -0.416139 
-0.660829 0.369183 -0.931493 0.249536 1.47727 -0.457378 
-0.632015 0.486901 -0.868416 0.239919 1.29566 -0.476317 
-0.608847 0.683519 -0.944674 0.235042 1.17351 -0.483688 
-0.603479 0.841614 -1.31505 0.126948 1.54472 -0.432758 
-0.497215 0.675782 0.122669 0.15411 -1.74094 0.21125 
-0.539937 0.687116 -0.265054 0.129537 -1.36343 0.192746 
-0.354582 0.574563 0.671208 0.283549 -1.98526 0.155462 
-0.438337 0.459731 0.455902 0.198706 -1.65522 0.115049 
-0.497108 0.48081 0.143484 0.157972 -1.36107 0.105019 
-0.540206 0.610911 -0.27351 0.139541 -1.07171 0.100133 
-0.349398 -0.0400848 0.740619 0.345334 -1.15149 -0.137378 
-0.435336 0.127406 0.441655 0.28057 -1.00517 -0.10854 
-0.495221 0.315422 0.102865 0.243076 -0.845913 -0.0935734 
-0.539053 0.539819 -0.304987 0.231898 -0.657855 -0.0975869 
-0.4232 -0.0517199 0.254549 1.1126 -0.435245 -1.07264 
-0.485158 0.217863 -0.0330266 1.07277 -0.372983 -1.0423 
-0.530502 0.499411 -0.393402 1.21784 -0.299348 -1.20286 
-0.349402 -0.293372 0.0157461 -0.464776 0.761213 0.340167 
-0.435336 -0.0593015 -0.0828166 -0.425038 0.602772 0.312199 
-0.495221 0.204784 -0.261605 -0.384614 0.500892 0.271774 
-0.539052 0.500875 -0.538377 -0.317183 0.467593 0.197915 
-0.354715 0.00924363 -0.742413 -0.260162 1.49045 -0.0182708 
-0.438413 0.0991273 -0.591164 -0.208778 1.2399 -0.0299394 
-0.497156 0.285203 -0.590699 -0.178044 1.04657 -0.0487456 
-0.540207 0.552313 -0.740342 -0.153648 0.92393 -0.0741846 
-0.497301 0.501147 -1.1215 -0.151803 1.56492 -0.183823 
-0.539938 0.643159 -0.99259 -0.131884 1.29142 -0.182987 
-0.351432 0.59143 0.249738 0.451137 -1.72204 0.0244019 
-0.473772 0.619125 -0.172392 0.379467 -1.32187 -0.0446407 
0.0808416 0.528322 0.733025 0.942155 -1.96934 0.018069 
-0.168847 0.368266 0.572227 0.677533 -1.66698 -0.138921 
-0.345581 0.386425 0.259758 0.55412 -1.35556 -0.206449 
-0.469359 0.544499 -0.19123 0.51564 -1.04827 -0.265487 
0.0933505 -0.0983462 0.778937 1.05527 -1.41651 -0.621831 
-0.160088 0.0274603 0.534359 0.902506 -1.17976 -0.604557 
-0.338907 0.226004 0.199623 0.817467 -0.971786 -0.604706 
-0.464378 0.483914 -0.23932 0.819457 -0.760913 -0.671355 
-0.15603 -0.144981 0.340417 1.41129 -0.894614 -1.31918 
-0.335726 0.133227 0.0635352 -1.7992 0.721898 1.87122 
-0.461952 0.448997 -0.324644 -1.76052 0.584881 1.7972 
0.0932891 -0.338036 0.0617076 -1.14768 1.23152 0.993596 
-0.160084 -0.155332 0.0173398 -1.10435 0.94828 1.01321 
-0.338887 0.112223 -0.145236 -1.10109 0.741193 1.03102 
-0.464409 0.442034 -0.446151 -1.05632 0.617693 0.976699 
0.0808432 -0.0635287 -0.653331 -0.842663 1.62205 0.414833 
-0.16936 -0.0193588 -0.453633 -0.70326 1.30341 0.435804 
-0.345645 0.168818 -0.438756 -0.637441 1.0426 0.432269 
-0.469361 0.46966 -0.611263 -0.594781 0.867682 0.402244 
-0.352014 0.323331 -0.864214 -0.448567 1.45113 0.106062 
-0.473785 0.533205 -0.820946 -0.399697 1.17473 0.108306 
-0.197542 0.538874 0.322411 0.698357 -1.75751 -0.117965 
-0.408287 0.566841 -0.103303 0.568115 -1.33897 -0.216794 
0.107558 0.359553 0.571501 1.03738 -1.78179 -0.302991 
-0.189786 0.331573 0.324082 0.818717 -1.44959 -0.395778 
-0.403167 0.496055 -0.130514 0.733355 -1.11336 -0.467346 
0.478284 0.0631197 0.614952 1.41829 -1.77323 -0.755781 
0.11561 0.0310811 0.525542 1.20481 -1.45697 -0.79616 
-0.183857 0.174266 0.255599 1.06206 -1.16475 -0.798018 
-0.398771 0.440268 -0.184266 1.01767 -0.902408 -0.852698 
-0.181594 0.0824246 0.118742 -1.70357 0.99499 1.81133 
-0.397081 0.405725 -0.267045 1.42811 -0.775865 -1.37217 
-0.398772 0.395383 -0.380167 1.90409 -0.784828 -1.9604 
0.469224 0.0852553 -0.793116 -1.21783 1.91184 0.619294 
0.107564 -0.0233039 -0.441304 -1.00198 1.53425 0.700912 
-0.190125 0.10523 -0.360221 -0.897359 1.18633 0.707784 
-0.403238 0.412602 -0.527149 -0.842001 0.935848 0.675375 
0.0975702 0.446451 -1.44986 -0.930903 1.98187 0.136882 
-0.197487 0.235129 -0.744354 -0.68684 1.48547 0.342858 
-0.408328 0.458993 -0.709344 -0.607627 1.16129 0.341581 
-0.0390508 0.517385 0.349383 0.896567 -1.82826 -0.221252 
-0.343173 0.525558 -0.0486444 0.698644 -1.38657 -0.32967 
0.36126 0.425807 0.468 1.29693 -1.92996 -0.411234 
-0.0320195 0.31263 0.344723 0.999226 -1.57836 -0.510537 
-0.338426 0.457517 -0.080693 0.857057 -1.19789 -0.573817 
0.36773 0.127896 0.420008 1.39046 -1.72141 -0.875145 
-0.0262064 0.157513 0.273249 1.20367 -1.35568 -0.892305 
-0.334143 0.402991 -0.135816 1.10916 -1.02512 -0.925579 
-0.332423 0.367587 -0.217343 -1.68586 0.919994 1.76013 
0.36773 -0.0477383 -0.0758435 -1.34505 1.63457 1.29306 
-0.0261907 0.041777 -0.0648319 1.8255 -1.22924 -1.84565 
-0.334216 0.355455 -0.327305 -1.30007 0.918518 1.2609 
0.361269 0.0746464 -0.537532 -1.17436 1.78599 0.836599 
-0.0320184 0.0836123 -0.33336 -1.03465 1.36175 0.85827 
-0.338405 0.36719 -0.464546 -0.966225 1.02563 0.819416 
-0.0390416 0.203613 -0.701094 -0.856557 1.59035 0.507153 
-0.343309 0.404287 -0.630903 -0.746056 1.19854 0.501571 
-1.27046 0.315303 0.631241 -1.05272 -1.76724 0.605847 
-0.846277 0.365288 0.156166 -0.767576 -1.26077 0.740035 
-1.85275 0.276337 0.66217 -1.59197 -1.98403 6.95653 
-1.27549 0.0702403 0.616978 -1.13281 -1.54653 0.830511 
-0.849557 0.295738 0.117901 -0.916108 -1.09618 0.872446 
-1.27974 -0.10212 0.532503 1.84765 1.37455 -2.05251 
-0.852129 0.241335 0.0604146 -1.12937 -0.955951 1.06585 
-1.85313 -0.117325 -0.33454 1.38698 1.94375 -1.19918 
-1.27566 -0.179189 -0.0672966 -1.96159 -1.36663 1.90548 
-0.849567 0.187338 -0.232533 -2.02064 -0.900036 1.89598 
-1.27045 -0.0809647 -0.38356 1.02218 1.51852 -1.02095 
-0.846306 0.207654 -0.370791 0.891172 1.01669 -1.03078 
-1.10121 0.392686 0.530091 -0.878239 -1.73162 0.575421 
-0.793241 0.448137 0.0517957 -0.680909 -1.26827 0.702127 
-1.10718 0.162835 0.520882 -0.979549 -1.46947 0.766593 
-0.797111 0.379316 0.0168435 -0.83609 -1.08389 0.829436 
-0.800122 0.325168 -0.0393737 -1.07322 -0.918783 1.03458 
-1.57082 -0.284494 0.456048 1.57656 1.53926 4.54116 
-1.11222 -0.103394 0.303 1.6765 1.09003 4.48686 
-1.56335 -0.164426 -0.299613 1.22335 1.71652 -1.13101 
-1.55597 0.146691 -1.01119 1.18141 1.94624 -0.777089 
-1.10124 0.0187825 -0.488552 0.873366 1.43849 -0.922388 
-0.793245 0.306349 -0.496905 0.773183 1.03606 -0.92677 
-0.954533 0.495244 0.386178 -0.710564 -1.7204 0.549666 
-0.744196 0.538342 -0.0663716 -0.58286 -1.29523 0.662725 
-1.27337 0.297845 0.655385 -1.05607 -1.7686 0.600282 
-0.961628 0.283583 0.383251 -0.824112 -1.42734 0.702025 
-0.74883 0.469712 -0.0967296 -0.741616 -1.08905 0.780401 
-1.28142 -0.0513275 0.606809 1.93415 1.45204 -2.18353 
-0.967357 0.123116 0.312832 -1.05369 -1.15217 0.947448 
-0.752764 0.414685 -0.150441 -1.00506 -0.890516 0.996576 
-0.752494 0.376029 -0.228306 -1.40177 -0.724238 1.34678 
-1.66797 -0.0141181 -0.687167 -1.8849 -1.91457 2.19458 
-1.27337 -0.103704 -0.362374 1.02484 1.51843 -1.02057 
-0.961857 0.0482876 -0.296912 0.918323 1.15525 -1.03467 
-0.748843 0.381529 -0.483767 0.869673 0.900255 -1.01341 
-1.26423 0.248834 -1.15248 0.925177 1.8772 -6.95218 
-0.95507 0.167032 -0.659311 0.710351 1.42411 -0.80262 
-0.744197 0.421028 -0.653883 0.636733 1.09877 -0.809521 
-0.831507 0.620611 0.197931 -0.544416 -1.73679 0.532158 
-0.69878 0.637972 -0.200887 -0.46757 -1.35068 0.621087 
-1.27027 0.578867 0.622376 -1.05724 -1.99285 0.392259 
-1.02322 0.424614 0.489893 -0.793915 -1.72361 0.553141 
-0.839029 0.427455 0.203789 -0.662988 -1.42516 0.641715 
-0.704085 0.569257 -0.225385 -0.622639 -1.12315 0.72094 
-1.28177 0.025067 0.663793 -1.13923 -1.54792 0.830891 
-1.03319 0.107378 0.452806 -0.995232 -1.30958 0.845784 
-0.846131 0.274318 0.144065 -0.914583 -1.09304 0.867138 
-0.709199 0.512247 -0.275763 -0.913174 -0.879264 0.944283 
-1.03502 -0.0684476 0.270461 1.70407 0.994559 4.47086 
-0.709198 0.472199 -0.356067 -1.42158 -0.663893 1.38201 
-1.0332 -0.0747911 -0.0587132 1.14039 1.10096 -1.24555 
-0.846136 0.163824 -0.205333 -2.01467 -0.893259 1.89092 
-0.709198 0.472575 -0.490242 -2.05563 -0.760182 1.94528 
-1.2703 0.0510363 -0.767974 0.934137 1.72547 -0.815356 
-1.02393 0.0611457 -0.536774 0.794475 1.41419 -0.864954 
-0.839057 0.221988 -0.501476 0.728302 1.15339 -0.875244 
-0.703811 0.50159 -0.656158 0.688519 0.97291 -0.853443 
-0.831724 0.383459 -0.942497 0.53732 1.51393 -0.665508 
-0.698297 0.564079 -0.864213 0.485448 1.22905 -0.686364 
-0.727916 0.771504 -0.0411149 -0.369147 -1.78519 0.522892 
-0.65478 0.753453 -0.366145 -0.327321 -1.44131 0.580626 
-0.943172 0.710749 0.378465 -0.666843 -1.98838 0.425444 
-0.827891 0.603817 0.225204 -0.542671 -1.73607 0.522571 
-0.73532 0.595718 -0.0240041 -0.48035 -1.47699 0.586194 
-0.660702 0.685182 -0.381452 -0.462725 -1.20733 0.648739 
-0.957411 0.242868 0.433696 -0.824266 -1.42402 0.692603 
-0.839325 0.323966 0.209028 -0.76514 -1.25422 0.727696 
-0.744623 0.448295 -0.0681125 -0.741299 -1.0846 0.773657 
-0.668416 0.621933 -0.419199 -0.763668 -0.90414 0.854376 
-0.746055 0.350293 -0.195248 -1.37686 -0.681339 1.32312 
-0.669047 0.576683 -0.502129 -1.45997 -0.593372 -4.84595 
-0.957597 0.000696484 -0.247524 0.923599 1.14525 -1.03571 
-0.839349 0.158942 -0.313858 0.900541 0.997409 -1.03722 
-0.744637 0.356281 -0.450457 0.880165 0.886032 -1.02254 
-0.668311 0.596036 -0.67695 0.83845 0.82008 -0.969515 
-0.943897 0.383342 -1.20078 0.614494 1.7695 -0.595996 
-0.828073 0.3499 -0.897143 0.536441 1.49384 -0.666985 
-0.735324 0.457864 -0.819696 0.499046 1.29161 -0.686505 
-0.660564 0.658353 -0.898561 0.474539 1.15075 -0.679833 
-0.654535 0.785813 -1.21755 0.325665 1.48347 -0.566352 
-0.623388 0.652231 -0.0811567 -0.0981011 -1.74886 0.460825 
-0.601139 0.681011 -0.555066 -0.0912241 -1.30376 0.481955 
-0.653596 0.548939 0.199508 -0.155748 -1.82272 0.434805 
-0.625897 0.519275 -0.115798 -0.138226 -1.47805 0.462157 
-0.603487 0.653012 -0.619018 -0.141845 -1.1091 0.492953 
-0.698068 0.272805 0.445148 -0.271574 -1.63522 0.445873 
-0.660839 0.30605 0.159629 -0.252904 -1.38373 0.481228 
-0.63201 0.419554 -0.200901 -0.254639 -1.13775 0.518571 
-0.608842 0.633348 -0.701357 -0.288387 -0.855271 0.583297 
-0.712707 -0.0195239 0.2807 -0.578778 -0.961896 0.709615 
-0.673855 0.15989 -0.0109776 -0.595598 -0.846738 0.749074 
-0.643324 0.362916 -0.356044 -0.651736 -0.713544 0.831317 
-0.618794 0.631 -0.826152 -0.814073 -0.546311 1.02872 
-0.699851 -0.0672205 -0.133411 1.00036 0.360285 -0.969798 
-0.661843 0.143424 -0.350529 0.919432 0.333305 -0.891909 
-0.632191 0.376168 -0.631797 0.755205 0.344588 -0.72504 
-0.608454 0.681305 -1.06488 0.517587 0.434752 -0.47668 
-0.712706 0.284494 -1.0393 0.473481 1.39151 -0.44305 
-0.673803 0.440482 -1.12063 0.449448 1.31162 -0.450214 
-0.643299 0.707225 -1.40518 0.422349 1.31781 -0.420305 
-0.498255 0.527094 0.103427 0.139688 -1.70457 0.242514 
-0.540465 0.588877 -0.424583 0.125204 -1.2373 0.219965 
-0.439452 0.383631 0.437848 0.189366 -1.77046 0.175119 
-0.497301 0.378989 0.0689323 0.154234 -1.39449 0.157478 
-0.539938 0.554643 -0.483998 0.149328 -1.01533 0.140389 
-0.354709 0.0148917 0.724932 0.260035 -1.49688 0.0199813 
-0.43846 0.099311 0.390344 0.209559 -1.23778 0.0286913 
-0.497158 0.264985 -0.0160505 0.184875 -0.991052 0.0358079 
-0.540207 0.527182 -0.560452 0.189398 -0.705819 0.0223835 
-0.349402 -0.315634 0.523263 0.501087 -0.699218 -0.388881 
-0.435336 -0.0588932 0.20327 0.423688 -0.604833 -0.310559 
-0.495341 0.202394 -0.173241 0.403632 -0.475229 -0.293844 
-0.539053 0.518193 -0.677546 0.519813 -0.286785 -0.414877 
-0.423193 -0.0525031 -0.147417 -1.11626 0.433477 1.07687 
-0.485159 0.226893 -0.446443 -0.998293 0.390732 0.962058 
-0.530502 0.569615 -0.897979 -0.729875 0.428461 0.683105 
-0.349402 -0.0439343 -0.651865 -0.346062 1.14702 0.139149 
-0.435336 0.134442 -0.713677 -0.278814 1.01494 0.105236 
-0.49522 0.376098 -0.894566 -0.224458 0.943374 0.0638632 
-0.539053 0.781179 -1.38725 -0.165421 1.02215 -0.00030517 
-0.35679 0.432203 0.232221 0.379623 -1.69391 0.0368289 
-0.477047 0.514714 -0.326861 0.336138 -1.20924 -0.0261976 
-0.178532 0.283024 0.561613 0.56217 -1.78098 -0.0767564 
-0.352015 0.275469 0.190272 0.45364 -1.38349 -0.139141 
-0.473786 0.479667 -0.389956 0.44264 -0.993869 -0.19971 
0.0808447 -0.0614131 0.780813 0.842767 -1.62374 -0.412934 
-0.169352 -0.016331 0.494674 0.702349 -1.3071 -0.431918 
-0.345647 0.163085 0.0895164 0.643505 -1.02866 -0.444146 
-0.469372 0.455883 -0.476289 0.68808 -0.737929 -0.536257 
0.0935844 -0.367278 0.548698 1.17893 -1.19411 -1.08576 
-0.160065 -0.157826 0.281334 1.11382 -0.941188 -1.02927 
-0.338892 0.11205 -0.0839805 1.10571 -0.739127 -1.03735 
-0.464402 0.457529 -0.606471 1.26807 -0.556525 -1.23052 
-0.15603 -0.142049 -0.0648976 -1.40218 0.896501 1.30462 
-0.335755 0.135751 -0.341993 -1.3319 0.724065 1.25648 
-0.461888 0.500844 -0.800001 -1.14098 0.638595 1.05235 
0.0932815 -0.0958076 -0.587877 -1.05508 1.41805 0.619382 
-0.160089 0.0239222 -0.580461 -0.90423 1.1765 0.609054 
-0.338907 0.250933 -0.720857 -0.796334 1.00243 0.566369 
-0.464411 0.617153 -1.11104 -0.670998 0.945648 0.447119 
-0.203739 0.370442 0.309331 0.59383 -1.72926 -0.139301 
-0.412616 0.455786 -0.253 0.510079 -1.22457 -0.225564 
0.0975682 0.267973 0.569 0.881568 -1.87902 -0.276773 
-0.197489 0.211489 0.258864 0.689401 -1.45504 -0.36708 
-0.408339 0.422707 -0.321327 0.652068 -1.04078 -0.439476 
0.46958 0.0852011 0.622362 1.21774 -1.91148 -0.619851 
0.10762 -0.0203449 0.490203 1.00184 -1.53712 -0.696311 
-0.190123 0.104027 0.147188 0.898559 -1.18398 -0.710969 
-0.403238 0.403667 -0.414437 0.919514 -0.855974 -0.799203 
0.478052 -0.18794 0.404393 1.34472 -1.68467 -1.21512 
0.115608 -0.151092 0.271067 1.28343 -1.31475 -1.21664 
-0.398776 0.408039 -0.544752 -1.78277 0.751988 1.79192 
0.481122 -0.187917 -0.0251591 -1.58628 1.64297 1.35789 
0.118497 -0.133774 -0.0722542 -1.51001 1.28795 1.35612 
-0.397082 0.445873 -0.724356 -1.29248 0.805336 1.17966 
0.477575 0.0596161 -0.733911 -1.41676 1.77199 0.759998 
0.115613 0.0276369 -0.579176 -1.20494 1.45491 0.800753 
-0.183893 0.186891 -0.639699 -1.05377 1.17597 0.77655 
-0.398775 0.535752 -0.985353 -0.905254 1.0133 0.658273 
-0.190126 0.511543 -1.35762 -0.810456 1.58158 0.257076 
-0.0449114 0.342746 0.339652 0.77102 -1.79996 -0.281873 
-0.347602 0.408678 -0.19544 0.638519 -1.26803 -0.372786 
-0.0390411 0.186651 0.28248 0.856339 -1.57177 -0.528572 
-0.343274 0.377332 -0.266918 0.781332 -1.11371 -0.588986 
0.361276 0.0750246 0.388565 1.17446 -1.78625 -0.835985 
-0.0318954 0.0833909 0.165945 1.0346 -1.36165 -0.858234 
-0.338395 0.360815 -0.36236 1.02019 -0.971858 -0.918433 
0.367732 -0.0472271 0.174051 -1.79634 1.6353 1.85171 
-0.0262437 0.0409342 -0.0141974 1.31483 -1.23005 -1.29214 
-0.334218 0.365488 -0.490736 1.37398 -0.895962 -1.38081 
0.751906 0.116814 -0.321128 -1.66232 1.98622 1.3472 
0.370116 -0.0316993 -0.167512 -1.57933 1.61298 1.37139 
-0.332381 0.399205 -0.661925 -1.37089 0.937602 1.24189 
0.367731 0.134689 -0.692741 -1.39198 1.72322 0.865052 
-0.026208 0.167042 -0.615287 -1.20015 1.36202 0.875623 
-0.334217 0.476807 -0.899989 -1.0337 1.10008 0.769843 
-0.0320221 0.447926 -1.2546 -1.00527 1.65897 0.384652 
-0.338427 0.665739 -1.32555 -0.797378 1.39021 0.357541 
-1.26453 0.0997574 0.618497 -0.929997 -1.73089 0.813321 
-0.84265 0.233973 0.00884521 -0.740247 -1.13718 0.906453 
-1.27046 -0.081088 0.545396 -1.02219 -1.5184 1.02113 
-0.84629 0.202241 -0.0675643 -0.904891 -0.999125 1.05677 
-1.27566 -0.185727 0.410324 1.95729 1.35837 -1.88475 
-0.849563 0.186384 -0.163765 2.00426 0.890674 -1.86981 
-1.27941 -0.101071 -0.331381 1.29336 1.37442 -1.08689 
-0.852033 0.261193 -0.610157 1.09918 0.9767 -1.01348 
-1.27566 0.0691574 -0.75485 1.13302 1.54592 -0.831926 
-0.849564 0.34556 -0.84408 0.884153 1.14901 -0.798623 
-1.09485 0.195684 0.517659 -0.767307 -1.68998 0.740121 
-0.789211 0.324762 -0.0946443 -0.639206 -1.14652 0.840341 
-1.55598 0.131903 0.717168 -1.17576 -1.9401 0.792397 
-1.10121 0.0218264 0.453202 -0.872674 -1.44185 0.918099 
-0.793249 0.292576 -0.168341 -0.802373 -0.989136 0.982035 
-1.56375 -0.174654 0.619571 1.92119 1.71014 4.29072 
-0.797113 0.276041 -0.263856 -1.05245 -0.855541 1.2065 
-1.56882 -0.295115 0.38442 1.76514 1.5782 4.62344 
-1.11171 -0.12426 0.141566 1.79586 1.11688 4.59735 
-0.80012 0.279131 -0.386573 1.7381 0.787167 4.67147 
-1.56879 -0.109393 -0.441135 1.39964 1.66351 -1.02803 
-1.11171 -0.00822296 -0.423494 -1.96081 -1.2445 2.11307 
-0.80012 0.366528 -0.746603 1.01391 0.966259 -0.933804 
-1.10718 0.182696 -0.890631 0.977628 1.48301 -0.74641 
-0.797112 0.480045 -1.03468 0.783058 1.19337 -0.703128 
-0.948459 0.31925 0.372996 -0.606691 -1.68241 0.674924 
-0.740107 0.423479 -0.213006 -0.527653 -1.1748 0.772981 
-1.26425 0.195929 0.654364 -0.912536 -1.84475 0.713216 
-0.955032 0.1563 0.318248 -0.71201 -1.41064 0.814426 
-0.744197 0.391769 -0.284928 -0.681265 -0.999142 0.898595 
-1.27339 -0.107491 0.568987 -1.02456 -1.51582 1.02434 
-0.961785 0.0493827 0.202441 -0.916441 -1.15739 1.03111 
-0.748831 0.374488 -0.379221 -0.94073 -0.834346 1.12334 
-0.752493 0.409211 -0.675194 1.27497 0.751564 -1.17561 
-0.967355 0.127565 -0.571715 1.05054 1.15622 -0.939658 
-0.752752 0.494885 -0.926388 0.905774 0.987791 -0.8282 
-0.961786 0.381739 -1.15962 0.815638 1.50325 -0.620379 
-0.74883 0.721973 -1.41976 0.662567 1.33813 -0.557003 
-0.825613 0.464847 0.183928 -0.448321 -1.70343 0.623342 
-0.693905 0.534127 -0.354867 -0.402823 -1.22571 0.70551 
-1.01374 0.339496 0.483909 -0.657853 -1.81083 0.633551 
-0.831728 0.315351 0.139088 -0.54289 -1.42428 0.719649 
-0.698417 0.502729 -0.422301 -0.536127 -1.03664 0.804769 
-1.2703 0.0547025 0.666428 -0.934787 -1.72778 0.81178 
-1.02378 0.0619119 0.41608 -0.792904 -1.4152 0.86299 
-0.839055 0.210923 0.0354376 -0.73901 -1.12926 0.900144 
-0.703809 0.48519 -0.515144 -0.786874 -0.83633 1.01173 
-1.28177 -0.235706 0.45172 1.95016 1.35861 -1.87371 
-1.03319 -0.0746197 0.208718 -1.14033 -1.10121 1.24506 
-0.84616 0.163081 -0.137667 2.00256 0.886453 -1.87194 
-0.709292 0.489577 -0.64716 1.87191 0.692684 -1.7008 
-1.03501 -0.0687906 -0.131907 -1.70344 -0.993922 -4.47225 
-0.709183 0.531889 -0.843701 1.19059 0.715592 -1.08401 
-1.28175 0.020317 -0.703237 1.13934 1.54542 -0.836291 
-1.0333 0.110785 -0.676146 0.994562 1.31238 -0.841946 
-0.846137 0.315382 -0.80461 0.887388 1.1371 -0.805246 
-0.709198 0.681383 -1.21387 0.763976 1.07851 -0.679248 
-0.723132 0.632344 -0.0554323 -0.288978 -1.74655 0.585759 
-0.6506 0.6614 -0.529203 -0.265824 -1.30006 0.640988 
-0.819106 0.5349 0.21387 -0.417373 -1.82796 0.579542 
-0.728627 0.497987 -0.0902222 -0.362228 -1.48344 0.63817 
-0.654596 0.633713 -0.595805 -0.363369 -1.11209 0.703594 
-0.943778 0.278703 0.424837 -0.604545 -1.67599 0.661823 
-0.828076 0.293661 0.165895 -0.541683 -1.41865 0.71236 
-0.735598 0.399944 -0.182766 -0.524898 -1.16487 0.762057 
-0.660622 0.616233 -0.684182 -0.570321 -0.882479 0.859878 
-0.957541 0.0023721 0.249605 -0.921158 -1.1485 1.03061 
-0.839335 0.156194 -0.0160552 -0.907826 -0.988423 1.0508 
-0.744624 0.350362 -0.34914 -0.943325 -0.829327 1.11924 
-0.668311 0.621742 -0.821906 -1.09457 -0.658318 1.31343 
-0.746061 0.378075 -0.634235 1.25799 0.706548 -1.16907 
-0.669107 0.687467 -1.07413 1.05576 0.691992 -0.937617 
-0.95754 0.304967 -1.05373 0.817987 1.47332 -0.639384 
-0.839334 0.42116 -1.08164 0.741006 1.34729 -0.637249 
-0.744617 0.635402 -1.27671 0.671486 1.28349 -0.590504 
-0.621754 0.543332 -0.141375 -0.0754145 -1.65099 0.494503 
-0.599945 0.707758 -0.893786 -0.0781062 -1.06306 0.517852 
-0.650329 0.479796 0.179745 -0.110753 -1.83916 0.474034 
-0.623127 0.454491 -0.23079 -0.0977852 -1.40312 0.494594 
-0.601141 0.748722 -1.06298 -0.115502 -0.8658 0.532811 
-0.688837 0.296284 0.427635 -0.17207 -1.80278 0.465458 
-0.653644 0.2758 0.100049 -0.151856 -1.45442 0.491725 
-0.625865 0.406706 -0.374426 -0.153703 -1.1107 0.517941 
-0.603479 0.870564 -1.37634 -0.233592 -0.577827 0.626107 
-0.697421 0.0109522 0.278696 -0.288425 -1.2231 0.564011 
-0.660774 0.171194 -0.0971291 -0.295245 -1.00625 0.594449 
-0.632005 0.409158 -0.589903 -0.340096 -0.755093 0.661941 
-0.712707 -0.0494714 -0.0936171 -0.834887 -0.650201 1.073 
-0.673805 0.188404 -0.446913 -0.938749 -0.547507 1.18909 
-0.643318 0.505414 -0.961637 -1.25751 -0.430445 1.5367 
-0.69985 0.1694 -0.823986 0.471971 0.711226 -0.368979 
-0.661842 0.478433 -1.23488 0.374192 0.792271 -0.269042 
-0.499442 0.40837 0.0428671 0.121874 -1.61278 0.262568 
-0.54129 0.594957 -0.730222 0.122931 -1.02558 0.232051 
-0.441145 0.305733 0.415552 0.169926 -1.8011 0.211991 
-0.498248 0.306394 -0.0436708 0.141818 -1.34038 0.190953 
-0.540465 0.616384 -0.867786 0.16122 -0.825668 0.151322 
-0.357305 0.0522829 0.706759 0.235427 -1.72163 0.104307 
-0.439436 0.0685858 0.329148 0.189825 -1.35411 0.0953951 
-0.497307 0.249659 -0.184957 0.178652 -1.01642 0.0899428 
-0.539938 0.666132 -1.05575 0.238865 -0.562943 0.0165292 
-0.354719 -0.281473 0.527006 0.305172 -1.02134 -0.123567 
-0.438457 -0.0462232 0.119661 0.268818 -0.832923 -0.0852452 
-0.49714 0.239629 -0.388459 0.274265 -0.60309 -0.0895513 
-0.540207 0.840795 -1.47122 0.889869 -0.157675 -0.716486 
-0.349402 -0.318764 0.122881 0.955247 -0.38837 -0.910263 
-0.435336 -0.0302144 -0.227748 0.985388 -0.28419 -0.921695 
-0.49522 0.307096 -0.709669 1.51544 -0.181446 -1.44512 
-0.334337 -0.0884416 -0.555802 -0.710178 0.780704 0.548353 
-0.4232 0.186996 -0.8447 -0.589121 0.748629 0.455291 
-0.360519 0.305138 0.171504 0.325071 -1.60498 0.0355134 
-0.479606 0.508829 -0.613947 0.321884 -1.01606 -0.0380787 
-0.185854 0.197537 0.542158 0.473866 -1.81633 -0.0523639 
-0.356815 0.199733 0.0773814 0.387955 -1.33413 -0.107636 
-0.477048 0.523693 -0.742193 0.430798 -0.831256 -0.20359 
0.0674938 -0.0296998 0.775521 0.694075 -1.80273 -0.278559 
-0.178746 -0.0513282 0.438835 0.558204 -1.39164 -0.317913 
-0.352021 0.141123 -0.0700071 0.524817 -1.03393 -0.336475 
-0.473785 0.561853 -0.911621 0.669702 -0.616578 -0.520238 
0.0808595 -0.35308 0.566293 0.88756 -1.2913 -0.798981 
-0.169402 -0.156999 0.207709 0.836544 -0.997498 -0.756403 
-0.345655 0.136435 -0.2839 0.873747 -0.734685 -0.800201 
-0.469366 0.660695 -1.19136 1.35968 -0.452329 -1.32648 
0.0983043 -0.124151 -0.523839 -1.29574 1.22617 0.874742 
-0.15603 0.0845223 -0.728431 -1.10929 1.03537 0.79818 
-0.335762 0.462194 -1.21053 -0.889924 0.974804 0.605537 
-0.208926 0.236732 0.249422 0.512306 -1.64038 -0.171746 
-0.416049 0.441646 -0.528402 0.492152 -1.04056 -0.267262 
0.0888216 0.17861 0.555078 0.748736 -1.90974 -0.284318 
-0.203868 0.130594 0.148474 0.595592 -1.3959 -0.362626 
-0.412618 0.454828 -0.654385 0.635599 -0.884438 -0.475242 
0.0975724 -0.0631759 0.441427 0.826224 -1.57448 -0.625526 
-0.197541 0.075964 -0.00732206 0.763185 -1.15306 -0.642724 
-0.408351 0.490819 -0.819281 0.903246 -0.729846 -0.828583 
0.107558 -0.156755 0.199945 1.05602 -1.31405 -1.06503 
-0.190124 0.0784824 -0.228624 1.08401 -0.961158 -1.09303 
-0.403238 0.575094 -1.06945 -1.73669 0.654509 1.68988 
0.118495 0.0935942 -0.738302 -1.39389 1.34088 0.90561 
-0.181592 0.369419 -1.07819 -1.16043 1.13528 0.770011 
-0.0506072 0.205732 0.280542 0.668714 -1.71352 -0.349236 
-0.351223 0.388592 -0.463552 0.621286 -1.08925 -0.445794 
-0.0453808 0.102115 0.174079 0.747281 -1.5042 -0.561337 
-0.3476 0.401326 -0.588367 0.767228 -0.959586 -0.659804 
0.353153 0.0291152 0.345081 0.984535 -1.80134 -0.820923 
-0.0390254 0.0517677 0.0130971 0.897339 -1.31108 -0.841067 
-0.343279 0.436194 -0.749506 1.00688 -0.845147 -0.986698 
0.361282 -0.0568987 0.10503 1.12447 -1.61417 -1.21783 
-0.338387 0.511213 -0.979933 -1.75693 0.798143 1.65838 
0.370113 0.212276 -0.874989 -1.59728 1.60469 0.907639 
-0.0238766 0.343813 -1.04314 -1.33985 1.30429 0.841191 
-1.25866 -0.0618989 0.551166 -0.820707 -1.64458 0.99727 
-0.839023 0.203043 -0.247973 -0.74407 -0.978833 1.07597 
-0.842651 0.211789 -0.368105 -0.932579 -0.866547 1.25759 
-1.27046 -0.21576 0.24782 -1.08404 -1.30181 1.40101 
-0.85198 0.392223 -0.962715 1.28482 0.878119 -0.957881 
-1.28001 0.0301121 -0.670864 1.37635 1.31731 -0.905183 
-1.08813 0.0435048 0.455239 -0.670529 -1.60001 0.885305 
-0.785419 0.299296 -0.356066 -0.630874 -0.979802 0.983271 
-1.54792 0.027377 0.705729 -1.01761 -1.96658 0.943491 
-1.09485 -0.0675055 0.338495 -0.780013 -1.37098 1.04823 
-0.789212 0.3086 -0.477323 -0.813316 -0.845446 1.15513 
-0.793265 0.338263 -0.62963 -1.09512 -0.741256 1.42612 
-0.797112 0.400077 -0.833924 1.6538 0.718242 -1.32929 
-0.800124 0.532809 -1.15922 -1.91152 -0.834704 2.25055 
-1.57074 -0.0481472 -0.593352 1.55116 1.54448 -0.929042 
-1.11229 0.128296 -0.776713 1.25845 1.18467 -0.861154 
-0.942955 0.181328 0.311791 -0.52182 -1.59385 0.784101 
-0.735999 0.407086 -0.485479 -0.506918 -0.996563 0.887906 
-1.25592 0.0988366 0.641651 -0.777952 -1.86706 0.825682 
-0.948604 0.0724125 0.207416 -0.620695 -1.34365 0.911876 
-0.7398 0.418912 -0.610243 -0.672019 -0.84141 1.03957 
-1.26429 -0.152222 0.517808 -0.866576 -1.53578 1.09099 
-0.955073 0.0190581 0.0474688 -0.80311 -1.112 1.10774 
-0.744205 0.453655 -0.772475 -0.959466 -0.703501 1.31265 
-1.27345 -0.240186 0.267649 -1.08834 -1.29907 1.40692 
-0.748836 0.531144 -1.00786 1.70924 0.648988 4.91827 
-0.967358 0.0972398 -0.482154 -1.55771 -0.917795 -4.40706 
-1.28259 0.00495928 -0.645343 1.36957 1.30873 -0.903804 
-0.967822 0.284245 -0.964844 1.1296 1.08548 -0.779285 
-0.820898 0.340983 0.124757 -0.375393 -1.61638 0.700884 
-0.690353 0.530665 -0.644728 -0.375177 -1.0292 0.793053 
-1.00567 0.256393 0.468085 -0.545347 -1.83614 0.711459 
-0.825645 0.23944 0.0294657 -0.454867 -1.36086 0.788411 
-0.693878 0.548491 -0.7777 -0.509347 -0.856898 0.9124 
-1.2586 0.0762507 0.66589 -0.779407 -1.86434 0.824331 
-1.01414 0.0224212 0.365012 -0.639845 -1.46162 0.89664 
-0.831732 0.185658 -0.121207 -0.612111 -1.09608 0.942285 
-0.698298 0.597253 -0.964481 -0.776971 -0.677758 1.16501 
-1.02485 -0.0782405 0.13849 -0.890359 -1.1359 1.18932 
-0.839055 0.187084 -0.340073 -0.934939 -0.858604 1.25348 
-0.70381 0.726116 -1.29426 1.77031 0.565952 -1.38611 
-1.28529 -0.0216463 -0.617775 1.36199 1.30024 -0.902733 
-1.03499 0.167419 -0.821568 1.18404 1.11299 -0.825611 
-0.846786 0.584606 -1.40136 0.947918 1.06957 -0.589593 
-0.720479 0.521547 -0.111323 -0.234726 -1.65594 0.636185 
-0.647863 0.682686 -0.858076 -0.24003 -1.06974 0.703292 
-0.813131 0.465437 0.196017 -0.331058 -1.84938 0.630984 
-0.723414 0.432165 -0.203905 -0.288321 -1.41187 0.684646 
-0.650594 0.719066 -1.02007 -0.332496 -0.885204 0.783256 
-0.932894 0.30107 0.41417 -0.469323 -1.83402 0.673411 
-0.819184 0.261947 0.111045 -0.40461 -1.48283 0.729418 
-0.728214 0.385024 -0.351193 -0.399747 -1.13535 0.781114 
-0.654535 0.825371 -1.30681 -0.56006 -0.6429 1.00194 
-0.943887 0.0247584 0.256118 -0.6215 -1.32854 0.90449 
-0.82808 0.161977 -0.0948359 -0.612927 -1.08834 0.936788 
-0.735325 0.391348 -0.574775 -0.671638 -0.832043 1.02889 
-0.744624 0.495899 -0.958221 1.71273 0.647318 4.90456 
-0.961364 0.218197 -0.882105 1.10093 1.04614 -0.778533 
-0.841829 0.505954 -1.27634 0.940762 1.02487 -0.619242 
-0.620843 0.47128 -0.249002 -0.062168 -1.52164 0.520464 
-0.648941 0.415717 0.153324 -0.0864523 -1.81949 0.504923 
-0.621702 0.430329 -0.397461 -0.07838 -1.28297 0.522816 
-0.684853 0.311229 0.415073 -0.127045 -1.9086 0.493372 
-0.650365 0.248939 0.0326116 -0.107412 -1.46336 0.515103 
-0.623121 0.440804 -0.615154 -0.114104 -1.00723 0.539358 
-0.688896 0.0320046 0.269095 -0.170384 -1.38597 0.537072 
-0.653614 0.18543 -0.202148 -0.172417 -1.06685 0.557823 
-0.625875 0.53137 -0.955994 -0.225014 -0.661393 0.627899 
-0.697399 -0.0333195 -0.0817707 -0.36781 -0.838956 0.715236 
-0.660786 0.24342 -0.587857 -0.440955 -0.613894 0.801274 
-0.500532 0.328197 -0.0635936 0.106863 -1.48833 0.276924 
-0.442916 0.232913 0.385616 0.147464 -1.78505 0.2366 
-0.499422 0.276031 -0.204851 0.128501 -1.23568 0.214853 
-0.360239 0.0746997 0.693374 0.211656 -1.85831 0.160707 
-0.441148 0.0420359 0.258654 0.168026 -1.38635 0.141592 
-0.498253 0.273556 -0.406364 0.170028 -0.94945 0.124239 
-0.35725 -0.2527 0.519999 0.245973 -1.24353 -0.0123819 
-0.439463 -0.0285176 0.0174655 0.228062 -0.953892 0.00359172 
-0.497301 0.333478 -0.695692 0.271349 -0.599527 -0.0410341 
-0.354692 -0.303601 0.141027 0.444219 -0.63994 -0.325289 
-0.438433 0.0187929 -0.350525 0.465781 -0.452328 -0.326706 
-0.497112 0.542454 -1.2362 1.31684 -0.159649 -1.17553 
-0.349357 -0.12098 -0.473969 -1.10033 0.354679 1.08186 
-0.435336 0.273231 -1.02663 -0.630853 0.407551 0.635411 
-0.363651 0.217933 0.0661908 0.284697 -1.48197 0.0310171 
-0.481699 0.705694 -1.21697 0.380066 -0.689656 -0.128549 
-0.191378 0.11786 0.513075 0.403846 -1.80017 -0.0447144 
-0.360754 0.164099 -0.0790866 0.344298 -1.23453 -0.093743 
0.0571409 -0.00894073 0.769428 0.595891 -1.92446 -0.200739 
-0.18592 -0.0808436 0.371659 0.464609 -1.41454 -0.25412 
-0.356815 0.160152 -0.281259 0.461995 -0.970274 -0.286387 
0.0674938 -0.336049 0.5729 0.682931 -1.40626 -0.600035 
-0.178744 -0.144945 0.115578 0.646193 -1.04595 -0.568266 
-0.352012 0.213872 -0.559802 0.73879 -0.693243 -0.659489 
0.0806954 -0.359097 0.168009 1.02817 -1.05573 -1.15676 
-0.345655 0.380438 -1.01917 -1.62784 0.540818 1.56231 
-0.213102 0.146625 0.142976 0.452786 -1.51705 -0.202226 
-0.418897 0.592272 -1.04851 0.556069 -0.762508 -0.390733 
0.0820586 0.0956605 0.529979 0.64106 -1.89073 -0.305444 
-0.20894 0.0929789 -0.00698792 0.533494 -1.29251 -0.371646 
0.0888223 -0.0975351 0.37971 0.697089 -1.56852 -0.585884 
-0.203856 0.0906979 -0.211997 0.680171 -1.07187 -0.614105 
0.458555 -0.176658 0.438181 0.910286 -1.76301 -0.936102 
0.0976516 -0.15214 0.11396 0.86921 -1.29668 -0.939463 
-0.197541 0.147678 -0.492199 0.960304 -0.880511 -1.01092 
0.115603 0.183791 -0.937815 -1.55113 1.18876 1.0099 
-0.055152 0.113603 0.174492 0.593072 -1.59143 -0.408937 
-0.354319 0.516132 -0.942584 0.684847 -0.838178 -0.594597 
-0.0506496 0.0621694 0.0205091 0.672561 -1.39529 -0.598769 
-0.351229 0.654965 -1.27323 0.939079 -0.693489 -0.935911 
0.345694 -0.00821024 0.28886 0.83812 -1.77659 -0.821496 
-0.0453753 0.0639781 -0.189096 0.808305 -1.21625 -0.848348 
0.353153 -0.0575347 0.0220776 0.945839 -1.56587 -1.15912 
-0.0390057 0.124557 -0.471619 1.03408 -1.073 -1.20542 
0.744782 0.0990503 -0.254161 -2.09922 1.86184 -4.72062 
0.367925 0.324235 -1.1174 -1.76052 1.43275 0.951509 
-1.25277 -0.161711 0.433271 -0.735962 -1.52867 1.14898 
-0.835592 0.292466 -0.655385 -0.819901 -0.784444 1.29533 
-0.839007 0.363895 -0.865186 -1.0778 -0.692985 1.56313 
-1.84204 -0.211778 0.458657 -1.03304 -1.91281 1.50087 
-2.30776 0.456577 -1.1787 2.21907 1.96793 -6.93391 
-1.27936 0.335339 -1.30291 1.41644 1.26823 -6.88679 
-1.08337 -0.052627 0.340637 -0.599551 -1.48074 1.00514 
-0.782038 0.404208 -0.792487 -0.697092 -0.758337 1.17983 
-1.54014 -0.0656797 0.680416 -0.872992 -1.94989 1.08287 
-1.08882 -0.105704 0.179841 -0.709362 -1.271 1.15707 
-0.785419 0.493935 -1.03631 -0.973776 -0.633888 1.46675 
-1.09485 -0.102219 -0.0328479 2.2546 1.09555 -1.77571 
-1.56338 -0.206107 -0.177859 -1.22848 -1.41359 1.92612 
-1.56882 0.0362467 -0.779073 1.70807 1.43243 -0.837715 
-0.938259 0.0896303 0.20339 -0.458999 -1.47448 0.873656 
-0.732828 0.543676 -0.979417 -0.566397 -0.736437 1.06359 
-1.24771 0.0120002 0.614685 -0.663471 -1.8481 0.925431 
-0.942982 0.0345661 0.0514692 -0.554251 -1.24278 0.994128 
-0.736003 0.69264 -1.32987 -0.883624 -0.555165 1.39771 
-1.25535 -0.187597 0.455175 -0.737655 -1.52058 1.15109 
-0.948621 0.0328278 -0.155267 -0.723925 -1.02693 1.18117 
-1.66795 -0.294874 0.109783 -1.10955 -1.5585 1.77551 
-0.961784 0.239207 -0.848646 1.65091 0.816764 -1.13887 
-0.817229 0.257222 0.0190606 -0.323636 -1.49595 0.763825 
-0.68754 0.758567 -1.30292 -0.444495 -0.683418 0.966071 
-0.999395 0.179884 0.441297 -0.456548 -1.82004 0.77889 
-0.820903 0.205208 -0.127061 -0.395347 -1.25656 0.847113 
-1.24808 0.0917959 0.662905 -0.664587 -1.96254 0.848801 
-1.00602 -0.00983874 0.302201 -0.527463 -1.46332 0.932055 
-0.825646 0.203566 -0.331997 -0.532285 -1.00964 0.990571 
-1.25807 -0.213523 0.476575 -0.740209 -1.51387 1.15447 
-1.01423 -0.0705908 0.0466368 -0.712762 -1.13903 1.16281 
-0.831754 0.264677 -0.621728 -0.820114 -0.77432 1.28564 
-1.03322 0.26929 -1.03435 1.42114 0.960446 -0.846091 
-0.717722 0.448356 -0.219165 -0.197924 -1.5282 0.676383 
-0.809021 0.400577 0.169573 -0.270201 -1.83049 0.672839 
-0.71999 0.40651 -0.368171 -0.243059 -1.2943 0.723805 
-0.925447 0.31503 0.405203 -0.382456 -1.93466 0.694849 
-0.813162 0.234066 0.0465387 -0.319018 -1.48803 0.752503 
-0.72332 0.415934 -0.585164 -0.332971 -1.03262 0.81291 
-0.933008 0.0416856 0.253289 -0.455177 -1.45677 0.860367 
-0.819186 0.173246 -0.193685 -0.449868 -1.12388 0.897557 
-0.728035 0.506599 -0.926872 -0.557321 -0.729939 1.03971 
-0.943903 -0.0151095 -0.107831 -0.730217 -1.01144 1.17783 
-0.828108 0.238086 -0.590135 -0.823212 -0.768845 1.28084 
-0.957544 0.183523 -0.78269 -1.49458 -0.815882 1.99563 
-2.07352 -0.0375591 -1.12662 1.81716 1.63209 -6.67307 
-0.994859 -0.00328913 -1.22427 0.620803 1.24761 -0.188836 
2.83809 -0.313628 -0.960453 -3.38653 1.8209 6.22329 
-0.708647 -0.159358 -1.10447 0.178027 1.22965 -0.0429003 
2.17872 -0.168589 -1.02425 -2.81528 1.89097 0.132005 
-0.201415 -0.228342 -1.07244 -0.471577 1.28947 0.134891 
-2.51014 -0.0918521 -1.01688 2.17673 1.79745 -0.368223 
-1.56158 -0.124927 -1.05237 1.30204 1.41038 -0.371991 
3.04137 0.503853 -2.20872 2.75743 1.4015 -6.22207 
-1.51414 -0.361873 -0.958924 1.05863 1.4004 -0.206641 
2.3822 -0.0375744 -1.06406 -2.9926 1.99178 0.081296 
-1.77966 -0.459791 -1.10834 1.15646 1.52614 0.0115963 
-0.472326 0.0125391 -1.24296 -0.162502 1.19092 0.0681279 
1.50065 -0.235807 -0.985541 -2.22443 1.74362 0.292457 
-0.111333 -0.0532535 -1.17903 -0.667643 1.25663 0.224486 
-1.7061 0.139783 -1.2559 1.65451 1.54416 -0.45169 
-1.84334 0.460845 -2.26071 1.46548 1.53672 0.238747 
-1.04309 -0.0485085 -1.11167 0.734331 1.19898 -0.260595 
-0.574309 -0.526872 -1.00402 -1.30126e-06 1.47864 0.0154347 
-0.578698 -0.261945 -0.967721 0.00461978 1.17719 0.014174 
1.7399 0.499013 -2.22023 -2.45989 1.4042 6.20732 
0.311427 -0.283785 -0.965594 -1.07801 1.36299 0.301174 
0.888294 0.455704 -2.09062 1.40544 -1.51188 3.10021 
-1.21607 0.4636 -1.79438 -1.99247 -1.38926 2.92609 
-0.85706 -0.245793 -0.906192 0.429574 1.114 -0.153451 
-0.701768 0.316511 -1.5778 0.245128 1.19861 -0.0569247 
0.217955 -0.348091 -0.869744 -0.975274 1.30315 0.313404 
-0.303665 0.005918 -1.16345 -0.449832 1.13261 0.19846 
0.970977 0.525137 -2.15802 1.30408 -1.49913 3.10729 
0.179744 -0.00120848 -1.15804 -1.10707 1.31899 0.392097 
0.578474 0.213364 -1.41923 -1.58406 1.51911 0.393896 
-0.437993 0.110687 -1.21331 -0.250641 1.02332 0.143549 
0.115405 0.0424436 -1.14135 -1.0996 1.26738 0.451767 
-0.620231 0.442789 -0.411349 -0.0541987 -1.36794 0.541212 
-0.647698 0.358858 0.11559 -0.0707541 -1.7749 0.528954 
-0.620831 0.458279 -0.634114 -0.0688381 -1.12436 0.547152 
-0.682705 0.320975 0.405927 -0.102767 -1.97916 0.517734 
-0.648636 0.229173 -0.043742 -0.0843941 -1.4372 0.537438 
-0.621716 0.558105 -0.985615 -0.102352 -0.824373 0.570124 
-0.684926 0.0462229 0.260039 -0.120243 -1.49167 0.54531 
-0.650348 0.206445 -0.321316 -0.121836 -1.06947 0.562299 
-0.688871 -0.0180734 -0.0853655 -0.20096 -0.988129 0.617048 
-0.653635 0.320246 -0.779336 -0.256361 -0.6339 0.682045 
-0.697359 0.145236 -0.695365 -0.654936 -0.454379 1.06721 
-0.501311 0.289703 -0.217218 0.0954736 -1.34271 0.287292 
-0.444466 0.168995 0.345983 0.127329 -1.743 0.254566 
-0.500472 0.291409 -0.421172 0.119045 -1.09647 0.231106 
-0.363 0.0889156 0.683843 0.188235 -1.9473 0.200262 
-0.442948 0.0217436 0.180604 0.146591 -1.37327 0.176011 
-0.499441 0.357647 -0.714067 0.168088 -0.812521 0.141264 
-0.360195 -0.233718 0.512757 0.206603 -1.37953 0.0599449 
-0.441147 -0.00720338 -0.0960687 0.198172 -0.988903 0.0629528 
-0.498253 0.567499 -1.24418 0.341747 -0.420374 -0.0898371 
-0.357278 -0.285589 0.142334 0.312624 -0.8482 -0.142344 
-0.439436 0.0832467 -0.508949 0.356225 -0.555496 -0.169042 
-0.35471 -0.122307 -0.438272 0.94317 -0.321819 -0.878163 
-0.365975 0.177794 -0.0883622 0.257694 -1.33891 0.0258943 
-0.195726 0.048545 0.47307 0.347859 -1.75539 -0.0420385 
-0.363589 0.175047 -0.288027 0.318999 -1.10238 -0.0909078 
0.0492297 0.00462517 0.764286 0.523963 -2.00524 -0.153594 
-0.19139 -0.102467 0.294862 0.399131 -1.39551 -0.214972 
-0.36077 0.228203 -0.55844 0.437749 -0.849501 -0.275768 
0.0570682 -0.322837 0.573887 0.556179 -1.49441 -0.478993 
-0.18592 -0.125466 0.0082975 0.533796 -1.05496 -0.459924 
-0.356812 0.382712 -0.986534 0.753384 -0.567215 -0.681306 
0.0674981 -0.353954 0.182976 0.773504 -1.0997 -0.884749 
-0.17874 -0.0273735 -0.407547 0.872165 -0.74827 -0.92456 
-0.169403 0.319612 -1.21375 1.74504 -0.685729 4.27345 
-0.216604 0.103466 -0.0101115 0.412271 -1.37436 -0.228616 
0.076202 0.0243723 0.492078 0.553919 -1.84293 -0.327168 
-0.213103 0.101335 -0.211552 0.496554 -1.16035 -0.389008 
0.0818535 -0.122527 0.306935 0.603809 -1.53014 -0.563473 
-0.208928 0.155237 -0.481139 0.645927 -0.947692 -0.624907 
0.448796 -0.171851 0.446189 0.768188 -1.79562 -0.848522 
0.0888263 -0.13782 0.0121959 0.740111 -1.25964 -0.856622 
-0.203826 0.29545 -0.880172 0.9466 -0.748395 -1.03935 
0.458556 -0.206636 0.0601436 0.889458 -1.50713 -1.25545 
0.107717 0.337316 -1.24858 -1.652 1.00634 1.07745 
-0.0590556 0.0693266 0.0219853 0.541054 -1.44901 -0.458988 
0.334044 0.101905 0.404652 0.711825 -1.9818 -0.566367 
-0.0551417 0.0693232 -0.182154 0.626848 -1.26078 -0.639781 
0.339342 -0.0356398 0.22034 0.727951 -1.72378 -0.828937 
-0.0506708 0.125866 -0.453858 0.766732 -1.08507 -0.884333 
0.345625 -0.0479148 -0.0764941 0.817212 -1.50022 -1.1198 
-0.0453754 0.266222 -0.849813 1.00865 -0.929678 -1.2592 
0.73788 0.0912038 -0.229056 -2.2669 1.80867 1.66588 
0.353155 0.0681138 -0.519228 -2.15243 1.32765 1.63832 
-1.2475 -0.20326 0.271273 -0.67635 -1.3975 1.27089 
-1.83576 -0.239046 0.388369 -0.895871 -1.85209 1.61604 
-2.30586 0.413827 -1.09439 2.30134 1.86677 -6.93672 
-1.07861 -0.096121 0.18272 -0.549525 -1.34633 1.10274 
-1.53289 -0.144659 0.641586 -0.750278 -1.90185 1.20186 
-1.08345 -0.0960231 -0.0225135 -0.662843 -1.15087 1.25214 
-1.08889 -0.0417297 -0.286246 2.29542 0.98185 -1.67252 
-1.55593 -0.162179 -0.307346 -1.09975 -1.31042 1.97351 
-0.934344 0.0464313 0.0489205 -0.416323 -1.33702 0.947351 
-1.24095 -0.0622712 0.575022 -0.569936 -1.80181 1.0088 
-0.938264 0.0431464 -0.152004 -0.512382 -1.1175 1.06752 
-1.24749 -0.211309 0.380896 -0.636914 -1.48198 1.20166 
-0.943009 0.0953019 -0.418023 -0.684586 -0.907942 1.26286 
-0.814347 0.217856 -0.134854 -0.289266 -1.35394 0.815772 
-0.99454 0.113298 0.403087 -0.38795 -1.77765 0.833999 
-0.817229 0.217295 -0.337371 -0.359708 -1.12189 0.900526 
-0.99963 -0.0328464 0.228333 -0.445785 -1.43581 0.963959 
-0.820903 0.276569 -0.618589 -0.496987 -0.875982 1.05307 
-1.24766 -0.204801 0.479994 -0.606371 -1.5739 1.13678 
-1.00606 -0.0551449 -0.0580354 -0.590441 -1.11816 1.15471 
-0.825653 0.450787 -1.08277 -0.843914 -0.612687 1.43051 
-1.01447 0.0469709 -0.483038 2.23233 0.851916 -1.62363 
-0.715844 0.418313 -0.37983 -0.174363 -1.37651 0.709335 
-0.80607 0.343253 0.133176 -0.226054 -1.78743 0.705845 
-0.717607 0.431464 -0.599427 -0.217865 -1.1393 0.759959 
-0.920301 0.324125 0.398318 -0.322675 -2.00195 0.716028 
-0.809984 0.212967 -0.0256878 -0.263356 -1.46028 0.774458 
-0.719803 0.527272 -0.94431 -0.311541 -0.855672 0.86434 
-0.925569 0.0534512 0.248502 -0.356503 -1.54387 0.847175 
-0.813163 0.192251 -0.308572 -0.355926 -1.11289 0.888089 
-0.933011 -0.00544338 -0.103327 -0.512499 -1.09783 1.05548 
-0.819191 0.309577 -0.771997 -0.619944 -0.74027 1.17678 
3.0999 0.327108 -1.49099 -3.46053 1.76386 -0.0913584 
-2.49743 -0.12487 -0.947915 2.31028 1.67189 -0.34623 
-1.51631 0.0388115 -1.66709 1.07862 1.37443 0.100553 
2.3859 -0.0792306 -0.988234 -2.97961 1.85207 0.146609 
-1.70042 0.0672951 -1.11783 1.77859 1.34911 -0.52421 
1.30769 -0.513929 -1.30595 1.63898 -1.29706 -3.36249 
-0.519622 -0.575366 -0.919245 -0.000382369 1.23447 0.0696376 
-0.594513 0.0365333 -1.50286 0.0770789 1.20651 0.0612595 
1.74021 0.538881 -2.29202 -2.40639 1.18908 6.24773 
0.299747 -0.00374336 -1.4704 -1.02682 1.27598 0.175108 
1.65108 0.224495 -1.32367 -2.50054 1.71206 6.67224 
-1.20806 0.111013 -1.1487 1.3868 1.01888 -6.83574 
-0.874631 -0.288375 -0.815398 0.681844 0.83062 -0.243155 
0.196099 -0.393938 -0.788885 -0.995334 1.03046 0.443761 
0.965327 -0.180565 -0.896495 1.22855 -1.44318 -2.53524 
-0.455521 0.0252076 -1.04113 -0.122973 0.571274 0.194422 
0.105643 -0.0256828 -1.01145 -1.22377 0.97543 0.69569 
0.579542 0.230552 -1.32037 -1.75525 1.33016 0.667613 
-0.743273 1.10432 0.206237 -0.966577 -1.42064 0.213245 
-0.643403 1.14379 0.0755116 -0.882145 -1.342 0.269087 
-0.558107 1.19916 -0.0830901 -0.819139 -1.24852 0.326593 
-0.485539 1.27528 -0.275425 -0.778829 -1.14198 0.389366 
-0.725695 0.542437 0.439321 -1.24638 -0.688278 0.688028 
-0.626679 0.730685 0.271594 -1.11313 -0.645829 0.623963 
-0.542706 0.917871 0.0687041 -1.03131 -0.598458 0.610147 
-0.471551 1.11035 -0.174656 -1.00789 -0.536194 0.651166 
-0.714383 0.156434 0.376736 0.793802 0.716179 -1.31245 
-0.535985 0.710215 0.103154 -2.00248 -0.43999 1.5543 
-0.466389 1.00251 -0.150904 -1.91055 -0.38231 1.51009 
-0.705622 0.00396461 0.103296 0.408302 1.16613 -0.881842 
-0.610792 0.229388 0.167252 0.455522 0.864883 -0.925598 
-0.530233 0.546663 0.0864734 0.553116 0.62364 -1.00331 
-0.699424 0.0641521 -0.368409 0.296507 1.62482 -0.70874 
-0.605699 0.145485 -0.0516489 0.290625 1.21653 -0.734555 
-0.52592 0.422619 0.0245243 0.33271 0.85701 -0.774147 
-0.458187 0.831505 -0.132123 0.413712 0.600763 -0.832494 
-0.602045 0.175765 -0.390059 0.223339 1.56432 -0.633492 
-0.522856 0.340924 -0.0842439 0.232361 1.08767 -0.662471 
-0.455569 0.757171 -0.134608 0.289317 0.718582 -0.706717 
-0.599287 0.373045 -0.96326 0.20464 1.96849 -0.549124 
-0.520596 0.305009 -0.243596 0.179403 1.31427 -0.596836 
-0.453664 0.69027 -0.147318 0.217471 0.829625 -0.632441 
-0.378594 1.05653 0.484967 0.0199213 -1.54151 -0.000682447 
-0.381509 1.0834 0.29521 0.0173326 -1.37864 -0.0033104 
-0.383796 1.14088 0.0807965 0.0156766 -1.22172 -0.00544426 
-0.385557 1.23214 -0.170017 0.0148959 -1.06216 -0.00735823 
-0.400945 0.370319 0.733573 -0.378396 -0.582368 0.150388 
-0.400584 0.626987 0.483804 -0.374003 -0.588736 0.145507 
-0.400305 0.853565 0.212487 -0.400023 -0.54726 0.176675 
-0.400072 1.07509 -0.093352 -0.462612 -0.470471 0.248517 
-0.388255 -0.12719 0.665951 0.228801 0.346457 -0.433651 
-0.38975 0.265318 0.498609 0.605978 0.137313 -0.820732 
-0.391729 0.96101 -0.0644605 -1.32933 -0.0815227 1.10785 
-0.382329 -0.286249 0.362305 0.0232127 0.980875 -0.248515 
-0.384622 0.0393488 0.380175 0.0334966 0.637561 -0.264229 
-0.386492 0.44586 0.236758 0.0582145 0.374764 -0.293472 
-0.387829 0.867719 -0.0517882 3.23362 -0.242001 -3.47141 
-0.380595 -0.210479 -0.109467 0.00229073 1.4874 -0.254448 
-0.383113 -0.0490648 0.151162 0.00361414 1.06545 -0.258428 
-0.38516 0.311502 0.171861 0.00612916 0.684218 -0.263386 
-0.386683 0.784001 -0.0471895 0.0115929 0.430102 -0.270725 
-0.382608 -0.0210426 -0.180337 -0.00152911 1.44225 -0.273606 
-0.384561 0.222594 0.061557 -0.00122178 0.956729 -0.274908 
-0.386318 0.707824 -0.0518918 -0.000829948 0.584941 -0.276742 
-0.38274 0.137262 -0.671396 -0.00292899 1.82658 -0.288934 
-0.384458 0.182794 -0.0974667 -0.00240935 1.20711 -0.288919 
-0.386214 0.639167 -0.0662568 -0.00284749 0.71953 -0.289395 
0.0846714 1.05698 0.524549 0.89573 -1.57751 0.00837413 
-0.0810268 1.07013 0.357495 0.734334 -1.46433 -0.0962799 
-0.202329 1.12426 0.137787 0.631613 -1.31885 -0.180395 
-0.292333 1.21963 -0.137073 0.573809 -1.15122 -0.257461 
0.068758 0.344957 0.805793 0.956761 -0.886247 -0.518997 
-0.0950301 0.600681 0.570383 0.757928 -0.851131 -0.443555 
-0.214228 0.832165 0.290051 0.643568 -0.782271 -0.435309 
-0.302605 1.06369 -0.0429768 0.593082 -0.675011 -0.471712 
0.0559559 -0.21527 0.753374 2.08262 -0.63369 4.38894 
-0.306663 0.940779 -0.00421911 1.05488 -0.339771 -1.03448 
0.0465187 -0.381285 0.4402 -0.505868 1.08823 0.549533 
-0.109655 -0.0534888 0.480983 -0.595452 0.694535 0.629454 
-0.223821 0.386072 0.331203 -0.85338 0.412608 0.856605 
-0.308945 0.840394 0.0110685 -1.13124 0.288007 -5.19546 
0.0389591 -0.297514 -0.0352691 -0.36794 1.53982 0.291665 
-0.114744 -0.148282 0.247863 -0.351747 1.08178 0.299812 
-0.227296 0.240344 0.266419 -0.433483 0.664385 0.37196 
-0.311307 0.751761 0.0162989 -0.604322 0.403503 0.510579 
-0.119096 -0.119654 -0.0834938 -0.264078 1.43933 0.138443 
-0.230301 0.145357 0.154531 -0.28126 0.925209 0.167732 
-0.313439 0.671631 0.0123768 -0.385083 0.537567 0.251352 
-0.122367 0.028308 -0.550409 -0.231267 1.79999 0.0246136 
-0.232645 0.101698 -0.00441885 -0.209948 1.17252 0.0531253 
-0.315218 0.59989 -0.00187673 -0.272893 0.667686 0.107195 
0.481115 1.06753 0.380871 1.51602 -1.56424 -0.122274 
0.202464 1.07983 0.312175 1.24235 -1.51258 -0.169065 
-0.0318402 1.12199 0.145467 1.02413 -1.40951 -0.258025 
-0.212846 1.21372 -0.121709 0.881214 -1.25182 -0.363374 
0.476932 0.464505 0.629069 1.6379 -1.28301 -6.94122 
0.198277 0.640109 0.516011 1.36097 -1.16766 -0.583318 
-0.0356854 0.842925 0.292599 1.14227 -1.07017 -0.57145 
-0.216508 1.06909 -0.0326432 1.01183 -0.949159 -0.627095 
-0.222878 0.93966 0.0217241 1.26312 -0.670574 -1.01556 
0.451383 -0.227908 0.333698 -0.793242 1.41503 1.11921 
0.175581 -0.0256307 0.465447 -0.897507 0.99443 1.1955 
-0.0536537 0.370868 0.366319 1.97333 -0.676701 -1.73732 
0.44033 -0.174181 -0.126633 -0.648018 1.7456 0.754782 
0.166156 -0.131932 0.240892 -0.622799 1.25433 0.775693 
-0.060851 0.213481 0.307465 -0.751175 0.799327 0.881559 
-0.234741 0.732588 0.0600081 2.12413 -0.519675 4.22211 
0.159008 -0.109886 -0.0865096 -0.498175 1.54939 0.524272 
-0.0663105 0.111735 0.197879 -0.526806 0.998568 0.574733 
-0.238879 0.648002 0.0584775 -0.720476 0.587839 0.725142 
0.153492 0.0349887 -0.552427 -0.452736 1.87035 0.330959 
-0.0706224 0.0636727 0.0407035 -0.405932 1.21452 0.384902 
-0.242077 0.572277 0.0460277 -0.532829 0.683455 0.491008 
0.754385 1.14295 0.0778584 1.89794 -1.68751 -0.330623 
0.445631 1.11245 0.178566 1.60732 -1.58128 -0.27959 
0.129726 1.13086 0.116211 1.30674 -1.48357 -0.312009 
-0.139091 1.20994 -0.111772 1.07419 -1.33182 -0.411762 
0.752389 0.652293 0.298288 1.98548 -1.56169 -0.740081 
0.443151 0.712356 0.371447 1.71344 -1.36935 -0.658155 
0.12662 0.85938 0.261778 1.4187 -1.22768 -0.618838 
-0.141232 1.07034 -0.0261973 1.20102 -1.08628 -0.664259 
0.745935 0.264017 0.288186 2.14628 -1.56685 -1.25581 
-0.14716 0.939831 0.0344014 1.39355 -0.859846 -0.991118 
0.73721 0.0795884 0.0523604 -0.842576 1.72723 1.42324 
0.425972 0.102983 0.34145 2.20566 -1.29926 -1.66695 
-0.153788 0.825023 0.0690485 -1.46943 0.712547 1.75659 
0.728985 0.116567 -0.402432 -0.782725 1.9933 1.04367 
0.417334 -0.00955222 0.132623 -0.747468 1.48328 1.09909 
0.103626 0.228611 0.297523 -0.880516 0.991111 1.18824 
-0.159673 0.72419 0.0855573 1.97239 -0.666734 -1.77341 
0.410415 0.00316659 -0.188533 -0.650042 1.72214 0.82488 
0.0974628 0.122161 0.192817 -0.679588 1.13677 0.8824 
-0.164379 0.634618 0.0882692 -0.915246 0.68877 1.0456 
0.404813 0.150133 -0.671382 -0.630707 2.0071 0.576483 
0.0924567 0.0701637 0.0390187 -0.554417 1.31456 0.666581 
-0.168232 0.555129 0.0784085 -0.721784 0.748743 0.795933 
-0.725696 1.17643 0.158868 -0.707138 -1.95593 0.161456 
-0.626837 1.094 0.104747 -0.592891 -1.82942 0.223597 
-0.542933 1.04195 0.00849688 -0.508178 -1.68413 0.271014 
-0.471756 1.02447 -0.130638 -0.447924 -1.52668 0.30743 
-0.743511 0.610112 0.4244 -1.02054 -1.26957 0.450728 
-0.64324 0.683027 0.28679 -0.944401 -1.18881 0.476017 
-0.557944 0.76926 0.124666 -0.889193 -1.10222 0.50802 
-0.485498 0.87013 -0.0645443 -0.855623 -1.00876 0.550329 
-0.725695 0.152167 0.413487 -1.77867 -0.662788 1.36014 
-0.542949 0.539043 0.146161 -1.50705 -0.505747 1.16402 
-0.471821 0.739191 -0.0466467 -1.43684 -0.45175 1.13594 
-0.714344 -0.01065 0.128891 0.572943 1.04166 -0.972842 
-0.617893 0.173406 0.137711 0.615308 0.829011 -1.00941 
-0.535986 0.4053 0.0658084 0.687135 0.655914 -1.06399 
-0.466443 0.667142 -0.0868409 0.762386 0.534347 5.17062 
-0.705621 0.0525665 -0.351009 0.373782 1.54201 -0.724426 
-0.610879 0.129488 -0.129042 0.363709 1.22907 -0.745226 
-0.530231 0.32605 -0.0574801 0.386577 0.950778 -0.771027 
-0.461782 0.612228 -0.13055 0.435685 0.729952 -0.806643 
-0.60577 0.204692 -0.524367 0.272229 1.61439 -0.619168 
-0.525942 0.293028 -0.224666 0.266153 1.21942 -0.645338 
-0.458216 0.566091 -0.17787 0.296421 0.893366 -0.67443 
-0.522846 0.310043 -0.448778 0.206256 1.474 -0.573174 
-0.455584 0.528923 -0.23339 0.220308 1.03534 -0.600157 
-0.400343 1.02947 0.309777 -0.214543 -1.88703 0.102253 
-0.400215 0.981376 0.15376 -0.205337 -1.6873 0.145756 
-0.400107 0.983661 -0.0475527 -0.204531 -1.49238 0.185986 
-0.378497 0.444381 0.738434 0.0216277 -1.1829 -0.00817255 
-0.38152 0.55976 0.522635 0.0192559 -1.08247 -0.00904374 
-0.383689 0.681422 0.291909 0.0179161 -0.973405 -0.0100534 
-0.385414 0.815651 0.0381049 0.0173888 -0.853826 -0.0114276 
-0.400945 -0.133383 0.703346 1.64421 0.205169 4.46723 
-0.400319 0.441739 0.293332 -0.85645 -0.271568 0.66808 
-0.400137 0.691631 0.03558 -0.877581 -0.26636 0.690135 
-0.388091 -0.30643 0.389156 0.107471 0.796926 -0.293111 
-0.389602 -0.0233937 0.348242 0.146469 0.556932 -0.343473 
-0.390866 0.291573 0.215993 0.215212 0.37741 -0.420517 
-0.391729 0.612898 0.000154965 0.295494 0.275459 -0.505654 
-0.382359 -0.225327 -0.0917154 0.0197024 1.37382 -0.239359 
-0.384654 -0.0690804 0.0754002 0.023504 1.05067 -0.249299 
-0.386364 0.203836 0.0921428 0.0305607 0.761152 -0.261144 
-0.38783 0.554863 -0.0434479 0.0422514 0.545934 -0.276563 
-0.380712 0.0891506 -0.864746 0.00229251 1.94316 -0.253696 
-0.383079 0.000900908 -0.302406 0.00321392 1.469 -0.256867 
-0.385038 0.167436 -0.0755013 0.00440841 1.07563 -0.260546 
-0.386325 0.505133 -0.0899434 0.00587984 0.752331 -0.263636 
-0.382847 0.228705 -0.898112 -0.00170121 1.91031 -0.274698 
-0.384609 0.179505 -0.292308 -0.00095519 1.3537 -0.275518 
-0.386032 0.467632 -0.147474 -0.000751059 0.920722 -0.276504 
0.0686612 1.11889 0.488676 0.77258 -2.00298 0.176001 
-0.0950746 0.993673 0.403171 0.564049 -1.83096 0.0471734 
-0.214295 0.934264 0.244212 0.437232 -1.62361 -0.0291525 
-0.302531 0.942838 0.0162557 0.362098 -1.40506 -0.075114 
0.084672 0.418623 0.787233 0.928666 -1.34586 -0.289847 
-0.0811397 0.522447 0.590242 0.784189 -1.23493 -0.317658 
-0.202333 0.648451 0.352166 0.691562 -1.11204 -0.351436 
-0.292337 0.797878 0.0709852 0.641936 -0.975488 -0.396952 
0.0690149 -0.209967 0.783015 1.52574 -0.687669 -1.30085 
-0.0950164 0.103029 0.611868 -1.94052 0.587475 2.12072 
-0.21421 0.394121 0.379957 0.972919 -0.537199 -0.846831 
-0.302462 0.668309 0.092585 0.861034 -0.478741 -0.78895 
0.0559559 -0.399722 0.468149 -0.691709 0.943038 0.73806 
-0.103708 -0.118082 0.449376 -0.783553 0.643155 0.822321 
-0.220148 0.224418 0.311846 -0.987368 0.430835 1.00108 
0.0465169 -0.311861 -0.0164552 -0.448155 1.43333 0.36371 
-0.109661 -0.167894 0.1725 -0.422478 1.0668 0.363379 
-0.223857 0.127712 0.186735 -0.465298 0.738621 0.402299 
-0.308945 0.515348 0.0232306 -0.559898 0.505228 0.474582 
0.0390026 -0.0113449 -0.752712 -0.39589 1.94092 0.129776 
-0.114744 -0.0976768 -0.202479 -0.311011 1.46038 0.164491 
-0.227392 0.0861904 0.019185 -0.304438 1.04012 0.180219 
-0.311307 0.464162 -0.0259242 -0.354077 0.699008 0.220543 
-0.11889 0.108486 -0.752997 -0.274484 1.86534 0.021662 
-0.230292 0.0950734 -0.194954 -0.231604 1.31229 0.0557301 
-0.313525 0.422536 -0.0819463 -0.254594 0.864899 0.0834042 
0.476898 1.10845 0.356603 1.46417 -1.84681 0.0504756 
0.19824 0.988472 0.366086 1.16547 -1.77588 -0.0468832 
-0.0358231 0.915989 0.259952 0.925238 -1.62631 -0.166482 
-0.216014 0.922256 0.0382588 0.771875 -1.41871 -0.26969 
0.481134 0.507906 0.617704 1.52159 -1.54695 -0.444702 
0.202517 0.548688 0.540639 1.27297 -1.41864 -0.458479 
-0.0318727 0.644116 0.360304 1.07709 -1.27816 -0.492154 
-0.212873 0.78975 0.0862413 0.950903 -1.11988 -0.548162 
0.198259 0.159934 0.563408 1.56044 -1.1183 -1.05698 
-0.0353323 0.399545 0.389271 1.35063 -0.957894 -0.959969 
-0.215922 0.669285 0.107768 1.20128 -0.832069 -0.925585 
0.465089 -0.227929 0.352364 -1.01711 1.41469 1.30647 
0.18747 -0.0771472 0.426427 2.03681 -1.06977 -1.76915 
-0.222818 0.56936 0.0989834 -1.49306 0.63614 -4.63897 
0.451389 -0.180884 -0.110042 -0.789022 1.69592 0.838012 
0.17554 -0.146087 0.163731 -0.752122 1.28484 0.854655 
-0.0536628 0.101954 0.225835 -0.822646 0.906155 0.920256 
-0.229645 0.494018 0.0662583 -0.98577 0.637303 1.04021 
0.166132 -0.0858511 -0.205472 -0.587434 1.58543 0.546025 
-0.0608494 0.0526329 0.0621968 -0.574069 1.12235 0.577871 
-0.23487 0.4362 0.0211274 -0.670994 0.746874 0.65552 
0.159162 0.114339 -0.752038 -0.53639 1.93455 0.304698 
-0.0663147 0.0567945 -0.148562 -0.447525 1.35468 0.372193 
-0.238876 0.390981 -0.0335274 -0.496003 0.87693 0.427354 
0.752182 1.17349 0.0593502 1.81131 -1.91271 -0.17813 
0.443042 1.02112 0.234084 1.52206 -1.81216 -0.165038 
0.127165 0.922772 0.232489 1.21317 -1.68194 -0.240157 
-0.141516 0.912457 0.0510878 0.976437 -1.47801 -0.34896 
0.754385 0.681885 0.289208 1.86069 -1.76378 -6.85463 
0.445635 0.625517 0.395417 1.60329 -1.59058 -0.549594 
0.129513 0.660351 0.329613 1.33643 -1.41972 -0.563078 
-0.13917 0.784482 0.0961127 1.13193 -1.2334 -0.614286 
0.443048 0.283015 0.417745 1.77783 -1.43674 -1.04042 
-0.141234 0.6669 0.117885 1.34485 -1.00958 -0.950603 
0.737156 0.116095 -0.390734 -0.936794 1.98559 1.09458 
0.425954 -0.0192309 0.053188 -0.887311 1.55246 1.14732 
0.111329 0.121197 0.213327 -0.958842 1.12544 1.19904 
-0.153799 0.48363 0.0906718 2.00382 -0.799441 4.44659 
0.41734 0.0305439 -0.311811 -0.7646 1.77941 0.822204 
0.103625 0.0651343 0.0562778 -0.740798 1.27266 0.865014 
-0.159673 0.42041 0.0506767 -0.860992 0.848762 0.948509 
0.0974725 0.0642512 -0.150293 -0.61111 1.45888 0.633229 
-0.16438 0.370997 -0.000760346 -0.674427 0.938863 0.699441 
-0.53587 0.874255 0.0582913 -0.42261 -1.91048 0.338822 
-0.466909 0.795336 -0.0875455 -0.362191 -1.68462 0.381532 
-0.725554 0.678815 0.406036 -0.659827 -1.76132 0.326208 
-0.626785 0.638756 0.294832 -0.571001 -1.60749 0.370674 
-0.54293 0.637222 0.144522 -0.508725 -1.44909 0.401527 
-0.471919 0.673019 -0.0451681 -0.467561 -1.28778 0.426266 
-0.743666 0.197299 0.430224 -1.17417 -1.08139 0.843012 
-0.643365 0.308221 0.29242 -1.11005 -0.994828 0.831325 
-0.558004 0.42931 0.130068 -1.06608 -0.913186 0.835839 
-0.485506 0.561036 -0.0590795 -1.04563 -0.830598 0.861007 
-0.725698 -0.0318978 0.177114 0.942119 0.839382 -1.21503 
-0.626819 0.121598 0.120011 -2.15586 -0.704869 1.8924 
-0.714344 0.0319523 -0.318236 0.495722 1.39132 -0.754291 
-0.617891 0.117017 -0.204528 0.480481 1.17138 -0.763975 
-0.535984 0.264959 -0.174447 0.48608 0.975724 -0.775399 
-0.466443 0.463598 -0.226941 0.504685 0.814551 -0.786949 
-0.611032 0.245938 -0.675318 0.34231 1.6334 -0.596543 
-0.530256 0.288963 -0.41503 0.322249 1.32157 -0.621115 
-0.461793 0.456694 -0.330431 0.328573 1.06057 -0.637841 
-0.525965 0.375867 -0.736697 0.249983 1.63489 -0.53554 
-0.458191 0.458562 -0.438293 0.241941 1.24903 -0.563041 
-0.390861 0.799646 0.208081 -0.0828056 -1.88379 0.19449 
-0.391758 0.744514 -0.00192209 -0.0794463 -1.61957 0.216821 
-0.401022 0.542539 0.694363 -0.209473 -1.78697 0.124734 
-0.400936 0.516699 0.511256 -0.204605 -1.5824 0.167997 
-0.400424 0.546234 0.292024 -0.207338 -1.39664 0.206259 
-0.400121 0.620425 0.0367084 -0.217376 -1.21951 0.245591 
-0.378503 -0.107153 0.747971 0.0328134 -0.641069 -0.0260633 
-0.381509 0.112197 0.528216 0.0284684 -0.640607 -0.0228262 
-0.383736 0.305107 0.296465 0.0261232 -0.601731 -0.0215364 
-0.385521 0.48933 0.0447412 0.0263215 -0.534195 -0.0229613 
-0.400946 -0.331962 0.435557 0.444385 0.492359 -0.567462 
-0.400588 -0.0774997 0.324245 0.600276 0.367319 -0.738451 
-0.40032 0.175012 0.166102 0.773255 0.294253 -0.921154 
-0.3881 -0.248693 -0.0610543 0.0828282 1.18765 -0.248756 
-0.389625 -0.0847369 0.00132078 0.0948781 0.962471 -0.273347 
-0.390767 0.136306 -0.0239265 0.113072 0.767859 -0.30139 
-0.391602 0.397607 -0.137042 0.134855 0.620717 -0.330174 
-0.382439 0.0674117 -0.833779 0.0199142 1.82318 -0.230769 
-0.384628 0.0311279 -0.433811 0.0205213 1.45947 -0.239591 
-0.386398 0.15497 -0.256382 0.02317 1.15842 -0.248409 
-0.387742 0.388534 -0.238819 0.0276926 0.90741 -0.257324 
-0.384989 0.227921 -0.550738 0.00390916 1.49035 -0.258604 
-0.386538 0.389153 -0.345424 0.00492463 1.12385 -0.261964 
-0.220152 0.742626 0.30405 0.367372 -1.81431 0.033962 
-0.306607 0.696859 0.0643097 0.294494 -1.52703 -0.00801884 
0.0687255 0.488498 0.773361 0.699287 -1.74536 -0.0664977 
-0.0946933 0.444934 0.607595 0.544004 -1.53753 -0.135056 
-0.214066 0.478934 0.37891 0.450385 -1.33359 -0.166887 
-0.302504 0.573158 0.0940099 0.395955 -1.13355 -0.187896 
0.0846738 -0.161187 0.795019 1.12808 -1.04303 -0.815529 
-0.0811337 0.0485957 0.596864 0.978684 -0.933031 -0.724527 
-0.202331 0.256551 0.357998 0.879646 -0.836197 -0.680953 
-0.292302 0.467453 0.0765765 0.834783 -0.732551 -0.686992 
-0.0949888 -0.167575 0.418837 -1.21243 0.584715 1.26293 
0.0559631 -0.334805 0.0162663 -0.573747 1.25694 0.482272 
-0.103708 -0.183218 0.100654 -0.537148 0.974212 0.472138 
-0.220148 0.0558937 0.0740151 -0.548488 0.732232 0.485067 
-0.306654 0.351931 -0.065793 -0.582885 0.554745 0.505511 
0.0465936 -0.0319341 -0.722098 -0.458501 1.81716 0.178287 
-0.10966 -0.0691961 -0.327265 -0.370679 1.43759 0.201167 
-0.224046 0.0698638 -0.156011 -0.343317 1.10816 0.204918 
-0.308945 0.339014 -0.167496 -0.353412 0.837128 0.215062 
-0.114737 0.223139 -1.01457 -0.330541 1.92755 0.00988045 
-0.227469 0.137155 -0.440986 -0.26398 1.43327 0.0593466 
-0.311383 0.336929 -0.273269 -0.258572 1.05686 0.0739887 
-0.0444412 0.71514 0.332894 0.785387 -1.79222 -0.117197 
-0.222392 0.665653 0.0982828 0.635828 -1.50529 -0.218224 
0.477048 0.550779 0.609787 1.38456 -1.80205 -0.261799 
0.198289 0.459022 0.559049 1.12351 -1.63565 -0.355831 
-0.0355531 0.460715 0.388074 0.937374 -1.42971 -0.428488 
-0.215644 0.552499 0.110255 0.828682 -1.2099 -0.490206 
0.202516 0.0951662 0.546983 1.36634 -1.30571 -0.901296 
-0.0318435 0.250019 0.366114 1.21777 -1.11651 -0.872282 
-0.212848 0.456688 0.09177 1.11929 -0.950908 -0.875259 
0.477017 -0.221947 0.375145 -1.29859 1.45664 1.53682 
0.465121 -0.189963 -0.0830854 -1.00035 1.62873 0.970107 
0.187486 -0.151324 0.0867778 -0.955078 1.28552 0.988488 
-0.0444187 0.0364439 0.108109 -0.983912 0.976422 1.03319 
-0.222821 0.332101 -0.0260184 -1.06479 0.74391 1.09529 
0.451317 0.1017 -0.846636 -0.887207 2.00287 0.488173 
0.175603 -0.053848 -0.330553 -0.714824 1.58531 0.584751 
-0.0536581 0.0379939 -0.112563 -0.66622 1.20472 0.608127 
-0.229645 0.308603 -0.118789 -0.693102 0.888963 0.640931 
0.166116 0.230891 -1.01377 -0.651448 1.98859 0.255492 
-0.0608504 0.0980106 -0.390266 -0.514075 1.47217 0.360062 
-0.234869 0.301273 -0.221165 -0.504541 1.06299 0.390367 
0.119974 0.718621 0.310797 1.06753 -1.83669 -0.218724 
-0.146943 0.649813 0.11377 0.842199 -1.54767 -0.337997 
0.752221 0.709395 0.283705 1.72095 -1.95952 -0.429975 
0.443041 0.540346 0.413968 1.45174 -1.78674 -0.472939 
0.127144 0.476229 0.357816 1.19698 -1.56617 -0.540356 
-0.141234 0.542511 0.119922 1.02175 -1.31416 -0.60575 
0.75453 0.306318 0.294957 -1.36905 1.85458 2.20148 
0.445631 0.2213 0.401354 1.59296 -1.60165 -0.947783 
0.12972 0.274737 0.3352 1.40849 -1.34366 -0.942105 
-0.139133 0.449746 0.101528 1.2622 -1.11194 -0.946921 
0.752234 0.0971455 0.0762706 -1.25973 1.85093 1.67047 
0.443041 0.0306324 0.248915 -1.32765 1.53211 1.68916 
0.745811 0.114509 -0.370333 -1.14722 1.97162 1.16633 
0.43561 -0.0183588 -0.0296515 -1.08828 1.60513 1.21813 
0.120111 0.0607524 0.0905049 2.03179 -1.23417 -1.89067 
-0.146942 0.322669 -0.00612289 1.9454 -0.929782 -1.84031 
0.42598 0.0686761 -0.445236 -0.924153 1.80843 0.823339 
0.111328 0.0537453 -0.120809 -0.85257 1.37569 0.866834 
-0.15377 0.292268 -0.0903956 -0.883403 1.00029 0.90125 
0.103652 0.106713 -0.392175 -0.701028 1.5803 0.595255 
-0.159641 0.279388 -0.187206 -0.683864 1.12228 0.632562 
-0.530222 0.704714 0.0838643 -0.336744 -1.95092 0.409617 
-0.461835 0.606809 -0.132558 -0.285982 -1.63477 0.453952 
-0.617875 0.581614 0.276785 -0.461133 -1.86535 0.420752 
-0.536312 0.516729 0.107059 -0.398102 -1.62692 0.46401 
-0.466467 0.530275 -0.14233 -0.365995 -1.38542 0.495137 
-0.725692 0.245778 0.443644 -0.651975 -1.44642 0.566518 
-0.62723 0.279559 0.278663 -0.596985 -1.29295 0.578832 
-0.542986 0.347644 0.0776369 -0.560775 -1.14126 0.589654 
-0.471828 0.448669 -0.163274 -0.545085 -0.987332 0.608564 
-0.643344 0.107601 0.0916336 1.74266 0.86805 -1.83317 
-0.558009 0.246481 -0.0669499 -1.38742 -0.782042 1.3149 
-0.485505 0.399251 -0.258549 -1.40349 -0.70481 1.35261 
-0.725695 -0.00345852 -0.254277 0.736088 1.11214 -0.8535 
-0.626814 0.100838 -0.260421 0.71119 0.974614 -0.844772 
-0.542932 0.234087 -0.310637 0.693629 0.857448 -0.832199 
-0.471819 0.392873 -0.408074 0.674869 0.765009 -0.809727 
-0.714325 0.417302 -1.26336 0.514039 1.88427 -0.485725 
-0.617891 0.298159 -0.841398 0.439899 1.58117 -0.559109 
-0.536026 0.331059 -0.661937 0.407142 1.35702 -0.579021 
-0.466454 0.44203 -0.600752 0.39167 1.17223 -0.583696 
-0.530231 0.583197 -1.25666 0.324111 1.84202 -0.449024 
-0.461795 0.507676 -0.804725 0.28701 1.46476 -0.504115 
-0.386685 0.616004 0.234881 -0.0227733 -1.90779 0.231573 
-0.38783 0.547895 -0.0461653 -0.0219321 -1.55869 0.240711 
-0.389923 0.445858 0.496389 -0.0806386 -1.81847 0.199504 
-0.39087 0.411318 0.256834 -0.0788087 -1.54531 0.22205 
-0.391467 0.466249 -0.0540227 -0.0823468 -1.29018 0.243851 
-0.400951 -0.0204536 0.738903 -0.213748 -1.27954 0.232441 
-0.400587 0.0966201 0.491362 -0.223933 -1.15211 0.26232 
-0.40032 0.230629 0.222085 -0.240078 -1.0204 0.297188 
-0.399864 0.385261 -0.0801884 -0.265844 -0.87726 0.342321 
-0.378493 -0.346901 0.502873 0.12744 -0.157124 -0.125861 
-0.38151 -0.113772 0.312458 0.0858391 -0.199402 -0.0841426 
-0.383736 0.103834 0.0957161 0.0747021 -0.200087 -0.0732316 
-0.385455 0.317721 -0.154125 0.0800895 -0.164112 -0.0790245 
-0.400945 -0.28405 -0.00505126 0.270905 0.862204 -0.34899 
-0.400586 -0.100097 -0.0578897 0.30688 0.736388 -0.400595 
-0.400319 0.103627 -0.161274 0.345642 0.641228 -0.450781 
-0.400114 0.324005 -0.318565 0.377201 0.582117 -0.489312 
-0.388251 0.0322563 -0.781237 0.0772261 1.62573 -0.213772 
-0.389582 0.0656588 -0.568143 0.0789857 1.37969 -0.23328 
-0.390735 0.184362 -0.482491 0.0849928 1.17639 -0.252439 
-0.391647 0.363844 -0.496458 0.0932648 1.01164 -0.270056 
-0.386486 0.357167 -0.929688 0.0213064 1.62944 -0.238027 
-0.387732 0.42008 -0.683399 0.0225566 1.32032 -0.245814 
-0.223653 0.552702 0.328991 0.321289 -1.86442 0.0492684 
-0.308944 0.498525 0.0169077 0.260744 -1.49491 0.00688047 
-0.103534 0.36556 0.599769 0.446091 -1.76439 -0.057783 
-0.220139 0.334071 0.34809 0.357842 -1.47302 -0.0950549 
-0.307314 0.412873 0.00700975 0.315148 -1.20099 -0.112304 
0.0688181 -0.118067 0.812175 0.716102 -1.30786 -0.432848 
-0.0950114 -0.00210435 0.578792 0.606739 -1.13543 -0.398927 
-0.214208 0.151169 0.300226 0.53674 -0.974122 -0.376332 
-0.30252 0.336315 -0.0306813 0.504998 -0.806933 -0.377924 
-0.081119 -0.183829 0.374137 1.36256 -0.749069 -1.28963 
-0.292336 0.290643 -0.120526 -1.85911 0.543449 1.90435 
0.0687257 -0.362741 0.0666698 -0.837095 1.02264 0.735617 
-0.095029 -0.192312 0.0368438 -0.794671 0.810186 0.72647 
-0.21421 0.0251199 -0.0656294 -0.780302 0.645074 0.722898 
-0.302521 0.27551 -0.245611 -0.758072 0.533073 0.696769 
0.0560679 -0.065795 -0.669589 -0.543096 1.61193 0.260736 
-0.103706 -0.0384297 -0.450637 -0.45059 1.33359 0.262462 
-0.220148 0.093217 -0.369369 -0.402897 1.09522 0.251279 
-0.306657 0.305176 -0.411172 -0.377409 0.905603 0.234705 
-0.223856 0.242492 -0.77468 -0.307128 1.53164 0.0592635 
-0.309137 0.35579 -0.591503 -0.275805 1.22494 0.0682187 
-0.0525525 0.521175 0.365387 0.64727 -1.8616 -0.121142 
-0.229623 0.463343 0.0550249 0.521426 -1.48047 -0.210465 
0.187466 0.371393 0.56674 0.940759 -1.81737 -0.287042 
-0.0441888 0.303705 0.370305 0.762758 -1.52243 -0.378793 
-0.222793 0.38361 0.0310391 0.680181 -1.22769 -0.435458 
0.476885 0.0495316 0.634669 1.30105 -1.69258 -0.732088 
0.198296 0.0370794 0.524448 1.13772 -1.4383 -0.768443 
-0.0355286 0.136777 0.302903 1.02752 -1.20021 -0.77944 
-0.21592 0.318749 -0.0212289 0.977423 -0.982025 -0.812069 
-0.0318457 0.0410517 0.162162 -1.6987 1.01618 1.81045 
-0.212769 0.277925 -0.10492 1.41279 -0.835986 -1.33697 
0.476772 -0.198334 -0.0476303 -1.27537 1.56781 1.1539 
0.198296 -0.145604 0.00877633 -1.22456 1.27471 1.17019 
-0.0354722 0.0166399 -0.0448126 1.92704 -1.01862 -1.94827 
0.465007 0.075857 -0.793421 -1.06827 1.85889 0.582968 
0.18747 -0.0146844 -0.45826 -0.901304 1.53263 0.658238 
-0.0444191 0.0657838 -0.325842 -0.821167 1.23009 0.677983 
-0.222818 0.275392 -0.36075 -0.792357 0.982498 0.682516 
-0.0536398 0.197135 -0.708275 -0.615141 1.55697 0.343825 
-0.229641 0.315163 -0.529712 -0.556738 1.21918 0.369944 
0.111313 0.523745 0.346905 0.898766 -1.90724 -0.255186 
-0.153692 0.441904 0.075648 0.710075 -1.51598 -0.366136 
0.435493 0.456492 0.426405 1.25899 -1.94635 -0.433523 
0.120113 0.317123 0.343235 1.01198 -1.64809 -0.541171 
-0.146942 0.367968 0.0434014 0.879859 -1.31673 -0.607162 
0.443041 0.164985 0.379475 1.37556 -1.72166 -0.884672 
0.127171 0.160636 0.271166 1.22622 -1.42292 -0.91777 
-0.141234 0.30878 -0.0132319 1.13906 -1.13955 -0.949295 
0.752227 0.111717 -0.342398 -1.39593 1.94953 1.25558 
0.443038 -0.00871931 -0.115334 -1.33168 1.62972 1.29741 
0.127212 0.044394 -0.0688857 1.83164 -1.30004 -1.82651 
-0.140752 0.252665 -0.201629 -1.31425 1.02178 1.31938 
0.435593 0.117632 -0.588043 -1.13813 1.7942 0.836535 
0.12011 0.0867715 -0.340315 -1.02264 1.43206 0.886728 
-0.146911 0.260721 -0.335454 -0.980284 1.11392 0.894073 
0.111328 0.209667 -0.71398 -0.836418 1.66869 0.540706 
-0.153752 0.29161 -0.492174 -0.747428 1.27869 0.580824 
-0.526344 0.552383 0.0736566 -0.263403 -1.89152 0.467051 
-0.458195 0.489884 -0.278453 -0.230363 -1.47437 0.507664 
-0.610785 0.509061 0.26291 -0.369528 -1.95515 0.473695 
-0.530333 0.410413 0.0366324 -0.312459 -1.6268 0.520717 
-0.46179 0.455216 -0.337615 -0.297071 -1.29287 0.556521 
-0.714339 0.291724 0.42052 -0.497455 -1.76711 0.552535 
-0.618241 0.256798 0.222727 -0.440766 -1.52325 0.586623 
-0.536019 0.301691 -0.047718 -0.414879 -1.28649 0.610285 
-0.46645 0.424752 -0.408099 -0.419635 -1.04168 0.64608 
-0.725696 -0.00177849 0.264685 -0.734383 -1.11599 0.849631 
-0.626814 0.100233 0.0563172 -0.712548 -0.972326 0.847177 
-0.542932 0.231264 -0.192446 -0.715418 -0.828703 0.864942 
-0.471819 0.399943 -0.502716 -0.763546 -0.676137 0.927552 
-0.558182 0.258081 -0.483612 1.34126 0.791665 -1.25063 
-0.485504 0.437684 -0.713249 1.25403 0.737211 -1.154 
-0.725686 0.312113 -1.07765 0.647551 1.50696 -0.520192 
-0.626813 0.345715 -0.991359 0.584406 1.36576 -0.528067 
-0.543026 0.429862 -0.984181 0.534756 1.25146 -0.51892 
-0.471851 0.56518 -1.06314 0.48904 1.17231 -0.490524 
-0.385168 0.451808 0.220464 -0.00402252 -1.83984 0.257572 
-0.386457 0.424871 -0.191072 -0.00453432 -1.40136 0.260719 
-0.384822 0.361001 0.481223 -0.0216214 -1.89906 0.230814 
-0.386486 0.295705 0.185066 -0.0212816 -1.53771 0.239979 
-0.387728 0.386399 -0.247495 -0.0235569 -1.19595 0.249062 
-0.388263 0.0371424 0.717494 -0.077255 -1.63137 0.213346 
-0.38975 0.0688445 0.435991 -0.0794761 -1.38243 0.234088 
-0.390734 0.1766 0.100081 -0.0860082 -1.15505 0.254967 
-0.391644 0.352995 -0.316197 -0.0999411 -0.916337 0.281669 
-0.400536 -0.306399 0.529992 -0.285436 -0.798819 0.371918 
-0.400586 -0.100692 0.25567 -0.307886 -0.733521 0.401951 
-0.400319 0.103381 -0.0492129 -0.347227 -0.637958 0.452757 
-0.399994 0.328029 -0.411671 -0.425748 -0.510018 0.54664 
-0.378495 -0.324448 0.0833193 -0.0834409 0.241934 0.0810095 
-0.38151 -0.11244 -0.0914633 -0.0838143 0.204602 0.0820761 
-0.383736 0.104769 -0.307994 -0.0726648 0.203747 0.0711528 
-0.385456 0.339701 -0.584821 -0.0517972 0.245363 0.0501435 
-0.400946 -0.0255242 -0.686806 0.214149 1.27355 -0.233809 
-0.400587 0.0987698 -0.689801 0.22364 1.15508 -0.26159 
-0.40032 0.259114 -0.759531 0.233567 1.06677 -0.284248 
-0.400114 0.46082 -0.9119 0.240125 1.01877 -0.297449 
-0.227291 0.381131 0.313517 0.269889 -1.81066 0.0431009 
-0.311441 0.373958 -0.129375 0.230244 -1.35609 0.00533857 
-0.109591 0.277333 0.584719 0.385396 -1.8714 -0.0301279 
-0.223856 0.215908 0.274383 0.307879 -1.49171 -0.0719621 
-0.309125 0.333109 -0.186669 0.286665 -1.13929 -0.0955324 
0.0559853 -0.0638253 0.801542 0.543024 -1.61386 -0.259147 
-0.103706 -0.0357851 0.529287 0.450125 -1.33758 -0.260462 
-0.220148 0.0925628 0.181692 0.40328 -1.09347 -0.252113 
-0.306878 0.298084 -0.258222 0.397707 -0.84429 -0.266939 
0.0687287 -0.39895 0.58307 0.893538 -0.949982 -0.837792 
-0.0950289 -0.196924 0.327241 0.812202 -0.792724 -0.751669 
-0.21421 0.025363 0.0196463 0.776118 -0.648278 -0.717656 
-0.302513 0.27966 -0.365255 0.829035 -0.492862 -0.778105 
-0.0811078 -0.178344 -0.0332856 -1.33994 0.754515 1.25889 
-0.202325 0.0477456 -0.247473 -1.29343 0.636672 1.23051 
0.0689222 -0.112139 -0.589102 -0.715237 1.31392 0.429069 
-0.0950113 -0.00618408 -0.564554 -0.608356 1.13058 0.402775 
-0.214207 0.160111 -0.627289 -0.531392 0.987703 0.366718 
-0.302519 0.385468 -0.795163 -0.462744 0.899064 0.313757 
-0.220148 0.568907 -1.48506 -0.358694 1.69228 0.0131825 
-0.306654 0.571059 -1.20774 -0.298191 1.40797 0.0446103 
-0.0607619 0.346208 0.351438 0.530084 -1.82474 -0.158356 
-0.234869 0.337445 -0.0902633 0.447227 -1.35459 -0.230553 
0.175539 0.28221 0.562243 0.774324 -1.92656 -0.268294 
-0.05364 0.180926 0.303813 0.615578 -1.53519 -0.358714 
-0.229643 0.298576 -0.154177 0.571745 -1.15987 -0.410246 
0.465312 0.0769652 0.641977 1.06902 -1.85958 -0.580644 
0.18748 -0.0115154 0.489946 0.901156 -1.53605 -0.653902 
-0.0444188 0.0663068 0.195354 0.820753 -1.23118 -0.676739 
-0.222818 0.271265 -0.239785 0.819359 -0.945181 -0.729839 
0.198296 -0.147617 0.272355 1.22806 -1.27063 -1.18209 
0.48111 -0.204994 -0.0107512 -1.55908 1.51736 1.35474 
-0.212829 0.294035 -0.527557 -1.35748 0.846884 1.25568 
0.476698 0.0457208 -0.725453 -1.30011 1.69093 0.736469 
0.198294 0.0338834 -0.590684 -1.13815 1.43621 0.77271 
-0.03555 0.143182 -0.594471 -1.02378 1.20622 0.76893 
-0.215922 0.359648 -0.748011 -0.930599 1.03456 0.724413 
-0.0444194 0.435746 -1.25304 -0.762793 1.62686 0.279868 
-0.222766 0.493857 -1.07536 -0.65071 1.3595 0.329435 
0.104198 0.348419 0.338863 0.745659 -1.88212 -0.326149 
-0.159663 0.313595 -0.0675393 0.616638 -1.39308 -0.417329 
0.111328 0.191298 0.282684 0.834443 -1.64834 -0.563283 
-0.153791 0.278617 -0.137811 0.760514 -1.23531 -0.623034 
0.435605 0.114079 0.350125 1.13679 -1.79152 -0.84236 
0.120291 0.0864105 0.166365 1.02266 -1.43182 -0.886797 
-0.146881 0.257538 -0.230709 1.00103 -1.08788 -0.939237 
0.752222 0.110252 0.115552 -1.74757 1.94862 1.88082 
0.443085 -0.00797475 0.137069 -1.80994 1.63059 1.84933 
-0.141245 0.257899 -0.35547 1.34335 -1.00996 -1.3728 
0.754394 0.106295 -0.309668 -1.64359 1.91015 1.35503 
0.445629 0.00733342 -0.206161 -1.57831 1.60805 1.37182 
0.129693 0.0690025 -0.269728 -1.51397 1.29858 1.36229 
0.752221 0.462694 -1.24691 -1.63313 1.98195 0.655399 
0.443042 0.1797 -0.745929 -1.37885 1.72585 0.863067 
0.127164 0.170768 -0.621053 -1.22364 1.42935 0.90019 
-0.141234 0.345937 -0.725599 -1.10583 1.17603 0.866542 
0.120109 0.461455 -1.27954 -1.02805 1.73099 0.405967 
-0.146942 0.464012 -1.02443 -0.856067 1.41319 0.491023 
-0.522925 0.430855 0.017366 -0.209815 -1.77691 0.509356 
-0.455576 0.471198 -0.551957 -0.199583 -1.24553 0.550844 
-0.605615 0.434653 0.246051 -0.294625 -1.96151 0.515768 
-0.525959 0.335202 -0.0732942 -0.24962 -1.53902 0.559743 
-0.458191 0.483417 -0.672255 -0.25979 -1.08572 0.608374 
-0.705616 0.314949 0.404531 -0.400917 -1.93271 0.564172 
-0.611032 0.224726 0.163145 -0.341778 -1.59423 0.60967 
-0.530254 0.281465 -0.214608 -0.327569 -1.26545 0.640506 
-0.461793 0.512606 -0.821181 -0.370774 -0.889267 0.712833 
-0.714344 0.0335094 0.257105 -0.495354 -1.39513 0.752199 
-0.617891 0.116395 -0.0346755 -0.481621 -1.16625 0.766887 
-0.536017 0.272763 -0.41545 -0.50397 -0.92916 0.805911 
-0.466463 0.568587 -1.021 -0.636418 -0.631654 0.961876 
-0.7257 -0.032669 -0.108322 -0.938964 -0.841788 1.21035 
-0.626815 0.123806 -0.372537 -0.992736 -0.700954 1.25837 
-0.471819 0.822197 -1.58643 1.29389 0.465258 -0.976598 
-0.743745 0.227078 -0.89298 1.15628 1.09651 -0.803902 
-0.643348 0.412575 -1.13862 1.04357 1.05518 -0.702707 
-0.38479 0.321183 0.161901 0.000988219 -1.72399 0.276125 
-0.38614 0.399983 -0.457296 0.000471568 -1.18359 0.277125 
-0.383273 0.276268 0.460996 -0.00332624 -1.90484 0.255786 
-0.384993 0.214415 0.0734269 -0.00395729 -1.45538 0.259107 
-0.386518 0.40564 -0.568174 -0.00532941 -1.00505 0.2628 
-0.382456 0.0692077 0.699188 -0.0199249 -1.82521 0.230749 
-0.38466 0.0330774 0.374277 -0.0205935 -1.46416 0.240336 
-0.3864 0.153309 -0.0656507 -0.023384 -1.14468 0.248939 
-0.387722 0.424871 -0.70149 -0.0311636 -0.780585 0.262558 
-0.388076 -0.26683 0.527278 -0.0847629 -1.13858 0.253626 
-0.389627 -0.0848085 0.167631 -0.0950549 -0.961886 0.273644 
-0.390769 0.137765 -0.259947 -0.114553 -0.758134 0.303411 
-0.391575 0.463484 -0.871593 -0.172715 -0.475143 0.374407 
-0.400945 -0.317068 0.13497 -0.518097 -0.422754 0.649582 
-0.400587 -0.0775674 -0.16893 -0.599668 -0.36772 0.737815 
-0.400319 0.184714 -0.547735 -0.826911 -0.279013 0.977076 
-0.400114 0.572582 -1.17653 1.33664 0.209702 -1.16186 
-0.378594 -0.103172 -0.541508 -0.0338266 0.644924 0.0273566 
-0.381517 0.114232 -0.75948 -0.0282801 0.645441 0.0226488 
-0.383736 0.405446 -1.12832 -0.0223614 0.722995 0.0167775 
-0.230408 0.242929 0.254965 0.225383 -1.70019 0.0337744 
-0.313483 0.346046 -0.391772 0.2121 -1.15196 -0.00362284 
-0.114728 0.187679 0.564262 0.326116 -1.89017 -0.0233171 
-0.227472 0.133436 0.160678 0.264484 -1.42394 -0.0621012 
-0.311383 0.349319 -0.500612 0.273375 -0.972296 -0.10137 
0.0465397 -0.026685 0.786772 0.459154 -1.82255 -0.175314 
-0.10966 -0.0685339 0.466348 0.370613 -1.43885 -0.200669 
-0.224051 0.0700226 0.0178128 0.343192 -1.10976 -0.204394 
-0.309105 0.365425 -0.630929 0.387043 -0.749361 -0.262847 
0.0559631 -0.369319 0.591995 0.593214 -1.17679 -0.538409 
-0.103708 -0.18523 0.245945 0.544928 -0.955471 -0.485801 
-0.220148 0.0554767 -0.182818 0.546991 -0.734423 -0.483051 
-0.306657 0.404027 -0.804129 0.70531 -0.463681 -0.645573 
0.0687254 -0.390289 0.174329 -1.93672 0.746172 1.84022 
-0.302377 0.500634 -1.08477 1.9517 -0.385823 4.29237 
0.0846717 -0.14788 -0.503319 -1.11901 1.05057 0.797424 
-0.0811352 0.0455143 -0.686913 -0.98118 0.93075 0.728724 
-0.202331 0.317406 -1.00806 -0.830248 0.886133 0.605207 
-0.0663061 0.206893 0.292032 0.44187 -1.72316 -0.197928 
-0.239319 0.305745 -0.34551 0.40907 -1.16322 -0.264167 
0.166693 0.192597 0.548089 0.641109 -1.9544 -0.28338 
-0.0608502 0.0970349 0.192587 0.514203 -1.46983 -0.361287 
-0.23487 0.311773 -0.461169 0.524872 -1.00268 -0.430034 
0.451387 0.0985606 0.642656 0.886088 -2.00051 -0.491201 
0.17554 -0.0521464 0.439618 0.714901 -1.58767 -0.581988 
-0.0536516 0.0382716 0.0401644 0.665213 -1.20732 -0.605162 
-0.229633 0.33185 -0.599219 0.736831 -0.829603 -0.707805 
0.465107 -0.198519 0.445908 0.999309 -1.61487 -0.991702 
0.18747 -0.152267 0.203554 0.95861 -1.27801 -1.00004 
-0.0444186 0.0357222 -0.176264 0.981662 -0.978635 -1.02916 
-0.222818 0.379602 -0.786685 1.16804 -0.699493 -1.23271 
-0.21585 0.496668 -1.09411 1.77523 -0.781095 4.30559 
0.481111 0.01754 -0.65807 -1.53809 1.52695 0.929548 
0.202622 0.0972399 -0.742203 -1.36625 1.30609 0.899191 
-0.031844 0.306716 -0.994006 -1.18638 1.1422 0.798863 
0.0975422 0.210204 0.281094 0.624175 -1.79027 -0.398733 
-0.164378 0.281712 -0.323617 0.569416 -1.20683 -0.482201 
0.103625 0.105702 0.17579 0.701183 -1.57715 -0.597206 
-0.159657 0.288661 -0.439696 0.702515 -1.07673 -0.67374 
0.425981 0.0693015 0.3086 0.924397 -1.80921 -0.822245 
0.111342 0.0539743 0.0158198 0.852198 -1.37751 -0.864719 
-0.153764 0.313707 -0.584727 0.920353 -0.957553 -0.967004 
0.435619 -0.018058 0.0708191 1.08846 -1.60735 -1.21391 
0.120117 0.0603452 -0.209476 -2.03242 1.23513 -4.39051 
-0.14688 0.367972 -0.779559 -1.8756 0.898056 1.72663 
-0.141233 0.487721 -1.0863 1.67697 -0.978626 4.31134 
0.445759 0.261787 -0.936053 -1.59495 1.60022 0.896896 
0.129692 0.348605 -1.04978 -1.38876 1.35958 0.85027 
-0.520614 0.348211 -0.0855794 -0.173808 -1.63337 0.539813 
-0.453682 0.623837 -1.08112 -0.202251 -0.913382 0.608904 
-0.602727 0.36545 0.222536 -0.238891 -1.92841 0.547323 
-0.522845 0.300594 -0.230433 -0.208095 -1.40689 0.587279 
-0.60577 0.194165 0.0981657 -0.272037 -1.58802 0.626056 
-0.525941 0.301602 -0.43473 -0.273012 -1.157 0.663706 
-0.705621 0.0536493 0.24769 -0.373754 -1.54471 0.723369 
-0.610877 0.129498 -0.138103 -0.364592 -1.22133 0.747639 
-0.530274 0.364494 -0.726186 -0.414967 -0.864572 0.816935 
-0.714345 -0.0113724 -0.101927 -0.571373 -1.04583 0.969731 
-0.617893 0.181951 -0.514099 -0.626967 -0.812014 1.02638 
-0.535992 0.588835 -1.29124 -0.949317 -0.4961 1.3747 
-0.626816 0.546117 -1.40185 -1.83563 -0.594018 -4.00196 
-0.384372 0.231066 0.0584255 0.00221908 -1.5819 0.289946 
-0.38621 0.523507 -0.934304 0.00243578 -0.881646 0.289983 
-0.382849 0.198288 0.432181 0.00168103 -1.87137 0.274635 
-0.384616 0.17688 -0.0840687 0.000924194 -1.33371 0.275655 
-0.386306 0.639152 -1.22254 0.00077763 -0.657516 0.276801 
-0.380737 0.0879569 0.686265 -0.00228326 -1.94177 0.25375 
-0.383115 0.00273143 0.304085 -0.00325945 -1.47432 0.257279 
-0.385044 0.169653 -0.278992 -0.00453449 -1.05823 0.260813 
-0.38235 -0.24042 0.517976 -0.0199482 -1.33435 0.240541 
-0.38466 -0.0690974 0.0640581 -0.0235675 -1.05195 0.249431 
-0.386374 0.216035 -0.543107 -0.0320898 -0.73008 0.263239 
-0.388088 -0.296212 0.146785 -0.115385 -0.730771 0.304032 
-0.389607 -0.0252363 -0.294762 -0.146737 -0.561686 0.343733 
-0.390866 0.355697 -0.954899 -0.280039 -0.288534 0.489049 
-0.232659 0.151947 0.147095 0.193293 -1.56101 0.0273977 
-0.315257 0.451026 -0.83501 0.218408 -0.875214 -0.0316295 
-0.118889 0.104719 0.534838 0.274082 -1.86057 -0.0230601 
-0.230292 0.0947709 0.00303178 0.231775 -1.31027 -0.056248 
-0.313446 0.542985 -1.08124 0.312797 -0.675092 -0.163634 
0.038978 -0.00520788 0.776268 0.396949 -1.94736 -0.126765 
-0.115203 -0.0990751 0.396874 0.30981 -1.45787 -0.164731 
-0.227393 0.0862399 -0.192277 0.304705 -1.03948 -0.180528 
0.0465159 -0.343107 0.588687 0.45452 -1.35885 -0.400307 
-0.109661 -0.167603 0.14577 0.426461 -1.0511 -0.371512 
-0.223857 0.131179 -0.454312 0.469625 -0.730872 -0.408131 
0.0559561 -0.380042 0.196751 0.752031 -0.856744 -0.83495 
-0.103708 -0.115524 -0.221899 0.789368 -0.638828 -0.829576 
-0.220135 0.257826 -0.842476 1.07921 -0.406022 -1.10172 
-0.0706217 0.112883 0.185704 0.379149 -1.5876 -0.229397 
-0.242077 0.405947 -0.779711 0.421459 -0.901245 -0.333506 
0.159177 0.109896 0.521897 0.535579 -1.92918 -0.30727 
-0.0663146 0.0570741 0.0371387 0.447289 -1.35687 -0.371086 
-0.238877 0.486829 -1.00639 0.575269 -0.737408 -0.541696 
0.166144 -0.0865313 0.376926 0.587555 -1.58393 -0.545848 
-0.0608484 0.0521901 -0.164167 0.57326 -1.12461 -0.575976 
-0.234871 0.760443 -1.57601 1.05112 -0.507308 -1.11916 
0.451513 -0.188904 0.457171 0.787477 -1.68011 -0.853739 
0.175545 -0.145734 0.116269 0.754541 -1.27622 -0.863087 
-0.0536578 0.103396 -0.434704 0.824702 -0.903787 -0.923556 
0.465132 -0.22139 0.0618271 -2.11949 1.39645 1.80508 
0.187471 -0.0772759 -0.271703 -2.03696 1.06992 1.76946 
0.198294 0.179165 -0.925387 -1.54894 1.11936 1.03113 
0.0924584 0.116502 0.17633 0.536641 -1.65937 -0.457881 
-0.168241 0.375891 -0.745386 0.581922 -0.959554 -0.584222 
0.0974855 0.0641481 0.0236338 0.610993 -1.45955 -0.631436 
-0.16438 0.455627 -0.969389 0.751482 -0.830135 -0.820767 
0.41737 0.0321478 0.253635 0.765488 -1.78275 -0.818811 
0.103628 0.0648778 -0.184617 0.740464 -1.2739 -0.863833 
-0.159673 0.655713 -1.40609 1.10246 -0.691767 -1.28244 
0.737161 0.114159 0.154802 0.934834 -1.98224 -1.09952 
0.425976 -0.0194122 -0.00986088 0.887927 -1.55569 -1.14382 
0.111348 0.124263 -0.466084 0.961718 -1.12127 -1.20565 
0.745808 0.0875873 -0.238334 -2.10968 1.78105 -4.68543 
0.443035 0.392958 -1.21316 -1.76059 1.41311 0.922101 
-2.14691 -0.107992 -1.06693 2.07859 1.72781 -0.343004 
-1.04206 0.377592 -1.87887 0.997255 1.49193 -0.0573709 
-2.70136 -0.292977 -0.966433 2.43314 1.76976 -0.195803 
-0.776869 -0.151264 -1.10829 0.552994 1.2631 -0.156768 
2.59661 -0.284198 -0.969108 -3.00061 1.84642 0.0520872 
-0.277081 -0.233546 -1.07096 -0.138434 1.26797 0.0444313 
2.09761 -0.0915037 -1.0807 -2.61134 1.87982 0.208457 
0.361347 -0.222143 -1.0746 -0.929025 1.36424 0.229336 
-1.57062 0.388185 -1.73908 1.59188 1.52521 -0.220381 
-2.48224 -0.0706063 -1.03521 2.38483 1.86892 5.9708 
-1.5701 -0.193607 -1.00595 1.53419 1.50409 -0.370023 
3.07829 0.505993 -2.20644 -3.38099 1.39774 0.0377902 
1.60734 -0.459394 -1.14521 -1.90498 1.51261 -0.0248688 
-0.5311 0.0110291 -1.23882 0.249683 1.19047 -0.076394 
2.40509 -0.0413574 -1.06051 -2.86066 1.97852 0.137447 
-1.63772 -0.448524 -1.21266 1.15651 1.56217 0.093831 
-0.158936 -0.065682 -1.16964 -0.34281 1.20842 0.121953 
1.52962 0.446911 -2.11308 0.994218 -1.47497 3.07564 
0.240739 -0.0465046 -1.18662 -0.904255 1.31184 0.277708 
-1.70489 0.156496 -1.27697 1.73021 1.57976 -0.4455 
-1.83884 -0.291078 -0.885463 1.77528 1.58935 -6.66743 
-0.991055 -0.114915 -1.05601 0.978591 1.275 -0.327348 
-0.367943 -0.528495 -1.00101 0.000595741 1.47245 0.00974943 
-0.393605 -0.295607 -0.956153 0.0280268 1.19488 0.0019306 
1.76626 0.497236 -2.22883 0.81352 -1.40739 3.04009 
0.544027 -0.265371 -0.970561 -1.15614 1.37596 0.321386 
0.995617 -0.0556866 -1.10745 -1.73267 1.58675 0.421361 
-1.22156 0.248674 -1.39867 1.29854 1.36327 -6.68966 
-0.92693 -0.227842 -0.913818 0.905796 1.21116 -0.33087 
-0.649594 0.150203 -1.32474 0.609483 1.15851 -0.219676 
0.160618 -0.361998 -0.863873 -0.678478 1.2252 0.231545 
-0.18956 -0.0371834 -1.11912 -0.317737 1.10315 0.14363 
0.97645 -0.150277 -0.969029 -1.70074 1.56574 0.47094 
0.314539 0.00897258 -1.16664 -1.08416 1.30323 0.386119 
-0.506471 0.108792 -1.20494 0.428744 1.01555 -0.184037 
0.0914256 0.00808465 -1.09996 -0.836473 1.13837 0.381378 
-0.51892 0.309606 -0.239117 -0.15057 -1.47108 0.563025 
-0.599673 0.304116 0.18671 -0.197562 -1.87099 0.570552 
-0.520596 0.314016 -0.445974 -0.183186 -1.24488 0.610009 
-0.602044 0.170865 0.0244971 -0.22341 -1.54584 0.637389 
-0.522858 0.382714 -0.741912 -0.246516 -0.988124 0.690352 
-0.699424 0.0648335 0.241214 -0.296536 -1.62654 0.708217 
-0.605696 0.146956 -0.252634 -0.291752 -1.20516 0.737674 
-0.525919 0.624907 -1.32775 -0.438765 -0.61953 0.916521 
-0.705622 0.00330191 -0.105545 -0.407457 -1.17074 0.87968 
-0.610792 0.253127 -0.694618 -0.473406 -0.8248 0.952506 
-0.714344 0.168845 -0.7207 -0.809304 -0.703147 1.33291 
-0.384376 0.188714 -0.0948189 0.00251568 -1.4243 0.300702 
-0.38274 0.130453 0.393088 0.00292145 -1.81599 0.288903 
-0.384468 0.185426 -0.292349 0.0023755 -1.18552 0.289017 
-0.382639 -0.0198787 0.226141 0.00149256 -1.44713 0.27386 
-0.384578 0.23716 -0.559401 0.000997902 -0.918639 0.275302 
-0.3806 -0.223607 0.509874 -0.00233599 -1.45372 0.254912 
-0.383125 -0.0494637 -0.0494586 -0.0036928 -1.06862 0.258598 
-0.38516 0.383823 -0.972669 -0.00709567 -0.578737 0.264581 
-0.382315 -0.27826 0.144275 -0.0242579 -0.922981 0.250321 
-0.384657 0.0374482 -0.452666 -0.034779 -0.641828 0.265835 
-0.388318 -0.123878 -0.422964 -0.235989 -0.338 0.441963 
-0.38975 0.37779 -1.25709 -1.59996 -0.0780816 1.81922 
-0.234536 0.107393 -0.00630371 0.171429 -1.40662 0.0226175 
-0.12234 0.030861 0.496365 0.231355 -1.80528 -0.0242224 
-0.232644 0.102057 -0.202537 0.210248 -1.16939 -0.0538269 
-0.119099 -0.121278 0.3181 0.264383 -1.43323 -0.140157 
-0.2303 0.150149 -0.462753 0.284193 -0.912971 -0.172256 
0.0389585 -0.326428 0.584369 0.36972 -1.47 -0.318688 
-0.114952 -0.146947 0.0357055 0.352568 -1.07069 -0.303444 
-0.227296 0.277509 -0.840103 0.466136 -0.614108 -0.412634 
0.0465171 -0.365496 0.201742 0.536275 -0.997243 -0.609834 
-0.109656 -0.0550196 -0.369541 0.593433 -0.697026 -0.626828 
-0.0740958 0.0672567 0.0329403 0.337059 -1.43492 -0.253401 
0.153496 0.0378395 0.484182 0.453461 -1.87436 -0.32862 
-0.0706224 0.063432 -0.165994 0.405661 -1.21618 -0.384125 
0.15901 -0.11118 0.30282 0.498251 -1.54498 -0.526265 
-0.0663111 0.113788 -0.428705 0.528462 -0.993945 -0.577778 
0.44034 -0.181846 0.461784 0.64595 -1.72896 -0.767493 
0.166117 -0.130505 0.0128209 0.624183 -1.24766 -0.78037 
-0.0608518 0.241554 -0.804476 0.780439 -0.769084 -0.922845 
0.451389 -0.222281 0.0812653 0.797647 -1.39047 -1.14476 
0.175542 -0.0281457 -0.406828 0.894406 -0.998187 -1.19038 
0.187474 0.327859 -1.22525 1.46136 -0.908016 4.27902 
0.0882646 0.0707218 0.0248932 0.477133 -1.5077 -0.503659 
0.404813 0.141609 0.366072 0.627051 -1.99627 -0.58525 
0.0924632 0.0698478 -0.177876 0.55417 -1.31505 -0.665356 
0.41042 0.00437291 0.186097 0.650563 -1.72622 -0.821722 
0.0974649 0.125136 -0.447576 0.681793 -1.13098 -0.887587 
0.729213 0.114699 0.165978 0.781154 -1.9897 -1.04814 
0.41734 -0.0102982 -0.107811 0.747251 -1.48697 -1.09573 
0.103626 0.262877 -0.839252 0.907063 -0.959632 -1.23555 
0.425981 0.105173 -0.55355 -2.20475 1.29699 1.66358 
3.12096 0.326886 -1.48619 -3.29781 1.7787 -0.0458783 
-2.47804 0.575403 -2.18586 -0.718826 -1.30082 -3.10886 
3.09745 0.545993 -2.27503 2.96456 1.18118 -6.22963 
-1.53403 -0.0740515 -1.5436 1.31104 1.34883 -6.21158 
2.41208 -0.0855817 -0.981136 -2.83593 1.82939 0.199162 
1.50222 -0.0645792 -1.52763 -1.92435 1.3401 -6.25522 
-1.69911 0.0798154 -1.1314 1.85163 1.38899 -0.525758 
1.31381 -0.491527 -1.3663 1.84191 -1.34269 -3.42159 
-0.266258 -0.580012 -0.910887 -1.63277e-05 1.20875 0.0380404 
-0.424775 -0.0498547 -1.39319 0.16577 1.16256 0.0161887 
1.76946 0.537756 -2.30417 -2.23985 1.18471 6.19499 
0.528439 0.00236651 -1.45722 -1.07792 1.25415 0.175 
1.66278 0.205855 -1.29872 -2.39101 1.67581 6.70243 
-1.21388 0.127995 -1.16784 1.50005 1.07974 -6.86644 
-0.917747 -0.278422 -0.81369 1.06223 0.905791 -0.431476 
0.11588 -0.413754 -0.772639 -0.583772 0.885859 0.285778 
0.969184 -0.20523 -0.872894 -1.76747 1.32922 6.89608 
-0.501479 0.0236048 -1.02662 0.65397 0.539581 -0.353406 
0.0688781 -0.0698255 -0.951076 -0.892854 0.710769 0.591582 
0.576931 0.173491 -1.23307 -1.63969 1.2098 0.707716 
-0.759021 1.12258 0.143079 -1.46404 -1.53709 0.30334 
-0.600435 1.13868 0.0910063 -1.31522 -1.4813 0.329595 
-0.454763 1.17087 -0.00478855 -1.18501 -1.41109 0.373328 
-0.32551 1.22368 -0.147466 -1.08024 -1.32194 0.431978 
-0.746868 0.578016 0.393055 1.54652 1.01704 -2.33841 
-0.58672 0.722027 0.306673 -1.41835 -0.934408 0.727976 
-0.439941 0.881177 0.165373 -1.26418 -0.86624 0.684173 
-0.310684 1.05407 -0.0317883 -1.1529 -0.795481 0.683334 
-0.303017 0.93204 0.00550995 -1.66062 -0.572232 1.22206 
-0.720873 0.0285774 0.0839279 0.591628 1.35714 -1.10801 
-0.564403 0.185935 0.224454 0.652915 1.0274 -1.16173 
-0.296564 0.831441 0.0232665 0.990913 0.564806 -1.40474 
-0.712439 0.0829236 -0.384219 0.470461 1.75535 -0.846643 
-0.556867 0.0941042 0.00852674 0.455976 1.32504 -0.887039 
-0.415473 0.334794 0.145444 0.524992 0.928179 -0.950111 
-0.291191 0.74054 0.0329241 0.683966 0.62949 -1.0684 
-0.551462 0.117519 -0.322043 0.367454 1.63685 -0.717886 
-0.410639 0.243548 0.0390392 0.382233 1.13213 -0.763524 
-0.287046 0.65768 0.0329868 0.4961 0.716415 -0.85339 
-0.547105 0.293537 -0.856665 0.344036 1.99973 -0.569897 
-0.406919 0.200645 -0.116412 0.301283 1.34252 -0.642569 
-0.28387 0.583344 0.0220681 0.379163 0.812608 -0.713405 
-0.441318 1.05864 0.463554 -0.649458 -1.5322 0.0292048 
-0.354066 1.07891 0.31689 -0.568522 -1.4229 0.0938722 
-0.28573 1.12191 0.145685 -0.512944 -1.30468 0.147053 
-0.230482 1.18674 -0.0511315 -0.476823 -1.17926 0.195405 
-0.420206 0.374265 0.723716 -0.745794 -0.6201 0.39125 
-0.335991 0.607023 0.521257 -0.602943 -0.621014 0.30858 
-0.270106 0.815995 0.294317 -0.522356 -0.590527 0.282704 
-0.217571 1.01693 0.0379091 -0.484096 -0.530033 0.292325 
-0.413066 -0.114021 0.65253 0.686138 0.535546 -0.991135 
-0.331433 0.23686 0.532827 -2.11835 -0.332688 1.83614 
-0.215938 0.897475 0.0639632 -1.40084 -0.217115 1.18514 
-0.406675 -0.272579 0.350489 0.297808 1.08981 -0.561436 
-0.326883 0.00806237 0.411142 0.344039 0.741485 -0.60392 
-0.26401 0.388671 0.316302 0.472819 0.457784 -0.717719 
-0.401648 -0.198808 -0.120117 0.211679 1.5673 -0.430801 
-0.323075 -0.0828181 0.182313 0.204999 1.14188 -0.440471 
-0.261087 0.246717 0.251743 0.246696 0.739747 -0.478821 
-0.211282 0.708535 0.0830907 0.348007 0.447591 -0.563633 
-0.320237 -0.0549223 -0.148246 0.15427 1.50151 -0.36442 
-0.258854 0.153781 0.140527 0.163038 1.00064 -0.38255 
-0.209509 0.626188 0.08039 0.223697 0.587355 -0.433403 
-0.318156 0.0985366 -0.628986 0.136314 1.86916 -0.310408 
-0.256781 0.110049 -0.0163693 0.12207 1.24247 -0.329965 
-0.208166 0.551789 0.0674491 0.159705 0.715793 -0.363966 
0.0466853 1.05805 0.551548 0.445584 -1.60592 0.0168164 
-0.023235 1.06527 0.38923 0.377285 -1.46261 -0.042884 
-0.0752404 1.10576 0.199709 0.33394 -1.31969 -0.0866434 
-0.114695 1.17578 -0.0199402 0.308608 -1.17343 -0.123047 
0.016436 0.309912 0.830717 0.268393 -0.608733 -0.174368 
-0.0484077 0.572084 0.599588 0.163581 -0.633309 -0.118553 
-0.0963557 0.794773 0.34726 0.0987325 -0.601543 -0.0927985 
-0.132994 1.00575 0.0676975 0.0481752 -0.531951 -0.0717638 
0.0197493 -0.234894 0.755863 -0.470694 0.41358 0.533424 
-0.0441724 0.172441 0.613876 -0.966557 0.173751 1.0065 
-0.12826 0.88348 0.0957709 0.727841 -0.13485 -0.741569 
0.0187933 -0.387029 0.436704 -0.202414 1.04398 0.219643 
-0.0439814 -0.0692203 0.487528 -0.234688 0.671037 0.245954 
-0.0908665 0.349156 0.372221 -0.347402 0.369074 0.344916 
-0.127093 0.782392 0.109047 -0.546985 0.204257 0.524978 
0.0161447 -0.298468 -0.0400923 -0.15009 1.53408 0.118767 
-0.0456457 -0.159529 0.252466 -0.143062 1.09839 0.120772 
-0.0919745 0.201586 0.306689 -0.174848 0.681315 0.148567 
-0.127768 0.691007 0.114643 -0.259617 0.383914 0.220291 
-0.0474028 -0.128404 -0.0795954 -0.108913 1.4672 0.0558024 
-0.0932284 0.106776 0.193185 -0.115266 0.957343 0.0672746 
-0.128731 0.607453 0.111231 -0.162596 0.538298 0.106774 
-0.04881 0.0209055 -0.54627 -0.0960862 1.83216 0.00881875 
-0.0943032 0.062695 0.0342371 -0.0865967 1.20849 0.02054 
-0.129562 0.531969 0.0977766 -0.114772 0.67505 0.0454289 
0.477255 1.06408 0.406955 1.28954 -1.54307 -0.0958546 
0.28018 1.08011 0.310291 1.09778 -1.48794 -0.160427 
0.116385 1.11767 0.160231 0.948181 -1.39672 -0.236749 
-0.015317 1.18484 -0.0443017 0.843369 -1.2746 -0.316804 
0.465866 0.423952 0.672054 1.39672 -1.02474 -0.659734 
0.267856 0.621395 0.526053 1.17103 -0.956526 -0.572493 
0.104586 0.819561 0.319739 1.0042 -0.893241 -0.542368 
-0.0261954 1.02204 0.0557643 0.901326 -0.810118 -0.563948 
0.255064 0.22824 0.561602 1.82603 -0.686742 -1.41615 
-0.0335816 0.891445 0.0994054 1.30146 -0.504074 -1.05826 
0.436432 -0.248393 0.339961 -0.620779 1.27094 0.923505 
0.244923 -0.0181867 0.446784 -0.703021 0.89145 0.990777 
0.0872353 0.358407 0.369665 -0.930995 0.589294 1.17887 
0.426788 -0.18466 -0.125644 -0.479695 1.67182 0.636633 
0.237137 -0.116224 0.219159 -0.461844 1.21872 0.653601 
0.0812717 0.206406 0.307177 -0.554733 0.787759 0.734399 
-0.0434313 0.688272 0.126839 -0.78015 0.489238 0.916153 
0.23123 -0.0910808 -0.109711 -0.361841 1.54382 0.466601 
0.0766316 0.107627 0.196283 -0.381568 1.01778 0.505322 
-0.0470433 0.601912 0.125184 -0.531022 0.590027 0.62783 
0.226731 0.0573302 -0.580986 -0.326023 1.88555 0.325853 
0.0730293 0.0612238 0.0386796 -0.292236 1.24623 0.368888 
-0.0498665 0.524297 0.112815 -0.386539 0.701154 0.451601 
0.757357 1.13725 0.0955358 1.78018 -1.64373 -0.330341 
0.516537 1.12449 0.137 1.55244 -1.56493 -0.309253 
0.277943 1.14225 0.0801789 1.32795 -1.48388 -0.337548 
0.0655591 1.19679 -0.0767926 1.14171 -1.37204 -0.407351 
0.754353 0.636564 0.319494 1.89812 -1.45096 -0.765619 
0.513039 0.727536 0.330788 1.67957 -1.30321 -0.693003 
0.274284 0.87093 0.226931 1.4556 -1.19059 -0.651184 
0.0621901 1.05056 0.0124875 1.27457 -1.08587 -0.666083 
0.264846 0.619426 0.303703 -1.42381 0.951805 2.04356 
0.0537758 0.915159 0.0735484 1.49569 -0.828128 -1.01987 
0.73389 0.061952 0.0629272 -0.774116 1.60054 1.33154 
0.724507 0.104582 -0.397219 -0.673656 1.90672 0.981474 
0.482204 0.0325144 0.0830063 -0.64608 1.43669 1.03817 
0.245839 0.256237 0.25566 -0.751479 0.988863 1.12343 
0.0382733 0.698356 0.120476 2.13924 -0.666463 -1.842 
0.475162 0.0489771 -0.241475 -0.544826 1.7015 0.795165 
0.239485 0.154539 0.150366 -0.567282 1.15536 0.854428 
0.0330401 0.608402 0.122553 -0.762602 0.709 1.00227 
0.23454 0.105207 -0.00363701 -0.457261 1.34489 0.671595 
0.0289286 0.528284 0.112544 -0.592724 0.782196 0.785863 
-0.746741 1.17569 0.125484 -1.14264 -1.93431 0.152457 
-0.586734 1.07067 0.148558 -0.974382 -1.85171 0.202239 
-0.440289 0.990526 0.113866 -0.827582 -1.73486 0.257213 
-0.311023 0.945158 0.020995 -0.711626 -1.58988 0.306104 
-0.758916 0.645572 0.357557 -1.47642 -1.51048 0.564912 
-0.599955 0.674048 0.303801 -1.34433 -1.42108 0.576063 
-0.454433 0.726826 0.204271 -1.22965 -1.32712 0.597626 
-0.325416 0.803409 0.0605668 -1.1384 -1.22716 0.630649 
-0.746831 0.196554 0.372556 1.31209 1.07512 -1.87717 
-0.440292 0.479101 0.248441 -1.55079 -0.813298 1.10855 
-0.311127 0.659217 0.0999159 -1.42252 -0.721137 1.05192 
-0.732413 0.0197935 0.106355 0.788855 1.28794 -1.2271 
-0.574357 0.132745 0.191934 0.840987 1.03973 -1.26868 
-0.72087 0.0748147 -0.368615 0.58187 1.69716 -0.883977 
-0.564402 0.0801295 -0.0700574 0.560949 1.358 -0.91707 
-0.421929 0.233487 0.0619175 0.597621 1.04222 -0.957311 
-0.296564 0.505512 0.0338556 0.69162 0.778315 -1.0263 
-0.556867 0.147065 -0.454475 0.444974 1.69516 -0.709197 
-0.415507 0.191982 -0.100483 0.433256 1.27421 -0.750851 
-0.291191 0.451245 -0.0103927 0.491315 0.908363 -0.803668 
-0.410614 0.200579 -0.314423 0.344953 1.50377 -0.618313 
-0.287056 0.407061 -0.0627527 0.374134 1.03157 -0.665186 
-0.335789 1.02351 0.342386 -0.360831 -1.93879 0.066689 
-0.270044 0.952872 0.232783 -0.28674 -1.76179 0.107536 
-0.217589 0.924432 0.0821777 -0.237589 -1.58266 0.13071 
-0.441322 0.457289 0.713758 -0.688756 -1.25549 0.249953 
-0.354065 0.545874 0.545905 -0.616684 -1.17003 0.269823 
-0.285727 0.64403 0.360508 -0.567151 -1.07863 0.292362 
-0.231575 0.752926 0.156085 -0.53696 -0.980779 0.31968 
-0.270115 0.382274 0.376418 -1.02973 -0.330047 0.841553 
-0.217605 0.611227 0.166718 -0.880056 -0.310302 0.722331 
-0.413067 -0.292165 0.376726 0.416446 0.927511 -0.637004 
-0.331436 -0.0563972 0.378697 0.460596 0.678237 -0.676294 
-0.267286 0.226901 0.294071 0.556979 0.476235 -0.759406 
-0.215941 0.528142 0.128102 0.687695 0.341187 -0.870436 
-0.40668 -0.212129 -0.103782 0.264567 1.46859 -0.448007 
-0.326879 -0.101474 0.104464 0.253361 1.14024 -0.45325 
-0.26401 0.136349 0.168044 0.275459 0.833093 -0.475396 
-0.213569 0.465323 0.0849083 0.331224 0.584582 -0.52071 
-0.323076 -0.0314498 -0.271509 0.186309 1.53687 -0.36061 
-0.260619 0.0964392 0.00263579 0.181777 1.13013 -0.372528 
-0.211282 0.412893 0.0377179 0.212362 0.776288 -0.400224 
-0.320253 0.186493 -0.847869 0.166033 1.95406 -0.291118 
-0.258379 0.105487 -0.210105 0.138463 1.39495 -0.317769 
-0.209497 0.370022 -0.016889 0.153298 0.935172 -0.337696 
-0.0484807 1.00757 0.414192 0.104795 -1.96447 0.0268513 
-0.0963604 0.932154 0.286295 0.0568292 -1.76091 0.0220564 
-0.132993 0.908737 0.113679 0.0244339 -1.56442 0.0300827 
0.0467114 0.400492 0.82106 0.469785 -1.25696 -0.155712 
-0.0230812 0.503775 0.626883 0.410989 -1.16337 -0.171397 
-0.0745041 0.614687 0.417314 0.373041 -1.0628 -0.18804 
-0.114233 0.735645 0.188307 0.351002 -0.953878 -0.208701 
0.0164298 -0.247773 0.797501 -1.57632 0.152242 -4.65927 
-0.0484663 0.067805 0.632973 0.558362 -0.183457 -0.537252 
-0.096355 0.34388 0.431922 0.237352 -0.239461 -0.24213 
-0.132993 0.593524 0.197749 0.0987388 -0.250436 -0.125916 
0.01968 -0.409901 0.463844 -0.243048 0.854615 0.258557 
-0.044201 -0.13662 0.453983 -0.260673 0.584143 0.26598 
-0.0917283 0.180614 0.350449 -0.317695 0.367041 0.307972 
-0.128258 0.507446 0.160906 -0.408159 0.22711 0.380454 
0.0187604 -0.313294 -0.0233644 -0.176641 1.42359 0.142987 
-0.0439702 -0.178784 0.174349 -0.164564 1.08584 0.138075 
-0.090882 0.0877265 0.222336 -0.177601 0.768073 0.147633 
-0.127093 0.443172 0.117435 -0.215498 0.515925 0.175431 
0.0162192 -0.00803453 -0.763371 -0.162676 1.96188 0.0508554 
-0.0456534 -0.105777 -0.200542 -0.127656 1.49407 0.0651219 
-0.0919475 0.0476732 0.0544605 -0.124482 1.08312 0.0706948 
-0.127804 0.389531 0.0698874 -0.145206 0.72444 0.0878018 
-0.0473396 0.0984557 -0.745337 -0.114543 1.90331 0.00665819 
-0.0932264 0.0567496 -0.158186 -0.0963953 1.35657 0.0212564 
-0.12874 0.346395 0.0143189 -0.106665 0.893237 0.0338496 
0.464534 1.12171 0.380265 1.13141 -1.94833 0.0802306 
0.267794 1.00294 0.36219 0.90036 -1.85354 -0.0275094 
0.104474 0.923258 0.273573 0.724733 -1.70414 -0.118962 
-0.0260747 0.89662 0.115139 0.604979 -1.52228 -0.186379 
0.477255 0.492102 0.647727 1.31294 -1.45407 -0.415819 
0.2802 0.54982 0.53845 1.1391 -1.35504 -0.435043 
0.116367 0.63584 0.375932 1.00454 -1.24701 -0.464072 
-0.0153256 0.748366 0.164019 0.911597 -1.12833 -0.504841 
0.465293 -0.0586834 0.65109 1.71423 -1.0161 -1.25347 
0.267966 0.143303 0.566373 1.51228 -0.854534 -1.11649 
0.104634 0.372503 0.410566 1.31313 -0.74748 -0.98999 
-0.0260506 0.608418 0.192055 1.1657 -0.666227 -0.918609 
0.449487 -0.259392 0.363821 -0.829335 1.19001 1.08944 
0.255063 -0.0777131 0.412308 -0.903047 0.896799 1.14957 
0.0948776 0.194894 0.346739 2.07812 -0.661109 -1.8633 
0.436559 -0.194892 -0.109015 -0.589608 1.59724 0.69876 
0.244935 -0.132843 0.141589 -0.562626 1.23247 0.70803 
0.0872352 0.0938185 0.223748 -0.611406 0.889447 0.754037 
-0.0389587 0.440049 0.13073 -0.739242 0.620299 0.853735 
0.237141 -0.0670033 -0.231057 -0.431523 1.58136 0.478739 
0.0812725 0.0492695 0.0580792 -0.421692 1.14839 0.504201 
-0.043443 0.383187 0.0843331 -0.494034 0.772166 0.566381 
0.231315 0.140246 -0.788488 -0.39254 1.9608 0.300519 
0.0766308 0.0555675 -0.153108 -0.327657 1.39502 0.356982 
-0.0470429 0.337441 0.0299579 -0.363148 0.916138 0.401214 
0.754348 1.17273 0.074905 1.66877 -1.90508 -0.175561 
0.513032 1.03948 0.190466 1.43561 -1.82628 -0.19239 
0.274285 0.941826 0.194534 1.20047 -1.71575 -0.261195 
0.0618809 0.899819 0.0853849 1.00862 -1.5557 -0.349248 
0.75737 0.672001 0.307774 1.75573 -1.69354 -0.579667 
0.516536 0.648894 0.351332 1.5546 -1.56036 -0.570498 
0.277603 0.680268 0.292011 1.35588 -1.42667 -0.583038 
0.065476 0.765816 0.131183 1.19263 -1.28415 -0.618597 
0.513046 0.312279 0.374025 1.77011 -1.36099 -1.07144 
0.0621901 0.641385 0.154732 1.42282 -1.02656 -0.965438 
0.745235 0.0670738 0.0761398 -0.986436 1.6394 1.47144 
0.0538727 0.535108 0.151238 -1.37067 0.846456 -4.56908 
0.733727 0.101884 -0.383356 -0.825153 1.8859 1.03666 
0.491568 0.0221585 0.00372404 -0.787362 1.4998 1.09049 
0.25426 0.151456 0.171121 -0.843751 1.12657 1.1463 
0.482205 0.0771858 -0.367939 -0.653201 1.76186 0.793392 
0.245838 0.0996071 0.0123839 -0.633663 1.29887 0.843848 
0.0382843 0.391353 0.0818926 -0.731758 0.893217 0.923866 
0.239495 0.101294 -0.195851 -0.515393 1.49902 0.643633 
0.0330399 0.342042 0.0302783 -0.566451 0.993823 0.708778 
-0.430018 0.810492 0.173724 -0.694289 -1.95497 0.285746 
-0.303783 0.696341 0.0724403 -0.579191 -1.73333 0.350329 
-0.746321 0.689693 0.365852 -1.07249 -1.82379 0.383041 
-0.586622 0.607127 0.335838 -0.928259 -1.69055 0.431582 
-0.440281 0.566858 0.247083 -0.813711 -1.53609 0.469806 
-0.311397 0.572702 0.101904 -0.72963 -1.36976 0.498854 
-0.600432 0.295504 0.308796 -1.41454 -1.34912 0.94907 
-0.454669 0.371265 0.209379 -1.33289 -1.22595 0.948528 
-0.325456 0.474918 0.0659564 -1.26797 -1.10988 0.958369 
-0.732391 0.0585962 -0.337585 0.749471 1.58085 -0.943584 
-0.574356 0.0700634 -0.14611 0.723924 1.32628 -0.964341 
-0.43013 0.169952 -0.0551446 0.733999 1.08794 -0.98476 
-0.303083 0.344525 -0.061304 0.775668 0.880055 -1.01416 
-0.564402 0.187197 -0.600041 0.553552 1.71843 -0.694496 
-0.421976 0.183838 -0.284737 0.517921 1.37975 -0.73512 
-0.296563 0.329255 -0.158338 0.531865 1.08207 -0.76307 
-0.415525 0.254292 -0.57937 0.414464 1.65511 -0.579496 
-0.291199 0.323538 -0.258618 0.403099 1.24834 -0.620186 
-0.267281 0.763572 0.285957 -0.26617 -1.97022 0.148291 
-0.21598 0.671215 0.125888 -0.21643 -1.71774 0.179512 
-0.420427 0.548925 0.684131 -0.419012 -1.82454 0.142054 
-0.336392 0.496942 0.548344 -0.337332 -1.6372 0.17923 
-0.270207 0.495798 0.374895 -0.283398 -1.45935 0.195764 
-0.217596 0.537455 0.167867 -0.247457 -1.29006 0.203464 
-0.441324 -0.077366 0.721032 -0.901238 -0.87967 0.677919 
-0.354066 0.0902775 0.552319 -0.809691 -0.826301 0.6183 
-0.285758 0.249776 0.366432 -0.749918 -0.768276 0.590027 
-0.231237 0.406971 0.160906 -0.717476 -0.702414 0.587526 
-0.420199 -0.320839 0.425749 0.721778 0.639812 -0.868026 
-0.335993 -0.115206 0.357434 0.790033 0.482934 -0.931248 
-0.270121 0.102409 0.245512 0.887552 0.365052 -1.01731 
-0.217607 0.323736 0.0920848 0.985303 0.285891 -1.09968 
-0.413068 -0.235014 -0.073609 0.343163 1.29362 -0.475119 
-0.331433 -0.116832 0.0293385 0.325627 1.05856 -0.471605 
-0.267286 0.066001 0.050554 0.330031 0.844753 -0.477544 
-0.215941 0.297648 -0.0105154 0.350405 0.667166 -0.491284 
-0.406821 0.0820564 -0.850678 0.279007 1.90524 -0.326929 
-0.326882 0.000291761 -0.404113 0.229946 1.53557 -0.353851 
-0.26353 0.0832492 -0.178419 0.214576 1.2208 -0.361447 
-0.213319 0.285271 -0.109002 0.22148 0.944921 -0.371988 
-0.260359 0.150738 -0.461876 0.16422 1.53416 -0.299968 
-0.211069 0.281729 -0.210519 0.16183 1.14917 -0.313921 
-0.0912803 0.736463 0.343236 0.122423 -1.95813 0.0364769 
-0.128255 0.650685 0.15862 0.0902048 -1.68701 0.0287548 
0.0164461 0.501697 0.787839 0.157644 -1.8353 -0.00620033 
-0.0484337 0.448732 0.62789 0.0969416 -1.62105 -0.00872429 
-0.0963509 0.458873 0.430278 0.0563587 -1.43213 0.00351565 
-0.132993 0.515737 0.198972 0.0256898 -1.25681 0.0223026 
0.0466895 -0.202135 0.828714 0.683584 -0.750478 -0.537194 
-0.023257 0.0133895 0.633158 0.579244 -0.733767 -0.452203 
-0.0748847 0.203562 0.422744 0.519799 -0.694859 -0.414177 
-0.114366 0.383006 0.193552 0.491841 -0.635581 -0.407056 
0.0164298 -0.442521 0.512954 -0.321678 0.500291 0.332013 
-0.0484701 -0.196956 0.43039 -0.305505 0.325334 0.30386 
-0.0963558 0.0534937 0.299272 -0.287459 0.197934 0.270843 
-0.132995 0.300231 0.123542 -0.198699 0.120561 0.167001 
0.0196478 -0.338077 0.00672019 -0.194074 1.23119 0.162645 
-0.044194 -0.194665 0.0990354 -0.171462 0.988193 0.142043 
-0.0917045 0.0151405 0.104518 -0.162843 0.768032 0.127678 
-0.128267 0.271913 0.0226997 -0.161398 0.589585 0.11621 
0.0188767 -0.0275561 -0.736841 -0.182006 1.84477 0.0672197 
-0.0439898 -0.075898 -0.329137 -0.14594 1.4817 0.0738013 
-0.0908767 0.0328243 -0.125198 -0.134002 1.16585 0.0722927 
-0.1271 0.259355 -0.0766402 -0.136294 0.888402 0.0735408 
-0.0456299 0.218606 -1.0165 -0.138986 1.98149 -0.000452471 
-0.0919531 0.0997761 -0.405574 -0.110267 1.48833 0.0212195 
-0.127778 0.255672 -0.178474 -0.10786 1.10375 0.0275259 
0.0947141 0.725965 0.338637 0.603847 -1.9023 -0.10001 
-0.0334206 0.635168 0.168618 0.485688 -1.6399 -0.170762 
0.465249 0.548982 0.64277 1.04476 -1.80305 -0.207701 
0.267864 0.471451 0.561638 0.85529 -1.64004 -0.286088 
0.105291 0.45904 0.410109 0.723585 -1.45756 -0.335668 
-0.0259851 0.507773 0.193763 0.63725 -1.26921 -0.369226 
0.28021 0.0971375 0.544825 1.26893 -1.19229 -0.870585 
0.116382 0.237316 0.381795 1.16039 -1.06036 -0.843186 
-0.0153138 0.400627 0.169591 1.08416 -0.940831 -0.839039 
0.465284 -0.266315 0.398498 -1.18354 1.13988 1.38279 
0.449474 -0.211775 -0.0792199 -0.759633 1.46947 0.800151 
0.255058 -0.144379 0.0668449 -0.724364 1.18324 0.802867 
0.0947244 0.0239747 0.106952 -0.739941 0.921186 0.825403 
-0.0335656 0.269338 0.0376947 -0.798322 0.707549 0.869474 
0.436426 0.0952756 -0.853786 -0.647518 1.9703 0.429243 
0.244947 -0.0352895 -0.359632 -0.527213 1.5791 0.496929 
0.0872364 0.0350605 -0.119911 -0.492009 1.23402 0.513567 
-0.0389623 0.251614 -0.0596316 -0.510654 0.93074 0.538406 
0.0812731 0.0986392 -0.39887 -0.383025 1.52429 0.341059 
-0.0434491 0.245307 -0.160803 -0.376132 1.12115 0.368186 
0.264667 0.745115 0.271842 1.01682 -1.89734 -0.244211 
0.0551794 0.633717 0.151503 0.829558 -1.65257 -0.351117 
0.754365 0.703484 0.302728 1.58313 -1.91842 -0.431328 
0.513031 0.57019 0.370188 1.368 -1.77721 -0.485643 
0.274249 0.504195 0.320814 1.1752 -1.59857 -0.550898 
0.0621888 0.521869 0.156658 1.03426 -1.3946 -0.611614 
0.757363 0.291802 0.313529 -1.44332 1.75249 2.18777 
0.277882 0.304469 0.297284 1.42255 -1.35894 -0.953254 
0.0655262 0.42458 0.136621 1.30668 -1.17696 -0.956681 
0.754356 0.07817 0.0922129 -1.25208 1.71253 1.63294 
0.0621945 0.345416 0.0937829 -1.49688 1.01314 -4.52643 
0.745208 0.0980146 -0.360233 -1.04903 1.85442 1.12145 
0.503184 0.0218003 -0.0774424 -1.00363 1.54308 1.17352 
0.264856 0.09228 0.0493853 -1.02124 1.23671 1.21409 
0.491574 0.116386 -0.505393 -0.810118 1.79149 0.793462 
0.254258 0.08961 -0.166787 -0.752798 1.40782 0.847162 
0.0451743 0.262313 -0.061988 -0.780179 1.06336 0.89027 
0.245871 0.146974 -0.444059 -0.608078 1.63325 0.606316 
0.0382877 0.250379 -0.159283 -0.594185 1.19639 0.653612 
-0.296638 0.492444 0.0292207 -0.468273 -1.69559 0.430582 
-0.57431 0.542614 0.328885 -0.755885 -1.92806 0.435094 
-0.430129 0.432644 0.218485 -0.64072 -1.69232 0.498003 
-0.303126 0.411482 0.0141698 -0.57522 -1.44486 0.536688 
-0.746733 0.273201 0.397408 -1.0193 -1.62921 0.719672 
-0.586726 0.242026 0.313956 -0.927379 -1.4566 0.740457 
-0.440289 0.263112 0.174285 -0.859858 -1.28215 0.752333 
-0.311124 0.332942 -0.0205344 -0.817325 -1.10928 0.765681 
-0.746743 0.0351882 -0.284066 1.03828 1.40923 -1.08078 
-0.586724 0.0632906 -0.21124 1.00774 1.22279 -1.08513 
-0.440294 0.143492 -0.19748 0.993089 1.04942 -1.08544 
-0.311146 0.269264 -0.243622 0.98878 0.897254 -1.08069 
-0.732411 0.465246 -1.32533 0.843617 1.99364 -0.521088 
-0.574355 0.23462 -0.753271 0.701589 1.66352 -0.675452 
-0.430129 0.21789 -0.514988 0.645157 1.40791 -0.709595 
-0.303127 0.299179 -0.408596 0.62288 1.18249 -0.721548 
-0.421928 0.393041 -0.972711 0.522072 1.79745 -0.498107 
-0.296577 0.346925 -0.58363 0.468524 1.44105 -0.559155 
-0.264347 0.56993 0.314153 -0.222865 -1.99318 0.194779 
-0.213568 0.459327 0.0827134 -0.18098 -1.65028 0.226892 
-0.331773 0.425637 0.530601 -0.298274 -1.89028 0.211734 
-0.267298 0.35491 0.336564 -0.245134 -1.62355 0.240737 
-0.215391 0.373264 0.0740872 -0.217292 -1.37576 0.254456 
-0.420235 -0.00827558 0.728936 -0.415837 -1.35445 0.347756 
-0.335998 0.0634085 0.528928 -0.360351 -1.21052 0.333902 
-0.270115 0.162109 0.304102 -0.321755 -1.07267 0.321304 
-0.217408 0.284028 0.0505639 -0.2966 -0.932445 0.313693 
-0.441317 -0.318612 0.482028 1.78224 0.665742 -1.83734 
-0.354066 -0.137986 0.334219 -1.27027 -0.591363 -5.06968 
-0.28573 0.0409287 0.162304 -1.21164 -0.530245 1.16031 
-0.231231 0.220771 -0.0364434 -1.19845 -0.473505 1.15724 
-0.420206 -0.273584 -0.014722 0.500583 0.965099 -0.555163 
-0.335993 -0.135526 -0.0273362 0.470143 0.815955 -0.536872 
-0.270115 0.0285224 -0.0837563 0.451355 0.690467 -0.520998 
-0.217592 0.212642 -0.185353 0.434413 0.593405 -0.500786 
-0.413183 0.0474748 -0.798794 0.333076 1.712 -0.329277 
-0.331438 0.0353479 -0.538823 0.284521 1.45592 -0.341123 
-0.267286 0.110684 -0.401599 0.259553 1.23534 -0.341113 
-0.215777 0.251035 -0.357681 0.247 1.04412 -0.337321 
-0.264012 0.265716 -0.813393 0.203553 1.66406 -0.268324 
-0.213297 0.299355 -0.52899 0.184405 1.34281 -0.283058 
-0.0908195 0.535168 0.369658 0.133866 -1.9718 0.0333314 
-0.127184 0.434621 0.115651 0.10566 -1.61655 0.0174264 
-0.0441407 0.371234 0.611181 0.149542 -1.86505 -0.00346731 
-0.0916991 0.311596 0.392594 0.112911 -1.58513 -0.00842031 
-0.128285 0.348527 0.104708 0.0921826 -1.33238 -0.0036026 
0.0161154 -0.12774 0.837292 0.159287 -1.26225 -0.0965173 
-0.048458 -0.0153882 0.607635 0.106682 -1.13903 -0.0586866 
-0.0963576 0.113074 0.357381 0.0657662 -1.01419 -0.0235109 
-0.132994 0.258585 0.0798831 0.0316852 -0.880721 0.0100623 
0.0467122 -0.445415 0.571004 -1.82708 0.46146 1.85552 
-0.0232621 -0.222019 0.406125 1.13576 -0.41606 -1.10071 
-0.074886 -0.0114328 0.21529 1.0278 -0.380556 -0.994404 
-0.114364 0.193162 -0.00426321 0.998223 -0.33969 -0.971123 
0.0163943 -0.37838 0.0638695 -0.198759 0.873074 0.176115 
-0.0484694 -0.212873 0.0407887 -0.146682 0.722089 0.123941 
-0.0963554 -0.0224832 -0.0311102 -0.0991516 0.598649 0.070682 
-0.132699 0.185515 -0.151921 -0.0514991 0.50853 0.0151344 
0.0197477 -0.0610045 -0.689489 -0.183794 1.6432 0.0839663 
-0.044206 -0.0436779 -0.458322 -0.145216 1.38955 0.0732404 
-0.0917095 0.0573186 -0.343015 -0.122645 1.16944 0.0581452 
-0.128262 0.222342 -0.322531 -0.107846 0.981057 0.0418652 
-0.0909037 0.203179 -0.735728 -0.123062 1.60245 0.0151211 
-0.127101 0.269749 -0.492008 -0.109973 1.29042 0.0178054 
0.0879492 0.529419 0.367986 0.502853 -1.95731 -0.134149 
-0.0389575 0.422207 0.124347 0.402989 -1.60031 -0.202947 
0.256061 0.391678 0.560613 0.69642 -1.86457 -0.243249 
0.0948059 0.307438 0.38332 0.566973 -1.58944 -0.308945 
-0.0335636 0.336011 0.108419 0.501016 -1.32261 -0.34085 
0.465333 0.0240939 0.677084 1.00066 -1.54356 -0.627052 
0.26787 0.0417046 0.534164 0.883704 -1.34198 -0.635229 
0.104634 0.124671 0.329931 0.801574 -1.15543 -0.630753 
-0.0260361 0.256867 0.0680886 0.754447 -0.977696 -0.636077 
0.116382 0.0267443 0.176877 1.42032 -0.94281 -1.31823 
-0.0153127 0.21338 -0.0277514 1.39201 -0.811564 -1.31388 
0.465262 -0.231966 -0.0325607 -1.05491 1.31527 1.00429 
0.267867 -0.148479 -0.00103692 -1.01406 1.09056 1.00405 
0.104634 -0.00291982 -0.0373431 -1.00212 0.894895 1.01057 
-0.0260511 0.190492 -0.145046 -1.00426 0.738613 1.01318 
0.449466 0.0630618 -0.798324 -0.77836 1.79128 0.491967 
0.255144 -0.000217442 -0.488112 -0.662514 1.50101 0.535075 
0.0947306 0.0603069 -0.334375 -0.603603 1.24055 0.54086 
-0.0335653 0.213437 -0.300731 -0.580022 1.01524 0.539886 
0.0872469 0.201201 -0.725026 -0.46286 1.62527 0.311184 
-0.0389639 0.256805 -0.468607 -0.419846 1.29303 0.337338 
0.254239 0.555743 0.307229 0.824521 -1.97655 -0.292852 
0.045261 0.422288 0.112073 0.663471 -1.62636 -0.398294 
0.502986 0.49174 0.382463 1.14049 -1.95326 -0.447294 
0.264846 0.351007 0.307792 0.947794 -1.69687 -0.549333 
0.0539708 0.344376 0.082405 0.838965 -1.41101 -0.615784 
0.754359 0.31249 0.324382 1.45175 -1.89842 -0.822565 
0.513035 0.204246 0.338597 1.30488 -1.68368 -0.877195 
0.274286 0.194085 0.237331 1.19275 -1.44838 -0.915511 
0.0621887 0.281348 0.0253351 1.12423 -1.21733 -0.95095 
0.754431 0.0941153 -0.327781 -1.33106 1.82481 1.23726 
0.51304 0.0316903 -0.160469 1.85913 -1.56881 -1.86574 
0.274284 0.0778008 -0.108224 1.87508 -1.31257 -1.84147 
0.0621888 0.22228 -0.169757 -1.27525 1.08548 1.31756 
0.503165 0.166314 -0.651403 -1.03568 1.77066 0.807042 
0.264844 0.123765 -0.388317 -0.94458 1.46433 0.868451 
0.0539763 0.22999 -0.306346 -0.914898 1.18535 0.894864 
0.254258 0.25788 -0.781593 -0.753174 1.73618 0.543174 
0.0451916 0.262527 -0.464884 -0.678995 1.36572 0.605434 
-0.416095 0.468175 0.193328 -0.44929 -1.961 0.434992 
-0.291201 0.362464 -0.11226 -0.381366 -1.53993 0.498065 
-0.42212 0.318256 0.151394 -0.512549 -1.70122 0.553207 
-0.296573 0.32497 -0.173447 -0.475058 -1.36507 0.598058 
-0.73231 0.308875 0.387843 -0.797601 -1.88199 0.648919 
-0.574356 0.210507 0.269245 -0.699635 -1.63379 0.700595 
-0.430129 0.206493 0.0588196 -0.648556 -1.38254 0.72905 
-0.303109 0.292606 -0.247179 -0.638982 -1.13043 0.761462 
-0.746739 0.036477 0.216523 -1.03758 -1.4113 1.07706 
-0.586774 0.063513 0.0862877 -1.00766 -1.22295 1.08385 
-0.440297 0.142785 -0.0999989 -0.998567 -1.0432 1.09632 
-0.311131 0.272922 -0.351473 -1.0251 -0.869287 1.13814 
-0.758931 0.0420956 -0.241519 1.54902 1.46082 -1.37085 
-0.600431 0.0934128 -0.295724 1.51518 1.30597 -1.36108 
-0.746733 0.361355 -1.13246 1.02657 1.68159 -0.633593 
-0.58671 0.285466 -0.901506 0.922819 1.49273 -0.692353 
-0.440287 0.301885 -0.80439 0.846421 1.32496 -0.701487 
-0.311123 0.381945 -0.796596 0.783992 1.1805 -0.685098 
-0.303083 0.569025 -1.21094 0.571074 1.62699 -0.419617 
-0.261104 0.395337 0.301693 -0.175782 -1.91502 0.235063 
-0.210917 0.324288 -0.0591757 -0.148317 -1.48151 0.260674 
-0.327065 0.337716 0.515812 -0.250243 -1.9729 0.246049 
-0.264012 0.232649 0.264148 -0.202852 -1.61422 0.278604 
-0.213298 0.283311 -0.11569 -0.1878 -1.28197 0.295309 
-0.413128 0.0515006 0.704453 -0.333211 -1.71638 0.327514 
-0.331438 0.0381098 0.469872 -0.284375 -1.46025 0.339837 
-0.267286 0.108972 0.177208 -0.259979 -1.23076 0.342399 
-0.215785 0.246282 -0.182664 -0.25415 -1.00259 0.350434 
-0.420205 -0.293872 0.521788 -0.522174 -0.912351 0.591697 
-0.335993 -0.137503 0.290512 -0.474381 -0.807167 0.543028 
-0.270115 0.0288382 0.0307519 -0.449063 -0.694388 0.51802 
-0.217592 0.214355 -0.272622 -0.454761 -0.565446 0.525103 
-0.441462 -0.300062 0.065047 1.27183 0.684343 -1.19254 
-0.285773 0.0398177 -0.239262 -1.92507 -0.528936 1.97538 
-0.231241 0.230049 -0.450173 1.13656 0.487436 -1.0873 
-0.420265 -0.0138178 -0.700183 0.416582 1.34829 -0.350721 
-0.335998 0.0617742 -0.651801 0.360676 1.20834 -0.334802 
-0.270115 0.173508 -0.659141 0.318508 1.09111 -0.314389 
-0.217592 0.318483 -0.724218 0.283326 1.00076 -0.289434 
-0.215942 0.491103 -1.10428 0.214141 1.53804 -0.218832 
-0.0919407 0.35481 0.356521 0.115851 -1.89135 0.0245223 
-0.127787 0.299361 -0.0291614 0.0969922 -1.44937 0.00939878 
-0.0439328 0.277721 0.595775 0.156464 -1.94508 -0.00323494 
-0.0909075 0.185192 0.319075 0.123022 -1.57443 -0.018919 
-0.127102 0.256814 -0.0851105 0.111758 -1.24018 -0.0236901 
0.0189147 -0.0615846 0.813572 0.182484 -1.64546 -0.0828773 
-0.0442059 -0.041311 0.547441 0.145192 -1.39369 -0.0730633 
-0.0917097 0.0581977 0.229968 0.122534 -1.1719 -0.05785 
-0.128262 0.21873 -0.152004 0.110392 -0.947795 -0.0463159 
0.0164065 -0.420836 0.611334 0.224099 -0.751931 -0.212578 
-0.0484683 -0.219347 0.359206 0.152388 -0.690234 -0.131413 
-0.0963554 -0.0221576 0.0803642 0.0984885 -0.60324 -0.0698779 
-0.132701 0.186605 -0.241373 0.0510296 -0.487356 -0.0145985 
0.0466678 -0.407614 0.142146 -1.06806 0.513733 1.00764 
-0.0232534 -0.213532 -0.00364556 -1.07185 0.43049 1.03046 
-0.0748859 -0.012693 -0.186179 -1.03856 0.377994 1.00599 
-0.114363 0.199865 -0.414775 -0.937855 0.354178 0.906999 
0.0164294 -0.118624 -0.60077 -0.159362 1.27189 0.0948281 
-0.0484512 -0.0192681 -0.567077 -0.106698 1.13313 0.0586722 
-0.0963569 0.11659 -0.593105 -0.0654575 1.02023 0.0229257 
-0.132994 0.285429 -0.681032 -0.0302901 0.937826 -0.012331 
-0.0916988 0.476339 -1.35122 -0.114765 1.75473 -0.0109956 
-0.128299 0.438514 -1.02603 -0.0899164 1.46607 -0.00910923 
0.0813247 0.350927 0.354955 0.405501 -1.89959 -0.184617 
-0.0441106 0.286661 -0.017359 0.338383 -1.45271 -0.239015 
0.245504 0.304057 0.549055 0.578219 -1.97107 -0.25302 
0.0872466 0.183754 0.312268 0.462361 -1.60035 -0.323487 
-0.0389641 0.245645 -0.0793839 0.425591 -1.25149 -0.356867 
0.449475 0.065105 0.67255 0.778769 -1.793 -0.490238 
0.255058 0.00338981 0.490682 0.662154 -1.50568 -0.530846 
0.0947325 0.0610106 0.215228 0.603143 -1.24216 -0.539344 
-0.0335668 0.210593 -0.153831 0.590718 -0.989768 -0.559766 
0.465262 -0.244852 0.468344 1.06465 -1.2952 -1.04138 
0.267868 -0.150821 0.287508 1.0198 -1.08378 -1.01638 
0.104634 -0.00265041 0.0479119 0.998756 -0.89759 -1.00518 
-0.0260518 0.192263 -0.261657 1.02687 -0.726016 -1.0436 
0.477255 -0.234428 0.0134805 -1.50727 1.29534 1.34104 
0.116197 0.0253835 -0.224058 -1.42402 0.941546 1.32452 
-0.0151919 0.221763 -0.440373 -1.35998 0.818798 1.26793 
0.465247 0.0191286 -0.71412 -1.00094 1.5402 0.632623 
0.267867 0.0386665 -0.610102 -0.884519 1.33917 0.638768 
0.104634 0.129566 -0.592846 -0.79885 1.16147 0.623957 
-0.0260206 0.281962 -0.662533 -0.730662 1.01881 0.592177 
0.0947242 0.457078 -1.30575 -0.574174 1.72253 0.22339 
-0.0335594 0.416085 -0.982539 -0.489563 1.43004 0.281925 
0.246522 0.383636 0.300113 0.660587 -1.94518 -0.371889 
0.0382801 0.288777 -0.0293627 0.549856 -1.49221 -0.45917 
0.254258 0.228235 0.247955 0.74834 -1.70143 -0.575948 
0.045186 0.251363 -0.0967382 0.685704 -1.32803 -0.635328 
0.503179 0.156108 0.31155 1.03269 -1.76165 -0.822326 
0.264905 0.121415 0.136095 0.945235 -1.46027 -0.873983 
0.0539921 0.227247 -0.187137 0.927096 -1.16349 -0.92619 
0.754366 0.0936323 0.137992 -1.8109 1.82497 1.9027 
0.513066 0.0322922 0.100712 -1.85899 1.56948 1.86981 
0.274311 0.0777957 -0.0471498 1.26659 -1.31266 -1.29997 
0.0622341 0.225333 -0.312381 -1.84883 1.07575 1.78666 
0.757374 0.0890193 -0.291029 -1.61593 1.78784 1.364 
0.516536 0.0485337 -0.248291 -1.56698 1.55191 1.37099 
0.277884 0.104061 -0.307219 -1.51761 1.31828 1.36088 
0.754353 0.43811 -1.21734 -1.50106 1.91186 0.672527 
0.513031 0.230657 -0.811812 -1.30927 1.69368 0.839972 
0.274284 0.211036 -0.672867 -1.18942 1.45972 0.887067 
0.0621889 0.311417 -0.686235 -1.10271 1.24742 0.886144 
0.0539706 0.426077 -0.980188 -0.827876 1.49669 0.520911 
-0.410721 0.33764 0.138181 -0.358108 -1.84394 0.493402 
-0.287043 0.328651 -0.368284 -0.329667 -1.31818 0.551408 
-0.415524 0.237021 0.0435289 -0.413475 -1.6141 0.596786 
-0.291197 0.334744 -0.480119 -0.415022 -1.17448 0.654088 
-0.564402 0.175739 0.214271 -0.551891 -1.699 0.706595 
-0.421982 0.181164 -0.101628 -0.520081 -1.36039 0.744691 
-0.296586 0.354283 -0.613813 -0.558513 -1.00538 0.815795 
-0.73241 0.0594496 0.221876 -0.749651 -1.58272 0.942027 
-0.574376 0.0701547 0.00704928 -0.723642 -1.32715 0.963399 
-0.430139 0.172851 -0.305988 -0.740566 -1.07441 0.998697 
-0.30311 0.392736 -0.783793 -0.844751 -0.805591 1.11815 
-0.746733 0.0104116 -0.160189 -1.13166 -1.22094 1.44468 
-0.311124 1.06114 -2.08594 1.15105 0.796746 -0.680136 
-0.600426 0.386728 -1.10213 1.39091 1.36773 -0.837018 
-0.454669 0.594008 -1.41679 1.25742 1.29219 -0.703717 
-0.258856 0.256478 0.243821 -0.140361 -1.78708 0.263681 
-0.209293 0.287721 -0.314279 -0.129211 -1.25851 0.285963 
-0.323149 0.249036 0.496996 -0.202503 -1.97193 0.274283 
-0.260353 0.146282 0.153172 -0.16444 -1.5227 0.302337 
-0.211066 0.289399 -0.419194 -0.16682 -1.09146 0.324919 
-0.406758 0.0823231 0.686564 -0.278977 -1.90547 0.326612 
-0.326882 0.0030125 0.406254 -0.229906 -1.54087 0.3526 
-0.263526 0.0833643 0.0127887 -0.214634 -1.22178 0.36141 
-0.213323 0.302363 -0.5419 -0.23354 -0.883523 0.391051 
-0.413068 -0.250984 0.516266 -0.347658 -1.25281 0.490427 
-0.331433 -0.117464 0.199085 -0.326687 -1.05299 0.473756 
-0.267286 0.0657703 -0.18075 -0.329575 -0.846243 0.476855 
-0.215688 0.328536 -0.690811 -0.385344 -0.596867 0.535246 
-0.420199 -0.307134 0.129033 -0.793265 -0.586602 0.955396 
-0.335993 -0.113508 -0.134227 -0.797571 -0.479082 0.939749 
-0.270118 0.10403 -0.455614 -0.896807 -0.36294 1.02709 
-0.217593 0.388998 -0.911742 1.7887 0.243447 -1.66153 
-0.441324 -0.0776097 -0.565742 0.901399 0.879431 -0.678199 
-0.354066 0.0917541 -0.736293 0.808379 0.827631 -0.616372 
-0.285729 0.306395 -0.993588 0.70295 0.821811 -0.523298 
-0.09324 0.211199 0.297752 0.0958582 -1.76225 0.017499 
-0.128735 0.261628 -0.283572 0.0881507 -1.23044 0.00366751 
-0.0456278 0.184165 0.575644 0.136835 -1.94376 -0.00519896 
-0.0919524 0.0986596 0.204231 0.110303 -1.48544 -0.0215831 
-0.12778 0.261989 -0.387172 0.110669 -1.05605 -0.033457 
0.0188811 -0.0220284 0.792726 0.182331 -1.85097 -0.0660362 
-0.0439862 -0.0757094 0.481258 0.145966 -1.48223 -0.0739079 
-0.0908767 0.0333175 0.0632223 0.13377 -1.16998 -0.0716943 
-0.127102 0.273425 -0.50813 0.142533 -0.836913 -0.0830826 
0.0196407 -0.375059 0.607767 0.20228 -1.13456 -0.183792 
-0.0441923 -0.197373 0.267622 0.17449 -0.963202 -0.147379 
-0.0917045 0.01442 -0.129208 0.162038 -0.772838 -0.126552 
-0.128268 0.298041 -0.654865 0.178373 -0.528261 -0.136168 
0.0164297 -0.41531 0.204828 0.43291 -0.369861 -0.454386 
-0.0484677 -0.189068 -0.0695332 0.331529 -0.301566 -0.331124 
-0.0963558 0.0522012 -0.401993 0.283478 -0.200786 -0.266766 
-0.132993 0.353938 -0.866834 0.710979 -0.0376696 -0.680383 
0.0467078 -0.179312 -0.476964 -0.664749 0.773478 0.510955 
-0.023253 0.00871698 -0.649122 -0.583212 0.728465 0.457473 
-0.0748815 0.236103 -0.904139 -0.496532 0.73122 0.383386 
-0.114366 0.681896 -1.56577 -0.360571 0.916251 0.225471 
0.0766359 0.20883 0.296352 0.329983 -1.78137 -0.226138 
-0.047267 0.249136 -0.271364 0.301775 -1.2428 -0.273549 
0.237436 0.214579 0.5318 0.474773 -1.98581 -0.279499 
0.0812732 0.0976125 0.199881 0.383075 -1.52174 -0.342057 
-0.0434492 0.251371 -0.379707 0.384392 -1.08045 -0.386423 
0.436432 0.0929013 0.662873 0.646839 -1.96811 -0.43103 
0.24495 -0.0332792 0.432605 0.527332 -1.58255 -0.494291 
0.0872368 0.0354837 0.0533975 0.491326 -1.23752 -0.511476 
-0.0389636 0.26528 -0.506021 0.529433 -0.888444 -0.568997 
0.449493 -0.223559 0.480938 0.762267 -1.44514 -0.823424 
0.255058 -0.145443 0.211352 0.727552 -1.17455 -0.811215 
0.0947247 0.0232292 -0.149559 0.737598 -0.924586 -0.821521 
-0.0335664 0.296144 -0.664668 0.853634 -0.665882 -0.940927 
0.465265 -0.255869 0.074354 -1.93578 1.12188 1.70773 
0.267867 -0.118753 -0.144607 -1.88405 0.913207 1.6926 
0.10465 0.0794619 -0.444767 -1.77949 0.736844 -4.66971 
0.477255 -0.012664 -0.627795 -1.39905 1.34537 0.91085 
0.28022 0.0996552 -0.744934 -1.26775 1.19325 0.867269 
0.116382 0.286511 -0.967769 -1.12963 1.08604 0.778776 
0.23959 0.246802 0.24394 0.535872 -1.84245 -0.444335 
0.0330413 0.252013 -0.281656 0.486957 -1.29097 -0.519989 
0.245838 0.143 0.142084 0.607884 -1.62332 -0.612495 
0.0382815 0.257079 -0.394147 0.604669 -1.15817 -0.680992 
0.491617 0.113643 0.26966 0.809457 -1.78764 -0.797345 
0.254261 0.0894784 -0.0136427 0.752963 -1.40685 -0.848087 
0.0451772 0.278235 -0.532477 0.802546 -1.02549 -0.934682 
0.745209 0.0971581 0.16244 1.04837 -1.85313 5.15939 
0.503209 0.0221373 0.0381595 1.00356 -1.54564 -1.16954 
0.264845 0.0926153 -0.236075 1.0219 -1.23581 -1.21583 
0.51651 0.317449 -1.00768 -1.55857 1.55486 0.880692 
0.277881 0.404626 -1.12734 -1.39804 1.37829 0.831361 
-0.406937 0.248119 0.0364355 -0.295591 -1.69533 0.534362 
-0.283876 0.426612 -0.801212 -0.318873 -1.02968 0.614377 
-0.551288 0.316385 0.282168 -0.40563 -2.00292 0.564283 
-0.410614 0.197133 -0.109611 -0.345674 -1.47889 0.626926 
-0.287057 0.510832 -1.03196 -0.422627 -0.868553 0.74855 
-0.556867 0.142476 0.152823 -0.444353 -1.68423 0.714443 
-0.415506 0.195132 -0.311293 -0.436397 -1.25144 0.760845 
-0.720878 0.0750513 0.219428 -0.581932 -1.69772 0.883452 
-0.564404 0.0801294 -0.0902759 -0.560959 -1.35794 0.9171 
-0.42193 0.25113 -0.590018 -0.612701 -1.00647 0.986286 
-0.73241 0.0190572 -0.14047 -0.787854 -1.29129 1.22357 
-0.574368 0.136782 -0.471312 -0.845009 -1.033 1.27691 
-0.74676 0.222067 -0.826821 -1.33115 -1.06614 -4.36653 
-0.256551 0.161415 0.140237 -0.115638 -1.63496 0.283014 
-0.207876 0.376064 -0.730783 -0.125799 -0.977661 0.313372 
-0.320258 0.167415 0.469318 -0.164469 -1.92976 0.295443 
-0.258379 0.105136 -0.00318393 -0.138605 -1.39232 0.318311 
-0.209497 0.448638 -0.941044 -0.172515 -0.797731 0.367306 
-0.323076 -0.0297537 0.337179 -0.186283 -1.54126 0.359777 
-0.260622 0.0965708 -0.196714 -0.182044 -1.12909 0.372972 
-0.211284 0.591648 -1.27449 -0.285225 -0.550945 0.492273 
-0.40668 -0.225179 0.506841 -0.265638 -1.43553 0.457016 
-0.326879 -0.101457 0.0953245 -0.253722 -1.1372 0.454111 
-0.26401 0.140489 -0.455535 -0.278125 -0.822847 0.479338 
-0.413067 -0.28305 0.138033 -0.436226 -0.872384 0.66881 
-0.331436 -0.0574232 -0.262307 -0.45912 -0.680544 0.674396 
-0.267289 0.259939 -0.829879 -0.612141 -0.43515 0.820796 
-0.0943039 0.115623 0.190496 0.0810184 -1.61016 0.0134059 
-0.129568 0.347018 -0.694338 0.0876449 -0.956059 -0.00624312 
-0.0473918 0.0986508 0.546285 0.114604 -1.9015 -0.00715479 
-0.093226 0.0570633 0.0468262 0.0963463 -1.35901 -0.0210188 
-0.128749 0.410618 -0.888817 0.118312 -0.776445 -0.0512225 
0.016225 -0.00183577 0.780254 0.163151 -1.9688 -0.0496303 
-0.0456518 -0.107387 0.40954 0.127714 -1.48995 -0.0657178 
-0.0919472 0.0472577 -0.14615 0.124273 -1.08634 -0.0702393 
-0.127774 0.534618 -1.18841 0.190276 -0.53274 -0.1432 
0.0187274 -0.345811 0.598547 0.179631 -1.34104 -0.158172 
-0.0439699 -0.178638 0.162892 0.166411 -1.06594 -0.141894 
-0.0908813 0.0881627 -0.399375 0.177859 -0.766938 -0.147959 
0.0197228 -0.390948 0.215987 0.274815 -0.737873 -0.303215 
-0.0442002 -0.132656 -0.194522 0.265 -0.574704 -0.271054 
-0.0917231 0.198518 -0.756633 0.342394 -0.341356 -0.334032 
-0.0484661 0.0662524 -0.765137 -0.561133 0.181594 0.540116 
0.0730297 0.112811 0.190569 0.277127 -1.6337 -0.255358 
-0.050136 0.332556 -0.677864 0.297472 -0.97665 -0.319874 
0.231326 0.131347 0.505181 0.390843 -1.94993 -0.305109 
0.0766308 0.0558841 0.0442113 0.327511 -1.39743 -0.356139 
-0.0470428 0.399687 -0.879052 0.398702 -0.812176 -0.455899 
0.237141 -0.0664898 0.366089 0.431556 -1.58264 -0.477921 
0.0812725 0.0488454 -0.15308 0.421106 -1.15121 -0.502765 
-0.0434452 0.521415 -1.17483 0.611196 -0.613737 -0.718302 
0.436433 -0.204675 0.480915 0.589233 -1.57461 -0.712793 
0.244953 -0.132841 0.115172 0.564281 -1.22415 -0.712553 
0.0872352 0.0946665 -0.414367 0.612402 -0.8877 -0.755616 
0.449476 -0.251529 0.100265 0.844426 -1.15905 -1.12757 
0.255086 -0.0779006 -0.256426 0.903129 -0.896171 -1.14951 
0.465295 -0.0605012 -0.529268 1.42562 -1.017 4.39834 
0.267874 0.157917 -0.884852 -1.49773 0.855479 1.09408 
0.234548 0.153244 0.140878 0.448914 -1.70144 -0.498745 
0.0289304 0.337472 -0.690134 0.476897 -1.03091 -0.599682 
0.239501 0.100715 -0.00924705 0.515546 -1.49585 -0.6445 
0.0330563 0.407185 -0.895393 0.612597 -0.896579 -0.787524 
0.48221 0.0773032 0.213774 0.653281 -1.76213 -0.793148 
0.245839 0.100023 -0.214912 0.634148 -1.29653 -0.845631 
0.0382832 0.548243 -1.22538 0.869289 -0.750764 -1.12446 
0.733883 0.100842 0.177633 0.824821 -1.88382 -1.039 
0.491576 0.022036 -0.0433056 0.78726 -1.50315 -1.08726 
0.254261 0.15751 -0.494733 0.849035 -1.11679 -1.15846 
0.745258 0.0673945 -0.209186 -2.15458 1.64004 1.67133 
0.50318 0.096755 -0.44716 1.05104 -1.33094 -1.52355 
0.513039 0.749682 -1.82313 -1.67563 1.30171 -5.60581 
-1.98006 0.160963 -1.35067 2.1477 1.7435 -0.321107 
-1.0599 0.073741 -1.31207 1.27801 1.429 -0.321895 
-2.25509 -0.179473 -1.01688 2.2412 1.76738 -0.291159 
-0.827427 -0.138473 -1.1138 0.871972 1.31932 -0.243119 
-0.393609 -0.231206 -1.07086 0.361328 1.27756 -0.0931012 
2.42108 -0.244725 -0.983038 -2.65513 1.83618 0.163189 
0.291798 -0.236824 -1.06956 -0.565407 1.30571 0.145648 
2.03825 -0.00119267 -1.16177 -2.41596 1.84311 0.274607 
0.773263 -0.144602 -1.11359 -1.21092 1.41681 0.300278 
-1.56666 0.0577443 -1.22231 1.79293 1.61347 -0.401567 
-0.581781 0.0293622 -1.25818 0.630543 1.24063 -0.199421 
3.12933 0.507446 -2.20522 -0.0460182 -1.39505 -3.13431 
1.57523 -0.459148 -1.07122 -1.63474 1.52441 -6.24138 
-0.244885 -0.0701482 -1.1646 0.201536 1.19206 -0.0647411 
2.43248 -0.0458596 -1.05863 -2.69891 1.94971 0.201107 
-1.58939 -0.391014 -1.39494 1.28646 1.58395 0.213716 
0.189898 -0.0721093 -1.16285 -0.521454 1.22924 0.172318 
1.54887 -0.0767816 -1.08891 -2.01142 1.70387 0.375843 
0.546294 0.0336597 -1.26534 -1.06421 1.35443 0.306395 
-1.69546 0.216717 -1.35857 1.96372 1.68078 -0.403271 
-1.15877 0.17036 -1.35615 1.46881 1.46645 -6.67496 
-0.886663 -0.183632 -1.00861 0.954495 1.28079 -0.307354 
-0.0719391 -0.529463 -0.999541 0.000150853 1.46833 0.00202091 
-0.193297 -0.314085 -0.951077 0.129779 1.20678 -0.0368568 
0.724723 -0.236149 -0.981557 -1.13579 1.35678 0.33009 
1.67617 0.313317 -1.50597 -2.2309 1.75509 0.311765 
1.07859 0.0290816 -1.18965 -1.6669 1.55556 6.70743 
-0.942452 -0.219741 -0.918284 1.03499 1.25268 -0.370911 
-0.550748 0.0602944 -1.21265 0.630324 1.14276 -0.243233 
0.0351221 -0.374327 -0.857796 -0.142358 1.1554 0.0512038 
-0.0935134 -0.0655082 -1.08811 -0.00218721 1.07383 0.00467552 
0.976851 -0.177139 -0.9473 -1.49202 1.45439 0.463313 
0.432448 0.0262515 -1.18181 -0.972531 1.25191 0.357904 
-0.526924 0.119522 -1.21621 0.641926 1.05707 -0.279993 
0.0219755 -0.029005 -1.05649 -0.198095 0.976975 0.101319 
0.577567 0.240328 -1.38419 -1.2953 1.34802 0.442596 
-0.404081 0.204079 -0.113964 -0.254795 -1.52947 0.563896 
-0.547801 0.251346 0.249809 -0.335856 -1.94067 0.592687 
-0.406919 0.204061 -0.315715 -0.303249 -1.31628 0.650728 
-0.551289 0.116649 0.0820175 -0.36719 -1.63176 0.718806 
-0.410634 0.26206 -0.592134 -0.3907 -1.088 0.782509 
-0.712439 0.082768 0.218117 -0.470448 -1.75499 0.846798 
-0.556868 0.0943712 -0.199037 -0.456204 -1.32322 0.887962 
-0.415474 0.424744 -1.0328 -0.581433 -0.819387 1.03779 
-0.720883 0.028014 -0.136147 -0.591333 -1.36108 1.10563 
-0.564403 0.200129 -0.637337 -0.66306 -1.00618 1.18101 
-0.255528 0.115546 -0.0121698 -0.10051 -1.47054 0.297292 
-0.318157 0.0966846 0.430866 -0.136194 -1.86629 0.310815 
-0.256785 0.110485 -0.20781 -0.122319 -1.23887 0.330601 
-0.320237 -0.0542288 0.260097 -0.154242 -1.50418 0.364002 
-0.25827 0.158233 -0.466558 -0.163343 -0.986523 0.384191 
-0.401648 -0.210156 0.499726 -0.211791 -1.5386 0.436954 
-0.323075 -0.0827649 -0.0171551 -0.205037 -1.14146 0.440561 
-0.261087 0.285672 -0.84322 -0.263989 -0.682586 0.501643 
-0.406675 -0.265473 0.135314 -0.306404 -1.0399 0.579162 
-0.326882 0.00528582 -0.419057 -0.342016 -0.746627 0.601172 
-0.413063 -0.11022 -0.434074 -0.692806 -0.53114 0.998806 
-0.331433 0.313772 -1.16435 -1.24878 -0.298291 1.54255 
-0.0951568 0.0686902 0.0373573 0.0710371 -1.44712 0.010842 
-0.0487897 0.0239612 0.507048 0.0961154 -1.83784 -0.00858727 
-0.0943028 0.0624587 -0.157479 0.086533 -1.2104 -0.0203574 
-0.0474032 -0.130585 0.330158 0.109021 -1.45882 -0.0567456 
-0.0932272 0.1084 -0.412696 0.11561 -0.953035 -0.0678572 
0.0161001 -0.328183 0.591146 0.151019 -1.45935 -0.130158 
-0.0456464 -0.157618 0.0497604 0.144206 -1.08362 -0.123203 
-0.0919658 0.224174 -0.767641 0.182645 -0.646632 -0.158383 
0.018814 -0.3718 0.214008 0.217763 -0.93836 -0.247062 
-0.0439804 -0.0698642 -0.347123 0.234614 -0.672302 -0.245739 
0.0197487 -0.208538 -0.351969 0.515373 -0.37884 -0.581853 
-0.0441787 0.202793 -1.02198 1.13779 -0.157509 -1.18008 
0.0697414 0.0655576 0.0394552 0.241321 -1.47296 -0.275093 
0.226734 0.0590647 0.467318 0.326338 -1.88812 -0.324856 
0.0730293 0.0609658 -0.158813 0.292035 -1.2482 -0.368259 
0.23123 -0.0915162 0.29068 0.361862 -1.54226 -0.467101 
0.0766315 0.109351 -0.417777 0.382594 -1.01359 -0.507268 
0.4267 -0.193535 0.479534 0.478619 -1.65053 -0.647119 
0.237142 -0.115516 0.00694355 0.462731 -1.21343 -0.656032 
0.0812882 0.231308 -0.782945 0.575725 -0.754889 -0.763542 
0.436439 -0.242141 0.107919 0.628947 -1.23635 -0.949733 
0.244931 -0.020898 -0.402521 0.700238 -0.895414 -0.986388 
0.449474 -0.0730226 -0.483092 1.04033 -0.917828 -1.50736 
0.230567 0.106912 -0.00946379 0.391127 -1.54096 -0.538432 
0.469702 0.186478 0.320442 0.5147 -1.98999 -0.596304 
0.234542 0.105589 -0.210947 0.457594 -1.34119 -0.672831 
0.475163 0.0497425 0.145893 0.545051 -1.70419 -0.793517 
0.239486 0.160582 -0.48085 0.571002 -1.14242 -0.863505 
0.724605 0.103351 0.185754 0.673209 -1.90399 -0.983782 
0.482251 0.031882 -0.143085 0.645726 -1.44019 -1.03532 
0.245838 0.301235 -0.879208 0.783241 -0.941303 -1.17921 
0.73382 0.0612142 -0.18398 0.774012 -1.6017 -1.32965 
0.491576 0.144595 -0.588353 -2.28649 1.21282 1.739 
3.1369 0.413305 -1.63971 -3.17663 1.71287 -0.00829385 
-2.93498 0.0236252 -1.55899 2.89658 1.40313 -0.00475845 
-1.56226 0.0329731 -1.51096 1.60557 1.33198 -6.3812 
3.13149 0.548068 -2.27693 3.10111 1.17281 -6.27071 
2.44331 -0.0955657 -0.971984 -2.65812 1.78439 0.257573 
1.55001 -0.0605436 -1.45672 -1.77461 1.34757 6.36211 
-1.6949 0.105894 -1.16293 1.97543 1.46539 -0.51713 
-1.82254 0.525965 -2.33056 1.77182 1.21857 -6.0474 
-0.0616054 -0.58286 -0.905711 0.000460938 1.19354 0.00884497 
-0.195338 -0.0786074 -1.36893 0.140291 1.15369 -0.0088451 
1.80147 0.532764 -2.31829 -2.00167 1.19222 6.11827 
0.70252 0.0416784 -1.4917 -1.00161 1.22181 0.143859 
1.67703 0.169644 -1.24755 -2.24103 1.61221 6.74657 
-1.21993 0.173047 -1.22957 1.66826 1.20444 -0.597256 
-0.932149 -0.270581 -0.817445 -1.93593 -0.956936 2.64801 
0.0279513 -0.423461 -0.762682 -0.143498 0.808354 0.0742063 
0.960228 -0.240331 -0.841388 -1.51932 1.14227 0.587379 
-0.520413 0.0324189 -1.0337 0.956183 0.610392 -0.553981 
0.0174095 -0.0949553 -0.914416 -0.275325 0.492419 0.20402 
0.560653 0.0951309 -1.11924 -1.40793 0.94478 0.728225 
-0.758321 1.13457 0.10405 -1.7242 -1.62346 0.32813 
-0.538951 1.12852 0.123632 -1.51642 -1.55287 0.318154 
-0.324948 1.14817 0.0619992 -1.31638 -1.47638 0.348317 
-0.13335 1.19905 -0.0828582 -1.14933 -1.37342 0.412248 
-0.754647 0.627346 0.331105 -1.85476 -1.38578 0.779783 
-0.534614 0.730033 0.3197 -1.65125 -1.25323 0.709734 
-0.320306 0.874907 0.211354 -1.44838 -1.15088 0.668486 
-0.128908 1.04924 0.0096573 -1.28422 -1.05589 0.677591 
-0.119459 0.913735 0.0693832 -1.53156 -0.788398 1.05068 
-0.731728 0.0543996 0.0674435 0.738912 1.5462 -1.28738 
-0.511438 0.149562 0.277036 0.812137 1.17928 -1.3488 
-0.298914 0.422891 0.288616 0.997648 0.863443 -1.47986 
-0.722192 0.099715 -0.394729 0.628364 1.87235 -0.953615 
-0.502119 0.0472849 0.0651548 0.603994 1.41355 -1.00769 
-0.290635 0.271576 0.233726 0.700277 0.979248 -1.0891 
-0.103761 0.700585 0.112786 -2.2099 -0.659774 1.88592 
-0.495255 0.0654372 -0.260777 0.503727 1.68933 -0.779605 
-0.284466 0.17216 0.128227 0.524032 1.15455 -0.83713 
-0.098605 0.611688 0.1145 0.701091 0.712301 -0.973777 
-0.279717 0.124095 -0.0258941 0.420345 1.34881 -0.668153 
-0.0945884 0.53239 0.104346 0.541978 0.791447 -0.773093 
-0.473381 1.06262 0.419241 -1.17466 -1.53642 0.0820454 
-0.303197 1.07966 0.311452 -1.01009 -1.47467 0.152117 
-0.163164 1.11763 0.16036 -0.884468 -1.38204 0.225179 
-0.0500868 1.18135 -0.0346379 -0.796327 -1.26496 0.298543 
-0.454403 0.405654 0.691493 -1.23913 -0.88828 0.624499 
-0.284303 0.612006 0.532371 -1.02274 -0.841126 0.527171 
-0.14537 0.811852 0.324852 -0.870399 -0.789952 0.489299 
-0.0337641 1.01126 0.0702482 -0.777559 -0.715994 0.499046 
-0.44063 -0.0864619 0.636846 -2.16491 -0.805105 1.74377 
-0.274265 0.22621 0.55733 -1.87684 -0.584688 1.50578 
-0.0290542 0.884191 0.106026 -1.31547 -0.421221 1.08637 
-0.429614 -0.255166 0.342255 0.54608 1.22172 -0.839976 
-0.266152 -0.0136578 0.438895 0.619917 0.852484 -0.901298 
-0.132642 0.360669 0.362361 0.827236 0.553756 -1.07475 
-0.0251237 0.77914 0.122315 1.11207 0.391348 -1.30568 
-0.421057 -0.188091 -0.125002 0.415543 1.64613 -0.589047 
-0.259418 -0.109208 0.210614 0.400355 1.20241 -0.604278 
-0.12752 0.211181 0.299006 0.480768 0.778584 -0.675048 
-0.0212524 0.684721 0.129946 0.680625 0.477348 -0.838361 
-0.254194 -0.0831631 -0.118681 0.311475 1.53722 -0.443339 
-0.123396 0.113786 0.187908 0.328353 1.01835 -0.477205 
-0.0180298 0.598752 0.128126 0.456882 0.59007 -0.583466 
-0.250221 0.0664817 -0.592043 0.27971 1.88578 -0.323035 
-0.120209 0.0680599 0.0302881 0.250824 1.25066 -0.361057 
-0.0155019 0.521353 0.115722 0.331131 0.706325 -0.432135 
-0.0249612 1.05844 0.558147 -0.232701 -1.61537 -0.01057 
0.0104616 1.06445 0.396161 -0.198046 -1.46275 0.0216761 
0.0367704 1.10318 0.210297 -0.176344 -1.31733 0.0449026 
0.0568109 1.16951 -0.00182292 -0.163599 -1.17252 0.0640383 
-0.00642773 0.307208 0.831376 -0.108174 -0.581926 0.0716 
0.025755 0.569335 0.601366 -0.0556071 -0.612856 0.0436444 
0.0496174 0.790524 0.353631 -0.0213976 -0.585976 0.028663 
0.0679661 0.998531 0.0818892 0.00747854 -0.522187 0.0140719 
-0.00952458 -0.237147 0.756027 0.228812 0.389714 -0.258865 
0.0224638 0.169453 0.61509 -2.60319 -0.131275 2.58532 
0.0646875 0.87571 0.109469 -0.429709 -0.0985231 0.439244 
-0.00940704 -0.387664 0.436 0.100974 1.03891 -0.109478 
0.0220091 -0.0711798 0.488197 0.116701 0.669123 -0.122005 
0.0455566 0.343846 0.377941 0.172622 0.364592 -0.170935 
0.063834 0.774149 0.12285 3.42278 -0.19062 -3.41123 
-0.0081641 -0.298443 -0.040976 0.0753237 1.5337 -0.059525 
0.022801 -0.161061 0.252988 0.0716491 1.1013 -0.060361 
0.0460606 0.196181 0.312175 0.0874826 0.684428 -0.0741487 
0.0641326 0.682307 0.12851 0.130705 0.382056 -0.110844 
0.0236844 -0.129609 -0.0791197 0.054675 1.4716 -0.0278983 
0.0466961 0.101203 0.198626 0.0577949 0.962564 -0.0335871 
0.0646188 0.598185 0.125251 0.0818376 0.538882 -0.0537246 
0.0243946 0.0198941 -0.545756 0.0483031 1.83714 -0.00431485 
0.0472433 0.0570832 0.0396769 0.0434806 1.21417 -0.0101889 
0.065044 0.522134 0.111923 0.0577587 0.676716 -0.0228368 
0.456478 1.05971 0.448711 0.855964 -1.52988 -0.0470912 
0.340794 1.07918 0.315542 0.74708 -1.441 -0.119306 
0.248458 1.11948 0.15399 0.668688 -1.33485 -0.18264 
0.174225 1.18261 -0.0381356 0.616239 -1.21585 -0.241343 
0.42848 0.379446 0.718534 0.874042 -0.670108 -0.464914 
0.315565 0.604258 0.530511 0.69479 -0.661732 -0.366043 
0.225927 0.809633 0.312462 0.582842 -0.62875 -0.32738 
0.154108 1.00832 0.061526 0.517911 -0.567043 -0.326128 
0.421623 -0.107327 0.648225 -0.79374 0.610341 1.13271 
0.153912 0.887153 0.0880703 1.36443 -0.272044 -1.15108 
0.414524 -0.267315 0.347454 -0.383037 1.13081 0.657523 
0.306976 -0.00054941 0.420989 -0.438749 0.777008 0.706134 
0.221046 0.375887 0.335516 -0.595514 0.487991 0.841337 
0.408388 -0.195189 -0.12229 -0.280756 1.59383 0.485767 
0.302312 -0.0924891 0.192125 -0.271187 1.16397 0.497201 
0.217511 0.231469 0.271171 -0.325684 0.754896 0.546321 
0.149074 0.694776 0.108025 -0.460878 0.456475 0.658544 
0.298655 -0.065056 -0.138002 -0.207102 1.51614 0.392102 
0.214632 0.136974 0.159964 -0.218532 1.00977 0.415609 
0.146798 0.610901 0.105696 -0.302112 0.588248 0.485464 
0.295911 0.0871104 -0.616079 -0.18429 1.87769 0.31543 
0.211982 0.0924489 0.0032296 -0.164705 1.24828 0.341172 
0.145023 0.535168 0.0929881 -0.216831 0.713658 0.387879 
0.759877 1.12673 0.128076 1.57098 -1.57029 -0.316033 
0.581199 1.13581 0.100097 1.40196 -1.51239 -0.32995 
0.413723 1.16265 0.0189545 1.24895 -1.44195 -0.368077 
0.264056 1.21261 -0.118766 1.12294 -1.35061 -0.426603 
0.751929 0.597705 0.368086 1.71165 -1.16975 -0.807818 
0.572318 0.726752 0.307981 1.52934 -1.06948 -0.736967 
0.403519 0.878609 0.181751 1.3605 -0.989572 -0.694893 
0.253632 1.04959 -0.0109725 1.23174 -0.911563 -0.696028 
0.244394 0.921343 0.0360064 1.60964 -0.655189 -1.151 
0.725178 0.0372956 0.0780922 -0.646493 1.42194 1.17479 
0.547734 0.173325 0.242413 -0.712594 1.08164 1.23237 
0.382743 0.453003 0.236119 2.27102 -0.78906 -1.7917 
0.236676 0.815719 0.0578644 -1.08833 0.600266 1.49797 
0.716137 0.0888243 -0.388275 -0.526009 1.7963 0.886099 
0.539396 0.0780315 0.0278622 -0.508314 1.35727 0.931662 
0.375494 0.310889 0.178544 -0.586146 0.948182 1.00149 
0.53328 0.100044 -0.301527 -0.414436 1.65717 0.740185 
0.370084 0.216863 0.072449 -0.430771 1.1429 0.791014 
0.226045 0.636452 0.0695992 -0.567247 0.716199 0.898941 
0.528667 0.269755 -0.825296 -0.390393 2.00658 0.574298 
0.365983 0.171931 -0.0822739 -0.341897 1.34745 0.653548 
0.222519 0.560024 0.0590572 -0.434337 0.806511 0.736365 
-0.754645 1.17314 0.0828841 -1.58999 -1.90782 0.170589 
-0.533609 1.04587 0.178307 -1.37382 -1.83414 0.197109 
-0.320307 0.951961 0.175969 -1.16157 -1.7268 0.265233 
-0.128611 0.905103 0.0794749 -0.987555 -1.57604 0.346277 
-0.758323 0.667267 0.316699 -1.70616 -1.66029 0.58076 
-0.53895 0.656364 0.33725 -1.52281 -1.53956 0.576437 
-0.324572 0.69027 0.27313 -1.34586 -1.41733 0.590134 
-0.13326 0.769062 0.125078 -1.19968 -1.28741 0.623133 
-0.320186 0.45423 0.304939 1.54323 1.13481 -2.11387 
-0.128911 0.641487 0.150374 -1.44299 -1.00043 0.983098 
-0.523433 0.105793 0.237046 1.01667 1.27809 -1.48109 
-0.119744 0.536068 0.144731 1.31781 0.821146 4.61029 
-0.731622 0.095903 -0.38051 0.773871 1.84367 -1.00725 
-0.511399 0.0362295 -0.0140342 0.740436 1.47094 -1.05768 
-0.298915 0.167615 0.149281 0.791947 1.11362 -1.11162 
-0.502119 0.093864 -0.388505 0.606565 1.74982 -0.777143 
-0.290635 0.117996 -0.010205 0.588733 1.29902 -0.827129 
-0.10376 0.395917 0.072896 0.677608 0.902027 -0.902488 
-0.284478 0.120974 -0.219319 0.476424 1.50557 -0.641483 
-0.098599 0.347378 0.0212177 0.522088 1.0077 -0.70337 
-0.454071 1.1277 0.390048 -0.940267 -2.00267 -0.0738289 
-0.284189 1.00852 0.362466 -0.732827 -1.88864 0.0278262 
-0.14528 0.929301 0.272562 -0.58228 -1.73108 0.101974 
-0.03382 0.897418 0.124015 -0.47868 -1.55053 0.150345 
-0.473469 0.484721 0.662093 -1.2049 -1.41066 0.393716 
-0.303183 0.549244 0.539527 -1.05644 -1.31888 0.415448 
-0.163151 0.635773 0.376064 -0.943214 -1.21882 0.443681 
-0.0500814 0.743157 0.173817 -0.865089 -1.10958 0.481325 
-0.454377 -0.083014 0.667112 1.44952 0.831725 -1.8383 
-0.145437 0.365163 0.412945 -1.24799 -0.609781 0.976893 
-0.0338303 0.596229 0.204092 -1.09035 -0.546035 0.883338 
-0.440631 -0.270184 0.367586 0.730988 1.1079 -0.980482 
-0.274268 -0.0761427 0.405717 0.795351 0.827628 -1.03123 
-0.138365 0.196091 0.340023 0.943738 0.600094 -1.15059 
-0.0290607 0.503884 0.174565 1.14034 0.450349 -1.305 
-0.429685 -0.199313 -0.10859 0.509959 1.56387 -0.639421 
-0.266157 -0.126496 0.132775 0.486316 1.21114 -0.646181 
-0.132647 0.0987297 0.215137 0.527592 0.878138 -0.68472 
-0.025124 0.435807 0.132983 0.637724 0.611917 -0.770778 
-0.259422 -0.0591372 -0.240765 0.372112 1.57491 -0.451433 
-0.127508 0.0557565 0.0491585 0.363715 1.15019 -0.473757 
-0.0212538 0.379855 0.0863685 0.425217 0.777341 -0.527184 
-0.254257 0.150679 -0.80242 0.338001 1.96437 -0.298732 
-0.123395 0.0627741 -0.162239 0.28222 1.40153 -0.349097 
-0.0180302 0.334462 0.0320809 0.31232 0.925442 -0.387523 
0.0257781 1.00944 0.414127 -0.034952 -1.98191 -0.0121876 
0.0496182 0.932094 0.290893 -0.0120982 -1.78126 -0.0133609 
0.0679663 0.904315 0.126352 0.0037309 -1.58891 -0.0204865 
-0.0249704 0.396441 0.82913 -0.246453 -1.23527 0.0827929 
0.0103896 0.499511 0.634771 -0.216941 -1.14334 0.0912738 
0.036457 0.608367 0.428848 -0.197965 -1.0458 0.100152 
0.0566369 0.725616 0.207048 -0.187035 -0.941049 0.110983 
0.0257732 0.0650805 0.633902 -0.224033 -0.143755 0.219976 
0.0496173 0.338135 0.437675 -0.0547814 -0.21784 0.0643238 
0.0679665 0.583789 0.211421 0.0158904 -0.236994 0.00510771 
-0.00943221 -0.410366 0.462682 0.116163 0.850216 -0.123503 
0.0224735 -0.138436 0.454089 0.122162 0.585071 -0.123634 
0.0462824 0.17504 0.355312 0.145898 0.36941 -0.139244 
0.0646874 0.497426 0.173966 0.18269 0.227725 -0.166694 
-0.00942103 -0.313248 -0.0245976 0.0879491 1.42342 -0.0710793 
0.0220143 -0.180167 0.174414 0.0815974 1.08993 -0.0680971 
0.0455594 0.0821051 0.227189 0.0877138 0.774052 -0.07226 
0.0638666 0.431954 0.131468 0.105449 0.519484 -0.0847883 
-0.00814908 -0.00745773 -0.765085 0.0815926 1.96555 -0.025301 
0.0227984 -0.106787 -0.200479 0.0640437 1.49959 -0.0324507 
0.0460501 0.0421623 0.0593522 0.0623561 1.09018 -0.0351244 
0.0641466 0.378853 0.0832258 0.0728229 0.729265 -0.0437575 
0.0236395 0.0978071 -0.745394 0.0576747 1.90976 -0.00314759 
0.0466953 0.0512843 -0.153079 0.0484577 1.36364 -0.010505 
0.0646224 0.335318 0.0279106 0.0536332 0.898317 -0.0168644 
0.315385 1.01953 0.352465 0.433766 -1.93409 -0.0521985 
0.225867 0.944275 0.252229 0.335873 -1.76195 -0.0963229 
0.154126 0.91157 0.107454 0.26922 -1.58304 -0.118518 
0.456477 0.466495 0.696303 0.89711 -1.30739 -0.315283 
0.340792 0.546663 0.544408 0.799131 -1.22277 -0.337162 
0.248454 0.639366 0.3693 0.728839 -1.13153 -0.362891 
0.174878 0.744901 0.171498 0.683197 -1.03374 -0.394255 
0.225936 0.369844 0.39594 1.06788 -0.378369 -0.873821 
0.154143 0.597398 0.191469 0.892118 -0.348706 -0.739701 
0.421644 -0.286591 0.373849 -0.516434 0.975598 0.746375 
0.311852 -0.0653444 0.388685 -0.565029 0.717453 0.785117 
0.224313 0.212095 0.313494 -0.675215 0.507101 0.875113 
0.153923 0.512613 0.15316 -0.826557 0.364506 0.998308 
0.414536 -0.207932 -0.106074 -0.345813 1.49977 0.513107 
0.306966 -0.110759 0.114086 -0.330001 1.16535 0.517558 
0.221045 0.120173 0.187108 -0.357557 0.8506 0.543647 
0.151785 0.448507 0.109928 -0.430825 0.594034 0.601642 
0.302314 -0.0413171 -0.261089 -0.248602 1.55288 0.392175 
0.217509 0.0796367 0.020879 -0.243491 1.14164 0.408145 
0.149071 0.394816 0.0629554 -0.283254 0.779557 0.443485 
0.298683 0.173847 -0.832193 -0.223876 1.96126 0.294256 
0.214074 0.0875488 -0.189982 -0.186251 1.40092 0.329089 
0.146784 0.35087 0.00859666 -0.206579 0.9351 0.355584 
0.752024 1.17482 0.108236 1.33089 -1.9237 -0.15666 
0.572321 1.06292 0.155616 1.14646 -1.8493 -0.201104 
0.404057 0.976732 0.135539 0.977839 -1.73975 -0.262816 
0.254181 0.928197 0.0471584 0.841892 -1.59647 -0.324752 
0.759437 0.654341 0.341066 1.57052 -1.57062 -0.575388 
0.580875 0.669177 0.313371 1.4212 -1.47201 -0.580564 
0.413345 0.713856 0.228662 1.28652 -1.37015 -0.599581 
0.263957 0.788204 0.0891141 1.17662 -1.26184 -0.631329 
0.404056 0.47127 0.267601 1.58201 -0.957106 -1.08291 
0.254367 0.649959 0.12309 1.44793 -0.850188 -1.0322 
0.737781 0.0329665 0.0976583 -0.857497 1.38773 1.30852 
0.559017 0.123437 0.207292 2.22935 -1.12645 -1.78779 
0.39241 0.305824 0.210783 -1.02284 0.895996 1.43217 
0.72517 0.082187 -0.373182 -0.650569 1.74817 0.93048 
0.547724 0.0650416 -0.0509776 -0.625736 1.39871 0.969826 
0.382736 0.208564 0.0946231 -0.667247 1.06985 1.01534 
0.236676 0.48291 0.0700503 -0.777089 0.794659 1.09602 
0.539396 0.128802 -0.431872 -0.501499 1.71637 0.734781 
0.375532 0.164128 -0.066569 -0.48781 1.28621 0.780645 
0.230638 0.425993 0.0266565 -0.556094 0.909302 0.841378 
0.370101 0.170698 -0.278567 -0.390533 1.50785 0.628707 
0.226064 0.380023 -0.0253127 -0.425301 1.02628 0.681535 
-0.309556 0.758617 0.252071 -0.965971 -1.91705 0.252472 
-0.120787 0.641016 0.145063 -0.794633 -1.68219 0.35187 
-0.754665 0.701476 0.31247 -1.5056 -1.90233 0.426832 
-0.53438 0.580671 0.357979 -1.30838 -1.76853 0.481939 
-0.320269 0.518158 0.303187 -1.13531 -1.60028 0.545907 
-0.128907 0.527308 0.152213 -1.00805 -1.40969 0.602988 
-0.758325 0.284791 0.322464 1.47775 1.70377 4.09895 
-0.324919 0.319038 0.278432 -1.41512 -1.34678 0.955499 
-0.133315 0.428987 0.130507 -1.31198 -1.18255 0.960234 
-0.754665 0.0677251 0.100298 1.23962 1.63733 -1.60891 
-0.743899 0.0899724 -0.355702 0.994482 1.79827 -1.09328 
-0.523433 0.034365 -0.0942798 0.954611 1.5028 -1.14048 
-0.309728 0.108033 0.0283625 0.97115 1.21549 -1.17958 
-0.511402 0.133313 -0.527766 0.756014 1.77841 -0.774922 
-0.298915 0.108394 -0.190418 0.703864 1.40815 -0.827672 
-0.110618 0.26774 -0.0719868 0.728301 1.07537 -0.869229 
-0.290673 0.168159 -0.470714 0.565959 1.64434 -0.603818 
-0.103768 0.256901 -0.169705 0.552596 1.21545 -0.651258 
-0.138357 0.733883 0.332023 -0.511549 -1.9358 0.102575 
-0.0291553 0.636889 0.17262 -0.409295 -1.67753 0.159699 
-0.454368 0.548708 0.658496 -0.855299 -1.80765 0.182873 
-0.285293 0.476117 0.56611 -0.692543 -1.63899 0.246921 
-0.145726 0.463429 0.41181 -0.578658 -1.45723 0.280612 
-0.0338542 0.504783 0.205579 -0.502207 -1.27561 0.298245 
-0.473397 -0.0225368 0.668903 -1.32322 -1.25647 0.885099 
-0.303205 0.0961278 0.545922 -1.20613 -1.1255 0.845431 
-0.163162 0.237202 0.381935 -1.10992 -1.01285 0.81746 
-0.0500867 0.393446 0.179384 -1.04375 -0.908505 0.812927 
-0.284317 -0.127134 0.37752 -1.98029 -0.766674 1.81115 
-0.145395 0.0746147 0.285063 1.27223 0.604364 -1.41939 
-0.44063 -0.219216 -0.0781203 0.6495 1.41415 -0.717563 
-0.274277 -0.140306 0.0583924 0.616647 1.14376 -0.712869 
-0.138379 0.0275723 0.0984094 0.625986 0.895557 -0.724694 
-0.0290619 0.263782 0.0394314 0.670415 0.690298 -0.754604 
-0.429612 0.0927546 -0.855329 0.555025 1.95768 -0.405224 
-0.26617 -0.0274198 -0.370686 0.452759 1.57284 -0.461261 
-0.132639 0.0418034 -0.129997 0.422408 1.23746 -0.474546 
-0.0251244 0.248405 -0.0589633 0.437219 0.940405 -0.4944 
-0.127509 0.106584 -0.409743 0.330962 1.53456 -0.332016 
-0.021251 0.242688 -0.159839 0.324795 1.13523 -0.3561 
0.0460895 0.735549 0.348057 -0.0574465 -1.97918 -0.0198629 
0.0646859 0.644236 0.171648 -0.0414367 -1.71126 -0.0171833 
-0.00643246 0.50425 0.787295 -0.0617194 -1.85039 0.00191085 
0.0257627 0.450084 0.628756 -0.0321322 -1.63737 -0.000310663 
0.0496168 0.456756 0.435979 -0.0119187 -1.45103 -0.00941054 
0.0679664 0.508064 0.212607 0.00389509 -1.27892 -0.0216749 
-0.0249593 -0.21253 0.837026 -0.38472 -0.660902 0.309378 
0.0104674 0.00537392 0.641242 -0.319938 -0.671828 0.253731 
0.0367648 0.192826 0.435273 -0.285844 -0.647362 0.231023 
0.0567998 0.368458 0.212981 -0.269932 -0.598402 0.225063 
-0.0064227 -0.442965 0.511736 0.125356 0.493723 -0.129403 
0.0257728 -0.198759 0.430354 0.0994619 0.328472 -0.095976 
0.0496174 0.0474844 0.303926 0.0575787 0.207207 -0.0455172 
0.0679659 0.288754 0.136255 -0.0276135 0.133284 0.0479159 
-0.00943844 -0.337765 0.00494281 0.0924504 1.23336 -0.0773394 
0.022475 -0.195654 0.0984115 0.0803068 0.995997 -0.0653645 
0.0462754 0.00978972 0.108463 0.0747817 0.779313 -0.0562606 
0.0646887 0.260698 0.0348473 0.0725475 0.601174 -0.0484743 
-0.00941682 -0.0267471 -0.739184 0.090556 1.84987 -0.033148 
0.0220074 -0.0765608 -0.329747 0.0725544 1.48932 -0.0361719 
0.0455583 0.0276139 -0.120989 0.0664065 1.17558 -0.0350538 
0.0638354 0.247942 -0.0640569 0.0673911 0.897721 -0.0353482 
0.0228001 0.218149 -1.01711 0.069963 1.99023 0.000627668 
0.0460511 0.0945097 -0.400743 0.0554297 1.49724 -0.0103324 
0.0641359 0.243992 -0.165315 0.0541789 1.11193 -0.0134645 
0.224308 0.752939 0.305372 0.336046 -1.97196 -0.128834 
0.153962 0.655263 0.150937 0.269207 -1.71888 -0.165032 
0.428469 0.549011 0.679605 0.51426 -1.8203 -0.148905 
0.31601 0.489175 0.558746 0.405652 -1.63775 -0.187637 
0.226038 0.481921 0.39444 0.33189 -1.45923 -0.200857 
0.154133 0.519895 0.192666 0.280645 -1.28791 -0.202181 
0.456479 -0.058525 0.703457 1.0891 -1.01876 -0.78696 
0.340801 0.0916315 0.550843 0.989189 -0.9376 -0.73274 
0.248457 0.242697 0.375171 0.91659 -0.862693 -0.703399 
0.174224 0.396056 0.175828 0.872551 -0.785985 -0.699836 
0.428479 -0.315393 0.423163 -0.829001 0.702063 0.982008 
0.315566 -0.12477 0.367628 -0.891723 0.530047 1.03427 
0.22594 0.0858782 0.26498 -0.992674 0.396531 1.11746 
0.154145 0.305141 0.117334 2.04233 -0.303525 -1.93969 
0.421638 -0.230725 -0.0755575 -0.434717 1.32699 0.549743 
0.311833 -0.126264 0.0393148 -0.409743 1.08297 0.540417 
0.224313 0.0489397 0.0698546 -0.412373 0.859465 0.542575 
0.153916 0.278214 0.0149891 -0.436132 0.672138 0.555404 
0.414921 0.0854168 -0.85246 -0.368856 1.92512 0.355022 
0.306971 -0.00952876 -0.393115 -0.302415 1.55173 0.389228 
0.221045 0.0663078 -0.160005 -0.282674 1.232 0.398283 
0.151779 0.265596 -0.0841828 -0.291682 0.948589 0.411003 
0.217509 0.133426 -0.442503 -0.221126 1.54054 0.311943 
0.148836 0.260846 -0.184239 -0.215935 1.14915 0.328387 
0.392209 0.791617 0.203357 0.799532 -1.94856 -0.272109 
0.245363 0.672724 0.105803 0.664641 -1.72491 -0.349383 
0.75193 0.694828 0.343798 1.2529 -1.85596 -0.404048 
0.572097 0.599188 0.340477 1.09055 -1.72674 -0.457907 
0.404039 0.549815 0.26642 0.95701 -1.57092 -0.50718 
0.254354 0.553245 0.124645 0.858504 -1.39935 -0.548426 
0.759461 0.26546 0.346861 1.57069 -1.57064 5.32488 
0.581199 0.288035 0.318335 1.4683 -1.4243 -0.95692 
0.413635 0.353028 0.233747 1.37368 -1.28436 -0.955493 
0.264007 0.454737 0.0945088 1.29569 -1.15295 -0.962919 
0.57232 0.0888725 0.170663 1.91125 -1.19317 -1.58846 
0.737602 0.0695354 -0.344089 -0.841662 1.65699 1.00413 
0.558995 0.057837 -0.128454 -0.812408 1.38978 1.03439 
0.392363 0.146251 -0.0237116 -0.824477 1.13593 1.06164 
0.244505 0.320611 -0.0259388 -0.87715 0.913919 1.10224 
0.547724 0.168655 -0.575258 -0.625566 1.74143 0.724675 
0.382796 0.155234 -0.249169 -0.5845 1.3932 0.771043 
0.236676 0.301301 -0.12024 -0.601833 1.08405 0.803579 
0.375541 0.22182 -0.538247 -0.468053 1.65529 0.590118 
0.230646 0.293637 -0.219359 -0.45588 1.24153 0.634047 
-0.298896 0.571522 0.28637 -0.776242 -1.99464 0.307281 
-0.110704 0.430009 0.105339 -0.628291 -1.6551 0.406814 
-0.523223 0.504211 0.368599 -1.06997 -1.95199 0.447763 
-0.309727 0.367955 0.28991 -0.896233 -1.70484 0.543275 
-0.119634 0.351041 0.0781466 -0.797221 -1.43168 0.605839 
-0.754647 0.306422 0.335928 -1.38678 -1.8554 0.813969 
-0.534614 0.216503 0.327393 -1.25401 -1.65435 0.864475 
-0.320306 0.2102 0.221626 -1.15401 -1.43756 0.900691 
-0.129044 0.286051 0.0227443 -1.09158 -1.2234 0.933715 
-0.128901 0.225792 -0.176834 1.2405 1.08113 -1.29486 
-0.523421 0.18305 -0.675279 0.975009 1.75172 -0.785478 
-0.309727 0.142584 -0.413323 0.892566 1.46064 -0.844451 
-0.119635 0.235662 -0.317048 0.8654 1.19585 -0.870925 
-0.298915 0.283503 -0.817392 0.707025 1.75464 -0.536135 
-0.110633 0.270539 -0.47804 0.637617 1.39018 -0.600964 
-0.133225 0.536955 0.360439 -0.43658 -1.98035 0.144966 
-0.0251282 0.422129 0.128117 -0.349693 -1.62871 0.204453 
-0.27496 0.400424 0.555777 -0.585673 -1.87997 0.228859 
-0.138412 0.315361 0.37916 -0.475343 -1.60779 0.28132 
-0.0290639 0.335109 0.114919 -0.417724 -1.34776 0.303703 
-0.454375 0.0117448 0.696861 -0.82908 -1.47177 0.554027 
-0.284305 0.0421638 0.540346 -0.724703 -1.28685 0.545147 
-0.145411 0.125683 0.335015 -0.649141 -1.11612 0.52796 
-0.033832 0.249821 0.0825103 -0.600766 -0.952126 0.518052 
-0.303194 -0.1315 0.328435 -1.44665 -1.01537 1.33843 
-0.163463 0.025996 0.177752 -1.39881 -0.880882 1.30447 
-0.0500528 0.205126 -0.0180136 1.76772 0.767974 -1.84147 
-0.454375 -0.247951 -0.0254852 0.911992 1.18844 -0.895573 
-0.284307 -0.151502 -0.0040199 0.868759 0.985254 -0.880773 
-0.145395 -0.00495894 -0.0408934 0.848801 0.809043 -0.871264 
-0.0338312 0.180178 -0.138809 0.838512 0.667741 -0.857739 
-0.440628 0.0587699 -0.800265 0.655228 1.76925 -0.449275 
-0.274301 0.00682252 -0.500666 0.556367 1.48871 -0.47843 
-0.138367 0.0666388 -0.346042 0.504608 1.24033 -0.4777 
-0.0290625 0.209933 -0.301469 0.481544 1.02408 -0.471133 
-0.132647 0.211303 -0.740648 0.398891 1.64301 -0.298179 
-0.025124 0.254998 -0.469628 0.361474 1.31373 -0.321396 
0.0455352 0.53281 0.375322 -0.0670926 -1.98872 -0.0178341 
0.0638693 0.425852 0.129201 -0.0527383 -1.63546 -0.0100419 
0.0224564 0.372292 0.612171 -0.0707788 -1.88102 2.96893e-05 
0.0462748 0.308635 0.398399 -0.0525606 -1.60315 0.00130992 
0.064695 0.339301 0.118307 -0.0420121 -1.35329 -0.00229123 
-0.00633938 -0.126083 0.837872 -0.0619997 -1.27169 0.0372746 
0.0257643 -0.0152542 0.609382 -0.0351118 -1.15291 0.0161775 
0.0496175 0.108862 0.363715 -0.0137979 -1.0309 -0.00373537 
0.0679662 0.248217 0.094044 0.00476073 -0.900511 -0.0235121 
-0.0249621 -0.455569 0.57763 -1.09585 -0.26131 1.08158 
0.0104651 -0.230706 0.413241 -0.833684 -0.267055 0.815594 
0.0366149 -0.0225656 0.226269 -0.706752 -0.264855 0.689244 
0.0566833 0.177047 0.0142419 -0.674384 -0.242961 0.659888 
-0.00642312 -0.377996 0.0619956 0.077213 0.876792 -0.0683262 
0.0252963 -0.2141 0.0408513 0.0494185 0.731641 -0.0393206 
0.0495497 -0.0278166 -0.0271642 0.0205645 0.613297 -0.00598147 
0.0680349 0.173885 -0.140427 -0.00766207 0.524783 0.0272538 
-0.00983722 -0.0633379 -0.68725 0.0875539 1.64929 -0.0391657 
0.022461 -0.0437251 -0.459949 0.0683354 1.40133 -0.0331127 
0.0462758 0.0526461 -0.339647 0.0567279 1.18373 -0.0244394 
0.063938 0.209897 -0.307947 0.0496012 0.993369 -0.0164091 
0.0455633 0.19815 -0.731141 0.0613097 1.61432 -0.00670133 
0.0638357 0.257626 -0.478476 0.0546488 1.30173 -0.00783711 
0.221437 0.557398 0.333382 0.293778 -1.99963 -0.176961 
0.151781 0.440959 0.107174 0.236711 -1.65515 -0.217441 
0.312241 0.417603 0.540615 0.380496 -1.89469 -0.213477 
0.22433 0.339467 0.355533 0.308969 -1.62697 -0.246485 
0.153208 0.353687 0.0984804 0.270007 -1.37705 -0.258775 
0.428543 -0.00515747 0.723818 0.507733 -1.37303 -0.396369 
0.315577 0.0528213 0.538277 0.43246 -1.21899 -0.373315 
0.225937 0.144543 0.322348 0.377008 -1.07442 -0.348846 
0.153929 0.263441 0.0743569 0.336984 -0.930213 -0.328185 
0.45648 -0.298814 0.467025 -1.71542 0.867192 1.7922 
0.340794 -0.136462 0.332862 -1.78162 0.760161 1.85793 
0.248457 0.032849 0.170625 1.30943 -0.673811 -1.241 
0.428498 -0.269523 -0.0163091 -0.601195 1.00283 0.640983 
0.31557 -0.14541 -0.0170274 -0.556891 0.839603 0.609573 
0.225937 0.0106476 -0.0640863 -0.526229 0.700358 0.580429 
0.15413 0.191274 -0.159074 -0.49799 0.590537 0.546086 
0.421947 0.0507073 -0.800007 -0.427008 1.73068 0.366479 
0.311843 0.0248537 -0.526386 -0.361609 1.46799 0.378418 
0.224313 0.0921195 -0.37997 -0.326812 1.23968 0.374146 
0.153915 0.229228 -0.330646 -0.309732 1.04104 0.366036 
0.221048 0.243637 -0.784859 -0.267369 1.66324 0.276785 
0.151453 0.275876 -0.498715 -0.241234 1.33871 0.293631 
0.236756 0.465456 0.0639459 0.528392 -1.69151 -0.42241 
0.558916 0.529724 0.342435 0.872244 -1.93994 -0.440959 
0.392339 0.408876 0.245875 0.737573 -1.70266 -0.515785 
0.244551 0.384502 0.0449045 0.660538 -1.44836 -0.563004 
0.751936 0.286966 0.372716 1.17336 -1.72167 -0.767455 
0.572317 0.235463 0.315377 1.06869 -1.54155 -0.80094 
0.404086 0.244813 0.190485 0.991371 -1.35507 -0.823331 
0.254359 0.312196 -0.000170818 0.943773 -1.17048 -0.846821 
0.751928 0.0554366 -0.299312 -1.14732 1.55377 1.14912 
0.572318 0.0592186 -0.201334 -1.11472 1.35098 1.16595 
0.404056 0.12633 -0.172905 -1.1023 1.15851 1.17707 
0.254361 0.249495 -0.214253 -1.10424 0.988022 1.18314 
0.558993 0.216797 -0.726289 -0.803565 1.69571 0.718303 
0.392339 0.189256 -0.476546 -0.738756 1.42946 0.762299 
0.244493 0.270077 -0.368151 -0.714785 1.19175 0.779735 
0.382735 0.350473 -0.911886 -0.589134 1.785 0.512626 
0.23669 0.312693 -0.537169 -0.53002 1.42792 0.576275 
-0.291335 0.401211 0.279164 -0.616906 -1.95846 0.387777 
-0.103764 0.296143 -0.0357826 -0.515276 -1.51556 0.470892 
-0.298915 0.24689 0.229172 -0.700914 -1.71055 0.574055 
-0.110629 0.258407 -0.1018 -0.643723 -1.3489 0.631202 
-0.743898 0.326014 0.346168 -1.11695 -2.00103 0.719947 
-0.523433 0.169952 0.300182 -0.971778 -1.73923 0.804034 
-0.30975 0.138889 0.120843 -0.89357 -1.45377 0.853001 
-0.119642 0.232568 -0.189446 -0.877395 -1.17125 0.902566 
-0.754646 0.0847901 0.150486 1.85188 1.76022 -1.92011 
-0.534614 0.0441498 0.0914496 -1.24676 -1.52412 1.25179 
-0.128907 0.229175 -0.314019 1.88261 1.06987 -1.80796 
-0.758338 0.080705 -0.282141 1.60351 1.72969 -1.36691 
-0.53895 0.061648 -0.261988 1.5594 1.5147 -1.37013 
-0.324879 0.121598 -0.326342 1.51428 1.30527 -1.3585 
-0.754709 0.420225 -1.19352 1.42561 1.87737 -0.679204 
-0.534614 0.247531 -0.835996 1.25785 1.66816 -0.821925 
-0.320305 0.231164 -0.700186 1.14971 1.45271 -0.866442 
-0.128907 0.317919 -0.697603 1.07112 1.25687 -0.868763 
-0.119634 0.438703 -1.00246 0.788377 1.52621 -0.509615 
-0.12755 0.358324 0.34771 -0.352199 -1.91476 0.196292 
-0.0206854 0.285194 -0.0136637 -0.293966 -1.47283 0.244053 
-0.266597 0.312537 0.542292 -0.49737 -1.98066 0.249552 
-0.132647 0.191622 0.306637 -0.398206 -1.61434 0.310195 
-0.0251239 0.243832 -0.0740476 -0.366027 -1.27182 0.337979 
-0.44063 0.0612746 0.683143 -0.655594 -1.77156 0.447458 
-0.274306 0.0101357 0.48934 -0.556207 -1.49318 0.475065 
-0.138367 0.0671582 0.213763 -0.50434 -1.24161 0.47685 
-0.0290621 0.207019 -0.144854 -0.490118 -0.998106 0.487282 
-0.454373 -0.263409 0.488832 -0.928101 -1.15942 0.937072 
-0.284317 -0.154091 0.296027 -0.875617 -0.976515 0.893187 
-0.145396 -0.00465611 0.0554974 -0.845239 -0.812349 0.866097 
-0.033831 0.181567 -0.243794 -0.858691 -0.653964 0.883285 
-0.163189 0.0253231 -0.224358 1.40295 0.879843 -1.31122 
-0.0500902 0.21296 -0.430034 -1.79825 -0.774823 1.88392 
-0.454371 0.00643454 -0.708556 0.829558 1.46738 -0.558841 
-0.284441 0.0387933 -0.616755 0.726183 1.28303 -0.54944 
-0.145412 0.13079 -0.600426 0.646596 1.12341 -0.522232 
-0.0338345 0.27385 -0.658585 0.581008 0.995646 -0.482906 
-0.138364 0.488677 -1.36211 0.48496 1.76661 -0.198191 
-0.0290661 0.416204 -0.988477 0.409421 1.45974 -0.253979 
0.0460487 0.351131 0.362601 -0.0585097 -1.9041 -0.0128959 
0.0641393 0.288614 -0.0150094 -0.0488489 -1.46376 -0.00532701 
0.0220051 0.277946 0.597198 -0.0781025 -1.95689 0.000832059 
0.0455647 0.181132 0.325125 -0.0612605 -1.58764 0.00849165 
0.0638363 0.24588 -0.0708605 -0.0554095 -1.25597 0.0104741 
-0.0091466 -0.0600946 0.814127 -0.087192 -1.65313 0.0390266 
0.0224593 -0.041315 0.54916 -0.0683148 -1.4055 0.033029 
0.0462757 0.0536816 0.236203 -0.0566666 -1.18661 0.0242757 
0.0646879 0.207589 -0.137544 -0.049876 -0.966121 0.0169906 
-0.00642071 -0.420677 0.612724 -0.0868471 -0.753264 0.0823283 
0.0257729 -0.220383 0.361588 -0.0497491 -0.700376 0.0398538 
0.0495486 -0.0274614 0.0873395 -0.0204222 -0.618194 0.0058067 
0.0680342 0.174794 -0.226698 0.0075942 -0.506337 -0.0271756 
-0.0249592 -0.416073 0.147825 0.728961 0.353079 -0.697455 
0.0104674 -0.221379 0.00282293 0.744105 0.293197 -0.722418 
0.0366148 -0.0237476 -0.175286 0.718197 0.261267 -0.701094 
0.056683 0.182429 -0.394655 0.625384 0.259544 -0.609291 
-0.0065938 -0.11903 -0.601404 0.0618242 1.28022 -0.0362041 
0.0257625 -0.0191826 -0.568992 0.0351276 1.14696 -0.0161879 
0.0496174 0.111873 -0.589625 0.0137475 1.03608 0.00383402 
0.0679661 0.272647 -0.666884 -0.00457517 0.952487 0.0232035 
0.0462747 0.46877 -1.34189 0.0535505 1.76901 0.00752769 
0.0647002 0.423547 -1.00716 0.0411471 1.47918 0.007708 
0.217534 0.380699 0.321002 0.235774 -1.92323 -0.222425 
0.148642 0.304182 -0.034575 0.19778 -1.4881 -0.255569 
0.307216 0.329491 0.525623 0.331075 -1.98256 -0.246794 
0.221048 0.216307 0.282496 0.266566 -1.62232 -0.287983 
0.15146 0.262721 -0.0914173 0.245052 -1.28883 -0.306932 
0.421747 0.0546135 0.699151 0.427108 -1.73469 -0.363871 
0.311843 0.0279645 0.478663 0.361426 -1.47275 -0.376566 
0.224313 0.0914949 0.194617 0.327003 -1.23804 -0.374729 
0.15376 0.224991 -0.158524 0.315346 -1.00765 -0.377844 
0.428504 -0.289039 0.516539 0.623653 -0.954555 -0.681135 
0.31557 -0.14783 0.298132 0.562691 -0.829249 -0.618201 
0.225937 0.0109937 0.0473604 0.523303 -0.704602 -0.576594 
0.15413 0.192648 -0.248955 0.515823 -0.569479 -0.567407 
0.340795 -0.134016 -0.0720352 -1.35007 0.762217 1.26999 
0.24853 0.0315914 -0.230791 1.8278 -0.672761 -1.89471 
0.428638 -0.0108062 -0.701075 -0.508738 1.36705 0.400287 
0.315577 0.0503481 -0.637938 -0.433029 1.21579 0.374939 
0.225937 0.152708 -0.633609 -0.374274 1.08745 0.343034 
0.15413 0.29194 -0.68917 -0.324507 0.98661 0.30534 
0.153917 0.452915 -1.04767 -0.266576 1.51492 0.220979 
0.376162 0.443717 0.225718 0.509733 -1.96736 -0.419809 
0.230647 0.333269 -0.0771549 0.429855 -1.54061 -0.490435 
0.38295 0.291545 0.181608 0.580871 -1.71038 -0.56175 
0.236686 0.295459 -0.139891 0.53609 -1.36837 -0.611337 
0.737394 0.315393 0.374005 0.914972 -1.92459 -0.676843 
0.559003 0.19684 0.28 0.800893 -1.67301 -0.741842 
0.39234 0.181218 0.0831067 0.741097 -1.4125 -0.777955 
0.244494 0.265203 -0.218644 0.72912 -1.15309 -0.816672 
0.572331 0.0596181 0.0847309 1.11437 -1.35199 -1.16394 
0.404063 0.125893 -0.0868955 1.10533 -1.15492 -1.1845 
0.254398 0.252783 -0.332709 1.13055 -0.968267 -1.23076 
0.759458 0.0578254 -0.257947 -1.57091 1.57044 1.37101 
0.581198 0.0845896 -0.286281 -1.53468 1.3959 1.36593 
0.751932 0.386833 -1.16027 -1.19156 1.7649 0.660606 
0.572285 0.274882 -0.881161 -1.06774 1.56801 0.752298 
0.404053 0.276532 -0.766176 -0.982229 1.385 0.777249 
0.254353 0.352947 -0.752541 -0.91615 1.22282 0.771398 
0.244493 0.505867 -1.11037 -0.654818 1.58754 0.456144 
-0.28458 0.265417 0.223433 -0.496674 -1.85139 0.458305 
-0.0986006 0.258942 -0.287927 -0.451805 -1.30861 0.530458 
-0.290683 0.161465 0.123906 -0.565689 -1.62894 0.611826 
-0.103763 0.263863 -0.399718 -0.562536 -1.17397 0.678354 
-0.511417 0.128855 0.256407 -0.754808 -1.77175 0.781208 
-0.298917 0.107961 -0.0302023 -0.704329 -1.40491 0.83047 
-0.110619 0.284171 -0.536294 -0.749892 -1.03371 0.912912 
-0.743959 0.0895275 0.17487 -0.994326 -1.79761 1.0942 
-0.523433 0.0346834 0.0292956 -0.954387 -1.50515 1.13716 
-0.309729 0.108793 -0.249525 -0.972481 -1.21305 1.1834 
-0.119645 0.328789 -0.716324 2.05492 0.928182 -1.82631 
-0.538968 0.33692 -1.0337 1.53369 1.52687 -0.873186 
-0.324875 0.435667 -1.17182 1.38614 1.37085 -0.816065 
-0.123399 0.216195 0.289385 -0.285207 -1.79182 0.236097 
-0.0178243 0.246681 -0.267034 -0.260565 -1.25781 0.27739 
-0.259641 0.222861 0.524518 -0.409407 -1.98977 0.27853 
-0.127509 0.105061 0.19406 -0.331013 -1.53074 0.333314 
-0.0210093 0.247487 -0.371333 -0.330309 -1.09627 0.369958 
-0.429613 0.0907575 0.66953 -0.554541 -1.95573 0.406524 
-0.266171 -0.0250871 0.42803 -0.452805 -1.57707 0.458945 
-0.132639 0.0422066 0.0496051 -0.421887 -1.24074 0.472944 
-0.025124 0.261449 -0.498166 -0.452717 -0.89774 0.519952 
-0.440631 -0.232289 0.493 -0.65334 -1.38503 0.740094 
-0.274299 -0.141492 0.212705 -0.619458 -1.13415 0.719219 
-0.138382 0.0268454 -0.148367 -0.623763 -0.898882 0.721057 
-0.0290751 0.288638 -0.65012 -0.717962 -0.644297 0.814969 
-0.284306 -0.124623 -0.13355 -1.16872 -0.76359 1.34074 
-0.145395 0.0743238 -0.433348 -1.27133 -0.604556 1.4183 
-0.473481 -0.0268881 -0.613795 1.32536 1.2552 -0.891325 
-0.303195 0.0985216 -0.743696 1.20462 1.12671 -0.842082 
-0.163162 0.286333 -0.967541 1.07659 1.04139 -0.753045 
0.0466997 0.206653 0.303859 -0.0483582 -1.77189 -0.00909013 
0.0646203 0.249572 -0.268516 -0.0443336 -1.2422 -0.00224515 
0.0227993 0.183784 0.577214 -0.068854 -1.95236 0.00222472 
0.0460506 0.0937086 0.210431 -0.0554405 -1.49515 0.0104684 
0.0641368 0.249617 -0.371493 -0.0554114 -1.0688 0.0161283 
-0.00941896 -0.0211697 0.793446 -0.0907233 -1.85619 0.0325524 
0.0220042 -0.0763975 0.483138 -0.07256 -1.48976 0.0362346 
0.0455581 0.0281444 0.0696362 -0.0662866 -1.17997 0.0347399 
0.0638364 0.260533 -0.491342 -0.0700865 -0.850907 0.0395441 
-0.00942548 -0.374947 0.609073 -0.0962703 -1.13512 0.0874059 
0.0224754 -0.198447 0.269957 -0.081702 -0.970351 0.0678737 
0.0462753 0.00906534 -0.122354 -0.0744097 -0.784263 0.0557362 
0.0646898 0.284192 -0.63615 -0.0791498 -0.54492 0.0563271 
-0.0064256 -0.415973 0.206833 -0.171958 -0.354874 0.180352 
0.0257727 -0.190748 -0.0665562 -0.107656 -0.302903 0.104593 
0.0496174 0.0459763 -0.393903 -0.0565804 -0.210685 0.0444966 
0.0679653 0.336569 -0.842197 0.0612381 -0.0527121 -0.0816811 
-0.0249598 -0.186945 -0.470747 0.369524 0.691746 -0.289886 
0.0104672 0.000645779 -0.641025 0.322446 0.665901 -0.256924 
0.0366155 0.222213 -0.88709 0.272746 0.683235 -0.213625 
0.056682 0.575475 -1.38524 0.206917 0.820527 -0.142354 
0.214635 0.240171 0.263076 0.189412 -1.79511 -0.255379 
0.14658 0.266069 -0.288394 0.173561 -1.26625 -0.284132 
0.302423 0.240168 0.507108 0.27191 -1.98333 -0.276419 
0.217509 0.129939 0.170009 0.221196 -1.53164 -0.313942 
0.148841 0.267234 -0.392729 0.221564 -1.10154 -0.340641 
0.414672 0.0854848 0.68154 0.368772 -1.92501 -0.35422 
0.306971 -0.00684633 0.414878 0.302391 -1.55687 -0.387594 
0.221045 0.0664882 0.0287274 0.282524 -1.23345 -0.397828 
0.151505 0.279384 -0.514275 0.302295 -0.897273 -0.429557 
0.421638 -0.245961 0.510756 0.439439 -1.28923 -0.567764 
0.311833 -0.127085 0.206321 0.411375 -1.07588 -0.543867 
0.224313 0.0484732 -0.164123 0.411278 -0.86234 -0.540894 
0.153916 0.305958 -0.66484 0.474661 -0.613181 -0.603522 
0.42847 -0.301993 0.123589 0.896248 -0.656473 -1.06818 
0.315566 -0.1225 -0.127666 0.901517 -0.525484 -1.04561 
0.225937 0.0863041 -0.438091 0.993917 -0.39643 -1.11886 
0.154129 0.361242 -0.876463 -1.74737 0.273564 1.63215 
0.456478 -0.0606032 -0.58159 -1.09058 1.01751 0.789802 
0.340799 0.0932965 -0.737968 -0.987766 0.938735 0.730398 
0.248457 0.29496 -0.978684 -0.874302 0.903831 0.63683 
0.37021 0.311035 0.170529 0.406835 -1.85267 -0.483197 
0.226047 0.297384 -0.330969 0.372396 -1.32307 -0.546408 
0.375543 0.209123 0.0742466 0.467238 -1.62536 -0.604207 
0.230643 0.302756 -0.442283 0.466628 -1.18302 -0.664692 
0.547725 0.159878 0.229028 0.623869 -1.72708 -0.73515 
0.382735 0.154102 -0.074135 0.585696 -1.38188 -0.777674 
0.236676 0.322262 -0.576482 0.625788 -1.02423 -0.85204 
0.737657 0.0700362 0.205723 0.842173 -1.65817 -1.00325 
0.558998 0.0580764 0.0148727 0.81229 -1.39154 -1.03277 
0.392339 0.148376 -0.283264 0.829788 -1.12807 -1.07261 
0.244495 0.361781 -0.748359 0.936083 -0.857426 -1.19545 
0.58117 0.371565 -1.0807 -1.45389 1.4359 0.853634 
0.413633 0.523439 -1.30373 -1.32233 1.32728 0.759949 
-0.279728 0.172392 0.120884 -0.413506 -1.70741 0.510002 
-0.0945911 0.34462 -0.697547 -0.438801 -1.04245 0.605003 
-0.284481 0.12002 -0.0281891 -0.476671 -1.49941 0.643892 
-0.0986133 0.414822 -0.90347 -0.5656 -0.904289 0.778766 
-0.502121 0.0931349 0.199522 -0.60638 -1.7482 0.778271 
-0.290635 0.118858 -0.232776 -0.589694 -1.29393 0.830667 
-0.10376 0.557944 -1.23697 -0.810221 -0.746752 1.09664 
-0.731727 0.0951904 0.18725 -0.773798 -1.84219 1.00881 
-0.511578 0.0360292 -0.0538961 -0.739874 -1.47423 1.0538 
-0.298915 0.175542 -0.511717 -0.798835 -1.10011 1.12701 
-0.743899 0.0574389 -0.194764 2.18562 1.57001 -1.7132 
-0.523443 0.107558 -0.454613 -1.01775 -1.2756 1.48476 
-0.120209 0.120086 0.183848 -0.238431 -1.64127 0.263482 
-0.0152403 0.329051 -0.672261 -0.255057 -0.988054 0.318648 
-0.254266 0.139712 0.497673 -0.336137 -1.9508 0.303711 
-0.123395 0.0630113 0.0383324 -0.282131 -1.40333 0.348561 
-0.0180303 0.394911 -0.870858 -0.341769 -0.82182 0.43333 
-0.259422 -0.0582693 0.36055 -0.372128 -1.57708 0.450477 
-0.127508 0.0554163 -0.157762 -0.3633 -1.15259 0.472736 
-0.0212542 0.51291 -1.15959 -0.52355 -0.616599 0.655077 
-0.429614 -0.210035 0.488615 -0.510112 -1.53852 0.65309 
-0.266161 -0.12645 0.112531 -0.487632 -1.20415 0.649771 
-0.132646 0.0998689 -0.416669 -0.528675 -0.875527 0.686399 
-0.440673 -0.262036 0.113576 -0.748591 -1.07016 1.01893 
-0.274296 -0.0763891 -0.252696 -0.794365 -0.827943 1.03009 
-0.138376 0.219224 -0.789523 -0.986335 -0.57975 1.20171 
-0.454398 -0.0827117 -0.501866 -1.44938 -0.831332 -4.4448 
-0.284354 0.145698 -0.863189 -1.69092 -0.69577 2.02917 
0.0472433 0.11039 0.196681 -0.0407851 -1.61765 -0.00690564 
0.0650461 0.332646 -0.675511 -0.0438834 -0.96754 0.00266568 
0.0236848 0.0978581 0.54789 -0.0576616 -1.90795 0.00338926 
0.0466951 0.0516641 0.0530501 -0.0484287 -1.36656 0.0103624 
0.0646267 0.394383 -0.866427 -0.0589394 -0.789663 0.0248697 
-0.00815187 -0.00124769 0.780806 -0.0818336 -1.97254 0.0246851 
0.0227971 -0.108464 0.411373 -0.064068 -1.49525 0.0327637 
0.0460499 0.0417049 -0.139592 -0.0622388 -1.0938 0.0348689 
0.0641351 0.50984 -1.15042 -0.0927748 -0.551363 0.0685283 
-0.00939883 -0.345946 0.599699 -0.0893958 -1.33967 0.0786815 
0.0220151 -0.180046 0.165189 -0.0825081 -1.06939 0.0700185 
0.0455589 0.0822388 -0.391885 -0.0877462 -0.7737 0.0723016 
-0.00943471 -0.391573 0.217778 -0.13119 -0.729683 0.144733 
0.0224737 -0.134324 -0.191551 -0.124135 -0.574928 0.125983 
0.0462794 0.191481 -0.746741 -0.155194 -0.344749 0.149151 
0.0257725 0.0632134 -0.759911 0.232146 0.141036 -0.228134 
0.211687 0.14421 0.159394 0.156396 -1.64239 -0.277214 
0.144747 0.350711 -0.69833 0.168928 -0.989109 -0.31608 
0.298689 0.157802 0.479739 0.222061 -1.94097 -0.299161 
0.21407 0.0876217 0.0154335 0.186313 -1.40155 -0.329105 
0.146784 0.418977 -0.900885 0.228662 -0.815532 -0.389988 
0.302314 -0.0398504 0.346133 0.248587 -1.55663 -0.391205 
0.217509 0.0796384 -0.180172 0.243491 -1.14162 -0.408146 
0.149073 0.545461 -1.20457 0.361407 -0.588361 -0.543932 
0.414534 -0.22034 0.501718 0.346789 -1.46899 -0.524099 
0.306966 -0.110729 0.102703 0.33065 -1.16089 -0.519189 
0.221045 0.122901 -0.437197 0.35971 -0.844033 -0.546901 
0.421653 -0.277799 0.132525 0.537144 -0.924755 -0.781875 
0.311832 -0.0659401 -0.255765 0.563219 -0.719606 -0.782935 
0.224313 0.240026 -0.807092 0.725242 -0.47538 -0.931832 
0.366 0.219998 0.0686789 0.336206 -1.70468 -0.528019 
0.222523 0.388795 -0.751971 0.359286 -1.04284 -0.612674 
0.370101 0.168374 -0.0782858 0.391042 -1.49123 -0.635084 
0.226059 0.465429 -0.969157 0.469898 -0.891956 -0.759281 
0.539397 0.125739 0.169166 0.500941 -1.70921 -0.738742 
0.375492 0.16664 -0.28096 0.48986 -1.27177 -0.787992 
0.230638 0.647014 -1.37147 0.713714 -0.689148 -1.0657 
0.725226 0.082143 0.208897 0.650638 -1.74817 -0.929666 
0.547735 0.0650075 -0.0773903 0.62556 -1.40009 -0.968767 
0.382746 0.222083 -0.55854 0.679019 -1.04391 -1.03918 
0.737658 0.0323476 -0.158874 0.856406 -1.39035 -1.30471 
0.558998 0.126728 -0.465288 0.915464 -1.12172 -1.36093 
0.392363 0.382124 -1.00424 1.10109 -0.844054 -1.55301 
-2.02188 0.032786 -1.19637 2.35145 1.8246 -0.29262 
-0.866952 -0.104369 -1.14091 1.25616 1.42557 -0.316379 
-2.37498 -0.230305 -0.989388 2.54266 1.82382 -0.199749 
-0.459754 -0.222439 -1.07398 0.674051 1.31337 -0.17387 
3.03409 0.371022 -2.17943 -3.0206 1.29365 -0.0285969 
0.209847 -0.244078 -1.06715 -0.209859 1.27558 0.0533582 
0.722625 -0.173354 -1.09518 -0.802673 1.31533 0.21687 
1.99282 0.110816 -1.28517 -2.21878 1.77618 0.318341 
1.00741 -0.000714066 -1.22914 -1.28911 1.43028 0.332289 
-1.55493 -0.0437986 -1.11992 1.96565 1.68626 -0.384334 
-0.630197 0.364817 -1.8268 1.06099 1.47182 -6.38799 
-2.44336 -0.0514868 -1.05239 2.63239 1.93645 -0.227775 
1.58062 -0.315476 -1.55471 -1.35081 1.58812 -0.29771 
-0.299251 -0.0603897 -1.17162 0.559005 1.23202 -0.18321 
1.5622 -0.440648 -1.01003 -1.55745 1.51985 0.120019 
0.128108 -0.08216 -1.15484 -0.126231 1.19033 0.0410492 
0.492422 -0.00993502 -1.21917 -0.586338 1.23302 0.188105 
1.56339 0.0179321 -1.17636 -1.85803 1.64286 0.402145 
-1.68087 0.288133 -1.46582 2.17377 1.74516 -0.335537 
-1.10185 0.449576 -1.91964 1.61873 1.52166 6.16853 
-0.772163 -0.22517 -0.986355 1.09727 1.3396 -0.327014 
0.0134906 -0.529557 -0.999385 -2.85237e-05 1.4679 -0.00038134 
0.105595 -0.316931 -0.950476 -0.0983643 1.20768 0.0290017 
0.0917761 0.267441 -1.5835 -0.0821575 1.25583 0.020291 
0.848617 -0.201146 -0.99845 -0.972737 1.29145 0.307216 
1.69055 0.239955 -1.392 -2.04267 1.70931 0.381821 
1.14188 0.132586 -1.30878 -1.53593 1.49459 0.405607 
-0.972293 -0.188265 -0.939307 1.38962 1.4031 -0.450497 
-0.465509 0.0325529 -1.18755 0.89792 1.22352 -0.336054 
-0.00659917 -0.374904 -0.857443 0.0267101 1.15179 -0.00963159 
0.0521856 -0.0681945 -1.08561 -0.038954 1.07338 0.0151991 
0.951459 -0.213372 -0.9223 -1.11924 1.28443 0.394134 
0.519646 0.0434371 -1.19464 -0.679622 1.1542 0.263423 
-0.570653 0.198301 -1.3211 1.17108 1.2762 -0.439322 
-0.00412392 -0.0308377 -1.05431 0.0371581 0.966751 -0.01911 
0.53958 0.135107 -1.23724 -0.778022 1.10251 0.33314 
-0.275948 0.126228 -0.0292209 -0.358598 -1.54467 0.547265 
-0.489996 0.202332 0.303693 -0.472069 -1.98235 0.597651 
-0.279718 0.124942 -0.230425 -0.420978 -1.34194 0.670777 
-0.495255 0.0658383 0.131128 -0.503825 -1.69075 0.778811 
-0.284466 0.180201 -0.501092 -0.528697 -1.13683 0.848438 
-0.722255 0.0987233 0.193475 -0.628075 -1.87012 0.955337 
-0.502136 0.0468157 -0.155942 -0.603703 -1.41631 1.0057 
-0.290717 0.322976 -0.90381 -0.734559 -0.922207 1.14881 
-0.731737 0.0539824 -0.173104 -0.738835 -1.54821 1.28548 
-0.511464 0.157048 -0.598325 2.32379 1.17012 -1.78082 
-0.117267 0.072649 0.032757 -0.206901 -1.47843 0.281868 
-0.250223 0.0675815 0.459698 -0.279881 -1.88742 0.32249 
-0.120209 0.0678925 -0.164891 -0.250712 -1.25196 0.360701 
-0.254194 -0.0832991 0.284652 -0.311482 -1.53674 0.443447 
-0.123396 0.115954 -0.423344 -0.329483 -1.01296 0.479349 
-0.421051 -0.198114 0.4856 -0.41512 -1.62212 0.59873 
-0.259419 -0.108649 0.00283905 -0.400994 -1.19826 0.606 
-0.127516 0.237592 -0.788116 -0.50038 -0.74319 0.702172 
-0.429614 -0.248702 0.116347 -0.555222 -1.18315 0.86536 
-0.266153 -0.0163969 -0.403555 -0.617248 -0.856793 0.897232 
-0.440646 -0.0861829 -0.465096 -0.97684 -0.804499 -4.88479 
0.0476772 0.0631129 0.0435635 -0.0357014 -1.45319 -0.00556449 
0.0243837 0.0230291 0.50856 -0.0483175 -1.84287 0.0041932 
0.0472431 0.0567867 -0.1511 -0.0434403 -1.21661 0.0100729 
0.0236846 -0.13186 0.331896 -0.0547264 -1.46292 0.0283869 
0.0466955 0.102457 -0.405629 -0.0579216 -0.959227 0.0338072 
-0.00813973 -0.328265 0.591992 -0.0757611 -1.45823 0.0652727 
0.0228018 -0.159113 0.051865 -0.0722228 -1.08602 0.0616036 
0.046056 0.217265 -0.758502 -0.0909957 -0.651663 0.0786254 
-0.00940357 -0.372522 0.215534 -0.108598 -0.930866 0.123169 
0.0220072 -0.0716933 -0.344246 -0.116584 -0.670187 0.121837 
-0.00951865 -0.210349 -0.348605 -0.255987 -0.350865 0.287777 
0.0224737 0.198758 -1.01492 -0.690728 -0.104422 0.709592 
0.210319 0.0977431 0.00695189 0.136071 -1.4774 -0.29318 
0.295912 0.0864359 0.441468 0.184232 -1.87664 -0.315622 
0.211985 0.0924928 -0.188586 0.164836 -1.24788 -0.341391 
0.298655 -0.064619 0.269386 0.207083 -1.51781 -0.391741 
0.214632 0.141061 -0.448764 0.220018 -0.999266 -0.418379 
0.408387 -0.206016 0.495443 0.280697 -1.56683 -0.493461 
0.302312 -0.092267 -0.00912846 0.271384 -1.16227 -0.497695 
0.217511 0.264614 -0.817782 0.344133 -0.707209 -0.571106 
0.414527 -0.260453 0.130222 0.392448 -1.08426 -0.678517 
0.306975 -0.00335954 -0.411603 0.436273 -0.781981 -0.702644 
0.421622 -0.104362 -0.44105 0.798327 -0.607215 -1.13831 
0.311849 0.301666 -1.14994 1.28331 -0.375669 -1.60261 
0.362791 0.174939 -0.0814008 0.289994 -1.53915 -0.56012 
0.528667 0.235115 0.26782 0.381751 -1.95785 -0.595906 
0.365983 0.174251 -0.282645 0.34334 -1.32971 -0.659709 
0.53328 0.0993082 0.0992588 0.414337 -1.65451 -0.741363 
0.37013 0.230574 -0.555857 0.438101 -1.10924 -0.807466 
0.716142 0.0883938 0.209921 0.525953 -1.79532 -0.886516 
0.539398 0.0780055 -0.183709 0.508298 -1.35744 -0.93156 
0.375497 0.384332 -0.979708 0.634237 -0.861459 -1.07899 
0.725202 0.0368646 -0.148368 0.646704 -1.4259 -1.17265 
0.547748 0.185169 -0.623274 0.720778 -1.06438 -1.24923 
-3.13959 0.419344 -1.65047 0.0149083 -1.70793 3.14493 
3.03613 0.0346479 -1.58346 -3.01964 1.39011 0.00102459 
-2.45272 -0.10032 -0.967085 2.60277 1.76805 -0.274741 
-1.55619 -0.0445677 -1.45901 1.7167 1.3435 6.19754 
-3.13732 -0.243596 -0.864776 0.0162794 -1.79232 -3.13656 
1.56125 0.00561361 -1.49232 -1.63013 1.33487 -6.19091 
-1.68215 0.147631 -1.21458 2.17939 1.58329 -0.484302 
-1.81001 -0.313097 -0.81879 2.06901 1.48036 -0.426422 
-0.750474 0.0597656 -1.50895 0.965944 1.21192 -0.130717 
0.0261702 -0.58318 -0.905143 -0.000178971 1.19176 -0.00378253 
0.100188 -0.0827068 -1.36609 -0.0775761 1.15259 0.00596846 
-1.32148 -0.467722 -1.42035 1.18625 1.38468 -5.96696 
1.69153 0.118489 -1.17769 -2.0414 1.50557 6.7928 
-1.21964 0.258391 -1.35297 -1.23182 -1.38497 -3.70862 
-0.952654 -0.252411 -0.830537 1.41896 1.0766 -6.84735 
-0.0118819 -0.424154 -0.761703 0.0611763 0.802307 -0.0317638 
0.937588 -0.266607 -0.820365 1.88426 -0.983019 -2.62871 
1.22112 0.198379 -1.26489 -1.75155 1.26779 6.87786 
-0.549694 0.0691773 -1.08277 1.2891 0.830584 -0.704732 
-0.00738733 -0.0972353 -0.910338 0.122039 0.471575 -0.0919997 
0.527829 0.0399281 -1.0438 -1.0478 0.65759 0.604431 
-0.755335 1.14136 0.0827205 -1.86517 -1.67523 0.331184 
-0.469817 1.11636 0.164769 -1.59607 -1.57832 0.289573 
-0.180082 1.13353 0.107602 -1.32113 -1.48661 0.318934 
0.0713441 1.20204 -0.0908619 -1.10158 -1.35057 0.406779 
-0.752996 0.64839 0.303828 -1.96124 -1.53408 0.746344 
-0.467125 0.718105 0.357434 -1.70782 -1.35651 0.667369 
-0.176695 0.861778 0.253727 -1.43644 -1.22451 0.626135 
0.0737268 1.06053 -0.00460449 -1.22889 -1.0967 0.659048 
-0.169653 0.609548 0.33059 -1.66673 -1.00175 1.05024 
0.0803369 0.92795 0.0564176 -1.4259 -0.860836 0.991248 
-0.736496 0.0745183 0.0554492 0.825037 1.69077 -1.3984 
-0.448341 0.114297 0.327352 -2.22923 -1.27893 1.68621 
-0.727848 0.113003 -0.401008 0.750763 1.96719 -1.02616 
-0.439782 0.00407615 0.116806 0.717664 1.47157 -1.0836 
-0.152131 0.234655 0.287669 0.841448 0.994783 -1.17266 
-0.432735 0.0178148 -0.205299 0.61813 1.71787 -0.817735 
-0.145799 0.129413 0.182748 0.645235 1.14639 -0.876966 
0.0990351 0.619887 0.10954 0.870725 0.696947 -1.03883 
-0.140732 0.0781226 0.0288681 0.524567 1.32766 -0.670727 
0.103057 0.539695 0.099652 0.683564 0.760583 -0.797797 
-0.480589 1.06656 0.388011 -1.45565 -1.55752 0.115512 
-0.22938 1.08005 0.311009 -1.20935 -1.50663 0.16796 
-0.0182983 1.11973 0.153133 -1.01333 -1.40977 0.251742 
0.147655 1.20069 -0.0873233 -0.880646 -1.26709 0.34752 
-0.47518 0.454905 0.639571 -1.58397 -1.22272 6.94707 
-0.223901 0.636269 0.517083 -1.32741 -1.12175 0.587435 
-0.0131692 0.835771 0.302902 -1.12683 -1.03535 0.569951 
0.15241 1.05145 0.00369092 -1.00372 -0.928905 0.61366 
-0.211797 0.235373 0.566641 1.37449 0.860434 4.4319 
-0.00331514 0.575454 0.373981 -1.46664 -0.719806 1.09266 
0.159886 0.91982 0.0567845 -1.27651 -0.633814 1.02085 
-0.447402 -0.234465 0.335687 0.745374 1.36954 -1.06413 
-0.19972 -0.0238638 0.460051 0.842534 0.964722 -1.13918 
0.00600216 0.363733 0.371671 1.10164 0.653386 -1.34469 
0.166785 0.808933 0.0817647 1.39154 0.49853 -1.5497 
-0.43641 -0.17745 -0.126556 0.596694 1.72199 -0.719297 
-0.190542 -0.127568 0.234391 0.57384 1.24492 -0.739965 
0.0130762 0.207565 0.311528 0.691103 0.798098 -0.838887 
-0.183654 -0.104476 -0.0935372 0.455748 1.54977 -0.507296 
0.0184096 0.106571 0.201369 0.481397 1.00766 -0.554472 
0.175995 0.62658 0.0904837 0.663841 0.588787 -0.699513 
-0.178374 0.0415412 -0.561103 0.413025 1.87759 -0.329817 
0.0225842 0.0589847 0.043968 0.370236 1.22785 -0.380905 
0.179155 0.549807 0.0780975 0.488774 0.688824 -0.482134 
-0.0759399 1.05718 0.533355 -0.775929 -1.58488 -0.013821 
0.0589076 1.06793 0.368911 -0.644532 -1.46355 0.0808295 
0.158241 1.11726 0.161629 -0.560936 -1.32164 0.153695 
0.232898 1.20128 -0.0889024 -0.512192 -1.16457 0.218615 
-0.0513631 0.328862 0.818661 -0.749689 -0.769025 0.439781 
0.0801999 0.587308 0.584663 -0.569939 -0.756122 0.358046 
0.176429 0.815441 0.316453 -0.466126 -0.701974 0.336782 
0.248654 1.03793 0.00651052 -0.41083 -0.608582 0.347802 
-0.0438081 -0.224705 0.755324 0.908525 0.538195 -1.05174 
0.17835 0.566721 0.364359 1.9443 0.289963 -1.9998 
0.249284 0.915851 0.0395021 -0.996796 -0.263967 0.993085 
-0.0376591 -0.383904 0.438917 0.407799 1.06816 -0.442555 
0.0876338 -0.0602259 0.483969 0.477937 0.682828 -0.503644 
0.180072 0.37042 0.348957 0.695238 0.392438 -0.695566 
0.249977 0.815515 0.0533967 -2.16225 -0.254916 -4.08337 
-0.0317439 -0.29792 -0.0372398 0.297506 1.53687 -0.235588 
0.0916717 -0.153287 0.250149 0.283218 1.08806 -0.240716 
0.182686 0.224086 0.283605 0.34909 0.670597 -0.298588 
0.251743 0.725784 0.0586442 0.49907 0.395244 -0.422797 
0.0950772 -0.123466 -0.0817045 0.214154 1.45068 -0.111299 
0.185175 0.128919 0.171213 0.227572 0.938096 -0.134692 
0.253548 0.644258 0.0549111 0.31576 0.537282 -0.206973 
0.0977805 0.0250697 -0.548521 0.188052 1.81324 -0.0189287 
0.187168 0.0850437 0.0122686 0.170226 1.18717 -0.0420613 
0.25507 0.570953 0.0409885 0.223278 0.669971 -0.0882709 
0.400274 1.056 0.483991 0.192395 -1.54101 -0.00675838 
0.372359 1.08076 0.307789 0.167587 -1.39105 -0.0302365 
0.351422 1.13141 0.110939 0.151877 -1.24593 -0.0492995 
0.335549 1.21169 -0.117205 0.143873 -1.09869 -0.0658906 
0.409435 0.370696 0.729592 0.548077 -0.584582 -0.26404 
0.381187 0.619141 0.496421 0.49491 -0.591637 -0.230529 
0.359807 0.838581 0.242926 0.487427 -0.557041 -0.244317 
0.343069 1.05071 -0.0407218 0.519854 -0.490253 -0.298458 
0.397115 -0.123523 0.66101 -0.429323 0.407392 0.670417 
0.371062 0.254518 0.510413 -0.81344 0.207252 1.05439 
0.335709 0.934482 -0.0125278 1.43821 -0.129177 -1.21346 
0.390127 -0.282321 0.358349 -0.118407 1.01442 0.357605 
0.36583 0.028825 0.390051 -0.144453 0.67169 0.38667 
0.346888 0.423786 0.266892 -0.208433 0.400849 0.448802 
0.33196 0.839054 0.000521528 -0.297802 0.254187 6.8152 
0.387023 -0.207478 -0.112612 -0.0715585 1.51342 0.314253 
0.363145 -0.0613803 0.162267 -0.0707351 1.0921 0.320677 
0.344447 0.284204 0.204695 -0.084835 0.703816 0.334967 
0.330361 0.753169 0.00544815 -0.121008 0.434485 0.36748 
0.361805 -0.033456 -0.168646 -0.0492841 1.46397 0.304674 
0.343667 0.196329 0.0918321 -0.0524841 0.973495 0.311631 
0.329574 0.674696 0.00173028 -0.0713031 0.585179 0.328292 
0.361552 0.12359 -0.656595 -0.0423036 1.84339 0.297253 
0.343113 0.155313 -0.0666499 -0.0382112 1.22147 0.303835 
0.329082 0.603882 -0.0120298 -0.0492073 0.718211 0.314322 
0.752054 1.11122 0.182985 1.16482 -1.45916 -0.253591 
0.6323 1.14245 0.0798296 1.05793 -1.39467 -0.302087 
0.527496 1.18883 -0.0550339 0.972731 -1.31358 -0.357268 
0.436852 1.25447 -0.22486 0.91118 -1.21785 -0.419238 
0.731216 0.548931 0.430753 -1.80452 0.755781 2.41152 
0.611549 0.722486 0.290628 1.17859 -0.7036 -0.652242 
0.507525 0.899749 0.110542 1.06378 -0.653506 -0.618377 
0.418043 1.08319 -0.111757 1.00058 -0.590916 -0.63241 
0.501517 0.687154 0.145582 1.94295 -0.50036 -1.47636 
0.413829 0.972316 -0.0876399 1.81174 -0.429947 -1.40395 
0.710928 0.0117781 0.0965561 -0.471273 1.22844 0.960464 
0.59577 0.213882 0.186884 -0.522874 0.918217 1.00676 
0.49556 0.518958 0.129482 -0.636144 0.663471 1.09502 
0.40921 0.879879 -0.0746394 -0.773297 0.502093 1.19 
0.704009 0.0705354 -0.374297 -0.355048 1.66936 0.757695 
0.590009 0.127582 -0.0310325 -0.3469 1.25399 0.788774 
0.49064 0.390706 0.0684543 -0.397518 0.882052 0.835655 
0.405122 0.795378 -0.0674 -0.503507 0.609096 0.913461 
0.585694 0.155798 -0.366822 -0.271325 1.59058 0.663499 
0.486983 0.305744 -0.0393144 -0.282223 1.1044 0.698369 
0.40199 0.718075 -0.0689185 -0.357371 0.717255 0.757522 
0.582853 0.341222 -0.918411 -0.250017 1.97734 0.559729 
0.484227 0.267222 -0.196918 -0.21962 1.32553 0.614027 
0.399653 0.648481 -0.0808569 -0.270048 0.823629 0.660906 
-0.75297 1.17301 0.0635977 -1.77403 -1.90843 0.178926 
-0.467058 1.02663 0.219668 -1.50427 -1.81579 0.175503 
-0.177313 0.92724 0.223345 -1.22062 -1.69328 0.247635 
0.0740173 0.903403 0.0717465 -0.99691 -1.50635 0.349188 
-0.755344 0.67915 0.294312 -1.83131 -1.74429 6.85776 
-0.469819 0.633302 0.380732 -1.59326 -1.58467 0.556646 
-0.179831 0.665121 0.320608 -1.34942 -1.42657 0.569083 
0.0714202 0.773338 0.11705 -1.15647 -1.25586 0.613704 
-0.467063 0.293506 0.40297 -1.77705 -1.42201 1.04693 
0.0737282 0.653511 0.139184 -1.37158 -1.02578 0.949806 
-0.745944 0.0820916 0.0660094 1.02266 1.7433 -1.52506 
0.080127 0.549771 0.136393 1.45538 0.856353 4.52785 
-0.736188 0.111776 -0.387789 0.905716 1.95712 -1.07973 
-0.448749 -0.00562537 0.0374227 0.860021 1.54032 -1.13448 
-0.160204 0.128097 0.203267 0.926394 1.13212 -1.18898 
0.0874928 0.467051 0.1114 -2.04211 -0.812477 1.84297 
-0.439787 0.0454895 -0.329517 0.732231 1.77653 -0.815765 
-0.152131 0.0730426 0.0457166 0.709747 1.28547 -0.862581 
0.0940502 0.403671 0.0709047 0.824491 0.866161 -0.947544 
-0.145809 0.0728242 -0.161298 0.582978 1.47544 -0.639403 
0.0990352 0.353873 0.01942 0.643205 0.958795 -0.706993 
-0.475202 1.11139 0.362378 -1.3872 -1.86847 -0.0605867 
-0.223868 0.992335 0.36386 -1.11217 -1.79467 0.0412569 
-0.0130368 0.91628 0.266991 -0.892553 -1.64963 0.154193 
0.152061 0.908747 0.0719955 -0.748205 -1.45475 0.248488 
-0.480594 0.503598 0.625916 -1.46623 -1.5214 0.438733 
-0.229423 0.549369 0.539333 -1.24267 -1.40373 0.454306 
-0.0182702 0.639818 0.368415 -1.06663 -1.27516 0.485913 
0.147674 0.771441 0.120639 -0.949228 -1.13172 0.535627 
-0.224065 0.156867 0.562929 -1.55495 -1.06435 1.07292 
-0.0137754 0.389779 0.398857 -1.35379 -0.920106 0.970601 
0.151992 0.645666 0.143372 -1.20672 -0.808248 0.925313 
-0.461701 -0.237146 0.355856 0.972678 1.35001 -1.25295 
0.159833 0.544253 0.132364 1.44055 0.607321 4.68039 
-0.447404 -0.185239 -0.109855 0.730876 1.66449 -0.798039 
-0.199718 -0.142475 0.157167 0.697326 1.27034 -0.813794 
0.006019 0.0955197 0.229262 0.76133 0.904166 -0.874531 
0.166785 0.469446 0.0975143 0.917349 0.634206 -0.993141 
-0.190534 -0.080402 -0.21326 0.540123 1.5864 -0.526506 
0.0130743 0.0476616 0.0647589 0.527855 1.13412 -0.55701 
0.172 0.411513 0.0518912 0.61852 0.756649 -0.632056 
-0.183786 0.122007 -0.763157 0.492388 1.94545 -0.30357 
0.0184121 0.052512 -0.146146 0.410914 1.37111 -0.368726 
0.175999 0.365803 -0.00266237 0.455974 0.891121 -0.421814 
0.0802428 0.999135 0.40984 -0.399592 -1.88494 -0.0516761 
0.176465 0.93243 0.264208 -0.296087 -1.67679 -0.00220575 
0.248631 0.926916 0.0601157 -0.231709 -1.46584 0.020167 
-0.0759398 0.412924 0.798062 -0.808912 -1.31673 0.257594 
0.0584978 0.516136 0.604008 -0.692811 -1.21482 0.282781 
0.157098 0.63574 0.378917 -0.61811 -1.10168 0.310897 
0.23234 0.772099 0.120288 -0.575256 -0.975867 0.348277 
-0.0513744 -0.22851 0.791345 1.62961 0.494659 4.49579 
0.080205 0.0862088 0.623052 -1.09196 -0.430271 0.973604 
0.17641 0.371399 0.404335 -0.81227 -0.410841 0.738874 
0.248614 0.635407 0.139579 -0.672575 -0.37536 0.642254 
-0.0438133 -0.405089 0.467022 0.543595 0.897308 -0.578693 
0.0842369 -0.126831 0.452143 0.608968 0.60789 -0.63356 
0.178353 0.205407 0.328998 0.771291 0.391975 -0.772726 
0.249282 0.548371 0.107553 0.972554 0.268413 -0.942988 
-0.0376591 -0.312619 -0.0191954 0.358774 1.42766 -0.290809 
0.0877982 -0.172935 0.173854 0.335407 1.07278 -0.286235 
0.180072 0.110559 0.202299 0.368152 0.748731 -0.314301 
0.249975 0.484566 0.064006 0.445835 0.50692 -0.373498 
-0.0317549 -0.0100749 -0.756991 0.320697 1.94893 -0.103207 
0.0917848 -0.101553 -0.201083 0.25126 1.47365 -0.131203 
0.182734 0.0697024 0.034524 0.246309 1.05724 -0.143681 
0.251745 0.432568 0.0152894 0.287416 0.708269 -0.177555 
0.0949687 0.105337 -0.751493 0.2238 1.88151 -0.0158848 
0.185169 0.0786391 -0.178982 0.188539 1.3302 -0.0439685 
0.253591 0.390186 -0.0404432 0.208068 0.875586 -0.0676803 
0.38093 1.02871 0.319733 0.284761 -1.91672 -0.0915566 
0.359718 0.971806 0.182222 0.253226 -1.72741 -0.138293 
0.343099 0.960895 0.00342926 0.236312 -1.54134 -0.176215 
0.399764 0.445477 0.736258 0.207382 -1.18927 -0.0782046 
0.372596 0.552278 0.536575 0.185989 -1.09601 -0.0860411 
0.352052 0.664739 0.323211 0.172487 -0.994778 -0.094449 
0.335778 0.787703 0.0904897 0.166023 -0.88498 -0.105692 
0.359821 0.419364 0.323657 1.00077 -0.29851 -0.801505 
0.343128 0.659312 0.0874375 0.956758 -0.29042 -0.767339 
0.39711 -0.301564 0.383946 -0.223104 0.842061 0.422543 
0.371059 -0.0347077 0.35784 -0.266664 0.602235 0.47318 
0.351258 0.267068 0.244963 -0.346064 0.416434 0.554515 
0.33571 0.578642 0.0513406 -0.442386 0.302444 0.648308 
0.390009 -0.221634 -0.0957165 -0.10179 1.40531 0.311391 
0.365514 -0.0808218 0.085473 -0.101083 1.08283 0.32047 
0.346619 0.178009 0.120948 -0.113171 0.788212 0.336042 
0.331961 0.518688 0.00830483 -0.139309 0.560382 0.361471 
0.387747 0.0938669 -0.870954 -0.0782167 1.96958 0.280616 
0.36302 -0.0111 -0.291154 -0.0628993 1.49423 0.292602 
0.344755 0.140585 -0.046087 -0.0629617 1.09729 0.299676 
0.329974 0.467525 -0.0377662 -0.0721693 0.761666 0.309038 
0.362303 0.213877 -0.880748 -0.0526284 1.92831 0.281578 
0.343732 0.151504 -0.261132 -0.044439 1.37084 0.291049 
0.329258 0.428159 -0.0941847 -0.0486505 0.927012 0.297485 
0.731216 1.1764 0.152585 0.802115 -1.95196 -0.157339 
0.611719 1.08583 0.124687 0.669846 -1.84052 -0.213378 
0.507726 1.02256 0.0518416 0.566077 -1.70463 -0.257785 
0.418223 0.992548 -0.0663289 0.48863 -1.55236 -0.290576 
0.751858 0.62295 0.400513 1.20612 -1.35688 -0.507658 
0.632026 0.680561 0.291346 1.11069 -1.27682 -0.529692 
0.527294 0.754146 0.153016 1.03576 -1.19153 -0.558573 
0.436791 0.843976 -0.0155285 0.982727 -1.10003 -0.597363 
0.731217 0.160399 0.405848 1.78748 -0.752159 -1.33906 
0.507728 0.511956 0.189234 1.49665 -0.562134 -1.14087 
0.418282 0.702853 0.0166273 1.39173 -0.496838 -1.08709 
0.720124 -0.00233483 0.122057 -0.640727 1.11225 1.0536 
0.60324 0.157625 0.1572 -0.685615 0.888541 1.0893 
0.501508 0.374426 0.108774 -0.766159 0.700367 1.14734 
0.413908 0.627755 -0.0231275 2.27893 -0.562453 -1.93134 
0.710928 0.0599402 -0.357556 -0.44206 1.59381 0.780157 
0.59577 0.112421 -0.109239 -0.428163 1.27314 0.803239 
0.495559 0.292292 -0.0141172 -0.45551 0.982183 0.833585 
0.409211 0.570228 -0.0662635 -0.518256 0.74517 0.879036 
0.590104 0.184593 -0.500156 -0.329565 1.64369 0.651892 
0.490666 0.256469 -0.179434 -0.321609 1.2404 0.682744 
0.405121 0.52142 -0.112463 -0.360187 0.899993 0.719086 
0.486969 0.270207 -0.399254 -0.252165 1.48642 0.590367 
0.402005 0.48158 -0.166423 -0.270914 1.03538 0.624117 
-0.169488 0.725062 0.301493 -1.06382 -1.85684 0.227362 
0.0801281 0.638665 0.134938 -0.848836 -1.58465 0.343925 
-0.752996 0.707692 0.288717 -1.68521 -1.94664 0.432101 
-0.467057 0.549939 0.399184 -1.43457 -1.78548 0.47919 
-0.177288 0.48295 0.348833 -1.20069 -1.58007 0.546438 
0.0737283 0.529237 0.1412 -1.03538 -1.34492 0.610608 
-0.755341 0.302328 0.300039 1.39011 1.82642 -2.19645 
-0.469852 0.233398 0.386602 -1.58625 -1.59244 -5.33281 
-0.180096 0.281857 0.326195 -1.41737 -1.35482 0.945697 
0.0713802 0.434763 0.122481 -1.28013 -1.13963 0.949499 
-0.753007 0.0922043 0.0806478 1.26032 1.81458 -1.6616 
-0.467095 0.0436488 0.234557 1.32273 1.51822 -1.68501 
0.0737283 0.358839 0.0800581 1.54591 0.994464 4.50841 
-0.745932 0.110019 -0.367399 1.12286 1.93936 -1.15596 
-0.459132 -0.00490183 -0.0448981 1.06823 1.59201 -1.2104 
-0.169688 0.0682381 0.0806957 1.08809 1.24397 -1.24721 
0.0801263 0.305092 0.0139726 -1.96973 -0.951681 1.83936 
-0.448768 0.0840115 -0.464054 0.893526 1.80625 -0.817226 
-0.160203 0.0621426 -0.131908 0.826546 1.39115 -0.866138 
0.0876889 0.274546 -0.0710073 0.857462 1.02486 -0.905865 
-0.152159 0.116172 -0.404791 0.675677 1.60087 -0.601963 
0.0940254 0.261592 -0.167834 0.660113 1.14889 -0.644344 
-0.00329667 0.71617 0.338829 -0.744799 -1.82736 0.110204 
0.159527 0.649255 0.131213 -0.602996 -1.55117 0.203745 
-0.475222 0.549921 0.617909 -1.30563 -1.79992 0.24915 
-0.223922 0.462787 0.558331 -1.06818 -1.63856 0.341273 
-0.0132756 0.457727 0.397105 -0.89958 -1.44312 0.409987 
0.151786 0.531694 0.145614 -0.797401 -1.23621 0.465401 
-0.229452 0.0963077 0.545742 -1.34439 -1.27927 0.89518 
-0.0182953 0.243444 0.374249 -1.20967 -1.10923 0.867388 
0.147651 0.4321 0.126195 -1.11682 -0.958885 0.866607 
-0.475193 -0.232701 0.38095 1.2774 1.38032 -1.5056 
0.151847 0.35244 0.0813249 1.57239 0.742173 4.56878 
-0.461698 -0.196511 -0.0817139 0.937971 1.58121 -0.927743 
-0.211798 -0.149341 0.081058 0.896842 1.25845 -0.94374 
-0.00335028 0.0287948 0.111864 0.921628 0.965664 -0.983146 
0.159847 0.304124 0.005036 1.00012 0.738977 -1.04589 
-0.447367 0.0997099 -0.849069 0.81597 1.99257 -0.471204 
-0.199768 -0.048522 -0.339297 0.660425 1.58527 -0.560041 
0.00601466 0.0331289 -0.11093 0.6162 1.21743 -0.582434 
0.16677 0.281776 -0.0891224 0.641905 0.903993 -0.615287 
-0.190521 0.241512 -1.03085 0.60292 2.00602 -0.253196 
0.0130742 0.0942519 -0.38892 0.475533 1.49234 -0.355597 
0.172 0.274617 -0.191098 0.467212 1.08387 -0.386323 
0.178355 0.739146 0.321017 -0.282505 -1.87108 -0.044876 
0.24926 0.676519 0.105534 -0.221002 -1.59115 -0.0170589 
-0.0513624 0.493101 0.781704 -0.505463 -1.77749 0.0367383 
0.080028 0.445189 0.618375 -0.379403 -1.565 0.0809294 
0.176372 0.468952 0.40286 -0.300976 -1.3661 0.0930231 
0.248624 0.5473 0.140964 -0.250059 -1.17557 0.0934736 
-0.0759881 -0.174355 0.806045 -1.02789 -0.956489 0.76243 
0.0590232 0.0364207 0.609551 -0.891741 -0.87619 0.670489 
0.158242 0.236097 0.383292 -0.803275 -0.798638 0.626051 
0.232885 0.43323 0.124627 -0.761245 -0.71101 0.625207 
-0.0513625 -0.430245 0.512363 0.891993 0.654649 -0.926834 
0.0801985 -0.182266 0.425724 1.00248 0.454737 -1.03103 
0.176423 0.0823508 0.276813 -1.9629 -0.319432 1.95157 
-0.0438082 -0.337043 0.0128216 0.441793 1.23904 -0.371099 
0.0842407 -0.188935 0.100704 0.406515 0.972565 -0.351563 
0.178353 0.0378274 0.0879091 0.406501 0.738904 -0.348852 
0.249282 0.317401 -0.0269048 0.425141 0.560171 -0.353762 
-0.0376815 -0.0303525 -0.727964 0.367492 1.82711 -0.140132 
0.0876343 -0.0722381 -0.327799 0.296528 1.45455 -0.156974 
0.18016 0.0538603 -0.142448 0.273831 1.13053 -0.157996 
0.250049 0.30472 -0.127654 0.279989 0.855899 -0.163912 
0.0915426 0.220912 -1.0149 0.270291 1.94914 -0.00462492 
0.182774 0.121027 -0.42546 0.215391 1.45532 -0.0458689 
0.251777 0.302197 -0.232051 0.211044 1.07481 -0.0582749 
0.351252 0.787033 0.236953 0.146913 -1.92686 -0.18446 
0.335744 0.716019 0.049178 0.128698 -1.66918 -0.210943 
0.409554 0.546662 0.689522 0.300335 -1.81145 -0.133291 
0.381595 0.511518 0.523169 0.268679 -1.61468 -0.179121 
0.359937 0.528867 0.322254 0.252731 -1.43402 -0.213713 
0.343113 0.588691 0.0885435 0.248147 -1.26252 -0.245846 
0.399725 -0.102136 0.743613 0.314453 -0.665742 -0.250418 
0.372359 0.0995532 0.542181 0.271089 -0.659656 -0.216186 
0.351766 0.280395 0.32804 0.248898 -0.623192 -0.203532 
0.335594 0.452759 0.096837 0.242082 -0.562862 -0.206254 
0.409443 -0.327377 0.430618 -0.574964 0.55757 0.709514 
0.381188 -0.0900433 0.334376 -0.692925 0.427585 0.837655 
0.359823 0.148396 0.194703 -0.830014 0.341689 0.978799 
0.343119 0.384413 0.0132841 -0.937296 0.295041 1.08518 
0.396361 -0.244277 -0.0658874 -0.174509 1.22637 0.331226 
0.370716 -0.0959338 0.0104178 -0.177128 1.00121 0.34764 
0.351057 0.109952 0.00364704 -0.190901 0.801918 0.369294 
0.335709 0.358153 -0.0870641 -0.214109 0.644761 0.395723 
0.390675 0.0730096 -0.841265 -0.105496 1.85433 0.265774 
0.365331 0.0195528 -0.423044 -0.0893258 1.48889 0.279724 
0.346683 0.127963 -0.22737 -0.0869693 1.1847 0.289038 
0.331823 0.347126 -0.18654 -0.0921189 0.924404 0.298578 
0.344662 0.198725 -0.517182 -0.0560949 1.50946 0.274141 
0.330222 0.34594 -0.290655 -0.0558767 1.13558 0.280986 
0.501405 0.851822 0.101234 0.498813 -1.93658 -0.320669 
0.414376 0.757679 -0.0240821 0.421701 -1.71406 -0.366948 
0.731016 0.680885 0.39853 0.749051 -1.7733 -0.339623 
0.61167 0.626167 0.314814 0.642605 -1.62644 -0.379748 
0.507723 0.609872 0.187676 0.563584 -1.47035 -0.405662 
0.418374 0.632271 0.0180572 0.507415 -1.30959 -0.423327 
0.752049 0.217394 0.406092 1.31559 -1.23321 -0.903595 
0.632239 0.304913 0.296707 1.24384 -1.13301 -0.895944 
0.527396 0.408859 0.15831 1.18677 -1.03911 -0.897861 
0.436825 0.52766 -0.0100221 1.14933 -0.948167 -0.915411 
0.73134 -0.0240481 0.170861 -0.996509 0.918489 1.2782 
0.611702 0.104769 0.139958 2.10224 -0.76722 -1.83428 
0.507726 0.261156 0.0643466 -1.09513 0.64084 1.34202 
0.720122 0.0396198 -0.32462 -0.570942 1.44683 0.814246 
0.60324 0.0995668 -0.184125 -0.551587 1.21609 0.823636 
0.501508 0.2293 -0.130396 -0.557229 1.00661 0.834644 
0.41388 0.416102 -0.161448 -0.581233 0.828954 0.848656 
0.59577 0.226295 -0.650947 -0.410109 1.66494 0.629331 
0.495591 0.250688 -0.367501 -0.385081 1.34367 0.659324 
0.409226 0.40695 -0.262941 -0.393591 1.06953 0.679367 
0.49069 0.331031 -0.677927 -0.304375 1.64442 0.55208 
0.405129 0.405902 -0.367358 -0.2951 1.25126 0.58439 
-0.160187 0.531688 0.337632 -0.884607 -1.93197 0.267124 
0.0876078 0.428149 0.0973427 -0.703155 -1.55567 0.377901 
-0.458895 0.467795 0.411693 -1.2317 -1.94997 0.439621 
-0.169645 0.32535 0.334817 -1.00241 -1.66751 0.547372 
0.0801266 0.352704 0.0653998 -0.8769 -1.35205 0.614825 
-0.753002 0.321208 0.30879 1.6058 1.96139 3.96878 
-0.46734 0.178095 0.365648 -1.36046 -1.71468 0.884174 
-0.17732 0.168757 0.262903 -1.22429 -1.43792 0.921619 
0.0737282 0.292239 0.00833376 -1.14254 -1.17172 0.954781 
-0.752996 0.107042 -0.338258 1.38087 1.91591 -1.25227 
-0.467057 0.0049873 -0.129955 1.32146 1.61811 -1.29457 
-0.177319 0.0525591 -0.0782881 -1.83987 -1.31347 1.82582 
0.0737284 0.235446 -0.181895 1.30947 1.05049 -1.32687 
-0.459029 0.133408 -0.607712 1.11424 1.79089 -0.831202 
-0.169641 0.0956013 -0.351768 1.00671 1.44864 -0.887668 
0.0801017 0.242285 -0.315276 0.969592 1.14225 -0.904274 
-0.160203 0.221049 -0.730205 0.817143 1.69292 -0.545406 
0.0876707 0.272955 -0.47168 0.733404 1.30885 -0.595285 
0.0050347 0.521232 0.370517 -0.609898 -1.89576 0.123236 
0.16677 0.442673 0.0878481 -0.490417 -1.52418 0.207226 
-0.211792 0.377339 0.56463 -0.878315 -1.83178 0.274923 
-0.00349512 0.301467 0.378377 -0.715581 -1.54584 0.361258 
0.159832 0.360334 0.0660233 -0.637199 -1.26186 0.411447 
-0.475202 0.0430922 0.645185 -1.23246 -1.65468 0.711663 
-0.22393 0.0394484 0.525461 -1.08531 -1.41928 0.742491 
-0.0132862 0.130461 0.313186 -0.985616 -1.19901 0.752517 
0.151994 0.291817 0.0154839 -0.936862 -0.994988 0.778876 
-0.0182931 0.0336555 0.169812 1.70179 1.00596 -1.81222 
0.147525 0.249437 -0.0704517 -1.40911 -0.84166 1.33011 
-0.475194 -0.206539 -0.0438511 1.22825 1.50649 -1.12406 
-0.223943 -0.145034 0.00530058 1.18202 1.23671 -1.13879 
-0.0133085 0.00829921 -0.0392881 1.17393 1.00034 -1.16091 
0.15199 0.232016 -0.184167 -1.95908 -0.818301 -4.31431 
-0.461636 0.0719134 -0.794573 0.989732 1.83761 -0.560083 
-0.211795 -0.0105019 -0.466879 0.839604 1.52509 -0.627388 
-0.00335337 0.0599638 -0.323819 0.767147 1.23694 -0.646144 
0.159847 0.246451 -0.32988 0.741445 0.995929 -0.652181 
0.00599806 0.193965 -0.708426 0.57308 1.5811 -0.33561 
0.166783 0.286706 -0.497868 0.51985 1.24413 -0.364037 
0.179939 0.544905 0.346653 -0.262722 -1.90768 -0.0498335 
0.250362 0.469388 0.0613758 -0.210436 -1.54449 -0.0162591 
0.0841354 0.36735 0.605495 -0.342476 -1.8033 0.0319067 
0.17835 0.323836 0.367918 -0.269957 -1.51634 0.0558348 
0.249539 0.385122 0.0493456 -0.232482 -1.25221 0.0616828 
-0.0513733 -0.124095 0.824773 -0.518565 -1.27361 0.315349 
0.0801976 -0.0096345 0.592945 -0.423579 -1.12141 0.271645 
0.176423 0.133265 0.326576 -0.358104 -0.975542 0.236842 
0.248797 0.301386 0.0193585 -0.31646 -0.822136 0.214844 
0.059024 -0.197038 0.385331 -1.32492 -0.6642 1.26227 
0.232897 0.251053 -0.0724215 1.90958 0.497629 -1.95217 
-0.0513736 -0.371736 0.0671498 0.627799 0.938923 -0.554758 
0.0801983 -0.203196 0.0403647 0.574245 0.749865 -0.520393 
0.176423 0.00298379 -0.0488284 0.539779 0.600039 -0.48921 
0.248627 0.235666 -0.203368 0.500177 0.49634 -0.443443 
-0.0438355 -0.064635 -0.67721 0.416713 1.61975 -0.196656 
0.0842401 -0.0413431 -0.453285 0.341329 1.35177 -0.19074 
0.178527 0.0767974 -0.356646 0.299378 1.12044 -0.174145 
0.24936 0.268853 -0.371407 0.275993 0.930739 -0.154942 
0.180363 0.223555 -0.754548 0.246565 1.55818 -0.0413809 
0.250057 0.318601 -0.547706 0.222096 1.2498 -0.0487302 
0.347127 0.599255 0.264845 0.08725 -1.94694 -0.224146 
0.331961 0.512933 0.0061238 0.0739014 -1.60199 -0.240943 
0.371294 0.439972 0.508125 0.156218 -1.85349 -0.208072 
0.351264 0.39115 0.286827 0.137662 -1.58428 -0.23413 
0.335345 0.429944 -0.0023274 0.131285 -1.33425 -0.254844 
0.409448 -0.014263 0.734847 0.301547 -1.31801 -0.284486 
0.381192 0.0866893 0.503983 0.289691 -1.18722 -0.301731 
0.359821 0.206465 0.252557 0.288517 -1.05575 -0.323685 
0.342814 0.346137 -0.0276727 0.298379 -0.916516 -0.354288 
0.399726 -0.34438 0.501037 0.89572 -0.246661 -0.880587 
0.372359 -0.127748 0.325074 0.704336 -0.256191 -0.68798 
0.351766 0.0757053 0.12589 0.627854 -0.247261 -0.613238 
0.335716 0.274815 -0.101151 0.637337 -0.215447 -0.626186 
0.409434 -0.279271 -0.0103149 -0.372698 0.910324 0.442243 
0.381188 -0.111439 -0.0490434 -0.386108 0.780198 0.471911 
0.359821 0.0763885 -0.133612 -0.406507 0.676732 0.502322 
0.343106 0.280306 -0.266087 -0.424337 0.604598 0.52499 
0.397113 0.0385985 -0.789741 -0.166521 1.66183 0.257337 
0.371059 0.0572611 -0.561657 -0.151692 1.41486 0.275498 
0.350982 0.156731 -0.452398 -0.146633 1.20551 0.28823 
0.335584 0.31883 -0.440837 -0.14873 1.0316 0.300153 
0.34688 0.322176 -0.885087 -0.0810842 1.6467 0.250316 
0.331812 0.371159 -0.620248 -0.0757465 1.3327 0.260852 
0.49555 0.678802 0.126904 0.410713 -1.98266 -0.395441 
0.409271 0.563283 -0.0688158 0.344588 -1.66801 -0.447426 
0.60322 0.568601 0.296175 0.544207 -1.89121 -0.424773 
0.501911 0.486572 0.149558 0.465347 -1.65509 -0.470954 
0.413907 0.484539 -0.0791046 0.422263 -1.41422 -0.50084 
0.731209 0.251029 0.435108 0.734067 -1.48158 -0.604761 
0.611701 0.262884 0.297096 0.665313 -1.32267 -0.611691 
0.507796 0.313556 0.119676 0.616704 -1.1661 -0.614357 
0.418286 0.400437 -0.100202 0.587667 -1.0095 -0.621411 
0.752115 0.00411604 0.199879 -1.66208 1.15943 -4.48873 
0.436803 0.360383 -0.208157 1.4344 -0.845694 -1.36675 
0.731217 0.0037404 -0.25992 -0.809843 1.17076 0.912533 
0.611703 0.0825 -0.239206 -0.77975 1.01783 0.900257 
0.507726 0.196099 -0.264696 -0.758763 0.882722 0.88431 
0.418277 0.339852 -0.338503 -0.739245 0.770631 0.859988 
0.720124 0.437214 -1.29279 -0.608681 1.92508 0.497783 
0.60324 0.275214 -0.810778 -0.514074 1.60634 0.59304 
0.501562 0.288422 -0.606922 -0.473579 1.37124 0.614752 
0.413894 0.384999 -0.523921 -0.454791 1.17254 0.618502 
0.495559 0.504248 -1.13572 -0.387358 1.82204 0.466956 
0.409223 0.443375 -0.715011 -0.345134 1.45822 0.522781 
-0.152745 0.35704 0.330057 -0.724816 -1.90612 0.341122 
0.0940422 0.297437 -0.0451424 -0.600331 -1.42992 0.432175 
-0.160204 0.200225 0.274808 -0.814389 -1.66953 0.570405 
0.0877015 0.261621 -0.114852 -0.743376 -1.27054 0.630984 
-0.459043 0.12797 0.336878 -1.11231 -1.78662 0.839931 
-0.169799 0.0948415 0.159259 -1.0069 -1.44768 0.888902 
0.0800712 0.239488 -0.207244 -0.985804 -1.11965 0.941763 
-0.752997 0.105799 0.121344 1.76216 1.91515 -1.88507 
-0.467057 0.00579301 0.124192 1.8199 1.61935 -1.85188 
-0.177313 0.0526595 -0.0241197 1.84059 1.31421 -1.82862 
0.0737391 0.23915 -0.332148 -1.33165 -1.04066 1.37112 
-0.755351 0.101527 -0.304501 1.63564 1.87613 -1.35794 
-0.469815 0.0210833 -0.220069 1.57602 1.59665 -1.37173 
-0.180042 0.0774172 -0.278636 1.51695 1.31282 -1.36259 
-0.752995 0.456144 -1.23886 1.59898 1.96203 -0.661962 
-0.467058 0.196257 -0.76649 1.36499 1.7202 -0.858842 
-0.177312 0.180387 -0.633179 1.22164 1.44531 -0.901577 
0.0737279 0.324804 -0.69954 1.1155 1.20344 -0.8825 
-0.169641 0.486058 -1.3195 1.02356 1.75973 -0.399065 
0.0801269 0.43824 -0.990433 0.858746 1.43882 -0.510963 
0.0129986 0.344693 0.356868 -0.495289 -1.8533 0.165815 
0.171999 0.3131 -0.0568818 -0.416457 -1.39163 0.233177 
-0.200654 0.288078 0.559725 -0.719395 -1.94217 0.263073 
0.00599828 0.178227 0.310757 -0.573134 -1.55955 0.349159 
0.166784 0.272981 -0.119407 -0.530422 -1.19428 0.394722 
-0.46175 0.0731713 0.650971 -0.990323 -1.83848 0.558453 
-0.211798 -0.00725285 0.490205 -0.839426 -1.52881 0.623228 
-0.00331471 0.0608832 0.20519 -0.766351 -1.23891 0.643927 
0.159827 0.242849 -0.201627 -0.760788 -0.964009 0.68668 
-0.475166 -0.215997 0.435351 1.91132 1.49576 -1.98853 
-0.0132773 0.00863777 0.0272962 -1.17084 -1.00329 1.15539 
-0.480587 -0.213035 -0.00406291 1.54579 1.45791 -1.35229 
0.147666 0.262287 -0.488794 1.36701 0.850179 -1.26728 
-0.475085 0.0390476 -0.722426 1.23174 1.65289 -0.716316 
-0.223928 0.0363553 -0.596696 1.08586 1.41709 -0.746551 
-0.0132773 0.136012 -0.589681 0.982418 1.20455 -0.743616 
0.151995 0.325077 -0.70669 0.900343 1.04009 -0.709444 
-0.00331442 0.432624 -1.25427 0.71802 1.65333 -0.268126 
0.159816 0.453759 -1.02314 0.615628 1.37804 -0.325539 
0.182684 0.36973 0.332036 -0.222552 -1.84345 -0.0400757 
0.25181 0.342105 -0.0861729 -0.188362 -1.39453 -0.009885 
0.0875895 0.277191 0.589675 -0.311824 -1.9007 0.0175548 
0.18038 0.201568 0.294698 -0.247074 -1.52472 0.0507232 
0.250053 0.300414 -0.142766 -0.22829 -1.18019 0.0659514 
-0.0438177 -0.0625032 0.80684 -0.416734 -1.62203 0.195566 
0.08424 -0.0387873 0.537657 -0.341015 -1.35577 0.189285 
0.178533 0.0770216 0.203527 -0.299439 -1.12112 0.174089 
0.249352 0.263714 -0.211881 -0.287677 -0.8821 0.173414 
-0.0513679 -0.411081 0.597024 -0.686121 -0.844871 0.647592 
0.0801988 -0.208688 0.342738 -0.59164 -0.725839 0.543907 
0.176423 0.00328883 0.047554 -0.536048 -0.60433 0.484682 
0.248628 0.238321 -0.309933 -0.537673 -0.462215 0.485696 
-0.075934 -0.384661 0.126457 1.31614 0.809011 -1.21013 
0.0590235 -0.190577 -0.0228728 -1.84751 -0.670703 1.91859 
0.158241 0.024195 -0.223238 -1.8883 -0.573576 -4.33945 
0.232875 0.263624 -0.49041 1.15069 0.515476 -1.09656 
-0.0513944 -0.11707 -0.592132 0.517385 1.28101 -0.311092 
0.0801976 -0.0136886 -0.563771 0.424755 1.11608 -0.274332 
0.176423 0.139478 -0.61018 0.355565 0.985718 -0.232279 
0.248627 0.339978 -0.741845 0.295956 0.899568 -0.182867 
0.178353 0.524732 -1.41999 0.272315 1.71245 -0.00137315 
0.249282 0.510689 -1.12326 0.223315 1.42581 -0.0203262 
0.344988 0.430943 0.251419 0.0589395 -1.8729 -0.253666 
0.330124 0.384774 -0.13716 0.0511387 -1.43804 -0.264331 
0.365927 0.353471 0.493585 0.0959475 -1.93103 -0.239415 
0.346402 0.269957 0.217904 0.0802639 -1.57167 -0.256823 
0.331806 0.345288 -0.193406 0.0780733 -1.23582 -0.268925 
0.397127 0.0431282 0.713247 0.166599 -1.66699 -0.256467 
0.37106 0.0588991 0.448168 0.151629 -1.41751 -0.275088 
0.350978 0.151672 0.130001 0.147717 -1.19172 -0.291013 
0.335585 0.31061 -0.261334 0.156285 -0.959823 -0.313782 
0.409434 -0.300541 0.526867 0.392169 -0.851629 -0.472828 
0.381188 -0.112433 0.267945 0.388007 -0.775595 -0.474578 
0.359821 0.0764164 -0.0188111 0.406312 -0.677085 -0.502073 
0.343106 0.283563 -0.355356 0.462113 -0.552599 -0.570098 
0.399724 -0.322232 0.0816726 -0.684952 0.306756 0.661648 
0.37236 -0.125757 -0.0794298 -0.686118 0.261979 0.669107 
0.351766 0.0755793 -0.276692 -0.629185 0.246765 0.614604 
0.335722 0.290701 -0.523514 -0.510045 0.265106 0.495031 
0.409447 -0.0195939 -0.694572 -0.302081 1.31186 0.286504 
0.381191 0.0875228 -0.67938 -0.289567 1.18834 0.301385 
0.359821 0.228073 -0.723469 -0.282953 1.09065 0.312029 
0.343106 0.403217 -0.834866 -0.277309 1.02525 0.315762 
0.335712 0.629627 -1.31508 -0.128015 1.59009 0.22122 
0.491132 0.522602 0.117317 0.324389 -1.92327 -0.459589 
0.405133 0.44086 -0.212424 0.280299 -1.50742 -0.507328 
0.595761 0.495315 0.282421 0.448818 -1.9866 -0.478054 
0.495691 0.377794 0.0789921 0.376277 -1.65972 -0.532936 
0.409219 0.404905 -0.2717 0.353641 -1.32811 -0.570696 
0.720112 0.297143 0.411548 0.583715 -1.80344 -0.583883 
0.60324 0.240577 0.240503 0.513759 -1.55889 -0.619824 
0.501554 0.266736 -0.0062501 0.479609 -1.31954 -0.641394 
0.413888 0.372578 -0.341338 0.47781 -1.07634 -0.671785 
0.731233 0.00537973 0.255988 0.808022 -1.17427 -0.908211 
0.611705 0.0824222 0.0739029 0.779902 -1.01757 -0.900552 
0.507726 0.19429 -0.150801 0.773371 -0.864645 -0.907042 
0.418276 0.345094 -0.433514 0.806013 -0.70826 -0.950258 
0.752052 0.00290358 -0.201713 1.65882 -1.15935 4.49519 
0.436801 0.390271 -0.650163 -1.34232 0.865232 1.22644 
0.731195 0.320697 -1.08686 -0.730752 1.54093 0.551026 
0.611701 0.318513 -0.953512 -0.655085 1.38193 0.564563 
0.507837 0.375234 -0.90815 -0.595529 1.24814 0.555158 
0.418306 0.482719 -0.942393 -0.541987 1.14424 0.525368 
-0.145886 0.219007 0.272827 -0.59982 -1.81121 0.414442 
0.0990335 0.263328 -0.299354 -0.545839 -1.23929 0.495465 
-0.152131 0.11457 0.168411 -0.675776 -1.59635 0.604849 
0.0940367 0.269367 -0.413933 -0.674569 -1.10867 0.678207 
-0.44877 0.0837321 0.295715 -0.893402 -1.80585 0.817708 
-0.160214 0.0623126 0.00940846 -0.826315 -1.39249 0.86466 
0.0876825 0.292807 -0.556325 -0.886884 -0.986376 0.960478 
-0.745964 0.108567 0.14424 -1.12169 -1.93747 1.16015 
0.0801232 0.344306 -0.746775 1.91252 0.921388 -1.74284 
0.0737276 0.456396 -1.04035 -1.64004 -0.997665 -4.33557 
-0.470035 0.964621 -2.1818 1.59574 1.57981 5.92965 
-0.180041 0.361468 -1.06729 1.39762 1.37131 -0.847603 
0.0184048 0.204068 0.297706 -0.408923 -1.74625 0.206999 
0.176336 0.278652 -0.310376 -0.376402 -1.1948 0.266692 
-0.191007 0.199318 0.543565 -0.591676 -1.96733 0.282069 
0.0130741 0.0934841 0.199126 -0.475607 -1.49048 0.356485 
0.172 0.282888 -0.422894 -0.481705 -1.03362 0.415896 
-0.447403 0.0967556 0.649137 -0.814946 -1.99019 0.473912 
-0.199719 -0.046651 0.437989 -0.660478 -1.5881 0.557318 
0.00601148 0.0334817 0.0484573 -0.615256 -1.22056 0.579624 
0.166779 0.300305 -0.556193 -0.673505 -0.854087 0.664912 
-0.4617 -0.205916 0.456207 -0.937956 -1.56471 0.95027 
-0.211911 -0.150435 0.206078 -0.899745 -1.25063 0.953727 
-0.00339838 0.0279495 -0.164126 -0.918866 -0.968437 0.978463 
0.159842 0.341565 -0.732768 -1.08126 -0.696953 1.15353 
0.151995 0.44336 -1.01448 -1.72059 -0.75247 -4.36715 
-0.480573 0.00912909 -0.649504 1.50153 1.47818 -0.927106 
-0.22949 0.0986649 -0.743802 1.3442 1.28006 -0.892774 
-0.018295 0.296161 -0.980247 1.17987 1.13364 -0.798823 
0.185235 0.229354 0.273306 -0.185068 -1.72568 -0.030131 
0.253568 0.309836 -0.344773 -0.172386 -1.18485 -0.00123987 
0.0915365 0.185994 0.569214 -0.266459 -1.91175 0.015572 
0.182775 0.118509 0.179369 -0.215622 -1.44894 0.0473986 
0.251779 0.311709 -0.451177 -0.21991 -1.00708 0.0755371 
-0.0376707 -0.0250008 0.789461 -0.36807 -1.83284 0.137791 
0.0876343 -0.0717564 0.472769 -0.296495 -1.45548 0.156686 
0.180163 0.0541775 0.0373375 -0.273517 -1.13335 0.157163 
0.250044 0.325588 -0.577185 -0.300878 -0.78453 0.193883 
-0.0438076 -0.372802 0.599385 -0.458555 -1.15111 0.416734 
0.0842408 -0.191252 0.255891 -0.41307 -0.950926 0.363021 
0.178435 0.0368881 -0.158343 -0.402738 -0.742672 0.344678 
0.249389 0.355309 -0.73411 -0.494867 -0.480803 0.433772 
-0.0513625 -0.403293 0.188969 -1.04596 -0.579498 1.1153 
0.0801986 -0.175513 -0.0888928 -1.03945 -0.443759 1.07209 
0.176419 0.0825038 -0.44206 1.9615 0.319312 -1.95012 
-0.0759492 -0.158128 -0.49462 1.01613 0.967591 -0.741272 
0.0590232 0.0325755 -0.673478 0.895027 0.873004 -0.675623 
0.158242 0.284609 -0.965322 0.76291 0.842107 -0.56689 
0.344008 0.297077 0.193242 0.0444521 -1.75123 -0.27458 
0.329379 0.354613 -0.398067 0.0418285 -1.21732 -0.283165 
0.363537 0.267063 0.473962 0.0675161 -1.93236 -0.264544 
0.344664 0.188947 0.104055 0.0562459 -1.48406 -0.276019 
0.330205 0.358382 -0.505982 0.0587312 -1.04344 -0.287118 
0.390698 0.0741809 0.695389 0.105528 -1.85564 -0.265651 
0.365363 0.0219364 0.386891 0.0893882 -1.4943 -0.280347 
0.346684 0.127044 -0.0352418 0.0873368 -1.17713 -0.289966 
0.331807 0.374663 -0.634149 0.100333 -0.826043 -0.311313 
0.396319 -0.261555 0.524945 0.177889 -1.18048 -0.340352 
0.370715 -0.0961366 0.179814 0.177486 -0.999418 -0.348235 
0.351058 0.110583 -0.228478 0.192118 -0.797729 -0.370932 
0.335507 0.407612 -0.794222 0.253577 -0.532311 -0.443278 
0.409438 -0.313057 0.133509 0.649743 -0.495071 -0.796054 
0.381188 -0.0896045 -0.156154 0.694934 -0.426489 -0.839861 
0.359821 0.154541 -0.511631 0.860825 -0.332503 -1.01139 
0.343108 0.490808 -1.05361 -1.62603 0.236586 1.45851 
0.399725 -0.0992721 -0.545971 -0.313076 0.669287 0.248641 
0.372359 0.102465 -0.748024 -0.269831 0.663332 0.214583 
0.351767 0.358443 -1.06307 -0.220713 0.716742 0.167623 
0.48706 0.397647 0.0616551 0.258582 -1.80612 -0.506977 
0.401996 0.415247 -0.47756 0.242499 -1.28018 -0.554002 
0.589891 0.419608 0.266412 0.361493 -1.99304 -0.522229 
0.490686 0.300152 -0.0301174 0.303581 -1.57103 -0.574749 
0.405128 0.42447 -0.593349 0.310662 -1.12684 -0.626101 
0.710916 0.320206 0.396065 0.482638 -1.96967 -0.590289 
0.59613 0.20778 0.18194 0.409552 -1.6322 -0.643464 
0.495589 0.245282 -0.172071 0.389167 -1.3032 -0.675853 
0.409222 0.448556 -0.733806 0.429159 -0.940095 -0.745661 
0.720123 0.0410056 0.247871 0.570683 -1.45009 -0.812129 
0.60324 0.0992687 -0.0175384 0.552139 -1.21368 -0.825217 
0.501508 0.235058 -0.371717 0.570457 -0.9747 -0.85877 
0.41388 0.493787 -0.91518 0.685015 -0.694253 -0.991603 
0.731209 -0.0246756 -0.117668 -2.14776 0.920802 1.868 
0.507725 0.287566 -0.671036 -1.97416 0.616165 1.71025 
0.752049 0.256237 -0.929238 -1.29915 1.24612 0.853033 
0.632296 0.405129 -1.12791 -1.19356 1.17494 0.771989 
-0.140735 0.125139 0.16862 -0.510779 -1.67693 0.472555 
0.10306 0.35288 -0.713601 -0.548368 -0.988939 0.588526 
-0.14582 0.0726332 0.0166524 -0.582949 -1.47544 0.638189 
0.0990352 0.427442 -0.928055 -0.705218 -0.859233 0.807724 
-0.439805 0.0467553 0.240814 -0.73287 -1.77922 0.813212 
-0.152133 0.0729227 -0.190888 -0.709605 -1.28608 0.862041 
0.0939985 0.585862 -1.28971 -1.00512 -0.725104 1.20312 
-0.736476 0.110347 0.16135 -0.904661 -1.95358 1.08353 
-0.448768 -0.00578444 -0.0210488 -0.860331 -1.54378 1.13082 
-0.160205 0.131809 -0.472019 -0.929739 -1.12682 1.19681 
-0.74593 0.0821754 -0.23063 2.11899 1.74315 4.66708 
-0.467057 0.419019 -1.25023 1.75544 1.39583 -0.913006 
0.0225836 0.109137 0.191514 -0.347959 -1.60636 0.23822 
0.179493 0.36869 -0.727122 -0.38002 -0.9344 0.32553 
-0.183799 0.116354 0.517287 -0.491251 -1.93865 0.306883 
0.0184121 0.0528444 0.043606 -0.410685 -1.37369 0.367561 
0.176 0.444391 -0.944403 -0.514312 -0.769992 0.508151 
-0.190539 -0.0806735 0.374187 -0.540205 -1.58584 0.526107 
0.0130738 0.047184 -0.15636 -0.527051 -1.13684 0.555091 
0.172 0.604005 -1.30911 -0.823171 -0.573705 0.890549 
-0.447435 -0.193956 0.46476 -0.729589 -1.64644 0.814182 
-0.19972 -0.142191 0.116487 -0.699555 -1.26191 0.821216 
0.00601781 0.0965011 -0.4237 -0.762655 -0.902423 0.876662 
-0.46202 -0.230826 0.0740005 -0.981454 -1.3288 1.28606 
-0.0033148 0.232473 -0.8231 1.86669 0.755228 -1.62729 
-0.22393 0.176906 -0.919767 1.54128 1.06481 -1.04611 
0.187175 0.136446 0.165715 -0.157738 -1.58142 -0.0238603 
0.25509 0.405637 -0.772683 -0.174712 -0.910058 0.0197708 
0.0949684 0.102013 0.539782 -0.223493 -1.87726 0.016898 
0.185169 0.0786331 0.021845 -0.188551 -1.33033 0.043955 
0.253551 0.48347 -0.993242 -0.243526 -0.719606 0.118072 
-0.0317545 -0.00391558 0.777987 -0.321584 -1.95557 0.100797 
0.0917879 -0.102791 0.402261 -0.251414 -1.4706 0.132095 
0.182734 0.0695145 -0.172469 -0.24619 -1.05847 0.143348 
0.251745 0.675774 -1.41652 -0.453589 -0.434032 0.3731 
-0.0376588 -0.344446 0.592881 -0.364206 -1.34966 0.320778 
0.0877753 -0.17269 0.153813 -0.338986 -1.05591 0.293265 
0.180192 0.111997 -0.429527 -0.36875 -0.744276 0.315817 
-0.043809 -0.385579 0.205517 -0.599943 -0.797925 0.663765 
0.0842377 -0.12361 -0.209521 -0.615395 -0.601522 0.641384 
0.17835 0.231585 -0.804501 -0.841303 -0.364809 0.848034 
-0.0514194 -0.201771 -0.398849 -1.6971 -0.498131 -4.41882 
0.34299 0.204964 0.0897663 0.0358867 -1.60455 -0.289687 
0.328763 0.457832 -0.84013 0.0403225 -0.927552 -0.301241 
0.362306 0.187648 0.445557 0.0520062 -1.89469 -0.283446 
0.343737 0.149851 -0.0528525 0.0445978 -1.35823 -0.291805 
0.329562 0.552252 -1.08977 0.0593773 -0.723863 -0.313299 
0.38778 0.092012 0.682957 0.0781375 -1.96745 -0.280847 
0.363054 -0.0091568 0.316873 0.0629238 -1.49972 -0.292795 
0.34476 0.141912 -0.246913 0.0634068 -1.08681 -0.300626 
0.389974 -0.236053 0.51578 0.102605 -1.36794 -0.315726 
0.365517 -0.0808235 0.0763626 0.101169 -1.08303 -0.320625 
0.346629 0.186538 -0.507432 0.116349 -0.766447 -0.340437 
0.396516 -0.292224 0.145538 0.234956 -0.779095 -0.440857 
0.371059 -0.0363886 -0.282529 0.265057 -0.606307 -0.471227 
0.351258 0.317567 -0.903019 0.413631 -0.348293 -0.627306 
0.381195 0.179841 -0.891202 -1.12946 0.297175 0.921302 
0.484246 0.312309 -0.0405893 0.213796 -1.65972 -0.540504 
0.399665 0.540191 -0.958102 0.239693 -0.968508 -0.612484 
0.58658 0.34886 0.243907 0.29379 -1.9576 -0.555784 
0.486968 0.263287 -0.185484 0.253562 -1.43679 -0.603089 
0.40199 0.675201 -1.28008 0.340858 -0.758902 -0.735148 
0.590108 0.176396 0.117763 0.329286 -1.62325 -0.657949 
0.490664 0.262795 -0.38811 0.327166 -1.1946 -0.69877 
0.710928 0.0607666 0.239068 0.442085 -1.59582 -0.779208 
0.59577 0.112457 -0.120636 0.428806 -1.2686 -0.805413 
0.49556 0.322186 -0.673267 0.479027 -0.917083 -0.873966 
0.720141 -0.00312037 -0.111513 0.638861 -1.11626 -1.04983 
0.603259 0.16413 -0.495158 0.693046 -0.875603 -1.10162 
0.501508 0.510545 -1.17346 0.948995 -0.582083 -1.37474 
0.611747 0.493972 -1.32074 1.73834 -0.651973 4.08138 
-2.07592 -0.062896 -1.10483 2.54577 1.87048 6.05127 
-0.522337 -0.20408 -1.08131 1.04917 1.38514 -0.256496 
-2.53137 -0.272009 -0.972878 2.882 1.84717 -0.089486 
0.0900697 -0.242695 -1.06828 0.28224 1.28151 -0.0788167 
2.77912 -0.299187 -0.964791 -2.57541 1.79119 0.159048 
0.671003 -0.184788 -1.09004 -0.506463 1.26947 0.138273 
2.17763 -0.132081 -1.04844 -2.14625 1.74775 0.325009 
0.985823 -0.0322274 -1.19816 -1.01552 1.343 0.287494 
-1.53714 -0.132616 -1.04754 2.09617 1.72806 -0.349072 
-0.350526 -0.0301406 -1.20009 0.969361 1.32711 -0.292312 
-2.41356 -0.0426945 -1.05993 2.81059 1.97086 -0.158208 
1.61669 -0.437122 -1.26028 -1.19006 1.57225 -0.127417 
0.0426963 -0.0752142 -1.16143 0.407569 1.21635 -0.140309 
-1.59721 -0.461059 -1.11673 1.82213 1.52128 0.00137898 
0.442979 -0.0242443 -1.20503 -0.234551 1.19 0.0726654 
1.56897 -0.218833 -0.990051 -1.57624 1.52065 0.362111 
0.741306 0.180666 -1.44984 -0.763808 1.29962 -6.07626 
1.57038 0.136756 -1.31606 -1.64229 1.54734 0.392341 
-1.02568 -0.0283454 -1.13309 1.71681 1.57946 -0.423047 
-1.77598 0.494759 -2.22946 2.27502 1.41002 -6.17237 
-0.610322 -0.256736 -0.973314 1.16193 1.37335 -0.326227 
0.278992 -0.528898 -1.00041 -0.000517885 1.47076 -0.00757487 
0.327717 -0.303583 -0.953825 -0.0526318 1.19926 0.00794369 
0.963342 -0.137003 -1.03957 -1.00748 1.28766 0.33097 
1.70354 0.168727 -1.29292 -1.78157 1.6037 0.439076 
-0.976826 -0.158416 -0.962026 1.64127 1.53364 -0.471559 
-0.35623 0.014161 -1.17112 1.05997 1.29077 -0.380501 
-0.127821 -0.366792 -0.86197 0.530062 1.19697 -0.184623 
0.155303 -0.0525226 -1.10014 0.235633 1.08743 -0.109725 
0.937855 -0.222455 -0.916695 -0.995024 1.23891 0.359049 
0.623075 0.1216 -1.28827 -0.665743 1.16318 0.245405 
1.22437 0.277772 -1.44326 -1.37044 1.39909 6.68507 
-0.583349 0.342035 -1.5488 1.45682 1.44709 -0.396076 
-0.0754589 -0.00531863 -1.08456 0.682668 1.08072 -0.32435 
0.520716 0.11548 -1.21175 -0.576505 1.04137 0.251608 
-0.136549 0.0790353 0.0175773 -0.450694 -1.52213 0.516516 
-0.427113 0.156066 0.35163 -0.592507 -1.99676 0.58996 
-0.140737 0.0779466 -0.184731 -0.524466 -1.3274 0.670051 
-0.432738 0.0189694 0.173352 -0.618579 -1.72182 0.814878 
-0.145801 0.133008 -0.45423 -0.647734 -1.13917 0.882969 
-0.728032 0.11135 0.17193 -0.749743 -1.96366 1.02976 
-0.440018 0.00318619 -0.118579 -0.717154 -1.4759 1.07897 
-0.152152 0.270844 -0.846478 -0.868754 -0.958855 1.22122 
-0.736483 0.0743721 -0.203731 2.31651 1.69124 4.53956 
-0.448818 0.115459 -0.561312 -0.913017 -1.27644 1.45863 
0.0259092 0.0629037 0.038864 -0.307319 -1.4504 0.26127 
-0.178377 0.0441322 0.479559 -0.413627 -1.8813 0.327902 
0.0225842 0.0586897 -0.15937 -0.36994 -1.22996 0.380023 
-0.183655 -0.105497 0.299716 -0.455801 -1.54622 0.508772 
0.01841 0.108235 -0.420498 -0.48262 -1.0038 0.556753 
-0.436413 -0.185591 0.467644 -0.594945 -1.70383 0.731728 
-0.190521 -0.126359 0.0117097 -0.575114 -1.23857 0.744027 
0.0130763 0.233453 -0.791536 -0.716472 -0.768373 0.874669 
-0.447405 -0.228627 0.0898687 -0.750995 -1.34207 1.09029 
-0.199724 -0.026518 -0.404701 -0.840008 -0.967871 1.1347 
-0.211796 0.31889 -1.20609 -1.4479 -0.846798 -4.3203 
0.188762 0.0908778 0.0124542 -0.139216 -1.42358 -0.0195469 
0.0977514 0.027829 0.500962 -0.188116 -1.81869 0.0185541 
0.187167 0.0851102 -0.183141 -0.17028 -1.18646 0.0421762 
0.0950791 -0.12534 0.323241 -0.214397 -1.44359 0.112898 
0.185174 0.132228 -0.441176 -0.229122 -0.929493 0.137161 
-0.0317438 -0.32718 0.587148 -0.299053 -1.465 0.257732 
0.0916644 -0.151556 0.0415831 -0.285367 -1.07551 0.245031 
0.182816 0.25194 -0.804439 -0.368974 -0.628533 0.323814 
-0.0376586 -0.368308 0.206906 -0.434552 -0.971051 0.493576 
0.087634 -0.0614052 -0.360065 -0.476649 -0.68486 0.501983 
-0.0438075 -0.200415 -0.366244 -0.958207 -0.51676 1.10924 
0.0842407 0.223636 -1.05773 1.60008 0.332994 -1.48807 
0.342659 0.161131 -0.0629956 0.030936 -1.44391 -0.301265 
0.361552 0.118696 0.406686 0.0422146 -1.83578 -0.297587 
0.343122 0.156996 -0.259548 0.0384696 -1.20759 -0.30457 
0.361831 -0.0323282 0.239059 0.0492964 -1.46861 -0.304734 
0.343683 0.206912 -0.522956 0.0537877 -0.945657 -0.313898 
0.387003 -0.220047 0.507931 0.0717667 -1.48133 -0.317027 
0.363154 -0.0616703 -0.0368275 0.0707465 -1.09449 -0.320688 
0.344978 0.344557 -0.919208 0.0971127 -0.618613 -0.350412 
0.390109 -0.274703 0.142872 0.122959 -0.959165 -0.365764 
0.365388 0.0247035 -0.438198 0.142751 -0.676611 -0.384906 
0.397112 -0.118472 -0.426691 0.43672 -0.400954 -0.678485 
0.371059 0.351305 -1.2167 1.29211 -0.155841 -1.54061 
0.48216 0.271453 -0.19263 0.184729 -1.49551 -0.565484 
0.582862 0.286345 0.208578 0.242817 -1.89744 -0.580061 
0.484227 0.273883 -0.397007 0.222804 -1.274 -0.625911 
0.585696 0.152219 0.0449474 0.271336 -1.57713 -0.66667 
0.486983 0.337742 -0.684214 0.294545 -1.0277 -0.723878 
0.70401 0.0709501 0.233904 0.355088 -1.67038 -0.757314 
0.590008 0.128498 -0.232929 0.347612 -1.24628 -0.790586 
0.49064 0.536727 -1.19168 0.479609 -0.704529 -0.952158 
0.71093 0.0111189 -0.114523 0.470472 -1.23284 -0.958077 
0.595771 0.23389 -0.672547 0.538196 -0.885624 -1.03136 
0.720226 0.1789 -0.733709 -2.28686 0.789534 1.72625 
-3.12754 0.347468 -1.52233 3.24752 1.76443 0.0295427 
-2.42215 -0.0870527 -0.980758 2.77895 1.81575 -0.217648 
-1.52642 0.0206441 -1.65389 1.87095 1.32471 0.0197399 
2.47469 -0.111886 -0.956671 -2.4682 1.72373 -5.97071 
-1.66728 0.189021 -1.27225 2.3468 1.66261 -6.71958 
-1.78006 -0.290824 -0.833726 2.26684 1.58455 5.87228 
-0.59255 0.00656614 -1.45395 1.06644 1.24171 -0.172097 
0.184487 -0.581415 -0.908212 -0.00241484 1.20137 -0.0255595 
0.357826 -0.0623561 -1.3819 -0.183496 1.15831 -0.00256027 
-1.31579 -0.487849 -1.37627 -1.87528 -1.35198 3.43044 
1.6984 0.0839847 -1.13544 -1.88 1.40694 0.525887 
-0.968145 -0.214981 -0.864509 1.69725 1.27506 -0.609698 
-0.081717 -0.418497 -0.768348 0.413748 0.847496 -0.207607 
0.923803 -0.275699 -0.814467 -1.12252 0.923971 0.458719 
1.21569 0.13951 -1.18434 -1.53844 1.10808 6.87026 
-0.573982 0.150186 -1.19866 1.58139 1.14124 -0.721303 
-0.0499189 -0.0824306 -0.933393 0.697058 0.611375 -0.486186 
0.509196 0.0262877 -1.02783 -0.787124 0.559385 0.445099 
-0.752703 1.14547 0.0702542 -1.9501 -1.70707 0.328591 
-0.395762 1.10523 0.204965 -1.61471 -1.5825 0.260347 
-0.0274402 1.12902 0.122142 -1.26331 -1.47104 0.304073 
0.270135 1.23773 -0.183164 -1.01471 -1.27963 0.432572 
-0.750747 0.657878 0.289847 -2.02703 -1.60107 0.732296 
-0.393507 0.700453 0.398855 -1.71337 -1.37999 0.644484 
-0.0246712 0.858403 0.266909 -1.3724 -1.21881 0.612881 
0.271986 1.10181 -0.0980445 -1.14616 -1.0447 0.690803 
-0.745181 0.27259 0.280727 -2.15667 -1.62558 -5.05394 
-0.0189657 0.606356 0.343954 -1.58464 -1.00796 1.02331 
0.276885 0.976154 -0.0382176 -1.3395 -0.834552 1.01517 
-0.737787 0.087691 0.047423 0.866939 1.78589 -1.46029 
-0.378097 0.0799539 0.370325 0.973734 1.32207 -1.49862 
0.28211 0.865828 -0.0039244 -1.61013 -0.698476 1.39853 
-0.370197 -0.035368 0.161795 0.796826 1.49614 -1.11785 
-0.00483951 0.226086 0.304546 0.947135 0.972547 -1.20295 
0.287071 0.768105 0.0134415 -1.90399 -0.650529 1.78094 
-0.363678 -0.0240763 -0.157867 0.704547 1.7234 -0.83168 
0.00103672 0.118785 0.200308 0.738886 1.10846 -0.882797 
0.290934 0.681798 0.0157002 -2.16041 -0.669625 2.10738 
-0.358256 0.118539 -0.632161 0.68854 1.99364 -0.568833 
0.00573284 0.0658733 0.0468399 0.605777 1.28057 -0.651606 
0.294315 0.60515 0.00577957 0.7816 0.72537 -0.776173 
-0.481202 1.06899 0.369939 -1.60726 -1.57585 0.131808 
-0.146847 1.07935 0.314602 -1.27852 -1.51938 0.169145 
0.132121 1.12956 0.120274 -1.01891 -1.39825 0.271972 
0.337975 1.25218 -0.219197 -0.865094 -1.20164 0.400509 
-0.478002 0.476701 0.614337 -1.71383 -1.35941 6.93393 
-0.143784 0.643706 0.516591 -1.39067 -1.21679 0.576782 
0.134879 0.857958 0.264436 -1.13731 -1.09588 0.578005 
0.339975 1.11554 -0.13322 -1.00441 -0.939511 0.664344 
0.34523 0.990774 -0.0761388 -1.24172 -0.694649 1.03554 
-0.456807 -0.216448 0.330039 0.86348 1.49343 -1.20202 
-0.124322 -0.0272641 0.473447 0.979285 1.03846 -1.27299 
0.149746 0.39334 0.342692 -1.87019 -0.706561 1.65864 
0.350856 0.883411 -0.0466643 1.51574 0.549078 -1.60804 
-0.446383 -0.168213 -0.126621 0.734657 1.78879 -0.813169 
-0.115201 -0.137724 0.251062 0.704474 1.26576 -0.829753 
0.156468 0.235539 0.286482 0.851831 0.793494 -0.944429 
-0.10806 -0.117979 -0.074979 0.572224 1.54257 -0.550752 
0.161796 0.133337 0.178375 0.606419 0.973859 -0.605117 
0.359239 0.708379 -0.0354807 0.804035 0.58546 -0.74648 
-0.102377 0.0247755 -0.537988 0.522874 1.85067 -0.331349 
0.166098 0.0846772 0.0219103 0.468993 1.18168 -0.388278 
0.362267 0.63585 -0.0480823 0.602862 0.673738 -0.493059 
-0.0951609 1.05691 0.509869 -1.06974 -1.56888 0.00353968 
0.130087 1.07432 0.335115 -0.850126 -1.46406 0.121616 
0.29165 1.14201 0.0806025 -0.713418 -1.30294 0.225181 
0.407424 1.26995 -0.262588 -0.645688 -1.10348 0.327181 
-0.0884984 0.373185 0.78121 -1.19454 -1.06985 0.567587 
0.135797 0.625786 0.539777 -0.957498 -0.996394 0.506679 
0.296272 0.868672 0.22553 -0.820963 -0.898532 0.521751 
0.411586 1.12742 -0.171795 -0.77489 -0.758626 0.59938 
0.303703 0.623739 0.289546 -1.20937 -0.53364 1.08015 
0.416763 1.00655 -0.124162 -1.12202 -0.456645 1.08138 
-0.0616049 -0.374142 0.442142 0.675097 1.14165 -0.735649 
0.155112 -0.0354775 0.471362 0.797441 0.727939 -0.846311 
-0.0516999 -0.296139 -0.0310433 0.497322 1.54988 -0.394974 
0.161907 -0.134968 0.241053 0.476615 1.06834 -0.408138 
0.314461 0.282894 0.219599 0.588542 0.6525 -0.505953 
0.424154 0.820814 -0.0986084 -2.37637 -0.424904 2.50464 
-0.0443812 -0.000575089 -0.764024 0.46709 2.00579 -0.138735 
0.167097 -0.108622 -0.0897484 0.357397 1.41299 -0.190261 
0.318049 0.189259 0.108583 0.381833 0.896079 -0.23014 
0.426674 0.744292 -0.102977 0.498806 0.543925 -0.317926 
0.171192 0.0397551 -0.559289 0.311904 1.76934 -0.0371189 
0.320976 0.145636 -0.0497397 0.28316 1.13844 -0.0746583 
0.42873 0.676324 -0.117834 0.357581 0.667103 -0.135164 
0.345604 1.05778 0.47799 -0.354489 -1.53795 0.0121534 
0.406961 1.09164 0.258777 -0.299769 -1.35995 0.0645968 
0.450583 1.16953 -0.00132942 -0.269976 -1.18133 0.104688 
0.483077 1.29291 -0.317365 -0.26001 -0.991313 0.144656 
0.368065 0.377572 0.738778 -0.20287 -0.660117 0.220631 
0.425317 0.64928 0.454864 -0.121413 -0.64399 0.182652 
0.466031 0.893064 0.139978 -0.0672348 -0.571366 0.160176 
0.496387 1.14185 -0.228319 -0.0210492 -0.451217 0.136092 
0.366534 -0.130318 0.676303 0.518706 0.283921 -0.403172 
0.423041 0.291872 0.473042 1.32415 0.102575 -1.18431 
0.46348 0.671667 0.182477 -0.81499 -0.0977735 0.979992 
0.493758 1.03194 -0.198051 -0.800888 -0.0692707 0.98855 
0.365592 -0.292538 0.371613 0.186751 0.924833 0.0081453 
0.421486 0.0672068 0.356043 0.219197 0.576677 -0.0166377 
0.461655 0.498697 0.165296 0.296059 0.335142 -0.078117 
0.491861 0.942746 -0.186621 3.48031 -0.240298 -3.24367 
0.366917 -0.21657 -0.101234 0.137101 1.43768 0.130319 
0.422037 -0.0216219 0.127568 0.13189 1.01043 0.128076 
0.461803 0.369557 0.100024 0.156862 0.645124 0.108652 
0.491765 0.863686 -0.183954 0.192932 0.433798 0.0858249 
0.368597 0.0947787 -0.871846 0.128996 1.97355 0.225991 
0.423128 0.00606741 -0.205088 0.0999711 1.39388 0.208547 
0.462449 0.283892 -0.0102128 0.105565 0.919612 0.198645 
0.492271 0.792181 -0.189673 0.131687 0.589916 0.181074 
0.424181 0.167166 -0.703515 0.0882668 1.78708 0.268895 
0.463171 0.247089 -0.171102 0.0797601 1.17378 0.256058 
0.492815 0.728386 -0.205716 0.0972086 0.726313 0.242425 
0.715934 1.09569 0.242091 0.520171 -1.3677 -0.115026 
0.656658 1.14968 0.0572637 0.476228 -1.24446 -0.163879 
0.609075 1.22777 -0.157967 0.45085 -1.11281 -0.210784 
0.570115 1.33566 -0.416218 0.445121 -0.968125 -0.264083 
0.718502 0.536323 0.449816 1.0895 -0.621373 -0.595394 
0.659663 0.754212 0.22508 1.02785 -0.589906 -0.579726 
0.612151 0.965689 -0.0327183 1.02893 -0.542236 -0.626996 
0.57384 1.18832 -0.341896 1.1146 -0.479639 -0.759103 
0.703463 0.143055 0.392045 -0.700119 0.55396 1.15034 
0.647132 0.454211 0.237353 2.25735 -0.411516 -1.82061 
0.601694 0.765501 0.00583436 -1.03355 0.337769 -4.8347 
0.564371 1.08311 -0.311463 2.12506 -0.314804 -1.73839 
0.694699 -0.0106697 0.117958 -0.275438 1.04366 0.712908 
0.639733 0.263073 0.126533 -0.313241 0.758346 0.751572 
0.595406 0.610146 -0.0107748 -0.377654 0.547596 0.806232 
0.689976 0.0510104 -0.354373 -0.179274 1.5334 0.602986 
0.635826 0.183038 -0.0940583 -0.177247 1.13783 0.619465 
0.592166 0.494168 -0.0745043 -0.202961 0.804736 0.644767 
0.556175 0.922816 -0.293974 -0.239055 0.594247 0.668184 
0.633475 0.217518 -0.438438 -0.129461 1.50666 0.568658 
0.590175 0.419405 -0.18645 -0.134784 1.05103 0.585712 
0.554533 0.854454 -0.2987 -0.160742 0.726953 0.604649 
0.631834 0.435061 -1.04868 -0.116005 1.9416 0.528985 
0.588864 0.389798 -0.351238 -0.101809 1.28877 0.557698 
0.553546 0.793088 -0.312897 -0.119672 0.845636 0.574683 
-0.750666 1.17472 0.0526472 -1.86832 -1.92304 0.173839 
-0.39334 1.01158 0.261399 -1.53789 -1.80603 0.142749 
-0.0251146 0.919241 0.238937 -1.17805 -1.65747 0.227224 
0.272292 0.945449 -0.0193989 -0.923546 -1.413 0.352106 
-0.752681 0.685953 0.281478 1.23368 1.79475 -2.57635 
-0.395768 0.610546 0.423669 -1.60997 -1.59394 0.536191 
-0.0272838 0.657071 0.335806 -1.29738 -1.39662 0.553947 
0.270244 0.822216 0.0252676 -1.07893 -1.17575 0.622941 
-0.75072 0.292566 0.282279 -1.98921 -1.76077 1.07178 
-0.393339 0.261788 0.446285 1.36689 1.44819 -2.10736 
-0.0251104 0.421916 0.364636 1.6345 1.17382 -2.16754 
0.27198 0.709684 0.0465566 -1.29535 -0.958976 0.966612 
-0.378098 -0.0451867 0.0821322 0.9299 1.56423 -1.16 
-0.0115013 0.117686 0.220889 1.0096 1.09738 -1.20179 
0.282111 0.535588 0.0193456 1.19238 0.763647 -1.29125 
-0.370208 0.00270565 -0.279647 0.816491 1.77732 -0.826964 
-0.00458617 0.0606623 0.0647939 0.789984 1.23689 -0.858106 
0.286938 0.474562 -0.0199724 0.912785 0.810273 -0.928915 
0.00102599 0.0588884 -0.141068 0.655911 1.418 -0.613682 
0.290934 0.427083 -0.0714583 0.720145 0.898255 -0.669989 
-0.478026 1.10534 0.347892 -1.56776 -1.82574 -0.0377729 
-0.143727 0.983572 0.370352 -1.21857 -1.75354 0.0508264 
0.135041 0.921911 0.235702 -0.938545 -1.58591 0.182515 
0.340135 0.9652 -0.0567707 -0.774213 -1.34325 0.300982 
-0.48119 0.514646 0.605016 -1.60476 -1.58725 0.450855 
-0.146918 0.547269 0.543345 -1.306 -1.43528 0.461894 
0.132162 0.658191 0.333755 -1.07317 -1.26845 0.5015 
0.33804 0.841032 -0.0100098 -0.938348 -1.07606 0.57489 
0.134649 0.422021 0.361656 -1.32827 -0.981866 0.949388 
0.339977 0.729173 0.010524 -1.18245 -0.827158 0.943388 
-0.468829 -0.213712 0.346237 -2.07137 -1.51198 1.76663 
-0.134994 -0.0774461 0.432777 1.167 1.12469 -1.43273 
-0.456806 -0.17323 -0.110592 0.879378 1.75126 -0.898327 
-0.124322 -0.151171 0.173962 0.835771 1.30224 -0.911427 
0.149751 0.125516 0.206121 0.917285 0.897588 -0.981166 
0.350859 0.561755 -0.0263874 -2.06448 -0.633629 -4.2254 
-0.115223 -0.0940785 -0.192723 0.665836 1.5773 -0.575081 
0.156495 0.0741122 0.0445676 0.650106 1.09151 -0.606175 
0.355547 0.505757 -0.0706864 0.749238 0.726518 -0.676434 
-0.108251 0.102215 -0.733515 0.610774 1.90835 -0.305455 
0.161807 0.0771397 -0.165873 0.508817 1.31562 -0.373328 
0.359234 0.46257 -0.125711 0.558854 0.8496 -0.424968 
-0.0884458 1.10552 0.480442 -1.03509 -1.89258 -0.174908 
0.135839 0.986346 0.385591 -0.770407 -1.74453 -0.0152593 
0.29642 0.945961 0.190366 -0.609836 -1.53137 0.0957703 
0.41119 0.99284 -0.103352 -0.525041 -1.29049 0.177471 
-0.0951751 0.428067 0.769334 -1.09919 -1.39465 0.330914 
0.130187 0.535653 0.565241 -0.900867 -1.26533 0.362846 
0.291664 0.68024 0.292235 -0.777615 -1.11862 0.406266 
0.407453 0.863496 -0.052111 -0.720669 -0.951205 0.47162 
0.296193 0.445492 0.31844 -1.08488 -0.704089 0.896887 
0.41078 0.748936 -0.0310546 -1.00402 -0.607778 0.892454 
-0.0747756 -0.385551 0.468047 0.911728 1.05709 -0.97956 
0.146042 -0.0948384 0.4386 1.03583 0.731936 -1.10002 
0.303703 0.273751 0.262726 -1.87523 -0.522096 1.84169 
0.416728 0.660332 -0.0487417 1.43159 0.412917 4.86723 
-0.0616198 -0.309091 -0.0111616 0.60921 1.45407 -0.495246 
0.15511 -0.15408 0.167413 0.577941 1.05832 -0.502966 
0.309867 0.173162 0.142937 0.642617 0.722492 -0.563958 
0.420989 0.596232 -0.0886391 0.748438 0.510288 -0.638821 
-0.051914 -0.0138665 -0.74324 0.533605 1.92541 -0.181717 
0.161906 -0.0875113 -0.206655 0.418154 1.43026 -0.226601 
0.314466 0.130539 -0.0239861 0.411529 1.0026 -0.249087 
0.424151 0.547305 -0.138575 0.468957 0.68391 -0.29229 
0.167093 0.117696 -0.758528 0.365281 1.82773 -0.0347818 
0.318198 0.138887 -0.239011 0.308857 1.27127 -0.0781788 
0.426674 0.509256 -0.197072 0.337001 0.846148 -0.10994 
0.425362 1.02612 0.291103 -0.0742479 -1.78036 -0.10086 
0.466046 1.00017 0.0897184 -0.036342 -1.5526 -0.102923 
0.496376 1.03853 -0.173819 -0.00948155 -1.32711 -0.114858 
0.345548 0.448223 0.731029 -0.380733 -1.20475 0.14231 
0.406962 0.579718 0.481915 -0.332591 -1.08526 0.15983 
0.450588 0.725124 0.207737 -0.306919 -0.95559 0.180912 
0.482593 0.890931 -0.102391 -0.301376 -0.811406 0.210571 
0.36807 -0.134552 0.713352 -0.836995 -0.167244 0.889597 
0.425319 0.201738 0.490347 -0.311289 -0.239247 0.38833 
0.466028 0.495864 0.223504 -0.142362 -0.259166 0.241273 
0.496369 0.773929 -0.0939037 -0.0426877 -0.217817 0.158828 
0.366529 -0.313937 0.401331 0.212601 0.718107 -0.0630053 
0.423043 0.00434235 0.327663 0.223493 0.467336 -0.0618514 
0.463481 0.349641 0.148823 0.245418 0.296893 -0.0676855 
0.493758 0.699641 -0.129235 0.228203 0.22083 -0.0339643 
0.365594 -0.232868 -0.080966 0.153949 1.31225 0.081758 
0.42148 -0.0429854 0.0548674 0.142317 0.981981 0.0891653 
0.461646 0.264339 0.0245856 0.149138 0.70212 0.0879604 
0.491847 0.646064 -0.175855 0.160727 0.518689 0.0877012 
0.366867 0.0788977 -0.849317 0.143086 1.88601 0.193236 
0.422049 0.0269135 -0.325544 0.112957 1.41211 0.180567 
0.461788 0.230424 -0.145351 0.10988 1.0264 0.17721 
0.491765 0.603178 -0.228191 0.120474 0.735062 0.171707 
0.423123 0.261178 -0.93566 0.103207 1.86695 0.256471 
0.462478 0.245492 -0.367187 0.0867465 1.31327 0.24079 
0.492255 0.569491 -0.288489 0.0926504 0.909507 0.233709 
0.718458 1.17417 0.168379 0.587877 -1.94308 -0.166728 
0.65986 1.10977 0.0595176 0.509296 -1.78576 -0.244776 
0.612565 1.08584 -0.0935748 0.459076 -1.61868 -0.307917 
0.573709 1.10441 -0.29469 0.430738 -1.4435 -0.364758 
0.715912 0.589256 0.463807 0.570251 -1.12375 -0.270519 
0.656583 0.693128 0.267884 0.531449 -1.02875 -0.29452 
0.608982 0.808995 0.0500818 0.510971 -0.92579 -0.325098 
0.570104 0.941482 -0.198076 0.510907 -0.811654 -0.368227 
0.718457 0.143166 0.423731 -1.40664 0.551124 1.78332 
0.612561 0.605388 0.0436535 1.53615 -0.458798 -1.20058 
0.57384 0.834044 -0.208724 1.5617 -0.427157 -1.25435 
0.703462 -0.0251625 0.143201 -0.444627 0.909567 0.81354 
0.64713 0.208579 0.0970104 -0.489913 0.717271 0.861918 
0.601682 0.475922 -0.0314434 -0.547661 0.575393 0.913656 
0.564371 0.765433 -0.245059 -0.588756 0.493938 0.940976 
0.694762 0.0375921 -0.335261 -0.239446 1.43586 0.604623 
0.639764 0.166115 -0.169916 -0.235746 1.13758 0.621206 
0.595421 0.401737 -0.155186 -0.252369 0.883904 0.642059 
0.558967 0.715688 -0.29014 -0.277683 0.702339 0.660904 
0.635855 0.246582 -0.574133 -0.160772 1.54863 0.548121 
0.592122 0.374931 -0.327836 -0.158106 1.17189 0.564794 
0.556201 0.675762 -0.341451 -0.172675 0.882635 0.579373 
0.590169 0.400646 -0.56459 -0.117808 1.4449 0.533318 
0.554551 0.644879 -0.402021 -0.123957 1.03675 0.547486 
-0.386113 0.914372 0.313979 -1.43167 -2.0071 0.0604385 
-0.01885 0.712934 0.317222 -1.05011 -1.79603 0.202068 
0.276628 0.690557 0.0421585 -0.811286 -1.4686 0.325545 
-0.750724 0.712442 0.27587 -1.77496 -1.98278 0.423391 
-0.393338 0.522479 0.442493 -1.46711 -1.78483 0.458021 
-0.0250997 0.471222 0.363924 -1.17083 -1.53181 0.525086 
0.271989 0.58824 0.0485166 -0.982405 -1.24461 0.594665 
-0.7527 0.312657 0.286869 1.33512 1.89999 -2.20963 
-0.0274196 0.2698 0.341414 -1.38104 -1.30787 0.934389 
0.270205 0.4996 0.0306374 -1.22396 -1.04533 0.946404 
-0.750735 0.104645 0.0692376 1.25441 1.90672 -1.68262 
-0.393339 0.00471141 0.276308 1.33494 1.5427 -1.68954 
-0.386655 -0.0446293 -0.00144492 1.1154 1.61447 -1.22218 
0.276554 0.379251 -0.0762171 -1.91844 -0.874718 1.86661 
-0.378096 0.0400785 -0.411433 0.968271 1.80432 -0.826723 
-0.0113937 0.0483413 -0.111564 0.887425 1.33401 -0.854749 
0.282076 0.350725 -0.160103 0.91227 0.94707 -0.870112 
-0.00461419 0.100064 -0.38103 0.736263 1.53273 -0.573807 
0.286941 0.339347 -0.25782 0.7123 1.06982 -0.59387 
-0.13499 0.88473 0.419177 -1.12305 -1.97275 -0.0410138 
0.141664 0.721352 0.309111 -0.818884 -1.72946 0.127505 
0.344428 0.717283 0.00391529 -0.660954 -1.41344 0.238114 
-0.478002 0.551746 0.596764 -1.49016 -1.81258 0.276296 
-0.143774 0.45355 0.56173 -1.17997 -1.62956 0.368481 
0.134697 0.475145 0.360809 -0.960421 -1.39731 0.444145 
0.33955 0.612472 0.0135397 -0.844188 -1.14699 0.516439 
-0.481306 0.0343591 0.611734 1.54837 1.60104 -2.21715 
-0.146911 0.0926947 0.549679 -1.3898 -1.3346 0.906932 
0.132127 0.271324 0.339493 -1.21455 -1.1086 0.87533 
0.338015 0.523901 -0.00454743 -1.11296 -0.912818 0.892534 
-0.478062 -0.206826 0.366016 1.31662 1.55815 -1.57236 
-0.143783 -0.111991 0.385811 1.39691 1.21416 -1.61461 
-0.468706 -0.179657 -0.0859666 1.08337 1.70343 -1.0241 
-0.135028 -0.154646 0.0954022 1.02997 1.31594 -1.03995 
0.141603 0.0610758 0.0882206 1.06149 0.971576 -1.08446 
-0.124415 -0.0618732 -0.316691 0.796923 1.5791 -0.618483 
0.149723 0.0593371 -0.128982 0.739277 1.17162 -0.63836 
0.350859 0.384609 -0.209736 0.761594 0.856458 -0.660103 
-0.115201 0.214237 -0.98614 0.72833 1.95244 -0.259111 
0.156501 0.117789 -0.406676 0.573583 1.42714 -0.361243 
0.355543 0.378384 -0.31375 0.558663 1.02304 -0.383611 
0.146121 0.893846 0.42494 -0.680732 -1.99051 -0.116835 
0.303713 0.757118 0.255327 -0.500615 -1.70169 0.00562313 
0.416526 0.756058 -0.0497108 -0.415668 -1.39463 0.0741062 
-0.0884888 0.482735 0.75642 -0.966721 -1.70397 0.124737 
0.134956 0.448874 0.582824 -0.76013 -1.49822 0.220771 
0.295682 0.509187 0.318193 -0.641149 -1.28016 0.278679 
0.411015 0.645138 -0.0300989 -0.586289 -1.0568 0.334148 
-0.0951624 -0.139997 0.776958 -1.2559 -1.17434 0.87007 
0.130184 0.0723079 0.571732 -1.08076 -1.01087 0.783223 
0.291655 0.303959 0.297941 -0.962725 -0.877061 0.743003 
0.407448 0.552622 -0.0466461 -0.920351 -0.741057 0.769951 
-0.0747337 -0.327323 0.0211167 0.792731 1.31561 -0.665373 
0.146004 -0.166345 0.0959278 0.755248 0.994937 -0.675273 
0.303703 0.104868 0.0317963 0.786231 0.737482 -0.714868 
0.416723 0.443585 -0.176469 0.831509 0.567196 -0.743368 
-0.0619689 -0.0344422 -0.710042 0.623625 1.80196 -0.251526 
0.155109 -0.0595434 -0.328835 0.503856 1.40418 -0.284635 
0.309873 0.114287 -0.196832 0.470573 1.06377 -0.294523 
0.420995 0.429843 -0.278571 0.480365 0.805098 -0.304423 
0.16188 0.230942 -1.01714 0.435622 1.87973 -0.0240213 
0.314466 0.182199 -0.486909 0.350154 1.38531 -0.0856597 
0.424154 0.430588 -0.389752 0.340967 1.0235 -0.100691 
0.463481 0.826574 0.141193 -0.0723534 -1.75425 -0.180617 
0.493755 0.813984 -0.130972 -0.0500077 -1.4688 -0.183774 
0.368055 0.527767 0.704599 -0.12495 -1.69762 -0.0753842 
0.425279 0.52283 0.486375 -0.0731695 -1.47318 -0.0781887 
0.466021 0.582329 0.222448 -0.038098 -1.26769 -0.0922363 
0.496373 0.695492 -0.092645 -0.0105201 -1.06527 -0.112051 
0.3456 -0.0962687 0.73833 -0.553367 -0.721035 0.43446 
0.406959 0.14778 0.488111 -0.469871 -0.69152 0.372847 
0.450582 0.368327 0.213344 -0.433943 -0.627126 0.358965 
0.483074 0.587968 -0.0991627 -0.438632 -0.531151 0.38436 
0.36807 -0.338781 0.448177 0.34262 0.37688 -0.260644 
0.425311 -0.0493206 0.305309 0.341343 0.219914 -0.248482 
0.466033 0.235956 0.102562 0.278426 0.129366 -0.172738 
0.496374 0.520883 -0.164185 0.0848597 0.106072 0.0327735 
0.366519 -0.258289 -0.0466758 0.156153 1.10414 0.0274237 
0.423044 -0.0606546 -0.0148933 0.130628 0.869174 0.0540014 
0.463481 0.197509 -0.0867362 0.113348 0.679325 0.0790367 
0.493769 0.496635 -0.264522 0.0929972 0.555458 0.110108 
0.365592 0.054848 -0.814311 0.151334 1.75286 0.149006 
0.421492 0.0554796 -0.454295 0.120117 1.38928 0.146814 
0.461652 0.218329 -0.324674 0.108143 1.0943 0.152569 
0.491833 0.492199 -0.373427 0.10387 0.867234 0.160425 
0.422022 0.444799 -1.3252 0.122381 1.99007 0.248553 
0.461777 0.297251 -0.631691 0.0946138 1.44382 0.222291 
0.491712 0.498416 -0.488769 0.0904283 1.09846 0.220101 
0.601516 0.922624 -0.0388267 0.29773 -1.82274 -0.364719 
0.564824 0.885121 -0.244842 0.266684 -1.58125 -0.406393 
0.718365 0.673914 0.416195 0.550471 -1.73011 -0.307499 
0.659778 0.66483 0.247984 0.496403 -1.56073 -0.368805 
0.612558 0.6983 0.0420932 0.466417 -1.39306 -0.420357 
0.574004 0.772072 -0.206689 0.456471 -1.22259 -0.472406 
0.716265 0.164249 0.470677 0.753611 -0.791071 -0.583601 
0.656734 0.323029 0.273903 0.708673 -0.730194 -0.568363 
0.609038 0.482248 0.0556806 0.692016 -0.65921 -0.579934 
0.570117 0.649512 -0.192416 0.710056 -0.575375 -0.624822 
0.718469 -0.0417207 0.186647 -0.880623 0.734242 1.13675 
0.659812 0.162292 0.074632 -0.936844 0.63249 1.19497 
0.703627 0.0171559 -0.30298 -0.362462 1.28174 0.636975 
0.647168 0.15438 -0.245878 -0.358439 1.08054 0.654537 
0.601695 0.345459 -0.274148 -0.367938 0.912127 0.672724 
0.564371 0.580299 -0.390747 -0.380141 0.788851 0.68393 
0.694602 0.460136 -1.345 -0.26162 2.00594 0.459217 
0.639819 0.289187 -0.72867 -0.213613 1.56271 0.522654 
0.595413 0.375506 -0.524112 -0.203501 1.26938 0.541141 
0.558975 0.579116 -0.501037 -0.206874 1.04002 0.552559 
0.592139 0.48177 -0.879985 -0.145697 1.61227 0.496955 
0.556183 0.589864 -0.621569 -0.140432 1.2445 0.51425 
-0.0113829 0.516545 0.35289 -0.903269 -1.85518 0.232294 
0.281992 0.490745 0.00286285 -0.706248 -1.43119 0.341443 
-0.386605 0.435465 0.454728 -1.28992 -1.93627 0.419048 
-0.0189591 0.310682 0.348383 -1.00863 -1.60309 0.522196 
0.276627 0.420508 -0.0293052 -0.867863 -1.23922 0.585318 
-0.393338 0.139777 0.406995 -1.38898 -1.72442 0.8791 
-0.0251174 0.154877 0.27656 -1.2146 -1.38092 0.902455 
0.271989 0.364316 -0.0850021 -1.12102 -1.06542 0.933748 
0.270205 0.327805 -0.166766 1.68489 0.959492 -1.76787 
-0.75078 0.11896 -0.349236 1.41572 2.00278 -1.25813 
-0.393338 -0.0352269 -0.0882324 1.34255 1.63696 -1.29597 
-0.0251147 0.038872 -0.0621268 -1.82532 -1.25654 1.83724 
0.271993 0.313391 -0.274585 1.31048 0.953382 -1.28647 
-0.386638 0.0881617 -0.552994 1.1667 1.79123 -0.838609 
-0.0189591 0.0806476 -0.331102 1.03521 1.38768 -0.871081 
0.2766 0.322998 -0.409358 0.977725 1.0539 -0.851094 
-0.0113936 0.200923 -0.699503 0.85508 1.61697 -0.521221 
0.282053 0.356631 -0.570232 0.753288 1.22174 -0.534544 
0.149752 0.529877 0.340571 -0.689468 -1.79125 0.11945 
0.350813 0.525494 -0.0402779 -0.558928 -1.38752 0.215227 
-0.135022 0.36252 0.57033 -1.01684 -1.7927 0.300659 
0.141324 0.318812 0.343301 -0.810923 -1.47415 0.394929 
0.34505 0.451597 -0.0667759 -0.724539 -1.15331 0.461266 
-0.478032 0.0591751 0.620151 -1.38887 -1.74997 0.752003 
-0.14378 0.0325834 0.525087 -1.19225 -1.45518 0.792331 
0.134652 0.158478 0.274688 -1.06018 -1.18081 0.7984 
0.339971 0.392855 -0.120159 -1.01137 -0.933478 0.843723 
0.132129 0.0653387 0.136841 1.70037 1.00836 -1.81046 
0.338024 0.356049 -0.202599 -1.42029 -0.800913 1.35627 
-0.468454 0.0824711 -0.792787 1.17905 1.8958 -0.611222 
-0.135028 -0.0211657 -0.44553 0.979241 1.53675 -0.69312 
0.141633 0.088243 -0.343859 0.883154 1.20366 -0.706836 
0.345102 0.358124 -0.458281 0.839868 0.950648 -0.692098 
0.149707 0.217609 -0.725944 0.671204 1.50857 -0.347614 
0.350845 0.400586 -0.63351 0.600278 1.17603 -0.359338 
0.309447 0.575723 0.280573 -0.416587 -1.76935 -0.0348002 
0.420989 0.572119 -0.0983571 -0.346029 -1.38179 0.0255082 
-0.0747322 0.532399 0.736744 -0.85855 -1.99693 -0.0318725 
0.145635 0.365747 0.582667 -0.618223 -1.69425 0.11514 
0.303659 0.365321 0.293555 -0.504871 -1.39111 0.175369 
0.41672 0.49379 -0.114941 -0.462836 -1.09767 0.220515 
-0.0885028 -0.10392 0.787661 -0.978924 -1.38568 0.581951 
0.135792 0.0172142 0.548287 -0.841559 -1.16985 0.562521 
0.296153 0.198187 0.235768 -0.762839 -0.976595 0.558725 
0.411118 0.427998 -0.160251 -0.752265 -0.782181 0.60444 
0.130168 -0.157834 0.351706 -1.40141 -0.860946 1.31405 
0.291642 0.102563 0.0971008 1.80982 0.707018 -1.88099 
-0.0884883 -0.344819 0.0635703 1.08336 1.17652 -0.941836 
0.135792 -0.167411 0.0249056 1.04415 0.917619 -0.958209 
0.296195 0.0807161 -0.114256 1.04261 0.724735 -0.97663 
0.411133 0.379227 -0.36643 1.01635 0.602382 -0.94488 
-0.0747334 -0.0649225 -0.657333 0.761299 1.61441 -0.37309 
0.146019 -0.0272588 -0.450393 0.637298 1.31051 -0.390266 
0.303699 0.139217 -0.409566 0.578186 1.0568 -0.387383 
0.416723 0.405039 -0.528819 0.54499 0.873724 -0.368118 
0.309869 0.290793 -0.826558 0.409522 1.47527 -0.0937688 
0.420996 0.462123 -0.725475 0.36786 1.18454 -0.102067 
0.461702 0.654016 0.164025 -0.0987057 -1.8025 -0.225106 
0.491847 0.634496 -0.18077 -0.0801254 -1.4375 -0.216915 
0.42304 0.455042 0.471069 -0.100705 -1.71481 -0.153131 
0.463481 0.455495 0.18595 -0.0718632 -1.42876 -0.157206 
0.493758 0.556734 -0.189026 -0.0544119 -1.15391 -0.166813 
0.36807 -0.0363191 0.744314 -0.134265 -1.17744 -0.007866 
0.425317 0.114608 0.462539 -0.0843022 -1.0424 -0.0428091 
0.466038 0.281459 0.151275 -0.0466127 -0.895969 -0.0743165 
0.49641 0.479024 -0.214504 -0.0140201 -0.726954 -0.106523 
0.345599 -0.338321 0.496603 -1.16827 -0.385978 1.13988 
0.406962 -0.074106 0.275798 -0.98451 -0.353997 0.954657 
0.450585 0.176307 0.0150869 -0.92883 -0.31304 0.904776 
0.483077 0.430673 -0.300092 -1.03812 -0.251437 1.02388 
0.368059 -0.293735 0.0102307 0.180627 0.757897 -0.0722027 
0.425314 -0.0764762 -0.0721996 0.126144 0.616134 -0.0177486 
0.46603 0.165432 -0.222087 0.073029 0.520512 0.0402384 
0.496391 0.430879 -0.449026 0.0190668 0.48059 0.100412 
0.366534 0.016559 -0.756324 0.139453 1.53436 0.0930037 
0.423046 0.0874344 -0.584061 0.103693 1.28748 0.109558 
0.46348 0.247989 -0.550585 0.0801396 1.09087 0.130365 
0.493765 0.477341 -0.6403 0.0609298 0.949476 0.153575 
0.461653 0.444658 -1.04419 0.096125 1.58503 0.203706 
0.491847 0.553085 -0.863452 0.082548 1.29461 0.205028 
0.59539 0.760753 -0.0134282 0.202482 -1.85654 -0.422101 
0.559011 0.710652 -0.29212 0.178218 -1.52791 -0.454383 
0.647117 0.606608 0.23501 0.322562 -1.79158 -0.406747 
0.601912 0.58156 0.00972081 0.288508 -1.54253 -0.449356 
0.564393 0.639302 -0.302265 0.277647 -1.28903 -0.488547 
0.719652 0.238049 0.45537 0.553907 -1.39134 -0.515863 
0.66012 0.316327 0.231942 0.527661 -1.24208 -0.549533 
0.612621 0.424625 -0.0243379 0.521907 -1.0928 -0.59017 
0.573855 0.567168 -0.328959 0.541092 -0.934417 -0.649405 
0.715945 -0.0561763 0.259715 -1.91864 0.544291 1.97165 
0.609 0.307697 -0.141616 1.1993 -0.432656 -1.16543 
0.570107 0.503004 -0.398372 1.3024 -0.376304 -1.2832 
0.718457 -0.013176 -0.244623 -0.647063 1.02927 0.775937 
0.659812 0.143689 -0.307463 -0.641994 0.919667 0.788766 
0.612561 0.32369 -0.419836 -0.638181 0.837445 0.792396 
0.57384 0.528376 -0.591265 -0.624118 0.787796 0.776448 
0.703459 0.39081 -1.22569 -0.355776 1.79777 0.4455 
0.647271 0.345027 -0.901073 -0.315036 1.52013 0.497055 
0.601703 0.430219 -0.792032 -0.297705 1.32269 0.516349 
0.564382 0.58846 -0.805228 -0.289624 1.1735 0.524415 
0.558983 0.685675 -1.06624 -0.178588 1.49055 0.461297 
-0.00508448 0.341206 0.343725 -0.767944 -1.82857 0.296578 
0.286926 0.36931 -0.142334 -0.63479 -1.31177 0.387034 
-0.0113942 0.184418 0.286644 -0.854311 -1.5989 0.541993 
0.28208 0.336335 -0.213118 -0.777978 -1.15592 0.600575 
-0.386646 0.0874881 0.376188 -1.1664 -1.79074 0.839753 
-0.0191136 0.0805412 0.169924 -1.03509 -1.38782 0.870572 
0.276583 0.318124 -0.307523 -1.01617 -1.01301 0.925547 
-0.750721 0.117243 0.106848 1.7288 2.00164 -1.87652 
-0.393343 -0.0345865 0.162119 1.7988 1.63787 -1.84962 
-0.0251166 0.0389895 -0.0119304 1.82654 1.25748 -1.84112 
0.271987 0.320886 -0.43388 -1.36266 -0.936277 1.37549 
-0.75267 0.113812 -0.317849 1.65679 1.96434 -1.34965 
-0.39576 -0.0191997 -0.179755 1.57979 1.61536 -1.37163 
-0.0274179 0.0631746 -0.263583 1.50428 1.25458 -1.35978 
0.270205 0.351623 -0.60011 -1.74479 -0.972053 1.87311 
-0.393339 0.148829 -0.709087 1.39105 1.72685 -0.865684 
-0.0251145 0.163978 -0.612101 1.21162 1.38684 -0.886544 
0.271989 0.420543 -0.82295 1.06446 1.12213 -0.810723 
-0.0189558 0.443337 -1.24897 1.01753 1.68089 -0.397615 
0.276627 0.567106 -1.17252 0.82493 1.38151 -0.419416 
0.156386 0.359055 0.327678 -0.578885 -1.76202 0.145432 
0.355544 0.40879 -0.187815 -0.49344 -1.27066 0.226561 
-0.12432 0.271737 0.5675 -0.854789 -1.89456 0.275378 
0.149708 0.197587 0.277871 -0.67282 -1.48248 0.367621 
0.350851 0.373417 -0.254506 -0.631309 -1.0829 0.431862 
-0.468725 0.0826195 0.627678 -1.1791 -1.89565 0.611407 
-0.135067 -0.0181473 0.49016 -0.979117 -1.53975 0.688582 
0.141632 0.0878671 0.166578 -0.883504 -1.20292 0.707803 
0.345102 0.351403 -0.345019 -0.894351 -0.889935 0.781965 
-0.478003 -0.192949 0.409582 -1.32883 -1.65089 1.20812 
-0.143807 -0.150202 0.271231 -1.27244 -1.30756 1.21134 
0.339975 0.352383 -0.471675 -1.33065 -0.777237 1.32371 
-0.481345 -0.192734 -0.0210796 1.57882 1.60818 -1.35764 
-0.146906 -0.132911 -0.0730237 1.50839 1.2807 -1.35575 
0.338016 0.384887 -0.643095 1.32231 0.821694 -1.21443 
-0.477628 0.055671 -0.731151 1.3875 1.74869 -0.756013 
-0.14378 0.0291971 -0.581866 1.19245 1.45312 -0.79686 
0.13469 0.168257 -0.619199 1.05408 1.18952 -0.78194 
0.339974 0.462126 -0.882022 0.928655 1.01667 -0.696825 
0.141634 0.472847 -1.30055 0.805755 1.58976 -0.275136 
0.345102 0.656119 -1.31717 0.667205 1.36624 -0.27567 
0.31445 0.412297 0.263643 -0.348769 -1.73458 -0.0408036 
0.424154 0.460472 -0.249453 -0.304358 -1.26253 0.0131215 
0.154953 0.280012 0.570632 -0.512237 -1.80985 0.0612851 
0.30987 0.252183 0.222719 -0.412542 -1.41947 0.118241 
0.420996 0.422822 -0.310013 -0.395417 -1.04478 0.164455 
-0.0747338 -0.0629496 0.78756 -0.761373 -1.61611 0.371464 
0.146017 -0.0243403 0.507041 -0.636505 -1.31441 0.387001 
0.303699 0.135773 0.124275 -0.581374 -1.04816 0.393812 
0.416726 0.394569 -0.390981 -0.60554 -0.772881 0.457069 
-0.0884591 -0.375654 0.55743 -1.12265 -1.13148 1.03881 
0.135791 -0.170435 0.295244 -1.05601 -0.908798 0.977606 
0.296195 0.0807098 -0.0473249 -1.04276 -0.724659 0.976827 
0.411131 0.389506 -0.513161 -1.16797 -0.55095 1.12554 
0.130183 -0.154079 -0.0543039 1.38903 0.863473 -1.29515 
0.291651 0.103463 -0.30659 1.32773 0.707839 -1.25533 
0.407448 0.425637 -0.697093 -1.96924 -0.622268 2.0488 
-0.0884872 -0.100525 -0.587421 0.978312 1.38803 -0.578459 
0.135792 0.0133806 -0.573192 0.84337 1.16606 -0.567138 
0.296196 0.216351 -0.682458 0.747946 1.00078 -0.532047 
0.411133 0.518974 -0.969229 0.649034 0.922319 -0.448221 
0.461808 0.499779 0.146605 -0.0956834 -1.75434 -0.251885 
0.491672 0.524734 -0.331342 -0.0833906 -1.30078 -0.238832 
0.421479 0.375809 0.453572 -0.121946 -1.81679 -0.198472 
0.461653 0.348779 0.11209 -0.0968644 -1.44701 -0.190341 
0.491834 0.489133 -0.38952 -0.0896202 -1.08463 -0.185641 
0.366533 0.0220699 0.72414 -0.139424 -1.54074 -0.0938977 
0.423043 0.0860144 0.410142 -0.103607 -1.28702 -0.109385 
0.46348 0.232819 0.0276679 -0.0820142 -1.0489 -0.126417 
0.493766 0.458942 -0.4618 -0.070301 -0.784036 -0.139087 
0.36806 -0.316652 0.529728 -0.19579 -0.688742 0.0923432 
0.425314 -0.0764302 0.225494 -0.1261 -0.616519 0.0176946 
0.46603 0.164403 -0.124251 -0.0753417 -0.504057 -0.0375847 
0.496393 0.441385 -0.566602 -0.0280479 -0.337298 -0.0906295 
0.345598 -0.31699 0.0777755 1.00203 0.42447 -0.959009 
0.406961 -0.0742732 -0.126761 0.986016 0.353623 -0.956261 
0.450583 0.181609 -0.393716 0.877766 0.325618 -0.851091 
0.483079 0.477451 -0.767533 0.654966 0.359927 -0.623174 
0.36807 -0.0404605 -0.662483 0.134547 1.17243 0.00713209 
0.425297 0.11667 -0.699191 0.0837357 1.04773 0.0436863 
0.466036 0.325617 -0.833208 0.0437199 0.97073 0.0791401 
0.496374 0.622239 -1.13897 0.0110927 0.979159 0.110952 
0.592423 0.617095 -0.0253971 0.149813 -1.80366 -0.468155 
0.556188 0.608977 -0.447602 0.135625 -1.37294 -0.495744 
0.63973 0.535878 0.221414 0.223844 -1.87313 -0.452946 
0.595456 0.481127 -0.0606381 0.194325 -1.53599 -0.486768 
0.558975 0.578147 -0.508791 0.192358 -1.18458 -0.519887 
0.703461 0.279696 0.436101 0.34876 -1.68598 -0.487141 
0.647278 0.290242 0.181227 0.317392 -1.43982 -0.522809 
0.601696 0.378566 -0.145494 0.309975 -1.19985 -0.556507 
0.564378 0.554156 -0.585625 0.332811 -0.93706 -0.611355 
0.718457 -0.0115336 0.274381 0.645252 -1.03331 -0.772402 
0.659812 0.141438 0.0111318 0.647181 -0.910716 -0.797268 
0.612561 0.317817 -0.297579 0.682783 -0.777484 -0.856862 
0.57384 0.542998 -0.697601 0.791302 -0.62172 -0.994777 
0.715939 -0.057084 -0.14303 1.91341 -0.542596 -1.96556 
0.656618 0.126051 -0.331263 1.97099 -0.49009 -2.01802 
0.570105 0.574719 -0.905395 -0.862875 0.485616 0.801714 
0.718454 0.297841 -1.05884 -0.547383 1.44863 0.478659 
0.659811 0.41036 -1.07985 -0.510286 1.34732 0.48672 
0.612561 0.585075 -1.21183 -0.478439 1.29183 0.473416 
0.000966396 0.203487 0.284997 -0.658283 -1.74089 0.366075 
0.29093 0.344202 -0.404944 -0.606441 -1.13156 0.456552 
-0.00458617 0.0993867 0.178693 -0.73645 -1.5305 0.575192 
0.286921 0.354307 -0.525796 -0.747664 -1.00187 0.663171 
-0.378098 0.0419014 0.333408 -0.969034 -1.80653 0.823382 
-0.0114109 0.0485909 0.0177997 -0.886862 -1.33603 0.852198 
0.282078 0.38462 -0.679392 -0.978036 -0.886316 0.977371 
-0.386657 -0.0462262 0.0955777 -1.11537 -1.6157 1.21914 
0.276607 0.449475 -0.892129 1.80127 0.834562 -1.68877 
-0.395746 0.227759 -0.893816 1.59892 1.60647 -0.904251 
-0.0274159 0.339885 -1.03802 1.35894 1.32526 -0.846426 
0.161795 0.223233 0.267897 -0.493474 -1.66962 0.180402 
0.359242 0.387807 -0.455381 -0.467069 -1.08511 0.264631 
-0.115201 0.182497 0.553413 -0.719135 -1.92546 0.284655 
0.1565 0.11561 0.167265 -0.574055 -1.42201 0.364422 
0.355546 0.3971 -0.575213 -0.600714 -0.928093 0.458528 
-0.124324 -0.0604385 0.441319 -0.797016 -1.58076 0.615744 
0.149751 0.0596508 0.0121838 -0.738434 -1.17363 0.636344 
0.350859 0.425902 -0.728018 -0.848678 -0.768134 0.786492 
-0.468728 -0.186802 0.430189 -1.08122 -1.69326 1.04395 
-0.135026 -0.155615 0.200833 -1.03315 -1.30859 1.05234 
0.141633 0.0607895 -0.208022 -1.05991 -0.973439 1.08197 
0.345102 0.492171 -0.946881 -1.31947 -0.675876 1.36986 
-0.146905 0.0945442 -0.73934 1.38917 1.33507 -0.904435 
0.132127 0.342521 -1.04156 1.17528 1.14103 -0.784367 
0.318048 0.281879 0.203073 -0.295956 -1.63906 -0.0364153 
0.426828 0.443396 -0.522363 -0.28608 -1.06817 0.0221547 
0.161862 0.193322 0.55073 -0.430451 -1.84146 0.0423379 
0.31495 0.173262 0.110784 -0.350398 -1.36572 0.0926126 
0.424154 0.454462 -0.644035 -0.378156 -0.88422 0.164802 
-0.0616852 -0.0294517 0.77983 -0.624297 -1.80636 0.246737 
0.155109 -0.0583803 0.44919 -0.503658 -1.40629 0.283415 
0.309873 0.113749 -0.0365011 -0.471912 -1.05905 0.297268 
0.420996 0.482121 -0.795138 -0.570249 -0.664994 0.425246 
-0.0747353 -0.358631 0.574345 -0.811923 -1.25269 0.733191 
0.146042 -0.167586 0.220931 -0.762495 -0.983365 0.688802 
0.303703 0.105533 -0.245987 -0.789198 -0.734809 0.71887 
0.416728 0.547185 -1.01527 -1.13291 -0.454316 1.08739 
-0.0951663 -0.130911 -0.51794 1.25125 1.17804 -0.857885 
0.130184 0.0714419 -0.714342 1.08139 1.01034 -0.78441 
0.291655 0.403433 -1.1256 0.888149 0.949235 -0.621331 
0.462529 0.376814 0.0868285 -0.0844345 -1.65394 -0.270064 
0.492123 0.516322 -0.616554 -0.0819391 -1.08962 -0.252658 
0.422026 0.295467 0.431874 -0.115871 -1.83808 -0.229268 
0.461776 0.273182 -0.000342473 -0.095437 -1.3825 -0.216378 
0.491765 0.532657 -0.744871 -0.103334 -0.896826 -0.196639 
0.365592 0.0579573 0.705059 -0.151434 -1.75638 -0.149548 
0.421492 0.0562762 0.345556 -0.119923 -1.39227 -0.147195 
0.461652 0.214523 -0.140246 -0.109932 -1.06242 -0.148674 
0.491847 0.565873 -0.903233 -0.131416 -0.650153 -0.122766 
0.366521 -0.277606 0.528983 -0.160687 -1.05122 -0.0178243 
0.423043 -0.0604988 0.138158 -0.130339 -0.871268 -0.0544328 
0.46348 0.201695 -0.339098 -0.117053 -0.652864 -0.0743 
0.493758 0.639608 -1.13716 -0.172435 -0.29218 -0.0236777 
0.368057 -0.322532 0.131392 -0.432807 -0.300782 0.355995 
0.425312 -0.0502845 -0.202541 -0.334777 -0.222885 0.241691 
0.46603 0.258111 -0.642938 -0.437453 -0.0858518 0.332433 
0.345591 -0.0942602 -0.550488 0.55226 0.722965 -0.43282 
0.406954 0.161011 -0.814174 0.461115 0.706746 -0.361314 
0.450586 0.578834 -1.39174 0.33707 0.841764 -0.229305 
0.590227 0.503613 -0.0839109 0.117861 -1.6989 -0.503324 
0.554544 0.61413 -0.753584 0.117367 -1.13944 -0.533339 
0.63579 0.464694 0.202779 0.168981 -1.88407 -0.491849 
0.592132 0.412261 -0.173315 0.14658 -1.45469 -0.520014 
0.556187 0.639254 -0.895258 0.162495 -0.960021 -0.562646 
0.694604 0.303027 0.420278 0.246721 -1.84952 -0.502323 
0.63982 0.258705 0.122215 0.214051 -1.50551 -0.534877 
0.595412 0.362075 -0.315422 0.211171 -1.16962 -0.563404 
0.558983 0.694522 -1.08966 0.267901 -0.731566 -0.648028 
0.703626 0.0191013 0.272041 0.361707 -1.28692 -0.634683 
0.647164 0.152922 -0.0750489 0.360884 -1.0679 -0.65972 
0.60169 0.36021 -0.524724 0.397026 -0.825855 -0.717816 
0.718461 -0.0423537 -0.0989384 0.877194 -0.73675 -1.13225 
0.659812 0.167582 -0.421509 0.955852 -0.622551 -1.21845 
0.612563 0.440686 -0.869448 -1.95895 0.498365 1.67493 
0.715936 0.181435 -0.838102 -0.739473 0.806476 0.562899 
0.656611 0.443786 -1.18356 -0.620421 0.842635 0.44374 
0.00573409 0.110666 0.179294 -0.577722 -1.61615 0.425951 
0.294309 0.455828 -0.856374 -0.648261 -0.884733 0.584727 
0.00101128 0.0588502 0.0255939 -0.655658 -1.41898 0.611509 
0.290934 0.560234 -1.12509 -0.858166 -0.750231 0.872289 
-0.370264 0.00459529 0.277716 -0.817709 -1.78114 0.822643 
-0.00459121 0.0603254 -0.183654 -0.789475 -1.2384 0.856506 
-0.378062 -0.0456254 0.0121059 -0.929866 -1.5655 1.1568 
-0.0113932 0.120654 -0.465973 -1.01321 -1.0938 1.2089 
-0.74518 0.0958408 -0.249813 2.1007 1.83912 4.71128 
-0.393338 0.348663 -1.1524 1.76224 1.42939 -0.939617 
0.166097 0.131656 0.161449 -0.431645 -1.54249 0.21139 
0.362265 0.512768 -0.930823 -0.505901 -0.818292 0.361472 
-0.108267 0.0994754 0.528248 -0.610554 -1.90484 0.306649 
0.161806 0.0771614 0.0118641 -0.50877 -1.31585 0.373141 
0.359234 0.633342 -1.22931 -0.727187 -0.641228 0.652842 
-0.115201 -0.0946904 0.379383 -0.665872 -1.57565 0.576012 
0.156493 0.0739549 -0.19195 -0.649768 -1.09178 0.605385 
-0.456807 -0.180321 0.4437 -0.876611 -1.7382 0.914306 
-0.124362 -0.150709 0.114961 -0.838435 -1.2936 0.921337 
0.149652 0.128713 -0.468372 -0.920804 -0.89258 0.987718 
-0.468726 -0.207696 0.0447234 2.06947 1.49846 -1.74034 
-0.135032 -0.0776291 -0.277359 1.9748 1.12443 -1.70936 
-0.143778 0.183487 -0.936217 1.55246 1.17622 -1.01303 
0.321017 0.192784 0.0973418 -0.256996 -1.51076 -0.0308848 
0.428733 0.593685 -1.0432 -0.316213 -0.770073 0.080302 
0.16709 0.112572 0.521485 -0.36466 -1.8214 0.0372703 
0.3182 0.137567 -0.047398 -0.31001 -1.2618 0.0814587 
0.42667 0.864951 -1.612 -0.600355 -0.453688 0.433955 
-0.0517494 -0.00778123 0.771885 -0.534932 -1.93131 0.1773 
0.161906 -0.0879295 0.38096 -0.418219 -1.42922 0.22706 
0.314466 0.131758 -0.246962 -0.413762 -0.994675 0.253212 
-0.0616285 -0.338984 0.578507 -0.616188 -1.38752 0.541795 
0.15511 -0.153736 0.126687 -0.582198 -1.0468 0.51156 
0.30987 0.181813 -0.518909 -0.657133 -0.705921 0.58319 
-0.0747333 -0.365857 0.17675 -0.964829 -0.994508 1.08098 
0.146042 -0.0939065 -0.252028 -1.03791 -0.73083 1.10282 
0.3037 0.332085 -0.949386 1.73531 0.503386 -1.68121 
0.463124 0.291389 -0.0166686 -0.0733644 -1.52352 -0.283439 
0.49281 0.718342 -1.2304 -0.0958397 -0.736857 -0.244213 
0.423123 0.220846 0.402256 -0.101756 -1.81583 -0.251033 
0.462482 0.239996 -0.159903 -0.0876798 -1.27183 -0.23707 
0.36687 0.0791559 0.691537 -0.143101 -1.88629 -0.19328 
0.42206 0.0282941 0.275036 -0.112767 -1.41677 -0.181181 
0.461791 0.235401 -0.358414 -0.112327 -0.98869 -0.172469 
0.365595 -0.248924 0.52028 -0.15576 -1.27027 -0.0749721 
0.42148 -0.0430935 0.0347568 -0.141888 -0.985494 -0.0898953 
0.461648 0.287523 -0.634001 -0.159053 -0.64518 -0.0751386 
0.366526 -0.302611 0.145026 -0.231687 -0.649578 0.0875383 
0.423044 0.00226372 -0.328899 -0.219699 -0.472577 0.0575673 
0.46348 0.461155 -1.10925 -0.47547 -0.155909 0.303125 
0.368069 -0.127353 -0.461709 0.793877 0.174284 -0.84584 
0.425317 0.239501 -0.9761 0.264144 0.282198 -0.339532 
0.588878 0.427599 -0.189466 0.0977727 -1.56411 -0.529907 
0.633869 0.398805 0.177307 0.13494 -1.85889 -0.521884 
0.590168 0.383925 -0.335922 0.120358 -1.32978 -0.54727 
0.689801 0.316849 0.408699 0.192732 -1.94864 -0.524064 
0.635854 0.230354 0.0556879 0.161043 -1.50768 -0.554672 
0.592122 0.390172 -0.547311 0.166747 -1.06331 -0.584509 
0.694763 0.0392916 0.262848 0.23922 -1.44031 -0.603418 
0.639763 0.166215 -0.179145 0.237541 -1.12136 -0.625426 
0.595424 0.467853 -0.865114 0.290448 -0.738802 -0.697295 
0.703462 -0.0258216 -0.0877011 0.443126 -0.913646 -0.811089 
0.64713 0.222236 -0.561173 0.508795 -0.688 -0.88665 
-2.14985 -0.144911 -1.03957 2.74719 1.89071 -0.158084 
0.0120425 -0.234613 -1.07058 0.628794 1.31475 -0.167571 
0.58891 -0.191633 -1.08748 -0.0946931 1.24166 0.0173708 
2.55432 -0.275961 -0.971625 -2.17923 1.71954 0.256758 
0.936206 -0.0587085 -1.1774 -0.609724 1.25309 0.182194 
2.09711 -0.0632013 -1.10338 -1.89822 1.66402 0.378053 
-1.51167 0.429797 -2.14353 -0.935 -1.44177 3.24051 
-0.00733564 -0.0613164 -1.17106 0.751307 1.27469 -0.245626 
-2.38931 -0.034959 -1.06948 2.95151 1.98587 -0.0981899 
1.71102 -0.459187 -1.1378 -1.13173 1.5381 -0.036756 
0.375727 -0.0225144 -1.20849 0.217868 1.19448 -0.0852231 
-3.05252 -0.210491 -0.931254 0.358212 -1.92957 -3.00482 
1.51942 -0.376869 -0.961446 -1.11587 1.42063 0.198894 
0.683757 0.129793 -1.37939 -0.27713 1.21539 0.0767425 
2.50225 -0.0836426 -1.02484 -2.24032 1.8197 0.352304 
1.56519 -0.14957 -1.03452 -1.37422 1.43997 0.373926 
-0.92724 -0.10343 -1.06843 1.74677 1.59209 -0.41379 
-1.7482 0.498149 -2.22208 2.41994 1.4052 -6.19988 
-0.394118 -0.27903 -0.966755 1.11323 1.37042 -0.308638 
0.512432 -0.527241 -1.00339 1.86201e-06 1.47693 -0.0140733 
0.52038 -0.274708 -0.963011 -0.0084564 1.18388 -0.0115541 
1.02699 -0.0732708 -1.08997 -0.808674 1.21996 0.283093 
1.70538 0.151075 -1.27004 -1.70639 1.56858 0.447863 
-0.613712 0.267323 -1.50156 1.58327 1.51858 -0.364537 
-0.972852 -0.138292 -0.978012 1.79748 1.61754 -0.467463 
-0.225998 0.00115113 -1.15999 1.10631 1.31689 -0.391413 
-0.203512 -0.35251 -0.867868 0.893369 1.27896 -0.292658 
0.264916 -0.0101848 -1.14667 0.418755 1.12406 -0.185928 
0.879804 -0.242232 -0.907111 -0.573978 1.13404 0.210814 
0.683716 0.22269 -1.42682 -0.350825 1.14941 0.11011 
-0.109818 0.032445 -1.12931 1.03178 1.23165 -0.437115 
0.456155 0.104486 -1.20376 0.0736004 0.999595 -0.0603044 
0.00977818 0.0658145 0.0271118 -0.522386 -1.47076 0.474755 
-0.358257 0.114472 0.392604 -0.686705 -1.98857 0.573358 
0.00572487 0.0654851 -0.176572 -0.605387 -1.28134 0.650027 
-0.363689 -0.022988 0.209613 -0.7051 -1.72699 0.828557 
0.00103294 0.121507 -0.447357 -0.741189 -1.10348 0.887901 
-0.370208 -0.0359865 -0.0864153 -0.796765 -1.49906 1.11501 
-0.00477212 0.259783 -0.839516 -0.977129 -0.944449 1.25362 
-0.378114 0.0799373 -0.530206 2.16793 1.32209 -1.64302 
0.169653 0.0875696 0.00848324 -0.389677 -1.39656 0.237015 
-0.10238 0.0279043 0.490441 -0.523777 -1.8549 0.328301 
0.166098 0.0847639 -0.192033 -0.469111 -1.18106 0.388589 
-0.10807 -0.119732 0.306404 -0.572366 -1.53679 0.553667 
0.161798 0.13726 -0.458921 -0.61017 -0.965631 0.611751 
-0.446453 -0.174974 0.450964 -0.73232 -1.77493 0.825706 
-0.115203 -0.136236 0.0130004 -0.706524 -1.25823 0.836489 
0.156486 0.272369 -0.848425 -0.895021 -0.758967 1.00451 
-0.456808 -0.211229 0.0663081 -0.86558 -1.4731 1.22595 
0.323267 0.150933 -0.056653 -0.230839 -1.36395 -0.0257886 
0.171192 0.0424207 0.481344 -0.312168 -1.77337 0.0357927 
0.320976 0.14706 -0.25487 -0.284836 -1.12698 0.0783202 
0.167097 -0.10974 0.303596 -0.357651 -1.40877 0.19186 
0.318213 0.198108 -0.521199 -0.388841 -0.872626 0.241892 
-0.0516976 -0.324212 0.577581 -0.499204 -1.48493 0.430172 
0.161907 -0.133657 0.0182548 -0.478985 -1.06006 0.413025 
0.314464 0.340645 -0.927218 -0.657362 -0.584367 0.590386 
-0.0616052 -0.358059 0.189338 -0.707582 -1.06402 0.807587 
0.155112 -0.0377819 -0.393764 -0.793982 -0.730976 0.841669 
0.146042 0.290895 -1.1679 -1.71713 -0.620131 -4.33132 
0.463746 0.253055 -0.171785 -0.0658211 -1.37343 -0.293766 
0.42418 0.155565 0.362765 -0.0879342 -1.76913 -0.267278 
0.463181 0.252598 -0.372873 -0.0812024 -1.12964 -0.252297 
0.368605 0.0926095 0.681985 -0.12887 -1.97109 -0.225673 
0.423148 0.00714713 0.196957 -0.0998004 -1.39893 -0.209143 
0.462463 0.310139 -0.650993 -0.110778 -0.852809 -0.19015 
0.36692 -0.230485 0.51239 -0.137741 -1.40212 -0.125406 
0.422041 -0.0222791 -0.0790131 -0.131369 -1.01506 -0.128993 
0.461803 0.490647 -1.12672 -0.203784 -0.481216 -0.0532947 
0.365592 -0.283867 0.144133 -0.195895 -0.865223 0.00648295 
0.421492 0.0666069 -0.487938 -0.216117 -0.578579 0.0129108 
0.366469 -0.125583 -0.429102 -0.531308 -0.275898 0.416246 
0.423043 0.469495 -1.40791 -2.54977 -0.178576 2.41861 
0.587929 0.395094 -0.34797 0.0851993 -1.40728 -0.550986 
0.63206 0.34033 0.140265 0.111332 -1.8094 -0.544957 
0.588864 0.405764 -0.563535 0.106192 -1.1702 -0.570776 
0.633473 0.209282 -0.0197647 0.129775 -1.47553 -0.57266 
0.590182 0.491069 -0.889162 0.150827 -0.887588 -0.61402 
0.689977 0.0524065 0.254542 0.179196 -1.53699 -0.602256 
0.635824 0.185835 -0.296679 0.179044 -1.11634 -0.623662 
0.694693 -0.0113385 -0.0908463 0.274508 -1.04871 -0.711093 
0.639806 0.29587 -0.747129 0.33528 -0.699726 -0.781036 
0.703469 0.152462 -0.701836 0.715017 -0.54316 -1.16794 
-2.39382 -0.0828051 -0.982946 2.93612 1.84809 -0.16291 
-3.06749 0.543556 -2.27424 3.44036 1.19092 6.19383 
1.52413 -0.0774282 -1.48556 -1.16769 1.34104 -6.31691 
2.48971 0.573947 -2.19032 -2.33646 1.30255 -0.051035 
-1.65471 0.218992 -1.31623 2.4674 1.70249 -6.68132 
-1.74911 0.538196 -2.29478 2.35782 1.18819 -6.23231 
-0.381498 -0.00271286 -1.46587 1.05656 1.27125 -0.175691 
0.441382 -0.576929 -0.916444 0.000165444 1.22588 -0.0604072 
0.541269 0.00421022 -1.46189 -0.103581 1.19079 -0.0482759 
-1.30896 -0.503905 -1.33228 1.41732 1.31394 0.247208 
1.69999 0.0711511 -1.12116 -1.80889 1.36437 0.526342 
-0.175283 -0.400823 -0.783312 0.883451 0.982841 -0.405958 
0.893435 -0.285188 -0.813996 -0.842343 0.854763 0.325663 
1.21099 0.11611 -1.15297 -1.43578 1.0422 6.85155 
-0.579276 0.213764 -1.29439 1.72307 1.30039 -0.679328 
-0.097133 -0.0391863 -0.993115 1.1474 0.903534 -0.681947 
0.473791 0.0226182 -1.03371 -0.165172 0.532557 0.004143 
-0.750541 1.14817 0.0616156 -2.0067 -1.72888 0.32593 
-0.317505 1.09626 0.239757 -1.59892 -1.57752 0.234686 
0.125929 1.1356 0.100854 -1.17692 -1.43832 0.307814 
0.448876 1.31621 -0.371765 -0.936071 -1.16521 0.491404 
-0.748785 0.663167 0.281227 -2.0734 -1.63876 0.725833 
-0.315285 0.683914 0.435577 -1.69254 -1.37549 0.631124 
0.128461 0.868614 0.244283 -1.28902 -1.18262 0.621471 
0.450629 1.18564 -0.285001 -1.08835 -0.943778 0.770463 
-0.743949 0.280938 0.272736 -2.1755 -1.68342 -5.07741 
0.454611 1.06734 -0.224077 -1.30402 -0.757516 1.11054 
-0.737789 0.0962822 0.0417908 0.885815 1.84878 -1.49624 
-0.301548 0.0483599 0.407673 1.01681 1.32641 -1.50766 
0.139309 0.410705 0.330859 -1.80965 -0.881054 1.50241 
0.457663 0.96502 -0.189865 -1.5873 -0.648394 1.49834 
-0.294666 -0.0694348 0.198716 0.851049 1.49351 -1.12257 
0.461363 0.876362 -0.174288 1.26085 0.617399 -1.26614 
-0.288859 -0.0591373 -0.119486 0.765504 1.7095 -0.826303 
0.149381 0.142187 0.179021 0.805321 1.04943 -0.861707 
-0.283897 0.0789968 -0.58413 0.75312 1.96331 -0.550757 
0.153339 0.0890733 0.0265616 0.661698 1.21563 -0.615068 
0.466754 0.726863 -0.181822 0.813369 0.699576 -0.693691 
-0.480408 1.07128 0.358266 -1.69961 -1.58906 0.14007 
-0.0608944 1.07918 0.315436 -1.28558 -1.52078 0.168862 
0.277806 1.15054 0.0544985 -0.97487 -1.35907 0.30049 
0.506449 1.3503 -0.449449 -0.835075 -1.08183 0.478098 
-0.0583226 0.645985 0.516555 -1.39161 -1.23847 0.576713 
0.280119 0.888823 0.196128 -1.09688 -1.07672 0.605202 
0.508178 1.22039 -0.361009 -0.998027 -0.852299 0.762894 
0.284949 0.648586 0.268673 -1.35062 -0.82521 1.04113 
0.511667 1.10462 -0.302398 -1.25652 -0.652181 1.14665 
-0.460815 -0.20376 0.325426 0.923235 1.57934 -1.27726 
-0.042524 -0.025731 0.478527 -2.08303 -1.06364 1.81119 
0.291082 0.446126 0.275017 -1.76903 -0.70882 1.61522 
0.515543 1.00485 -0.270064 1.51015 0.541334 -1.51175 
-0.451955 -0.160893 -0.126691 0.828153 1.84211 -0.873923 
-0.0346658 -0.139965 0.259088 0.791801 1.26257 -0.875487 
0.296459 0.293214 0.222082 0.960797 0.767546 -0.990753 
-0.0281914 -0.122883 -0.064898 0.655586 1.51937 -0.572009 
0.300859 0.192714 0.116779 0.695086 0.926279 -0.623527 
0.521815 0.844171 -0.257539 0.843166 0.589782 -0.693027 
-0.0228241 0.0172131 -0.524552 0.603147 1.81171 -0.326466 
0.304641 0.144487 -0.0383216 0.540097 1.12407 -0.380139 
0.524227 0.778406 -0.27065 0.647318 0.674525 -0.441935 
-0.102268 1.05715 0.494639 -1.22959 -1.56448 0.0179516 
0.208705 1.08241 0.299871 -0.927245 -1.45682 0.150481 
0.420992 1.18021 -0.031386 -0.751955 -1.25393 0.283521 
0.562891 1.39128 -0.540284 -0.699255 -0.979528 0.43782 
-0.0986206 0.394699 0.759566 -1.35036 -1.19826 0.579356 
0.211517 0.651747 0.498985 -1.04698 -1.07999 0.53267 
0.423329 0.925463 0.108917 -0.883608 -0.93428 0.579935 
0.564721 1.26038 -0.4486 -0.877601 -0.726174 0.737846 
0.428217 0.69648 0.175903 -1.2051 -0.631508 1.0712 
0.568374 1.146 -0.391616 -1.22426 -0.499884 1.21444 
-0.0761631 -0.362184 0.442725 0.841631 1.22785 -0.922712 
0.22759 -0.000607657 0.447112 0.994236 0.772318 -1.05156 
0.433899 0.508667 0.174933 -1.84308 -0.514309 -4.43169 
0.572197 1.05104 -0.365181 -1.80524 -0.410217 1.90694 
-0.0657552 -0.292944 -0.0255527 0.651409 1.57339 -0.518211 
0.234681 -0.10643 0.222797 0.624244 1.04726 -0.533325 
0.438467 0.369449 0.116643 0.762746 0.638469 -0.646311 
0.5752 0.970891 -0.357222 -2.2885 -0.466147 -3.80975 
-0.0580906 -0.00365959 -0.752294 0.619775 1.98774 -0.194137 
0.24025 -0.0845103 -0.105724 0.470784 1.36864 -0.253914 
0.442068 0.27912 0.0079035 0.502422 0.852941 -0.300855 
0.577581 0.901101 -0.36185 0.585032 0.573034 -0.337109 
0.244762 0.0623718 -0.577113 0.409686 1.71545 -0.0547131 
0.445034 0.237919 -0.150886 0.373077 1.08522 -0.0997283 
0.579572 0.840389 -0.378395 0.432441 0.689698 -0.134193 
0.319162 1.05865 0.463117 -0.656053 -1.53198 0.0298202 
0.459948 1.10852 0.192838 -0.530545 -1.33697 0.135108 
0.553945 1.22817 -0.158981 -0.471713 -1.1163 0.220181 
0.620256 1.44262 -0.650427 -0.478964 -0.851626 0.329422 
0.324746 0.407376 0.722186 -0.768658 -0.914132 0.478387 
0.464473 0.698791 0.384397 -0.628634 -0.838559 0.454801 
0.557884 0.978031 -0.0177526 -0.578972 -0.709711 0.497021 
0.623217 1.30474 -0.54942 -0.647694 -0.51713 0.640959 
0.562271 0.765472 0.0379563 -1.07604 -0.334701 1.14934 
0.626708 1.1945 -0.500201 -1.31251 -0.249825 1.44177 
0.342446 -0.29555 0.384054 0.505168 0.89733 -0.356275 
0.475697 0.120529 0.309584 0.62465 0.539421 -0.467028 
0.565305 0.599283 0.0253346 -2.32215 -0.341415 2.51018 
0.628741 1.10826 -0.484245 -2.39471 -0.305751 2.62581 
0.348164 -0.224279 -0.0874998 0.332841 1.38108 -0.0522329 
0.479116 0.0268858 0.0860951 0.326054 0.937448 -0.0669282 
0.567494 0.477788 -0.0394181 0.385272 0.60273 -0.114276 
0.630194 1.03555 -0.482594 -2.73806 -0.475796 3.04083 
0.352593 0.0819969 -0.850391 0.297857 1.90213 0.148076 
0.481928 0.0530765 -0.24773 0.23368 1.31878 0.110305 
0.569339 0.400243 -0.152691 0.246419 0.868599 0.0884326 
0.631467 0.971807 -0.491249 0.272462 0.628532 0.0833174 
0.484246 0.219768 -0.760627 0.199856 1.7212 0.233344 
0.570901 0.36917 -0.318334 0.182256 1.12441 0.204921 
0.632586 0.915948 -0.509948 0.203125 0.764165 0.193829 
0.672417 1.092 0.257358 -0.0281632 -1.34945 0.00618557 
0.676534 1.17385 -0.0135266 -0.0254724 -1.16045 0.0101612 
0.679583 1.30363 -0.34251 -0.0247695 -0.961265 0.0141804 
0.681929 1.51093 -0.792529 -0.0272832 -0.718588 0.0205362 
0.688424 0.530765 0.476245 0.30965 -0.55963 -0.0612112 
0.690071 0.794853 0.161012 0.33995 -0.51149 -0.0949303 
0.691396 1.05704 -0.206596 0.421205 -0.413806 -0.184373 
0.692371 1.3649 -0.690589 0.689445 -0.262801 -0.466965 
0.681773 0.126675 0.419718 -0.334988 0.254027 0.646803 
0.68443 0.5045 0.173636 -0.660892 0.138823 0.980011 
0.686408 0.868944 -0.167365 2.35274 -0.121509 -2.03128 
0.687937 1.2658 -0.65682 -0.45733 0.199127 -5.50743 
0.676738 -0.0296468 0.142166 -0.0309561 0.866762 0.401293 
0.680105 0.32008 0.0616536 -0.0452986 0.597805 0.42151 
0.682602 0.726149 -0.187592 -0.0626722 0.441358 0.442777 
0.684546 1.1887 -0.646373 -0.0659759 0.437717 0.447507 
0.674919 0.0326011 -0.331447 -0.00208465 1.39883 0.425197 
0.678513 0.244728 -0.162234 -0.00432992 1.0175 0.43032 
0.681233 0.622182 -0.256197 -0.00740339 0.733994 0.436003 
0.683285 1.12194 -0.646413 -0.00963091 0.624448 0.440018 
0.678031 0.285816 -0.517661 0.00306214 1.4137 0.462449 
0.680775 0.55923 -0.376434 0.00235661 0.999051 0.464198 
0.682887 1.06324 -0.656766 0.00169554 0.775367 0.466209 
0.677886 0.553721 -1.22014 0.00514884 1.90695 0.492235 
0.680647 0.543477 -0.557403 0.00417465 1.25445 0.491848 
0.682944 1.01029 -0.673864 0.00388289 0.904015 0.493122 
2.31492 1.15449 0.042535 2.14572 -1.78104 -6.59431 
1.84362 1.07616 0.331013 -1.43592 1.59299 2.97947 
1.3085 1.0981 0.232479 1.18282 -1.47849 -0.221822 
0.931567 1.26797 -0.258823 0.878174 -1.18891 -0.422455 
2.31014 0.687743 0.248024 -0.904703 1.81453 -3.62958 
1.84093 0.653248 0.520013 1.8335 -1.50447 -6.66747 
1.30997 0.826992 0.365726 -1.80395 1.30544 2.77337 
0.935057 1.14756 -0.188907 1.06703 -1.05615 -0.530854 
1.30638 0.560406 0.451294 -1.68115 1.12749 2.5647 
0.932371 1.02929 -0.126251 1.18508 -0.893163 -0.636894 
0.928921 0.920287 -0.0831408 1.34882 -0.754503 -0.79371 
0.92503 0.82203 -0.0598504 -1.56911 0.658431 -4.15319 
1.82161 -0.159964 -0.0170238 -0.904416 1.78656 1.55811 
1.81583 -0.0300818 -0.463303 -0.890076 1.99113 1.32824 
1.28518 -0.0454736 0.17173 -0.783911 1.19222 1.41996 
2.04714 1.07523 0.335793 1.88091 -1.61991 -0.152097 
1.56946 1.06774 0.380532 1.40819 -1.55087 -0.120879 
1.15332 1.12016 0.152186 1.01158 -1.40885 -0.252169 
0.880541 1.31255 -0.362828 0.820929 -1.11687 -0.43958 
1.56873 0.625649 0.573641 1.58113 -1.36764 -6.65595 
1.15617 0.857444 0.281314 1.20943 -1.19935 -0.404415 
0.884243 1.19161 -0.292032 1.05808 -0.969183 -0.578916 
1.15173 0.603804 0.362704 1.3737 -0.982094 -0.625531 
0.881326 1.07389 -0.227295 1.21505 -0.788977 -0.713513 
0.876659 0.96949 -0.188368 1.43966 -0.648749 -0.92406 
2.02652 -0.14051 -0.134829 -0.960629 1.99454 1.58821 
1.54147 -0.2023 0.0119817 -0.784586 1.58341 1.37371 
1.13387 0.100157 0.22871 -0.844103 0.932481 1.46659 
1.12895 0.0457393 0.0739697 -0.650391 1.10335 1.24608 
1.67886 1.05814 0.468489 1.47778 -1.56677 -0.0439461 
1.29353 1.07481 0.337781 1.09734 -1.49816 -0.140664 
1.01543 1.1584 0.0310072 0.851218 -1.31238 -0.283725 
0.831808 1.36556 -0.483869 0.757371 -1.03142 -0.452128 
1.67625 0.424127 0.711668 1.69593 -1.36675 -6.71843 
1.29575 0.641749 0.525082 -1.80527 1.21451 2.74673 
1.01985 0.905997 0.156818 1.1139 -1.06538 -0.456325 
0.836832 1.24321 -0.410069 1.07143 -0.864486 -0.643417 
1.01398 0.669744 0.231846 1.34085 -0.814476 -0.710634 
0.83263 1.12674 -0.346004 1.30032 -0.666775 -0.839012 
0.827302 1.02691 -0.310103 1.63043 -0.540032 -1.14657 
1.6486 -0.273169 -0.0334866 -0.81094 1.72167 1.35631 
1.2706 -0.155205 0.273284 -0.779601 1.15673 1.39002 
0.822758 0.940452 -0.294097 2.01741 -0.510026 -1.51374 
1.26325 -0.137412 -0.0520109 -0.608232 1.42101 1.15563 
1.2571 0.00387784 -0.511939 -0.530572 1.73175 0.987004 
0.991259 0.172289 -0.0703613 -0.485327 1.07319 1.05059 
1.27567 1.0609 0.435147 1.01296 -1.53117 -0.0633939 
1.05134 1.10473 0.20499 0.803901 -1.38733 -0.186717 
0.895187 1.21649 -0.13028 0.690091 -1.18541 -0.301511 
0.786171 1.42976 -0.623165 0.672488 -0.927235 -0.445344 
1.27896 0.438365 0.669603 -1.79166 1.11929 2.68426 
1.05666 0.701932 0.37922 1.15014 -1.01404 -0.450975 
0.901759 0.974224 -0.0076608 1.06408 -0.891114 -0.531626 
0.792144 1.30386 -0.546711 1.12661 -0.731164 -0.742893 
0.894024 0.756962 0.0588786 -1.71971 0.616365 2.254 
0.786153 1.18948 -0.485275 1.50772 -0.526371 -1.07765 
1.25395 -0.266847 0.366938 2.36921 -1.13381 -1.78746 
1.037 0.107148 0.330083 -0.912419 0.752797 1.49011 
0.780079 1.09601 -0.454734 2.01225 -0.458346 -1.55073 
1.2435 -0.208693 -0.0955054 -0.558952 1.4932 1.06054 
1.02915 0.00451128 0.113399 -0.551367 1.02243 1.10109 
1.23551 0.0914722 -0.855931 -0.505394 1.95183 0.842887 
1.02332 0.0255815 -0.215875 -0.396527 1.35342 0.918971 
0.876218 0.367109 -0.105786 -0.424102 0.881097 0.967813 
1.01896 0.184279 -0.715481 -0.335658 1.72748 0.802622 
0.873089 0.331808 -0.268123 -0.308102 1.11848 0.853602 
0.770085 0.891966 -0.467063 -0.349626 0.744473 0.880218 
0.941045 1.09649 0.238838 0.573213 -1.37189 -0.126866 
0.854663 1.17561 -0.0186374 0.510875 -1.20494 -0.197913 
0.79001 1.30326 -0.341647 0.486768 -1.01821 -0.270964 
0.740196 1.51164 -0.793995 0.519379 -0.788113 -0.383186 
0.95044 0.552537 0.443799 1.11572 -0.795782 -0.530333 
0.863984 0.80661 0.143506 1.06347 -0.731289 -0.556974 
0.798998 1.06523 -0.218521 1.10031 -0.64679 -0.670532 
0.74872 1.37554 -0.707848 1.29325 -0.546267 -0.944348 
0.789095 0.870269 -0.165118 1.83559 -0.409039 -1.37472 
0.740222 1.26833 -0.657388 2.04197 -0.406811 -1.63193 
0.924952 -0.0199884 0.135365 -0.430263 0.958692 0.931734 
0.843261 0.317901 0.0671661 -0.497449 0.682041 0.999546 
0.781699 0.721273 -0.176613 2.56632 -0.516283 -2.08155 
0.733974 1.18505 -0.636454 -0.541124 0.49177 -5.29046 
0.918258 0.0376132 -0.33469 -0.268071 1.4349 0.75401 
0.837987 0.238416 -0.152876 -0.267717 1.04486 0.779006 
0.77743 0.613737 -0.241895 -0.299931 0.75344 0.808405 
0.730439 1.11534 -0.632388 -3.45254 -0.634689 -2.34434 
0.834767 0.276958 -0.505524 -0.187939 1.42303 0.700435 
0.774879 0.548474 -0.359893 -0.194316 1.00213 0.72164 
0.728366 1.05508 -0.641021 -0.209546 0.772316 0.723729 
0.832602 0.530571 -1.18291 -0.164571 1.89655 0.641945 
0.773377 0.529838 -0.536633 -0.144548 1.24978 0.684562 
0.727009 1.00351 -0.66219 -0.155644 0.898962 0.691419 
-0.748742 1.1766 0.045673 -1.92718 -1.93836 0.164807 
-0.314313 1.00034 0.298191 -1.52943 -1.79694 0.108624 
0.128059 0.927161 0.217219 -1.09735 -1.61261 0.217399 
0.451147 1.03474 -0.202407 -0.842315 -1.29092 0.371883 
-0.750544 0.69073 0.272535 -1.95889 -1.82808 6.83984 
-0.31751 0.590664 0.461223 -1.59598 -1.58508 0.518773 
0.126049 0.668928 0.313453 -1.21977 -1.34538 0.548319 
0.449246 0.919788 -0.157565 -1.0102 -1.06266 0.659361 
0.128062 0.438139 0.341735 -1.43833 -1.11309 0.979115 
0.450645 0.816453 -0.136923 -1.25058 -0.856832 1.03043 
-0.309017 0.00209706 0.362791 -1.98422 -1.43084 1.55683 
-0.301553 -0.0798598 0.118659 0.970681 1.55651 -1.15584 
0.139352 0.140411 0.199629 1.06277 1.0311 -1.1798 
-0.294679 -0.0331266 -0.239837 0.868453 1.75823 -0.818303 
0.144783 0.0832793 0.0451734 0.836305 1.16615 -0.825119 
0.461365 0.606058 -0.20559 0.930359 0.7582 -0.842025 
0.149367 0.0810286 -0.160004 0.696744 1.34415 -0.569575 
0.464233 0.564207 -0.25846 0.740729 0.849836 -0.585178 
-0.477753 1.10463 0.338105 -1.66272 -1.81891 -0.0324134 
-0.058266 0.980779 0.372518 -1.23247 -1.73704 0.0472696 
0.279818 0.947104 0.168897 -0.901511 -1.52618 0.19852 
0.508623 1.07262 -0.277305 -0.741754 -1.21148 0.344394 
-0.480409 0.521387 0.592251 -1.68765 -1.62809 0.4538 
-0.0609656 0.546778 0.544273 -1.31242 -1.43858 0.462326 
0.277874 0.69458 0.265167 -1.0341 -1.22694 0.515657 
0.506864 0.958931 -0.230729 -0.915455 -0.971245 0.633235 
-0.0583138 0.16301 0.566965 1.58827 1.19569 -2.10545 
0.279814 0.470937 0.292164 -1.28462 -0.955683 0.95702 
0.508194 0.858107 -0.210452 -1.18012 -0.75351 1.02398 
-0.470363 -0.199575 0.33905 1.10334 1.60686 -1.42567 
0.511662 0.774456 -0.2171 1.55254 0.615399 -1.58432 
-0.460807 -0.164469 -0.111966 0.964733 1.81497 -0.952939 
-0.0425275 -0.153112 0.181589 0.911489 1.3013 -0.948849 
0.291093 0.186271 0.143734 1.00175 0.859725 -1.00992 
0.515609 0.709317 -0.246121 -2.03894 -0.612959 2.11331 
-0.0347024 -0.0992789 -0.181686 0.745284 1.55211 -0.595095 
0.296427 0.134365 -0.0146682 0.723833 1.03418 -0.61501 
0.519004 0.659896 -0.291223 0.788669 0.705943 -0.630972 
-0.0284137 0.0927208 -0.716239 0.688662 1.86256 -0.300919 
0.300889 0.136925 -0.225162 0.569966 1.25012 -0.358769 
0.521816 0.622875 -0.348843 0.599691 0.827201 -0.375726 
-0.09862 1.09585 0.469983 -1.21789 -1.82225 -0.154494 
0.211502 0.987722 0.353893 -0.876164 -1.67976 0.0219627 
0.423692 0.984529 0.0814526 -0.677997 -1.43097 0.160324 
0.565066 1.11792 -0.364431 -0.600502 -1.12779 0.280458 
-0.102384 0.437799 0.751008 -1.2521 -1.44558 0.361406 
0.208712 0.555839 0.527047 -0.977374 -1.28231 0.399156 
0.421068 0.741418 0.177042 -0.820825 -1.09076 0.460293 
0.563314 1.00376 -0.314404 -0.782638 -0.860367 0.575342 
0.211477 0.176997 0.547811 1.83537 0.912912 4.14352 
0.423039 0.528451 0.202218 -1.10995 -0.767219 0.91942 
0.564732 0.904682 -0.294648 -1.09082 -0.6136 1.00881 
-0.0884773 -0.366575 0.464367 1.0676 1.19706 -1.15853 
0.218985 -0.055319 0.411858 -1.93527 -0.815936 1.85766 
-0.0762451 -0.303261 -0.00594631 0.781469 1.49779 -0.63533 
0.227557 -0.124428 0.150101 0.741011 1.04849 -0.645853 
0.433899 0.266093 0.0427481 0.820439 0.704899 -0.714705 
0.572169 0.766317 -0.343385 0.868983 0.532686 -0.71349 
-0.0657283 -0.0158291 -0.731262 0.698367 1.9102 -0.247466 
0.234683 -0.0639031 -0.220958 0.541195 1.38403 -0.298849 
0.438465 0.223083 -0.121937 0.531207 0.949018 -0.321483 
0.5752 0.723802 -0.395841 0.563897 0.685996 -0.326345 
0.240234 0.140212 -0.776212 0.470198 1.76733 -0.0532302 
0.442069 0.233296 -0.341214 0.398129 1.20989 -0.101499 
0.577573 0.693061 -0.45983 0.412675 0.843108 -0.112656 
0.325122 1.1056 0.431387 -0.611084 -1.85711 -0.140503 
0.464458 1.02707 0.238699 -0.453035 -1.61172 -0.0222513 
0.557608 1.04879 -0.0532865 -0.374582 -1.3484 0.0499623 
0.623398 1.17529 -0.468858 -0.348181 -1.06258 0.115527 
0.318911 0.456955 0.713906 -0.695759 -1.25648 0.251741 
0.459957 0.617434 0.410665 -0.583609 -1.10454 0.288587 
0.554104 0.809615 0.0489095 -0.53362 -0.93151 0.338893 
0.620377 1.05526 -0.41037 -0.551473 -0.723382 0.43201 
0.325116 -0.106351 0.706265 -1.24975 -0.618772 1.12839 
0.464458 0.268485 0.426899 -0.963315 -0.561587 0.885489 
0.557378 0.607174 0.0722755 -0.849761 -0.494645 0.822353 
0.623221 0.955642 -0.39204 -0.932218 -0.380608 0.955571 
0.334734 -0.311752 0.41436 0.739675 0.740805 -0.646872 
0.470977 0.0617317 0.284204 0.894432 0.476791 -0.796867 
0.626707 0.884004 -0.416255 0.991758 0.289102 5.44821 
0.342446 -0.240319 -0.0644129 0.409817 1.25142 -0.159692 
0.475698 0.00551765 0.0171861 0.394055 0.898691 -0.166414 
0.565298 0.380263 -0.110847 0.42448 0.637099 -0.190222 
0.628741 0.836481 -0.466587 0.423188 0.520716 -0.164952 
0.348147 0.0643693 -0.823752 0.337051 1.80463 0.0937839 
0.479121 0.0722806 -0.365209 0.26926 1.32592 0.0643038 
0.567554 0.347599 -0.282005 0.262722 0.957111 0.0545974 
0.630186 0.802651 -0.527641 0.270631 0.738667 0.0595629 
0.481944 0.31983 -1.00441 0.232204 1.79601 0.222282 
0.569339 0.373476 -0.520986 0.197231 1.25434 0.187381 
0.631465 0.779767 -0.599867 0.200091 0.921141 0.183486 
0.688431 1.15684 0.202253 0.167928 -1.82467 -0.161023 
0.690154 1.12117 0.006159 0.164098 -1.59615 -0.200116 
0.691398 1.15319 -0.258133 0.16867 -1.36716 -0.239321 
0.692319 1.26296 -0.620988 0.184626 -1.11807 -0.286774 
0.672416 0.580521 0.48035 -0.0314763 -1.06108 0.0153599 
0.676543 0.731705 0.195263 -0.0291906 -0.927172 0.0175231 
0.679601 0.904256 -0.12852 -0.0289819 -0.775946 0.0206985 
0.681934 1.119 -0.528898 -0.0322757 -0.590344 0.0268211 
0.690133 0.428942 0.192801 0.828364 -0.223526 -0.611474 
0.691396 0.716885 -0.123331 0.931276 -0.206332 -0.716075 
0.69237 1.02325 -0.528686 1.42149 -0.167881 -1.21404 
0.681772 -0.0476398 0.173054 -0.134781 0.666889 0.428061 
0.684433 0.26452 0.0385845 -0.181027 0.491631 0.483779 
0.686407 0.599511 -0.201145 -0.224253 0.398799 0.532381 
0.68795 0.966937 -0.573203 -0.226848 0.403614 -5.74753 
0.676738 0.0156817 -0.30725 -0.024699 1.2707 0.388555 
0.680097 0.225717 -0.233165 -0.0305303 0.986774 0.40088 
0.682609 0.536402 -0.333515 -0.0383567 0.776637 0.413504 
0.684583 0.930315 -0.631493 -0.0450086 0.680589 0.42302 
0.674915 0.454704 -1.33958 -0.00224118 1.98486 0.423933 
0.678516 0.315188 -0.654594 -0.00371722 1.4394 0.428532 
0.681205 0.52286 -0.522608 -0.00550525 1.09976 0.432944 
0.683319 0.905267 -0.700397 -0.00757517 0.895139 0.437124 
0.680771 0.572005 -0.797463 0.00201226 1.40731 0.465137 
0.682918 0.891091 -0.782337 0.00131817 1.07309 0.466847 
2.31013 1.17812 0.0197418 2.17264 -1.95885 -6.59667 
1.30997 0.871016 0.34636 1.22232 -1.61704 -0.340161 
0.935334 0.979862 -0.101698 0.916143 -1.2911 -0.543204 
2.31492 0.701312 0.252643 -1.05449 1.90763 -3.66875 
1.8436 0.537562 0.561712 1.69265 -1.63269 -6.75094 
1.30846 0.594841 0.453349 1.22099 -1.37588 -0.488054 
0.931896 0.862259 -0.0497539 0.952634 -1.06875 -0.59489 
1.3105 0.353357 0.473825 -1.69033 1.24053 -3.8875 
0.935099 0.765858 -0.0397293 1.20114 -0.957217 -0.780297 
0.932376 0.674331 -0.0363838 1.40791 -0.820313 -0.975135 
1.82758 -0.132578 -0.134152 -1.03218 1.84049 1.45561 
1.56874 0.962194 0.43055 1.47234 -1.74909 -0.186659 
1.15617 0.907189 0.258962 1.0585 -1.56937 -0.363269 
0.884453 1.03428 -0.206641 0.857273 -1.25414 -0.554315 
2.04708 0.534705 0.566992 1.85253 -1.71084 -6.7324 
1.15333 0.640496 0.367029 1.06501 -1.2739 -0.485983 
0.880378 0.915697 -0.14984 0.899914 -0.996904 -0.599914 
1.15628 0.413543 0.383113 1.35796 -1.10128 -0.764124 
0.884281 0.822153 -0.141993 1.20947 -0.875772 -0.828476 
0.880872 0.734262 -0.140945 1.47646 -0.732132 -1.07273 
2.03288 -0.139276 -0.123596 -1.10227 2.00321 1.53881 
1.54896 -0.175906 -0.102964 -0.896536 1.62619 1.3037 
1.13947 0.0397318 0.0959913 -0.880467 1.04932 1.36259 
0.872409 0.603876 -0.196809 2.13009 -0.682021 -1.69047 
1.54148 0.00417879 -0.614328 -0.833877 1.87542 1.06708 
1.13386 0.0357474 -0.109356 -0.692227 1.22463 1.15028 
1.67625 1.09484 0.432417 1.58644 -1.80919 -0.054253 
1.29576 0.979257 0.380151 1.17674 -1.73074 -0.210129 
1.01986 0.963319 0.130105 0.904942 -1.51656 -0.390337 
0.836948 1.09787 -0.326752 0.790741 -1.22127 -0.56156 
1.67887 0.454275 0.719492 1.48477 -1.53478 -6.67867 
1.29348 0.5336 0.569203 1.1373 -1.3613 -0.421871 
1.01542 0.707524 0.240878 0.916423 -1.15902 -0.480875 
0.832012 0.975691 -0.261983 0.839892 -0.914087 -0.597829 
1.29574 0.155197 0.575647 1.5161 -1.15039 -0.861533 
1.01984 0.496977 0.252482 1.30001 -0.952547 -0.802665 
0.836852 0.884682 -0.257463 1.2473 -0.781608 -0.901079 
1.65858 -0.275472 -0.019661 -0.953414 1.70084 1.34597 
1.27921 -0.166741 0.194725 -0.905674 1.20711 1.37553 
1.00703 0.214545 0.112039 2.1312 -0.816091 -1.66278 
0.827277 0.73489 -0.285258 -1.10828 0.610858 -4.76547 
1.27066 -0.113943 -0.167599 -0.705389 1.45304 1.11142 
1.00072 0.161731 -0.0444833 -0.701025 0.975596 1.16342 
0.822758 0.684656 -0.328251 -0.77278 0.682484 1.20667 
1.26323 0.0768826 -0.698774 -0.615108 1.77723 0.908427 
0.995493 0.164895 -0.256573 -0.523854 1.19632 0.977932 
0.819114 0.648429 -0.386952 -0.558646 0.803375 1.01343 
1.27876 1.10767 0.388664 1.15094 -1.84869 -0.08797 
1.05708 1.02661 0.235508 0.895812 -1.69057 -0.26785 
0.902054 1.04303 -0.0405291 0.753278 -1.46636 -0.413188 
0.792177 1.17385 -0.466671 0.704262 -1.19776 -0.559306 
1.27566 0.47492 0.680431 1.05087 -1.35506 -0.35788 
1.05042 0.611017 0.424053 0.862637 -1.20151 -0.398623 
0.895328 0.794847 0.0766846 0.762609 -1.02444 -0.460776 
0.785468 1.04139 -0.384959 0.754893 -0.812884 -0.573461 
1.27875 -0.050425 0.655336 -1.52747 1.07332 -4.16437 
1.05675 0.272822 0.422162 -1.72729 0.902111 -4.04604 
0.90163 0.600895 0.0819685 1.30326 -0.782563 -0.886201 
0.792008 0.953722 -0.388042 1.3427 -0.666637 -1.02425 
0.786104 0.877095 -0.400227 1.88662 -0.555579 -1.51794 
1.25394 -0.217178 -0.0777077 -0.692812 1.42936 1.07953 
1.03703 -0.0114496 0.0393505 -0.676599 1.04341 1.11784 
0.886343 0.355565 -0.0733822 -0.741071 0.75375 1.18329 
0.780074 0.820225 -0.434462 2.36794 -0.609576 -1.96129 
1.24349 0.0774458 -0.831655 -0.586964 1.87327 0.816482 
1.02914 0.0471919 -0.334318 -0.472335 1.37641 0.888426 
0.880462 0.316658 -0.238313 -0.470701 0.984242 0.924625 
0.775569 0.779472 -0.486204 -0.498016 0.746306 0.936336 
1.02332 0.2774 -0.944809 -0.397529 1.79494 0.736333 
0.876217 0.33329 -0.466135 -0.341338 1.2477 0.800352 
0.772388 0.752027 -0.553133 -0.352563 0.900444 0.816708 
0.95039 1.15959 0.175745 0.725632 -1.82871 -0.207623 
0.863977 1.12359 -0.0076413 0.624965 -1.63913 -0.323153 
0.799411 1.15412 -0.265146 0.573558 -1.43158 -0.421822 
0.748633 1.26917 -0.636665 0.566754 -1.19598 -0.533004 
0.940979 0.591145 0.460303 0.625954 -1.13695 -0.295077 
0.854256 0.733142 0.191456 0.570746 -1.00563 -0.332282 
0.789634 0.902849 -0.126393 0.553864 -0.857069 -0.384645 
0.740156 1.11943 -0.529768 0.594181 -0.679203 -0.483821 
0.798954 0.725569 -0.133662 1.45359 -0.571515 -1.09889 
0.748617 1.03358 -0.543395 1.59154 -0.522963 -1.29054 
0.936008 -0.0297992 0.159297 -0.670897 0.862495 1.08156 
0.852204 0.268528 0.0373268 -0.743093 0.674899 1.15642 
0.924951 0.0239808 -0.312919 -0.359078 1.33295 0.762171 
0.843261 0.221905 -0.226027 -0.35675 1.03792 0.787751 
0.781698 0.529307 -0.320849 -0.377273 0.817512 0.811357 
0.733975 0.92586 -0.621667 -0.381917 0.711339 0.80091 
0.918258 0.458863 -1.34219 -0.292457 1.99957 0.592436 
0.837987 0.306692 -0.642051 -0.232464 1.45309 0.669955 
0.777574 0.510964 -0.503682 -0.229027 1.10533 0.691543 
0.730439 0.897411 -0.685965 -0.234345 0.896454 0.691968 
0.77505 0.555119 -0.770982 -0.166054 1.40009 0.645207 
0.728366 0.881418 -0.765694 -0.166634 1.06556 0.653781 
-0.308607 0.899659 0.350307 -1.43737 -1.9864 0.0273353 
0.133375 0.72223 0.294575 -0.988422 -1.73127 0.181524 
0.454131 0.797607 -0.142301 -0.75078 -1.33516 0.314698 
-0.31514 0.499383 0.48036 -1.46062 -1.77262 0.434677 
0.12807 0.485472 0.34103 -1.10607 -1.46793 0.500829 
0.45064 0.703956 -0.134889 -0.92037 -1.12298 0.588967 
-0.750644 0.319323 0.278438 1.29753 1.94813 -2.22113 
0.12595 0.287478 0.319042 -1.32504 -1.23351 0.922227 
0.449154 0.623116 -0.152175 -1.17897 -0.927813 0.967462 
-0.748784 0.112293 0.061564 1.243 1.96459 -1.69378 
-0.315144 -0.0307699 0.31205 1.34491 1.52924 -1.67983 
-0.309016 -0.0798279 0.034135 1.13663 1.60168 -1.21037 
0.133295 0.0777797 0.0772995 1.16112 1.11723 -1.20936 
0.454073 0.517848 -0.262079 1.20792 0.788587 -1.1772 
-0.301552 0.0033258 -0.370182 1.00462 1.78209 -0.816269 
0.139349 0.0700096 -0.130675 0.908294 1.2552 -0.813102 
0.457987 0.495587 -0.348996 0.902501 0.877407 -0.773115 
0.144748 0.121519 -0.400032 0.757366 1.45285 -0.525328 
0.461365 0.489957 -0.45224 0.709746 1.00862 -0.499057 
-0.0512053 0.878445 0.423013 -1.15182 -1.93087 -0.0444622 
0.285039 0.750426 0.24241 -0.802119 -1.64519 0.13423 
0.51167 0.84336 -0.21845 -0.649711 -1.26666 0.259632 
-0.477749 0.55534 0.58476 -1.58297 -1.83477 0.280082 
-0.0583112 0.450558 0.562939 -1.19811 -1.61774 0.36746 
0.279822 0.517898 0.291446 -0.935663 -1.3391 0.444235 
0.508189 0.749802 -0.208387 -0.829018 -1.03156 0.543501 
-0.480417 0.0466673 0.598881 1.49224 1.67461 -2.22042 
-0.0609613 0.0918376 0.550612 -1.39435 -1.34024 0.907932 
0.277826 0.324938 0.270742 -1.18386 -1.06279 0.873485 
0.506808 0.670868 -0.225343 -1.10898 -0.820061 0.940481 
-0.477771 -0.192941 0.35633 1.31879 1.65128 -1.59534 
0.279858 0.190708 0.180866 1.56162 0.89978 -1.69822 
0.508188 0.610749 -0.269965 -1.52644 -0.685777 1.48076 
-0.470363 -0.169046 -0.0904081 1.14841 1.78048 -1.06327 
-0.0512426 -0.155992 0.101083 1.08148 1.31949 -1.0617 
0.284987 0.123311 0.0259601 1.11016 0.927799 -1.09031 
0.511592 0.572086 -0.341457 -2.01207 -0.69213 2.08489 
-0.042523 -0.0664111 -0.306148 0.86644 1.55618 -0.635185 
0.291095 0.120256 -0.188281 0.792479 1.11151 -0.637058 
0.515612 0.55541 -0.436391 0.77926 0.820784 -0.604118 
-0.034665 0.200968 -0.961549 0.798576 1.89916 -0.257632 
0.296446 0.178684 -0.468737 0.62169 1.35748 -0.341454 
0.518977 0.55632 -0.549098 0.584054 0.987896 -0.326368 
0.2191 0.890582 0.398749 -0.79747 -1.88647 -0.0864723 
0.428257 0.802153 0.1478 -0.583906 -1.56723 0.0590212 
0.568376 0.897953 -0.307822 -0.50333 -1.20729 0.159338 
-0.0986288 0.48166 0.739873 -1.15699 -1.69233 0.170375 
0.211505 0.464355 0.543712 -0.875748 -1.46503 0.277692 
0.423041 0.576379 0.201446 -0.726888 -1.21011 0.351674 
0.564207 0.801361 -0.28985 -0.688502 -0.933845 0.449763 
-0.102269 -0.118728 0.758392 -1.36194 -1.299 0.902465 
0.208704 0.107529 0.533383 -1.14249 -1.06276 0.81708 
0.421036 0.391127 0.182537 -1.00416 -0.87759 0.787559 
0.563278 0.724426 -0.308873 -1.00282 -0.686983 0.880797 
-0.0986206 -0.366114 0.489325 -1.79533 -1.20064 -4.58886 
0.422808 0.263151 0.0922705 1.60921 0.671796 4.6159 
0.564725 0.667228 -0.356677 -1.54576 -0.536267 1.54665 
-0.088474 -0.315805 0.0227131 0.974004 1.40355 -0.813219 
0.21898 -0.133068 0.0762735 0.924976 1.02037 -0.828027 
0.428191 0.203266 -0.0689683 0.957637 0.738821 -0.866723 
0.568364 0.634614 -0.437253 0.945811 0.588907 -0.821834 
-0.0761599 -0.0345097 -0.697884 0.80489 1.79731 -0.333363 
0.227573 -0.0354932 -0.342088 0.641084 1.36198 -0.371483 
0.433893 0.209333 -0.294899 0.594842 1.00809 -0.376076 
0.5722 0.626741 -0.545293 0.575976 0.792652 -0.34635 
0.234601 0.25418 -1.03568 0.548085 1.81129 -0.0438022 
0.438465 0.280854 -0.596487 0.439126 1.31927 -0.108143 
0.575192 0.638038 -0.673164 0.41183 1.00837 -0.100185 
0.47129 0.942484 0.272215 -0.381018 -1.85286 -0.150004 
0.56231 0.882518 0.00508092 -0.293516 -1.52919 -0.0849457 
0.626709 0.967335 -0.418127 -0.260391 -1.19045 -0.0385519 
0.324898 0.51007 0.698417 -0.582568 -1.58449 0.0456029 
0.464461 0.542515 0.42289 -0.465667 -1.34209 0.11111 
0.55696 0.661985 0.0722701 -0.410905 -1.10676 0.155763 
0.623009 0.864587 -0.388189 -0.408803 -0.848639 0.219535 
0.31916 -0.0768227 0.72053 -0.907928 -0.883883 0.682164 
0.459867 0.208727 0.416827 -0.768696 -0.787435 0.599 
0.554001 0.483072 0.0545823 -0.717945 -0.669583 0.600455 
0.620229 0.784191 -0.403426 -0.782841 -0.514021 0.713839 
0.325079 -0.321872 0.450596 -1.93047 -0.628518 1.951 
0.464459 0.0185072 0.253752 1.4113 0.458875 -1.39094 
0.557569 0.363905 -0.0411868 1.53268 0.365214 4.78964 
0.62321 0.73037 -0.459994 1.38463 0.308455 -1.31637 
0.334731 -0.263378 -0.0274152 0.549211 1.05815 -0.345875 
0.470978 -0.0109012 -0.0485922 0.527514 0.790955 -0.349568 
0.562263 0.318454 -0.217498 0.532115 0.606285 -0.353058 
0.626708 0.709925 -0.560036 0.490184 0.532446 -0.293773 
0.342449 0.0382029 -0.782958 0.389494 1.65778 0.0114803 
0.475698 0.100793 -0.491997 0.318247 1.28757 -0.00489148 
0.565299 0.341824 -0.465222 0.294234 1.0062 -0.00250456 
0.628736 0.717178 -0.689425 0.27751 0.843272 0.0201727 
0.567495 0.440328 -0.811166 0.218658 1.38143 0.16634 
0.630192 0.74452 -0.84096 0.203183 1.10039 0.168835 
0.684434 1.05125 0.0254937 0.0888848 -1.8637 -0.298077 
0.686253 1.0023 -0.208068 0.086339 -1.58235 -0.324316 
0.687936 1.06585 -0.576182 0.0914305 -1.27909 -0.35266 
0.688411 0.64915 0.447568 0.162474 -1.56583 -0.204366 
0.69012 0.689791 0.188729 0.1681 -1.35073 -0.24136 
0.691395 0.789282 -0.124652 0.181911 -1.14024 -0.281522 
0.692416 0.955113 -0.525127 0.210756 -0.91017 -0.335781 
0.672418 0.149339 0.486627 -0.0462166 -0.636473 0.037168 
0.676537 0.377732 0.201047 -0.042703 -0.579193 0.0357546 
0.679575 0.603861 -0.122811 -0.0439683 -0.481421 0.0389967 
0.681908 0.857358 -0.521978 -0.0548916 -0.335801 0.0518684 
0.688431 -0.0672632 0.220241 -0.486129 0.353221 0.663709 
0.690134 0.216781 0.0210971 -0.624998 0.282691 0.810222 
0.691396 0.504059 -0.245472 2.46866 -0.266885 -2.28127 
0.69237 0.816993 -0.611208 -0.571703 0.310253 0.754995 
0.681772 -0.00918603 -0.268409 -0.0950332 1.06739 0.367865 
0.684431 0.210742 -0.302397 -0.110247 0.882688 0.393992 
0.68641 0.484837 -0.450063 -0.126085 0.757353 0.417077 
0.687944 0.818456 -0.742957 -0.133804 0.717005 0.427593 
0.676737 0.40009 -1.24774 -0.0243849 1.82662 0.375081 
0.6801 0.358561 -0.811394 -0.0257183 1.43199 0.387613 
0.682607 0.535315 -0.734673 -0.0290782 1.17867 0.397249 
0.684555 0.844869 -0.898158 -0.0325783 1.03273 0.404484 
0.681199 0.726215 -1.2426 -0.00490694 1.61638 0.430214 
0.683303 0.899023 -1.09247 -0.006093 1.29346 0.434005 
1.83701 0.856539 0.444844 1.67302 -1.92746 -0.293972 
1.30621 0.641885 0.431897 1.13091 -1.69646 -0.481812 
0.932373 0.726793 -0.0373278 0.850736 -1.2876 -0.667555 
1.84092 0.436505 0.571468 1.66826 -1.82384 -6.85563 
1.30992 0.391827 0.472731 1.22658 -1.49629 -6.95537 
0.93467 0.635586 -0.0353973 1.00123 -1.13087 -0.786207 
1.30847 0.172563 0.459486 -1.81457 1.2524 2.24215 
0.931758 0.549787 -0.04299 1.12596 -0.912215 -0.909547 
1.84095 -0.116248 0.399694 -1.35163 1.73102 -4.38922 
0.935092 0.494563 -0.0937663 1.4457 -0.876283 -1.17862 
1.83312 -0.0942857 -0.261888 -1.18564 1.87359 1.33503 
2.03834 1.12807 0.297038 1.89587 -1.99346 -6.44741 
1.56308 0.850293 0.490207 1.39271 -1.91124 -0.25975 
1.15176 0.692917 0.340422 0.95898 -1.65272 -0.482439 
0.880871 0.792854 -0.142048 0.771653 -1.26792 -0.653953 
2.04203 0.568583 0.54823 1.85804 -1.92104 -6.73214 
1.56879 0.407357 0.624893 1.41551 -1.70235 -0.548558 
1.1562 0.454822 0.38239 1.08215 -1.41045 -0.652532 
0.884042 0.70326 -0.138605 0.944095 -1.09008 -0.77769 
1.15329 0.24461 0.372798 1.20838 -1.10727 -0.867078 
0.880338 0.617648 -0.144007 1.08926 -0.836133 -0.90871 
1.56874 -0.172953 0.446268 -1.40158 1.45738 -4.4489 
0.884288 0.565107 -0.198293 1.48662 -0.805251 -1.24016 
0.880871 0.520207 -0.258856 1.8389 -0.761815 -1.56211 
1.55647 -0.139127 -0.228968 -1.03434 1.6531 1.22144 
1.14554 0.0263386 -0.0787908 2.18806 -1.14517 -1.87919 
0.876594 0.49336 -0.33936 2.16345 -0.80676 -1.86029 
1.13947 0.0737573 -0.343228 -0.759711 1.32826 1.04413 
0.872409 0.484634 -0.439853 -0.73768 0.918035 1.0633 
1.2883 0.874565 0.433599 1.08037 -1.90855 -0.282118 
1.01398 0.768218 0.206123 0.78814 -1.61884 -0.483175 
0.832033 0.866756 -0.260007 0.676369 -1.25974 -0.63306 
1.29554 0.445889 0.571866 1.14794 -1.59345 -0.524758 
1.01984 0.543379 0.251762 0.939837 -1.33555 -0.630278 
0.83678 0.778403 -0.254886 0.87573 -1.05411 -0.763195 
1.2935 0.0686143 0.575672 -1.87293 1.19361 2.27319 
1.01541 0.343402 0.2465 1.08717 -0.963678 -0.826687 
0.832004 0.690807 -0.256277 1.04776 -0.74869 -0.903979 
0.836851 0.642621 -0.317849 1.5674 -0.731336 -1.33774 
1.66853 -0.278099 -0.00055436 -1.13306 1.68142 1.33925 
1.27921 -0.0801028 -0.292004 -0.832028 1.46765 1.06232 
1.00703 0.149787 -0.219749 -0.781584 1.06745 1.09604 
1.27064 0.179266 -0.933281 -0.724245 1.81347 0.803225 
1.00072 0.208053 -0.50202 -0.586434 1.30679 0.893166 
0.822758 0.58601 -0.590775 -0.563654 0.968702 0.902681 
1.04706 0.936723 0.279301 0.769948 -1.89548 -0.33416 
0.89404 0.867781 0.0279948 0.608866 -1.60041 -0.480734 
0.786007 0.955056 -0.401162 0.552526 -1.26992 -0.600693 
1.27873 0.534001 0.647293 1.09035 -1.71065 -0.377672 
1.05663 0.544687 0.418003 0.889496 -1.50223 -0.500967 
0.901182 0.653856 0.0824785 0.790042 -1.2751 -0.602408 
0.792133 0.863093 -0.387045 0.781727 -1.02707 -0.73347 
1.05104 0.198349 0.428973 1.04147 -0.962446 -0.773727 
0.895307 0.463268 0.0823838 0.953319 -0.809225 -0.771103 
0.785936 0.770539 -0.381951 0.988311 -0.639802 -0.883298 
1.26699 -0.226359 -0.0531529 -0.888875 1.36069 1.12739 
1.04697 -0.0166689 -0.0389838 -0.863436 1.05104 1.16036 
0.894116 0.300921 -0.191928 2.25439 -0.828245 -1.94731 
0.786104 0.699632 -0.540453 2.26929 -0.713809 -1.98866 
1.25389 0.0579295 -0.795168 -0.701061 1.77125 0.796943 
1.037 0.080162 -0.464096 -0.583493 1.37854 0.859274 
0.886341 0.310758 -0.420946 -0.554506 1.06917 0.884124 
0.780074 0.694158 -0.649369 -0.544816 0.881842 0.872764 
1.02914 0.459671 -1.32928 -0.491178 1.89623 0.621533 
0.88046 0.394315 -0.744508 -0.395668 1.37463 0.731485 
0.775569 0.71079 -0.784911 -0.376443 1.08039 0.740563 
0.85247 1.04858 0.0253599 0.460165 -1.87938 -0.385001 
0.789101 0.998159 -0.20466 0.394281 -1.60848 -0.467759 
0.740209 1.06251 -0.574214 0.373432 -1.31067 -0.545745 
0.950088 0.660716 0.417624 0.698091 -1.63352 -0.37733 
0.863505 0.694619 0.174368 0.628855 -1.43894 -0.468268 
0.798819 0.792507 -0.134349 0.604004 -1.23952 -0.553571 
0.748627 0.962536 -0.541864 0.626319 -1.02045 -0.665828 
0.941038 0.166568 0.466384 0.814977 -0.819052 -0.627011 
0.854665 0.381433 0.195662 0.754793 -0.729364 -0.6116 
0.790014 0.603364 -0.122309 0.753433 -0.621152 -0.651651 
0.74027 0.857698 -0.522181 0.850981 -0.486591 -0.789389 
0.950344 -0.0361909 0.193706 -1.11992 0.793578 1.39671 
0.936004 0.00671271 -0.280658 -0.531636 1.19735 0.816167 
0.852201 0.213269 -0.301835 -0.528047 0.995818 0.841371 
0.789096 0.482726 -0.443702 -0.533922 0.853794 0.853869 
0.740222 0.818381 -0.739449 -0.516627 0.794903 0.823988 
0.924952 0.410385 -1.25846 -0.363985 1.85766 0.566671 
0.84326 0.351971 -0.800039 -0.307544 1.45845 0.636219 
0.781698 0.52463 -0.716995 -0.292903 1.19694 0.656389 
0.733973 0.83679 -0.882883 -0.285379 1.04324 0.652208 
0.77743 0.697406 -1.19447 -0.203872 1.59901 0.580829 
0.730439 0.886728 -1.0713 -0.190294 1.28391 0.59847 
0.139356 0.52797 0.329035 -0.871225 -1.77307 0.200117 
0.457792 0.615591 -0.183786 -0.678798 -1.29235 0.310525 
-0.309017 0.408357 0.49221 -1.29938 -1.91501 0.395259 
0.133289 0.32692 0.324388 -0.970811 -1.52595 0.484917 
0.453931 0.552028 -0.21507 -0.833853 -1.10942 0.55515 
-0.315537 0.106099 0.444077 -1.38645 -1.70888 0.865305 
0.128059 0.174046 0.253978 -1.17551 -1.29987 0.869095 
0.450615 0.502619 -0.271419 -1.09267 -0.940383 0.921239 
0.449176 0.471991 -0.355786 -1.46579 -0.839137 1.41434 
-0.315071 -0.0708466 -0.0534471 -1.79487 -1.62082 1.85721 
0.128054 0.0595963 -0.0830401 -1.82994 -1.16793 1.86654 
0.450588 0.464614 -0.470593 1.25946 0.853309 -1.18751 
-0.309001 0.0503469 -0.510525 1.18108 1.76973 -0.828466 
0.133288 0.101941 -0.351799 1.02408 1.30601 -0.825566 
0.454116 0.484072 -0.618615 0.923608 0.980667 -0.73475 
0.139349 0.223379 -0.72216 0.847964 1.53778 -0.471851 
0.457987 0.533368 -0.805359 0.715011 1.16988 -0.419273 
0.291097 0.565744 0.273147 -0.698387 -1.69159 0.113693 
0.515485 0.67039 -0.263111 -0.575708 -1.23662 0.221214 
-0.0512351 0.356394 0.571798 -1.05654 -1.76117 0.301647 
0.284597 0.36692 0.273602 -0.815128 -1.39964 0.388872 
0.511532 0.606129 -0.291595 -0.740152 -1.02691 0.477105 
-0.477742 0.0692977 0.606792 -1.46109 -1.81173 0.759087 
-0.058316 0.0302917 0.525115 -1.21384 -1.45171 0.795249 
0.279792 0.215732 0.205983 -1.05125 -1.12528 0.787831 
0.508186 0.55681 -0.347206 -1.0289 -0.830747 0.874738 
0.277826 0.126573 0.0708739 1.71231 0.956696 -1.81318 
0.506821 0.528211 -0.433424 1.67973 0.718698 -1.7151 
0.508116 0.524932 -0.554209 -1.9532 -0.750024 2.04027 
-0.469832 0.0900341 -0.794496 1.27471 1.94011 -0.628288 
-0.0512398 -0.0249788 -0.43677 1.02732 1.52258 -0.704458 
0.284991 0.15105 -0.408156 0.904398 1.14817 -0.691609 
0.511667 0.552824 -0.716752 0.811921 0.919516 -0.604653 
-0.042514 0.409843 -1.3829 0.951973 1.93273 -0.156984 
0.291017 0.285547 -0.802319 0.699046 1.44414 -0.321036 
0.51555 0.617589 -0.930789 0.59644 1.15818 -0.278282 
0.433901 0.631541 0.172955 -0.494755 -1.63082 -0.00267788 
0.572134 0.735554 -0.357963 -0.42971 -1.19753 0.0841734 
-0.0884694 0.523363 0.726159 -1.0615 -1.93571 0.00433535 
0.218121 0.377752 0.548864 -0.750787 -1.62566 0.171178 
0.428055 0.438501 0.180315 -0.610756 -1.29257 0.246601 
0.568301 0.669031 -0.380816 -0.588161 -0.94841 0.336732 
-0.0986206 -0.089063 0.766111 -1.15238 -1.46758 0.667285 
0.211498 0.0495436 0.507484 -0.966622 -1.18895 0.646726 
0.42304 0.289434 0.11849 -0.870266 -0.949841 0.651536 
0.564634 0.617964 -0.433512 -0.910015 -0.702513 0.770607 
0.208718 -0.119214 0.31738 -1.42159 -0.933482 1.3233 
0.421037 0.202518 -0.0150987 -1.35579 -0.726487 1.28654 
-0.0986207 -0.327628 0.0576162 1.22217 1.31334 -1.05067 
0.211502 -0.13084 -0.000940662 1.16683 0.980148 -1.06788 
0.42304 0.183705 -0.221668 1.14977 0.749514 -1.06934 
0.564729 0.595284 -0.65613 -2.10188 -0.63398 -4.07743 
-0.0884708 -0.0599632 -0.649179 0.957425 1.64255 -0.471459 
0.218884 8.58955e-05 -0.466528 0.787135 1.29133 -0.491577 
0.428179 0.240594 -0.516622 0.704094 1.01951 -0.475242 
0.568374 0.637682 -0.844494 0.623863 0.881542 -0.395271 
0.433874 0.408769 -0.971107 0.500156 1.41782 -0.113032 
0.572169 0.73716 -1.11936 0.429 1.20182 -0.0828064 
0.5653 0.727339 0.0230851 -0.247729 -1.61189 -0.168634 
0.62872 0.816402 -0.476979 -0.221281 -1.19953 -0.126043 
0.334516 0.559961 0.673502 -0.499444 -1.88931 -0.11483 
0.470504 0.473904 0.418418 -0.366523 -1.5524 -0.0320117 
0.562222 0.54186 0.0419618 -0.310804 -1.23898 0.00671547 
0.626688 0.746286 -0.48937 -0.307703 -0.909623 0.055558 
0.325064 -0.0390081 0.727524 -0.645313 -1.15617 0.349324 
0.464438 0.161315 0.39226 -0.554167 -0.9811 0.329141 
0.557594 0.393411 -0.00845673 -0.524201 -0.793795 0.348588 
0.623194 0.689854 -0.534193 -0.590326 -0.565429 0.455571 
0.319159 -0.318017 0.481548 1.77944 0.672532 -1.83515 
0.554077 0.308673 -0.14283 -1.21717 -0.450219 1.1817 
0.620357 0.665094 -0.631324 -1.48004 -0.35516 1.474 
0.325116 -0.286091 0.0198219 0.831301 0.840499 -0.686264 
0.464459 -0.0171219 -0.114328 0.809346 0.648732 -0.69395 
0.557608 0.298059 -0.363969 0.7724 0.536735 -0.66055 
0.62322 0.679706 -0.786808 0.636504 0.525753 -0.509571 
0.334716 8.10922e-05 -0.720029 0.47715 1.43366 -0.124888 
0.470976 0.13305 -0.618261 0.398592 1.17378 -0.122211 
0.562264 0.380504 -0.702026 0.352952 0.990766 -0.101693 
0.626693 0.755116 -1.03291 0.303293 0.929446 -0.0483465 
0.565299 0.693318 -1.41377 0.247487 1.58284 0.161278 
0.679367 0.964457 0.0531425 0.0266883 -1.99646 -0.373291 
0.682592 0.857287 -0.190023 0.0269344 -1.6464 -0.384093 
0.684581 0.921303 -0.637667 0.029337 -1.26297 -0.396629 
0.681729 0.696068 0.411655 0.0877178 -1.89446 -0.29393 
0.684423 0.637405 0.171541 0.0851078 -1.5969 -0.321582 
0.686499 0.686652 -0.162706 0.0894789 -1.31311 -0.348054 
0.687949 0.854081 -0.644968 0.104104 -0.999845 -0.382689 
0.688522 0.206377 0.481176 0.177317 -1.1624 -0.274629 
0.690153 0.357019 0.167939 0.194951 -1.00283 -0.310145 
0.691403 0.541192 -0.196636 0.22539 -0.826596 -0.358983 
0.692374 0.790668 -0.674317 0.294212 -0.60606 -0.449376 
0.672417 -0.0725445 0.274332 -0.136275 -0.203619 0.133493 
0.67654 0.187053 0.0027834 -0.123163 -0.191246 0.12094 
0.679587 0.449377 -0.325139 -0.162553 -0.125871 0.161291 
0.688428 -0.0429467 -0.206167 -0.244222 0.733075 0.386651 
0.690133 0.197314 -0.359194 -0.273557 0.64914 0.424234 
0.691398 0.468857 -0.600465 -0.286913 0.620275 0.440574 
0.69237 0.812876 -1.00739 -0.265519 0.681231 0.413525 
0.681772 0.331089 -1.13057 -0.0832216 1.58732 0.320535 
0.684435 0.416139 -0.987783 -0.0870171 1.36046 0.342109 
0.686413 0.62155 -1.05667 -0.0919631 1.22464 0.356594 
1.30133 0.423896 0.470927 1.01565 -1.71725 -0.654448 
0.928691 0.532151 -0.0759997 0.791754 -1.21891 -0.812564 
1.3064 0.210628 0.456417 -2.02389 1.51765 2.29275 
0.932341 0.472516 -0.115682 0.95808 -1.08058 -0.949563 
1.30998 0.0550426 0.377102 1.2869 -1.36031 -1.08689 
0.935145 0.427045 -0.175453 1.18158 -0.968238 -1.1427 
1.30846 -0.0463545 0.249397 1.4861 -1.18095 -1.35102 
1.83783 -0.0458366 -0.400672 -1.35969 1.87781 1.19959 
1.30637 -0.0273125 -0.20627 1.96602 -1.33717 -1.89398 
0.932372 0.391086 -0.482156 -1.10181 0.942778 1.21832 
1.30136 0.0719253 -0.535583 -1.00434 1.48538 1.01895 
0.928777 0.420392 -0.636172 -0.874694 1.05668 1.00844 
1.14559 0.491489 0.377165 0.842938 -1.6723 -0.622366 
0.876563 0.609276 -0.181667 0.695944 -1.20665 -0.771822 
1.56356 0.299674 0.638715 -1.86802 1.81581 -3.8095 
1.15158 0.288088 0.367069 0.967047 -1.43501 -0.792422 
0.880862 0.550028 -0.218898 0.875065 -1.04934 -0.909457 
1.56874 -0.0325785 0.582762 1.37255 -1.61663 -1.02497 
0.884281 0.504948 -0.278554 1.13238 -0.916539 -1.12354 
1.56939 -0.21256 0.398356 -1.60132 1.40972 1.75908 
1.15617 0.0221449 -0.0406041 1.79631 -1.10679 4.59944 
1.15157 0.0584346 -0.298886 2.08466 -1.21244 -1.98729 
0.881168 0.482137 -0.6098 2.15935 -0.92732 4.24583 
1.14569 0.168876 -0.650472 -0.851842 1.41368 0.912936 
0.876588 0.525691 -0.787763 -0.745821 1.08212 0.891849 
1.00703 0.584834 0.240052 0.667188 -1.64561 -0.590781 
0.827272 0.695523 -0.303408 0.581186 -1.20808 -0.722663 
1.66847 0.533194 0.688797 1.39706 -1.98868 -0.408134 
1.28829 0.348023 0.582958 0.999321 -1.71571 -0.616647 
1.01361 0.392648 0.237344 0.80569 -1.37706 -0.72991 
0.832411 0.636166 -0.336921 0.769993 -1.02841 -0.856335 
1.01984 0.248369 0.167184 1.05379 -1.12735 -0.967886 
0.836865 0.590901 -0.395897 1.06712 -0.86659 -1.09392 
1.67887 -0.325113 0.486845 -1.58585 1.47877 -4.54996 
1.2883 -0.03589 -0.425479 -0.993047 1.45709 1.00983 
1.01397 0.185131 -0.446285 -0.89816 1.13236 1.02107 
0.832413 0.592637 -0.773288 -0.826141 0.945525 0.958067 
1.27921 0.375417 -1.33005 -0.873501 1.85721 6.90767 
1.00703 0.322205 -0.847852 -0.675196 1.41061 0.776637 
0.827271 0.662087 -0.996533 -0.593616 1.15963 0.756611 
0.885759 0.701186 0.0598365 0.480754 -1.64004 -0.559248 
0.780073 0.794723 -0.447901 0.43861 -1.22852 -0.661195 
1.26666 0.571587 0.635841 0.954946 -1.94845 -0.394434 
1.04621 0.464971 0.425181 0.723517 -1.65457 -0.559782 
0.893955 0.524173 0.0631233 0.626134 -1.34825 -0.659761 
0.786103 0.734468 -0.475159 0.62711 -1.02447 -0.780131 
1.05663 0.165121 0.387042 0.954615 -1.25183 -0.833528 
0.901603 0.384862 0.00206988 0.906502 -1.04234 -0.887813 
0.792147 0.687777 -0.531826 0.969435 -0.820123 -1.04153 
1.27873 -0.235848 -0.0191173 -1.15627 1.28474 1.20922 
1.05662 -0.0125837 -0.11814 -1.12276 1.03477 1.23233 
0.792147 0.677015 -0.782109 -1.01023 0.792193 1.10045 
1.26666 0.0361069 -0.751141 -0.86442 1.64209 0.791696 
1.04697 0.124333 -0.604156 -0.742821 1.34843 0.833894 
0.894024 0.357049 -0.667453 -0.684976 1.12813 0.837985 
0.786104 0.736404 -1.00009 -0.62556 1.02802 0.777135 
0.886327 0.583032 -1.22834 -0.480089 1.53725 0.612059 
0.780072 0.907796 -1.4031 -0.420698 1.36344 0.596662 
0.84331 0.961503 0.0566836 0.337347 -2.00071 -0.455476 
0.781467 0.848484 -0.178135 0.27295 -1.65659 -0.522847 
0.733973 0.914301 -0.629222 0.257234 -1.27359 -0.582462 
0.935741 0.700423 0.395174 0.525766 -1.91707 -0.410541 
0.851995 0.635543 0.169233 0.437359 -1.63659 -0.503652 
0.789088 0.682834 -0.161548 0.403634 -1.35741 -0.573631 
0.74039 0.850834 -0.642757 0.417954 -1.0517 -0.661983 
0.95032 0.229176 0.448442 0.722117 -1.32808 -0.638788 
0.863973 0.367098 0.150604 0.690114 -1.16009 -0.690769 
0.798953 0.547239 -0.208775 0.700898 -0.984477 -0.76962 
0.74876 0.798959 -0.689903 0.787538 -0.781556 -0.923079 
0.854668 0.191414 -0.00224676 -1.92201 0.507823 -4.31534 
0.790033 0.448633 -0.324153 1.29234 -0.427002 -1.26645 
0.740188 0.757336 -0.771224 1.60771 -0.359933 -1.61024 
0.950369 -0.0140456 -0.231134 -0.85282 1.01985 0.970027 
0.863984 0.211323 -0.372281 -0.840262 0.900647 0.978526 
0.798967 0.477471 -0.609044 -0.812492 0.833125 0.95007 
0.748629 0.826468 -1.02577 -0.729449 0.847495 0.838352 
0.936006 0.351875 -1.15409 -0.493841 1.66043 0.556801 
0.852198 0.417212 -0.985633 -0.441778 1.4225 0.603956 
0.789095 0.615843 -1.04479 -0.413222 1.27265 0.611509 
0.144353 0.356144 0.318302 -0.765068 -1.74069 0.252677 
0.461329 0.510523 -0.336394 -0.640627 -1.17423 0.349902 
-0.301524 0.317017 0.493406 -1.13579 -1.99822 0.406464 
0.139349 0.202551 0.261421 -0.849128 -1.51477 0.497994 
0.457934 0.483643 -0.410604 -0.784653 -1.02335 0.571243 
-0.309007 0.052197 0.411295 -1.18168 -1.77101 0.825379 
0.133223 0.100896 0.14579 -1.02474 -1.30442 0.828162 
0.454116 0.472322 -0.510838 -1.03111 -0.883932 0.914077 
-0.31514 -0.0705373 0.195932 1.79486 1.62122 -1.85806 
0.128059 0.0596683 -0.0340391 1.83084 1.16849 -1.86884 
0.450638 0.483914 -0.64852 1.73037 0.813336 -1.7293 
-0.317505 -0.0546479 -0.145363 1.57656 1.59915 -1.37069 
0.449177 0.531781 -0.843635 1.29881 0.87605 -1.15994 
-0.315141 0.109274 -0.664054 1.38723 1.70946 -0.861261 
0.128059 0.18654 -0.637433 1.16975 1.30875 -0.847244 
0.450638 0.650915 -1.15603 0.946283 1.0849 -0.64652 
0.133291 0.486827 -1.31165 0.97138 1.62415 -0.341786 
0.296287 0.402925 0.259704 -0.608592 -1.66294 0.126881 
0.518983 0.573638 -0.421306 -0.535672 -1.12358 0.228554 
-0.0425209 0.263481 0.569496 -0.914743 -1.84896 0.275346 
0.291026 0.249953 0.208585 -0.70475 -1.39922 0.358321 
0.515582 0.5467 -0.494731 -0.685411 -0.948115 0.45639 
-0.470362 0.0896674 0.614077 -1.27431 -1.93931 0.629513 
-0.0513166 -0.0220822 0.489023 -1.02711 -1.52531 0.699777 
0.284989 0.146946 0.0972107 -0.909035 -1.1402 0.702808 
0.511667 0.535763 -0.59646 -0.966618 -0.777302 0.837362 
-0.477766 -0.180054 0.396614 -1.3652 -1.73881 -5.06045 
-0.0583439 -0.151285 0.270209 -1.29393 -1.31327 1.21715 
0.508018 0.550495 -0.740784 1.70872 0.693074 -1.71695 
-0.48051 -0.180253 -0.0316887 1.59816 1.69839 -1.35773 
-0.0609526 -0.133803 -0.0722288 1.50996 1.28773 -1.3561 
0.506809 0.611439 -0.959345 1.1957 0.780342 -1.06487 
-0.477069 0.0661476 -0.739041 1.45947 1.81113 -0.762355 
-0.0583213 0.0268209 -0.577106 1.21394 1.44965 -0.799862 
0.279815 0.237528 -0.69857 1.0355 1.145 -0.750473 
0.508188 0.81159 -1.41724 0.802347 1.07559 -0.489664 
0.438407 0.480745 0.15634 -0.424808 -1.61166 -0.026705 
0.575191 0.649145 -0.525399 -0.391819 -1.08999 0.0600765 
0.227223 0.292793 0.540135 -0.63448 -1.73028 0.102038 
0.433879 0.331973 0.112504 -0.512043 -1.31465 0.171122 
0.572185 0.621921 -0.5969 -0.525737 -0.883398 0.271352 
-0.0884799 -0.057478 0.769632 -0.957619 -1.64429 0.468975 
0.218982 0.00346345 0.468636 -0.785638 -1.29571 0.486668 
0.42819 0.227642 0.00891381 -0.720183 -0.989612 0.505233 
0.568343 0.610113 -0.698112 -0.826993 -0.658899 0.675755 
0.211419 -0.132359 0.255426 -1.17212 -0.976821 1.07745 
0.423015 0.182885 -0.166428 -1.17039 -0.740853 1.09766 
0.564736 0.628875 -0.851533 -1.44872 -0.540618 1.42376 
0.421038 0.210085 -0.42668 1.32403 0.733275 -1.24392 
0.563242 0.71469 -1.11645 1.01623 0.679663 -0.898725 
-0.0986154 -0.0878718 -0.590701 1.15214 1.46811 -0.665858 
0.211502 0.0470745 -0.600389 0.967883 1.18685 -0.650057 
0.42304 0.335376 -0.823238 0.829617 1.00262 -0.579031 
0.567478 0.58918 0.00364001 -0.214777 -1.59826 -0.214178 
0.630191 0.74262 -0.658996 -0.204502 -1.08784 -0.165972 
0.475567 0.401923 0.40168 -0.307156 -1.68053 -0.121709 
0.565296 0.448184 -0.0321542 -0.25799 -1.28794 -0.0847293 
0.628737 0.71664 -0.729022 -0.273691 -0.858112 -0.0259448 
0.334708 0.00575741 0.720982 -0.476712 -1.43973 0.121698 
0.470975 0.127481 0.348266 -0.400146 -1.16507 0.126191 
0.562264 0.343816 -0.123962 -0.379351 -0.89583 0.146599 
0.626699 0.703757 -0.827627 -0.470172 -0.55546 0.270383 
0.325115 -0.306181 0.506659 -0.877727 -0.797283 0.754205 
0.464459 -0.0163086 0.15258 -0.804773 -0.652067 0.688202 
0.557593 0.295113 -0.293351 -0.856115 -0.491514 0.756473 
0.623194 0.727857 -0.995158 -1.37434 -0.308975 1.30559 
0.319144 -0.299336 0.064482 1.27673 0.690365 -1.19659 
0.620359 0.899718 -1.41961 0.639813 0.619797 -6.82788 
0.325028 -0.0429594 -0.640673 0.646954 1.15202 -0.352951 
0.464434 0.175262 -0.749279 0.54738 0.998346 -0.316677 
0.557577 0.501463 -1.05761 0.456589 0.944835 -0.244303 
0.68143 0.729153 -0.206772 0.00502201 -1.62237 -0.430258 
0.683305 0.864141 -0.84245 0.00649814 -1.12171 -0.435131 
0.680093 0.574844 0.152841 0.025702 -1.70675 -0.380557 
0.682624 0.602218 -0.241089 0.0276057 -1.34038 -0.39244 
0.684556 0.847413 -0.922446 0.0355343 -0.904485 -0.409693 
0.681958 0.25329 0.460606 0.0835255 -1.50202 -0.327794 
0.684441 0.335846 0.114182 0.0900033 -1.23933 -0.353169 
0.686411 0.507258 -0.326891 0.104823 -0.971103 -0.38452 
0.687943 0.845282 -1.03331 0.153756 -0.605762 -0.452898 
0.688427 -0.0417749 0.294611 0.243185 -0.736711 -0.385267 
0.690133 0.192488 -0.0558455 0.282866 -0.624921 -0.435821 
0.691397 0.457334 -0.487848 0.373868 -0.466901 -0.541864 
0.69237 0.895028 -1.24793 0.965274 -0.202249 -1.16089 
0.672417 -0.0727591 -0.128183 0.136823 0.202777 -0.134052 
0.67654 0.193245 -0.407101 0.109744 0.215055 -0.10724 
0.679586 0.501518 -0.80089 0.071183 0.299126 -0.068205 
0.68841 0.243586 -0.975556 -0.174186 1.20602 0.266536 
0.690133 0.490736 -1.18423 -0.178402 1.16846 0.274809 
1.29583 0.234565 0.459995 0.898668 -1.68241 -0.832212 
0.925016 0.418958 -0.224483 0.757973 -1.09873 -0.967895 
1.30137 0.0724237 0.39224 1.00406 -1.48558 -1.01798 
0.928776 0.394024 -0.304392 0.936124 -0.97878 -1.12513 
1.30637 -0.0260144 0.264155 1.17457 -1.33879 -1.24325 
0.932384 0.385638 -0.407582 1.18026 -0.894674 -1.34746 
0.935093 0.397706 -0.539985 -1.66359 0.872046 -4.76689 
1.31013 0.0534736 -0.482644 -1.28738 1.36012 1.09018 
0.935145 0.510496 -0.939325 2.06138 -1.04296 -2.18819 
1.30637 0.250189 -0.965161 -1.11578 1.539 0.805838 
0.932429 0.697673 -1.36055 -0.856476 1.27036 0.689301 
1.13948 0.315494 0.366056 0.733999 -1.63267 -0.76412 
0.872406 0.504202 -0.33281 0.648894 -1.08474 -0.899434 
1.55647 0.194612 0.641802 1.11738 -1.87892 -0.802104 
1.14557 0.158692 0.30502 0.853215 -1.40238 -0.925342 
0.876586 0.479741 -0.411856 0.831884 -0.944923 -1.05405 
1.15157 0.0597021 0.183169 1.05615 -1.21386 -1.15211 
0.880869 0.472845 -0.517826 1.10575 -0.839885 -1.29771 
1.56872 -0.213577 0.319074 -1.76963 1.52748 1.68082 
1.15617 0.0222623 0.000807707 -1.79854 1.1078 -4.59443 
0.884282 0.489062 -0.659412 -1.67547 0.807266 -4.77075 
1.15337 0.0338896 -0.233146 -1.44175 1.00379 1.3339 
0.880368 0.523511 -0.831904 -1.2363 0.770347 1.1198 
1.15609 0.142511 -0.582623 1.96811 -1.23762 -2.11989 
0.884301 0.652304 -1.15384 -0.972683 1.05395 0.836762 
1.15156 0.388009 -1.15739 -0.957306 1.5004 0.698216 
1.00036 0.423661 0.229142 0.563548 -1.60881 -0.697485 
0.822757 0.600787 -0.461284 0.521468 -1.08416 -0.821393 
1.27991 0.251401 0.584325 0.850427 -1.77983 -0.718231 
1.00697 0.27546 0.175751 0.683899 -1.35275 -0.824411 
0.827277 0.5774 -0.539691 0.699754 -0.922358 -0.964064 
1.2883 -0.0333179 0.49922 0.992618 -1.45961 -1.00599 
1.01397 0.178219 0.0611899 0.906316 -1.11891 -1.03998 
0.832413 0.572463 -0.649087 1.00043 -0.78717 -1.22541 
0.832009 0.647862 -1.01389 -1.11507 0.716465 0.994459 
1.67612 -0.0441986 -0.628406 -1.39924 1.73778 -5.35811 
1.01982 0.279141 -0.749853 -1.03193 1.1541 0.915504 
0.880377 0.558419 0.044393 0.387871 -1.60831 -0.635037 
0.775787 0.711943 -0.615757 0.372164 -1.10079 -0.731245 
1.0364 0.383086 0.420648 0.579412 -1.73056 -0.629673 
0.886334 0.420322 4.41529e-05 0.494669 -1.33851 -0.718482 
0.780252 0.690605 -0.694028 0.527743 -0.917043 -0.845286 
1.26687 0.0408325 0.679942 0.864562 -1.64557 -0.787253 
1.04686 0.119328 0.352827 0.743589 -1.34268 -0.83944 
0.894022 0.325487 -0.104754 0.714841 -1.05952 -0.903005 
0.786104 0.690913 -0.812249 0.840126 -0.738615 -1.10989 
1.27873 -0.24863 0.461181 -1.97353 1.26789 1.89171 
1.05663 -0.011758 0.147419 1.12012 -1.03687 -1.22712 
0.901615 0.286055 -0.282927 1.14944 -0.840782 -1.29465 
0.792155 0.726499 -0.994175 -1.72891 0.656681 1.51083 
0.895325 0.303222 -0.539017 -1.26155 0.66828 1.18422 
0.785937 0.839223 -1.31756 -0.895887 0.692664 0.765825 
1.27873 0.0080229 -0.68999 -1.08063 1.47383 0.818488 
1.05677 0.179853 -0.753829 -0.949908 1.26427 0.816166 
0.901618 0.487308 -1.03702 -0.842074 1.14692 0.747437 
0.777417 0.719893 -0.195465 0.204111 -1.6258 -0.575284 
0.730543 0.851825 -0.824159 0.201829 -1.12994 -0.630962 
0.843179 0.569479 0.157548 0.309194 -1.72441 -0.551855 
0.781697 0.593766 -0.231699 0.27847 -1.3598 -0.6065 
0.734052 0.837088 -0.908182 0.307663 -0.931046 -0.692814 
0.935969 0.26381 0.441284 0.491668 -1.57484 -0.602755 
0.852199 0.336421 0.109317 0.452799 -1.31189 -0.658172 
0.789293 0.503783 -0.324936 0.459753 -1.04564 -0.726696 
0.740222 0.847499 -1.04088 0.581277 -0.697198 -0.911903 
0.950366 -0.0126805 0.262856 0.850389 -1.02259 -0.965736 
0.863987 0.205687 -0.0743289 0.857798 -0.880687 -1.00673 
0.798963 0.466163 -0.502966 0.942781 -0.725162 -1.13321 
0.748629 0.926155 -1.30332 1.35826 -0.536497 -1.62892 
0.941044 -0.0537084 -0.146263 -1.26431 0.591517 1.20657 
0.854707 0.197824 -0.412398 1.96298 -0.517074 -2.015 
0.790256 0.498782 -0.797004 2.16724 -0.501764 4.05403 
0.950362 0.281706 -1.02108 -0.713113 1.37463 0.597166 
0.863979 0.513053 -1.21351 -0.650012 1.30351 0.570523 
0.149314 0.221485 0.258652 -0.678509 -1.65556 0.314958 
0.464219 0.506161 -0.624333 -0.649318 -0.994165 0.434456 
0.144784 0.11945 0.1524 -0.757931 -1.448 0.529419 
0.461334 0.528344 -0.764033 -0.810013 -0.86408 0.667734 
-0.301553 0.00576772 0.366442 -1.00558 -1.78495 0.811652 
0.139338 0.0700892 -0.00829225 -0.908016 -1.25591 0.812149 
0.45797 0.5823 -0.957798 -1.08475 -0.751592 1.03717 
-0.308613 -0.0805579 0.126361 -1.13615 -1.60139 1.21026 
0.454128 0.724699 -1.30801 1.58759 0.725422 -1.49303 
-0.317503 0.184315 -0.841493 1.58846 1.59368 -0.913416 
0.125906 0.371418 -1.08086 1.29189 1.26018 -0.817777 
0.30087 0.274071 0.199628 -0.537651 -1.57912 0.154432 
0.521807 0.581605 -0.726494 -0.542062 -0.935937 0.285293 
-0.0346651 0.173861 0.555618 -0.791279 -1.87737 0.280999 
0.296447 0.171581 0.0984786 -0.624294 -1.34114 0.353231 
0.518986 0.609591 -0.87668 -0.712916 -0.780203 0.528293 
-0.0425269 -0.06564 0.439871 -0.866433 -1.55727 0.633904 
0.291095 0.119728 -0.0581019 -0.794748 -1.10702 0.642152 
0.515614 0.679852 -1.10093 -1.05127 -0.634091 0.964958 
-0.470363 -0.175064 0.415544 1.99679 1.77267 -2.06066 
-0.0512406 -0.156863 0.197423 -1.08477 -1.31279 1.07479 
0.284985 0.124711 -0.281223 -1.11506 -0.924602 1.09845 
-0.0609512 0.0935629 -0.738268 1.39375 1.3407 -0.90558 
0.277824 0.448813 -1.19099 1.11448 1.12288 -0.722955 
0.442065 0.360658 0.0953309 -0.371463 -1.53299 -0.0312203 
0.577577 0.676305 -0.860235 -0.395959 -0.888572 0.0869178 
0.234561 0.209122 0.521552 -0.54245 -1.76776 0.0704464 
0.438465 0.260386 0.000282616 -0.445799 -1.26959 0.132584 
0.575189 0.716005 -1.03081 -0.555049 -0.696994 0.31494 
-0.0761612 -0.0297303 0.767761 -0.80584 -1.80121 0.32919 
0.227571 -0.0334805 0.415435 -0.640532 -1.36533 0.368654 
0.433895 0.206661 -0.150288 -0.605467 -0.984005 0.395625 
0.5722 0.837125 -1.34713 -0.994895 -0.480375 0.857344 
-0.0887738 -0.343492 0.553787 -0.987043 -1.35767 0.882902 
0.218968 -0.133687 0.181421 -0.929378 -1.01494 0.836471 
0.428201 0.208816 -0.371945 -0.984878 -0.722698 0.903052 
-0.102361 -0.113413 -0.533273 1.36049 1.30041 -0.895834 
0.208705 0.111838 -0.7584 1.13964 1.06511 -0.811203 
0.569338 0.479305 -0.0587823 -0.18754 -1.52238 -0.240308 
0.631465 0.804774 -1.05236 -0.211098 -0.854855 -0.165976 
0.479137 0.328383 0.379034 -0.264588 -1.72622 -0.172906 
0.567495 0.384901 -0.148713 -0.226419 -1.25009 -0.135654 
0.630194 0.893238 -1.30846 -0.321789 -0.604683 0.00567209 
0.342428 0.0426844 0.707288 -0.389687 -1.66261 -0.0134645 
0.475698 0.0992767 0.288783 -0.318534 -1.28458 0.00591581 
0.565299 0.332659 -0.293761 -0.311673 -0.925538 0.0331414 
0.334732 -0.28232 0.517556 -0.566681 -1.01102 0.38007 
0.470978 -0.0105155 0.0749293 -0.525076 -0.79522 0.346093 
0.562265 0.333238 -0.513338 -0.597703 -0.539539 0.431071 
0.325089 -0.305809 0.103687 -1.30993 -0.606093 1.31158 
0.464436 0.016767 -0.284074 -1.40251 -0.45968 1.38099 
0.319158 -0.0771306 -0.566185 0.908073 0.883582 -0.682459 
0.459951 0.243481 -0.913306 0.738699 0.819742 -0.55604 
0.680814 0.630485 -0.271955 -0.0019693 -1.54037 -0.465441 
0.682887 1.12545 -1.58903 -0.00179158 -0.718259 -0.466077 
0.678508 0.510689 0.130356 0.0037353 -1.74104 -0.427408 
0.68121 0.547722 -0.363342 0.00511568 -1.28439 -0.431894 
0.677027 0.282506 0.441525 0.0238891 -1.70306 -0.378352 
0.680103 0.310781 0.051694 0.0261546 -1.34166 -0.389988 
0.682606 0.506576 -0.513562 0.032519 -0.972428 -0.404447 
0.68177 -0.00736887 0.290164 0.0947551 -1.07257 -0.367295 
0.68443 0.207808 -0.145755 0.113035 -0.853274 -0.398306 
0.68641 0.521203 -0.749179 0.161693 -0.56612 -0.46201 
0.688427 -0.0674968 -0.0840519 0.483562 -0.355407 -0.66103 
0.690133 0.228298 -0.501367 0.704164 -0.254972 -0.892311 
0.691396 0.681056 -1.23466 2.03911 -0.185252 -2.25098 
0.672415 0.162617 -0.815891 0.0451432 0.653762 -0.0358252 
0.67654 0.62067 -1.4599 0.0313107 0.839472 -0.0208888 
1.29099 0.0895412 0.399031 0.797345 -1.60337 -0.994003 
0.921457 0.404272 -0.497178 0.76725 -0.935678 -1.14311 
1.29583 -0.0162108 0.28092 -2.23511 1.41354 1.9729 
0.925023 0.423279 -0.63295 0.974152 -0.833293 -1.34174 
1.83792 -0.170077 0.194819 -1.88766 1.76637 -4.76087 
1.30846 0.999181 -2.28935 -1.18639 1.46312 0.259654 
1.13387 0.178449 0.305719 0.644192 -1.54875 -0.892648 
0.868699 0.500684 -0.620094 0.648983 -0.909022 -1.04935 
1.54882 0.0963626 0.631678 0.967558 -1.89727 -0.937577 
1.13947 0.0740013 0.196194 0.759582 -1.32879 -1.04362 
0.872429 0.52399 -0.763269 0.86008 -0.781158 -1.24846 
1.14557 0.0266848 0.0302573 0.951853 -1.14782 -1.25831 
0.876586 0.582275 -0.964773 1.19491 -0.699588 -1.57713 
1.56359 -0.222806 0.245263 1.19552 -1.49313 -1.53229 
1.15618 0.118108 -0.51033 -1.57616 1.05844 1.22097 
1.15328 0.298061 -0.982709 1.9636 -1.13236 -2.34405 
0.99543 0.298329 0.169236 0.484597 -1.52639 -0.793163 
0.819113 0.615198 -0.775207 0.512826 -0.890668 -0.944319 
1.27085 0.16009 0.571215 0.721164 -1.79589 -0.818002 
1.00071 0.197433 0.0678979 0.590734 -1.28298 -0.909683 
0.822757 0.649483 -0.936896 0.718066 -0.733204 -1.13469 
1.65855 -0.00554363 0.734497 1.04772 -1.93764 -0.969675 
1.27921 -0.0801432 0.452167 0.832031 -1.4676 -1.06237 
1.00703 0.148761 -0.0914332 0.786554 -1.05851 -1.10625 
0.827277 0.740253 -1.1971 1.1176 -0.60763 -1.52907 
1.28831 -0.167812 0.206374 1.07674 -1.2385 -1.38192 
1.67625 -0.29641 0.0883766 1.33305 -1.5471 -1.78859 
1.2935 0.0673865 -0.710005 -1.26934 1.19317 0.870164 
1.01543 0.494657 -1.25932 -0.991592 1.05249 0.648428 
0.876205 0.445348 -0.0156068 0.3233 -1.52859 -0.7022 
0.772389 0.76242 -0.989621 0.360943 -0.874039 -0.829779 
1.02869 0.304057 0.404923 0.471499 -1.75371 -0.698006 
0.880462 0.351324 -0.109997 0.406397 -1.27441 -0.775331 
0.775569 0.830796 -1.21017 0.54792 -0.671594 -1.0021 
1.25401 0.0618657 0.679919 0.701838 -1.77435 -0.79385 
1.03697 0.0797876 0.304026 0.583359 -1.37843 -0.859461 
0.886342 0.303859 -0.263085 0.57676 -1.01081 -0.927652 
1.26668 -0.23921 0.479494 0.894945 -1.33583 -1.15724 
1.04697 -0.0163286 0.0767911 0.86129 -1.05417 -1.15611 
0.894072 0.314394 -0.493553 0.941819 -0.785438 -1.27249 
1.27566 -0.0450142 -0.596365 -1.21259 1.13182 0.848686 
1.05105 0.228696 -0.895016 -1.01858 0.982527 0.733206 
0.774879 0.619785 -0.257763 0.163491 -1.54443 -0.620406 
0.728365 1.02793 -1.41823 0.20414 -0.795545 -0.716295 
0.837955 0.503882 0.13802 0.23467 -1.75144 -0.599266 
0.777636 0.536427 -0.348476 0.21191 -1.29641 -0.644902 
0.924914 0.286734 0.430582 0.35348 -1.7352 -0.613628 
0.84326 0.306102 0.0545741 0.311685 -1.37522 -0.663168 
0.781819 0.497333 -0.502967 0.323378 -1.00811 -0.723543 
0.936006 0.00848585 0.270602 0.530753 -1.20189 -0.813508 
0.852201 0.210392 -0.152305 0.538473 -0.969617 -0.860084 
0.789095 0.519974 -0.751147 0.643911 -0.693759 -1.00687 
0.950361 -0.0369695 -0.11652 1.11639 -0.795355 -1.39166 
0.798955 0.709398 -1.2838 1.66092 -0.569702 -2.0105 
0.941058 0.185436 -0.842834 -0.799248 0.835835 0.603538 
0.854671 0.653589 -1.51615 -0.593747 0.953659 0.372623 
0.153344 0.131233 0.152179 -0.614292 -1.53785 0.373522 
0.466756 0.71635 -1.24931 -0.802971 -0.708009 0.680084 
0.149357 0.0808187 -0.00201813 -0.696691 -1.34331 0.56904 
-0.294762 -0.0315412 0.309046 -0.869624 -1.76136 0.814396 
0.144779 0.0833556 -0.212299 -0.836473 -1.16583 0.825515 
-0.301553 -0.0798573 0.0410124 -0.970682 -1.55648 1.15587 
0.139174 0.145198 -0.496768 -1.06886 -1.02568 1.19159 
-0.315238 0.291311 -1.07463 1.74993 1.42682 -0.967645 
0.30464 0.187366 0.0932322 -0.48533 -1.46224 0.183752 
-0.0284323 0.0911113 0.530481 -0.688948 -1.86007 0.300891 
0.300889 0.135879 -0.0573786 -0.571717 -1.24189 0.364253 
-0.034666 -0.100122 0.378142 -0.745362 -1.54998 0.596584 
0.296429 0.135805 -0.26497 -0.727344 -1.02675 0.621778 
-0.460821 -0.170558 0.429216 -0.960973 -1.80508 0.968315 
-0.0427306 -0.152646 0.110932 -0.914099 -1.29336 0.959225 
0.291094 0.197322 -0.552871 -1.02063 -0.846204 1.03864 
-0.470369 -0.194525 0.0291128 2.03893 1.59518 -1.69276 
-0.0512685 -0.0779413 -0.281497 -1.21542 -1.14713 1.46186 
0.284986 0.373876 -1.02254 -1.53584 -0.800072 1.73141 
-0.0583021 0.185283 -0.941003 1.54322 1.19621 -1.00851 
0.445033 0.279696 -0.0114771 -0.33217 -1.4191 -0.0288754 
0.240226 0.131394 0.492853 -0.469185 -1.75686 0.0586097 
0.442069 0.228985 -0.158326 -0.403905 -1.17558 0.117146 
-0.0657287 -0.0101032 0.763841 -0.699891 -1.91529 0.242926 
0.234683 -0.0632414 0.349981 -0.541008 -1.38562 0.297826 
0.438466 0.228529 -0.365122 -0.544628 -0.91859 0.344048 
-0.076163 -0.330413 0.562862 -0.786741 -1.44374 0.689144 
0.227592 -0.12407 0.0911596 -0.743509 -1.04382 0.651102 
0.4339 0.29222 -0.660896 -0.875408 -0.665299 0.785656 
-0.0884741 -0.347757 0.153918 -1.1032 -1.15228 1.25064 
0.570901 0.406103 -0.167368 -0.166401 -1.40966 -0.25738 
0.481944 0.259029 0.348782 -0.228895 -1.72126 -0.204464 
0.569339 0.36025 -0.313642 -0.204959 -1.15546 -0.165808 
0.348128 0.066492 0.695317 -0.337258 -1.80693 -0.0945936 
0.479096 0.0717887 0.222153 -0.269163 -1.32704 -0.0639164 
0.567495 0.364738 -0.52559 -0.283603 -0.865414 -0.0213919 
0.342446 -0.256822 0.516037 -0.416285 -1.20973 0.179072 
0.475777 0.00431509 -0.0219197 -0.39156 -0.903365 0.163581 
0.565298 0.441766 -0.846372 -0.518961 -0.51649 0.302713 
0.334711 -0.29935 0.127751 -0.795076 -0.690095 0.720149 
0.470979 0.0608156 -0.404599 -0.89126 -0.478142 0.793287 
0.3251 -0.10318 -0.501185 1.24371 0.6202 -1.12102 
0.464459 0.359119 -1.15509 0.845768 0.623989 -0.743902 
0.680658 0.56782 -0.385905 -0.00400646 -1.42244 -0.492571 
0.678225 0.450476 0.102224 -0.0029675 -1.73455 -0.463473 
0.680769 0.534652 -0.542293 -0.00215067 -1.17421 -0.464638 
0.674914 0.2995 0.426393 0.00211992 -1.82587 -0.424303 
0.678517 0.287646 -0.0177692 0.00376139 -1.36987 -0.4288 
0.681206 0.559304 -0.782582 0.00638885 -0.876734 -0.434539 
0.676734 0.0175446 0.279111 0.0246566 -1.27578 -0.388419 
0.680097 0.22618 -0.253936 0.0312768 -0.951588 -0.402199 
0.682603 0.714502 -1.23948 0.0611485 -0.454926 -0.441061 
0.681772 -0.0481438 -0.0740391 0.134226 -0.670099 -0.427356 
0.684431 0.289617 -0.651328 0.20341 -0.434232 -0.50879 
0.688438 0.131575 -0.72111 2.20677 -0.201976 -2.42013 
1.28518 -0.00563137 0.287598 0.71826 -1.4927 -1.13498 
0.918203 0.547441 -1.00014 0.894186 -0.713959 -1.42495 
2.31013 0.447664 -1.16579 -2.18091 1.94456 6.95456 
1.12894 0.0879499 0.197607 0.576948 -1.4364 -1.0028 
0.865522 0.702177 -1.22737 0.804837 -0.63465 -1.35 
1.54148 0.00865063 0.607635 0.835322 -1.87955 -1.06231 
1.13386 0.0361318 0.0414768 0.691318 -1.22773 -1.14758 
1.54882 -0.182998 0.441728 -2.24572 1.61379 1.82201 
1.13947 0.038762 -0.170637 -2.26296 1.05175 1.78248 
1.56356 -0.134442 -0.239463 1.25105 -1.35649 -1.90865 
0.99125 0.214254 0.0626317 0.42782 -1.41413 -0.875053 
1.26334 0.077863 0.545259 0.615317 -1.77804 -0.907667 
0.995488 0.162971 -0.087588 0.527096 -1.18221 -0.986836 
1.27072 -0.115917 0.391986 0.705744 -1.44838 -1.11498 
1.00072 0.164326 -0.297707 0.708355 -0.963396 -1.17625 
1.27921 -0.16596 0.121117 -2.23078 1.19675 1.7518 
1.66854 -0.305722 0.117613 1.12886 -1.47979 -1.76105 
0.873089 0.369936 -0.122812 0.279709 -1.41621 -0.759627 
1.02312 0.232084 0.377577 0.392871 -1.74167 -0.758738 
0.876217 0.3234 -0.270522 0.351608 -1.17249 -0.829393 
1.24356 0.0777817 0.676854 0.587062 -1.87364 -0.816301 
1.02914 0.0484242 0.242033 0.472602 -1.37995 -0.887641 
0.880462 0.328698 -0.484354 0.496856 -0.91598 -0.969249 
1.25395 -0.229869 0.48899 0.696359 -1.40173 -1.10261 
1.037 -0.0115492 -0.0114764 0.674274 -1.04753 -1.11377 
0.886343 0.408427 -0.806982 0.836772 -0.671633 -1.3096 
1.0566 0.366466 -1.16541 -1.33459 0.921494 0.774869 
0.773474 0.555268 -0.36798 0.138363 -1.42865 -0.657942 
0.834754 0.442917 0.109788 0.188623 -1.74154 -0.640033 
0.775035 0.521628 -0.524787 0.176589 -1.18435 -0.683205 
0.918212 0.302323 0.420138 0.276078 -1.84511 -0.640165 
0.837987 0.280783 -0.0113685 0.23477 -1.38894 -0.685394 
0.777565 0.545151 -0.763492 0.260958 -0.90095 -0.750823 
0.924952 0.0256838 0.267964 0.358699 -1.33738 -0.760498 
0.843581 0.222005 -0.250657 0.364413 -1.00705 -0.801986 
0.781697 0.698956 -1.21762 0.550986 -0.538588 -1.03199 
0.936012 -0.0305901 -0.0945581 0.668305 -0.865317 -1.07783 
0.852219 0.294773 -0.661466 0.798249 -0.630212 -1.22605 
0.950363 0.168702 -0.767421 -1.54184 0.696972 1.1029 
-2.25047 -0.21306 -0.998117 2.96068 1.88489 -0.0784654 
0.527692 -0.191063 -1.08725 0.202 1.2438 -0.072983 
0.888748 -0.0732814 -1.16323 -0.290003 1.21026 0.0822851 
2.36602 -0.239405 -0.985616 -1.86271 1.6337 6.60461 
1.08883 0.310052 -1.67758 -0.60333 1.36365 6.38801 
2.02822 0.451893 -1.95499 -1.67014 1.53823 -6.22291 
-1.47369 -0.281036 -0.968084 2.26733 1.73598 -0.26407 
0.334491 -0.0137356 -1.21595 0.505991 1.22506 -0.181873 
-2.36912 -0.0355561 -1.0667 3.06752 1.99475 -0.0493743 
-0.95294 -0.435443 -1.00609 1.66265 1.53906 -0.14488 
0.63854 0.119444 -1.36376 0.0709845 1.20161 -0.0387073 
-1.63528 -0.376367 -1.43011 2.19201 1.38721 0.178114 
2.52228 -0.101783 -1.01032 -2.07026 1.75373 0.389838 
1.55433 -0.0690015 -1.09743 -1.17864 1.35973 0.362677 
-0.79969 -0.16605 -1.02319 1.72389 1.57987 -0.401222 
-0.134904 -0.288542 -0.964567 0.985866 1.34092 -0.284612 
0.682651 -0.526298 -1.005 -3.74632e-06 1.48131 -0.01776 
0.685127 -0.227969 -0.987572 -0.002699 1.16555 -0.0168142 
-1.30545 -0.408725 -1.46093 1.79203 1.447 0.277649 
1.07397 0.00907391 -1.16555 -0.614801 1.1701 0.220283 
1.70498 0.103109 -1.21193 -1.46744 1.45422 0.451967 
-0.503465 0.144766 -1.32322 1.57164 1.51403 -0.423315 
-0.966314 0.527984 -2.15517 -1.22749 -1.49795 3.16691 
-0.084628 -0.00216756 -1.15757 1.09289 1.31587 -0.390756 
-0.238243 -0.34022 -0.872939 1.10621 1.3451 -0.343499 
0.380705 0.0437811 -1.20413 0.487696 1.14614 -0.213015 
0.819249 -0.248577 -0.906632 -0.199788 1.09821 0.0590655 
1.19674 0.166813 -1.28594 -0.911714 1.20273 6.62315 
-0.122782 0.0587849 -1.16088 1.20275 1.32245 -0.470186 
0.414041 0.126275 -1.23582 0.482799 1.07925 -0.242098 
0.156879 0.0883134 -0.00087669 -0.57062 -1.40069 0.425641 
-0.283899 0.0790578 0.426175 -0.753179 -1.96339 0.550651 
0.153334 0.0891321 -0.206025 -0.661841 -1.21412 0.615336 
-0.288878 -0.0585987 0.239569 -0.765854 -1.71123 0.824588 
0.149377 0.147185 -0.480582 -0.810462 -1.04103 0.871909 
-0.294677 -0.0696063 -0.0585037 -0.851311 -1.49446 1.12181 
0.144791 0.291336 -0.883839 2.073 0.891528 -1.87575 
-0.737787 0.0966733 -0.237128 2.25632 1.84731 -1.64337 
-0.301728 0.0461793 -0.498429 -1.01715 -1.32847 1.50499 
0.30789 0.146429 -0.0602844 -0.449969 -1.32532 0.21178 
-0.0228273 0.020409 0.492341 -0.604131 -1.81575 0.322752 
0.304642 0.146158 -0.264082 -0.54302 -1.11398 0.386838 
-0.0281791 -0.124472 0.305041 -0.655839 -1.51367 0.576189 
0.300871 0.203925 -0.540869 -0.708301 -0.905444 0.645287 
-0.451956 -0.166846 0.437564 -0.82477 -1.83067 0.886791 
-0.0346787 -0.138332 0.008842 -0.79418 -1.25531 0.883226 
0.29646 0.360115 -0.969501 -1.0474 -0.717053 1.10819 
-0.470363 -0.00252871 -0.579516 -1.12861 -1.40983 1.8234 
0.447609 0.24126 -0.16524 -0.305326 -1.28286 -0.0233848 
0.24476 0.0637152 0.453176 -0.409813 -1.71743 0.0538426 
0.44523 0.241822 -0.369079 -0.380568 -1.04776 0.11621 
-0.0576651 0.00260852 0.760585 -0.621837 -1.99319 0.188058 
0.24025 -0.0846736 0.274234 -0.470845 -1.36804 0.254216 
0.442068 0.306434 -0.659315 -0.532556 -0.795711 0.345213 
-0.0657288 -0.319347 0.56623 -0.652511 -1.51653 0.561426 
0.23468 -0.105856 -0.0144408 -0.625532 -1.04398 0.535885 
0.438456 0.496407 -1.15271 -0.957819 -0.525904 0.879474 
-0.0763302 -0.346208 0.171735 -0.869086 -1.16634 0.998511 
0.22759 -0.00360597 -0.437367 -0.989487 -0.775362 1.04492 
0.572201 0.375736 -0.327783 -0.151921 -1.271 -0.268517 
0.484246 0.197817 0.309044 -0.198952 -1.68788 -0.226554 
0.570901 0.384228 -0.541742 -0.193107 -1.0196 -0.182269 
0.352578 0.0818335 0.686359 -0.297849 -1.90195 -0.147992 
0.48191 0.0532119 0.144322 -0.233352 -1.32164 -0.11078 
0.569339 0.466225 -0.86363 -0.28494 -0.723939 -0.0334933 
0.348164 -0.239141 0.511884 -0.335956 -1.34433 0.0657454 
0.479118 0.026061 -0.13456 -0.324943 -0.941639 0.0648725 
0.342446 -0.285826 0.135428 -0.531007 -0.843564 0.396353 
0.475698 0.12458 -0.562261 -0.632148 -0.533366 0.47575 
0.334706 -0.113173 -0.457993 1.81066 0.487465 -1.78668 
0.677857 0.615097 0.107463 -0.00569447 -2.00696 -0.514881 
0.680628 0.550061 -0.560268 -0.00456902 -1.27419 -0.5138 
0.677981 0.397047 0.0630378 -0.00487105 -1.70062 -0.491254 
0.680649 0.581317 -0.808056 -0.00466137 -1.01379 -0.490701 
0.674367 0.311237 0.415862 -0.00467798 -1.90896 -0.461094 
0.67803 0.27072 -0.0958473 -0.00309415 -1.35673 -0.462275 
0.680758 0.762579 -1.30516 -0.00332905 -0.639263 -0.462785 
0.674915 0.0342695 0.26903 0.00208026 -1.40328 -0.425183 
0.678512 0.250619 -0.376598 0.00445597 -0.974016 -0.430551 
0.676737 -0.0302521 -0.0779181 0.0308411 -0.871107 -0.401116 
0.680099 0.37555 -0.856371 0.053362 -0.498881 -0.430947 
0.681763 0.133068 -0.689078 0.348223 -0.246014 -0.660457 
1.28049 -0.0485026 0.131638 0.662944 -1.36549 -1.25347 
1.28518 -0.0460024 -0.0768856 0.782985 -1.1946 -1.41741 
2.3087 0.403594 -1.07977 -2.25703 1.83835 6.96029 
1.1247 0.0458613 0.0432133 0.531153 -1.30635 -1.09725 
1.53483 -0.0657764 0.569894 0.724712 -1.83584 -1.16994 
1.12894 0.0452335 -0.161544 0.649353 -1.10606 -1.24378 
1.54148 -0.208793 0.370351 -2.35708 1.56302 1.74754 
1.13388 0.101204 -0.433165 0.846325 -0.930434 -1.4698 
1.55661 -0.0919335 -0.370179 -2.01262 1.24444 -5.09664 
1.56356 0.718502 -1.98134 -1.60173 1.18902 0.315341 
0.987813 0.175359 -0.0917999 0.390306 -1.28169 -0.946044 
1.25716 0.00747224 0.506438 0.531069 -1.73678 -0.984019 
0.991253 0.174772 -0.295566 0.490224 -1.05644 -1.06089 
1.26326 -0.139802 0.318945 0.609027 -1.41256 -1.16157 
0.995493 0.23434 -0.57682 0.678678 -0.835451 -1.26561 
0.870706 0.337488 -0.281033 0.251882 -1.27959 -0.809622 
1.01887 0.169333 0.339055 0.334412 -1.70598 -0.810061 
0.87309 0.343869 -0.492584 0.322298 -1.03765 -0.883551 
1.23557 0.0897903 0.672747 0.505056 -1.95015 -0.843938 
1.02332 0.0266204 0.1682 0.396466 -1.35789 -0.917654 
0.876216 0.420413 -0.804808 0.473418 -0.770154 -1.04043 
1.2435 -0.220702 0.492176 0.560538 -1.46547 -1.07797 
1.02915 0.00347567 -0.116323 0.549783 -1.02637 -1.09842 
1.25394 -0.258715 0.108846 -2.35199 1.09844 1.74841 
1.03701 0.109639 -0.551557 0.916418 -0.749949 -1.49553 
0.772191 0.536158 -0.540682 0.123095 -1.28125 -0.690325 
0.832604 0.389081 0.0718854 0.15742 -1.70764 -0.67338 
0.773372 0.56458 -0.783965 0.160084 -1.02634 -0.721506 
0.914021 0.313181 0.41146 0.228861 -1.92287 -0.667653 
0.834767 0.262913 -0.0878099 0.189705 -1.37052 -0.710625 
0.774879 0.732358 -1.25738 0.263416 -0.674078 -0.82364 
0.918258 0.0391035 0.261988 0.267935 -1.43878 -0.752955 
0.838327 0.243339 -0.368618 0.274561 -1.00642 -0.791916 
0.924952 -0.0206503 -0.0900332 0.429088 -0.963028 -0.929544 
0.84326 0.373386 -0.856795 0.564435 -0.597206 -1.08296 
-2.37195 -0.0765973 -0.991716 3.05576 1.85738 -0.118916 
-3.03017 0.539589 -2.27437 -2.68646 1.20503 6.14859 
1.50661 -0.0297618 -1.48842 -0.971229 1.32328 -6.29982 
2.5126 -0.136057 -0.940663 -2.18961 1.62763 0.366365 
-1.64451 0.233278 -1.33545 2.55887 1.72621 -6.657 
-1.72449 0.539664 -2.28727 2.48698 1.19007 -6.27344 
-0.124556 -0.00209097 -1.47964 0.939876 1.27902 -0.174605 
0.649508 -0.5728 -0.923817 0.00132667 1.24846 -0.0843449 
-1.31098 -0.525225 -1.26806 1.68789 1.26998 0.168887 
1.70096 0.0480629 -1.09582 -1.67365 1.2964 0.518359 
-0.961371 0.5737 -2.23365 -1.26707 -1.27973 3.0958 
-0.22346 -0.382403 -0.7976 1.15654 1.10577 -0.490322 
0.832655 -0.290736 -0.821513 -0.346145 0.812795 0.0643973 
1.19953 0.0958547 -1.13592 -1.21067 0.950152 0.485816 
-0.579295 0.256292 -1.3599 1.80832 1.37148 -6.93453 
-0.115841 -0.00475115 -1.03945 1.32676 1.075 -0.706485 
0.424285 0.0463511 -1.07903 0.523472 0.705352 -0.43391 
-0.748888 1.15005 0.0559126 -2.04645 -1.74393 0.322765 
-0.235605 1.0897 0.267048 -1.56164 -1.5688 0.214041 
0.273159 1.15493 0.0414092 -1.08302 -1.3887 0.328975 
0.601784 1.46562 -0.698718 -0.905405 -1.00101 0.602182 
-0.747196 0.66661 0.275302 -2.10754 -1.66335 0.722106 
-0.233286 0.670667 0.464641 -1.65431 -1.35921 0.622917 
0.275613 0.894908 0.183219 -1.20426 -1.12849 0.647309 
0.602885 1.33268 -0.594236 -1.09965 -0.804613 0.919236 
-0.742776 0.286374 0.267138 0.948519 1.72145 -1.9498 
0.279607 0.658438 0.256351 -1.42618 -0.918165 1.05478 
0.605618 1.22114 -0.529939 -1.36924 -0.65535 1.3069 
-0.737329 0.102218 0.0376046 0.893601 1.89259 -1.51892 
-0.220587 0.022837 0.436447 1.05185 1.30754 -1.49814 
0.284467 0.457175 0.266574 -1.74488 -0.825234 1.52991 
0.608251 1.12598 -0.492028 -1.68546 -0.588171 1.71955 
-0.214517 -0.0962612 0.226707 0.888988 1.4713 -1.10861 
0.28868 0.302399 0.21869 1.07997 0.860934 -1.16557 
0.610626 1.04462 -0.474517 1.16283 0.591879 5.23085 
-0.20937 -0.0861773 -0.0906311 0.806425 1.68073 -0.807193 
0.292294 0.198876 0.117828 0.846565 0.981706 -0.820127 
0.612579 0.973288 -0.471782 -2.20701 -0.637462 2.37989 
-0.20493 0.0492002 -0.548611 0.794678 1.92392 -0.526082 
0.29543 0.147108 -0.033391 0.693702 1.1445 -0.564937 
0.614345 0.911639 -0.483436 0.763315 0.706873 -0.536517 
-0.479427 1.07256 0.350808 -1.75961 -1.59866 0.144789 
0.0261933 1.08026 0.310025 -1.26077 -1.51519 0.171739 
0.412494 1.18641 -0.0484474 -0.916965 -1.2968 0.339373 
0.649279 1.53831 -0.848482 -0.856099 -0.899396 0.621824 
-0.476962 0.492045 0.592409 -1.83981 -1.45391 0.651096 
0.0286338 0.649569 0.510254 -1.36676 -1.23393 0.583466 
0.414867 0.935066 0.0919125 -1.05007 -1.02314 0.649547 
0.650198 1.39983 -0.730094 -1.07232 -0.709568 0.955148 
0.41839 0.710134 0.161651 -1.30878 -0.788419 1.07943 
0.652847 1.28829 -0.662357 -1.40151 -0.56558 1.40208 
-0.462453 -0.19506 0.32168 0.953151 1.63803 -1.31966 
0.422952 0.521136 0.168455 1.42507 0.681099 -1.50837 
0.655516 1.19523 -0.624769 -1.80273 -0.517389 1.90279 
-0.454909 -0.155328 -0.127088 0.889199 1.88301 -0.912202 
0.0486815 -0.133484 0.257602 0.847413 1.24016 -0.889683 
0.426953 0.377284 0.117868 1.01953 0.730692 -0.983436 
0.0542154 -0.118535 -0.064328 0.70992 1.48438 -0.574488 
0.430347 0.281906 0.0148903 0.745894 0.878337 -0.608587 
0.65974 1.04955 -0.60919 -2.37439 -0.627206 2.61709 
0.0589355 0.0195851 -0.522016 0.655469 1.76607 -0.314508 
0.433315 0.236211 -0.139501 0.582243 1.06799 -0.354114 
0.661481 0.992549 -0.624748 0.608693 0.719591 -0.311996 
-0.105294 1.05747 0.484793 -1.32573 -1.56395 0.027746 
0.287551 1.09109 0.261133 -0.944412 -1.44132 0.176588 
0.5384 1.23651 -0.17982 -0.75043 -1.17874 0.341752 
0.694771 1.64061 -1.05167 -0.806866 -0.767896 0.643969 
-0.102216 0.404483 0.747228 -1.43649 -1.25465 0.591021 
0.289835 0.673567 0.456371 -1.06634 -1.0936 0.557703 
0.540297 0.996244 -0.0419308 -0.898131 -0.891645 0.647085 
0.695759 1.48908 -0.906356 -1.06101 -0.587468 1.0105 
0.54406 0.783339 0.0260701 -1.21389 -0.632703 1.1226 
0.698173 1.37196 -0.825798 -1.50396 -0.456427 1.57198 
-0.0837249 -0.352315 0.441466 0.928842 1.29693 -1.0243 
0.30253 0.0405311 0.411834 1.09952 0.789629 -1.14735 
0.700804 1.2807 -0.788549 -2.03509 -0.454077 2.20765 
-0.0744907 -0.289339 -0.0219845 0.756898 1.60015 -0.602269 
0.308533 -0.068711 0.193724 0.721925 1.02234 -0.608445 
0.551711 0.479787 -0.0274121 0.852454 0.626861 -0.695771 
0.702979 1.20639 -0.776191 0.750647 0.543615 -6.77929 
-0.0667852 -0.00466047 -0.744087 0.734943 1.97682 -0.236855 
0.313536 -0.0507713 -0.131978 0.550482 1.32355 -0.295386 
0.554691 0.395924 -0.134919 0.577321 0.820208 -0.330002 
0.704791 1.14447 -0.781578 0.550591 0.657373 -0.231616 
0.317741 0.0953006 -0.606655 0.479174 1.6613 -0.0662214 
0.557243 0.359898 -0.296353 0.432478 1.04337 -0.105781 
0.70639 1.0937 -0.803613 0.426691 0.776066 -0.0546219 
0.306852 1.05953 0.451495 -0.821528 -1.53029 0.0433271 
0.51922 1.12929 0.121281 -0.632829 -1.30952 0.187276 
0.651612 1.31237 -0.36286 -0.564761 -1.02694 0.316812 
0.739152 1.86847 -1.48033 -0.82338 -0.541628 0.746128 
0.309876 0.425077 0.706098 -0.954384 -1.03491 0.526179 
0.521295 0.74194 0.307542 -0.765136 -0.908054 0.523756 
0.652986 1.07865 -0.218743 -0.725973 -0.717084 0.623211 
0.740172 1.61798 -1.15535 -1.113 -0.411979 1.13688 
0.656458 0.879609 -0.154638 -1.17196 -0.428427 1.22242 
0.742599 1.48833 -1.05072 -1.85125 -0.332643 1.99944 
0.326675 -0.292087 0.390497 0.731139 0.927936 -0.616535 
0.531674 0.182043 0.249996 0.902596 0.555477 -0.772316 
0.744919 1.3986 -1.01335 -2.4679 -0.448031 2.72597 
0.333958 -0.227182 -0.0772494 0.493458 1.35403 -0.204689 
0.535922 0.0861948 0.0317328 0.483306 0.88727 -0.225144 
0.66244 0.611421 -0.224685 0.542393 0.593039 -0.261549 
0.339639 0.0717149 -0.830664 0.435534 1.84454 0.0724953 
0.539274 0.108336 -0.30023 0.340364 1.25335 0.0260742 
0.664526 0.542734 -0.341343 0.350338 0.841176 0.00903396 
0.748013 1.27729 -1.02347 0.311477 0.764936 0.0921226 
0.542055 0.28443 -0.834231 0.287816 1.66037 0.199414 
0.666297 0.522494 -0.518858 0.259517 1.09545 0.166524 
0.749211 1.23692 -1.05898 0.243142 0.90602 0.210437 
0.647563 1.09352 0.251034 -0.334967 -1.35674 0.0738159 
0.709666 1.2103 -0.112244 -0.295687 -1.11553 0.132763 
0.752932 1.42454 -0.611853 -0.30075 -0.835536 0.204998 
0.651693 0.546044 0.4774 -0.41558 -0.740771 0.383635 
0.713532 0.854469 0.0675127 -0.372329 -0.633738 0.394077 
0.755569 1.18976 -0.453148 -0.416329 -0.451521 0.48127 
0.656498 0.125786 0.437908 1.29735 0.225654 -1.13554 
0.716734 0.56972 0.0933564 -1.31359 -0.173898 1.50066 
0.758091 1.00685 -0.397805 -1.61248 -0.13467 1.8279 
0.659102 -0.0411249 0.163479 0.276454 0.744064 0.024923 
0.71823 0.387588 -0.0148253 0.316959 0.487842 -0.00654801 
0.758986 0.8731 -0.417888 -2.82924 -0.397681 -3.12489 
0.660922 0.0177198 -0.308842 0.171016 1.28613 0.239648 
0.719244 0.315232 -0.241042 0.166587 0.916313 0.235319 
0.759577 0.781036 -0.492587 0.171348 0.69829 0.239048 
0.662558 0.446951 -1.32549 0.156331 1.96131 0.393369 
0.720244 0.363862 -0.610491 0.121058 1.32874 0.355713 
0.760223 0.734794 -0.630826 0.119196 0.975909 0.35323 
0.760867 0.746187 -0.851971 0.0923844 1.25366 0.430692 
1.82191 1.09699 0.236782 -1.61141 1.56088 2.90496 
1.34061 1.17002 -0.00272617 1.08334 -1.37343 -0.354274 
1.02553 1.48885 -0.74706 0.926853 -0.990805 -0.630565 
2.31767 0.67703 0.26839 -1.04238 1.73544 -3.66178 
1.82073 0.699839 0.418083 1.67053 -1.44161 -6.72257 
1.34249 0.927769 0.124175 1.25543 -1.21506 -0.480407 
1.02827 1.36815 -0.656624 1.14609 -0.904326 -0.756547 
1.33955 0.698383 0.201163 1.42797 -1.06118 -0.671319 
1.02727 1.2578 -0.587159 1.34215 -0.800174 -0.89763 
1.81303 0.0701823 0.400756 1.98383 -1.39154 -1.08159 
1.0244 1.1586 -0.538491 1.55339 -0.706973 -1.07535 
1.02114 1.07185 -0.511592 -1.34374 0.655139 -4.43594 
1.80213 -0.0537689 -0.112996 -0.903871 1.65498 1.51423 
1.32269 0.18399 -0.0692688 -0.774723 1.12168 1.39142 
2.05117 1.07132 0.357802 1.7037 -1.58967 -0.140417 
1.56529 1.08499 0.287985 1.2258 -1.50326 -0.185559 
1.20142 1.19857 -0.081564 0.907718 -1.27911 -0.3528 
0.976299 1.5598 -0.891661 0.866627 -0.883791 -0.641327 
2.04802 0.50057 0.586657 1.84855 -1.50476 -6.73064 
1.56584 0.671623 0.473537 1.40653 -1.29195 -6.68649 
1.2045 0.960576 0.0448688 1.11874 -1.08712 -0.488139 
0.979657 1.43132 -0.786924 1.14287 -0.792272 -0.808863 
1.56213 0.290134 0.529758 -1.49389 1.13844 2.37218 
0.978518 1.31777 -0.710618 1.40367 -0.687619 -1.00185 
0.974998 1.22124 -0.664288 1.6917 -0.60708 -1.24768 
2.03066 -0.157274 -0.118562 -0.968906 1.86836 1.54223 
1.19225 0.406453 0.0861525 -1.13133 0.765528 1.74028 
0.97143 1.13802 -0.639908 2.00106 -0.586822 -1.52397 
1.54232 -0.0948181 -0.0810979 -0.766749 1.45182 1.33205 
1.53641 0.0420437 -0.541417 -0.683918 1.7245 1.1288 
1.18347 0.262996 -0.168351 -0.624688 1.04438 1.208 
1.67385 1.05699 0.492568 1.25211 -1.56419 -0.0201685 
1.30546 1.0943 0.247723 0.896373 -1.42641 -0.178068 
1.07325 1.24541 -0.202122 0.723725 -1.15837 -0.339979 
0.928592 1.66021 -1.08965 0.798824 -0.743751 -0.647269 
1.67405 0.408326 0.742975 1.46253 -1.27667 -6.67477 
1.3089 0.686818 0.430247 1.12704 -1.11956 -0.381278 
1.07757 1.01255 -0.0751686 0.987445 -0.927477 -0.494691 
0.932589 1.51491 -0.955274 1.17127 -0.650664 -0.891868 
1.07508 0.804338 -0.00808114 1.29807 -0.713598 -0.766697 
0.931017 1.39692 -0.870387 1.55137 -0.558247 -1.18903 
0.927158 1.30084 -0.822117 1.95747 -0.518648 -1.54122 
1.64767 -0.292663 -0.0163125 -0.788016 1.57499 1.29399 
1.2896 -0.0504101 0.17938 -0.768877 1.01351 1.34381 
1.28332 -0.0354333 -0.144723 -0.567742 1.29497 1.10156 
1.27819 0.110394 -0.621107 -0.476191 1.63302 0.941777 
1.05689 0.378254 -0.318811 -0.438322 1.02663 0.996993 
1.25662 1.05898 0.458893 0.720894 -1.53098 -0.0349302 
1.07148 1.13095 0.115685 0.55879 -1.29324 -0.169663 
0.957185 1.31743 -0.374567 0.505086 -1.00483 -0.28824 
1.26215 0.422897 0.703943 0.994055 -1.01877 -6.60657 
1.07623 0.746261 0.293581 0.84114 -0.897475 -0.343567 
0.962472 1.08699 -0.239861 0.843093 -0.71865 -0.479563 
0.886198 1.64271 -1.20459 1.30284 -0.458923 -1.07812 
0.959937 0.891465 -0.178126 1.33607 -0.480753 -0.901055 
0.884377 1.51086 -1.09472 1.92158 -0.431637 -1.59339 
1.2447 -0.29113 0.389807 -0.736083 0.936249 1.24867 
0.880283 1.41565 -1.04473 2.42092 -0.497401 -2.02421 
1.23561 -0.2299 -0.0745525 -0.481075 1.33415 0.956631 
1.05961 0.0956084 0.0221011 -0.484657 0.879315 1.0005 
0.876911 1.34398 -1.03151 -0.445859 0.625307 0.894467 
1.22869 0.0675757 -0.826015 -0.404885 1.82114 0.784756 
1.05507 0.118696 -0.311404 -0.324026 1.23809 0.838798 
0.946872 0.553265 -0.356084 -0.338833 0.834401 0.866584 
0.874546 1.28932 -1.04463 2.83732 -0.767017 -2.34738 
1.05175 0.29501 -0.847617 -0.262641 1.64951 0.749217 
0.944592 0.533963 -0.534896 -0.239604 1.08965 0.785234 
0.872891 1.25007 -1.08213 -0.226201 0.908316 0.749302 
0.912052 1.09249 0.255214 0.195115 -1.3518 -0.042915 
0.875762 1.21081 -0.114178 0.172861 -1.10271 -0.0786311 
0.85104 1.42609 -0.615071 0.177539 -0.818922 -0.121917 
0.919922 0.542859 0.476343 0.450219 -0.707915 -0.133869 
0.882444 0.855189 0.0611408 0.452757 -0.606051 -0.175995 
0.856855 1.19151 -0.461185 0.565679 -0.434356 -0.327205 
0.855015 1.01156 -0.409399 1.81263 -0.203481 -1.46273 
0.910574 -0.0405355 0.162075 -0.254276 0.75083 0.681784 
0.875449 0.391216 -0.0207259 -0.314334 0.50198 0.74479 
0.851279 0.877453 -0.426129 -3.4772 -0.417674 3.89911 
0.906543 0.0170214 -0.308443 -0.129735 1.28086 0.595932 
0.872483 0.317728 -0.243295 -0.133602 0.913347 0.612197 
0.848855 0.78575 -0.501206 -0.142811 0.702346 0.619519 
0.904201 0.444616 -1.32219 -0.104046 1.95556 0.56691 
0.870687 0.366974 -0.614808 -0.0830856 1.3259 0.596606 
0.847515 0.739428 -0.63859 -0.0840373 0.976515 0.603088 
0.846727 0.752617 -0.862674 -0.0591853 1.25594 0.610091 
-0.747192 1.17814 0.0389902 -1.96845 -1.95224 0.157215 
-0.232732 0.992406 0.325428 -1.49803 -1.7866 0.0816199 
0.275123 0.951423 0.156478 -1.00472 -1.55435 0.22048 
0.602968 1.1869 -0.503179 -0.789194 -1.13046 0.423399 
-0.749124 0.693974 0.266572 -1.99513 -1.85137 6.83366 
-0.235607 0.574936 0.49095 -1.56262 -1.56624 0.50491 
0.273292 0.701713 0.251675 -1.13549 -1.28002 0.552719 
0.601989 1.07613 -0.449341 -0.984869 -0.918453 0.740648 
0.274947 0.48028 0.279181 -1.36966 -1.03801 0.994227 
0.603001 0.982436 -0.42875 -1.27711 -0.735211 1.16581 
-0.22736 -0.0253625 0.39114 -1.96265 -1.40285 1.5745 
0.605609 0.906549 -0.434991 1.48142 0.641974 -1.47087 
-0.220599 -0.107292 0.146252 0.995787 1.52866 -1.13565 
0.284467 0.196047 0.138495 1.09249 0.952801 -1.13537 
-0.214518 -0.0607415 -0.210231 0.898253 1.72509 -0.796686 
0.288705 0.14072 -0.0144225 0.856228 1.08807 -0.772804 
0.610622 0.803587 -0.507657 0.863309 0.739245 -0.674331 
-0.209368 0.128252 -0.746297 0.895046 1.97469 -0.465341 
0.292273 0.139234 -0.219938 0.711219 1.26689 -0.511796 
0.61258 0.771802 -0.56767 0.695265 0.843926 -0.440472 
-0.476962 1.10495 0.331347 -1.723 -1.82184 -0.0336631 
0.0286715 0.981338 0.367361 -1.20916 -1.72462 0.0429502 
0.41429 0.989864 0.0650114 -0.841686 -1.45557 0.217177 
0.650332 1.25346 -0.631796 -0.727303 -1.03707 0.418055 
-0.479433 0.525828 0.583846 -1.74209 -1.65529 0.453846 
0.0261378 0.549948 0.538253 -1.28994 -1.42657 0.462046 
0.412663 0.750607 0.159694 -0.982644 -1.16391 0.535751 
0.649493 1.14213 -0.571989 -0.935997 -0.824004 0.744573 
0.414291 0.541486 0.185622 -1.24395 -0.898242 0.983271 
0.650372 1.05126 -0.551396 -1.26776 -0.642854 1.2054 
-0.469632 -0.19146 0.334749 1.11357 1.66575 -1.45029 
0.652855 0.979291 -0.560538 1.41076 0.564585 -1.3509 
-0.462398 -0.158179 -0.113706 1.01377 1.86113 -0.982997 
0.0421011 -0.146935 0.179698 0.951318 1.27732 -0.952343 
0.422942 0.275486 0.041226 1.03717 0.808502 -0.987078 
0.65552 0.925837 -0.594223 0.990223 0.613607 -0.827879 
0.04863 -0.0952625 -0.180951 0.7896 1.51569 -0.593383 
0.426953 0.226372 -0.115497 0.755773 0.977186 -0.587941 
0.657792 0.88783 -0.646716 0.726122 0.727396 -0.481817 
0.053981 0.0942811 -0.712491 0.732631 1.81375 -0.288305 
0.430337 0.230982 -0.328448 0.597783 1.18926 -0.323968 
0.659741 0.863746 -0.716918 0.567737 0.859545 -0.256126 
-0.102214 1.09318 0.462214 -1.31499 -1.8013 -0.148188 
0.289806 0.995674 0.315967 -0.894457 -1.6456 0.0434129 
0.540295 1.04866 -0.0680703 -0.675484 -1.33939 0.202344 
0.69575 1.33579 -0.788565 -0.649237 -0.927533 0.395995 
-0.105292 0.443973 0.73904 -1.34332 -1.47894 0.377284 
0.287565 0.578339 0.4845 -0.996055 -1.27695 0.420547 
0.538924 0.821017 0.0274272 -0.824424 -1.03164 0.506874 
0.694764 1.22371 -0.722911 -0.879484 -0.709406 0.742052 
-0.102271 -0.130394 0.737626 1.51545 1.23138 -1.97562 
0.289807 0.214596 0.50514 -1.30647 -0.936732 1.00596 
0.540301 0.626024 0.0519395 -1.1194 -0.742796 0.968121 
0.695798 1.13245 -0.697161 -1.27895 -0.528811 1.26694 
0.295643 -0.0126283 0.375182 1.27329 0.838716 -1.342 
0.698187 1.06536 -0.711647 -1.88451 -0.480556 1.99733 
-0.0836832 -0.297371 -0.00417947 0.881849 1.54041 -0.714589 
0.30253 -0.0858673 0.120703 0.82864 1.0323 -0.712949 
0.548159 0.384434 -0.100735 0.89259 0.686362 -0.750483 
0.700802 1.01968 -0.75602 -2.35979 -0.589905 2.58033 
-0.074423 -0.0164356 -0.722527 0.813372 1.90518 -0.29543 
0.30855 -0.0302124 -0.247103 0.617839 1.34034 -0.339285 
0.551733 0.345464 -0.265561 0.594692 0.909474 -0.342189 
0.702981 0.992108 -0.823408 0.541339 0.754022 -0.235437 
0.3135 0.174794 -0.809159 0.53781 1.71174 -0.0628574 
0.554697 0.361781 -0.494113 0.449475 1.16481 -0.100259 
0.704796 0.981212 -0.913359 0.413522 0.920378 -0.0390799 
0.30991 1.09744 0.425931 -0.802321 -1.79118 -0.124176 
0.521232 1.04252 0.171442 -0.578288 -1.52622 0.0392002 
0.652971 1.13258 -0.24762 -0.485227 -1.20946 0.150728 
0.74016 1.44632 -0.994961 -0.526786 -0.795731 0.326852 
0.306865 0.464798 0.699511 -0.862701 -1.29782 0.305044 
0.51926 0.65766 0.334738 -0.693519 -1.10553 0.357052 
0.651784 0.91423 -0.147293 -0.638399 -0.876047 0.443487 
0.739151 1.32508 -0.909841 -0.792205 -0.560564 0.709425 
0.309877 -0.0858456 0.695329 -1.32434 -0.808808 1.12308 
0.521238 0.33218 0.352065 -1.05268 -0.679578 0.928203 
0.652992 0.7333 -0.124506 -0.986067 -0.550599 0.943947 
0.740172 1.23435 -0.882048 -1.36476 -0.375934 1.40929 
0.317804 -0.301673 0.416412 0.990137 0.840669 -0.931765 
0.526294 0.128693 0.222142 -1.96698 -0.549141 2.03493 
0.656386 0.600502 -0.176158 1.27721 0.411472 -1.16682 
0.326708 -0.24159 -0.0538632 0.600434 1.24079 -0.341951 
0.531677 0.0656058 -0.0354834 0.579164 0.857686 -0.35437 
0.659821 0.523841 -0.29622 0.599956 0.623038 -0.360054 
0.744919 1.14454 -0.976271 0.475771 0.631219 -6.46931 
0.333942 0.054169 -0.802499 0.489109 1.74688 0.00333477 
0.535922 0.130497 -0.420688 0.388307 1.25857 -0.0301087 
0.662437 0.501835 -0.478812 0.370686 0.921368 -0.0289464 
0.746637 1.13921 -1.07907 0.31968 0.857789 0.0573142 
0.539273 0.396958 -1.10081 0.328171 1.73816 0.192644 
0.664527 0.542657 -0.743928 0.275388 1.22506 0.152488 
0.748015 1.16584 -1.23184 0.243772 1.07309 0.202223 
0.651687 1.13708 0.219049 -0.277612 -1.67864 -0.0994423 
0.713282 1.13874 -0.07156 -0.221096 -1.39329 -0.0494607 
0.755499 1.25413 -0.491547 -0.200425 -1.09002 -0.00903064 
0.786189 1.66776 -1.39689 -0.262755 -0.604675 0.105364 
0.64757 0.584151 0.473478 -0.371291 -1.08726 0.179099 
0.710278 0.785342 0.094248 -0.337769 -0.908002 0.212917 
0.753382 1.03561 -0.374162 -0.35034 -0.691934 0.274123 
0.784047 1.47766 -1.18923 -0.594528 -0.343821 0.566705 
0.651689 0.132395 0.464548 -0.814942 -0.383778 0.846016 
0.713365 0.502108 0.106015 -0.663963 -0.357747 0.72157 
0.755583 0.867225 -0.355669 -0.75282 -0.260879 0.838284 
0.786188 1.38231 -1.15465 -2.11823 -0.173131 2.23726 
0.656505 -0.0576552 0.197387 0.441901 0.528294 -0.2328 
0.71673 0.334769 -0.0335106 0.499206 0.356947 -0.281417 
0.758091 0.756574 -0.425969 0.449985 0.313552 6.0675 
0.788149 1.35241 -1.23167 -2.91186 -0.502986 3.17196 
0.659102 -0.00102729 -0.279935 0.205239 1.13628 0.143296 
0.71823 0.295681 -0.307292 0.193861 0.860723 0.148194 
0.75898 0.705785 -0.571459 0.184061 0.70959 0.165573 
0.788691 1.41053 -1.45309 0.129154 0.879951 0.24552 
0.660924 0.403569 -1.25223 0.170055 1.83598 0.333082 
0.719244 0.395602 -0.750931 0.135512 1.34114 0.306278 
0.759567 0.716317 -0.797487 0.125364 1.06421 0.309954 
0.760208 0.845395 -1.21237 0.0994125 1.44417 0.407706 
1.34249 0.965853 0.10626 1.10399 -1.50639 -0.46466 
1.0283 1.20745 -0.552227 0.924934 -1.1123 -0.713498 
2.32149 0.690417 0.273081 -1.18617 1.82586 -3.69896 
1.34059 0.725858 0.206337 1.13731 -1.26854 -0.571563 
1.02549 1.09869 -0.491167 1.00552 -0.914302 -0.766104 
1.34249 0.523353 0.223577 1.37934 -1.13788 -0.800349 
1.02828 1.01638 -0.480665 1.28438 -0.842832 -0.971525 
1.81719 0.0247809 0.354013 1.87543 -1.49584 -1.16504 
1.02728 0.942041 -0.482713 -1.58926 0.773748 1.94733 
1.80765 -0.0274081 -0.23151 -1.01788 1.7062 1.41974 
1.32699 0.17666 -0.253938 2.32775 -1.23831 -1.8692 
2.04808 1.09994 0.331568 1.76124 -1.78526 -6.44739 
1.56608 0.984264 0.337292 1.26971 -1.68752 -0.266513 
1.2045 1.00378 0.0240071 0.93421 -1.43172 -0.461016 
0.979624 1.27397 -0.6766 0.850244 -1.03971 -0.70891 
2.05113 0.521692 0.591715 1.69133 -1.62991 -6.73702 
1.56521 0.562691 0.514009 -1.88325 1.40667 2.67341 
1.2017 0.768246 0.126563 0.975279 -1.1479 -0.544394 
0.97629 1.16117 -0.607129 0.945849 -0.813316 -0.761028 
1.20451 0.573426 0.141759 1.28089 -0.98073 -0.803003 
0.979868 1.07808 -0.593987 1.30066 -0.737018 -1.02677 
0.978373 1.00863 -0.603141 1.65219 -0.678919 -1.32161 
2.03721 -0.156838 -0.106806 -1.10324 1.8706 1.50253 
1.54891 -0.0702576 -0.197462 -0.868065 1.49267 1.26697 
1.54228 0.11681 -0.730894 -0.779136 1.76822 1.02788 
1.18764 0.258337 -0.35645 -0.658445 1.16253 1.10987 
1.67405 1.09179 0.459923 1.34686 -1.79113 -0.0558101 
1.30892 1.00131 0.292286 0.952156 -1.6377 -0.267458 
1.07749 1.06208 -0.100004 0.754629 -1.34543 -0.450323 
0.932582 1.35678 -0.829653 0.753733 -0.953466 -0.688603 
1.6738 0.438666 0.748432 1.27379 -1.45312 -0.366098 
1.30569 0.586262 0.470179 0.950549 -1.2534 -0.411933 
1.07376 0.832665 0.00616018 0.798126 -1.01041 -0.49901 
0.928827 1.23389 -0.741703 0.865005 -0.690371 -0.734801 
1.30892 0.236972 0.478884 -1.79487 0.985713 2.32328 
1.07769 0.647371 0.0192632 1.19425 -0.801053 -0.810906 
0.932636 1.15478 -0.735964 1.35686 -0.60789 -1.12075 
0.931049 1.08906 -0.750128 1.84285 -0.582409 -1.53449 
1.65746 -0.297143 -0.000734307 -0.926082 1.54204 1.29072 
1.29703 -0.0641399 0.103723 -0.890576 1.05351 1.33421 
0.927178 1.03974 -0.786604 -0.884648 0.634929 -5.03861 
1.28964 -0.0137191 -0.260186 -0.655096 1.32104 1.05852 
1.06464 0.365131 -0.287774 2.49239 -0.906704 -2.04589 
1.28331 0.191177 -0.825904 -0.547515 1.68275 0.86164 
1.06029 0.381345 -0.517323 -0.470363 1.14725 0.92129 
0.920468 0.997872 -0.93905 -0.440521 0.911003 0.874451 
1.26154 1.10178 0.422002 0.826345 -1.81757 -0.0966811 
1.07724 1.05089 0.154045 0.622573 -1.55311 -0.279052 
0.962291 1.14526 -0.270909 0.545356 -1.2451 -0.413909 
0.886198 1.47037 -1.03705 0.61052 -0.840757 -0.632056 
1.25674 0.460374 0.708428 0.761671 -1.27247 -0.273688 
1.07086 0.660083 0.329796 0.616021 -1.07914 -0.323112 
0.957234 0.920531 -0.158823 0.575242 -0.849237 -0.404626 
0.881483 1.33174 -0.922103 0.733815 -0.528615 -0.661292 
0.962484 0.744833 -0.146602 1.11828 -0.578344 -0.82277 
0.886202 1.25037 -0.913539 1.51023 -0.442276 -1.30821 
1.25539 -0.296676 0.410807 -0.983709 0.88841 1.37983 
0.884378 1.19423 -0.94368 2.20907 -0.511197 -1.91527 
1.2447 -0.240827 -0.0544626 -0.606955 1.24687 0.973355 
1.06581 0.0779483 -0.0485387 -0.604418 0.878461 1.01668 
1.23565 0.0500405 -0.796529 -0.473191 1.72846 0.755218 
1.05961 0.139787 -0.430423 -0.387277 1.25065 0.803846 
0.950049 0.514118 -0.495429 -0.379554 0.92326 0.820031 
0.876911 1.15485 -1.10558 -0.336731 0.869163 0.74697 
1.05507 0.410534 -1.11951 -0.30984 1.7298 0.679207 
0.94687 0.555954 -0.762588 -0.265202 1.22063 0.727014 
0.874546 1.18652 -1.26747 -0.237844 1.08113 0.685419 
0.919923 1.1417 0.21429 0.289887 -1.71256 -0.176011 
0.882436 1.14532 -0.0810283 0.254473 -1.42798 -0.241367 
0.856829 1.26282 -0.504524 0.252645 -1.12769 -0.305277 
0.838132 1.70292 -1.4573 0.360005 -0.632268 -0.48303 
0.912035 0.581635 0.478109 0.217481 -1.06983 -0.105828 
0.87551 0.78366 0.0959578 0.198579 -0.889422 -0.126589 
0.851037 1.03825 -0.378667 0.209212 -0.670284 -0.164869 
0.833113 1.47904 -1.19176 0.373886 -0.307245 -0.357668 
0.920008 0.131443 0.461482 -2.22927 0.364631 -3.80238 
0.882432 0.504142 0.0988011 0.816977 -0.348711 -0.581564 
0.856768 0.870958 -0.365875 1.00343 -0.271089 -0.79134 
0.838133 1.39306 -1.17745 2.14881 -0.251943 -1.97513 
0.916693 -0.0546531 0.191974 -0.466474 0.572941 0.793602 
0.855016 0.763231 -0.439106 -0.556644 0.38049 0.878706 
0.836812 1.36754 -1.26139 2.79802 -0.570307 -2.50525 
0.910476 -0.000475029 -0.28002 -0.189887 1.14316 0.573571 
0.875483 0.299791 -0.312369 -0.195793 0.873245 0.594122 
0.851275 0.711958 -0.582009 -0.200952 0.729337 0.599539 
0.833641 1.46569 -1.55245 -0.150909 0.939713 0.524917 
0.906543 0.402833 -1.25161 -0.128734 1.8338 0.525012 
0.87241 0.399683 -0.756817 -0.108258 1.34227 0.554627 
0.848859 0.722378 -0.807407 -0.105386 1.06926 0.561126 
0.847515 0.852895 -1.22462 -0.0701204 1.44774 0.564579 
-0.227091 0.889102 0.378345 -1.4148 -1.96738 -0.00134141 
0.2797 0.752669 0.232078 -0.909416 -1.65865 0.16849 
0.605636 0.966178 -0.436317 -0.704066 -1.17417 0.328636 
-0.23322 0.481345 0.510235 -1.4327 -1.75176 0.413379 
0.275133 0.525551 0.278263 -1.03003 -1.39361 0.480129 
0.602977 0.881114 -0.426728 -0.886642 -0.976472 0.619396 
-0.749082 0.324164 0.272713 1.27061 1.98191 -2.22979 
0.273184 0.335312 0.257148 -1.26272 -1.14727 0.911718 
0.601772 0.809748 -0.444872 -1.18723 -0.795664 1.0477 
-0.747191 0.117473 0.0561039 1.23167 2.00457 -1.70109 
-0.233241 -0.0595114 0.339924 1.3568 1.49406 -1.66465 
-0.227357 -0.107755 0.061078 1.1462 1.56859 -1.18759 
0.605621 0.727904 -0.569946 1.10797 0.730476 -0.992148 
-0.220597 -0.0249371 -0.339836 1.01892 1.74643 -0.794226 
0.284468 0.127631 -0.19061 0.903422 1.17136 -0.753034 
0.608332 0.719414 -0.672076 0.820143 0.853548 -0.602768 
0.288655 0.181197 -0.464064 0.750795 1.37451 -0.461952 
0.610626 0.731438 -0.800199 0.650796 1.00719 -0.348038 
0.0348749 0.877411 0.418477 -1.13624 -1.90245 -0.0493933 
0.418483 0.801734 0.137283 -0.754583 -1.55994 0.138142 
0.652872 1.03808 -0.561718 -0.637892 -1.0907 0.29873 
-0.476955 0.558601 0.576758 -1.64028 -1.85538 0.276563 
0.0286256 0.453497 0.556894 -1.18016 -1.59933 0.358725 
0.414297 0.58438 0.184953 -0.887911 -1.26953 0.438967 
0.650344 0.953776 -0.549414 -0.83495 -0.882219 0.604756 
-0.479428 0.0547257 0.590419 1.45514 1.72294 -2.22477 
0.0261398 0.0973557 0.544585 -1.37829 -1.32024 0.904542 
0.41258 0.403952 0.16504 -1.14389 -0.99623 0.873896 
0.649249 0.885458 -0.568256 -1.16884 -0.698103 1.06417 
-0.476969 -0.184169 0.3495 1.31263 1.71038 -1.60537 
0.414291 0.278261 0.076657 1.58078 0.834345 4.60835 
0.650337 0.838337 -0.620943 -1.65996 -0.612207 1.68673 
-0.470463 -0.161909 -0.0943954 1.18017 1.83274 -1.08084 
0.0348306 -0.15 0.097933 1.10033 1.29487 -1.05406 
0.418386 0.215406 -0.0764136 1.11588 0.867267 -1.05125 
0.652851 0.815824 -0.707936 0.99941 0.678946 -0.849239 
0.0421152 -0.0623003 -0.306207 0.895384 1.52156 -0.628428 
0.422952 0.214622 -0.291549 0.800258 1.0516 -0.596822 
0.65552 0.818854 -0.828455 0.700352 0.843635 -0.443987 
0.0486832 0.201683 -0.956554 0.829255 1.84942 -0.245692 
0.426924 0.278174 -0.582385 0.631382 1.29882 -0.296954 
0.657797 0.850082 -0.988906 0.53855 1.03686 -0.191486 
0.295864 0.897006 0.362658 -0.824469 -1.82595 -0.0648506 
0.544147 0.873318 0.000773096 -0.592263 -1.45592 0.0919846 
0.698207 1.12452 -0.712688 -0.549835 -0.999686 0.244045 
-0.102243 0.484126 0.729216 -1.25402 -1.7038 0.185551 
0.289812 0.487608 0.501229 -0.901157 -1.44332 0.295496 
0.540304 0.66693 0.0512481 -0.73437 -1.13895 0.381903 
0.695766 1.03933 -0.695382 -0.765699 -0.772543 0.571721 
0.287551 0.145512 0.490676 -1.15598 -1.07129 0.827367 
0.53882 0.498226 0.0326145 -1.01295 -0.837026 0.820721 
0.694767 0.974071 -0.715492 -1.15565 -0.580399 1.0857 
0.540298 0.382344 -0.056423 1.6085 0.654846 4.64425 
0.695744 0.933571 -0.77624 -1.76915 -0.516051 1.82902 
-0.0939402 -0.307158 0.0209361 1.05589 1.46815 -0.876451 
0.295636 -0.0933999 0.0446404 0.989273 1.01742 -0.875705 
0.544007 0.32803 -0.215273 0.996718 0.721534 -0.874627 
0.698188 0.92363 -0.883233 -2.32 -0.644132 -3.77589 
-0.0836795 -0.0328387 -0.691552 0.916379 1.80601 -0.382809 
0.302486 -0.000803314 -0.369865 0.710542 1.32584 -0.40889 
0.548151 0.338199 -0.445483 0.641418 0.971486 -0.384128 
0.700805 0.95063 -1.04458 0.535278 0.87603 -0.234194 
0.308397 0.294444 -1.07904 0.611067 1.7581 -0.0496584 
0.551731 0.423931 -0.774466 0.479487 1.28161 -0.0958321 
0.702981 1.04394 -1.314 0.397097 1.1476 0.00713501 
0.526299 0.956736 0.209428 -0.509749 -1.72695 -0.0947685 
0.656685 0.97111 -0.182099 -0.402584 -1.35644 0.00498881 
0.742619 1.23618 -0.907209 -0.410348 -0.904399 0.129747 
0.309877 0.507142 0.687249 -0.777722 -1.55851 0.110349 
0.521243 0.579524 0.348373 -0.604779 -1.28823 0.200512 
0.652997 0.773917 -0.125233 -0.543714 -1.00345 0.280546 
0.74018 1.14569 -0.878027 -0.643028 -0.64219 0.480794 
0.306864 -0.0619579 0.706686 -1.06014 -0.994416 0.771619 
0.519237 0.270547 0.340473 -0.881499 -0.833579 0.684217 
0.651246 0.616251 -0.14069 -0.844741 -0.659423 0.727158 
0.739155 1.08326 -0.900531 -1.15253 -0.426793 1.11648 
0.652989 0.512754 -0.235666 1.56052 0.451489 4.75735 
0.740171 1.05481 -0.980434 1.09973 0.414624 5.27979 
0.317734 -0.259277 -0.020595 0.777352 1.09362 -0.562259 
0.526265 0.0529992 -0.103909 0.749063 0.786081 -0.572892 
0.656392 0.473025 -0.409678 0.725734 0.615096 -0.541612 
0.742598 1.07651 -1.14242 0.530396 0.669273 -0.298267 
0.326639 0.0295635 -0.761561 0.564402 1.60723 -0.100773 
0.531675 0.159481 -0.547339 0.455994 1.22293 -0.115813 
0.659811 0.506807 -0.675207 0.410301 0.972148 -0.0934521 
0.66243 0.656439 -1.11544 0.298247 1.37796 0.142852 
0.656484 1.1766 0.179473 -0.236236 -1.9711 -0.24853 
0.716728 1.06901 -0.046273 -0.168723 -1.64008 -0.202637 
0.75809 1.10931 -0.433848 -0.139973 -1.29275 -0.176379 
0.788149 1.42512 -1.23634 -0.152536 -0.807175 -0.126563 
0.6517 0.62833 0.457496 -0.279243 -1.41861 -0.0253569 
0.713395 0.725454 0.10248 -0.237524 -1.16025 0.00725547 
0.755594 0.913049 -0.356526 -0.229333 -0.888675 0.0434629 
0.786196 1.30084 -1.14473 -0.315215 -0.494519 0.166942 
0.647528 0.155469 0.47982 -0.519184 -0.703827 0.410804 
0.710039 0.451314 0.100515 -0.47726 -0.60567 0.401996 
0.752729 0.762127 -0.367062 -0.529486 -0.449969 0.484931 
0.784048 1.24263 -1.17658 -1.24119 -0.201539 1.23488 
0.651689 -0.0687227 0.236687 1.06156 0.317368 -0.970649 
0.755415 0.674135 -0.476099 0.974586 0.21431 5.42178 
0.786189 1.26742 -1.35363 -2.7781 -0.428755 2.92086 
0.656505 -0.0266031 -0.236095 0.277247 0.906865 -0.0184929 
0.716735 0.280558 -0.371018 0.255353 0.725116 -0.00210852 
0.758079 0.666384 -0.694909 0.222871 0.654654 0.036864 
0.659102 0.350049 -1.16148 0.186631 1.65708 0.246976 
0.71823 0.442404 -0.912687 0.151652 1.3129 0.236491 
0.758982 0.765622 -1.06729 0.131389 1.14066 0.250775 
1.81745 0.889374 0.340962 1.50461 -1.87734 -0.389398 
1.3403 0.76821 0.181297 1.04334 -1.58636 -0.588519 
1.0276 0.984259 -0.480906 0.878497 -1.13812 -0.818647 
1.34242 0.553755 0.223362 1.13857 -1.37747 -0.732428 
1.02834 0.906663 -0.477583 1.03343 -0.985604 -0.930005 
1.34061 0.369391 0.211903 1.26426 -1.14025 -0.92197 
1.02555 0.834699 -0.485226 1.20728 -0.797652 -1.07199 
1.02829 0.793727 -0.542288 1.54869 -0.798481 -1.35657 
1.81293 0.0101826 -0.361775 -1.15367 1.73926 1.31024 
1.0244 0.750804 -0.708008 -1.01264 0.872022 1.27285 
1.33163 0.220117 -0.498539 2.26572 -1.34272 4.27911 
1.02114 0.759163 -0.832337 -0.796972 0.97874 1.07876 
2.04308 1.12397 0.315559 1.74713 -1.95879 -6.46651 
1.56219 0.878723 0.388227 1.22152 -1.84162 -0.350263 
1.20281 0.815716 0.0972786 0.872433 -1.5216 -0.569161 
0.978483 1.05679 -0.602853 0.787869 -1.08214 -0.79433 
2.04781 0.554557 0.573975 1.68682 -1.83251 -6.75513 
1.56608 0.469926 0.521454 -1.89276 1.58547 2.56024 
1.20493 0.607365 0.141967 0.985789 -1.27123 -0.69459 
0.979633 0.977273 -0.59425 0.96572 -0.907253 -0.913239 
1.56501 0.119079 0.520519 -1.78667 1.29068 2.24083 
1.20177 0.428274 0.132665 1.13827 -0.981189 -0.877144 
0.976299 0.905083 -0.600613 1.18084 -0.690732 -1.08091 
0.979618 0.868864 -0.665555 1.62096 -0.705959 -1.45095 
1.20217 0.253196 -0.113449 1.91686 -0.948348 -1.61422 
0.978386 0.847341 -0.750637 -1.14411 0.758114 1.36476 
1.55579 -0.034887 -0.324108 2.14941 -1.5175 -1.94968 
1.19739 0.247523 -0.322584 2.22026 -1.06873 -1.92158 
1.5487 0.224145 -0.973201 -0.89709 1.8022 0.895495 
1.19225 0.308156 -0.612714 -0.715309 1.27354 0.996473 
1.6672 1.12139 0.437849 1.35337 -1.99853 -0.0803626 
1.30448 0.903015 0.338018 0.901811 -1.80788 -0.351663 
1.07508 0.888313 -0.0321507 0.68737 -1.45646 -0.543136 
0.931066 1.1447 -0.751393 0.670366 -1.02126 -0.75123 
1.67409 0.484372 0.725703 1.28716 -1.70488 -0.391643 
1.30952 0.502543 0.475895 0.958906 -1.45473 -0.524966 
1.07766 0.685954 0.0184811 0.814854 -1.16253 -0.641663 
0.932596 1.06118 -0.734213 0.873485 -0.815545 -0.876738 
1.07344 0.513383 0.0107409 0.989966 -0.81142 -0.80927 
0.928593 0.988145 -0.739139 1.15284 -0.559656 -1.08807 
1.30893 -0.025515 0.307359 -1.49197 0.952881 -4.48692 
0.932606 0.959099 -0.817297 1.76101 -0.604565 -1.60968 
1.66744 -0.302662 0.020291 -1.09804 1.50355 1.29421 
0.931043 0.952493 -0.927944 2.21599 -0.725033 -2.00027 
1.29703 0.0190987 -0.386234 -0.769399 1.33062 1.01203 
1.06973 0.362436 -0.472887 -0.719478 0.992638 1.0232 
0.927169 0.978212 -1.08673 -0.624897 0.902728 0.88814 
1.28953 0.314023 -1.10015 -0.641123 1.73291 0.750922 
1.06456 0.447492 -0.803322 -0.521599 1.27019 0.826336 
0.923463 1.08638 -1.38394 -0.442078 1.15662 0.729153 
1.07314 0.965463 0.190869 0.570214 -1.75226 -0.365522 
0.960205 0.985376 -0.206472 0.475165 -1.39277 -0.496843 
0.884379 1.25886 -0.945951 0.504113 -0.950032 -0.670849 
1.26214 0.512426 0.683369 0.794957 -1.58974 -0.335745 
1.07616 0.590742 0.333066 0.64358 -1.32581 -0.446388 
0.962485 0.788885 -0.147421 0.602881 -1.04922 -0.55241 
0.886198 1.16589 -0.910735 0.724503 -0.700464 -0.790367 
1.25668 -0.0713044 0.715416 0.970676 -0.925995 -0.720701 
1.07138 0.274415 0.335325 0.801921 -0.788037 -0.630169 
0.957083 0.623241 -0.152623 0.777582 -0.620085 -0.675275 
0.881468 1.09074 -0.91333 1.11461 -0.385441 -1.08348 
1.26214 -0.302952 0.440136 1.82227 -0.828455 -1.57893 
0.886205 1.07633 -1.01947 2.05415 -0.502863 -1.91528 
1.25536 -0.253764 -0.0267747 -0.79125 1.14056 1.02022 
1.07313 0.0696996 -0.123161 -0.782047 0.853213 1.05934 
0.95984 0.491865 -0.437207 2.36426 -0.696721 -2.08892 
0.884378 1.11023 -1.20167 2.5356 -0.761362 -2.31625 
1.24471 0.0301202 -0.761832 -0.571762 1.61156 0.729697 
1.06579 0.173011 -0.562796 -0.480926 1.24025 0.76951 
0.954492 0.524158 -0.699498 -0.449012 1.00043 0.769146 
0.950047 0.679064 -1.15012 -0.305877 1.38591 0.642025 
0.916499 1.18012 0.173772 0.271276 -1.9997 -0.278328 
0.880706 1.07494 -0.05425 0.219156 -1.67289 -0.347538 
0.855038 1.11785 -0.446925 0.203596 -1.32737 -0.404498 
0.836752 1.44607 -1.27145 0.246905 -0.839351 -0.510284 
0.919963 0.633583 0.454287 0.288887 -1.45548 -0.252299 
0.882155 0.731226 0.0963559 0.27033 -1.19933 -0.305044 
0.856628 0.920228 -0.365278 0.284653 -0.931468 -0.367687 
0.838132 1.31866 -1.17294 0.418168 -0.53993 -0.552601 
0.912066 0.151174 0.484189 0.314028 -0.659481 -0.251249 
0.875772 0.451346 0.0992652 0.288579 -0.569619 -0.244964 
0.851036 0.764764 -0.372747 0.328096 -0.411739 -0.302364 
0.833113 1.24447 -1.1798 1.04705 -0.128789 -1.04343 
0.920002 -0.0674715 0.232051 2.15891 -0.347136 4.31368 
0.838133 1.29635 -1.40801 2.69855 -0.508967 -2.56021 
0.916598 -0.022761 -0.24151 -0.306067 0.945845 0.576199 
0.88011 0.288281 -0.383009 -0.313591 0.774438 0.598157 
0.855015 0.67682 -0.713253 -0.305208 0.711269 0.589046 
0.910584 0.348131 -1.15802 -0.173083 1.66458 0.47772 
0.875448 0.450269 -0.92488 -0.153892 1.32918 0.504274 
0.851275 0.780534 -1.0928 -0.145288 1.16532 0.50647 
0.284475 0.565534 0.264911 -0.816193 -1.68708 0.171808 
0.607902 0.805912 -0.481451 -0.65478 -1.13076 0.30457 
-0.227366 0.387271 0.521628 -1.28316 -1.88739 0.371536 
0.279608 0.37342 0.260752 -0.915204 -1.44272 0.445231 
0.605622 0.753606 -0.518747 -0.817132 -0.9594 0.560575 
-0.233251 0.0789194 0.473094 -1.36919 -1.67626 0.851011 
0.275124 0.226232 0.192578 -1.12485 -1.20931 0.831535 
0.602968 0.713685 -0.579634 -1.1076 -0.800511 0.966317 
0.601764 0.695971 -0.677575 -1.54999 -0.723806 1.54304 
-0.233363 -0.101062 -0.0249642 -1.79718 -1.58421 1.87364 
0.275106 0.115833 -0.142986 -1.84559 -1.06915 1.90638 
0.602971 0.709398 -0.822472 1.12605 0.791303 -0.992712 
-0.227348 0.0212913 -0.479362 1.17711 1.73424 -0.809337 
0.279607 0.160738 -0.415768 0.991336 1.22125 -0.762776 
0.605622 0.767647 -1.03491 0.801081 0.981766 -0.532161 
0.284468 0.290685 -0.802441 0.814669 1.46762 -0.403359 
0.608332 0.986515 -1.52293 0.60818 1.30244 -0.171448 
0.422957 0.627086 0.166769 -0.672753 -1.59411 0.105721 
0.65552 0.890292 -0.616768 -0.586315 -1.05558 0.249552 
0.0348405 0.358219 0.565606 -1.05244 -1.73007 0.291116 
0.417884 0.442415 0.16684 -0.785495 -1.32157 0.369344 
0.652855 0.837638 -0.650255 -0.763971 -0.868805 0.522915 
0.028619 0.0356672 0.518847 -1.20475 -1.42834 0.782579 
0.414283 0.301242 0.100903 -1.01898 -1.0549 0.764718 
0.650338 0.801595 -0.715462 -1.09712 -0.698694 0.973707 
0.41255 0.217233 -0.0322833 1.72473 0.883968 -1.81083 
0.649145 0.79156 -0.82435 1.52665 0.633802 -1.51622 
0.02862 -0.143358 0.0128312 -1.84955 -1.29206 1.94797 
0.650337 0.823238 -0.99962 -2.13376 -0.74346 2.28664 
-0.470463 0.0976131 -0.801151 1.32968 1.97419 -0.631032 
0.0348349 -0.0202388 -0.439055 1.03569 1.49335 -0.692098 
0.418392 0.250325 -0.521464 0.880957 1.09316 -0.636154 
0.652855 0.947421 -1.32928 0.670709 1.01572 -0.36495 
0.0421236 0.408758 -1.37508 0.961519 1.88707 -0.148159 
0.42282 0.405444 -0.954903 0.68394 1.40364 -0.260449 
0.302608 0.794142 0.401144 -0.751126 -1.95584 -0.134199 
0.548186 0.713724 0.0259199 -0.517817 -1.50721 0.0216214 
0.700804 0.990581 -0.779429 -0.492487 -0.978371 0.162667 
-0.0939288 0.520829 0.717942 -1.16948 -1.9175 0.022232 
0.295653 0.400668 0.506184 -0.791109 -1.5806 0.191368 
0.543638 0.538229 0.0309641 -0.635974 -1.20598 0.272466 
0.698188 0.938813 -0.812194 -0.68683 -0.76627 0.457834 
-0.102217 -0.0783553 0.753774 -1.23098 -1.52647 0.694398 
0.2898 0.0875604 0.464718 -0.995537 -1.1858 0.661204 
0.540298 0.404107 -0.0316666 -0.890575 -0.899213 0.676229 
0.695759 0.908366 -0.88546 -1.09144 -0.576629 0.984561 
0.287552 -0.076624 0.278163 -1.42349 -0.947851 1.32176 
0.538809 0.326182 -0.164723 -1.3754 -0.697541 1.31798 
0.694764 0.914724 -1.02116 -1.7519 -0.535388 -4.50262 
-0.102235 -0.316786 0.051638 1.27424 1.39618 -1.08615 
0.28978 -0.0904564 -0.0357885 1.19769 0.987824 -1.08902 
0.540283 0.31408 -0.375506 1.14195 0.733188 -1.03979 
0.695754 0.998336 -1.28777 -2.3344 -0.733977 2.51301 
-0.0939275 -0.0543514 -0.648548 1.05638 1.67556 -0.514444 
0.295652 0.0377646 -0.499869 0.838869 1.27279 -0.517158 
0.544008 0.382613 -0.68994 0.718955 1.00133 -0.455848 
0.548181 0.634466 -1.29836 0.521432 1.44145 -0.0594017 
0.531904 0.866005 0.24022 -0.448134 -1.87443 -0.192366 
0.659832 0.828034 -0.163209 -0.338918 -1.43575 -0.099611 
0.744921 1.12474 -1.00137 -0.352474 -0.899051 0.016948 
0.317804 0.548778 0.669527 -0.696782 -1.81333 -0.0601597 
0.526301 0.507698 0.347806 -0.506666 -1.45504 0.0559704 
0.656098 0.660397 -0.149157 -0.443713 -1.10289 0.125638 
0.7426 1.07273 -1.03139 -0.54645 -0.648164 0.31861 
0.309877 -0.0317583 0.712325 -0.851547 -1.20158 0.489132 
0.521117 0.220568 0.315406 -0.719547 -0.977 0.466013 
0.652875 0.533408 -0.207718 -0.704074 -0.739612 0.526693 
0.740172 1.05352 -1.12403 -1.09187 -0.416464 0.994767 
0.306864 -0.302435 0.469787 1.72484 0.8333 -1.79775 
0.519234 0.0644872 0.137743 -1.28989 -0.636802 1.22624 
0.739151 1.12366 -1.37308 -2.11424 -0.457917 2.1635 
0.309877 -0.275063 0.0178425 1.03991 0.950302 -0.878787 
0.521236 0.0518145 -0.177843 1.00215 0.704983 -0.882788 
0.652984 0.466689 -0.576199 0.904381 0.588272 -0.779807 
0.317586 -0.00276349 -0.704266 0.682701 1.41514 -0.264007 
0.526267 0.197568 -0.681282 0.561115 1.13379 -0.252073 
0.65634 0.577166 -0.964164 0.476206 0.991248 -0.190662 
0.718331 0.990185 -0.0229788 -0.150293 -1.8044 -0.310381 
0.758996 0.980064 -0.419725 -0.121128 -1.39729 -0.285049 
0.788692 1.44205 -1.54975 -0.148731 -0.7311 -0.217203 
0.656518 0.671954 0.430163 -0.219821 -1.7236 -0.1891 
0.716741 0.672533 0.0917084 -0.171263 -1.38527 -0.15895 
0.758091 0.81955 -0.393699 -0.155662 -1.04583 -0.136542 
0.651636 0.189029 0.482745 -0.324987 -1.02275 0.104976 
0.713324 0.414146 0.0746275 -0.296032 -0.832734 0.113328 
0.755516 0.695936 -0.440795 -0.318785 -0.59809 0.163615 
0.647563 -0.0658268 0.267986 -1.03636 -0.382554 1.00289 
0.710185 0.271867 -0.0975629 -1.00111 -0.315563 0.977874 
0.752972 0.638627 -0.591729 -1.36593 -0.226061 1.36069 
0.651689 -0.0520046 -0.18215 0.48924 0.618439 -0.340467 
0.713361 0.274595 -0.435872 0.444546 0.525763 -0.301721 
0.75558 0.679124 -0.88723 0.342147 0.553567 -0.191498 
0.656516 0.281697 -1.04274 0.220837 1.39063 0.11478 
0.716734 0.506623 -1.09819 0.179632 1.21524 0.12751 
1.81304 0.779249 0.390435 1.40565 -1.98869 -0.49154 
1.3363 0.584664 0.216036 0.944982 -1.60578 -0.726546 
1.0244 0.827932 -0.530348 0.827458 -1.08036 -0.946053 
1.34032 0.403743 0.204698 1.06367 -1.41674 -0.885513 
1.02728 0.782171 -0.57516 1.0172 -0.964052 -1.09585 
1.02829 0.748598 -0.640382 1.25913 -0.85164 -1.29843 
1.82181 -0.0508929 0.253761 -1.57921 1.53 1.77382 
1.02828 0.752767 -0.881653 1.89977 -0.857827 -1.86938 
1.34039 0.207804 -0.457923 -1.14199 1.25244 1.21413 
1.02728 0.815485 -1.09875 2.16695 -1.00553 -2.12259 
1.33633 0.335446 -0.845799 -0.95687 1.43634 0.962888 
1.55582 0.768157 0.435919 1.12241 -1.95319 -0.450911 
1.19777 0.642671 0.129842 0.773499 -1.54242 -0.68291 
0.974998 0.909082 -0.655727 0.722471 -1.02831 -0.897038 
2.04305 0.579195 0.567351 1.62081 -1.99266 -6.78358 
1.56157 0.376229 0.529344 1.15121 -1.70399 -6.97511 
1.20247 0.468195 0.121529 0.910705 -1.31726 -0.823147 
0.978291 0.861985 -0.69666 0.932467 -0.892104 -1.05545 
2.04797 0.0766169 0.592477 -1.58533 1.85609 -4.09025 
1.56646 0.0670527 0.482439 1.27219 -1.44917 -1.00267 
1.20451 0.333421 0.0552946 1.11551 -1.09004 -1.0325 
0.979595 0.830933 -0.766023 1.22539 -0.759712 -1.29608 
1.2045 0.236235 -0.275828 -1.3151 0.966859 -4.86815 
2.04309 0.0968091 -0.790686 -1.42115 1.9695 0.993972 
1.20221 0.288719 -0.560662 2.13652 -1.13275 -2.04248 
1.5558 0.47201 -1.4627 -1.05642 1.85417 0.651143 
1.19739 0.446392 -1.00284 -0.789147 1.38866 0.83559 
1.29703 0.798655 0.380931 0.802858 -1.92084 -0.44438 
1.0698 0.727307 -0.0017419 0.586955 -1.48786 -0.631709 
0.927112 1.00645 -0.809513 0.587281 -0.975098 -0.824952 
1.66719 0.51922 0.713391 1.2261 -1.90699 -0.41866 
1.30495 0.416264 0.479314 0.867993 -1.58747 -0.620483 
1.07508 0.55908 -0.00383403 0.733424 -1.22754 -0.744205 
0.931024 0.963217 -0.854924 0.81942 -0.810261 -0.994162 
1.3089 0.110464 0.438486 1.04571 -1.22063 -0.8956 
1.07763 0.428144 -0.0650492 0.96722 -0.946072 -0.946643 
0.932588 0.936261 -0.931849 1.18557 -0.645833 -1.29177 
1.67385 -0.358239 0.511215 -1.621 1.25548 1.73171 
0.928593 0.935872 -1.05577 -1.35846 0.519379 1.32739 
1.30458 0.062728 -0.52305 -0.909844 1.31038 0.959644 
1.07508 0.414522 -0.729426 -0.810692 1.05471 0.928504 
1.06973 0.70034 -1.40132 -0.588135 1.46741 0.645377 
1.0658 0.872425 0.226065 0.47641 -1.87483 -0.448465 
0.954508 0.838974 -0.182244 0.378068 -1.44313 -0.565577 
0.880272 1.14053 -1.02844 0.410289 -0.912515 -0.720101 
1.25534 0.553629 0.663931 0.735361 -1.84212 -0.383076 
1.07313 0.520911 0.329446 0.561599 -1.49341 -0.529343 
0.959512 0.675856 -0.172799 0.515156 -1.1496 -0.633501 
0.884373 1.09765 -1.0719 0.648009 -0.70793 -0.882127 
1.26214 -0.0260267 0.710067 0.855738 -1.23833 -0.714558 
1.07716 0.235006 0.300496 0.749643 -1.02647 -0.716054 
0.962469 0.550063 -0.229219 0.756373 -0.798197 -0.804355 
0.886196 1.08025 -1.16666 1.13468 -0.489738 -1.28015 
0.88147 1.14978 -1.41853 2.20753 -0.433961 -2.25461 
1.25534 0.00429998 -0.713688 -0.708267 1.45706 0.717836 
1.07313 0.217927 -0.707487 -0.608419 1.19153 0.733147 
0.959838 0.609752 -1.01493 -0.540348 1.06524 0.688927 
0.875571 0.995822 -0.0307611 0.154069 -1.81404 -0.429781 
0.851276 0.985665 -0.428612 0.135251 -1.40773 -0.470913 
0.916606 0.676794 0.425614 0.250684 -1.75661 -0.345978 
0.879915 0.678931 0.0839013 0.219689 -1.4212 -0.403852 
0.855005 0.828188 -0.405118 0.223702 -1.08509 -0.460579 
0.920001 0.193402 0.481214 0.330205 -1.06127 -0.383772 
0.882439 0.421125 0.0683727 0.330339 -0.875962 -0.420468 
0.856768 0.704463 -0.45084 0.384284 -0.646432 -0.507336 
0.91207 -0.0703188 0.272229 0.76828 -0.276014 -0.748923 
0.875774 0.271995 -0.0977181 0.730584 -0.232127 -0.717094 
0.851037 0.640844 -0.595402 1.23462 -0.137087 -1.23168 
0.920003 -0.0490422 -0.1885 -0.481424 0.657572 0.610179 
0.882442 0.281607 -0.447919 -0.473879 0.577397 0.610194 
0.856768 0.690435 -0.907822 -0.402085 0.612778 0.529676 
0.916695 0.292071 -1.0604 -0.248721 1.43267 0.428282 
0.88011 0.527131 -1.13268 -0.227951 1.26783 0.439452 
0.288283 0.401131 0.253106 -0.736087 -1.64914 0.210656 
0.610513 0.730364 -0.660635 -0.65025 -1.00777 0.34711 
-0.220588 0.293144 0.522178 -1.13693 -1.96286 0.381038 
0.284468 0.253951 0.197317 -0.820164 -1.42623 0.447815 
0.608188 0.716464 -0.748995 -0.810238 -0.863082 0.587797 
-0.227354 0.0241817 0.439043 -1.17791 -1.73623 0.804528 
0.279589 0.155941 0.0838312 -0.996039 -1.21296 0.776349 
0.60562 0.726725 -0.880257 -1.10366 -0.732552 0.986297 
-0.233226 -0.0993535 0.222614 1.79762 1.58374 -1.87096 
0.274956 0.115174 -0.0934053 -1.29966 -1.06782 1.24138 
0.602971 0.777989 -1.08362 1.56112 0.697246 -1.54044 
-0.235608 -0.0828675 -0.118709 1.56894 1.56163 -1.36919 
-0.23322 0.0788501 -0.630751 1.36918 1.67621 -0.851184 
0.275108 0.250579 -0.713501 1.10951 1.22818 -0.788704 
0.426697 0.474488 0.152944 -0.604897 -1.56308 0.108243 
0.657686 0.829989 -0.812571 -0.580955 -0.933691 0.268357 
0.0421172 0.264301 0.563137 -0.929743 -1.80545 0.265007 
0.422848 0.332212 0.101727 -0.699861 -1.31415 0.334617 
0.65552 0.826572 -0.918398 -0.765543 -0.76818 0.53803 
-0.470463 0.0949853 0.605451 -1.32851 -1.97325 0.634235 
0.0347703 -0.0172679 0.481907 -1.0353 -1.49612 0.687287 
0.418391 0.236486 -0.00839333 -0.898859 -1.06606 0.674089 
0.652855 0.851608 -1.0754 -1.13294 -0.622637 1.01682 
0.0286176 -0.145193 0.264185 -1.29521 -1.28887 1.20514 
0.41429 0.19732 -0.185645 1.87656 0.889636 4.33688 
0.650334 0.992467 -1.43893 1.33664 0.628769 -1.29136 
-0.479506 -0.172076 -0.0387039 1.61098 1.75772 -1.35678 
0.0261387 -0.12804 -0.077383 1.50448 1.26291 -1.35508 
0.412562 0.226217 -0.445641 1.389 0.88972 -1.28678 
-0.476962 0.0761599 -0.750428 1.50275 1.85575 -0.757376 
0.0286131 0.0324174 -0.582132 1.20497 1.42636 -0.786893 
0.41429 0.351649 -0.841473 0.979302 1.10222 -0.680974 
0.551568 0.574892 0.00949187 -0.459684 -1.49037 -0.0117541 
0.702981 0.964288 -1.02632 -0.490211 -0.846865 0.162121 
0.301925 0.316188 0.500178 -0.689489 -1.66951 0.122659 
0.548118 0.43967 -0.0367716 -0.554651 -1.21694 0.196896 
0.700804 0.977667 -1.16053 -0.705237 -0.64971 0.467214 
-0.0939724 -0.0513031 0.757942 -1.05673 -1.67742 0.511074 
0.295652 0.0401679 0.426183 -0.837904 -1.27563 0.513855 
0.543944 0.347264 -0.142748 -0.76756 -0.924938 0.54067 
0.698187 1.10661 -1.50362 -1.33796 -0.468223 1.23517 
-0.102489 -0.341187 0.524417 1.85344 1.37334 -1.97579 
0.289797 -0.0906506 0.215384 -1.19918 -0.987519 1.09126 
0.540298 0.311689 -0.322179 -1.21781 -0.705719 1.14061 
-0.105293 -0.32508 0.0837815 1.51111 1.33301 -1.32237 
0.538821 0.349716 -0.59765 1.27707 0.718485 -1.18874 
-0.102205 -0.0785412 -0.596696 1.23079 1.52625 -0.694535 
0.289807 0.0884459 -0.642041 0.995132 1.18651 -0.660062 
0.540299 0.519152 -1.07414 0.794776 1.02091 -0.509824 
0.535963 0.77094 0.265276 -0.398571 -1.95223 -0.250336 
0.66229 0.703492 -0.182889 -0.295395 -1.43683 -0.161475 
0.746635 1.23938 -1.49157 -0.389147 -0.677645 0.0387958 
0.531232 0.438609 0.336162 -0.427141 -1.5737 -0.0513065 
0.659782 0.576583 -0.223892 -0.370558 -1.14273 0.0128526 
0.317685 0.00293405 0.710987 -0.681739 -1.42051 0.259022 
0.526266 0.18233 0.275178 -0.567728 -1.11176 0.267385 
0.656362 0.488904 -0.326054 -0.565378 -0.796619 0.332024 
0.309876 -0.292851 0.490055 -1.0785 -0.920895 0.943803 
0.521216 0.0521995 0.0767375 -0.997926 -0.706223 0.877676 
0.652982 0.460186 -0.512924 -1.13132 -0.50261 1.04488 
0.306865 -0.285612 0.0539755 1.35998 0.845096 -1.25887 
0.519237 0.0640365 -0.264497 -1.84943 -0.636307 1.91252 
0.651596 0.52151 -0.829073 -2.10208 -0.560039 2.17721 
0.309877 -0.0359219 -0.639393 0.853081 1.19812 -0.493372 
0.521236 0.252425 -0.834455 0.699687 1.01204 -0.429837 
0.719097 0.908773 -0.00394184 -0.138871 -1.8857 -0.380712 
0.759564 0.870155 -0.447001 -0.11108 -1.40386 -0.352563 
0.659106 0.703427 0.403134 -0.20001 -1.94679 -0.305016 
0.71823 0.618096 0.0709501 -0.146736 -1.52925 -0.269349 
0.758971 0.752434 -0.479819 -0.133146 -1.11185 -0.246833 
0.656465 0.229165 0.471143 -0.223788 -1.33141 -0.101189 
0.716729 0.38978 0.027543 -0.195012 -1.04402 -0.0918757 
0.758077 0.672651 -0.580264 -0.205403 -0.717582 -0.0593613 
0.651691 -0.0511114 0.288263 -0.487218 -0.621168 0.337995 
0.713364 0.265337 -0.156833 -0.487182 -0.479057 0.350392 
0.75558 0.657914 -0.787567 -0.760832 -0.258855 0.641285 
0.647551 -0.0662854 -0.134295 1.03866 0.381731 -1.00546 
0.710183 0.287137 -0.519124 0.866706 0.349954 -0.835721 
0.753014 0.815535 -1.27838 0.467208 0.509642 -0.41479 
0.651702 0.21723 -0.923587 0.318638 1.05544 -0.0926057 
0.713365 0.648215 -1.41076 0.24479 1.09674 -0.0243915 
1.33162 0.425695 0.20543 0.845341 -1.57407 -0.868976 
1.02114 0.756313 -0.711388 0.811056 -0.959304 -1.10356 
1.33633 0.287206 0.142878 0.967326 -1.3904 -1.02955 
1.0244 0.752807 -0.817405 1.02843 -0.860617 -1.29724 
1.02729 0.777123 -0.969964 1.32458 -0.804657 -1.57359 
1.82069 -0.0575303 0.176139 -1.72489 1.62191 1.66547 
1.02829 0.85435 -1.21419 -1.44407 0.806562 -5.07701 
1.34249 0.303853 -0.771639 1.92845 -1.25749 4.16878 
1.19249 0.493001 0.117929 0.679491 -1.50918 -0.797089 
0.971407 0.852924 -0.856025 0.698282 -0.897906 -1.03226 
1.55532 0.281457 0.530408 1.01891 -1.76278 -0.809577 
1.19742 0.357706 0.0603879 0.812616 -1.29234 -0.937619 
0.974982 0.85672 -0.973838 0.941124 -0.775362 -1.24516 
1.2022 0.270375 -0.0566687 1.02908 -1.10249 -1.15411 
0.978371 0.907329 -1.1736 1.32282 -0.701826 -1.60416 
2.04796 0.0762312 -0.744832 -1.55612 1.85609 0.949165 
1.2045 0.398179 -0.898289 2.07448 -1.14142 -2.2191 
1.29043 0.690502 0.417073 0.701892 -1.98585 -0.542992 
1.06457 0.588749 -0.0157617 0.499354 -1.45986 -0.718083 
0.92345 0.984286 -1.06216 0.561028 -0.825796 -0.943017 
1.2972 0.329213 0.476765 0.745102 -1.65203 -0.711015 
1.06973 0.45856 -0.0665855 0.63 -1.21326 -0.826493 
0.92717 1.01727 -1.23056 0.844336 -0.661534 -1.19405 
1.66736 -0.0479407 0.751519 -2.03214 1.69507 2.22404 
1.30458 0.063877 0.398487 0.909414 -1.31163 -0.957977 
1.07508 0.373049 -0.178593 0.866405 -0.974189 -1.03391 
1.07763 0.567451 -1.14467 -0.860662 1.07733 0.746665 
1.05961 0.775559 0.254932 0.394907 -1.93923 -0.527587 
0.950053 0.713321 -0.200162 0.304058 -1.42616 -0.629447 
1.06579 0.447415 0.321348 0.452898 -1.57951 -0.597507 
0.954457 0.589426 -0.243045 0.411324 -1.15623 -0.688895 
1.25535 0.00989982 0.706249 0.707779 -1.46219 -0.713418 
1.0731 0.19807 0.258568 0.616061 -1.16463 -0.753721 
0.959836 0.507441 -0.350035 0.636718 -0.85858 -0.856313 
1.07724 0.0673614 0.0634255 1.00338 -0.762256 -1.11441 
0.962482 0.478586 -0.535369 1.13869 -0.572088 -1.2911 
1.26214 -0.0306113 -0.647712 -0.857354 1.23447 0.719291 
1.07726 0.273689 -0.863977 -0.729046 1.06662 0.673808 
0.872432 0.91174 -0.00847206 0.110911 -1.88528 -0.495578 
0.848821 0.873513 -0.45233 0.0936344 -1.40379 -0.525923 
0.910398 0.704712 0.402107 0.186073 -1.95687 -0.42306 
0.875345 0.621643 0.0661168 0.14935 -1.53988 -0.47191 
0.851274 0.75889 -0.489779 0.148167 -1.12263 -0.51341 
0.916686 0.233863 0.467628 0.251656 -1.36792 -0.4451 
0.880109 0.397361 0.0198685 0.246464 -1.08475 -0.487355 
0.855092 0.680657 -0.588733 0.287213 -0.764324 -0.564755 
0.919698 -0.0475969 0.289748 0.477126 -0.660918 -0.605363 
0.882423 0.271351 -0.160051 0.5161 -0.528763 -0.65987 
0.856768 0.666087 -0.796315 0.801084 -0.319879 -0.970154 
0.91207 -0.0705875 -0.130136 2.37328 -0.275612 3.89067 
0.875777 0.287267 -0.519283 2.54701 -0.277768 -2.565 
0.851037 0.819336 -1.28455 -0.282509 0.481569 0.251861 
0.920004 0.225143 -0.9383 -0.323486 1.09773 0.369618 
0.882441 0.716287 -1.53167 -0.271825 1.18754 0.308176 
0.29222 0.272289 0.193111 -0.672414 -1.56463 0.264007 
0.612512 0.790765 -1.04938 -0.727516 -0.802294 0.488215 
-0.214512 0.203307 0.510952 -1.00577 -1.98544 0.421148 
0.288652 0.173946 0.0882882 -0.753688 -1.35864 0.475526 
0.610627 0.908493 -1.35644 -1.01038 -0.648398 0.865363 
-0.220598 -0.0227233 0.392377 -1.01966 -1.74898 0.790006 
0.284464 0.127039 -0.0718877 -0.906045 -1.16653 0.75972 
-0.227362 -0.107992 0.150472 -1.14619 -1.56687 1.19142 
-0.235449 0.150219 -0.80133 1.56528 1.56292 -0.919789 
0.273178 0.473627 -1.22765 1.1987 1.20144 -0.74662 
0.430307 0.354322 0.0925729 -0.551943 -1.48351 0.129269 
0.659741 0.999314 -1.3909 -0.722238 -0.662742 0.468451 
0.0486831 0.174628 0.54901 -0.822945 -1.82825 0.269507 
0.426928 0.258899 -0.00850555 -0.640997 -1.25545 0.330082 
0.0421106 -0.06133 0.431963 -0.895313 -1.52289 0.626759 
0.422952 0.212164 -0.166211 -0.813363 -1.03017 0.622744 
-0.470475 -0.167251 0.406638 1.96553 1.82628 -2.04459 
0.0348341 -0.150743 0.189929 -1.10359 -1.2891 1.066 
0.41839 0.222057 -0.394188 -1.14171 -0.853093 1.09082 
0.0261403 0.0999253 -0.745239 1.37744 1.32089 -0.901121 
0.554681 0.465772 -0.0526508 -0.415616 -1.42008 -0.0218443 
0.30833 0.234499 0.48247 -0.605269 -1.7024 0.0880735 
0.551733 0.375267 -0.150011 -0.500647 -1.17103 0.158314 
-0.0836852 -0.0280305 0.758141 -0.917492 -1.80949 0.378133 
0.302481 0.00161711 0.37444 -0.709676 -1.32958 0.404971 
0.548162 0.33094 -0.306597 -0.67835 -0.906127 0.446654 
-0.0939305 -0.332489 0.540906 -1.06429 -1.43016 0.944886 
0.295577 -0.0935947 0.140505 -0.989782 -1.01642 0.877074 
0.544008 0.345642 -0.543483 -1.0839 -0.678467 0.988548 
0.540279 0.46095 -0.933248 -1.79364 -0.67337 -4.40933 
-0.105292 -0.101993 -0.543527 1.42148 1.37579 -0.910645 
0.287551 0.158243 -0.811015 1.14778 1.07804 -0.810142 
0.53928 0.67377 0.28458 -0.353551 -1.97815 -0.281243 
0.664516 0.607302 -0.249816 -0.263824 -1.37566 -0.195671 
0.535827 0.369194 0.314488 -0.369229 -1.62487 -0.115948 
0.662434 0.524588 -0.345603 -0.327707 -1.11132 -0.052285 
0.326648 0.0346013 0.70335 -0.564497 -1.61227 0.0974315 
0.531674 0.152251 0.22036 -0.458478 -1.20927 0.122966 
0.659812 0.486782 -0.50549 -0.475652 -0.802957 0.196536 
0.317804 -0.276649 0.503242 -0.797213 -1.0568 0.604545 
0.526277 0.0532275 0.000473095 -0.746924 -0.788543 0.569902 
0.656364 0.514349 -0.764319 -0.951951 -0.488759 0.806353 
0.309876 -0.290787 0.0857514 -1.41613 -0.789615 1.45113 
0.652989 0.739794 -1.35521 -2.16445 -0.554283 -4.07506 
0.306864 -0.0637365 -0.578649 1.06147 0.993273 -0.774058 
0.519236 0.341019 -1.0395 0.824471 0.89073 -0.596926 
0.720143 0.825165 0.0118225 -0.124939 -1.91487 -0.42729 
0.760256 0.786934 -0.518048 -0.101094 -1.34657 -0.3979 
0.719244 0.561269 0.0457859 -0.13196 -1.59064 -0.339959 
0.759568 0.718669 -0.621984 -0.124244 -1.0796 -0.312305 
0.659108 0.26221 0.453669 -0.185937 -1.56324 -0.22933 
0.71823 0.369886 -0.0347232 -0.158697 -1.17939 -0.214521 
0.758983 0.699616 -0.803102 -0.177316 -0.740066 -0.174555 
0.656506 -0.0250629 0.292413 -0.276256 -0.911341 0.0168799 
0.716735 0.275969 -0.241474 -0.272751 -0.671092 0.0248111 
0.758091 0.783616 -1.1588 -0.518269 -0.274001 0.287008 
0.651689 -0.0689958 -0.0977012 -1.05768 -0.317889 0.966593 
0.713362 0.320122 -0.62928 -1.51534 -0.21783 1.42488 
0.647563 0.170569 -0.825353 0.508199 0.721004 -0.39625 
1.32697 0.301465 0.147572 0.75965 -1.50248 -1.00456 
1.01804 0.840885 -1.13912 0.900853 -0.760587 -1.36598 
1.33163 0.209237 0.0367078 0.881955 -1.322 -1.16326 
1.81744 -0.0642112 0.0981813 -1.87998 1.62251 1.558 
1.34061 0.578923 -1.39112 1.96719 -1.22007 -2.45416 
1.18758 0.375946 0.0590268 0.603193 -1.43549 -0.904583 
1.5487 0.192628 0.519244 0.891073 -1.77903 -0.925047 
1.19225 0.284576 -0.0463732 0.729934 -1.22372 -1.04267 
1.55579 -0.03293 0.396308 -2.14962 1.5199 -4.32984 
1.19739 0.244522 -0.212197 -2.20087 1.04314 1.88218 
1.56519 0.125931 -0.774146 1.78885 -1.29258 -2.24966 
1.06029 0.480952 -0.0761013 0.43349 -1.38947 -0.798569 
1.28972 0.246648 0.463075 0.635144 -1.67163 -0.797001 
1.06456 0.393184 -0.176478 0.548364 -1.15045 -0.902064 
1.65746 -0.0304043 0.755801 0.960645 -1.79559 -0.943866 
1.29708 0.0215316 0.350938 0.768527 -1.33457 -1.00833 
1.06973 0.354361 -0.339749 0.765137 -0.921972 -1.10243 
1.67406 -0.327753 0.110529 1.39233 -1.31241 -1.77662 
1.30546 0.17457 -0.830037 2.03472 -1.04373 -2.35355 
1.05508 0.678512 0.275325 0.33187 -1.96225 -0.599022 
0.946795 0.616266 -0.2638 0.254332 -1.36159 -0.688064 
1.05915 0.374996 0.304737 0.366785 -1.61334 -0.6597 
0.950049 0.535882 -0.362046 0.338163 -1.10382 -0.741249 
1.24471 0.0353364 0.702493 0.571954 -1.61664 -0.726345 
1.06578 0.16367 0.207304 0.483863 -1.2236 -0.778791 
0.954495 0.502472 -0.52715 0.522444 -0.823666 -0.888012 
1.25536 -0.270518 0.500268 0.80866 -1.10517 -1.06056 
1.07313 0.0697801 -0.0151627 0.781337 -0.854036 -1.05826 
0.959838 0.537324 -0.795075 0.993094 -0.567138 -1.31904 
1.07723 0.104447 -0.38003 -1.66596 0.625307 -4.86157 
1.25652 -0.0726372 -0.569857 -0.971628 0.923806 0.722403 
1.07148 0.349238 -1.05064 -0.742969 0.853713 0.543102 
0.870692 0.827382 0.00827649 0.085539 -1.91175 -0.547754 
0.847513 0.791749 -0.526495 0.0714772 -1.34153 -0.572231 
0.872361 0.563579 0.0425249 0.105405 -1.58982 -0.528029 
0.848858 0.723718 -0.629809 0.104882 -1.0781 -0.560068 
0.910567 0.262815 0.452572 0.172461 -1.57147 -0.493874 
0.875448 0.374302 -0.0398055 0.160962 -1.19079 -0.52733 
0.85134 0.704313 -0.808249 0.195071 -0.754813 -0.591638 
0.91669 -0.0207334 0.290749 0.304008 -0.952374 -0.573259 
0.880115 0.282949 -0.246754 0.333625 -0.718913 -0.625502 
0.855015 0.797864 -1.17888 0.641827 -0.333263 -0.969617 
0.920003 -0.0677646 -0.095413 0.979459 -0.347921 -1.16866 
0.912066 0.165392 -0.819286 -0.306386 0.677002 0.241626 
0.295437 0.186134 0.0865042 -0.626486 -1.45151 0.319534 
-0.209373 0.121718 0.487415 -0.892169 -1.9691 0.472802 
0.292271 0.138145 -0.0676562 -0.713233 -1.2587 0.518284 
-0.214595 -0.0599206 0.333252 -0.898946 -1.7267 0.794545 
0.288703 0.142554 -0.2798 -0.860621 -1.08092 0.782182 
-0.220598 -0.107079 0.0640284 -0.995935 -1.52644 1.13909 
0.284466 0.208891 -0.572554 -1.11121 -0.939676 1.16739 
-0.233262 0.252156 -1.0246 1.72423 1.40282 -0.989547 
0.433313 0.273939 -0.0140747 -0.51367 -1.37346 0.157055 
0.0539605 0.0924796 0.523555 -0.732913 -1.81097 0.288456 
0.430338 0.22723 -0.166239 -0.606393 -1.15918 0.346255 
0.048682 -0.0958511 0.369786 -0.789679 -1.51419 0.594404 
0.426914 0.232324 -0.379875 -0.773501 -0.949551 0.618784 
-0.462405 -0.163519 0.419431 -1.00978 -1.85262 0.997124 
0.0417498 -0.14661 0.102209 -0.953473 -1.27083 0.961309 
0.422951 0.305027 -0.687107 -1.09337 -0.777281 1.06723 
0.0348153 -0.0695381 -0.292032 -1.24486 -1.13213 1.46096 
0.0286269 0.19368 -0.95201 1.52015 1.18229 -1.0098 
0.557242 0.393651 -0.161314 -0.383652 -1.31535 -0.0208706 
0.313486 0.159255 0.454309 -0.536434 -1.69386 0.073493 
0.554697 0.350946 -0.313462 -0.469725 -1.07979 0.14691 
-0.074425 -0.010814 0.756358 -0.815053 -1.9097 0.290359 
0.308549 -0.0286643 0.310473 -0.617224 -1.34393 0.336521 
0.551737 0.361379 -0.534922 -0.640193 -0.833223 0.412829 
-0.0837153 -0.322787 0.551169 -0.884934 -1.494 0.771191 
0.30253 -0.0858308 0.0501647 -0.829006 -1.03174 0.713661 
0.54818 0.452247 -0.877257 -1.04873 -0.606401 0.945405 
0.295625 -0.0149669 -0.342389 1.87248 0.840235 -1.80599 
0.542056 0.578713 0.295226 -0.311926 -1.9703 -0.297713 
0.666297 0.546568 -0.365057 -0.240847 -1.27487 -0.21595 
0.539266 0.304048 0.284475 -0.324105 -1.62888 -0.155597 
0.664527 0.513271 -0.523969 -0.304566 -1.02186 -0.0854142 
0.333915 0.0574259 0.69469 -0.489453 -1.75022 -0.00517864 
0.535921 0.12745 0.154258 -0.389358 -1.25072 0.0334892 
0.662436 0.539682 -0.769687 -0.446628 -0.731161 0.140477 
0.32671 -0.25767 0.507305 -0.6099 -1.20309 0.369647 
0.531678 0.0655484 -0.0940642 -0.578395 -0.859061 0.353195 
0.659821 0.705668 -1.24763 -1.00987 -0.399453 0.825232 
0.317804 -0.28924 0.110161 -1.04079 -0.806718 1.00628 
0.526297 0.132759 -0.492679 -1.18813 -0.546317 1.12253 
0.309856 -0.085197 -0.525219 1.32323 0.809045 -1.12166 
0.521238 0.561729 -1.4751 0.849581 0.813588 -0.653009 
0.721134 0.74371 0.0202007 -0.110465 -1.91206 -0.460433 
0.760878 0.744073 -0.651719 -0.0927512 -1.24029 -0.429562 
0.720361 0.506582 0.0164352 -0.117491 -1.60317 -0.388998 
0.760217 0.734984 -0.841592 -0.119263 -0.973274 -0.353086 
0.660998 0.283878 0.439038 -0.165714 -1.7121 -0.311772 
0.719244 0.351769 -0.105735 -0.139889 -1.23287 -0.290687 
0.759564 0.836162 -1.21413 -0.191812 -0.610394 -0.213302 
0.659102 0.000823312 0.285376 -0.204746 -1.14141 -0.144472 
0.71823 0.297404 -0.349859 -0.205495 -0.797925 -0.130976 
0.656505 -0.0580714 -0.0792795 -0.440164 -0.530447 0.230787 
0.716734 0.382227 -0.78562 -0.671471 -0.271807 0.462384 
0.651689 0.140981 -0.749799 0.794024 0.39201 -0.823418 
1.32268 0.2191 0.0420157 0.693603 -1.40236 -1.12799 
1.327 0.173811 -0.115903 0.818777 -1.22497 -1.28725 
1.81293 -0.065384 0.0130411 -2.0187 1.568 1.46381 
1.18347 0.298287 -0.0472029 0.54712 -1.33353 -1.00263 
1.54225 0.112872 0.495619 0.7788 -1.76421 -1.03171 
1.18756 0.253874 -0.202428 0.672343 -1.12556 -1.14203 
1.54891 -0.0698688 0.338747 0.867994 -1.49342 -1.26608 
1.19224 0.264131 -0.424631 0.884155 -0.94517 -1.36753 
1.56211 -0.0321655 -0.335252 -1.83664 1.21674 1.25297 
1.27838 0.475301 0.455456 0.528113 -2.00251 -0.734381 
1.05683 0.408439 -0.182432 0.386887 -1.28858 -0.871821 
1.28338 0.172117 0.436985 0.546234 -1.66085 -0.875068 
1.06028 0.368447 -0.337915 0.494603 -1.05371 -0.975609 
1.64781 -0.0168124 0.758302 0.837583 -1.87492 -0.977406 
1.28963 -0.0118704 0.290976 0.654109 -1.32551 -1.05509 
1.06456 0.384123 -0.567415 0.70557 -0.824047 -1.18232 
1.66721 -0.329601 0.133425 1.17446 -1.29828 -1.73319 
1.67405 -0.118679 -0.498745 1.5094 -1.26381 -2.19058 
1.3089 0.300849 -1.08836 1.84011 -1.00297 3.87697 
1.05175 0.58423 0.285942 0.283014 -1.95553 -0.661636 
0.944588 0.556962 -0.379953 0.222781 -1.26109 -0.741637 
1.05487 0.310031 0.275915 0.305856 -1.61264 -0.716148 
0.946871 0.524854 -0.540417 0.295611 -1.00705 -0.795474 
1.23559 0.0544748 0.69708 0.473695 -1.7328 -0.752681 
1.05961 0.136062 0.144172 0.388936 -1.24121 -0.808485 
0.950052 0.554892 -0.791892 0.46359 -0.724016 -0.942574 
1.2447 -0.256783 0.506587 0.61627 -1.20963 -1.00108 
1.06579 0.0777471 -0.106966 0.603637 -0.879154 -1.01584 
0.954496 0.745795 -1.31251 1.08308 -0.427055 -1.55813 
1.25535 -0.284671 0.108417 1.02831 -0.855104 -1.44863 
0.869654 0.745797 0.0168968 0.0696661 -1.90858 -0.589552 
0.846727 0.74905 -0.659808 0.0596025 -1.23517 -0.611396 
0.870667 0.508963 0.0114049 0.0806113 -1.59753 -0.574271 
0.847515 0.741114 -0.851374 0.0845813 -0.967127 -0.604053 
0.906531 0.282526 0.439348 0.125465 -1.70793 -0.541379 
0.87241 0.354656 -0.10927 0.111845 -1.23119 -0.567406 
0.848858 0.84425 -1.22684 0.162558 -0.605492 -0.64431 
0.910574 0.00183255 0.285199 0.189154 -1.14987 -0.572068 
0.875466 0.30151 -0.353269 0.206775 -0.810785 -0.610713 
0.91657 -0.0551891 -0.078704 0.462714 -0.575886 -0.789519 
0.88011 0.389772 -0.793073 0.726088 -0.330894 -1.06887 
0.920006 0.139764 -0.74425 -0.8887 0.372148 0.635474 
-2.39924 -0.270408 -0.971009 3.20661 1.85804 0.00321703 
0.849757 -0.075675 -1.16173 -0.0482976 1.19622 -0.00169666 
2.91813 -0.324091 -0.960649 -2.18886 1.69843 0.217197 
1.058 0.16797 -1.43327 -0.35844 1.24337 0.0907671 
2.21734 -0.188604 -1.01122 -1.61168 1.54518 6.64191 
1.96901 0.142375 -1.32662 -1.49172 1.49693 0.375724 
-1.4107 -0.340916 -0.957585 2.29513 1.70758 -0.224719 
0.6084 0.124986 -1.37013 0.304626 1.21369 -0.117819 
-2.35246 -0.0327187 -1.07155 3.16295 1.99315 -0.00924517 
1.02097 -0.429354 -0.996957 -0.215835 1.38537 0.0120909 
1.49963 0.401523 -2.16886 -0.79833 1.66501 6.12678 
2.53444 -0.116869 -0.998654 -1.93838 1.69685 0.410202 
1.54454 0.0357326 -1.19925 -1.02065 1.30237 0.331722 
-0.635 -0.215401 -0.994135 1.64588 1.54657 -0.387468 
-1.70548 0.502312 -2.21444 2.61437 1.39992 -6.23606 
0.137706 -0.282469 -0.966371 0.816758 1.29651 -0.256874 
0.81416 -0.525893 -1.00569 -3.06445e-05 1.4832 -0.0208616 
0.815312 -0.169876 -1.0208 -0.00131244 1.14228 -0.0203568 
1.81868 -0.334511 -0.87646 -1.17723 1.37465 -5.96931 
1.11701 0.136434 -1.31506 -0.474501 1.16753 0.158039 
1.69636 0.512739 -1.96878 1.94968 -1.47417 3.23426 
-0.379905 0.0863038 -1.25282 1.52392 1.49312 -0.437611 
-0.95973 0.527643 -2.14454 2.0032 1.49878 -6.27165 
0.0606262 0.00754701 -1.16753 1.04337 1.29882 -0.383239 
-0.255502 -0.330916 -0.876246 1.24697 1.39302 -0.371941 
0.491089 0.118684 -1.29085 0.504153 1.16308 -0.216194 
0.775165 -0.250839 -0.904017 0.0533783 1.09842 -0.0464756 
1.16795 0.136535 -1.2502 -0.591924 1.11713 0.228143 
-0.128695 0.0762591 -1.18136 1.30812 1.37732 -0.485418 
0.393571 0.146054 -1.26271 0.686962 1.14526 -0.316364 
0.298322 0.145964 -0.0674105 -0.597611 -1.32025 0.374008 
-0.204933 0.0512958 0.451563 -0.795616 -1.92634 0.523432 
0.295432 0.148916 -0.275002 -0.697166 -1.13468 0.573176 
-0.20939 -0.0863615 0.262314 -0.806472 -1.68017 0.807755 
0.292293 0.211417 -0.557977 -0.861991 -0.962112 0.847433 
-0.214515 -0.0958396 -0.0369693 -0.889692 -1.47005 1.1107 
-0.737328 0.102771 -0.245895 2.24888 1.89051 -1.61991 
-0.22074 0.0197866 -0.473649 2.09097 1.31038 -1.64815 
0.435996 0.237648 -0.16943 -0.489817 -1.24282 0.188189 
0.0589309 0.0226658 0.485077 -0.656348 -1.76975 0.310591 
0.433316 0.242322 -0.379408 -0.595029 -1.03442 0.379868 
0.0542358 -0.119876 0.296403 -0.710278 -1.47963 0.578352 
0.430317 0.310722 -0.67519 -0.786753 -0.828512 0.670622 
-0.454915 -0.160643 0.427779 -0.885358 -1.87343 0.924748 
0.0486494 -0.132038 -0.00104513 -0.849709 -1.23427 0.896734 
0.426578 0.520364 -1.20128 -1.2237 -0.64978 1.24587 
-0.462405 -0.190665 0.0394323 2.1898 1.62382 -1.80205 
0.0421144 -0.0203882 -0.43129 2.03464 1.05845 -1.79925 
-0.470514 0.00710505 -0.591545 2.02699 1.46938 -1.29569 
0.321172 0.363749 0.474122 -0.477091 -1.99907 -0.130341 
0.55948 0.364386 -0.321834 -0.363675 -1.18554 -0.0125883 
0.317738 0.0938566 0.415163 -0.479081 -1.65923 0.0672858 
0.557243 0.37557 -0.540699 -0.46082 -0.951726 0.157977 
-0.066786 0.00124063 0.754343 -0.736932 -1.98189 0.231854 
0.313536 -0.0500725 0.235863 -0.550077 -1.32612 0.293717 
0.554693 0.463218 -0.872051 -0.667947 -0.700069 0.454813 
-0.0744263 -0.314242 0.556248 -0.756689 -1.54988 0.649255 
0.308527 -0.0689594 -0.0547625 -0.721309 -1.02294 0.607195 
-0.0836735 -0.336363 0.158323 -0.95172 -1.24487 1.09998 
0.302318 0.0377388 -0.485581 -1.0965 -0.791893 1.14256 
0.544324 0.488924 0.29684 -0.274872 -1.9411 -0.307571 
0.667813 0.530092 -0.539747 -0.226745 -1.14211 -0.226115 
0.542055 0.246469 0.244986 -0.286804 -1.60442 -0.182865 
0.666297 0.5602 -0.787259 -0.300316 -0.880584 -0.0928144 
0.339606 0.0730203 0.687426 -0.435739 -1.84589 -0.0731497 
0.539274 0.109343 0.0782949 -0.341681 -1.24944 -0.0242102 
0.664529 0.732765 -1.27012 -0.525243 -0.535213 0.214435 
0.333958 -0.241747 0.506209 -0.497996 -1.31888 0.224231 
0.535922 0.0863275 -0.205143 -0.483643 -0.886487 0.225676 
0.326683 -0.281911 0.123231 -0.762889 -0.883622 0.668175 
0.53168 0.196356 -0.654218 -0.936376 -0.539818 0.811862 
0.721976 0.666881 0.0192161 -0.09719 -1.8877 -0.485293 
0.761451 0.756078 -0.868064 -0.0880063 -1.08947 -0.451123 
0.721228 0.458255 -0.0248398 -0.104016 -1.58344 -0.424743 
0.760848 0.879103 -1.27507 -0.128221 -0.754756 -0.366018 
0.662723 0.298138 0.428057 -0.148759 -1.81073 -0.369215 
0.720244 0.338904 -0.185831 -0.124454 -1.23588 -0.343792 
0.66092 0.0195405 0.276564 -0.17077 -1.29103 -0.240533 
0.719244 0.326593 -0.477036 -0.177392 -0.841178 -0.218397 
0.659102 -0.0416842 -0.0769908 -0.275369 -0.747603 -0.0264002 
0.71823 0.486627 -1.02136 -0.456997 -0.337423 0.158934 
0.656509 0.132342 -0.705618 -1.34038 -0.222914 1.17959 
1.31879 0.181695 -0.111795 0.64857 -1.28182 -1.24072 
1.79686 0.0793231 0.415254 -2.27957 1.87588 1.86088 
1.80217 -0.0531026 0.222679 -2.23779 1.65662 1.62948 
1.80765 -0.0570006 -0.0840134 -2.13352 1.49245 1.38304 
1.17999 0.264291 -0.203129 0.510778 -1.2103 -1.09331 
1.53643 0.0445703 0.458958 0.684584 -1.72776 -1.12613 
1.18347 0.271105 -0.417258 0.643278 -1.00288 -1.24372 
1.54235 -0.0950903 0.269456 -2.37397 1.45049 1.80687 
1.18757 0.345867 -0.72503 -2.25876 0.814988 1.63429 
1.27408 0.374712 0.45718 0.459764 -1.97142 -0.817318 
1.05414 0.382047 -0.345218 0.359081 -1.16281 -0.940979 
1.27819 0.107933 0.398662 0.476082 -1.62922 -0.943553 
1.05688 0.394774 -0.566668 0.470901 -0.925641 -1.05584 
1.63913 -0.00581443 0.758681 0.740206 -1.94042 -1.01411 
1.2833 -0.0344441 0.218783 0.567005 -1.29868 -1.09913 
1.06029 0.490829 -0.912987 0.7194 -0.677639 -1.31408 
1.64767 -0.318079 0.556032 -2.35255 1.52485 1.79721 
1.28962 -0.0507763 -0.0751546 0.767431 -1.01622 -1.34098 
1.04923 0.495134 0.28586 0.244352 -1.92686 -0.715608 
0.942896 0.541965 -0.55634 0.204697 -1.12933 -0.791802 
1.05167 0.253151 0.236511 0.26167 -1.58876 -0.765311 
0.944593 0.574071 -0.807273 0.280524 -0.863294 -0.857807 
1.22869 0.0691526 0.691095 0.405071 -1.8228 -0.784025 
1.05507 0.117115 0.0694958 0.324824 -1.23239 -0.841066 
0.946872 0.76464 -1.3224 0.533286 -0.50537 -1.11092 
1.23549 -0.24533 0.508644 0.48592 -1.29811 -0.976575 
1.05961 0.0957074 -0.215651 0.485205 -0.877318 -1.00153 
1.24473 -0.281072 0.12257 0.767364 -0.892559 -1.30009 
1.06583 0.21023 -0.670436 0.954129 -0.565713 -1.47404 
0.868666 0.668087 0.0170386 0.0583906 -1.88453 -0.623882 
0.846216 0.763103 -0.87957 0.0539242 -1.08301 -0.645671 
0.869646 0.460598 -0.0288171 0.0657173 -1.57841 -0.612175 
0.846727 0.885996 -1.28594 0.0827188 -0.747131 -0.652452 
0.904184 0.296277 0.42864 0.0991071 -1.8037 -0.583082 
0.870687 0.341452 -0.188971 0.0855044 -1.23088 -0.604988 
0.906543 0.0188323 0.277547 0.129545 -1.28577 -0.595263 
0.87245 0.328914 -0.478551 0.141898 -0.839215 -0.625192 
0.910481 -0.0411604 -0.0757856 0.252641 -0.755226 -0.67972 
0.875448 0.492535 -1.0288 0.451264 -0.347999 -0.894628 
0.916694 0.134021 -0.704659 1.22993 -0.261798 -1.61219 
2.90907 0.013385 -1.56458 -2.20866 1.38627 6.22719 
-1.4069 -0.0408813 -1.49596 2.29331 1.37332 -0.13007 
-2.3549 -0.0786322 -0.987768 3.14902 1.85958 -0.0868891 
2.52837 -0.151364 -0.931194 -2.03393 1.56361 0.383184 
2.14986 0.344019 -1.50946 -1.86168 1.44799 0.356918 
-1.63616 0.251605 -1.36396 2.63096 1.7328 -6.63632 
-1.70503 -0.258231 -0.857782 2.61759 1.72864 5.93994 
0.146448 0.0142273 -1.49936 0.772922 1.27238 -0.176614 
0.79183 -0.570783 -0.927371 0.00486267 1.25947 -0.101667 
-1.32733 -0.533915 -1.23183 1.92494 1.25004 0.104478 
1.69524 0.0197006 -1.07201 -1.42975 1.18267 0.473374 
-0.955326 0.574094 -2.22467 1.97009 1.28144 -6.35439 
-0.244444 -0.370316 -0.805346 1.31056 1.17966 -0.529382 
0.783071 -0.287468 -0.832098 0.0163504 0.838322 -0.126286 
1.17237 0.0719614 -1.11817 -0.80259 0.845326 6.57805 
-0.123071 0.0146257 -1.06388 1.42493 1.15903 -0.717104 
0.398819 0.0736393 -1.1221 0.788877 0.853804 -0.549804 
