0, -0.874448, 1.5168, -1.00359, -0.848922, -1.23596, 0.786161, 
0, -0.870581, 1.52515, -1.02407, -0.849476, -1.22541, 0.79345, 
0, -0.866739, 1.53406, -1.04554, -0.85029, -1.21458, 0.80112, 
0, -0.862922, 1.5436, -1.06811, -0.851386, -1.20345, 0.809212, 
0, -0.85913, 1.55384, -1.09191, -0.852799, -1.19198, 0.817785, 
0, -0.855324, 1.55973, -1.10785, -0.852796, -1.18251, 0.823127, 
0, -0.851595, 1.57211, -1.13545, -0.855088, -1.16999, 0.833195, 
0, -0.847885, 1.5854, -1.16468, -0.857809, -1.15702, 0.843918, 
0, -0.844196, 1.59986, -1.19598, -0.86106, -1.14348, 0.855488, 
0, -0.84053, 1.61581, -1.22994, -0.864968, -1.1292, 0.868138, 
0, -0.836886, 1.63369, -1.26733, -0.869715, -1.11398, 0.8822, 
0, -0.833265, 1.65417, -1.30935, -0.875573, -1.0975, 0.898172, 
0, -0.829667, 1.67831, -1.35793, -0.882986, -1.07924, 0.916861, 
0, -0.826095, 1.73014, -1.45615, -0.901345, -1.04777, 0.956202, 
1, -0.752923, 1.50163, -1.06693, -0.639758, -0.974808, 0.657635, 
1, -0.751037, 1.52138, -1.10819, -0.646945, -0.95656, 0.671642, 
1, -0.749169, 1.54337, -1.15344, -0.655356, -0.937011, 0.687303, 
1, -0.74732, 1.56837, -1.20405, -0.665411, -0.915717, 0.705205, 
1, -0.745489, 1.59766, -1.26231, -0.677823, -0.891931, 0.726341, 
1, -0.743676, 1.63368, -1.33258, -0.693945, -0.864239, 0.752596, 
1, -0.74188, 1.69908, -1.45554, -0.726168, -0.819643, 0.801532, 
2, -0.68706, 1.50717, -1.12368, -0.127019, -0.699159, 0.220659, 
2, -0.687087, 1.53838, -1.18567, -0.131828, -0.668632, 0.226878, 
2, -0.687114, 1.57527, -1.25779, -0.13787, -0.633707, 0.234513, 
2, -0.687138, 1.6367, -1.3739, -0.149733, -0.57963, 0.24886, 
3, -0.648051, 1.5108, -1.15408, 0.36003, -0.64741, -0.229763, 
3, -0.649904, 1.56107, -1.25046, 0.38151, -0.604008, -0.256791, 
3, -0.651748, 1.62466, -1.37066, 0.411695, -0.551037, -0.293479, 
4, -0.621635, 1.50609, -1.15655, 0.626446, -0.69659, -0.473498, 
4, -0.62533, 1.55897, -1.25781, 0.657765, -0.655688, -0.515185, 
4, -0.628961, 1.63726, -1.4046, 0.711781, -0.600068, -0.583291, 
5, -0.604803, 1.53024, -1.21034, 0.78679, -0.736743, -0.622749, 
5, -0.610254, 1.6043, -1.34978, 0.835472, -0.687638, -0.689226, 
6, -0.588997, 1.51963, -1.19531, 0.867901, -0.797087, -0.687799, 
6, -0.596253, 1.5991, -1.3447, 0.916748, -0.747457, -0.759026, 
7, -0.577416, 1.52303, -1.20571, 0.926957, -0.839371, -0.737215, 
7, -0.586441, 1.61596, -1.37946, 0.981538, -0.785024, -0.820401, 
8, -0.569796, 1.54071, -1.24218, 0.976125, -0.86563, -0.783913, 
8, -0.580538, 1.70641, -1.5466, 1.07798, -0.784416, -0.937676, 
12, -1.05588, 0.585824, -0.513751, -1.09523, -1.13034, 1.28574, 
12, -1.0509, 0.592374, -0.527205, -1.09674, -1.12278, 1.29004, 
12, -1.04595, 0.599074, -0.540898, -1.09837, -1.11519, 1.29446, 
12, -1.04102, 0.60593, -0.554837, -1.10011, -1.1076, 1.29901, 
12, -1.03613, 0.612946, -0.569032, -1.10197, -1.09998, 1.30369, 
12, -1.03126, 0.620126, -0.58349, -1.10396, -1.09236, 1.3085, 
12, -1.02643, 0.627474, -0.598219, -1.10607, -1.08472, 1.31344, 
12, -1.02163, 0.634994, -0.61323, -1.10832, -1.07707, 1.31853, 
12, -1.01686, 0.642693, -0.628532, -1.11071, -1.06941, 1.32378, 
12, -1.01212, 0.650577, -0.644139, -1.11326, -1.06174, 1.3292, 
12, -1.00741, 0.658652, -0.660066, -1.11598, -1.05406, 1.3348, 
12, -1.00274, 0.666928, -0.676327, -1.11889, -1.04637, 1.34061, 
12, -0.998103, 0.675414, -0.692941, -1.12199, -1.03866, 1.34663, 
16, -0.906916, 0.204594, -0.030086, -0.900988, -0.889394, 1.01511, 
16, -0.903252, 0.215089, -0.0463954, -0.902233, -0.88295, 1.01808, 
16, -0.899634, 0.225656, -0.06287, -0.903622, -0.876486, 1.0212, 
16, -0.896063, 0.236297, -0.0795147, -0.905159, -0.870001, 1.02449, 
16, -0.892538, 0.247016, -0.0963349, -0.906848, -0.863494, 1.02794, 
16, -0.889058, 0.257816, -0.113336, -0.908695, -0.856962, 1.03156, 
16, -0.885622, 0.2687, -0.130525, -0.910704, -0.850406, 1.03537, 
16, -0.882229, 0.279673, -0.147907, -0.912881, -0.843824, 1.03935, 
16, -0.878879, 0.290738, -0.16549, -0.915233, -0.837215, 1.04353, 
16, -0.87557, 0.3019, -0.18328, -0.917764, -0.830577, 1.04791, 
16, -0.872303, 0.313162, -0.201285, -0.920483, -0.823909, 1.05249, 
16, -0.869077, 0.324531, -0.219515, -0.923396, -0.817211, 1.05729, 
16, -0.86589, 0.33601, -0.237976, -0.926512, -0.81048, 1.0623, 
16, -0.862742, 0.347605, -0.25668, -0.929838, -0.803716, 1.06755, 
16, -0.859633, 0.359323, -0.275635, -0.933384, -0.796917, 1.07304, 
16, -0.856562, 0.371169, -0.294853, -0.93716, -0.790083, 1.07879, 
16, -0.853527, 0.383149, -0.314346, -0.941176, -0.783211, 1.0848, 
16, -0.85053, 0.395272, -0.334127, -0.945445, -0.776301, 1.09109, 
16, -0.847568, 0.407545, -0.354208, -0.949977, -0.769351, 1.09767, 
16, -0.844642, 0.419977, -0.374605, -0.954789, -0.76236, 1.10456, 
16, -0.841751, 0.432575, -0.395334, -0.959893, -0.755326, 1.11177, 
16, -0.838894, 0.445351, -0.416413, -0.965307, -0.748249, 1.11932, 
16, -0.836071, 0.458316, -0.43786, -0.971049, -0.741127, 1.12724, 
16, -0.83328, 0.47148, -0.459697, -0.977138, -0.733959, 1.13554, 
16, -0.830523, 0.484857, -0.481948, -0.983596, -0.726742, 1.14425, 
16, -0.827797, 0.498462, -0.504636, -0.990448, -0.719477, 1.1534, 
16, -0.825103, 0.51231, -0.527792, -0.997719, -0.712161, 1.16301, 
16, -0.822441, 0.526419, -0.551446, -1.00544, -0.704792, 1.17312, 
16, -0.819808, 0.540809, -0.575633, -1.01364, -0.697371, 1.18377, 
16, -0.817206, 0.555501, -0.600394, -1.02237, -0.689895, 1.195, 
16, -0.814634, 0.570521, -0.625773, -1.03166, -0.682363, 1.20685, 
16, -0.81209, 0.585897, -0.65182, -1.04156, -0.674773, 1.21938, 
16, -0.809576, 0.601661, -0.678594, -1.05212, -0.667125, 1.23265, 
16, -0.807089, 0.617852, -0.706162, -1.06342, -0.659417, 1.24674, 
16, -0.804631, 0.634511, -0.734601, -1.07552, -0.651648, 1.26172, 
16, -0.8022, 0.651691, -0.764004, -1.08851, -0.643818, 1.27769, 
19, -0.686587, 0.579097, -0.494111, -0.138235, -0.672698, 0.343982, 
19, -0.686622, 0.596311, -0.526925, -0.141048, -0.657254, 0.347553, 
19, -0.686657, 0.614067, -0.560705, -0.14409, -0.641396, 0.35137, 
19, -0.686691, 0.63242, -0.595551, -0.147394, -0.625081, 0.355467, 
19, -0.686725, 0.651435, -0.631582, -0.151001, -0.608258, 0.359888, 
20, -0.684259, -0.0588372, 0.221803, -0.171745, -0.480622, 0.27504, 
20, -0.684333, -0.0436633, 0.2032, -0.173029, -0.477256, 0.276473, 
20, -0.684406, -0.0285208, 0.184446, -0.17439, -0.473711, 0.277991, 
20, -0.684477, -0.0134033, 0.165534, -0.175832, -0.469988, 0.279598, 
20, -0.684546, 0.00169536, 0.146461, -0.177358, -0.466087, 0.281296, 
20, -0.684614, 0.0167815, 0.12722, -0.178972, -0.462011, 0.28309, 
20, -0.684681, 0.0318616, 0.107806, -0.180678, -0.457759, 0.284983, 
20, -0.684746, 0.0469418, 0.0882133, -0.182482, -0.453333, 0.286981, 
20, -0.68481, 0.0620289, 0.0684346, -0.184387, -0.448732, 0.289089, 
20, -0.684873, 0.0771293, 0.0484633, -0.1864, -0.443956, 0.291311, 
20, -0.684935, 0.0922497, 0.0282922, -0.188527, -0.439006, 0.293656, 
20, -0.684995, 0.107397, 0.00791351, -0.190776, -0.43388, 0.296129, 
20, -0.685055, 0.122578, -0.012681, -0.193154, -0.428578, 0.298739, 
20, -0.685113, 0.137801, -0.0335, -0.195669, -0.423099, 0.301495, 
20, -0.68517, 0.153072, -0.054553, -0.198333, -0.417441, 0.304406, 
20, -0.685226, 0.1684, -0.0758499, -0.201155, -0.411602, 0.307483, 
20, -0.685282, 0.183792, -0.0974014, -0.204148, -0.40558, 0.310739, 
20, -0.685336, 0.199258, -0.119219, -0.207325, -0.399373, 0.314187, 
20, -0.685389, 0.214805, -0.141315, -0.210702, -0.392978, 0.317843, 
20, -0.685441, 0.230443, -0.163703, -0.214296, -0.386392, 0.321724, 
20, -0.685493, 0.246181, -0.186396, -0.218127, -0.37961, 0.325851, 
20, -0.685543, 0.262031, -0.209412, -0.222216, -0.372629, 0.330244, 
20, -0.685593, 0.278003, -0.232765, -0.226589, -0.365444, 0.334931, 
20, -0.685641, 0.294109, -0.256475, -0.231276, -0.358049, 0.339939, 
20, -0.685689, 0.310361, -0.280561, -0.236308, -0.35044, 0.345303, 
20, -0.685736, 0.326773, -0.305045, -0.241726, -0.342608, 0.351062, 
20, -0.685783, 0.34336, -0.32995, -0.247573, -0.334548, 0.35726, 
20, -0.685828, 0.360138, -0.355304, -0.253901, -0.32625, 0.36395, 
20, -0.685873, 0.377123, -0.381133, -0.260773, -0.317706, 0.371194, 
20, -0.685917, 0.394335, -0.407472, -0.26826, -0.308905, 0.379064, 
20, -0.685961, 0.411795, -0.434354, -0.27645, -0.299838, 0.387649, 
20, -0.686004, 0.429526, -0.461819, -0.285446, -0.29049, 0.397054, 
20, -0.686046, 0.447554, -0.489913, -0.295376, -0.280849, 0.407404, 
20, -0.686087, 0.465908, -0.518686, -0.306394, -0.270899, 0.418857, 
20, -0.686128, 0.484622, -0.548194, -0.318693, -0.260622, 0.431606, 
20, -0.686168, 0.503731, -0.578503, -0.332514, -0.249999, 0.445893, 
20, -0.686207, 0.52328, -0.609689, -0.348165, -0.239008, 0.462026, 
20, -0.686246, 0.543318, -0.641839, -0.366041, -0.227624, 0.480402, 
20, -0.686285, 0.563903, -0.675056, -0.386662, -0.215819, 0.501544, 
20, -0.686322, 0.585103, -0.709461, -0.410728, -0.203561, 0.526151, 
20, -0.68636, 0.607001, -0.7452, -0.439193, -0.190813, 0.555181, 
20, -0.686396, 0.629694, -0.782449, -0.473402, -0.177534, 0.589979, 
23, -0.595717, 0.506165, -0.431583, 0.387554, -0.616761, -0.216366, 
23, -0.598456, 0.526042, -0.467258, 0.392355, -0.601108, -0.222442, 
23, -0.601147, 0.546504, -0.504016, 0.39784, -0.585032, -0.22922, 
23, -0.60379, 0.567617, -0.541972, 0.404109, -0.568491, -0.236807, 
23, -0.606387, 0.589456, -0.581263, 0.411289, -0.551436, -0.245335, 
23, -0.608939, 0.612112, -0.622054, 0.419539, -0.533809, -0.254967, 
23, -0.611447, 0.635698, -0.664543, 0.42906, -0.51554, -0.265913, 
23, -0.613912, 0.660349, -0.708978, 0.440115, -0.496544, -0.278445, 
24, -0.418441, -0.24555, 0.371756, 0.867981, -0.586956, -0.779541, 
24, -0.425059, -0.227823, 0.353314, 0.861532, -0.581496, -0.772805, 
24, -0.431507, -0.210151, 0.334673, 0.85545, -0.576021, -0.7665, 
24, -0.437793, -0.192526, 0.31583, 0.849738, -0.570522, -0.760626, 
24, -0.443921, -0.174946, 0.296781, 0.8444, -0.564992, -0.755183, 
24, -0.449897, -0.157403, 0.277523, 0.839439, -0.559424, -0.750172, 
24, -0.455726, -0.139893, 0.258052, 0.83486, -0.553813, -0.745594, 
24, -0.461413, -0.122409, 0.238363, 0.830666, -0.548151, -0.741452, 
24, -0.466963, -0.104945, 0.218451, 0.826864, -0.542432, -0.737748, 
24, -0.47238, -0.0874955, 0.198312, 0.823459, -0.536653, -0.734485, 
24, -0.477669, -0.0700539, 0.17794, 0.820458, -0.530806, -0.73167, 
24, -0.482834, -0.0526136, 0.157328, 0.81787, -0.524889, -0.729309, 
24, -0.487879, -0.0351679, 0.13647, 0.815703, -0.518895, -0.727407, 
24, -0.492808, -0.0177097, 0.115359, 0.813967, -0.51282, -0.725975, 
24, -0.497625, -0.000231686, 0.0939873, 0.812675, -0.506661, -0.725022, 
24, -0.502333, 0.0172736, 0.0723465, 0.811839, -0.500414, -0.72456, 
24, -0.506936, 0.0348141, 0.0504277, 0.811475, -0.494074, -0.724603, 
24, -0.511436, 0.0523978, 0.0282213, 0.8116, -0.487639, -0.725166, 
24, -0.515838, 0.0700335, 0.0057166, 0.812232, -0.481105, -0.726269, 
24, -0.520144, 0.08773, -0.0170975, 0.813394, -0.474468, -0.727932, 
24, -0.524357, 0.105497, -0.0402334, 0.815109, -0.467726, -0.730178, 
24, -0.52848, 0.123344, -0.0637044, 0.817406, -0.460875, -0.733034, 
24, -0.532516, 0.141281, -0.0875248, 0.820315, -0.453914, -0.736532, 
24, -0.536467, 0.15932, -0.11171, 0.823872, -0.44684, -0.740705, 
24, -0.540336, 0.177473, -0.136278, 0.828117, -0.43965, -0.745594, 
24, -0.544125, 0.195752, -0.161247, 0.833094, -0.432343, -0.751243, 
24, -0.547826, 0.214106, -0.186544, 0.840548, -0.423871, -0.75938, 
24, -0.551463, 0.232682, -0.21238, 0.847065, -0.416363, -0.766623, 
24, -0.555027, 0.251428, -0.238684, 0.854482, -0.408732, -0.774795, 
24, -0.558521, 0.270362, -0.265484, 0.862873, -0.40098, -0.783969, 
24, -0.561945, 0.2895, -0.292808, 0.872323, -0.393107, -0.794231, 
24, -0.565302, 0.308865, -0.320691, 0.88293, -0.385114, -0.80568, 
24, -0.568595, 0.328478, -0.349169, 0.894807, -0.377003, -0.818429, 
24, -0.571824, 0.348364, -0.378284, 0.908082, -0.36878, -0.83261, 
24, -0.574991, 0.368552, -0.408083, 0.922908, -0.360449, -0.848375, 
24, -0.578098, 0.389071, -0.438618, 0.939458, -0.352019, -0.865901, 
24, -0.581148, 0.409957, -0.46995, 0.957937, -0.343501, -0.885394, 
24, -0.58414, 0.43125, -0.502146, 0.978585, -0.334908, -0.907096, 
24, -0.587077, 0.452994, -0.535286, 1.00168, -0.32626, -0.931292, 
24, -0.589961, 0.475244, -0.569463, 1.02756, -0.317582, -0.958318, 
24, -0.592792, 0.498059, -0.604783, 1.05661, -0.308908, -0.988569, 
24, -0.595572, 0.521512, -0.641373, 1.0893, -0.300282, -1.02251, 
24, -0.598302, 0.545689, -0.679387, 1.12616, -0.29176, -1.06071, 
24, -0.600984, 0.570693, -0.719007, 1.16785, -0.283418, -1.10379, 
24, -0.603618, 0.596651, -0.76046, 1.21511, -0.275353, -1.15254, 
24, -0.606206, 0.623721, -0.804025, 1.26879, -0.267694, -1.20779, 
26, -0.547837, 0.599768, -0.487953, 0.493416, -0.849516, -0.26944, 
26, -0.552888, 0.621924, -0.532275, 0.49841, -0.827627, -0.277672, 
27, -0.506393, 0.418049, -0.325119, 0.710912, -0.72151, -0.556592, 
27, -0.512269, 0.438833, -0.360791, 0.716537, -0.706432, -0.564704, 
27, -0.518025, 0.460165, -0.397495, 0.723042, -0.691096, -0.573733, 
27, -0.523664, 0.482097, -0.435328, 0.730527, -0.67548, -0.583789, 
27, -0.52919, 0.504693, -0.474402, 0.739117, -0.659559, -0.595003, 
27, -0.534606, 0.528026, -0.514852, 0.748962, -0.643305, -0.607537, 
27, -0.539915, 0.552185, -0.556837, 0.760244, -0.626689, -0.621586, 
27, -0.545119, 0.577277, -0.600551, 0.773192, -0.609675, -0.637393, 
27, -0.550222, 0.603434, -0.646228, 0.788091, -0.592223, -0.655261, 
27, -0.555225, 0.630818, -0.694164, 0.805306, -0.574288, -0.675577, 
28, -0.114533, -0.331433, 0.431462, 1.21459, -0.95536, -1.14987, 
28, -0.12934, -0.316073, 0.41597, 1.20949, -0.941517, -1.14365, 
28, -0.143507, -0.300909, 0.400588, 1.20399, -0.928256, -1.13722, 
28, -0.157916, -0.28482, 0.384045, -1.94213, 0.914729, 2.0099, 
28, -0.171698, -0.268949, 0.367614, 1.19462, -0.901757, -1.12604, 
28, -0.185194, -0.252944, 0.350876, 1.18982, -0.88806, -1.12055, 
28, -0.198374, -0.236637, 0.333677, 1.18525, -0.876427, -1.11527, 
28, -0.211225, -0.220269, 0.316236, 1.18077, -0.864251, -1.11024, 
28, -0.223318, -0.20449, 0.299283, 1.1778, -0.85266, -1.10685, 
28, -0.235754, -0.187559, 0.280886, 1.1724, -0.840699, -1.10107, 
28, -0.247818, -0.170625, 0.262291, 1.168, -0.828982, -1.09637, 
28, -0.259556, -0.153628, 0.243432, 1.16413, -0.81749, -1.0923, 
28, -0.270995, -0.13654, 0.224274, 1.16062, -0.806201, -1.08868, 
28, -0.282151, -0.119346, 0.204797, 1.15742, -0.795094, -1.08544, 
28, -0.293036, -0.102039, 0.184987, 1.1545, -0.784154, -1.08257, 
28, -0.303661, -0.0846154, 0.164834, 1.15186, -0.773366, -1.08006, 
28, -0.314034, -0.0670713, 0.144329, 1.14953, -0.762716, -1.07793, 
28, -0.324162, -0.0494037, 0.123464, 1.14752, -0.752194, -1.0762, 
28, -0.334053, -0.0316097, 0.102229, 1.14584, -0.741788, -1.07488, 
28, -0.343712, -0.0136859, 0.0806164, 1.14452, -0.731489, -1.07398, 
28, -0.353148, 0.00437176, 0.0586159, 1.14359, -0.721286, -1.07355, 
28, -0.362366, 0.0225678, 0.0362172, 1.14306, -0.711172, -1.07358, 
28, -0.371371, 0.0409075, 0.013409, 1.14296, -0.701138, -1.07411, 
28, -0.380171, 0.0593972, -0.00982131, 1.14331, -0.691177, -1.07517, 
28, -0.38877, 0.0780436, -0.0334873, 1.14415, -0.68128, -1.07677, 
28, -0.397174, 0.0968549, -0.057604, 1.14549, -0.671441, -1.07895, 
28, -0.405389, 0.11584, -0.0821882, 1.14738, -0.661654, -1.08173, 
28, -0.41342, 0.135009, -0.107258, 1.14985, -0.651914, -1.08516, 
28, -0.421271, 0.154372, -0.132834, 1.15293, -0.642214, -1.08926, 
28, -0.428949, 0.173943, -0.158938, 1.15665, -0.632551, -1.09408, 
28, -0.436457, 0.193736, -0.185595, 1.16108, -0.622922, -1.09965, 
28, -0.443801, 0.213766, -0.212833, 1.16624, -0.613322, -1.10603, 
28, -0.450985, 0.23405, -0.240682, 1.17219, -0.603751, -1.11327, 
28, -0.458013, 0.254608, -0.269177, 1.17898, -0.594207, -1.12142, 
28, -0.46489, 0.275462, -0.298356, 1.18669, -0.584692, -1.13054, 
28, -0.47162, 0.296636, -0.328262, 1.19537, -0.575207, -1.14072, 
28, -0.478206, 0.318158, -0.358943, 1.20511, -0.565756, -1.15203, 
28, -0.484652, 0.340057, -0.390452, 1.216, -0.556346, -1.16455, 
28, -0.490962, 0.362368, -0.422851, 1.22814, -0.546987, -1.17842, 
28, -0.497139, 0.385127, -0.456205, 1.24168, -0.537693, -1.19377, 
28, -0.503183, 0.408374, -0.490587, 1.25686, -0.528483, -1.21083, 
28, -0.509097, 0.432147, -0.526069, 1.27408, -0.519372, -1.23003, 
28, -0.514877, 0.456473, -0.562707, 1.29425, -0.510367, -1.25226, 
28, -0.52065, 0.482102, -0.601672, 1.31429, -0.501316, -1.27468, 
28, -0.526227, 0.508111, -0.641573, 1.33735, -0.492485, -1.30012, 
28, -0.531695, 0.535066, -0.683308, 1.36306, -0.484068, -1.32836, 
28, -0.537051, 0.563046, -0.727033, 1.39163, -0.47542, -1.35962, 
28, -0.542304, 0.592348, -0.773259, 1.42373, -0.467986, -1.39463, 
30, -0.483296, 0.538173, -0.41549, 0.654887, -0.918828, -0.444895, 
30, -0.491228, 0.561104, -0.460031, 0.659427, -0.896906, -0.453719, 
30, -0.49899, 0.585128, -0.506448, 0.664987, -0.874495, -0.463617, 
30, -0.506587, 0.610377, -0.554985, 0.671722, -0.851522, -0.474769, 
30, -0.514023, 0.637016, -0.605943, 0.679826, -0.8279, -0.4874, 
31, -0.409507, 0.333788, -0.218556, 0.877401, -0.863144, -0.730171, 
31, -0.419048, 0.354489, -0.252866, 0.880218, -0.847158, -0.736038, 
31, -0.428377, 0.375729, -0.288173, 0.883788, -0.831047, -0.742699, 
31, -0.437501, 0.397548, -0.324553, 0.888181, -0.814792, -0.750235, 
31, -0.446425, 0.419994, -0.362094, 0.893482, -0.798376, -0.758739, 
31, -0.455155, 0.443121, -0.400899, 0.899789, -0.781778, -0.768319, 
31, -0.463694, 0.466997, -0.441091, 0.907217, -0.764977, -0.779107, 
31, -0.472048, 0.491699, -0.482816, 0.915909, -0.747948, -0.791256, 
31, -0.480222, 0.517325, -0.526247, 0.926034, -0.730666, -0.804958, 
31, -0.48822, 0.543991, -0.571601, 0.937804, -0.713102, -0.820444, 
31, -0.496048, 0.571846, -0.619144, 0.951482, -0.695225, -0.838005, 
31, -0.503709, 0.601075, -0.669214, 0.967406, -0.676999, -0.858013, 
31, -0.511208, 0.631921, -0.722249, 0.986013, -0.658383, -0.880951, 
32, 0.207787, -0.298759, 0.406076, 1.32164, -1.35312, -1.27241, 
32, 0.064444, -0.237438, 0.329414, 1.29958, -1.21148, -1.24869, 
32, 0.0451591, -0.226701, 0.31667, -1.84495, 1.19168, 1.89606, 
32, 0.0263971, -0.215366, 0.303338, -1.8482, 1.17392, 1.89981, 
32, -0.415661, 0.34452, -0.413037, 1.31258, -0.70641, -1.28033, 
34, -0.421976, 0.492329, -0.365805, 0.762023, -0.992895, -0.56334, 
34, -0.432945, 0.515826, -0.410417, 0.765231, -0.970133, -0.571425, 
34, -0.443663, 0.540468, -0.456973, 0.769484, -0.946975, -0.580615, 
34, -0.454136, 0.566378, -0.505705, 0.774925, -0.923359, -0.591084, 
34, -0.464371, 0.593711, -0.5569, 0.781735, -0.899209, -0.603049, 
34, -0.474374, 0.622661, -0.610919, 0.790146, -0.874435, -0.616785, 
34, -0.48415, 0.653482, -0.668228, 0.800461, -0.848928, -0.63265, 
35, -0.320603, 0.289469, -0.172491, 0.977826, -0.985738, -0.840257, 
35, -0.333882, 0.309897, -0.205773, 0.978591, -0.967613, -0.844236, 
35, -0.34686, 0.330965, -0.240158, 0.980041, -0.949467, -0.848952, 
35, -0.359544, 0.352705, -0.275716, 0.982237, -0.931279, -0.854476, 
35, -0.371939, 0.375157, -0.312531, 0.985251, -0.91303, -0.860894, 
35, -0.384051, 0.398369, -0.350697, 0.989168, -0.894699, -0.868302, 
35, -0.395888, 0.422399, -0.390329, 0.994087, -0.876262, -0.876814, 
35, -0.407454, 0.447317, -0.431564, 1.00012, -0.857697, -0.886565, 
35, -0.418756, 0.473212, -0.474565, 1.00742, -0.838976, -0.897715, 
35, -0.4298, 0.500189, -0.519531, 1.01614, -0.820073, -0.91046, 
35, -0.440592, 0.528381, -0.566712, 1.0265, -0.800958, -0.92504, 
35, -0.451139, 0.55796, -0.616416, 1.03877, -0.781596, -0.941757, 
35, -0.461446, 0.589142, -0.669045, 1.05328, -0.761951, -0.960997, 
35, -0.471519, 0.62222, -0.725127, 1.07047, -0.74198, -0.983266, 
36, 0.417872, -0.153356, 0.274223, -1.78333, 1.62519, 1.82884, 
36, 0.394804, -0.154768, 0.271429, -1.78601, 1.60191, 1.82959, 
36, 0.371726, -0.155379, 0.267939, -1.78863, 1.57864, 1.83051, 
36, 0.348713, -0.155294, 0.263824, -1.79086, 1.55483, 1.83145, 
36, 0.325647, -0.154229, 0.258878, -1.79355, 1.5321, 1.83273, 
36, 0.302665, -0.152439, 0.253289, -1.79607, 1.50907, 1.83417, 
36, 0.279777, -0.14988, 0.247016, -1.79846, 1.48605, 1.83568, 
36, 0.256886, -0.146592, 0.240212, -1.80085, 1.46306, 1.83741, 
36, 0.234354, -0.142441, 0.232404, -1.80306, 1.44038, 1.83903, 
36, 0.211864, -0.137582, 0.22407, -1.80531, 1.41778, 1.84086, 
36, 0.189563, -0.131988, 0.215076, -1.80764, 1.39533, 1.84288, 
36, 0.167489, -0.125704, 0.205475, -1.81031, 1.37288, 1.84532, 
36, 0.145498, -0.118568, 0.194943, -1.81178, 1.35111, 1.8467, 
36, 0.123815, -0.1108, 0.183869, -1.81386, 1.32932, 1.84872, 
36, 0.102381, -0.102342, 0.172115, -1.81585, 1.30774, 1.85072, 
36, 0.0812188, -0.0932182, 0.159688, -1.81771, 1.28637, 1.85261, 
36, 0.0603604, -0.0834633, 0.146605, -1.81923, 1.26512, 1.85421, 
36, 0.0396837, -0.0729382, 0.132728, -1.82169, 1.24468, 1.8567, 
36, 0.0193701, -0.061854, 0.11823, -1.82349, 1.22418, 1.85855, 
36, -0.000632091, -0.0501581, 0.10305, -1.82522, 1.20391, 1.86032, 
36, -0.0203059, -0.0378958, 0.0872229, -1.82693, 1.18366, 1.86201, 
36, -0.0396844, -0.0249379, 0.0705667, -1.82826, 1.16441, 1.86337, 
36, -0.0587138, -0.0114596, 0.05328, -1.82962, 1.14506, 1.86465, 
36, -0.0774053, 0.0025833, 0.0352828, -1.83077, 1.12599, 1.8657, 
36, -0.0957402, 0.0171669, 0.0165884, 1.30989, -1.10722, -1.27513, 
36, -0.113775, 0.0323364, -0.00288669, -1.83266, 1.0887, 1.86711, 
36, -0.131439, 0.0478261, -0.0228736, 1.30822, -1.07041, -1.27414, 
36, -0.148497, 0.0639124, -0.0435594, 1.30907, -1.05276, -1.27514, 
36, -0.165733, 0.0809353, -0.0656669, 1.30798, -1.03484, -1.27477, 
36, -0.182366, 0.0982382, -0.0881945, 1.30812, -1.01742, -1.27557, 
36, -0.380746, 0.398943, -0.503441, 1.36889, -0.798066, -1.35847, 
36, -0.392638, 0.425594, -0.542601, 1.38003, -0.78352, -1.3725, 
36, -0.404274, 0.45341, -0.583904, 1.39281, -0.770211, -1.38836, 
36, -0.41565, 0.481995, -0.626692, -1.73439, 0.75602, 1.73542, 
36, -0.426753, 0.512468, -0.67298, -1.71794, 0.743185, 1.71529, 
36, -0.43761, 0.54422, -0.721661, -1.6993, 0.730446, 1.69258, 
36, -0.448206, 0.577621, -0.773442, -1.67728, 0.717474, 1.6661, 
37, -0.40808, 0.558677, -0.394009, 0.705147, -1.12459, -0.463451, 
37, -0.421121, 0.582827, -0.444777, 0.706865, -1.09598, -0.471772, 
37, -0.43385, 0.60868, -0.498306, 0.709748, -1.06676, -0.481294, 
38, -0.364256, 0.459265, -0.334067, 0.836625, -1.06422, -0.649721, 
38, -0.378348, 0.483076, -0.378571, 0.838439, -1.03996, -0.656635, 
38, -0.392106, 0.508155, -0.425186, 0.841311, -1.01539, -0.664684, 
38, -0.405536, 0.534624, -0.47415, 0.845384, -0.990425, -0.674046, 
38, -0.418647, 0.562641, -0.525763, 0.850837, -0.964997, -0.684943, 
38, -0.431445, 0.592411, -0.580408, 0.8579, -0.939013, -0.697657, 
38, -0.443936, 0.624206, -0.638587, 0.866877, -0.91236, -0.712561, 
39, -0.217225, 0.243187, -0.116871, 1.0435, -1.11987, -0.915046, 
39, -0.234673, 0.261829, -0.147295, 1.04218, -1.09898, -0.916742, 
39, -0.251741, 0.281254, -0.178925, 1.04142, -1.07818, -0.919037, 
39, -0.268432, 0.30148, -0.211817, 1.04126, -1.05746, -0.921998, 
39, -0.284748, 0.322531, -0.246035, 1.04178, -1.03679, -0.925698, 
39, -0.300694, 0.344439, -0.281659, 1.04302, -1.01615, -0.930221, 
39, -0.316274, 0.367242, -0.318778, 1.04508, -0.995511, -0.935662, 
39, -0.331495, 0.390993, -0.357504, 1.04805, -0.97486, -0.942131, 
39, -0.346361, 0.415753, -0.397967, 1.05203, -0.954166, -0.949755, 
39, -0.360879, 0.441602, -0.440326, 1.05714, -0.933401, -0.958684, 
39, -0.375055, 0.468638, -0.484773, 1.06355, -0.912537, -0.969099, 
39, -0.388894, 0.496986, -0.531549, 1.07144, -0.891539, -0.98122, 
39, -0.402405, 0.526808, -0.580956, 1.08103, -0.870371, -0.995319, 
39, -0.415593, 0.558309, -0.633379, 1.09263, -0.848995, -1.01174, 
39, -0.428466, 0.591766, -0.689325, 1.10661, -0.827364, -1.03094, 
39, -0.441031, 0.627556, -0.749484, 1.12349, -0.805425, -1.05352, 
40, 0.37936, -0.0287228, 0.114405, -1.78456, 1.6298, 1.80026, 
40, 0.355151, -0.0304731, 0.112103, -1.78654, 1.60535, 1.80149, 
40, 0.330906, -0.0313087, 0.108914, -1.78846, 1.58085, 1.80282, 
40, 0.306648, -0.0312362, 0.104853, -1.79031, 1.55631, 1.80428, 
40, 0.282401, -0.0302673, 0.0999417, -1.79212, 1.5317, 1.80593, 
40, 0.258197, -0.0284255, 0.094222, -1.79387, 1.50691, 1.80785, 
40, 0.2343, -0.0251584, 0.0868503, -1.79535, 1.48346, 1.80828, 
40, 0.21036, -0.021343, 0.0790981, -1.79692, 1.45929, 1.80979, 
40, 0.186566, -0.016624, 0.070445, -1.79839, 1.43525, 1.8113, 
40, 0.163003, -0.0110399, 0.0609363, -1.79954, 1.41143, 1.81272, 
40, 0.139475, -0.00449882, 0.0504105, -1.80128, 1.38765, 1.81432, 
40, 0.116245, 0.00288038, 0.0390348, -1.80258, 1.36415, 1.81578, 
40, 0.0932423, 0.0111249, 0.0267386, -1.80379, 1.34085, 1.81716, 
40, 0.0706591, 0.0201514, 0.0142873, -1.80466, 1.31812, 1.81911, 
40, 0.0480286, 0.0301478, -0.000599929, 1.33566, -1.29496, -1.32196, 
40, 0.0258602, 0.0408818, -0.0156266, 1.33473, -1.27227, -1.32092, 
40, 0.00397704, 0.0524564, -0.0316337, 1.33398, -1.25004, -1.32004, 
40, -0.017569, 0.0648323, -0.0485909, 1.3334, -1.22809, -1.31943, 
40, -0.0386712, 0.0778828, -0.0663465, 1.33362, -1.20641, -1.31943, 
40, -0.0596217, 0.0918824, -0.0852956, 1.33275, -1.18495, -1.31892, 
40, -0.0797463, 0.106142, -0.104439, 1.33245, -1.16424, -1.31886, 
40, -0.10032, 0.121995, -0.12597, 1.33319, -1.14287, -1.31969, 
40, -0.120121, 0.138291, -0.147946, -1.80812, 1.12233, 1.82106, 
40, -0.139555, 0.1546, -0.170139, -1.80773, 1.10176, 1.82006, 
40, -0.158567, 0.172966, -0.194876, -1.806, 1.08208, 1.81777, 
40, -0.177228, 0.19144, -0.220003, 1.33719, -1.0624, -1.32624, 
40, -0.195494, 0.210652, -0.246249, 1.3393, -1.04301, -1.32929, 
40, -0.213398, 0.230652, -0.273724, 1.34189, -1.02386, -1.333, 
40, -0.230911, 0.251418, -0.302419, 1.34507, -1.00499, -1.33747, 
40, -0.248047, 0.273015, -0.332469, 1.34889, -0.986496, -1.34274, 
40, -0.264806, 0.295419, -0.363861, 1.35342, -0.968216, -1.34892, 
40, -0.28119, 0.318693, -0.396733, -1.78284, 0.950206, 1.78547, 
40, -0.297204, 0.342862, -0.431147, -1.77661, 0.932443, 1.77715, 
40, -0.312852, 0.367995, -0.467252, -1.76932, 0.914988, 1.76756, 
40, -0.328144, 0.394178, -0.505212, 1.38055, -0.897792, -1.38493, 
40, -0.343025, 0.421335, -0.544942, 1.39035, -0.880956, -1.39751, 
40, -0.35766, 0.449957, -0.587274, 1.4012, -0.864127, -1.41164, 
40, -0.371844, 0.47965, -0.631617, 1.41506, -0.847936, -1.42875, 
40, -0.385814, 0.511316, -0.679456, 1.42854, -0.831994, -1.44648, 
40, -0.399388, 0.544546, -0.73021, -1.6962, 0.816416, 1.67385, 
40, -0.41269, 0.57856, -0.782308, -1.67786, 0.801276, 1.65078, 
41, -0.347144, 0.510039, -0.326881, 0.764498, -1.19739, -0.529202, 
41, -0.363484, 0.53315, -0.375456, 0.764157, -1.1679, -0.535686, 
41, -0.379421, 0.557961, -0.42671, 0.764909, -1.13793, -0.543257, 
41, -0.394963, 0.584634, -0.480961, 0.766899, -1.10738, -0.552119, 
41, -0.410117, 0.61338, -0.538616, 0.770312, -1.07614, -0.562523, 
42, -0.292829, 0.413647, -0.273852, 0.890862, -1.15503, -0.711941, 
42, -0.310486, 0.436121, -0.315825, 0.890468, -1.12915, -0.716502, 
42, -0.327723, 0.45993, -0.359923, 0.891018, -1.10307, -0.722068, 
42, -0.344546, 0.485168, -0.406339, 0.892625, -1.07673, -0.728789, 
42, -0.360959, 0.511957, -0.45532, 0.895431, -1.05007, -0.736849, 
42, -0.376969, 0.540454, -0.507172, 0.899614, -1.023, -0.746476, 
42, -0.392582, 0.570868, -0.562293, 0.905402, -0.995439, -0.757957, 
42, -0.407807, 0.603477, -0.621204, 0.913096, -0.967267, -0.771671, 
42, -0.42265, 0.638663, -0.684613, 0.923104, -0.938339, -0.788125, 
43, -0.110427, 0.216479, -0.0856173, 1.09232, -1.24974, -0.977505, 
43, -0.132001, 0.232167, -0.112154, 1.08953, -1.22575, -0.977231, 
43, -0.153162, 0.248862, -0.14007, 1.08719, -1.20192, -0.977431, 
43, -0.173902, 0.266565, -0.169407, 1.08533, -1.17825, -0.978169, 
43, -0.194217, 0.285288, -0.200218, 1.08401, -1.15471, -0.979513, 
43, -0.214104, 0.305045, -0.232564, 1.08329, -1.1313, -0.981539, 
43, -0.233561, 0.325858, -0.266517, 1.08322, -1.108, -0.984333, 
43, -0.252586, 0.347759, -0.302168, 1.0839, -1.08477, -0.98799, 
43, -0.271182, 0.370792, -0.339622, 1.08539, -1.0616, -0.992619, 
43, -0.289351, 0.39501, -0.379008, 1.08781, -1.03847, -0.998347, 
43, -0.307094, 0.420487, -0.420483, 1.09128, -1.01533, -1.00532, 
43, -0.32425, 0.446934, -0.463535, 1.09442, -0.992333, -1.01178, 
43, -0.341167, 0.475228, -0.509812, 1.10056, -0.969126, -1.02195, 
43, -0.357672, 0.505144, -0.558905, 1.10831, -0.945818, -1.03401, 
43, -0.373771, 0.536885, -0.611202, 1.11792, -0.922364, -1.04832, 
43, -0.38947, 0.570722, -0.667212, 1.12977, -0.898714, -1.0653, 
43, -0.404777, 0.607028, -0.727626, 1.14434, -0.874809, -1.08554, 
44, 0.334336, 0.063933, -0.0155295, -1.78794, 1.6169, -4.51056, 
44, 0.231445, 0.065066, -0.0327144, 1.34952, -1.51271, -1.36268, 
44, 0.155045, 0.077345, -0.0576814, 1.34717, -1.43543, -1.35817, 
44, 0.130517, 0.0832131, -0.0676065, 1.34743, -1.41063, -1.35669, 
44, 0.104958, 0.090946, -0.0801756, 1.34606, -1.38462, -1.35568, 
44, 0.0801892, 0.0993787, -0.093262, 1.34553, -1.3594, -1.35467, 
44, 0.0558745, 0.108754, -0.107372, 1.34599, -1.33462, -1.35417, 
44, 0.0315738, 0.119355, -0.122965, 1.34523, -1.30987, -1.35327, 
44, 0.0076997, 0.13091, -0.139664, 1.34521, -1.28546, -1.35289, 
44, -0.0158336, 0.143483, -0.157598, 1.34545, -1.26132, -1.35285, 
44, -0.0393075, 0.156625, -0.175843, 1.34542, -1.23679, -1.35208, 
44, -0.0620544, 0.171345, -0.196592, 1.34636, -1.21371, -1.3533, 
44, -0.0844338, 0.187017, -0.218561, 1.34754, -1.19062, -1.35474, 
44, -0.106436, 0.203668, -0.241829, 1.34903, -1.16771, -1.35657, 
44, -0.128048, 0.221309, -0.266456, 1.35089, -1.14508, -1.3589, 
44, -0.149257, 0.239951, -0.292502, 1.35318, -1.12274, -1.36183, 
44, -0.170053, 0.259604, -0.320024, 1.35597, -1.1007, -1.36546, 
44, -0.190429, 0.280284, -0.349089, 1.35934, -1.07895, -1.36988, 
44, -0.210378, 0.302009, -0.379767, 1.36337, -1.05746, -1.37521, 
44, -0.229894, 0.324796, -0.412127, 1.36814, -1.03615, -1.38154, 
44, -0.248988, 0.349115, -0.447007, 1.37374, -1.01613, -1.3888, 
44, -0.267659, 0.37433, -0.483346, 1.38032, -0.995765, -1.39749, 
44, -0.285901, 0.400825, -0.521845, 1.388, -0.975731, -1.4076, 
44, -0.303698, 0.428654, -0.562635, 1.39689, -0.956058, -1.41925, 
44, -0.321117, 0.458101, -0.606245, 1.40734, -0.936637, -1.43294, 
44, -0.338098, 0.489177, -0.652726, 1.41941, -0.917668, -1.44866, 
44, -0.354662, 0.522176, -0.702631, 1.4335, -0.899112, -1.46694, 
44, -0.370827, 0.5574, -0.756525, 1.44986, -0.880966, -1.48811, 
44, -0.386582, 0.595184, -0.815038, 1.46898, -0.863094, -1.51277, 
48, -1.08345, 0.566243, -0.393611, -0.476682, -1.47912, 1.06359, 
48, -1.07832, 0.568835, -0.413562, -0.476194, -1.46138, 1.06707, 
48, -1.07322, 0.571915, -0.434175, -0.475872, -1.44348, 1.07065, 
48, -1.06814, 0.575484, -0.455445, -0.475719, -1.42545, 1.07432, 
48, -1.06309, 0.579561, -0.477406, -0.47574, -1.40725, 1.0781, 
48, -1.05807, 0.584165, -0.5001, -0.475945, -1.38888, 1.082, 
48, -1.05308, 0.589317, -0.523566, -0.47634, -1.37032, 1.08605, 
48, -1.04812, 0.59504, -0.547853, -0.476937, -1.35156, 1.09026, 
48, -1.04319, 0.601364, -0.573013, -0.477745, -1.33256, 1.09464, 
48, -1.03828, 0.608319, -0.599104, -0.47878, -1.31332, 1.09924, 
48, -1.0334, 0.615942, -0.626196, -0.480057, -1.29379, 1.10406, 
48, -1.02855, 0.624276, -0.654369, -0.481593, -1.27396, 1.10915, 
48, -1.02373, 0.633371, -0.683717, -0.483413, -1.25378, 1.11453, 
48, -1.01894, 0.643289, -0.714351, -0.485542, -1.23322, 1.12024, 
48, -1.01417, 0.6541, -0.746405, -0.488013, -1.21223, 1.12635, 
48, -1.00943, 0.665895, -0.780042, -0.490866, -1.19073, 1.1329, 
48, -1.00472, 0.678783, -0.815462, -0.49415, -1.16867, 1.13997, 
49, -1.08983, 0.580148, -0.825002, -0.681733, -1.08106, 1.34501, 
49, -1.08466, 0.594071, -0.857624, -0.687349, -1.06341, 1.35406, 
49, -1.07952, 0.608997, -0.891939, -0.693567, -1.04531, 1.36386, 
49, -1.07441, 0.625065, -0.928202, -0.700478, -1.02668, 1.37456, 
49, -1.06933, 0.642454, -0.966734, -0.708203, -1.00743, 1.3863, 
49, -1.06428, 0.661398, -1.00796, -0.716896, -0.987438, 1.39931, 
49, -1.05925, 0.682212, -1.05244, -0.726765, -0.966542, 1.41386, 
53, -0.8134, 0.52821, -0.349286, -0.170823, -1.37683, 0.685228, 
53, -0.811167, 0.534417, -0.380685, -0.170858, -1.35151, 0.687121, 
53, -0.808555, 0.542872, -0.416996, -0.171009, -1.32363, 0.689383, 
53, -0.80598, 0.552441, -0.454803, -0.171325, -1.29537, 0.691756, 
53, -0.803439, 0.563191, -0.494246, -0.171821, -1.26667, 0.694266, 
53, -0.800931, 0.575204, -0.535489, -0.172511, -1.23745, 0.696937, 
53, -0.798456, 0.588581, -0.578731, -0.173416, -1.2076, 0.699803, 
53, -0.796011, 0.603448, -0.624216, -0.174561, -1.17702, 0.702902, 
53, -0.793597, 0.619965, -0.672245, -0.175979, -1.14557, 0.706281, 
53, -0.791212, 0.638335, -0.7232, -0.177712, -1.11308, 0.71, 
53, -0.788857, 0.658825, -0.777575, -0.179819, -1.07931, 0.714137, 
54, -0.855651, 0.356323, -0.104791, -0.21956, -1.39513, 0.702547, 
54, -0.852543, 0.361838, -0.132478, -0.219175, -1.37283, 0.704459, 
54, -0.849473, 0.368004, -0.160914, -0.218917, -1.35044, 0.706415, 
54, -0.846441, 0.374832, -0.190133, -0.218788, -1.32794, 0.708426, 
54, -0.843446, 0.382337, -0.220171, -0.218794, -1.3053, 0.710504, 
54, -0.840488, 0.390534, -0.251073, -0.218939, -1.28251, 0.712661, 
54, -0.837565, 0.399446, -0.282887, -0.21923, -1.25952, 0.71491, 
54, -0.835035, 0.408279, -0.313049, -0.219681, -1.23803, 0.717041, 
54, -0.832155, 0.418652, -0.346912, -0.220269, -1.21448, 0.719504, 
54, -0.829313, 0.429824, -0.381854, -0.221029, -1.19066, 0.722104, 
54, -0.826507, 0.441836, -0.417963, -0.221977, -1.16654, 0.724862, 
54, -0.823738, 0.454738, -0.455342, -0.223127, -1.14205, 0.727803, 
54, -0.821003, 0.468586, -0.494108, -0.2245, -1.11715, 0.730954, 
54, -0.818303, 0.483455, -0.534404, -0.22612, -1.09176, 0.734349, 
54, -0.815636, 0.49943, -0.576397, -0.228017, -1.06581, 0.738028, 
54, -0.813002, 0.516619, -0.620292, -0.230228, -1.0392, 0.742038, 
54, -0.810401, 0.535156, -0.66634, -0.2328, -1.01183, 0.74644, 
54, -0.807831, 0.555209, -0.71485, -0.235793, -0.983553, 0.751308, 
54, -0.805292, 0.57699, -0.766219, -0.239283, -0.954199, 0.756738, 
54, -0.802783, 0.60078, -0.820957, -0.243375, -0.923548, 0.762855, 
54, -0.800111, 0.631305, -0.888079, -0.249422, -0.887596, 0.771604, 
55, -0.931361, 0.121725, 0.169975, -0.307538, -1.37515, 0.756371, 
55, -0.927271, 0.127055, 0.147437, -0.306699, -1.35756, 0.75786, 
55, -0.923237, 0.132788, 0.124514, -0.305974, -1.34, 0.75937, 
55, -0.919257, 0.138916, 0.1012, -0.305361, -1.32245, 0.760907, 
55, -0.915331, 0.14544, 0.0774872, -0.304861, -1.30491, 0.762478, 
55, -0.911458, 0.152358, 0.0533628, -0.304475, -1.28736, 0.76409, 
55, -0.907636, 0.159673, 0.0288147, -0.304205, -1.26979, 0.765749, 
55, -0.903866, 0.167386, 0.00382917, -0.304054, -1.2522, 0.767464, 
55, -0.900145, 0.1755, -0.0216092, -0.304024, -1.23457, 0.769241, 
55, -0.896474, 0.18402, -0.0475175, -0.304119, -1.2169, 0.771091, 
55, -0.892851, 0.19295, -0.0739145, -0.304342, -1.19915, 0.77302, 
55, -0.889275, 0.202297, -0.100821, -0.304698, -1.18134, 0.775038, 
55, -0.885745, 0.212069, -0.128261, -0.305194, -1.16343, 0.777157, 
55, -0.882262, 0.222277, -0.15626, -0.305835, -1.14542, 0.779385, 
55, -0.878823, 0.232932, -0.184847, -0.306628, -1.12728, 0.781736, 
55, -0.875429, 0.244047, -0.214055, -0.307583, -1.10901, 0.784223, 
55, -0.872077, 0.255638, -0.243919, -0.30871, -1.09058, 0.786859, 
55, -0.868769, 0.267725, -0.274482, -0.310019, -1.07198, 0.789662, 
55, -0.865502, 0.280329, -0.305789, -0.311526, -1.05317, 0.792649, 
55, -0.862663, 0.292628, -0.335238, -0.313298, -1.03574, 0.795667, 
55, -0.859458, 0.306272, -0.36814, -0.31521, -1.01643, 0.799033, 
55, -0.856296, 0.320513, -0.401942, -0.317368, -0.996854, 0.802646, 
55, -0.853174, 0.335391, -0.436717, -0.319796, -0.976978, 0.806537, 
55, -0.850092, 0.350948, -0.472552, -0.322522, -0.956765, 0.81074, 
55, -0.84705, 0.367236, -0.509547, -0.32558, -0.936169, 0.815294, 
55, -0.844046, 0.384317, -0.547818, -0.32901, -0.915142, 0.820248, 
55, -0.84108, 0.402265, -0.587504, -0.332861, -0.893625, 0.825659, 
55, -0.838151, 0.421167, -0.628769, -0.337192, -0.87155, 0.831595, 
55, -0.834988, 0.443386, -0.676596, -0.342797, -0.846671, 0.839346, 
55, -0.832137, 0.464947, -0.72237, -0.348563, -0.822953, 0.846904, 
55, -0.829321, 0.487999, -0.770707, -0.355177, -0.79828, 0.855411, 
55, -0.826538, 0.512811, -0.822098, -0.362832, -0.772461, 0.86509, 
55, -0.823788, 0.539754, -0.877212, -0.371804, -0.745231, 0.87625, 
55, -0.82107, 0.569357, -0.937005, -0.382492, -0.716221, 0.889344, 
55, -0.818385, 0.602422, -1.00292, -0.39552, -0.684875, 0.905073, 
56, -0.937998, 0.0664396, -0.183713, -0.501964, -0.909902, 0.970091, 
56, -0.933836, 0.0797919, -0.209936, -0.504518, -0.896636, 0.973388, 
56, -0.929731, 0.0934284, -0.236628, -0.507322, -0.883246, 0.976952, 
56, -0.925682, 0.107364, -0.263817, -0.510391, -0.869721, 0.980804, 
56, -0.921688, 0.121614, -0.291534, -0.513748, -0.85605, 0.984967, 
56, -0.917748, 0.136197, -0.319815, -0.517414, -0.842221, 0.989467, 
56, -0.91386, 0.151133, -0.348696, -0.521416, -0.828221, 0.994334, 
56, -0.910025, 0.166445, -0.378221, -0.525784, -0.814035, 0.999599, 
56, -0.90624, 0.182159, -0.408438, -0.530552, -0.799647, 1.0053, 
56, -0.902506, 0.198304, -0.439403, -0.53576, -0.785038, 1.01149, 
56, -0.89882, 0.214915, -0.471177, -0.541453, -0.77019, 1.0182, 
56, -0.895183, 0.23203, -0.503833, -0.547685, -0.755079, 1.02551, 
56, -0.891594, 0.249695, -0.537453, -0.554521, -0.73968, 1.03348, 
56, -0.888051, 0.267962, -0.572134, -0.562034, -0.723964, 1.04219, 
56, -0.884554, 0.286894, -0.607989, -0.570318, -0.707897, 1.05174, 
56, -0.881101, 0.306565, -0.645155, -0.579481, -0.69144, 1.06226, 
56, -0.877694, 0.327066, -0.683795, -0.589661, -0.674547, 1.07388, 
56, -0.874329, 0.348507, -0.724108, -0.601027, -0.657161, 1.0868, 
56, -0.871007, 0.371025, -0.766344, -0.613796, -0.639215, 1.10126, 
56, -0.867728, 0.394797, -0.810819, -0.628249, -0.620624, 1.11754, 
56, -0.864489, 0.42005, -0.857945, -0.644762, -0.601283, 1.13607, 
56, -0.861291, 0.447091, -0.908275, -0.663847, -0.58105, 1.15738, 
56, -0.858133, 0.476346, -0.962576, -0.686233, -0.559738, 1.18227, 
56, -0.855014, 0.508439, -1.02197, -0.713005, -0.537078, 1.2119, 
56, -0.851934, 0.544329, -1.08817, -0.745877, -0.51267, 1.24812, 
59, -0.68023, 0.44059, -0.216705, 0.00146344, -1.37682, 0.451193, 
59, -0.680317, 0.449028, -0.256711, 0.00143695, -1.34525, 0.451234, 
59, -0.680403, 0.4588, -0.29838, 0.00141208, -1.31335, 0.451274, 
59, -0.680488, 0.469967, -0.341849, 0.00138884, -1.28105, 0.451315, 
59, -0.680572, 0.482603, -0.38728, 0.00136728, -1.24826, 0.451355, 
59, -0.680655, 0.496804, -0.434876, 0.00134747, -1.21486, 0.451395, 
59, -0.680737, 0.512695, -0.484884, 0.00132951, -1.18074, 0.451434, 
59, -0.680817, 0.530436, -0.537622, 0.00131352, -1.14575, 0.451472, 
59, -0.680897, 0.550238, -0.593492, 0.0012997, -1.10968, 0.451508, 
59, -0.680975, 0.572382, -0.653025, 0.00128831, -1.07229, 0.451543, 
59, -0.681053, 0.597253, -0.716936, 0.00127971, -1.03325, 0.451576, 
59, -0.68113, 0.625393, -0.786226, 0.00127441, -0.9921, 0.451605, 
60, -0.679534, 0.289267, -0.036617, -0.000663273, -1.3472, 0.424785, 
60, -0.679635, 0.297489, -0.0714923, -0.000715488, -1.32055, 0.424905, 
60, -0.679735, 0.30662, -0.107385, -0.000768176, -1.29379, 0.425027, 
60, -0.679833, 0.316676, -0.144351, -0.000821498, -1.26688, 0.425149, 
60, -0.679929, 0.327679, -0.182458, -0.000875631, -1.23977, 0.425274, 
60, -0.680024, 0.339657, -0.221783, -0.000930775, -1.21243, 0.4254, 
60, -0.680117, 0.35265, -0.262418, -0.000987155, -1.18479, 0.425528, 
60, -0.680209, 0.366703, -0.304471, -0.00104503, -1.15679, 0.425659, 
60, -0.680299, 0.381877, -0.34807, -0.00110471, -1.12836, 0.425792, 
60, -0.680388, 0.398246, -0.393371, -0.00116655, -1.09943, 0.425928, 
60, -0.680476, 0.415902, -0.440562, -0.00123098, -1.06989, 0.426068, 
60, -0.680562, 0.434963, -0.489872, -0.00129856, -1.03965, 0.426211, 
60, -0.680647, 0.455579, -0.541588, -0.00136996, -1.00855, 0.42636, 
60, -0.680731, 0.47794, -0.596074, -0.00144607, -0.976421, 0.426515, 
60, -0.680813, 0.502301, -0.6538, -0.00152806, -0.943055, 0.426676, 
60, -0.680895, 0.528999, -0.715395, -0.00161755, -0.908159, 0.426848, 
60, -0.680975, 0.558506, -0.781719, -0.00171688, -0.871342, 0.427031, 
60, -0.681055, 0.5915, -0.854007, -0.00182956, -0.832049, 0.427231, 
61, -0.678362, 0.0697868, 0.227482, -0.00582182, -1.31653, 0.393479, 
61, -0.678491, 0.07803, 0.197877, -0.00592578, -1.29517, 0.393737, 
61, -0.678617, 0.0868461, 0.167732, -0.00603217, -1.27384, 0.393996, 
61, -0.67874, 0.0962312, 0.137031, -0.00614127, -1.25253, 0.394258, 
61, -0.678861, 0.106183, 0.105751, -0.00625338, -1.2312, 0.394522, 
61, -0.678979, 0.116703, 0.0738695, -0.00636881, -1.20984, 0.39479, 
61, -0.679095, 0.127794, 0.0413586, -0.00648792, -1.18842, 0.39506, 
61, -0.679209, 0.139462, 0.0081877, -0.00661107, -1.16692, 0.395335, 
61, -0.679321, 0.151717, -0.0256782, -0.00673872, -1.14531, 0.395614, 
61, -0.679431, 0.164569, -0.0602786, -0.00687132, -1.12356, 0.395897, 
61, -0.679539, 0.178034, -0.0956585, -0.00700943, -1.10165, 0.396187, 
61, -0.679645, 0.192133, -0.131869, -0.00715366, -1.07954, 0.396483, 
61, -0.679749, 0.206889, -0.168968, -0.00730472, -1.0572, 0.396786, 
61, -0.679851, 0.222331, -0.207022, -0.00746343, -1.03459, 0.397097, 
61, -0.679951, 0.238495, -0.246108, -0.00763075, -1.01167, 0.397417, 
61, -0.68005, 0.255422, -0.286315, -0.00780779, -0.98839, 0.397749, 
61, -0.680147, 0.273164, -0.327747, -0.00799591, -0.964701, 0.398092, 
61, -0.680242, 0.291781, -0.370525, -0.00819669, -0.940543, 0.398449, 
61, -0.680336, 0.311349, -0.414793, -0.0084121, -0.915843, 0.398823, 
61, -0.680428, 0.331956, -0.460725, -0.00864452, -0.89052, 0.399215, 
61, -0.680519, 0.353715, -0.508532, -0.00889696, -0.864475, 0.39963, 
61, -0.680608, 0.376765, -0.558472, -0.00917325, -0.837586, 0.400072, 
61, -0.680696, 0.401281, -0.610871, -0.00947836, -0.809705, 0.400545, 
61, -0.680782, 0.42749, -0.666145, -0.00981893, -0.780642, 0.401059, 
61, -0.680868, 0.455692, -0.724843, -0.0102041, -0.750148, 0.401623, 
61, -0.680952, 0.486294, -0.787706, -0.0106467, -0.717891, 0.40225, 
61, -0.681034, 0.519873, -0.855776, -0.0111659, -0.683403, 0.402963, 
61, -0.681116, 0.55728, -0.930589, -0.0117916, -0.645999, 0.403794, 
62, -0.676647, -0.262392, 0.510473, -0.0186308, -1.16718, 0.359273, 
62, -0.676827, -0.250372, 0.484459, -0.0188649, -1.1532, 0.359751, 
62, -0.677003, -0.23815, 0.458215, -0.0191027, -1.13918, 0.360232, 
62, -0.677175, -0.225724, 0.43173, -0.0193448, -1.12513, 0.360716, 
62, -0.677343, -0.213094, 0.404997, -0.0195916, -1.11103, 0.361205, 
62, -0.677506, -0.20026, 0.378005, -0.0198436, -1.09688, 0.361698, 
62, -0.677666, -0.187218, 0.350744, -0.0201013, -1.08267, 0.362196, 
62, -0.677822, -0.173966, 0.323201, -0.0203652, -1.06838, 0.3627, 
62, -0.677974, -0.1605, 0.295363, -0.020636, -1.05402, 0.363211, 
62, -0.678123, -0.146816, 0.267219, -0.0209141, -1.03956, 0.363729, 
62, -0.678269, -0.132908, 0.238752, -0.0212003, -1.02501, 0.364255, 
62, -0.678412, -0.11877, 0.209947, -0.0214953, -1.01035, 0.364789, 
62, -0.678551, -0.104395, 0.180787, -0.0217999, -0.99557, 0.365334, 
62, -0.678687, -0.0897754, 0.151254, -0.0221149, -0.980663, 0.365889, 
62, -0.678821, -0.074902, 0.121326, -0.0224412, -0.965616, 0.366456, 
62, -0.678952, -0.0597647, 0.0909837, -0.02278, -0.950417, 0.367037, 
62, -0.67908, -0.0443522, 0.0602016, -0.0231322, -0.935055, 0.367631, 
62, -0.679205, -0.0286519, 0.0289543, -0.0234992, -0.919515, 0.368241, 
62, -0.679328, -0.0126496, -0.00278692, -0.0238825, -0.903783, 0.368868, 
62, -0.679448, 0.00367058, -0.0350534, -0.0242835, -0.887845, 0.369514, 
62, -0.679566, 0.0203262, -0.0678797, -0.0247041, -0.871682, 0.370182, 
62, -0.679682, 0.0373373, -0.101304, -0.0251463, -0.855276, 0.370872, 
62, -0.679795, 0.0547259, -0.13537, -0.0256124, -0.838608, 0.371588, 
62, -0.679907, 0.0725174, -0.170123, -0.026105, -0.821654, 0.372333, 
62, -0.680016, 0.0907402, -0.205619, -0.0266274, -0.80439, 0.37311, 
62, -0.680123, 0.109426, -0.241917, -0.0271829, -0.786787, 0.373922, 
62, -0.680228, 0.128613, -0.279086, -0.0277759, -0.768815, 0.374775, 
62, -0.680331, 0.148343, -0.317204, -0.0284112, -0.750436, 0.375674, 
62, -0.680432, 0.168665, -0.356362, -0.0290948, -0.731611, 0.376625, 
62, -0.680532, 0.189636, -0.396664, -0.0298339, -0.712291, 0.377635, 
62, -0.680629, 0.211323, -0.438233, -0.0306372, -0.692421, 0.378715, 
62, -0.680725, 0.233806, -0.481215, -0.0315154, -0.671935, 0.379875, 
62, -0.680819, 0.257182, -0.525784, -0.0324821, -0.650755, 0.381131, 
62, -0.680912, 0.281567, -0.572152, -0.0335546, -0.628787, 0.382499, 
62, -0.681003, 0.307106, -0.620581, -0.0347553, -0.605913, 0.384005, 
62, -0.681092, 0.33398, -0.6714, -0.0361142, -0.581986, 0.385679, 
62, -0.68118, 0.362423, -0.72503, -0.037672, -0.556819, 0.387564, 
62, -0.681267, 0.392745, -0.78203, -0.039486, -0.530165, 0.38972, 
62, -0.681352, 0.425365, -0.843155, -0.04164, -0.501686, 0.392235, 
62, -0.681436, 0.460878, -0.909475, -0.0442613, -0.470911, 0.395241, 
62, -0.681519, 0.500164, -0.982574, -0.0475545, -0.437138, 0.39895, 
62, -0.681601, 0.54461, -1.06494, -0.0518704, -0.399268, 0.403723, 
63, -0.679212, -0.316936, 0.155449, -0.0758684, -0.620194, 0.365736, 
63, -0.679364, -0.298623, 0.129424, -0.0768841, -0.612514, 0.367012, 
63, -0.679512, -0.280275, 0.103103, -0.0779515, -0.604576, 0.368344, 
63, -0.679656, -0.261879, 0.076472, -0.0790746, -0.596377, 0.369737, 
63, -0.679797, -0.243421, 0.0495141, -0.0802579, -0.587915, 0.371195, 
63, -0.679934, -0.224884, 0.0222114, -0.0815064, -0.579188, 0.372724, 
63, -0.680068, -0.206256, -0.00545548, -0.0828258, -0.57019, 0.374329, 
63, -0.680199, -0.187519, -0.0335074, -0.0842225, -0.560917, 0.376016, 
63, -0.680327, -0.168657, -0.0619671, -0.0857038, -0.551364, 0.377794, 
63, -0.680452, -0.149653, -0.0908593, -0.0872778, -0.541523, 0.379671, 
63, -0.680575, -0.130487, -0.120211, -0.0889542, -0.531385, 0.381656, 
63, -0.680694, -0.111141, -0.150052, -0.0907437, -0.520942, 0.383761, 
63, -0.680811, -0.0915931, -0.180416, -0.0926589, -0.510181, 0.385998, 
63, -0.680926, -0.0718194, -0.211337, -0.0947145, -0.499091, 0.388382, 
63, -0.681038, -0.0517953, -0.242857, -0.0969274, -0.487657, 0.390931, 
63, -0.681147, -0.031493, -0.275021, -0.099318, -0.475862, 0.393666, 
63, -0.681255, -0.0108821, -0.307878, -0.10191, -0.463687, 0.39661, 
63, -0.68136, 0.0100715, -0.341485, -0.104732, -0.451109, 0.399793, 
63, -0.681463, 0.0314056, -0.375907, -0.107819, -0.438104, 0.40325, 
63, -0.681564, 0.0531636, -0.411217, -0.111213, -0.424641, 0.407024, 
63, -0.681662, 0.0753943, -0.447501, -0.114966, -0.410687, 0.411169, 
63, -0.681759, 0.0981544, -0.484855, -0.119143, -0.396202, 0.41575, 
63, -0.681854, 0.12151, -0.523396, -0.123828, -0.381137, 0.420852, 
63, -0.681947, 0.145538, -0.563259, -0.129127, -0.365438, 0.426582, 
63, -0.682039, 0.170331, -0.604607, -0.13518, -0.349037, 0.433083, 
63, -0.682128, 0.196, -0.647639, -0.142174, -0.331853, 0.440543, 
63, -0.682216, 0.222682, -0.692597, -0.150366, -0.313786, 0.449222, 
63, -0.682302, 0.250549, -0.739787, -0.160117, -0.29471, 0.459483, 
63, -0.682387, 0.279819, -0.789599, -0.171948, -0.274467, 0.471853, 
63, -0.68247, 0.310778, -0.842545, -0.186645, -0.252851, 0.487121, 
63, -0.682552, 0.343811, -0.899315, -0.205437, -0.229586, 0.506523, 
63, -0.682632, 0.379455, -0.960872, -0.230349, -0.204292, 0.532091, 
63, -0.682711, 0.418493, -1.02862, -0.264931, -0.176424, 0.567385, 
63, -0.682788, 0.465828, -1.11146, -0.333743, -0.142564, 0.637071, 
63, -0.682864, 0.520293, -1.20711, -0.460482, -0.104345, 0.764812, 
64, -0.683169, -0.140483, -0.436949, -1.50556, -0.0832727, 1.73904, 
64, -0.683273, -0.119602, -0.464835, -1.58994, -0.0830865, 1.82377, 
64, -0.683374, -0.0984361, -0.49342, -1.68085, -0.0827335, 1.91505, 
64, -0.683473, -0.076942, -0.522773, -1.77194, -0.0850442, 2.00652, 
64, -0.683569, -0.0550623, -0.552987, 1.2743, 0.0871316, -1.03932, 
64, -0.683843, 0.013248, -0.649449, 1.00619, 0.0990563, 5.51331, 
64, -0.68393, 0.0371033, -0.683883, 0.920914, 0.10527, 5.59908, 
64, -0.684015, 0.0616253, -0.719677, 0.840517, 0.112389, 5.68, 
64, -0.684147, 0.0859808, -0.755235, 0.765289, 0.120179, 5.75567, 
64, -0.68418, 0.113114, -0.796125, 0.701957, 0.130405, -6.74667, 
64, -0.68426, 0.140343, -0.83725, 0.643273, 0.140739, -6.68736, 
64, -0.684338, 0.168883, -0.880868, 0.579947, 0.153861, -6.62334, 
64, -0.684837, 0.463932, -1.3613, -2.8766, -0.324979, 3.12466, 
66, -0.551772, 0.279105, -0.0415866, 0.161323, -1.34172, 0.218395, 
66, -0.555314, 0.289242, -0.0827362, 0.160934, -1.31055, 0.216782, 
66, -0.558786, 0.300637, -0.125321, 0.160737, -1.27922, 0.215088, 
66, -0.562189, 0.31332, -0.169439, 0.16074, -1.24765, 0.21329, 
66, -0.565527, 0.327334, -0.215208, 0.160955, -1.21578, 0.211362, 
66, -0.5688, 0.342737, -0.26277, 0.161398, -1.18351, 0.209276, 
66, -0.57201, 0.359605, -0.312299, 0.162089, -1.15076, 0.206995, 
66, -0.57516, 0.378037, -0.364009, 0.163057, -1.11741, 0.20448, 
66, -0.57825, 0.398163, -0.418165, 0.164335, -1.08333, 0.20168, 
66, -0.581283, 0.42015, -0.475102, 0.165972, -1.04836, 0.198531, 
66, -0.58426, 0.444222, -0.535252, 0.168031, -1.01229, 0.194952, 
66, -0.587182, 0.470679, -0.599184, 0.170598, -0.974861, 0.190835, 
66, -0.59005, 0.499936, -0.667671, 0.173796, -0.935723, 0.18603, 
66, -0.592868, 0.532584, -0.741804, 0.177804, -0.894392, 0.180321, 
66, -0.595634, 0.569512, -0.823207, 0.182902, -0.850153, 0.173379, 
67, -0.5105, 0.0974092, 0.180842, 0.199167, -1.32904, 0.144587, 
67, -0.514909, 0.107161, 0.145391, 0.198272, -1.303, 0.143679, 
67, -0.519221, 0.117741, 0.109127, 0.197538, -1.27699, 0.142721, 
67, -0.52344, 0.129152, 0.0720128, 0.196969, -1.25098, 0.141699, 
67, -0.527568, 0.141397, 0.0340022, 0.196569, -1.22491, 0.140599, 
67, -0.531609, 0.154486, -0.00495515, 0.196343, -1.19876, 0.139405, 
67, -0.535565, 0.168433, -0.0449174, 0.196298, -1.17248, 0.138101, 
67, -0.539439, 0.183258, -0.0859508, 0.196444, -1.14602, 0.136668, 
67, -0.543233, 0.198989, -0.128132, 0.196791, -1.11934, 0.135085, 
67, -0.54695, 0.215657, -0.171549, 0.197354, -1.09238, 0.133331, 
67, -0.550591, 0.233307, -0.216304, 0.198148, -1.06508, 0.13138, 
67, -0.55416, 0.251991, -0.262517, 0.199196, -1.03739, 0.129203, 
67, -0.557658, 0.271774, -0.310328, 0.200522, -1.00921, 0.126764, 
67, -0.561086, 0.292736, -0.359904, 0.202158, -0.980486, 0.124025, 
67, -0.564448, 0.314975, -0.411443, 0.204143, -0.951104, 0.120936, 
67, -0.567741, 0.341725, -0.469338, 0.207701, -0.919978, 0.116406, 
67, -0.570974, 0.367443, -0.526447, 0.21083, -0.888607, 0.112092, 
67, -0.574145, 0.395095, -0.586744, 0.214606, -0.856038, 0.10708, 
67, -0.577256, 0.425013, -0.650844, 0.219185, -0.822001, 0.101193, 
67, -0.580309, 0.457659, -0.719591, 0.22479, -0.786131, 0.0941766, 
67, -0.583305, 0.493693, -0.794192, 0.231754, -0.74791, 0.0856583, 
67, -0.586247, 0.534128, -0.876477, 0.240606, -0.706559, 0.0750486, 
68, -0.440547, -0.146853, 0.411097, 0.266035, -1.25597, 0.0219368, 
68, -0.4466, -0.135308, 0.380205, 0.264328, -1.23577, 0.0225732, 
68, -0.452502, -0.123268, 0.348855, 0.262778, -1.21563, 0.0231346, 
68, -0.458258, -0.110742, 0.317032, 0.261387, -1.19553, 0.0236127, 
68, -0.463875, -0.0977333, 0.284719, 0.260154, -1.17546, 0.0239988, 
68, -0.469356, -0.0842462, 0.251895, 0.259082, -1.15538, 0.0242838, 
68, -0.474707, -0.0702813, 0.218539, 0.258174, -1.13528, 0.0244586, 
68, -0.479931, -0.0558368, 0.184626, 0.257432, -1.11514, 0.0245131, 
68, -0.485033, -0.0409087, 0.150129, 0.256862, -1.09492, 0.0244369, 
68, -0.490017, -0.0254903, 0.115018, 0.256469, -1.07461, 0.0242187, 
68, -0.494887, -0.00957219, 0.0792575, 0.25626, -1.05419, 0.023846, 
68, -0.499646, 0.00685793, 0.0428102, 0.256244, -1.03362, 0.0233053, 
68, -0.504299, 0.0238155, 0.00563301, 0.256431, -1.01288, 0.0225816, 
68, -0.508848, 0.0413196, -0.0323224, 0.256833, -0.991945, 0.0216581, 
68, -0.513297, 0.0593929, -0.0711102, 0.257464, -0.970778, 0.0205156, 
68, -0.517649, 0.0780626, -0.110792, 0.258341, -0.949349, 0.0191327, 
68, -0.521906, 0.097361, -0.151437, 0.259485, -0.927623, 0.0174846, 
68, -0.526073, 0.117326, -0.193125, 0.260918, -0.905558, 0.0155429, 
68, -0.530152, 0.138002, -0.235947, 0.262669, -0.883111, 0.0132743, 
68, -0.534144, 0.159442, -0.280007, 0.264772, -0.860233, 0.01064, 
68, -0.538054, 0.181708, -0.325428, 0.267267, -0.836867, 0.00759407, 
68, -0.541884, 0.204874, -0.372349, 0.270203, -0.81295, 0.00408168, 
68, -0.545636, 0.229026, -0.420938, 0.273639, -0.788406, 3.70179e-05, 
68, -0.549312, 0.254271, -0.471393, 0.277649, -0.76315, -0.0046199, 
68, -0.552911, 0.283836, -0.528265, 0.284112, -0.736022, -0.011779, 
68, -0.556437, 0.312337, -0.584304, 0.290151, -0.708645, -0.0186274, 
68, -0.559893, 0.34264, -0.643499, 0.29736, -0.68003, -0.0267368, 
68, -0.563281, 0.375101, -0.706494, 0.306055, -0.649915, -0.0364479, 
68, -0.566603, 0.410211, -0.774178, 0.316701, -0.617943, -0.0482561, 
68, -0.569862, 0.448683, -0.847842, 0.330007, -0.583601, -0.0629178, 
68, -0.573058, 0.49162, -0.92947, 0.347135, -0.546105, -0.0816632, 
68, -0.576193, 0.540861, -1.02238, 0.370143, -0.50416, -0.106666, 
69, -0.284488, -0.531704, 0.674036, 0.426892, -1.09913, -0.253071, 
69, -0.294776, -0.515129, 0.647815, 0.422734, -1.08617, -0.247014, 
69, -0.30477, -0.498467, 0.621385, 0.418741, -1.07323, -0.241198, 
69, -0.314478, -0.48172, 0.594736, 0.414919, -1.0603, -0.235627, 
69, -0.32391, -0.464887, 0.567859, 0.411274, -1.04736, -0.230304, 
69, -0.333075, -0.447965, 0.540745, 0.407809, -1.0344, -0.225231, 
69, -0.341983, -0.430952, 0.513384, 0.404529, -1.0214, -0.220408, 
69, -0.350641, -0.413841, 0.485764, 0.401437, -1.00836, -0.215837, 
69, -0.35906, -0.39663, 0.457876, 0.398536, -0.995272, -0.211518, 
69, -0.367246, -0.379312, 0.429707, 0.395828, -0.982117, -0.207453, 
69, -0.375209, -0.36188, 0.401246, 0.393317, -0.968887, -0.203641, 
69, -0.382957, -0.344327, 0.37248, 0.391006, -0.955575, -0.200086, 
69, -0.390496, -0.326646, 0.343394, 0.388899, -0.942169, -0.196788, 
69, -0.397834, -0.308828, 0.313975, 0.387, -0.92866, -0.193752, 
69, -0.404979, -0.290864, 0.284205, 0.385314, -0.915038, -0.190979, 
69, -0.411937, -0.272743, 0.254069, 0.383846, -0.901294, -0.188475, 
69, -0.418714, -0.254455, 0.223546, 0.382604, -0.887416, -0.186245, 
69, -0.425318, -0.235988, 0.192618, 0.381593, -0.873395, -0.184296, 
69, -0.431753, -0.21733, 0.161263, 0.380824, -0.85922, -0.182636, 
69, -0.438026, -0.198466, 0.129456, 0.380305, -0.844878, -0.181273, 
69, -0.444143, -0.179382, 0.0971732, 0.380049, -0.830357, -0.18022, 
69, -0.450108, -0.160061, 0.0643853, 0.38007, -0.815646, -0.179489, 
69, -0.455927, -0.140486, 0.031062, 0.380381, -0.800729, -0.179095, 
69, -0.461604, -0.120638, -0.00283067, 0.381002, -0.785593, -0.179058, 
69, -0.467145, -0.100494, -0.0373299, 0.381953, -0.770222, -0.179396, 
69, -0.472554, -0.0800323, -0.0724768, 0.383258, -0.754597, -0.180135, 
69, -0.477836, -0.0592261, -0.108317, 0.384944, -0.738702, -0.181304, 
69, -0.482994, -0.0380469, -0.144902, 0.387046, -0.722514, -0.182936, 
69, -0.488033, -0.0164625, -0.182288, 0.3896, -0.706012, -0.18507, 
69, -0.492956, 0.00556296, -0.22054, 0.392652, -0.68917, -0.187752, 
69, -0.497768, 0.0280701, -0.25973, 0.396254, -0.671961, -0.191038, 
69, -0.502472, 0.0511049, -0.29994, 0.400469, -0.654353, -0.19499, 
69, -0.507071, 0.0747196, -0.341264, 0.405373, -0.636311, -0.199687, 
69, -0.511569, 0.0989743, -0.38381, 0.411054, -0.617795, -0.205221, 
69, -0.51597, 0.123938, -0.427704, 0.41762, -0.59876, -0.211704, 
69, -0.520276, 0.149693, -0.473089, 0.425205, -0.579151, -0.219272, 
69, -0.52449, 0.176332, -0.520138, 0.43397, -0.558909, -0.228091, 
69, -0.52863, 0.20751, -0.574143, 0.447122, -0.536731, -0.241215, 
69, -0.532661, 0.237048, -0.626441, 0.45999, -0.514629, -0.254371, 
69, -0.536608, 0.268137, -0.681589, 0.475339, -0.491511, -0.270129, 
69, -0.540472, 0.301088, -0.740149, 0.493878, -0.467203, -0.289222, 
69, -0.544257, 0.33633, -0.802891, 0.516645, -0.441474, -0.312716, 
69, -0.547965, 0.374475, -0.870914, 0.545229, -0.414006, -0.342244, 
69, -0.551597, 0.41644, -0.945867, 0.582208, -0.384342, -0.380448, 
69, -0.555156, 0.463708, -1.03041, 0.632088, -0.351773, -0.431934, 
69, -0.558646, 0.520908, -1.13289, 0.709993, -0.31487, -0.512305, 
70, -0.25627, -0.551694, 0.302989, 0.755652, -0.680296, -0.715178, 
70, -0.267482, -0.531871, 0.279132, 0.751988, -0.669926, -0.706921, 
70, -0.277762, -0.514431, 0.257989, 0.747757, -0.660347, -0.699571, 
70, -0.288907, -0.492111, 0.230499, 0.74565, -0.649321, -0.692006, 
70, -0.299143, -0.47216, 0.205704, 0.743013, -0.639059, -0.685366, 
70, -0.309078, -0.452153, 0.180575, 0.740756, -0.628805, -0.679288, 
70, -0.318723, -0.43208, 0.155099, 0.7389, -0.618547, -0.673783, 
70, -0.328088, -0.411934, 0.129265, 0.737468, -0.608273, -0.668868, 
70, -0.337184, -0.391704, 0.103056, 0.736483, -0.597969, -0.664559, 
70, -0.346022, -0.37138, 0.0764584, 0.735972, -0.587626, -0.660877, 
70, -0.354609, -0.350951, 0.0494545, 0.735963, -0.57723, -0.657844, 
70, -0.362957, -0.330405, 0.022026, 0.736488, -0.56677, -0.655486, 
70, -0.371073, -0.309728, -0.00584758, 0.737582, -0.556236, -0.653834, 
70, -0.378967, -0.288907, -0.0341883, 0.739285, -0.545618, -0.652923, 
70, -0.386645, -0.267925, -0.0630206, 0.741641, -0.534903, -0.652792, 
70, -0.394116, -0.246766, -0.0923713, 0.7447, -0.524083, -0.653489, 
70, -0.401388, -0.225412, -0.12227, 0.748521, -0.513147, -0.655067, 
70, -0.408468, -0.203841, -0.15275, 0.753168, -0.502084, -0.657589, 
70, -0.415362, -0.182032, -0.183848, 0.758718, -0.490887, -0.661127, 
70, -0.422076, -0.15996, -0.215604, 0.765257, -0.479544, -0.665767, 
70, -0.428619, -0.137597, -0.248064, 0.772887, -0.468047, -0.671607, 
70, -0.434994, -0.114913, -0.281281, 0.781726, -0.456388, -0.678766, 
70, -0.441209, -0.0918744, -0.315311, 0.791914, -0.444558, -0.687382, 
70, -0.447268, -0.0684411, -0.350223, 0.803616, -0.43255, -0.697619, 
70, -0.453177, -0.0445692, -0.386092, 0.817029, -0.420359, -0.709673, 
70, -0.458942, -0.020208, -0.423007, 0.832387, -0.40798, -0.723783, 
70, -0.464566, 0.00470156, -0.461071, 0.849975, -0.395411, -0.740233, 
70, -0.470055, 0.0302282, -0.500404, 0.87014, -0.382655, -0.759374, 
70, -0.475414, 0.0564536, -0.54115, 0.893308, -0.369717, -0.781635, 
70, -0.480646, 0.0834754, -0.583482, 0.920007, -0.356613, -0.80755, 
70, -0.485755, 0.111412, -0.627612, 0.950899, -0.343366, -0.837789, 
70, -0.490747, 0.140412, -0.6738, 0.986819, -0.330019, -0.873198, 
70, -0.495624, 0.170659, -0.722379, 1.02884, -0.316636, -0.914861, 
70, -0.50039, 0.202393, -0.773775, 1.07834, -0.303319, -0.964177, 
70, -0.505048, 0.235932, -0.828558, 1.13712, -0.290228, -1.02298, 
70, -0.509603, 0.271713, -0.887511, 1.20755, -0.277616, -1.09367, 
70, -0.514058, 0.310359, -0.951751, 1.29279, -0.265885, -1.17946, 
70, -0.518414, 0.353753, -1.02469, 1.40024, -0.25708, -1.28799, 
70, -0.522676, 0.402629, -1.10759, 1.53229, -0.250235, -1.42158, 
70, -0.526846, 0.461542, -1.20865, 1.70112, -0.249025, -1.59293, 
71, -0.270832, -0.298454, -0.341586, 1.69883, -0.504556, 4.4941, 
71, -0.281625, -0.278435, -0.36597, 1.7154, -0.496695, 4.48258, 
71, -0.292086, -0.258198, -0.390881, 1.73418, -0.488847, 4.46868, 
71, -0.302252, -0.237559, -0.416557, 1.75086, -0.481978, 4.45653, 
71, -0.31211, -0.216637, -0.442873, 1.76993, -0.475407, 4.44184, 
71, -0.321669, -0.19541, -0.469862, 1.78945, -0.469206, 4.42651, 
71, -0.330976, -0.173719, -0.497766, 1.81098, -0.463532, 4.40886, 
71, -0.340004, -0.151681, -0.526428, 1.83308, -0.458308, 4.39049, 
71, -0.348772, -0.12923, -0.555961, 1.85632, -0.453261, 4.37077, 
71, -0.389103, -0.00861166, -0.720439, 1.99069, -0.439181, 4.25085, 
71, -0.396515, 0.0178664, -0.757963, -1.1199, 0.439728, 1.08048, 
71, -0.403707, 0.0450269, -0.796877, -1.08811, 0.440299, 1.05073, 
71, -0.410762, 0.0735884, -0.838356, -1.05365, 0.441898, 1.018, 
71, -0.417608, 0.103391, -0.882236, -1.01805, 0.444952, 0.983877, 
71, -0.424239, 0.134595, -0.92883, -0.979863, 0.449317, 0.946916, 
71, -0.430762, 0.168152, -0.979686, 2.19938, -0.454655, -2.23151, 
73, -0.401183, 0.146991, 0.109043, 0.327308, -1.36269, -0.017859, 
73, -0.409284, 0.157315, 0.0686357, 0.32593, -1.33167, -0.0200817, 
73, -0.417207, 0.168859, 0.0269608, 0.324913, -1.30065, -0.0224215, 
73, -0.424957, 0.181633, -0.0160485, 0.324267, -1.26956, -0.0249165, 
73, -0.432537, 0.195651, -0.0604719, 0.324006, -1.23836, -0.0276081, 
73, -0.439954, 0.210939, -0.106404, 0.324149, -1.20696, -0.0305414, 
73, -0.447211, 0.227535, -0.153959, 0.324723, -1.17532, -0.0337671, 
73, -0.454312, 0.245489, -0.203272, 0.32576, -1.14334, -0.0373426, 
73, -0.461263, 0.264869, -0.254505, 0.327304, -1.11093, -0.0413344, 
73, -0.468067, 0.285761, -0.307855, 0.329408, -1.07801, -0.0458208, 
73, -0.474729, 0.308279, -0.363563, 0.332142, -1.04445, -0.0508955, 
73, -0.481253, 0.332566, -0.421923, 0.335594, -1.0101, -0.0566729, 
73, -0.487644, 0.358807, -0.483305, 0.33988, -0.974819, -0.0632952, 
73, -0.493717, 0.390221, -0.552532, 0.346325, -0.937243, -0.0724074, 
73, -0.499835, 0.421965, -0.622836, 0.353209, -0.898954, -0.081922, 
73, -0.505827, 0.457047, -0.698729, 0.361819, -0.858676, -0.0933526, 
73, -0.511697, 0.49633, -0.781786, 0.372743, -0.815782, -0.107383, 
73, -0.517447, 0.541184, -0.874497, 0.386952, -0.769295, -0.125128, 
74, -0.305564, -0.035683, 0.312697, 0.408158, -1.36327, -0.147645, 
74, -0.315876, -0.0260096, 0.278401, 0.405595, -1.33672, -0.148263, 
74, -0.325947, -0.015414, 0.243275, 0.403367, -1.31032, -0.148944, 
74, -0.335784, -0.00391484, 0.207296, 0.401471, -1.28403, -0.149719, 
74, -0.345392, 0.00847393, 0.170439, 0.399911, -1.25782, -0.150617, 
74, -0.354778, 0.0217438, 0.13267, 0.398691, -1.23165, -0.151668, 
74, -0.363948, 0.0358918, 0.093951, 0.397819, -1.20548, -0.152906, 
74, -0.372908, 0.0509207, 0.054235, 0.397306, -1.17928, -0.154363, 
74, -0.381663, 0.0668395, 0.0134673, 0.39717, -1.15299, -0.156076, 
74, -0.390219, 0.083664, -0.0284167, 0.397429, -1.12658, -0.158083, 
74, -0.398888, 0.100351, -0.0700084, 0.396759, -1.10027, -0.159698, 
74, -0.40705, 0.119007, -0.114281, 0.397925, -1.0735, -0.162421, 
74, -0.415032, 0.138649, -0.159912, 0.399576, -1.04646, -0.165581, 
74, -0.422839, 0.159326, -0.20702, 0.40176, -1.01909, -0.169244, 
74, -0.430476, 0.181101, -0.255742, 0.404535, -0.99132, -0.173483, 
74, -0.437948, 0.204054, -0.306245, 0.407975, -0.963075, -0.17839, 
74, -0.445259, 0.22828, -0.358726, 0.412172, -0.934269, -0.184071, 
74, -0.452414, 0.2539, -0.413426, 0.417238, -0.9048, -0.190659, 
74, -0.459419, 0.281066, -0.470635, 0.423319, -0.874545, -0.198319, 
74, -0.465984, 0.312924, -0.535204, 0.432234, -0.842114, -0.208913, 
74, -0.472685, 0.344507, -0.599794, 0.441254, -0.80945, -0.219879, 
74, -0.479244, 0.378688, -0.668834, 0.452253, -0.775282, -0.233026, 
74, -0.485665, 0.416069, -0.743421, 0.465839, -0.739214, -0.249033, 
74, -0.491952, 0.457547, -0.825185, 0.482955, -0.700669, -0.26895, 
74, -0.498108, 0.504567, -0.916736, 0.50518, -0.658745, -0.294519, 
75, -0.155902, -0.261586, 0.481067, 0.536176, -1.31896, -0.369454, 
75, -0.169746, -0.250709, 0.45197, 0.532646, -1.2964, -0.367003, 
75, -0.183265, -0.239163, 0.422307, 0.529397, -1.27406, -0.364642, 
75, -0.196467, -0.226975, 0.392074, 0.526429, -1.25193, -0.362395, 
75, -0.209358, -0.214165, 0.361264, 0.523741, -1.22997, -0.360288, 
75, -0.221945, -0.20075, 0.329866, 0.521338, -1.20817, -0.358342, 
75, -0.234235, -0.186747, 0.297867, 0.519222, -1.18649, -0.356581, 
75, -0.246234, -0.172165, 0.265251, 0.517401, -1.16491, -0.355027, 
75, -0.25795, -0.157012, 0.232, 0.515881, -1.14341, -0.353704, 
75, -0.269389, -0.141294, 0.198091, 0.514675, -1.12196, -0.352635, 
75, -0.280558, -0.125011, 0.163498, 0.513793, -1.10053, -0.351846, 
75, -0.291464, -0.108161, 0.128192, 0.51325, -1.0791, -0.351363, 
75, -0.302113, -0.0907395, 0.0921387, 0.513064, -1.05764, -0.351215, 
75, -0.312512, -0.0727358, 0.0552979, 0.513256, -1.03613, -0.351432, 
75, -0.322668, -0.0541368, 0.0176251, 0.51385, -1.01453, -0.352049, 
75, -0.332587, -0.0349243, -0.020931, 0.514875, -0.992811, -0.353105, 
75, -0.342276, -0.0150756, -0.0604296, 0.516365, -0.97095, -0.354642, 
75, -0.35174, 0.00543814, -0.100938, 0.518359, -0.948908, -0.356709, 
75, -0.360985, 0.0266518, -0.142535, 0.520905, -0.92665, -0.359365, 
75, -0.370019, 0.048608, -0.185311, 0.52406, -0.904135, -0.362674, 
75, -0.378845, 0.0713582, -0.229372, 0.527892, -0.881322, -0.366716, 
75, -0.387471, 0.0949648, -0.274843, 0.532482, -0.858159, -0.371585, 
75, -0.395901, 0.119503, -0.32187, 0.537933, -0.834594, -0.377392, 
75, -0.404141, 0.145067, -0.370631, 0.544368, -0.810562, -0.384279, 
75, -0.412197, 0.171768, -0.421341, 0.551943, -0.785991, -0.392416, 
75, -0.420073, 0.199749, -0.474265, 0.560858, -0.760793, -0.402023, 
75, -0.427774, 0.22919, -0.529733, 0.571371, -0.734864, -0.413383, 
75, -0.435306, 0.260321, -0.588171, 0.583823, -0.708075, -0.426866, 
75, -0.442672, 0.293448, -0.650137, 0.59868, -0.680263, -0.44298, 
75, -0.449878, 0.328989, -0.716387, 0.616599, -0.651215, -0.462434, 
75, -0.456928, 0.367533, -0.787992, 0.638543, -0.620643, -0.486266, 
75, -0.463826, 0.409963, -0.866545, 0.666002, -0.588135, -0.51608, 
75, -0.470577, 0.457692, -0.954589, 0.701455, -0.553066, -0.554535, 
75, -0.477183, 0.513211, -1.05661, 0.749446, -0.514395, -0.606493, 
76, 0.162195, -0.534955, 0.637595, 0.752582, -1.35868, -0.781188, 
76, 0.141738, -0.52628, 0.616337, 0.749179, -1.33559, -0.774726, 
76, 0.121631, -0.516885, 0.594603, 0.745905, -1.31292, -0.768223, 
76, 0.10188, -0.50681, 0.572403, 0.74276, -1.29066, -0.761713, 
76, 0.082492, -0.49609, 0.549741, 0.739742, -1.26878, -0.755227, 
76, 0.0634702, -0.484761, 0.526623, 0.736855, -1.24727, -0.748796, 
76, 0.0448177, -0.472853, 0.50305, 0.734101, -1.22612, -0.742449, 
76, 0.0265367, -0.460395, 0.479026, 0.731487, -1.20529, -0.736213, 
76, 0.00862786, -0.447414, 0.45455, 0.729018, -1.18478, -0.730114, 
76, -0.00890886, -0.433933, 0.429621, 0.726702, -1.16457, -0.724177, 
76, -0.0260745, -0.419972, 0.404236, 0.724549, -1.14463, -0.718426, 
76, -0.0428709, -0.405551, 0.378392, 0.722569, -1.12496, -0.712885, 
76, -0.0592506, -0.390881, 0.352276, 0.720768, -1.10434, -0.707336, 
76, -0.0753218, -0.375564, 0.32548, 0.719183, -1.0852, -0.702327, 
76, -0.0910326, -0.359834, 0.298207, 0.71781, -1.06624, -0.69759, 
76, -0.106388, -0.3437, 0.270446, 0.716663, -1.04745, -0.693151, 
76, -0.121392, -0.327169, 0.242185, 0.715759, -1.02881, -0.689032, 
76, -0.136051, -0.310245, 0.213409, 0.715116, -1.01031, -0.685258, 
76, -0.15037, -0.292932, 0.184103, 0.714754, -0.991925, -0.681853, 
76, -0.164356, -0.27523, 0.154249, 0.714694, -0.973644, -0.678845, 
76, -0.178015, -0.257138, 0.123826, 0.714958, -0.955446, -0.67626, 
76, -0.191353, -0.238653, 0.0928101, 0.715574, -0.937314, -0.674128, 
76, -0.204377, -0.219769, 0.0611764, 0.716568, -0.91923, -0.67248, 
76, -0.217094, -0.200478, 0.0288954, 0.717973, -0.901173, -0.671352, 
76, -0.22951, -0.18077, -0.00406573, 0.719823, -0.883126, -0.67078, 
76, -0.241632, -0.160629, -0.0377438, 0.722158, -0.865069, -0.670806, 
76, -0.253468, -0.140041, -0.0721807, 0.725021, -0.846981, -0.671479, 
76, -0.265023, -0.118983, -0.107423, 0.728462, -0.828842, -0.67285, 
76, -0.276337, -0.0973125, -0.143699, 0.732188, -0.811787, -0.674694, 
76, -0.287353, -0.0752345, -0.18073, 0.736924, -0.793533, -0.677611, 
76, -0.29811, -0.052599, -0.218753, 0.742434, -0.775166, -0.681434, 
76, -0.308614, -0.0293653, -0.257848, 0.748805, -0.756664, -0.686256, 
76, -0.318871, -0.00548548, -0.298108, 0.756142, -0.737999, -0.692186, 
76, -0.328889, 0.0190976, -0.339642, 0.764568, -0.719146, -0.699357, 
76, -0.338673, 0.0444521, -0.38258, 0.774232, -0.700075, -0.707924, 
76, -0.34823, 0.0706601, -0.427073, 0.785313, -0.680754, -0.718077, 
76, -0.357565, 0.0978212, -0.473306, 0.798032, -0.661149, -0.730051, 
76, -0.366686, 0.126058, -0.521505, 0.812666, -0.641224, -0.744137, 
76, -0.375598, 0.155524, -0.571949, 0.829562, -0.620936, -0.760704, 
76, -0.384306, 0.186413, -0.624993, 0.849171, -0.60024, -0.780229, 
76, -0.392816, 0.218979, -0.681097, 0.872085, -0.579084, -0.80334, 
76, -0.401134, 0.253563, -0.740876, 0.89911, -0.557409, -0.83089, 
76, -0.409265, 0.290639, -0.805186, 0.931377, -0.535151, -0.86408, 
76, -0.417214, 0.3309, -0.875279, 0.970546, -0.512233, -0.904669, 
76, -0.424987, 0.375435, -0.953113, 1.01921, -0.488571, -0.955416, 
76, -0.432587, 0.426136, -1.04209, 1.08183, -0.464074, -1.02105, 
76, -0.440021, 0.486876, -1.14917, 1.16725, -0.438656, -1.11103, 
77, 0.173265, -0.493155, 0.213787, 1.00697, -1.09029, -1.231, 
77, 0.151608, -0.479322, 0.191923, 1.00987, -1.06843, -1.2254, 
77, 0.131282, -0.465876, 0.170981, 1.0135, -1.04795, -1.22087, 
77, 0.111352, -0.452049, 0.149702, 1.01721, -1.02731, -1.21653, 
77, 0.0917456, -0.437651, 0.127827, 1.02097, -1.00795, -1.21253, 
77, 0.0725266, -0.422871, 0.10556, 1.02488, -0.988482, -1.20882, 
77, 0.0538653, -0.407898, 0.0832119, 1.02775, -0.969435, -1.2044, 
77, 0.035272, -0.392126, 0.0597581, 1.03274, -0.950445, -1.20203, 
77, 0.0171188, -0.376022, 0.0359431, 1.03746, -0.931791, -1.19965, 
77, -0.000631715, -0.359544, 0.0116766, 1.04222, -0.913444, -1.19755, 
77, -0.0179962, -0.342674, -0.0130897, 1.04717, -0.895384, -1.19585, 
77, -0.0352783, -0.325515, -0.0377837, 1.05179, -0.877456, -1.19359, 
77, -0.0515992, -0.307737, -0.0642486, 1.05796, -0.860065, -1.19399, 
77, -0.0676769, -0.289901, -0.0903469, 1.06523, -0.842873, -1.19522, 
77, -0.083751, -0.271155, -0.117782, 1.07015, -0.825742, -1.19439, 
77, -0.0992676, -0.252274, -0.145442, -2.06479, 0.808952, 1.94611, 
77, -0.114465, -0.23291, -0.17387, 1.08424, -0.792354, -1.19756, 
77, -0.198448, -0.107102, -0.360576, 1.14263, -0.697195, -1.22854, 
77, -0.282391, 0.0679782, -0.629059, 1.26483, -0.595278, -1.32964, 
77, -0.293266, 0.0966703, -0.674183, -1.85146, 0.581174, 1.78854, 
77, -0.303898, 0.126814, -0.721944, -1.82346, 0.568381, 1.7621, 
77, -0.314284, 0.15854, -0.772617, -1.79084, 0.555882, 1.73064, 
77, -0.324414, 0.192118, -0.82669, -1.75486, 0.543749, 1.69539, 
77, -0.334317, 0.228104, -0.885156, -1.71386, 0.532283, 1.65459, 
77, -0.343986, 0.267015, -0.948954, 1.4747, -0.521755, -1.53438, 
77, -0.353419, 0.31001, -1.02018, 1.52929, -0.512017, -1.59026, 
77, -0.362646, 0.359162, -1.10254, -1.54679, 0.505429, 1.48337, 
78, 0.269769, -0.317211, -0.314526, 1.35453, -1.08524, 4.44782, 
78, 0.247693, -0.305255, -0.332818, 1.36898, -1.06654, 4.44497, 
78, 0.226292, -0.293497, -0.350609, 1.38377, -1.04837, 4.44202, 
78, 0.204443, -0.279772, -0.371033, 1.39847, -1.0302, 4.43796, 
78, 0.183181, -0.266445, -0.390643, 1.41359, -1.01229, 4.43363, 
78, 0.162456, -0.252154, -0.411608, 1.42886, -0.995343, 4.42901, 
78, 0.0826567, -0.190402, -0.500661, -1.64856, 0.930543, -5.0205, 
78, 0.0449422, -0.156097, -0.549736, -1.6143, 0.900827, -5.03689, 
78, 0.0267084, -0.138114, -0.575448, -1.5965, 0.886726, 1.23693, 
78, -0.00872124, -0.100312, -0.629579, 1.58298, -0.859942, -1.92624, 
78, -0.136135, 0.0876657, -0.906078, 1.76175, -0.77812, -2.05824, 
78, -0.150492, 0.117083, -0.950851, -1.3516, 0.771754, 1.05869, 
78, -0.178145, 0.182766, -1.05258, -1.28971, 0.763014, 1.00175, 
78, -0.191453, 0.220005, -1.11132, -1.25584, 0.760083, 0.968935, 
78, -0.204535, 0.263887, -1.18188, -1.21608, 0.762296, 0.92826, 
78, -0.217267, 0.316261, -1.26771, -1.17048, 0.767691, 0.879269, 
78, -0.229695, 0.389191, -1.39042, -1.11094, 0.782114, 0.810387, 
80, -0.230551, 0.0609614, 0.198514, 0.484133, -1.42231, -0.246878, 
80, -0.244049, 0.0698089, 0.160333, 0.481195, -1.39026, -0.248921, 
80, -0.257251, 0.0800245, 0.120834, 0.478786, -1.35833, -0.251045, 
80, -0.270161, 0.0915917, 0.079975, 0.476907, -1.32648, -0.253308, 
80, -0.282785, 0.104503, 0.0377018, 0.475568, -1.29467, -0.25577, 
80, -0.295129, 0.11876, -0.00605242, 0.474782, -1.26284, -0.258493, 
80, -0.307197, 0.134374, -0.0513708, 0.474574, -1.23094, -0.261544, 
80, -0.318997, 0.151373, -0.0983552, 0.474976, -1.19889, -0.264998, 
80, -0.330532, 0.169793, -0.14713, 0.47603, -1.16662, -0.268938, 
80, -0.34181, 0.189693, -0.197848, 0.477793, -1.13407, -0.273458, 
80, -0.352836, 0.211149, -0.250695, 0.480339, -1.10113, -0.278672, 
80, -0.363615, 0.234266, -0.305905, 0.483762, -1.0677, -0.284713, 
80, -0.374154, 0.259181, -0.363766, 0.488185, -1.03367, -0.291748, 
80, -0.384459, 0.286077, -0.424647, 0.493772, -0.998876, -0.299984, 
80, -0.394534, 0.3152, -0.489026, 0.500741, -0.963142, -0.309694, 
80, -0.404385, 0.346881, -0.557538, 0.50939, -0.926231, -0.32124, 
80, -0.414018, 0.381587, -0.631051, 0.520143, -0.887834, -0.335128, 
80, -0.423439, 0.41999, -0.71081, 0.533629, -0.84752, -0.352095, 
80, -0.432652, 0.463121, -0.798696, 0.550828, -0.804658, -0.373283, 
80, -0.441662, 0.512673, -0.897781, 0.573399, -0.758242, -0.400606, 
81, -0.0911155, -0.093241, 0.33814, 0.585553, -1.43936, -0.42227, 
81, -0.107556, -0.0855674, 0.306359, 0.581747, -1.41046, -0.422218, 
81, -0.123665, -0.0767566, 0.273594, 0.578395, -1.3818, -0.422176, 
81, -0.139446, -0.0668407, 0.239835, 0.575493, -1.35338, -0.422189, 
81, -0.1549, -0.0558467, 0.205067, 0.573038, -1.32514, -0.422306, 
81, -0.170031, -0.0437969, 0.169269, 0.571034, -1.29707, -0.422575, 
81, -0.184841, -0.0307077, 0.132413, 0.569486, -1.26913, -0.423043, 
81, -0.199335, -0.0165901, 0.0944635, 0.568407, -1.24128, -0.42376, 
81, -0.213517, -0.00144853, 0.0553781, 0.567814, -1.21349, -0.424777, 
81, -0.227391, 0.0147193, 0.0151041, 0.56773, -1.18571, -0.426149, 
81, -0.240962, 0.0319231, -0.0264211, 0.568184, -1.15791, -0.427935, 
81, -0.254235, 0.0501811, -0.069273, 0.569211, -1.13004, -0.4302, 
81, -0.267215, 0.0695211, -0.113541, 0.570857, -1.10206, -0.433018, 
81, -0.279907, 0.089982, -0.159333, 0.573179, -1.0739, -0.436471, 
81, -0.292318, 0.111616, -0.206778, 0.576244, -1.04551, -0.440654, 
81, -0.304452, 0.13449, -0.25603, 0.580138, -1.01683, -0.445681, 
81, -0.316315, 0.158693, -0.307278, 0.584968, -0.987776, -0.451687, 
81, -0.327913, 0.184338, -0.360753, 0.590868, -0.958268, -0.458836, 
81, -0.339252, 0.211568, -0.416744, 0.598008, -0.928205, -0.467337, 
81, -0.350338, 0.240573, -0.475615, 0.606612, -0.897465, -0.477449, 
81, -0.361176, 0.2716, -0.537836, 0.616972, -0.865898, -0.489519, 
81, -0.371772, 0.304985, -0.604033, 0.629492, -0.833314, -0.504006, 
81, -0.382131, 0.34119, -0.675059, 0.644734, -0.799466, -0.521558, 
81, -0.39226, 0.380885, -0.752139, 0.663527, -0.764012, -0.543116, 
81, -0.402164, 0.425085, -0.837119, 0.687159, -0.726456, -0.570138, 
81, -0.411847, 0.475459, -0.933015, 0.717791, -0.686024, -0.60506, 
81, -0.421316, 0.535052, -1.04531, 0.759469, -0.641367, -0.652429, 
82, 0.13694, -0.253319, 0.449789, 0.722645, -1.49904, -0.687454, 
82, 0.116608, -0.248821, 0.425837, 0.718682, -1.47124, -0.685272, 
82, 0.0965578, -0.243239, 0.401062, 0.715079, -1.44378, -0.682964, 
82, 0.0768002, -0.236611, 0.375472, 0.711823, -1.41666, -0.680574, 
82, 0.057344, -0.228974, 0.349073, 0.708906, -1.38985, -0.678149, 
82, 0.0381964, -0.220364, 0.321867, 0.706322, -1.36335, -0.675729, 
82, 0.0193641, -0.210813, 0.293855, 0.704067, -1.33714, -0.673358, 
82, 0.000852189, -0.200349, 0.265031, 0.702144, -1.31119, -0.671076, 
82, -0.017335, -0.188998, 0.23539, 0.700555, -1.2855, -0.668925, 
82, -0.0351942, -0.176783, 0.204921, 0.699309, -1.26005, -0.666945, 
82, -0.0527231, -0.163723, 0.173609, 0.698414, -1.2348, -0.665178, 
82, -0.0699204, -0.149833, 0.141436, 0.697884, -1.20974, -0.663665, 
82, -0.0867855, -0.135126, 0.108379, 0.697737, -1.18484, -0.662451, 
82, -0.103319, -0.119608, 0.0744097, 0.697994, -1.16009, -0.661579, 
82, -0.119475, -0.103485, 0.0397458, 0.698775, -1.13422, -0.660907, 
82, -0.135349, -0.0863415, 0.00383995, 0.69993, -1.10968, -0.660901, 
82, -0.150895, -0.0683856, -0.0330955, 0.70158, -1.08519, -0.661389, 
82, -0.166117, -0.0496049, -0.0711157, 0.703767, -1.06071, -0.662432, 
82, -0.181017, -0.0299803, -0.110286, 0.706539, -1.03623, -0.664098, 
82, -0.195599, -0.00948578, -0.150681, 0.709953, -1.0117, -0.666461, 
82, -0.209909, 0.0120923, -0.192657, 0.713881, -0.988408, -0.669615, 
82, -0.223868, 0.0344444, -0.235799, 0.718773, -0.963729, -0.673616, 
82, -0.237522, 0.0578036, -0.280489, 0.724549, -0.938897, -0.678615, 
82, -0.250877, 0.0822405, -0.326876, 0.731327, -0.913866, -0.68475, 
82, -0.263938, 0.107844, -0.375142, 0.73925, -0.888584, -0.692186, 
82, -0.276709, 0.134726, -0.425508, 0.748494, -0.86299, -0.701127, 
82, -0.289196, 0.163029, -0.478248, 0.759281, -0.837016, -0.711824, 
82, -0.301406, 0.192936, -0.533709, 0.771896, -0.810582, -0.7246, 
82, -0.313343, 0.224685, -0.592338, 0.78671, -0.78359, -0.739873, 
82, -0.325013, 0.258598, -0.654727, 0.804224, -0.755923, -0.758203, 
82, -0.336423, 0.295118, -0.72169, 0.82513, -0.727426, -0.780366, 
82, -0.347577, 0.334887, -0.794393, 0.850435, -0.697898, -0.807486, 
82, -0.358482, 0.378886, -0.874616, 0.881686, -0.66705, -0.84129, 
82, -0.369143, 0.428757, -0.96532, 0.921467, -0.634437, -0.884663, 
82, -0.379566, 0.487642, -1.07216, 0.974703, -0.599277, -0.943114, 
83, 0.450085, -0.34149, 0.424884, 0.863176, -1.61605, -1.04934, 
83, 0.427455, -0.342793, 0.409794, 0.861551, -1.58824, -1.04709, 
83, 0.404849, -0.343046, 0.393951, 0.860231, -1.56063, -1.04458, 
83, 0.382288, -0.342268, 0.377366, 0.859197, -1.53324, -1.04184, 
83, 0.359797, -0.34048, 0.360046, 0.858433, -1.50607, -1.03891, 
83, 0.337396, -0.337704, 0.342, 0.857924, -1.47914, -1.03581, 
83, 0.315942, -0.334223, 0.3243, 0.85762, -1.45365, -1.03109, 
83, 0.293633, -0.329527, 0.304663, 0.857433, -1.42698, -1.02798, 
83, 0.271515, -0.323915, 0.284354, 0.857514, -1.40063, -1.02474, 
83, 0.2496, -0.317408, 0.263366, 0.857842, -1.37458, -1.02143, 
83, 0.227898, -0.310029, 0.241695, 0.858403, -1.34884, -1.01809, 
83, 0.206421, -0.301802, 0.219335, 0.859187, -1.32338, -1.01477, 
83, 0.185183, -0.292746, 0.196282, 0.860193, -1.29821, -1.0115, 
83, 0.164195, -0.282882, 0.172528, 0.861421, -1.27332, -1.00832, 
83, 0.143469, -0.272228, 0.148065, 0.862874, -1.24869, -1.00528, 
83, 0.123017, -0.260799, 0.122883, 0.864561, -1.22433, -1.00241, 
83, 0.10285, -0.248612, 0.0969695, 0.866492, -1.20023, -0.99974, 
83, 0.0829756, -0.23568, 0.0703102, 0.868681, -1.17637, -0.997322, 
83, 0.0634039, -0.222013, 0.0428882, 0.871143, -1.15275, -0.995191, 
83, 0.0441419, -0.207619, 0.0146831, 0.8739, -1.12936, -0.993387, 
83, 0.0251961, -0.192506, -0.0143283, 0.876972, -1.10618, -0.991953, 
83, 0.00657199, -0.176676, -0.0441733, 0.880387, -1.0832, -0.990933, 
83, -0.011726, -0.160129, -0.074883, 0.884172, -1.06041, -0.990372, 
83, -0.0296943, -0.142863, -0.106494, 0.888361, -1.0378, -0.990319, 
83, -0.047506, -0.124579, -0.139608, 0.894793, -1.01528, -0.992717, 
83, -0.0648148, -0.105817, -0.173207, 0.900201, -0.992992, -0.99414, 
83, -0.0817911, -0.0862936, -0.207865, 0.906206, -0.970833, -0.99631, 
83, -0.0984347, -0.0659868, -0.243649, 0.912875, -0.948786, -0.999308, 
83, -0.114746, -0.0448662, -0.280637, 0.920288, -0.926832, -1.00323, 
83, -0.130728, -0.0228941, -0.318919, 0.928537, -0.904952, -1.00818, 
83, -0.14638, -2.26996e-05, -0.358604, 0.937729, -0.883126, -1.01428, 
83, -0.161707, 0.0238071, -0.399817, 0.947992, -0.861331, -1.02167, 
83, -0.176711, 0.0486693, -0.442712, 0.959475, -0.839544, -1.03054, 
83, -0.191396, 0.0746559, -0.487473, 0.972363, -0.817741, -1.04107, 
83, -0.205765, 0.101883, -0.534326, 0.986877, -0.79589, -1.05353, 
83, -0.219823, 0.130497, -0.583551, 1.00329, -0.773956, -1.06821, 
83, -0.233574, 0.160687, -0.635503, 1.02196, -0.751891, -1.08551, 
83, -0.247022, 0.192698, -0.690641, 1.04332, -0.729619, -1.10592, 
83, -0.260171, 0.226859, -0.749569, 1.06797, -0.707004, -1.1301, 
83, -0.273047, 0.26385, -0.813496, 1.09662, -0.68546, -1.15896, 
83, -0.285624, 0.304101, -0.883251, 1.13061, -0.662898, -1.19386, 
83, -0.297921, 0.34885, -0.961052, 1.17168, -0.640131, -1.23681, 
83, -0.309936, 0.400043, -1.05041, 1.22301, -0.617151, -1.29142, 
83, -0.3217, 0.462021, -1.15912, 1.2902, -0.59396, -1.36428, 
84, 0.659114, -0.297993, 0.124476, 0.962383, -1.63153, -1.45533, 
84, 0.637358, -0.300749, 0.114396, 0.966355, -1.60654, -1.4536, 
84, 0.615419, -0.302792, 0.103766, 0.970531, -1.58137, -1.45223, 
84, 0.571014, -0.304125, 0.0802015, 0.979875, -1.5318, -1.44816, 
84, 0.548641, -0.303781, 0.0676323, 0.984836, -1.50668, -1.44653, 
84, 0.526139, -0.302504, 0.0542734, 0.990163, -1.48203, -1.4443, 
84, 0.503611, -0.300333, 0.0402178, 0.995583, -1.45725, -1.44232, 
84, 0.481002, -0.297487, 0.0256194, -2.14031, 1.43254, 1.70122, 
84, 0.458362, -0.293855, 0.0103811, -2.13439, 1.40795, 1.70314, 
84, 0.435729, -0.289559, -0.00535352, 1.01331, -1.38311, -1.43681, 
84, 0.39049, -0.278321, -0.0392034, 1.02626, -1.3349, -1.43319, 
84, 0.367953, -0.27161, -0.0570538, -2.10854, 1.31085, 1.70991, 
84, 0.345511, -0.264153, -0.0755545, 1.04011, -1.28697, -1.43037, 
84, 0.32316, -0.25595, -0.0947261, 1.04729, -1.26318, -1.42918, 
84, 0.301167, -0.247995, -0.113606, 1.05395, -1.23956, -1.42779, 
84, 0.279065, -0.237439, -0.134899, -2.07868, 1.21666, 1.71343, 
84, 0.25696, -0.226848, -0.156513, -2.07119, 1.19341, 1.7143, 
84, 0.235244, -0.21569, -0.178539, -2.06298, 1.17051, 1.71432, 
84, 0.213857, -0.203905, -0.201137, -2.05375, 1.14794, 1.71326, 
84, 0.192437, -0.191155, -0.224922, -2.04561, 1.12557, 1.71316, 
84, 0.171379, -0.177789, -0.249315, -2.03644, 1.10345, 1.71191, 
84, 0.150581, -0.1637, -0.274518, -2.02704, 1.08154, 1.71028, 
84, 0.130031, -0.148837, -0.300657, -2.01697, 1.05998, 1.70781, 
84, 0.109765, -0.133235, -0.327687, -2.00658, 1.03864, 1.70486, 
84, 0.0897864, -0.116864, -0.355685, -1.99571, 1.01757, 1.70121, 
84, 0.0701362, -0.0997535, -0.384623, -1.98427, 0.996824, 1.69678, 
84, 0.0507264, -0.0817491, -0.414806, -1.97227, 0.976267, 1.69156, 
84, 0.0317137, -0.0630806, -0.445832, 1.18192, -0.956144, -1.45599, 
84, 0.0128973, -0.0433308, -0.478492, 1.1954, -0.936116, -1.4633, 
84, -0.00551236, -0.0226952, -0.512444, 1.20976, -0.916516, -1.47172, 
84, -0.023586, -0.00125343, -0.547589, -1.91673, 0.896628, 1.66038, 
84, -0.0413805, 0.0214234, -0.584659, -1.90031, 0.878121, 1.64934, 
85, 0.0581259, 0.285278, -1.22724, -1.50702, 0.996479, 0.959294, 
87, -0.0478134, 0.0228699, 0.234368, 0.614167, -1.52038, -0.455429, 
87, -0.0666798, 0.0280389, 0.20025, 0.609734, -1.48621, -0.4571, 
87, -0.0852084, 0.0348163, 0.16465, 0.605958, -1.45225, -0.458727, 
87, -0.103396, 0.0431718, 0.127548, 0.602828, -1.41846, -0.460385, 
87, -0.12124, 0.0530813, 0.0889129, 0.600341, -1.38483, -0.462149, 
87, -0.138739, 0.0645277, 0.0487015, 0.598503, -1.3513, -0.464097, 
87, -0.155894, 0.0775029, 0.00685796, 0.597325, -1.31784, -0.466309, 
87, -0.172703, 0.0920085, -0.0366895, 0.596831, -1.28441, -0.468869, 
87, -0.189169, 0.108058, -0.0820312, 0.597054, -1.25094, -0.47187, 
87, -0.205292, 0.125679, -0.129279, 0.598041, -1.21738, -0.475413, 
87, -0.221077, 0.144914, -0.178574, 0.599852, -1.18366, -0.479612, 
87, -0.236524, 0.165829, -0.230087, 0.602567, -1.1497, -0.484598, 
87, -0.251639, 0.188513, -0.284034, 0.606287, -1.11541, -0.490528, 
87, -0.266424, 0.213087, -0.340686, 0.611145, -1.08069, -0.497589, 
87, -0.280885, 0.239716, -0.400389, 0.617316, -1.04541, -0.506014, 
87, -0.295026, 0.268622, -0.463586, 0.625028, -1.00943, -0.5161, 
87, -0.308853, 0.300108, -0.530867, 0.634595, -0.972535, -0.528237, 
87, -0.322369, 0.334595, -0.603034, 0.646448, -0.934494, -0.542957, 
87, -0.335581, 0.372692, -0.681218, 0.661215, -0.894966, -0.561017, 
87, -0.348495, 0.415312, -0.767101, 0.679848, -0.853475, -0.58355, 
87, -0.361116, 0.463923, -0.863356, 0.703893, -0.809288, -0.612392, 
87, -0.373449, 0.521115, -0.974672, 0.736125, -0.761172, -0.650813, 
88, 0.118355, -0.080563, 0.298221, 0.710343, -1.563, -0.652171, 
88, 0.0970036, -0.077948, 0.271257, 0.705984, -1.53091, -0.652131, 
88, 0.0759168, -0.0738875, 0.243044, 0.702173, -1.49908, -0.651955, 
88, 0.055108, -0.0684159, 0.213584, 0.698894, -1.46749, -0.651705, 
88, 0.0345897, -0.0615655, 0.182873, 0.696136, -1.43614, -0.651441, 
88, 0.0143726, -0.0533654, 0.150903, 0.693896, -1.40501, -0.651225, 
88, -0.00553378, -0.0438411, 0.117658, 0.692173, -1.37409, -0.651119, 
88, -0.025121, -0.0330136, 0.0831135, 0.690974, -1.34336, -0.651187, 
88, -0.0443822, -0.0208988, 0.0472393, 0.690312, -1.31278, -0.651495, 
88, -0.0633113, -0.00750661, 0.00999462, 0.690205, -1.28234, -0.65211, 
88, -0.0819037, 0.00716005, -0.0286717, 0.69068, -1.252, -0.653106, 
88, -0.100156, 0.023106, -0.0688229, 0.69177, -1.22172, -0.654561, 
88, -0.118065, 0.0403452, -0.110537, 0.69352, -1.19147, -0.656561, 
88, -0.13563, 0.0589025, -0.153908, 0.695984, -1.1612, -0.659202, 
88, -0.15285, 0.0788152, -0.199052, 0.69923, -1.13086, -0.662589, 
88, -0.169724, 0.100136, -0.246109, 0.703343, -1.10041, -0.666849, 
88, -0.186255, 0.122937, -0.295253, 0.708426, -1.06977, -0.672126, 
88, -0.202443, 0.147313, -0.346696, 0.714612, -1.03889, -0.678593, 
88, -0.218292, 0.173391, -0.400703, 0.722065, -1.00766, -0.686462, 
88, -0.233803, 0.201336, -0.457613, 0.730998, -0.97601, -0.695999, 
88, -0.24898, 0.23137, -0.517858, 0.741689, -0.943806, -0.707541, 
88, -0.263827, 0.263795, -0.582013, 0.754506, -0.910905, -0.721533, 
88, -0.278349, 0.299026, -0.65086, 0.769962, -0.87712, -0.738583, 
88, -0.29255, 0.337664, -0.725508, 0.788787, -0.842196, -0.759555, 
88, -0.306435, 0.380617, -0.80762, 0.812088, -0.805775, -0.785749, 
88, -0.320009, 0.429369, -0.899889, 0.841668, -0.767302, -0.819281, 
88, -0.333278, 0.486643, -1.00724, 0.880831, -0.725813, -0.864019, 
89, 0.32443, -0.149614, 0.278527, 0.809004, -1.61834, -0.909032, 
89, 0.301458, -0.150375, 0.259019, 0.806237, -1.58783, -0.907992, 
89, 0.278577, -0.149833, 0.238418, 0.803931, -1.5575, -0.906725, 
89, 0.255809, -0.148011, 0.21673, 0.80206, -1.52736, -0.905289, 
89, 0.233175, -0.144932, 0.19396, 0.800607, -1.49743, -0.903735, 
89, 0.210697, -0.140618, 0.170107, 0.79956, -1.4677, -0.902115, 
89, 0.188395, -0.135091, 0.14517, 0.798909, -1.43818, -0.900481, 
89, 0.166289, -0.128372, 0.119143, 0.798651, -1.40887, -0.898883, 
89, 0.144396, -0.120479, 0.0920186, 0.798788, -1.37977, -0.897373, 
89, 0.122734, -0.11143, 0.063782, 0.799323, -1.35087, -0.896002, 
89, 0.10132, -0.101241, 0.0344155, 0.800268, -1.32217, -0.894827, 
89, 0.0801681, -0.0899238, 0.00389547, 0.801636, -1.29366, -0.893903, 
89, 0.0592925, -0.0774865, -0.0278077, 0.803448, -1.26533, -0.89329, 
89, 0.0387054, -0.063934, -0.0607307, 0.805728, -1.23716, -0.893051, 
89, 0.018418, -0.0492659, -0.0949181, 0.808511, -1.20914, -0.893253, 
89, -0.00155998, -0.0334764, -0.130424, 0.811833, -1.18125, -0.893971, 
89, -0.0212199, -0.0165529, -0.167313, 0.815743, -1.15346, -0.895283, 
89, -0.0405545, 0.00152492, -0.205662, 0.820298, -1.12575, -0.89728, 
89, -0.0595576, 0.0207866, -0.245565, 0.825567, -1.0981, -0.900062, 
89, -0.0782243, 0.0412728, -0.287133, 0.83163, -1.07047, -0.903741, 
89, -0.0965507, 0.063038, -0.330501, 0.838588, -1.04283, -0.908452, 
89, -0.114534, 0.0861533, -0.375833, 0.846561, -1.01514, -0.914346, 
89, -0.132172, 0.110711, -0.423329, 0.855695, -0.987348, -0.92161, 
89, -0.149464, 0.136833, -0.473238, 0.866174, -0.95941, -0.930468, 
89, -0.16641, 0.164674, -0.525874, 0.878226, -0.931265, -0.941195, 
89, -0.183011, 0.194442, -0.581639, 0.892146, -0.902841, -0.954145, 
89, -0.199266, 0.226416, -0.641062, 0.908321, -0.874055, -0.969776, 
89, -0.215179, 0.260978, -0.704859, 0.927277, -0.844801, -0.988706, 
89, -0.230751, 0.298676, -0.77404, 0.949757, -0.814944, -1.01181, 
89, -0.245984, 0.340329, -0.850102, 0.976875, -0.7843, -1.04038, 
89, -0.260881, 0.387256, -0.935442, 1.01043, -0.7526, -1.07653, 
89, -0.275441, 0.44182, -1.03433, 1.0537, -0.719398, -1.12402, 
89, -0.289664, 0.509068, -1.15584, 1.11385, -0.683789, -1.19114, 
90, 0.490864, -0.152927, 0.0938486, 0.890587, -1.61243, -1.21811, 
90, 0.468, -0.154719, 0.0793863, 0.892169, -1.58447, -1.21642, 
90, 0.445047, -0.155433, 0.0639564, 0.89408, -1.55653, -1.21465, 
90, 0.422028, -0.155071, 0.0475592, 0.896315, -1.52863, -1.21284, 
90, 0.398968, -0.153637, 0.0301936, 0.89887, -1.50078, -1.21101, 
90, 0.375891, -0.151136, 0.0118566, 0.901741, -1.47302, -1.2092, 
90, 0.352821, -0.147573, -0.00745668, 0.904927, -1.44535, -1.20743, 
90, 0.329783, -0.142954, -0.0277537, 0.908431, -1.41778, -1.20575, 
90, 0.306802, -0.137285, -0.0490442, 0.912255, -1.39034, -1.20419, 
90, 0.283902, -0.13057, -0.071341, 0.916406, -1.36303, -1.20279, 
90, 0.261105, -0.122815, -0.0946601, 0.920894, -1.33586, -1.2016, 
90, 0.238436, -0.114023, -0.119021, 0.925733, -1.30885, -1.20066, 
90, 0.215917, -0.104197, -0.144446, 0.930941, -1.28199, -1.20003, 
90, 0.193571, -0.0933384, -0.170962, 0.936544, -1.2553, -1.19975, 
90, 0.171422, -0.0814478, -0.198596, 0.942574, -1.22879, -1.19988, 
90, 0.149497, -0.0685297, -0.227368, 0.949081, -1.20247, -1.20051, 
90, 0.127836, -0.0546029, -0.257271, 0.956162, -1.17636, -1.20172, 
90, 0.10652, -0.0397435, -0.288193, 0.964079, -1.15055, -1.20373, 
90, 0.0850002, -0.0232346, -0.321576, 0.971378, -1.12427, -1.20584, 
90, 0.0640491, -0.00597304, -0.355666, 0.980076, -1.09851, -1.20913, 
90, 0.0433828, 0.0124811, -0.391346, 0.989494, -1.07298, -1.21327, 
90, 0.0231773, 0.0318241, -0.428053, 0.9995, -1.04783, -1.21816, 
90, 0.00295239, 0.0530134, -0.467715, -2.13069, 1.02225, 1.91677, 
90, -0.0167928, 0.0752455, -0.508738, -2.11847, 0.997058, 1.90906, 
90, -0.195734, 0.427727, -1.13415, -1.86227, 0.746725, 1.66525, 
90, -0.211743, 0.501657, -1.26486, -1.79405, 0.720662, 1.58785, 
91, 0.652573, -0.0546706, -0.246521, -2.18102, 1.6178, -4.72271, 
91, 0.631036, -0.0570897, -0.25718, -2.17391, 1.59339, -4.72253, 
91, 0.60922, -0.0596922, -0.267346, -2.16702, 1.56909, -4.72138, 
91, 0.587184, -0.061398, -0.278417, -2.15982, 1.54468, -4.72035, 
91, 0.564948, -0.0622118, -0.290368, -2.15231, 1.52016, -4.71943, 
91, 0.542548, -0.062196, -0.303051, -2.14447, 1.49556, -4.71857, 
91, 0.519933, -0.0609942, -0.317266, 1.00528, -1.47095, -1.5766, 
91, 0.497204, -0.0589977, -0.332107, 1.01377, -1.44628, -1.57625, 
91, 0.474373, -0.0560825, -0.347855, -2.11915, 1.42153, 1.56562, 
94, 0.113002, 0.037032, 0.188103, 0.704985, -1.60838, -0.638083, 
94, 0.0900703, 0.0380197, 0.15845, 0.700159, -1.57201, -0.639491, 
94, 0.0673953, 0.0408766, 0.12703, 0.696071, -1.5358, -0.640767, 
94, 0.0449959, 0.0455771, 0.0938323, 0.692707, -1.49973, -0.641993, 
94, 0.0228893, 0.0520983, 0.0588352, 0.690059, -1.46381, -0.643256, 
94, 0.0010908, 0.0604222, 0.0220066, 0.688127, -1.42802, -0.644644, 
94, -0.0203856, 0.0705372, -0.0166996, 0.686921, -1.39232, -0.646249, 
94, -0.0415276, 0.0824397, -0.0573455, 0.686462, -1.3567, -0.64817, 
94, -0.0623247, 0.0961367, -0.100012, 0.68678, -1.32111, -0.650513, 
94, -0.0827675, 0.111648, -0.144803, 0.687919, -1.28551, -0.653393, 
94, -0.102848, 0.129009, -0.191849, 0.689942, -1.24985, -0.656942, 
94, -0.122561, 0.148276, -0.241317, 0.692929, -1.21405, -0.661306, 
94, -0.141901, 0.16953, -0.293415, 0.696983, -1.17805, -0.666661, 
94, -0.160864, 0.192883, -0.34841, 0.702241, -1.14175, -0.673212, 
94, -0.179449, 0.218494, -0.406643, 0.708881, -1.10504, -0.681213, 
94, -0.197653, 0.246577, -0.46856, 0.717141, -1.06779, -0.690986, 
94, -0.215477, 0.277432, -0.534754, 0.727337, -1.02983, -0.702946, 
94, -0.232922, 0.311481, -0.606036, 0.739912, -0.990936, -0.717657, 
94, -0.249989, 0.349339, -0.683564, 0.755502, -0.950811, -0.735916, 
94, -0.26668, 0.391949, -0.769079, 0.775071, -0.909026, -0.758916, 
94, -0.283, 0.440853, -0.865404, 0.800194, -0.864916, -0.78859, 
94, -0.298952, 0.4989, -0.977699, 0.833754, -0.817313, -0.828469, 
95, 0.234207, -0.0166352, 0.136648, 0.772807, -1.59611, -0.837048, 
95, 0.210292, -0.0158055, 0.111683, 0.77022, -1.56222, -0.836839, 
95, 0.186518, -0.0133507, 0.0851674, 0.768212, -1.52846, -0.836558, 
95, 0.162909, -0.00928627, 0.0570932, 0.766776, -1.49481, -0.836271, 
95, 0.139489, -0.00362672, 0.0274448, 0.765912, -1.4613, -0.836045, 
95, 0.116282, 0.00361558, -0.00380104, 0.765622, -1.42791, -0.835953, 
95, 0.0933091, 0.0124315, -0.0366762, 0.765918, -1.39465, -0.836071, 
95, 0.0705907, 0.0228165, -0.0712232, 0.766819, -1.36149, -0.836478, 
95, 0.0481457, 0.0347719, -0.107497, 0.768351, -1.32844, -0.837262, 
95, 0.0259913, 0.0483064, -0.145565, 0.770551, -1.29546, -0.838515, 
95, 0.00414326, 0.0634381, -0.185516, 0.773467, -1.26253, -0.840343, 
95, -0.0173844, 0.0801968, -0.227455, 0.77716, -1.22961, -0.842862, 
95, -0.0385791, 0.0986267, -0.271516, 0.781707, -1.19667, -0.846203, 
95, -0.0594299, 0.11879, -0.317863, 0.787206, -1.16366, -0.850519, 
95, -0.0799274, 0.140774, -0.366703, 0.793779, -1.13053, -0.855991, 
95, -0.100064, 0.164693, -0.418295, 0.80158, -1.09721, -0.862836, 
95, -0.119833, 0.190706, -0.47297, 0.81081, -1.06361, -0.871319, 
95, -0.139229, 0.219024, -0.531157, 0.821726, -1.02964, -0.881778, 
95, -0.158248, 0.249939, -0.593427, 0.834673, -0.995168, -0.894652, 
95, -0.176889, 0.283859, -0.660557, 0.850121, -0.960042, -0.91053, 
95, -0.195148, 0.321378, -0.733658, 0.868742, -0.924042, -0.930243, 
95, -0.213027, 0.363398, -0.814393, 0.89154, -0.886861, -0.95503, 
95, -0.230525, 0.411399, -0.905461, 0.920141, -0.848024, -0.986885, 
95, -0.247644, 0.468098, -1.01178, 0.957496, -0.806703, -1.02942, 
96, 0.382978, -0.0318486, 0.0262938, 0.838609, -1.60826, -1.07661, 
96, 0.358799, -0.0328936, 0.00730927, 0.839014, -1.57689, -1.07535, 
96, 0.334589, -0.032528, -0.0130599, 0.839864, -1.54552, -1.07407, 
96, 0.310376, -0.0307523, -0.0348223, 0.841159, -1.51418, -1.07283, 
96, 0.286189, -0.0275677, -0.0579907, 0.842901, -1.48288, -1.07168, 
96, 0.262056, -0.0229753, -0.0825827, 0.845099, -1.45163, -1.07065, 
96, 0.238005, -0.0169753, -0.108622, 0.847761, -1.42046, -1.06982, 
96, 0.214063, -0.00956632, -0.136138, 0.850903, -1.38937, -1.06924, 
96, 0.190257, -0.000744262, -0.165169, 0.854547, -1.35836, -1.06898, 
96, 0.166611, 0.00949841, -0.195762, 0.858719, -1.32744, -1.06911, 
96, 0.143152, 0.021174, -0.227975, 0.863456, -1.29661, -1.06972, 
96, 0.119901, 0.0343012, -0.261879, 0.8688, -1.26585, -1.07089, 
96, 0.0968812, 0.0489061, -0.297559, 0.874807, -1.23516, -1.07272, 
96, 0.0741129, 0.0650253, -0.335123, 0.881544, -1.20453, -1.07532, 
96, 0.0516153, 0.0827077, -0.374697, 0.889093, -1.17393, -1.07884, 
96, 0.029406, 0.102018, -0.416441, 0.897558, -1.14335, -1.08341, 
96, 0.00750094, 0.123043, -0.46055, 0.907065, -1.11274, -1.08922, 
96, -0.0140854, 0.145896, -0.507269, 0.91777, -1.08208, -1.09649, 
96, -0.0353402, 0.170726, -0.556908, 0.929873, -1.05129, -1.10546, 
96, -0.056252, 0.197733, -0.609867, 0.943629, -1.02033, -1.11649, 
96, -0.0768108, 0.227187, -0.66667, 0.959369, -0.989074, -1.12998, 
96, -0.0970075, 0.25946, -0.728025, 0.977536, -0.957391, -1.1465, 
96, -0.116834, 0.295077, -0.794917, 0.998736, -0.925031, -1.1668, 
96, -0.136312, 0.33526, -0.869548, 1.02407, -0.893445, -1.19251, 
96, -0.155397, 0.38086, -0.95353, 1.0548, -0.859996, -1.22486, 
96, -0.174101, 0.434638, -1.05184, 1.09366, -0.82515, -1.26745, 
96, -0.192419, 0.502284, -1.17472, 1.14651, -0.787846, -1.3277, 
97, 0.530272, 0.0166358, -0.197476, 0.895372, -1.61274, -1.36093, 
97, 0.506874, 0.0135653, -0.210653, 0.899805, -1.58464, -1.35931, 
97, 0.483295, 0.0116235, -0.224994, 0.904579, -1.55629, -1.35796, 
97, 0.435623, 0.0116677, -0.257898, -2.2263, 1.49962, 1.78638, 
97, 0.411582, 0.0131971, -0.275952, -2.22007, 1.47109, 1.78737, 
97, 0.387401, 0.0163587, -0.295686, -2.21401, 1.44255, 1.78809, 
97, 0.29063, 0.0420483, -0.389395, -2.18387, 1.32778, 1.78742, 
97, 0.100998, 0.162016, -0.660485, 1.0485, -1.10108, -1.39029, 
97, 0.078155, 0.184866, -0.705261, -2.07688, 1.07302, 1.74061, 
97, 0.0555984, 0.20998, -0.753473, -2.05921, 1.04491, 1.72794, 
97, 0.0333273, 0.237669, -0.805724, -2.03963, 1.01681, 1.7127, 
97, 0.0113507, 0.268411, -0.862908, -2.01762, 0.988647, 1.6942, 
97, -0.0103054, 0.302865, -0.926239, -1.99252, 0.960382, 1.67157, 
97, -0.0315845, 0.3418, -0.99711, -1.96332, 0.932044, 1.64367, 
97, -0.0526097, 0.388061, -1.08073, -1.92831, 0.90306, 1.60749, 
97, -0.0732515, 0.444834, -1.18277, -1.8843, 0.873426, 1.5591, 
101, 0.181942, 0.0813212, 0.0257225, 0.750573, -1.58664, -0.79726, 
101, 0.156632, 0.0832432, -0.00444956, 0.748223, -1.54879, -0.798054, 
101, 0.131497, 0.087228, -0.0367646, 0.746631, -1.51096, -0.798916, 
101, 0.106567, 0.0932753, -0.071264, 0.745806, -1.47316, -0.79994, 
101, 0.0818696, 0.10139, -0.108005, 0.745765, -1.43537, -0.801231, 
101, 0.0574314, 0.111583, -0.147064, 0.746535, -1.39759, -0.802902, 
101, 0.033277, 0.123879, -0.188542, 0.748159, -1.35979, -0.80508, 
101, 0.00942915, 0.138315, -0.232566, 0.750696, -1.32194, -0.807905, 
101, -0.0140913, 0.154948, -0.279303, 0.754224, -1.28398, -0.81154, 
101, -0.0372657, 0.173858, -0.328964, 0.758847, -1.24587, -0.816172, 
101, -0.0600772, 0.195161, -0.381822, 0.764702, -1.20752, -0.822026, 
101, -0.082511, 0.219018, -0.438231, 0.77197, -1.16884, -0.829377, 
101, -0.104555, 0.245652, -0.498658, 0.78089, -1.12971, -0.838569, 
101, -0.126197, 0.275378, -0.563734, 0.791788, -1.08998, -0.850052, 
101, -0.14743, 0.308646, -0.634331, 0.805117, -1.04944, -0.864432, 
101, -0.168245, 0.346126, -0.711712, 0.821535, -1.00779, -0.882567, 
101, -0.188638, 0.388857, -0.797808, 0.842045, -0.964621, -0.905753, 
101, -0.208605, 0.438595, -0.895831, 0.86831, -0.919257, -0.93612, 
101, -0.228143, 0.498695, -1.01187, 0.903462, -0.870467, -0.977667, 
102, 0.313056, 0.063955, -0.0436428, 0.804256, -1.6101, -0.988735, 
102, 0.287331, 0.0634131, -0.0671118, 0.80394, -1.57488, -0.988265, 
102, 0.261618, 0.0646926, -0.0924859, 0.80425, -1.53963, -0.987838, 
102, 0.235951, 0.0678007, -0.119795, 0.805189, -1.50435, -0.987534, 
102, 0.210361, 0.0727466, -0.149079, 0.806763, -1.46906, -0.987434, 
102, 0.184882, 0.0795425, -0.180389, 0.808991, -1.43376, -0.987627, 
102, 0.159546, 0.0882058, -0.21379, 0.8119, -1.39846, -0.988209, 
102, 0.134383, 0.098761, -0.249364, 0.815528, -1.36316, -0.989287, 
102, 0.109422, 0.111242, -0.287216, 0.819927, -1.32783, -0.990979, 
102, 0.0846936, 0.125697, -0.327477, 0.825162, -1.29247, -0.993421, 
102, 0.0602229, 0.142189, -0.370309, 0.831319, -1.25703, -0.996767, 
102, 0.0360355, 0.160805, -0.415921, 0.838507, -1.2215, -1.0012, 
102, 0.0121547, 0.181665, -0.464575, 0.846867, -1.18581, -1.00694, 
102, -0.0113978, 0.204926, -0.51661, 0.85658, -1.14991, -1.01424, 
102, -0.0346021, 0.230806, -0.572469, 0.86788, -1.1137, -1.02345, 
102, -0.05744, 0.259604, -0.632743, 0.881087, -1.07709, -1.03499, 
102, -0.0798944, 0.291744, -0.698248, 0.896639, -1.03994, -1.04945, 
102, -0.101949, 0.327847, -0.770149, 0.915172, -1.00204, -1.06765, 
102, -0.12385, 0.369929, -0.852269, 0.939528, -0.962402, -1.09359, 
102, -0.145133, 0.418081, -0.944552, 0.968154, -0.921667, -1.12476, 
102, -0.166, 0.476346, -1.05444, 1.00551, -0.878377, -1.16723, 
103, 0.443645, 0.0889212, -0.199161, 0.848393, -1.61742, -1.21634, 
103, 0.418416, 0.0861534, -0.21634, 0.851478, -1.58538, -1.21479, 
103, 0.393026, 0.0849725, -0.235269, 0.855038, -1.55314, -1.2134, 
103, 0.367507, 0.0853995, -0.255974, 0.859089, -1.52071, -1.21222, 
103, 0.341876, 0.0877549, -0.278911, 0.863593, -1.48915, -1.2118, 
103, 0.316189, 0.091493, -0.303332, 0.868681, -1.45658, -1.21126, 
103, 0.290472, 0.0969221, -0.329681, 0.874334, -1.42392, -1.21112, 
103, 0.264759, 0.104074, -0.358025, 0.880588, -1.39118, -1.21147, 
103, 0.239083, 0.112985, -0.388451, 0.88749, -1.35837, -1.21241, 
103, 0.213479, 0.123704, -0.421063, 0.895097, -1.32551, -1.21405, 
103, 0.18798, 0.136287, -0.455992, 0.90348, -1.29259, -1.21651, 
103, 0.162619, 0.150809, -0.493401, 0.912727, -1.2596, -1.21994, 
103, 0.137428, 0.167362, -0.533486, 0.922952, -1.22654, -1.22452, 
103, 0.112444, 0.186061, -0.576487, 0.934302, -1.19339, -1.23045, 
103, 0.0877156, 0.207024, -0.622642, 0.946987, -1.16018, -1.23797, 
103, 0.0633699, 0.230229, -0.671912, 0.961497, -1.12704, -1.2474, 
103, 0.0388991, 0.257168, -0.727269, 0.977044, -1.09283, -1.25953, 
103, 0.0149627, 0.286914, -0.78678, 0.995294, -1.05874, -1.27445, 
103, -0.00841109, 0.318768, -0.849084, -2.12696, 1.02516, 1.85144, 
103, -0.0319136, 0.359083, -0.926432, -2.10016, 0.988898, 1.82459, 
104, 0.521803, 0.1733, -0.500044, -2.24144, 1.5524, 1.65476, 
104, 0.497257, 0.171095, -0.514449, -2.2334, 1.52391, 1.65604, 
104, 0.472508, 0.170383, -0.530628, -2.22449, 1.49518, 1.65682, 
104, 0.44755, 0.171204, -0.548635, -2.21527, 1.46626, 1.65719, 
104, 0.422339, 0.173665, -0.568688, -2.20601, 1.43707, 1.65722, 
104, 0.396865, 0.177871, -0.59103, -2.19644, 1.4074, 1.65655, 
104, 0.371312, 0.183721, -0.615381, -2.18574, 1.37757, 1.65494, 
104, 0.34568, 0.191324, -0.64194, -2.1742, 1.34771, 1.65244, 
104, 0.319977, 0.200769, -0.670878, -2.16196, 1.31785, 1.64913, 
104, 0.294253, 0.212066, -0.702227, -2.149, 1.28741, 1.64506, 
104, 0.268529, 0.22569, -0.736813, -2.13488, 1.25744, 1.63918, 
104, 0.24277, 0.240212, -0.772192, 1.02137, -1.2277, -1.50912, 
104, 0.217221, 0.259468, -0.815125, 1.03813, -1.19629, -1.51842, 
104, 0.191664, 0.280614, -0.860643, 1.05613, -1.16568, -1.52945, 
104, 0.166278, 0.304047, -0.909442, 1.07571, -1.13504, -1.543, 
104, 0.141032, 0.332729, -0.966872, 1.09805, -1.10343, -1.56027, 
117, -0.227711, 0.419193, -0.192744, -0.757818, -1.49314, 0.743075, 
117, -0.216266, 0.422172, -0.213098, -0.75568, -1.47284, 0.746893, 
117, -0.204909, 0.425804, -0.234262, -0.753844, -1.45244, 0.750821, 
117, -0.193642, 0.430096, -0.25626, -0.752318, -1.43195, 0.754879, 
117, -0.182467, 0.435061, -0.279116, -0.751109, -1.41135, 0.75909, 
117, -0.171386, 0.440712, -0.302859, -0.750228, -1.39064, 0.763479, 
117, -0.1604, 0.447065, -0.327523, -0.749688, -1.36982, 0.76807, 
117, -0.14951, 0.454137, -0.353147, -0.749502, -1.34886, 0.772895, 
117, -0.138718, 0.461951, -0.379775, -0.749688, -1.32777, 0.777984, 
117, -0.128024, 0.47053, -0.407458, -0.750264, -1.30652, 0.783374, 
117, -0.117431, 0.479905, -0.436257, -0.751256, -1.2851, 0.789105, 
118, -0.304002, 0.364619, -0.165597, -0.906062, -1.47715, 0.904569, 
118, -0.292031, 0.367393, -0.181402, -0.904074, -1.45985, 0.907582, 
118, -0.280133, 0.370661, -0.197818, -0.902317, -1.44252, 0.910687, 
118, -0.26831, 0.374429, -0.214856, -0.900796, -1.42514, 0.913897, 
118, -0.256567, 0.3787, -0.232529, -0.899517, -1.40772, 0.917227, 
118, -0.244904, 0.383482, -0.250852, -0.898486, -1.39025, 0.920691, 
118, -0.233324, 0.38878, -0.269839, -0.897712, -1.37273, 0.924308, 
118, -0.22183, 0.394602, -0.289508, -0.897203, -1.35517, 0.928093, 
118, -0.210423, 0.400957, -0.30988, -0.896969, -1.33755, 0.932067, 
118, -0.199106, 0.407855, -0.330978, -0.897022, -1.31988, 0.936251, 
118, -0.18788, 0.415308, -0.352828, -0.897374, -1.30214, 0.940667, 
118, -0.176747, 0.423329, -0.375457, -0.89804, -1.28434, 0.945339, 
118, -0.165708, 0.431934, -0.3989, -0.899037, -1.26647, 0.950296, 
118, -0.154765, 0.441141, -0.423194, -0.900384, -1.24852, 0.955567, 
118, -0.14392, 0.450971, -0.448382, -0.902101, -1.23049, 0.961185, 
118, -0.133172, 0.461448, -0.474513, -0.904214, -1.21236, 0.967188, 
118, -0.122525, 0.472601, -0.501644, -0.906751, -1.19412, 0.973619, 
119, -0.396164, 0.312049, -0.189021, -1.10784, -1.47086, 1.13963, 
119, -0.38374, 0.314484, -0.200111, -1.10661, -1.45595, 1.14187, 
119, -0.371366, 0.317311, -0.211686, -1.10553, -1.44104, 1.1442, 
119, -0.359044, 0.320532, -0.223751, -1.10462, -1.42611, 1.14662, 
119, -0.346779, 0.324149, -0.236314, -1.10387, -1.41118, 1.14914, 
119, -0.334573, 0.328166, -0.249381, -1.10329, -1.39624, 1.15178, 
119, -0.322431, 0.332584, -0.262959, -1.10289, -1.38131, 1.15454, 
119, -0.310354, 0.337408, -0.277058, -1.10268, -1.36637, 1.15744, 
119, -0.298346, 0.34264, -0.291686, -1.10265, -1.35143, 1.16048, 
119, -0.28641, 0.348285, -0.306855, -1.10282, -1.33649, 1.16369, 
119, -0.274548, 0.354348, -0.322576, -1.10319, -1.32155, 1.16706, 
119, -0.262763, 0.360834, -0.338863, -1.10378, -1.30662, 1.17062, 
119, -0.251058, 0.367748, -0.355729, -1.10459, -1.29169, 1.17438, 
119, -0.239435, 0.375099, -0.373192, -1.10563, -1.27677, 1.17836, 
119, -0.227896, 0.382893, -0.391269, -1.10692, -1.26184, 1.18257, 
119, -0.216443, 0.39114, -0.409981, -1.10847, -1.24692, 1.18704, 
119, -0.205078, 0.39985, -0.429351, -1.11028, -1.232, 1.19178, 
119, -0.193804, 0.409035, -0.449404, -1.11239, -1.21709, 1.19683, 
119, -0.182622, 0.418708, -0.470169, -1.1148, -1.20217, 1.20219, 
119, -0.171533, 0.428885, -0.491677, -1.11753, -1.18724, 1.20791, 
119, -0.160539, 0.439584, -0.513967, -1.12061, -1.17232, 1.21401, 
119, -0.149642, 0.450825, -0.537078, -1.12406, -1.15738, 1.22053, 
119, -0.138843, 0.462632, -0.561058, -1.1279, -1.14244, 1.2275, 
119, -0.128143, 0.475032, -0.585962, -1.13217, -1.12748, 1.23496, 
121, -0.154749, 0.386364, -0.143903, -0.620839, -1.40308, 0.592072, 
121, -0.146006, 0.391298, -0.166799, -0.61944, -1.38354, 0.595656, 
121, -0.137353, 0.396795, -0.190377, -0.618303, -1.36393, 0.599343, 
121, -0.12879, 0.402863, -0.214663, -0.617435, -1.34423, 0.603149, 
121, -0.120315, 0.409514, -0.23968, -0.616843, -1.32444, 0.607095, 
121, -0.111929, 0.416758, -0.265459, -0.616536, -1.30455, 0.611203, 
121, -0.103632, 0.42461, -0.292032, -0.616526, -1.28453, 0.615495, 
121, -0.0954228, 0.433088, -0.319438, -0.616825, -1.26439, 0.619996, 
121, -0.0873018, 0.442212, -0.347719, -0.61745, -1.2441, 0.624736, 
121, -0.0792685, 0.452003, -0.376924, -0.618418, -1.22365, 0.629744, 
122, -0.233956, 0.302383, -0.0565292, -0.769606, -1.37276, 0.741863, 
122, -0.224441, 0.30701, -0.074639, -0.767923, -1.35664, 0.744651, 
122, -0.215014, 0.312032, -0.0932157, -0.766445, -1.34051, 0.747515, 
122, -0.205674, 0.317451, -0.112268, -0.765177, -1.32435, 0.750467, 
122, -0.196423, 0.323271, -0.131808, -0.764122, -1.30817, 0.753518, 
122, -0.187261, 0.329494, -0.151845, -0.763287, -1.29196, 0.756682, 
122, -0.178187, 0.336124, -0.172393, -0.762677, -1.27572, 0.759971, 
122, -0.169202, 0.343168, -0.193466, -0.762298, -1.25945, 0.763401, 
122, -0.160307, 0.350631, -0.215082, -0.76216, -1.24313, 0.766986, 
122, -0.151501, 0.35852, -0.237256, -0.762271, -1.22677, 0.770744, 
122, -0.142784, 0.366843, -0.260011, -0.762641, -1.21035, 0.774691, 
122, -0.134156, 0.37561, -0.283369, -0.763281, -1.19387, 0.778848, 
122, -0.125617, 0.384833, -0.307355, -0.764206, -1.17733, 0.783235, 
122, -0.117168, 0.394524, -0.331997, -0.76543, -1.1607, 0.787875, 
122, -0.108807, 0.404698, -0.357327, -0.766969, -1.14399, 0.792794, 
122, -0.100534, 0.415372, -0.383383, -0.768844, -1.12719, 0.798019, 
122, -0.0923502, 0.426567, -0.410203, -0.771076, -1.11027, 0.803581, 
122, -0.0842541, 0.438304, -0.437836, -0.77369, -1.09324, 0.809515, 
122, -0.0762454, 0.450612, -0.466334, -0.776716, -1.07607, 0.815861, 
123, -0.300345, 0.223297, -0.0685686, -0.993098, -1.28164, 0.995699, 
123, -0.290252, 0.228991, -0.0833753, -0.992252, -1.2683, 0.997977, 
123, -0.280242, 0.234973, -0.0985376, -0.991567, -1.25498, 1.00035, 
123, -0.270315, 0.241245, -0.114061, -0.991048, -1.24168, 1.00283, 
123, -0.260473, 0.247807, -0.129951, -0.9907, -1.2284, 1.00543, 
123, -0.250716, 0.254662, -0.146215, -0.990529, -1.21513, 1.00815, 
123, -0.241045, 0.261811, -0.162861, -0.990539, -1.20188, 1.011, 
123, -0.231597, 0.269064, -0.179474, -0.989612, -1.18864, 1.01254, 
123, -0.222096, 0.276808, -0.19691, -0.990002, -1.17542, 1.0157, 
123, -0.212682, 0.284853, -0.214752, -0.990591, -1.1622, 1.01903, 
123, -0.203358, 0.293205, -0.233012, -0.991387, -1.149, 1.02253, 
123, -0.194122, 0.301867, -0.251701, -0.992399, -1.1358, 1.02622, 
123, -0.184976, 0.310843, -0.270834, -0.993637, -1.1226, 1.03011, 
123, -0.175919, 0.320142, -0.290423, -0.995112, -1.10941, 1.03422, 
123, -0.166952, 0.329767, -0.310485, -0.996835, -1.09621, 1.03856, 
123, -0.157956, 0.339956, -0.331497, -1.00011, -1.08302, 1.04473, 
123, -0.149169, 0.350271, -0.352574, -1.00241, -1.06982, 1.04965, 
123, -0.140471, 0.360941, -0.374186, -1.00502, -1.0566, 1.05486, 
123, -0.131862, 0.371979, -0.396356, -1.00793, -1.04337, 1.0604, 
123, -0.123343, 0.383396, -0.419112, -1.01118, -1.03013, 1.06628, 
123, -0.114912, 0.395208, -0.442483, -1.01479, -1.01687, 1.07255, 
123, -0.106571, 0.407432, -0.466505, -1.01878, -1.00357, 1.07922, 
123, -0.0983175, 0.420087, -0.491213, -1.02318, -0.990254, 1.08633, 
123, -0.0901526, 0.433195, -0.516652, -1.02802, -0.976899, 1.09392, 
123, -0.0820756, 0.446781, -0.54287, -1.03333, -0.963504, 1.10204, 
124, -0.640501, 0.0915129, 0.015001, -1.31273, -1.53952, 1.33449, 
124, -0.628829, 0.0917078, 0.0107822, -1.31157, -1.52673, 1.3352, 
124, -0.617255, 0.0923461, 0.00609783, -1.31099, -1.51508, 1.33646, 
124, -0.605476, 0.0931955, 0.00112729, -1.30936, -1.50271, 1.33732, 
124, -0.594097, 0.0941392, -0.00379483, -1.30926, -1.49072, 1.33842, 
124, -0.58222, 0.0955489, -0.00943517, -1.30742, -1.47821, 1.33924, 
124, -0.57061, 0.0970145, -0.0150081, -1.30651, -1.46577, 1.34005, 
124, -0.559062, 0.0988711, -0.0210383, -1.30572, -1.45376, 1.3412, 
124, -0.547536, 0.100916, -0.0272585, -1.30498, -1.44158, 1.34224, 
124, -0.536768, 0.102663, -0.0326663, -1.30436, -1.43028, 1.34218, 
124, -0.525003, 0.105398, -0.039811, -1.3037, -1.41779, 1.34366, 
124, -0.513493, 0.108242, -0.0469434, -1.30287, -1.40555, 1.34478, 
124, -0.501795, 0.111489, -0.0547551, -1.30266, -1.39309, 1.34657, 
124, -0.490473, 0.114711, -0.0622667, -1.30226, -1.38092, 1.34769, 
124, -0.47923, 0.11817, -0.0700098, -1.30197, -1.36909, 1.34886, 
124, -0.46796, 0.121952, -0.0781997, -1.30166, -1.35707, 1.35019, 
124, -0.456798, 0.125908, -0.0865447, -1.30159, -1.34514, 1.35152, 
124, -0.445669, 0.130122, -0.0951884, -1.3014, -1.33325, 1.35284, 
124, -0.434607, 0.134567, -0.1041, -1.30136, -1.3214, 1.35423, 
124, -0.423607, 0.139247, -0.113289, -1.30142, -1.30961, 1.3557, 
124, -0.412464, 0.143793, -0.122059, -1.30117, -1.29711, 1.35631, 
124, -0.401679, 0.149096, -0.13211, -1.30156, -1.28578, 1.35835, 
124, -0.390928, 0.154582, -0.142328, -1.30199, -1.27433, 1.36027, 
124, -0.380222, 0.160266, -0.152757, -1.30247, -1.26283, 1.36217, 
124, -0.369572, 0.166159, -0.163428, -1.30302, -1.25133, 1.36408, 
124, -0.358985, 0.172271, -0.174363, -1.30366, -1.23986, 1.36605, 
124, -0.348467, 0.178607, -0.18558, -1.30439, -1.22843, 1.36811, 
124, -0.338022, 0.185175, -0.197089, -1.30522, -1.21706, 1.37026, 
124, -0.327903, 0.190684, -0.206983, -1.30699, -1.2061, 1.37197, 
124, -0.317422, 0.19805, -0.219724, -1.30787, -1.19459, 1.37473, 
124, -0.30714, 0.205493, -0.232471, -1.30866, -1.18326, 1.3773, 
124, -0.296997, 0.213083, -0.245355, -1.30954, -1.17205, 1.37984, 
124, -0.286951, 0.220867, -0.258475, -1.3107, -1.1609, 1.38249, 
124, -0.276982, 0.228871, -0.271892, -1.31233, -1.14979, 1.38539, 
124, -0.267096, 0.237095, -0.28562, -1.31461, -1.13872, 1.3887, 
124, -0.257331, 0.245504, -0.299609, -1.31776, -1.12776, 1.39261, 
124, -0.247602, 0.254964, -0.314973, -1.31844, -1.11738, 1.3956, 
124, -0.237974, 0.263934, -0.329776, -1.32066, -1.10662, 1.39924, 
124, -0.228433, 0.273153, -0.344943, -1.32305, -1.09591, 1.40309, 
124, -0.218978, 0.282617, -0.360471, -1.32563, -1.08523, 1.40715, 
124, -0.209609, 0.292314, -0.376343, -1.32841, -1.07457, 1.41147, 
124, -0.200319, 0.302217, -0.392507, -1.3314, -1.06387, 1.41604, 
124, -0.19111, 0.312255, -0.408835, -1.33461, -1.0529, 1.42091, 
124, -0.182037, 0.323226, -0.426788, -1.33799, -1.04348, 1.42571, 
124, -0.173033, 0.334043, -0.444394, -1.34162, -1.03321, 1.43097, 
124, -0.16411, 0.345171, -0.462499, -1.34552, -1.023, 1.43657, 
124, -0.155266, 0.356612, -0.481115, -1.34972, -1.01276, 1.44255, 
124, -0.14652, 0.368353, -0.500211, -1.35418, -1.00268, 1.44882, 
124, -0.13786, 0.380444, -0.51988, -1.35897, -0.992796, 1.45545, 
124, -0.129293, 0.392841, -0.540056, -1.36406, -0.982886, 1.46247, 
124, -0.120811, 0.405601, -0.560837, 1.77212, 0.973047, -1.67172, 
124, -0.112422, 0.418714, -0.582213, 1.76628, 0.963262, -1.66381, 
124, -0.104119, 0.432222, -0.604252, 1.76018, 0.953633, -1.65556, 
125, -0.076284, 0.365539, -0.110472, -0.427066, -1.32945, 0.392099, 
125, -0.0705122, 0.371759, -0.135018, -0.426298, -1.31045, 0.394668, 
125, -0.0648093, 0.378476, -0.160159, -0.425718, -1.29138, 0.397319, 
125, -0.0591747, 0.3857, -0.185918, -0.425331, -1.27222, 0.400065, 
125, -0.0536073, 0.393438, -0.212321, -0.425143, -1.25296, 0.40292, 
125, -0.0481063, 0.401704, -0.239397, -0.425161, -1.23359, 0.4059, 
125, -0.042671, 0.410512, -0.26718, -0.425395, -1.21409, 0.409021, 
125, -0.0373003, 0.419876, -0.295706, -0.425855, -1.19444, 0.412304, 
125, -0.0319936, 0.429818, -0.325019, -0.426554, -1.17462, 0.415767, 
126, -0.12297, 0.268129, -0.0192195, -0.534433, -1.22819, 0.506577, 
126, -0.116622, 0.2751, -0.0400744, -0.533555, -1.21311, 0.508455, 
126, -0.11035, 0.282387, -0.06131, -0.532835, -1.19799, 0.510414, 
126, -0.104153, 0.289995, -0.0829373, -0.532279, -1.18284, 0.512464, 
126, -0.098031, 0.297926, -0.104969, -0.53189, -1.16765, 0.514615, 
126, -0.0919823, 0.306186, -0.127418, -0.531674, -1.15241, 0.516876, 
126, -0.0860062, 0.31478, -0.1503, -0.531637, -1.13711, 0.519258, 
126, -0.0801018, 0.323714, -0.173631, -0.531785, -1.12175, 0.521773, 
126, -0.0742683, 0.332995, -0.197429, -0.532128, -1.10631, 0.524435, 
126, -0.0685047, 0.342633, -0.221715, -0.532673, -1.09079, 0.527255, 
126, -0.0628103, 0.352636, -0.246511, -0.53343, -1.07518, 0.53025, 
126, -0.057184, 0.363017, -0.271842, -0.534412, -1.05946, 0.533435, 
126, -0.0516251, 0.373787, -0.297735, -0.535631, -1.04363, 0.536828, 
126, -0.0461327, 0.384962, -0.324222, -0.537102, -1.02767, 0.54045, 
126, -0.040706, 0.396558, -0.351336, -0.538841, -1.01157, 0.544322, 
126, -0.035344, 0.408595, -0.379117, -0.540869, -0.995313, 0.548469, 
126, -0.0300459, 0.421094, -0.407607, -0.543206, -0.978883, 0.552918, 
127, -0.196542, 0.132314, 0.0680296, -0.731073, -1.07786, 0.71973, 
127, -0.189291, 0.140216, 0.0511049, -0.730055, -1.06639, 0.720553, 
127, -0.182125, 0.148305, 0.033937, -0.729174, -1.05493, 0.721474, 
127, -0.175045, 0.156582, 0.016521, -0.728433, -1.04347, 0.722498, 
127, -0.168049, 0.165048, -0.00114851, -0.727836, -1.03201, 0.723632, 
127, -0.161168, 0.173506, -0.0188382, -0.727616, -1.01931, 0.724827, 
127, -0.154335, 0.182363, -0.0370404, -0.727303, -1.00788, 0.726198, 
127, -0.147585, 0.191413, -0.0555141, -0.72715, -0.996446, 0.727701, 
127, -0.140915, 0.200659, -0.0742668, -0.727164, -0.98499, 0.729344, 
127, -0.134326, 0.210104, -0.0933065, -0.72735, -0.973512, 0.731136, 
127, -0.127815, 0.219751, -0.112642, -0.727715, -0.962009, 0.733086, 
127, -0.121383, 0.229603, -0.132282, -0.728267, -0.950477, 0.735204, 
127, -0.115029, 0.239666, -0.152238, -0.729014, -0.938913, 0.7375, 
127, -0.108751, 0.249943, -0.172521, -0.729965, -0.927312, 0.739987, 
127, -0.102549, 0.26044, -0.193141, -0.73113, -0.915669, 0.742674, 
127, -0.0964219, 0.271163, -0.214114, -0.73252, -0.903982, 0.745577, 
127, -0.0903685, 0.282119, -0.235451, -0.734147, -0.892244, 0.74871, 
127, -0.0843881, 0.293315, -0.257171, -0.736023, -0.880451, 0.752087, 
127, -0.0784797, 0.304759, -0.279288, -0.738165, -0.868598, 0.755727, 
127, -0.0726426, 0.31646, -0.301822, -0.740586, -0.85668, 0.759647, 
127, -0.0668757, 0.328429, -0.324793, -0.743306, -0.84469, 0.763868, 
127, -0.0611782, 0.340677, -0.348224, -0.746344, -0.832622, 0.768413, 
127, -0.0555493, 0.353217, -0.372139, -0.749723, -0.820471, 0.773306, 
127, -0.049988, 0.366063, -0.396566, -0.753466, -0.808229, 0.778577, 
127, -0.0444934, 0.37923, -0.421536, -0.757602, -0.795889, 0.784255, 
127, -0.0390648, 0.392737, -0.447081, -0.762162, -0.783442, 0.790376, 
127, -0.0337012, 0.406604, -0.47324, -0.767181, -0.770881, 0.79698, 
127, -0.0284017, 0.420854, -0.500057, -0.7727, -0.758196, 0.804111, 
128, -0.562165, -0.189012, 0.339092, -1.1815, -1.23724, 1.19269, 
128, -0.551385, -0.184598, 0.331333, -1.17997, -1.22611, 1.19197, 
128, -0.540403, -0.179903, 0.323267, 1.96401, 1.21482, -1.95106, 
128, -0.370199, -0.076195, 0.161707, 1.98996, 1.03665, -1.96621, 
128, -0.361147, -0.06911, 0.151183, 1.99073, 1.02699, -1.96678, 
128, -0.351765, -0.0610168, 0.139235, 1.99209, 1.0169, -1.96726, 
128, -0.34285, -0.0534149, 0.128023, 1.99301, 1.00732, -1.96765, 
128, -0.333881, -0.0456484, 0.116512, -1.14788, -0.997615, 1.17364, 
128, -0.325054, -0.0375401, 0.104662, 1.99459, 0.987905, -1.96829, 
128, -0.316353, -0.0294791, 0.0927863, -1.14637, -0.978548, 1.17323, 
128, -0.290787, -0.0043696, 0.0559968, -1.14503, -0.950482, 1.1734, 
128, -0.282453, 0.00423492, 0.043388, -1.14476, -0.941247, 1.17366, 
128, -0.274212, 0.0129677, 0.0305907, -1.14461, -0.932087, 1.17403, 
128, -0.266065, 0.0218247, 0.017608, -1.14456, -0.922975, 1.17452, 
128, -0.258275, 0.0303768, 0.00504859, -1.14548, -0.91421, 1.17582, 
128, -0.250245, 0.0395861, -0.00845316, -1.14502, -0.905149, 1.17596, 
128, -0.242334, 0.0488762, -0.0220905, -1.14495, -0.896151, 1.17647, 
128, -0.234531, 0.0582632, -0.0358867, -1.14513, -0.887215, 1.17723, 
128, -0.226831, 0.067755, -0.0498545, -1.14547, -0.878337, 1.17816, 
128, -0.21923, 0.0773541, -0.0639992, -1.14592, -0.869514, 1.1792, 
128, -0.21173, 0.087058, -0.078319, -1.1464, -0.86074, 1.18029, 
128, -0.204162, 0.0972043, -0.0933305, -1.14887, -0.851938, 1.18345, 
128, -0.196824, 0.107201, -0.108134, -1.15008, -0.843273, 1.1853, 
128, -0.189573, 0.117328, -0.12316, -1.15146, -0.834649, 1.18734, 
128, -0.182408, 0.127587, -0.13841, -1.15303, -0.826054, 1.18957, 
128, -0.175328, 0.137974, -0.153885, -1.15479, -0.817448, 1.19201, 
128, -0.168336, 0.148473, -0.169562, -1.15674, -0.808638, 1.19463, 
128, -0.161418, 0.159189, -0.185591, -1.1589, -0.800598, 1.19755, 
128, -0.154588, 0.170001, -0.201807, -1.16129, -0.79218, 1.20068, 
128, -0.147839, 0.180957, -0.21828, -1.16389, -0.783801, 1.20404, 
128, -0.141172, 0.192063, -0.23502, 1.97485, 0.775456, -1.93393, 
128, -0.134557, 0.202999, -0.251632, 1.97162, 0.766632, -1.93011, 
128, -0.0906305, 0.286785, -0.379639, 1.94186, 0.709902, 4.38936, 
128, -0.084665, 0.299336, -0.399063, 1.93628, 0.70096, 4.39599, 
128, -0.0787408, 0.312316, -0.419205, -1.21143, -0.693838, 1.26153, 
128, -0.0671373, 0.338708, -0.460374, -1.22485, -0.677907, 1.27716, 
129, 0.00611682, 0.358128, -0.0957558, -0.193401, -1.29143, 0.155281, 
129, 0.00872974, 0.364977, -0.12111, -0.193084, -1.27278, 0.156399, 
129, 0.01131, 0.372281, -0.147002, -0.192853, -1.25406, 0.157557, 
129, 0.0138582, 0.380046, -0.173457, -0.19271, -1.23524, 0.158761, 
129, 0.0163748, 0.388284, -0.200499, -0.192659, -1.21631, 0.160018, 
129, 0.0188602, 0.397005, -0.228159, -0.192703, -1.19725, 0.161334, 
129, 0.0213151, 0.406223, -0.256468, -0.192846, -1.17805, 0.162718, 
130, -0.0173358, 0.244092, 0.0287546, -0.232252, -1.1723, 0.201987, 
130, -0.0143987, 0.251823, 0.007028, -0.231705, -1.15804, 0.202496, 
130, -0.0115005, 0.259815, -0.01501, -0.231229, -1.14373, 0.203042, 
130, -0.0086404, 0.268071, -0.0373705, -0.230824, -1.12936, 0.20363, 
130, -0.00581778, 0.276596, -0.0600652, -0.230493, -1.11494, 0.204262, 
130, -0.00303198, 0.285393, -0.0831072, -0.230239, -1.10045, 0.204943, 
130, -0.000282373, 0.294469, -0.106511, -0.230062, -1.08589, 0.205679, 
130, 0.00243167, 0.303829, -0.130291, -0.229968, -1.07124, 0.206472, 
130, 0.00511077, 0.31348, -0.154464, -0.229959, -1.0565, 0.207329, 
130, 0.00775553, 0.323431, -0.17905, -0.230038, -1.04165, 0.208255, 
130, 0.0103665, 0.333689, -0.204067, -0.23021, -1.02669, 0.209256, 
130, 0.0129444, 0.344265, -0.229538, -0.230481, -1.01161, 0.210339, 
130, 0.0154897, 0.355171, -0.255488, -0.230854, -0.99638, 0.211511, 
130, 0.0180029, 0.366419, -0.281943, -0.231338, -0.981001, 0.212781, 
130, 0.0204847, 0.378024, -0.308932, -0.231939, -0.965454, 0.214157, 
130, 0.0229356, 0.390002, -0.33649, -0.232665, -0.949725, 0.215649, 
130, 0.0253561, 0.402372, -0.364652, -0.233525, -0.933794, 0.217269, 
131, -0.0672031, 0.0392443, 0.2248, -0.301417, -0.975188, 0.285974, 
131, -0.0635192, 0.0483199, 0.207109, -0.299943, -0.965916, 0.284983, 
131, -0.0598892, 0.0574949, 0.189267, -0.298531, -0.956608, 0.284037, 
131, -0.056312, 0.066771, 0.171269, -0.29718, -0.947261, 0.283139, 
131, -0.0527866, 0.0761498, 0.153111, -0.295893, -0.937872, 0.282291, 
131, -0.049312, 0.0856333, 0.134789, -0.294669, -0.928438, 0.281493, 
131, -0.0458872, 0.0952236, 0.116297, -0.29351, -0.918957, 0.280747, 
131, -0.0425113, 0.104923, 0.0976299, -0.292417, -0.909425, 0.280056, 
131, -0.0391833, 0.114734, 0.0787824, -0.291392, -0.899838, 0.279422, 
131, -0.0359024, 0.12466, 0.0597486, -0.290437, -0.890195, 0.278846, 
131, -0.0326676, 0.134702, 0.0405221, -0.289552, -0.880491, 0.27833, 
131, -0.029478, 0.144866, 0.0210964, -0.28874, -0.870722, 0.277878, 
131, -0.0263329, 0.155153, 0.00146431, -0.288003, -0.860885, 0.277491, 
131, -0.0232313, 0.165567, -0.0183816, -0.287343, -0.850976, 0.277174, 
131, -0.0201725, 0.176113, -0.0384495, -0.286762, -0.840991, 0.276928, 
131, -0.0171556, 0.186795, -0.0587478, -0.286265, -0.830925, 0.276757, 
131, -0.0141798, 0.197618, -0.0792857, -0.285853, -0.820775, 0.276665, 
131, -0.0112444, 0.208586, -0.100073, -0.28553, -0.810534, 0.276655, 
131, -0.00834869, 0.219705, -0.12112, -0.285301, -0.800199, 0.276733, 
131, -0.00549183, 0.23098, -0.142438, -0.285168, -0.789764, 0.276903, 
131, -0.00267313, 0.242419, -0.16404, -0.285138, -0.779222, 0.27717, 
131, 0.000108096, 0.254028, -0.185937, -0.285215, -0.768569, 0.27754, 
131, 0.00285256, 0.265814, -0.208145, -0.285404, -0.757798, 0.278019, 
131, 0.00556092, 0.277786, -0.230678, -0.285714, -0.746901, 0.278615, 
131, 0.00823385, 0.289952, -0.253553, -0.28615, -0.735871, 0.279336, 
131, 0.010872, 0.302322, -0.276788, -0.286721, -0.7247, 0.28019, 
131, 0.013476, 0.314907, -0.300402, -0.287436, -0.71338, 0.281187, 
131, 0.0160465, 0.327717, -0.324416, -0.288306, -0.701901, 0.282338, 
131, 0.018584, 0.340767, -0.348855, -0.289341, -0.690252, 0.283655, 
131, 0.0210893, 0.354069, -0.373742, -0.290556, -0.678423, 0.285153, 
131, 0.0235628, 0.367639, -0.399108, -0.291965, -0.666401, 0.286847, 
131, 0.0260051, 0.381494, -0.424983, -0.293586, -0.654172, 0.288756, 
131, 0.0284168, 0.395654, -0.451401, -0.295437, -0.641722, 0.290899, 
132, -0.265681, -0.4621, 0.569405, -0.73829, -0.658957, 0.7656, 
132, -0.258568, -0.450406, 0.55779, -0.730657, -0.654304, 0.756924, 
132, -0.251586, -0.438732, 0.54609, -0.723142, -0.649696, 0.748411, 
132, -0.244732, -0.427077, 0.534305, -0.715747, -0.645128, 0.74006, 
132, -0.238002, -0.41544, 0.522434, -0.708475, -0.640598, 0.731873, 
132, -0.231395, -0.403823, 0.510477, -0.701327, -0.636099, 0.723848, 
132, -0.224906, -0.392222, 0.498433, -0.694303, -0.631629, 0.715986, 
132, -0.218534, -0.38064, 0.486303, -0.687406, -0.627184, 0.708287, 
132, -0.212276, -0.369073, 0.474086, -0.680635, -0.622758, 0.700749, 
132, -0.20613, -0.357523, 0.461781, -0.673993, -0.61835, 0.693374, 
132, -0.200092, -0.345988, 0.449387, -0.66748, -0.613955, 0.686159, 
132, -0.19416, -0.334467, 0.436904, -0.661096, -0.60957, 0.679105, 
132, -0.188333, -0.322959, 0.424332, -0.654842, -0.605191, 0.672211, 
132, -0.182607, -0.311464, 0.411669, -0.648719, -0.600815, 0.665476, 
132, -0.176981, -0.29998, 0.398915, -0.642727, -0.596439, 0.6589, 
132, -0.171452, -0.288506, 0.386069, -0.636866, -0.592059, 0.652481, 
132, -0.166018, -0.277042, 0.37313, -0.631137, -0.587673, 0.646219, 
132, -0.160678, -0.265586, 0.360097, -0.62554, -0.583278, 0.640113, 
132, -0.155427, -0.254136, 0.346969, -0.620075, -0.578871, 0.634163, 
132, -0.150266, -0.242692, 0.333745, -0.614744, -0.574449, 0.628368, 
132, -0.145192, -0.231252, 0.320423, -0.609545, -0.57001, 0.622727, 
132, -0.140202, -0.219814, 0.307003, -0.604479, -0.56555, 0.617239, 
132, -0.135296, -0.208378, 0.293483, -0.599547, -0.561068, 0.611905, 
132, -0.130471, -0.196942, 0.279861, -0.594749, -0.556561, 0.606724, 
132, -0.125725, -0.185504, 0.266136, -0.590085, -0.552026, 0.601695, 
132, -0.121057, -0.174063, 0.252307, -0.585557, -0.547462, 0.596819, 
132, -0.116465, -0.162617, 0.238372, -0.581164, -0.542866, 0.592094, 
132, -0.111948, -0.151164, 0.224329, -0.576907, -0.538235, 0.587521, 
132, -0.107503, -0.139703, 0.210176, -0.572787, -0.533568, 0.583101, 
132, -0.10313, -0.128232, 0.195911, -0.568806, -0.528862, 0.578833, 
132, -0.0988257, -0.116748, 0.181532, -0.564963, -0.524116, 0.574718, 
132, -0.09459, -0.105251, 0.167037, -0.56126, -0.519327, 0.570756, 
132, -0.090421, -0.0937382, 0.152423, -0.557699, -0.514493, 0.566949, 
132, -0.0863173, -0.0822072, 0.137689, -0.554281, -0.509612, 0.563296, 
132, -0.0822775, -0.0706562, 0.122832, -0.551007, -0.504682, 0.5598, 
132, -0.0783002, -0.059083, 0.107848, -0.547881, -0.499701, 0.556462, 
132, -0.0743842, -0.0474854, 0.0927356, -0.544903, -0.494667, 0.553283, 
132, -0.070528, -0.0358609, 0.0774911, -0.542076, -0.489578, 0.550266, 
132, -0.0667306, -0.0242073, 0.0621116, -0.539403, -0.484432, 0.547412, 
132, -0.0629907, -0.012522, 0.0465936, -0.536887, -0.479227, 0.544725, 
132, -0.059307, -0.00080232, 0.0309337, -0.534531, -0.473961, 0.542207, 
132, -0.0556784, 0.0109543, 0.0151282, -0.53234, -0.468632, 0.539862, 
132, -0.0521038, 0.0227507, -0.000826769, -0.530317, -0.463238, 0.537694, 
132, -0.0485821, 0.0345898, -0.0169354, -0.528466, -0.457776, 0.535706, 
132, -0.0451121, 0.0464747, -0.0332021, -0.526794, -0.452244, 0.533904, 
132, -0.0416929, 0.0584085, -0.0496313, -0.525306, -0.446641, 0.532294, 
132, -0.0383235, 0.0703945, -0.0662281, -0.524007, -0.440964, 0.53088, 
132, -0.0350027, 0.0824361, -0.0829975, -0.522905, -0.43521, 0.52967, 
132, -0.0317296, 0.0945371, -0.0999451, -0.522009, -0.429378, 0.528672, 
132, -0.0285034, 0.106701, -0.117077, -0.521325, -0.423465, 0.527893, 
132, -0.025323, 0.118932, -0.134398, -0.520865, -0.417468, 0.527344, 
132, -0.0221875, 0.131235, -0.151917, -0.520638, -0.411385, 0.527035, 
132, -0.0190961, 0.143613, -0.169639, -0.520657, -0.405213, 0.526976, 
132, -0.0160479, 0.156071, -0.187572, -0.520934, -0.398949, 0.527183, 
132, -0.013042, 0.168615, -0.205724, -0.521485, -0.39259, 0.527668, 
132, -0.0100776, 0.181249, -0.224104, -0.522326, -0.386134, 0.528449, 
132, -0.00715402, 0.19398, -0.24272, -0.523475, -0.379577, 0.529543, 
132, -0.00427034, 0.206812, -0.261583, -0.524953, -0.372916, 0.530972, 
132, -0.00142582, 0.219753, -0.280702, -0.526784, -0.366147, 0.532759, 
132, 0.00136746, 0.232601, -0.299732, -0.525815, -0.359339, 0.531727, 
132, 0.00413603, 0.245781, -0.319403, -0.529054, -0.352369, 0.53493, 
132, 0.0068676, 0.259089, -0.339365, -0.532798, -0.345275, 0.538644, 
132, 0.00956286, 0.272536, -0.359634, -0.537097, -0.338052, 0.542918, 
132, 0.0122225, 0.286128, -0.380224, -0.542009, -0.330694, 0.547809, 
132, 0.0148472, 0.299877, -0.401152, -0.547598, -0.323196, 0.553383, 
132, 0.0174376, 0.313792, -0.422436, -0.553943, -0.31555, 0.559718, 
132, 0.0199943, 0.327884, -0.444095, -0.561133, -0.307749, 0.566903, 
132, 0.0225298, 0.342391, -0.466536, -0.564917, -0.299741, 0.570743, 
132, 0.025021, 0.356887, -0.489028, -0.572537, -0.29167, 0.578376, 
132, 0.0274803, 0.371602, -0.51197, -0.581133, -0.283442, 0.586992, 
132, 0.0299083, 0.386556, -0.535393, -0.59083, -0.275052, 0.596716, 
133, 0.0890762, 0.365136, -0.103109, 0.0478728, -1.2914, -0.0895168, 
134, 0.0947156, 0.251238, 0.022167, 0.0645015, -1.16902, -0.09911, 
134, 0.094072, 0.258979, 0.000384994, 0.0644561, -1.15497, -0.0994193, 
134, 0.0934371, 0.26697, -0.0216961, 0.0644302, -1.14087, -0.0997403, 
134, 0.0928106, 0.275215, -0.0440874, 0.0644246, -1.12672, -0.100074, 
134, 0.0921923, 0.283718, -0.0668008, 0.0644396, -1.1125, -0.100422, 
134, 0.0915822, 0.292482, -0.0898493, 0.0644761, -1.0982, -0.100784, 
134, 0.09098, 0.301514, -0.113247, 0.0645348, -1.08383, -0.101163, 
134, 0.0903857, 0.310821, -0.13701, 0.0646166, -1.06937, -0.10156, 
134, 0.089799, 0.320408, -0.161154, 0.0647225, -1.0548, -0.101976, 
134, 0.0892199, 0.330284, -0.185698, 0.0648537, -1.04013, -0.102412, 
134, 0.0886481, 0.340459, -0.210661, 0.0650114, -1.02533, -0.102871, 
134, 0.0880835, 0.350942, -0.236067, 0.0651971, -1.01041, -0.103355, 
134, 0.087526, 0.361744, -0.261939, 0.0654124, -0.995332, -0.103865, 
135, 0.110262, 0.00785157, 0.292176, 0.101106, -0.996686, -0.125525, 
135, 0.109392, 0.0168787, 0.274694, 0.100869, -0.988191, -0.125552, 
135, 0.108535, 0.0259778, 0.257093, 0.100653, -0.97965, -0.125597, 
135, 0.107691, 0.0351507, 0.239368, 0.100456, -0.971061, -0.125658, 
135, 0.106861, 0.0443995, 0.221516, 0.100281, -0.962422, -0.125737, 
135, 0.106043, 0.0537261, 0.203533, 0.100127, -0.953731, -0.125834, 
135, 0.105237, 0.0631327, 0.185415, 0.0999935, -0.944986, -0.12595, 
135, 0.104444, 0.0726215, 0.167157, 0.0998821, -0.936184, -0.126084, 
135, 0.103662, 0.0821951, 0.148754, 0.0997928, -0.927323, -0.126238, 
135, 0.102892, 0.0918559, 0.130201, 0.0997261, -0.918402, -0.126413, 
135, 0.102133, 0.101607, 0.111494, 0.0996824, -0.909416, -0.126608, 
135, 0.101385, 0.11145, 0.0926262, 0.0996623, -0.900365, -0.126824, 
135, 0.100648, 0.12139, 0.0735924, 0.0996665, -0.891244, -0.127063, 
135, 0.0999217, 0.131428, 0.0543865, 0.0996955, -0.882051, -0.127325, 
135, 0.0992056, 0.141569, 0.0350019, 0.0997501, -0.872784, -0.127611, 
135, 0.0984997, 0.151816, 0.0154318, 0.0998312, -0.863438, -0.127922, 
135, 0.0978037, 0.162173, -0.00433093, 0.0999397, -0.854011, -0.128259, 
135, 0.0971175, 0.172643, -0.024294, 0.100077, -0.844498, -0.128623, 
135, 0.0964407, 0.183233, -0.0444657, 0.100243, -0.834897, -0.129016, 
135, 0.0957733, 0.193945, -0.0648544, 0.10044, -0.825203, -0.129439, 
135, 0.095115, 0.204785, -0.0854696, 0.100669, -0.815412, -0.129893, 
135, 0.0944657, 0.215759, -0.106321, 0.100931, -0.80552, -0.13038, 
135, 0.0938251, 0.226871, -0.127419, 0.101229, -0.795521, -0.130902, 
135, 0.0931931, 0.238129, -0.148775, 0.101563, -0.78541, -0.131461, 
135, 0.0925696, 0.249539, -0.170401, 0.101937, -0.775183, -0.132059, 
135, 0.0919542, 0.261107, -0.192311, 0.102351, -0.764833, -0.132698, 
135, 0.091347, 0.272842, -0.214517, 0.102809, -0.754353, -0.133382, 
135, 0.0907477, 0.284751, -0.237036, 0.103313, -0.743738, -0.134112, 
135, 0.0901562, 0.296844, -0.259883, 0.103866, -0.73298, -0.134892, 
135, 0.0895723, 0.309131, -0.283077, 0.104472, -0.72207, -0.135727, 
135, 0.0889959, 0.321621, -0.306637, 0.105134, -0.711, -0.136619, 
135, 0.0884268, 0.334328, -0.330583, 0.105856, -0.699761, -0.137573, 
135, 0.0878649, 0.347262, -0.35494, 0.106644, -0.688342, -0.138595, 
135, 0.0873101, 0.360439, -0.379731, 0.107502, -0.676732, -0.13969, 
136, 0.159301, -0.537292, 0.629798, 0.30536, -0.509275, -0.32992, 
136, 0.157497, -0.523084, 0.617285, 0.301221, -0.510357, -0.325371, 
136, 0.155733, -0.509009, 0.604716, 0.297269, -0.511278, -0.321032, 
136, 0.153998, -0.495089, 0.592203, 0.295462, -0.511814, -0.318941, 
136, 0.152311, -0.481267, 0.579507, 0.291636, -0.512453, -0.314761, 
136, 0.150661, -0.467563, 0.566754, 0.287995, -0.512935, -0.310789, 
136, 0.149045, -0.453973, 0.553943, 0.284529, -0.513264, -0.307013, 
136, 0.147464, -0.440492, 0.541073, 0.281229, -0.513443, -0.303422, 
136, 0.145915, -0.427116, 0.528144, 0.278085, -0.513475, -0.300008, 
136, 0.144399, -0.41384, 0.515154, 0.275092, -0.513362, -0.29676, 
136, 0.142913, -0.400659, 0.502102, 0.27224, -0.513107, -0.293671, 
136, 0.141458, -0.387571, 0.488988, 0.269523, -0.512713, -0.290734, 
136, 0.140031, -0.37457, 0.47581, 0.266936, -0.512182, -0.287942, 
136, 0.138633, -0.361652, 0.462568, 0.264473, -0.511517, -0.285288, 
136, 0.137262, -0.348815, 0.449261, 0.262129, -0.510719, -0.282767, 
136, 0.135918, -0.336054, 0.435886, 0.259899, -0.509791, -0.280374, 
136, 0.1346, -0.323365, 0.422444, 0.25778, -0.508735, -0.278104, 
136, 0.133307, -0.310745, 0.408932, 0.255767, -0.507553, -0.275952, 
136, 0.132039, -0.29819, 0.395351, 0.253856, -0.506247, -0.273915, 
136, 0.130794, -0.285697, 0.381697, 0.252046, -0.504818, -0.271988, 
136, 0.129572, -0.273262, 0.367971, 0.250333, -0.503269, -0.27017, 
136, 0.128373, -0.260881, 0.35417, 0.248713, -0.5016, -0.268455, 
136, 0.127196, -0.248553, 0.340293, 0.247186, -0.499813, -0.266842, 
136, 0.12604, -0.236272, 0.326338, 0.245748, -0.49791, -0.265328, 
136, 0.124904, -0.224037, 0.312304, 0.244399, -0.495893, -0.263912, 
136, 0.123789, -0.211843, 0.29819, 0.243135, -0.493761, -0.26259, 
136, 0.122694, -0.199688, 0.283993, 0.241957, -0.491517, -0.261361, 
136, 0.121617, -0.187569, 0.269712, 0.240861, -0.489161, -0.260223, 
136, 0.12056, -0.175482, 0.255344, 0.239849, -0.486695, -0.259176, 
136, 0.11952, -0.163425, 0.240889, 0.238918, -0.484119, -0.258218, 
136, 0.118498, -0.151393, 0.226343, 0.238067, -0.481434, -0.257347, 
136, 0.117493, -0.139385, 0.211704, 0.237298, -0.478641, -0.256565, 
136, 0.116506, -0.127397, 0.196971, 0.236608, -0.475741, -0.255869, 
136, 0.115534, -0.115426, 0.182141, 0.235998, -0.472733, -0.255259, 
136, 0.114579, -0.103469, 0.167211, 0.235469, -0.469619, -0.254736, 
136, 0.113639, -0.0915236, 0.15218, 0.23502, -0.466399, -0.254299, 
136, 0.112714, -0.0795858, 0.137044, 0.234652, -0.463073, -0.253949, 
136, 0.111804, -0.0676529, 0.1218, 0.234366, -0.459641, -0.253686, 
136, 0.110909, -0.0557217, 0.106446, 0.234162, -0.456104, -0.253512, 
136, 0.110028, -0.0437892, 0.0909791, 0.234041, -0.452461, -0.253426, 
136, 0.109161, -0.0318521, 0.0753954, 0.234006, -0.448713, -0.253431, 
136, 0.108307, -0.0199073, 0.0596918, 0.234058, -0.444859, -0.253528, 
136, 0.107467, -0.00795147, 0.0438648, 0.234198, -0.440898, -0.253718, 
136, 0.106639, 0.00401865, 0.0279108, 0.234429, -0.436831, -0.254003, 
136, 0.105824, 0.0160065, 0.0118259, 0.234753, -0.432657, -0.254387, 
136, 0.105021, 0.0280154, -0.0043939, 0.235173, -0.428376, -0.254871, 
136, 0.104231, 0.0400491, -0.0207529, 0.235692, -0.423986, -0.255459, 
136, 0.103452, 0.052111, -0.0372555, 0.236314, -0.419487, -0.256155, 
136, 0.102684, 0.0642049, -0.0539064, 0.237043, -0.414878, -0.256962, 
136, 0.101928, 0.0763346, -0.0707107, 0.237883, -0.410158, -0.257884, 
136, 0.101183, 0.0885041, -0.0876735, 0.238839, -0.405325, -0.258927, 
136, 0.100449, 0.100717, -0.1048, 0.239917, -0.400378, -0.260095, 
136, 0.0997252, 0.112979, -0.122097, 0.241123, -0.395316, -0.261396, 
136, 0.0990117, 0.125293, -0.13957, 0.242463, -0.390137, -0.262837, 
136, 0.0983084, 0.137664, -0.157226, 0.243946, -0.384839, -0.264423, 
136, 0.097615, 0.150096, -0.175071, 0.245581, -0.37942, -0.266166, 
136, 0.0969312, 0.162596, -0.193114, 0.247376, -0.373878, -0.268073, 
136, 0.0962569, 0.175167, -0.211361, 0.249342, -0.36821, -0.270156, 
136, 0.095592, 0.187816, -0.229822, 0.251492, -0.362414, -0.272426, 
136, 0.0949361, 0.200549, -0.248506, 0.253839, -0.356486, -0.274899, 
136, 0.0942891, 0.21337, -0.267421, 0.256399, -0.350424, -0.277588, 
136, 0.0936509, 0.226288, -0.286579, 0.259188, -0.344223, -0.280511, 
136, 0.0930212, 0.239308, -0.30599, 0.262226, -0.337881, -0.283687, 
136, 0.0923999, 0.252439, -0.325666, 0.265536, -0.331392, -0.28714, 
136, 0.0917868, 0.265687, -0.345621, 0.269142, -0.324753, -0.290894, 
136, 0.0911818, 0.279061, -0.365867, 0.273074, -0.317957, -0.294978, 
136, 0.0905847, 0.292571, -0.386421, 0.277365, -0.311001, -0.299426, 
136, 0.0899953, 0.306226, -0.407297, 0.282053, -0.303877, -0.304277, 
136, 0.0894135, 0.320036, -0.428516, 0.287183, -0.296579, -0.309574, 
136, 0.0888392, 0.334013, -0.450094, 0.292807, -0.289099, -0.31537, 
136, 0.0882721, 0.348169, -0.472053, 0.298984, -0.281431, -0.321726, 
136, 0.0877123, 0.362517, -0.494418, 0.305788, -0.273563, -0.328714, 
138, 0.200377, 0.287056, -0.0360835, 0.351021, -1.20238, -0.391398, 
138, 0.196351, 0.294053, -0.0570816, 0.350499, -1.18789, -0.392626, 
138, 0.191865, 0.300692, -0.0759751, 0.34812, -1.17467, -0.39203, 
138, 0.187981, 0.30824, -0.0976806, 0.347943, -1.1601, -0.393456, 
138, 0.184139, 0.316074, -0.119742, 0.34787, -1.14547, -0.394948, 
139, 0.274716, 0.0960517, 0.164534, 0.473559, -1.04821, -0.506978, 
139, 0.269739, 0.103648, 0.148048, 0.472158, -1.03811, -0.506702, 
139, 0.264824, 0.111376, 0.131392, 0.470841, -1.028, -0.506481, 
139, 0.259971, 0.119236, 0.114562, 0.46961, -1.01787, -0.506318, 
139, 0.25518, 0.12723, 0.0975544, 0.468465, -1.00772, -0.506214, 
139, 0.250448, 0.135359, 0.0803646, 0.467409, -0.997551, -0.506174, 
139, 0.245775, 0.143623, 0.0629885, 0.466443, -0.98736, -0.5062, 
139, 0.24116, 0.152024, 0.0454212, 0.46557, -0.977142, -0.506296, 
139, 0.236603, 0.160564, 0.0276578, 0.464792, -0.966894, -0.506466, 
139, 0.232102, 0.169245, 0.00969285, 0.464111, -0.956612, -0.506712, 
139, 0.227657, 0.178069, -0.00847939, 0.46353, -0.946294, -0.50704, 
139, 0.223266, 0.187038, -0.0268651, 0.463052, -0.935936, -0.507453, 
139, 0.218929, 0.196155, -0.0454708, 0.46268, -0.925534, -0.507956, 
139, 0.214645, 0.205422, -0.0643037, 0.462419, -0.915084, -0.508553, 
139, 0.210413, 0.214845, -0.0833712, 0.462271, -0.904582, -0.50925, 
139, 0.206233, 0.224424, -0.102681, 0.462242, -0.894025, -0.510052, 
139, 0.202103, 0.234166, -0.122243, 0.462336, -0.883408, -0.510965, 
139, 0.198024, 0.244074, -0.142065, 0.462559, -0.872726, -0.511996, 
139, 0.193993, 0.254153, -0.162159, 0.462915, -0.861975, -0.51315, 
139, 0.190011, 0.264408, -0.182533, 0.463412, -0.85115, -0.514437, 
139, 0.186076, 0.274845, -0.203202, 0.464056, -0.840245, -0.515863, 
139, 0.182188, 0.28547, -0.224175, 0.464855, -0.829256, -0.517438, 
139, 0.178346, 0.296291, -0.245469, 0.465817, -0.818176, -0.519172, 
139, 0.17455, 0.307313, -0.267097, 0.466953, -0.806999, -0.521074, 
139, 0.170798, 0.318547, -0.289075, 0.468271, -0.795718, -0.523157, 
140, 0.527203, -0.312287, 0.464713, 0.919763, -0.881741, -0.969438, 
140, 0.518959, -0.304388, 0.454758, 0.914359, -0.873754, -0.963755, 
140, 0.510747, -0.296265, 0.444503, 0.910567, -0.866056, -0.959658, 
140, 0.502641, -0.288077, 0.43415, 0.906786, -0.858427, -0.955582, 
140, 0.49464, -0.279826, 0.423698, 0.903025, -0.850865, -0.951536, 
140, 0.486744, -0.271513, 0.413148, 0.899287, -0.843367, -0.947525, 
140, 0.47895, -0.26314, 0.402498, 0.895581, -0.835931, -0.943556, 
140, 0.471258, -0.254706, 0.391747, 0.89191, -0.828556, -0.939633, 
140, 0.463667, -0.246213, 0.380895, 0.88828, -0.821238, -0.935762, 
140, 0.456175, -0.237663, 0.369942, 0.884695, -0.813976, -0.931947, 
140, 0.44878, -0.229055, 0.358887, 0.881158, -0.806767, -0.928191, 
140, 0.441483, -0.220392, 0.347729, 0.877674, -0.79961, -0.9245, 
140, 0.434281, -0.211673, 0.336467, 0.874247, -0.792501, -0.920875, 
140, 0.427173, -0.202899, 0.325102, 0.870879, -0.785438, -0.917322, 
140, 0.420159, -0.194071, 0.313631, 0.867574, -0.778419, -0.913843, 
140, 0.413237, -0.18519, 0.302055, 0.864335, -0.771442, -0.910441, 
140, 0.406406, -0.176256, 0.290373, 0.861166, -0.764505, -0.907119, 
140, 0.399665, -0.16727, 0.278584, 0.85807, -0.757604, -0.903881, 
140, 0.393013, -0.158231, 0.266687, 0.855049, -0.750739, -0.90073, 
140, 0.386447, -0.149141, 0.254681, 0.852106, -0.743906, -0.897669, 
140, 0.379969, -0.139998, 0.242564, 0.849246, -0.737103, -0.894699, 
140, 0.373575, -0.130805, 0.230337, 0.84647, -0.730328, -0.891826, 
140, 0.367265, -0.121559, 0.217997, 0.843782, -0.723579, -0.889051, 
140, 0.361038, -0.112262, 0.205544, 0.841186, -0.716854, -0.886377, 
140, 0.354892, -0.102913, 0.192976, 0.838683, -0.71015, -0.883808, 
140, 0.348827, -0.0935121, 0.180292, 0.836278, -0.703466, -0.881347, 
140, 0.342842, -0.0840589, 0.16749, 0.833974, -0.696798, -0.878997, 
140, 0.336934, -0.0745531, 0.154569, 0.831774, -0.690145, -0.876761, 
140, 0.331104, -0.0649941, 0.141526, 0.829681, -0.683505, -0.874643, 
140, 0.32535, -0.0553815, 0.128361, 0.8277, -0.676876, -0.872646, 
140, 0.31967, -0.0457145, 0.115072, 0.825834, -0.670256, -0.870774, 
140, 0.314065, -0.0359925, 0.101655, 0.824087, -0.663642, -0.86903, 
140, 0.308532, -0.0262146, 0.0881104, 0.822462, -0.657032, -0.867419, 
140, 0.30307, -0.0163799, 0.0744345, 0.820965, -0.650425, -0.865944, 
140, 0.29768, -0.00648751, 0.0606254, 0.8196, -0.643818, -0.864611, 
140, 0.292359, 0.00346378, 0.0466805, 0.81837, -0.637209, -0.863422, 
140, 0.287106, 0.0134751, 0.0325972, 0.817282, -0.630597, -0.862385, 
140, 0.28192, 0.0235479, 0.0183728, 0.81634, -0.623979, -0.861502, 
140, 0.276802, 0.0336834, 0.00400421, 0.81555, -0.617354, -0.86078, 
140, 0.271748, 0.0438833, -0.0105115, 0.814917, -0.610719, -0.860225, 
140, 0.266759, 0.0541491, -0.0251777, 0.814447, -0.604072, -0.859842, 
140, 0.261834, 0.0644827, -0.0399979, 0.814147, -0.597412, -0.859637, 
140, 0.25697, 0.0748858, -0.0549757, 0.814024, -0.590737, -0.859619, 
140, 0.252169, 0.0853606, -0.070115, 0.814084, -0.584044, -0.859793, 
140, 0.247428, 0.0959093, -0.0854199, 0.814337, -0.577332, -0.860167, 
140, 0.242747, 0.106534, -0.100895, 0.814789, -0.570599, -0.860751, 
140, 0.238124, 0.117237, -0.116544, 0.815451, -0.563843, -0.861552, 
140, 0.233559, 0.128022, -0.132374, 0.816331, -0.557062, -0.862581, 
140, 0.229051, 0.138891, -0.148387, 0.81744, -0.550255, -0.863848, 
140, 0.224599, 0.149847, -0.164592, 0.818788, -0.543418, -0.865363, 
140, 0.220203, 0.160893, -0.180992, 0.820389, -0.536551, -0.86714, 
140, 0.215861, 0.172033, -0.197595, 0.822254, -0.529652, -0.869191, 
140, 0.211572, 0.183271, -0.214407, 0.824398, -0.522719, -0.871529, 
140, 0.207336, 0.19461, -0.231436, 0.826837, -0.515749, -0.874172, 
140, 0.203151, 0.206055, -0.248688, 0.829585, -0.508742, -0.877134, 
140, 0.199018, 0.21761, -0.266173, 0.832662, -0.501696, -0.880435, 
140, 0.194935, 0.229281, -0.283898, 0.836086, -0.494608, -0.884093, 
140, 0.190902, 0.241071, -0.301874, 0.83988, -0.487477, -0.888132, 
140, 0.186917, 0.252988, -0.320111, 0.844067, -0.480302, -0.892573, 
140, 0.18298, 0.265036, -0.338618, 0.848672, -0.473081, -0.897444, 
140, 0.179091, 0.277224, -0.357409, 0.853723, -0.465812, -0.902773, 
140, 0.175248, 0.289557, -0.376496, 0.859252, -0.458495, -0.908592, 
140, 0.17145, 0.302043, -0.395892, 0.865293, -0.451127, -0.914935, 
140, 0.167698, 0.314691, -0.415612, 0.871884, -0.443708, -0.92184, 
140, 0.16399, 0.32751, -0.435673, 0.879067, -0.436237, -0.929351, 
143, 0.382981, 0.227213, -0.0405467, 0.831716, -1.19728, -0.87332, 
143, 0.375194, 0.232868, -0.0553749, 0.830952, -1.18544, -0.875063, 
143, 0.367474, 0.238738, -0.0704687, 0.830319, -1.1736, -0.876884, 
143, 0.359821, 0.244824, -0.0858327, 0.82982, -1.16177, -0.87879, 
143, 0.352234, 0.251127, -0.101472, 0.829459, -1.14994, -0.880786, 
144, 0.723506, 0.0231582, 0.132909, 1.21995, -1.38735, -1.24629, 
144, 0.713636, 0.0250581, 0.126888, 1.21853, -1.37755, -1.24707, 
144, 0.703822, 0.0269191, 0.120939, -1.92435, 1.36703, 1.89402, 
144, 0.694047, 0.0289022, 0.114862, -1.92548, 1.35653, 1.89349, 
144, 0.684288, 0.031344, 0.108335, -1.92703, 1.34606, 1.89306, 
144, 0.674574, 0.0337856, 0.101791, -1.92825, 1.33561, 1.89256, 
144, 0.664811, 0.0362867, 0.0952522, -1.92945, 1.3251, 1.89198, 
144, 0.570656, 0.07167, 0.018035, 1.20359, -1.22277, 5.02759, 
144, 0.561533, 0.0760795, 0.0093644, 1.20331, -1.21273, 5.02668, 
144, 0.552572, 0.080564, 0.000722126, 1.20182, -1.20286, 5.02724, 
144, 0.54337, 0.0854219, -0.0086147, 1.20209, -1.1927, -1.25794, 
153, -0.508083, 0.287629, -0.226189, -0.566508, -1.60435, 0.907371, 
153, -0.495404, 0.286914, -0.253347, -0.565826, -1.57403, 0.911636, 
153, -0.48274, 0.28753, -0.28211, -0.565631, -1.54348, 0.916035, 
153, -0.470096, 0.289511, -0.31254, -0.565937, -1.51268, 0.920617, 
153, -0.457475, 0.292894, -0.344713, -0.566763, -1.48162, 0.925436, 
153, -0.444882, 0.297725, -0.378724, -0.568134, -1.45026, 0.930551, 
153, -0.43232, 0.304061, -0.414684, -0.570081, -1.41857, 0.936031, 
153, -0.419794, 0.311972, -0.452732, -0.572645, -1.3865, 0.941958, 
153, -0.407306, 0.321544, -0.493039, -0.575876, -1.35399, 0.948426, 
153, -0.39486, 0.332886, -0.535818, -0.57984, -1.32098, 0.955547, 
153, -0.382461, 0.34614, -0.581338, -0.584621, -1.28737, 0.963461, 
153, -0.370112, 0.361487, -0.629944, -0.590329, -1.25306, 0.972338, 
153, -0.357816, 0.379168, -0.682087, -0.597109, -1.2179, 0.982399, 
153, -0.345577, 0.39951, -0.738376, -0.605158, -1.18168, 0.993936, 
153, -0.333397, 0.422973, -0.799657, -0.614751, -1.14415, 1.00735, 
153, -0.321281, 0.450234, -0.867167, -0.626294, -1.1049, 1.02322, 
153, -0.30923, 0.482352, -0.942829, -0.640416, -1.06334, 1.04243, 
153, -0.297249, 0.52114, -1.02992, -0.658194, -1.01845, 1.0665, 
154, -0.600862, 0.287184, -0.261456, -0.630901, -1.62383, 1.04293, 
154, -0.588191, 0.285499, -0.283416, -0.630556, -1.59725, 1.04667, 
154, -0.575505, 0.284868, -0.30666, -0.630613, -1.57048, 1.05053, 
154, -0.562809, 0.285313, -0.331229, -0.631082, -1.54351, 1.05453, 
154, -0.550108, 0.28686, -0.357172, -0.631978, -1.51632, 1.05872, 
154, -0.537404, 0.28954, -0.384546, -0.633315, -1.48892, 1.06313, 
154, -0.524703, 0.293387, -0.413417, -0.635115, -1.46127, 1.06781, 
154, -0.512007, 0.298444, -0.443867, -0.637403, -1.43337, 1.07282, 
154, -0.499323, 0.304759, -0.475991, -0.64021, -1.40518, 1.07822, 
154, -0.486653, 0.312394, -0.509906, -0.643573, -1.37667, 1.08407, 
154, -0.474002, 0.321422, -0.545752, -0.647538, -1.3478, 1.09045, 
154, -0.461373, 0.331933, -0.583701, -0.652164, -1.31853, 1.09747, 
154, -0.448771, 0.34404, -0.623967, -0.657523, -1.28879, 1.10524, 
154, -0.436201, 0.357887, -0.666817, -0.663706, -1.25851, 1.1139, 
154, -0.423665, 0.373657, -0.712596, -0.670833, -1.22759, 1.12363, 
154, -0.411168, 0.391594, -0.761753, -0.679057, -1.19589, 1.13467, 
154, -0.398714, 0.412027, -0.814891, -0.688592, -1.16326, 1.14732, 
154, -0.386307, 0.435417, -0.872853, -0.699734, -1.12946, 1.16201, 
154, -0.373952, 0.462441, -0.936867, -0.712921, -1.09414, 1.17935, 
154, -0.361653, 0.494152, -1.00884, -0.728845, -1.05679, 1.20032, 
155, -0.705707, 0.310649, -0.363911, -0.701541, -1.62935, 1.22, 
155, -0.693306, 0.308426, -0.381191, -0.702174, -1.60647, 1.22314, 
155, -0.680859, 0.30704, -0.399539, -0.703121, -1.58339, 1.22643, 
155, -0.668369, 0.30651, -0.418986, -0.704396, -1.56012, 1.22988, 
155, -0.655839, 0.306857, -0.439568, -0.70601, -1.53664, 1.23353, 
155, -0.643274, 0.308105, -0.461325, -0.707979, -1.51297, 1.23739, 
155, -0.630678, 0.310283, -0.484305, -0.71032, -1.48908, 1.24152, 
155, -0.618053, 0.313422, -0.508564, -0.713052, -1.46497, 1.24593, 
155, -0.605405, 0.317557, -0.534167, -0.7162, -1.44063, 1.25068, 
155, -0.592737, 0.322731, -0.561192, -0.71979, -1.41604, 1.25581, 
155, -0.580053, 0.328994, -0.589731, -0.723855, -1.39118, 1.26138, 
155, -0.567358, 0.336405, -0.619892, -0.728435, -1.36602, 1.26745, 
155, -0.554656, 0.345035, -0.651807, -0.733578, -1.34053, 1.2741, 
155, -0.541951, 0.35497, -0.685636, -0.73934, -1.31466, 1.28142, 
155, -0.529247, 0.366316, -0.721574, -0.745796, -1.28836, 1.28953, 
155, -0.516549, 0.379206, -0.759864, -0.753037, -1.26155, 1.29855, 
155, -0.503863, 0.393806, -0.800813, -0.761182, -1.23413, 1.30866, 
155, -0.491193, 0.410331, -0.844813, -0.770391, -1.20595, 1.32009, 
155, -0.478496, 0.4296, -0.893323, -0.780438, -1.17811, 1.33328, 
155, -0.465853, 0.451274, -0.94578, -0.792252, -1.14842, 1.34837, 
155, -0.453235, 0.476363, -1.00399, -0.805944, -1.11744, 1.3661, 
155, -0.440646, 0.505944, -1.06988, -0.822137, -1.08468, 1.38743, 
156, -0.772153, 0.380169, -0.642635, -0.789391, -1.53823, 1.47049, 
156, -0.585481, 0.499668, -1.06949, -0.888978, -1.20563, 1.5857, 
156, -0.572781, 0.523412, -1.12375, 2.23868, 1.17831, -1.53732, 
160, -0.407965, 0.167029, 0.00466439, -0.473616, -1.59395, 0.694169, 
160, -0.397128, 0.166794, -0.023405, -0.47183, -1.56397, 0.697566, 
160, -0.386361, 0.167762, -0.0527224, -0.470468, -1.53394, 0.700954, 
160, -0.375665, 0.169937, -0.0833191, -0.469528, -1.50384, 0.704371, 
160, -0.365041, 0.17333, -0.115234, -0.469011, -1.47366, 0.707854, 
160, -0.354491, 0.177953, -0.148514, -0.468922, -1.44337, 0.711446, 
160, -0.344016, 0.183825, -0.183215, -0.469272, -1.41295, 0.715191, 
160, -0.333617, 0.190969, -0.219407, -0.470075, -1.38236, 0.719137, 
160, -0.323296, 0.199419, -0.257171, -0.47135, -1.35158, 0.723338, 
160, -0.313054, 0.209214, -0.296607, -0.473126, -1.32054, 0.727853, 
160, -0.302891, 0.220407, -0.337836, -0.475437, -1.2892, 0.732751, 
160, -0.292809, 0.233065, -0.381005, -0.478327, -1.2575, 0.738111, 
160, -0.28281, 0.247274, -0.426291, -0.481854, -1.22537, 0.744025, 
160, -0.272893, 0.263144, -0.473919, -0.48609, -1.19271, 0.750607, 
160, -0.263061, 0.280814, -0.524167, -0.491128, -1.15942, 0.75799, 
160, -0.253312, 0.30047, -0.577389, -0.497092, -1.12537, 0.766348, 
160, -0.24365, 0.322353, -0.634048, -0.504141, -1.09038, 0.775898, 
160, -0.234073, 0.346793, -0.69476, -0.512494, -1.05423, 0.786931, 
160, -0.224583, 0.374248, -0.760372, -0.522458, -1.01663, 0.799845, 
160, -0.215181, 0.405383, -0.832102, -0.534475, -0.977135, 0.815212, 
160, -0.205841, 0.442627, -0.91429, -0.550164, -0.935204, 0.835534, 
160, -0.196612, 0.485715, -1.00659, -0.569463, -0.889193, 0.859877, 
161, -0.500982, 0.126892, 0.0258446, -0.545839, -1.60346, 0.818574, 
161, -0.489674, 0.126145, 0.00242611, -0.544195, -1.57699, 0.821529, 
161, -0.478414, 0.12635, -0.0219647, -0.542907, -1.55051, 0.824465, 
161, -0.467205, 0.127509, -0.0473435, -0.541972, -1.524, 0.827411, 
161, -0.45605, 0.129623, -0.0737297, -0.541392, -1.49746, 0.830394, 
161, -0.444951, 0.132698, -0.101147, -0.541171, -1.47089, 0.833444, 
161, -0.43391, 0.13674, -0.129624, -0.541313, -1.44426, 0.836592, 
161, -0.422929, 0.141759, -0.159195, -0.541826, -1.41756, 0.839871, 
161, -0.412011, 0.147767, -0.189901, -0.542723, -1.39077, 0.843317, 
161, -0.401157, 0.154781, -0.22179, -0.544017, -1.36388, 0.846969, 
161, -0.390371, 0.162824, -0.25492, -0.545727, -1.33685, 0.85087, 
161, -0.379652, 0.171922, -0.289357, -0.547877, -1.30966, 0.855068, 
161, -0.369004, 0.18211, -0.325184, -0.550494, -1.28228, 0.859615, 
161, -0.358427, 0.193431, -0.362494, -0.553615, -1.25468, 0.864574, 
161, -0.347925, 0.205939, -0.401404, -0.557282, -1.2268, 0.870013, 
161, -0.337497, 0.219699, -0.44205, -0.561549, -1.19859, 0.876016, 
161, -0.327146, 0.234796, -0.484602, -0.566482, -1.17001, 0.882678, 
161, -0.316872, 0.251334, -0.529265, -0.572164, -1.14098, 0.890118, 
161, -0.306678, 0.269446, -0.576297, -0.578699, -1.1114, 0.898479, 
161, -0.296564, 0.289304, -0.626024, -0.586223, -1.08118, 0.907941, 
161, -0.286532, 0.311135, -0.67887, -0.59491, -1.05017, 0.918738, 
161, -0.276582, 0.335241, -0.735399, -0.604999, -1.0182, 0.931177, 
161, -0.266716, 0.362046, -0.796387, -0.616818, -0.98503, 0.945683, 
161, -0.256933, 0.392164, -0.862954, -0.630848, -0.950305, 0.962867, 
161, -0.247236, 0.426543, -0.936821, -0.647827, -0.91351, 0.983667, 
161, -0.237624, 0.46678, -1.02087, -0.669006, -0.873782, 1.00966, 
161, -0.228099, 0.515957, -1.12066, -0.696797, -0.829475, 1.0439, 
162, -0.621526, 0.0945794, 0.0118782, -0.634414, -1.61275, 0.983919, 
162, -0.609869, 0.0933554, -0.00691825, -0.633205, -1.58975, 0.98647, 
162, -0.59823, 0.0928633, -0.0264632, -0.632289, -1.56672, 0.988995, 
162, -0.586614, 0.0931041, -0.0467655, -0.631666, -1.54368, 0.991517, 
162, -0.575022, 0.0940795, -0.0678358, -0.631336, -1.52062, 0.994054, 
162, -0.563459, 0.0957917, -0.0896869, -0.6313, -1.49754, 0.99663, 
162, -0.551926, 0.0982441, -0.112334, -0.631563, -1.47443, 0.999265, 
162, -0.540428, 0.101441, -0.135794, -0.632128, -1.45129, 1.00198, 
162, -0.528966, 0.105389, -0.160088, -0.633002, -1.42811, 1.00481, 
162, -0.517543, 0.110094, -0.18524, -0.634192, -1.40488, 1.00777, 
162, -0.506163, 0.115567, -0.211278, -0.635709, -1.3816, 1.01089, 
162, -0.494828, 0.121818, -0.238233, -0.637564, -1.35825, 1.01421, 
162, -0.483541, 0.128863, -0.266144, -0.639773, -1.33482, 1.01774, 
162, -0.472304, 0.136719, -0.295053, -0.642352, -1.3113, 1.02154, 
162, -0.461119, 0.145407, -0.325011, -0.645324, -1.28766, 1.02564, 
162, -0.449989, 0.154953, -0.356075, -0.648712, -1.26391, 1.03007, 
162, -0.438917, 0.165388, -0.388314, -0.652548, -1.24, 1.0349, 
162, -0.427905, 0.17675, -0.421808, -0.656865, -1.21592, 1.04018, 
162, -0.416954, 0.189084, -0.456651, -0.661707, -1.19163, 1.04596, 
162, -0.406068, 0.202446, -0.492953, -0.667123, -1.16712, 1.05233, 
162, -0.395247, 0.216903, -0.530849, -0.673175, -1.14233, 1.05937, 
162, -0.384495, 0.232539, -0.570501, -0.679936, -1.11722, 1.06718, 
162, -0.373813, 0.249457, -0.612105, -0.687499, -1.09174, 1.07589, 
162, -0.363203, 0.267787, -0.655908, -0.695977, -1.06582, 1.08565, 
162, -0.352666, 0.287695, -0.70222, -0.705515, -1.03938, 1.09665, 
162, -0.342205, 0.309399, -0.751443, -0.716303, -1.01231, 1.10914, 
162, -0.331822, 0.33319, -0.804112, -0.728594, -0.984478, 1.12343, 
162, -0.321518, 0.359469, -0.86096, -0.742739, -0.955702, 1.13999, 
162, -0.311295, 0.388818, -0.923042, -0.75925, -0.925721, 1.15946, 
162, -0.301157, 0.422127, -0.991968, -0.778925, -0.894151, 1.18284, 
162, -0.291104, 0.460874, -1.0704, -0.803119, -0.860366, 1.21181, 
162, -0.281142, 0.507827, -1.16333, -0.834459, -0.823214, 1.24962, 
163, -0.768269, 0.0902056, -0.082921, -0.739281, -1.61674, 1.20977, 
163, -0.756714, 0.088362, -0.0968902, -0.739749, -1.59618, 1.21188, 
163, -0.745058, 0.0872966, -0.111756, -0.739844, -1.57665, 1.21401, 
163, -0.733386, 0.0867778, -0.127211, -0.740183, -1.55706, 1.21616, 
163, -0.721701, 0.0868095, -0.143265, -0.740765, -1.53741, 1.21835, 
163, -0.710005, 0.0873958, -0.159925, -0.741592, -1.5177, 1.2206, 
163, -0.698301, 0.0885408, -0.177201, -0.742664, -1.49794, 1.22291, 
163, -0.686593, 0.090249, -0.195104, -0.743985, -1.47813, 1.2253, 
163, -0.674884, 0.0925256, -0.213646, -0.745561, -1.45827, 1.22779, 
163, -0.663177, 0.0953759, -0.232841, -0.747397, -1.43836, 1.2304, 
163, -0.651474, 0.0988061, -0.252703, -0.749501, -1.41838, 1.23313, 
163, -0.639781, 0.102823, -0.27325, -0.751883, -1.39835, 1.23603, 
163, -0.628099, 0.107435, -0.294501, -0.754556, -1.37824, 1.2391, 
163, -0.616365, 0.112865, -0.316809, -0.757012, -1.35917, 1.2422, 
163, -0.604709, 0.118723, -0.339584, -0.760228, -1.33905, 1.24565, 
163, -0.593072, 0.125216, -0.363149, -0.763759, -1.31888, 1.24935, 
163, -0.581459, 0.132358, -0.387539, -0.767622, -1.29864, 1.25332, 
163, -0.569872, 0.140169, -0.412794, -0.771836, -1.27833, 1.25759, 
163, -0.558314, 0.148669, -0.438958, -0.776422, -1.25794, 1.26221, 
163, -0.546788, 0.157884, -0.466082, -0.781407, -1.23745, 1.26721, 
163, -0.535297, 0.167842, -0.494225, -0.786819, -1.21687, 1.27264, 
163, -0.523845, 0.178578, -0.523457, -0.792691, -1.19616, 1.27854, 
163, -0.512433, 0.190131, -0.553854, -0.799059, -1.17533, 1.28498, 
163, -0.501066, 0.202548, -0.585508, -0.805959, -1.15434, 1.29199, 
163, -0.489748, 0.215883, -0.618519, -0.813417, -1.13317, 1.29964, 
163, -0.478484, 0.230189, -0.652987, -0.821417, -1.11178, 1.30793, 
163, -0.467288, 0.245506, -0.68898, -0.829781, -1.09009, 1.31668, 
163, -0.456072, 0.262327, -0.727502, -0.840589, -1.06838, 1.32819, 
163, -0.44496, 0.280279, -0.76774, -0.851422, -1.04618, 1.33985, 
163, -0.433924, 0.299641, -0.810269, -0.863674, -1.02322, 1.35309, 
163, -0.422911, 0.320948, -0.856032, -0.876607, -1.00065, 1.36756, 
163, -0.411978, 0.344213, -0.905089, -0.891561, -0.977066, 1.38439, 
163, -0.401142, 0.368087, -0.954913, 2.23375, 0.953814, -1.73946, 
163, -0.39033, 0.398025, -1.0156, -0.927796, -0.927904, 1.42627, 
163, -0.379578, 0.432025, -1.08329, -0.950949, -0.901179, 1.45361, 
163, -0.368938, 0.4685, -1.15522, -0.978198, -0.873397, 1.48535, 
164, -0.93499, 0.157764, -0.333192, -0.857071, -1.62074, 1.52039, 
164, -0.923992, 0.155615, -0.342973, -0.858973, -1.60475, 1.52234, 
164, -0.912934, 0.153876, -0.353245, -0.861045, -1.58869, 1.52437, 
164, -0.901848, 0.15251, -0.363875, -0.863255, -1.57264, 1.52647, 
164, -0.890642, 0.151651, -0.375293, -0.865717, -1.55635, 1.52865, 
164, -0.879414, 0.151176, -0.387086, -0.868328, -1.54008, 1.53093, 
164, -0.868136, 0.151121, -0.399375, -0.871123, -1.52374, 1.5333, 
164, -0.856352, 0.149313, -0.408637, -0.873228, -1.50747, 1.5338, 
164, -0.845315, 0.151545, -0.424357, -0.876938, -1.49076, 1.53759, 
164, -0.833991, 0.153474, -0.43928, -0.880611, -1.47434, 1.541, 
164, -0.822547, 0.155387, -0.454031, -0.884292, -1.45779, 1.54404, 
164, -0.811117, 0.154673, -0.464789, -0.888269, -1.44217, 1.54604, 
164, -0.799517, 0.160323, -0.484836, -0.892176, -1.42446, 1.55034, 
164, -0.78795, 0.163504, -0.501133, -0.896465, -1.40772, 1.55376, 
164, -0.776359, 0.16715, -0.517998, -0.900986, -1.39092, 1.5574, 
164, -0.76473, 0.17138, -0.535679, -0.905788, -1.37407, 1.56125, 
164, -0.753089, 0.176089, -0.553951, -0.910871, -1.35717, 1.56536, 
164, -0.741417, 0.181351, -0.572965, -0.916193, -1.34021, 1.56974, 
164, -0.729731, 0.187145, -0.592682, -0.921829, -1.3232, 1.57442, 
164, -0.71808, 0.193375, -0.612835, 2.21406, 1.30627, -1.56248, 
164, -0.706351, 0.200249, -0.634114, 2.20761, 1.28813, -1.55731, 
167, -0.272677, 0.0732604, 0.197419, -0.338079, -1.58973, 0.452064, 
167, -0.264615, 0.0730931, 0.168651, -0.336024, -1.55985, 0.454275, 
167, -0.256644, 0.0740948, 0.13885, -0.33428, -1.53011, 0.456417, 
167, -0.248763, 0.0762501, 0.108002, -0.332839, -1.50047, 0.458517, 
167, -0.240973, 0.0795464, 0.0760898, -0.331697, -1.47092, 0.460601, 
167, -0.233271, 0.0839744, 0.0430901, -0.330851, -1.44142, 0.462699, 
167, -0.225658, 0.0895289, 0.00897258, -0.3303, -1.41195, 0.464839, 
167, -0.218133, 0.0962091, -0.0262999, -0.330048, -1.38248, 0.467049, 
167, -0.210695, 0.104019, -0.062773, -0.330101, -1.35295, 0.469362, 
167, -0.203344, 0.11297, -0.100502, -0.330467, -1.32335, 0.47181, 
167, -0.196078, 0.123078, -0.139552, -0.33116, -1.29362, 0.474429, 
167, -0.188897, 0.134367, -0.180004, -0.332198, -1.26371, 0.477259, 
167, -0.1818, 0.146874, -0.221953, -0.333602, -1.23357, 0.480344, 
167, -0.174787, 0.160643, -0.265512, -0.335403, -1.20314, 0.483735, 
167, -0.167857, 0.175734, -0.310821, -0.337635, -1.17234, 0.48749, 
167, -0.161008, 0.192223, -0.358046, -0.340347, -1.1411, 0.491678, 
167, -0.154241, 0.210209, -0.407394, -0.343596, -1.10932, 0.496382, 
167, -0.147553, 0.22982, -0.45912, -0.347458, -1.07689, 0.501705, 
167, -0.140946, 0.251218, -0.513547, -0.352031, -1.04367, 0.507773, 
167, -0.134416, 0.274621, -0.57109, -0.357445, -1.00947, 0.514752, 
167, -0.127965, 0.300319, -0.632293, -0.363875, -0.974085, 0.52286, 
167, -0.12159, 0.328711, -0.6979, -0.371567, -0.937204, 0.532396, 
167, -0.115292, 0.360366, -0.768958, -0.380878, -0.898415, 0.54379, 
167, -0.109068, 0.396144, -0.847031, -0.392354, -0.857105, 0.557697, 
167, -0.102919, 0.437426, -0.934628, -0.406899, -0.812308, 0.575188, 
168, -0.362361, -0.0101323, 0.296764, -0.406846, -1.59937, 0.551642, 
168, -0.353323, -0.0107378, 0.272436, -0.404351, -1.57306, 0.553498, 
168, -0.344381, -0.0104136, 0.247351, -0.402148, -1.54692, 0.555255, 
168, -0.335533, -0.00917741, 0.221508, -0.400226, -1.52092, 0.556934, 
168, -0.32678, -0.00704521, 0.194903, -0.398578, -1.49506, 0.55856, 
168, -0.31812, -0.0040314, 0.167528, -0.397197, -1.46932, 0.560153, 
168, -0.309555, -0.000148487, 0.139375, -0.396079, -1.44368, 0.561736, 
168, -0.301083, 0.0045931, 0.11043, -0.395221, -1.41812, 0.563331, 
168, -0.292703, 0.0101852, 0.0806783, -0.394624, -1.39262, 0.56496, 
168, -0.284416, 0.0166224, 0.0500984, -0.394287, -1.36716, 0.566647, 
168, -0.276221, 0.0239016, 0.0186666, -0.394216, -1.34173, 0.568414, 
168, -0.268118, 0.0320234, -0.0136458, -0.394415, -1.31629, 0.570287, 
168, -0.260106, 0.0409913, -0.0468731, -0.394892, -1.29082, 0.572292, 
168, -0.252184, 0.050813, -0.0810553, -0.395657, -1.26529, 0.574457, 
168, -0.244352, 0.0615003, -0.116239, -0.396725, -1.23967, 0.576812, 
168, -0.23661, 0.0730702, -0.15248, -0.398112, -1.21393, 0.57939, 
168, -0.228957, 0.085545, -0.189842, -0.399839, -1.18804, 0.582228, 
168, -0.221391, 0.098954, -0.228401, -0.40193, -1.16195, 0.585368, 
168, -0.213913, 0.113334, -0.268243, -0.404417, -1.13563, 0.588855, 
168, -0.206522, 0.128732, -0.309475, -0.407337, -1.10901, 0.592744, 
168, -0.199217, 0.145204, -0.35222, -0.410735, -1.08206, 0.597098, 
168, -0.191998, 0.162824, -0.396627, -0.41467, -1.05469, 0.601992, 
168, -0.184863, 0.181681, -0.442876, -0.419209, -1.02684, 0.607515, 
168, -0.177811, 0.201887, -0.491188, -0.424442, -0.998416, 0.613779, 
168, -0.170843, 0.223586, -0.541838, -0.43048, -0.969309, 0.620921, 
168, -0.163958, 0.246962, -0.595173, -0.437469, -0.939386, 0.629117, 
168, -0.157153, 0.272256, -0.651644, -0.445601, -0.908477, 0.638597, 
168, -0.15043, 0.299793, -0.71185, -0.45514, -0.876359, 0.649673, 
168, -0.143786, 0.330025, -0.776618, -0.466456, -0.842731, 0.662779, 
168, -0.137221, 0.363606, -0.84714, -0.480099, -0.807168, 0.678557, 
168, -0.130735, 0.401543, -0.925239, -0.496931, -0.769026, 0.698005, 
168, -0.124326, 0.445514, -1.01394, -0.518426, -0.72725, 0.722825, 
169, -0.493779, -0.109563, 0.38298, -0.501699, -1.59994, 0.700756, 
169, -0.4835, -0.110356, 0.362988, -0.499004, -1.57694, 0.702019, 
169, -0.473309, -0.110415, 0.34244, -0.496564, -1.55411, 0.703166, 
169, -0.463206, -0.109756, 0.321337, -0.494371, -1.53144, 0.704216, 
169, -0.453193, -0.108396, 0.299683, -0.492416, -1.50892, 0.705188, 
169, -0.44327, -0.106347, 0.277478, -0.490694, -1.48654, 0.706099, 
169, -0.433437, -0.103625, 0.254721, -0.4892, -1.46429, 0.706967, 
169, -0.423697, -0.100241, 0.231412, -0.487928, -1.44217, 0.70781, 
169, -0.414093, -0.0966505, 0.207979, -0.487142, -1.41902, 0.708286, 
169, -0.404532, -0.091926, 0.183508, -0.486269, -1.39722, 0.709155, 
169, -0.395065, -0.0865782, 0.158474, -0.485622, -1.37548, 0.710046, 
169, -0.385693, -0.0806134, 0.132867, -0.4852, -1.35382, 0.710979, 
169, -0.376414, -0.0740369, 0.106676, -0.485003, -1.3322, 0.71197, 
169, -0.36723, -0.0668525, 0.0798885, -0.485035, -1.31063, 0.713037, 
169, -0.35814, -0.0590627, 0.0524879, -0.485298, -1.28908, 0.714201, 
169, -0.349144, -0.0506679, 0.0244562, -0.485798, -1.26755, 0.715479, 
169, -0.340242, -0.0416671, -0.00422715, -0.486542, -1.24601, 0.716893, 
169, -0.331434, -0.0320571, -0.0335861, -0.487539, -1.22446, 0.718464, 
169, -0.322721, -0.0218324, -0.0636478, -0.4888, -1.20288, 0.720215, 
169, -0.3141, -0.0109853, -0.0944433, -0.490338, -1.18125, 0.722171, 
169, -0.305574, 0.000495044, -0.126008, -0.492167, -1.15955, 0.72436, 
169, -0.29714, 0.0126222, -0.158382, -0.494307, -1.13776, 0.72681, 
169, -0.288799, 0.0254134, -0.191612, -0.496778, -1.11586, 0.729554, 
169, -0.280551, 0.0388899, -0.22575, -0.499606, -1.09382, 0.732629, 
169, -0.272394, 0.0530777, -0.260857, -0.502819, -1.07161, 0.736075, 
169, -0.264329, 0.0680083, -0.297004, -0.506454, -1.04921, 0.739939, 
169, -0.256355, 0.0837195, -0.334271, -0.51055, -1.02659, 0.744274, 
169, -0.248471, 0.100257, -0.372753, -0.515157, -1.0037, 0.749143, 
169, -0.240677, 0.117677, -0.412563, -0.520334, -0.980509, 0.754617, 
169, -0.232973, 0.136046, -0.453832, -0.52615, -0.956962, 0.760782, 
169, -0.225357, 0.155445, -0.49672, -0.532693, -0.933004, 0.767742, 
169, -0.217829, 0.175977, -0.541418, -0.540068, -0.90857, 0.775622, 
169, -0.210388, 0.197768, -0.588165, -0.548409, -0.883579, 0.784579, 
169, -0.203034, 0.220976, -0.637258, -0.557884, -0.857934, 0.794809, 
169, -0.195766, 0.245807, -0.689075, -0.568714, -0.831515, 0.806567, 
169, -0.188583, 0.272534, -0.744115, -0.581192, -0.804166, 0.820189, 
169, -0.181484, 0.301524, -0.803049, -0.595721, -0.775682, 0.836136, 
169, -0.174468, 0.333297, -0.86682, -0.612876, -0.74578, 0.855064, 
169, -0.167509, 0.369403, -0.938217, -0.634179, -0.715068, 0.87906, 
169, -0.160658, 0.409965, -1.01748, -0.660391, -0.680752, 0.908302, 
169, -0.153888, 0.458045, -1.11012, -0.694777, -0.642603, 0.94682, 
170, -0.700209, -0.210856, 0.436147, -0.633881, -1.61793, 0.928761, 
170, -0.688558, -0.212517, 0.421069, -0.631398, -1.59774, 0.92969, 
170, -0.676962, -0.213599, 0.405586, -0.629121, -1.57769, 0.930429, 
170, -0.665425, -0.214114, 0.389698, -0.627044, -1.55777, 0.931008, 
170, -0.653947, -0.214075, 0.373408, -0.625163, -1.53798, 0.931451, 
170, -0.642531, -0.213493, 0.356715, -0.623471, -1.51832, 0.931781, 
170, -0.631179, -0.212378, 0.339623, -0.621967, -1.49879, 0.932016, 
170, -0.619894, -0.210742, 0.322132, -0.620644, -1.47938, 0.932175, 
170, -0.608676, -0.208594, 0.304243, -0.619501, -1.46009, 0.932274, 
170, -0.597529, -0.205944, 0.285955, -0.618533, -1.44091, 0.932328, 
170, -0.586453, -0.2028, 0.26727, -0.61774, -1.42185, 0.932352, 
170, -0.575452, -0.199172, 0.248184, -0.61712, -1.40289, 0.93236, 
170, -0.564526, -0.195067, 0.228699, -0.616671, -1.38403, 0.932366, 
170, -0.553678, -0.190493, 0.208809, -0.616394, -1.36526, 0.932383, 
170, -0.542909, -0.185456, 0.188514, -0.616288, -1.34659, 0.932425, 
170, -0.532221, -0.179963, 0.167808, -0.616356, -1.328, 0.932505, 
170, -0.521615, -0.174018, 0.146688, -0.616598, -1.30948, 0.932636, 
170, -0.511093, -0.167628, 0.125146, -0.617018, -1.29104, 0.932832, 
170, -0.500655, -0.160794, 0.103177, -0.617618, -1.27267, 0.933107, 
170, -0.490304, -0.153522, 0.0807725, -0.618403, -1.25435, 0.933475, 
170, -0.480039, -0.145812, 0.0579234, -0.619379, -1.23608, 0.933952, 
170, -0.469863, -0.137667, 0.0346196, -0.62055, -1.21786, 0.93455, 
170, -0.459777, -0.129087, 0.0108492, -0.621925, -1.19967, 0.935288, 
170, -0.44978, -0.120071, -0.0134009, -0.62351, -1.18151, 0.936181, 
170, -0.439874, -0.110618, -0.0381454, -0.625316, -1.16337, 0.937247, 
170, -0.430059, -0.100724, -0.0634011, -0.627353, -1.14524, 0.938504, 
170, -0.420337, -0.090385, -0.0891865, -0.629632, -1.12712, 0.939972, 
170, -0.410707, -0.079596, -0.115523, -0.632168, -1.10898, 0.941673, 
170, -0.40117, -0.0683495, -0.142432, -0.634976, -1.09083, 0.943629, 
170, -0.391727, -0.0566365, -0.169943, -0.638074, -1.07264, 0.945866, 
170, -0.382377, -0.044446, -0.198082, -0.641481, -1.05442, 0.94841, 
170, -0.373121, -0.0317649, -0.226884, -0.645219, -1.03614, 0.951291, 
170, -0.363959, -0.0185777, -0.256385, -0.649314, -1.0178, 0.954543, 
170, -0.354892, -0.00486583, -0.286628, -0.653796, -0.99937, 0.958203, 
170, -0.345919, 0.00939233, -0.317659, -0.658697, -0.980848, 0.962313, 
170, -0.33704, 0.0242223, -0.349534, -0.664056, -0.962213, 0.966918, 
170, -0.328255, 0.0396541, -0.382313, -0.669917, -0.943447, 0.972072, 
170, -0.319563, 0.055723, -0.416069, -0.67633, -0.924528, 0.977836, 
170, -0.310966, 0.0724708, -0.450883, -0.683357, -0.905435, 0.984281, 
170, -0.302462, 0.089947, -0.486851, -0.691067, -0.886141, 0.99149, 
170, -0.294052, 0.108211, -0.524088, -0.699544, -0.866618, 0.999558, 
170, -0.285734, 0.127333, -0.562727, -0.708889, -0.846833, 1.0086, 
170, -0.277509, 0.1474, -0.602931, -0.719223, -0.826747, 1.01876, 
170, -0.269377, 0.168519, -0.644897, -0.730697, -0.806315, 1.03021, 
170, -0.261336, 0.190823, -0.688872, -0.743497, -0.785483, 1.04316, 
170, -0.253386, 0.21448, -0.735165, -0.757864, -0.764186, 1.05788, 
170, -0.245528, 0.239712, -0.784177, -0.77411, -0.742342, 1.07472, 
170, -0.23776, 0.266812, -0.836445, -0.792656, -0.719846, 1.09417, 
170, -0.230082, 0.296192, -0.892711, -0.814092, -0.69656, 1.11688, 
170, -0.222495, 0.328447, -0.954053, -0.839288, -0.672292, 1.14384, 
170, -0.214998, 0.364506, -1.02214, -0.869619, -0.646755, 1.17658, 
170, -0.207592, 0.405952, -1.09983, -0.907487, -0.619487, 1.21779, 
170, -0.200277, 0.455915, -1.19273, -0.957793, -0.589604, 1.2729, 
171, -0.745766, -0.243728, 0.0989168, -0.80098, -1.32157, 1.26777, 
171, -0.733861, -0.239209, 0.0830367, -0.802727, -1.30521, 1.26777, 
171, -0.72202, -0.234361, 0.0668843, -0.804622, -1.28894, 1.26782, 
171, -0.710238, -0.229182, 0.0504424, -0.806655, -1.27276, 1.26791, 
171, -0.698514, -0.223672, 0.0336995, -0.808825, -1.25666, 1.26806, 
171, -0.686847, -0.217832, 0.016647, -0.811131, -1.24064, 1.26828, 
171, -0.67524, -0.211662, -0.000721562, -0.81357, -1.22468, 1.26857, 
171, -0.663693, -0.205164, -0.0184114, -0.81614, -1.20879, 1.26894, 
171, -0.652211, -0.19834, -0.0364264, -0.818836, -1.19296, 1.26939, 
171, -0.640797, -0.191194, -0.0547689, -0.821647, -1.17719, 1.26991, 
171, -0.629258, -0.183476, -0.0740079, -0.825761, -1.16127, 1.2718, 
171, -0.617957, -0.175633, -0.0931301, -0.829108, -1.14561, 1.2728, 
171, -0.606724, -0.167455, -0.112626, -0.832646, -1.12999, 1.27398, 
171, -0.595561, -0.158941, -0.132506, -0.836384, -1.11442, 1.27534, 
171, -0.58447, -0.150088, -0.152781, -0.840333, -1.09889, 1.27691, 
171, -0.573454, -0.140894, -0.173461, -0.844504, -1.0834, 1.27869, 
171, -0.562515, -0.131357, -0.194558, -0.848912, -1.06793, 1.28071, 
171, -0.551656, -0.12148, -0.216076, -0.853573, -1.05242, 1.28299, 
171, -0.540885, -0.111282, -0.237995, -0.858524, -1.03671, 1.28553, 
171, -0.530168, -0.100596, -0.260567, -0.863676, -1.02188, 1.28843, 
171, -0.519551, -0.0896183, -0.283513, -0.869166, -1.00658, 1.29161, 
171, -0.509109, -0.078406, -0.306691, -0.874886, -0.991459, 1.29497, 
171, -0.498573, -0.0665171, -0.330964, -0.881122, -0.976052, 1.29905, 
171, -0.488203, -0.0543538, -0.355557, 2.25393, 0.960795, -1.83819, 
171, -0.467743, -0.0287863, -0.406519, -0.901924, -0.930352, 1.31342, 
171, -0.447655, -0.00150426, -0.460015, 2.22356, 0.899518, -1.81598, 
171, -0.437731, 0.0129778, -0.488061, -0.926896, -0.884723, 1.33253, 
171, -0.427908, 0.0279375, -0.516852, -0.93636, -0.869486, 1.34022, 
171, -0.343831, 0.192889, -0.82568, -1.06281, -0.731522, 1.45576, 
171, -0.33485, 0.217752, -0.871322, 2.05822, 0.715039, -1.66444, 
171, -0.326065, 0.243134, -0.917795, -1.10708, -0.699443, 1.50123, 
171, -0.317371, 0.270551, -0.967859, -1.13368, -0.683587, 1.5286, 
171, -0.308773, 0.300549, -1.0225, -1.164, -0.667548, 1.56027, 
171, -0.300265, 0.332479, -1.08054, -1.19758, -0.651551, 1.59557, 
171, -0.29186, 0.372214, -1.15255, -1.24121, -0.63499, 1.64281, 
171, -0.283542, 0.418481, -1.23622, -1.29418, -0.618241, 1.70079, 
171, -0.27534, 0.481182, -1.34934, 1.77201, 0.600901, -1.35667, 
172, -0.62892, 0.0499989, -0.727778, -1.26933, -0.961497, -4.41714, 
172, -0.617589, 0.0628193, -0.751626, -1.28215, -0.949896, -4.40737, 
172, -0.606306, 0.0762535, -0.776448, -1.29558, -0.938362, -4.39678, 
172, -0.5951, 0.0902807, -0.802206, -1.30952, -0.927037, -4.38554, 
172, -0.583969, 0.104961, -0.829014, -1.32414, -0.91589, -4.37346, 
172, -0.572724, 0.116607, -0.850704, -1.33693, -0.904861, -4.3641, 
172, -0.561934, 0.136516, -0.886217, -1.35564, -0.894081, -4.34646, 
172, -0.551041, 0.153436, -0.91671, -1.37267, -0.88296, -4.3314, 
172, -0.540215, 0.171724, -0.94953, -1.39074, -0.873237, -4.3148, 
172, -0.529515, 0.190836, -0.98374, -1.40999, -0.863217, -4.2969, 
172, -0.518828, 0.211479, -1.02059, -1.43036, -0.853363, -4.27727, 
172, -0.508253, 0.233829, -1.06041, -1.45251, -0.844007, -4.25545, 
172, -0.477091, 0.313485, -1.20195, -1.53091, -0.818935, 2.10908, 
172, -0.456723, 0.398099, -1.35242, -1.60955, -0.806384, 2.19977, 
174, -0.0892233, 0.0184556, 0.28625, -0.16013, -1.55554, 0.181983, 
174, -0.0853073, 0.0196832, 0.255792, -0.159085, -1.5261, 0.182908, 
174, -0.0814468, 0.0220243, 0.224435, -0.158182, -1.49687, 0.1838, 
174, -0.0776407, 0.025458, 0.192166, -0.157419, -1.46782, 0.184672, 
174, -0.0738883, 0.0299661, 0.158967, -0.156793, -1.43892, 0.185534, 
174, -0.0701886, 0.0355338, 0.124818, -0.156302, -1.41013, 0.1864, 
174, -0.0665409, 0.04215, 0.0896914, -0.155947, -1.38141, 0.187283, 
174, -0.0629443, 0.0498079, 0.053554, -0.155728, -1.35272, 0.188196, 
174, -0.059398, 0.0585057, 0.016366, -0.155648, -1.32403, 0.189153, 
174, -0.0559012, 0.0682469, -0.0219205, -0.155711, -1.29529, 0.190169, 
174, -0.0524531, 0.079041, -0.0613623, -0.155923, -1.26646, 0.191259, 
174, -0.0490529, 0.0909046, -0.102027, -0.156291, -1.23748, 0.192441, 
174, -0.0456998, 0.103862, -0.143995, -0.156824, -1.20831, 0.193734, 
174, -0.0423929, 0.117947, -0.18736, -0.157535, -1.17887, 0.19516, 
174, -0.0391316, 0.133204, -0.232237, -0.15844, -1.14911, 0.196744, 
174, -0.0359148, 0.149692, -0.278759, -0.159558, -1.11895, 0.198513, 
174, -0.0327419, 0.167484, -0.327091, -0.160913, -1.0883, 0.200503, 
174, -0.029612, 0.186674, -0.377429, -0.162536, -1.05707, 0.202754, 
174, -0.0265242, 0.207383, -0.430016, -0.164467, -1.02512, 0.205316, 
174, -0.0234776, 0.229764, -0.485156, -0.166756, -0.992328, 0.208252, 
174, -0.0204713, 0.254016, -0.543229, -0.169469, -0.958501, 0.211641, 
174, -0.0175041, 0.280401, -0.604728, -0.172695, -0.923418, 0.215589, 
174, -0.014575, 0.309266, -0.670303, -0.176554, -0.886787, 0.220234, 
174, -0.0116827, 0.341089, -0.740834, -0.181214, -0.848216, 0.22577, 
174, -0.0088255, 0.376543, -0.817552, -0.186917, -0.807161, 0.232471, 
174, -0.00600168, 0.416617, -0.902255, -0.194028, -0.762838, 0.240748, 
175, -0.129558, -0.098845, 0.385125, -0.195823, -1.49621, 0.237781, 
175, -0.125038, -0.0957251, 0.357322, -0.194723, -1.47118, 0.238297, 
175, -0.120584, -0.0917816, 0.328907, -0.193748, -1.44636, 0.238788, 
175, -0.116194, -0.0870348, 0.299874, -0.192893, -1.42172, 0.239263, 
175, -0.111869, -0.0815029, 0.270215, -0.192158, -1.39724, 0.239731, 
175, -0.107606, -0.0752018, 0.239919, -0.191541, -1.3729, 0.240203, 
175, -0.103406, -0.0681454, 0.208971, -0.191041, -1.34867, 0.240688, 
175, -0.0992659, -0.0603444, 0.177356, -0.19066, -1.32452, 0.241198, 
175, -0.0951864, -0.0518073, 0.145054, -0.190399, -1.30042, 0.241742, 
175, -0.0911661, -0.0425395, 0.112041, -0.190259, -1.27635, 0.242331, 
175, -0.087204, -0.0325431, 0.07829, -0.190245, -1.25228, 0.242977, 
175, -0.0832993, -0.0218172, 0.0437699, -0.19036, -1.22818, 0.243692, 
175, -0.0794511, -0.0103571, 0.00844397, -0.19061, -1.20402, 0.244489, 
175, -0.0756584, 0.00184568, -0.0277298, -0.191001, -1.17977, 0.245381, 
175, -0.0719203, 0.0148041, -0.0647998, -0.191543, -1.15539, 0.246383, 
175, -0.0682358, 0.0285359, -0.102822, -0.192244, -1.13085, 0.247513, 
175, -0.0646041, 0.0430642, -0.14186, -0.193118, -1.1061, 0.248788, 
175, -0.0610241, 0.0584186, -0.181989, -0.194178, -1.08111, 0.25023, 
175, -0.0574951, 0.074636, -0.223296, -0.195443, -1.05582, 0.251863, 
175, -0.054016, 0.0917618, -0.265881, -0.196934, -1.03018, 0.253714, 
175, -0.0505859, 0.109852, -0.309864, -0.198677, -1.00413, 0.255818, 
175, -0.0472039, 0.128975, -0.355385, -0.200703, -0.977602, 0.258213, 
175, -0.043869, 0.149216, -0.402614, -0.203053, -0.950516, 0.260946, 
175, -0.0405802, 0.17068, -0.451753, -0.205777, -0.922775, 0.264076, 
175, -0.0373365, 0.193495, -0.503052, -0.208936, -0.894267, 0.267675, 
175, -0.0341369, 0.217826, -0.55682, -0.212612, -0.864852, 0.271835, 
175, -0.0309802, 0.243883, -0.613448, -0.21691, -0.834357, 0.276675, 
175, -0.0278653, 0.271938, -0.673438, -0.221971, -0.802564, 0.282351, 
175, -0.0247906, 0.30235, -0.737451, -0.227986, -0.769185, 0.289075, 
175, -0.0217549, 0.335611, -0.806383, -0.235224, -0.733835, 0.297142, 
175, -0.0187562, 0.372409, -0.881483, -0.244074, -0.695981, 0.306974, 
175, -0.0157926, 0.413747, -0.964565, -0.255119, -0.654849, 0.319204, 
176, -0.200196, -0.265984, 0.519468, -0.255606, -1.41729, 0.331631, 
176, -0.194461, -0.260765, 0.494748, -0.254144, -1.39702, 0.331155, 
176, -0.188822, -0.254976, 0.469644, -0.252801, -1.37694, 0.33067, 
176, -0.183279, -0.248638, 0.444154, -0.251573, -1.35704, 0.330183, 
176, -0.177829, -0.241767, 0.418276, -0.250459, -1.3373, 0.329704, 
176, -0.17247, -0.234382, 0.392006, -0.249456, -1.31769, 0.329242, 
176, -0.166626, -0.226467, 0.366247, -0.247056, -1.29877, 0.327413, 
176, -0.161505, -0.218106, 0.339136, -0.246377, -1.27937, 0.327097, 
176, -0.156461, -0.209268, 0.311618, -0.245794, -1.26005, 0.326811, 
176, -0.151493, -0.199963, 0.283684, -0.245308, -1.24079, 0.326563, 
176, -0.1466, -0.190196, 0.255323, -0.244922, -1.22159, 0.32636, 
176, -0.141782, -0.179973, 0.226522, -0.244638, -1.20241, 0.326211, 
176, -0.137036, -0.169296, 0.197264, -0.244459, -1.18324, 0.326125, 
176, -0.132363, -0.158168, 0.167535, -0.244389, -1.16407, 0.326111, 
176, -0.127761, -0.146587, 0.137315, -0.244434, -1.14487, 0.326178, 
176, -0.123229, -0.134551, 0.106583, -0.244597, -1.12564, 0.326336, 
176, -0.118766, -0.122058, 0.0753155, -0.244884, -1.10635, 0.326594, 
176, -0.114371, -0.109101, 0.0434871, -0.245303, -1.08698, 0.326965, 
176, -0.110042, -0.0956707, 0.0110683, -0.245862, -1.06751, 0.327459, 
176, -0.105779, -0.0817579, -0.0219735, -0.246569, -1.04792, 0.328091, 
176, -0.10158, -0.067349, -0.0556746, -0.247435, -1.02819, 0.328873, 
176, -0.0974443, -0.0524281, -0.090076, -0.248472, -1.0083, 0.329823, 
176, -0.0933706, -0.0369758, -0.125224, -0.249694, -0.98822, 0.330957, 
176, -0.0893578, -0.0209693, -0.16117, -0.251118, -0.967921, 0.332297, 
176, -0.0854049, -0.00438144, -0.197974, -0.252762, -0.947374, 0.333865, 
176, -0.0815105, 0.0128196, -0.235702, -0.254649, -0.926548, 0.335688, 
176, -0.0776737, 0.0306716, -0.274432, -0.256806, -0.905404, 0.337796, 
176, -0.0738933, 0.0492188, -0.314252, -0.259264, -0.883902, 0.340227, 
176, -0.0701682, 0.0685139, -0.355265, -0.262063, -0.861996, 0.343022, 
176, -0.0664972, 0.0886192, -0.397592, -0.265247, -0.839631, 0.346235, 
176, -0.0628793, 0.109609, -0.441374, -0.268875, -0.816747, 0.349927, 
176, -0.0593133, 0.131574, -0.486781, -0.273016, -0.793271, 0.354176, 
176, -0.055798, 0.154623, -0.534015, -0.277757, -0.769116, 0.359077, 
176, -0.0523322, 0.178891, -0.583326, -0.283212, -0.744178, 0.364751, 
176, -0.0489147, 0.204543, -0.635022, -0.289523, -0.718332, 0.371352, 
176, -0.0455441, 0.231793, -0.689488, -0.29688, -0.691418, 0.379083, 
176, -0.0422189, 0.260913, -0.747221, -0.305536, -0.663234, 0.388212, 
176, -0.0389377, 0.29226, -0.808872, -0.315837, -0.633517, 0.399105, 
176, -0.0356987, 0.326317, -0.875313, -0.32827, -0.601915, 0.412275, 
176, -0.0327956, 0.368787, -0.956664, -0.346631, -0.564456, 0.43201, 
176, -0.0296624, 0.413716, -1.04247, -0.368004, -0.525256, 0.454908, 
177, -0.344914, -0.52742, 0.698113, -0.370915, -1.29977, 0.523751, 
177, -0.336589, -0.519143, 0.676937, -0.368695, -1.2848, 0.52065, 
177, -0.328417, -0.510568, 0.655558, -0.366574, -1.26997, 0.517594, 
177, -0.320394, -0.501706, 0.633975, -0.364551, -1.25526, 0.514587, 
177, -0.312518, -0.492569, 0.612188, -0.362623, -1.24067, 0.511637, 
177, -0.304784, -0.483167, 0.590194, -0.360791, -1.22619, 0.50875, 
177, -0.297191, -0.473509, 0.567991, -0.359054, -1.21179, 0.505929, 
177, -0.289736, -0.463603, 0.545578, -0.357412, -1.19748, 0.503181, 
177, -0.282414, -0.453456, 0.522951, -0.355865, -1.18324, 0.500509, 
177, -0.275224, -0.443075, 0.500107, -0.354414, -1.16906, 0.497918, 
177, -0.268163, -0.432465, 0.477042, -0.353059, -1.15494, 0.495413, 
177, -0.261228, -0.421631, 0.45375, -0.351802, -1.14086, 0.492998, 
177, -0.254417, -0.410575, 0.430228, -0.350643, -1.12681, 0.490676, 
177, -0.247726, -0.399301, 0.406469, -0.349584, -1.11279, 0.488453, 
177, -0.241153, -0.387812, 0.382468, -0.348627, -1.09879, 0.486332, 
177, -0.234696, -0.376108, 0.358217, -0.347773, -1.08479, 0.484318, 
177, -0.228352, -0.36419, 0.333708, -0.347026, -1.07079, 0.482416, 
177, -0.222118, -0.352059, 0.308934, -0.346388, -1.05679, 0.480629, 
177, -0.215993, -0.339713, 0.283887, -0.345861, -1.04276, 0.478962, 
177, -0.209973, -0.327151, 0.258555, -0.34545, -1.02871, 0.477421, 
177, -0.204057, -0.314371, 0.232929, -0.345157, -1.01463, 0.476012, 
177, -0.198243, -0.301371, 0.206997, -0.344988, -1.0005, 0.474739, 
177, -0.192528, -0.288146, 0.180747, -0.344947, -0.986322, 0.473609, 
177, -0.186909, -0.274692, 0.154166, -0.34504, -0.97208, 0.472629, 
177, -0.181386, -0.261004, 0.12724, -0.345272, -0.957768, 0.471807, 
177, -0.175955, -0.247077, 0.0999512, -0.34565, -0.943376, 0.471149, 
177, -0.170615, -0.232902, 0.072284, -0.346181, -0.928894, 0.470666, 
177, -0.165364, -0.218471, 0.0442195, -0.346875, -0.914311, 0.470366, 
177, -0.1602, -0.203777, 0.0157373, -0.34774, -0.899617, 0.47026, 
177, -0.155121, -0.188808, -0.013185, -0.348788, -0.884801, 0.470361, 
177, -0.150125, -0.173553, -0.0425716, -0.350029, -0.86985, 0.470681, 
177, -0.145211, -0.157999, -0.0724494, -0.351479, -0.854752, 0.471236, 
177, -0.140377, -0.142131, -0.102848, -0.353151, -0.839492, 0.472042, 
177, -0.13562, -0.125933, -0.1338, -0.355064, -0.824056, 0.473119, 
177, -0.13094, -0.109386, -0.165341, -0.357238, -0.808428, 0.474488, 
177, -0.126334, -0.0924699, -0.197512, -0.359695, -0.79259, 0.476174, 
177, -0.121802, -0.0751602, -0.230359, -0.362463, -0.776525, 0.478206, 
177, -0.117341, -0.0574303, -0.263931, -0.365572, -0.760209, 0.480616, 
177, -0.112951, -0.0392499, -0.298286, -0.369057, -0.743621, 0.483443, 
177, -0.108629, -0.020584, -0.333488, -0.372962, -0.726735, 0.486732, 
177, -0.104374, -0.00139242, -0.369614, -0.377336, -0.70952, 0.490536, 
177, -0.100185, 0.0183714, -0.406748, -0.382238, -0.691945, 0.494919, 
177, -0.09606, 0.0387619, -0.44499, -0.387742, -0.673971, 0.499956, 
177, -0.0919983, 0.0598429, -0.484457, -0.393934, -0.655555, 0.50574, 
177, -0.0879984, 0.0816906, -0.525289, -0.400922, -0.636646, 0.512385, 
177, -0.084059, 0.104397, -0.567651, -0.408842, -0.617183, 0.520034, 
177, -0.0801788, 0.128073, -0.611747, -0.417865, -0.597095, 0.528865, 
177, -0.0763567, 0.152857, -0.657828, -0.428212, -0.576295, 0.539113, 
177, -0.0725914, 0.178926, -0.706211, -0.440177, -0.554673, 0.551082, 
177, -0.0688818, 0.206506, -0.757306, -0.454158, -0.532093, 0.565191, 
177, -0.0652268, 0.235901, -0.81166, -0.470711, -0.508375, 0.582018, 
177, -0.0616253, 0.267527, -0.870026, -0.490649, -0.483279, 0.602411, 
177, -0.0580763, 0.301993, -0.933496, -0.515214, -0.456467, 0.627659, 
177, -0.0545786, 0.34023, -1.00375, -0.546438, -0.427437, 0.65987, 
177, -0.0511315, 0.383805, -1.08359, -0.58795, -0.395381, 0.7028, 
177, -0.0477338, 0.435684, -1.17836, -0.6471, -0.358843, 0.764038, 
178, -0.3601, -0.537286, 0.30851, -0.577587, -0.840118, 0.810323, 
178, -0.351449, -0.523772, 0.288228, -0.576547, -0.829856, 0.805806, 
178, -0.342957, -0.510174, 0.267755, -0.575638, -0.819598, 0.801503, 
178, -0.334622, -0.49649, 0.247085, -0.574866, -0.809339, 0.797419, 
178, -0.326441, -0.482717, 0.226214, -0.574239, -0.799072, 0.79356, 
178, -0.31841, -0.468851, 0.205134, -0.573762, -0.788795, 0.78993, 
178, -0.310526, -0.454891, 0.183837, -0.573445, -0.778501, 0.786537, 
178, -0.302786, -0.440831, 0.162318, -0.573293, -0.768185, 0.783387, 
178, -0.295187, -0.426669, 0.140567, -0.573317, -0.757842, 0.780487, 
178, -0.287726, -0.412399, 0.118577, -0.573526, -0.747466, 0.777845, 
178, -0.2804, -0.398018, 0.0963389, -0.573928, -0.737053, 0.775469, 
178, -0.273207, -0.383519, 0.0738423, -0.574535, -0.726597, 0.77337, 
178, -0.266143, -0.368899, 0.0510772, -0.575358, -0.716092, 0.771557, 
178, -0.259206, -0.35415, 0.0280327, -0.57641, -0.705533, 0.770043, 
178, -0.252393, -0.339267, 0.00469695, -0.577704, -0.694914, 0.768839, 
178, -0.245701, -0.324242, -0.0189428, -0.579256, -0.684228, 0.76796, 
178, -0.239128, -0.309069, -0.0429003, -0.581082, -0.67347, 0.767422, 
178, -0.232671, -0.293738, -0.0671904, -0.583201, -0.662634, 0.767242, 
178, -0.226327, -0.278241, -0.091829, -0.585631, -0.651713, 0.767439, 
178, -0.220095, -0.262569, -0.116834, -0.588397, -0.6407, 0.768037, 
178, -0.213971, -0.24671, -0.142223, -0.591522, -0.629589, 0.769058, 
178, -0.207953, -0.230654, -0.168018, -0.595035, -0.618371, 0.770531, 
178, -0.20204, -0.214388, -0.194241, -0.598967, -0.60704, 0.772487, 
178, -0.196228, -0.197898, -0.220917, -0.603353, -0.595587, 0.77496, 
178, -0.190516, -0.18117, -0.248072, -0.608233, -0.584003, 0.777992, 
178, -0.184901, -0.164185, -0.275737, -0.613653, -0.572281, 0.781628, 
178, -0.179381, -0.146927, -0.303945, -0.619665, -0.56041, 0.785919, 
178, -0.17394, -0.129299, -0.332846, -0.625502, -0.549328, 0.79012, 
178, -0.168604, -0.111423, -0.362263, -0.632779, -0.537194, 0.795809, 
178, -0.163358, -0.0932035, -0.392348, -0.640841, -0.524886, 0.802351, 
178, -0.158198, -0.0746107, -0.423154, -0.649779, -0.512393, 0.809838, 
178, -0.153124, -0.0556116, -0.45474, -0.659701, -0.499704, 0.818379, 
178, -0.148133, -0.0361682, -0.487174, -0.670732, -0.486804, 0.828103, 
178, -0.143224, -0.0162369, -0.520535, -0.683023, -0.473682, 0.839163, 
178, -0.138395, 0.00423314, -0.554914, -0.696755, -0.460324, 0.851743, 
178, -0.133644, 0.0253014, -0.590417, -0.712148, -0.446714, 0.866069, 
178, -0.128969, 0.0470386, -0.627172, -0.729472, -0.432838, 0.882415, 
178, -0.124369, 0.0695294, -0.665332, -0.749063, -0.41868, 0.901125, 
178, -0.119843, 0.0928772, -0.705081, -0.771344, -0.404226, 0.92263, 
178, -0.115388, 0.11721, -0.746649, -0.796856, -0.389463, 0.947481, 
178, -0.111004, 0.142689, -0.790328, -0.826302, -0.374379, 0.976396, 
178, -0.106688, 0.169524, -0.836494, -0.860618, -0.358973, 1.01033, 
178, -0.10244, 0.197994, -0.885649, -0.901081, -0.343251, 1.05059, 
178, -0.0982573, 0.228488, -0.93849, -0.949481, -0.327246, 1.09899, 
178, -0.0941393, 0.26157, -0.996032, -1.00843, -0.31103, 1.1582, 
178, -0.0900844, 0.298124, -1.05986, -1.08196, -0.294765, 1.23234, 
178, -0.0860915, 0.339673, -1.13271, -1.17672, -0.278798, 1.3282, 
178, -0.0821593, 0.38931, -1.22014, -1.3053, -0.263951, 1.45866, 
178, -0.078287, 0.455614, -1.33752, -1.4989, -0.252634, 1.65576, 
179, -0.366171, -0.339409, -0.274232, 1.85629, 0.494566, -1.56739, 
179, -0.357292, -0.325089, -0.293848, 1.84668, 0.486682, -1.56212, 
179, -0.348592, -0.310648, -0.313736, 1.83519, 0.478415, -1.55488, 
179, -0.340054, -0.296034, -0.33396, -1.31855, -0.47029, 1.59473, 
179, -0.331676, -0.281234, -0.354548, -1.33138, -0.462336, 1.60355, 
179, -0.210587, 0.0125225, -0.786195, -1.71649, -0.36238, -4.34608, 
179, -0.204564, 0.0338529, -0.81929, -1.75295, -0.359306, -4.31161, 
179, -0.198633, 0.0561092, -0.854074, -1.7926, -0.35845, -4.2738, 
179, -0.192847, 0.0790593, -0.890216, -1.83294, -0.357773, -4.23524, 
179, -0.187091, 0.103602, -0.92918, -1.87759, -0.357871, -4.19198, 
179, -0.159918, 0.254162, -1.17505, 1.00116, 0.382874, -0.790994, 
179, -0.15478, 0.295622, -1.24479, 0.935683, 0.396386, -0.724852, 
179, -0.149679, 0.349431, -1.33668, -2.28307, -0.417884, 2.49634, 
179, -0.144687, 0.447494, -1.508, 0.739535, 0.467214, -0.518376, 
181, 0.109407, 0.0216397, 0.283789, 0.0356345, -1.54565, -0.104388, 
181, 0.108549, 0.0232126, 0.252964, 0.0354, -1.51639, -0.104599, 
181, 0.107705, 0.0258857, 0.221254, 0.0351982, -1.48734, -0.104804, 
181, 0.106875, 0.0296367, 0.188645, 0.0350283, -1.45847, -0.105007, 
181, 0.106057, 0.0344467, 0.155119, 0.0348897, -1.42975, -0.105208, 
181, 0.105251, 0.0403005, 0.120655, 0.0347821, -1.40113, -0.105412, 
181, 0.104457, 0.0471871, 0.0852241, 0.0347054, -1.37258, -0.105621, 
181, 0.103676, 0.0551003, 0.048792, 0.0346599, -1.34405, -0.105838, 
181, 0.102905, 0.0640388, 0.0113177, 0.0346461, -1.3155, -0.106066, 
181, 0.102146, 0.074007, -0.0272482, 0.0346648, -1.2869, -0.106308, 
181, 0.101398, 0.0850157, -0.0669643, 0.0347174, -1.25818, -0.106568, 
181, 0.100661, 0.0970826, -0.1079, 0.0348054, -1.2293, -0.106849, 
181, 0.0999342, 0.110234, -0.150138, 0.0349311, -1.20021, -0.107156, 
181, 0.0992176, 0.124505, -0.193775, 0.0350974, -1.17084, -0.107494, 
181, 0.0985111, 0.139942, -0.238929, 0.0353076, -1.14111, -0.107868, 
181, 0.0978143, 0.156607, -0.285737, 0.0355664, -1.11097, -0.108284, 
181, 0.0971271, 0.174575, -0.334368, 0.0358791, -1.0803, -0.108752, 
181, 0.0964492, 0.193946, -0.385025, 0.036253, -1.04901, -0.109279, 
181, 0.0957804, 0.214844, -0.437959, 0.036697, -1.01697, -0.109878, 
181, 0.0951203, 0.237429, -0.493484, 0.0372228, -0.984029, -0.110562, 
181, 0.0944686, 0.261908, -0.551996, 0.0378457, -0.949998, -0.111351, 
181, 0.0938251, 0.288555, -0.614009, 0.0385861, -0.914635, -0.112268, 
181, 0.0931893, 0.317735, -0.680203, 0.0394719, -0.877626, -0.113346, 
181, 0.0925608, 0.349952, -0.751504, 0.0405425, -0.83855, -0.114629, 
182, 0.118313, -0.100974, 0.387839, 0.0442864, -1.47726, -0.113988, 
182, 0.117311, -0.0972417, 0.359479, 0.0440303, -1.45262, -0.114105, 
182, 0.116326, -0.0927081, 0.330529, 0.0438042, -1.42819, -0.114219, 
182, 0.115358, -0.0873953, 0.300981, 0.0436073, -1.40394, -0.114333, 
182, 0.114405, -0.0813226, 0.270828, 0.0434391, -1.37984, -0.114448, 
182, 0.113469, -0.0745063, 0.240056, 0.0432991, -1.35587, -0.114566, 
182, 0.112548, -0.06696, 0.208651, 0.0431873, -1.33199, -0.114689, 
182, 0.111641, -0.0586943, 0.176597, 0.0431037, -1.30819, -0.11482, 
182, 0.110749, -0.049717, 0.143871, 0.0430484, -1.28442, -0.114961, 
182, 0.109871, -0.0400325, 0.11045, 0.0430221, -1.26067, -0.115114, 
182, 0.109007, -0.0296422, 0.0763059, 0.0430253, -1.2369, -0.115282, 
182, 0.108156, -0.0185439, 0.0414048, 0.0430591, -1.21309, -0.115467, 
182, 0.107318, -0.00673181, 0.00570927, 0.0431247, -1.18919, -0.115673, 
182, 0.106492, 0.00580403, -0.0308242, 0.0432235, -1.16518, -0.115902, 
182, 0.10568, 0.0190779, -0.0682455, 0.0433577, -1.14102, -0.116157, 
182, 0.104879, 0.0331091, -0.106612, 0.0435293, -1.11667, -0.116444, 
182, 0.10409, 0.0479225, -0.145991, 0.0437414, -1.0921, -0.116765, 
182, 0.103313, 0.0635494, -0.186458, 0.0439973, -1.06725, -0.117125, 
182, 0.102548, 0.0800286, -0.228103, 0.044301, -1.04207, -0.117531, 
182, 0.101793, 0.097408, -0.27103, 0.0446578, -1.01652, -0.117989, 
182, 0.101049, 0.115746, -0.315361, 0.0450736, -0.990516, -0.118506, 
182, 0.100316, 0.135114, -0.361243, 0.0455559, -0.963998, -0.119092, 
182, 0.0995932, 0.155601, -0.408849, 0.0461142, -0.936875, -0.119758, 
182, 0.0988802, 0.177316, -0.458391, 0.0467601, -0.909046, -0.120517, 
182, 0.098177, 0.200394, -0.510128, 0.0475083, -0.880388, -0.121386, 
182, 0.0974832, 0.225007, -0.564381, 0.048378, -0.850751, -0.122388, 
182, 0.0967983, 0.251375, -0.62156, 0.0493943, -0.819946, -0.12355, 
182, 0.0961221, 0.279785, -0.682194, 0.0505905, -0.787732, -0.124911, 
182, 0.0954541, 0.310619, -0.746981, 0.0520125, -0.753793, -0.126519, 
182, 0.0947936, 0.344399, -0.816875, 0.0537248, -0.717699, -0.128447, 
183, 0.135249, -0.288354, 0.558998, 0.0595911, -1.39508, -0.132369, 
183, 0.133944, -0.28228, 0.533626, 0.0592365, -1.37574, -0.132249, 
183, 0.132664, -0.27569, 0.507919, 0.0589099, -1.35659, -0.13213, 
183, 0.131409, -0.268604, 0.481873, 0.0586106, -1.33759, -0.132016, 
183, 0.130177, -0.261037, 0.455486, 0.0583379, -1.31874, -0.131906, 
183, 0.128968, -0.253005, 0.428751, 0.0580915, -1.3, -0.131803, 
183, 0.127782, -0.24452, 0.401664, 0.0578709, -1.28136, -0.131709, 
183, 0.126617, -0.235595, 0.374216, 0.0576761, -1.26281, -0.131623, 
183, 0.125473, -0.226237, 0.3464, 0.0575069, -1.24431, -0.131549, 
183, 0.124349, -0.216455, 0.318204, 0.0573636, -1.22587, -0.131487, 
183, 0.123245, -0.206254, 0.289619, 0.0572462, -1.20745, -0.13144, 
183, 0.12216, -0.19564, 0.260631, 0.0571553, -1.18905, -0.131408, 
183, 0.121094, -0.184614, 0.231225, 0.0570911, -1.17064, -0.131393, 
183, 0.120046, -0.173178, 0.201387, 0.0570545, -1.15221, -0.131398, 
183, 0.119016, -0.16133, 0.171097, 0.0570462, -1.13373, -0.131424, 
183, 0.118003, -0.14907, 0.140336, 0.0570672, -1.11521, -0.131472, 
183, 0.117007, -0.136391, 0.109082, 0.0571185, -1.09661, -0.131546, 
183, 0.116028, -0.123289, 0.0773106, 0.0572017, -1.07791, -0.131648, 
183, 0.115064, -0.109756, 0.0449934, 0.0573183, -1.0591, -0.131779, 
183, 0.114117, -0.0957802, 0.0121007, 0.0574701, -1.04016, -0.131942, 
183, 0.113185, -0.0813504, -0.0214017, 0.0576594, -1.02107, -0.132142, 
183, 0.112267, -0.0664512, -0.0555515, 0.0578886, -1.0018, -0.13238, 
183, 0.111365, -0.0510645, -0.0903912, 0.0581607, -0.982324, -0.132661, 
183, 0.110476, -0.0351694, -0.125969, 0.0584791, -0.962624, -0.132989, 
183, 0.109602, -0.0187409, -0.162337, 0.0588478, -0.942668, -0.133369, 
183, 0.108741, -0.00174983, -0.199558, 0.0592716, -0.922423, -0.133806, 
183, 0.107893, 0.0158377, -0.237701, 0.059756, -0.901855, -0.134307, 
183, 0.107059, 0.0340616, -0.276844, 0.0603076, -0.880924, -0.13488, 
183, 0.106237, 0.0529688, -0.317081, 0.0609342, -0.859585, -0.135533, 
183, 0.105427, 0.0726144, -0.358517, 0.0616454, -0.837788, -0.136277, 
183, 0.104629, 0.093064, -0.401277, 0.0624527, -0.815474, -0.137125, 
183, 0.103843, 0.114396, -0.445509, 0.06337, -0.792573, -0.138092, 
183, 0.103068, 0.136704, -0.491387, 0.064415, -0.769004, -0.139198, 
183, 0.102305, 0.160104, -0.539126, 0.0656095, -0.744671, -0.140465, 
183, 0.101552, 0.184737, -0.588985, 0.0669813, -0.719455, -0.141926, 
183, 0.100809, 0.210778, -0.641288, 0.0685664, -0.693209, -0.143617, 
183, 0.100076, 0.238454, -0.696444, 0.070412, -0.66575, -0.145589, 
183, 0.099353, 0.268053, -0.75498, 0.0725813, -0.636843, -0.147911, 
183, 0.0986386, 0.29996, -0.817592, 0.0751613, -0.606176, -0.150673, 
183, 0.0979324, 0.334696, -0.885223, 0.078274, -0.57333, -0.154005, 
184, 0.169588, -0.603197, 0.759691, 0.0940232, -1.1917, -0.180438, 
184, 0.167508, -0.591078, 0.736912, 0.093255, -1.18088, -0.179239, 
184, 0.165555, -0.578942, 0.713914, 0.0926162, -1.16989, -0.178263, 
184, 0.163641, -0.566729, 0.690799, 0.0920025, -1.15887, -0.177315, 
184, 0.161767, -0.554438, 0.667562, 0.0914147, -1.1478, -0.176395, 
184, 0.159931, -0.542068, 0.644196, 0.0908535, -1.13668, -0.175504, 
184, 0.158133, -0.529616, 0.620695, 0.0903192, -1.12552, -0.174645, 
184, 0.156371, -0.517079, 0.597052, 0.0898122, -1.1143, -0.173818, 
184, 0.154647, -0.504457, 0.573261, 0.089333, -1.10303, -0.173024, 
184, 0.152957, -0.491745, 0.549315, 0.0888818, -1.09169, -0.172263, 
184, 0.151303, -0.47894, 0.525208, 0.088459, -1.08028, -0.171535, 
184, 0.149682, -0.466039, 0.500932, 0.0880647, -1.06881, -0.170841, 
184, 0.148094, -0.453039, 0.47648, 0.0876994, -1.05727, -0.170183, 
184, 0.146538, -0.439936, 0.451844, 0.0873633, -1.04564, -0.169559, 
184, 0.145014, -0.426726, 0.427016, 0.0870569, -1.03394, -0.168971, 
184, 0.14352, -0.413403, 0.401988, 0.0867806, -1.02214, -0.168419, 
184, 0.142055, -0.399965, 0.376749, 0.0865348, -1.01026, -0.167904, 
184, 0.14062, -0.386405, 0.351291, 0.0863202, -0.998285, -0.167426, 
184, 0.139213, -0.372718, 0.325604, 0.0861374, -0.986209, -0.166986, 
184, 0.137833, -0.358899, 0.299677, 0.0859871, -0.974028, -0.166585, 
184, 0.13648, -0.344941, 0.273499, 0.0858702, -0.961736, -0.166224, 
184, 0.135152, -0.330838, 0.247057, 0.0857876, -0.949329, -0.165903, 
184, 0.13385, -0.316584, 0.220339, 0.0857404, -0.936801, -0.165625, 
184, 0.132572, -0.302171, 0.193332, 0.0857298, -0.924144, -0.165389, 
184, 0.131318, -0.28759, 0.166019, 0.0857572, -0.911352, -0.165199, 
184, 0.130088, -0.272833, 0.138387, 0.0858242, -0.898419, -0.165054, 
184, 0.12888, -0.257892, 0.110417, 0.0859326, -0.885336, -0.164958, 
184, 0.127694, -0.242755, 0.0820913, 0.0860843, -0.872095, -0.164912, 
184, 0.126529, -0.227413, 0.0533906, 0.0862818, -0.858687, -0.164919, 
184, 0.125385, -0.211853, 0.0242933, 0.0865275, -0.845102, -0.164982, 
184, 0.124262, -0.196062, -0.00522393, 0.0868245, -0.831331, -0.165103, 
184, 0.123158, -0.180028, -0.0351863, 0.087176, -0.817361, -0.165287, 
184, 0.122074, -0.163735, -0.0656215, 0.0875859, -0.80318, -0.165536, 
184, 0.121009, -0.147165, -0.09656, 0.0880586, -0.788775, -0.165857, 
184, 0.119961, -0.130301, -0.128035, 0.0885991, -0.774131, -0.166253, 
184, 0.118932, -0.113122, -0.160084, 0.0892131, -0.75923, -0.166732, 
184, 0.11792, -0.0956059, -0.192747, 0.0899074, -0.744056, -0.1673, 
184, 0.116925, -0.0777274, -0.22607, 0.0906896, -0.728588, -0.167966, 
184, 0.115946, -0.0594582, -0.260104, 0.0915688, -0.712802, -0.168738, 
184, 0.114984, -0.0407666, -0.294908, 0.0925556, -0.696674, -0.169629, 
184, 0.114037, -0.0216166, -0.330545, 0.0936625, -0.680175, -0.17065, 
184, 0.113105, -0.0019674, -0.36709, 0.0949043, -0.663271, -0.171819, 
184, 0.112189, 0.0182281, -0.404629, 0.0962988, -0.645925, -0.173152, 
184, 0.111286, 0.0390241, -0.443259, 0.0978674, -0.628095, -0.174673, 
184, 0.110398, 0.0604839, -0.483095, 0.0996362, -0.609729, -0.176409, 
184, 0.109524, 0.0826816, -0.52427, 0.101637, -0.590768, -0.178392, 
184, 0.108663, 0.105705, -0.566945, 0.10391, -0.571142, -0.180665, 
184, 0.107815, 0.129661, -0.61131, 0.106505, -0.550768, -0.183279, 
184, 0.106979, 0.154676, -0.657596, 0.109485, -0.529544, -0.186299, 
184, 0.106155, 0.180908, -0.706087, 0.112933, -0.507345, -0.18981, 
184, 0.105343, 0.208555, -0.757139, 0.116956, -0.484017, -0.193923, 
184, 0.104541, 0.237865, -0.811202, 0.121699, -0.459361, -0.198786, 
184, 0.103751, 0.269163, -0.868858, 0.127358, -0.433123, -0.204601, 
184, 0.10297, 0.302876, -0.93088, 0.134208, -0.404966, -0.211647, 
184, 0.102261, 0.345325, -1.00834, 0.146371, -0.370235, -0.224184, 
185, 0.17242, -0.592153, 0.341858, 0.177936, -0.657073, -0.27647, 
185, 0.170305, -0.575831, 0.320463, 0.176896, -0.651748, -0.274506, 
185, 0.168243, -0.559557, 0.298912, 0.175956, -0.646229, -0.272679, 
185, 0.16623, -0.543322, 0.277196, 0.175116, -0.640518, -0.270986, 
185, 0.164266, -0.527116, 0.255308, 0.174372, -0.634615, -0.269423, 
185, 0.162349, -0.510931, 0.23324, 0.173726, -0.628521, -0.267989, 
185, 0.160476, -0.494758, 0.210985, 0.173175, -0.622236, -0.266682, 
185, 0.158646, -0.478589, 0.188533, 0.172722, -0.615761, -0.2655, 
185, 0.156858, -0.462413, 0.165876, 0.172365, -0.609094, -0.264443, 
185, 0.155109, -0.446224, 0.143004, 0.172106, -0.602237, -0.26351, 
185, 0.153399, -0.43001, 0.119908, 0.171947, -0.595186, -0.262702, 
185, 0.151727, -0.413763, 0.0965769, 0.171889, -0.587942, -0.262021, 
185, 0.150091, -0.397474, 0.073, 0.171936, -0.580503, -0.261468, 
185, 0.148489, -0.381133, 0.0491655, 0.17209, -0.572866, -0.261045, 
185, 0.146921, -0.36473, 0.025061, 0.172356, -0.565028, -0.260756, 
185, 0.145386, -0.348255, 0.000673089, 0.172737, -0.556988, -0.260604, 
185, 0.143882, -0.331696, -0.0240124, 0.17324, -0.54874, -0.260595, 
185, 0.142409, -0.315044, -0.0490108, 0.173871, -0.540282, -0.260734, 
185, 0.140966, -0.298286, -0.0743385, 0.174638, -0.531608, -0.261029, 
185, 0.139552, -0.281409, -0.100013, 0.175547, -0.522713, -0.261486, 
185, 0.138165, -0.264402, -0.126054, 0.17661, -0.513591, -0.262116, 
185, 0.136806, -0.24725, -0.152483, 0.177838, -0.504236, -0.26293, 
185, 0.135472, -0.229939, -0.179321, 0.179244, -0.494639, -0.263941, 
185, 0.134165, -0.212452, -0.206593, 0.180842, -0.484792, -0.265162, 
185, 0.132882, -0.194774, -0.234328, 0.182651, -0.474686, -0.266613, 
185, 0.131623, -0.176885, -0.262553, 0.184691, -0.46431, -0.268313, 
185, 0.130388, -0.158766, -0.291302, 0.186985, -0.453651, -0.270286, 
185, 0.129175, -0.140395, -0.320612, 0.189563, -0.442697, -0.272559, 
185, 0.127985, -0.121748, -0.350522, 0.192456, -0.431432, -0.275168, 
185, 0.126816, -0.102798, -0.381078, 0.195703, -0.419839, -0.278149, 
185, 0.125668, -0.0835169, -0.412329, 0.199352, -0.407899, -0.281551, 
185, 0.12454, -0.0638711, -0.444333, 0.203459, -0.39559, -0.285429, 
185, 0.123432, -0.0438238, -0.477154, 0.20809, -0.382888, -0.289852, 
185, 0.122343, -0.0233332, -0.510864, 0.213328, -0.369764, -0.294902, 
185, 0.121272, -0.00235154, -0.545548, 0.219274, -0.356185, -0.30068, 
185, 0.12022, 0.0191759, -0.581302, 0.226052, -0.342115, -0.307313, 
185, 0.119185, 0.0413127, -0.618239, 0.233821, -0.32751, -0.314958, 
185, 0.118168, 0.0641329, -0.65649, 0.242777, -0.312319, -0.323815, 
185, 0.117167, 0.087724, -0.696212, 0.253177, -0.296484, -0.33414, 
185, 0.116181, 0.11219, -0.73759, 0.265351, -0.279932, -0.346265, 
185, 0.115211, 0.137657, -0.780848, 0.279737, -0.262581, -0.36063, 
185, 0.114256, 0.164276, -0.826261, 0.296923, -0.244326, -0.377824, 
185, 0.113315, 0.192239, -0.874167, 0.317714, -0.225042, -0.398655, 
185, 0.112419, 0.226908, -0.933721, 0.359057, -0.201483, -0.440068, 
185, 0.111514, 0.26033, -0.991553, 0.403217, -0.178521, -0.48443, 
185, 0.110623, 0.297139, -1.05555, 0.46762, -0.153448, -0.54912, 
185, 0.109747, 0.338727, -1.1282, 0.570287, -0.125673, -0.652184, 
186, 0.175969, -0.386154, -0.240845, 1.08396, -0.152496, -1.19196, 
186, 0.173775, -0.369975, -0.261073, 1.10375, -0.149231, -1.21068, 
186, 0.171633, -0.3537, -0.281617, 1.12583, -0.14596, -1.23172, 
186, 0.169544, -0.337318, -0.302489, 1.15038, -0.142695, -1.25527, 
186, 0.167504, -0.320822, -0.323707, 1.17763, -0.139441, -1.28156, 
186, 0.165885, -0.306005, -0.343197, 1.21192, -0.136185, -1.31485, 
186, 0.163567, -0.287442, -0.367242, 1.24126, -0.13292, -1.34338, 
186, 0.161667, -0.270538, -0.389593, 1.2783, -0.129522, -1.37957, 
186, 0.15981, -0.25348, -0.412355, 1.31946, -0.12576, -1.41991, 
186, 0.157995, -0.236205, -0.435616, 1.3635, -0.124182, -1.46316, 
186, 0.156221, -0.21876, -0.459316, 1.41209, -0.121681, -1.51101, 
186, 0.154487, -0.201118, -0.483499, 1.46414, -0.119482, -1.56235, 
186, 0.152796, -0.183323, -0.508109, 1.52286, -0.117662, -1.62039, 
186, 0.151126, -0.165052, -0.533603, 1.58512, -0.116257, -1.68201, 
186, 0.1495, -0.146632, -0.559534, -1.49009, 0.11484, 1.39382, 
186, 0.147909, -0.127893, -0.586146, -1.4205, 0.114746, 1.3248, 
186, 0.137647, 0.0152151, -0.796961, 2.24907, -0.136159, 3.94148, 
186, 0.134969, 0.0618499, -0.868457, 2.38562, -0.151687, -2.47775, 
186, 0.1324, 0.112566, -0.947714, -0.630344, 0.17252, 0.538521, 
186, 0.131142, 0.140295, -0.991702, -0.578063, 0.185415, 0.48628, 
186, 0.129915, 0.169767, -1.03895, -0.524973, 0.200139, 6.71634, 
186, 0.128709, 0.201747, -1.0908, -0.472801, 0.216967, 6.66403, 
186, 0.127525, 0.237241, -1.14904, -0.429813, 0.237325, 0.337574, 
186, 0.126368, 0.277624, -1.21617, -0.385703, 0.261632, 0.292998, 
186, 0.125222, 0.327442, -1.30029, -0.339113, 0.293481, 0.245553, 
188, 0.294827, 0.083109, 0.189535, 0.221682, -1.56171, -0.381498, 
188, 0.28967, 0.0839922, 0.15963, 0.220401, -1.5323, -0.382996, 
188, 0.284577, 0.0859896, 0.128742, 0.219321, -1.50302, -0.384459, 
188, 0.279548, 0.0890867, 0.0968542, 0.218439, -1.47385, -0.385905, 
188, 0.274583, 0.0932726, 0.063944, 0.217752, -1.44475, -0.387352, 
188, 0.269679, 0.0985399, 0.029984, 0.217259, -1.41569, -0.388818, 
188, 0.264836, 0.104886, -0.00505994, 0.216961, -1.38663, -0.390323, 
188, 0.260053, 0.112313, -0.0412299, 0.216861, -1.35753, -0.391886, 
188, 0.255329, 0.120828, -0.0785762, 0.216964, -1.32836, -0.393528, 
188, 0.250664, 0.130445, -0.11716, 0.217278, -1.29907, -0.395271, 
188, 0.246056, 0.141186, -0.157052, 0.217812, -1.26961, -0.397139, 
188, 0.241504, 0.153079, -0.198341, 0.218579, -1.23993, -0.399161, 
188, 0.237008, 0.166165, -0.241127, 0.219597, -1.20996, -0.401366, 
188, 0.232567, 0.180494, -0.285537, 0.220886, -1.17964, -0.40379, 
188, 0.22818, 0.196135, -0.331717, 0.222474, -1.14889, -0.406475, 
188, 0.223847, 0.213172, -0.379851, 0.224396, -1.11762, -0.409469, 
188, 0.219021, 0.230476, -0.427276, 0.225141, -1.08701, -0.411238, 
188, 0.214794, 0.250483, -0.47977, 0.227843, -1.05444, -0.415, 
188, 0.210612, 0.272266, -0.534973, 0.231042, -1.02099, -0.419284, 
188, 0.206476, 0.29604, -0.593297, 0.234837, -0.986471, -0.424208, 
189, 0.347137, -0.0148446, 0.27971, 0.268736, -1.52398, -0.446828, 
189, 0.341315, -0.0128673, 0.252969, 0.267347, -1.49861, -0.447953, 
189, 0.335567, -0.0100453, 0.225536, 0.26614, -1.47339, -0.449043, 
189, 0.329893, -0.00639491, 0.197405, 0.265111, -1.44832, -0.450114, 
189, 0.324291, -0.00193009, 0.168565, 0.264257, -1.42335, -0.45118, 
189, 0.31876, 0.00333751, 0.139005, 0.263576, -1.39847, -0.452256, 
189, 0.3133, 0.00939873, 0.108708, 0.263069, -1.37367, -0.453356, 
189, 0.307908, 0.0162471, 0.0776534, 0.262734, -1.3489, -0.454495, 
189, 0.302585, 0.0238791, 0.0458188, 0.262576, -1.32415, -0.455688, 
189, 0.297329, 0.0322942, 0.013176, 0.262597, -1.29939, -0.456952, 
189, 0.292139, 0.0414952, -0.0203077, 0.262802, -1.2746, -0.458303, 
189, 0.287015, 0.0514888, -0.0546704, 0.263198, -1.24973, -0.459759, 
189, 0.281954, 0.0622855, -0.0899565, 0.263793, -1.22477, -0.46134, 
189, 0.276957, 0.0739006, -0.126217, 0.264598, -1.19968, -0.463065, 
189, 0.272022, 0.0863547, -0.163513, 0.265627, -1.17441, -0.46496, 
189, 0.267149, 0.0996743, -0.201914, 0.266894, -1.14894, -0.467049, 
189, 0.262336, 0.113893, -0.2415, 0.26842, -1.12321, -0.469362, 
189, 0.257583, 0.129052, -0.282367, 0.270229, -1.09718, -0.471933, 
189, 0.252888, 0.145205, -0.324629, 0.272348, -1.07078, -0.474802, 
189, 0.248252, 0.162415, -0.368418, 0.274815, -1.04396, -0.478016, 
189, 0.243672, 0.180762, -0.413897, 0.277672, -1.01664, -0.48163, 
189, 0.239148, 0.200345, -0.46126, 0.280976, -0.988725, -0.485714, 
189, 0.23468, 0.221289, -0.510748, 0.284795, -0.960115, -0.490352, 
189, 0.230266, 0.243753, -0.562662, 0.289219, -0.930678, -0.495652, 
189, 0.225906, 0.267942, -0.617387, 0.294368, -0.900248, -0.501753, 
189, 0.221599, 0.294128, -0.675424, 0.300401, -0.868615, -0.508844, 
190, 0.441296, -0.1501, 0.423197, 0.342685, -1.50469, -0.549494, 
190, 0.43426, -0.147855, 0.400513, 0.340879, -1.48318, -0.549946, 
190, 0.427315, -0.144974, 0.377372, 0.339241, -1.46185, -0.550352, 
190, 0.42046, -0.141476, 0.353775, 0.337764, -1.44069, -0.550725, 
190, 0.413694, -0.137376, 0.329719, 0.336447, -1.41968, -0.551076, 
190, 0.407015, -0.132689, 0.305203, 0.335283, -1.3988, -0.551417, 
190, 0.400422, -0.127429, 0.280222, 0.334273, -1.37805, -0.55176, 
190, 0.393913, -0.121605, 0.254771, 0.333412, -1.3574, -0.552115, 
190, 0.387489, -0.11523, 0.228843, 0.332702, -1.33685, -0.552493, 
190, 0.381147, -0.10831, 0.202429, 0.332141, -1.31637, -0.552906, 
190, 0.374886, -0.100854, 0.17552, 0.331731, -1.29595, -0.553365, 
190, 0.368706, -0.0928653, 0.148102, 0.331473, -1.27558, -0.553882, 
190, 0.362605, -0.0843493, 0.120162, 0.331369, -1.25523, -0.554467, 
190, 0.356582, -0.0753072, 0.0916845, 0.331424, -1.2349, -0.555134, 
190, 0.350636, -0.0657395, 0.0626499, 0.331641, -1.21456, -0.555895, 
190, 0.344767, -0.0556443, 0.0330377, 0.332026, -1.1942, -0.556763, 
190, 0.338972, -0.0450178, 0.00282408, 0.332586, -1.1738, -0.557751, 
190, 0.333251, -0.0338543, -0.0280178, 0.333328, -1.15333, -0.558876, 
190, 0.327603, -0.0221453, -0.0595184, 0.334263, -1.13279, -0.560154, 
190, 0.322027, -0.00987991, -0.0917119, 0.3354, -1.11214, -0.561602, 
190, 0.316522, 0.00295561, -0.124637, 0.336753, -1.09137, -0.563239, 
190, 0.311086, 0.0163784, -0.158339, 0.338337, -1.07045, -0.565089, 
190, 0.305719, 0.0304092, -0.192867, 0.34017, -1.04936, -0.567174, 
190, 0.300421, 0.045073, -0.228278, 0.342273, -1.02806, -0.569522, 
190, 0.295189, 0.0603998, -0.264637, 0.344669, -1.00653, -0.572166, 
190, 0.290022, 0.0764254, -0.302022, 0.347389, -0.984724, -0.57514, 
190, 0.284921, 0.0931926, -0.340518, 0.350466, -0.962608, -0.578487, 
190, 0.279883, 0.110752, -0.380228, 0.353941, -0.940136, -0.582257, 
190, 0.274909, 0.129166, -0.421272, 0.357865, -0.917257, -0.586508, 
190, 0.269997, 0.148509, -0.463794, 0.362299, -0.893911, -0.591311, 
190, 0.265145, 0.16887, -0.507965, 0.367317, -0.870028, -0.596753, 
190, 0.260354, 0.190362, -0.553995, 0.373013, -0.845523, -0.602941, 
190, 0.255623, 0.213124, -0.602144, 0.379509, -0.820294, -0.610012, 
190, 0.250949, 0.237334, -0.652738, 0.386958, -0.794214, -0.618141, 
190, 0.246334, 0.263223, -0.7062, 0.39557, -0.767122, -0.62756, 
190, 0.241775, 0.291099, -0.763093, 0.405627, -0.738804, -0.638586, 
191, 0.600118, -0.334311, 0.553684, 0.462834, -1.4461, -0.737137, 
191, 0.591106, -0.330961, 0.534854, 0.460808, -1.42831, -0.736138, 
191, 0.5822, -0.327159, 0.51573, 0.458915, -1.41071, -0.735099, 
191, 0.573401, -0.322918, 0.496314, 0.457152, -1.39327, -0.734032, 
191, 0.564708, -0.318254, 0.476606, 0.455515, -1.37599, -0.732945, 
191, 0.55612, -0.31318, 0.45661, 0.454003, -1.35885, -0.73185, 
191, 0.547636, -0.307707, 0.436323, 0.452613, -1.34185, -0.730754, 
191, 0.539256, -0.301846, 0.415747, 0.451344, -1.32498, -0.729668, 
191, 0.530979, -0.295609, 0.394879, 0.450195, -1.30823, -0.7286, 
191, 0.522805, -0.289004, 0.373719, 0.449165, -1.29158, -0.727558, 
191, 0.514732, -0.28204, 0.352264, 0.448254, -1.27503, -0.726551, 
191, 0.506803, -0.274988, 0.330759, 0.447748, -1.25756, -0.725539, 
191, 0.498926, -0.267297, 0.30868, 0.447047, -1.24127, -0.72463, 
191, 0.491148, -0.259272, 0.286299, 0.446473, -1.22504, -0.723781, 
191, 0.48347, -0.250916, 0.263608, 0.446027, -1.20886, -0.723001, 
191, 0.475889, -0.242235, 0.240603, 0.445712, -1.19272, -0.722296, 
191, 0.468404, -0.23323, 0.217275, 0.445528, -1.17662, -0.721676, 
191, 0.461014, -0.223904, 0.193617, 0.445479, -1.16054, -0.721149, 
191, 0.453719, -0.214258, 0.16962, 0.445568, -1.14448, -0.720723, 
191, 0.446518, -0.204293, 0.145275, 0.4458, -1.12844, -0.720409, 
191, 0.439408, -0.194009, 0.120569, 0.446178, -1.11239, -0.720215, 
191, 0.43239, -0.183404, 0.0954916, 0.446709, -1.09634, -0.720152, 
191, 0.425461, -0.172477, 0.0700295, 0.447398, -1.08027, -0.72023, 
191, 0.418621, -0.161224, 0.0441682, 0.448254, -1.06417, -0.720461, 
191, 0.41187, -0.149642, 0.0178917, 0.449283, -1.04804, -0.720856, 
191, 0.405205, -0.137724, -0.00881749, 0.450495, -1.03185, -0.721428, 
191, 0.398625, -0.125466, -0.0359786, 0.4519, -1.01561, -0.722192, 
191, 0.392131, -0.112859, -0.0636128, 0.453509, -0.999303, -0.723163, 
191, 0.38572, -0.0998942, -0.0917437, 0.455337, -0.982911, -0.724357, 
191, 0.379391, -0.0865609, -0.120397, 0.457396, -0.966423, -0.725793, 
191, 0.373143, -0.0728467, -0.149602, 0.459705, -0.949828, -0.727491, 
191, 0.366976, -0.0587374, -0.17939, 0.462281, -0.933109, -0.729473, 
191, 0.360888, -0.0442163, -0.209797, 0.465146, -0.916252, -0.731765, 
191, 0.354878, -0.0292646, -0.240863, 0.468325, -0.89924, -0.734396, 
191, 0.348945, -0.0138604, -0.272633, 0.471845, -0.882054, -0.737397, 
191, 0.343088, 0.00202171, -0.305157, 0.47574, -0.864674, -0.740805, 
191, 0.337306, 0.0184107, -0.338494, 0.480045, -0.847078, -0.744663, 
191, 0.331597, 0.0353404, -0.372707, 0.484805, -0.829242, -0.749019, 
191, 0.325962, 0.05285, -0.407873, 0.490071, -0.811138, -0.75393, 
191, 0.320398, 0.0709854, -0.444079, 0.495904, -0.792736, -0.759462, 
191, 0.314905, 0.0898006, -0.481426, 0.502375, -0.774001, -0.765696, 
191, 0.309482, 0.10936, -0.520033, 0.509571, -0.754891, -0.772726, 
191, 0.304128, 0.12974, -0.560044, 0.517597, -0.735361, -0.780668, 
191, 0.298841, 0.151033, -0.601628, 0.526586, -0.715355, -0.789664, 
191, 0.293621, 0.173355, -0.644996, 0.536698, -0.694807, -0.79989, 
191, 0.288466, 0.196848, -0.690407, 0.548144, -0.673638, -0.811573, 
191, 0.283377, 0.221692, -0.738191, 0.561193, -0.651749, -0.825004, 
191, 0.278351, 0.248125, -0.788777, 0.576207, -0.629013, -0.840572, 
191, 0.273388, 0.276461, -0.842734, 0.59368, -0.605268, -0.858811, 
192, 0.627005, -0.373984, 0.203223, 0.656296, -1.03981, -1.03273, 
192, 0.617641, -0.364285, 0.184146, 0.657007, -1.02675, -1.03091, 
192, 0.608385, -0.354386, 0.16484, 0.65783, -1.01375, -1.02923, 
192, 0.599239, -0.344289, 0.145298, 0.658771, -1.00079, -1.02768, 
192, 0.590201, -0.333993, 0.125516, 0.659838, -0.987866, -1.02627, 
192, 0.581271, -0.323499, 0.105486, 0.661036, -0.974981, -1.02503, 
192, 0.572448, -0.312806, 0.0852019, 0.662373, -0.962126, -1.02394, 
192, 0.563732, -0.301912, 0.0646568, 0.663857, -0.949298, -1.02304, 
192, 0.555122, -0.290817, 0.0438423, 0.665495, -0.93649, -1.02232, 
192, 0.546617, -0.279518, 0.0227499, 0.667298, -0.923698, -1.02179, 
192, 0.538217, -0.268012, 0.00137045, 0.669274, -0.910918, -1.02147, 
192, 0.529921, -0.256298, -0.020306, 0.671433, -0.898143, -1.02137, 
192, 0.521728, -0.244371, -0.0422904, 0.673787, -0.885368, -1.0215, 
192, 0.513637, -0.232226, -0.0645942, 0.676349, -0.872589, -1.02188, 
192, 0.505648, -0.219861, -0.0872302, 0.67913, -0.8598, -1.02252, 
192, 0.497759, -0.207267, -0.110212, 0.682146, -0.846995, -1.02343, 
192, 0.48997, -0.194441, -0.133555, 0.685411, -0.834168, -1.02464, 
192, 0.482279, -0.181374, -0.157274, 0.688943, -0.821313, -1.02616, 
192, 0.474687, -0.168059, -0.181389, 0.692761, -0.808424, -1.02801, 
192, 0.46719, -0.154486, -0.205917, 0.696883, -0.795495, -1.03021, 
192, 0.45979, -0.140646, -0.230881, 0.701333, -0.782518, -1.0328, 
192, 0.452484, -0.126527, -0.256303, 0.706136, -0.769486, -1.03578, 
192, 0.445272, -0.112117, -0.282208, 0.711317, -0.756391, -1.03921, 
192, 0.438153, -0.0974023, -0.308626, 0.716907, -0.743227, -1.04309, 
192, 0.431125, -0.0823659, -0.335588, 0.722939, -0.729982, -1.04748, 
192, 0.424188, -0.0669903, -0.363127, 0.729449, -0.716649, -1.05241, 
192, 0.41734, -0.0512553, -0.391284, 0.736477, -0.703218, -1.05792, 
192, 0.410581, -0.0351382, -0.420101, 0.744068, -0.689676, -1.06407, 
192, 0.403909, -0.0186129, -0.449628, 0.752272, -0.676012, -1.07089, 
192, 0.397301, -0.00151154, -0.48016, 0.76344, -0.66273, -1.08077, 
192, 0.390799, 0.0159472, -0.511322, 0.773505, -0.648886, -1.08962, 
192, 0.38438, 0.0339229, -0.543394, 0.784492, -0.634901, -1.09947, 
192, 0.378044, 0.0524627, -0.576465, 0.796513, -0.620762, -1.11046, 
192, 0.371789, 0.0716221, -0.610636, 0.809706, -0.606455, -1.12272, 
192, 0.365616, 0.0914674, -0.646027, 0.824233, -0.591965, -1.13642, 
192, 0.359521, 0.112078, -0.682784, 0.840291, -0.577276, -1.15177, 
192, 0.353506, 0.13355, -0.721082, 0.858125, -0.562369, -1.16904, 
192, 0.347567, 0.156004, -0.761137, 0.87804, -0.547222, -1.18854, 
192, 0.341705, 0.17959, -0.803224, 0.90043, -0.531809, -1.21068, 
192, 0.335919, 0.204502, -0.847691, 0.925812, -0.516093, -1.23602, 
192, 0.330208, 0.230997, -0.895001, 0.954893, -0.500018, -1.2653, 
192, 0.324571, 0.259423, -0.945785, 0.988692, -0.483488, -1.29958, 
193, 0.443726, 0.179263, -0.99377, 1.60407, -0.528635, -1.99703, 
193, 0.436578, 0.204722, -1.03663, 1.64008, -0.524669, 4.25066, 
195, 0.453268, 0.189065, 0.0403262, 0.377575, -1.61218, -0.630264, 
195, 0.444966, 0.188009, 0.0128862, 0.375698, -1.58273, -0.633216, 
195, 0.43673, 0.18809, -0.0156983, 0.374155, -1.55328, -0.636135, 
195, 0.428559, 0.189311, -0.0454521, 0.372943, -1.5238, -0.639047, 
195, 0.420455, 0.191674, -0.0764057, 0.372061, -1.49427, -0.641981, 
195, 0.412416, 0.195187, -0.108597, 0.371509, -1.46466, -0.644968, 
195, 0.404442, 0.199863, -0.142071, 0.371293, -1.43496, -0.648037, 
195, 0.396534, 0.205717, -0.176882, 0.371419, -1.40512, -0.651224, 
195, 0.388691, 0.212772, -0.213097, 0.371898, -1.37511, -0.654566, 
195, 0.380914, 0.221058, -0.250795, 0.372747, -1.34489, -0.658103, 
195, 0.373203, 0.230613, -0.290071, 0.373986, -1.31442, -0.661881, 
195, 0.365557, 0.241488, -0.331039, 0.375641, -1.28363, -0.665952, 
196, 0.534541, 0.132014, 0.097898, 0.444287, -1.61688, -0.726896, 
196, 0.525676, 0.130759, 0.0747054, 0.442283, -1.59108, -0.729565, 
196, 0.51687, 0.130389, 0.0506582, 0.440573, -1.56531, -0.732182, 
196, 0.508122, 0.1309, 0.025746, 0.43915, -1.53956, -0.73477, 
196, 0.499433, 0.132292, -4.43772e-05, 0.438013, -1.51382, -0.737349, 
196, 0.490888, 0.133923, -0.0260103, 0.437515, -1.48708, -0.739513, 
196, 0.482308, 0.137129, -0.0536625, 0.436897, -1.46139, -0.742157, 
196, 0.473792, 0.14121, -0.082246, 0.436574, -1.43566, -0.74486, 
196, 0.465339, 0.146173, -0.111791, 0.436551, -1.40986, -0.747647, 
196, 0.45695, 0.152027, -0.142333, 0.436833, -1.38399, -0.750544, 
196, 0.448625, 0.158786, -0.173913, 0.437428, -1.35801, -0.75358, 
196, 0.440364, 0.166466, -0.20658, 0.438348, -1.33191, -0.756786, 
196, 0.432168, 0.175088, -0.24039, 0.439607, -1.30565, -0.760195, 
196, 0.424035, 0.184679, -0.27541, 0.441223, -1.27921, -0.763847, 
196, 0.415968, 0.195273, -0.311717, 0.443221, -1.25254, -0.767782, 
196, 0.407965, 0.20691, -0.349404, 0.445628, -1.22562, -0.772049, 
196, 0.400028, 0.219643, -0.388581, 0.448478, -1.19838, -0.776703, 
196, 0.392156, 0.233534, -0.429379, 0.451816, -1.17077, -0.78181, 
197, 0.640804, 0.068532, 0.125609, 0.530918, -1.60175, -0.864279, 
197, 0.631341, 0.0676592, 0.106184, 0.529143, -1.57953, -0.866519, 
197, 0.621924, 0.0674525, 0.0861284, 0.527613, -1.55735, -0.868712, 
197, 0.612553, 0.0679084, 0.0654384, 0.526326, -1.5352, -0.870875, 
197, 0.60323, 0.0690239, 0.0441075, 0.52528, -1.51307, -0.873023, 
197, 0.593955, 0.0707968, 0.0221281, 0.524474, -1.49096, -0.875172, 
197, 0.584731, 0.0732256, -0.000509374, 0.523907, -1.46886, -0.877339, 
197, 0.575559, 0.0763097, -0.0238165, 0.523581, -1.44677, -0.87954, 
197, 0.566438, 0.0800497, -0.0478067, 0.523498, -1.42468, -0.881794, 
197, 0.557372, 0.0844473, -0.0724961, 0.523662, -1.40257, -0.884119, 
197, 0.548359, 0.0895058, -0.097903, 0.524076, -1.38044, -0.886533, 
197, 0.539403, 0.0952298, -0.124049, 0.524748, -1.35828, -0.889058, 
197, 0.530503, 0.101626, -0.150959, 0.525685, -1.33607, -0.891715, 
197, 0.52166, 0.108703, -0.178662, 0.526896, -1.31381, -0.894528, 
197, 0.512875, 0.116473, -0.20719, 0.528394, -1.29146, -0.897521, 
197, 0.504149, 0.124948, -0.236581, 0.530193, -1.26903, -0.900722, 
197, 0.495482, 0.134147, -0.266878, 0.532308, -1.24648, -0.904162, 
197, 0.486876, 0.144091, -0.298132, 0.53476, -1.2238, -0.907873, 
197, 0.478331, 0.154804, -0.330401, 0.537573, -1.20096, -0.911893, 
197, 0.469847, 0.166317, -0.36375, 0.540773, -1.17794, -0.916264, 
197, 0.461425, 0.178668, -0.398259, 0.544393, -1.15471, -0.921034, 
197, 0.453066, 0.1919, -0.43402, 0.548474, -1.13123, -0.926258, 
197, 0.44477, 0.206068, -0.471139, 0.553061, -1.10747, -0.932002, 
198, 0.804099, 0.014614, 0.130424, 0.647357, -1.61484, -1.0596, 
198, 0.794106, 0.0131037, 0.1158, 0.645928, -1.596, -1.06142, 
198, 0.78413, 0.012081, 0.100715, 0.644696, -1.57717, -1.06319, 
198, 0.774172, 0.0115441, 0.0851689, 0.64366, -1.55837, -1.06493, 
198, 0.764236, 0.0114913, 0.0691589, 0.642817, -1.53958, -1.06665, 
198, 0.754323, 0.0119209, 0.0526829, 0.642166, -1.52081, -1.06835, 
198, 0.744434, 0.0128315, 0.0357375, 0.641708, -1.50205, -1.07004, 
198, 0.734572, 0.0142219, 0.0183189, 0.64144, -1.48331, -1.07175, 
198, 0.724738, 0.0160912, 0.000422175, 0.641365, -1.46459, -1.07347, 
198, 0.714934, 0.0184388, -0.0179583, 0.641484, -1.44588, -1.07522, 
198, 0.705162, 0.0212646, -0.036829, 0.641797, -1.42718, -1.07701, 
198, 0.695423, 0.0245689, -0.0561979, 0.642308, -1.40848, -1.07885, 
198, 0.68572, 0.0283526, -0.0760737, 0.643019, -1.38979, -1.08076, 
198, 0.676053, 0.0326172, -0.0964664, 0.643935, -1.37109, -1.08275, 
198, 0.666425, 0.0373649, -0.117388, 0.64506, -1.3524, -1.08484, 
198, 0.656836, 0.0425988, -0.13885, 0.646399, -1.33369, -1.08703, 
198, 0.64729, 0.0483229, -0.160869, 0.64796, -1.31496, -1.08935, 
198, 0.637786, 0.054542, -0.183461, 0.64975, -1.29622, -1.09182, 
198, 0.628326, 0.0612624, -0.206644, 0.651778, -1.27744, -1.09444, 
198, 0.618912, 0.0684915, -0.230439, 0.654055, -1.25863, -1.09724, 
198, 0.609545, 0.0762382, -0.254871, 0.656591, -1.23978, -1.10024, 
198, 0.600227, 0.0845131, -0.279965, 0.659402, -1.22087, -1.10347, 
198, 0.590958, 0.0933287, -0.305753, 0.662501, -1.2019, -1.10694, 
198, 0.581739, 0.1027, -0.332267, 0.665908, -1.18286, -1.11069, 
198, 0.572573, 0.112644, -0.359547, 0.669642, -1.16373, -1.11475, 
198, 0.563459, 0.123181, -0.387636, 0.673726, -1.1445, -1.11915, 
198, 0.5544, 0.134335, -0.416585, 0.678188, -1.12516, -1.12392, 
198, 0.545395, 0.146134, -0.446451, 0.683059, -1.10569, -1.12912, 
198, 0.536447, 0.158611, -0.4773, 0.688375, -1.08608, -1.13478, 
198, 0.527555, 0.171805, -0.50921, 0.694178, -1.06629, -1.14097, 
198, 0.518721, 0.185761, -0.54227, 0.700517, -1.04631, -1.14775, 
216, 0.6171, 1.54498, -1.22482, -0.92343, -0.841482, 0.725696, 
216, 0.627264, 1.69345, -1.49886, -1.01557, -0.762134, 0.861869, 
217, 0.626108, 1.50489, -1.14267, -0.853025, -0.831939, 0.651207, 
217, 0.634621, 1.58096, -1.28667, -0.894787, -0.781853, 0.715695, 
218, 0.642381, 1.49528, -1.11638, -0.77711, -0.797476, 0.584217, 
218, 0.649124, 1.55792, -1.23608, -0.811546, -0.752805, 0.635742, 
218, 0.65572, 1.67327, -1.45028, -0.890267, -0.682904, 0.742519, 
219, 0.666083, 1.51285, -1.14006, -0.679708, -0.737425, 0.506298, 
219, 0.670979, 1.57179, -1.25288, -0.713439, -0.692976, 0.553257, 
219, 0.675779, 1.68027, -1.45451, -0.790451, -0.621853, 0.652093, 
220, 0.694353, 1.51738, -1.13458, -0.509622, -0.688037, 0.35565, 
220, 0.697429, 1.56711, -1.23067, -0.534465, -0.646342, 0.388702, 
220, 0.700452, 1.64371, -1.37488, -0.580962, -0.587541, 0.446737, 
221, 0.732174, 1.50117, -1.07979, -0.211247, -0.687708, 0.0808428, 
221, 0.733425, 1.53657, -1.15, -0.218647, -0.653452, 0.0909263, 
221, 0.734658, 1.57953, -1.2337, -0.228851, -0.613458, 0.104159, 
221, 0.735871, 1.63633, -1.34217, -0.244463, -0.562914, 0.123466, 
222, 0.793338, 1.5013, -1.03806, 0.257062, -0.795976, -0.338141, 
222, 0.792682, 1.5257, -1.08835, 0.26282, -0.770795, -0.346696, 
222, 0.792034, 1.55325, -1.14423, 0.269739, -0.743296, -0.356616, 
222, 0.791394, 1.58517, -1.20789, 0.278318, -0.712552, -0.368491, 
222, 0.790762, 1.6237, -1.28336, 0.289474, -0.676883, -0.383401, 
222, 0.790138, 1.69269, -1.41345, 0.31337, -0.618509, -0.413457, 
223, 0.906648, 1.51228, -0.969389, 0.732654, -1.14432, -0.699487, 
223, 0.903955, 1.52561, -0.999612, 0.73572, -1.13023, -0.710057, 
223, 0.901285, 1.53991, -1.03152, 0.739254, -1.11563, -0.721281, 
223, 0.898639, 1.55534, -1.06542, 0.743339, -1.10044, -0.733289, 
223, 0.896018, 1.57213, -1.10172, 0.748078, -1.08452, -0.746251, 
223, 0.89342, 1.59058, -1.14096, 0.753616, -1.06771, -0.760397, 
223, 0.890847, 1.61113, -1.18393, 0.760154, -1.04978, -0.776047, 
223, 0.888297, 1.63441, -1.23174, 0.767989, -1.0304, -0.793677, 
223, 0.885771, 1.66139, -1.28617, 0.777586, -1.00903, -0.814026, 
223, 0.883274, 1.70823, -1.37619, 0.796174, -0.977204, -0.849145, 
223, 0.880794, 1.77201, -1.49653, 0.82277, -0.936301, -0.89689, 
228, -0.319499, -0.0318879, 0.109584, 1.7875, 1.60839, -1.80406, 
228, -0.292125, -0.032819, 0.106482, 1.78953, 1.58087, -1.806, 
228, -0.264742, -0.0325872, 0.102256, 1.79151, 1.55333, -1.80802, 
228, -0.237383, -0.031201, 0.0969186, 1.79345, 1.52579, -1.81009, 
228, -0.210079, -0.0286683, 0.0904864, 1.79533, 1.49825, -1.81221, 
228, -0.18286, -0.0249916, 0.0829705, 1.79716, 1.47077, -1.81439, 
228, -0.155754, -0.0201615, 0.0743706, 1.79894, 1.44342, -1.81668, 
228, -0.128793, -0.0141552, 0.0646705, 1.80069, 1.41642, -1.81922, 
228, -0.102027, -0.0069613, 0.0538608, 1.80247, 1.38992, -1.82231, 
228, -0.0766391, 0.00187416, 0.0401571, 1.80374, 1.36414, -1.82351, 
228, -0.050695, 0.0112814, 0.0266977, 1.80518, 1.33797, -1.82561, 
228, -0.0250691, 0.021772, 0.012067, 1.80664, 1.31211, -1.82763, 
228, 2.15212e-05, 0.0331893, -0.00352476, 1.80764, 1.28675, -1.82942, 
228, 0.0250675, 0.0458424, -0.0206366, 1.80913, 1.26109, -1.8311, 
228, 0.0497039, 0.0578605, -0.0370603, -1.33071, -1.23635, 1.30873, 
228, 0.0736248, 0.0740904, -0.0582412, -1.33065, -1.21199, 1.30789, 
228, 0.0972516, 0.0896703, -0.0788286, 1.81156, 1.18785, -1.83451, 
228, 0.120287, 0.106091, -0.100452, 1.81185, 1.16425, -1.83505, 
228, 0.143076, 0.12368, -0.123675, 1.81195, 1.14077, -1.835, 
228, 0.165329, 0.142152, -0.148092, 1.81167, 1.11774, -1.83448, 
228, 0.187095, 0.161559, -0.173825, 1.81098, 1.09509, -1.8334, 
228, 0.208381, 0.181913, -0.200935, 1.80985, 1.07281, -1.83168, 
228, 0.229187, 0.203221, -0.229479, 1.8082, 1.05089, -1.82925, 
228, 0.249509, 0.22549, -0.25951, 1.80597, 1.02933, -1.82602, 
228, 0.269341, 0.248728, -0.29108, 1.80306, 1.00812, -1.82189, 
228, 0.288388, 0.272423, -0.323417, 1.7998, 0.987618, -1.81736, 
232, -0.369669, -0.136829, 0.24756, 1.7839, 1.62513, -1.82704, 
232, -0.343626, -0.138199, 0.244747, 1.7866, 1.5992, -1.82822, 
232, -0.317523, -0.138616, 0.241102, 1.78937, 1.57325, -1.8298, 
232, -0.291444, -0.138054, 0.236584, 1.79206, 1.54715, -1.83162, 
232, -0.265427, -0.136487, 0.231169, 1.79466, 1.52105, -1.8336, 
232, -0.239394, -0.133951, 0.225019, 1.79726, 1.49497, -1.83582, 
232, -0.213702, -0.130338, 0.217637, 1.79969, 1.4692, -1.83798, 
232, -0.188063, -0.125777, 0.209526, 1.80216, 1.44352, -1.84038, 
232, -0.162627, -0.120252, 0.200542, 1.8047, 1.418, -1.84298, 
232, -0.137447, -0.113813, 0.190742, 1.80759, 1.39253, -1.84601, 
232, -0.112392, -0.106308, 0.179808, 1.80937, 1.36777, -1.84807, 
232, -0.0876864, -0.0979504, 0.168116, 1.8117, 1.34303, -1.85073, 
232, -0.0632854, -0.0886944, 0.155535, 1.81396, 1.31856, -1.85338, 
232, -0.0392206, -0.0785709, 0.142072, 1.81607, 1.29432, -1.8559, 
232, -0.0155371, -0.0676323, 0.127756, 1.81776, 1.27019, -1.85803, 
232, 0.00791273, -0.0556875, 0.112394, 1.82065, 1.24722, -1.86127, 
232, 0.0309036, -0.0430232, 0.0962208, 1.82273, 1.22409, -1.86372, 
232, 0.053491, -0.0295806, 0.0791703, 1.82483, 1.20118, -1.86613, 
232, 0.0756924, -0.015306, 0.0611325, 1.82651, 1.17896, -1.8681, 
232, 0.0974601, -0.00030239, 0.0422188, 1.82817, 1.15692, -1.86995, 
232, 0.118578, 0.01522, 0.0226936, 1.82887, 1.13543, -1.87073, 
232, 0.139674, 0.0318765, 0.00164025, 1.83056, 1.11387, -1.87247, 
232, 0.160195, 0.0491208, -0.0201653, 1.83212, 1.09301, -1.87392, 
232, 0.180194, 0.0669748, -0.042827, 1.83281, 1.07245, -1.87443, 
232, 0.199729, 0.0854816, -0.0664025, -1.30798, -1.05228, 1.26676, 
232, 0.218983, 0.104867, -0.0913082, -1.308, -1.03217, 1.26723, 
232, 0.237692, 0.124833, -0.117089, -1.30828, -1.01268, 1.26815, 
232, 0.291208, 0.188796, -0.200958, -1.31201, -0.955841, 1.27467, 
232, 0.308011, 0.211179, -0.230719, -1.31308, -0.937634, 1.27695, 
232, 0.324756, 0.234954, -0.262805, -1.31758, -0.91942, 1.28296, 
236, -0.230977, -0.269324, 0.378864, -1.33561, -1.44164, 1.28257, 
236, -0.133875, -0.243905, 0.342542, 1.81833, 1.34526, -1.87177, 
236, -0.110122, -0.235484, 0.33165, -1.32011, -1.3217, 1.26632, 
236, -0.0867862, -0.226349, 0.320153, -1.31698, -1.29866, 1.26271, 
236, -0.0646346, -0.21704, 0.308804, 1.82709, 1.27679, -1.88221, 
236, -0.0411168, -0.205896, 0.295152, 1.83096, 1.25352, -1.88637, 
236, -0.0189687, -0.19473, 0.28184, 1.83477, 1.2316, -1.89063, 
236, 0.00292363, -0.182809, 0.267635, 1.83661, 1.20994, -1.89343, 
236, 0.024487, -0.170229, 0.252832, 1.84073, 1.1887, -1.8978, 
236, 0.0458134, -0.15688, 0.237103, 1.84364, 1.16758, -1.90144, 
240, 0.0589444, -0.326107, 0.426637, 1.87293, 1.09534, -1.93995, 
240, 0.097126, -0.296689, 0.396321, -1.26038, -1.05934, 1.19045, 
240, 0.13383, -0.265222, 0.363773, -1.24947, -1.02453, 1.17775, 
240, 0.151437, -0.24922, 0.346988, -1.24489, -1.00766, 1.17211, 
240, 0.168545, -0.232854, 0.329734, -1.24067, -0.991257, 1.16686, 
240, 0.185509, -0.215893, 0.311718, -1.23545, -0.974966, 1.16109, 
240, 0.305957, -0.071863, 0.151966, 1.93709, 0.856882, -2.01388, 
240, 0.319376, -0.0527317, 0.129772, 1.93985, 0.843268, -2.01645, 
240, 0.332443, -0.0333914, 0.107088, 1.94234, 0.829765, -2.01869, 
240, 0.345177, -0.0139271, 0.0839736, 1.94448, 0.81675, 4.26279, 
240, 0.357586, 0.00601523, 0.0600799, 1.94598, 0.803573, -2.02147, 
240, 0.36969, 0.0260942, 0.0357337, 1.94722, 0.790993, -2.02211, 
240, 0.381484, 0.0463914, 0.0108447, -1.19361, -0.77837, 1.11939, 
240, 0.392973, 0.066918, -0.0146064, -1.1934, -0.765893, 1.11995, 
240, 0.404171, 0.0876874, -0.0406468, -1.1937, -0.753554, 1.12112, 
240, 0.4151, 0.108742, -0.0673426, -1.19448, -0.741328, 1.12286, 
240, 0.425757, 0.13007, -0.0946871, -1.19589, -0.729215, 1.12534, 
240, 0.436146, 0.151677, -0.1227, -1.198, -0.717208, 1.1286, 
240, 0.446277, 0.173579, -0.151413, -1.20083, -0.705299, 1.13268, 
240, 0.456157, 0.195793, -0.180859, -1.20444, -0.69348, 1.13764, 
244, 0.369151, -0.243734, 0.363569, -1.07711, -0.732266, 0.986484, 
244, 0.379872, -0.224523, 0.343883, -1.0706, -0.72269, 0.97948, 
244, 0.390296, -0.205285, 0.323887, -1.06441, -0.713263, 0.972899, 
244, 0.400435, -0.186019, 0.303579, -1.05855, -0.703969, 0.966752, 
244, 0.410298, -0.166723, 0.282954, -1.05303, -0.694793, 0.961053, 
244, 0.419894, -0.147396, 0.262009, -1.04789, -0.685722, 0.955813, 
244, 0.429232, -0.128033, 0.240739, -1.04313, -0.67674, 0.951046, 
244, 0.438321, -0.108632, 0.219137, -1.03876, -0.667836, 0.946763, 
244, 0.44717, -0.0891886, 0.197199, -1.03482, -0.658997, 0.94298, 
244, 0.455785, -0.0696968, 0.174916, -1.03131, -0.65021, 0.93971, 
244, 0.464176, -0.0501517, 0.152281, -1.02825, -0.641466, 0.936968, 
244, 0.47235, -0.0305468, 0.129285, -1.02566, -0.632753, 0.934772, 
244, 0.480313, -0.0108753, 0.105918, -1.02357, -0.624062, 0.933139, 
244, 0.488074, 0.00887048, 0.082171, -1.02199, -0.615382, 0.932088, 
244, 0.495638, 0.0286987, 0.0580308, -1.02096, -0.606705, 0.931641, 
244, 0.503013, 0.0486186, 0.033485, -1.02048, -0.598023, 0.93182, 
244, 0.510205, 0.0686399, 0.00851928, -1.0206, -0.589327, 0.932653, 
244, 0.517219, 0.0887735, -0.0168821, -1.02134, -0.580612, 0.934168, 
244, 0.524061, 0.109031, -0.0427364, -1.02274, -0.571868, 0.936396, 
244, 0.530737, 0.129425, -0.0690628, -1.02483, -0.563092, 0.939375, 
244, 0.537253, 0.14997, -0.0958823, -1.02765, -0.554277, 0.943142, 
244, 0.543614, 0.17068, -0.123218, -1.03125, -0.545419, 0.947745, 
248, 0.625838, -0.0704451, 0.218646, -0.544973, -0.4687, 0.440012, 
248, 0.629229, -0.0522076, 0.197259, -0.542008, -0.46427, 0.437247, 
248, 0.632537, -0.0340054, 0.175643, -0.539426, -0.459658, 0.434891, 
248, 0.635765, -0.0158294, 0.15379, -0.53723, -0.454862, 0.432944, 
248, 0.638915, 0.00232989, 0.131692, -0.535422, -0.449881, 0.43141, 
248, 0.64199, 0.0204818, 0.10934, -0.53401, -0.444714, 0.430292, 
248, 0.644994, 0.038636, 0.0867254, -0.533, -0.439358, 0.429597, 
248, 0.647928, 0.0568023, 0.0638378, -0.532403, -0.433812, 0.429335, 
248, 0.650794, 0.074991, 0.0406667, -0.53223, -0.428074, 0.429517, 
248, 0.653595, 0.0932123, 0.0172007, -0.532496, -0.422142, 0.430156, 
248, 0.656333, 0.111477, -0.00657273, -0.533219, -0.416014, 0.431269, 
248, 0.659011, 0.129797, -0.030667, -0.534419, -0.409687, 0.432878, 
248, 0.661629, 0.148182, -0.0550965, -0.536121, -0.403159, 0.435004, 
252, 0.835168, 0.172598, -0.019917, 0.462145, -0.517579, -0.578207, 
257, 1.06457, 1.65448, -1.31463, 0.46987, -1.61973, -0.97117, 
257, 1.06032, 1.64764, -1.31912, 0.468308, -1.6078, -0.972689, 
257, 1.05608, 1.64103, -1.324, 0.466789, -1.59571, -0.974253, 
257, 1.05187, 1.64554, -1.34882, 0.465628, -1.57579, -0.979841, 
257, 1.04767, 1.64479, -1.36418, 0.464413, -1.55958, -0.983463, 
257, 1.0435, 1.64353, -1.37858, 0.463256, -1.54377, -0.986854, 
257, 1.03934, 1.65403, -1.41406, 0.462639, -1.51964, -0.994441, 
258, 1.02388, 1.40796, -1.34437, 0.591319, -1.29106, -1.09052, 
258, 1.01982, 1.43593, -1.40626, 0.595828, -1.26066, -1.1068, 
258, 1.01578, 1.48092, -1.4986, 0.603629, -1.21924, -1.1314, 
261, -0.0784285, 0.0339768, 0.188854, -0.737182, -1.60262, 0.643713, 
261, -0.0525, 0.036021, 0.158131, -0.731809, -1.56433, 0.644106, 
261, -0.0268976, 0.040162, 0.125402, -0.727234, -1.52623, 0.64438, 
261, -0.00164797, 0.0463679, 0.0906569, -0.723444, -1.48832, 0.644634, 
261, 0.0232245, 0.0546104, 0.0538692, -0.720432, -1.45058, 0.64497, 
261, 0.0476982, 0.0648672, 0.0149998, -0.718203, -1.413, 0.645497, 
261, 0.0717541, 0.0771241, -0.026008, -0.716774, -1.37556, 0.646326, 
261, 0.0953756, 0.0913775, -0.0692314, -0.716174, -1.33821, 0.647576, 
261, 0.118549, 0.107638, -0.114772, -0.716449, -1.30091, 0.64938, 
261, 0.141262, 0.125932, -0.162762, -0.71766, -1.2636, 0.651881, 
261, 0.163506, 0.146309, -0.213371, -0.719892, -1.22623, 0.655243, 
261, 0.185275, 0.168846, -0.266814, -0.723255, -1.18869, 0.659658, 
261, 0.206562, 0.193655, -0.32337, -0.727897, -1.15091, 0.665352, 
261, 0.227366, 0.220895, -0.383399, -0.734008, -1.11275, 0.672602, 
261, 0.247685, 0.250791, -0.447373, -0.741845, -1.07409, 0.681759, 
261, 0.26752, 0.283657, -0.515929, -0.751756, -1.03473, 0.69328, 
262, -0.214949, -0.0205366, 0.138379, -0.80228, -1.60721, 0.850978, 
262, -0.187845, -0.0198773, 0.113585, -0.799419, -1.57106, 0.849559, 
262, -0.160897, -0.0173425, 0.0870001, -0.797176, -1.53504, 0.848046, 
262, -0.134142, -0.0129514, 0.0586167, -0.795539, -1.49916, 0.846519, 
262, -0.107615, -0.00672264, 0.0284192, -0.794506, -1.46345, 0.845062, 
262, -0.0813503, 0.00132687, -0.00361695, -0.794081, -1.4279, 0.843759, 
262, -0.0553796, 0.0111837, -0.0375271, -0.794279, -1.39252, 0.842702, 
262, -0.0297322, 0.0228395, -0.0733592, -0.795121, -1.3573, 0.841988, 
262, -0.00443518, 0.036293, -0.111177, -0.796642, -1.32221, 0.841722, 
262, 0.020487, 0.0515521, -0.151061, -0.798888, -1.28724, 0.84202, 
262, 0.0450123, 0.0686364, -0.193114, -0.80192, -1.25237, 0.843008, 
262, 0.0691215, 0.0875805, -0.237468, -0.805816, -1.21754, 0.844831, 
262, 0.0927976, 0.108438, -0.284285, -0.810676, -1.18271, 0.847651, 
262, 0.116026, 0.131287, -0.333772, -0.816626, -1.14783, 0.851664, 
262, 0.138796, 0.156237, -0.386191, -0.823827, -1.11283, 0.857098, 
262, 0.161098, 0.18344, -0.44188, -0.832487, -1.07763, 0.864236, 
262, 0.182923, 0.213107, -0.501275, -0.842876, -1.04212, 0.873433, 
262, 0.204268, 0.245529, -0.564963, -0.855354, -1.00618, 0.88515, 
262, 0.225129, 0.281122, -0.633744, -0.870414, -0.969632, 0.900005, 
263, -0.354838, -0.031324, 0.00398499, -0.859457, -1.60576, 1.09593, 
263, -0.327559, -0.0323967, -0.0149837, -0.860525, -1.57202, 1.09333, 
263, -0.300228, -0.0318118, -0.035587, -0.862053, -1.53828, 1.09074, 
263, -0.272888, -0.0295686, -0.0578359, -0.864044, -1.50456, 1.08822, 
263, -0.245578, -0.0256674, -0.0817469, -0.866501, -1.47089, 1.08581, 
263, -0.218339, -0.0201086, -0.107343, -0.869436, -1.4373, 1.0836, 
263, -0.191211, -0.012892, -0.134655, -0.872862, -1.4038, 1.08165, 
263, -0.164234, -0.00401509, -0.163724, -0.876803, -1.37041, 1.08003, 
263, -0.137444, 0.00652808, -0.194598, -0.881288, -1.33713, 1.07884, 
263, -0.110877, 0.0187484, -0.227343, -0.886357, -1.30397, 1.07817, 
263, -0.0845688, 0.0326638, -0.262038, -0.89206, -1.27094, 1.07812, 
263, -0.0585504, 0.0483011, -0.298781, -0.898462, -1.23801, 1.07882, 
263, -0.0328518, 0.0656993, -0.337693, -0.905641, -1.20519, 1.0804, 
263, -0.00750066, 0.0849128, -0.378927, -0.913698, -1.17244, 1.08302, 
263, 0.0174782, 0.106016, -0.422668, -0.922758, -1.13975, 1.08686, 
263, 0.0420624, 0.12911, -0.469155, -0.932976, -1.10707, 1.09215, 
263, 0.0662321, 0.154332, -0.518685, -0.944549, -1.07436, 1.09914, 
263, 0.0899699, 0.181865, -0.571646, -0.95773, -1.04155, 1.10818, 
263, 0.113261, 0.211963, -0.628544, -0.972846, -1.00854, 1.11968, 
263, 0.136092, 0.244976, -0.690061, -0.990332, -0.975195, 1.13418, 
263, 0.158453, 0.2814, -0.757143, -1.01078, -0.941301, 1.15243, 
263, 0.180361, 0.322387, -0.831877, -1.03526, -0.908332, 1.17604, 
264, -0.519204, 0.0295164, -0.228268, -0.902902, -1.62991, 1.38492, 
264, -0.493087, 0.0248089, -0.239783, -0.908479, -1.5998, 1.38185, 
264, -0.466648, 0.0215572, -0.252904, -0.914295, -1.56938, 1.37903, 
264, -0.439991, 0.0197546, -0.267536, -0.920625, -1.53883, 1.37634, 
264, -0.413111, 0.0194378, -0.283757, -0.927265, -1.50811, 1.37386, 
264, -0.386061, 0.0206178, -0.301565, -0.934376, -1.47729, 1.37163, 
264, -0.358875, 0.0233187, -0.321016, -0.941925, -1.44637, 1.36972, 
264, -0.331641, 0.0274859, -0.341918, -0.949718, -1.41551, 1.36801, 
264, -0.0622285, 0.161477, -0.6612, 2.07652, 1.10775, -1.74909, 
264, -0.036539, 0.185995, -0.707957, 2.05948, 1.07752, -1.73928, 
264, -0.0110527, 0.213118, -0.758816, 2.04025, 1.04713, -1.72651, 
264, 0.0139631, 0.242788, -0.81351, 2.01889, 1.01592, -1.71115, 
264, 0.0386301, 0.276366, -0.874514, 1.99486, 0.986406, -1.69181, 
264, 0.062875, 0.314258, -0.942651, 1.96746, 0.956433, -1.6679, 
264, 0.0867012, 0.358018, -1.02075, 1.93533, 0.926086, -1.63746, 
268, 0.100166, 0.0346486, 0.190537, -0.6527, -1.47725, 0.476141, 
268, 0.121428, 0.0431067, 0.153184, -0.64835, -1.44172, 0.477134, 
268, 0.142258, 0.053311, 0.114119, -0.64473, -1.40639, 0.478208, 
268, 0.162651, 0.0652357, 0.0733006, -0.641841, -1.37121, 0.479455, 
268, 0.182604, 0.0788639, 0.0306757, -0.639692, -1.33616, 0.48097, 
268, 0.202116, 0.0941899, -0.013828, -0.638306, -1.30117, 0.482853, 
268, 0.221187, 0.111221, -0.0603027, -0.637718, -1.2662, 0.48521, 
268, 0.239819, 0.12998, -0.108866, -0.637976, -1.23118, 0.488158, 
268, 0.258015, 0.150508, -0.159664, -0.639146, -1.19604, 0.491828, 
268, 0.275776, 0.17287, -0.212883, -0.641315, -1.16069, 0.49637, 
268, 0.29311, 0.197158, -0.268756, -0.644598, -1.12504, 0.501962, 
268, 0.310019, 0.223504, -0.327579, -0.649143, -1.08897, 0.508816, 
268, 0.326512, 0.252086, -0.389732, -0.655147, -1.05235, 0.517201, 
269, -0.112437, -0.0786673, 0.293687, -0.755156, -1.5815, 0.684682, 
269, -0.0877598, -0.0762412, 0.266909, -0.750175, -1.5472, 0.683687, 
269, -0.0633832, -0.0721418, 0.238665, -0.745796, -1.51318, 0.682522, 
269, -0.03933, -0.0664093, 0.20896, -0.741999, -1.47945, 0.681263, 
269, -0.0156209, -0.0590823, 0.177792, -0.738771, -1.44599, 0.679983, 
269, 0.00772532, -0.0501965, 0.145155, -0.736109, -1.41281, 0.678758, 
269, 0.030692, -0.0397836, 0.11103, -0.734012, -1.37987, 0.677665, 
269, 0.0532648, -0.0278703, 0.0753933, -0.73249, -1.34716, 0.67678, 
269, 0.0754314, -0.0144771, 0.038209, -0.731559, -1.31466, 0.676186, 
269, 0.0971813, 0.000382417, -0.000569882, -0.731244, -1.28233, 0.675967, 
269, 0.118506, 0.0167035, -0.0410037, -0.731579, -1.25014, 0.676213, 
269, 0.1394, 0.0344911, -0.0831686, -0.732608, -1.21806, 0.677022, 
269, 0.159857, 0.0537622, -0.127159, -0.734389, -1.18602, 0.678502, 
269, 0.179876, 0.0745476, -0.173093, -0.736994, -1.15399, 0.680772, 
269, 0.199453, 0.0968952, -0.221115, -0.740512, -1.12191, 0.68397, 
269, 0.21859, 0.120874, -0.271405, -0.745055, -1.08971, 0.688256, 
269, 0.237287, 0.146578, -0.324187, -0.750765, -1.05732, 0.693822, 
269, 0.255546, 0.174137, -0.379742, -0.75782, -1.02464, 0.700899, 
269, 0.273372, 0.203724, -0.438431, -0.76645, -0.991575, 0.709777, 
269, 0.290768, 0.235573, -0.500722, -0.776958, -0.958003, 0.720828, 
269, 0.30774, 0.270009, -0.567236, -0.789749, -0.923767, 0.734543, 
270, -0.295626, -0.138371, 0.226045, -0.840129, -1.60566, 0.948247, 
270, -0.269577, -0.138481, 0.206019, -0.838003, -1.57284, 0.946023, 
270, -0.243625, -0.137081, 0.184692, -0.836368, -1.54023, 0.943575, 
270, -0.217801, -0.134194, 0.162067, -0.835194, -1.50784, 0.940977, 
270, -0.192135, -0.129844, 0.138143, -0.834459, -1.47567, 0.938295, 
270, -0.166658, -0.124057, 0.112918, -0.834152, -1.44373, 0.935597, 
270, -0.141399, -0.116854, 0.0863832, -0.834265, -1.41203, 0.932947, 
270, -0.116387, -0.108259, 0.058527, -0.8348, -1.38057, 0.93041, 
270, -0.0916486, -0.0982911, 0.0293315, -0.835762, -1.34936, 0.928055, 
270, -0.0672084, -0.0869677, -0.00122711, -0.837167, -1.31838, 0.92595, 
270, -0.0430895, -0.0743027, -0.0331803, -0.839033, -1.28763, 0.924167, 
270, -0.0193129, -0.0603052, -0.0665676, -0.84139, -1.2571, 0.922785, 
270, 0.00410246, -0.044979, -0.101439, -0.844273, -1.22678, 0.921885, 
270, 0.0271397, -0.0283212, -0.137854, -0.847726, -1.19664, 0.921555, 
270, 0.0497841, -0.0103208, -0.175888, -0.851807, -1.16667, 0.921895, 
270, 0.0720231, 0.00904241, -0.215631, -0.856582, -1.13683, 0.923011, 
270, 0.0938459, 0.0298007, -0.257192, -0.862134, -1.1071, 0.925026, 
270, 0.115244, 0.0520004, -0.300707, -0.868563, -1.07744, 0.92808, 
270, 0.13621, 0.0757056, -0.346338, -0.87599, -1.04782, 0.932335, 
270, 0.156739, 0.101003, -0.394288, -0.884565, -1.01818, 0.937983, 
270, 0.176828, 0.128007, -0.44481, -0.894471, -0.988481, 0.945256, 
270, 0.196475, 0.156872, -0.498221, -0.905943, -0.958653, 0.954438, 
270, 0.215678, 0.187802, -0.554933, -0.919278, -0.928628, 0.965891, 
270, 0.234439, 0.221078, -0.615487, -0.934869, -0.89832, 0.980084, 
270, 0.252758, 0.257085, -0.680614, -0.953249, -0.867628, 0.997647, 
271, -0.456084, -0.126825, 0.0205259, -0.909873, -1.60125, 1.25687, 
271, -0.430374, -0.128623, 0.00607025, -0.913239, -1.57108, 1.2541, 
271, -0.404554, -0.129156, -0.00952752, -0.916937, -1.54092, 1.25137, 
271, -0.378413, -0.128327, -0.0265479, -0.919763, -1.5106, 1.24837, 
271, -0.352356, -0.126265, -0.0446143, -0.923778, -1.48045, 1.24557, 
271, -0.326273, -0.122919, -0.0638855, -0.928133, -1.45036, 1.24286, 
271, -0.300197, -0.118291, -0.0843718, -0.932829, -1.42037, 1.24027, 
271, -0.274166, -0.112386, -0.106087, -0.937872, -1.39049, 1.23785, 
271, -0.248214, -0.105211, -0.129046, -0.943271, -1.36074, 1.23567, 
271, -0.222378, -0.0967803, -0.153251, -0.949033, -1.33109, 1.23379, 
271, -0.196718, -0.0871943, -0.178576, -0.955123, -1.30109, 1.23234, 
271, -0.171169, -0.0760294, -0.205711, -0.961772, -1.27255, 1.231, 
271, -0.145865, -0.0637539, -0.233977, -0.968802, -1.24351, 1.23031, 
271, -0.120799, -0.0501927, -0.263677, -0.976298, -1.21467, 1.23017, 
271, -0.0960779, -0.0365341, -0.293464, 2.15815, 1.186, -1.91147, 
271, -0.0714909, -0.019183, -0.327601, 2.14867, 1.15756, -1.90972, 
275, 0.258081, 0.074065, 0.181162, -0.542513, -1.40752, 0.285521, 
275, 0.274136, 0.0849713, 0.14072, -0.539022, -1.37418, 0.28739, 
275, 0.289802, 0.0973752, 0.0987663, -0.536169, -1.34095, 0.28941, 
275, 0.305087, 0.111263, 0.0552475, -0.533958, -1.3078, 0.291655, 
275, 0.319996, 0.126631, 0.0100928, -0.532408, -1.27466, 0.294201, 
275, 0.334539, 0.14349, -0.0367862, -0.531543, -1.24147, 0.29713, 
275, 0.348721, 0.161864, -0.0854996, -0.531399, -1.20816, 0.300532, 
275, 0.362552, 0.181793, -0.136184, -0.532029, -1.17465, 0.304509, 
275, 0.376038, 0.203338, -0.189008, -0.533497, -1.14086, 0.309176, 
275, 0.389187, 0.226586, -0.244182, -0.535893, -1.10669, 0.31467, 
276, 0.111575, -0.081894, 0.299459, -0.646696, -1.42127, 0.476869, 
276, 0.130973, -0.0722152, 0.265869, -0.642596, -1.3908, 0.476078, 
276, 0.149954, -0.0612704, 0.231111, -0.639017, -1.3606, 0.475358, 
276, 0.16852, -0.0490925, 0.19517, -0.635959, -1.33062, 0.474772, 
276, 0.186671, -0.0357079, 0.158022, -0.633426, -1.30085, 0.47438, 
276, 0.204409, -0.021137, 0.119635, -0.631429, -1.27124, 0.474244, 
276, 0.221738, -0.00539283, 0.0799676, -0.629985, -1.24175, 0.474428, 
276, 0.238662, 0.0115192, 0.0389681, -0.629117, -1.21235, 0.474999, 
276, 0.255185, 0.0296025, -0.00342668, -0.628856, -1.18298, 0.476028, 
276, 0.271312, 0.0488699, -0.0472942, -0.629243, -1.15361, 0.477593, 
276, 0.287051, 0.0693454, -0.0927281, -0.630327, -1.12418, 0.479779, 
276, 0.302406, 0.0910657, -0.139842, -0.632172, -1.09462, 0.482683, 
276, 0.317385, 0.114083, -0.188773, -0.634854, -1.06489, 0.486416, 
276, 0.331996, 0.138467, -0.23969, -0.638472, -1.0349, 0.49111, 
276, 0.346245, 0.16431, -0.292797, -0.643145, -1.00458, 0.496921, 
276, 0.36014, 0.191735, -0.34835, -0.649028, -0.973842, 0.504041, 
276, 0.373689, 0.220899, -0.406668, -0.656317, -0.94257, 0.51271, 
277, -0.180618, -0.239032, 0.435042, -0.788376, -1.56324, 0.762297, 
277, -0.156449, -0.236664, 0.412768, -0.783834, -1.53236, 0.759604, 
277, -0.132547, -0.232939, 0.389456, -0.779713, -1.50185, 0.756675, 
277, -0.108935, -0.227903, 0.36512, -0.775993, -1.47171, 0.753567, 
277, -0.0856314, -0.221599, 0.339772, -0.772655, -1.44194, 0.750339, 
277, -0.0626564, -0.21407, 0.313419, -0.769688, -1.41252, 0.747047, 
277, -0.0400263, -0.205357, 0.286065, -0.767084, -1.38345, 0.743746, 
277, -0.0177561, -0.195497, 0.257711, -0.764841, -1.35473, 0.740491, 
277, 0.00414128, -0.184525, 0.228354, -0.762959, -1.32632, 0.737335, 
277, 0.0256546, -0.172474, 0.197985, -0.761445, -1.29823, 0.734331, 
277, 0.0467746, -0.159371, 0.166593, -0.760309, -1.27042, 0.731535, 
277, 0.0674936, -0.145241, 0.134159, -0.759565, -1.24288, 0.729, 
277, 0.0878056, -0.130101, 0.10066, -0.759234, -1.21558, 0.726783, 
277, 0.107706, -0.113968, 0.0660676, -0.759339, -1.18851, 0.724942, 
277, 0.127193, -0.0968495, 0.0303444, -0.759912, -1.16162, 0.723539, 
277, 0.146263, -0.0787495, -0.00655347, -0.760989, -1.13489, 0.722638, 
277, 0.164918, -0.0596647, -0.0446793, -0.762613, -1.1083, 0.72231, 
277, 0.183157, -0.0395846, -0.0840967, -0.764835, -1.0818, 0.72263, 
277, 0.200984, -0.0184904, -0.124882, -0.767716, -1.05536, 0.723685, 
277, 0.2184, 0.00364615, -0.167125, -0.771328, -1.02894, 0.725569, 
277, 0.235409, 0.0268644, -0.210934, -0.775757, -1.0025, 0.728392, 
277, 0.252017, 0.0512171, -0.256439, -0.781106, -0.976003, 0.732281, 
277, 0.268228, 0.076773, -0.303796, -0.787499, -0.949386, 0.737386, 
277, 0.284049, 0.103621, -0.353196, -0.795088, -0.922599, 0.743885, 
277, 0.299485, 0.131876, -0.404874, -0.804061, -0.895581, 0.751998, 
277, 0.314543, 0.161685, -0.459122, -0.814655, -0.868259, 0.761998, 
277, 0.32923, 0.193242, -0.516313, -0.827173, -0.840553, 0.77423, 
277, 0.343554, 0.226802, -0.576931, -0.84201, -0.812364, 0.789145, 
278, -0.436905, -0.290485, 0.31953, -0.896251, -1.62568, 1.11574, 
278, -0.411638, -0.292287, 0.304912, -0.895878, -1.59566, 1.11265, 
278, -0.386326, -0.292896, 0.289379, -0.895814, -1.56579, 1.10938, 
278, -0.361007, -0.292319, 0.272931, -0.896046, -1.53609, 1.10593, 
278, -0.335712, -0.290567, 0.255571, -0.896562, -1.50659, 1.10231, 
278, -0.310477, -0.287656, 0.237303, -0.897348, -1.4773, 1.09856, 
278, -0.285333, -0.283606, 0.21813, -0.898391, -1.44824, 1.09471, 
278, -0.260311, -0.278437, 0.198056, -0.899684, -1.41943, 1.09081, 
278, -0.235442, -0.272171, 0.177082, -0.901218, -1.39088, 1.08689, 
278, -0.210756, -0.264829, 0.155206, -0.90299, -1.3626, 1.083, 
278, -0.186279, -0.256434, 0.132425, -0.905001, -1.3346, 1.07917, 
278, -0.162039, -0.247007, 0.108734, -0.907252, -1.30688, 1.07546, 
278, -0.138059, -0.236568, 0.0841245, -0.909753, -1.27946, 1.07191, 
278, -0.114363, -0.225136, 0.0585842, -0.912513, -1.25233, 1.06857, 
278, -0.0909725, -0.212729, 0.0320983, -0.915548, -1.22548, 1.06548, 
278, -0.0679059, -0.19936, 0.00464784, -0.918878, -1.19893, 1.0627, 
278, -0.0451809, -0.185043, -0.0237903, -0.922527, -1.17265, 1.06029, 
278, -0.0228129, -0.169788, -0.0532439, -0.926525, -1.14666, 1.0583, 
278, -0.000815327, -0.153599, -0.0837465, -0.930908, -1.12093, 1.0568, 
278, 0.0208001, -0.13648, -0.115337, -0.935718, -1.09545, 1.05585, 
278, 0.0420236, -0.118428, -0.148063, -0.941003, -1.07022, 1.05552, 
278, 0.0628471, -0.099434, -0.181977, -0.946821, -1.04522, 1.05589, 
278, 0.0832642, -0.0794855, -0.217145, -0.953238, -1.02042, 1.05705, 
278, 0.10327, -0.0585613, -0.253641, -0.96033, -0.995819, 1.05909, 
278, 0.122861, -0.0366323, -0.291553, -0.968189, -0.97138, 1.06214, 
278, 0.142036, -0.0136597, -0.330987, -0.976921, -0.947077, 1.06631, 
278, 0.160793, 0.0104066, -0.372066, -0.986651, -0.92287, 1.07174, 
278, 0.179132, 0.0356304, -0.414937, -0.99753, -0.898709, 1.07863, 
278, 0.197055, 0.0620911, -0.459773, -1.00974, -0.874511, 1.08716, 
278, 0.214592, 0.0900699, -0.507065, -1.02333, -0.851557, 1.09753, 
278, 0.231702, 0.119446, -0.556692, -1.03883, -0.82779, 1.11012, 
278, 0.248408, 0.150519, -0.609188, -1.05644, -0.804042, 1.12526, 
278, 0.264715, 0.183537, -0.665026, -1.07661, -0.780288, 1.14346, 
278, 0.280624, 0.218829, -0.724815, -1.0999, -0.75651, 1.16534, 
278, 0.296115, 0.256772, -0.789263, -1.1273, -0.732729, 1.19194, 
279, -0.616847, -0.221831, -0.011179, 2.16768, 1.62762, -1.63449, 
279, -0.592944, -0.224387, -0.0217446, 2.16137, 1.60137, -1.6375, 
279, -0.568585, -0.226751, -0.0322311, 2.15519, 1.57465, -1.63998, 
279, -0.54398, -0.228528, -0.0431609, 2.14839, 1.54789, -1.64238, 
279, -0.519424, -0.228869, -0.0550814, 2.14228, 1.52133, -1.64514, 
279, -0.494247, -0.228262, -0.0684334, 2.13506, 1.49414, -1.64714, 
279, -0.469161, -0.226799, -0.082184, 2.1278, 1.46734, -1.6495, 
279, -0.443943, -0.224375, -0.0967949, 2.12023, 1.44053, -1.65176, 
279, -0.418781, -0.221034, -0.112101, 2.11208, 1.41395, -1.65383, 
279, -0.393333, -0.21662, -0.128521, 2.10432, 1.3872, -1.65593, 
279, -0.367982, -0.211286, -0.145686, 2.09597, 1.36067, -1.65777, 
279, -0.342662, -0.204996, -0.163707, 2.0873, 1.33426, -1.65939, 
279, -0.317403, -0.197865, -0.182438, 2.07854, 1.30796, -1.66081, 
279, -0.292223, -0.189625, -0.20229, 2.06921, 1.28153, -1.66205, 
279, -0.267118, -0.180318, -0.223213, 2.05979, 1.25621, -1.66276, 
279, -0.242189, -0.170178, -0.244906, 2.05002, 1.23057, -1.66321, 
279, -0.217434, -0.159085, -0.267562, 2.03991, 1.20515, -1.66321, 
279, -0.192856, -0.147074, -0.291155, 2.02953, 1.17997, -1.66295, 
279, -0.168597, -0.134002, -0.315923, 2.01853, 1.15525, -1.66178, 
279, -0.14449, -0.119957, -0.3418, 2.00738, 1.13062, -1.66026, 
279, -0.0972117, -0.0889601, -0.396893, -1.15811, -1.08237, 1.4865, 
279, -0.0740794, -0.0730129, -0.424954, -1.17003, -1.05797, 1.4891, 
279, -0.0512443, -0.053993, -0.456846, -1.18409, -1.03479, 1.49485, 
280, -0.057919, 0.361554, -1.3537, -1.61387, -1.04735, 2.22883, 
282, 0.423934, 0.167341, 0.0822299, -0.402966, -1.33289, 0.0790218, 
282, 0.434353, 0.180179, 0.0387975, -0.401234, -1.30077, 0.0817555, 
282, 0.444514, 0.194377, -0.00612951, -0.400009, -1.26859, 0.0846953, 
282, 0.454424, 0.209951, -0.0526405, -0.399308, -1.23629, 0.0879007, 
283, 0.31417, -0.0237953, 0.272015, -0.49561, -1.33071, 0.23203, 
283, 0.327357, -0.0114763, 0.235188, -0.492614, -1.30306, 0.232376, 
283, 0.340209, 0.0018439, 0.197372, -0.490053, -1.27553, 0.232873, 
283, 0.352737, 0.0161503, 0.158536, -0.487934, -1.2481, 0.233561, 
283, 0.364947, 0.0314344, 0.11864, -0.486264, -1.22071, 0.234485, 
283, 0.376849, 0.0476946, 0.0776357, -0.485058, -1.19332, 0.235687, 
283, 0.388451, 0.0649366, 0.0354662, -0.484335, -1.1659, 0.237217, 
283, 0.39976, 0.0831743, -0.00793727, -0.484118, -1.13838, 0.239126, 
283, 0.410786, 0.102431, -0.0526566, -0.484442, -1.11072, 0.241471, 
283, 0.421536, 0.122739, -0.0987889, -0.485345, -1.08287, 0.244317, 
283, 0.432018, 0.144143, -0.14645, -0.486877, -1.05476, 0.247738, 
283, 0.442239, 0.166704, -0.195779, -0.489103, -1.02632, 0.251821, 
283, 0.452208, 0.190496, -0.246942, -0.4921, -0.997486, 0.256669, 
284, 0.122319, -0.256125, 0.452027, -0.641403, -1.33745, 0.488186, 
284, 0.14023, -0.244569, 0.422424, -0.637232, -1.31252, 0.484751, 
284, 0.157721, -0.232188, 0.392102, -0.633395, -1.28789, 0.481417, 
284, 0.174796, -0.219014, 0.361058, -0.629893, -1.26353, 0.478222, 
284, 0.191461, -0.205076, 0.329284, -0.62673, -1.23941, 0.475202, 
284, 0.20772, -0.190397, 0.29677, -0.623912, -1.21552, 0.472393, 
284, 0.223581, -0.174997, 0.2635, -0.621447, -1.19181, 0.469829, 
284, 0.239049, -0.158891, 0.229456, -0.619346, -1.16826, 0.467546, 
284, 0.254133, -0.142091, 0.194616, -0.617625, -1.14484, 0.465578, 
284, 0.26884, -0.124603, 0.158951, -0.616301, -1.12153, 0.463962, 
284, 0.283178, -0.106429, 0.12243, -0.615394, -1.09827, 0.462736, 
284, 0.297155, -0.0875672, 0.085014, -0.614929, -1.07506, 0.461941, 
284, 0.310778, -0.0680099, 0.0466586, -0.614936, -1.05185, 0.461621, 
284, 0.324057, -0.0477442, 0.00731184, -0.615448, -1.02861, 0.461823, 
284, 0.337, -0.026751, -0.0330867, -0.616505, -1.0053, 0.462602, 
284, 0.349615, -0.005005, -0.0746073, -0.618156, -0.981894, 0.464017, 
284, 0.361911, 0.017527, -0.117332, -0.620456, -0.958343, 0.466138, 
284, 0.373896, 0.0408868, -0.161357, -0.623472, -0.934607, 0.469045, 
284, 0.385578, 0.0651264, -0.206795, -0.627285, -0.910639, 0.472831, 
284, 0.396966, 0.0903105, -0.253779, -0.631991, -0.88639, 0.47761, 
284, 0.408068, 0.116519, -0.302471, -0.637709, -0.861802, 0.483515, 
284, 0.418891, 0.14385, -0.353062, -0.644587, -0.836812, 0.490712, 
284, 0.429444, 0.172428, -0.40579, -0.652807, -0.811346, 0.499406, 
284, 0.439735, 0.202407, -0.460947, -0.662606, -0.785317, 0.509857, 
285, -0.302458, -0.483431, 0.602347, -0.849035, -1.52833, 0.925937, 
285, -0.2773, -0.480789, 0.584454, -0.845693, -1.49947, 0.920941, 
285, -0.252417, -0.476977, 0.565887, -0.842691, -1.47114, 0.91557, 
285, -0.227813, -0.472053, 0.546648, -0.83995, -1.44331, 0.909903, 
285, -0.203498, -0.46607, 0.526744, -0.837423, -1.41596, 0.904006, 
285, -0.17949, -0.459075, 0.506181, -0.835079, -1.38907, 0.897934, 
285, -0.155803, -0.451116, 0.484967, -0.832899, -1.36264, 0.891738, 
285, -0.132457, -0.442235, 0.46311, -0.83087, -1.33664, 0.885463, 
285, -0.109467, -0.432475, 0.440615, -0.828986, -1.31109, 0.879155, 
285, -0.0868468, -0.421874, 0.417487, -0.827243, -1.28595, 0.872856, 
285, -0.0646107, -0.41047, 0.393729, -0.825643, -1.26123, 0.866605, 
285, -0.0427696, -0.398297, 0.369342, -0.82419, -1.2369, 0.860441, 
285, -0.0213331, -0.385387, 0.344326, -0.822891, -1.21296, 0.854404, 
285, -0.000309121, -0.37177, 0.318679, -0.821757, -1.18938, 0.848531, 
285, 0.0202962, -0.357472, 0.292396, -0.8208, -1.16616, 0.842858, 
285, 0.0404784, -0.342519, 0.265471, -0.820035, -1.14327, 0.837422, 
285, 0.0602344, -0.32693, 0.237894, -0.819479, -1.1207, 0.83226, 
285, 0.0795627, -0.310724, 0.209656, -0.819154, -1.09843, 0.827409, 
285, 0.0984631, -0.293918, 0.180741, -0.819081, -1.07643, 0.822905, 
285, 0.116937, -0.276523, 0.151134, -0.819286, -1.05469, 0.818788, 
285, 0.134985, -0.25855, 0.120815, -0.819796, -1.03319, 0.815096, 
285, 0.152612, -0.240004, 0.0897614, -0.820644, -1.0119, 0.81187, 
285, 0.169822, -0.220889, 0.0579472, -0.821863, -0.990804, 0.809155, 
285, 0.186619, -0.201204, 0.0253419, -0.823492, -0.969879, 0.806996, 
285, 0.203008, -0.180945, -0.00808954, -0.825573, -0.949102, 0.805443, 
285, 0.218997, -0.160105, -0.0423872, -0.828155, -0.928449, 0.80455, 
285, 0.234591, -0.13867, -0.0775971, -0.831291, -0.907896, 0.804378, 
285, 0.249798, -0.116624, -0.113772, -0.835041, -0.887419, 0.804993, 
285, 0.264624, -0.0939441, -0.150973, -0.839475, -0.866992, 0.80647, 
285, 0.279079, -0.0706014, -0.189271, -0.844671, -0.846591, 0.808895, 
285, 0.29317, -0.0465602, -0.228747, -0.850721, -0.826188, 0.812366, 
285, 0.306905, -0.0217763, -0.269497, -0.857731, -0.805757, 0.816996, 
285, 0.320292, 0.00380426, -0.311632, -0.865826, -0.785269, 0.82292, 
285, 0.33334, 0.0302479, -0.355286, -0.875154, -0.764695, 0.830297, 
285, 0.346058, 0.0576357, -0.400618, -0.885893, -0.744004, 0.839317, 
285, 0.358453, 0.0860681, -0.447818, -0.89826, -0.723164, 0.850212, 
285, 0.370534, 0.11567, -0.497124, -0.912524, -0.702143, 0.863271, 
285, 0.38231, 0.1466, -0.548829, -0.92902, -0.680904, 0.878854, 
285, 0.393789, 0.179059, -0.603306, -0.948178, -0.659412, 0.897423, 
285, 0.404978, 0.213314, -0.661042, -0.97056, -0.637627, 0.919583, 
286, -0.387558, -0.466155, 0.229873, -1.01155, -1.37511, 1.36076, 
286, -0.361886, -0.460273, 0.213678, 2.12494, 1.34849, -1.78531, 
286, -0.336631, -0.454234, 0.197738, 2.11943, 1.3224, -1.78981, 
286, -0.311296, -0.446223, 0.179975, 2.11454, 1.2965, -1.79438, 
286, -0.286044, -0.437868, 0.161935, 2.1087, 1.27066, -1.79869, 
286, -0.26178, -0.429223, 0.144313, 2.10307, 1.24602, -1.80306, 
286, -0.23649, -0.419027, 0.12454, 2.0975, 1.22027, -1.80729, 
286, -0.212162, -0.408538, 0.105067, 2.09197, 1.19564, -1.81149, 
286, -0.187979, -0.397219, 0.0847631, 2.08594, 1.17117, -1.8153, 
286, -0.164173, -0.38527, 0.0639973, 2.07999, 1.14702, -1.81895, 
286, -0.140698, -0.372578, 0.0425482, 2.07395, 1.12343, -1.82246, 
286, -0.117903, -0.359576, 0.0210366, 2.06648, 1.10035, -1.82474, 
286, -0.0948608, -0.345307, -0.00207411, 2.06105, 1.07712, -1.82826, 
286, -0.072419, -0.330582, -0.025509, 2.05484, 1.05445, -1.83092, 
286, -0.0504183, -0.315259, -0.0495471, 2.0482, 1.03218, -1.83303, 
286, -0.0288259, -0.299307, -0.0742709, 2.04123, 1.01026, -1.83465, 
286, -0.00765763, -0.282743, -0.0996804, 2.03403, 0.988714, -1.8358, 
286, 0.0130367, -0.265633, -0.125697, 2.02686, 0.967569, -1.83672, 
286, 0.0334717, -0.247688, -0.152854, 2.01867, 0.9466, -1.83635, 
286, 0.0533846, -0.229266, -0.180567, 2.01042, 0.925836, -1.83571, 
286, 0.0728817, -0.210157, -0.209201, 2.00172, 0.905888, -1.83429, 
286, 0.0919457, -0.190459, -0.238648, -1.14909, -0.885916, 1.30952, 
286, 0.110561, -0.170155, -0.268966, 1.98283, 0.865879, -1.82912, 
286, 0.128443, -0.149632, -0.299533, 1.97283, 0.847734, -1.8256, 
286, 0.146543, -0.127459, -0.332715, 1.96128, 0.827369, -1.82015, 
286, 0.163942, -0.104895, -0.366467, 1.94912, 0.809787, -1.81389, 
286, 0.180895, -0.0816956, -0.401257, 1.93617, 0.791637, -1.80649, 
286, 0.197436, -0.0577172, -0.437331, 1.92216, 0.773696, -1.7977, 
286, 0.213568, -0.0329051, -0.474807, 1.90678, 0.755979, -1.7872, 
286, 0.229278, -0.00722292, -0.513769, 1.88973, 0.738831, -1.77469, 
286, 0.244656, 0.0195803, -0.554648, 1.87226, 0.721959, -1.76137, 
286, 0.25963, 0.0474413, -0.597395, 1.85229, 0.705399, -1.74519, 
286, 0.274227, 0.0764802, -0.642223, -1.31118, -0.689148, 1.41487, 
286, 0.288444, 0.107004, -0.689705, -1.33563, -0.673474, 1.4364, 
286, 0.30231, 0.139126, -0.740049, -1.36278, -0.658274, 1.46109, 
286, 0.315824, 0.173182, -0.793874, -1.39322, -0.643632, 1.4896, 
286, 0.32885, 0.20895, -0.85086, -1.4255, -0.629816, 1.52034, 
287, -0.24595, -0.189093, -0.484043, -1.35628, -1.14774, -4.39375, 
287, -0.221468, -0.17663, -0.504432, -1.37352, -1.12702, -4.38945, 
287, 0.121636, 0.154673, -1.0096, -1.72209, -0.875947, 2.091, 
287, 0.139768, 0.190079, -1.06505, 1.38882, 0.867469, -1.02319, 
287, 0.157313, 0.229064, -1.12682, -1.78743, -0.861346, 2.15077, 
287, 0.1744, 0.274126, -1.19939, 1.31504, 0.857552, -0.951954, 
290, 0.504133, 0.0966687, 0.17703, -0.309858, -1.29285, -0.0354239, 
290, 0.511288, 0.108807, 0.139031, -0.308397, -1.26611, -0.0340855, 
290, 0.518267, 0.121859, 0.100078, -0.307227, -1.23937, -0.0326338, 
290, 0.525075, 0.133383, 0.0626047, -0.30588, -1.21266, -0.0307218, 
290, 0.531725, 0.148292, 0.0216129, -0.305308, -1.18581, -0.0290352, 
290, 0.538216, 0.164107, -0.0204622, -0.305041, -1.15884, -0.0271516, 
290, 0.544553, 0.180851, -0.0636935, -0.305097, -1.13168, -0.0250403, 
291, 0.398898, -0.161492, 0.398047, -0.413491, -1.22549, 0.141154, 
291, 0.408798, -0.147497, 0.365274, -0.410772, -1.20442, 0.139749, 
291, 0.41843, -0.132962, 0.331941, -0.40832, -1.18342, 0.138503, 
291, 0.427803, -0.117897, 0.298029, -0.406139, -1.16247, 0.13743, 
291, 0.436926, -0.102305, 0.263519, -0.404231, -1.14154, 0.136549, 
291, 0.445807, -0.0861901, 0.228386, -0.402602, -1.1206, 0.135876, 
291, 0.454606, -0.0708652, 0.193931, -0.400036, -1.09958, 0.135169, 
291, 0.463015, -0.0537092, 0.157495, -0.399028, -1.07857, 0.134962, 
291, 0.471208, -0.0360258, 0.120353, -0.398319, -1.05748, 0.135019, 
291, 0.479191, -0.0178035, 0.0824652, -0.397925, -1.03627, 0.135362, 
291, 0.486973, 0.000972548, 0.0437877, -0.397862, -1.01491, 0.136017, 
291, 0.494559, 0.0203213, 0.00426946, -0.398151, -0.993383, 0.137012, 
291, 0.501957, 0.0402661, -0.0361471, -0.398816, -0.971647, 0.138378, 
291, 0.509171, 0.0608352, -0.077527, -0.399887, -0.949671, 0.14015, 
291, 0.516209, 0.0820624, -0.119945, -0.401397, -0.927417, 0.142371, 
291, 0.523076, 0.103988, -0.163485, -0.403386, -0.904845, 0.145088, 
291, 0.529778, 0.126659, -0.208246, -0.405904, -0.881908, 0.148356, 
291, 0.536321, 0.150133, -0.254339, -0.409008, -0.858559, 0.152241, 
291, 0.542596, 0.177114, -0.305191, -0.414246, -0.834184, 0.157708, 
292, 0.156326, -0.536232, 0.638352, -0.640062, -1.15382, 0.526229, 
292, 0.173101, -0.519789, 0.612423, -0.634915, -1.13628, 0.517713, 
292, 0.1894, -0.503045, 0.586129, -0.629953, -1.11899, 0.509477, 
292, 0.205235, -0.486015, 0.559469, -0.625187, -1.10193, 0.501536, 
292, 0.220616, -0.468714, 0.532437, -0.620626, -1.08508, 0.493902, 
292, 0.235557, -0.451153, 0.50503, -0.61628, -1.06842, 0.486587, 
292, 0.25007, -0.433341, 0.477242, -0.612158, -1.05191, 0.479604, 
292, 0.264167, -0.415286, 0.449064, -0.608269, -1.03555, 0.472962, 
292, 0.27786, -0.396993, 0.420488, -0.604625, -1.0193, 0.466672, 
292, 0.291162, -0.378465, 0.391504, -0.601235, -1.00315, 0.460744, 
292, 0.304084, -0.359704, 0.3621, -0.598111, -0.987069, 0.455188, 
292, 0.316639, -0.34071, 0.332265, -0.595264, -0.971047, 0.450016, 
292, 0.328838, -0.321479, 0.301982, -0.592706, -0.955062, 0.445238, 
292, 0.340692, -0.302009, 0.271236, -0.590452, -0.939093, 0.440868, 
292, 0.352214, -0.282294, 0.240009, -0.588514, -0.923123, 0.436917, 
292, 0.363413, -0.262327, 0.208279, -0.58691, -0.907132, 0.433401, 
292, 0.3743, -0.242098, 0.176025, -0.585656, -0.891101, 0.430336, 
292, 0.384886, -0.221598, 0.143222, -0.584773, -0.875013, 0.427741, 
292, 0.395181, -0.200812, 0.10984, -0.584282, -0.858848, 0.425637, 
292, 0.405194, -0.179725, 0.07585, -0.584208, -0.842587, 0.424047, 
292, 0.414935, -0.158322, 0.0412158, -0.584579, -0.82621, 0.423, 
292, 0.424414, -0.13658, 0.00589897, -0.585427, -0.809698, 0.422527, 
292, 0.433638, -0.114478, -0.0301443, -0.586789, -0.793029, 0.422665, 
292, 0.442617, -0.0919892, -0.0669631, -0.588707, -0.776182, 0.423457, 
292, 0.451359, -0.0690839, -0.104613, -0.591231, -0.759133, 0.424954, 
292, 0.459871, -0.045728, -0.143157, -0.594419, -0.741858, 0.427213, 
292, 0.468162, -0.0218821, -0.182667, -0.598338, -0.724331, 0.430306, 
292, 0.47624, 0.00249909, -0.223225, -0.603069, -0.706523, 0.434316, 
292, 0.48411, 0.027468, -0.264927, -0.608709, -0.688403, 0.439342, 
292, 0.49178, 0.0530861, -0.307883, -0.615374, -0.669937, 0.445505, 
292, 0.499257, 0.0794255, -0.352225, -0.623206, -0.651087, 0.452955, 
292, 0.506547, 0.106572, -0.398107, -0.632381, -0.63181, 0.461872, 
292, 0.513656, 0.134629, -0.445716, -0.643116, -0.612059, 0.472485, 
292, 0.520591, 0.163723, -0.495278, -0.65569, -0.591777, 0.485083, 
293, 0.0751035, -0.570706, 0.308076, -0.978219, -0.898526, 1.05772, 
293, 0.0941803, -0.552535, 0.285396, -0.977855, -0.880733, 1.04924, 
293, 0.112729, -0.53408, 0.262318, -0.977571, -0.863319, 1.04115, 
293, 0.13076, -0.515351, 0.238832, -0.977396, -0.846263, 1.03347, 
293, 0.148285, -0.496356, 0.214928, -0.977361, -0.829546, 1.02623, 
293, 0.165313, -0.477101, 0.190596, -0.977497, -0.813149, 1.01945, 
293, 0.181857, -0.457592, 0.165824, -0.977838, -0.797051, 1.01316, 
293, 0.197928, -0.437832, 0.140599, -0.978419, -0.781234, 1.00738, 
293, 0.21354, -0.417824, 0.114908, -0.979275, -0.765677, 1.00216, 
293, 0.228703, -0.397567, 0.0887351, -0.980445, -0.750363, 0.997516, 
293, 0.24343, -0.37706, 0.0620636, -0.981966, -0.735273, 0.993481, 
293, 0.257735, -0.3563, 0.034875, -0.983881, -0.720388, 0.990092, 
293, 0.271628, -0.335283, 0.00714893, -0.98623, -0.70569, 0.987383, 
293, 0.285123, -0.314001, -0.0211372, -0.989058, -0.691161, 0.985392, 
293, 0.298231, -0.292445, -0.0500083, -0.992411, -0.676785, 0.98416, 
293, 0.310965, -0.270605, -0.0794921, -0.996336, -0.662545, 0.983729, 
293, 0.323336, -0.248469, -0.109619, -1.00088, -0.648425, 0.984141, 
293, 0.335426, -0.225832, -0.140701, -1.00871, -0.634552, 0.988046, 
293, 0.347109, -0.203031, -0.172257, -1.01522, -0.620677, 0.990854, 
293, 0.358465, -0.179873, -0.20458, -1.02266, -0.60689, 0.994805, 
293, 0.369504, -0.156333, -0.23772, -1.03113, -0.593181, 0.999994, 
293, 0.380236, -0.132381, -0.271734, -1.04075, -0.57954, 1.00653, 
293, 0.390672, -0.107983, -0.306689, -1.05164, -0.56596, 1.01455, 
293, 0.400821, -0.0830996, -0.342657, -1.06395, -0.552436, 1.02419, 
293, 0.410693, -0.0576832, -0.379726, -1.07786, -0.538962, 1.03562, 
293, 0.420297, -0.0316794, -0.417997, -1.09356, -0.525534, 1.04906, 
293, 0.429642, -0.00502434, -0.457585, -1.11131, -0.512144, 1.06474, 
293, 0.438738, 0.0223574, -0.498629, -1.13139, -0.498772, 1.08298, 
293, 0.44759, 0.0505539, -0.54129, -1.15422, -0.485365, 1.10418, 
293, 0.456206, 0.0796654, -0.585753, -1.18035, -0.471766, 1.1289, 
293, 0.464614, 0.109991, -0.632508, -1.20839, -0.460052, 1.15581, 
293, 0.472792, 0.141491, -0.681552, -1.24141, -0.447464, 1.18794, 
293, 0.480756, 0.174462, -0.733397, -1.27872, -0.435195, 1.22466, 
294, 0.0649241, -0.346698, -0.294473, -1.53755, -0.817019, -4.47723, 
294, 0.0842496, -0.328899, -0.316414, -1.55287, -0.801088, -4.47192, 
294, 0.10309, -0.310543, -0.339119, -1.56792, -0.786793, -4.46644, 
294, 0.12138, -0.291828, -0.362369, -1.58368, -0.772276, -4.45989, 
294, 0.13916, -0.272664, -0.386297, -1.59979, -0.758295, -4.4526, 
294, 0.156436, -0.253046, -0.410934, -1.61628, -0.744858, -4.44454, 
294, 0.173201, -0.23299, -0.436282, -1.63314, -0.731985, -4.43574, 
294, 0.189356, -0.212676, -0.462123, -1.65054, -0.71977, -4.42607, 
294, 0.2054, -0.191258, -0.489627, -1.6689, -0.707822, -4.41497, 
294, 0.220706, -0.169781, -0.5174, -1.68758, -0.696743, -4.40326, 
294, 0.340719, 0.056351, -0.826105, 1.24367, 0.627245, -1.09757, 
294, 0.352469, 0.0878195, -0.871749, -1.92677, -0.62408, 2.07032, 
294, 0.363694, 0.120222, -0.919361, 1.18306, 0.622254, -1.04198, 
294, 0.374585, 0.15465, -0.970715, 1.14954, 0.621653, -1.01038, 
294, 0.385184, 0.192101, -1.02757, 1.11295, 0.623741, -0.974934, 
294, 0.395483, 0.23302, -1.09075, 1.07337, 0.627909, -0.935689, 
298, 0.63678, 0.0311224, 0.241545, -0.149734, -1.225, -0.21964, 
298, 0.639894, 0.0430711, 0.208524, -0.148987, -1.20372, -0.219468, 
298, 0.642934, 0.0555772, 0.174919, -0.148343, -1.18242, -0.219247, 
298, 0.645904, 0.0686413, 0.140702, -0.147802, -1.16107, -0.218971, 
298, 0.648806, 0.0822669, 0.105845, -0.147367, -1.13965, -0.218633, 
298, 0.651641, 0.0964608, 0.0703119, -0.147041, -1.11813, -0.218224, 
298, 0.654412, 0.111233, 0.0340658, -0.146828, -1.09649, -0.217737, 
298, 0.657121, 0.126598, -0.00293756, -0.146733, -1.07469, -0.217162, 
298, 0.659771, 0.142572, -0.0407475, -0.146762, -1.0527, -0.216489, 
298, 0.662363, 0.159178, -0.0794205, -0.146922, -1.03049, -0.215707, 
299, 0.557418, -0.364514, 0.564733, -0.232918, -1.06621, -0.0580094, 
299, 0.562691, -0.347965, 0.536525, -0.230566, -1.05367, -0.0607124, 
299, 0.567805, -0.331342, 0.508079, -0.228352, -1.04102, -0.0632618, 
299, 0.572768, -0.314634, 0.479384, -0.226272, -1.02824, -0.0656604, 
299, 0.577586, -0.297834, 0.450429, -0.224325, -1.01533, -0.0679107, 
299, 0.582265, -0.280932, 0.421201, -0.22251, -1.00229, -0.0700143, 
299, 0.58681, -0.263918, 0.391687, -0.220826, -0.989107, -0.0719726, 
299, 0.591229, -0.246783, 0.361871, -0.219273, -0.975777, -0.0737863, 
299, 0.595524, -0.229516, 0.33174, -0.21785, -0.962295, -0.0754555, 
299, 0.599702, -0.212106, 0.301276, -0.216558, -0.948654, -0.0769799, 
299, 0.603766, -0.194542, 0.270462, -0.215398, -0.934845, -0.0783586, 
299, 0.607722, -0.176813, 0.239279, -0.214372, -0.920862, -0.0795897, 
299, 0.611574, -0.158906, 0.207707, -0.213482, -0.906694, -0.0806712, 
299, 0.615324, -0.140806, 0.175723, -0.212731, -0.892333, -0.0815999, 
299, 0.618978, -0.1225, 0.143304, -0.212122, -0.877768, -0.0823719, 
299, 0.622539, -0.103973, 0.110424, -0.211661, -0.862989, -0.0829827, 
299, 0.62601, -0.0852084, 0.0770548, -0.211351, -0.847983, -0.0834265, 
299, 0.629395, -0.0661876, 0.0431658, -0.211201, -0.832737, -0.0836965, 
299, 0.632696, -0.0468915, 0.00872344, -0.211216, -0.817236, -0.0837848, 
299, 0.635917, -0.0272992, -0.0263091, -0.211406, -0.801465, -0.083682, 
299, 0.638985, -0.00463208, -0.0649262, -0.213193, -0.785266, -0.0821909, 
299, 0.642057, 0.0157981, -0.101495, -0.213865, -0.768845, -0.0815828, 
299, 0.645058, 0.0366247, -0.138826, -0.214768, -0.752083, -0.0807248, 
299, 0.647988, 0.0578832, -0.176983, -0.215924, -0.734953, -0.0795943, 
299, 0.650852, 0.0796138, -0.216036, -0.217358, -0.717425, -0.0781645, 
299, 0.65365, 0.101862, -0.256067, -0.219101, -0.699464, -0.0764028, 
299, 0.656386, 0.124682, -0.297171, -0.22119, -0.681031, -0.0742698, 
299, 0.65906, 0.148133, -0.339456, -0.223673, -0.66208, -0.0717174, 
300, 0.543793, -0.418407, 0.220261, -0.453155, -0.558912, 0.267388, 
300, 0.549494, -0.397044, 0.193513, -0.449578, -0.551722, 0.261923, 
300, 0.555019, -0.3757, 0.166433, -0.446442, -0.544289, 0.257, 
300, 0.560376, -0.354361, 0.139006, -0.443746, -0.536609, 0.252613, 
300, 0.565573, -0.333009, 0.111216, -0.441491, -0.528678, 0.248758, 
300, 0.570615, -0.311629, 0.0830454, -0.439682, -0.520491, 0.245436, 
300, 0.57551, -0.290204, 0.0544763, -0.438326, -0.512044, 0.242649, 
300, 0.580263, -0.268717, 0.0254882, -0.437436, -0.503331, 0.240405, 
300, 0.58488, -0.247149, -0.00394059, -0.437025, -0.494345, 0.238716, 
300, 0.589367, -0.225482, -0.0338336, -0.437113, -0.48508, 0.237598, 
300, 0.593729, -0.203697, -0.0642166, -0.437724, -0.47553, 0.237071, 
300, 0.597971, -0.181772, -0.0951176, -0.438884, -0.465685, 0.237161, 
300, 0.602097, -0.159686, -0.126567, -0.440629, -0.455538, 0.237902, 
300, 0.606113, -0.137415, -0.158599, -0.443, -0.445078, 0.23933, 
300, 0.610021, -0.114935, -0.191251, -0.446045, -0.434294, 0.241494, 
300, 0.613928, -0.0896609, -0.227506, -0.453153, -0.423065, 0.247647, 
300, 0.617634, -0.0664041, -0.261902, -0.458267, -0.411515, 0.251955, 
300, 0.621245, -0.0428119, -0.297117, -0.464384, -0.399588, 0.257324, 
300, 0.624765, -0.0188418, -0.33322, -0.471643, -0.387265, 0.263891, 
300, 0.628197, 0.00555418, -0.370292, -0.480213, -0.374523, 0.271825, 
300, 0.631544, 0.0304307, -0.408425, -0.490306, -0.361339, 0.28134, 
300, 0.634809, 0.0558508, -0.447726, -0.502189, -0.347686, 0.292704, 
300, 0.637995, 0.081888, -0.488323, -0.516207, -0.333535, 0.306262, 
300, 0.641105, 0.108629, -0.530367, -0.532803, -0.318852, 0.322461, 
300, 0.644142, 0.136178, -0.574039, -0.552566, -0.3036, 0.341891, 
300, 0.647108, 0.16466, -0.619561, -0.576285, -0.28774, 0.365347, 
301, 0.551704, -0.179372, -0.433151, -1.93463, -0.277399, 1.86478, 
301, 0.572627, -0.0846409, -0.555199, -2.05977, -0.273252, -4.30112, 
301, 0.577472, -0.0598596, -0.588206, -2.09456, -0.273848, -4.26799, 
301, 0.586758, -0.00849488, -0.658035, -2.16979, -0.277466, 2.08746, 
301, 0.591203, 0.0182152, -0.695095, 0.932448, 0.280631, -1.01607, 
301, 0.595514, 0.0456532, -0.733696, 0.890908, 0.284805, -0.975721, 
301, 0.599719, 0.0741939, -0.774416, -2.28694, -0.290018, 2.20109, 
301, 0.603817, 0.103919, -0.817445, -2.33256, -0.296859, 2.24582, 
301, 0.611671, 0.167614, -0.911737, -2.41839, -0.314826, 2.33034, 
306, 0.850801, -0.0159406, 0.293075, 0.130752, -1.20879, -0.53775, 
306, 0.84918, -0.00588702, 0.266398, 0.130563, -1.19209, -0.538411, 
306, 0.847587, 0.00451285, 0.239382, 0.130427, -1.17541, -0.539094, 
306, 0.846022, 0.0152557, 0.212013, 0.130344, -1.15872, -0.539805, 
306, 0.844486, 0.0263401, 0.184277, 0.130316, -1.14201, -0.540548, 
306, 0.842978, 0.0377661, 0.15616, 0.130345, -1.12527, -0.541326, 
306, 0.841498, 0.0495354, 0.127644, 0.130433, -1.10847, -0.542145, 
306, 0.840045, 0.0616512, 0.0987116, 0.130582, -1.09161, -0.543007, 
306, 0.838618, 0.0741183, 0.0693413, 0.130795, -1.07467, -0.543919, 
306, 0.837218, 0.0869431, 0.0395116, 0.131075, -1.05763, -0.544885, 
306, 0.835843, 0.100134, 0.00919815, 0.131425, -1.04047, -0.545909, 
306, 0.834493, 0.1137, -0.021626, 0.13185, -1.02319, -0.546998, 
306, 0.833168, 0.127653, -0.0529903, 0.132353, -1.00575, -0.548158, 
306, 0.831866, 0.142007, -0.0849277, 0.13294, -0.988152, -0.549395, 
306, 0.830588, 0.156779, -0.117475, 0.133616, -0.970364, -0.550717, 
306, 0.829333, 0.171986, -0.150672, 0.134389, -0.952368, -0.552132, 
307, 0.856515, -0.0835411, -0.0406127, 0.268707, -0.687517, -0.639847, 
307, 0.85478, -0.0660555, -0.0691516, 0.270512, -0.676402, -0.641884, 
307, 0.853081, -0.0483863, -0.0981271, 0.272526, -0.665056, -0.644152, 
307, 0.851417, -0.0305163, -0.127567, 0.274766, -0.65347, -0.646668, 
307, 0.849786, -0.0124268, -0.1575, 0.27725, -0.641633, -0.64945, 
307, 0.848188, 0.00590223, -0.187961, 0.28, -0.629534, -0.652521, 
307, 0.846622, 0.024493, -0.218985, 0.28304, -0.61716, -0.655905, 
307, 0.845086, 0.0433696, -0.250614, 0.286398, -0.604495, -0.659632, 
307, 0.843581, 0.0625587, -0.282892, 0.290109, -0.591525, -0.663736, 
307, 0.842104, 0.08209, -0.315871, 0.294211, -0.57823, -0.668259, 
307, 0.840655, 0.101997, -0.349607, 0.298752, -0.56459, -0.673247, 
307, 0.839234, 0.122316, -0.384166, 0.303785, -0.550581, -0.678757, 
307, 0.83784, 0.14309, -0.419621, 0.309378, -0.536177, -0.684858, 
307, 0.836472, 0.164367, -0.456057, 0.31561, -0.521347, -0.691632, 
308, 0.860008, 0.116508, -0.700598, -1.63215, 0.23056, -4.9827, 
317, 1.04292, 1.41105, -1.18598, 0.286159, -1.62154, -1.00317, 
317, 1.03877, 1.40734, -1.20796, 0.285164, -1.59575, -1.00651, 
317, 1.03053, 1.4048, -1.26023, 0.283671, -1.54086, -1.01406, 
317, 1.02644, 1.4119, -1.30114, 0.283437, -1.50726, -1.01964, 
317, 1.02236, 1.42489, -1.35246, 0.283634, -1.46933, -1.0265, 
317, 1.01831, 1.4487, -1.423, 0.284556, -1.42334, -1.03577, 
