0, 0.4, -0.88, 0.12, 0.98082, 0, -0.194914, 0
0, 0.4116, -0.88, 0.1248, 0.98082, 0, -0.194914, 0
0, 0.4232, -0.88, 0.1296, 0.98082, 0, -0.194914, 0
0, 0.4348, -0.88, 0.1344, 0.98082, 0, -0.194914, 0
0, 0.4464, -0.88, 0.1392, 0.98082, 0, -0.194914, 0
0, 0.458, -0.88, 0.144, 0.98082, 0, -0.194914, 0
0, 0.4696, -0.88, 0.1488, 0.98082, 0, -0.194914, 0
0, 0.4812, -0.88, 0.1536, 0.98082, 0, -0.194914, 0
0, 0.4928, -0.88, 0.1584, 0.98082, 0, -0.194914, 0
0, 0.5044, -0.88, 0.1632, 0.98082, 0, -0.194914, 0
0, 0.516, -0.88, 0.168, 0.98082, 0, -0.194914, 0
0, 0.5276, -0.88, 0.1728, 0.98082, 0, -0.194914, 0
0, 0.5392, -0.88, 0.1776, 0.98082, 0, -0.194914, 0
0, 0.5508, -0.88, 0.1824, 0.98082, 0, -0.194914, 0
0, 0.5624, -0.88, 0.1872, 0.98082, 0, -0.194914, 0
0, 0.574, -0.88, 0.192, 0.98082, 0, -0.194914, 0
0, 0.5856, -0.88, 0.1968, 0.98082, 0, -0.194914, 0
0, 0.5972, -0.88, 0.2016, 0.98082, 0, -0.194914, 0
0, 0.6088, -0.88, 0.2064, 0.98082, 0, -0.194914, 0
0, 0.6204, -0.88, 0.2112, 0.98082, 0, -0.194914, 0
0, 0.632, -0.88, 0.216, 0.98082, 0, -0.194914, 0
0, 0.6436, -0.88, 0.2208, 0.98082, 0, -0.194914, 0
0, 0.6552, -0.88, 0.2256, 0.98082, 0, -0.194914, 0
0, 0.6668, -0.88, 0.2304, 0.98082, 0, -0.194914, 0
0, 0.6784, -0.88, 0.2352, 0.98082, 0, -0.194914, 0
0, 0.69, -0.88, 0.24, 0.98082, 0, -0.194914, 0
0, 0.7016, -0.88, 0.2448, 0.98082, 0, -0.194914, 0
0, 0.7132, -0.88, 0.2496, 0.98082, 0, -0.194914, 0
0, 0.7248, -0.88, 0.2544, 0.98082, 0, -0.194914, 0
0, 0.7364, -0.88, 0.2592, 0.98082, 0, -0.194914, 0
0, 0.748, -0.88, 0.264, 0.98082, 0, -0.194914, 0
0, 0.7596, -0.88, 0.2688, 0.98082, 0, -0.194914, 0
0, 0.7712, -0.88, 0.2736, 0.98082, 0, -0.194914, 0
0, 0.7828, -0.88, 0.2784, 0.98082, 0, -0.194914, 0
0, 0.7944, -0.88, 0.2832, 0.98082, 0, -0.194914, 0
0, 0.806, -0.88, 0.288, 0.98082, 0, -0.194914, 0
0, 0.8176, -0.88, 0.2928, 0.98082, 0, -0.194914, 0
0, 0.8292, -0.88, 0.2976, 0.98082, 0, -0.194914, 0
0, 0.8408, -0.88, 0.3024, 0.98082, 0, -0.194914, 0
0, 0.8524, -0.88, 0.3072, 0.98082, 0, -0.194914, 0
0, 0.864, -0.88, 0.312, 0.98082, 0, -0.194914, 0
0, 0.8756, -0.88, 0.3168, 0.98082, 0, -0.194914, 0
0, 0.8872, -0.88, 0.3216, 0.98082, 0, -0.194914, 0
1, 0.4, -0.64, 0.12, 0.978106, 0, -0.186986, -0.091348
1, 0.4116, -0.6448, 0.1248, 0.978106, 0, -0.186986, -0.091348
1, 0.4232, -0.6496, 0.1296, 0.978106, 0, -0.186986, -0.091348
1, 0.4348, -0.6544, 0.1344, 0.978106, 0, -0.186986, -0.091348
1, 0.4464, -0.6592, 0.1392, 0.978106, 0, -0.186986, -0.091348
1, 0.458, -0.664, 0.144, 0.978106, 0, -0.186986, -0.091348
1, 0.4696, -0.6688, 0.1488, 0.978106, 0, -0.186986, -0.091348
1, 0.4812, -0.6736, 0.1536, 0.978106, 0, -0.186986, -0.091348
1, 0.4928, -0.6784, 0.1584, 0.978106, 0, -0.186986, -0.091348
1, 0.5044, -0.6832, 0.1632, 0.978106, 0, -0.186986, -0.091348
1, 0.516, -0.688, 0.168, 0.978106, 0, -0.186986, -0.091348
1, 0.5276, -0.6928, 0.1728, 0.978106, 0, -0.186986, -0.091348
1, 0.5392, -0.6976, 0.1776, 0.978106, 0, -0.186986, -0.091348
1, 0.5508, -0.7024, 0.1824, 0.978106, 0, -0.186986, -0.091348
1, 0.5624, -0.7072, 0.1872, 0.978106, 0, -0.186986, -0.091348
1, 0.574, -0.712, 0.192, 0.978106, 0, -0.186986, -0.091348
1, 0.5856, -0.7168, 0.1968, 0.978106, 0, -0.186986, -0.091348
1, 0.5972, -0.7216, 0.2016, 0.978106, 0, -0.186986, -0.091348
1, 0.6088, -0.7264, 0.2064, 0.978106, 0, -0.186986, -0.091348
1, 0.6204, -0.7312, 0.2112, 0.978106, 0, -0.186986, -0.091348
1, 0.632, -0.736, 0.216, 0.978106, 0, -0.186986, -0.091348
1, 0.6436, -0.7408, 0.2208, 0.978106, 0, -0.186986, -0.091348
1, 0.6552, -0.7456, 0.2256, 0.978106, 0, -0.186986, -0.091348
1, 0.6668, -0.7504, 0.2304, 0.978106, 0, -0.186986, -0.091348
1, 0.6784, -0.7552, 0.2352, 0.978106, 0, -0.186986, -0.091348
1, 0.69, -0.76, 0.24, 0.978106, 0, -0.186986, -0.091348
1, 0.7016, -0.7648, 0.2448, 0.978106, 0, -0.186986, -0.091348
1, 0.7132, -0.7696, 0.2496, 0.978106, 0, -0.186986, -0.091348
1, 0.7248, -0.7744, 0.2544, 0.978106, 0, -0.186986, -0.091348
1, 0.7364, -0.7792, 0.2592, 0.978106, 0, -0.186986, -0.091348
1, 0.748, -0.784, 0.264, 0.978106, 0, -0.186986, -0.091348
1, 0.7596, -0.7888, 0.2688, 0.978106, 0, -0.186986, -0.091348
1, 0.7712, -0.7936, 0.2736, 0.978106, 0, -0.186986, -0.091348
1, 0.7828, -0.7984, 0.2784, 0.978106, 0, -0.186986, -0.091348
1, 0.7944, -0.8032, 0.2832, 0.978106, 0, -0.186986, -0.091348
1, 0.806, -0.808, 0.288, 0.978106, 0, -0.186986, -0.091348
1, 0.8176, -0.8128, 0.2928, 0.978106, 0, -0.186986, -0.091348
1, 0.8292, -0.8176, 0.2976, 0.978106, 0, -0.186986, -0.091348
1, 0.8408, -0.8224, 0.3024, 0.978106, 0, -0.186986, -0.091348
1, 0.8524, -0.8272, 0.3072, 0.978106, 0, -0.186986, -0.091348
1, 0.864, -0.832, 0.312, 0.978106, 0, -0.186986, -0.091348
1, 0.8756, -0.8368, 0.3168, 0.978106, 0, -0.186986, -0.091348
1, 0.8872, -0.8416, 0.3216, 0.978106, 0, -0.186986, -0.091348
1, 0.8988, -0.8464, 0.3264, 0.978106, 0, -0.186986, -0.091348
1, 0.9104, -0.8512, 0.3312, 0.978106, 0, -0.186986, -0.091348
1, 0.922, -0.856, 0.336, 0.978106, 0, -0.186986, -0.091348
2, 0.4, -0.4, 0.12, 0.944778, 0, -0.16175, -0.285012
2, 0.4116, -0.4096, 0.1248, 0.944778, 0, -0.16175, -0.285012
2, 0.4232, -0.4192, 0.1296, 0.944778, 0, -0.16175, -0.285012
2, 0.4348, -0.4288, 0.1344, 0.944778, 0, -0.16175, -0.285012
2, 0.4464, -0.4384, 0.1392, 0.944778, 0, -0.16175, -0.285012
2, 0.458, -0.448, 0.144, 0.944778, 0, -0.16175, -0.285012
2, 0.4696, -0.4576, 0.1488, 0.944778, 0, -0.16175, -0.285012
2, 0.4812, -0.4672, 0.1536, 0.944778, 0, -0.16175, -0.285012
2, 0.4928, -0.4768, 0.1584, 0.944778, 0, -0.16175, -0.285012
2, 0.5044, -0.4864, 0.1632, 0.944778, 0, -0.16175, -0.285012
2, 0.516, -0.496, 0.168, 0.944778, 0, -0.16175, -0.285012
2, 0.5276, -0.5056, 0.1728, 0.944778, 0, -0.16175, -0.285012
2, 0.5392, -0.5152, 0.1776, 0.944778, 0, -0.16175, -0.285012
2, 0.5508, -0.5248, 0.1824, 0.944778, 0, -0.16175, -0.285012
2, 0.5624, -0.5344, 0.1872, 0.944778, 0, -0.16175, -0.285012
2, 0.574, -0.544, 0.192, 0.944778, 0, -0.16175, -0.285012
2, 0.5856, -0.5536, 0.1968, 0.944778, 0, -0.16175, -0.285012
2, 0.5972, -0.5632, 0.2016, 0.944778, 0, -0.16175, -0.285012
2, 0.6088, -0.5728, 0.2064, 0.944778, 0, -0.16175, -0.285012
2, 0.6204, -0.5824, 0.2112, 0.944778, 0, -0.16175, -0.285012
2, 0.632, -0.592, 0.216, 0.944778, 0, -0.16175, -0.285012
2, 0.6436, -0.6016, 0.2208, 0.944778, 0, -0.16175, -0.285012
2, 0.6552, -0.6112, 0.2256, 0.944778, 0, -0.16175, -0.285012
2, 0.6668, -0.6208, 0.2304, 0.944778, 0, -0.16175, -0.285012
2, 0.6784, -0.6304, 0.2352, 0.944778, 0, -0.16175, -0.285012
2, 0.69, -0.64, 0.24, 0.944778, 0, -0.16175, -0.285012
2, 0.7016, -0.6496, 0.2448, 0.944778, 0, -0.16175, -0.285012
2, 0.7132, -0.6592, 0.2496, 0.944778, 0, -0.16175, -0.285012
2, 0.7248, -0.6688, 0.2544, 0.944778, 0, -0.16175, -0.285012
2, 0.7364, -0.6784, 0.2592, 0.944778, 0, -0.16175, -0.285012
2, 0.748, -0.688, 0.264, 0.944778, 0, -0.16175, -0.285012
2, 0.7596, -0.6976, 0.2688, 0.944778, 0, -0.16175, -0.285012
2, 0.7712, -0.7072, 0.2736, 0.944778, 0, -0.16175, -0.285012
2, 0.7828, -0.7168, 0.2784, 0.944778, 0, -0.16175, -0.285012
2, 0.7944, -0.7264, 0.2832, 0.944778, 0, -0.16175, -0.285012
2, 0.806, -0.736, 0.288, 0.944778, 0, -0.16175, -0.285012
2, 0.8176, -0.7456, 0.2928, 0.944778, 0, -0.16175, -0.285012
2, 0.8292, -0.7552, 0.2976, 0.944778, 0, -0.16175, -0.285012
2, 0.8408, -0.7648, 0.3024, 0.944778, 0, -0.16175, -0.285012
2, 0.8524, -0.7744, 0.3072, 0.944778, 0, -0.16175, -0.285012
2, 0.864, -0.784, 0.312, 0.944778, 0, -0.16175, -0.285012
2, 0.8756, -0.7936, 0.3168, 0.944778, 0, -0.16175, -0.285012
2, 0.8872, -0.8032, 0.3216, 0.944778, 0, -0.16175, -0.285012
2, 0.8988, -0.8128, 0.3264, 0.944778, 0, -0.16175, -0.285012
2, 0.9104, -0.8224, 0.3312, 0.944778, 0, -0.16175, -0.285012
2, 0.922, -0.832, 0.336, 0.944778, 0, -0.16175, -0.285012
2, 0.9336, -0.8416, 0.3408, 0.944778, 0, -0.16175, -0.285012
2, 0.9452, -0.8512, 0.3456, 0.944778, 0, -0.16175, -0.285012
3, 0.458, -0.232, 0.144, 0.901166, 0, -0.138887, -0.410623
3, 0.4696, -0.2464, 0.1488, 0.901166, 0, -0.138887, -0.410623
3, 0.4812, -0.2608, 0.1536, 0.901166, 0, -0.138887, -0.410623
3, 0.4928, -0.2752, 0.1584, 0.901166, 0, -0.138887, -0.410623
3, 0.5044, -0.2896, 0.1632, 0.901166, 0, -0.138887, -0.410623
3, 0.516, -0.304, 0.168, 0.901166, 0, -0.138887, -0.410623
3, 0.5276, -0.3184, 0.1728, 0.901166, 0, -0.138887, -0.410623
3, 0.5392, -0.3328, 0.1776, 0.901166, 0, -0.138887, -0.410623
3, 0.5508, -0.3472, 0.1824, 0.901166, 0, -0.138887, -0.410623
3, 0.5624, -0.3616, 0.1872, 0.901166, 0, -0.138887, -0.410623
3, 0.574, -0.376, 0.192, 0.901166, 0, -0.138887, -0.410623
3, 0.5856, -0.3904, 0.1968, 0.901166, 0, -0.138887, -0.410623
3, 0.5972, -0.4048, 0.2016, 0.901166, 0, -0.138887, -0.410623
3, 0.6088, -0.4192, 0.2064, 0.901166, 0, -0.138887, -0.410623
3, 0.6204, -0.4336, 0.2112, 0.901166, 0, -0.138887, -0.410623
3, 0.632, -0.448, 0.216, 0.901166, 0, -0.138887, -0.410623
3, 0.6436, -0.4624, 0.2208, 0.901166, 0, -0.138887, -0.410623
3, 0.6552, -0.4768, 0.2256, 0.901166, 0, -0.138887, -0.410623
3, 0.6668, -0.4912, 0.2304, 0.901166, 0, -0.138887, -0.410623
3, 0.6784, -0.5056, 0.2352, 0.901166, 0, -0.138887, -0.410623
3, 0.69, -0.52, 0.24, 0.901166, 0, -0.138887, -0.410623
3, 0.7016, -0.5344, 0.2448, 0.901166, 0, -0.138887, -0.410623
3, 0.7132, -0.5488, 0.2496, 0.901166, 0, -0.138887, -0.410623
3, 0.7248, -0.5632, 0.2544, 0.901166, 0, -0.138887, -0.410623
3, 0.7364, -0.5776, 0.2592, 0.901166, 0, -0.138887, -0.410623
3, 0.748, -0.592, 0.264, 0.901166, 0, -0.138887, -0.410623
3, 0.7596, -0.6064, 0.2688, 0.901166, 0, -0.138887, -0.410623
3, 0.7712, -0.6208, 0.2736, 0.901166, 0, -0.138887, -0.410623
3, 0.7828, -0.6352, 0.2784, 0.901166, 0, -0.138887, -0.410623
3, 0.7944, -0.6496, 0.2832, 0.901166, 0, -0.138887, -0.410623
3, 0.806, -0.664, 0.288, 0.901166, 0, -0.138887, -0.410623
3, 0.8176, -0.6784, 0.2928, 0.901166, 0, -0.138887, -0.410623
3, 0.8292, -0.6928, 0.2976, 0.901166, 0, -0.138887, -0.410623
3, 0.8408, -0.7072, 0.3024, 0.901166, 0, -0.138887, -0.410623
3, 0.8524, -0.7216, 0.3072, 0.901166, 0, -0.138887, -0.410623
3, 0.864, -0.736, 0.312, 0.901166, 0, -0.138887, -0.410623
3, 0.8756, -0.7504, 0.3168, 0.901166, 0, -0.138887, -0.410623
3, 0.8872, -0.7648, 0.3216, 0.901166, 0, -0.138887, -0.410623
3, 0.8988, -0.7792, 0.3264, 0.901166, 0, -0.138887, -0.410623
3, 0.9104, -0.7936, 0.3312, 0.901166, 0, -0.138887, -0.410623
3, 0.922, -0.808, 0.336, 0.901166, 0, -0.138887, -0.410623
3, 0.9336, -0.8224, 0.3408, 0.901166, 0, -0.138887, -0.410623
3, 0.9452, -0.8368, 0.3456, 0.901166, 0, -0.138887, -0.410623
4, 0.4232, 0.0416, 0.1296, 0.869327, 0, -0.129791, -0.476892
4, 0.4348, 0.0224001, 0.1344, 0.869327, 0, -0.129791, -0.476892
4, 0.4464, 0.00320007, 0.1392, 0.869327, 0, -0.129791, -0.476892
4, 0.458, -0.0159999, 0.144, 0.869327, 0, -0.129791, -0.476892
4, 0.4696, -0.0351999, 0.1488, 0.869327, 0, -0.129791, -0.476892
4, 0.4812, -0.0543999, 0.1536, 0.869327, 0, -0.129791, -0.476892
4, 0.4928, -0.0735999, 0.1584, 0.869327, 0, -0.129791, -0.476892
4, 0.5044, -0.0927998, 0.1632, 0.869327, 0, -0.129791, -0.476892
4, 0.516, -0.112, 0.168, 0.869327, 0, -0.129791, -0.476892
4, 0.5276, -0.1312, 0.1728, 0.869327, 0, -0.129791, -0.476892
4, 0.5392, -0.1504, 0.1776, 0.869327, 0, -0.129791, -0.476892
4, 0.5508, -0.1696, 0.1824, 0.869327, 0, -0.129791, -0.476892
4, 0.5624, -0.1888, 0.1872, 0.869327, 0, -0.129791, -0.476892
4, 0.574, -0.208, 0.192, 0.869327, 0, -0.129791, -0.476892
4, 0.5856, -0.2272, 0.1968, 0.869327, 0, -0.129791, -0.476892
4, 0.5972, -0.2464, 0.2016, 0.869327, 0, -0.129791, -0.476892
4, 0.6088, -0.2656, 0.2064, 0.869327, 0, -0.129791, -0.476892
4, 0.6204, -0.2848, 0.2112, 0.869327, 0, -0.129791, -0.476892
4, 0.632, -0.304, 0.216, 0.869327, 0, -0.129791, -0.476892
4, 0.6436, -0.3232, 0.2208, 0.869327, 0, -0.129791, -0.476892
4, 0.6552, -0.3424, 0.2256, 0.869327, 0, -0.129791, -0.476892
4, 0.6668, -0.3616, 0.2304, 0.869327, 0, -0.129791, -0.476892
4, 0.6784, -0.3808, 0.2352, 0.869327, 0, -0.129791, -0.476892
4, 0.69, -0.4, 0.24, 0.869327, 0, -0.129791, -0.476892
4, 0.7016, -0.4192, 0.2448, 0.869327, 0, -0.129791, -0.476892
4, 0.7132, -0.4384, 0.2496, 0.869327, 0, -0.129791, -0.476892
4, 0.7248, -0.4576, 0.2544, 0.869327, 0, -0.129791, -0.476892
4, 0.7364, -0.4768, 0.2592, 0.869327, 0, -0.129791, -0.476892
4, 0.748, -0.496, 0.264, 0.869327, 0, -0.129791, -0.476892
4, 0.7596, -0.5152, 0.2688, 0.869327, 0, -0.129791, -0.476892
4, 0.7712, -0.5344, 0.2736, 0.869327, 0, -0.129791, -0.476892
4, 0.7828, -0.5536, 0.2784, 0.869327, 0, -0.129791, -0.476892
4, 0.7944, -0.5728, 0.2832, 0.869327, 0, -0.129791, -0.476892
4, 0.806, -0.592, 0.288, 0.869327, 0, -0.129791, -0.476892
4, 0.8176, -0.6112, 0.2928, 0.869327, 0, -0.129791, -0.476892
4, 0.8292, -0.6304, 0.2976, 0.869327, 0, -0.129791, -0.476892
4, 0.8408, -0.6496, 0.3024, 0.869327, 0, -0.129791, -0.476892
4, 0.8524, -0.6688, 0.3072, 0.869327, 0, -0.129791, -0.476892
4, 0.864, -0.688, 0.312, 0.869327, 0, -0.129791, -0.476892
4, 0.8756, -0.7072, 0.3168, 0.869327, 0, -0.129791, -0.476892
4, 0.8872, -0.7264, 0.3216, 0.869327, 0, -0.129791, -0.476892
4, 0.8988, -0.7456, 0.3264, 0.869327, 0, -0.129791, -0.476892
4, 0.9104, -0.7648, 0.3312, 0.869327, 0, -0.129791, -0.476892
4, 0.922, -0.784, 0.336, 0.869327, 0, -0.129791, -0.476892
4, 0.9336, -0.8032, 0.3408, 0.869327, 0, -0.129791, -0.476892
4, 0.9452, -0.8224, 0.3456, 0.869327, 0, -0.129791, -0.476892
4, 0.9568, -0.8416, 0.3504, 0.869327, 0, -0.129791, -0.476892
5, 0.4, 0.32, 0.12, 0.845722, 0, -0.128555, -0.517907
5, 0.4116, 0.296, 0.1248, 0.845722, 0, -0.128555, -0.517907
5, 0.4232, 0.272, 0.1296, 0.845722, 0, -0.128555, -0.517907
5, 0.4348, 0.248, 0.1344, 0.845722, 0, -0.128555, -0.517907
5, 0.4464, 0.224, 0.1392, 0.845722, 0, -0.128555, -0.517907
5, 0.458, 0.2, 0.144, 0.845722, 0, -0.128555, -0.517907
5, 0.4696, 0.176, 0.1488, 0.845722, 0, -0.128555, -0.517907
5, 0.4812, 0.152, 0.1536, 0.845722, 0, -0.128555, -0.517907
5, 0.4928, 0.128, 0.1584, 0.845722, 0, -0.128555, -0.517907
5, 0.5044, 0.104, 0.1632, 0.845722, 0, -0.128555, -0.517907
5, 0.516, 0.0800002, 0.168, 0.845722, 0, -0.128555, -0.517907
5, 0.5276, 0.0560003, 0.1728, 0.845722, 0, -0.128555, -0.517907
5, 0.5392, 0.0320003, 0.1776, 0.845722, 0, -0.128555, -0.517907
5, 0.5508, 0.0080003, 0.1824, 0.845722, 0, -0.128555, -0.517907
5, 0.5624, -0.0159997, 0.1872, 0.845722, 0, -0.128555, -0.517907
5, 0.574, -0.0399997, 0.192, 0.845722, 0, -0.128555, -0.517907
5, 0.5856, -0.0639996, 0.1968, 0.845722, 0, -0.128555, -0.517907
5, 0.5972, -0.0879996, 0.2016, 0.845722, 0, -0.128555, -0.517907
5, 0.6088, -0.112, 0.2064, 0.845722, 0, -0.128555, -0.517907
5, 0.6204, -0.136, 0.2112, 0.845722, 0, -0.128555, -0.517907
5, 0.632, -0.16, 0.216, 0.845722, 0, -0.128555, -0.517907
5, 0.6436, -0.184, 0.2208, 0.845722, 0, -0.128555, -0.517907
5, 0.6552, -0.207999, 0.2256, 0.845722, 0, -0.128555, -0.517907
5, 0.6668, -0.231999, 0.2304, 0.845722, 0, -0.128555, -0.517907
5, 0.6784, -0.255999, 0.2352, 0.845722, 0, -0.128555, -0.517907
5, 0.69, -0.279999, 0.24, 0.845722, 0, -0.128555, -0.517907
5, 0.7016, -0.303999, 0.2448, 0.845722, 0, -0.128555, -0.517907
5, 0.7132, -0.327999, 0.2496, 0.845722, 0, -0.128555, -0.517907
5, 0.7248, -0.351999, 0.2544, 0.845722, 0, -0.128555, -0.517907
5, 0.7364, -0.375999, 0.2592, 0.845722, 0, -0.128555, -0.517907
5, 0.748, -0.399999, 0.264, 0.845722, 0, -0.128555, -0.517907
5, 0.7596, -0.424, 0.2688, 0.845722, 0, -0.128555, -0.517907
5, 0.7712, -0.448, 0.2736, 0.845722, 0, -0.128555, -0.517907
5, 0.7828, -0.472, 0.2784, 0.845722, 0, -0.128555, -0.517907
5, 0.7944, -0.496, 0.2832, 0.845722, 0, -0.128555, -0.517907
5, 0.806, -0.52, 0.288, 0.845722, 0, -0.128555, -0.517907
5, 0.8176, -0.544, 0.2928, 0.845722, 0, -0.128555, -0.517907
5, 0.8292, -0.568, 0.2976, 0.845722, 0, -0.128555, -0.517907
5, 0.8408, -0.592, 0.3024, 0.845722, 0, -0.128555, -0.517907
5, 0.8524, -0.616, 0.3072, 0.845722, 0, -0.128555, -0.517907
5, 0.864, -0.64, 0.312, 0.845722, 0, -0.128555, -0.517907
5, 0.8756, -0.664, 0.3168, 0.845722, 0, -0.128555, -0.517907
5, 0.8872, -0.688, 0.3216, 0.845722, 0, -0.128555, -0.517907
5, 0.8988, -0.712, 0.3264, 0.845722, 0, -0.128555, -0.517907
5, 0.9104, -0.736, 0.3312, 0.845722, 0, -0.128555, -0.517907
5, 0.922, -0.76, 0.336, 0.845722, 0, -0.128555, -0.517907
5, 0.9336, -0.784, 0.3408, 0.845722, 0, -0.128555, -0.517907
5, 0.9452, -0.808, 0.3456, 0.845722, 0, -0.128555, -0.517907
5, 0.9568, -0.832, 0.3504, 0.845722, 0, -0.128555, -0.517907
6, 0.4, 0.56, 0.12, 0.827643, 0, -0.130262, -0.545929
6, 0.4116, 0.5312, 0.1248, 0.827643, 0, -0.130262, -0.545929
6, 0.4232, 0.5024, 0.1296, 0.827643, 0, -0.130262, -0.545929
6, 0.4348, 0.4736, 0.1344, 0.827643, 0, -0.130262, -0.545929
6, 0.4464, 0.4448, 0.1392, 0.827643, 0, -0.130262, -0.545929
6, 0.458, 0.416, 0.144, 0.827643, 0, -0.130262, -0.545929
6, 0.4696, 0.3872, 0.1488, 0.827643, 0, -0.130262, -0.545929
6, 0.4812, 0.3584, 0.1536, 0.827643, 0, -0.130262, -0.545929
6, 0.4928, 0.3296, 0.1584, 0.827643, 0, -0.130262, -0.545929
6, 0.5044, 0.3008, 0.1632, 0.827643, 0, -0.130262, -0.545929
6, 0.516, 0.272, 0.168, 0.827643, 0, -0.130262, -0.545929
6, 0.5276, 0.2432, 0.1728, 0.827643, 0, -0.130262, -0.545929
6, 0.5392, 0.2144, 0.1776, 0.827643, 0, -0.130262, -0.545929
6, 0.5508, 0.1856, 0.1824, 0.827643, 0, -0.130262, -0.545929
6, 0.5624, 0.1568, 0.1872, 0.827643, 0, -0.130262, -0.545929
6, 0.574, 0.128, 0.192, 0.827643, 0, -0.130262, -0.545929
6, 0.5856, 0.0992004, 0.1968, 0.827643, 0, -0.130262, -0.545929
6, 0.5972, 0.0704005, 0.2016, 0.827643, 0, -0.130262, -0.545929
6, 0.6088, 0.0416005, 0.2064, 0.827643, 0, -0.130262, -0.545929
6, 0.6204, 0.0128005, 0.2112, 0.827643, 0, -0.130262, -0.545929
6, 0.632, -0.0159995, 0.216, 0.827643, 0, -0.130262, -0.545929
6, 0.6436, -0.0447994, 0.2208, 0.827643, 0, -0.130262, -0.545929
6, 0.6552, -0.0735994, 0.2256, 0.827643, 0, -0.130262, -0.545929
6, 0.6668, -0.102399, 0.2304, 0.827643, 0, -0.130262, -0.545929
6, 0.6784, -0.131199, 0.2352, 0.827643, 0, -0.130262, -0.545929
6, 0.69, -0.159999, 0.24, 0.827643, 0, -0.130262, -0.545929
6, 0.7016, -0.188799, 0.2448, 0.827643, 0, -0.130262, -0.545929
6, 0.7132, -0.217599, 0.2496, 0.827643, 0, -0.130262, -0.545929
6, 0.7248, -0.246399, 0.2544, 0.827643, 0, -0.130262, -0.545929
6, 0.7364, -0.275199, 0.2592, 0.827643, 0, -0.130262, -0.545929
6, 0.748, -0.303999, 0.264, 0.827643, 0, -0.130262, -0.545929
6, 0.7596, -0.332799, 0.2688, 0.827643, 0, -0.130262, -0.545929
6, 0.7712, -0.361599, 0.2736, 0.827643, 0, -0.130262, -0.545929
6, 0.7828, -0.390399, 0.2784, 0.827643, 0, -0.130262, -0.545929
6, 0.7944, -0.419199, 0.2832, 0.827643, 0, -0.130262, -0.545929
6, 0.806, -0.447999, 0.288, 0.827643, 0, -0.130262, -0.545929
6, 0.8176, -0.4768, 0.2928, 0.827643, 0, -0.130262, -0.545929
6, 0.8292, -0.505599, 0.2976, 0.827643, 0, -0.130262, -0.545929
6, 0.8408, -0.534399, 0.3024, 0.827643, 0, -0.130262, -0.545929
6, 0.8524, -0.563199, 0.3072, 0.827643, 0, -0.130262, -0.545929
6, 0.864, -0.591999, 0.312, 0.827643, 0, -0.130262, -0.545929
6, 0.8756, -0.620799, 0.3168, 0.827643, 0, -0.130262, -0.545929
6, 0.8872, -0.649599, 0.3216, 0.827643, 0, -0.130262, -0.545929
6, 0.8988, -0.678399, 0.3264, 0.827643, 0, -0.130262, -0.545929
6, 0.9104, -0.707199, 0.3312, 0.827643, 0, -0.130262, -0.545929
6, 0.922, -0.735999, 0.336, 0.827643, 0, -0.130262, -0.545929
6, 0.9336, -0.764799, 0.3408, 0.827643, 0, -0.130262, -0.545929
6, 0.9452, -0.793599, 0.3456, 0.827643, 0, -0.130262, -0.545929
6, 0.9568, -0.822399, 0.3504, 0.827643, 0, -0.130262, -0.545929
7, 0.4696, 0.5984, 0.1488, 0.813466, 0, -0.132783, -0.566252
7, 0.4812, 0.5648, 0.1536, 0.813466, 0, -0.132783, -0.566252
7, 0.4928, 0.5312, 0.1584, 0.813466, 0, -0.132783, -0.566252
7, 0.5044, 0.4976, 0.1632, 0.813466, 0, -0.132783, -0.566252
7, 0.516, 0.464, 0.168, 0.813466, 0, -0.132783, -0.566252
7, 0.5276, 0.4304, 0.1728, 0.813466, 0, -0.132783, -0.566252
7, 0.5392, 0.3968, 0.1776, 0.813466, 0, -0.132783, -0.566252
7, 0.5508, 0.3632, 0.1824, 0.813466, 0, -0.132783, -0.566252
7, 0.5624, 0.3296, 0.1872, 0.813466, 0, -0.132783, -0.566252
7, 0.574, 0.296, 0.192, 0.813466, 0, -0.132783, -0.566252
7, 0.5856, 0.262401, 0.1968, 0.813466, 0, -0.132783, -0.566252
7, 0.5972, 0.228801, 0.2016, 0.813466, 0, -0.132783, -0.566252
7, 0.6088, 0.195201, 0.2064, 0.813466, 0, -0.132783, -0.566252
7, 0.6204, 0.161601, 0.2112, 0.813466, 0, -0.132783, -0.566252
7, 0.632, 0.128001, 0.216, 0.813466, 0, -0.132783, -0.566252
7, 0.6436, 0.0944007, 0.2208, 0.813466, 0, -0.132783, -0.566252
7, 0.6552, 0.0608007, 0.2256, 0.813466, 0, -0.132783, -0.566252
7, 0.6668, 0.0272007, 0.2304, 0.813466, 0, -0.132783, -0.566252
7, 0.6784, -0.00639923, 0.2352, 0.813466, 0, -0.132783, -0.566252
7, 0.69, -0.0399992, 0.24, 0.813466, 0, -0.132783, -0.566252
7, 0.7016, -0.0735992, 0.2448, 0.813466, 0, -0.132783, -0.566252
7, 0.7132, -0.107199, 0.2496, 0.813466, 0, -0.132783, -0.566252
7, 0.7248, -0.140799, 0.2544, 0.813466, 0, -0.132783, -0.566252
7, 0.7364, -0.174399, 0.2592, 0.813466, 0, -0.132783, -0.566252
7, 0.748, -0.207999, 0.264, 0.813466, 0, -0.132783, -0.566252
7, 0.7596, -0.241599, 0.2688, 0.813466, 0, -0.132783, -0.566252
7, 0.7712, -0.275199, 0.2736, 0.813466, 0, -0.132783, -0.566252
7, 0.7828, -0.308799, 0.2784, 0.813466, 0, -0.132783, -0.566252
7, 0.7944, -0.342399, 0.2832, 0.813466, 0, -0.132783, -0.566252
7, 0.806, -0.375999, 0.288, 0.813466, 0, -0.132783, -0.566252
7, 0.8176, -0.409599, 0.2928, 0.813466, 0, -0.132783, -0.566252
7, 0.8292, -0.443199, 0.2976, 0.813466, 0, -0.132783, -0.566252
7, 0.8408, -0.476799, 0.3024, 0.813466, 0, -0.132783, -0.566252
7, 0.8524, -0.510399, 0.3072, 0.813466, 0, -0.132783, -0.566252
7, 0.864, -0.543999, 0.312, 0.813466, 0, -0.132783, -0.566252
7, 0.8756, -0.577599, 0.3168, 0.813466, 0, -0.132783, -0.566252
7, 0.8872, -0.611199, 0.3216, 0.813466, 0, -0.132783, -0.566252
7, 0.8988, -0.644799, 0.3264, 0.813466, 0, -0.132783, -0.566252
7, 0.9104, -0.678399, 0.3312, 0.813466, 0, -0.132783, -0.566252
7, 0.922, -0.711999, 0.336, 0.813466, 0, -0.132783, -0.566252
7, 0.9336, -0.745599, 0.3408, 0.813466, 0, -0.132783, -0.566252
7, 0.9452, -0.779199, 0.3456, 0.813466, 0, -0.132783, -0.566252
7, 0.9568, -0.812799, 0.3504, 0.813466, 0, -0.132783, -0.566252
8, 0.5508, 0.5408, 0.1824, 0.802117, 0, -0.135334, -0.581629
8, 0.5624, 0.502401, 0.1872, 0.802117, 0, -0.135334, -0.581629
8, 0.574, 0.464001, 0.192, 0.802117, 0, -0.135334, -0.581629
8, 0.5856, 0.425601, 0.1968, 0.802117, 0, -0.135334, -0.581629
8, 0.5972, 0.387201, 0.2016, 0.802117, 0, -0.135334, -0.581629
8, 0.6088, 0.348801, 0.2064, 0.802117, 0, -0.135334, -0.581629
8, 0.6204, 0.310401, 0.2112, 0.802117, 0, -0.135334, -0.581629
8, 0.632, 0.272001, 0.216, 0.802117, 0, -0.135334, -0.581629
8, 0.6436, 0.233601, 0.2208, 0.802117, 0, -0.135334, -0.581629
8, 0.6552, 0.195201, 0.2256, 0.802117, 0, -0.135334, -0.581629
8, 0.6668, 0.156801, 0.2304, 0.802117, 0, -0.135334, -0.581629
8, 0.6784, 0.118401, 0.2352, 0.802117, 0, -0.135334, -0.581629
8, 0.69, 0.0800009, 0.24, 0.802117, 0, -0.135334, -0.581629
8, 0.7016, 0.0416009, 0.2448, 0.802117, 0, -0.135334, -0.581629
8, 0.7132, 0.00320087, 0.2496, 0.802117, 0, -0.135334, -0.581629
8, 0.7248, -0.0351992, 0.2544, 0.802117, 0, -0.135334, -0.581629
8, 0.7364, -0.0735992, 0.2592, 0.802117, 0, -0.135334, -0.581629
8, 0.748, -0.111999, 0.264, 0.802117, 0, -0.135334, -0.581629
8, 0.7596, -0.150399, 0.2688, 0.802117, 0, -0.135334, -0.581629
8, 0.7712, -0.188799, 0.2736, 0.802117, 0, -0.135334, -0.581629
8, 0.7828, -0.227199, 0.2784, 0.802117, 0, -0.135334, -0.581629
8, 0.7944, -0.265599, 0.2832, 0.802117, 0, -0.135334, -0.581629
8, 0.806, -0.303999, 0.288, 0.802117, 0, -0.135334, -0.581629
8, 0.8176, -0.342399, 0.2928, 0.802117, 0, -0.135334, -0.581629
8, 0.8292, -0.380799, 0.2976, 0.802117, 0, -0.135334, -0.581629
8, 0.8408, -0.419199, 0.3024, 0.802117, 0, -0.135334, -0.581629
8, 0.8524, -0.457599, 0.3072, 0.802117, 0, -0.135334, -0.581629
8, 0.864, -0.495999, 0.312, 0.802117, 0, -0.135334, -0.581629
8, 0.8756, -0.534399, 0.3168, 0.802117, 0, -0.135334, -0.581629
8, 0.8872, -0.572799, 0.3216, 0.802117, 0, -0.135334, -0.581629
8, 0.8988, -0.611199, 0.3264, 0.802117, 0, -0.135334, -0.581629
8, 0.9104, -0.649599, 0.3312, 0.802117, 0, -0.135334, -0.581629
8, 0.922, -0.687999, 0.336, 0.802117, 0, -0.135334, -0.581629
8, 0.9336, -0.726399, 0.3408, 0.802117, 0, -0.135334, -0.581629
8, 0.9452, -0.764799, 0.3456, 0.802117, 0, -0.135334, -0.581629
8, 0.9568, -0.803199, 0.3504, 0.802117, 0, -0.135334, -0.581629
9, 0.5276, -0.88, 0.3312, 0.870952, 0, -0.491368, 0
9, 0.5392, -0.88, 0.3504, 0.870952, 0, -0.491368, 0
9, 0.5508, -0.88, 0.3696, 0.870952, 0, -0.491368, 0
9, 0.5624, -0.88, 0.3888, 0.870952, 0, -0.491368, 0
9, 0.574, -0.88, 0.408, 0.870952, 0, -0.491368, 0
9, 0.5856, -0.88, 0.4272, 0.870952, 0, -0.491368, 0
9, 0.5972, -0.88, 0.4464, 0.870952, 0, -0.491368, 0
9, 0.6088, -0.88, 0.4656, 0.870952, 0, -0.491368, 0
9, 0.6204, -0.88, 0.4848, 0.870952, 0, -0.491368, 0
9, 0.632, -0.88, 0.504, 0.870952, 0, -0.491368, 0
9, 0.6436, -0.88, 0.5232, 0.870952, 0, -0.491368, 0
9, 0.6552, -0.88, 0.5424, 0.870952, 0, -0.491368, 0
9, 0.6668, -0.88, 0.5616, 0.870952, 0, -0.491368, 0
9, 0.6784, -0.88, 0.5808, 0.870952, 0, -0.491368, 0
9, 0.69, -0.88, 0.6, 0.870952, 0, -0.491368, 0
9, 0.7016, -0.88, 0.6192, 0.870952, 0, -0.491368, 0
9, 0.7132, -0.88, 0.6384, 0.870952, 0, -0.491368, 0
9, 0.7248, -0.88, 0.6576, 0.870952, 0, -0.491368, 0
9, 0.7364, -0.88, 0.6768, 0.870952, 0, -0.491368, 0
9, 0.748, -0.88, 0.696, 0.870952, 0, -0.491368, 0
9, 0.7596, -0.88, 0.7152, 0.870952, 0, -0.491368, 0
9, 0.7712, -0.88, 0.7344, 0.870952, 0, -0.491368, 0
9, 0.7828, -0.88, 0.7536, 0.870952, 0, -0.491368, 0
9, 0.7944, -0.88, 0.7728, 0.870952, 0, -0.491368, 0
9, 0.806, -0.88, 0.792, 0.870952, 0, -0.491368, 0
9, 0.8176, -0.88, 0.8112, 0.870952, 0, -0.491368, 0
9, 0.8292, -0.88, 0.8304, 0.870952, 0, -0.491368, 0
10, 0.4, -0.88, 0.36, 0.902034, 0, -0.431666, 0
10, 0.4116, -0.88, 0.3744, 0.902034, 0, -0.431666, 0
10, 0.4232, -0.88, 0.3888, 0.902034, 0, -0.431666, 0
10, 0.4348, -0.88, 0.4032, 0.902034, 0, -0.431666, 0
10, 0.4464, -0.88, 0.4176, 0.902034, 0, -0.431666, 0
10, 0.458, -0.88, 0.432, 0.902034, 0, -0.431666, 0
10, 0.4696, -0.88, 0.4464, 0.902034, 0, -0.431666, 0
10, 0.4812, -0.88, 0.4608, 0.902034, 0, -0.431666, 0
10, 0.4928, -0.88, 0.4752, 0.902034, 0, -0.431666, 0
10, 0.5044, -0.88, 0.4896, 0.902034, 0, -0.431666, 0
10, 0.516, -0.88, 0.504, 0.902034, 0, -0.431666, 0
10, 0.5276, -0.88, 0.5184, 0.902034, 0, -0.431666, 0
10, 0.5392, -0.88, 0.5328, 0.902034, 0, -0.431666, 0
10, 0.5508, -0.88, 0.5472, 0.902034, 0, -0.431666, 0
10, 0.5624, -0.88, 0.5616, 0.902034, 0, -0.431666, 0
10, 0.574, -0.88, 0.576, 0.902034, 0, -0.431666, 0
10, 0.5856, -0.88, 0.5904, 0.902034, 0, -0.431666, 0
10, 0.5972, -0.88, 0.6048, 0.902034, 0, -0.431666, 0
10, 0.6088, -0.88, 0.6192, 0.902034, 0, -0.431666, 0
10, 0.6204, -0.88, 0.6336, 0.902034, 0, -0.431666, 0
10, 0.632, -0.88, 0.648, 0.902034, 0, -0.431666, 0
10, 0.6436, -0.88, 0.6624, 0.902034, 0, -0.431666, 0
10, 0.6552, -0.88, 0.6768, 0.902034, 0, -0.431666, 0
10, 0.6668, -0.88, 0.6912, 0.902034, 0, -0.431666, 0
10, 0.6784, -0.88, 0.7056, 0.902034, 0, -0.431666, 0
10, 0.69, -0.88, 0.72, 0.902034, 0, -0.431666, 0
10, 0.7016, -0.88, 0.7344, 0.902034, 0, -0.431666, 0
10, 0.7132, -0.88, 0.7488, 0.902034, 0, -0.431666, 0
10, 0.7248, -0.88, 0.7632, 0.902034, 0, -0.431666, 0
10, 0.7364, -0.88, 0.7776, 0.902034, 0, -0.431666, 0
10, 0.748, -0.88, 0.792, 0.902034, 0, -0.431666, 0
10, 0.7596, -0.88, 0.8064, 0.902034, 0, -0.431666, 0
10, 0.7712, -0.88, 0.8208, 0.902034, 0, -0.431666, 0
10, 0.7828, -0.88, 0.8352, 0.902034, 0, -0.431666, 0
10, 0.7944, -0.88, 0.8496, 0.902034, 0, -0.431666, 0
10, 0.806, -0.88, 0.864, 0.902034, 0, -0.431666, 0
11, 0.4, -0.88, 0.6, 0.940849, 0, -0.338826, 0
11, 0.4116, -0.88, 0.6096, 0.940849, 0, -0.338826, 0
11, 0.4232, -0.88, 0.6192, 0.940849, 0, -0.338826, 0
11, 0.4348, -0.88, 0.6288, 0.940849, 0, -0.338826, 0
11, 0.4464, -0.88, 0.6384, 0.940849, 0, -0.338826, 0
11, 0.458, -0.88, 0.648, 0.940849, 0, -0.338826, 0
11, 0.4696, -0.88, 0.6576, 0.940849, 0, -0.338826, 0
11, 0.4812, -0.88, 0.6672, 0.940849, 0, -0.338826, 0
11, 0.4928, -0.88, 0.6768, 0.940849, 0, -0.338826, 0
11, 0.5044, -0.88, 0.6864, 0.940849, 0, -0.338826, 0
11, 0.516, -0.88, 0.696, 0.940849, 0, -0.338826, 0
11, 0.5276, -0.88, 0.7056, 0.940849, 0, -0.338826, 0
11, 0.5392, -0.88, 0.7152, 0.940849, 0, -0.338826, 0
11, 0.5508, -0.88, 0.7248, 0.940849, 0, -0.338826, 0
11, 0.5624, -0.88, 0.7344, 0.940849, 0, -0.338826, 0
11, 0.574, -0.88, 0.744, 0.940849, 0, -0.338826, 0
11, 0.5856, -0.88, 0.7536, 0.940849, 0, -0.338826, 0
11, 0.5972, -0.88, 0.7632, 0.940849, 0, -0.338826, 0
11, 0.6088, -0.88, 0.7728, 0.940849, 0, -0.338826, 0
11, 0.6204, -0.88, 0.7824, 0.940849, 0, -0.338826, 0
11, 0.632, -0.88, 0.792, 0.940849, 0, -0.338826, 0
11, 0.6436, -0.88, 0.8016, 0.940849, 0, -0.338826, 0
11, 0.6552, -0.88, 0.8112, 0.940849, 0, -0.338826, 0
11, 0.6668, -0.88, 0.8208, 0.940849, 0, -0.338826, 0
11, 0.6784, -0.88, 0.8304, 0.940849, 0, -0.338826, 0
11, 0.69, -0.88, 0.84, 0.940849, 0, -0.338826, 0
11, 0.7016, -0.88, 0.8496, 0.940849, 0, -0.338826, 0
11, 0.7132, -0.88, 0.8592, 0.940849, 0, -0.338826, 0
11, 0.7248, -0.88, 0.8688, 0.940849, 0, -0.338826, 0
11, 0.7364, -0.88, 0.8784, 0.940849, 0, -0.338826, 0
11, 0.748, -0.88, 0.888, 0.940849, 0, -0.338826, 0
11, 0.7596, -0.88, 0.8976, 0.940849, 0, -0.338826, 0
11, 0.7712, -0.88, 0.9072, 0.940849, 0, -0.338826, 0
11, 0.7828, -0.88, 0.9168, 0.940849, 0, -0.338826, 0
12, 0.5392, -0.88, 0.8976, 0.98082, 0, -0.194914, 0
12, 0.5624, -0.88, 0.9072, 0.98082, 0, -0.194914, 0
12, 0.574, -0.88, 0.912, 0.98082, 0, -0.194914, 0
12, 0.5856, -0.88, 0.9168, 0.98082, 0, -0.194914, 0
12, 0.5972, -0.88, 0.9216, 0.98082, 0, -0.194914, 0
12, 0.6088, -0.88, 0.9264, 0.98082, 0, -0.194914, 0
12, 0.6204, -0.88, 0.9312, 0.98082, 0, -0.194914, 0
12, 0.632, -0.88, 0.936, 0.98082, 0, -0.194914, 0
12, 0.6436, -0.88, 0.9408, 0.98082, 0, -0.194914, 0
12, 0.6552, -0.88, 0.9456, 0.98082, 0, -0.194914, 0
13, 0.5508, -0.7024, 0.3696, 0.868857, 0, -0.483105, -0.108154
13, 0.5624, -0.7072, 0.3888, 0.868857, 0, -0.483105, -0.108154
13, 0.574, -0.712, 0.408, 0.868857, 0, -0.483105, -0.108154
13, 0.5856, -0.7168, 0.4272, 0.868857, 0, -0.483105, -0.108154
13, 0.5972, -0.7216, 0.4464, 0.868857, 0, -0.483105, -0.108154
13, 0.6088, -0.7264, 0.4656, 0.868857, 0, -0.483105, -0.108154
13, 0.6204, -0.7312, 0.4848, 0.868857, 0, -0.483105, -0.108154
13, 0.632, -0.736, 0.504, 0.868857, 0, -0.483105, -0.108154
13, 0.6436, -0.7408, 0.5232, 0.868857, 0, -0.483105, -0.108154
13, 0.6552, -0.7456, 0.5424, 0.868857, 0, -0.483105, -0.108154
13, 0.6668, -0.7504, 0.5616, 0.868857, 0, -0.483105, -0.108154
13, 0.6784, -0.7552, 0.5808, 0.868857, 0, -0.483105, -0.108154
13, 0.69, -0.76, 0.6, 0.868857, 0, -0.483105, -0.108154
13, 0.7016, -0.7648, 0.6192, 0.868857, 0, -0.483105, -0.108154
13, 0.7132, -0.7696, 0.6384, 0.868857, 0, -0.483105, -0.108154
13, 0.7248, -0.7744, 0.6576, 0.868857, 0, -0.483105, -0.108154
13, 0.7364, -0.7792, 0.6768, 0.868857, 0, -0.483105, -0.108154
13, 0.748, -0.784, 0.696, 0.868857, 0, -0.483105, -0.108154
13, 0.7596, -0.7888, 0.7152, 0.868857, 0, -0.483105, -0.108154
13, 0.7712, -0.7936, 0.7344, 0.868857, 0, -0.483105, -0.108154
13, 0.7828, -0.7984, 0.7536, 0.868857, 0, -0.483105, -0.108154
13, 0.7944, -0.8032, 0.7728, 0.868857, 0, -0.483105, -0.108154
13, 0.806, -0.808, 0.792, 0.868857, 0, -0.483105, -0.108154
13, 0.8176, -0.8128, 0.8112, 0.868857, 0, -0.483105, -0.108154
13, 0.8292, -0.8176, 0.8304, 0.868857, 0, -0.483105, -0.108154
13, 0.8408, -0.8224, 0.8496, 0.868857, 0, -0.483105, -0.108154
13, 0.8524, -0.8272, 0.8688, 0.868857, 0, -0.483105, -0.108154
13, 0.864, -0.832, 0.888, 0.868857, 0, -0.483105, -0.108154
14, 0.4232, -0.6496, 0.3888, 0.899701, 0, -0.42188, -0.112054
14, 0.4348, -0.6544, 0.4032, 0.899701, 0, -0.42188, -0.112054
14, 0.4464, -0.6592, 0.4176, 0.899701, 0, -0.42188, -0.112054
14, 0.458, -0.664, 0.432, 0.899701, 0, -0.42188, -0.112054
14, 0.4696, -0.6688, 0.4464, 0.899701, 0, -0.42188, -0.112054
14, 0.4812, -0.6736, 0.4608, 0.899701, 0, -0.42188, -0.112054
14, 0.4928, -0.6784, 0.4752, 0.899701, 0, -0.42188, -0.112054
14, 0.5044, -0.6832, 0.4896, 0.899701, 0, -0.42188, -0.112054
14, 0.516, -0.688, 0.504, 0.899701, 0, -0.42188, -0.112054
14, 0.5276, -0.6928, 0.5184, 0.899701, 0, -0.42188, -0.112054
14, 0.5392, -0.6976, 0.5328, 0.899701, 0, -0.42188, -0.112054
14, 0.5508, -0.7024, 0.5472, 0.899701, 0, -0.42188, -0.112054
14, 0.5624, -0.7072, 0.5616, 0.899701, 0, -0.42188, -0.112054
14, 0.574, -0.712, 0.576, 0.899701, 0, -0.42188, -0.112054
14, 0.5856, -0.7168, 0.5904, 0.899701, 0, -0.42188, -0.112054
14, 0.5972, -0.7216, 0.6048, 0.899701, 0, -0.42188, -0.112054
14, 0.6088, -0.7264, 0.6192, 0.899701, 0, -0.42188, -0.112054
14, 0.6204, -0.7312, 0.6336, 0.899701, 0, -0.42188, -0.112054
14, 0.632, -0.736, 0.648, 0.899701, 0, -0.42188, -0.112054
14, 0.6436, -0.7408, 0.6624, 0.899701, 0, -0.42188, -0.112054
14, 0.6552, -0.7456, 0.6768, 0.899701, 0, -0.42188, -0.112054
14, 0.6668, -0.7504, 0.6912, 0.899701, 0, -0.42188, -0.112054
14, 0.6784, -0.7552, 0.7056, 0.899701, 0, -0.42188, -0.112054
14, 0.69, -0.76, 0.72, 0.899701, 0, -0.42188, -0.112054
14, 0.7016, -0.7648, 0.7344, 0.899701, 0, -0.42188, -0.112054
14, 0.7132, -0.7696, 0.7488, 0.899701, 0, -0.42188, -0.112054
14, 0.7248, -0.7744, 0.7632, 0.899701, 0, -0.42188, -0.112054
14, 0.7364, -0.7792, 0.7776, 0.899701, 0, -0.42188, -0.112054
14, 0.748, -0.784, 0.792, 0.899701, 0, -0.42188, -0.112054
14, 0.7596, -0.7888, 0.8064, 0.899701, 0, -0.42188, -0.112054
14, 0.7712, -0.7936, 0.8208, 0.899701, 0, -0.42188, -0.112054
14, 0.7828, -0.7984, 0.8352, 0.899701, 0, -0.42188, -0.112054
14, 0.7944, -0.8032, 0.8496, 0.899701, 0, -0.42188, -0.112054
14, 0.806, -0.808, 0.864, 0.899701, 0, -0.42188, -0.112054
14, 0.8176, -0.8128, 0.8784, 0.899701, 0, -0.42188, -0.112054
14, 0.8292, -0.8176, 0.8928, 0.899701, 0, -0.42188, -0.112054
14, 0.8408, -0.8224, 0.9072, 0.899701, 0, -0.42188, -0.112054
14, 0.8524, -0.8272, 0.9216, 0.899701, 0, -0.42188, -0.112054
15, 0.4, -0.64, 0.6, 0.938776, 0, -0.32839, -0.104209
15, 0.4116, -0.6448, 0.6096, 0.938776, 0, -0.32839, -0.104209
15, 0.4232, -0.6496, 0.6192, 0.938776, 0, -0.32839, -0.104209
15, 0.4348, -0.6544, 0.6288, 0.938776, 0, -0.32839, -0.104209
15, 0.4464, -0.6592, 0.6384, 0.938776, 0, -0.32839, -0.104209
15, 0.458, -0.664, 0.648, 0.938776, 0, -0.32839, -0.104209
15, 0.4696, -0.6688, 0.6576, 0.938776, 0, -0.32839, -0.104209
15, 0.4812, -0.6736, 0.6672, 0.938776, 0, -0.32839, -0.104209
15, 0.4928, -0.6784, 0.6768, 0.938776, 0, -0.32839, -0.104209
15, 0.5044, -0.6832, 0.6864, 0.938776, 0, -0.32839, -0.104209
15, 0.516, -0.688, 0.696, 0.938776, 0, -0.32839, -0.104209
15, 0.5276, -0.6928, 0.7056, 0.938776, 0, -0.32839, -0.104209
15, 0.5392, -0.6976, 0.7152, 0.938776, 0, -0.32839, -0.104209
15, 0.5508, -0.7024, 0.7248, 0.938776, 0, -0.32839, -0.104209
15, 0.5624, -0.7072, 0.7344, 0.938776, 0, -0.32839, -0.104209
15, 0.574, -0.712, 0.744, 0.938776, 0, -0.32839, -0.104209
15, 0.5856, -0.7168, 0.7536, 0.938776, 0, -0.32839, -0.104209
15, 0.5972, -0.7216, 0.7632, 0.938776, 0, -0.32839, -0.104209
15, 0.6088, -0.7264, 0.7728, 0.938776, 0, -0.32839, -0.104209
15, 0.6204, -0.7312, 0.7824, 0.938776, 0, -0.32839, -0.104209
15, 0.632, -0.736, 0.792, 0.938776, 0, -0.32839, -0.104209
15, 0.6436, -0.7408, 0.8016, 0.938776, 0, -0.32839, -0.104209
15, 0.6552, -0.7456, 0.8112, 0.938776, 0, -0.32839, -0.104209
15, 0.6668, -0.7504, 0.8208, 0.938776, 0, -0.32839, -0.104209
15, 0.6784, -0.7552, 0.8304, 0.938776, 0, -0.32839, -0.104209
15, 0.69, -0.76, 0.84, 0.938776, 0, -0.32839, -0.104209
15, 0.7016, -0.7648, 0.8496, 0.938776, 0, -0.32839, -0.104209
15, 0.7132, -0.7696, 0.8592, 0.938776, 0, -0.32839, -0.104209
15, 0.7248, -0.7744, 0.8688, 0.938776, 0, -0.32839, -0.104209
15, 0.7364, -0.7792, 0.8784, 0.938776, 0, -0.32839, -0.104209
15, 0.748, -0.784, 0.888, 0.938776, 0, -0.32839, -0.104209
15, 0.7596, -0.7888, 0.8976, 0.938776, 0, -0.32839, -0.104209
15, 0.7712, -0.7936, 0.9072, 0.938776, 0, -0.32839, -0.104209
15, 0.7828, -0.7984, 0.9168, 0.938776, 0, -0.32839, -0.104209
15, 0.7944, -0.8032, 0.9264, 0.938776, 0, -0.32839, -0.104209
15, 0.806, -0.808, 0.936, 0.938776, 0, -0.32839, -0.104209
15, 0.8176, -0.8128, 0.9456, 0.938776, 0, -0.32839, -0.104209
15, 0.8292, -0.8176, 0.9552, 0.938776, 0, -0.32839, -0.104209
15, 0.8408, -0.8224, 0.9648, 0.938776, 0, -0.32839, -0.104209
16, 0.4, -0.64, 0.84, 0.978106, 0, -0.186986, -0.091348
16, 0.4116, -0.6448, 0.8448, 0.978106, 0, -0.186986, -0.091348
16, 0.4232, -0.6496, 0.8496, 0.978106, 0, -0.186986, -0.091348
16, 0.4348, -0.6544, 0.8544, 0.978106, 0, -0.186986, -0.091348
16, 0.4464, -0.6592, 0.8592, 0.978106, 0, -0.186986, -0.091348
16, 0.458, -0.664, 0.864, 0.978106, 0, -0.186986, -0.091348
16, 0.4696, -0.6688, 0.8688, 0.978106, 0, -0.186986, -0.091348
16, 0.4812, -0.6736, 0.8736, 0.978106, 0, -0.186986, -0.091348
16, 0.4928, -0.6784, 0.8784, 0.978106, 0, -0.186986, -0.091348
16, 0.5044, -0.6832, 0.8832, 0.978106, 0, -0.186986, -0.091348
16, 0.516, -0.688, 0.888, 0.978106, 0, -0.186986, -0.091348
16, 0.5276, -0.6928, 0.8928, 0.978106, 0, -0.186986, -0.091348
16, 0.5392, -0.6976, 0.8976, 0.978106, 0, -0.186986, -0.091348
16, 0.5508, -0.7024, 0.9024, 0.978106, 0, -0.186986, -0.091348
16, 0.5624, -0.7072, 0.9072, 0.978106, 0, -0.186986, -0.091348
16, 0.574, -0.712, 0.912, 0.978106, 0, -0.186986, -0.091348
16, 0.5856, -0.7168, 0.9168, 0.978106, 0, -0.186986, -0.091348
16, 0.5972, -0.7216, 0.9216, 0.978106, 0, -0.186986, -0.091348
16, 0.6088, -0.7264, 0.9264, 0.978106, 0, -0.186986, -0.091348
16, 0.6204, -0.7312, 0.9312, 0.978106, 0, -0.186986, -0.091348
16, 0.632, -0.736, 0.936, 0.978106, 0, -0.186986, -0.091348
16, 0.6436, -0.7408, 0.9408, 0.978106, 0, -0.186986, -0.091348
16, 0.6552, -0.7456, 0.9456, 0.978106, 0, -0.186986, -0.091348
16, 0.6668, -0.7504, 0.9504, 0.978106, 0, -0.186986, -0.091348
16, 0.6784, -0.7552, 0.9552, 0.978106, 0, -0.186986, -0.091348
16, 0.69, -0.76, 0.96, 0.978106, 0, -0.186986, -0.091348
16, 0.7016, -0.7648, 0.9648, 0.978106, 0, -0.186986, -0.091348
16, 0.7132, -0.7696, 0.9696, 0.978106, 0, -0.186986, -0.091348
16, 0.7248, -0.7744, 0.9744, 0.978106, 0, -0.186986, -0.091348
16, 0.7364, -0.7792, 0.9792, 0.978106, 0, -0.186986, -0.091348
16, 0.748, -0.784, 0.984, 0.978106, 0, -0.186986, -0.091348
16, 0.7596, -0.7888, 0.9888, 0.978106, 0, -0.186986, -0.091348
16, 0.7712, -0.7936, 0.9936, 0.978106, 0, -0.186986, -0.091348
16, 0.7828, -0.7984, 0.9984, 0.978106, 0, -0.186986, -0.091348
16, 0.7944, -0.8032, 1.0032, 0.978106, 0, -0.186986, -0.091348
16, 0.806, -0.808, 1.008, 0.978106, 0, -0.186986, -0.091348
17, 0.5624, -0.5344, 0.3888, 0.861277, 0, -0.461469, -0.212715
17, 0.574, -0.544, 0.408, 0.861277, 0, -0.461469, -0.212715
17, 0.5856, -0.5536, 0.4272, 0.861277, 0, -0.461469, -0.212715
17, 0.5972, -0.5632, 0.4464, 0.861277, 0, -0.461469, -0.212715
17, 0.6088, -0.5728, 0.4656, 0.861277, 0, -0.461469, -0.212715
17, 0.6204, -0.5824, 0.4848, 0.861277, 0, -0.461469, -0.212715
17, 0.632, -0.592, 0.504, 0.861277, 0, -0.461469, -0.212715
17, 0.6436, -0.6016, 0.5232, 0.861277, 0, -0.461469, -0.212715
17, 0.6552, -0.6112, 0.5424, 0.861277, 0, -0.461469, -0.212715
17, 0.6668, -0.6208, 0.5616, 0.861277, 0, -0.461469, -0.212715
17, 0.6784, -0.6304, 0.5808, 0.861277, 0, -0.461469, -0.212715
17, 0.69, -0.64, 0.6, 0.861277, 0, -0.461469, -0.212715
17, 0.7016, -0.6496, 0.6192, 0.861277, 0, -0.461469, -0.212715
17, 0.7132, -0.6592, 0.6384, 0.861277, 0, -0.461469, -0.212715
17, 0.7248, -0.6688, 0.6576, 0.861277, 0, -0.461469, -0.212715
17, 0.7364, -0.6784, 0.6768, 0.861277, 0, -0.461469, -0.212715
17, 0.748, -0.688, 0.696, 0.861277, 0, -0.461469, -0.212715
17, 0.7596, -0.6976, 0.7152, 0.861277, 0, -0.461469, -0.212715
17, 0.7712, -0.7072, 0.7344, 0.861277, 0, -0.461469, -0.212715
17, 0.7828, -0.7168, 0.7536, 0.861277, 0, -0.461469, -0.212715
17, 0.7944, -0.7264, 0.7728, 0.861277, 0, -0.461469, -0.212715
17, 0.806, -0.736, 0.792, 0.861277, 0, -0.461469, -0.212715
17, 0.8176, -0.7456, 0.8112, 0.861277, 0, -0.461469, -0.212715
17, 0.8292, -0.7552, 0.8304, 0.861277, 0, -0.461469, -0.212715
17, 0.8408, -0.7648, 0.8496, 0.861277, 0, -0.461469, -0.212715
17, 0.8524, -0.7744, 0.8688, 0.861277, 0, -0.461469, -0.212715
17, 0.864, -0.784, 0.888, 0.861277, 0, -0.461469, -0.212715
17, 0.8756, -0.7936, 0.9072, 0.861277, 0, -0.461469, -0.212715
18, 0.4348, -0.4288, 0.4032, 0.888848, 0, -0.395358, -0.231607
18, 0.4464, -0.4384, 0.4176, 0.888848, 0, -0.395358, -0.231607
18, 0.458, -0.448, 0.432, 0.888848, 0, -0.395358, -0.231607
18, 0.4696, -0.4576, 0.4464, 0.888848, 0, -0.395358, -0.231607
18, 0.4812, -0.4672, 0.4608, 0.888848, 0, -0.395358, -0.231607
18, 0.4928, -0.4768, 0.4752, 0.888848, 0, -0.395358, -0.231607
18, 0.5044, -0.4864, 0.4896, 0.888848, 0, -0.395358, -0.231607
18, 0.516, -0.496, 0.504, 0.888848, 0, -0.395358, -0.231607
18, 0.5276, -0.5056, 0.5184, 0.888848, 0, -0.395358, -0.231607
18, 0.5392, -0.5152, 0.5328, 0.888848, 0, -0.395358, -0.231607
18, 0.5508, -0.5248, 0.5472, 0.888848, 0, -0.395358, -0.231607
18, 0.5624, -0.5344, 0.5616, 0.888848, 0, -0.395358, -0.231607
18, 0.574, -0.544, 0.576, 0.888848, 0, -0.395358, -0.231607
18, 0.5856, -0.5536, 0.5904, 0.888848, 0, -0.395358, -0.231607
18, 0.5972, -0.5632, 0.6048, 0.888848, 0, -0.395358, -0.231607
18, 0.6088, -0.5728, 0.6192, 0.888848, 0, -0.395358, -0.231607
18, 0.6204, -0.5824, 0.6336, 0.888848, 0, -0.395358, -0.231607
18, 0.632, -0.592, 0.648, 0.888848, 0, -0.395358, -0.231607
18, 0.6436, -0.6016, 0.6624, 0.888848, 0, -0.395358, -0.231607
18, 0.6552, -0.6112, 0.6768, 0.888848, 0, -0.395358, -0.231607
18, 0.6668, -0.6208, 0.6912, 0.888848, 0, -0.395358, -0.231607
18, 0.6784, -0.6304, 0.7056, 0.888848, 0, -0.395358, -0.231607
18, 0.69, -0.64, 0.72, 0.888848, 0, -0.395358, -0.231607
18, 0.7016, -0.6496, 0.7344, 0.888848, 0, -0.395358, -0.231607
18, 0.7132, -0.6592, 0.7488, 0.888848, 0, -0.395358, -0.231607
18, 0.7248, -0.6688, 0.7632, 0.888848, 0, -0.395358, -0.231607
18, 0.7364, -0.6784, 0.7776, 0.888848, 0, -0.395358, -0.231607
18, 0.748, -0.688, 0.792, 0.888848, 0, -0.395358, -0.231607
18, 0.7596, -0.6976, 0.8064, 0.888848, 0, -0.395358, -0.231607
18, 0.7712, -0.7072, 0.8208, 0.888848, 0, -0.395358, -0.231607
18, 0.7828, -0.7168, 0.8352, 0.888848, 0, -0.395358, -0.231607
18, 0.7944, -0.7264, 0.8496, 0.888848, 0, -0.395358, -0.231607
18, 0.806, -0.736, 0.864, 0.888848, 0, -0.395358, -0.231607
18, 0.8176, -0.7456, 0.8784, 0.888848, 0, -0.395358, -0.231607
18, 0.8292, -0.7552, 0.8928, 0.888848, 0, -0.395358, -0.231607
18, 0.8408, -0.7648, 0.9072, 0.888848, 0, -0.395358, -0.231607
18, 0.8524, -0.7744, 0.9216, 0.888848, 0, -0.395358, -0.231607
18, 0.864, -0.784, 0.936, 0.888848, 0, -0.395358, -0.231607
18, 0.8756, -0.7936, 0.9504, 0.888848, 0, -0.395358, -0.231607
19, 0.4, -0.4, 0.6, 0.921326, 0, -0.297689, -0.250079
19, 0.4116, -0.4096, 0.6096, 0.921326, 0, -0.297689, -0.250079
19, 0.4232, -0.4192, 0.6192, 0.921326, 0, -0.297689, -0.250079
19, 0.4348, -0.4288, 0.6288, 0.921326, 0, -0.297689, -0.250079
19, 0.4464, -0.4384, 0.6384, 0.921326, 0, -0.297689, -0.250079
19, 0.458, -0.448, 0.648, 0.921326, 0, -0.297689, -0.250079
19, 0.4696, -0.4576, 0.6576, 0.921326, 0, -0.297689, -0.250079
19, 0.4812, -0.4672, 0.6672, 0.921326, 0, -0.297689, -0.250079
19, 0.4928, -0.4768, 0.6768, 0.921326, 0, -0.297689, -0.250079
19, 0.5044, -0.4864, 0.6864, 0.921326, 0, -0.297689, -0.250079
19, 0.516, -0.496, 0.696, 0.921326, 0, -0.297689, -0.250079
19, 0.5276, -0.5056, 0.7056, 0.921326, 0, -0.297689, -0.250079
19, 0.5392, -0.5152, 0.7152, 0.921326, 0, -0.297689, -0.250079
19, 0.5508, -0.5248, 0.7248, 0.921326, 0, -0.297689, -0.250079
19, 0.5624, -0.5344, 0.7344, 0.921326, 0, -0.297689, -0.250079
19, 0.574, -0.544, 0.744, 0.921326, 0, -0.297689, -0.250079
19, 0.5856, -0.5536, 0.7536, 0.921326, 0, -0.297689, -0.250079
19, 0.5972, -0.5632, 0.7632, 0.921326, 0, -0.297689, -0.250079
19, 0.6088, -0.5728, 0.7728, 0.921326, 0, -0.297689, -0.250079
19, 0.6204, -0.5824, 0.7824, 0.921326, 0, -0.297689, -0.250079
19, 0.632, -0.592, 0.792, 0.921326, 0, -0.297689, -0.250079
19, 0.6436, -0.6016, 0.8016, 0.921326, 0, -0.297689, -0.250079
19, 0.6552, -0.6112, 0.8112, 0.921326, 0, -0.297689, -0.250079
19, 0.6668, -0.6208, 0.8208, 0.921326, 0, -0.297689, -0.250079
19, 0.6784, -0.6304, 0.8304, 0.921326, 0, -0.297689, -0.250079
19, 0.69, -0.64, 0.84, 0.921326, 0, -0.297689, -0.250079
19, 0.7016, -0.6496, 0.8496, 0.921326, 0, -0.297689, -0.250079
19, 0.7132, -0.6592, 0.8592, 0.921326, 0, -0.297689, -0.250079
19, 0.7248, -0.6688, 0.8688, 0.921326, 0, -0.297689, -0.250079
19, 0.7364, -0.6784, 0.8784, 0.921326, 0, -0.297689, -0.250079
19, 0.748, -0.688, 0.888, 0.921326, 0, -0.297689, -0.250079
19, 0.7596, -0.6976, 0.8976, 0.921326, 0, -0.297689, -0.250079
19, 0.7712, -0.7072, 0.9072, 0.921326, 0, -0.297689, -0.250079
19, 0.7828, -0.7168, 0.9168, 0.921326, 0, -0.297689, -0.250079
19, 0.7944, -0.7264, 0.9264, 0.921326, 0, -0.297689, -0.250079
19, 0.806, -0.736, 0.936, 0.921326, 0, -0.297689, -0.250079
19, 0.8176, -0.7456, 0.9456, 0.921326, 0, -0.297689, -0.250079
19, 0.8292, -0.7552, 0.9552, 0.921326, 0, -0.297689, -0.250079
19, 0.8408, -0.7648, 0.9648, 0.921326, 0, -0.297689, -0.250079
19, 0.8524, -0.7744, 0.9744, 0.921326, 0, -0.297689, -0.250079
19, 0.864, -0.784, 0.984, 0.921326, 0, -0.297689, -0.250079
20, 0.4, -0.4, 0.84, 0.944778, 0, -0.16175, -0.285012
20, 0.4116, -0.4096, 0.8448, 0.944778, 0, -0.16175, -0.285012
20, 0.4232, -0.4192, 0.8496, 0.944778, 0, -0.16175, -0.285012
20, 0.4348, -0.4288, 0.8544, 0.944778, 0, -0.16175, -0.285012
20, 0.4464, -0.4384, 0.8592, 0.944778, 0, -0.16175, -0.285012
20, 0.458, -0.448, 0.864, 0.944778, 0, -0.16175, -0.285012
20, 0.4696, -0.4576, 0.8688, 0.944778, 0, -0.16175, -0.285012
20, 0.4812, -0.4672, 0.8736, 0.944778, 0, -0.16175, -0.285012
20, 0.4928, -0.4768, 0.8784, 0.944778, 0, -0.16175, -0.285012
20, 0.5044, -0.4864, 0.8832, 0.944778, 0, -0.16175, -0.285012
20, 0.516, -0.496, 0.888, 0.944778, 0, -0.16175, -0.285012
20, 0.5276, -0.5056, 0.8928, 0.944778, 0, -0.16175, -0.285012
20, 0.5392, -0.5152, 0.8976, 0.944778, 0, -0.16175, -0.285012
20, 0.5508, -0.5248, 0.9024, 0.944778, 0, -0.16175, -0.285012
20, 0.5624, -0.5344, 0.9072, 0.944778, 0, -0.16175, -0.285012
20, 0.574, -0.544, 0.912, 0.944778, 0, -0.16175, -0.285012
20, 0.5856, -0.5536, 0.9168, 0.944778, 0, -0.16175, -0.285012
20, 0.5972, -0.5632, 0.9216, 0.944778, 0, -0.16175, -0.285012
20, 0.6088, -0.5728, 0.9264, 0.944778, 0, -0.16175, -0.285012
20, 0.6204, -0.5824, 0.9312, 0.944778, 0, -0.16175, -0.285012
20, 0.632, -0.592, 0.936, 0.944778, 0, -0.16175, -0.285012
20, 0.6436, -0.6016, 0.9408, 0.944778, 0, -0.16175, -0.285012
20, 0.6552, -0.6112, 0.9456, 0.944778, 0, -0.16175, -0.285012
20, 0.6668, -0.6208, 0.9504, 0.944778, 0, -0.16175, -0.285012
20, 0.6784, -0.6304, 0.9552, 0.944778, 0, -0.16175, -0.285012
20, 0.69, -0.64, 0.96, 0.944778, 0, -0.16175, -0.285012
20, 0.7016, -0.6496, 0.9648, 0.944778, 0, -0.16175, -0.285012
20, 0.7132, -0.6592, 0.9696, 0.944778, 0, -0.16175, -0.285012
20, 0.7248, -0.6688, 0.9744, 0.944778, 0, -0.16175, -0.285012
20, 0.7364, -0.6784, 0.9792, 0.944778, 0, -0.16175, -0.285012
20, 0.748, -0.688, 0.984, 0.944778, 0, -0.16175, -0.285012
20, 0.7596, -0.6976, 0.9888, 0.944778, 0, -0.16175, -0.285012
20, 0.7712, -0.7072, 0.9936, 0.944778, 0, -0.16175, -0.285012
20, 0.7828, -0.7168, 0.9984, 0.944778, 0, -0.16175, -0.285012
20, 0.7944, -0.7264, 1.0032, 0.944778, 0, -0.16175, -0.285012
20, 0.806, -0.736, 1.008, 0.944778, 0, -0.16175, -0.285012
20, 0.8176, -0.7456, 1.0128, 0.944778, 0, -0.16175, -0.285012
20, 0.8292, -0.7552, 1.0176, 0.944778, 0, -0.16175, -0.285012
20, 0.8408, -0.7648, 1.0224, 0.944778, 0, -0.16175, -0.285012
20, 0.8524, -0.7744, 1.0272, 0.944778, 0, -0.16175, -0.285012
21, 0.574, -0.376, 0.408, 0.848096, 0, -0.43538, -0.301956
21, 0.5856, -0.3904, 0.4272, 0.848096, 0, -0.43538, -0.301956
21, 0.5972, -0.4048, 0.4464, 0.848096, 0, -0.43538, -0.301956
21, 0.6088, -0.4192, 0.4656, 0.848096, 0, -0.43538, -0.301956
21, 0.6204, -0.4336, 0.4848, 0.848096, 0, -0.43538, -0.301956
21, 0.632, -0.448, 0.504, 0.848096, 0, -0.43538, -0.301956
21, 0.6436, -0.4624, 0.5232, 0.848096, 0, -0.43538, -0.301956
21, 0.6552, -0.4768, 0.5424, 0.848096, 0, -0.43538, -0.301956
21, 0.6668, -0.4912, 0.5616, 0.848096, 0, -0.43538, -0.301956
21, 0.6784, -0.5056, 0.5808, 0.848096, 0, -0.43538, -0.301956
21, 0.69, -0.52, 0.6, 0.848096, 0, -0.43538, -0.301956
21, 0.7016, -0.5344, 0.6192, 0.848096, 0, -0.43538, -0.301956
21, 0.7132, -0.5488, 0.6384, 0.848096, 0, -0.43538, -0.301956
21, 0.7248, -0.5632, 0.6576, 0.848096, 0, -0.43538, -0.301956
21, 0.7364, -0.5776, 0.6768, 0.848096, 0, -0.43538, -0.301956
21, 0.748, -0.592, 0.696, 0.848096, 0, -0.43538, -0.301956
21, 0.7596, -0.6064, 0.7152, 0.848096, 0, -0.43538, -0.301956
21, 0.7712, -0.6208, 0.7344, 0.848096, 0, -0.43538, -0.301956
21, 0.7828, -0.6352, 0.7536, 0.848096, 0, -0.43538, -0.301956
21, 0.7944, -0.6496, 0.7728, 0.848096, 0, -0.43538, -0.301956
21, 0.806, -0.664, 0.792, 0.848096, 0, -0.43538, -0.301956
21, 0.8176, -0.6784, 0.8112, 0.848096, 0, -0.43538, -0.301956
21, 0.8292, -0.6928, 0.8304, 0.848096, 0, -0.43538, -0.301956
21, 0.8408, -0.7072, 0.8496, 0.848096, 0, -0.43538, -0.301956
21, 0.8524, -0.7216, 0.8688, 0.848096, 0, -0.43538, -0.301956
21, 0.864, -0.736, 0.888, 0.848096, 0, -0.43538, -0.301956
21, 0.8756, -0.7504, 0.9072, 0.848096, 0, -0.43538, -0.301956
21, 0.8872, -0.7648, 0.9264, 0.848096, 0, -0.43538, -0.301956
22, 0.4812, -0.2608, 0.4608, 0.869053, 0, -0.365392, -0.333521
22, 0.4928, -0.2752, 0.4752, 0.869053, 0, -0.365392, -0.333521
22, 0.5044, -0.2896, 0.4896, 0.869053, 0, -0.365392, -0.333521
22, 0.516, -0.304, 0.504, 0.869053, 0, -0.365392, -0.333521
22, 0.5276, -0.3184, 0.5184, 0.869053, 0, -0.365392, -0.333521
22, 0.5392, -0.3328, 0.5328, 0.869053, 0, -0.365392, -0.333521
22, 0.5508, -0.3472, 0.5472, 0.869053, 0, -0.365392, -0.333521
22, 0.5624, -0.3616, 0.5616, 0.869053, 0, -0.365392, -0.333521
22, 0.574, -0.376, 0.576, 0.869053, 0, -0.365392, -0.333521
22, 0.5856, -0.3904, 0.5904, 0.869053, 0, -0.365392, -0.333521
22, 0.5972, -0.4048, 0.6048, 0.869053, 0, -0.365392, -0.333521
22, 0.6088, -0.4192, 0.6192, 0.869053, 0, -0.365392, -0.333521
22, 0.6204, -0.4336, 0.6336, 0.869053, 0, -0.365392, -0.333521
22, 0.632, -0.448, 0.648, 0.869053, 0, -0.365392, -0.333521
22, 0.6436, -0.4624, 0.6624, 0.869053, 0, -0.365392, -0.333521
22, 0.6552, -0.4768, 0.6768, 0.869053, 0, -0.365392, -0.333521
22, 0.6668, -0.4912, 0.6912, 0.869053, 0, -0.365392, -0.333521
22, 0.6784, -0.5056, 0.7056, 0.869053, 0, -0.365392, -0.333521
22, 0.69, -0.52, 0.72, 0.869053, 0, -0.365392, -0.333521
22, 0.7016, -0.5344, 0.7344, 0.869053, 0, -0.365392, -0.333521
22, 0.7132, -0.5488, 0.7488, 0.869053, 0, -0.365392, -0.333521
22, 0.7248, -0.5632, 0.7632, 0.869053, 0, -0.365392, -0.333521
22, 0.7364, -0.5776, 0.7776, 0.869053, 0, -0.365392, -0.333521
22, 0.748, -0.592, 0.792, 0.869053, 0, -0.365392, -0.333521
22, 0.7596, -0.6064, 0.8064, 0.869053, 0, -0.365392, -0.333521
22, 0.7712, -0.6208, 0.8208, 0.869053, 0, -0.365392, -0.333521
22, 0.7828, -0.6352, 0.8352, 0.869053, 0, -0.365392, -0.333521
22, 0.7944, -0.6496, 0.8496, 0.869053, 0, -0.365392, -0.333521
22, 0.806, -0.664, 0.864, 0.869053, 0, -0.365392, -0.333521
22, 0.8176, -0.6784, 0.8784, 0.869053, 0, -0.365392, -0.333521
22, 0.8292, -0.6928, 0.8928, 0.869053, 0, -0.365392, -0.333521
22, 0.8408, -0.7072, 0.9072, 0.869053, 0, -0.365392, -0.333521
22, 0.8524, -0.7216, 0.9216, 0.869053, 0, -0.365392, -0.333521
22, 0.864, -0.736, 0.936, 0.869053, 0, -0.365392, -0.333521
22, 0.8756, -0.7504, 0.9504, 0.869053, 0, -0.365392, -0.333521
22, 0.8872, -0.7648, 0.9648, 0.869053, 0, -0.365392, -0.333521
23, 0.4696, -0.2464, 0.6576, 0.889869, 0, -0.265898, -0.370718
23, 0.4812, -0.2608, 0.6672, 0.889869, 0, -0.265898, -0.370718
23, 0.4928, -0.2752, 0.6768, 0.889869, 0, -0.265898, -0.370718
23, 0.5044, -0.2896, 0.6864, 0.889869, 0, -0.265898, -0.370718
23, 0.516, -0.304, 0.696, 0.889869, 0, -0.265898, -0.370718
23, 0.5276, -0.3184, 0.7056, 0.889869, 0, -0.265898, -0.370718
23, 0.5392, -0.3328, 0.7152, 0.889869, 0, -0.265898, -0.370718
23, 0.5508, -0.3472, 0.7248, 0.889869, 0, -0.265898, -0.370718
23, 0.5624, -0.3616, 0.7344, 0.889869, 0, -0.265898, -0.370718
23, 0.574, -0.376, 0.744, 0.889869, 0, -0.265898, -0.370718
23, 0.5856, -0.3904, 0.7536, 0.889869, 0, -0.265898, -0.370718
23, 0.5972, -0.4048, 0.7632, 0.889869, 0, -0.265898, -0.370718
23, 0.6088, -0.4192, 0.7728, 0.889869, 0, -0.265898, -0.370718
23, 0.6204, -0.4336, 0.7824, 0.889869, 0, -0.265898, -0.370718
23, 0.632, -0.448, 0.792, 0.889869, 0, -0.265898, -0.370718
23, 0.6436, -0.4624, 0.8016, 0.889869, 0, -0.265898, -0.370718
23, 0.6552, -0.4768, 0.8112, 0.889869, 0, -0.265898, -0.370718
23, 0.6668, -0.4912, 0.8208, 0.889869, 0, -0.265898, -0.370718
23, 0.6784, -0.5056, 0.8304, 0.889869, 0, -0.265898, -0.370718
23, 0.69, -0.52, 0.84, 0.889869, 0, -0.265898, -0.370718
23, 0.7016, -0.5344, 0.8496, 0.889869, 0, -0.265898, -0.370718
23, 0.7132, -0.5488, 0.8592, 0.889869, 0, -0.265898, -0.370718
23, 0.7248, -0.5632, 0.8688, 0.889869, 0, -0.265898, -0.370718
23, 0.7364, -0.5776, 0.8784, 0.889869, 0, -0.265898, -0.370718
23, 0.748, -0.592, 0.888, 0.889869, 0, -0.265898, -0.370718
23, 0.7596, -0.6064, 0.8976, 0.889869, 0, -0.265898, -0.370718
23, 0.7712, -0.6208, 0.9072, 0.889869, 0, -0.265898, -0.370718
23, 0.7828, -0.6352, 0.9168, 0.889869, 0, -0.265898, -0.370718
23, 0.7944, -0.6496, 0.9264, 0.889869, 0, -0.265898, -0.370718
23, 0.806, -0.664, 0.936, 0.889869, 0, -0.265898, -0.370718
23, 0.8176, -0.6784, 0.9456, 0.889869, 0, -0.265898, -0.370718
23, 0.8292, -0.6928, 0.9552, 0.889869, 0, -0.265898, -0.370718
23, 0.8408, -0.7072, 0.9648, 0.889869, 0, -0.265898, -0.370718
23, 0.8524, -0.7216, 0.9744, 0.889869, 0, -0.265898, -0.370718
23, 0.864, -0.736, 0.984, 0.889869, 0, -0.265898, -0.370718
23, 0.8756, -0.7504, 0.9936, 0.889869, 0, -0.265898, -0.370718
24, 0.4, -0.16, 0.84, 0.901166, 0, -0.138887, -0.410623
24, 0.4116, -0.1744, 0.8448, 0.901166, 0, -0.138887, -0.410623
24, 0.4232, -0.1888, 0.8496, 0.901166, 0, -0.138887, -0.410623
24, 0.4348, -0.2032, 0.8544, 0.901166, 0, -0.138887, -0.410623
24, 0.4464, -0.2176, 0.8592, 0.901166, 0, -0.138887, -0.410623
24, 0.458, -0.232, 0.864, 0.901166, 0, -0.138887, -0.410623
24, 0.4696, -0.2464, 0.8688, 0.901166, 0, -0.138887, -0.410623
24, 0.4812, -0.2608, 0.8736, 0.901166, 0, -0.138887, -0.410623
24, 0.4928, -0.2752, 0.8784, 0.901166, 0, -0.138887, -0.410623
24, 0.5044, -0.2896, 0.8832, 0.901166, 0, -0.138887, -0.410623
24, 0.516, -0.304, 0.888, 0.901166, 0, -0.138887, -0.410623
24, 0.5276, -0.3184, 0.8928, 0.901166, 0, -0.138887, -0.410623
24, 0.5392, -0.3328, 0.8976, 0.901166, 0, -0.138887, -0.410623
24, 0.5508, -0.3472, 0.9024, 0.901166, 0, -0.138887, -0.410623
24, 0.5624, -0.3616, 0.9072, 0.901166, 0, -0.138887, -0.410623
24, 0.574, -0.376, 0.912, 0.901166, 0, -0.138887, -0.410623
24, 0.5856, -0.3904, 0.9168, 0.901166, 0, -0.138887, -0.410623
24, 0.5972, -0.4048, 0.9216, 0.901166, 0, -0.138887, -0.410623
24, 0.6088, -0.4192, 0.9264, 0.901166, 0, -0.138887, -0.410623
24, 0.6204, -0.4336, 0.9312, 0.901166, 0, -0.138887, -0.410623
24, 0.632, -0.448, 0.936, 0.901166, 0, -0.138887, -0.410623
24, 0.6436, -0.4624, 0.9408, 0.901166, 0, -0.138887, -0.410623
24, 0.6552, -0.4768, 0.9456, 0.901166, 0, -0.138887, -0.410623
24, 0.6668, -0.4912, 0.9504, 0.901166, 0, -0.138887, -0.410623
24, 0.6784, -0.5056, 0.9552, 0.901166, 0, -0.138887, -0.410623
24, 0.69, -0.52, 0.96, 0.901166, 0, -0.138887, -0.410623
24, 0.7016, -0.5344, 0.9648, 0.901166, 0, -0.138887, -0.410623
24, 0.7132, -0.5488, 0.9696, 0.901166, 0, -0.138887, -0.410623
24, 0.7248, -0.5632, 0.9744, 0.901166, 0, -0.138887, -0.410623
24, 0.7364, -0.5776, 0.9792, 0.901166, 0, -0.138887, -0.410623
24, 0.748, -0.592, 0.984, 0.901166, 0, -0.138887, -0.410623
24, 0.7596, -0.6064, 0.9888, 0.901166, 0, -0.138887, -0.410623
24, 0.7712, -0.6208, 0.9936, 0.901166, 0, -0.138887, -0.410623
24, 0.7828, -0.6352, 0.9984, 0.901166, 0, -0.138887, -0.410623
24, 0.7944, -0.6496, 1.0032, 0.901166, 0, -0.138887, -0.410623
24, 0.806, -0.664, 1.008, 0.901166, 0, -0.138887, -0.410623
24, 0.8176, -0.6784, 1.0128, 0.901166, 0, -0.138887, -0.410623
24, 0.8292, -0.6928, 1.0176, 0.901166, 0, -0.138887, -0.410623
24, 0.8408, -0.7072, 1.0224, 0.901166, 0, -0.138887, -0.410623
24, 0.8524, -0.7216, 1.0272, 0.901166, 0, -0.138887, -0.410623
24, 0.864, -0.736, 1.032, 0.901166, 0, -0.138887, -0.410623
25, 0.5856, -0.2272, 0.4272, 0.832685, 0, -0.413269, -0.368571
25, 0.5972, -0.2464, 0.4464, 0.832685, 0, -0.413269, -0.368571
25, 0.6088, -0.2656, 0.4656, 0.832685, 0, -0.413269, -0.368571
25, 0.6204, -0.2848, 0.4848, 0.832685, 0, -0.413269, -0.368571
25, 0.632, -0.304, 0.504, 0.832685, 0, -0.413269, -0.368571
25, 0.6436, -0.3232, 0.5232, 0.832685, 0, -0.413269, -0.368571
25, 0.6552, -0.3424, 0.5424, 0.832685, 0, -0.413269, -0.368571
25, 0.6668, -0.3616, 0.5616, 0.832685, 0, -0.413269, -0.368571
25, 0.6784, -0.3808, 0.5808, 0.832685, 0, -0.413269, -0.368571
25, 0.69, -0.4, 0.6, 0.832685, 0, -0.413269, -0.368571
25, 0.7016, -0.4192, 0.6192, 0.832685, 0, -0.413269, -0.368571
25, 0.7132, -0.4384, 0.6384, 0.832685, 0, -0.413269, -0.368571
25, 0.7248, -0.4576, 0.6576, 0.832685, 0, -0.413269, -0.368571
25, 0.7364, -0.4768, 0.6768, 0.832685, 0, -0.413269, -0.368571
25, 0.748, -0.496, 0.696, 0.832685, 0, -0.413269, -0.368571
25, 0.7596, -0.5152, 0.7152, 0.832685, 0, -0.413269, -0.368571
25, 0.7712, -0.5344, 0.7344, 0.832685, 0, -0.413269, -0.368571
25, 0.7828, -0.5536, 0.7536, 0.832685, 0, -0.413269, -0.368571
25, 0.7944, -0.5728, 0.7728, 0.832685, 0, -0.413269, -0.368571
25, 0.806, -0.592, 0.792, 0.832685, 0, -0.413269, -0.368571
25, 0.8176, -0.6112, 0.8112, 0.832685, 0, -0.413269, -0.368571
25, 0.8292, -0.6304, 0.8304, 0.832685, 0, -0.413269, -0.368571
25, 0.8408, -0.6496, 0.8496, 0.832685, 0, -0.413269, -0.368571
25, 0.8524, -0.6688, 0.8688, 0.832685, 0, -0.413269, -0.368571
25, 0.864, -0.688, 0.888, 0.832685, 0, -0.413269, -0.368571
25, 0.8756, -0.7072, 0.9072, 0.832685, 0, -0.413269, -0.368571
25, 0.8872, -0.7264, 0.9264, 0.832685, 0, -0.413269, -0.368571
25, 0.8988, -0.7456, 0.9456, 0.832685, 0, -0.413269, -0.368571
26, 0.5276, -0.1312, 0.5184, 0.847912, 0, -0.344125, -0.403266
26, 0.5392, -0.1504, 0.5328, 0.847912, 0, -0.344125, -0.403266
26, 0.5508, -0.1696, 0.5472, 0.847912, 0, -0.344125, -0.403266
26, 0.5624, -0.1888, 0.5616, 0.847912, 0, -0.344125, -0.403266
26, 0.574, -0.208, 0.576, 0.847912, 0, -0.344125, -0.403266
26, 0.5856, -0.2272, 0.5904, 0.847912, 0, -0.344125, -0.403266
26, 0.5972, -0.2464, 0.6048, 0.847912, 0, -0.344125, -0.403266
26, 0.6088, -0.2656, 0.6192, 0.847912, 0, -0.344125, -0.403266
26, 0.6204, -0.2848, 0.6336, 0.847912, 0, -0.344125, -0.403266
26, 0.632, -0.304, 0.648, 0.847912, 0, -0.344125, -0.403266
26, 0.6436, -0.3232, 0.6624, 0.847912, 0, -0.344125, -0.403266
26, 0.6552, -0.3424, 0.6768, 0.847912, 0, -0.344125, -0.403266
26, 0.6668, -0.3616, 0.6912, 0.847912, 0, -0.344125, -0.403266
26, 0.6784, -0.3808, 0.7056, 0.847912, 0, -0.344125, -0.403266
26, 0.69, -0.4, 0.72, 0.847912, 0, -0.344125, -0.403266
26, 0.7016, -0.4192, 0.7344, 0.847912, 0, -0.344125, -0.403266
26, 0.7132, -0.4384, 0.7488, 0.847912, 0, -0.344125, -0.403266
26, 0.7248, -0.4576, 0.7632, 0.847912, 0, -0.344125, -0.403266
26, 0.7364, -0.4768, 0.7776, 0.847912, 0, -0.344125, -0.403266
26, 0.748, -0.496, 0.792, 0.847912, 0, -0.344125, -0.403266
26, 0.7596, -0.5152, 0.8064, 0.847912, 0, -0.344125, -0.403266
26, 0.7712, -0.5344, 0.8208, 0.847912, 0, -0.344125, -0.403266
26, 0.7828, -0.5536, 0.8352, 0.847912, 0, -0.344125, -0.403266
26, 0.7944, -0.5728, 0.8496, 0.847912, 0, -0.344125, -0.403266
26, 0.806, -0.592, 0.864, 0.847912, 0, -0.344125, -0.403266
26, 0.8176, -0.6112, 0.8784, 0.847912, 0, -0.344125, -0.403266
26, 0.8292, -0.6304, 0.8928, 0.847912, 0, -0.344125, -0.403266
26, 0.8408, -0.6496, 0.9072, 0.847912, 0, -0.344125, -0.403266
26, 0.8524, -0.6688, 0.9216, 0.847912, 0, -0.344125, -0.403266
26, 0.864, -0.688, 0.936, 0.847912, 0, -0.344125, -0.403266
26, 0.8756, -0.7072, 0.9504, 0.847912, 0, -0.344125, -0.403266
26, 0.8872, -0.7264, 0.9648, 0.847912, 0, -0.344125, -0.403266
26, 0.8988, -0.7456, 0.9792, 0.847912, 0, -0.344125, -0.403266
27, 0.4928, -0.0735999, 0.6768, 0.861742, 0, -0.248778, -0.442166
27, 0.5044, -0.0927998, 0.6864, 0.861742, 0, -0.248778, -0.442166
27, 0.516, -0.112, 0.696, 0.861742, 0, -0.248778, -0.442166
27, 0.5276, -0.1312, 0.7056, 0.861742, 0, -0.248778, -0.442166
27, 0.5392, -0.1504, 0.7152, 0.861742, 0, -0.248778, -0.442166
27, 0.5508, -0.1696, 0.7248, 0.861742, 0, -0.248778, -0.442166
27, 0.5624, -0.1888, 0.7344, 0.861742, 0, -0.248778, -0.442166
27, 0.574, -0.208, 0.744, 0.861742, 0, -0.248778, -0.442166
27, 0.5856, -0.2272, 0.7536, 0.861742, 0, -0.248778, -0.442166
27, 0.5972, -0.2464, 0.7632, 0.861742, 0, -0.248778, -0.442166
27, 0.6088, -0.2656, 0.7728, 0.861742, 0, -0.248778, -0.442166
27, 0.6204, -0.2848, 0.7824, 0.861742, 0, -0.248778, -0.442166
27, 0.632, -0.304, 0.792, 0.861742, 0, -0.248778, -0.442166
27, 0.6436, -0.3232, 0.8016, 0.861742, 0, -0.248778, -0.442166
27, 0.6552, -0.3424, 0.8112, 0.861742, 0, -0.248778, -0.442166
27, 0.6668, -0.3616, 0.8208, 0.861742, 0, -0.248778, -0.442166
27, 0.6784, -0.3808, 0.8304, 0.861742, 0, -0.248778, -0.442166
27, 0.69, -0.4, 0.84, 0.861742, 0, -0.248778, -0.442166
27, 0.7016, -0.4192, 0.8496, 0.861742, 0, -0.248778, -0.442166
27, 0.7132, -0.4384, 0.8592, 0.861742, 0, -0.248778, -0.442166
27, 0.7248, -0.4576, 0.8688, 0.861742, 0, -0.248778, -0.442166
27, 0.7364, -0.4768, 0.8784, 0.861742, 0, -0.248778, -0.442166
27, 0.748, -0.496, 0.888, 0.861742, 0, -0.248778, -0.442166
27, 0.7596, -0.5152, 0.8976, 0.861742, 0, -0.248778, -0.442166
27, 0.7712, -0.5344, 0.9072, 0.861742, 0, -0.248778, -0.442166
27, 0.7828, -0.5536, 0.9168, 0.861742, 0, -0.248778, -0.442166
27, 0.7944, -0.5728, 0.9264, 0.861742, 0, -0.248778, -0.442166
27, 0.806, -0.592, 0.936, 0.861742, 0, -0.248778, -0.442166
27, 0.8176, -0.6112, 0.9456, 0.861742, 0, -0.248778, -0.442166
27, 0.8292, -0.6304, 0.9552, 0.861742, 0, -0.248778, -0.442166
27, 0.8408, -0.6496, 0.9648, 0.861742, 0, -0.248778, -0.442166
27, 0.8524, -0.6688, 0.9744, 0.861742, 0, -0.248778, -0.442166
27, 0.864, -0.688, 0.984, 0.861742, 0, -0.248778, -0.442166
27, 0.8756, -0.7072, 0.9936, 0.861742, 0, -0.248778, -0.442166
27, 0.8872, -0.7264, 1.0032, 0.861742, 0, -0.248778, -0.442166
28, 0.5044, -0.0927998, 0.8832, 0.869327, 0, -0.129791, -0.476892
28, 0.516, -0.112, 0.888, 0.869327, 0, -0.129791, -0.476892
28, 0.5276, -0.1312, 0.8928, 0.869327, 0, -0.129791, -0.476892
28, 0.5392, -0.1504, 0.8976, 0.869327, 0, -0.129791, -0.476892
28, 0.5508, -0.1696, 0.9024, 0.869327, 0, -0.129791, -0.476892
28, 0.574, -0.208, 0.912, 0.869327, 0, -0.129791, -0.476892
28, 0.5856, -0.2272, 0.9168, 0.869327, 0, -0.129791, -0.476892
28, 0.5972, -0.2464, 0.9216, 0.869327, 0, -0.129791, -0.476892
28, 0.6088, -0.2656, 0.9264, 0.869327, 0, -0.129791, -0.476892
28, 0.6204, -0.2848, 0.9312, 0.869327, 0, -0.129791, -0.476892
28, 0.632, -0.304, 0.936, 0.869327, 0, -0.129791, -0.476892
28, 0.6436, -0.3232, 0.9408, 0.869327, 0, -0.129791, -0.476892
28, 0.6552, -0.3424, 0.9456, 0.869327, 0, -0.129791, -0.476892
28, 0.6668, -0.3616, 0.9504, 0.869327, 0, -0.129791, -0.476892
28, 0.6784, -0.3808, 0.9552, 0.869327, 0, -0.129791, -0.476892
28, 0.69, -0.4, 0.96, 0.869327, 0, -0.129791, -0.476892
28, 0.7016, -0.4192, 0.9648, 0.869327, 0, -0.129791, -0.476892
28, 0.7132, -0.4384, 0.9696, 0.869327, 0, -0.129791, -0.476892
28, 0.7248, -0.4576, 0.9744, 0.869327, 0, -0.129791, -0.476892
28, 0.7364, -0.4768, 0.9792, 0.869327, 0, -0.129791, -0.476892
28, 0.748, -0.496, 0.984, 0.869327, 0, -0.129791, -0.476892
28, 0.7596, -0.5152, 0.9888, 0.869327, 0, -0.129791, -0.476892
28, 0.7712, -0.5344, 0.9936, 0.869327, 0, -0.129791, -0.476892
28, 0.7828, -0.5536, 0.9984, 0.869327, 0, -0.129791, -0.476892
28, 0.7944, -0.5728, 1.0032, 0.869327, 0, -0.129791, -0.476892
28, 0.806, -0.592, 1.008, 0.869327, 0, -0.129791, -0.476892
28, 0.8176, -0.6112, 1.0128, 0.869327, 0, -0.129791, -0.476892
28, 0.8292, -0.6304, 1.0176, 0.869327, 0, -0.129791, -0.476892
28, 0.8408, -0.6496, 1.0224, 0.869327, 0, -0.129791, -0.476892
28, 0.8524, -0.6688, 1.0272, 0.869327, 0, -0.129791, -0.476892
28, 0.864, -0.688, 1.032, 0.869327, 0, -0.129791, -0.476892
28, 0.8756, -0.7072, 1.0368, 0.869327, 0, -0.129791, -0.476892
29, 0.5972, -0.0879996, 0.4464, 0.81804, 0, -0.397819, -0.415391
29, 0.6088, -0.112, 0.4656, 0.81804, 0, -0.397819, -0.415391
29, 0.6204, -0.136, 0.4848, 0.81804, 0, -0.397819, -0.415391
29, 0.632, -0.16, 0.504, 0.81804, 0, -0.397819, -0.415391
29, 0.6436, -0.184, 0.5232, 0.81804, 0, -0.397819, -0.415391
29, 0.6552, -0.207999, 0.5424, 0.81804, 0, -0.397819, -0.415391
29, 0.6668, -0.231999, 0.5616, 0.81804, 0, -0.397819, -0.415391
29, 0.6784, -0.255999, 0.5808, 0.81804, 0, -0.397819, -0.415391
29, 0.69, -0.279999, 0.6, 0.81804, 0, -0.397819, -0.415391
29, 0.7016, -0.303999, 0.6192, 0.81804, 0, -0.397819, -0.415391
29, 0.7132, -0.327999, 0.6384, 0.81804, 0, -0.397819, -0.415391
29, 0.7248, -0.351999, 0.6576, 0.81804, 0, -0.397819, -0.415391
29, 0.7364, -0.375999, 0.6768, 0.81804, 0, -0.397819, -0.415391
29, 0.748, -0.399999, 0.696, 0.81804, 0, -0.397819, -0.415391
29, 0.7596, -0.424, 0.7152, 0.81804, 0, -0.397819, -0.415391
29, 0.7712, -0.448, 0.7344, 0.81804, 0, -0.397819, -0.415391
29, 0.7828, -0.472, 0.7536, 0.81804, 0, -0.397819, -0.415391
29, 0.7944, -0.496, 0.7728, 0.81804, 0, -0.397819, -0.415391
29, 0.806, -0.52, 0.792, 0.81804, 0, -0.397819, -0.415391
29, 0.8176, -0.544, 0.8112, 0.81804, 0, -0.397819, -0.415391
29, 0.8292, -0.568, 0.8304, 0.81804, 0, -0.397819, -0.415391
29, 0.8408, -0.592, 0.8496, 0.81804, 0, -0.397819, -0.415391
29, 0.8524, -0.616, 0.8688, 0.81804, 0, -0.397819, -0.415391
29, 0.864, -0.64, 0.888, 0.81804, 0, -0.397819, -0.415391
29, 0.8756, -0.664, 0.9072, 0.81804, 0, -0.397819, -0.415391
29, 0.8872, -0.688, 0.9264, 0.81804, 0, -0.397819, -0.415391
29, 0.8988, -0.712, 0.9456, 0.81804, 0, -0.397819, -0.415391
29, 0.9104, -0.736, 0.9648, 0.81804, 0, -0.397819, -0.415391
30, 0.5044, 0.104, 0.4896, 0.829599, 0, -0.332369, -0.448661
30, 0.516, 0.0800002, 0.504, 0.829599, 0, -0.332369, -0.448661
30, 0.5276, 0.0560003, 0.5184, 0.829599, 0, -0.332369, -0.448661
30, 0.5392, 0.0320003, 0.5328, 0.829599, 0, -0.332369, -0.448661
30, 0.5508, 0.0080003, 0.5472, 0.829599, 0, -0.332369, -0.448661
30, 0.5624, -0.0159997, 0.5616, 0.829599, 0, -0.332369, -0.448661
30, 0.574, -0.0399997, 0.576, 0.829599, 0, -0.332369, -0.448661
30, 0.5856, -0.0639996, 0.5904, 0.829599, 0, -0.332369, -0.448661
30, 0.5972, -0.0879996, 0.6048, 0.829599, 0, -0.332369, -0.448661
30, 0.6088, -0.112, 0.6192, 0.829599, 0, -0.332369, -0.448661
30, 0.6204, -0.136, 0.6336, 0.829599, 0, -0.332369, -0.448661
30, 0.632, -0.16, 0.648, 0.829599, 0, -0.332369, -0.448661
30, 0.6436, -0.184, 0.6624, 0.829599, 0, -0.332369, -0.448661
30, 0.6552, -0.207999, 0.6768, 0.829599, 0, -0.332369, -0.448661
30, 0.6668, -0.231999, 0.6912, 0.829599, 0, -0.332369, -0.448661
30, 0.6784, -0.255999, 0.7056, 0.829599, 0, -0.332369, -0.448661
30, 0.69, -0.279999, 0.72, 0.829599, 0, -0.332369, -0.448661
30, 0.7016, -0.303999, 0.7344, 0.829599, 0, -0.332369, -0.448661
30, 0.7132, -0.327999, 0.7488, 0.829599, 0, -0.332369, -0.448661
30, 0.7248, -0.351999, 0.7632, 0.829599, 0, -0.332369, -0.448661
30, 0.7364, -0.375999, 0.7776, 0.829599, 0, -0.332369, -0.448661
30, 0.748, -0.399999, 0.792, 0.829599, 0, -0.332369, -0.448661
30, 0.7596, -0.424, 0.8064, 0.829599, 0, -0.332369, -0.448661
30, 0.7712, -0.448, 0.8208, 0.829599, 0, -0.332369, -0.448661
30, 0.7828, -0.472, 0.8352, 0.829599, 0, -0.332369, -0.448661
30, 0.7944, -0.496, 0.8496, 0.829599, 0, -0.332369, -0.448661
30, 0.806, -0.52, 0.864, 0.829599, 0, -0.332369, -0.448661
30, 0.8176, -0.544, 0.8784, 0.829599, 0, -0.332369, -0.448661
30, 0.8292, -0.568, 0.8928, 0.829599, 0, -0.332369, -0.448661
30, 0.8408, -0.592, 0.9072, 0.829599, 0, -0.332369, -0.448661
30, 0.8524, -0.616, 0.9216, 0.829599, 0, -0.332369, -0.448661
30, 0.864, -0.64, 0.936, 0.829599, 0, -0.332369, -0.448661
30, 0.8756, -0.664, 0.9504, 0.829599, 0, -0.332369, -0.448661
30, 0.8872, -0.688, 0.9648, 0.829599, 0, -0.332369, -0.448661
30, 0.8988, -0.712, 0.9792, 0.829599, 0, -0.332369, -0.448661
31, 0.4232, 0.272, 0.6192, 0.839906, 0, -0.242719, -0.485433
31, 0.4348, 0.248, 0.6288, 0.839906, 0, -0.242719, -0.485433
31, 0.4464, 0.224, 0.6384, 0.839906, 0, -0.242719, -0.485433
31, 0.458, 0.2, 0.648, 0.839906, 0, -0.242719, -0.485433
31, 0.4696, 0.176, 0.6576, 0.839906, 0, -0.242719, -0.485433
31, 0.4812, 0.152, 0.6672, 0.839906, 0, -0.242719, -0.485433
31, 0.4928, 0.128, 0.6768, 0.839906, 0, -0.242719, -0.485433
31, 0.5044, 0.104, 0.6864, 0.839906, 0, -0.242719, -0.485433
31, 0.516, 0.0800002, 0.696, 0.839906, 0, -0.242719, -0.485433
31, 0.5276, 0.0560003, 0.7056, 0.839906, 0, -0.242719, -0.485433
31, 0.5392, 0.0320003, 0.7152, 0.839906, 0, -0.242719, -0.485433
31, 0.5508, 0.0080003, 0.7248, 0.839906, 0, -0.242719, -0.485433
31, 0.5624, -0.0159997, 0.7344, 0.839906, 0, -0.242719, -0.485433
31, 0.574, -0.0399997, 0.744, 0.839906, 0, -0.242719, -0.485433
31, 0.5856, -0.0639996, 0.7536, 0.839906, 0, -0.242719, -0.485433
31, 0.5972, -0.0879996, 0.7632, 0.839906, 0, -0.242719, -0.485433
31, 0.6088, -0.112, 0.7728, 0.839906, 0, -0.242719, -0.485433
31, 0.6204, -0.136, 0.7824, 0.839906, 0, -0.242719, -0.485433
31, 0.632, -0.16, 0.792, 0.839906, 0, -0.242719, -0.485433
31, 0.6436, -0.184, 0.8016, 0.839906, 0, -0.242719, -0.485433
31, 0.6552, -0.207999, 0.8112, 0.839906, 0, -0.242719, -0.485433
31, 0.6668, -0.231999, 0.8208, 0.839906, 0, -0.242719, -0.485433
31, 0.6784, -0.255999, 0.8304, 0.839906, 0, -0.242719, -0.485433
31, 0.69, -0.279999, 0.84, 0.839906, 0, -0.242719, -0.485433
31, 0.7016, -0.303999, 0.8496, 0.839906, 0, -0.242719, -0.485433
31, 0.7132, -0.327999, 0.8592, 0.839906, 0, -0.242719, -0.485433
31, 0.7248, -0.351999, 0.8688, 0.839906, 0, -0.242719, -0.485433
31, 0.7364, -0.375999, 0.8784, 0.839906, 0, -0.242719, -0.485433
31, 0.748, -0.399999, 0.888, 0.839906, 0, -0.242719, -0.485433
31, 0.7596, -0.424, 0.8976, 0.839906, 0, -0.242719, -0.485433
31, 0.7712, -0.448, 0.9072, 0.839906, 0, -0.242719, -0.485433
31, 0.7828, -0.472, 0.9168, 0.839906, 0, -0.242719, -0.485433
31, 0.7944, -0.496, 0.9264, 0.839906, 0, -0.242719, -0.485433
31, 0.806, -0.52, 0.936, 0.839906, 0, -0.242719, -0.485433
31, 0.8176, -0.544, 0.9456, 0.839906, 0, -0.242719, -0.485433
31, 0.8292, -0.568, 0.9552, 0.839906, 0, -0.242719, -0.485433
31, 0.8408, -0.592, 0.9648, 0.839906, 0, -0.242719, -0.485433
31, 0.8524, -0.616, 0.9744, 0.839906, 0, -0.242719, -0.485433
31, 0.864, -0.64, 0.984, 0.839906, 0, -0.242719, -0.485433
31, 0.8756, -0.664, 0.9936, 0.839906, 0, -0.242719, -0.485433
31, 0.8872, -0.688, 1.0032, 0.839906, 0, -0.242719, -0.485433
31, 0.8988, -0.712, 1.0128, 0.839906, 0, -0.242719, -0.485433
32, 0.4928, 0.128, 0.8784, 0.845722, 0, -0.128555, -0.517907
32, 0.5044, 0.104, 0.8832, 0.845722, 0, -0.128555, -0.517907
32, 0.5392, 0.0320003, 0.8976, 0.845722, 0, -0.128555, -0.517907
32, 0.5508, 0.0080003, 0.9024, 0.845722, 0, -0.128555, -0.517907
32, 0.6204, -0.136, 0.9312, 0.845722, 0, -0.128555, -0.517907
32, 0.632, -0.16, 0.936, 0.845722, 0, -0.128555, -0.517907
32, 0.6436, -0.184, 0.9408, 0.845722, 0, -0.128555, -0.517907
32, 0.6552, -0.207999, 0.9456, 0.845722, 0, -0.128555, -0.517907
32, 0.6668, -0.231999, 0.9504, 0.845722, 0, -0.128555, -0.517907
32, 0.7248, -0.351999, 0.9744, 0.845722, 0, -0.128555, -0.517907
32, 0.864, -0.64, 1.032, 0.845722, 0, -0.128555, -0.517907
32, 0.8872, -0.688, 1.0416, 0.845722, 0, -0.128555, -0.517907
33, 0.6204, 0.0128005, 0.4848, 0.80523, 0, -0.388004, -0.448394
33, 0.632, -0.0159995, 0.504, 0.80523, 0, -0.388004, -0.448394
33, 0.6436, -0.0447994, 0.5232, 0.80523, 0, -0.388004, -0.448394
33, 0.6552, -0.0735994, 0.5424, 0.80523, 0, -0.388004, -0.448394
33, 0.6668, -0.102399, 0.5616, 0.80523, 0, -0.388004, -0.448394
33, 0.6784, -0.131199, 0.5808, 0.80523, 0, -0.388004, -0.448394
33, 0.69, -0.159999, 0.6, 0.80523, 0, -0.388004, -0.448394
33, 0.7016, -0.188799, 0.6192, 0.80523, 0, -0.388004, -0.448394
33, 0.7132, -0.217599, 0.6384, 0.80523, 0, -0.388004, -0.448394
33, 0.7248, -0.246399, 0.6576, 0.80523, 0, -0.388004, -0.448394
33, 0.7364, -0.275199, 0.6768, 0.80523, 0, -0.388004, -0.448394
33, 0.748, -0.303999, 0.696, 0.80523, 0, -0.388004, -0.448394
33, 0.7596, -0.332799, 0.7152, 0.80523, 0, -0.388004, -0.448394
33, 0.7712, -0.361599, 0.7344, 0.80523, 0, -0.388004, -0.448394
33, 0.7828, -0.390399, 0.7536, 0.80523, 0, -0.388004, -0.448394
33, 0.7944, -0.419199, 0.7728, 0.80523, 0, -0.388004, -0.448394
33, 0.806, -0.447999, 0.792, 0.80523, 0, -0.388004, -0.448394
33, 0.8176, -0.4768, 0.8112, 0.80523, 0, -0.388004, -0.448394
33, 0.8292, -0.505599, 0.8304, 0.80523, 0, -0.388004, -0.448394
33, 0.8408, -0.534399, 0.8496, 0.80523, 0, -0.388004, -0.448394
33, 0.8524, -0.563199, 0.8688, 0.80523, 0, -0.388004, -0.448394
33, 0.864, -0.591999, 0.888, 0.80523, 0, -0.388004, -0.448394
33, 0.8756, -0.620799, 0.9072, 0.80523, 0, -0.388004, -0.448394
33, 0.8872, -0.649599, 0.9264, 0.80523, 0, -0.388004, -0.448394
33, 0.8988, -0.678399, 0.9456, 0.80523, 0, -0.388004, -0.448394
33, 0.9104, -0.707199, 0.9648, 0.80523, 0, -0.388004, -0.448394
34, 0.5508, 0.1856, 0.5472, 0.81452, 0, -0.326762, -0.479358
34, 0.5624, 0.1568, 0.5616, 0.81452, 0, -0.326762, -0.479358
34, 0.574, 0.128, 0.576, 0.81452, 0, -0.326762, -0.479358
34, 0.5856, 0.0992004, 0.5904, 0.81452, 0, -0.326762, -0.479358
34, 0.5972, 0.0704005, 0.6048, 0.81452, 0, -0.326762, -0.479358
34, 0.6088, 0.0416005, 0.6192, 0.81452, 0, -0.326762, -0.479358
34, 0.6204, 0.0128005, 0.6336, 0.81452, 0, -0.326762, -0.479358
34, 0.632, -0.0159995, 0.648, 0.81452, 0, -0.326762, -0.479358
34, 0.6436, -0.0447994, 0.6624, 0.81452, 0, -0.326762, -0.479358
34, 0.6552, -0.0735994, 0.6768, 0.81452, 0, -0.326762, -0.479358
34, 0.6668, -0.102399, 0.6912, 0.81452, 0, -0.326762, -0.479358
34, 0.6784, -0.131199, 0.7056, 0.81452, 0, -0.326762, -0.479358
34, 0.69, -0.159999, 0.72, 0.81452, 0, -0.326762, -0.479358
34, 0.7016, -0.188799, 0.7344, 0.81452, 0, -0.326762, -0.479358
34, 0.7132, -0.217599, 0.7488, 0.81452, 0, -0.326762, -0.479358
34, 0.7248, -0.246399, 0.7632, 0.81452, 0, -0.326762, -0.479358
34, 0.7364, -0.275199, 0.7776, 0.81452, 0, -0.326762, -0.479358
34, 0.748, -0.303999, 0.792, 0.81452, 0, -0.326762, -0.479358
34, 0.7596, -0.332799, 0.8064, 0.81452, 0, -0.326762, -0.479358
34, 0.7712, -0.361599, 0.8208, 0.81452, 0, -0.326762, -0.479358
34, 0.7828, -0.390399, 0.8352, 0.81452, 0, -0.326762, -0.479358
34, 0.7944, -0.419199, 0.8496, 0.81452, 0, -0.326762, -0.479358
34, 0.806, -0.447999, 0.864, 0.81452, 0, -0.326762, -0.479358
34, 0.8176, -0.4768, 0.8784, 0.81452, 0, -0.326762, -0.479358
34, 0.8292, -0.505599, 0.8928, 0.81452, 0, -0.326762, -0.479358
34, 0.8408, -0.534399, 0.9072, 0.81452, 0, -0.326762, -0.479358
34, 0.8524, -0.563199, 0.9216, 0.81452, 0, -0.326762, -0.479358
34, 0.864, -0.591999, 0.936, 0.81452, 0, -0.326762, -0.479358
34, 0.8756, -0.620799, 0.9504, 0.81452, 0, -0.326762, -0.479358
34, 0.8872, -0.649599, 0.9648, 0.81452, 0, -0.326762, -0.479358
34, 0.8988, -0.678399, 0.9792, 0.81452, 0, -0.326762, -0.479358
34, 0.9104, -0.707199, 0.9936, 0.81452, 0, -0.326762, -0.479358
35, 0.5044, 0.3008, 0.6864, 0.82287, 0, -0.241956, -0.514142
35, 0.5392, 0.2144, 0.7152, 0.82287, 0, -0.241956, -0.514142
35, 0.5508, 0.1856, 0.7248, 0.82287, 0, -0.241956, -0.514142
35, 0.5624, 0.1568, 0.7344, 0.82287, 0, -0.241956, -0.514142
35, 0.574, 0.128, 0.744, 0.82287, 0, -0.241956, -0.514142
35, 0.5856, 0.0992004, 0.7536, 0.82287, 0, -0.241956, -0.514142
35, 0.5972, 0.0704005, 0.7632, 0.82287, 0, -0.241956, -0.514142
35, 0.6088, 0.0416005, 0.7728, 0.82287, 0, -0.241956, -0.514142
35, 0.6204, 0.0128005, 0.7824, 0.82287, 0, -0.241956, -0.514142
35, 0.632, -0.0159995, 0.792, 0.82287, 0, -0.241956, -0.514142
35, 0.6436, -0.0447994, 0.8016, 0.82287, 0, -0.241956, -0.514142
35, 0.6552, -0.0735994, 0.8112, 0.82287, 0, -0.241956, -0.514142
35, 0.6668, -0.102399, 0.8208, 0.82287, 0, -0.241956, -0.514142
35, 0.6784, -0.131199, 0.8304, 0.82287, 0, -0.241956, -0.514142
35, 0.69, -0.159999, 0.84, 0.82287, 0, -0.241956, -0.514142
35, 0.7016, -0.188799, 0.8496, 0.82287, 0, -0.241956, -0.514142
35, 0.7132, -0.217599, 0.8592, 0.82287, 0, -0.241956, -0.514142
35, 0.7248, -0.246399, 0.8688, 0.82287, 0, -0.241956, -0.514142
35, 0.7364, -0.275199, 0.8784, 0.82287, 0, -0.241956, -0.514142
35, 0.748, -0.303999, 0.888, 0.82287, 0, -0.241956, -0.514142
35, 0.7596, -0.332799, 0.8976, 0.82287, 0, -0.241956, -0.514142
35, 0.7712, -0.361599, 0.9072, 0.82287, 0, -0.241956, -0.514142
35, 0.7828, -0.390399, 0.9168, 0.82287, 0, -0.241956, -0.514142
35, 0.7944, -0.419199, 0.9264, 0.82287, 0, -0.241956, -0.514142
35, 0.806, -0.447999, 0.936, 0.82287, 0, -0.241956, -0.514142
35, 0.8176, -0.4768, 0.9456, 0.82287, 0, -0.241956, -0.514142
35, 0.8292, -0.505599, 0.9552, 0.82287, 0, -0.241956, -0.514142
35, 0.8408, -0.534399, 0.9648, 0.82287, 0, -0.241956, -0.514142
35, 0.8524, -0.563199, 0.9744, 0.82287, 0, -0.241956, -0.514142
35, 0.864, -0.591999, 0.984, 0.82287, 0, -0.241956, -0.514142
35, 0.8756, -0.620799, 0.9936, 0.82287, 0, -0.241956, -0.514142
35, 0.8872, -0.649599, 1.0032, 0.82287, 0, -0.241956, -0.514142
35, 0.8988, -0.678399, 1.0128, 0.82287, 0, -0.241956, -0.514142
36, 0.6204, 0.0128005, 0.9312, 0.827643, 0, -0.130262, -0.545929
36, 0.632, -0.0159995, 0.936, 0.827643, 0, -0.130262, -0.545929
36, 0.6436, -0.0447994, 0.9408, 0.827643, 0, -0.130262, -0.545929
36, 0.6552, -0.0735994, 0.9456, 0.827643, 0, -0.130262, -0.545929
36, 0.6668, -0.102399, 0.9504, 0.827643, 0, -0.130262, -0.545929
36, 0.6784, -0.131199, 0.9552, 0.827643, 0, -0.130262, -0.545929
36, 0.69, -0.159999, 0.96, 0.827643, 0, -0.130262, -0.545929
36, 0.7016, -0.188799, 0.9648, 0.827643, 0, -0.130262, -0.545929
36, 0.7132, -0.217599, 0.9696, 0.827643, 0, -0.130262, -0.545929
36, 0.7248, -0.246399, 0.9744, 0.827643, 0, -0.130262, -0.545929
36, 0.7364, -0.275199, 0.9792, 0.827643, 0, -0.130262, -0.545929
36, 0.748, -0.303999, 0.984, 0.827643, 0, -0.130262, -0.545929
36, 0.7596, -0.332799, 0.9888, 0.827643, 0, -0.130262, -0.545929
36, 0.8292, -0.505599, 1.0176, 0.827643, 0, -0.130262, -0.545929
36, 0.8408, -0.534399, 1.0224, 0.827643, 0, -0.130262, -0.545929
36, 0.8524, -0.563199, 1.0272, 0.827643, 0, -0.130262, -0.545929
36, 0.864, -0.591999, 1.032, 0.827643, 0, -0.130262, -0.545929
36, 0.8756, -0.620799, 1.0368, 0.827643, 0, -0.130262, -0.545929
36, 0.8872, -0.649599, 1.0416, 0.827643, 0, -0.130262, -0.545929
37, 0.6436, 0.0944007, 0.5232, 0.794314, 0, -0.382059, -0.47233
37, 0.6552, 0.0608007, 0.5424, 0.794314, 0, -0.382059, -0.47233
37, 0.6668, 0.0272007, 0.5616, 0.794314, 0, -0.382059, -0.47233
37, 0.6784, -0.00639923, 0.5808, 0.794314, 0, -0.382059, -0.47233
37, 0.69, -0.0399992, 0.6, 0.794314, 0, -0.382059, -0.47233
37, 0.7016, -0.0735992, 0.6192, 0.794314, 0, -0.382059, -0.47233
37, 0.7132, -0.107199, 0.6384, 0.794314, 0, -0.382059, -0.47233
37, 0.7248, -0.140799, 0.6576, 0.794314, 0, -0.382059, -0.47233
37, 0.7364, -0.174399, 0.6768, 0.794314, 0, -0.382059, -0.47233
37, 0.748, -0.207999, 0.696, 0.794314, 0, -0.382059, -0.47233
37, 0.7596, -0.241599, 0.7152, 0.794314, 0, -0.382059, -0.47233
37, 0.7712, -0.275199, 0.7344, 0.794314, 0, -0.382059, -0.47233
37, 0.7828, -0.308799, 0.7536, 0.794314, 0, -0.382059, -0.47233
37, 0.7944, -0.342399, 0.7728, 0.794314, 0, -0.382059, -0.47233
37, 0.806, -0.375999, 0.792, 0.794314, 0, -0.382059, -0.47233
37, 0.8176, -0.409599, 0.8112, 0.794314, 0, -0.382059, -0.47233
37, 0.8292, -0.443199, 0.8304, 0.794314, 0, -0.382059, -0.47233
37, 0.8408, -0.476799, 0.8496, 0.794314, 0, -0.382059, -0.47233
37, 0.8524, -0.510399, 0.8688, 0.794314, 0, -0.382059, -0.47233
37, 0.864, -0.543999, 0.888, 0.794314, 0, -0.382059, -0.47233
37, 0.8756, -0.577599, 0.9072, 0.794314, 0, -0.382059, -0.47233
37, 0.8872, -0.611199, 0.9264, 0.794314, 0, -0.382059, -0.47233
37, 0.8988, -0.644799, 0.9456, 0.794314, 0, -0.382059, -0.47233
37, 0.9104, -0.678399, 0.9648, 0.794314, 0, -0.382059, -0.47233
37, 0.922, -0.711999, 0.984, 0.794314, 0, -0.382059, -0.47233
38, 0.5972, 0.228801, 0.6048, 0.802153, 0, -0.324538, -0.501224
38, 0.6088, 0.195201, 0.6192, 0.802153, 0, -0.324538, -0.501224
38, 0.6204, 0.161601, 0.6336, 0.802153, 0, -0.324538, -0.501224
38, 0.632, 0.128001, 0.648, 0.802153, 0, -0.324538, -0.501224
38, 0.6436, 0.0944007, 0.6624, 0.802153, 0, -0.324538, -0.501224
38, 0.6552, 0.0608007, 0.6768, 0.802153, 0, -0.324538, -0.501224
38, 0.6668, 0.0272007, 0.6912, 0.802153, 0, -0.324538, -0.501224
38, 0.6784, -0.00639923, 0.7056, 0.802153, 0, -0.324538, -0.501224
38, 0.69, -0.0399992, 0.72, 0.802153, 0, -0.324538, -0.501224
38, 0.7016, -0.0735992, 0.7344, 0.802153, 0, -0.324538, -0.501224
38, 0.7132, -0.107199, 0.7488, 0.802153, 0, -0.324538, -0.501224
38, 0.7248, -0.140799, 0.7632, 0.802153, 0, -0.324538, -0.501224
38, 0.7364, -0.174399, 0.7776, 0.802153, 0, -0.324538, -0.501224
38, 0.748, -0.207999, 0.792, 0.802153, 0, -0.324538, -0.501224
38, 0.7596, -0.241599, 0.8064, 0.802153, 0, -0.324538, -0.501224
38, 0.7712, -0.275199, 0.8208, 0.802153, 0, -0.324538, -0.501224
38, 0.7828, -0.308799, 0.8352, 0.802153, 0, -0.324538, -0.501224
38, 0.7944, -0.342399, 0.8496, 0.802153, 0, -0.324538, -0.501224
38, 0.806, -0.375999, 0.864, 0.802153, 0, -0.324538, -0.501224
38, 0.8176, -0.409599, 0.8784, 0.802153, 0, -0.324538, -0.501224
38, 0.8292, -0.443199, 0.8928, 0.802153, 0, -0.324538, -0.501224
38, 0.8408, -0.476799, 0.9072, 0.802153, 0, -0.324538, -0.501224
38, 0.8524, -0.510399, 0.9216, 0.802153, 0, -0.324538, -0.501224
38, 0.864, -0.543999, 0.936, 0.802153, 0, -0.324538, -0.501224
38, 0.8756, -0.577599, 0.9504, 0.802153, 0, -0.324538, -0.501224
38, 0.8872, -0.611199, 0.9648, 0.802153, 0, -0.324538, -0.501224
38, 0.8988, -0.644799, 0.9792, 0.802153, 0, -0.324538, -0.501224
38, 0.9104, -0.678399, 0.9936, 0.802153, 0, -0.324538, -0.501224
39, 0.5624, 0.3296, 0.7344, 0.809328, 0, -0.24335, -0.534574
39, 0.574, 0.296, 0.744, 0.809328, 0, -0.24335, -0.534574
39, 0.5856, 0.262401, 0.7536, 0.809328, 0, -0.24335, -0.534574
39, 0.5972, 0.228801, 0.7632, 0.809328, 0, -0.24335, -0.534574
39, 0.6088, 0.195201, 0.7728, 0.809328, 0, -0.24335, -0.534574
39, 0.6204, 0.161601, 0.7824, 0.809328, 0, -0.24335, -0.534574
39, 0.632, 0.128001, 0.792, 0.809328, 0, -0.24335, -0.534574
39, 0.6436, 0.0944007, 0.8016, 0.809328, 0, -0.24335, -0.534574
39, 0.6552, 0.0608007, 0.8112, 0.809328, 0, -0.24335, -0.534574
39, 0.6668, 0.0272007, 0.8208, 0.809328, 0, -0.24335, -0.534574
39, 0.6784, -0.00639923, 0.8304, 0.809328, 0, -0.24335, -0.534574
39, 0.69, -0.0399992, 0.84, 0.809328, 0, -0.24335, -0.534574
39, 0.7016, -0.0735992, 0.8496, 0.809328, 0, -0.24335, -0.534574
39, 0.7132, -0.107199, 0.8592, 0.809328, 0, -0.24335, -0.534574
39, 0.7248, -0.140799, 0.8688, 0.809328, 0, -0.24335, -0.534574
39, 0.7364, -0.174399, 0.8784, 0.809328, 0, -0.24335, -0.534574
39, 0.748, -0.207999, 0.888, 0.809328, 0, -0.24335, -0.534574
39, 0.7596, -0.241599, 0.8976, 0.809328, 0, -0.24335, -0.534574
39, 0.7712, -0.275199, 0.9072, 0.809328, 0, -0.24335, -0.534574
39, 0.7828, -0.308799, 0.9168, 0.809328, 0, -0.24335, -0.534574
39, 0.7944, -0.342399, 0.9264, 0.809328, 0, -0.24335, -0.534574
39, 0.806, -0.375999, 0.936, 0.809328, 0, -0.24335, -0.534574
39, 0.8176, -0.409599, 0.9456, 0.809328, 0, -0.24335, -0.534574
39, 0.8292, -0.443199, 0.9552, 0.809328, 0, -0.24335, -0.534574
39, 0.8408, -0.476799, 0.9648, 0.809328, 0, -0.24335, -0.534574
39, 0.8524, -0.510399, 0.9744, 0.809328, 0, -0.24335, -0.534574
39, 0.864, -0.543999, 0.984, 0.809328, 0, -0.24335, -0.534574
39, 0.8756, -0.577599, 0.9936, 0.809328, 0, -0.24335, -0.534574
39, 0.8872, -0.611199, 1.0032, 0.809328, 0, -0.24335, -0.534574
39, 0.8988, -0.644799, 1.0128, 0.809328, 0, -0.24335, -0.534574
39, 0.9104, -0.678399, 1.0224, 0.809328, 0, -0.24335, -0.534574
40, 0.632, 0.128001, 0.936, 0.813466, 0, -0.132783, -0.566252
40, 0.6552, 0.0608007, 0.9456, 0.813466, 0, -0.132783, -0.566252
40, 0.6668, 0.0272007, 0.9504, 0.813466, 0, -0.132783, -0.566252
40, 0.6784, -0.00639923, 0.9552, 0.813466, 0, -0.132783, -0.566252
40, 0.69, -0.0399992, 0.96, 0.813466, 0, -0.132783, -0.566252
40, 0.7016, -0.0735992, 0.9648, 0.813466, 0, -0.132783, -0.566252
40, 0.7132, -0.107199, 0.9696, 0.813466, 0, -0.132783, -0.566252
40, 0.7248, -0.140799, 0.9744, 0.813466, 0, -0.132783, -0.566252
40, 0.7364, -0.174399, 0.9792, 0.813466, 0, -0.132783, -0.566252
40, 0.748, -0.207999, 0.984, 0.813466, 0, -0.132783, -0.566252
40, 0.7596, -0.241599, 0.9888, 0.813466, 0, -0.132783, -0.566252
40, 0.7712, -0.275199, 0.9936, 0.813466, 0, -0.132783, -0.566252
40, 0.7828, -0.308799, 0.9984, 0.813466, 0, -0.132783, -0.566252
40, 0.7944, -0.342399, 1.0032, 0.813466, 0, -0.132783, -0.566252
40, 0.806, -0.375999, 1.008, 0.813466, 0, -0.132783, -0.566252
40, 0.8176, -0.409599, 1.0128, 0.813466, 0, -0.132783, -0.566252
40, 0.8292, -0.443199, 1.0176, 0.813466, 0, -0.132783, -0.566252
40, 0.8408, -0.476799, 1.0224, 0.813466, 0, -0.132783, -0.566252
40, 0.8524, -0.510399, 1.0272, 0.813466, 0, -0.132783, -0.566252
40, 0.864, -0.543999, 1.032, 0.813466, 0, -0.132783, -0.566252
40, 0.8756, -0.577599, 1.0368, 0.813466, 0, -0.132783, -0.566252
40, 0.8872, -0.611199, 1.0416, 0.813466, 0, -0.132783, -0.566252
40, 0.8988, -0.644799, 1.0464, 0.813466, 0, -0.132783, -0.566252
41, 0.6784, 0.118401, 0.5808, 0.785055, 0, -0.378581, -0.490271
41, 0.69, 0.0800009, 0.6, 0.785055, 0, -0.378581, -0.490271
41, 0.7016, 0.0416009, 0.6192, 0.785055, 0, -0.378581, -0.490271
41, 0.7132, 0.00320087, 0.6384, 0.785055, 0, -0.378581, -0.490271
41, 0.7248, -0.0351992, 0.6576, 0.785055, 0, -0.378581, -0.490271
41, 0.7364, -0.0735992, 0.6768, 0.785055, 0, -0.378581, -0.490271
41, 0.748, -0.111999, 0.696, 0.785055, 0, -0.378581, -0.490271
41, 0.7596, -0.150399, 0.7152, 0.785055, 0, -0.378581, -0.490271
41, 0.7712, -0.188799, 0.7344, 0.785055, 0, -0.378581, -0.490271
41, 0.7828, -0.227199, 0.7536, 0.785055, 0, -0.378581, -0.490271
41, 0.7944, -0.265599, 0.7728, 0.785055, 0, -0.378581, -0.490271
41, 0.806, -0.303999, 0.792, 0.785055, 0, -0.378581, -0.490271
41, 0.8176, -0.342399, 0.8112, 0.785055, 0, -0.378581, -0.490271
41, 0.8292, -0.380799, 0.8304, 0.785055, 0, -0.378581, -0.490271
41, 0.8408, -0.419199, 0.8496, 0.785055, 0, -0.378581, -0.490271
41, 0.8524, -0.457599, 0.8688, 0.785055, 0, -0.378581, -0.490271
41, 0.864, -0.495999, 0.888, 0.785055, 0, -0.378581, -0.490271
41, 0.8756, -0.534399, 0.9072, 0.785055, 0, -0.378581, -0.490271
41, 0.8872, -0.572799, 0.9264, 0.785055, 0, -0.378581, -0.490271
41, 0.8988, -0.611199, 0.9456, 0.785055, 0, -0.378581, -0.490271
41, 0.9104, -0.649599, 0.9648, 0.785055, 0, -0.378581, -0.490271
41, 0.922, -0.687999, 0.984, 0.785055, 0, -0.378581, -0.490271
42, 0.632, 0.272001, 0.648, 0.791934, 0, -0.324074, -0.517511
42, 0.6436, 0.233601, 0.6624, 0.791934, 0, -0.324074, -0.517511
42, 0.6552, 0.195201, 0.6768, 0.791934, 0, -0.324074, -0.517511
42, 0.6668, 0.156801, 0.6912, 0.791934, 0, -0.324074, -0.517511
42, 0.6784, 0.118401, 0.7056, 0.791934, 0, -0.324074, -0.517511
42, 0.69, 0.0800009, 0.72, 0.791934, 0, -0.324074, -0.517511
42, 0.7016, 0.0416009, 0.7344, 0.791934, 0, -0.324074, -0.517511
42, 0.7132, 0.00320087, 0.7488, 0.791934, 0, -0.324074, -0.517511
42, 0.7248, -0.0351992, 0.7632, 0.791934, 0, -0.324074, -0.517511
42, 0.7364, -0.0735992, 0.7776, 0.791934, 0, -0.324074, -0.517511
42, 0.748, -0.111999, 0.792, 0.791934, 0, -0.324074, -0.517511
42, 0.7596, -0.150399, 0.8064, 0.791934, 0, -0.324074, -0.517511
42, 0.7712, -0.188799, 0.8208, 0.791934, 0, -0.324074, -0.517511
42, 0.7828, -0.227199, 0.8352, 0.791934, 0, -0.324074, -0.517511
42, 0.7944, -0.265599, 0.8496, 0.791934, 0, -0.324074, -0.517511
42, 0.806, -0.303999, 0.864, 0.791934, 0, -0.324074, -0.517511
42, 0.8176, -0.342399, 0.8784, 0.791934, 0, -0.324074, -0.517511
42, 0.8292, -0.380799, 0.8928, 0.791934, 0, -0.324074, -0.517511
42, 0.8408, -0.419199, 0.9072, 0.791934, 0, -0.324074, -0.517511
42, 0.8524, -0.457599, 0.9216, 0.791934, 0, -0.324074, -0.517511
42, 0.864, -0.495999, 0.936, 0.791934, 0, -0.324074, -0.517511
42, 0.8756, -0.534399, 0.9504, 0.791934, 0, -0.324074, -0.517511
42, 0.8872, -0.572799, 0.9648, 0.791934, 0, -0.324074, -0.517511
42, 0.8988, -0.611199, 0.9792, 0.791934, 0, -0.324074, -0.517511
42, 0.9104, -0.649599, 0.9936, 0.791934, 0, -0.324074, -0.517511
42, 0.922, -0.687999, 1.008, 0.791934, 0, -0.324074, -0.517511
43, 0.6088, 0.348801, 0.7728, 0.79837, 0, -0.245492, -0.549854
43, 0.6204, 0.310401, 0.7824, 0.79837, 0, -0.245492, -0.549854
43, 0.632, 0.272001, 0.792, 0.79837, 0, -0.245492, -0.549854
43, 0.6436, 0.233601, 0.8016, 0.79837, 0, -0.245492, -0.549854
43, 0.6552, 0.195201, 0.8112, 0.79837, 0, -0.245492, -0.549854
43, 0.6668, 0.156801, 0.8208, 0.79837, 0, -0.245492, -0.549854
43, 0.6784, 0.118401, 0.8304, 0.79837, 0, -0.245492, -0.549854
43, 0.69, 0.0800009, 0.84, 0.79837, 0, -0.245492, -0.549854
43, 0.7016, 0.0416009, 0.8496, 0.79837, 0, -0.245492, -0.549854
43, 0.7132, 0.00320087, 0.8592, 0.79837, 0, -0.245492, -0.549854
43, 0.7248, -0.0351992, 0.8688, 0.79837, 0, -0.245492, -0.549854
43, 0.7364, -0.0735992, 0.8784, 0.79837, 0, -0.245492, -0.549854
43, 0.748, -0.111999, 0.888, 0.79837, 0, -0.245492, -0.549854
43, 0.7596, -0.150399, 0.8976, 0.79837, 0, -0.245492, -0.549854
43, 0.7712, -0.188799, 0.9072, 0.79837, 0, -0.245492, -0.549854
43, 0.7828, -0.227199, 0.9168, 0.79837, 0, -0.245492, -0.549854
43, 0.7944, -0.265599, 0.9264, 0.79837, 0, -0.245492, -0.549854
43, 0.806, -0.303999, 0.936, 0.79837, 0, -0.245492, -0.549854
43, 0.8176, -0.342399, 0.9456, 0.79837, 0, -0.245492, -0.549854
43, 0.8292, -0.380799, 0.9552, 0.79837, 0, -0.245492, -0.549854
43, 0.8408, -0.419199, 0.9648, 0.79837, 0, -0.245492, -0.549854
43, 0.8524, -0.457599, 0.9744, 0.79837, 0, -0.245492, -0.549854
43, 0.864, -0.495999, 0.984, 0.79837, 0, -0.245492, -0.549854
43, 0.8756, -0.534399, 0.9936, 0.79837, 0, -0.245492, -0.549854
43, 0.8872, -0.572799, 1.0032, 0.79837, 0, -0.245492, -0.549854
43, 0.8988, -0.611199, 1.0128, 0.79837, 0, -0.245492, -0.549854
43, 0.9104, -0.649599, 1.0224, 0.79837, 0, -0.245492, -0.549854
44, 0.6204, 0.310401, 0.9312, 0.802117, 0, -0.135334, -0.581629
44, 0.632, 0.272001, 0.936, 0.802117, 0, -0.135334, -0.581629
44, 0.6436, 0.233601, 0.9408, 0.802117, 0, -0.135334, -0.581629
44, 0.6552, 0.195201, 0.9456, 0.802117, 0, -0.135334, -0.581629
44, 0.6668, 0.156801, 0.9504, 0.802117, 0, -0.135334, -0.581629
44, 0.6784, 0.118401, 0.9552, 0.802117, 0, -0.135334, -0.581629
44, 0.69, 0.0800009, 0.96, 0.802117, 0, -0.135334, -0.581629
44, 0.7016, 0.0416009, 0.9648, 0.802117, 0, -0.135334, -0.581629
44, 0.7132, 0.00320087, 0.9696, 0.802117, 0, -0.135334, -0.581629
44, 0.7248, -0.0351992, 0.9744, 0.802117, 0, -0.135334, -0.581629
44, 0.7364, -0.0735992, 0.9792, 0.802117, 0, -0.135334, -0.581629
44, 0.748, -0.111999, 0.984, 0.802117, 0, -0.135334, -0.581629
44, 0.7596, -0.150399, 0.9888, 0.802117, 0, -0.135334, -0.581629
44, 0.7712, -0.188799, 0.9936, 0.802117, 0, -0.135334, -0.581629
44, 0.7828, -0.227199, 0.9984, 0.802117, 0, -0.135334, -0.581629
44, 0.7944, -0.265599, 1.0032, 0.802117, 0, -0.135334, -0.581629
44, 0.806, -0.303999, 1.008, 0.802117, 0, -0.135334, -0.581629
44, 0.8176, -0.342399, 1.0128, 0.802117, 0, -0.135334, -0.581629
44, 0.8292, -0.380799, 1.0176, 0.802117, 0, -0.135334, -0.581629
44, 0.8408, -0.419199, 1.0224, 0.802117, 0, -0.135334, -0.581629
44, 0.8524, -0.457599, 1.0272, 0.802117, 0, -0.135334, -0.581629
44, 0.864, -0.495999, 1.032, 0.802117, 0, -0.135334, -0.581629
44, 0.8756, -0.534399, 1.0368, 0.802117, 0, -0.135334, -0.581629
44, 0.8872, -0.572799, 1.0416, 0.802117, 0, -0.135334, -0.581629
44, 0.8988, -0.611199, 1.0464, 0.802117, 0, -0.135334, -0.581629
44, 0.9104, -0.649599, 1.0512, 0.802117, 0, -0.135334, -0.581629
45, 0.5276, -0.88, 0.4896, 0.814352, 0, -0.580372, 0
45, 0.5392, -0.88, 0.5232, 0.814352, 0, -0.580372, 0
45, 0.5508, -0.88, 0.5568, 0.814352, 0, -0.580372, 0
45, 0.5624, -0.88, 0.5904, 0.814352, 0, -0.580372, 0
45, 0.574, -0.88, 0.624, 0.814352, 0, -0.580372, 0
45, 0.5856, -0.88, 0.657599, 0.814352, 0, -0.580372, 0
45, 0.5972, -0.88, 0.691199, 0.814352, 0, -0.580372, 0
45, 0.6088, -0.88, 0.724799, 0.814352, 0, -0.580372, 0
45, 0.6204, -0.88, 0.758399, 0.814352, 0, -0.580372, 0
45, 0.632, -0.88, 0.791999, 0.814352, 0, -0.580372, 0
45, 0.6436, -0.88, 0.825599, 0.814352, 0, -0.580372, 0
45, 0.6552, -0.88, 0.859199, 0.814352, 0, -0.580372, 0
45, 0.6668, -0.88, 0.892799, 0.814352, 0, -0.580372, 0
45, 0.6784, -0.88, 0.926399, 0.814352, 0, -0.580372, 0
45, 0.69, -0.88, 0.959999, 0.814352, 0, -0.580372, 0
45, 0.7016, -0.88, 0.993599, 0.814352, 0, -0.580372, 0
46, 0.4696, -0.88, 0.5328, 0.828737, 0, -0.559638, 0
46, 0.4812, -0.88, 0.5616, 0.828737, 0, -0.559638, 0
46, 0.4928, -0.88, 0.5904, 0.828737, 0, -0.559638, 0
46, 0.5044, -0.88, 0.6192, 0.828737, 0, -0.559638, 0
46, 0.516, -0.88, 0.648, 0.828737, 0, -0.559638, 0
46, 0.5276, -0.88, 0.6768, 0.828737, 0, -0.559638, 0
46, 0.5392, -0.88, 0.7056, 0.828737, 0, -0.559638, 0
46, 0.5508, -0.88, 0.7344, 0.828737, 0, -0.559638, 0
46, 0.5624, -0.88, 0.7632, 0.828737, 0, -0.559638, 0
46, 0.574, -0.88, 0.792, 0.828737, 0, -0.559638, 0
46, 0.5856, -0.88, 0.8208, 0.828737, 0, -0.559638, 0
46, 0.5972, -0.88, 0.8496, 0.828737, 0, -0.559638, 0
46, 0.6088, -0.88, 0.8784, 0.828737, 0, -0.559638, 0
46, 0.6204, -0.88, 0.907199, 0.828737, 0, -0.559638, 0
46, 0.632, -0.88, 0.935999, 0.828737, 0, -0.559638, 0
46, 0.6436, -0.88, 0.964799, 0.828737, 0, -0.559638, 0
46, 0.6552, -0.88, 0.993599, 0.828737, 0, -0.559638, 0
46, 0.6668, -0.88, 1.0224, 0.828737, 0, -0.559638, 0
46, 0.6784, -0.88, 1.0512, 0.828737, 0, -0.559638, 0
47, 0.4, -0.88, 0.6, 0.847103, 0, -0.531428, 0
47, 0.4116, -0.88, 0.624, 0.847103, 0, -0.531428, 0
47, 0.4232, -0.88, 0.648, 0.847103, 0, -0.531428, 0
47, 0.4348, -0.88, 0.672, 0.847103, 0, -0.531428, 0
47, 0.4464, -0.88, 0.696, 0.847103, 0, -0.531428, 0
47, 0.458, -0.88, 0.72, 0.847103, 0, -0.531428, 0
47, 0.4696, -0.88, 0.744, 0.847103, 0, -0.531428, 0
47, 0.4812, -0.88, 0.768, 0.847103, 0, -0.531428, 0
47, 0.4928, -0.88, 0.792, 0.847103, 0, -0.531428, 0
47, 0.5044, -0.88, 0.816, 0.847103, 0, -0.531428, 0
47, 0.516, -0.88, 0.84, 0.847103, 0, -0.531428, 0
47, 0.5276, -0.88, 0.864, 0.847103, 0, -0.531428, 0
47, 0.5392, -0.88, 0.888, 0.847103, 0, -0.531428, 0
47, 0.5508, -0.88, 0.912, 0.847103, 0, -0.531428, 0
47, 0.5624, -0.88, 0.936, 0.847103, 0, -0.531428, 0
47, 0.574, -0.88, 0.96, 0.847103, 0, -0.531428, 0
47, 0.5856, -0.88, 0.984, 0.847103, 0, -0.531428, 0
47, 0.5972, -0.88, 1.008, 0.847103, 0, -0.531428, 0
47, 0.6088, -0.88, 1.032, 0.847103, 0, -0.531428, 0
47, 0.6204, -0.88, 1.056, 0.847103, 0, -0.531428, 0
47, 0.632, -0.88, 1.08, 0.847103, 0, -0.531428, 0
48, 0.4, -0.88, 0.84, 0.870952, 0, -0.491368, 0
48, 0.4116, -0.88, 0.8592, 0.870952, 0, -0.491368, 0
48, 0.4232, -0.88, 0.8784, 0.870952, 0, -0.491368, 0
48, 0.4348, -0.88, 0.8976, 0.870952, 0, -0.491368, 0
48, 0.4464, -0.88, 0.9168, 0.870952, 0, -0.491368, 0
48, 0.458, -0.88, 0.936, 0.870952, 0, -0.491368, 0
48, 0.4696, -0.88, 0.9552, 0.870952, 0, -0.491368, 0
48, 0.4812, -0.88, 0.9744, 0.870952, 0, -0.491368, 0
48, 0.4928, -0.88, 0.9936, 0.870952, 0, -0.491368, 0
48, 0.5044, -0.88, 1.0128, 0.870952, 0, -0.491368, 0
48, 0.516, -0.88, 1.032, 0.870952, 0, -0.491368, 0
48, 0.5276, -0.88, 1.0512, 0.870952, 0, -0.491368, 0
48, 0.5392, -0.88, 1.0704, 0.870952, 0, -0.491368, 0
48, 0.5508, -0.88, 1.0896, 0.870952, 0, -0.491368, 0
48, 0.5624, -0.88, 1.1088, 0.870952, 0, -0.491368, 0
48, 0.574, -0.88, 1.128, 0.870952, 0, -0.491368, 0
48, 0.5856, -0.88, 1.1472, 0.870952, 0, -0.491368, 0
49, 0.4, -0.88, 1.08, 0.902034, 0, -0.431666, 0
49, 0.4116, -0.88, 1.0944, 0.902034, 0, -0.431666, 0
49, 0.4232, -0.88, 1.1088, 0.902034, 0, -0.431666, 0
49, 0.4348, -0.88, 1.1232, 0.902034, 0, -0.431666, 0
49, 0.4464, -0.88, 1.1376, 0.902034, 0, -0.431666, 0
49, 0.458, -0.88, 1.152, 0.902034, 0, -0.431666, 0
49, 0.4696, -0.88, 1.1664, 0.902034, 0, -0.431666, 0
52, 0.5508, -0.7024, 0.5568, 0.813511, 0, -0.575906, -0.0808257
52, 0.5624, -0.7072, 0.5904, 0.813511, 0, -0.575906, -0.0808257
52, 0.574, -0.712, 0.624, 0.813511, 0, -0.575906, -0.0808257
52, 0.5856, -0.7168, 0.657599, 0.813511, 0, -0.575906, -0.0808257
52, 0.5972, -0.7216, 0.691199, 0.813511, 0, -0.575906, -0.0808257
52, 0.6088, -0.7264, 0.724799, 0.813511, 0, -0.575906, -0.0808257
52, 0.6204, -0.7312, 0.758399, 0.813511, 0, -0.575906, -0.0808257
52, 0.632, -0.736, 0.791999, 0.813511, 0, -0.575906, -0.0808257
52, 0.6436, -0.7408, 0.825599, 0.813511, 0, -0.575906, -0.0808257
52, 0.6552, -0.7456, 0.859199, 0.813511, 0, -0.575906, -0.0808257
52, 0.6668, -0.7504, 0.892799, 0.813511, 0, -0.575906, -0.0808257
52, 0.6784, -0.7552, 0.926399, 0.813511, 0, -0.575906, -0.0808257
52, 0.69, -0.76, 0.959999, 0.813511, 0, -0.575906, -0.0808257
52, 0.7016, -0.7648, 0.993599, 0.813511, 0, -0.575906, -0.0808257
52, 0.7132, -0.7696, 1.0272, 0.813511, 0, -0.575906, -0.0808257
52, 0.7248, -0.7744, 1.0608, 0.813511, 0, -0.575906, -0.0808257
52, 0.7364, -0.7792, 1.0944, 0.813511, 0, -0.575906, -0.0808257
53, 0.4812, -0.6736, 0.5616, 0.827572, 0, -0.554166, -0.0895804
53, 0.4928, -0.6784, 0.5904, 0.827572, 0, -0.554166, -0.0895804
53, 0.5044, -0.6832, 0.6192, 0.827572, 0, -0.554166, -0.0895804
53, 0.516, -0.688, 0.648, 0.827572, 0, -0.554166, -0.0895804
53, 0.5276, -0.6928, 0.6768, 0.827572, 0, -0.554166, -0.0895804
53, 0.5392, -0.6976, 0.7056, 0.827572, 0, -0.554166, -0.0895804
53, 0.5508, -0.7024, 0.7344, 0.827572, 0, -0.554166, -0.0895804
53, 0.5624, -0.7072, 0.7632, 0.827572, 0, -0.554166, -0.0895804
53, 0.574, -0.712, 0.792, 0.827572, 0, -0.554166, -0.0895804
53, 0.5856, -0.7168, 0.8208, 0.827572, 0, -0.554166, -0.0895804
53, 0.5972, -0.7216, 0.8496, 0.827572, 0, -0.554166, -0.0895804
53, 0.6088, -0.7264, 0.8784, 0.827572, 0, -0.554166, -0.0895804
53, 0.6204, -0.7312, 0.907199, 0.827572, 0, -0.554166, -0.0895804
53, 0.632, -0.736, 0.935999, 0.827572, 0, -0.554166, -0.0895804
53, 0.6436, -0.7408, 0.964799, 0.827572, 0, -0.554166, -0.0895804
53, 0.6552, -0.7456, 0.993599, 0.827572, 0, -0.554166, -0.0895804
53, 0.6668, -0.7504, 1.0224, 0.827572, 0, -0.554166, -0.0895804
53, 0.6784, -0.7552, 1.0512, 0.827572, 0, -0.554166, -0.0895804
53, 0.69, -0.76, 1.08, 0.827572, 0, -0.554166, -0.0895804
53, 0.7016, -0.7648, 1.1088, 0.827572, 0, -0.554166, -0.0895804
53, 0.7132, -0.7696, 1.1376, 0.827572, 0, -0.554166, -0.0895804
54, 0.4, -0.64, 0.6, 0.845498, 0, -0.524683, -0.0992026
54, 0.4116, -0.6448, 0.624, 0.845498, 0, -0.524683, -0.0992026
54, 0.4232, -0.6496, 0.648, 0.845498, 0, -0.524683, -0.0992026
54, 0.4348, -0.6544, 0.672, 0.845498, 0, -0.524683, -0.0992026
54, 0.4464, -0.6592, 0.696, 0.845498, 0, -0.524683, -0.0992026
54, 0.458, -0.664, 0.72, 0.845498, 0, -0.524683, -0.0992026
54, 0.4696, -0.6688, 0.744, 0.845498, 0, -0.524683, -0.0992026
54, 0.4812, -0.6736, 0.768, 0.845498, 0, -0.524683, -0.0992026
54, 0.4928, -0.6784, 0.792, 0.845498, 0, -0.524683, -0.0992026
54, 0.5044, -0.6832, 0.816, 0.845498, 0, -0.524683, -0.0992026
54, 0.516, -0.688, 0.84, 0.845498, 0, -0.524683, -0.0992026
54, 0.5276, -0.6928, 0.864, 0.845498, 0, -0.524683, -0.0992026
54, 0.5392, -0.6976, 0.888, 0.845498, 0, -0.524683, -0.0992026
54, 0.5508, -0.7024, 0.912, 0.845498, 0, -0.524683, -0.0992026
54, 0.5624, -0.7072, 0.936, 0.845498, 0, -0.524683, -0.0992026
54, 0.574, -0.712, 0.96, 0.845498, 0, -0.524683, -0.0992026
54, 0.5856, -0.7168, 0.984, 0.845498, 0, -0.524683, -0.0992026
54, 0.5972, -0.7216, 1.008, 0.845498, 0, -0.524683, -0.0992026
54, 0.6088, -0.7264, 1.032, 0.845498, 0, -0.524683, -0.0992026
54, 0.6204, -0.7312, 1.056, 0.845498, 0, -0.524683, -0.0992026
54, 0.632, -0.736, 1.08, 0.845498, 0, -0.524683, -0.0992026
54, 0.6436, -0.7408, 1.104, 0.845498, 0, -0.524683, -0.0992026
54, 0.6552, -0.7456, 1.128, 0.845498, 0, -0.524683, -0.0992026
54, 0.6668, -0.7504, 1.152, 0.845498, 0, -0.524683, -0.0992026
54, 0.6784, -0.7552, 1.176, 0.845498, 0, -0.524683, -0.0992026
54, 0.69, -0.76, 1.2, 0.845498, 0, -0.524683, -0.0992026
55, 0.4, -0.64, 0.84, 0.868857, 0, -0.483105, -0.108154
55, 0.4116, -0.6448, 0.8592, 0.868857, 0, -0.483105, -0.108154
55, 0.4232, -0.6496, 0.8784, 0.868857, 0, -0.483105, -0.108154
55, 0.4348, -0.6544, 0.8976, 0.868857, 0, -0.483105, -0.108154
55, 0.4464, -0.6592, 0.9168, 0.868857, 0, -0.483105, -0.108154
55, 0.458, -0.664, 0.936, 0.868857, 0, -0.483105, -0.108154
55, 0.4696, -0.6688, 0.9552, 0.868857, 0, -0.483105, -0.108154
55, 0.4812, -0.6736, 0.9744, 0.868857, 0, -0.483105, -0.108154
55, 0.4928, -0.6784, 0.9936, 0.868857, 0, -0.483105, -0.108154
55, 0.5044, -0.6832, 1.0128, 0.868857, 0, -0.483105, -0.108154
55, 0.516, -0.688, 1.032, 0.868857, 0, -0.483105, -0.108154
55, 0.5276, -0.6928, 1.0512, 0.868857, 0, -0.483105, -0.108154
55, 0.5392, -0.6976, 1.0704, 0.868857, 0, -0.483105, -0.108154
55, 0.5508, -0.7024, 1.0896, 0.868857, 0, -0.483105, -0.108154
55, 0.5624, -0.7072, 1.1088, 0.868857, 0, -0.483105, -0.108154
55, 0.574, -0.712, 1.128, 0.868857, 0, -0.483105, -0.108154
55, 0.5856, -0.7168, 1.1472, 0.868857, 0, -0.483105, -0.108154
55, 0.5972, -0.7216, 1.1664, 0.868857, 0, -0.483105, -0.108154
55, 0.6088, -0.7264, 1.1856, 0.868857, 0, -0.483105, -0.108154
55, 0.6204, -0.7312, 1.2048, 0.868857, 0, -0.483105, -0.108154
55, 0.632, -0.736, 1.224, 0.868857, 0, -0.483105, -0.108154
55, 0.6436, -0.7408, 1.2432, 0.868857, 0, -0.483105, -0.108154
56, 0.4, -0.64, 1.08, 0.899701, 0, -0.42188, -0.112054
56, 0.4116, -0.6448, 1.0944, 0.899701, 0, -0.42188, -0.112054
56, 0.4232, -0.6496, 1.1088, 0.899701, 0, -0.42188, -0.112054
56, 0.4348, -0.6544, 1.1232, 0.899701, 0, -0.42188, -0.112054
56, 0.4464, -0.6592, 1.1376, 0.899701, 0, -0.42188, -0.112054
56, 0.458, -0.664, 1.152, 0.899701, 0, -0.42188, -0.112054
56, 0.4696, -0.6688, 1.1664, 0.899701, 0, -0.42188, -0.112054
56, 0.4812, -0.6736, 1.1808, 0.899701, 0, -0.42188, -0.112054
56, 0.4928, -0.6784, 1.1952, 0.899701, 0, -0.42188, -0.112054
56, 0.5044, -0.6832, 1.2096, 0.899701, 0, -0.42188, -0.112054
56, 0.516, -0.688, 1.224, 0.899701, 0, -0.42188, -0.112054
56, 0.5276, -0.6928, 1.2384, 0.899701, 0, -0.42188, -0.112054
56, 0.5392, -0.6976, 1.2528, 0.899701, 0, -0.42188, -0.112054
56, 0.5508, -0.7024, 1.2672, 0.899701, 0, -0.42188, -0.112054
56, 0.5624, -0.7072, 1.2816, 0.899701, 0, -0.42188, -0.112054
56, 0.574, -0.712, 1.296, 0.899701, 0, -0.42188, -0.112054
56, 0.5856, -0.7168, 1.3104, 0.899701, 0, -0.42188, -0.112054
59, 0.5508, -0.5248, 0.5568, 0.810735, 0, -0.56366, -0.158103
59, 0.5624, -0.5344, 0.5904, 0.810735, 0, -0.56366, -0.158103
59, 0.574, -0.544, 0.624, 0.810735, 0, -0.56366, -0.158103
59, 0.5856, -0.5536, 0.657599, 0.810735, 0, -0.56366, -0.158103
59, 0.5972, -0.5632, 0.691199, 0.810735, 0, -0.56366, -0.158103
59, 0.6088, -0.5728, 0.724799, 0.810735, 0, -0.56366, -0.158103
59, 0.6204, -0.5824, 0.758399, 0.810735, 0, -0.56366, -0.158103
59, 0.632, -0.592, 0.791999, 0.810735, 0, -0.56366, -0.158103
59, 0.6436, -0.6016, 0.825599, 0.810735, 0, -0.56366, -0.158103
59, 0.6552, -0.6112, 0.859199, 0.810735, 0, -0.56366, -0.158103
59, 0.6668, -0.6208, 0.892799, 0.810735, 0, -0.56366, -0.158103
59, 0.6784, -0.6304, 0.926399, 0.810735, 0, -0.56366, -0.158103
59, 0.69, -0.64, 0.959999, 0.810735, 0, -0.56366, -0.158103
59, 0.7016, -0.6496, 0.993599, 0.810735, 0, -0.56366, -0.158103
59, 0.7132, -0.6592, 1.0272, 0.810735, 0, -0.56366, -0.158103
59, 0.7248, -0.6688, 1.0608, 0.810735, 0, -0.56366, -0.158103
59, 0.7364, -0.6784, 1.0944, 0.810735, 0, -0.56366, -0.158103
59, 0.748, -0.688, 1.128, 0.810735, 0, -0.56366, -0.158103
59, 0.7596, -0.6976, 1.1616, 0.810735, 0, -0.56366, -0.158103
60, 0.4696, -0.4576, 0.5328, 0.823715, 0, -0.53946, -0.174573
60, 0.4812, -0.4672, 0.5616, 0.823715, 0, -0.53946, -0.174573
60, 0.4928, -0.4768, 0.5904, 0.823715, 0, -0.53946, -0.174573
60, 0.5044, -0.4864, 0.6192, 0.823715, 0, -0.53946, -0.174573
60, 0.516, -0.496, 0.648, 0.823715, 0, -0.53946, -0.174573
60, 0.5276, -0.5056, 0.6768, 0.823715, 0, -0.53946, -0.174573
60, 0.5392, -0.5152, 0.7056, 0.823715, 0, -0.53946, -0.174573
60, 0.5508, -0.5248, 0.7344, 0.823715, 0, -0.53946, -0.174573
60, 0.5624, -0.5344, 0.7632, 0.823715, 0, -0.53946, -0.174573
60, 0.574, -0.544, 0.792, 0.823715, 0, -0.53946, -0.174573
60, 0.5856, -0.5536, 0.8208, 0.823715, 0, -0.53946, -0.174573
60, 0.5972, -0.5632, 0.8496, 0.823715, 0, -0.53946, -0.174573
60, 0.6088, -0.5728, 0.8784, 0.823715, 0, -0.53946, -0.174573
60, 0.6204, -0.5824, 0.907199, 0.823715, 0, -0.53946, -0.174573
60, 0.632, -0.592, 0.935999, 0.823715, 0, -0.53946, -0.174573
60, 0.6436, -0.6016, 0.964799, 0.823715, 0, -0.53946, -0.174573
60, 0.6552, -0.6112, 0.993599, 0.823715, 0, -0.53946, -0.174573
60, 0.6668, -0.6208, 1.0224, 0.823715, 0, -0.53946, -0.174573
60, 0.6784, -0.6304, 1.0512, 0.823715, 0, -0.53946, -0.174573
60, 0.69, -0.64, 1.08, 0.823715, 0, -0.53946, -0.174573
60, 0.7016, -0.6496, 1.1088, 0.823715, 0, -0.53946, -0.174573
60, 0.7132, -0.6592, 1.1376, 0.823715, 0, -0.53946, -0.174573
60, 0.7248, -0.6688, 1.1664, 0.823715, 0, -0.53946, -0.174573
60, 0.7364, -0.6784, 1.1952, 0.823715, 0, -0.53946, -0.174573
61, 0.4, -0.4, 0.6, 0.840093, 0, -0.506912, -0.193088
61, 0.4116, -0.4096, 0.624, 0.840093, 0, -0.506912, -0.193088
61, 0.4232, -0.4192, 0.648, 0.840093, 0, -0.506912, -0.193088
61, 0.4348, -0.4288, 0.672, 0.840093, 0, -0.506912, -0.193088
61, 0.4464, -0.4384, 0.696, 0.840093, 0, -0.506912, -0.193088
61, 0.458, -0.448, 0.72, 0.840093, 0, -0.506912, -0.193088
61, 0.4696, -0.4576, 0.744, 0.840093, 0, -0.506912, -0.193088
61, 0.4812, -0.4672, 0.768, 0.840093, 0, -0.506912, -0.193088
61, 0.4928, -0.4768, 0.792, 0.840093, 0, -0.506912, -0.193088
61, 0.5044, -0.4864, 0.816, 0.840093, 0, -0.506912, -0.193088
61, 0.516, -0.496, 0.84, 0.840093, 0, -0.506912, -0.193088
61, 0.5276, -0.5056, 0.864, 0.840093, 0, -0.506912, -0.193088
61, 0.5392, -0.5152, 0.888, 0.840093, 0, -0.506912, -0.193088
61, 0.5508, -0.5248, 0.912, 0.840093, 0, -0.506912, -0.193088
61, 0.5624, -0.5344, 0.936, 0.840093, 0, -0.506912, -0.193088
61, 0.574, -0.544, 0.96, 0.840093, 0, -0.506912, -0.193088
61, 0.5856, -0.5536, 0.984, 0.840093, 0, -0.506912, -0.193088
61, 0.5972, -0.5632, 1.008, 0.840093, 0, -0.506912, -0.193088
61, 0.6088, -0.5728, 1.032, 0.840093, 0, -0.506912, -0.193088
61, 0.6204, -0.5824, 1.056, 0.840093, 0, -0.506912, -0.193088
61, 0.632, -0.592, 1.08, 0.840093, 0, -0.506912, -0.193088
61, 0.6436, -0.6016, 1.104, 0.840093, 0, -0.506912, -0.193088
61, 0.6552, -0.6112, 1.128, 0.840093, 0, -0.506912, -0.193088
61, 0.6668, -0.6208, 1.152, 0.840093, 0, -0.506912, -0.193088
61, 0.6784, -0.6304, 1.176, 0.840093, 0, -0.506912, -0.193088
61, 0.69, -0.64, 1.2, 0.840093, 0, -0.506912, -0.193088
61, 0.7016, -0.6496, 1.224, 0.840093, 0, -0.506912, -0.193088
61, 0.7132, -0.6592, 1.248, 0.840093, 0, -0.506912, -0.193088
62, 0.4, -0.4, 0.84, 0.861277, 0, -0.461469, -0.212715
62, 0.4116, -0.4096, 0.8592, 0.861277, 0, -0.461469, -0.212715
62, 0.4232, -0.4192, 0.8784, 0.861277, 0, -0.461469, -0.212715
62, 0.4348, -0.4288, 0.8976, 0.861277, 0, -0.461469, -0.212715
62, 0.4464, -0.4384, 0.9168, 0.861277, 0, -0.461469, -0.212715
62, 0.458, -0.448, 0.936, 0.861277, 0, -0.461469, -0.212715
62, 0.4696, -0.4576, 0.9552, 0.861277, 0, -0.461469, -0.212715
62, 0.4812, -0.4672, 0.9744, 0.861277, 0, -0.461469, -0.212715
62, 0.4928, -0.4768, 0.9936, 0.861277, 0, -0.461469, -0.212715
62, 0.5044, -0.4864, 1.0128, 0.861277, 0, -0.461469, -0.212715
62, 0.516, -0.496, 1.032, 0.861277, 0, -0.461469, -0.212715
62, 0.5276, -0.5056, 1.0512, 0.861277, 0, -0.461469, -0.212715
62, 0.5392, -0.5152, 1.0704, 0.861277, 0, -0.461469, -0.212715
62, 0.5508, -0.5248, 1.0896, 0.861277, 0, -0.461469, -0.212715
62, 0.5624, -0.5344, 1.1088, 0.861277, 0, -0.461469, -0.212715
62, 0.574, -0.544, 1.128, 0.861277, 0, -0.461469, -0.212715
62, 0.5856, -0.5536, 1.1472, 0.861277, 0, -0.461469, -0.212715
62, 0.5972, -0.5632, 1.1664, 0.861277, 0, -0.461469, -0.212715
62, 0.6088, -0.5728, 1.1856, 0.861277, 0, -0.461469, -0.212715
62, 0.6204, -0.5824, 1.2048, 0.861277, 0, -0.461469, -0.212715
62, 0.632, -0.592, 1.224, 0.861277, 0, -0.461469, -0.212715
62, 0.6436, -0.6016, 1.2432, 0.861277, 0, -0.461469, -0.212715
62, 0.6552, -0.6112, 1.2624, 0.861277, 0, -0.461469, -0.212715
62, 0.6668, -0.6208, 1.2816, 0.861277, 0, -0.461469, -0.212715
62, 0.6784, -0.6304, 1.3008, 0.861277, 0, -0.461469, -0.212715
63, 0.4, -0.4, 1.08, 0.888848, 0, -0.395358, -0.231607
63, 0.4116, -0.4096, 1.0944, 0.888848, 0, -0.395358, -0.231607
63, 0.4232, -0.4192, 1.1088, 0.888848, 0, -0.395358, -0.231607
63, 0.4348, -0.4288, 1.1232, 0.888848, 0, -0.395358, -0.231607
63, 0.4464, -0.4384, 1.1376, 0.888848, 0, -0.395358, -0.231607
63, 0.458, -0.448, 1.152, 0.888848, 0, -0.395358, -0.231607
63, 0.4696, -0.4576, 1.1664, 0.888848, 0, -0.395358, -0.231607
63, 0.4812, -0.4672, 1.1808, 0.888848, 0, -0.395358, -0.231607
63, 0.4928, -0.4768, 1.1952, 0.888848, 0, -0.395358, -0.231607
63, 0.5044, -0.4864, 1.2096, 0.888848, 0, -0.395358, -0.231607
63, 0.516, -0.496, 1.224, 0.888848, 0, -0.395358, -0.231607
63, 0.5276, -0.5056, 1.2384, 0.888848, 0, -0.395358, -0.231607
63, 0.5392, -0.5152, 1.2528, 0.888848, 0, -0.395358, -0.231607
63, 0.5508, -0.5248, 1.2672, 0.888848, 0, -0.395358, -0.231607
63, 0.5624, -0.5344, 1.2816, 0.888848, 0, -0.395358, -0.231607
63, 0.574, -0.544, 1.296, 0.888848, 0, -0.395358, -0.231607
63, 0.5856, -0.5536, 1.3104, 0.888848, 0, -0.395358, -0.231607
63, 0.5972, -0.5632, 1.3248, 0.888848, 0, -0.395358, -0.231607
63, 0.6088, -0.5728, 1.3392, 0.888848, 0, -0.395358, -0.231607
63, 0.6204, -0.5824, 1.3536, 0.888848, 0, -0.395358, -0.231607
63, 0.632, -0.592, 1.368, 0.888848, 0, -0.395358, -0.231607
64, 0.4, -0.4, 1.32, 0.921326, 0, -0.297689, -0.250079
64, 0.4232, -0.4192, 1.3392, 0.921326, 0, -0.297689, -0.250079
64, 0.4464, -0.4384, 1.3584, 0.921326, 0, -0.297689, -0.250079
64, 0.458, -0.448, 1.368, 0.921326, 0, -0.297689, -0.250079
64, 0.4812, -0.4672, 1.3872, 0.921326, 0, -0.297689, -0.250079
64, 0.4928, -0.4768, 1.3968, 0.921326, 0, -0.297689, -0.250079
64, 0.5044, -0.4864, 1.4064, 0.921326, 0, -0.297689, -0.250079
64, 0.516, -0.496, 1.416, 0.921326, 0, -0.297689, -0.250079
64, 0.5392, -0.5152, 1.4352, 0.921326, 0, -0.297689, -0.250079
66, 0.5508, -0.3472, 0.5568, 0.805779, 0, -0.546561, -0.228018
66, 0.5624, -0.3616, 0.5904, 0.805779, 0, -0.546561, -0.228018
66, 0.574, -0.376, 0.624, 0.805779, 0, -0.546561, -0.228018
66, 0.5856, -0.3904, 0.657599, 0.805779, 0, -0.546561, -0.228018
66, 0.5972, -0.4048, 0.691199, 0.805779, 0, -0.546561, -0.228018
66, 0.6088, -0.4192, 0.724799, 0.805779, 0, -0.546561, -0.228018
66, 0.6204, -0.4336, 0.758399, 0.805779, 0, -0.546561, -0.228018
66, 0.632, -0.448, 0.791999, 0.805779, 0, -0.546561, -0.228018
66, 0.6436, -0.4624, 0.825599, 0.805779, 0, -0.546561, -0.228018
66, 0.6552, -0.4768, 0.859199, 0.805779, 0, -0.546561, -0.228018
66, 0.6668, -0.4912, 0.892799, 0.805779, 0, -0.546561, -0.228018
66, 0.6784, -0.5056, 0.926399, 0.805779, 0, -0.546561, -0.228018
66, 0.69, -0.52, 0.959999, 0.805779, 0, -0.546561, -0.228018
66, 0.7016, -0.5344, 0.993599, 0.805779, 0, -0.546561, -0.228018
66, 0.7132, -0.5488, 1.0272, 0.805779, 0, -0.546561, -0.228018
66, 0.7248, -0.5632, 1.0608, 0.805779, 0, -0.546561, -0.228018
66, 0.7364, -0.5776, 1.0944, 0.805779, 0, -0.546561, -0.228018
66, 0.748, -0.592, 1.128, 0.805779, 0, -0.546561, -0.228018
66, 0.7596, -0.6064, 1.1616, 0.805779, 0, -0.546561, -0.228018
66, 0.7712, -0.6208, 1.1952, 0.805779, 0, -0.546561, -0.228018
66, 0.7828, -0.6352, 1.2288, 0.805779, 0, -0.546561, -0.228018
67, 0.4696, -0.2464, 0.5328, 0.816972, 0, -0.519762, -0.249808
67, 0.4812, -0.2608, 0.5616, 0.816972, 0, -0.519762, -0.249808
67, 0.4928, -0.2752, 0.5904, 0.816972, 0, -0.519762, -0.249808
67, 0.5044, -0.2896, 0.6192, 0.816972, 0, -0.519762, -0.249808
67, 0.516, -0.304, 0.648, 0.816972, 0, -0.519762, -0.249808
67, 0.5276, -0.3184, 0.6768, 0.816972, 0, -0.519762, -0.249808
67, 0.5392, -0.3328, 0.7056, 0.816972, 0, -0.519762, -0.249808
67, 0.5508, -0.3472, 0.7344, 0.816972, 0, -0.519762, -0.249808
67, 0.5624, -0.3616, 0.7632, 0.816972, 0, -0.519762, -0.249808
67, 0.574, -0.376, 0.792, 0.816972, 0, -0.519762, -0.249808
67, 0.5856, -0.3904, 0.8208, 0.816972, 0, -0.519762, -0.249808
67, 0.5972, -0.4048, 0.8496, 0.816972, 0, -0.519762, -0.249808
67, 0.6088, -0.4192, 0.8784, 0.816972, 0, -0.519762, -0.249808
67, 0.6204, -0.4336, 0.907199, 0.816972, 0, -0.519762, -0.249808
67, 0.632, -0.448, 0.935999, 0.816972, 0, -0.519762, -0.249808
67, 0.6436, -0.4624, 0.964799, 0.816972, 0, -0.519762, -0.249808
67, 0.6552, -0.4768, 0.993599, 0.816972, 0, -0.519762, -0.249808
67, 0.6668, -0.4912, 1.0224, 0.816972, 0, -0.519762, -0.249808
67, 0.6784, -0.5056, 1.0512, 0.816972, 0, -0.519762, -0.249808
67, 0.69, -0.52, 1.08, 0.816972, 0, -0.519762, -0.249808
67, 0.7016, -0.5344, 1.1088, 0.816972, 0, -0.519762, -0.249808
67, 0.7132, -0.5488, 1.1376, 0.816972, 0, -0.519762, -0.249808
67, 0.7248, -0.5632, 1.1664, 0.816972, 0, -0.519762, -0.249808
67, 0.7364, -0.5776, 1.1952, 0.816972, 0, -0.519762, -0.249808
67, 0.748, -0.592, 1.224, 0.816972, 0, -0.519762, -0.249808
67, 0.7596, -0.6064, 1.2528, 0.816972, 0, -0.519762, -0.249808
68, 0.4464, -0.2176, 0.696, 0.830789, 0, -0.48426, -0.274376
68, 0.458, -0.232, 0.72, 0.830789, 0, -0.48426, -0.274376
68, 0.4696, -0.2464, 0.744, 0.830789, 0, -0.48426, -0.274376
68, 0.4812, -0.2608, 0.768, 0.830789, 0, -0.48426, -0.274376
68, 0.4928, -0.2752, 0.792, 0.830789, 0, -0.48426, -0.274376
68, 0.5044, -0.2896, 0.816, 0.830789, 0, -0.48426, -0.274376
68, 0.516, -0.304, 0.84, 0.830789, 0, -0.48426, -0.274376
68, 0.5276, -0.3184, 0.864, 0.830789, 0, -0.48426, -0.274376
68, 0.5392, -0.3328, 0.888, 0.830789, 0, -0.48426, -0.274376
68, 0.5508, -0.3472, 0.912, 0.830789, 0, -0.48426, -0.274376
68, 0.5624, -0.3616, 0.936, 0.830789, 0, -0.48426, -0.274376
68, 0.574, -0.376, 0.96, 0.830789, 0, -0.48426, -0.274376
68, 0.5856, -0.3904, 0.984, 0.830789, 0, -0.48426, -0.274376
68, 0.5972, -0.4048, 1.008, 0.830789, 0, -0.48426, -0.274376
68, 0.6088, -0.4192, 1.032, 0.830789, 0, -0.48426, -0.274376
68, 0.6204, -0.4336, 1.056, 0.830789, 0, -0.48426, -0.274376
68, 0.632, -0.448, 1.08, 0.830789, 0, -0.48426, -0.274376
68, 0.6436, -0.4624, 1.104, 0.830789, 0, -0.48426, -0.274376
68, 0.6552, -0.4768, 1.128, 0.830789, 0, -0.48426, -0.274376
68, 0.6668, -0.4912, 1.152, 0.830789, 0, -0.48426, -0.274376
68, 0.6784, -0.5056, 1.176, 0.830789, 0, -0.48426, -0.274376
68, 0.69, -0.52, 1.2, 0.830789, 0, -0.48426, -0.274376
68, 0.7016, -0.5344, 1.224, 0.830789, 0, -0.48426, -0.274376
68, 0.7132, -0.5488, 1.248, 0.830789, 0, -0.48426, -0.274376
68, 0.7248, -0.5632, 1.272, 0.830789, 0, -0.48426, -0.274376
68, 0.7364, -0.5776, 1.296, 0.830789, 0, -0.48426, -0.274376
69, 0.4, -0.16, 0.84, 0.848096, 0, -0.43538, -0.301956
69, 0.4116, -0.1744, 0.8592, 0.848096, 0, -0.43538, -0.301956
69, 0.4232, -0.1888, 0.8784, 0.848096, 0, -0.43538, -0.301956
69, 0.4348, -0.2032, 0.8976, 0.848096, 0, -0.43538, -0.301956
69, 0.4464, -0.2176, 0.9168, 0.848096, 0, -0.43538, -0.301956
69, 0.458, -0.232, 0.936, 0.848096, 0, -0.43538, -0.301956
69, 0.4696, -0.2464, 0.9552, 0.848096, 0, -0.43538, -0.301956
69, 0.4812, -0.2608, 0.9744, 0.848096, 0, -0.43538, -0.301956
69, 0.4928, -0.2752, 0.9936, 0.848096, 0, -0.43538, -0.301956
69, 0.5044, -0.2896, 1.0128, 0.848096, 0, -0.43538, -0.301956
69, 0.516, -0.304, 1.032, 0.848096, 0, -0.43538, -0.301956
69, 0.5276, -0.3184, 1.0512, 0.848096, 0, -0.43538, -0.301956
69, 0.5392, -0.3328, 1.0704, 0.848096, 0, -0.43538, -0.301956
69, 0.5508, -0.3472, 1.0896, 0.848096, 0, -0.43538, -0.301956
69, 0.5624, -0.3616, 1.1088, 0.848096, 0, -0.43538, -0.301956
69, 0.574, -0.376, 1.128, 0.848096, 0, -0.43538, -0.301956
69, 0.5856, -0.3904, 1.1472, 0.848096, 0, -0.43538, -0.301956
69, 0.5972, -0.4048, 1.1664, 0.848096, 0, -0.43538, -0.301956
69, 0.6088, -0.4192, 1.1856, 0.848096, 0, -0.43538, -0.301956
69, 0.6204, -0.4336, 1.2048, 0.848096, 0, -0.43538, -0.301956
69, 0.632, -0.448, 1.224, 0.848096, 0, -0.43538, -0.301956
69, 0.6436, -0.4624, 1.2432, 0.848096, 0, -0.43538, -0.301956
69, 0.6552, -0.4768, 1.2624, 0.848096, 0, -0.43538, -0.301956
69, 0.6668, -0.4912, 1.2816, 0.848096, 0, -0.43538, -0.301956
69, 0.6784, -0.5056, 1.3008, 0.848096, 0, -0.43538, -0.301956
69, 0.69, -0.52, 1.32, 0.848096, 0, -0.43538, -0.301956
69, 0.7016, -0.5344, 1.3392, 0.848096, 0, -0.43538, -0.301956
70, 0.4, -0.16, 1.08, 0.869053, 0, -0.365392, -0.333521
70, 0.4116, -0.1744, 1.0944, 0.869053, 0, -0.365392, -0.333521
70, 0.4232, -0.1888, 1.1088, 0.869053, 0, -0.365392, -0.333521
70, 0.4348, -0.2032, 1.1232, 0.869053, 0, -0.365392, -0.333521
70, 0.4464, -0.2176, 1.1376, 0.869053, 0, -0.365392, -0.333521
70, 0.458, -0.232, 1.152, 0.869053, 0, -0.365392, -0.333521
70, 0.4696, -0.2464, 1.1664, 0.869053, 0, -0.365392, -0.333521
70, 0.4812, -0.2608, 1.1808, 0.869053, 0, -0.365392, -0.333521
70, 0.4928, -0.2752, 1.1952, 0.869053, 0, -0.365392, -0.333521
70, 0.5044, -0.2896, 1.2096, 0.869053, 0, -0.365392, -0.333521
70, 0.516, -0.304, 1.224, 0.869053, 0, -0.365392, -0.333521
70, 0.5276, -0.3184, 1.2384, 0.869053, 0, -0.365392, -0.333521
70, 0.5392, -0.3328, 1.2528, 0.869053, 0, -0.365392, -0.333521
70, 0.5508, -0.3472, 1.2672, 0.869053, 0, -0.365392, -0.333521
70, 0.5624, -0.3616, 1.2816, 0.869053, 0, -0.365392, -0.333521
70, 0.574, -0.376, 1.296, 0.869053, 0, -0.365392, -0.333521
70, 0.5856, -0.3904, 1.3104, 0.869053, 0, -0.365392, -0.333521
70, 0.5972, -0.4048, 1.3248, 0.869053, 0, -0.365392, -0.333521
70, 0.6088, -0.4192, 1.3392, 0.869053, 0, -0.365392, -0.333521
70, 0.6204, -0.4336, 1.3536, 0.869053, 0, -0.365392, -0.333521
70, 0.632, -0.448, 1.368, 0.869053, 0, -0.365392, -0.333521
70, 0.6436, -0.4624, 1.3824, 0.869053, 0, -0.365392, -0.333521
70, 0.6552, -0.4768, 1.3968, 0.869053, 0, -0.365392, -0.333521
71, 0.4116, -0.1744, 1.3296, 0.889869, 0, -0.265898, -0.370718
71, 0.4348, -0.2032, 1.3488, 0.889869, 0, -0.265898, -0.370718
71, 0.4464, -0.2176, 1.3584, 0.889869, 0, -0.265898, -0.370718
71, 0.4812, -0.2608, 1.3872, 0.889869, 0, -0.265898, -0.370718
71, 0.4928, -0.2752, 1.3968, 0.889869, 0, -0.265898, -0.370718
71, 0.5044, -0.2896, 1.4064, 0.889869, 0, -0.265898, -0.370718
71, 0.5276, -0.3184, 1.4256, 0.889869, 0, -0.265898, -0.370718
71, 0.5392, -0.3328, 1.4352, 0.889869, 0, -0.265898, -0.370718
71, 0.5508, -0.3472, 1.4448, 0.889869, 0, -0.265898, -0.370718
71, 0.5624, -0.3616, 1.4544, 0.889869, 0, -0.265898, -0.370718
71, 0.574, -0.376, 1.464, 0.889869, 0, -0.265898, -0.370718
73, 0.5508, -0.1696, 0.5568, 0.799044, 0, -0.527996, -0.287663
73, 0.5624, -0.1888, 0.5904, 0.799044, 0, -0.527996, -0.287663
73, 0.574, -0.208, 0.624, 0.799044, 0, -0.527996, -0.287663
73, 0.5856, -0.2272, 0.657599, 0.799044, 0, -0.527996, -0.287663
73, 0.5972, -0.2464, 0.691199, 0.799044, 0, -0.527996, -0.287663
73, 0.6088, -0.2656, 0.724799, 0.799044, 0, -0.527996, -0.287663
73, 0.6204, -0.2848, 0.758399, 0.799044, 0, -0.527996, -0.287663
73, 0.632, -0.304, 0.791999, 0.799044, 0, -0.527996, -0.287663
73, 0.6436, -0.3232, 0.825599, 0.799044, 0, -0.527996, -0.287663
73, 0.6552, -0.3424, 0.859199, 0.799044, 0, -0.527996, -0.287663
73, 0.6668, -0.3616, 0.892799, 0.799044, 0, -0.527996, -0.287663
73, 0.6784, -0.3808, 0.926399, 0.799044, 0, -0.527996, -0.287663
73, 0.69, -0.4, 0.959999, 0.799044, 0, -0.527996, -0.287663
73, 0.7016, -0.4192, 0.993599, 0.799044, 0, -0.527996, -0.287663
73, 0.7132, -0.4384, 1.0272, 0.799044, 0, -0.527996, -0.287663
73, 0.7248, -0.4576, 1.0608, 0.799044, 0, -0.527996, -0.287663
73, 0.7364, -0.4768, 1.0944, 0.799044, 0, -0.527996, -0.287663
73, 0.748, -0.496, 1.128, 0.799044, 0, -0.527996, -0.287663
73, 0.7596, -0.5152, 1.1616, 0.799044, 0, -0.527996, -0.287663
73, 0.7712, -0.5344, 1.1952, 0.799044, 0, -0.527996, -0.287663
73, 0.7828, -0.5536, 1.2288, 0.799044, 0, -0.527996, -0.287663
73, 0.7944, -0.5728, 1.2624, 0.799044, 0, -0.527996, -0.287663
74, 0.5044, -0.0927998, 0.6192, 0.808212, 0, -0.499603, -0.311753
74, 0.516, -0.112, 0.648, 0.808212, 0, -0.499603, -0.311753
74, 0.5276, -0.1312, 0.6768, 0.808212, 0, -0.499603, -0.311753
74, 0.5392, -0.1504, 0.7056, 0.808212, 0, -0.499603, -0.311753
74, 0.5508, -0.1696, 0.7344, 0.808212, 0, -0.499603, -0.311753
74, 0.5624, -0.1888, 0.7632, 0.808212, 0, -0.499603, -0.311753
74, 0.574, -0.208, 0.792, 0.808212, 0, -0.499603, -0.311753
74, 0.5856, -0.2272, 0.8208, 0.808212, 0, -0.499603, -0.311753
74, 0.5972, -0.2464, 0.8496, 0.808212, 0, -0.499603, -0.311753
74, 0.6088, -0.2656, 0.8784, 0.808212, 0, -0.499603, -0.311753
74, 0.6204, -0.2848, 0.907199, 0.808212, 0, -0.499603, -0.311753
74, 0.632, -0.304, 0.935999, 0.808212, 0, -0.499603, -0.311753
74, 0.6436, -0.3232, 0.964799, 0.808212, 0, -0.499603, -0.311753
74, 0.6552, -0.3424, 0.993599, 0.808212, 0, -0.499603, -0.311753
74, 0.6668, -0.3616, 1.0224, 0.808212, 0, -0.499603, -0.311753
74, 0.6784, -0.3808, 1.0512, 0.808212, 0, -0.499603, -0.311753
74, 0.69, -0.4, 1.08, 0.808212, 0, -0.499603, -0.311753
74, 0.7016, -0.4192, 1.1088, 0.808212, 0, -0.499603, -0.311753
74, 0.7132, -0.4384, 1.1376, 0.808212, 0, -0.499603, -0.311753
74, 0.7248, -0.4576, 1.1664, 0.808212, 0, -0.499603, -0.311753
74, 0.7364, -0.4768, 1.1952, 0.808212, 0, -0.499603, -0.311753
74, 0.748, -0.496, 1.224, 0.808212, 0, -0.499603, -0.311753
74, 0.7596, -0.5152, 1.2528, 0.808212, 0, -0.499603, -0.311753
74, 0.7712, -0.5344, 1.2816, 0.808212, 0, -0.499603, -0.311753
75, 0.4696, -0.0351999, 0.744, 0.819286, 0, -0.46281, -0.338494
75, 0.4812, -0.0543999, 0.768, 0.819286, 0, -0.46281, -0.338494
75, 0.4928, -0.0735999, 0.792, 0.819286, 0, -0.46281, -0.338494
75, 0.5044, -0.0927998, 0.816, 0.819286, 0, -0.46281, -0.338494
75, 0.516, -0.112, 0.84, 0.819286, 0, -0.46281, -0.338494
75, 0.5276, -0.1312, 0.864, 0.819286, 0, -0.46281, -0.338494
75, 0.5392, -0.1504, 0.888, 0.819286, 0, -0.46281, -0.338494
75, 0.5508, -0.1696, 0.912, 0.819286, 0, -0.46281, -0.338494
75, 0.5624, -0.1888, 0.936, 0.819286, 0, -0.46281, -0.338494
75, 0.574, -0.208, 0.96, 0.819286, 0, -0.46281, -0.338494
75, 0.5856, -0.2272, 0.984, 0.819286, 0, -0.46281, -0.338494
75, 0.5972, -0.2464, 1.008, 0.819286, 0, -0.46281, -0.338494
75, 0.6088, -0.2656, 1.032, 0.819286, 0, -0.46281, -0.338494
75, 0.6204, -0.2848, 1.056, 0.819286, 0, -0.46281, -0.338494
75, 0.632, -0.304, 1.08, 0.819286, 0, -0.46281, -0.338494
75, 0.6436, -0.3232, 1.104, 0.819286, 0, -0.46281, -0.338494
75, 0.6552, -0.3424, 1.128, 0.819286, 0, -0.46281, -0.338494
75, 0.6668, -0.3616, 1.152, 0.819286, 0, -0.46281, -0.338494
75, 0.6784, -0.3808, 1.176, 0.819286, 0, -0.46281, -0.338494
75, 0.69, -0.4, 1.2, 0.819286, 0, -0.46281, -0.338494
75, 0.7016, -0.4192, 1.224, 0.819286, 0, -0.46281, -0.338494
75, 0.7132, -0.4384, 1.248, 0.819286, 0, -0.46281, -0.338494
75, 0.7248, -0.4576, 1.272, 0.819286, 0, -0.46281, -0.338494
75, 0.7364, -0.4768, 1.296, 0.819286, 0, -0.46281, -0.338494
75, 0.748, -0.496, 1.32, 0.819286, 0, -0.46281, -0.338494
76, 0.4, 0.08, 0.84, 0.832685, 0, -0.413269, -0.368571
76, 0.4116, 0.0608, 0.8592, 0.832685, 0, -0.413269, -0.368571
76, 0.4232, 0.0416, 0.8784, 0.832685, 0, -0.413269, -0.368571
76, 0.4348, 0.0224001, 0.8976, 0.832685, 0, -0.413269, -0.368571
76, 0.4464, 0.00320007, 0.9168, 0.832685, 0, -0.413269, -0.368571
76, 0.458, -0.0159999, 0.936, 0.832685, 0, -0.413269, -0.368571
76, 0.4696, -0.0351999, 0.9552, 0.832685, 0, -0.413269, -0.368571
76, 0.4812, -0.0543999, 0.9744, 0.832685, 0, -0.413269, -0.368571
76, 0.4928, -0.0735999, 0.9936, 0.832685, 0, -0.413269, -0.368571
76, 0.5044, -0.0927998, 1.0128, 0.832685, 0, -0.413269, -0.368571
76, 0.516, -0.112, 1.032, 0.832685, 0, -0.413269, -0.368571
76, 0.5276, -0.1312, 1.0512, 0.832685, 0, -0.413269, -0.368571
76, 0.5392, -0.1504, 1.0704, 0.832685, 0, -0.413269, -0.368571
76, 0.5508, -0.1696, 1.0896, 0.832685, 0, -0.413269, -0.368571
76, 0.5624, -0.1888, 1.1088, 0.832685, 0, -0.413269, -0.368571
76, 0.574, -0.208, 1.128, 0.832685, 0, -0.413269, -0.368571
76, 0.5856, -0.2272, 1.1472, 0.832685, 0, -0.413269, -0.368571
76, 0.5972, -0.2464, 1.1664, 0.832685, 0, -0.413269, -0.368571
76, 0.6088, -0.2656, 1.1856, 0.832685, 0, -0.413269, -0.368571
76, 0.6204, -0.2848, 1.2048, 0.832685, 0, -0.413269, -0.368571
76, 0.632, -0.304, 1.224, 0.832685, 0, -0.413269, -0.368571
76, 0.6436, -0.3232, 1.2432, 0.832685, 0, -0.413269, -0.368571
76, 0.6552, -0.3424, 1.2624, 0.832685, 0, -0.413269, -0.368571
76, 0.6668, -0.3616, 1.2816, 0.832685, 0, -0.413269, -0.368571
76, 0.6784, -0.3808, 1.3008, 0.832685, 0, -0.413269, -0.368571
76, 0.69, -0.4, 1.32, 0.832685, 0, -0.413269, -0.368571
76, 0.7016, -0.4192, 1.3392, 0.832685, 0, -0.413269, -0.368571
76, 0.7132, -0.4384, 1.3584, 0.832685, 0, -0.413269, -0.368571
77, 0.4116, 0.0608, 1.0944, 0.847912, 0, -0.344125, -0.403266
77, 0.4232, 0.0416, 1.1088, 0.847912, 0, -0.344125, -0.403266
77, 0.4348, 0.0224001, 1.1232, 0.847912, 0, -0.344125, -0.403266
77, 0.4464, 0.00320007, 1.1376, 0.847912, 0, -0.344125, -0.403266
77, 0.458, -0.0159999, 1.152, 0.847912, 0, -0.344125, -0.403266
77, 0.4696, -0.0351999, 1.1664, 0.847912, 0, -0.344125, -0.403266
77, 0.4812, -0.0543999, 1.1808, 0.847912, 0, -0.344125, -0.403266
77, 0.4928, -0.0735999, 1.1952, 0.847912, 0, -0.344125, -0.403266
77, 0.5044, -0.0927998, 1.2096, 0.847912, 0, -0.344125, -0.403266
77, 0.516, -0.112, 1.224, 0.847912, 0, -0.344125, -0.403266
77, 0.5276, -0.1312, 1.2384, 0.847912, 0, -0.344125, -0.403266
77, 0.5392, -0.1504, 1.2528, 0.847912, 0, -0.344125, -0.403266
77, 0.5508, -0.1696, 1.2672, 0.847912, 0, -0.344125, -0.403266
77, 0.5624, -0.1888, 1.2816, 0.847912, 0, -0.344125, -0.403266
77, 0.574, -0.208, 1.296, 0.847912, 0, -0.344125, -0.403266
77, 0.5856, -0.2272, 1.3104, 0.847912, 0, -0.344125, -0.403266
77, 0.6088, -0.2656, 1.3392, 0.847912, 0, -0.344125, -0.403266
77, 0.6204, -0.2848, 1.3536, 0.847912, 0, -0.344125, -0.403266
77, 0.632, -0.304, 1.368, 0.847912, 0, -0.344125, -0.403266
77, 0.6436, -0.3232, 1.3824, 0.847912, 0, -0.344125, -0.403266
78, 0.5392, -0.1504, 1.4352, 0.861742, 0, -0.248778, -0.442166
78, 0.5508, -0.1696, 1.4448, 0.861742, 0, -0.248778, -0.442166
78, 0.5624, -0.1888, 1.4544, 0.861742, 0, -0.248778, -0.442166
78, 0.574, -0.208, 1.464, 0.861742, 0, -0.248778, -0.442166
78, 0.5856, -0.2272, 1.4736, 0.861742, 0, -0.248778, -0.442166
80, 0.5624, -0.0159997, 0.5904, 0.791405, 0, -0.510539, -0.336195
80, 0.574, -0.0399997, 0.624, 0.791405, 0, -0.510539, -0.336195
80, 0.5856, -0.0639996, 0.657599, 0.791405, 0, -0.510539, -0.336195
80, 0.5972, -0.0879996, 0.691199, 0.791405, 0, -0.510539, -0.336195
80, 0.6088, -0.112, 0.724799, 0.791405, 0, -0.510539, -0.336195
80, 0.6204, -0.136, 0.758399, 0.791405, 0, -0.510539, -0.336195
80, 0.632, -0.16, 0.791999, 0.791405, 0, -0.510539, -0.336195
80, 0.6436, -0.184, 0.825599, 0.791405, 0, -0.510539, -0.336195
80, 0.6552, -0.207999, 0.859199, 0.791405, 0, -0.510539, -0.336195
80, 0.6668, -0.231999, 0.892799, 0.791405, 0, -0.510539, -0.336195
80, 0.6784, -0.255999, 0.926399, 0.791405, 0, -0.510539, -0.336195
80, 0.69, -0.279999, 0.959999, 0.791405, 0, -0.510539, -0.336195
80, 0.7016, -0.303999, 0.993599, 0.791405, 0, -0.510539, -0.336195
80, 0.7132, -0.327999, 1.0272, 0.791405, 0, -0.510539, -0.336195
80, 0.7248, -0.351999, 1.0608, 0.791405, 0, -0.510539, -0.336195
80, 0.7364, -0.375999, 1.0944, 0.791405, 0, -0.510539, -0.336195
80, 0.748, -0.399999, 1.128, 0.791405, 0, -0.510539, -0.336195
80, 0.7596, -0.424, 1.1616, 0.791405, 0, -0.510539, -0.336195
80, 0.7712, -0.448, 1.1952, 0.791405, 0, -0.510539, -0.336195
80, 0.7828, -0.472, 1.2288, 0.791405, 0, -0.510539, -0.336195
80, 0.7944, -0.496, 1.2624, 0.791405, 0, -0.510539, -0.336195
81, 0.5044, 0.104, 0.6192, 0.79878, 0, -0.48189, -0.360185
81, 0.516, 0.0800002, 0.648, 0.79878, 0, -0.48189, -0.360185
81, 0.5276, 0.0560003, 0.6768, 0.79878, 0, -0.48189, -0.360185
81, 0.5392, 0.0320003, 0.7056, 0.79878, 0, -0.48189, -0.360185
81, 0.5508, 0.0080003, 0.7344, 0.79878, 0, -0.48189, -0.360185
81, 0.5624, -0.0159997, 0.7632, 0.79878, 0, -0.48189, -0.360185
81, 0.574, -0.0399997, 0.792, 0.79878, 0, -0.48189, -0.360185
81, 0.5856, -0.0639996, 0.8208, 0.79878, 0, -0.48189, -0.360185
81, 0.5972, -0.0879996, 0.8496, 0.79878, 0, -0.48189, -0.360185
81, 0.6088, -0.112, 0.8784, 0.79878, 0, -0.48189, -0.360185
81, 0.6204, -0.136, 0.907199, 0.79878, 0, -0.48189, -0.360185
81, 0.632, -0.16, 0.935999, 0.79878, 0, -0.48189, -0.360185
81, 0.6436, -0.184, 0.964799, 0.79878, 0, -0.48189, -0.360185
81, 0.6552, -0.207999, 0.993599, 0.79878, 0, -0.48189, -0.360185
81, 0.6668, -0.231999, 1.0224, 0.79878, 0, -0.48189, -0.360185
81, 0.6784, -0.255999, 1.0512, 0.79878, 0, -0.48189, -0.360185
81, 0.69, -0.279999, 1.08, 0.79878, 0, -0.48189, -0.360185
81, 0.7016, -0.303999, 1.1088, 0.79878, 0, -0.48189, -0.360185
81, 0.7132, -0.327999, 1.1376, 0.79878, 0, -0.48189, -0.360185
81, 0.7248, -0.351999, 1.1664, 0.79878, 0, -0.48189, -0.360185
81, 0.7364, -0.375999, 1.1952, 0.79878, 0, -0.48189, -0.360185
81, 0.748, -0.399999, 1.224, 0.79878, 0, -0.48189, -0.360185
81, 0.7596, -0.424, 1.2528, 0.79878, 0, -0.48189, -0.360185
81, 0.7712, -0.448, 1.2816, 0.79878, 0, -0.48189, -0.360185
81, 0.7828, -0.472, 1.3104, 0.79878, 0, -0.48189, -0.360185
82, 0.4464, 0.224, 0.696, 0.807585, 0, -0.445614, -0.38631
82, 0.458, 0.2, 0.72, 0.807585, 0, -0.445614, -0.38631
82, 0.4696, 0.176, 0.744, 0.807585, 0, -0.445614, -0.38631
82, 0.4812, 0.152, 0.768, 0.807585, 0, -0.445614, -0.38631
82, 0.4928, 0.128, 0.792, 0.807585, 0, -0.445614, -0.38631
82, 0.5044, 0.104, 0.816, 0.807585, 0, -0.445614, -0.38631
82, 0.516, 0.0800002, 0.84, 0.807585, 0, -0.445614, -0.38631
82, 0.5276, 0.0560003, 0.864, 0.807585, 0, -0.445614, -0.38631
82, 0.5392, 0.0320003, 0.888, 0.807585, 0, -0.445614, -0.38631
82, 0.5508, 0.0080003, 0.912, 0.807585, 0, -0.445614, -0.38631
82, 0.5624, -0.0159997, 0.936, 0.807585, 0, -0.445614, -0.38631
82, 0.574, -0.0399997, 0.96, 0.807585, 0, -0.445614, -0.38631
82, 0.5856, -0.0639996, 0.984, 0.807585, 0, -0.445614, -0.38631
82, 0.5972, -0.0879996, 1.008, 0.807585, 0, -0.445614, -0.38631
82, 0.6088, -0.112, 1.032, 0.807585, 0, -0.445614, -0.38631
82, 0.6204, -0.136, 1.056, 0.807585, 0, -0.445614, -0.38631
82, 0.632, -0.16, 1.08, 0.807585, 0, -0.445614, -0.38631
82, 0.6436, -0.184, 1.104, 0.807585, 0, -0.445614, -0.38631
82, 0.6552, -0.207999, 1.128, 0.807585, 0, -0.445614, -0.38631
82, 0.6668, -0.231999, 1.152, 0.807585, 0, -0.445614, -0.38631
82, 0.6784, -0.255999, 1.176, 0.807585, 0, -0.445614, -0.38631
82, 0.69, -0.279999, 1.2, 0.807585, 0, -0.445614, -0.38631
82, 0.7016, -0.303999, 1.224, 0.807585, 0, -0.445614, -0.38631
82, 0.7132, -0.327999, 1.248, 0.807585, 0, -0.445614, -0.38631
82, 0.7248, -0.351999, 1.272, 0.807585, 0, -0.445614, -0.38631
82, 0.7364, -0.375999, 1.296, 0.807585, 0, -0.445614, -0.38631
82, 0.748, -0.399999, 1.32, 0.807585, 0, -0.445614, -0.38631
82, 0.7596, -0.424, 1.344, 0.807585, 0, -0.445614, -0.38631
83, 0.4, 0.32, 0.84, 0.81804, 0, -0.397819, -0.415391
83, 0.4116, 0.296, 0.8592, 0.81804, 0, -0.397819, -0.415391
83, 0.4232, 0.272, 0.8784, 0.81804, 0, -0.397819, -0.415391
83, 0.4348, 0.248, 0.8976, 0.81804, 0, -0.397819, -0.415391
83, 0.4464, 0.224, 0.9168, 0.81804, 0, -0.397819, -0.415391
83, 0.458, 0.2, 0.936, 0.81804, 0, -0.397819, -0.415391
83, 0.4696, 0.176, 0.9552, 0.81804, 0, -0.397819, -0.415391
83, 0.4812, 0.152, 0.9744, 0.81804, 0, -0.397819, -0.415391
83, 0.4928, 0.128, 0.9936, 0.81804, 0, -0.397819, -0.415391
83, 0.5044, 0.104, 1.0128, 0.81804, 0, -0.397819, -0.415391
83, 0.516, 0.0800002, 1.032, 0.81804, 0, -0.397819, -0.415391
83, 0.5276, 0.0560003, 1.0512, 0.81804, 0, -0.397819, -0.415391
83, 0.5392, 0.0320003, 1.0704, 0.81804, 0, -0.397819, -0.415391
83, 0.5508, 0.0080003, 1.0896, 0.81804, 0, -0.397819, -0.415391
83, 0.5624, -0.0159997, 1.1088, 0.81804, 0, -0.397819, -0.415391
83, 0.574, -0.0399997, 1.128, 0.81804, 0, -0.397819, -0.415391
83, 0.5856, -0.0639996, 1.1472, 0.81804, 0, -0.397819, -0.415391
83, 0.5972, -0.0879996, 1.1664, 0.81804, 0, -0.397819, -0.415391
83, 0.6088, -0.112, 1.1856, 0.81804, 0, -0.397819, -0.415391
83, 0.6204, -0.136, 1.2048, 0.81804, 0, -0.397819, -0.415391
83, 0.632, -0.16, 1.224, 0.81804, 0, -0.397819, -0.415391
83, 0.6436, -0.184, 1.2432, 0.81804, 0, -0.397819, -0.415391
83, 0.6552, -0.207999, 1.2624, 0.81804, 0, -0.397819, -0.415391
83, 0.6668, -0.231999, 1.2816, 0.81804, 0, -0.397819, -0.415391
83, 0.6784, -0.255999, 1.3008, 0.81804, 0, -0.397819, -0.415391
83, 0.69, -0.279999, 1.32, 0.81804, 0, -0.397819, -0.415391
83, 0.7016, -0.303999, 1.3392, 0.81804, 0, -0.397819, -0.415391
83, 0.7132, -0.327999, 1.3584, 0.81804, 0, -0.397819, -0.415391
83, 0.7248, -0.351999, 1.3776, 0.81804, 0, -0.397819, -0.415391
84, 0.4, 0.32, 1.08, 0.829599, 0, -0.332369, -0.448661
84, 0.4116, 0.296, 1.0944, 0.829599, 0, -0.332369, -0.448661
84, 0.5392, 0.0320003, 1.2528, 0.829599, 0, -0.332369, -0.448661
84, 0.5508, 0.0080003, 1.2672, 0.829599, 0, -0.332369, -0.448661
84, 0.5624, -0.0159997, 1.2816, 0.829599, 0, -0.332369, -0.448661
84, 0.574, -0.0399997, 1.296, 0.829599, 0, -0.332369, -0.448661
84, 0.5856, -0.0639996, 1.3104, 0.829599, 0, -0.332369, -0.448661
84, 0.5972, -0.0879996, 1.3248, 0.829599, 0, -0.332369, -0.448661
84, 0.69, -0.279999, 1.44, 0.829599, 0, -0.332369, -0.448661
85, 0.574, -0.0399997, 1.464, 0.839906, 0, -0.242719, -0.485433
85, 0.5856, -0.0639996, 1.4736, 0.839906, 0, -0.242719, -0.485433
85, 0.5972, -0.0879996, 1.4832, 0.839906, 0, -0.242719, -0.485433
85, 0.6088, -0.112, 1.4928, 0.839906, 0, -0.242719, -0.485433
87, 0.5856, 0.0992004, 0.657599, 0.783676, 0, -0.495502, -0.374606
87, 0.5972, 0.0704005, 0.691199, 0.783676, 0, -0.495502, -0.374606
87, 0.6088, 0.0416005, 0.724799, 0.783676, 0, -0.495502, -0.374606
87, 0.6204, 0.0128005, 0.758399, 0.783676, 0, -0.495502, -0.374606
87, 0.632, -0.0159995, 0.791999, 0.783676, 0, -0.495502, -0.374606
87, 0.6436, -0.0447994, 0.825599, 0.783676, 0, -0.495502, -0.374606
87, 0.6552, -0.0735994, 0.859199, 0.783676, 0, -0.495502, -0.374606
87, 0.6668, -0.102399, 0.892799, 0.783676, 0, -0.495502, -0.374606
87, 0.6784, -0.131199, 0.926399, 0.783676, 0, -0.495502, -0.374606
87, 0.69, -0.159999, 0.959999, 0.783676, 0, -0.495502, -0.374606
87, 0.7016, -0.188799, 0.993599, 0.783676, 0, -0.495502, -0.374606
87, 0.7132, -0.217599, 1.0272, 0.783676, 0, -0.495502, -0.374606
87, 0.7248, -0.246399, 1.0608, 0.783676, 0, -0.495502, -0.374606
87, 0.7364, -0.275199, 1.0944, 0.783676, 0, -0.495502, -0.374606
87, 0.748, -0.303999, 1.128, 0.783676, 0, -0.495502, -0.374606
87, 0.7596, -0.332799, 1.1616, 0.783676, 0, -0.495502, -0.374606
87, 0.7712, -0.361599, 1.1952, 0.783676, 0, -0.495502, -0.374606
87, 0.7828, -0.390399, 1.2288, 0.783676, 0, -0.495502, -0.374606
87, 0.7944, -0.419199, 1.2624, 0.783676, 0, -0.495502, -0.374606
87, 0.806, -0.447999, 1.296, 0.783676, 0, -0.495502, -0.374606
88, 0.5392, 0.2144, 0.7056, 0.789658, 0, -0.467637, -0.397186
88, 0.5508, 0.1856, 0.7344, 0.789658, 0, -0.467637, -0.397186
88, 0.5624, 0.1568, 0.7632, 0.789658, 0, -0.467637, -0.397186
88, 0.574, 0.128, 0.792, 0.789658, 0, -0.467637, -0.397186
88, 0.5856, 0.0992004, 0.8208, 0.789658, 0, -0.467637, -0.397186
88, 0.5972, 0.0704005, 0.8496, 0.789658, 0, -0.467637, -0.397186
88, 0.6088, 0.0416005, 0.8784, 0.789658, 0, -0.467637, -0.397186
88, 0.6204, 0.0128005, 0.907199, 0.789658, 0, -0.467637, -0.397186
88, 0.632, -0.0159995, 0.935999, 0.789658, 0, -0.467637, -0.397186
88, 0.6436, -0.0447994, 0.964799, 0.789658, 0, -0.467637, -0.397186
88, 0.6552, -0.0735994, 0.993599, 0.789658, 0, -0.467637, -0.397186
88, 0.6668, -0.102399, 1.0224, 0.789658, 0, -0.467637, -0.397186
88, 0.6784, -0.131199, 1.0512, 0.789658, 0, -0.467637, -0.397186
88, 0.69, -0.159999, 1.08, 0.789658, 0, -0.467637, -0.397186
88, 0.7016, -0.188799, 1.1088, 0.789658, 0, -0.467637, -0.397186
88, 0.7132, -0.217599, 1.1376, 0.789658, 0, -0.467637, -0.397186
88, 0.7248, -0.246399, 1.1664, 0.789658, 0, -0.467637, -0.397186
88, 0.7364, -0.275199, 1.1952, 0.789658, 0, -0.467637, -0.397186
88, 0.748, -0.303999, 1.224, 0.789658, 0, -0.467637, -0.397186
88, 0.7596, -0.332799, 1.2528, 0.789658, 0, -0.467637, -0.397186
88, 0.7712, -0.361599, 1.2816, 0.789658, 0, -0.467637, -0.397186
88, 0.7828, -0.390399, 1.3104, 0.789658, 0, -0.467637, -0.397186
89, 0.4928, 0.3296, 0.792, 0.796794, 0, -0.433001, -0.421462
89, 0.5044, 0.3008, 0.816, 0.796794, 0, -0.433001, -0.421462
89, 0.516, 0.272, 0.84, 0.796794, 0, -0.433001, -0.421462
89, 0.5276, 0.2432, 0.864, 0.796794, 0, -0.433001, -0.421462
89, 0.5392, 0.2144, 0.888, 0.796794, 0, -0.433001, -0.421462
89, 0.5508, 0.1856, 0.912, 0.796794, 0, -0.433001, -0.421462
89, 0.5624, 0.1568, 0.936, 0.796794, 0, -0.433001, -0.421462
89, 0.574, 0.128, 0.96, 0.796794, 0, -0.433001, -0.421462
89, 0.5856, 0.0992004, 0.984, 0.796794, 0, -0.433001, -0.421462
89, 0.5972, 0.0704005, 1.008, 0.796794, 0, -0.433001, -0.421462
89, 0.6088, 0.0416005, 1.032, 0.796794, 0, -0.433001, -0.421462
89, 0.6204, 0.0128005, 1.056, 0.796794, 0, -0.433001, -0.421462
89, 0.632, -0.0159995, 1.08, 0.796794, 0, -0.433001, -0.421462
89, 0.6436, -0.0447994, 1.104, 0.796794, 0, -0.433001, -0.421462
89, 0.6552, -0.0735994, 1.128, 0.796794, 0, -0.433001, -0.421462
89, 0.6668, -0.102399, 1.152, 0.796794, 0, -0.433001, -0.421462
89, 0.6784, -0.131199, 1.176, 0.796794, 0, -0.433001, -0.421462
89, 0.69, -0.159999, 1.2, 0.796794, 0, -0.433001, -0.421462
89, 0.7016, -0.188799, 1.224, 0.796794, 0, -0.433001, -0.421462
89, 0.7132, -0.217599, 1.248, 0.796794, 0, -0.433001, -0.421462
89, 0.7248, -0.246399, 1.272, 0.796794, 0, -0.433001, -0.421462
89, 0.7364, -0.275199, 1.296, 0.796794, 0, -0.433001, -0.421462
89, 0.748, -0.303999, 1.32, 0.796794, 0, -0.433001, -0.421462
89, 0.7596, -0.332799, 1.344, 0.796794, 0, -0.433001, -0.421462
89, 0.7712, -0.361599, 1.368, 0.796794, 0, -0.433001, -0.421462
90, 0.4696, 0.3872, 0.9552, 0.80523, 0, -0.388004, -0.448394
90, 0.4812, 0.3584, 0.9744, 0.80523, 0, -0.388004, -0.448394
90, 0.4928, 0.3296, 0.9936, 0.80523, 0, -0.388004, -0.448394
90, 0.5044, 0.3008, 1.0128, 0.80523, 0, -0.388004, -0.448394
90, 0.516, 0.272, 1.032, 0.80523, 0, -0.388004, -0.448394
90, 0.5276, 0.2432, 1.0512, 0.80523, 0, -0.388004, -0.448394
90, 0.5392, 0.2144, 1.0704, 0.80523, 0, -0.388004, -0.448394
90, 0.5508, 0.1856, 1.0896, 0.80523, 0, -0.388004, -0.448394
90, 0.5624, 0.1568, 1.1088, 0.80523, 0, -0.388004, -0.448394
90, 0.574, 0.128, 1.128, 0.80523, 0, -0.388004, -0.448394
90, 0.5972, 0.0704005, 1.1664, 0.80523, 0, -0.388004, -0.448394
90, 0.6088, 0.0416005, 1.1856, 0.80523, 0, -0.388004, -0.448394
90, 0.6204, 0.0128005, 1.2048, 0.80523, 0, -0.388004, -0.448394
90, 0.632, -0.0159995, 1.224, 0.80523, 0, -0.388004, -0.448394
90, 0.6436, -0.0447994, 1.2432, 0.80523, 0, -0.388004, -0.448394
90, 0.6552, -0.0735994, 1.2624, 0.80523, 0, -0.388004, -0.448394
90, 0.6668, -0.102399, 1.2816, 0.80523, 0, -0.388004, -0.448394
90, 0.6784, -0.131199, 1.3008, 0.80523, 0, -0.388004, -0.448394
90, 0.7016, -0.188799, 1.3392, 0.80523, 0, -0.388004, -0.448394
90, 0.7132, -0.217599, 1.3584, 0.80523, 0, -0.388004, -0.448394
90, 0.7248, -0.246399, 1.3776, 0.80523, 0, -0.388004, -0.448394
90, 0.7364, -0.275199, 1.3968, 0.80523, 0, -0.388004, -0.448394
91, 0.5044, 0.3008, 1.2096, 0.81452, 0, -0.326762, -0.479358
91, 0.516, 0.272, 1.224, 0.81452, 0, -0.326762, -0.479358
91, 0.5276, 0.2432, 1.2384, 0.81452, 0, -0.326762, -0.479358
91, 0.6784, -0.131199, 1.4256, 0.81452, 0, -0.326762, -0.479358
91, 0.69, -0.159999, 1.44, 0.81452, 0, -0.326762, -0.479358
92, 0.4348, 0.4736, 1.3488, 0.82287, 0, -0.241956, -0.514142
92, 0.4464, 0.4448, 1.3584, 0.82287, 0, -0.241956, -0.514142
92, 0.5972, 0.0704005, 1.4832, 0.82287, 0, -0.241956, -0.514142
94, 0.6088, 0.195201, 0.724799, 0.776354, 0, -0.483198, -0.404716
94, 0.6204, 0.161601, 0.758399, 0.776354, 0, -0.483198, -0.404716
94, 0.632, 0.128001, 0.791999, 0.776354, 0, -0.483198, -0.404716
94, 0.6436, 0.0944007, 0.825599, 0.776354, 0, -0.483198, -0.404716
94, 0.6552, 0.0608007, 0.859199, 0.776354, 0, -0.483198, -0.404716
94, 0.6668, 0.0272007, 0.892799, 0.776354, 0, -0.483198, -0.404716
94, 0.6784, -0.00639923, 0.926399, 0.776354, 0, -0.483198, -0.404716
94, 0.69, -0.0399992, 0.959999, 0.776354, 0, -0.483198, -0.404716
94, 0.7016, -0.0735992, 0.993599, 0.776354, 0, -0.483198, -0.404716
94, 0.7132, -0.107199, 1.0272, 0.776354, 0, -0.483198, -0.404716
94, 0.7248, -0.140799, 1.0608, 0.776354, 0, -0.483198, -0.404716
94, 0.7364, -0.174399, 1.0944, 0.776354, 0, -0.483198, -0.404716
94, 0.748, -0.207999, 1.128, 0.776354, 0, -0.483198, -0.404716
94, 0.7596, -0.241599, 1.1616, 0.776354, 0, -0.483198, -0.404716
94, 0.7712, -0.275199, 1.1952, 0.776354, 0, -0.483198, -0.404716
94, 0.7828, -0.308799, 1.2288, 0.776354, 0, -0.483198, -0.404716
94, 0.7944, -0.342399, 1.2624, 0.776354, 0, -0.483198, -0.404716
94, 0.806, -0.375999, 1.296, 0.776354, 0, -0.483198, -0.404716
95, 0.574, 0.296, 0.792, 0.781309, 0, -0.456697, -0.425422
95, 0.5856, 0.262401, 0.8208, 0.781309, 0, -0.456697, -0.425422
95, 0.5972, 0.228801, 0.8496, 0.781309, 0, -0.456697, -0.425422
95, 0.6088, 0.195201, 0.8784, 0.781309, 0, -0.456697, -0.425422
95, 0.6204, 0.161601, 0.907199, 0.781309, 0, -0.456697, -0.425422
95, 0.632, 0.128001, 0.935999, 0.781309, 0, -0.456697, -0.425422
95, 0.6436, 0.0944007, 0.964799, 0.781309, 0, -0.456697, -0.425422
95, 0.6552, 0.0608007, 0.993599, 0.781309, 0, -0.456697, -0.425422
95, 0.6668, 0.0272007, 1.0224, 0.781309, 0, -0.456697, -0.425422
95, 0.6784, -0.00639923, 1.0512, 0.781309, 0, -0.456697, -0.425422
95, 0.69, -0.0399992, 1.08, 0.781309, 0, -0.456697, -0.425422
95, 0.7016, -0.0735992, 1.1088, 0.781309, 0, -0.456697, -0.425422
95, 0.7132, -0.107199, 1.1376, 0.781309, 0, -0.456697, -0.425422
95, 0.7248, -0.140799, 1.1664, 0.781309, 0, -0.456697, -0.425422
95, 0.7364, -0.174399, 1.1952, 0.781309, 0, -0.456697, -0.425422
95, 0.748, -0.207999, 1.224, 0.781309, 0, -0.456697, -0.425422
95, 0.7596, -0.241599, 1.2528, 0.781309, 0, -0.456697, -0.425422
95, 0.7712, -0.275199, 1.2816, 0.781309, 0, -0.456697, -0.425422
95, 0.7828, -0.308799, 1.3104, 0.781309, 0, -0.456697, -0.425422
95, 0.7944, -0.342399, 1.3392, 0.781309, 0, -0.456697, -0.425422
96, 0.5392, 0.3968, 0.888, 0.787255, 0, -0.424137, -0.44759
96, 0.5508, 0.3632, 0.912, 0.787255, 0, -0.424137, -0.44759
96, 0.5624, 0.3296, 0.936, 0.787255, 0, -0.424137, -0.44759
96, 0.574, 0.296, 0.96, 0.787255, 0, -0.424137, -0.44759
96, 0.5856, 0.262401, 0.984, 0.787255, 0, -0.424137, -0.44759
96, 0.5972, 0.228801, 1.008, 0.787255, 0, -0.424137, -0.44759
96, 0.6088, 0.195201, 1.032, 0.787255, 0, -0.424137, -0.44759
96, 0.6204, 0.161601, 1.056, 0.787255, 0, -0.424137, -0.44759
96, 0.632, 0.128001, 1.08, 0.787255, 0, -0.424137, -0.44759
96, 0.6436, 0.0944007, 1.104, 0.787255, 0, -0.424137, -0.44759
96, 0.6552, 0.0608007, 1.128, 0.787255, 0, -0.424137, -0.44759
96, 0.6668, 0.0272007, 1.152, 0.787255, 0, -0.424137, -0.44759
96, 0.6784, -0.00639923, 1.176, 0.787255, 0, -0.424137, -0.44759
96, 0.69, -0.0399992, 1.2, 0.787255, 0, -0.424137, -0.44759
96, 0.7016, -0.0735992, 1.224, 0.787255, 0, -0.424137, -0.44759
96, 0.7132, -0.107199, 1.248, 0.787255, 0, -0.424137, -0.44759
96, 0.7248, -0.140799, 1.272, 0.787255, 0, -0.424137, -0.44759
96, 0.7364, -0.174399, 1.296, 0.787255, 0, -0.424137, -0.44759
96, 0.748, -0.207999, 1.32, 0.787255, 0, -0.424137, -0.44759
96, 0.7596, -0.241599, 1.344, 0.787255, 0, -0.424137, -0.44759
96, 0.7712, -0.275199, 1.368, 0.787255, 0, -0.424137, -0.44759
97, 0.5624, 0.3296, 1.1088, 0.794314, 0, -0.382059, -0.47233
97, 0.574, 0.296, 1.128, 0.794314, 0, -0.382059, -0.47233
97, 0.5856, 0.262401, 1.1472, 0.794314, 0, -0.382059, -0.47233
97, 0.5972, 0.228801, 1.1664, 0.794314, 0, -0.382059, -0.47233
97, 0.6088, 0.195201, 1.1856, 0.794314, 0, -0.382059, -0.47233
97, 0.6204, 0.161601, 1.2048, 0.794314, 0, -0.382059, -0.47233
97, 0.632, 0.128001, 1.224, 0.794314, 0, -0.382059, -0.47233
97, 0.6436, 0.0944007, 1.2432, 0.794314, 0, -0.382059, -0.47233
97, 0.6552, 0.0608007, 1.2624, 0.794314, 0, -0.382059, -0.47233
97, 0.6668, 0.0272007, 1.2816, 0.794314, 0, -0.382059, -0.47233
97, 0.6784, -0.00639923, 1.3008, 0.794314, 0, -0.382059, -0.47233
97, 0.69, -0.0399992, 1.32, 0.794314, 0, -0.382059, -0.47233
97, 0.7016, -0.0735992, 1.3392, 0.794314, 0, -0.382059, -0.47233
97, 0.7132, -0.107199, 1.3584, 0.794314, 0, -0.382059, -0.47233
97, 0.7248, -0.140799, 1.3776, 0.794314, 0, -0.382059, -0.47233
97, 0.7364, -0.174399, 1.3968, 0.794314, 0, -0.382059, -0.47233
98, 0.6784, -0.00639923, 1.4256, 0.802153, 0, -0.324538, -0.501224
98, 0.69, -0.0399992, 1.44, 0.802153, 0, -0.324538, -0.501224
98, 0.7016, -0.0735992, 1.4544, 0.802153, 0, -0.324538, -0.501224
99, 0.4812, 0.5648, 1.3872, 0.809328, 0, -0.24335, -0.534574
99, 0.4928, 0.5312, 1.3968, 0.809328, 0, -0.24335, -0.534574
99, 0.5044, 0.4976, 1.4064, 0.809328, 0, -0.24335, -0.534574
99, 0.5276, 0.4304, 1.4256, 0.809328, 0, -0.24335, -0.534574
101, 0.632, 0.272001, 0.791999, 0.769654, 0, -0.473412, -0.428384
101, 0.6436, 0.233601, 0.825599, 0.769654, 0, -0.473412, -0.428384
101, 0.6552, 0.195201, 0.859199, 0.769654, 0, -0.473412, -0.428384
101, 0.6668, 0.156801, 0.892799, 0.769654, 0, -0.473412, -0.428384
101, 0.6784, 0.118401, 0.926399, 0.769654, 0, -0.473412, -0.428384
101, 0.69, 0.0800009, 0.959999, 0.769654, 0, -0.473412, -0.428384
101, 0.7016, 0.0416009, 0.993599, 0.769654, 0, -0.473412, -0.428384
101, 0.7132, 0.00320087, 1.0272, 0.769654, 0, -0.473412, -0.428384
101, 0.7248, -0.0351992, 1.0608, 0.769654, 0, -0.473412, -0.428384
101, 0.7364, -0.0735992, 1.0944, 0.769654, 0, -0.473412, -0.428384
101, 0.748, -0.111999, 1.128, 0.769654, 0, -0.473412, -0.428384
101, 0.7596, -0.150399, 1.1616, 0.769654, 0, -0.473412, -0.428384
101, 0.7712, -0.188799, 1.1952, 0.769654, 0, -0.473412, -0.428384
101, 0.7828, -0.227199, 1.2288, 0.769654, 0, -0.473412, -0.428384
101, 0.7944, -0.265599, 1.2624, 0.769654, 0, -0.473412, -0.428384
101, 0.806, -0.303999, 1.296, 0.769654, 0, -0.473412, -0.428384
101, 0.8176, -0.342399, 1.3296, 0.769654, 0, -0.473412, -0.428384
102, 0.6088, 0.348801, 0.8784, 0.773861, 0, -0.448491, -0.447209
102, 0.6204, 0.310401, 0.907199, 0.773861, 0, -0.448491, -0.447209
102, 0.632, 0.272001, 0.935999, 0.773861, 0, -0.448491, -0.447209
102, 0.6436, 0.233601, 0.964799, 0.773861, 0, -0.448491, -0.447209
102, 0.6552, 0.195201, 0.993599, 0.773861, 0, -0.448491, -0.447209
102, 0.6668, 0.156801, 1.0224, 0.773861, 0, -0.448491, -0.447209
102, 0.6784, 0.118401, 1.0512, 0.773861, 0, -0.448491, -0.447209
102, 0.69, 0.0800009, 1.08, 0.773861, 0, -0.448491, -0.447209
102, 0.7016, 0.0416009, 1.1088, 0.773861, 0, -0.448491, -0.447209
102, 0.7132, 0.00320087, 1.1376, 0.773861, 0, -0.448491, -0.447209
102, 0.7248, -0.0351992, 1.1664, 0.773861, 0, -0.448491, -0.447209
102, 0.7364, -0.0735992, 1.1952, 0.773861, 0, -0.448491, -0.447209
102, 0.748, -0.111999, 1.224, 0.773861, 0, -0.448491, -0.447209
102, 0.7596, -0.150399, 1.2528, 0.773861, 0, -0.448491, -0.447209
102, 0.7712, -0.188799, 1.2816, 0.773861, 0, -0.448491, -0.447209
102, 0.7828, -0.227199, 1.3104, 0.773861, 0, -0.448491, -0.447209
102, 0.7944, -0.265599, 1.3392, 0.773861, 0, -0.448491, -0.447209
103, 0.574, 0.464001, 0.96, 0.778952, 0, -0.418027, -0.467425
103, 0.5856, 0.425601, 0.984, 0.778952, 0, -0.418027, -0.467425
103, 0.5972, 0.387201, 1.008, 0.778952, 0, -0.418027, -0.467425
103, 0.6088, 0.348801, 1.032, 0.778952, 0, -0.418027, -0.467425
103, 0.6204, 0.310401, 1.056, 0.778952, 0, -0.418027, -0.467425
103, 0.632, 0.272001, 1.08, 0.778952, 0, -0.418027, -0.467425
103, 0.6436, 0.233601, 1.104, 0.778952, 0, -0.418027, -0.467425
103, 0.6552, 0.195201, 1.128, 0.778952, 0, -0.418027, -0.467425
103, 0.6668, 0.156801, 1.152, 0.778952, 0, -0.418027, -0.467425
103, 0.6784, 0.118401, 1.176, 0.778952, 0, -0.418027, -0.467425
103, 0.69, 0.0800009, 1.2, 0.778952, 0, -0.418027, -0.467425
103, 0.7016, 0.0416009, 1.224, 0.778952, 0, -0.418027, -0.467425
103, 0.7132, 0.00320087, 1.248, 0.778952, 0, -0.418027, -0.467425
103, 0.7248, -0.0351992, 1.272, 0.778952, 0, -0.418027, -0.467425
103, 0.7596, -0.150399, 1.344, 0.778952, 0, -0.418027, -0.467425
103, 0.7712, -0.188799, 1.368, 0.778952, 0, -0.418027, -0.467425
103, 0.7828, -0.227199, 1.392, 0.778952, 0, -0.418027, -0.467425
104, 0.4, 1.04, 0.84, 0.785055, 0, -0.378581, -0.490271
104, 0.5276, 0.6176, 1.0512, 0.785055, 0, -0.378581, -0.490271
104, 0.5392, 0.5792, 1.0704, 0.785055, 0, -0.378581, -0.490271
104, 0.5508, 0.5408, 1.0896, 0.785055, 0, -0.378581, -0.490271
104, 0.5624, 0.502401, 1.1088, 0.785055, 0, -0.378581, -0.490271
104, 0.574, 0.464001, 1.128, 0.785055, 0, -0.378581, -0.490271
104, 0.5856, 0.425601, 1.1472, 0.785055, 0, -0.378581, -0.490271
104, 0.5972, 0.387201, 1.1664, 0.785055, 0, -0.378581, -0.490271
104, 0.6088, 0.348801, 1.1856, 0.785055, 0, -0.378581, -0.490271
104, 0.6204, 0.310401, 1.2048, 0.785055, 0, -0.378581, -0.490271
104, 0.632, 0.272001, 1.224, 0.785055, 0, -0.378581, -0.490271
104, 0.6436, 0.233601, 1.2432, 0.785055, 0, -0.378581, -0.490271
104, 0.6552, 0.195201, 1.2624, 0.785055, 0, -0.378581, -0.490271
104, 0.6668, 0.156801, 1.2816, 0.785055, 0, -0.378581, -0.490271
104, 0.6784, 0.118401, 1.3008, 0.785055, 0, -0.378581, -0.490271
104, 0.69, 0.0800009, 1.32, 0.785055, 0, -0.378581, -0.490271
104, 0.7016, 0.0416009, 1.3392, 0.785055, 0, -0.378581, -0.490271
104, 0.7132, 0.00320087, 1.3584, 0.785055, 0, -0.378581, -0.490271
105, 0.458, 0.848, 1.152, 0.791934, 0, -0.324074, -0.517511
105, 0.4696, 0.8096, 1.1664, 0.791934, 0, -0.324074, -0.517511
105, 0.4928, 0.7328, 1.1952, 0.791934, 0, -0.324074, -0.517511
105, 0.6784, 0.118401, 1.4256, 0.791934, 0, -0.324074, -0.517511
105, 0.69, 0.0800009, 1.44, 0.791934, 0, -0.324074, -0.517511
108, 0.5044, -0.7072, 0.1632, 0.869327, 0, -0.129791, 0.476892
108, 0.516, -0.688, 0.168, 0.869327, 0, -0.129791, 0.476892
108, 0.5276, -0.6688, 0.1728, 0.869327, 0, -0.129791, 0.476892
108, 0.5392, -0.6496, 0.1776, 0.869327, 0, -0.129791, 0.476892
108, 0.5508, -0.6304, 0.1824, 0.869327, 0, -0.129791, 0.476892
108, 0.5624, -0.6112, 0.1872, 0.869327, 0, -0.129791, 0.476892
108, 0.574, -0.592, 0.192, 0.869327, 0, -0.129791, 0.476892
108, 0.5856, -0.5728, 0.1968, 0.869327, 0, -0.129791, 0.476892
108, 0.5972, -0.5536, 0.2016, 0.869327, 0, -0.129791, 0.476892
108, 0.6088, -0.5344, 0.2064, 0.869327, 0, -0.129791, 0.476892
108, 0.6204, -0.5152, 0.2112, 0.869327, 0, -0.129791, 0.476892
108, 0.632, -0.496, 0.216, 0.869327, 0, -0.129791, 0.476892
108, 0.6436, -0.4768, 0.2208, 0.869327, 0, -0.129791, 0.476892
108, 0.6552, -0.4576, 0.2256, 0.869327, 0, -0.129791, 0.476892
108, 0.6668, -0.4384, 0.2304, 0.869327, 0, -0.129791, 0.476892
108, 0.6784, -0.4192, 0.2352, 0.869327, 0, -0.129791, 0.476892
108, 0.69, -0.4, 0.24, 0.869327, 0, -0.129791, 0.476892
108, 0.7016, -0.3808, 0.2448, 0.869327, 0, -0.129791, 0.476892
108, 0.7132, -0.3616, 0.2496, 0.869327, 0, -0.129791, 0.476892
108, 0.7248, -0.3424, 0.2544, 0.869327, 0, -0.129791, 0.476892
108, 0.7364, -0.3232, 0.2592, 0.869327, 0, -0.129791, 0.476892
108, 0.748, -0.304, 0.264, 0.869327, 0, -0.129791, 0.476892
108, 0.7596, -0.2848, 0.2688, 0.869327, 0, -0.129791, 0.476892
108, 0.7712, -0.2656, 0.2736, 0.869327, 0, -0.129791, 0.476892
108, 0.7828, -0.2464, 0.2784, 0.869327, 0, -0.129791, 0.476892
108, 0.7944, -0.2272, 0.2832, 0.869327, 0, -0.129791, 0.476892
108, 0.806, -0.208, 0.288, 0.869327, 0, -0.129791, 0.476892
108, 0.8176, -0.1888, 0.2928, 0.869327, 0, -0.129791, 0.476892
108, 0.8292, -0.1696, 0.2976, 0.869327, 0, -0.129791, 0.476892
108, 0.8408, -0.1504, 0.3024, 0.869327, 0, -0.129791, 0.476892
108, 0.8524, -0.1312, 0.3072, 0.869327, 0, -0.129791, 0.476892
108, 0.864, -0.112, 0.312, 0.869327, 0, -0.129791, 0.476892
108, 0.8756, -0.0928004, 0.3168, 0.869327, 0, -0.129791, 0.476892
108, 0.8872, -0.0736004, 0.3216, 0.869327, 0, -0.129791, 0.476892
108, 0.8988, -0.0544004, 0.3264, 0.869327, 0, -0.129791, 0.476892
108, 0.9104, -0.0352004, 0.3312, 0.869327, 0, -0.129791, 0.476892
108, 0.922, -0.0160004, 0.336, 0.869327, 0, -0.129791, 0.476892
108, 0.9336, 0.00319965, 0.3408, 0.869327, 0, -0.129791, 0.476892
108, 0.9452, 0.0223997, 0.3456, 0.869327, 0, -0.129791, 0.476892
108, 0.9568, 0.0415996, 0.3504, 0.869327, 0, -0.129791, 0.476892
108, 0.9684, 0.0607997, 0.3552, 0.869327, 0, -0.129791, 0.476892
108, 0.98, 0.0799997, 0.36, 0.869327, 0, -0.129791, 0.476892
109, 0.4, -0.64, 0.12, 0.901166, 0, -0.138887, 0.410623
109, 0.4116, -0.6256, 0.1248, 0.901166, 0, -0.138887, 0.410623
109, 0.4232, -0.6112, 0.1296, 0.901166, 0, -0.138887, 0.410623
109, 0.4348, -0.5968, 0.1344, 0.901166, 0, -0.138887, 0.410623
109, 0.4464, -0.5824, 0.1392, 0.901166, 0, -0.138887, 0.410623
109, 0.458, -0.568, 0.144, 0.901166, 0, -0.138887, 0.410623
109, 0.4696, -0.5536, 0.1488, 0.901166, 0, -0.138887, 0.410623
109, 0.4812, -0.5392, 0.1536, 0.901166, 0, -0.138887, 0.410623
109, 0.4928, -0.5248, 0.1584, 0.901166, 0, -0.138887, 0.410623
109, 0.5044, -0.5104, 0.1632, 0.901166, 0, -0.138887, 0.410623
109, 0.516, -0.496, 0.168, 0.901166, 0, -0.138887, 0.410623
109, 0.5276, -0.4816, 0.1728, 0.901166, 0, -0.138887, 0.410623
109, 0.5392, -0.4672, 0.1776, 0.901166, 0, -0.138887, 0.410623
109, 0.5508, -0.4528, 0.1824, 0.901166, 0, -0.138887, 0.410623
109, 0.5624, -0.4384, 0.1872, 0.901166, 0, -0.138887, 0.410623
109, 0.574, -0.424, 0.192, 0.901166, 0, -0.138887, 0.410623
109, 0.5856, -0.4096, 0.1968, 0.901166, 0, -0.138887, 0.410623
109, 0.5972, -0.3952, 0.2016, 0.901166, 0, -0.138887, 0.410623
109, 0.6088, -0.3808, 0.2064, 0.901166, 0, -0.138887, 0.410623
109, 0.6204, -0.3664, 0.2112, 0.901166, 0, -0.138887, 0.410623
109, 0.632, -0.352, 0.216, 0.901166, 0, -0.138887, 0.410623
109, 0.6436, -0.3376, 0.2208, 0.901166, 0, -0.138887, 0.410623
109, 0.6552, -0.3232, 0.2256, 0.901166, 0, -0.138887, 0.410623
109, 0.6668, -0.3088, 0.2304, 0.901166, 0, -0.138887, 0.410623
109, 0.6784, -0.2944, 0.2352, 0.901166, 0, -0.138887, 0.410623
109, 0.69, -0.28, 0.24, 0.901166, 0, -0.138887, 0.410623
109, 0.7016, -0.2656, 0.2448, 0.901166, 0, -0.138887, 0.410623
109, 0.7132, -0.2512, 0.2496, 0.901166, 0, -0.138887, 0.410623
109, 0.7248, -0.2368, 0.2544, 0.901166, 0, -0.138887, 0.410623
109, 0.7364, -0.2224, 0.2592, 0.901166, 0, -0.138887, 0.410623
109, 0.748, -0.208, 0.264, 0.901166, 0, -0.138887, 0.410623
109, 0.7596, -0.1936, 0.2688, 0.901166, 0, -0.138887, 0.410623
109, 0.7712, -0.1792, 0.2736, 0.901166, 0, -0.138887, 0.410623
109, 0.7828, -0.1648, 0.2784, 0.901166, 0, -0.138887, 0.410623
109, 0.7944, -0.1504, 0.2832, 0.901166, 0, -0.138887, 0.410623
109, 0.806, -0.136, 0.288, 0.901166, 0, -0.138887, 0.410623
109, 0.8176, -0.1216, 0.2928, 0.901166, 0, -0.138887, 0.410623
109, 0.8292, -0.1072, 0.2976, 0.901166, 0, -0.138887, 0.410623
109, 0.8408, -0.0928003, 0.3024, 0.901166, 0, -0.138887, 0.410623
109, 0.8524, -0.0784003, 0.3072, 0.901166, 0, -0.138887, 0.410623
109, 0.864, -0.0640003, 0.312, 0.901166, 0, -0.138887, 0.410623
109, 0.8756, -0.0496003, 0.3168, 0.901166, 0, -0.138887, 0.410623
109, 0.8872, -0.0352003, 0.3216, 0.901166, 0, -0.138887, 0.410623
109, 0.8988, -0.0208003, 0.3264, 0.901166, 0, -0.138887, 0.410623
109, 0.9104, -0.00640027, 0.3312, 0.901166, 0, -0.138887, 0.410623
109, 0.922, 0.00799973, 0.336, 0.901166, 0, -0.138887, 0.410623
109, 0.9336, 0.0223997, 0.3408, 0.901166, 0, -0.138887, 0.410623
109, 0.9452, 0.0367997, 0.3456, 0.901166, 0, -0.138887, 0.410623
109, 0.9568, 0.0511997, 0.3504, 0.901166, 0, -0.138887, 0.410623
109, 0.9684, 0.0655997, 0.3552, 0.901166, 0, -0.138887, 0.410623
109, 0.98, 0.0799997, 0.36, 0.901166, 0, -0.138887, 0.410623
110, 0.4, -0.4, 0.12, 0.944778, 0, -0.16175, 0.285012
110, 0.4116, -0.3904, 0.1248, 0.944778, 0, -0.16175, 0.285012
110, 0.4232, -0.3808, 0.1296, 0.944778, 0, -0.16175, 0.285012
110, 0.4348, -0.3712, 0.1344, 0.944778, 0, -0.16175, 0.285012
110, 0.4464, -0.3616, 0.1392, 0.944778, 0, -0.16175, 0.285012
110, 0.458, -0.352, 0.144, 0.944778, 0, -0.16175, 0.285012
110, 0.4696, -0.3424, 0.1488, 0.944778, 0, -0.16175, 0.285012
110, 0.4812, -0.3328, 0.1536, 0.944778, 0, -0.16175, 0.285012
110, 0.4928, -0.3232, 0.1584, 0.944778, 0, -0.16175, 0.285012
110, 0.5044, -0.3136, 0.1632, 0.944778, 0, -0.16175, 0.285012
110, 0.516, -0.304, 0.168, 0.944778, 0, -0.16175, 0.285012
110, 0.5276, -0.2944, 0.1728, 0.944778, 0, -0.16175, 0.285012
110, 0.5392, -0.2848, 0.1776, 0.944778, 0, -0.16175, 0.285012
110, 0.5508, -0.2752, 0.1824, 0.944778, 0, -0.16175, 0.285012
110, 0.5624, -0.2656, 0.1872, 0.944778, 0, -0.16175, 0.285012
110, 0.574, -0.256, 0.192, 0.944778, 0, -0.16175, 0.285012
110, 0.5856, -0.2464, 0.1968, 0.944778, 0, -0.16175, 0.285012
110, 0.5972, -0.2368, 0.2016, 0.944778, 0, -0.16175, 0.285012
110, 0.6088, -0.2272, 0.2064, 0.944778, 0, -0.16175, 0.285012
110, 0.6204, -0.2176, 0.2112, 0.944778, 0, -0.16175, 0.285012
110, 0.632, -0.208, 0.216, 0.944778, 0, -0.16175, 0.285012
110, 0.6436, -0.1984, 0.2208, 0.944778, 0, -0.16175, 0.285012
110, 0.6552, -0.1888, 0.2256, 0.944778, 0, -0.16175, 0.285012
110, 0.6668, -0.1792, 0.2304, 0.944778, 0, -0.16175, 0.285012
110, 0.6784, -0.1696, 0.2352, 0.944778, 0, -0.16175, 0.285012
110, 0.69, -0.16, 0.24, 0.944778, 0, -0.16175, 0.285012
110, 0.7016, -0.1504, 0.2448, 0.944778, 0, -0.16175, 0.285012
110, 0.7132, -0.1408, 0.2496, 0.944778, 0, -0.16175, 0.285012
110, 0.7248, -0.1312, 0.2544, 0.944778, 0, -0.16175, 0.285012
110, 0.7364, -0.1216, 0.2592, 0.944778, 0, -0.16175, 0.285012
110, 0.748, -0.112, 0.264, 0.944778, 0, -0.16175, 0.285012
110, 0.7596, -0.1024, 0.2688, 0.944778, 0, -0.16175, 0.285012
110, 0.7712, -0.0928002, 0.2736, 0.944778, 0, -0.16175, 0.285012
110, 0.7828, -0.0832002, 0.2784, 0.944778, 0, -0.16175, 0.285012
110, 0.7944, -0.0736002, 0.2832, 0.944778, 0, -0.16175, 0.285012
110, 0.806, -0.0640002, 0.288, 0.944778, 0, -0.16175, 0.285012
110, 0.8176, -0.0544002, 0.2928, 0.944778, 0, -0.16175, 0.285012
110, 0.8292, -0.0448002, 0.2976, 0.944778, 0, -0.16175, 0.285012
110, 0.8408, -0.0352002, 0.3024, 0.944778, 0, -0.16175, 0.285012
110, 0.8524, -0.0256002, 0.3072, 0.944778, 0, -0.16175, 0.285012
110, 0.864, -0.0160002, 0.312, 0.944778, 0, -0.16175, 0.285012
110, 0.8756, -0.00640018, 0.3168, 0.944778, 0, -0.16175, 0.285012
110, 0.8872, 0.00319982, 0.3216, 0.944778, 0, -0.16175, 0.285012
110, 0.8988, 0.0127998, 0.3264, 0.944778, 0, -0.16175, 0.285012
110, 0.9104, 0.0223998, 0.3312, 0.944778, 0, -0.16175, 0.285012
110, 0.922, 0.0319998, 0.336, 0.944778, 0, -0.16175, 0.285012
110, 0.9336, 0.0415998, 0.3408, 0.944778, 0, -0.16175, 0.285012
110, 0.9452, 0.0511998, 0.3456, 0.944778, 0, -0.16175, 0.285012
110, 0.9568, 0.0607998, 0.3504, 0.944778, 0, -0.16175, 0.285012
110, 0.9684, 0.0703998, 0.3552, 0.944778, 0, -0.16175, 0.285012
110, 0.98, 0.0799998, 0.36, 0.944778, 0, -0.16175, 0.285012
111, 0.5508, -0.0976001, 0.1824, 0.978106, 0, -0.186986, 0.091348
111, 0.5624, -0.0928001, 0.1872, 0.978106, 0, -0.186986, 0.091348
111, 0.574, -0.0880001, 0.192, 0.978106, 0, -0.186986, 0.091348
111, 0.5856, -0.0832001, 0.1968, 0.978106, 0, -0.186986, 0.091348
111, 0.5972, -0.0784001, 0.2016, 0.978106, 0, -0.186986, 0.091348
111, 0.6088, -0.0736001, 0.2064, 0.978106, 0, -0.186986, 0.091348
111, 0.6204, -0.0688001, 0.2112, 0.978106, 0, -0.186986, 0.091348
111, 0.632, -0.0640001, 0.216, 0.978106, 0, -0.186986, 0.091348
111, 0.6436, -0.0592001, 0.2208, 0.978106, 0, -0.186986, 0.091348
111, 0.6552, -0.0544001, 0.2256, 0.978106, 0, -0.186986, 0.091348
111, 0.6668, -0.0496001, 0.2304, 0.978106, 0, -0.186986, 0.091348
111, 0.6784, -0.0448001, 0.2352, 0.978106, 0, -0.186986, 0.091348
111, 0.69, -0.0400001, 0.24, 0.978106, 0, -0.186986, 0.091348
111, 0.7016, -0.0352001, 0.2448, 0.978106, 0, -0.186986, 0.091348
111, 0.7132, -0.0304001, 0.2496, 0.978106, 0, -0.186986, 0.091348
111, 0.7248, -0.0256001, 0.2544, 0.978106, 0, -0.186986, 0.091348
111, 0.7364, -0.0208001, 0.2592, 0.978106, 0, -0.186986, 0.091348
111, 0.748, -0.0160001, 0.264, 0.978106, 0, -0.186986, 0.091348
111, 0.7596, -0.0112001, 0.2688, 0.978106, 0, -0.186986, 0.091348
111, 0.7712, -0.00640009, 0.2736, 0.978106, 0, -0.186986, 0.091348
111, 0.7828, -0.00160009, 0.2784, 0.978106, 0, -0.186986, 0.091348
111, 0.7944, 0.00319991, 0.2832, 0.978106, 0, -0.186986, 0.091348
111, 0.806, 0.00799991, 0.288, 0.978106, 0, -0.186986, 0.091348
111, 0.8176, 0.0127999, 0.2928, 0.978106, 0, -0.186986, 0.091348
111, 0.8292, 0.0175999, 0.2976, 0.978106, 0, -0.186986, 0.091348
111, 0.8408, 0.0223999, 0.3024, 0.978106, 0, -0.186986, 0.091348
111, 0.8524, 0.0271999, 0.3072, 0.978106, 0, -0.186986, 0.091348
111, 0.864, 0.0319999, 0.312, 0.978106, 0, -0.186986, 0.091348
111, 0.8756, 0.0367999, 0.3168, 0.978106, 0, -0.186986, 0.091348
111, 0.8872, 0.0415999, 0.3216, 0.978106, 0, -0.186986, 0.091348
111, 0.8988, 0.0463999, 0.3264, 0.978106, 0, -0.186986, 0.091348
111, 0.9104, 0.0511999, 0.3312, 0.978106, 0, -0.186986, 0.091348
111, 0.922, 0.0559999, 0.336, 0.978106, 0, -0.186986, 0.091348
111, 0.9336, 0.0607999, 0.3408, 0.978106, 0, -0.186986, 0.091348
111, 0.9452, 0.0655999, 0.3456, 0.978106, 0, -0.186986, 0.091348
111, 0.9568, 0.0703999, 0.3504, 0.978106, 0, -0.186986, 0.091348
111, 0.9684, 0.0751999, 0.3552, 0.978106, 0, -0.186986, 0.091348
111, 0.98, 0.0799999, 0.36, 0.978106, 0, -0.186986, 0.091348
112, 0.574, 0.08, 0.192, 0.98082, 0, -0.194914, 0
112, 0.5856, 0.08, 0.1968, 0.98082, 0, -0.194914, 0
112, 0.5972, 0.08, 0.2016, 0.98082, 0, -0.194914, 0
112, 0.6088, 0.08, 0.2064, 0.98082, 0, -0.194914, 0
112, 0.6204, 0.08, 0.2112, 0.98082, 0, -0.194914, 0
112, 0.632, 0.08, 0.216, 0.98082, 0, -0.194914, 0
112, 0.6436, 0.08, 0.2208, 0.98082, 0, -0.194914, 0
112, 0.6552, 0.08, 0.2256, 0.98082, 0, -0.194914, 0
112, 0.6668, 0.08, 0.2304, 0.98082, 0, -0.194914, 0
112, 0.6784, 0.08, 0.2352, 0.98082, 0, -0.194914, 0
112, 0.69, 0.08, 0.24, 0.98082, 0, -0.194914, 0
112, 0.7016, 0.08, 0.2448, 0.98082, 0, -0.194914, 0
112, 0.7132, 0.08, 0.2496, 0.98082, 0, -0.194914, 0
112, 0.7248, 0.08, 0.2544, 0.98082, 0, -0.194914, 0
112, 0.7364, 0.08, 0.2592, 0.98082, 0, -0.194914, 0
112, 0.748, 0.08, 0.264, 0.98082, 0, -0.194914, 0
112, 0.7596, 0.08, 0.2688, 0.98082, 0, -0.194914, 0
112, 0.7712, 0.08, 0.2736, 0.98082, 0, -0.194914, 0
112, 0.7828, 0.08, 0.2784, 0.98082, 0, -0.194914, 0
112, 0.7944, 0.08, 0.2832, 0.98082, 0, -0.194914, 0
112, 0.806, 0.08, 0.288, 0.98082, 0, -0.194914, 0
112, 0.8176, 0.08, 0.2928, 0.98082, 0, -0.194914, 0
112, 0.8292, 0.08, 0.2976, 0.98082, 0, -0.194914, 0
112, 0.8408, 0.08, 0.3024, 0.98082, 0, -0.194914, 0
112, 0.8524, 0.08, 0.3072, 0.98082, 0, -0.194914, 0
112, 0.864, 0.08, 0.312, 0.98082, 0, -0.194914, 0
112, 0.8756, 0.08, 0.3168, 0.98082, 0, -0.194914, 0
112, 0.8872, 0.08, 0.3216, 0.98082, 0, -0.194914, 0
112, 0.8988, 0.08, 0.3264, 0.98082, 0, -0.194914, 0
112, 0.9104, 0.08, 0.3312, 0.98082, 0, -0.194914, 0
112, 0.922, 0.08, 0.336, 0.98082, 0, -0.194914, 0
112, 0.9336, 0.08, 0.3408, 0.98082, 0, -0.194914, 0
112, 0.9452, 0.08, 0.3456, 0.98082, 0, -0.194914, 0
112, 0.9568, 0.08, 0.3504, 0.98082, 0, -0.194914, 0
112, 0.9684, 0.08, 0.3552, 0.98082, 0, -0.194914, 0
112, 0.98, 0.08, 0.36, 0.98082, 0, -0.194914, 0
113, 0.4696, 0.2912, 0.1488, 0.978106, 0, -0.186986, -0.091348
113, 0.4812, 0.2864, 0.1536, 0.978106, 0, -0.186986, -0.091348
113, 0.4928, 0.2816, 0.1584, 0.978106, 0, -0.186986, -0.091348
113, 0.5044, 0.2768, 0.1632, 0.978106, 0, -0.186986, -0.091348
113, 0.516, 0.272, 0.168, 0.978106, 0, -0.186986, -0.091348
113, 0.5276, 0.2672, 0.1728, 0.978106, 0, -0.186986, -0.091348
113, 0.5392, 0.2624, 0.1776, 0.978106, 0, -0.186986, -0.091348
113, 0.5508, 0.2576, 0.1824, 0.978106, 0, -0.186986, -0.091348
113, 0.5624, 0.2528, 0.1872, 0.978106, 0, -0.186986, -0.091348
113, 0.574, 0.248, 0.192, 0.978106, 0, -0.186986, -0.091348
113, 0.5856, 0.2432, 0.1968, 0.978106, 0, -0.186986, -0.091348
113, 0.5972, 0.2384, 0.2016, 0.978106, 0, -0.186986, -0.091348
113, 0.6088, 0.2336, 0.2064, 0.978106, 0, -0.186986, -0.091348
113, 0.6204, 0.2288, 0.2112, 0.978106, 0, -0.186986, -0.091348
113, 0.632, 0.224, 0.216, 0.978106, 0, -0.186986, -0.091348
113, 0.6436, 0.2192, 0.2208, 0.978106, 0, -0.186986, -0.091348
113, 0.6552, 0.2144, 0.2256, 0.978106, 0, -0.186986, -0.091348
113, 0.6668, 0.2096, 0.2304, 0.978106, 0, -0.186986, -0.091348
113, 0.6784, 0.2048, 0.2352, 0.978106, 0, -0.186986, -0.091348
113, 0.69, 0.2, 0.24, 0.978106, 0, -0.186986, -0.091348
113, 0.7016, 0.1952, 0.2448, 0.978106, 0, -0.186986, -0.091348
113, 0.7132, 0.1904, 0.2496, 0.978106, 0, -0.186986, -0.091348
113, 0.7248, 0.1856, 0.2544, 0.978106, 0, -0.186986, -0.091348
113, 0.7364, 0.1808, 0.2592, 0.978106, 0, -0.186986, -0.091348
113, 0.748, 0.176, 0.264, 0.978106, 0, -0.186986, -0.091348
113, 0.7596, 0.1712, 0.2688, 0.978106, 0, -0.186986, -0.091348
113, 0.7712, 0.1664, 0.2736, 0.978106, 0, -0.186986, -0.091348
113, 0.7828, 0.1616, 0.2784, 0.978106, 0, -0.186986, -0.091348
113, 0.7944, 0.1568, 0.2832, 0.978106, 0, -0.186986, -0.091348
113, 0.806, 0.152, 0.288, 0.978106, 0, -0.186986, -0.091348
113, 0.8176, 0.1472, 0.2928, 0.978106, 0, -0.186986, -0.091348
113, 0.8292, 0.1424, 0.2976, 0.978106, 0, -0.186986, -0.091348
113, 0.8408, 0.1376, 0.3024, 0.978106, 0, -0.186986, -0.091348
113, 0.8524, 0.1328, 0.3072, 0.978106, 0, -0.186986, -0.091348
113, 0.864, 0.128, 0.312, 0.978106, 0, -0.186986, -0.091348
113, 0.8756, 0.1232, 0.3168, 0.978106, 0, -0.186986, -0.091348
113, 0.8872, 0.1184, 0.3216, 0.978106, 0, -0.186986, -0.091348
113, 0.8988, 0.1136, 0.3264, 0.978106, 0, -0.186986, -0.091348
113, 0.9104, 0.1088, 0.3312, 0.978106, 0, -0.186986, -0.091348
113, 0.922, 0.104, 0.336, 0.978106, 0, -0.186986, -0.091348
113, 0.9336, 0.0992001, 0.3408, 0.978106, 0, -0.186986, -0.091348
113, 0.9452, 0.0944001, 0.3456, 0.978106, 0, -0.186986, -0.091348
113, 0.9568, 0.0896001, 0.3504, 0.978106, 0, -0.186986, -0.091348
113, 0.9684, 0.0848001, 0.3552, 0.978106, 0, -0.186986, -0.091348
113, 0.98, 0.0800001, 0.36, 0.978106, 0, -0.186986, -0.091348
114, 0.4, 0.56, 0.12, 0.944778, 0, -0.16175, -0.285012
114, 0.4116, 0.5504, 0.1248, 0.944778, 0, -0.16175, -0.285012
114, 0.4232, 0.5408, 0.1296, 0.944778, 0, -0.16175, -0.285012
114, 0.4348, 0.5312, 0.1344, 0.944778, 0, -0.16175, -0.285012
114, 0.4464, 0.5216, 0.1392, 0.944778, 0, -0.16175, -0.285012
114, 0.458, 0.512, 0.144, 0.944778, 0, -0.16175, -0.285012
114, 0.4696, 0.5024, 0.1488, 0.944778, 0, -0.16175, -0.285012
114, 0.4812, 0.4928, 0.1536, 0.944778, 0, -0.16175, -0.285012
114, 0.4928, 0.4832, 0.1584, 0.944778, 0, -0.16175, -0.285012
114, 0.5044, 0.4736, 0.1632, 0.944778, 0, -0.16175, -0.285012
114, 0.516, 0.464, 0.168, 0.944778, 0, -0.16175, -0.285012
114, 0.5276, 0.4544, 0.1728, 0.944778, 0, -0.16175, -0.285012
114, 0.5392, 0.4448, 0.1776, 0.944778, 0, -0.16175, -0.285012
114, 0.5508, 0.4352, 0.1824, 0.944778, 0, -0.16175, -0.285012
114, 0.5624, 0.4256, 0.1872, 0.944778, 0, -0.16175, -0.285012
114, 0.574, 0.416, 0.192, 0.944778, 0, -0.16175, -0.285012
114, 0.5856, 0.4064, 0.1968, 0.944778, 0, -0.16175, -0.285012
114, 0.5972, 0.3968, 0.2016, 0.944778, 0, -0.16175, -0.285012
114, 0.6088, 0.3872, 0.2064, 0.944778, 0, -0.16175, -0.285012
114, 0.6204, 0.3776, 0.2112, 0.944778, 0, -0.16175, -0.285012
114, 0.632, 0.368, 0.216, 0.944778, 0, -0.16175, -0.285012
114, 0.6436, 0.3584, 0.2208, 0.944778, 0, -0.16175, -0.285012
114, 0.6552, 0.3488, 0.2256, 0.944778, 0, -0.16175, -0.285012
114, 0.6668, 0.3392, 0.2304, 0.944778, 0, -0.16175, -0.285012
114, 0.6784, 0.3296, 0.2352, 0.944778, 0, -0.16175, -0.285012
114, 0.69, 0.32, 0.24, 0.944778, 0, -0.16175, -0.285012
114, 0.7016, 0.3104, 0.2448, 0.944778, 0, -0.16175, -0.285012
114, 0.7132, 0.3008, 0.2496, 0.944778, 0, -0.16175, -0.285012
114, 0.7248, 0.2912, 0.2544, 0.944778, 0, -0.16175, -0.285012
114, 0.7364, 0.2816, 0.2592, 0.944778, 0, -0.16175, -0.285012
114, 0.748, 0.272, 0.264, 0.944778, 0, -0.16175, -0.285012
114, 0.7596, 0.2624, 0.2688, 0.944778, 0, -0.16175, -0.285012
114, 0.7712, 0.2528, 0.2736, 0.944778, 0, -0.16175, -0.285012
114, 0.7828, 0.2432, 0.2784, 0.944778, 0, -0.16175, -0.285012
114, 0.7944, 0.2336, 0.2832, 0.944778, 0, -0.16175, -0.285012
114, 0.806, 0.224, 0.288, 0.944778, 0, -0.16175, -0.285012
114, 0.8176, 0.2144, 0.2928, 0.944778, 0, -0.16175, -0.285012
114, 0.8292, 0.2048, 0.2976, 0.944778, 0, -0.16175, -0.285012
114, 0.8408, 0.1952, 0.3024, 0.944778, 0, -0.16175, -0.285012
114, 0.8524, 0.1856, 0.3072, 0.944778, 0, -0.16175, -0.285012
114, 0.864, 0.176, 0.312, 0.944778, 0, -0.16175, -0.285012
114, 0.8756, 0.1664, 0.3168, 0.944778, 0, -0.16175, -0.285012
114, 0.8872, 0.1568, 0.3216, 0.944778, 0, -0.16175, -0.285012
114, 0.8988, 0.1472, 0.3264, 0.944778, 0, -0.16175, -0.285012
114, 0.9104, 0.1376, 0.3312, 0.944778, 0, -0.16175, -0.285012
114, 0.922, 0.128, 0.336, 0.944778, 0, -0.16175, -0.285012
114, 0.9336, 0.1184, 0.3408, 0.944778, 0, -0.16175, -0.285012
114, 0.9452, 0.1088, 0.3456, 0.944778, 0, -0.16175, -0.285012
114, 0.9568, 0.0992002, 0.3504, 0.944778, 0, -0.16175, -0.285012
114, 0.9684, 0.0896002, 0.3552, 0.944778, 0, -0.16175, -0.285012
114, 0.98, 0.0800002, 0.36, 0.944778, 0, -0.16175, -0.285012
115, 0.4232, 0.7712, 0.1296, 0.901166, 0, -0.138887, -0.410623
115, 0.4348, 0.7568, 0.1344, 0.901166, 0, -0.138887, -0.410623
115, 0.4464, 0.7424, 0.1392, 0.901166, 0, -0.138887, -0.410623
115, 0.458, 0.728, 0.144, 0.901166, 0, -0.138887, -0.410623
115, 0.4696, 0.7136, 0.1488, 0.901166, 0, -0.138887, -0.410623
115, 0.4812, 0.6992, 0.1536, 0.901166, 0, -0.138887, -0.410623
115, 0.4928, 0.6848, 0.1584, 0.901166, 0, -0.138887, -0.410623
115, 0.5044, 0.6704, 0.1632, 0.901166, 0, -0.138887, -0.410623
115, 0.516, 0.656, 0.168, 0.901166, 0, -0.138887, -0.410623
115, 0.5276, 0.6416, 0.1728, 0.901166, 0, -0.138887, -0.410623
115, 0.5392, 0.6272, 0.1776, 0.901166, 0, -0.138887, -0.410623
115, 0.5508, 0.6128, 0.1824, 0.901166, 0, -0.138887, -0.410623
115, 0.5624, 0.5984, 0.1872, 0.901166, 0, -0.138887, -0.410623
115, 0.574, 0.584, 0.192, 0.901166, 0, -0.138887, -0.410623
115, 0.5856, 0.5696, 0.1968, 0.901166, 0, -0.138887, -0.410623
115, 0.5972, 0.5552, 0.2016, 0.901166, 0, -0.138887, -0.410623
115, 0.6088, 0.5408, 0.2064, 0.901166, 0, -0.138887, -0.410623
115, 0.6204, 0.5264, 0.2112, 0.901166, 0, -0.138887, -0.410623
115, 0.632, 0.512, 0.216, 0.901166, 0, -0.138887, -0.410623
115, 0.6436, 0.4976, 0.2208, 0.901166, 0, -0.138887, -0.410623
115, 0.6552, 0.4832, 0.2256, 0.901166, 0, -0.138887, -0.410623
115, 0.6668, 0.4688, 0.2304, 0.901166, 0, -0.138887, -0.410623
115, 0.6784, 0.4544, 0.2352, 0.901166, 0, -0.138887, -0.410623
115, 0.69, 0.44, 0.24, 0.901166, 0, -0.138887, -0.410623
115, 0.7016, 0.4256, 0.2448, 0.901166, 0, -0.138887, -0.410623
115, 0.7132, 0.4112, 0.2496, 0.901166, 0, -0.138887, -0.410623
115, 0.7248, 0.3968, 0.2544, 0.901166, 0, -0.138887, -0.410623
115, 0.7364, 0.3824, 0.2592, 0.901166, 0, -0.138887, -0.410623
115, 0.748, 0.368, 0.264, 0.901166, 0, -0.138887, -0.410623
115, 0.7596, 0.3536, 0.2688, 0.901166, 0, -0.138887, -0.410623
115, 0.7712, 0.3392, 0.2736, 0.901166, 0, -0.138887, -0.410623
115, 0.7828, 0.3248, 0.2784, 0.901166, 0, -0.138887, -0.410623
115, 0.7944, 0.3104, 0.2832, 0.901166, 0, -0.138887, -0.410623
115, 0.806, 0.296, 0.288, 0.901166, 0, -0.138887, -0.410623
115, 0.8176, 0.2816, 0.2928, 0.901166, 0, -0.138887, -0.410623
115, 0.8292, 0.2672, 0.2976, 0.901166, 0, -0.138887, -0.410623
115, 0.8408, 0.2528, 0.3024, 0.901166, 0, -0.138887, -0.410623
115, 0.8524, 0.2384, 0.3072, 0.901166, 0, -0.138887, -0.410623
115, 0.864, 0.224, 0.312, 0.901166, 0, -0.138887, -0.410623
115, 0.8756, 0.2096, 0.3168, 0.901166, 0, -0.138887, -0.410623
115, 0.8872, 0.1952, 0.3216, 0.901166, 0, -0.138887, -0.410623
115, 0.8988, 0.1808, 0.3264, 0.901166, 0, -0.138887, -0.410623
115, 0.9104, 0.1664, 0.3312, 0.901166, 0, -0.138887, -0.410623
115, 0.922, 0.152, 0.336, 0.901166, 0, -0.138887, -0.410623
115, 0.9336, 0.1376, 0.3408, 0.901166, 0, -0.138887, -0.410623
115, 0.9452, 0.1232, 0.3456, 0.901166, 0, -0.138887, -0.410623
115, 0.9568, 0.1088, 0.3504, 0.901166, 0, -0.138887, -0.410623
115, 0.9684, 0.0944003, 0.3552, 0.901166, 0, -0.138887, -0.410623
115, 0.98, 0.0800003, 0.36, 0.901166, 0, -0.138887, -0.410623
116, 0.5856, 0.7328, 0.1968, 0.869327, 0, -0.129791, -0.476892
116, 0.5972, 0.7136, 0.2016, 0.869327, 0, -0.129791, -0.476892
116, 0.6088, 0.6944, 0.2064, 0.869327, 0, -0.129791, -0.476892
116, 0.6204, 0.6752, 0.2112, 0.869327, 0, -0.129791, -0.476892
116, 0.632, 0.656, 0.216, 0.869327, 0, -0.129791, -0.476892
116, 0.6436, 0.6368, 0.2208, 0.869327, 0, -0.129791, -0.476892
116, 0.6552, 0.6176, 0.2256, 0.869327, 0, -0.129791, -0.476892
116, 0.6668, 0.5984, 0.2304, 0.869327, 0, -0.129791, -0.476892
116, 0.6784, 0.5792, 0.2352, 0.869327, 0, -0.129791, -0.476892
116, 0.69, 0.56, 0.24, 0.869327, 0, -0.129791, -0.476892
116, 0.7016, 0.5408, 0.2448, 0.869327, 0, -0.129791, -0.476892
116, 0.7132, 0.5216, 0.2496, 0.869327, 0, -0.129791, -0.476892
116, 0.7248, 0.5024, 0.2544, 0.869327, 0, -0.129791, -0.476892
116, 0.7364, 0.4832, 0.2592, 0.869327, 0, -0.129791, -0.476892
116, 0.748, 0.464, 0.264, 0.869327, 0, -0.129791, -0.476892
116, 0.7596, 0.4448, 0.2688, 0.869327, 0, -0.129791, -0.476892
116, 0.7712, 0.4256, 0.2736, 0.869327, 0, -0.129791, -0.476892
116, 0.7828, 0.4064, 0.2784, 0.869327, 0, -0.129791, -0.476892
116, 0.7944, 0.3872, 0.2832, 0.869327, 0, -0.129791, -0.476892
116, 0.806, 0.368, 0.288, 0.869327, 0, -0.129791, -0.476892
116, 0.8176, 0.3488, 0.2928, 0.869327, 0, -0.129791, -0.476892
116, 0.8292, 0.3296, 0.2976, 0.869327, 0, -0.129791, -0.476892
116, 0.8408, 0.3104, 0.3024, 0.869327, 0, -0.129791, -0.476892
116, 0.8524, 0.2912, 0.3072, 0.869327, 0, -0.129791, -0.476892
116, 0.864, 0.272, 0.312, 0.869327, 0, -0.129791, -0.476892
116, 0.8756, 0.2528, 0.3168, 0.869327, 0, -0.129791, -0.476892
116, 0.8872, 0.2336, 0.3216, 0.869327, 0, -0.129791, -0.476892
116, 0.8988, 0.2144, 0.3264, 0.869327, 0, -0.129791, -0.476892
116, 0.9104, 0.1952, 0.3312, 0.869327, 0, -0.129791, -0.476892
116, 0.922, 0.176, 0.336, 0.869327, 0, -0.129791, -0.476892
116, 0.9336, 0.1568, 0.3408, 0.869327, 0, -0.129791, -0.476892
116, 0.9452, 0.1376, 0.3456, 0.869327, 0, -0.129791, -0.476892
116, 0.9568, 0.1184, 0.3504, 0.869327, 0, -0.129791, -0.476892
116, 0.9684, 0.0992004, 0.3552, 0.869327, 0, -0.129791, -0.476892
116, 0.98, 0.0800004, 0.36, 0.869327, 0, -0.129791, -0.476892
117, 0.7016, -0.3808, 0.6192, 0.832685, 0, -0.413269, 0.368571
117, 0.7132, -0.3616, 0.6384, 0.832685, 0, -0.413269, 0.368571
117, 0.7248, -0.3424, 0.6576, 0.832685, 0, -0.413269, 0.368571
117, 0.7364, -0.3232, 0.6768, 0.832685, 0, -0.413269, 0.368571
117, 0.748, -0.304, 0.696, 0.832685, 0, -0.413269, 0.368571
117, 0.7596, -0.2848, 0.7152, 0.832685, 0, -0.413269, 0.368571
117, 0.7712, -0.2656, 0.7344, 0.832685, 0, -0.413269, 0.368571
117, 0.7828, -0.2464, 0.7536, 0.832685, 0, -0.413269, 0.368571
117, 0.7944, -0.2272, 0.7728, 0.832685, 0, -0.413269, 0.368571
117, 0.806, -0.208, 0.792, 0.832685, 0, -0.413269, 0.368571
117, 0.8176, -0.1888, 0.8112, 0.832685, 0, -0.413269, 0.368571
117, 0.8292, -0.1696, 0.8304, 0.832685, 0, -0.413269, 0.368571
117, 0.8408, -0.1504, 0.8496, 0.832685, 0, -0.413269, 0.368571
117, 0.8524, -0.1312, 0.8688, 0.832685, 0, -0.413269, 0.368571
117, 0.864, -0.112, 0.888, 0.832685, 0, -0.413269, 0.368571
117, 0.8756, -0.0928004, 0.9072, 0.832685, 0, -0.413269, 0.368571
117, 0.8872, -0.0736004, 0.9264, 0.832685, 0, -0.413269, 0.368571
117, 0.8988, -0.0544004, 0.9456, 0.832685, 0, -0.413269, 0.368571
117, 0.9104, -0.0352004, 0.9648, 0.832685, 0, -0.413269, 0.368571
117, 0.922, -0.0160004, 0.984, 0.832685, 0, -0.413269, 0.368571
117, 0.9336, 0.00319965, 1.0032, 0.832685, 0, -0.413269, 0.368571
117, 0.9452, 0.0223997, 1.0224, 0.832685, 0, -0.413269, 0.368571
117, 0.9568, 0.0415996, 1.0416, 0.832685, 0, -0.413269, 0.368571
117, 0.9684, 0.0607997, 1.0608, 0.832685, 0, -0.413269, 0.368571
117, 0.98, 0.0799997, 1.08, 0.832685, 0, -0.413269, 0.368571
118, 0.6436, -0.4768, 0.6624, 0.847912, 0, -0.344125, 0.403266
118, 0.6552, -0.4576, 0.6768, 0.847912, 0, -0.344125, 0.403266
118, 0.6668, -0.4384, 0.6912, 0.847912, 0, -0.344125, 0.403266
118, 0.6784, -0.4192, 0.7056, 0.847912, 0, -0.344125, 0.403266
118, 0.69, -0.4, 0.72, 0.847912, 0, -0.344125, 0.403266
118, 0.7016, -0.3808, 0.7344, 0.847912, 0, -0.344125, 0.403266
118, 0.7132, -0.3616, 0.7488, 0.847912, 0, -0.344125, 0.403266
118, 0.7248, -0.3424, 0.7632, 0.847912, 0, -0.344125, 0.403266
118, 0.7364, -0.3232, 0.7776, 0.847912, 0, -0.344125, 0.403266
118, 0.748, -0.304, 0.792, 0.847912, 0, -0.344125, 0.403266
118, 0.7596, -0.2848, 0.8064, 0.847912, 0, -0.344125, 0.403266
118, 0.7712, -0.2656, 0.8208, 0.847912, 0, -0.344125, 0.403266
118, 0.7828, -0.2464, 0.8352, 0.847912, 0, -0.344125, 0.403266
118, 0.7944, -0.2272, 0.8496, 0.847912, 0, -0.344125, 0.403266
118, 0.806, -0.208, 0.864, 0.847912, 0, -0.344125, 0.403266
118, 0.8176, -0.1888, 0.8784, 0.847912, 0, -0.344125, 0.403266
118, 0.8292, -0.1696, 0.8928, 0.847912, 0, -0.344125, 0.403266
118, 0.8408, -0.1504, 0.9072, 0.847912, 0, -0.344125, 0.403266
118, 0.8524, -0.1312, 0.9216, 0.847912, 0, -0.344125, 0.403266
118, 0.864, -0.112, 0.936, 0.847912, 0, -0.344125, 0.403266
118, 0.8756, -0.0928004, 0.9504, 0.847912, 0, -0.344125, 0.403266
118, 0.8872, -0.0736004, 0.9648, 0.847912, 0, -0.344125, 0.403266
118, 0.8988, -0.0544004, 0.9792, 0.847912, 0, -0.344125, 0.403266
118, 0.9104, -0.0352004, 0.9936, 0.847912, 0, -0.344125, 0.403266
118, 0.922, -0.0160004, 1.008, 0.847912, 0, -0.344125, 0.403266
118, 0.9336, 0.00319965, 1.0224, 0.847912, 0, -0.344125, 0.403266
118, 0.9452, 0.0223997, 1.0368, 0.847912, 0, -0.344125, 0.403266
118, 0.9568, 0.0415996, 1.0512, 0.847912, 0, -0.344125, 0.403266
118, 0.9684, 0.0607997, 1.0656, 0.847912, 0, -0.344125, 0.403266
118, 0.98, 0.0799997, 1.08, 0.847912, 0, -0.344125, 0.403266
119, 0.6668, -0.4384, 0.8208, 0.861742, 0, -0.248778, 0.442166
119, 0.6784, -0.4192, 0.8304, 0.861742, 0, -0.248778, 0.442166
119, 0.69, -0.4, 0.84, 0.861742, 0, -0.248778, 0.442166
119, 0.7016, -0.3808, 0.8496, 0.861742, 0, -0.248778, 0.442166
119, 0.7132, -0.3616, 0.8592, 0.861742, 0, -0.248778, 0.442166
119, 0.7248, -0.3424, 0.8688, 0.861742, 0, -0.248778, 0.442166
119, 0.7364, -0.3232, 0.8784, 0.861742, 0, -0.248778, 0.442166
119, 0.748, -0.304, 0.888, 0.861742, 0, -0.248778, 0.442166
119, 0.7596, -0.2848, 0.8976, 0.861742, 0, -0.248778, 0.442166
119, 0.7712, -0.2656, 0.9072, 0.861742, 0, -0.248778, 0.442166
119, 0.7828, -0.2464, 0.9168, 0.861742, 0, -0.248778, 0.442166
119, 0.7944, -0.2272, 0.9264, 0.861742, 0, -0.248778, 0.442166
119, 0.806, -0.208, 0.936, 0.861742, 0, -0.248778, 0.442166
119, 0.8176, -0.1888, 0.9456, 0.861742, 0, -0.248778, 0.442166
119, 0.8292, -0.1696, 0.9552, 0.861742, 0, -0.248778, 0.442166
119, 0.8408, -0.1504, 0.9648, 0.861742, 0, -0.248778, 0.442166
119, 0.8524, -0.1312, 0.9744, 0.861742, 0, -0.248778, 0.442166
119, 0.864, -0.112, 0.984, 0.861742, 0, -0.248778, 0.442166
119, 0.8756, -0.0928004, 0.9936, 0.861742, 0, -0.248778, 0.442166
119, 0.8872, -0.0736004, 1.0032, 0.861742, 0, -0.248778, 0.442166
119, 0.8988, -0.0544004, 1.0128, 0.861742, 0, -0.248778, 0.442166
119, 0.9104, -0.0352004, 1.0224, 0.861742, 0, -0.248778, 0.442166
119, 0.922, -0.0160004, 1.032, 0.861742, 0, -0.248778, 0.442166
119, 0.9336, 0.00319965, 1.0416, 0.861742, 0, -0.248778, 0.442166
119, 0.9452, 0.0223997, 1.0512, 0.861742, 0, -0.248778, 0.442166
119, 0.9568, 0.0415996, 1.0608, 0.861742, 0, -0.248778, 0.442166
119, 0.9684, 0.0607997, 1.0704, 0.861742, 0, -0.248778, 0.442166
119, 0.98, 0.0799997, 1.08, 0.861742, 0, -0.248778, 0.442166
121, 0.6668, -0.3088, 0.5616, 0.848096, 0, -0.43538, 0.301956
121, 0.6784, -0.2944, 0.5808, 0.848096, 0, -0.43538, 0.301956
121, 0.69, -0.28, 0.6, 0.848096, 0, -0.43538, 0.301956
121, 0.7016, -0.2656, 0.6192, 0.848096, 0, -0.43538, 0.301956
121, 0.7132, -0.2512, 0.6384, 0.848096, 0, -0.43538, 0.301956
121, 0.7248, -0.2368, 0.6576, 0.848096, 0, -0.43538, 0.301956
121, 0.7364, -0.2224, 0.6768, 0.848096, 0, -0.43538, 0.301956
121, 0.748, -0.208, 0.696, 0.848096, 0, -0.43538, 0.301956
121, 0.7596, -0.1936, 0.7152, 0.848096, 0, -0.43538, 0.301956
121, 0.7712, -0.1792, 0.7344, 0.848096, 0, -0.43538, 0.301956
121, 0.7828, -0.1648, 0.7536, 0.848096, 0, -0.43538, 0.301956
121, 0.7944, -0.1504, 0.7728, 0.848096, 0, -0.43538, 0.301956
121, 0.806, -0.136, 0.792, 0.848096, 0, -0.43538, 0.301956
121, 0.8176, -0.1216, 0.8112, 0.848096, 0, -0.43538, 0.301956
121, 0.8292, -0.1072, 0.8304, 0.848096, 0, -0.43538, 0.301956
121, 0.8408, -0.0928003, 0.8496, 0.848096, 0, -0.43538, 0.301956
121, 0.8524, -0.0784003, 0.8688, 0.848096, 0, -0.43538, 0.301956
121, 0.864, -0.0640003, 0.888, 0.848096, 0, -0.43538, 0.301956
121, 0.8756, -0.0496003, 0.9072, 0.848096, 0, -0.43538, 0.301956
121, 0.8872, -0.0352003, 0.9264, 0.848096, 0, -0.43538, 0.301956
121, 0.8988, -0.0208003, 0.9456, 0.848096, 0, -0.43538, 0.301956
121, 0.9104, -0.00640027, 0.9648, 0.848096, 0, -0.43538, 0.301956
121, 0.922, 0.00799973, 0.984, 0.848096, 0, -0.43538, 0.301956
121, 0.9336, 0.0223997, 1.0032, 0.848096, 0, -0.43538, 0.301956
121, 0.9452, 0.0367997, 1.0224, 0.848096, 0, -0.43538, 0.301956
121, 0.9568, 0.0511997, 1.0416, 0.848096, 0, -0.43538, 0.301956
121, 0.9684, 0.0655997, 1.0608, 0.848096, 0, -0.43538, 0.301956
121, 0.98, 0.0799997, 1.08, 0.848096, 0, -0.43538, 0.301956
122, 0.5856, -0.4096, 0.5904, 0.869053, 0, -0.365392, 0.333521
122, 0.5972, -0.3952, 0.6048, 0.869053, 0, -0.365392, 0.333521
122, 0.6088, -0.3808, 0.6192, 0.869053, 0, -0.365392, 0.333521
122, 0.6204, -0.3664, 0.6336, 0.869053, 0, -0.365392, 0.333521
122, 0.632, -0.352, 0.648, 0.869053, 0, -0.365392, 0.333521
122, 0.6436, -0.3376, 0.6624, 0.869053, 0, -0.365392, 0.333521
122, 0.6552, -0.3232, 0.6768, 0.869053, 0, -0.365392, 0.333521
122, 0.6668, -0.3088, 0.6912, 0.869053, 0, -0.365392, 0.333521
122, 0.6784, -0.2944, 0.7056, 0.869053, 0, -0.365392, 0.333521
122, 0.69, -0.28, 0.72, 0.869053, 0, -0.365392, 0.333521
122, 0.7016, -0.2656, 0.7344, 0.869053, 0, -0.365392, 0.333521
122, 0.7132, -0.2512, 0.7488, 0.869053, 0, -0.365392, 0.333521
122, 0.7248, -0.2368, 0.7632, 0.869053, 0, -0.365392, 0.333521
122, 0.7364, -0.2224, 0.7776, 0.869053, 0, -0.365392, 0.333521
122, 0.748, -0.208, 0.792, 0.869053, 0, -0.365392, 0.333521
122, 0.7596, -0.1936, 0.8064, 0.869053, 0, -0.365392, 0.333521
122, 0.7712, -0.1792, 0.8208, 0.869053, 0, -0.365392, 0.333521
122, 0.7828, -0.1648, 0.8352, 0.869053, 0, -0.365392, 0.333521
122, 0.7944, -0.1504, 0.8496, 0.869053, 0, -0.365392, 0.333521
122, 0.806, -0.136, 0.864, 0.869053, 0, -0.365392, 0.333521
122, 0.8176, -0.1216, 0.8784, 0.869053, 0, -0.365392, 0.333521
122, 0.8292, -0.1072, 0.8928, 0.869053, 0, -0.365392, 0.333521
122, 0.8408, -0.0928003, 0.9072, 0.869053, 0, -0.365392, 0.333521
122, 0.8524, -0.0784003, 0.9216, 0.869053, 0, -0.365392, 0.333521
122, 0.864, -0.0640003, 0.936, 0.869053, 0, -0.365392, 0.333521
122, 0.8756, -0.0496003, 0.9504, 0.869053, 0, -0.365392, 0.333521
122, 0.8872, -0.0352003, 0.9648, 0.869053, 0, -0.365392, 0.333521
122, 0.8988, -0.0208003, 0.9792, 0.869053, 0, -0.365392, 0.333521
122, 0.9104, -0.00640027, 0.9936, 0.869053, 0, -0.365392, 0.333521
122, 0.922, 0.00799973, 1.008, 0.869053, 0, -0.365392, 0.333521
122, 0.9336, 0.0223997, 1.0224, 0.869053, 0, -0.365392, 0.333521
122, 0.9452, 0.0367997, 1.0368, 0.869053, 0, -0.365392, 0.333521
122, 0.9568, 0.0511997, 1.0512, 0.869053, 0, -0.365392, 0.333521
122, 0.9684, 0.0655997, 1.0656, 0.869053, 0, -0.365392, 0.333521
122, 0.98, 0.0799997, 1.08, 0.869053, 0, -0.365392, 0.333521
123, 0.4928, -0.5248, 0.6768, 0.889869, 0, -0.265898, 0.370718
123, 0.5044, -0.5104, 0.6864, 0.889869, 0, -0.265898, 0.370718
123, 0.516, -0.496, 0.696, 0.889869, 0, -0.265898, 0.370718
123, 0.5276, -0.4816, 0.7056, 0.889869, 0, -0.265898, 0.370718
123, 0.5392, -0.4672, 0.7152, 0.889869, 0, -0.265898, 0.370718
123, 0.5508, -0.4528, 0.7248, 0.889869, 0, -0.265898, 0.370718
123, 0.5624, -0.4384, 0.7344, 0.889869, 0, -0.265898, 0.370718
123, 0.574, -0.424, 0.744, 0.889869, 0, -0.265898, 0.370718
123, 0.5856, -0.4096, 0.7536, 0.889869, 0, -0.265898, 0.370718
123, 0.5972, -0.3952, 0.7632, 0.889869, 0, -0.265898, 0.370718
123, 0.6088, -0.3808, 0.7728, 0.889869, 0, -0.265898, 0.370718
123, 0.6204, -0.3664, 0.7824, 0.889869, 0, -0.265898, 0.370718
123, 0.632, -0.352, 0.792, 0.889869, 0, -0.265898, 0.370718
123, 0.6436, -0.3376, 0.8016, 0.889869, 0, -0.265898, 0.370718
123, 0.6552, -0.3232, 0.8112, 0.889869, 0, -0.265898, 0.370718
123, 0.6668, -0.3088, 0.8208, 0.889869, 0, -0.265898, 0.370718
123, 0.6784, -0.2944, 0.8304, 0.889869, 0, -0.265898, 0.370718
123, 0.69, -0.28, 0.84, 0.889869, 0, -0.265898, 0.370718
123, 0.7016, -0.2656, 0.8496, 0.889869, 0, -0.265898, 0.370718
123, 0.7132, -0.2512, 0.8592, 0.889869, 0, -0.265898, 0.370718
123, 0.7248, -0.2368, 0.8688, 0.889869, 0, -0.265898, 0.370718
123, 0.7364, -0.2224, 0.8784, 0.889869, 0, -0.265898, 0.370718
123, 0.748, -0.208, 0.888, 0.889869, 0, -0.265898, 0.370718
123, 0.7596, -0.1936, 0.8976, 0.889869, 0, -0.265898, 0.370718
123, 0.7712, -0.1792, 0.9072, 0.889869, 0, -0.265898, 0.370718
123, 0.7828, -0.1648, 0.9168, 0.889869, 0, -0.265898, 0.370718
123, 0.7944, -0.1504, 0.9264, 0.889869, 0, -0.265898, 0.370718
123, 0.806, -0.136, 0.936, 0.889869, 0, -0.265898, 0.370718
123, 0.8176, -0.1216, 0.9456, 0.889869, 0, -0.265898, 0.370718
123, 0.8292, -0.1072, 0.9552, 0.889869, 0, -0.265898, 0.370718
123, 0.8408, -0.0928003, 0.9648, 0.889869, 0, -0.265898, 0.370718
123, 0.8524, -0.0784003, 0.9744, 0.889869, 0, -0.265898, 0.370718
123, 0.864, -0.0640003, 0.984, 0.889869, 0, -0.265898, 0.370718
123, 0.8756, -0.0496003, 0.9936, 0.889869, 0, -0.265898, 0.370718
123, 0.8872, -0.0352003, 1.0032, 0.889869, 0, -0.265898, 0.370718
123, 0.8988, -0.0208003, 1.0128, 0.889869, 0, -0.265898, 0.370718
123, 0.9104, -0.00640027, 1.0224, 0.889869, 0, -0.265898, 0.370718
123, 0.922, 0.00799973, 1.032, 0.889869, 0, -0.265898, 0.370718
123, 0.9336, 0.0223997, 1.0416, 0.889869, 0, -0.265898, 0.370718
123, 0.9452, 0.0367997, 1.0512, 0.889869, 0, -0.265898, 0.370718
123, 0.9568, 0.0511997, 1.0608, 0.889869, 0, -0.265898, 0.370718
123, 0.9684, 0.0655997, 1.0704, 0.889869, 0, -0.265898, 0.370718
123, 0.98, 0.0799997, 1.08, 0.889869, 0, -0.265898, 0.370718
124, 0.4, -0.64, 0.84, 0.901166, 0, -0.138887, 0.410623
124, 0.4116, -0.6256, 0.8448, 0.901166, 0, -0.138887, 0.410623
124, 0.4232, -0.6112, 0.8496, 0.901166, 0, -0.138887, 0.410623
124, 0.4348, -0.5968, 0.8544, 0.901166, 0, -0.138887, 0.410623
124, 0.5276, -0.4816, 0.8928, 0.901166, 0, -0.138887, 0.410623
124, 0.5392, -0.4672, 0.8976, 0.901166, 0, -0.138887, 0.410623
124, 0.5508, -0.4528, 0.9024, 0.901166, 0, -0.138887, 0.410623
124, 0.5624, -0.4384, 0.9072, 0.901166, 0, -0.138887, 0.410623
124, 0.574, -0.424, 0.912, 0.901166, 0, -0.138887, 0.410623
124, 0.5856, -0.4096, 0.9168, 0.901166, 0, -0.138887, 0.410623
124, 0.5972, -0.3952, 0.9216, 0.901166, 0, -0.138887, 0.410623
124, 0.6088, -0.3808, 0.9264, 0.901166, 0, -0.138887, 0.410623
124, 0.6204, -0.3664, 0.9312, 0.901166, 0, -0.138887, 0.410623
124, 0.632, -0.352, 0.936, 0.901166, 0, -0.138887, 0.410623
124, 0.6436, -0.3376, 0.9408, 0.901166, 0, -0.138887, 0.410623
124, 0.6552, -0.3232, 0.9456, 0.901166, 0, -0.138887, 0.410623
124, 0.6668, -0.3088, 0.9504, 0.901166, 0, -0.138887, 0.410623
124, 0.7016, -0.2656, 0.9648, 0.901166, 0, -0.138887, 0.410623
124, 0.7132, -0.2512, 0.9696, 0.901166, 0, -0.138887, 0.410623
124, 0.7248, -0.2368, 0.9744, 0.901166, 0, -0.138887, 0.410623
124, 0.7364, -0.2224, 0.9792, 0.901166, 0, -0.138887, 0.410623
124, 0.748, -0.208, 0.984, 0.901166, 0, -0.138887, 0.410623
124, 0.7596, -0.1936, 0.9888, 0.901166, 0, -0.138887, 0.410623
124, 0.7712, -0.1792, 0.9936, 0.901166, 0, -0.138887, 0.410623
124, 0.7828, -0.1648, 0.9984, 0.901166, 0, -0.138887, 0.410623
124, 0.7944, -0.1504, 1.0032, 0.901166, 0, -0.138887, 0.410623
124, 0.806, -0.136, 1.008, 0.901166, 0, -0.138887, 0.410623
124, 0.8176, -0.1216, 1.0128, 0.901166, 0, -0.138887, 0.410623
124, 0.8292, -0.1072, 1.0176, 0.901166, 0, -0.138887, 0.410623
124, 0.8408, -0.0928003, 1.0224, 0.901166, 0, -0.138887, 0.410623
124, 0.8524, -0.0784003, 1.0272, 0.901166, 0, -0.138887, 0.410623
124, 0.864, -0.0640003, 1.032, 0.901166, 0, -0.138887, 0.410623
125, 0.6436, -0.1984, 0.5232, 0.861277, 0, -0.461469, 0.212715
125, 0.6552, -0.1888, 0.5424, 0.861277, 0, -0.461469, 0.212715
125, 0.6668, -0.1792, 0.5616, 0.861277, 0, -0.461469, 0.212715
125, 0.6784, -0.1696, 0.5808, 0.861277, 0, -0.461469, 0.212715
125, 0.69, -0.16, 0.6, 0.861277, 0, -0.461469, 0.212715
125, 0.7016, -0.1504, 0.6192, 0.861277, 0, -0.461469, 0.212715
125, 0.7132, -0.1408, 0.6384, 0.861277, 0, -0.461469, 0.212715
125, 0.7248, -0.1312, 0.6576, 0.861277, 0, -0.461469, 0.212715
125, 0.7364, -0.1216, 0.6768, 0.861277, 0, -0.461469, 0.212715
125, 0.748, -0.112, 0.696, 0.861277, 0, -0.461469, 0.212715
125, 0.7596, -0.1024, 0.7152, 0.861277, 0, -0.461469, 0.212715
125, 0.7712, -0.0928002, 0.7344, 0.861277, 0, -0.461469, 0.212715
125, 0.7828, -0.0832002, 0.7536, 0.861277, 0, -0.461469, 0.212715
125, 0.7944, -0.0736002, 0.7728, 0.861277, 0, -0.461469, 0.212715
125, 0.806, -0.0640002, 0.792, 0.861277, 0, -0.461469, 0.212715
125, 0.8176, -0.0544002, 0.8112, 0.861277, 0, -0.461469, 0.212715
125, 0.8292, -0.0448002, 0.8304, 0.861277, 0, -0.461469, 0.212715
125, 0.8408, -0.0352002, 0.8496, 0.861277, 0, -0.461469, 0.212715
125, 0.8524, -0.0256002, 0.8688, 0.861277, 0, -0.461469, 0.212715
125, 0.864, -0.0160002, 0.888, 0.861277, 0, -0.461469, 0.212715
125, 0.8756, -0.00640018, 0.9072, 0.861277, 0, -0.461469, 0.212715
125, 0.8872, 0.00319982, 0.9264, 0.861277, 0, -0.461469, 0.212715
125, 0.8988, 0.0127998, 0.9456, 0.861277, 0, -0.461469, 0.212715
125, 0.9104, 0.0223998, 0.9648, 0.861277, 0, -0.461469, 0.212715
125, 0.922, 0.0319998, 0.984, 0.861277, 0, -0.461469, 0.212715
125, 0.9336, 0.0415998, 1.0032, 0.861277, 0, -0.461469, 0.212715
125, 0.9452, 0.0511998, 1.0224, 0.861277, 0, -0.461469, 0.212715
125, 0.9568, 0.0607998, 1.0416, 0.861277, 0, -0.461469, 0.212715
125, 0.9684, 0.0703998, 1.0608, 0.861277, 0, -0.461469, 0.212715
125, 0.98, 0.0799998, 1.08, 0.861277, 0, -0.461469, 0.212715
126, 0.5276, -0.2944, 0.5184, 0.888848, 0, -0.395358, 0.231607
126, 0.5392, -0.2848, 0.5328, 0.888848, 0, -0.395358, 0.231607
126, 0.5508, -0.2752, 0.5472, 0.888848, 0, -0.395358, 0.231607
126, 0.5624, -0.2656, 0.5616, 0.888848, 0, -0.395358, 0.231607
126, 0.574, -0.256, 0.576, 0.888848, 0, -0.395358, 0.231607
126, 0.5856, -0.2464, 0.5904, 0.888848, 0, -0.395358, 0.231607
126, 0.5972, -0.2368, 0.6048, 0.888848, 0, -0.395358, 0.231607
126, 0.6088, -0.2272, 0.6192, 0.888848, 0, -0.395358, 0.231607
126, 0.6204, -0.2176, 0.6336, 0.888848, 0, -0.395358, 0.231607
126, 0.632, -0.208, 0.648, 0.888848, 0, -0.395358, 0.231607
126, 0.6436, -0.1984, 0.6624, 0.888848, 0, -0.395358, 0.231607
126, 0.6552, -0.1888, 0.6768, 0.888848, 0, -0.395358, 0.231607
126, 0.6668, -0.1792, 0.6912, 0.888848, 0, -0.395358, 0.231607
126, 0.6784, -0.1696, 0.7056, 0.888848, 0, -0.395358, 0.231607
126, 0.69, -0.16, 0.72, 0.888848, 0, -0.395358, 0.231607
126, 0.7016, -0.1504, 0.7344, 0.888848, 0, -0.395358, 0.231607
126, 0.7132, -0.1408, 0.7488, 0.888848, 0, -0.395358, 0.231607
126, 0.7248, -0.1312, 0.7632, 0.888848, 0, -0.395358, 0.231607
126, 0.7364, -0.1216, 0.7776, 0.888848, 0, -0.395358, 0.231607
126, 0.748, -0.112, 0.792, 0.888848, 0, -0.395358, 0.231607
126, 0.7596, -0.1024, 0.8064, 0.888848, 0, -0.395358, 0.231607
126, 0.7712, -0.0928002, 0.8208, 0.888848, 0, -0.395358, 0.231607
126, 0.7828, -0.0832002, 0.8352, 0.888848, 0, -0.395358, 0.231607
126, 0.7944, -0.0736002, 0.8496, 0.888848, 0, -0.395358, 0.231607
126, 0.806, -0.0640002, 0.864, 0.888848, 0, -0.395358, 0.231607
126, 0.8176, -0.0544002, 0.8784, 0.888848, 0, -0.395358, 0.231607
126, 0.8292, -0.0448002, 0.8928, 0.888848, 0, -0.395358, 0.231607
126, 0.8408, -0.0352002, 0.9072, 0.888848, 0, -0.395358, 0.231607
126, 0.8524, -0.0256002, 0.9216, 0.888848, 0, -0.395358, 0.231607
126, 0.864, -0.0160002, 0.936, 0.888848, 0, -0.395358, 0.231607
126, 0.8756, -0.00640018, 0.9504, 0.888848, 0, -0.395358, 0.231607
126, 0.8872, 0.00319982, 0.9648, 0.888848, 0, -0.395358, 0.231607
126, 0.8988, 0.0127998, 0.9792, 0.888848, 0, -0.395358, 0.231607
126, 0.9104, 0.0223998, 0.9936, 0.888848, 0, -0.395358, 0.231607
126, 0.922, 0.0319998, 1.008, 0.888848, 0, -0.395358, 0.231607
126, 0.9336, 0.0415998, 1.0224, 0.888848, 0, -0.395358, 0.231607
126, 0.9452, 0.0511998, 1.0368, 0.888848, 0, -0.395358, 0.231607
126, 0.9568, 0.0607998, 1.0512, 0.888848, 0, -0.395358, 0.231607
126, 0.9684, 0.0703998, 1.0656, 0.888848, 0, -0.395358, 0.231607
126, 0.98, 0.0799998, 1.08, 0.888848, 0, -0.395358, 0.231607
127, 0.4, -0.4, 0.6, 0.921326, 0, -0.297689, 0.250079
127, 0.4116, -0.3904, 0.6096, 0.921326, 0, -0.297689, 0.250079
127, 0.4232, -0.3808, 0.6192, 0.921326, 0, -0.297689, 0.250079
127, 0.4348, -0.3712, 0.6288, 0.921326, 0, -0.297689, 0.250079
127, 0.4464, -0.3616, 0.6384, 0.921326, 0, -0.297689, 0.250079
127, 0.458, -0.352, 0.648, 0.921326, 0, -0.297689, 0.250079
127, 0.4696, -0.3424, 0.6576, 0.921326, 0, -0.297689, 0.250079
127, 0.4812, -0.3328, 0.6672, 0.921326, 0, -0.297689, 0.250079
127, 0.4928, -0.3232, 0.6768, 0.921326, 0, -0.297689, 0.250079
127, 0.5044, -0.3136, 0.6864, 0.921326, 0, -0.297689, 0.250079
127, 0.516, -0.304, 0.696, 0.921326, 0, -0.297689, 0.250079
127, 0.5276, -0.2944, 0.7056, 0.921326, 0, -0.297689, 0.250079
127, 0.5392, -0.2848, 0.7152, 0.921326, 0, -0.297689, 0.250079
127, 0.5508, -0.2752, 0.7248, 0.921326, 0, -0.297689, 0.250079
127, 0.5624, -0.2656, 0.7344, 0.921326, 0, -0.297689, 0.250079
127, 0.574, -0.256, 0.744, 0.921326, 0, -0.297689, 0.250079
127, 0.5856, -0.2464, 0.7536, 0.921326, 0, -0.297689, 0.250079
127, 0.5972, -0.2368, 0.7632, 0.921326, 0, -0.297689, 0.250079
127, 0.6088, -0.2272, 0.7728, 0.921326, 0, -0.297689, 0.250079
127, 0.6204, -0.2176, 0.7824, 0.921326, 0, -0.297689, 0.250079
127, 0.632, -0.208, 0.792, 0.921326, 0, -0.297689, 0.250079
127, 0.6436, -0.1984, 0.8016, 0.921326, 0, -0.297689, 0.250079
127, 0.6552, -0.1888, 0.8112, 0.921326, 0, -0.297689, 0.250079
127, 0.6668, -0.1792, 0.8208, 0.921326, 0, -0.297689, 0.250079
127, 0.6784, -0.1696, 0.8304, 0.921326, 0, -0.297689, 0.250079
127, 0.69, -0.16, 0.84, 0.921326, 0, -0.297689, 0.250079
127, 0.7016, -0.1504, 0.8496, 0.921326, 0, -0.297689, 0.250079
127, 0.7132, -0.1408, 0.8592, 0.921326, 0, -0.297689, 0.250079
127, 0.7248, -0.1312, 0.8688, 0.921326, 0, -0.297689, 0.250079
127, 0.7364, -0.1216, 0.8784, 0.921326, 0, -0.297689, 0.250079
127, 0.748, -0.112, 0.888, 0.921326, 0, -0.297689, 0.250079
127, 0.7596, -0.1024, 0.8976, 0.921326, 0, -0.297689, 0.250079
127, 0.7712, -0.0928002, 0.9072, 0.921326, 0, -0.297689, 0.250079
127, 0.7828, -0.0832002, 0.9168, 0.921326, 0, -0.297689, 0.250079
127, 0.7944, -0.0736002, 0.9264, 0.921326, 0, -0.297689, 0.250079
127, 0.806, -0.0640002, 0.936, 0.921326, 0, -0.297689, 0.250079
127, 0.8176, -0.0544002, 0.9456, 0.921326, 0, -0.297689, 0.250079
127, 0.8292, -0.0448002, 0.9552, 0.921326, 0, -0.297689, 0.250079
127, 0.8408, -0.0352002, 0.9648, 0.921326, 0, -0.297689, 0.250079
127, 0.8524, -0.0256002, 0.9744, 0.921326, 0, -0.297689, 0.250079
127, 0.864, -0.0160002, 0.984, 0.921326, 0, -0.297689, 0.250079
127, 0.8756, -0.00640018, 0.9936, 0.921326, 0, -0.297689, 0.250079
127, 0.8872, 0.00319982, 1.0032, 0.921326, 0, -0.297689, 0.250079
127, 0.8988, 0.0127998, 1.0128, 0.921326, 0, -0.297689, 0.250079
127, 0.9104, 0.0223998, 1.0224, 0.921326, 0, -0.297689, 0.250079
127, 0.922, 0.0319998, 1.032, 0.921326, 0, -0.297689, 0.250079
127, 0.9336, 0.0415998, 1.0416, 0.921326, 0, -0.297689, 0.250079
127, 0.9452, 0.0511998, 1.0512, 0.921326, 0, -0.297689, 0.250079
127, 0.9568, 0.0607998, 1.0608, 0.921326, 0, -0.297689, 0.250079
127, 0.9684, 0.0703998, 1.0704, 0.921326, 0, -0.297689, 0.250079
127, 0.98, 0.0799998, 1.08, 0.921326, 0, -0.297689, 0.250079
128, 0.5508, -0.2752, 0.9024, 0.944778, 0, -0.16175, 0.285012
128, 0.5624, -0.2656, 0.9072, 0.944778, 0, -0.16175, 0.285012
128, 0.574, -0.256, 0.912, 0.944778, 0, -0.16175, 0.285012
128, 0.5856, -0.2464, 0.9168, 0.944778, 0, -0.16175, 0.285012
128, 0.5972, -0.2368, 0.9216, 0.944778, 0, -0.16175, 0.285012
128, 0.6088, -0.2272, 0.9264, 0.944778, 0, -0.16175, 0.285012
128, 0.6204, -0.2176, 0.9312, 0.944778, 0, -0.16175, 0.285012
128, 0.632, -0.208, 0.936, 0.944778, 0, -0.16175, 0.285012
128, 0.6436, -0.1984, 0.9408, 0.944778, 0, -0.16175, 0.285012
128, 0.6552, -0.1888, 0.9456, 0.944778, 0, -0.16175, 0.285012
128, 0.7944, -0.0736002, 1.0032, 0.944778, 0, -0.16175, 0.285012
128, 0.806, -0.0640002, 1.008, 0.944778, 0, -0.16175, 0.285012
128, 0.8176, -0.0544002, 1.0128, 0.944778, 0, -0.16175, 0.285012
128, 0.8292, -0.0448002, 1.0176, 0.944778, 0, -0.16175, 0.285012
128, 0.8408, -0.0352002, 1.0224, 0.944778, 0, -0.16175, 0.285012
128, 0.8524, -0.0256002, 1.0272, 0.944778, 0, -0.16175, 0.285012
128, 0.864, -0.0160002, 1.032, 0.944778, 0, -0.16175, 0.285012
128, 0.98, 0.0799998, 1.08, 0.944778, 0, -0.16175, 0.285012
129, 0.6436, -0.0592001, 0.5232, 0.868857, 0, -0.483105, 0.108154
129, 0.6552, -0.0544001, 0.5424, 0.868857, 0, -0.483105, 0.108154
129, 0.6668, -0.0496001, 0.5616, 0.868857, 0, -0.483105, 0.108154
129, 0.6784, -0.0448001, 0.5808, 0.868857, 0, -0.483105, 0.108154
129, 0.69, -0.0400001, 0.6, 0.868857, 0, -0.483105, 0.108154
129, 0.7016, -0.0352001, 0.6192, 0.868857, 0, -0.483105, 0.108154
129, 0.7132, -0.0304001, 0.6384, 0.868857, 0, -0.483105, 0.108154
129, 0.7248, -0.0256001, 0.6576, 0.868857, 0, -0.483105, 0.108154
129, 0.7364, -0.0208001, 0.6768, 0.868857, 0, -0.483105, 0.108154
129, 0.748, -0.0160001, 0.696, 0.868857, 0, -0.483105, 0.108154
129, 0.7596, -0.0112001, 0.7152, 0.868857, 0, -0.483105, 0.108154
129, 0.7712, -0.00640009, 0.7344, 0.868857, 0, -0.483105, 0.108154
129, 0.7828, -0.00160009, 0.7536, 0.868857, 0, -0.483105, 0.108154
129, 0.7944, 0.00319991, 0.7728, 0.868857, 0, -0.483105, 0.108154
129, 0.806, 0.00799991, 0.792, 0.868857, 0, -0.483105, 0.108154
129, 0.8176, 0.0127999, 0.8112, 0.868857, 0, -0.483105, 0.108154
129, 0.8292, 0.0175999, 0.8304, 0.868857, 0, -0.483105, 0.108154
129, 0.8408, 0.0223999, 0.8496, 0.868857, 0, -0.483105, 0.108154
129, 0.8524, 0.0271999, 0.8688, 0.868857, 0, -0.483105, 0.108154
129, 0.864, 0.0319999, 0.888, 0.868857, 0, -0.483105, 0.108154
129, 0.8756, 0.0367999, 0.9072, 0.868857, 0, -0.483105, 0.108154
129, 0.8872, 0.0415999, 0.9264, 0.868857, 0, -0.483105, 0.108154
129, 0.8988, 0.0463999, 0.9456, 0.868857, 0, -0.483105, 0.108154
129, 0.9104, 0.0511999, 0.9648, 0.868857, 0, -0.483105, 0.108154
129, 0.922, 0.0559999, 0.984, 0.868857, 0, -0.483105, 0.108154
129, 0.9336, 0.0607999, 1.0032, 0.868857, 0, -0.483105, 0.108154
129, 0.9452, 0.0655999, 1.0224, 0.868857, 0, -0.483105, 0.108154
129, 0.9568, 0.0703999, 1.0416, 0.868857, 0, -0.483105, 0.108154
129, 0.9684, 0.0751999, 1.0608, 0.868857, 0, -0.483105, 0.108154
129, 0.98, 0.0799999, 1.08, 0.868857, 0, -0.483105, 0.108154
130, 0.5276, -0.1072, 0.5184, 0.899701, 0, -0.42188, 0.112054
130, 0.5392, -0.1024, 0.5328, 0.899701, 0, -0.42188, 0.112054
130, 0.5508, -0.0976001, 0.5472, 0.899701, 0, -0.42188, 0.112054
130, 0.5624, -0.0928001, 0.5616, 0.899701, 0, -0.42188, 0.112054
130, 0.574, -0.0880001, 0.576, 0.899701, 0, -0.42188, 0.112054
130, 0.5856, -0.0832001, 0.5904, 0.899701, 0, -0.42188, 0.112054
130, 0.5972, -0.0784001, 0.6048, 0.899701, 0, -0.42188, 0.112054
130, 0.6088, -0.0736001, 0.6192, 0.899701, 0, -0.42188, 0.112054
130, 0.6204, -0.0688001, 0.6336, 0.899701, 0, -0.42188, 0.112054
130, 0.632, -0.0640001, 0.648, 0.899701, 0, -0.42188, 0.112054
130, 0.6436, -0.0592001, 0.6624, 0.899701, 0, -0.42188, 0.112054
130, 0.6552, -0.0544001, 0.6768, 0.899701, 0, -0.42188, 0.112054
130, 0.6668, -0.0496001, 0.6912, 0.899701, 0, -0.42188, 0.112054
130, 0.6784, -0.0448001, 0.7056, 0.899701, 0, -0.42188, 0.112054
130, 0.69, -0.0400001, 0.72, 0.899701, 0, -0.42188, 0.112054
130, 0.7016, -0.0352001, 0.7344, 0.899701, 0, -0.42188, 0.112054
130, 0.7132, -0.0304001, 0.7488, 0.899701, 0, -0.42188, 0.112054
130, 0.7248, -0.0256001, 0.7632, 0.899701, 0, -0.42188, 0.112054
130, 0.7364, -0.0208001, 0.7776, 0.899701, 0, -0.42188, 0.112054
130, 0.748, -0.0160001, 0.792, 0.899701, 0, -0.42188, 0.112054
130, 0.7596, -0.0112001, 0.8064, 0.899701, 0, -0.42188, 0.112054
130, 0.7712, -0.00640009, 0.8208, 0.899701, 0, -0.42188, 0.112054
130, 0.7828, -0.00160009, 0.8352, 0.899701, 0, -0.42188, 0.112054
130, 0.7944, 0.00319991, 0.8496, 0.899701, 0, -0.42188, 0.112054
130, 0.806, 0.00799991, 0.864, 0.899701, 0, -0.42188, 0.112054
130, 0.8176, 0.0127999, 0.8784, 0.899701, 0, -0.42188, 0.112054
130, 0.8292, 0.0175999, 0.8928, 0.899701, 0, -0.42188, 0.112054
130, 0.8408, 0.0223999, 0.9072, 0.899701, 0, -0.42188, 0.112054
130, 0.8524, 0.0271999, 0.9216, 0.899701, 0, -0.42188, 0.112054
130, 0.864, 0.0319999, 0.936, 0.899701, 0, -0.42188, 0.112054
130, 0.8756, 0.0367999, 0.9504, 0.899701, 0, -0.42188, 0.112054
130, 0.8872, 0.0415999, 0.9648, 0.899701, 0, -0.42188, 0.112054
130, 0.8988, 0.0463999, 0.9792, 0.899701, 0, -0.42188, 0.112054
130, 0.9104, 0.0511999, 0.9936, 0.899701, 0, -0.42188, 0.112054
130, 0.922, 0.0559999, 1.008, 0.899701, 0, -0.42188, 0.112054
130, 0.9336, 0.0607999, 1.0224, 0.899701, 0, -0.42188, 0.112054
130, 0.9452, 0.0655999, 1.0368, 0.899701, 0, -0.42188, 0.112054
130, 0.9568, 0.0703999, 1.0512, 0.899701, 0, -0.42188, 0.112054
130, 0.9684, 0.0751999, 1.0656, 0.899701, 0, -0.42188, 0.112054
130, 0.98, 0.0799999, 1.08, 0.899701, 0, -0.42188, 0.112054
131, 0.4928, -0.1216, 0.6768, 0.938776, 0, -0.32839, 0.104209
131, 0.5044, -0.1168, 0.6864, 0.938776, 0, -0.32839, 0.104209
131, 0.516, -0.112, 0.696, 0.938776, 0, -0.32839, 0.104209
131, 0.5276, -0.1072, 0.7056, 0.938776, 0, -0.32839, 0.104209
131, 0.5392, -0.1024, 0.7152, 0.938776, 0, -0.32839, 0.104209
131, 0.5508, -0.0976001, 0.7248, 0.938776, 0, -0.32839, 0.104209
131, 0.5624, -0.0928001, 0.7344, 0.938776, 0, -0.32839, 0.104209
131, 0.574, -0.0880001, 0.744, 0.938776, 0, -0.32839, 0.104209
131, 0.5856, -0.0832001, 0.7536, 0.938776, 0, -0.32839, 0.104209
131, 0.5972, -0.0784001, 0.7632, 0.938776, 0, -0.32839, 0.104209
131, 0.6088, -0.0736001, 0.7728, 0.938776, 0, -0.32839, 0.104209
131, 0.6204, -0.0688001, 0.7824, 0.938776, 0, -0.32839, 0.104209
131, 0.632, -0.0640001, 0.792, 0.938776, 0, -0.32839, 0.104209
131, 0.6436, -0.0592001, 0.8016, 0.938776, 0, -0.32839, 0.104209
131, 0.6552, -0.0544001, 0.8112, 0.938776, 0, -0.32839, 0.104209
131, 0.6668, -0.0496001, 0.8208, 0.938776, 0, -0.32839, 0.104209
131, 0.6784, -0.0448001, 0.8304, 0.938776, 0, -0.32839, 0.104209
131, 0.69, -0.0400001, 0.84, 0.938776, 0, -0.32839, 0.104209
131, 0.7016, -0.0352001, 0.8496, 0.938776, 0, -0.32839, 0.104209
131, 0.7132, -0.0304001, 0.8592, 0.938776, 0, -0.32839, 0.104209
131, 0.7248, -0.0256001, 0.8688, 0.938776, 0, -0.32839, 0.104209
131, 0.7364, -0.0208001, 0.8784, 0.938776, 0, -0.32839, 0.104209
131, 0.748, -0.0160001, 0.888, 0.938776, 0, -0.32839, 0.104209
131, 0.7596, -0.0112001, 0.8976, 0.938776, 0, -0.32839, 0.104209
131, 0.7712, -0.00640009, 0.9072, 0.938776, 0, -0.32839, 0.104209
131, 0.7828, -0.00160009, 0.9168, 0.938776, 0, -0.32839, 0.104209
131, 0.7944, 0.00319991, 0.9264, 0.938776, 0, -0.32839, 0.104209
131, 0.806, 0.00799991, 0.936, 0.938776, 0, -0.32839, 0.104209
131, 0.8176, 0.0127999, 0.9456, 0.938776, 0, -0.32839, 0.104209
131, 0.8292, 0.0175999, 0.9552, 0.938776, 0, -0.32839, 0.104209
131, 0.8408, 0.0223999, 0.9648, 0.938776, 0, -0.32839, 0.104209
131, 0.8524, 0.0271999, 0.9744, 0.938776, 0, -0.32839, 0.104209
131, 0.864, 0.0319999, 0.984, 0.938776, 0, -0.32839, 0.104209
131, 0.8756, 0.0367999, 0.9936, 0.938776, 0, -0.32839, 0.104209
131, 0.8872, 0.0415999, 1.0032, 0.938776, 0, -0.32839, 0.104209
131, 0.8988, 0.0463999, 1.0128, 0.938776, 0, -0.32839, 0.104209
131, 0.9104, 0.0511999, 1.0224, 0.938776, 0, -0.32839, 0.104209
131, 0.922, 0.0559999, 1.032, 0.938776, 0, -0.32839, 0.104209
131, 0.9336, 0.0607999, 1.0416, 0.938776, 0, -0.32839, 0.104209
131, 0.9452, 0.0655999, 1.0512, 0.938776, 0, -0.32839, 0.104209
131, 0.9568, 0.0703999, 1.0608, 0.938776, 0, -0.32839, 0.104209
131, 0.9684, 0.0751999, 1.0704, 0.938776, 0, -0.32839, 0.104209
131, 0.98, 0.0799999, 1.08, 0.938776, 0, -0.32839, 0.104209
132, 0.4, -0.16, 0.84, 0.978106, 0, -0.186986, 0.091348
132, 0.4116, -0.1552, 0.8448, 0.978106, 0, -0.186986, 0.091348
132, 0.4232, -0.1504, 0.8496, 0.978106, 0, -0.186986, 0.091348
132, 0.4348, -0.1456, 0.8544, 0.978106, 0, -0.186986, 0.091348
132, 0.4464, -0.1408, 0.8592, 0.978106, 0, -0.186986, 0.091348
132, 0.458, -0.136, 0.864, 0.978106, 0, -0.186986, 0.091348
132, 0.4696, -0.1312, 0.8688, 0.978106, 0, -0.186986, 0.091348
132, 0.4812, -0.1264, 0.8736, 0.978106, 0, -0.186986, 0.091348
132, 0.4928, -0.1216, 0.8784, 0.978106, 0, -0.186986, 0.091348
132, 0.5044, -0.1168, 0.8832, 0.978106, 0, -0.186986, 0.091348
132, 0.516, -0.112, 0.888, 0.978106, 0, -0.186986, 0.091348
132, 0.5276, -0.1072, 0.8928, 0.978106, 0, -0.186986, 0.091348
132, 0.5392, -0.1024, 0.8976, 0.978106, 0, -0.186986, 0.091348
132, 0.5508, -0.0976001, 0.9024, 0.978106, 0, -0.186986, 0.091348
132, 0.5624, -0.0928001, 0.9072, 0.978106, 0, -0.186986, 0.091348
132, 0.574, -0.0880001, 0.912, 0.978106, 0, -0.186986, 0.091348
132, 0.5856, -0.0832001, 0.9168, 0.978106, 0, -0.186986, 0.091348
132, 0.5972, -0.0784001, 0.9216, 0.978106, 0, -0.186986, 0.091348
132, 0.6088, -0.0736001, 0.9264, 0.978106, 0, -0.186986, 0.091348
132, 0.6204, -0.0688001, 0.9312, 0.978106, 0, -0.186986, 0.091348
132, 0.632, -0.0640001, 0.936, 0.978106, 0, -0.186986, 0.091348
132, 0.6436, -0.0592001, 0.9408, 0.978106, 0, -0.186986, 0.091348
132, 0.6552, -0.0544001, 0.9456, 0.978106, 0, -0.186986, 0.091348
132, 0.6668, -0.0496001, 0.9504, 0.978106, 0, -0.186986, 0.091348
132, 0.6784, -0.0448001, 0.9552, 0.978106, 0, -0.186986, 0.091348
132, 0.69, -0.0400001, 0.96, 0.978106, 0, -0.186986, 0.091348
132, 0.7016, -0.0352001, 0.9648, 0.978106, 0, -0.186986, 0.091348
132, 0.7132, -0.0304001, 0.9696, 0.978106, 0, -0.186986, 0.091348
132, 0.7248, -0.0256001, 0.9744, 0.978106, 0, -0.186986, 0.091348
132, 0.7364, -0.0208001, 0.9792, 0.978106, 0, -0.186986, 0.091348
132, 0.748, -0.0160001, 0.984, 0.978106, 0, -0.186986, 0.091348
132, 0.7596, -0.0112001, 0.9888, 0.978106, 0, -0.186986, 0.091348
132, 0.7712, -0.00640009, 0.9936, 0.978106, 0, -0.186986, 0.091348
132, 0.7828, -0.00160009, 0.9984, 0.978106, 0, -0.186986, 0.091348
132, 0.7944, 0.00319991, 1.0032, 0.978106, 0, -0.186986, 0.091348
132, 0.806, 0.00799991, 1.008, 0.978106, 0, -0.186986, 0.091348
132, 0.8176, 0.0127999, 1.0128, 0.978106, 0, -0.186986, 0.091348
132, 0.8292, 0.0175999, 1.0176, 0.978106, 0, -0.186986, 0.091348
132, 0.8408, 0.0223999, 1.0224, 0.978106, 0, -0.186986, 0.091348
132, 0.8524, 0.0271999, 1.0272, 0.978106, 0, -0.186986, 0.091348
132, 0.864, 0.0319999, 1.032, 0.978106, 0, -0.186986, 0.091348
132, 0.8756, 0.0367999, 1.0368, 0.978106, 0, -0.186986, 0.091348
132, 0.8872, 0.0415999, 1.0416, 0.978106, 0, -0.186986, 0.091348
132, 0.8988, 0.0463999, 1.0464, 0.978106, 0, -0.186986, 0.091348
132, 0.9104, 0.0511999, 1.0512, 0.978106, 0, -0.186986, 0.091348
132, 0.922, 0.0559999, 1.056, 0.978106, 0, -0.186986, 0.091348
132, 0.9336, 0.0607999, 1.0608, 0.978106, 0, -0.186986, 0.091348
132, 0.9452, 0.0655999, 1.0656, 0.978106, 0, -0.186986, 0.091348
132, 0.9568, 0.0703999, 1.0704, 0.978106, 0, -0.186986, 0.091348
132, 0.9684, 0.0751999, 1.0752, 0.978106, 0, -0.186986, 0.091348
132, 0.98, 0.0799999, 1.08, 0.978106, 0, -0.186986, 0.091348
133, 0.6436, 0.08, 0.5232, 0.870952, 0, -0.491368, 0
133, 0.6552, 0.08, 0.5424, 0.870952, 0, -0.491368, 0
133, 0.6668, 0.08, 0.5616, 0.870952, 0, -0.491368, 0
133, 0.6784, 0.08, 0.5808, 0.870952, 0, -0.491368, 0
133, 0.69, 0.08, 0.6, 0.870952, 0, -0.491368, 0
133, 0.7016, 0.08, 0.6192, 0.870952, 0, -0.491368, 0
133, 0.7132, 0.08, 0.6384, 0.870952, 0, -0.491368, 0
133, 0.7248, 0.08, 0.6576, 0.870952, 0, -0.491368, 0
133, 0.7364, 0.08, 0.6768, 0.870952, 0, -0.491368, 0
133, 0.748, 0.08, 0.696, 0.870952, 0, -0.491368, 0
133, 0.7596, 0.08, 0.7152, 0.870952, 0, -0.491368, 0
133, 0.7712, 0.08, 0.7344, 0.870952, 0, -0.491368, 0
133, 0.7828, 0.08, 0.7536, 0.870952, 0, -0.491368, 0
133, 0.7944, 0.08, 0.7728, 0.870952, 0, -0.491368, 0
133, 0.806, 0.08, 0.792, 0.870952, 0, -0.491368, 0
133, 0.8176, 0.08, 0.8112, 0.870952, 0, -0.491368, 0
133, 0.8292, 0.08, 0.8304, 0.870952, 0, -0.491368, 0
133, 0.8408, 0.08, 0.8496, 0.870952, 0, -0.491368, 0
133, 0.8524, 0.08, 0.8688, 0.870952, 0, -0.491368, 0
133, 0.864, 0.08, 0.888, 0.870952, 0, -0.491368, 0
133, 0.8756, 0.08, 0.9072, 0.870952, 0, -0.491368, 0
133, 0.8872, 0.08, 0.9264, 0.870952, 0, -0.491368, 0
133, 0.8988, 0.08, 0.9456, 0.870952, 0, -0.491368, 0
133, 0.9104, 0.08, 0.9648, 0.870952, 0, -0.491368, 0
133, 0.922, 0.08, 0.984, 0.870952, 0, -0.491368, 0
133, 0.9336, 0.08, 1.0032, 0.870952, 0, -0.491368, 0
133, 0.9452, 0.08, 1.0224, 0.870952, 0, -0.491368, 0
133, 0.9568, 0.08, 1.0416, 0.870952, 0, -0.491368, 0
133, 0.9684, 0.08, 1.0608, 0.870952, 0, -0.491368, 0
133, 0.98, 0.08, 1.08, 0.870952, 0, -0.491368, 0
134, 0.5392, 0.08, 0.5328, 0.902034, 0, -0.431666, 0
134, 0.5508, 0.08, 0.5472, 0.902034, 0, -0.431666, 0
134, 0.5624, 0.08, 0.5616, 0.902034, 0, -0.431666, 0
134, 0.574, 0.08, 0.576, 0.902034, 0, -0.431666, 0
134, 0.5856, 0.08, 0.5904, 0.902034, 0, -0.431666, 0
134, 0.5972, 0.08, 0.6048, 0.902034, 0, -0.431666, 0
134, 0.6088, 0.08, 0.6192, 0.902034, 0, -0.431666, 0
134, 0.6204, 0.08, 0.6336, 0.902034, 0, -0.431666, 0
134, 0.632, 0.08, 0.648, 0.902034, 0, -0.431666, 0
134, 0.6436, 0.08, 0.6624, 0.902034, 0, -0.431666, 0
134, 0.6552, 0.08, 0.6768, 0.902034, 0, -0.431666, 0
134, 0.6668, 0.08, 0.6912, 0.902034, 0, -0.431666, 0
134, 0.6784, 0.08, 0.7056, 0.902034, 0, -0.431666, 0
134, 0.69, 0.08, 0.72, 0.902034, 0, -0.431666, 0
134, 0.7016, 0.08, 0.7344, 0.902034, 0, -0.431666, 0
134, 0.7132, 0.08, 0.7488, 0.902034, 0, -0.431666, 0
134, 0.7248, 0.08, 0.7632, 0.902034, 0, -0.431666, 0
134, 0.7364, 0.08, 0.7776, 0.902034, 0, -0.431666, 0
134, 0.748, 0.08, 0.792, 0.902034, 0, -0.431666, 0
134, 0.7596, 0.08, 0.8064, 0.902034, 0, -0.431666, 0
134, 0.7712, 0.08, 0.8208, 0.902034, 0, -0.431666, 0
134, 0.7828, 0.08, 0.8352, 0.902034, 0, -0.431666, 0
134, 0.7944, 0.08, 0.8496, 0.902034, 0, -0.431666, 0
134, 0.806, 0.08, 0.864, 0.902034, 0, -0.431666, 0
134, 0.8176, 0.08, 0.8784, 0.902034, 0, -0.431666, 0
134, 0.8292, 0.08, 0.8928, 0.902034, 0, -0.431666, 0
134, 0.8408, 0.08, 0.9072, 0.902034, 0, -0.431666, 0
134, 0.8524, 0.08, 0.9216, 0.902034, 0, -0.431666, 0
134, 0.864, 0.08, 0.936, 0.902034, 0, -0.431666, 0
134, 0.8756, 0.08, 0.9504, 0.902034, 0, -0.431666, 0
134, 0.8872, 0.08, 0.9648, 0.902034, 0, -0.431666, 0
134, 0.8988, 0.08, 0.9792, 0.902034, 0, -0.431666, 0
134, 0.9104, 0.08, 0.9936, 0.902034, 0, -0.431666, 0
134, 0.922, 0.08, 1.008, 0.902034, 0, -0.431666, 0
134, 0.9336, 0.08, 1.0224, 0.902034, 0, -0.431666, 0
134, 0.9452, 0.08, 1.0368, 0.902034, 0, -0.431666, 0
134, 0.9568, 0.08, 1.0512, 0.902034, 0, -0.431666, 0
134, 0.9684, 0.08, 1.0656, 0.902034, 0, -0.431666, 0
134, 0.98, 0.08, 1.08, 0.902034, 0, -0.431666, 0
135, 0.5044, 0.08, 0.6864, 0.940849, 0, -0.338826, 0
135, 0.516, 0.08, 0.696, 0.940849, 0, -0.338826, 0
135, 0.5276, 0.08, 0.7056, 0.940849, 0, -0.338826, 0
135, 0.5392, 0.08, 0.7152, 0.940849, 0, -0.338826, 0
135, 0.5508, 0.08, 0.7248, 0.940849, 0, -0.338826, 0
135, 0.5624, 0.08, 0.7344, 0.940849, 0, -0.338826, 0
135, 0.574, 0.08, 0.744, 0.940849, 0, -0.338826, 0
135, 0.5856, 0.08, 0.7536, 0.940849, 0, -0.338826, 0
135, 0.5972, 0.08, 0.7632, 0.940849, 0, -0.338826, 0
135, 0.6088, 0.08, 0.7728, 0.940849, 0, -0.338826, 0
135, 0.6204, 0.08, 0.7824, 0.940849, 0, -0.338826, 0
135, 0.632, 0.08, 0.792, 0.940849, 0, -0.338826, 0
135, 0.6436, 0.08, 0.8016, 0.940849, 0, -0.338826, 0
135, 0.6552, 0.08, 0.8112, 0.940849, 0, -0.338826, 0
135, 0.6668, 0.08, 0.8208, 0.940849, 0, -0.338826, 0
135, 0.6784, 0.08, 0.8304, 0.940849, 0, -0.338826, 0
135, 0.69, 0.08, 0.84, 0.940849, 0, -0.338826, 0
135, 0.7016, 0.08, 0.8496, 0.940849, 0, -0.338826, 0
135, 0.7132, 0.08, 0.8592, 0.940849, 0, -0.338826, 0
135, 0.7248, 0.08, 0.8688, 0.940849, 0, -0.338826, 0
135, 0.7364, 0.08, 0.8784, 0.940849, 0, -0.338826, 0
135, 0.748, 0.08, 0.888, 0.940849, 0, -0.338826, 0
135, 0.7596, 0.08, 0.8976, 0.940849, 0, -0.338826, 0
135, 0.7712, 0.08, 0.9072, 0.940849, 0, -0.338826, 0
135, 0.7828, 0.08, 0.9168, 0.940849, 0, -0.338826, 0
135, 0.7944, 0.08, 0.9264, 0.940849, 0, -0.338826, 0
135, 0.806, 0.08, 0.936, 0.940849, 0, -0.338826, 0
135, 0.8176, 0.08, 0.9456, 0.940849, 0, -0.338826, 0
135, 0.8292, 0.08, 0.9552, 0.940849, 0, -0.338826, 0
135, 0.8408, 0.08, 0.9648, 0.940849, 0, -0.338826, 0
135, 0.8524, 0.08, 0.9744, 0.940849, 0, -0.338826, 0
135, 0.864, 0.08, 0.984, 0.940849, 0, -0.338826, 0
135, 0.8756, 0.08, 0.9936, 0.940849, 0, -0.338826, 0
135, 0.8872, 0.08, 1.0032, 0.940849, 0, -0.338826, 0
135, 0.8988, 0.08, 1.0128, 0.940849, 0, -0.338826, 0
135, 0.9104, 0.08, 1.0224, 0.940849, 0, -0.338826, 0
135, 0.922, 0.08, 1.032, 0.940849, 0, -0.338826, 0
135, 0.9336, 0.08, 1.0416, 0.940849, 0, -0.338826, 0
135, 0.9452, 0.08, 1.0512, 0.940849, 0, -0.338826, 0
135, 0.9568, 0.08, 1.0608, 0.940849, 0, -0.338826, 0
135, 0.9684, 0.08, 1.0704, 0.940849, 0, -0.338826, 0
135, 0.98, 0.08, 1.08, 0.940849, 0, -0.338826, 0
136, 0.4, 0.08, 0.84, 0.98082, 0, -0.194914, 0
136, 0.4116, 0.08, 0.8448, 0.98082, 0, -0.194914, 0
136, 0.4232, 0.08, 0.8496, 0.98082, 0, -0.194914, 0
136, 0.4348, 0.08, 0.8544, 0.98082, 0, -0.194914, 0
136, 0.4464, 0.08, 0.8592, 0.98082, 0, -0.194914, 0
136, 0.458, 0.08, 0.864, 0.98082, 0, -0.194914, 0
136, 0.4696, 0.08, 0.8688, 0.98082, 0, -0.194914, 0
136, 0.4812, 0.08, 0.8736, 0.98082, 0, -0.194914, 0
136, 0.4928, 0.08, 0.8784, 0.98082, 0, -0.194914, 0
136, 0.5044, 0.08, 0.8832, 0.98082, 0, -0.194914, 0
136, 0.516, 0.08, 0.888, 0.98082, 0, -0.194914, 0
136, 0.5276, 0.08, 0.8928, 0.98082, 0, -0.194914, 0
136, 0.5392, 0.08, 0.8976, 0.98082, 0, -0.194914, 0
136, 0.5508, 0.08, 0.9024, 0.98082, 0, -0.194914, 0
136, 0.5624, 0.08, 0.9072, 0.98082, 0, -0.194914, 0
136, 0.574, 0.08, 0.912, 0.98082, 0, -0.194914, 0
136, 0.5856, 0.08, 0.9168, 0.98082, 0, -0.194914, 0
136, 0.5972, 0.08, 0.9216, 0.98082, 0, -0.194914, 0
136, 0.6088, 0.08, 0.9264, 0.98082, 0, -0.194914, 0
136, 0.6204, 0.08, 0.9312, 0.98082, 0, -0.194914, 0
136, 0.632, 0.08, 0.936, 0.98082, 0, -0.194914, 0
136, 0.6436, 0.08, 0.9408, 0.98082, 0, -0.194914, 0
136, 0.6552, 0.08, 0.9456, 0.98082, 0, -0.194914, 0
136, 0.6668, 0.08, 0.9504, 0.98082, 0, -0.194914, 0
136, 0.6784, 0.08, 0.9552, 0.98082, 0, -0.194914, 0
136, 0.69, 0.08, 0.96, 0.98082, 0, -0.194914, 0
136, 0.7016, 0.08, 0.9648, 0.98082, 0, -0.194914, 0
136, 0.7132, 0.08, 0.9696, 0.98082, 0, -0.194914, 0
136, 0.7248, 0.08, 0.9744, 0.98082, 0, -0.194914, 0
136, 0.7364, 0.08, 0.9792, 0.98082, 0, -0.194914, 0
136, 0.748, 0.08, 0.984, 0.98082, 0, -0.194914, 0
136, 0.7596, 0.08, 0.9888, 0.98082, 0, -0.194914, 0
136, 0.7712, 0.08, 0.9936, 0.98082, 0, -0.194914, 0
136, 0.7828, 0.08, 0.9984, 0.98082, 0, -0.194914, 0
136, 0.7944, 0.08, 1.0032, 0.98082, 0, -0.194914, 0
136, 0.806, 0.08, 1.008, 0.98082, 0, -0.194914, 0
136, 0.8176, 0.08, 1.0128, 0.98082, 0, -0.194914, 0
136, 0.8292, 0.08, 1.0176, 0.98082, 0, -0.194914, 0
136, 0.8408, 0.08, 1.0224, 0.98082, 0, -0.194914, 0
136, 0.8524, 0.08, 1.0272, 0.98082, 0, -0.194914, 0
136, 0.864, 0.08, 1.032, 0.98082, 0, -0.194914, 0
136, 0.8756, 0.08, 1.0368, 0.98082, 0, -0.194914, 0
136, 0.8872, 0.08, 1.0416, 0.98082, 0, -0.194914, 0
136, 0.8988, 0.08, 1.0464, 0.98082, 0, -0.194914, 0
136, 0.9104, 0.08, 1.0512, 0.98082, 0, -0.194914, 0
136, 0.922, 0.08, 1.056, 0.98082, 0, -0.194914, 0
136, 0.9336, 0.08, 1.0608, 0.98082, 0, -0.194914, 0
136, 0.9452, 0.08, 1.0656, 0.98082, 0, -0.194914, 0
136, 0.9568, 0.08, 1.0704, 0.98082, 0, -0.194914, 0
136, 0.9684, 0.08, 1.0752, 0.98082, 0, -0.194914, 0
136, 0.98, 0.08, 1.08, 0.98082, 0, -0.194914, 0
137, 0.6436, 0.2192, 0.5232, 0.868857, 0, -0.483105, -0.108154
137, 0.6552, 0.2144, 0.5424, 0.868857, 0, -0.483105, -0.108154
137, 0.6668, 0.2096, 0.5616, 0.868857, 0, -0.483105, -0.108154
137, 0.6784, 0.2048, 0.5808, 0.868857, 0, -0.483105, -0.108154
137, 0.69, 0.2, 0.6, 0.868857, 0, -0.483105, -0.108154
137, 0.7016, 0.1952, 0.6192, 0.868857, 0, -0.483105, -0.108154
137, 0.7132, 0.1904, 0.6384, 0.868857, 0, -0.483105, -0.108154
137, 0.7248, 0.1856, 0.6576, 0.868857, 0, -0.483105, -0.108154
137, 0.7364, 0.1808, 0.6768, 0.868857, 0, -0.483105, -0.108154
137, 0.748, 0.176, 0.696, 0.868857, 0, -0.483105, -0.108154
137, 0.7596, 0.1712, 0.7152, 0.868857, 0, -0.483105, -0.108154
137, 0.7712, 0.1664, 0.7344, 0.868857, 0, -0.483105, -0.108154
137, 0.7828, 0.1616, 0.7536, 0.868857, 0, -0.483105, -0.108154
137, 0.7944, 0.1568, 0.7728, 0.868857, 0, -0.483105, -0.108154
137, 0.806, 0.152, 0.792, 0.868857, 0, -0.483105, -0.108154
137, 0.8176, 0.1472, 0.8112, 0.868857, 0, -0.483105, -0.108154
137, 0.8292, 0.1424, 0.8304, 0.868857, 0, -0.483105, -0.108154
137, 0.8408, 0.1376, 0.8496, 0.868857, 0, -0.483105, -0.108154
137, 0.8524, 0.1328, 0.8688, 0.868857, 0, -0.483105, -0.108154
137, 0.864, 0.128, 0.888, 0.868857, 0, -0.483105, -0.108154
137, 0.8756, 0.1232, 0.9072, 0.868857, 0, -0.483105, -0.108154
137, 0.8872, 0.1184, 0.9264, 0.868857, 0, -0.483105, -0.108154
137, 0.8988, 0.1136, 0.9456, 0.868857, 0, -0.483105, -0.108154
137, 0.9104, 0.1088, 0.9648, 0.868857, 0, -0.483105, -0.108154
137, 0.922, 0.104, 0.984, 0.868857, 0, -0.483105, -0.108154
137, 0.9336, 0.0992001, 1.0032, 0.868857, 0, -0.483105, -0.108154
137, 0.9452, 0.0944001, 1.0224, 0.868857, 0, -0.483105, -0.108154
137, 0.9568, 0.0896001, 1.0416, 0.868857, 0, -0.483105, -0.108154
137, 0.9684, 0.0848001, 1.0608, 0.868857, 0, -0.483105, -0.108154
137, 0.98, 0.0800001, 1.08, 0.868857, 0, -0.483105, -0.108154
138, 0.516, 0.272, 0.504, 0.899701, 0, -0.42188, -0.112054
138, 0.5276, 0.2672, 0.5184, 0.899701, 0, -0.42188, -0.112054
138, 0.5392, 0.2624, 0.5328, 0.899701, 0, -0.42188, -0.112054
138, 0.5508, 0.2576, 0.5472, 0.899701, 0, -0.42188, -0.112054
138, 0.5624, 0.2528, 0.5616, 0.899701, 0, -0.42188, -0.112054
138, 0.574, 0.248, 0.576, 0.899701, 0, -0.42188, -0.112054
138, 0.5856, 0.2432, 0.5904, 0.899701, 0, -0.42188, -0.112054
138, 0.5972, 0.2384, 0.6048, 0.899701, 0, -0.42188, -0.112054
138, 0.6088, 0.2336, 0.6192, 0.899701, 0, -0.42188, -0.112054
138, 0.6204, 0.2288, 0.6336, 0.899701, 0, -0.42188, -0.112054
138, 0.632, 0.224, 0.648, 0.899701, 0, -0.42188, -0.112054
138, 0.6436, 0.2192, 0.6624, 0.899701, 0, -0.42188, -0.112054
138, 0.6552, 0.2144, 0.6768, 0.899701, 0, -0.42188, -0.112054
138, 0.6668, 0.2096, 0.6912, 0.899701, 0, -0.42188, -0.112054
138, 0.6784, 0.2048, 0.7056, 0.899701, 0, -0.42188, -0.112054
138, 0.69, 0.2, 0.72, 0.899701, 0, -0.42188, -0.112054
138, 0.7016, 0.1952, 0.7344, 0.899701, 0, -0.42188, -0.112054
138, 0.7132, 0.1904, 0.7488, 0.899701, 0, -0.42188, -0.112054
138, 0.7248, 0.1856, 0.7632, 0.899701, 0, -0.42188, -0.112054
138, 0.7364, 0.1808, 0.7776, 0.899701, 0, -0.42188, -0.112054
138, 0.748, 0.176, 0.792, 0.899701, 0, -0.42188, -0.112054
138, 0.7596, 0.1712, 0.8064, 0.899701, 0, -0.42188, -0.112054
138, 0.7712, 0.1664, 0.8208, 0.899701, 0, -0.42188, -0.112054
138, 0.7828, 0.1616, 0.8352, 0.899701, 0, -0.42188, -0.112054
138, 0.7944, 0.1568, 0.8496, 0.899701, 0, -0.42188, -0.112054
138, 0.806, 0.152, 0.864, 0.899701, 0, -0.42188, -0.112054
138, 0.8176, 0.1472, 0.8784, 0.899701, 0, -0.42188, -0.112054
138, 0.8292, 0.1424, 0.8928, 0.899701, 0, -0.42188, -0.112054
138, 0.8408, 0.1376, 0.9072, 0.899701, 0, -0.42188, -0.112054
138, 0.8524, 0.1328, 0.9216, 0.899701, 0, -0.42188, -0.112054
138, 0.864, 0.128, 0.936, 0.899701, 0, -0.42188, -0.112054
138, 0.8756, 0.1232, 0.9504, 0.899701, 0, -0.42188, -0.112054
138, 0.8872, 0.1184, 0.9648, 0.899701, 0, -0.42188, -0.112054
138, 0.8988, 0.1136, 0.9792, 0.899701, 0, -0.42188, -0.112054
138, 0.9104, 0.1088, 0.9936, 0.899701, 0, -0.42188, -0.112054
138, 0.922, 0.104, 1.008, 0.899701, 0, -0.42188, -0.112054
138, 0.9336, 0.0992001, 1.0224, 0.899701, 0, -0.42188, -0.112054
138, 0.9452, 0.0944001, 1.0368, 0.899701, 0, -0.42188, -0.112054
138, 0.9568, 0.0896001, 1.0512, 0.899701, 0, -0.42188, -0.112054
138, 0.9684, 0.0848001, 1.0656, 0.899701, 0, -0.42188, -0.112054
138, 0.98, 0.0800001, 1.08, 0.899701, 0, -0.42188, -0.112054
139, 0.4116, 0.3152, 0.6096, 0.938776, 0, -0.32839, -0.104209
139, 0.4232, 0.3104, 0.6192, 0.938776, 0, -0.32839, -0.104209
139, 0.4348, 0.3056, 0.6288, 0.938776, 0, -0.32839, -0.104209
139, 0.4464, 0.3008, 0.6384, 0.938776, 0, -0.32839, -0.104209
139, 0.458, 0.296, 0.648, 0.938776, 0, -0.32839, -0.104209
139, 0.4696, 0.2912, 0.6576, 0.938776, 0, -0.32839, -0.104209
139, 0.4812, 0.2864, 0.6672, 0.938776, 0, -0.32839, -0.104209
139, 0.4928, 0.2816, 0.6768, 0.938776, 0, -0.32839, -0.104209
139, 0.5044, 0.2768, 0.6864, 0.938776, 0, -0.32839, -0.104209
139, 0.516, 0.272, 0.696, 0.938776, 0, -0.32839, -0.104209
139, 0.5276, 0.2672, 0.7056, 0.938776, 0, -0.32839, -0.104209
139, 0.5392, 0.2624, 0.7152, 0.938776, 0, -0.32839, -0.104209
139, 0.5508, 0.2576, 0.7248, 0.938776, 0, -0.32839, -0.104209
139, 0.5624, 0.2528, 0.7344, 0.938776, 0, -0.32839, -0.104209
139, 0.574, 0.248, 0.744, 0.938776, 0, -0.32839, -0.104209
139, 0.5856, 0.2432, 0.7536, 0.938776, 0, -0.32839, -0.104209
139, 0.5972, 0.2384, 0.7632, 0.938776, 0, -0.32839, -0.104209
139, 0.6088, 0.2336, 0.7728, 0.938776, 0, -0.32839, -0.104209
139, 0.6204, 0.2288, 0.7824, 0.938776, 0, -0.32839, -0.104209
139, 0.632, 0.224, 0.792, 0.938776, 0, -0.32839, -0.104209
139, 0.6436, 0.2192, 0.8016, 0.938776, 0, -0.32839, -0.104209
139, 0.6552, 0.2144, 0.8112, 0.938776, 0, -0.32839, -0.104209
139, 0.6668, 0.2096, 0.8208, 0.938776, 0, -0.32839, -0.104209
139, 0.6784, 0.2048, 0.8304, 0.938776, 0, -0.32839, -0.104209
139, 0.69, 0.2, 0.84, 0.938776, 0, -0.32839, -0.104209
139, 0.7016, 0.1952, 0.8496, 0.938776, 0, -0.32839, -0.104209
139, 0.7132, 0.1904, 0.8592, 0.938776, 0, -0.32839, -0.104209
139, 0.7248, 0.1856, 0.8688, 0.938776, 0, -0.32839, -0.104209
139, 0.7364, 0.1808, 0.8784, 0.938776, 0, -0.32839, -0.104209
139, 0.748, 0.176, 0.888, 0.938776, 0, -0.32839, -0.104209
139, 0.7596, 0.1712, 0.8976, 0.938776, 0, -0.32839, -0.104209
139, 0.7712, 0.1664, 0.9072, 0.938776, 0, -0.32839, -0.104209
139, 0.7828, 0.1616, 0.9168, 0.938776, 0, -0.32839, -0.104209
139, 0.7944, 0.1568, 0.9264, 0.938776, 0, -0.32839, -0.104209
139, 0.806, 0.152, 0.936, 0.938776, 0, -0.32839, -0.104209
139, 0.8176, 0.1472, 0.9456, 0.938776, 0, -0.32839, -0.104209
139, 0.8292, 0.1424, 0.9552, 0.938776, 0, -0.32839, -0.104209
139, 0.8408, 0.1376, 0.9648, 0.938776, 0, -0.32839, -0.104209
139, 0.8524, 0.1328, 0.9744, 0.938776, 0, -0.32839, -0.104209
139, 0.864, 0.128, 0.984, 0.938776, 0, -0.32839, -0.104209
139, 0.8756, 0.1232, 0.9936, 0.938776, 0, -0.32839, -0.104209
139, 0.8872, 0.1184, 1.0032, 0.938776, 0, -0.32839, -0.104209
139, 0.8988, 0.1136, 1.0128, 0.938776, 0, -0.32839, -0.104209
139, 0.9104, 0.1088, 1.0224, 0.938776, 0, -0.32839, -0.104209
139, 0.922, 0.104, 1.032, 0.938776, 0, -0.32839, -0.104209
139, 0.9336, 0.0992001, 1.0416, 0.938776, 0, -0.32839, -0.104209
139, 0.9452, 0.0944001, 1.0512, 0.938776, 0, -0.32839, -0.104209
139, 0.9568, 0.0896001, 1.0608, 0.938776, 0, -0.32839, -0.104209
139, 0.9684, 0.0848001, 1.0704, 0.938776, 0, -0.32839, -0.104209
139, 0.98, 0.0800001, 1.08, 0.938776, 0, -0.32839, -0.104209
140, 0.4, 0.32, 0.84, 0.978106, 0, -0.186986, -0.091348
140, 0.4232, 0.3104, 0.8496, 0.978106, 0, -0.186986, -0.091348
140, 0.4348, 0.3056, 0.8544, 0.978106, 0, -0.186986, -0.091348
140, 0.4464, 0.3008, 0.8592, 0.978106, 0, -0.186986, -0.091348
140, 0.458, 0.296, 0.864, 0.978106, 0, -0.186986, -0.091348
140, 0.4696, 0.2912, 0.8688, 0.978106, 0, -0.186986, -0.091348
140, 0.4812, 0.2864, 0.8736, 0.978106, 0, -0.186986, -0.091348
140, 0.4928, 0.2816, 0.8784, 0.978106, 0, -0.186986, -0.091348
140, 0.5044, 0.2768, 0.8832, 0.978106, 0, -0.186986, -0.091348
140, 0.516, 0.272, 0.888, 0.978106, 0, -0.186986, -0.091348
140, 0.5276, 0.2672, 0.8928, 0.978106, 0, -0.186986, -0.091348
140, 0.5392, 0.2624, 0.8976, 0.978106, 0, -0.186986, -0.091348
140, 0.5508, 0.2576, 0.9024, 0.978106, 0, -0.186986, -0.091348
140, 0.5624, 0.2528, 0.9072, 0.978106, 0, -0.186986, -0.091348
140, 0.574, 0.248, 0.912, 0.978106, 0, -0.186986, -0.091348
140, 0.5856, 0.2432, 0.9168, 0.978106, 0, -0.186986, -0.091348
140, 0.5972, 0.2384, 0.9216, 0.978106, 0, -0.186986, -0.091348
140, 0.6088, 0.2336, 0.9264, 0.978106, 0, -0.186986, -0.091348
140, 0.6204, 0.2288, 0.9312, 0.978106, 0, -0.186986, -0.091348
140, 0.632, 0.224, 0.936, 0.978106, 0, -0.186986, -0.091348
140, 0.6436, 0.2192, 0.9408, 0.978106, 0, -0.186986, -0.091348
140, 0.6552, 0.2144, 0.9456, 0.978106, 0, -0.186986, -0.091348
140, 0.6668, 0.2096, 0.9504, 0.978106, 0, -0.186986, -0.091348
140, 0.6784, 0.2048, 0.9552, 0.978106, 0, -0.186986, -0.091348
140, 0.69, 0.2, 0.96, 0.978106, 0, -0.186986, -0.091348
140, 0.7016, 0.1952, 0.9648, 0.978106, 0, -0.186986, -0.091348
140, 0.7132, 0.1904, 0.9696, 0.978106, 0, -0.186986, -0.091348
140, 0.7248, 0.1856, 0.9744, 0.978106, 0, -0.186986, -0.091348
140, 0.7364, 0.1808, 0.9792, 0.978106, 0, -0.186986, -0.091348
140, 0.748, 0.176, 0.984, 0.978106, 0, -0.186986, -0.091348
140, 0.7596, 0.1712, 0.9888, 0.978106, 0, -0.186986, -0.091348
140, 0.7712, 0.1664, 0.9936, 0.978106, 0, -0.186986, -0.091348
140, 0.7828, 0.1616, 0.9984, 0.978106, 0, -0.186986, -0.091348
140, 0.7944, 0.1568, 1.0032, 0.978106, 0, -0.186986, -0.091348
140, 0.806, 0.152, 1.008, 0.978106, 0, -0.186986, -0.091348
140, 0.8176, 0.1472, 1.0128, 0.978106, 0, -0.186986, -0.091348
140, 0.8292, 0.1424, 1.0176, 0.978106, 0, -0.186986, -0.091348
140, 0.8408, 0.1376, 1.0224, 0.978106, 0, -0.186986, -0.091348
140, 0.8524, 0.1328, 1.0272, 0.978106, 0, -0.186986, -0.091348
140, 0.864, 0.128, 1.032, 0.978106, 0, -0.186986, -0.091348
140, 0.8756, 0.1232, 1.0368, 0.978106, 0, -0.186986, -0.091348
140, 0.8872, 0.1184, 1.0416, 0.978106, 0, -0.186986, -0.091348
140, 0.8988, 0.1136, 1.0464, 0.978106, 0, -0.186986, -0.091348
140, 0.9104, 0.1088, 1.0512, 0.978106, 0, -0.186986, -0.091348
140, 0.922, 0.104, 1.056, 0.978106, 0, -0.186986, -0.091348
140, 0.9336, 0.0992001, 1.0608, 0.978106, 0, -0.186986, -0.091348
140, 0.9452, 0.0944001, 1.0656, 0.978106, 0, -0.186986, -0.091348
140, 0.9568, 0.0896001, 1.0704, 0.978106, 0, -0.186986, -0.091348
140, 0.9684, 0.0848001, 1.0752, 0.978106, 0, -0.186986, -0.091348
140, 0.98, 0.0800001, 1.08, 0.978106, 0, -0.186986, -0.091348
141, 0.6668, 0.3392, 0.5616, 0.861277, 0, -0.461469, -0.212715
141, 0.6784, 0.3296, 0.5808, 0.861277, 0, -0.461469, -0.212715
141, 0.69, 0.32, 0.6, 0.861277, 0, -0.461469, -0.212715
141, 0.7016, 0.3104, 0.6192, 0.861277, 0, -0.461469, -0.212715
141, 0.7132, 0.3008, 0.6384, 0.861277, 0, -0.461469, -0.212715
141, 0.7248, 0.2912, 0.6576, 0.861277, 0, -0.461469, -0.212715
141, 0.7364, 0.2816, 0.6768, 0.861277, 0, -0.461469, -0.212715
141, 0.748, 0.272, 0.696, 0.861277, 0, -0.461469, -0.212715
141, 0.7596, 0.2624, 0.7152, 0.861277, 0, -0.461469, -0.212715
141, 0.7712, 0.2528, 0.7344, 0.861277, 0, -0.461469, -0.212715
141, 0.7828, 0.2432, 0.7536, 0.861277, 0, -0.461469, -0.212715
141, 0.7944, 0.2336, 0.7728, 0.861277, 0, -0.461469, -0.212715
141, 0.806, 0.224, 0.792, 0.861277, 0, -0.461469, -0.212715
141, 0.8176, 0.2144, 0.8112, 0.861277, 0, -0.461469, -0.212715
141, 0.8292, 0.2048, 0.8304, 0.861277, 0, -0.461469, -0.212715
141, 0.8408, 0.1952, 0.8496, 0.861277, 0, -0.461469, -0.212715
141, 0.8524, 0.1856, 0.8688, 0.861277, 0, -0.461469, -0.212715
141, 0.864, 0.176, 0.888, 0.861277, 0, -0.461469, -0.212715
141, 0.8756, 0.1664, 0.9072, 0.861277, 0, -0.461469, -0.212715
141, 0.8872, 0.1568, 0.9264, 0.861277, 0, -0.461469, -0.212715
141, 0.8988, 0.1472, 0.9456, 0.861277, 0, -0.461469, -0.212715
141, 0.9104, 0.1376, 0.9648, 0.861277, 0, -0.461469, -0.212715
141, 0.922, 0.128, 0.984, 0.861277, 0, -0.461469, -0.212715
141, 0.9336, 0.1184, 1.0032, 0.861277, 0, -0.461469, -0.212715
141, 0.9452, 0.1088, 1.0224, 0.861277, 0, -0.461469, -0.212715
141, 0.9568, 0.0992002, 1.0416, 0.861277, 0, -0.461469, -0.212715
141, 0.9684, 0.0896002, 1.0608, 0.861277, 0, -0.461469, -0.212715
141, 0.98, 0.0800002, 1.08, 0.861277, 0, -0.461469, -0.212715
142, 0.5508, 0.4352, 0.5472, 0.888848, 0, -0.395358, -0.231607
142, 0.5624, 0.4256, 0.5616, 0.888848, 0, -0.395358, -0.231607
142, 0.574, 0.416, 0.576, 0.888848, 0, -0.395358, -0.231607
142, 0.5856, 0.4064, 0.5904, 0.888848, 0, -0.395358, -0.231607
142, 0.5972, 0.3968, 0.6048, 0.888848, 0, -0.395358, -0.231607
142, 0.6088, 0.3872, 0.6192, 0.888848, 0, -0.395358, -0.231607
142, 0.6204, 0.3776, 0.6336, 0.888848, 0, -0.395358, -0.231607
142, 0.632, 0.368, 0.648, 0.888848, 0, -0.395358, -0.231607
142, 0.6436, 0.3584, 0.6624, 0.888848, 0, -0.395358, -0.231607
142, 0.6552, 0.3488, 0.6768, 0.888848, 0, -0.395358, -0.231607
142, 0.6668, 0.3392, 0.6912, 0.888848, 0, -0.395358, -0.231607
142, 0.6784, 0.3296, 0.7056, 0.888848, 0, -0.395358, -0.231607
142, 0.69, 0.32, 0.72, 0.888848, 0, -0.395358, -0.231607
142, 0.7016, 0.3104, 0.7344, 0.888848, 0, -0.395358, -0.231607
142, 0.7132, 0.3008, 0.7488, 0.888848, 0, -0.395358, -0.231607
142, 0.7248, 0.2912, 0.7632, 0.888848, 0, -0.395358, -0.231607
142, 0.7364, 0.2816, 0.7776, 0.888848, 0, -0.395358, -0.231607
142, 0.748, 0.272, 0.792, 0.888848, 0, -0.395358, -0.231607
142, 0.7596, 0.2624, 0.8064, 0.888848, 0, -0.395358, -0.231607
142, 0.7712, 0.2528, 0.8208, 0.888848, 0, -0.395358, -0.231607
142, 0.7828, 0.2432, 0.8352, 0.888848, 0, -0.395358, -0.231607
142, 0.7944, 0.2336, 0.8496, 0.888848, 0, -0.395358, -0.231607
142, 0.806, 0.224, 0.864, 0.888848, 0, -0.395358, -0.231607
142, 0.8176, 0.2144, 0.8784, 0.888848, 0, -0.395358, -0.231607
142, 0.8292, 0.2048, 0.8928, 0.888848, 0, -0.395358, -0.231607
142, 0.8408, 0.1952, 0.9072, 0.888848, 0, -0.395358, -0.231607
142, 0.8524, 0.1856, 0.9216, 0.888848, 0, -0.395358, -0.231607
142, 0.864, 0.176, 0.936, 0.888848, 0, -0.395358, -0.231607
142, 0.8756, 0.1664, 0.9504, 0.888848, 0, -0.395358, -0.231607
142, 0.8872, 0.1568, 0.9648, 0.888848, 0, -0.395358, -0.231607
142, 0.8988, 0.1472, 0.9792, 0.888848, 0, -0.395358, -0.231607
142, 0.9104, 0.1376, 0.9936, 0.888848, 0, -0.395358, -0.231607
142, 0.922, 0.128, 1.008, 0.888848, 0, -0.395358, -0.231607
142, 0.9336, 0.1184, 1.0224, 0.888848, 0, -0.395358, -0.231607
142, 0.9452, 0.1088, 1.0368, 0.888848, 0, -0.395358, -0.231607
142, 0.9568, 0.0992002, 1.0512, 0.888848, 0, -0.395358, -0.231607
142, 0.9684, 0.0896002, 1.0656, 0.888848, 0, -0.395358, -0.231607
142, 0.98, 0.0800002, 1.08, 0.888848, 0, -0.395358, -0.231607
143, 0.4, 0.56, 0.6, 0.921326, 0, -0.297689, -0.250079
143, 0.4116, 0.5504, 0.6096, 0.921326, 0, -0.297689, -0.250079
143, 0.4232, 0.5408, 0.6192, 0.921326, 0, -0.297689, -0.250079
143, 0.4348, 0.5312, 0.6288, 0.921326, 0, -0.297689, -0.250079
143, 0.4464, 0.5216, 0.6384, 0.921326, 0, -0.297689, -0.250079
143, 0.458, 0.512, 0.648, 0.921326, 0, -0.297689, -0.250079
143, 0.4696, 0.5024, 0.6576, 0.921326, 0, -0.297689, -0.250079
143, 0.4812, 0.4928, 0.6672, 0.921326, 0, -0.297689, -0.250079
143, 0.4928, 0.4832, 0.6768, 0.921326, 0, -0.297689, -0.250079
143, 0.5044, 0.4736, 0.6864, 0.921326, 0, -0.297689, -0.250079
143, 0.516, 0.464, 0.696, 0.921326, 0, -0.297689, -0.250079
143, 0.5276, 0.4544, 0.7056, 0.921326, 0, -0.297689, -0.250079
143, 0.5392, 0.4448, 0.7152, 0.921326, 0, -0.297689, -0.250079
143, 0.5508, 0.4352, 0.7248, 0.921326, 0, -0.297689, -0.250079
143, 0.5624, 0.4256, 0.7344, 0.921326, 0, -0.297689, -0.250079
143, 0.574, 0.416, 0.744, 0.921326, 0, -0.297689, -0.250079
143, 0.5856, 0.4064, 0.7536, 0.921326, 0, -0.297689, -0.250079
143, 0.5972, 0.3968, 0.7632, 0.921326, 0, -0.297689, -0.250079
143, 0.6088, 0.3872, 0.7728, 0.921326, 0, -0.297689, -0.250079
143, 0.6204, 0.3776, 0.7824, 0.921326, 0, -0.297689, -0.250079
143, 0.632, 0.368, 0.792, 0.921326, 0, -0.297689, -0.250079
143, 0.6436, 0.3584, 0.8016, 0.921326, 0, -0.297689, -0.250079
143, 0.6552, 0.3488, 0.8112, 0.921326, 0, -0.297689, -0.250079
143, 0.6668, 0.3392, 0.8208, 0.921326, 0, -0.297689, -0.250079
143, 0.6784, 0.3296, 0.8304, 0.921326, 0, -0.297689, -0.250079
143, 0.69, 0.32, 0.84, 0.921326, 0, -0.297689, -0.250079
143, 0.7016, 0.3104, 0.8496, 0.921326, 0, -0.297689, -0.250079
143, 0.7132, 0.3008, 0.8592, 0.921326, 0, -0.297689, -0.250079
143, 0.7248, 0.2912, 0.8688, 0.921326, 0, -0.297689, -0.250079
143, 0.7364, 0.2816, 0.8784, 0.921326, 0, -0.297689, -0.250079
143, 0.748, 0.272, 0.888, 0.921326, 0, -0.297689, -0.250079
143, 0.7596, 0.2624, 0.8976, 0.921326, 0, -0.297689, -0.250079
143, 0.7712, 0.2528, 0.9072, 0.921326, 0, -0.297689, -0.250079
143, 0.7828, 0.2432, 0.9168, 0.921326, 0, -0.297689, -0.250079
143, 0.7944, 0.2336, 0.9264, 0.921326, 0, -0.297689, -0.250079
143, 0.806, 0.224, 0.936, 0.921326, 0, -0.297689, -0.250079
143, 0.8176, 0.2144, 0.9456, 0.921326, 0, -0.297689, -0.250079
143, 0.8292, 0.2048, 0.9552, 0.921326, 0, -0.297689, -0.250079
143, 0.8408, 0.1952, 0.9648, 0.921326, 0, -0.297689, -0.250079
143, 0.8524, 0.1856, 0.9744, 0.921326, 0, -0.297689, -0.250079
143, 0.864, 0.176, 0.984, 0.921326, 0, -0.297689, -0.250079
143, 0.8756, 0.1664, 0.9936, 0.921326, 0, -0.297689, -0.250079
143, 0.8872, 0.1568, 1.0032, 0.921326, 0, -0.297689, -0.250079
143, 0.8988, 0.1472, 1.0128, 0.921326, 0, -0.297689, -0.250079
143, 0.9104, 0.1376, 1.0224, 0.921326, 0, -0.297689, -0.250079
143, 0.922, 0.128, 1.032, 0.921326, 0, -0.297689, -0.250079
143, 0.9336, 0.1184, 1.0416, 0.921326, 0, -0.297689, -0.250079
143, 0.9452, 0.1088, 1.0512, 0.921326, 0, -0.297689, -0.250079
143, 0.9568, 0.0992002, 1.0608, 0.921326, 0, -0.297689, -0.250079
143, 0.9684, 0.0896002, 1.0704, 0.921326, 0, -0.297689, -0.250079
143, 0.98, 0.0800002, 1.08, 0.921326, 0, -0.297689, -0.250079
144, 0.4116, 0.5504, 0.8448, 0.944778, 0, -0.16175, -0.285012
144, 0.4232, 0.5408, 0.8496, 0.944778, 0, -0.16175, -0.285012
144, 0.4464, 0.5216, 0.8592, 0.944778, 0, -0.16175, -0.285012
144, 0.458, 0.512, 0.864, 0.944778, 0, -0.16175, -0.285012
144, 0.4696, 0.5024, 0.8688, 0.944778, 0, -0.16175, -0.285012
144, 0.4812, 0.4928, 0.8736, 0.944778, 0, -0.16175, -0.285012
144, 0.4928, 0.4832, 0.8784, 0.944778, 0, -0.16175, -0.285012
144, 0.5044, 0.4736, 0.8832, 0.944778, 0, -0.16175, -0.285012
144, 0.516, 0.464, 0.888, 0.944778, 0, -0.16175, -0.285012
144, 0.5276, 0.4544, 0.8928, 0.944778, 0, -0.16175, -0.285012
144, 0.5392, 0.4448, 0.8976, 0.944778, 0, -0.16175, -0.285012
144, 0.5508, 0.4352, 0.9024, 0.944778, 0, -0.16175, -0.285012
144, 0.5624, 0.4256, 0.9072, 0.944778, 0, -0.16175, -0.285012
144, 0.574, 0.416, 0.912, 0.944778, 0, -0.16175, -0.285012
144, 0.5856, 0.4064, 0.9168, 0.944778, 0, -0.16175, -0.285012
144, 0.5972, 0.3968, 0.9216, 0.944778, 0, -0.16175, -0.285012
144, 0.6088, 0.3872, 0.9264, 0.944778, 0, -0.16175, -0.285012
144, 0.6204, 0.3776, 0.9312, 0.944778, 0, -0.16175, -0.285012
144, 0.632, 0.368, 0.936, 0.944778, 0, -0.16175, -0.285012
144, 0.6552, 0.3488, 0.9456, 0.944778, 0, -0.16175, -0.285012
144, 0.6668, 0.3392, 0.9504, 0.944778, 0, -0.16175, -0.285012
144, 0.6784, 0.3296, 0.9552, 0.944778, 0, -0.16175, -0.285012
144, 0.69, 0.32, 0.96, 0.944778, 0, -0.16175, -0.285012
144, 0.7016, 0.3104, 0.9648, 0.944778, 0, -0.16175, -0.285012
144, 0.7132, 0.3008, 0.9696, 0.944778, 0, -0.16175, -0.285012
144, 0.7248, 0.2912, 0.9744, 0.944778, 0, -0.16175, -0.285012
144, 0.7364, 0.2816, 0.9792, 0.944778, 0, -0.16175, -0.285012
144, 0.748, 0.272, 0.984, 0.944778, 0, -0.16175, -0.285012
144, 0.7596, 0.2624, 0.9888, 0.944778, 0, -0.16175, -0.285012
144, 0.7828, 0.2432, 0.9984, 0.944778, 0, -0.16175, -0.285012
144, 0.8176, 0.2144, 1.0128, 0.944778, 0, -0.16175, -0.285012
144, 0.8292, 0.2048, 1.0176, 0.944778, 0, -0.16175, -0.285012
144, 0.8408, 0.1952, 1.0224, 0.944778, 0, -0.16175, -0.285012
144, 0.8524, 0.1856, 1.0272, 0.944778, 0, -0.16175, -0.285012
144, 0.864, 0.176, 1.032, 0.944778, 0, -0.16175, -0.285012
144, 0.8756, 0.1664, 1.0368, 0.944778, 0, -0.16175, -0.285012
144, 0.8872, 0.1568, 1.0416, 0.944778, 0, -0.16175, -0.285012
144, 0.8988, 0.1472, 1.0464, 0.944778, 0, -0.16175, -0.285012
144, 0.9104, 0.1376, 1.0512, 0.944778, 0, -0.16175, -0.285012
144, 0.9336, 0.1184, 1.0608, 0.944778, 0, -0.16175, -0.285012
144, 0.9452, 0.1088, 1.0656, 0.944778, 0, -0.16175, -0.285012
144, 0.9568, 0.0992002, 1.0704, 0.944778, 0, -0.16175, -0.285012
144, 0.9684, 0.0896002, 1.0752, 0.944778, 0, -0.16175, -0.285012
144, 0.98, 0.0800002, 1.08, 0.944778, 0, -0.16175, -0.285012
145, 0.69, 0.44, 0.6, 0.848096, 0, -0.43538, -0.301956
145, 0.7016, 0.4256, 0.6192, 0.848096, 0, -0.43538, -0.301956
145, 0.7132, 0.4112, 0.6384, 0.848096, 0, -0.43538, -0.301956
145, 0.7248, 0.3968, 0.6576, 0.848096, 0, -0.43538, -0.301956
145, 0.7364, 0.3824, 0.6768, 0.848096, 0, -0.43538, -0.301956
145, 0.748, 0.368, 0.696, 0.848096, 0, -0.43538, -0.301956
145, 0.7596, 0.3536, 0.7152, 0.848096, 0, -0.43538, -0.301956
145, 0.7712, 0.3392, 0.7344, 0.848096, 0, -0.43538, -0.301956
145, 0.7828, 0.3248, 0.7536, 0.848096, 0, -0.43538, -0.301956
145, 0.7944, 0.3104, 0.7728, 0.848096, 0, -0.43538, -0.301956
145, 0.806, 0.296, 0.792, 0.848096, 0, -0.43538, -0.301956
145, 0.8176, 0.2816, 0.8112, 0.848096, 0, -0.43538, -0.301956
145, 0.8292, 0.2672, 0.8304, 0.848096, 0, -0.43538, -0.301956
145, 0.8408, 0.2528, 0.8496, 0.848096, 0, -0.43538, -0.301956
145, 0.8524, 0.2384, 0.8688, 0.848096, 0, -0.43538, -0.301956
145, 0.864, 0.224, 0.888, 0.848096, 0, -0.43538, -0.301956
145, 0.8756, 0.2096, 0.9072, 0.848096, 0, -0.43538, -0.301956
145, 0.8872, 0.1952, 0.9264, 0.848096, 0, -0.43538, -0.301956
145, 0.8988, 0.1808, 0.9456, 0.848096, 0, -0.43538, -0.301956
145, 0.9104, 0.1664, 0.9648, 0.848096, 0, -0.43538, -0.301956
145, 0.922, 0.152, 0.984, 0.848096, 0, -0.43538, -0.301956
145, 0.9336, 0.1376, 1.0032, 0.848096, 0, -0.43538, -0.301956
145, 0.9452, 0.1232, 1.0224, 0.848096, 0, -0.43538, -0.301956
145, 0.9568, 0.1088, 1.0416, 0.848096, 0, -0.43538, -0.301956
145, 0.9684, 0.0944003, 1.0608, 0.848096, 0, -0.43538, -0.301956
145, 0.98, 0.0800003, 1.08, 0.848096, 0, -0.43538, -0.301956
146, 0.6088, 0.5408, 0.6192, 0.869053, 0, -0.365392, -0.333521
146, 0.6204, 0.5264, 0.6336, 0.869053, 0, -0.365392, -0.333521
146, 0.632, 0.512, 0.648, 0.869053, 0, -0.365392, -0.333521
146, 0.6436, 0.4976, 0.6624, 0.869053, 0, -0.365392, -0.333521
146, 0.6552, 0.4832, 0.6768, 0.869053, 0, -0.365392, -0.333521
146, 0.6668, 0.4688, 0.6912, 0.869053, 0, -0.365392, -0.333521
146, 0.6784, 0.4544, 0.7056, 0.869053, 0, -0.365392, -0.333521
146, 0.69, 0.44, 0.72, 0.869053, 0, -0.365392, -0.333521
146, 0.7016, 0.4256, 0.7344, 0.869053, 0, -0.365392, -0.333521
146, 0.7132, 0.4112, 0.7488, 0.869053, 0, -0.365392, -0.333521
146, 0.7248, 0.3968, 0.7632, 0.869053, 0, -0.365392, -0.333521
146, 0.7364, 0.3824, 0.7776, 0.869053, 0, -0.365392, -0.333521
146, 0.748, 0.368, 0.792, 0.869053, 0, -0.365392, -0.333521
146, 0.7596, 0.3536, 0.8064, 0.869053, 0, -0.365392, -0.333521
146, 0.7712, 0.3392, 0.8208, 0.869053, 0, -0.365392, -0.333521
146, 0.7828, 0.3248, 0.8352, 0.869053, 0, -0.365392, -0.333521
146, 0.7944, 0.3104, 0.8496, 0.869053, 0, -0.365392, -0.333521
146, 0.806, 0.296, 0.864, 0.869053, 0, -0.365392, -0.333521
146, 0.8176, 0.2816, 0.8784, 0.869053, 0, -0.365392, -0.333521
146, 0.8292, 0.2672, 0.8928, 0.869053, 0, -0.365392, -0.333521
146, 0.8408, 0.2528, 0.9072, 0.869053, 0, -0.365392, -0.333521
146, 0.8524, 0.2384, 0.9216, 0.869053, 0, -0.365392, -0.333521
146, 0.864, 0.224, 0.936, 0.869053, 0, -0.365392, -0.333521
146, 0.8756, 0.2096, 0.9504, 0.869053, 0, -0.365392, -0.333521
146, 0.8872, 0.1952, 0.9648, 0.869053, 0, -0.365392, -0.333521
146, 0.8988, 0.1808, 0.9792, 0.869053, 0, -0.365392, -0.333521
146, 0.9104, 0.1664, 0.9936, 0.869053, 0, -0.365392, -0.333521
146, 0.922, 0.152, 1.008, 0.869053, 0, -0.365392, -0.333521
146, 0.9336, 0.1376, 1.0224, 0.869053, 0, -0.365392, -0.333521
146, 0.9452, 0.1232, 1.0368, 0.869053, 0, -0.365392, -0.333521
146, 0.9568, 0.1088, 1.0512, 0.869053, 0, -0.365392, -0.333521
146, 0.9684, 0.0944003, 1.0656, 0.869053, 0, -0.365392, -0.333521
146, 0.98, 0.0800003, 1.08, 0.869053, 0, -0.365392, -0.333521
147, 0.5276, 0.6416, 0.7056, 0.889869, 0, -0.265898, -0.370718
147, 0.5392, 0.6272, 0.7152, 0.889869, 0, -0.265898, -0.370718
147, 0.5508, 0.6128, 0.7248, 0.889869, 0, -0.265898, -0.370718
147, 0.5624, 0.5984, 0.7344, 0.889869, 0, -0.265898, -0.370718
147, 0.574, 0.584, 0.744, 0.889869, 0, -0.265898, -0.370718
147, 0.5856, 0.5696, 0.7536, 0.889869, 0, -0.265898, -0.370718
147, 0.5972, 0.5552, 0.7632, 0.889869, 0, -0.265898, -0.370718
147, 0.6088, 0.5408, 0.7728, 0.889869, 0, -0.265898, -0.370718
147, 0.6204, 0.5264, 0.7824, 0.889869, 0, -0.265898, -0.370718
147, 0.632, 0.512, 0.792, 0.889869, 0, -0.265898, -0.370718
147, 0.6436, 0.4976, 0.8016, 0.889869, 0, -0.265898, -0.370718
147, 0.6552, 0.4832, 0.8112, 0.889869, 0, -0.265898, -0.370718
147, 0.6668, 0.4688, 0.8208, 0.889869, 0, -0.265898, -0.370718
147, 0.6784, 0.4544, 0.8304, 0.889869, 0, -0.265898, -0.370718
147, 0.69, 0.44, 0.84, 0.889869, 0, -0.265898, -0.370718
147, 0.7016, 0.4256, 0.8496, 0.889869, 0, -0.265898, -0.370718
147, 0.7132, 0.4112, 0.8592, 0.889869, 0, -0.265898, -0.370718
147, 0.7248, 0.3968, 0.8688, 0.889869, 0, -0.265898, -0.370718
147, 0.7364, 0.3824, 0.8784, 0.889869, 0, -0.265898, -0.370718
147, 0.748, 0.368, 0.888, 0.889869, 0, -0.265898, -0.370718
147, 0.7596, 0.3536, 0.8976, 0.889869, 0, -0.265898, -0.370718
147, 0.7712, 0.3392, 0.9072, 0.889869, 0, -0.265898, -0.370718
147, 0.7828, 0.3248, 0.9168, 0.889869, 0, -0.265898, -0.370718
147, 0.7944, 0.3104, 0.9264, 0.889869, 0, -0.265898, -0.370718
147, 0.806, 0.296, 0.936, 0.889869, 0, -0.265898, -0.370718
147, 0.8176, 0.2816, 0.9456, 0.889869, 0, -0.265898, -0.370718
147, 0.8292, 0.2672, 0.9552, 0.889869, 0, -0.265898, -0.370718
147, 0.8408, 0.2528, 0.9648, 0.889869, 0, -0.265898, -0.370718
147, 0.8524, 0.2384, 0.9744, 0.889869, 0, -0.265898, -0.370718
147, 0.864, 0.224, 0.984, 0.889869, 0, -0.265898, -0.370718
147, 0.8756, 0.2096, 0.9936, 0.889869, 0, -0.265898, -0.370718
147, 0.8872, 0.1952, 1.0032, 0.889869, 0, -0.265898, -0.370718
147, 0.8988, 0.1808, 1.0128, 0.889869, 0, -0.265898, -0.370718
147, 0.9104, 0.1664, 1.0224, 0.889869, 0, -0.265898, -0.370718
147, 0.922, 0.152, 1.032, 0.889869, 0, -0.265898, -0.370718
147, 0.9336, 0.1376, 1.0416, 0.889869, 0, -0.265898, -0.370718
147, 0.9452, 0.1232, 1.0512, 0.889869, 0, -0.265898, -0.370718
147, 0.9568, 0.1088, 1.0608, 0.889869, 0, -0.265898, -0.370718
147, 0.9684, 0.0944003, 1.0704, 0.889869, 0, -0.265898, -0.370718
147, 0.98, 0.0800003, 1.08, 0.889869, 0, -0.265898, -0.370718
149, 0.7248, 0.5024, 0.6576, 0.832685, 0, -0.413269, -0.368571
149, 0.7364, 0.4832, 0.6768, 0.832685, 0, -0.413269, -0.368571
149, 0.748, 0.464, 0.696, 0.832685, 0, -0.413269, -0.368571
149, 0.7596, 0.4448, 0.7152, 0.832685, 0, -0.413269, -0.368571
149, 0.7712, 0.4256, 0.7344, 0.832685, 0, -0.413269, -0.368571
149, 0.7828, 0.4064, 0.7536, 0.832685, 0, -0.413269, -0.368571
149, 0.7944, 0.3872, 0.7728, 0.832685, 0, -0.413269, -0.368571
149, 0.806, 0.368, 0.792, 0.832685, 0, -0.413269, -0.368571
149, 0.8176, 0.3488, 0.8112, 0.832685, 0, -0.413269, -0.368571
149, 0.8292, 0.3296, 0.8304, 0.832685, 0, -0.413269, -0.368571
149, 0.8408, 0.3104, 0.8496, 0.832685, 0, -0.413269, -0.368571
149, 0.8524, 0.2912, 0.8688, 0.832685, 0, -0.413269, -0.368571
149, 0.864, 0.272, 0.888, 0.832685, 0, -0.413269, -0.368571
149, 0.8756, 0.2528, 0.9072, 0.832685, 0, -0.413269, -0.368571
149, 0.8872, 0.2336, 0.9264, 0.832685, 0, -0.413269, -0.368571
149, 0.8988, 0.2144, 0.9456, 0.832685, 0, -0.413269, -0.368571
149, 0.9104, 0.1952, 0.9648, 0.832685, 0, -0.413269, -0.368571
149, 0.922, 0.176, 0.984, 0.832685, 0, -0.413269, -0.368571
149, 0.9336, 0.1568, 1.0032, 0.832685, 0, -0.413269, -0.368571
149, 0.9452, 0.1376, 1.0224, 0.832685, 0, -0.413269, -0.368571
149, 0.9568, 0.1184, 1.0416, 0.832685, 0, -0.413269, -0.368571
149, 0.9684, 0.0992004, 1.0608, 0.832685, 0, -0.413269, -0.368571
149, 0.98, 0.0800004, 1.08, 0.832685, 0, -0.413269, -0.368571
150, 0.6668, 0.5984, 0.6912, 0.847912, 0, -0.344125, -0.403266
150, 0.6784, 0.5792, 0.7056, 0.847912, 0, -0.344125, -0.403266
150, 0.69, 0.56, 0.72, 0.847912, 0, -0.344125, -0.403266
150, 0.7016, 0.5408, 0.7344, 0.847912, 0, -0.344125, -0.403266
150, 0.7132, 0.5216, 0.7488, 0.847912, 0, -0.344125, -0.403266
150, 0.7248, 0.5024, 0.7632, 0.847912, 0, -0.344125, -0.403266
150, 0.7364, 0.4832, 0.7776, 0.847912, 0, -0.344125, -0.403266
150, 0.748, 0.464, 0.792, 0.847912, 0, -0.344125, -0.403266
150, 0.7596, 0.4448, 0.8064, 0.847912, 0, -0.344125, -0.403266
150, 0.7712, 0.4256, 0.8208, 0.847912, 0, -0.344125, -0.403266
150, 0.7828, 0.4064, 0.8352, 0.847912, 0, -0.344125, -0.403266
150, 0.7944, 0.3872, 0.8496, 0.847912, 0, -0.344125, -0.403266
150, 0.806, 0.368, 0.864, 0.847912, 0, -0.344125, -0.403266
150, 0.8176, 0.3488, 0.8784, 0.847912, 0, -0.344125, -0.403266
150, 0.8292, 0.3296, 0.8928, 0.847912, 0, -0.344125, -0.403266
150, 0.8408, 0.3104, 0.9072, 0.847912, 0, -0.344125, -0.403266
150, 0.8524, 0.2912, 0.9216, 0.847912, 0, -0.344125, -0.403266
150, 0.864, 0.272, 0.936, 0.847912, 0, -0.344125, -0.403266
150, 0.8756, 0.2528, 0.9504, 0.847912, 0, -0.344125, -0.403266
150, 0.8872, 0.2336, 0.9648, 0.847912, 0, -0.344125, -0.403266
150, 0.8988, 0.2144, 0.9792, 0.847912, 0, -0.344125, -0.403266
150, 0.9104, 0.1952, 0.9936, 0.847912, 0, -0.344125, -0.403266
150, 0.922, 0.176, 1.008, 0.847912, 0, -0.344125, -0.403266
150, 0.9336, 0.1568, 1.0224, 0.847912, 0, -0.344125, -0.403266
150, 0.9452, 0.1376, 1.0368, 0.847912, 0, -0.344125, -0.403266
150, 0.9568, 0.1184, 1.0512, 0.847912, 0, -0.344125, -0.403266
150, 0.9684, 0.0992004, 1.0656, 0.847912, 0, -0.344125, -0.403266
150, 0.98, 0.0800004, 1.08, 0.847912, 0, -0.344125, -0.403266
151, 0.632, 0.656, 0.792, 0.861742, 0, -0.248778, -0.442166
151, 0.69, 0.56, 0.84, 0.861742, 0, -0.248778, -0.442166
151, 0.7016, 0.5408, 0.8496, 0.861742, 0, -0.248778, -0.442166
151, 0.7132, 0.5216, 0.8592, 0.861742, 0, -0.248778, -0.442166
151, 0.7248, 0.5024, 0.8688, 0.861742, 0, -0.248778, -0.442166
151, 0.7712, 0.4256, 0.9072, 0.861742, 0, -0.248778, -0.442166
151, 0.7828, 0.4064, 0.9168, 0.861742, 0, -0.248778, -0.442166
151, 0.7944, 0.3872, 0.9264, 0.861742, 0, -0.248778, -0.442166
151, 0.806, 0.368, 0.936, 0.861742, 0, -0.248778, -0.442166
151, 0.8176, 0.3488, 0.9456, 0.861742, 0, -0.248778, -0.442166
151, 0.8292, 0.3296, 0.9552, 0.861742, 0, -0.248778, -0.442166
151, 0.8408, 0.3104, 0.9648, 0.861742, 0, -0.248778, -0.442166
151, 0.8524, 0.2912, 0.9744, 0.861742, 0, -0.248778, -0.442166
151, 0.922, 0.176, 1.032, 0.861742, 0, -0.248778, -0.442166
151, 0.9336, 0.1568, 1.0416, 0.861742, 0, -0.248778, -0.442166
151, 0.9452, 0.1376, 1.0512, 0.861742, 0, -0.248778, -0.442166
152, 0.5972, 0.7136, 0.9216, 0.869327, 0, -0.129791, -0.476892
152, 0.7712, 0.4256, 0.9936, 0.869327, 0, -0.129791, -0.476892
153, 0.632, -0.496, 0.791999, 0.799044, 0, -0.527996, 0.287663
153, 0.6436, -0.4768, 0.825599, 0.799044, 0, -0.527996, 0.287663
153, 0.6552, -0.4576, 0.859199, 0.799044, 0, -0.527996, 0.287663
153, 0.6668, -0.4384, 0.892799, 0.799044, 0, -0.527996, 0.287663
153, 0.6784, -0.4192, 0.926399, 0.799044, 0, -0.527996, 0.287663
153, 0.69, -0.4, 0.959999, 0.799044, 0, -0.527996, 0.287663
153, 0.7016, -0.3808, 0.993599, 0.799044, 0, -0.527996, 0.287663
153, 0.7132, -0.3616, 1.0272, 0.799044, 0, -0.527996, 0.287663
153, 0.7248, -0.3424, 1.0608, 0.799044, 0, -0.527996, 0.287663
153, 0.7364, -0.3232, 1.0944, 0.799044, 0, -0.527996, 0.287663
153, 0.748, -0.304, 1.128, 0.799044, 0, -0.527996, 0.287663
153, 0.7596, -0.2848, 1.1616, 0.799044, 0, -0.527996, 0.287663
153, 0.7712, -0.2656, 1.1952, 0.799044, 0, -0.527996, 0.287663
153, 0.7828, -0.2464, 1.2288, 0.799044, 0, -0.527996, 0.287663
153, 0.7944, -0.2272, 1.2624, 0.799044, 0, -0.527996, 0.287663
153, 0.806, -0.208, 1.296, 0.799044, 0, -0.527996, 0.287663
153, 0.8176, -0.1888, 1.3296, 0.799044, 0, -0.527996, 0.287663
153, 0.8292, -0.1696, 1.3632, 0.799044, 0, -0.527996, 0.287663
154, 0.5856, -0.5728, 0.8208, 0.808212, 0, -0.499603, 0.311753
154, 0.5972, -0.5536, 0.8496, 0.808212, 0, -0.499603, 0.311753
154, 0.6088, -0.5344, 0.8784, 0.808212, 0, -0.499603, 0.311753
154, 0.6204, -0.5152, 0.907199, 0.808212, 0, -0.499603, 0.311753
154, 0.632, -0.496, 0.935999, 0.808212, 0, -0.499603, 0.311753
154, 0.6436, -0.4768, 0.964799, 0.808212, 0, -0.499603, 0.311753
154, 0.6552, -0.4576, 0.993599, 0.808212, 0, -0.499603, 0.311753
154, 0.6668, -0.4384, 1.0224, 0.808212, 0, -0.499603, 0.311753
154, 0.6784, -0.4192, 1.0512, 0.808212, 0, -0.499603, 0.311753
154, 0.69, -0.4, 1.08, 0.808212, 0, -0.499603, 0.311753
154, 0.7016, -0.3808, 1.1088, 0.808212, 0, -0.499603, 0.311753
154, 0.7132, -0.3616, 1.1376, 0.808212, 0, -0.499603, 0.311753
154, 0.7248, -0.3424, 1.1664, 0.808212, 0, -0.499603, 0.311753
154, 0.7364, -0.3232, 1.1952, 0.808212, 0, -0.499603, 0.311753
154, 0.748, -0.304, 1.224, 0.808212, 0, -0.499603, 0.311753
154, 0.7596, -0.2848, 1.2528, 0.808212, 0, -0.499603, 0.311753
154, 0.7712, -0.2656, 1.2816, 0.808212, 0, -0.499603, 0.311753
154, 0.7828, -0.2464, 1.3104, 0.808212, 0, -0.499603, 0.311753
154, 0.7944, -0.2272, 1.3392, 0.808212, 0, -0.499603, 0.311753
154, 0.806, -0.208, 1.368, 0.808212, 0, -0.499603, 0.311753
155, 0.5276, -0.6688, 0.864, 0.819286, 0, -0.46281, 0.338494
155, 0.5392, -0.6496, 0.888, 0.819286, 0, -0.46281, 0.338494
155, 0.5508, -0.6304, 0.912, 0.819286, 0, -0.46281, 0.338494
155, 0.5624, -0.6112, 0.936, 0.819286, 0, -0.46281, 0.338494
155, 0.574, -0.592, 0.96, 0.819286, 0, -0.46281, 0.338494
155, 0.5856, -0.5728, 0.984, 0.819286, 0, -0.46281, 0.338494
155, 0.5972, -0.5536, 1.008, 0.819286, 0, -0.46281, 0.338494
155, 0.6088, -0.5344, 1.032, 0.819286, 0, -0.46281, 0.338494
155, 0.6204, -0.5152, 1.056, 0.819286, 0, -0.46281, 0.338494
155, 0.632, -0.496, 1.08, 0.819286, 0, -0.46281, 0.338494
155, 0.6436, -0.4768, 1.104, 0.819286, 0, -0.46281, 0.338494
155, 0.6552, -0.4576, 1.128, 0.819286, 0, -0.46281, 0.338494
155, 0.6668, -0.4384, 1.152, 0.819286, 0, -0.46281, 0.338494
155, 0.6784, -0.4192, 1.176, 0.819286, 0, -0.46281, 0.338494
155, 0.69, -0.4, 1.2, 0.819286, 0, -0.46281, 0.338494
155, 0.7016, -0.3808, 1.224, 0.819286, 0, -0.46281, 0.338494
155, 0.7132, -0.3616, 1.248, 0.819286, 0, -0.46281, 0.338494
155, 0.7248, -0.3424, 1.272, 0.819286, 0, -0.46281, 0.338494
155, 0.7364, -0.3232, 1.296, 0.819286, 0, -0.46281, 0.338494
155, 0.7596, -0.2848, 1.344, 0.819286, 0, -0.46281, 0.338494
156, 0.458, -0.784, 0.936, 0.832685, 0, -0.413269, 0.368571
156, 0.4696, -0.7648, 0.9552, 0.832685, 0, -0.413269, 0.368571
156, 0.4812, -0.7456, 0.9744, 0.832685, 0, -0.413269, 0.368571
156, 0.5508, -0.6304, 1.0896, 0.832685, 0, -0.413269, 0.368571
156, 0.5972, -0.5536, 1.1664, 0.832685, 0, -0.413269, 0.368571
156, 0.6436, -0.4768, 1.2432, 0.832685, 0, -0.413269, 0.368571
156, 0.6552, -0.4576, 1.2624, 0.832685, 0, -0.413269, 0.368571
156, 0.6668, -0.4384, 1.2816, 0.832685, 0, -0.413269, 0.368571
156, 0.6784, -0.4192, 1.3008, 0.832685, 0, -0.413269, 0.368571
156, 0.69, -0.4, 1.32, 0.832685, 0, -0.413269, 0.368571
156, 0.7016, -0.3808, 1.3392, 0.832685, 0, -0.413269, 0.368571
160, 0.6088, -0.3808, 0.724799, 0.805779, 0, -0.546561, 0.228018
160, 0.6204, -0.3664, 0.758399, 0.805779, 0, -0.546561, 0.228018
160, 0.632, -0.352, 0.791999, 0.805779, 0, -0.546561, 0.228018
160, 0.6436, -0.3376, 0.825599, 0.805779, 0, -0.546561, 0.228018
160, 0.6552, -0.3232, 0.859199, 0.805779, 0, -0.546561, 0.228018
160, 0.6668, -0.3088, 0.892799, 0.805779, 0, -0.546561, 0.228018
160, 0.6784, -0.2944, 0.926399, 0.805779, 0, -0.546561, 0.228018
160, 0.69, -0.28, 0.959999, 0.805779, 0, -0.546561, 0.228018
160, 0.7016, -0.2656, 0.993599, 0.805779, 0, -0.546561, 0.228018
160, 0.7132, -0.2512, 1.0272, 0.805779, 0, -0.546561, 0.228018
160, 0.7248, -0.2368, 1.0608, 0.805779, 0, -0.546561, 0.228018
160, 0.7364, -0.2224, 1.0944, 0.805779, 0, -0.546561, 0.228018
160, 0.748, -0.208, 1.128, 0.805779, 0, -0.546561, 0.228018
160, 0.7596, -0.1936, 1.1616, 0.805779, 0, -0.546561, 0.228018
160, 0.7712, -0.1792, 1.1952, 0.805779, 0, -0.546561, 0.228018
160, 0.7828, -0.1648, 1.2288, 0.805779, 0, -0.546561, 0.228018
160, 0.7944, -0.1504, 1.2624, 0.805779, 0, -0.546561, 0.228018
160, 0.806, -0.136, 1.296, 0.805779, 0, -0.546561, 0.228018
160, 0.8176, -0.1216, 1.3296, 0.805779, 0, -0.546561, 0.228018
160, 0.8292, -0.1072, 1.3632, 0.805779, 0, -0.546561, 0.228018
161, 0.5508, -0.4528, 0.7344, 0.816972, 0, -0.519762, 0.249808
161, 0.5624, -0.4384, 0.7632, 0.816972, 0, -0.519762, 0.249808
161, 0.574, -0.424, 0.792, 0.816972, 0, -0.519762, 0.249808
161, 0.5856, -0.4096, 0.8208, 0.816972, 0, -0.519762, 0.249808
161, 0.5972, -0.3952, 0.8496, 0.816972, 0, -0.519762, 0.249808
161, 0.6088, -0.3808, 0.8784, 0.816972, 0, -0.519762, 0.249808
161, 0.6204, -0.3664, 0.907199, 0.816972, 0, -0.519762, 0.249808
161, 0.632, -0.352, 0.935999, 0.816972, 0, -0.519762, 0.249808
161, 0.6436, -0.3376, 0.964799, 0.816972, 0, -0.519762, 0.249808
161, 0.6552, -0.3232, 0.993599, 0.816972, 0, -0.519762, 0.249808
161, 0.6668, -0.3088, 1.0224, 0.816972, 0, -0.519762, 0.249808
161, 0.6784, -0.2944, 1.0512, 0.816972, 0, -0.519762, 0.249808
161, 0.69, -0.28, 1.08, 0.816972, 0, -0.519762, 0.249808
161, 0.7016, -0.2656, 1.1088, 0.816972, 0, -0.519762, 0.249808
161, 0.7132, -0.2512, 1.1376, 0.816972, 0, -0.519762, 0.249808
161, 0.7248, -0.2368, 1.1664, 0.816972, 0, -0.519762, 0.249808
161, 0.7364, -0.2224, 1.1952, 0.816972, 0, -0.519762, 0.249808
161, 0.748, -0.208, 1.224, 0.816972, 0, -0.519762, 0.249808
161, 0.7596, -0.1936, 1.2528, 0.816972, 0, -0.519762, 0.249808
161, 0.7712, -0.1792, 1.2816, 0.816972, 0, -0.519762, 0.249808
161, 0.7828, -0.1648, 1.3104, 0.816972, 0, -0.519762, 0.249808
161, 0.7944, -0.1504, 1.3392, 0.816972, 0, -0.519762, 0.249808
161, 0.806, -0.136, 1.368, 0.816972, 0, -0.519762, 0.249808
162, 0.4928, -0.5248, 0.792, 0.830789, 0, -0.48426, 0.274376
162, 0.5044, -0.5104, 0.816, 0.830789, 0, -0.48426, 0.274376
162, 0.516, -0.496, 0.84, 0.830789, 0, -0.48426, 0.274376
162, 0.5276, -0.4816, 0.864, 0.830789, 0, -0.48426, 0.274376
162, 0.5392, -0.4672, 0.888, 0.830789, 0, -0.48426, 0.274376
162, 0.5508, -0.4528, 0.912, 0.830789, 0, -0.48426, 0.274376
162, 0.5624, -0.4384, 0.936, 0.830789, 0, -0.48426, 0.274376
162, 0.574, -0.424, 0.96, 0.830789, 0, -0.48426, 0.274376
162, 0.5856, -0.4096, 0.984, 0.830789, 0, -0.48426, 0.274376
162, 0.5972, -0.3952, 1.008, 0.830789, 0, -0.48426, 0.274376
162, 0.6088, -0.3808, 1.032, 0.830789, 0, -0.48426, 0.274376
162, 0.6204, -0.3664, 1.056, 0.830789, 0, -0.48426, 0.274376
162, 0.632, -0.352, 1.08, 0.830789, 0, -0.48426, 0.274376
162, 0.6436, -0.3376, 1.104, 0.830789, 0, -0.48426, 0.274376
162, 0.6552, -0.3232, 1.128, 0.830789, 0, -0.48426, 0.274376
162, 0.6668, -0.3088, 1.152, 0.830789, 0, -0.48426, 0.274376
162, 0.6784, -0.2944, 1.176, 0.830789, 0, -0.48426, 0.274376
162, 0.69, -0.28, 1.2, 0.830789, 0, -0.48426, 0.274376
162, 0.7016, -0.2656, 1.224, 0.830789, 0, -0.48426, 0.274376
162, 0.7132, -0.2512, 1.248, 0.830789, 0, -0.48426, 0.274376
162, 0.7248, -0.2368, 1.272, 0.830789, 0, -0.48426, 0.274376
162, 0.7364, -0.2224, 1.296, 0.830789, 0, -0.48426, 0.274376
162, 0.748, -0.208, 1.32, 0.830789, 0, -0.48426, 0.274376
162, 0.7596, -0.1936, 1.344, 0.830789, 0, -0.48426, 0.274376
162, 0.7712, -0.1792, 1.368, 0.830789, 0, -0.48426, 0.274376
162, 0.7828, -0.1648, 1.392, 0.830789, 0, -0.48426, 0.274376
163, 0.4348, -0.5968, 0.8976, 0.848096, 0, -0.43538, 0.301956
163, 0.4464, -0.5824, 0.9168, 0.848096, 0, -0.43538, 0.301956
163, 0.458, -0.568, 0.936, 0.848096, 0, -0.43538, 0.301956
163, 0.4696, -0.5536, 0.9552, 0.848096, 0, -0.43538, 0.301956
163, 0.4812, -0.5392, 0.9744, 0.848096, 0, -0.43538, 0.301956
163, 0.4928, -0.5248, 0.9936, 0.848096, 0, -0.43538, 0.301956
163, 0.5044, -0.5104, 1.0128, 0.848096, 0, -0.43538, 0.301956
163, 0.516, -0.496, 1.032, 0.848096, 0, -0.43538, 0.301956
163, 0.5276, -0.4816, 1.0512, 0.848096, 0, -0.43538, 0.301956
163, 0.5392, -0.4672, 1.0704, 0.848096, 0, -0.43538, 0.301956
163, 0.5508, -0.4528, 1.0896, 0.848096, 0, -0.43538, 0.301956
163, 0.5624, -0.4384, 1.1088, 0.848096, 0, -0.43538, 0.301956
163, 0.574, -0.424, 1.128, 0.848096, 0, -0.43538, 0.301956
163, 0.5856, -0.4096, 1.1472, 0.848096, 0, -0.43538, 0.301956
163, 0.5972, -0.3952, 1.1664, 0.848096, 0, -0.43538, 0.301956
163, 0.6088, -0.3808, 1.1856, 0.848096, 0, -0.43538, 0.301956
163, 0.6204, -0.3664, 1.2048, 0.848096, 0, -0.43538, 0.301956
163, 0.632, -0.352, 1.224, 0.848096, 0, -0.43538, 0.301956
163, 0.6436, -0.3376, 1.2432, 0.848096, 0, -0.43538, 0.301956
163, 0.6552, -0.3232, 1.2624, 0.848096, 0, -0.43538, 0.301956
163, 0.6668, -0.3088, 1.2816, 0.848096, 0, -0.43538, 0.301956
163, 0.6784, -0.2944, 1.3008, 0.848096, 0, -0.43538, 0.301956
163, 0.7248, -0.2368, 1.3776, 0.848096, 0, -0.43538, 0.301956
163, 0.7364, -0.2224, 1.3968, 0.848096, 0, -0.43538, 0.301956
163, 0.748, -0.208, 1.416, 0.848096, 0, -0.43538, 0.301956
164, 0.4, -0.64, 1.08, 0.869053, 0, -0.365392, 0.333521
164, 0.4116, -0.6256, 1.0944, 0.869053, 0, -0.365392, 0.333521
164, 0.4232, -0.6112, 1.1088, 0.869053, 0, -0.365392, 0.333521
164, 0.4348, -0.5968, 1.1232, 0.869053, 0, -0.365392, 0.333521
164, 0.4464, -0.5824, 1.1376, 0.869053, 0, -0.365392, 0.333521
164, 0.458, -0.568, 1.152, 0.869053, 0, -0.365392, 0.333521
164, 0.4696, -0.5536, 1.1664, 0.869053, 0, -0.365392, 0.333521
165, 0.4116, -0.6256, 1.3296, 0.889869, 0, -0.265898, 0.370718
165, 0.4232, -0.6112, 1.3392, 0.889869, 0, -0.265898, 0.370718
167, 0.5856, -0.2464, 0.657599, 0.810735, 0, -0.56366, 0.158103
167, 0.5972, -0.2368, 0.691199, 0.810735, 0, -0.56366, 0.158103
167, 0.6088, -0.2272, 0.724799, 0.810735, 0, -0.56366, 0.158103
167, 0.6204, -0.2176, 0.758399, 0.810735, 0, -0.56366, 0.158103
167, 0.632, -0.208, 0.791999, 0.810735, 0, -0.56366, 0.158103
167, 0.6436, -0.1984, 0.825599, 0.810735, 0, -0.56366, 0.158103
167, 0.6552, -0.1888, 0.859199, 0.810735, 0, -0.56366, 0.158103
167, 0.6668, -0.1792, 0.892799, 0.810735, 0, -0.56366, 0.158103
167, 0.6784, -0.1696, 0.926399, 0.810735, 0, -0.56366, 0.158103
167, 0.69, -0.16, 0.959999, 0.810735, 0, -0.56366, 0.158103
167, 0.7016, -0.1504, 0.993599, 0.810735, 0, -0.56366, 0.158103
167, 0.7132, -0.1408, 1.0272, 0.810735, 0, -0.56366, 0.158103
167, 0.7248, -0.1312, 1.0608, 0.810735, 0, -0.56366, 0.158103
167, 0.7364, -0.1216, 1.0944, 0.810735, 0, -0.56366, 0.158103
167, 0.748, -0.112, 1.128, 0.810735, 0, -0.56366, 0.158103
167, 0.7596, -0.1024, 1.1616, 0.810735, 0, -0.56366, 0.158103
167, 0.7712, -0.0928002, 1.1952, 0.810735, 0, -0.56366, 0.158103
167, 0.7828, -0.0832002, 1.2288, 0.810735, 0, -0.56366, 0.158103
167, 0.7944, -0.0736002, 1.2624, 0.810735, 0, -0.56366, 0.158103
167, 0.806, -0.0640002, 1.296, 0.810735, 0, -0.56366, 0.158103
167, 0.8176, -0.0544002, 1.3296, 0.810735, 0, -0.56366, 0.158103
167, 0.8292, -0.0448002, 1.3632, 0.810735, 0, -0.56366, 0.158103
168, 0.5276, -0.2944, 0.6768, 0.823715, 0, -0.53946, 0.174573
168, 0.5392, -0.2848, 0.7056, 0.823715, 0, -0.53946, 0.174573
168, 0.5508, -0.2752, 0.7344, 0.823715, 0, -0.53946, 0.174573
168, 0.5624, -0.2656, 0.7632, 0.823715, 0, -0.53946, 0.174573
168, 0.574, -0.256, 0.792, 0.823715, 0, -0.53946, 0.174573
168, 0.5856, -0.2464, 0.8208, 0.823715, 0, -0.53946, 0.174573
168, 0.5972, -0.2368, 0.8496, 0.823715, 0, -0.53946, 0.174573
168, 0.6088, -0.2272, 0.8784, 0.823715, 0, -0.53946, 0.174573
168, 0.6204, -0.2176, 0.907199, 0.823715, 0, -0.53946, 0.174573
168, 0.632, -0.208, 0.935999, 0.823715, 0, -0.53946, 0.174573
168, 0.6436, -0.1984, 0.964799, 0.823715, 0, -0.53946, 0.174573
168, 0.6552, -0.1888, 0.993599, 0.823715, 0, -0.53946, 0.174573
168, 0.6668, -0.1792, 1.0224, 0.823715, 0, -0.53946, 0.174573
168, 0.6784, -0.1696, 1.0512, 0.823715, 0, -0.53946, 0.174573
168, 0.69, -0.16, 1.08, 0.823715, 0, -0.53946, 0.174573
168, 0.7016, -0.1504, 1.1088, 0.823715, 0, -0.53946, 0.174573
168, 0.7132, -0.1408, 1.1376, 0.823715, 0, -0.53946, 0.174573
168, 0.7248, -0.1312, 1.1664, 0.823715, 0, -0.53946, 0.174573
168, 0.7364, -0.1216, 1.1952, 0.823715, 0, -0.53946, 0.174573
168, 0.748, -0.112, 1.224, 0.823715, 0, -0.53946, 0.174573
168, 0.7596, -0.1024, 1.2528, 0.823715, 0, -0.53946, 0.174573
168, 0.7712, -0.0928002, 1.2816, 0.823715, 0, -0.53946, 0.174573
168, 0.7828, -0.0832002, 1.3104, 0.823715, 0, -0.53946, 0.174573
168, 0.7944, -0.0736002, 1.3392, 0.823715, 0, -0.53946, 0.174573
168, 0.806, -0.0640002, 1.368, 0.823715, 0, -0.53946, 0.174573
168, 0.8176, -0.0544002, 1.3968, 0.823715, 0, -0.53946, 0.174573
169, 0.4348, -0.3712, 0.672, 0.840093, 0, -0.506912, 0.193088
169, 0.4464, -0.3616, 0.696, 0.840093, 0, -0.506912, 0.193088
169, 0.458, -0.352, 0.72, 0.840093, 0, -0.506912, 0.193088
169, 0.4696, -0.3424, 0.744, 0.840093, 0, -0.506912, 0.193088
169, 0.4812, -0.3328, 0.768, 0.840093, 0, -0.506912, 0.193088
169, 0.4928, -0.3232, 0.792, 0.840093, 0, -0.506912, 0.193088
169, 0.5044, -0.3136, 0.816, 0.840093, 0, -0.506912, 0.193088
169, 0.516, -0.304, 0.84, 0.840093, 0, -0.506912, 0.193088
169, 0.5276, -0.2944, 0.864, 0.840093, 0, -0.506912, 0.193088
169, 0.5392, -0.2848, 0.888, 0.840093, 0, -0.506912, 0.193088
169, 0.5508, -0.2752, 0.912, 0.840093, 0, -0.506912, 0.193088
169, 0.5624, -0.2656, 0.936, 0.840093, 0, -0.506912, 0.193088
169, 0.574, -0.256, 0.96, 0.840093, 0, -0.506912, 0.193088
169, 0.5856, -0.2464, 0.984, 0.840093, 0, -0.506912, 0.193088
169, 0.5972, -0.2368, 1.008, 0.840093, 0, -0.506912, 0.193088
169, 0.6088, -0.2272, 1.032, 0.840093, 0, -0.506912, 0.193088
169, 0.6204, -0.2176, 1.056, 0.840093, 0, -0.506912, 0.193088
169, 0.632, -0.208, 1.08, 0.840093, 0, -0.506912, 0.193088
169, 0.6436, -0.1984, 1.104, 0.840093, 0, -0.506912, 0.193088
169, 0.6552, -0.1888, 1.128, 0.840093, 0, -0.506912, 0.193088
169, 0.6668, -0.1792, 1.152, 0.840093, 0, -0.506912, 0.193088
169, 0.6784, -0.1696, 1.176, 0.840093, 0, -0.506912, 0.193088
169, 0.69, -0.16, 1.2, 0.840093, 0, -0.506912, 0.193088
169, 0.7016, -0.1504, 1.224, 0.840093, 0, -0.506912, 0.193088
169, 0.7132, -0.1408, 1.248, 0.840093, 0, -0.506912, 0.193088
169, 0.7248, -0.1312, 1.272, 0.840093, 0, -0.506912, 0.193088
169, 0.7364, -0.1216, 1.296, 0.840093, 0, -0.506912, 0.193088
169, 0.748, -0.112, 1.32, 0.840093, 0, -0.506912, 0.193088
169, 0.7596, -0.1024, 1.344, 0.840093, 0, -0.506912, 0.193088
169, 0.7712, -0.0928002, 1.368, 0.840093, 0, -0.506912, 0.193088
169, 0.7828, -0.0832002, 1.392, 0.840093, 0, -0.506912, 0.193088
169, 0.7944, -0.0736002, 1.416, 0.840093, 0, -0.506912, 0.193088
170, 0.4, -0.4, 0.84, 0.861277, 0, -0.461469, 0.212715
170, 0.4116, -0.3904, 0.8592, 0.861277, 0, -0.461469, 0.212715
170, 0.4232, -0.3808, 0.8784, 0.861277, 0, -0.461469, 0.212715
170, 0.4348, -0.3712, 0.8976, 0.861277, 0, -0.461469, 0.212715
170, 0.4464, -0.3616, 0.9168, 0.861277, 0, -0.461469, 0.212715
170, 0.458, -0.352, 0.936, 0.861277, 0, -0.461469, 0.212715
170, 0.4696, -0.3424, 0.9552, 0.861277, 0, -0.461469, 0.212715
170, 0.4812, -0.3328, 0.9744, 0.861277, 0, -0.461469, 0.212715
170, 0.4928, -0.3232, 0.9936, 0.861277, 0, -0.461469, 0.212715
170, 0.5044, -0.3136, 1.0128, 0.861277, 0, -0.461469, 0.212715
170, 0.516, -0.304, 1.032, 0.861277, 0, -0.461469, 0.212715
170, 0.5276, -0.2944, 1.0512, 0.861277, 0, -0.461469, 0.212715
170, 0.5392, -0.2848, 1.0704, 0.861277, 0, -0.461469, 0.212715
170, 0.5508, -0.2752, 1.0896, 0.861277, 0, -0.461469, 0.212715
170, 0.5624, -0.2656, 1.1088, 0.861277, 0, -0.461469, 0.212715
170, 0.574, -0.256, 1.128, 0.861277, 0, -0.461469, 0.212715
170, 0.5856, -0.2464, 1.1472, 0.861277, 0, -0.461469, 0.212715
170, 0.5972, -0.2368, 1.1664, 0.861277, 0, -0.461469, 0.212715
170, 0.6088, -0.2272, 1.1856, 0.861277, 0, -0.461469, 0.212715
170, 0.6204, -0.2176, 1.2048, 0.861277, 0, -0.461469, 0.212715
170, 0.632, -0.208, 1.224, 0.861277, 0, -0.461469, 0.212715
170, 0.6436, -0.1984, 1.2432, 0.861277, 0, -0.461469, 0.212715
170, 0.6552, -0.1888, 1.2624, 0.861277, 0, -0.461469, 0.212715
170, 0.6668, -0.1792, 1.2816, 0.861277, 0, -0.461469, 0.212715
170, 0.6784, -0.1696, 1.3008, 0.861277, 0, -0.461469, 0.212715
170, 0.69, -0.16, 1.32, 0.861277, 0, -0.461469, 0.212715
170, 0.7016, -0.1504, 1.3392, 0.861277, 0, -0.461469, 0.212715
170, 0.7132, -0.1408, 1.3584, 0.861277, 0, -0.461469, 0.212715
170, 0.7248, -0.1312, 1.3776, 0.861277, 0, -0.461469, 0.212715
170, 0.7364, -0.1216, 1.3968, 0.861277, 0, -0.461469, 0.212715
170, 0.748, -0.112, 1.416, 0.861277, 0, -0.461469, 0.212715
170, 0.7596, -0.1024, 1.4352, 0.861277, 0, -0.461469, 0.212715
171, 0.4116, -0.3904, 1.0944, 0.888848, 0, -0.395358, 0.231607
171, 0.4232, -0.3808, 1.1088, 0.888848, 0, -0.395358, 0.231607
171, 0.4348, -0.3712, 1.1232, 0.888848, 0, -0.395358, 0.231607
171, 0.4464, -0.3616, 1.1376, 0.888848, 0, -0.395358, 0.231607
171, 0.458, -0.352, 1.152, 0.888848, 0, -0.395358, 0.231607
171, 0.4696, -0.3424, 1.1664, 0.888848, 0, -0.395358, 0.231607
171, 0.4812, -0.3328, 1.1808, 0.888848, 0, -0.395358, 0.231607
171, 0.5276, -0.2944, 1.2384, 0.888848, 0, -0.395358, 0.231607
171, 0.5508, -0.2752, 1.2672, 0.888848, 0, -0.395358, 0.231607
171, 0.5624, -0.2656, 1.2816, 0.888848, 0, -0.395358, 0.231607
171, 0.5972, -0.2368, 1.3248, 0.888848, 0, -0.395358, 0.231607
171, 0.6088, -0.2272, 1.3392, 0.888848, 0, -0.395358, 0.231607
171, 0.6204, -0.2176, 1.3536, 0.888848, 0, -0.395358, 0.231607
171, 0.632, -0.208, 1.368, 0.888848, 0, -0.395358, 0.231607
171, 0.6436, -0.1984, 1.3824, 0.888848, 0, -0.395358, 0.231607
171, 0.6552, -0.1888, 1.3968, 0.888848, 0, -0.395358, 0.231607
174, 0.574, -0.0880001, 0.624, 0.813511, 0, -0.575906, 0.0808257
174, 0.5856, -0.0832001, 0.657599, 0.813511, 0, -0.575906, 0.0808257
174, 0.5972, -0.0784001, 0.691199, 0.813511, 0, -0.575906, 0.0808257
174, 0.6088, -0.0736001, 0.724799, 0.813511, 0, -0.575906, 0.0808257
174, 0.6204, -0.0688001, 0.758399, 0.813511, 0, -0.575906, 0.0808257
174, 0.632, -0.0640001, 0.791999, 0.813511, 0, -0.575906, 0.0808257
174, 0.6436, -0.0592001, 0.825599, 0.813511, 0, -0.575906, 0.0808257
174, 0.6552, -0.0544001, 0.859199, 0.813511, 0, -0.575906, 0.0808257
174, 0.6668, -0.0496001, 0.892799, 0.813511, 0, -0.575906, 0.0808257
174, 0.6784, -0.0448001, 0.926399, 0.813511, 0, -0.575906, 0.0808257
174, 0.69, -0.0400001, 0.959999, 0.813511, 0, -0.575906, 0.0808257
174, 0.7016, -0.0352001, 0.993599, 0.813511, 0, -0.575906, 0.0808257
174, 0.7132, -0.0304001, 1.0272, 0.813511, 0, -0.575906, 0.0808257
174, 0.7248, -0.0256001, 1.0608, 0.813511, 0, -0.575906, 0.0808257
174, 0.7364, -0.0208001, 1.0944, 0.813511, 0, -0.575906, 0.0808257
174, 0.748, -0.0160001, 1.128, 0.813511, 0, -0.575906, 0.0808257
174, 0.7596, -0.0112001, 1.1616, 0.813511, 0, -0.575906, 0.0808257
174, 0.7712, -0.00640009, 1.1952, 0.813511, 0, -0.575906, 0.0808257
174, 0.7828, -0.00160009, 1.2288, 0.813511, 0, -0.575906, 0.0808257
174, 0.7944, 0.00319991, 1.2624, 0.813511, 0, -0.575906, 0.0808257
174, 0.806, 0.00799991, 1.296, 0.813511, 0, -0.575906, 0.0808257
174, 0.8176, 0.0127999, 1.3296, 0.813511, 0, -0.575906, 0.0808257
174, 0.8292, 0.0175999, 1.3632, 0.813511, 0, -0.575906, 0.0808257
175, 0.5044, -0.1168, 0.6192, 0.827572, 0, -0.554166, 0.0895804
175, 0.516, -0.112, 0.648, 0.827572, 0, -0.554166, 0.0895804
175, 0.5276, -0.1072, 0.6768, 0.827572, 0, -0.554166, 0.0895804
175, 0.5392, -0.1024, 0.7056, 0.827572, 0, -0.554166, 0.0895804
175, 0.5508, -0.0976001, 0.7344, 0.827572, 0, -0.554166, 0.0895804
175, 0.5624, -0.0928001, 0.7632, 0.827572, 0, -0.554166, 0.0895804
175, 0.574, -0.0880001, 0.792, 0.827572, 0, -0.554166, 0.0895804
175, 0.5856, -0.0832001, 0.8208, 0.827572, 0, -0.554166, 0.0895804
175, 0.5972, -0.0784001, 0.8496, 0.827572, 0, -0.554166, 0.0895804
175, 0.6088, -0.0736001, 0.8784, 0.827572, 0, -0.554166, 0.0895804
175, 0.6204, -0.0688001, 0.907199, 0.827572, 0, -0.554166, 0.0895804
175, 0.632, -0.0640001, 0.935999, 0.827572, 0, -0.554166, 0.0895804
175, 0.6436, -0.0592001, 0.964799, 0.827572, 0, -0.554166, 0.0895804
175, 0.6552, -0.0544001, 0.993599, 0.827572, 0, -0.554166, 0.0895804
175, 0.6668, -0.0496001, 1.0224, 0.827572, 0, -0.554166, 0.0895804
175, 0.6784, -0.0448001, 1.0512, 0.827572, 0, -0.554166, 0.0895804
175, 0.69, -0.0400001, 1.08, 0.827572, 0, -0.554166, 0.0895804
175, 0.7016, -0.0352001, 1.1088, 0.827572, 0, -0.554166, 0.0895804
175, 0.7132, -0.0304001, 1.1376, 0.827572, 0, -0.554166, 0.0895804
175, 0.7248, -0.0256001, 1.1664, 0.827572, 0, -0.554166, 0.0895804
175, 0.7364, -0.0208001, 1.1952, 0.827572, 0, -0.554166, 0.0895804
175, 0.748, -0.0160001, 1.224, 0.827572, 0, -0.554166, 0.0895804
175, 0.7596, -0.0112001, 1.2528, 0.827572, 0, -0.554166, 0.0895804
175, 0.7712, -0.00640009, 1.2816, 0.827572, 0, -0.554166, 0.0895804
175, 0.7828, -0.00160009, 1.3104, 0.827572, 0, -0.554166, 0.0895804
175, 0.7944, 0.00319991, 1.3392, 0.827572, 0, -0.554166, 0.0895804
175, 0.806, 0.00799991, 1.368, 0.827572, 0, -0.554166, 0.0895804
175, 0.8176, 0.0127999, 1.3968, 0.827572, 0, -0.554166, 0.0895804
176, 0.458, -0.136, 0.72, 0.845498, 0, -0.524683, 0.0992026
176, 0.4696, -0.1312, 0.744, 0.845498, 0, -0.524683, 0.0992026
176, 0.4812, -0.1264, 0.768, 0.845498, 0, -0.524683, 0.0992026
176, 0.4928, -0.1216, 0.792, 0.845498, 0, -0.524683, 0.0992026
176, 0.5044, -0.1168, 0.816, 0.845498, 0, -0.524683, 0.0992026
176, 0.516, -0.112, 0.84, 0.845498, 0, -0.524683, 0.0992026
176, 0.5276, -0.1072, 0.864, 0.845498, 0, -0.524683, 0.0992026
176, 0.5392, -0.1024, 0.888, 0.845498, 0, -0.524683, 0.0992026
176, 0.5508, -0.0976001, 0.912, 0.845498, 0, -0.524683, 0.0992026
176, 0.5624, -0.0928001, 0.936, 0.845498, 0, -0.524683, 0.0992026
176, 0.574, -0.0880001, 0.96, 0.845498, 0, -0.524683, 0.0992026
176, 0.5856, -0.0832001, 0.984, 0.845498, 0, -0.524683, 0.0992026
176, 0.5972, -0.0784001, 1.008, 0.845498, 0, -0.524683, 0.0992026
176, 0.6088, -0.0736001, 1.032, 0.845498, 0, -0.524683, 0.0992026
176, 0.6204, -0.0688001, 1.056, 0.845498, 0, -0.524683, 0.0992026
176, 0.632, -0.0640001, 1.08, 0.845498, 0, -0.524683, 0.0992026
176, 0.6436, -0.0592001, 1.104, 0.845498, 0, -0.524683, 0.0992026
176, 0.6552, -0.0544001, 1.128, 0.845498, 0, -0.524683, 0.0992026
176, 0.6668, -0.0496001, 1.152, 0.845498, 0, -0.524683, 0.0992026
176, 0.6784, -0.0448001, 1.176, 0.845498, 0, -0.524683, 0.0992026
176, 0.69, -0.0400001, 1.2, 0.845498, 0, -0.524683, 0.0992026
176, 0.7016, -0.0352001, 1.224, 0.845498, 0, -0.524683, 0.0992026
176, 0.7132, -0.0304001, 1.248, 0.845498, 0, -0.524683, 0.0992026
176, 0.7248, -0.0256001, 1.272, 0.845498, 0, -0.524683, 0.0992026
176, 0.7364, -0.0208001, 1.296, 0.845498, 0, -0.524683, 0.0992026
176, 0.748, -0.0160001, 1.32, 0.845498, 0, -0.524683, 0.0992026
176, 0.7596, -0.0112001, 1.344, 0.845498, 0, -0.524683, 0.0992026
176, 0.7712, -0.00640009, 1.368, 0.845498, 0, -0.524683, 0.0992026
176, 0.7828, -0.00160009, 1.392, 0.845498, 0, -0.524683, 0.0992026
176, 0.7944, 0.00319991, 1.416, 0.845498, 0, -0.524683, 0.0992026
177, 0.4, -0.16, 0.84, 0.868857, 0, -0.483105, 0.108154
177, 0.4116, -0.1552, 0.8592, 0.868857, 0, -0.483105, 0.108154
177, 0.4232, -0.1504, 0.8784, 0.868857, 0, -0.483105, 0.108154
177, 0.4348, -0.1456, 0.8976, 0.868857, 0, -0.483105, 0.108154
177, 0.4464, -0.1408, 0.9168, 0.868857, 0, -0.483105, 0.108154
177, 0.458, -0.136, 0.936, 0.868857, 0, -0.483105, 0.108154
177, 0.4696, -0.1312, 0.9552, 0.868857, 0, -0.483105, 0.108154
177, 0.4812, -0.1264, 0.9744, 0.868857, 0, -0.483105, 0.108154
177, 0.4928, -0.1216, 0.9936, 0.868857, 0, -0.483105, 0.108154
177, 0.5044, -0.1168, 1.0128, 0.868857, 0, -0.483105, 0.108154
177, 0.516, -0.112, 1.032, 0.868857, 0, -0.483105, 0.108154
177, 0.5276, -0.1072, 1.0512, 0.868857, 0, -0.483105, 0.108154
177, 0.5392, -0.1024, 1.0704, 0.868857, 0, -0.483105, 0.108154
177, 0.5508, -0.0976001, 1.0896, 0.868857, 0, -0.483105, 0.108154
177, 0.5624, -0.0928001, 1.1088, 0.868857, 0, -0.483105, 0.108154
177, 0.574, -0.0880001, 1.128, 0.868857, 0, -0.483105, 0.108154
177, 0.5856, -0.0832001, 1.1472, 0.868857, 0, -0.483105, 0.108154
177, 0.5972, -0.0784001, 1.1664, 0.868857, 0, -0.483105, 0.108154
177, 0.6088, -0.0736001, 1.1856, 0.868857, 0, -0.483105, 0.108154
177, 0.6204, -0.0688001, 1.2048, 0.868857, 0, -0.483105, 0.108154
177, 0.632, -0.0640001, 1.224, 0.868857, 0, -0.483105, 0.108154
177, 0.6436, -0.0592001, 1.2432, 0.868857, 0, -0.483105, 0.108154
177, 0.6552, -0.0544001, 1.2624, 0.868857, 0, -0.483105, 0.108154
177, 0.6668, -0.0496001, 1.2816, 0.868857, 0, -0.483105, 0.108154
177, 0.6784, -0.0448001, 1.3008, 0.868857, 0, -0.483105, 0.108154
177, 0.69, -0.0400001, 1.32, 0.868857, 0, -0.483105, 0.108154
177, 0.7016, -0.0352001, 1.3392, 0.868857, 0, -0.483105, 0.108154
177, 0.7132, -0.0304001, 1.3584, 0.868857, 0, -0.483105, 0.108154
177, 0.7248, -0.0256001, 1.3776, 0.868857, 0, -0.483105, 0.108154
177, 0.7364, -0.0208001, 1.3968, 0.868857, 0, -0.483105, 0.108154
177, 0.748, -0.0160001, 1.416, 0.868857, 0, -0.483105, 0.108154
177, 0.7596, -0.0112001, 1.4352, 0.868857, 0, -0.483105, 0.108154
178, 0.4, -0.16, 1.08, 0.899701, 0, -0.42188, 0.112054
178, 0.4116, -0.1552, 1.0944, 0.899701, 0, -0.42188, 0.112054
178, 0.4232, -0.1504, 1.1088, 0.899701, 0, -0.42188, 0.112054
178, 0.4348, -0.1456, 1.1232, 0.899701, 0, -0.42188, 0.112054
178, 0.4464, -0.1408, 1.1376, 0.899701, 0, -0.42188, 0.112054
178, 0.458, -0.136, 1.152, 0.899701, 0, -0.42188, 0.112054
178, 0.4696, -0.1312, 1.1664, 0.899701, 0, -0.42188, 0.112054
178, 0.4812, -0.1264, 1.1808, 0.899701, 0, -0.42188, 0.112054
178, 0.4928, -0.1216, 1.1952, 0.899701, 0, -0.42188, 0.112054
178, 0.5044, -0.1168, 1.2096, 0.899701, 0, -0.42188, 0.112054
178, 0.516, -0.112, 1.224, 0.899701, 0, -0.42188, 0.112054
178, 0.5276, -0.1072, 1.2384, 0.899701, 0, -0.42188, 0.112054
178, 0.5392, -0.1024, 1.2528, 0.899701, 0, -0.42188, 0.112054
178, 0.5508, -0.0976001, 1.2672, 0.899701, 0, -0.42188, 0.112054
178, 0.5624, -0.0928001, 1.2816, 0.899701, 0, -0.42188, 0.112054
178, 0.574, -0.0880001, 1.296, 0.899701, 0, -0.42188, 0.112054
178, 0.5856, -0.0832001, 1.3104, 0.899701, 0, -0.42188, 0.112054
178, 0.5972, -0.0784001, 1.3248, 0.899701, 0, -0.42188, 0.112054
178, 0.6088, -0.0736001, 1.3392, 0.899701, 0, -0.42188, 0.112054
178, 0.6204, -0.0688001, 1.3536, 0.899701, 0, -0.42188, 0.112054
178, 0.632, -0.0640001, 1.368, 0.899701, 0, -0.42188, 0.112054
178, 0.6436, -0.0592001, 1.3824, 0.899701, 0, -0.42188, 0.112054
178, 0.6552, -0.0544001, 1.3968, 0.899701, 0, -0.42188, 0.112054
178, 0.6668, -0.0496001, 1.4112, 0.899701, 0, -0.42188, 0.112054
178, 0.6784, -0.0448001, 1.4256, 0.899701, 0, -0.42188, 0.112054
178, 0.69, -0.0400001, 1.44, 0.899701, 0, -0.42188, 0.112054
178, 0.7016, -0.0352001, 1.4544, 0.899701, 0, -0.42188, 0.112054
178, 0.7132, -0.0304001, 1.4688, 0.899701, 0, -0.42188, 0.112054
179, 0.4232, -0.1504, 1.3392, 0.938776, 0, -0.32839, 0.104209
179, 0.4928, -0.1216, 1.3968, 0.938776, 0, -0.32839, 0.104209
179, 0.5044, -0.1168, 1.4064, 0.938776, 0, -0.32839, 0.104209
179, 0.516, -0.112, 1.416, 0.938776, 0, -0.32839, 0.104209
179, 0.5276, -0.1072, 1.4256, 0.938776, 0, -0.32839, 0.104209
179, 0.5392, -0.1024, 1.4352, 0.938776, 0, -0.32839, 0.104209
179, 0.5508, -0.0976001, 1.4448, 0.938776, 0, -0.32839, 0.104209
179, 0.5856, -0.0832001, 1.4736, 0.938776, 0, -0.32839, 0.104209
179, 0.5972, -0.0784001, 1.4832, 0.938776, 0, -0.32839, 0.104209
179, 0.6088, -0.0736001, 1.4928, 0.938776, 0, -0.32839, 0.104209
180, 0.4, -0.16, 1.56, 0.978106, 0, -0.186986, 0.091348
181, 0.574, 0.08, 0.624, 0.814352, 0, -0.580372, 0
181, 0.5856, 0.08, 0.657599, 0.814352, 0, -0.580372, 0
181, 0.5972, 0.08, 0.691199, 0.814352, 0, -0.580372, 0
181, 0.6088, 0.08, 0.724799, 0.814352, 0, -0.580372, 0
181, 0.6204, 0.08, 0.758399, 0.814352, 0, -0.580372, 0
181, 0.632, 0.08, 0.791999, 0.814352, 0, -0.580372, 0
181, 0.6436, 0.08, 0.825599, 0.814352, 0, -0.580372, 0
181, 0.6552, 0.08, 0.859199, 0.814352, 0, -0.580372, 0
181, 0.6668, 0.08, 0.892799, 0.814352, 0, -0.580372, 0
181, 0.6784, 0.08, 0.926399, 0.814352, 0, -0.580372, 0
181, 0.69, 0.08, 0.959999, 0.814352, 0, -0.580372, 0
181, 0.7016, 0.08, 0.993599, 0.814352, 0, -0.580372, 0
181, 0.7132, 0.08, 1.0272, 0.814352, 0, -0.580372, 0
181, 0.7248, 0.08, 1.0608, 0.814352, 0, -0.580372, 0
181, 0.7364, 0.08, 1.0944, 0.814352, 0, -0.580372, 0
181, 0.748, 0.08, 1.128, 0.814352, 0, -0.580372, 0
181, 0.7596, 0.08, 1.1616, 0.814352, 0, -0.580372, 0
181, 0.7712, 0.08, 1.1952, 0.814352, 0, -0.580372, 0
181, 0.7828, 0.08, 1.2288, 0.814352, 0, -0.580372, 0
181, 0.7944, 0.08, 1.2624, 0.814352, 0, -0.580372, 0
181, 0.806, 0.08, 1.296, 0.814352, 0, -0.580372, 0
181, 0.8176, 0.08, 1.3296, 0.814352, 0, -0.580372, 0
181, 0.8292, 0.08, 1.3632, 0.814352, 0, -0.580372, 0
182, 0.5044, 0.08, 0.6192, 0.828737, 0, -0.559638, 0
182, 0.516, 0.08, 0.648, 0.828737, 0, -0.559638, 0
182, 0.5276, 0.08, 0.6768, 0.828737, 0, -0.559638, 0
182, 0.5392, 0.08, 0.7056, 0.828737, 0, -0.559638, 0
182, 0.5508, 0.08, 0.7344, 0.828737, 0, -0.559638, 0
182, 0.5624, 0.08, 0.7632, 0.828737, 0, -0.559638, 0
182, 0.574, 0.08, 0.792, 0.828737, 0, -0.559638, 0
182, 0.5856, 0.08, 0.8208, 0.828737, 0, -0.559638, 0
182, 0.5972, 0.08, 0.8496, 0.828737, 0, -0.559638, 0
182, 0.6088, 0.08, 0.8784, 0.828737, 0, -0.559638, 0
182, 0.6204, 0.08, 0.907199, 0.828737, 0, -0.559638, 0
182, 0.632, 0.08, 0.935999, 0.828737, 0, -0.559638, 0
182, 0.6436, 0.08, 0.964799, 0.828737, 0, -0.559638, 0
182, 0.6552, 0.08, 0.993599, 0.828737, 0, -0.559638, 0
182, 0.6668, 0.08, 1.0224, 0.828737, 0, -0.559638, 0
182, 0.6784, 0.08, 1.0512, 0.828737, 0, -0.559638, 0
182, 0.69, 0.08, 1.08, 0.828737, 0, -0.559638, 0
182, 0.7016, 0.08, 1.1088, 0.828737, 0, -0.559638, 0
182, 0.7132, 0.08, 1.1376, 0.828737, 0, -0.559638, 0
182, 0.7248, 0.08, 1.1664, 0.828737, 0, -0.559638, 0
182, 0.7364, 0.08, 1.1952, 0.828737, 0, -0.559638, 0
182, 0.748, 0.08, 1.224, 0.828737, 0, -0.559638, 0
182, 0.7596, 0.08, 1.2528, 0.828737, 0, -0.559638, 0
182, 0.7712, 0.08, 1.2816, 0.828737, 0, -0.559638, 0
182, 0.7828, 0.08, 1.3104, 0.828737, 0, -0.559638, 0
182, 0.7944, 0.08, 1.3392, 0.828737, 0, -0.559638, 0
182, 0.806, 0.08, 1.368, 0.828737, 0, -0.559638, 0
182, 0.8176, 0.08, 1.3968, 0.828737, 0, -0.559638, 0
183, 0.4696, 0.08, 0.744, 0.847103, 0, -0.531428, 0
183, 0.4812, 0.08, 0.768, 0.847103, 0, -0.531428, 0
183, 0.4928, 0.08, 0.792, 0.847103, 0, -0.531428, 0
183, 0.5044, 0.08, 0.816, 0.847103, 0, -0.531428, 0
183, 0.516, 0.08, 0.84, 0.847103, 0, -0.531428, 0
183, 0.5276, 0.08, 0.864, 0.847103, 0, -0.531428, 0
183, 0.5392, 0.08, 0.888, 0.847103, 0, -0.531428, 0
183, 0.5508, 0.08, 0.912, 0.847103, 0, -0.531428, 0
183, 0.5624, 0.08, 0.936, 0.847103, 0, -0.531428, 0
183, 0.574, 0.08, 0.96, 0.847103, 0, -0.531428, 0
183, 0.5856, 0.08, 0.984, 0.847103, 0, -0.531428, 0
183, 0.5972, 0.08, 1.008, 0.847103, 0, -0.531428, 0
183, 0.6088, 0.08, 1.032, 0.847103, 0, -0.531428, 0
183, 0.6204, 0.08, 1.056, 0.847103, 0, -0.531428, 0
183, 0.632, 0.08, 1.08, 0.847103, 0, -0.531428, 0
183, 0.6436, 0.08, 1.104, 0.847103, 0, -0.531428, 0
183, 0.6552, 0.08, 1.128, 0.847103, 0, -0.531428, 0
183, 0.6668, 0.08, 1.152, 0.847103, 0, -0.531428, 0
183, 0.6784, 0.08, 1.176, 0.847103, 0, -0.531428, 0
183, 0.69, 0.08, 1.2, 0.847103, 0, -0.531428, 0
183, 0.7016, 0.08, 1.224, 0.847103, 0, -0.531428, 0
183, 0.7132, 0.08, 1.248, 0.847103, 0, -0.531428, 0
183, 0.7248, 0.08, 1.272, 0.847103, 0, -0.531428, 0
183, 0.7364, 0.08, 1.296, 0.847103, 0, -0.531428, 0
183, 0.748, 0.08, 1.32, 0.847103, 0, -0.531428, 0
183, 0.7596, 0.08, 1.344, 0.847103, 0, -0.531428, 0
183, 0.7712, 0.08, 1.368, 0.847103, 0, -0.531428, 0
183, 0.7828, 0.08, 1.392, 0.847103, 0, -0.531428, 0
183, 0.7944, 0.08, 1.416, 0.847103, 0, -0.531428, 0
184, 0.4, 0.08, 0.84, 0.870952, 0, -0.491368, 0
184, 0.4116, 0.08, 0.8592, 0.870952, 0, -0.491368, 0
184, 0.4232, 0.08, 0.8784, 0.870952, 0, -0.491368, 0
184, 0.4348, 0.08, 0.8976, 0.870952, 0, -0.491368, 0
184, 0.4464, 0.08, 0.9168, 0.870952, 0, -0.491368, 0
184, 0.458, 0.08, 0.936, 0.870952, 0, -0.491368, 0
184, 0.4696, 0.08, 0.9552, 0.870952, 0, -0.491368, 0
184, 0.4812, 0.08, 0.9744, 0.870952, 0, -0.491368, 0
184, 0.4928, 0.08, 0.9936, 0.870952, 0, -0.491368, 0
184, 0.5044, 0.08, 1.0128, 0.870952, 0, -0.491368, 0
184, 0.516, 0.08, 1.032, 0.870952, 0, -0.491368, 0
184, 0.5276, 0.08, 1.0512, 0.870952, 0, -0.491368, 0
184, 0.5392, 0.08, 1.0704, 0.870952, 0, -0.491368, 0
184, 0.5508, 0.08, 1.0896, 0.870952, 0, -0.491368, 0
184, 0.5624, 0.08, 1.1088, 0.870952, 0, -0.491368, 0
184, 0.574, 0.08, 1.128, 0.870952, 0, -0.491368, 0
184, 0.5856, 0.08, 1.1472, 0.870952, 0, -0.491368, 0
184, 0.5972, 0.08, 1.1664, 0.870952, 0, -0.491368, 0
184, 0.6088, 0.08, 1.1856, 0.870952, 0, -0.491368, 0
184, 0.6204, 0.08, 1.2048, 0.870952, 0, -0.491368, 0
184, 0.632, 0.08, 1.224, 0.870952, 0, -0.491368, 0
184, 0.6436, 0.08, 1.2432, 0.870952, 0, -0.491368, 0
184, 0.6552, 0.08, 1.2624, 0.870952, 0, -0.491368, 0
184, 0.6668, 0.08, 1.2816, 0.870952, 0, -0.491368, 0
184, 0.6784, 0.08, 1.3008, 0.870952, 0, -0.491368, 0
184, 0.69, 0.08, 1.32, 0.870952, 0, -0.491368, 0
184, 0.7016, 0.08, 1.3392, 0.870952, 0, -0.491368, 0
184, 0.7132, 0.08, 1.3584, 0.870952, 0, -0.491368, 0
184, 0.7248, 0.08, 1.3776, 0.870952, 0, -0.491368, 0
184, 0.7364, 0.08, 1.3968, 0.870952, 0, -0.491368, 0
184, 0.748, 0.08, 1.416, 0.870952, 0, -0.491368, 0
184, 0.7596, 0.08, 1.4352, 0.870952, 0, -0.491368, 0
185, 0.4, 0.08, 1.08, 0.902034, 0, -0.431666, 0
185, 0.4116, 0.08, 1.0944, 0.902034, 0, -0.431666, 0
185, 0.4232, 0.08, 1.1088, 0.902034, 0, -0.431666, 0
185, 0.4348, 0.08, 1.1232, 0.902034, 0, -0.431666, 0
185, 0.4464, 0.08, 1.1376, 0.902034, 0, -0.431666, 0
185, 0.458, 0.08, 1.152, 0.902034, 0, -0.431666, 0
185, 0.4696, 0.08, 1.1664, 0.902034, 0, -0.431666, 0
185, 0.4812, 0.08, 1.1808, 0.902034, 0, -0.431666, 0
185, 0.4928, 0.08, 1.1952, 0.902034, 0, -0.431666, 0
185, 0.5044, 0.08, 1.2096, 0.902034, 0, -0.431666, 0
185, 0.516, 0.08, 1.224, 0.902034, 0, -0.431666, 0
185, 0.5276, 0.08, 1.2384, 0.902034, 0, -0.431666, 0
185, 0.5392, 0.08, 1.2528, 0.902034, 0, -0.431666, 0
185, 0.5508, 0.08, 1.2672, 0.902034, 0, -0.431666, 0
185, 0.5624, 0.08, 1.2816, 0.902034, 0, -0.431666, 0
185, 0.574, 0.08, 1.296, 0.902034, 0, -0.431666, 0
185, 0.5856, 0.08, 1.3104, 0.902034, 0, -0.431666, 0
185, 0.5972, 0.08, 1.3248, 0.902034, 0, -0.431666, 0
185, 0.6088, 0.08, 1.3392, 0.902034, 0, -0.431666, 0
185, 0.6204, 0.08, 1.3536, 0.902034, 0, -0.431666, 0
185, 0.632, 0.08, 1.368, 0.902034, 0, -0.431666, 0
185, 0.6436, 0.08, 1.3824, 0.902034, 0, -0.431666, 0
185, 0.6552, 0.08, 1.3968, 0.902034, 0, -0.431666, 0
185, 0.6668, 0.08, 1.4112, 0.902034, 0, -0.431666, 0
185, 0.6784, 0.08, 1.4256, 0.902034, 0, -0.431666, 0
185, 0.69, 0.08, 1.44, 0.902034, 0, -0.431666, 0
185, 0.7016, 0.08, 1.4544, 0.902034, 0, -0.431666, 0
185, 0.7132, 0.08, 1.4688, 0.902034, 0, -0.431666, 0
186, 0.4116, 0.08, 1.3296, 0.940849, 0, -0.338826, 0
186, 0.4348, 0.08, 1.3488, 0.940849, 0, -0.338826, 0
186, 0.4464, 0.08, 1.3584, 0.940849, 0, -0.338826, 0
186, 0.5392, 0.08, 1.4352, 0.940849, 0, -0.338826, 0
186, 0.5624, 0.08, 1.4544, 0.940849, 0, -0.338826, 0
186, 0.574, 0.08, 1.464, 0.940849, 0, -0.338826, 0
186, 0.5856, 0.08, 1.4736, 0.940849, 0, -0.338826, 0
186, 0.5972, 0.08, 1.4832, 0.940849, 0, -0.338826, 0
186, 0.6088, 0.08, 1.4928, 0.940849, 0, -0.338826, 0
186, 0.6204, 0.08, 1.5024, 0.940849, 0, -0.338826, 0
187, 0.4, 0.08, 1.56, 0.98082, 0, -0.194914, 0
187, 0.4116, 0.08, 1.5648, 0.98082, 0, -0.194914, 0
188, 0.5856, 0.2432, 0.657599, 0.813511, 0, -0.575906, -0.0808257
188, 0.5972, 0.2384, 0.691199, 0.813511, 0, -0.575906, -0.0808257
188, 0.6088, 0.2336, 0.724799, 0.813511, 0, -0.575906, -0.0808257
188, 0.6204, 0.2288, 0.758399, 0.813511, 0, -0.575906, -0.0808257
188, 0.632, 0.224, 0.791999, 0.813511, 0, -0.575906, -0.0808257
188, 0.6436, 0.2192, 0.825599, 0.813511, 0, -0.575906, -0.0808257
188, 0.6552, 0.2144, 0.859199, 0.813511, 0, -0.575906, -0.0808257
188, 0.6668, 0.2096, 0.892799, 0.813511, 0, -0.575906, -0.0808257
188, 0.6784, 0.2048, 0.926399, 0.813511, 0, -0.575906, -0.0808257
188, 0.69, 0.2, 0.959999, 0.813511, 0, -0.575906, -0.0808257
188, 0.7016, 0.1952, 0.993599, 0.813511, 0, -0.575906, -0.0808257
188, 0.7132, 0.1904, 1.0272, 0.813511, 0, -0.575906, -0.0808257
188, 0.7248, 0.1856, 1.0608, 0.813511, 0, -0.575906, -0.0808257
188, 0.7364, 0.1808, 1.0944, 0.813511, 0, -0.575906, -0.0808257
188, 0.748, 0.176, 1.128, 0.813511, 0, -0.575906, -0.0808257
188, 0.7596, 0.1712, 1.1616, 0.813511, 0, -0.575906, -0.0808257
188, 0.7712, 0.1664, 1.1952, 0.813511, 0, -0.575906, -0.0808257
188, 0.7828, 0.1616, 1.2288, 0.813511, 0, -0.575906, -0.0808257
188, 0.7944, 0.1568, 1.2624, 0.813511, 0, -0.575906, -0.0808257
188, 0.806, 0.152, 1.296, 0.813511, 0, -0.575906, -0.0808257
188, 0.8176, 0.1472, 1.3296, 0.813511, 0, -0.575906, -0.0808257
188, 0.8292, 0.1424, 1.3632, 0.813511, 0, -0.575906, -0.0808257
189, 0.516, 0.272, 0.648, 0.827572, 0, -0.554166, -0.0895804
189, 0.5276, 0.2672, 0.6768, 0.827572, 0, -0.554166, -0.0895804
189, 0.5392, 0.2624, 0.7056, 0.827572, 0, -0.554166, -0.0895804
189, 0.5508, 0.2576, 0.7344, 0.827572, 0, -0.554166, -0.0895804
189, 0.5624, 0.2528, 0.7632, 0.827572, 0, -0.554166, -0.0895804
189, 0.574, 0.248, 0.792, 0.827572, 0, -0.554166, -0.0895804
189, 0.5856, 0.2432, 0.8208, 0.827572, 0, -0.554166, -0.0895804
189, 0.5972, 0.2384, 0.8496, 0.827572, 0, -0.554166, -0.0895804
189, 0.6088, 0.2336, 0.8784, 0.827572, 0, -0.554166, -0.0895804
189, 0.6204, 0.2288, 0.907199, 0.827572, 0, -0.554166, -0.0895804
189, 0.632, 0.224, 0.935999, 0.827572, 0, -0.554166, -0.0895804
189, 0.6436, 0.2192, 0.964799, 0.827572, 0, -0.554166, -0.0895804
189, 0.6552, 0.2144, 0.993599, 0.827572, 0, -0.554166, -0.0895804
189, 0.6668, 0.2096, 1.0224, 0.827572, 0, -0.554166, -0.0895804
189, 0.6784, 0.2048, 1.0512, 0.827572, 0, -0.554166, -0.0895804
189, 0.69, 0.2, 1.08, 0.827572, 0, -0.554166, -0.0895804
189, 0.7016, 0.1952, 1.1088, 0.827572, 0, -0.554166, -0.0895804
189, 0.7132, 0.1904, 1.1376, 0.827572, 0, -0.554166, -0.0895804
189, 0.7248, 0.1856, 1.1664, 0.827572, 0, -0.554166, -0.0895804
189, 0.7364, 0.1808, 1.1952, 0.827572, 0, -0.554166, -0.0895804
189, 0.748, 0.176, 1.224, 0.827572, 0, -0.554166, -0.0895804
189, 0.7596, 0.1712, 1.2528, 0.827572, 0, -0.554166, -0.0895804
189, 0.7712, 0.1664, 1.2816, 0.827572, 0, -0.554166, -0.0895804
189, 0.7828, 0.1616, 1.3104, 0.827572, 0, -0.554166, -0.0895804
189, 0.7944, 0.1568, 1.3392, 0.827572, 0, -0.554166, -0.0895804
189, 0.806, 0.152, 1.368, 0.827572, 0, -0.554166, -0.0895804
189, 0.8176, 0.1472, 1.3968, 0.827572, 0, -0.554166, -0.0895804
190, 0.4116, 0.3152, 0.624, 0.845498, 0, -0.524683, -0.0992026
190, 0.4232, 0.3104, 0.648, 0.845498, 0, -0.524683, -0.0992026
190, 0.4348, 0.3056, 0.672, 0.845498, 0, -0.524683, -0.0992026
190, 0.4464, 0.3008, 0.696, 0.845498, 0, -0.524683, -0.0992026
190, 0.458, 0.296, 0.72, 0.845498, 0, -0.524683, -0.0992026
190, 0.4696, 0.2912, 0.744, 0.845498, 0, -0.524683, -0.0992026
190, 0.4812, 0.2864, 0.768, 0.845498, 0, -0.524683, -0.0992026
190, 0.4928, 0.2816, 0.792, 0.845498, 0, -0.524683, -0.0992026
190, 0.5044, 0.2768, 0.816, 0.845498, 0, -0.524683, -0.0992026
190, 0.516, 0.272, 0.84, 0.845498, 0, -0.524683, -0.0992026
190, 0.5276, 0.2672, 0.864, 0.845498, 0, -0.524683, -0.0992026
190, 0.5392, 0.2624, 0.888, 0.845498, 0, -0.524683, -0.0992026
190, 0.5508, 0.2576, 0.912, 0.845498, 0, -0.524683, -0.0992026
190, 0.5624, 0.2528, 0.936, 0.845498, 0, -0.524683, -0.0992026
190, 0.574, 0.248, 0.96, 0.845498, 0, -0.524683, -0.0992026
190, 0.5856, 0.2432, 0.984, 0.845498, 0, -0.524683, -0.0992026
190, 0.5972, 0.2384, 1.008, 0.845498, 0, -0.524683, -0.0992026
190, 0.6088, 0.2336, 1.032, 0.845498, 0, -0.524683, -0.0992026
190, 0.6204, 0.2288, 1.056, 0.845498, 0, -0.524683, -0.0992026
190, 0.632, 0.224, 1.08, 0.845498, 0, -0.524683, -0.0992026
190, 0.6436, 0.2192, 1.104, 0.845498, 0, -0.524683, -0.0992026
190, 0.6552, 0.2144, 1.128, 0.845498, 0, -0.524683, -0.0992026
190, 0.6668, 0.2096, 1.152, 0.845498, 0, -0.524683, -0.0992026
190, 0.6784, 0.2048, 1.176, 0.845498, 0, -0.524683, -0.0992026
190, 0.69, 0.2, 1.2, 0.845498, 0, -0.524683, -0.0992026
190, 0.7016, 0.1952, 1.224, 0.845498, 0, -0.524683, -0.0992026
190, 0.7132, 0.1904, 1.248, 0.845498, 0, -0.524683, -0.0992026
190, 0.7248, 0.1856, 1.272, 0.845498, 0, -0.524683, -0.0992026
190, 0.7364, 0.1808, 1.296, 0.845498, 0, -0.524683, -0.0992026
190, 0.748, 0.176, 1.32, 0.845498, 0, -0.524683, -0.0992026
190, 0.7596, 0.1712, 1.344, 0.845498, 0, -0.524683, -0.0992026
190, 0.7712, 0.1664, 1.368, 0.845498, 0, -0.524683, -0.0992026
190, 0.7828, 0.1616, 1.392, 0.845498, 0, -0.524683, -0.0992026
191, 0.4, 0.32, 0.84, 0.868857, 0, -0.483105, -0.108154
191, 0.4116, 0.3152, 0.8592, 0.868857, 0, -0.483105, -0.108154
191, 0.4232, 0.3104, 0.8784, 0.868857, 0, -0.483105, -0.108154
191, 0.4348, 0.3056, 0.8976, 0.868857, 0, -0.483105, -0.108154
191, 0.4464, 0.3008, 0.9168, 0.868857, 0, -0.483105, -0.108154
191, 0.458, 0.296, 0.936, 0.868857, 0, -0.483105, -0.108154
191, 0.4696, 0.2912, 0.9552, 0.868857, 0, -0.483105, -0.108154
191, 0.4812, 0.2864, 0.9744, 0.868857, 0, -0.483105, -0.108154
191, 0.4928, 0.2816, 0.9936, 0.868857, 0, -0.483105, -0.108154
191, 0.5044, 0.2768, 1.0128, 0.868857, 0, -0.483105, -0.108154
191, 0.516, 0.272, 1.032, 0.868857, 0, -0.483105, -0.108154
191, 0.5276, 0.2672, 1.0512, 0.868857, 0, -0.483105, -0.108154
191, 0.5392, 0.2624, 1.0704, 0.868857, 0, -0.483105, -0.108154
191, 0.5508, 0.2576, 1.0896, 0.868857, 0, -0.483105, -0.108154
191, 0.5624, 0.2528, 1.1088, 0.868857, 0, -0.483105, -0.108154
191, 0.574, 0.248, 1.128, 0.868857, 0, -0.483105, -0.108154
191, 0.5856, 0.2432, 1.1472, 0.868857, 0, -0.483105, -0.108154
191, 0.5972, 0.2384, 1.1664, 0.868857, 0, -0.483105, -0.108154
191, 0.6088, 0.2336, 1.1856, 0.868857, 0, -0.483105, -0.108154
191, 0.6204, 0.2288, 1.2048, 0.868857, 0, -0.483105, -0.108154
191, 0.632, 0.224, 1.224, 0.868857, 0, -0.483105, -0.108154
191, 0.6436, 0.2192, 1.2432, 0.868857, 0, -0.483105, -0.108154
191, 0.6552, 0.2144, 1.2624, 0.868857, 0, -0.483105, -0.108154
191, 0.6668, 0.2096, 1.2816, 0.868857, 0, -0.483105, -0.108154
191, 0.6784, 0.2048, 1.3008, 0.868857, 0, -0.483105, -0.108154
191, 0.69, 0.2, 1.32, 0.868857, 0, -0.483105, -0.108154
191, 0.7016, 0.1952, 1.3392, 0.868857, 0, -0.483105, -0.108154
191, 0.7132, 0.1904, 1.3584, 0.868857, 0, -0.483105, -0.108154
191, 0.7248, 0.1856, 1.3776, 0.868857, 0, -0.483105, -0.108154
191, 0.7364, 0.1808, 1.3968, 0.868857, 0, -0.483105, -0.108154
191, 0.748, 0.176, 1.416, 0.868857, 0, -0.483105, -0.108154
192, 0.4, 0.32, 1.08, 0.899701, 0, -0.42188, -0.112054
192, 0.4116, 0.3152, 1.0944, 0.899701, 0, -0.42188, -0.112054
192, 0.4232, 0.3104, 1.1088, 0.899701, 0, -0.42188, -0.112054
192, 0.4348, 0.3056, 1.1232, 0.899701, 0, -0.42188, -0.112054
192, 0.4464, 0.3008, 1.1376, 0.899701, 0, -0.42188, -0.112054
192, 0.458, 0.296, 1.152, 0.899701, 0, -0.42188, -0.112054
192, 0.4696, 0.2912, 1.1664, 0.899701, 0, -0.42188, -0.112054
192, 0.4812, 0.2864, 1.1808, 0.899701, 0, -0.42188, -0.112054
192, 0.4928, 0.2816, 1.1952, 0.899701, 0, -0.42188, -0.112054
192, 0.5044, 0.2768, 1.2096, 0.899701, 0, -0.42188, -0.112054
192, 0.516, 0.272, 1.224, 0.899701, 0, -0.42188, -0.112054
192, 0.5276, 0.2672, 1.2384, 0.899701, 0, -0.42188, -0.112054
192, 0.5392, 0.2624, 1.2528, 0.899701, 0, -0.42188, -0.112054
192, 0.5508, 0.2576, 1.2672, 0.899701, 0, -0.42188, -0.112054
192, 0.5624, 0.2528, 1.2816, 0.899701, 0, -0.42188, -0.112054
192, 0.574, 0.248, 1.296, 0.899701, 0, -0.42188, -0.112054
192, 0.5856, 0.2432, 1.3104, 0.899701, 0, -0.42188, -0.112054
192, 0.5972, 0.2384, 1.3248, 0.899701, 0, -0.42188, -0.112054
192, 0.6088, 0.2336, 1.3392, 0.899701, 0, -0.42188, -0.112054
192, 0.6204, 0.2288, 1.3536, 0.899701, 0, -0.42188, -0.112054
192, 0.632, 0.224, 1.368, 0.899701, 0, -0.42188, -0.112054
192, 0.6436, 0.2192, 1.3824, 0.899701, 0, -0.42188, -0.112054
192, 0.6552, 0.2144, 1.3968, 0.899701, 0, -0.42188, -0.112054
192, 0.6668, 0.2096, 1.4112, 0.899701, 0, -0.42188, -0.112054
192, 0.6784, 0.2048, 1.4256, 0.899701, 0, -0.42188, -0.112054
192, 0.69, 0.2, 1.44, 0.899701, 0, -0.42188, -0.112054
192, 0.7016, 0.1952, 1.4544, 0.899701, 0, -0.42188, -0.112054
193, 0.516, 0.272, 1.416, 0.938776, 0, -0.32839, -0.104209
193, 0.5276, 0.2672, 1.4256, 0.938776, 0, -0.32839, -0.104209
193, 0.5392, 0.2624, 1.4352, 0.938776, 0, -0.32839, -0.104209
193, 0.5508, 0.2576, 1.4448, 0.938776, 0, -0.32839, -0.104209
193, 0.5624, 0.2528, 1.4544, 0.938776, 0, -0.32839, -0.104209
193, 0.574, 0.248, 1.464, 0.938776, 0, -0.32839, -0.104209
195, 0.5972, 0.3968, 0.691199, 0.810735, 0, -0.56366, -0.158103
195, 0.6088, 0.3872, 0.724799, 0.810735, 0, -0.56366, -0.158103
195, 0.6204, 0.3776, 0.758399, 0.810735, 0, -0.56366, -0.158103
195, 0.632, 0.368, 0.791999, 0.810735, 0, -0.56366, -0.158103
195, 0.6436, 0.3584, 0.825599, 0.810735, 0, -0.56366, -0.158103
195, 0.6552, 0.3488, 0.859199, 0.810735, 0, -0.56366, -0.158103
195, 0.6668, 0.3392, 0.892799, 0.810735, 0, -0.56366, -0.158103
195, 0.6784, 0.3296, 0.926399, 0.810735, 0, -0.56366, -0.158103
195, 0.69, 0.32, 0.959999, 0.810735, 0, -0.56366, -0.158103
195, 0.7016, 0.3104, 0.993599, 0.810735, 0, -0.56366, -0.158103
195, 0.7132, 0.3008, 1.0272, 0.810735, 0, -0.56366, -0.158103
195, 0.7248, 0.2912, 1.0608, 0.810735, 0, -0.56366, -0.158103
195, 0.7364, 0.2816, 1.0944, 0.810735, 0, -0.56366, -0.158103
195, 0.748, 0.272, 1.128, 0.810735, 0, -0.56366, -0.158103
195, 0.7596, 0.2624, 1.1616, 0.810735, 0, -0.56366, -0.158103
195, 0.7712, 0.2528, 1.1952, 0.810735, 0, -0.56366, -0.158103
195, 0.7828, 0.2432, 1.2288, 0.810735, 0, -0.56366, -0.158103
195, 0.7944, 0.2336, 1.2624, 0.810735, 0, -0.56366, -0.158103
195, 0.806, 0.224, 1.296, 0.810735, 0, -0.56366, -0.158103
195, 0.8176, 0.2144, 1.3296, 0.810735, 0, -0.56366, -0.158103
195, 0.8292, 0.2048, 1.3632, 0.810735, 0, -0.56366, -0.158103
196, 0.5392, 0.4448, 0.7056, 0.823715, 0, -0.53946, -0.174573
196, 0.5508, 0.4352, 0.7344, 0.823715, 0, -0.53946, -0.174573
196, 0.5624, 0.4256, 0.7632, 0.823715, 0, -0.53946, -0.174573
196, 0.574, 0.416, 0.792, 0.823715, 0, -0.53946, -0.174573
196, 0.5856, 0.4064, 0.8208, 0.823715, 0, -0.53946, -0.174573
196, 0.5972, 0.3968, 0.8496, 0.823715, 0, -0.53946, -0.174573
196, 0.6088, 0.3872, 0.8784, 0.823715, 0, -0.53946, -0.174573
196, 0.6204, 0.3776, 0.907199, 0.823715, 0, -0.53946, -0.174573
196, 0.632, 0.368, 0.935999, 0.823715, 0, -0.53946, -0.174573
196, 0.6436, 0.3584, 0.964799, 0.823715, 0, -0.53946, -0.174573
196, 0.6552, 0.3488, 0.993599, 0.823715, 0, -0.53946, -0.174573
196, 0.6668, 0.3392, 1.0224, 0.823715, 0, -0.53946, -0.174573
196, 0.6784, 0.3296, 1.0512, 0.823715, 0, -0.53946, -0.174573
196, 0.69, 0.32, 1.08, 0.823715, 0, -0.53946, -0.174573
196, 0.7016, 0.3104, 1.1088, 0.823715, 0, -0.53946, -0.174573
196, 0.7132, 0.3008, 1.1376, 0.823715, 0, -0.53946, -0.174573
196, 0.7248, 0.2912, 1.1664, 0.823715, 0, -0.53946, -0.174573
196, 0.7364, 0.2816, 1.1952, 0.823715, 0, -0.53946, -0.174573
196, 0.748, 0.272, 1.224, 0.823715, 0, -0.53946, -0.174573
196, 0.7596, 0.2624, 1.2528, 0.823715, 0, -0.53946, -0.174573
196, 0.7712, 0.2528, 1.2816, 0.823715, 0, -0.53946, -0.174573
196, 0.7828, 0.2432, 1.3104, 0.823715, 0, -0.53946, -0.174573
196, 0.7944, 0.2336, 1.3392, 0.823715, 0, -0.53946, -0.174573
196, 0.806, 0.224, 1.368, 0.823715, 0, -0.53946, -0.174573
197, 0.458, 0.512, 0.72, 0.840093, 0, -0.506912, -0.193088
197, 0.4696, 0.5024, 0.744, 0.840093, 0, -0.506912, -0.193088
197, 0.4812, 0.4928, 0.768, 0.840093, 0, -0.506912, -0.193088
197, 0.4928, 0.4832, 0.792, 0.840093, 0, -0.506912, -0.193088
197, 0.5044, 0.4736, 0.816, 0.840093, 0, -0.506912, -0.193088
197, 0.516, 0.464, 0.84, 0.840093, 0, -0.506912, -0.193088
197, 0.5276, 0.4544, 0.864, 0.840093, 0, -0.506912, -0.193088
197, 0.5392, 0.4448, 0.888, 0.840093, 0, -0.506912, -0.193088
197, 0.5508, 0.4352, 0.912, 0.840093, 0, -0.506912, -0.193088
197, 0.5624, 0.4256, 0.936, 0.840093, 0, -0.506912, -0.193088
197, 0.574, 0.416, 0.96, 0.840093, 0, -0.506912, -0.193088
197, 0.5856, 0.4064, 0.984, 0.840093, 0, -0.506912, -0.193088
197, 0.5972, 0.3968, 1.008, 0.840093, 0, -0.506912, -0.193088
197, 0.6088, 0.3872, 1.032, 0.840093, 0, -0.506912, -0.193088
197, 0.6204, 0.3776, 1.056, 0.840093, 0, -0.506912, -0.193088
197, 0.632, 0.368, 1.08, 0.840093, 0, -0.506912, -0.193088
197, 0.6436, 0.3584, 1.104, 0.840093, 0, -0.506912, -0.193088
197, 0.6552, 0.3488, 1.128, 0.840093, 0, -0.506912, -0.193088
197, 0.6668, 0.3392, 1.152, 0.840093, 0, -0.506912, -0.193088
197, 0.6784, 0.3296, 1.176, 0.840093, 0, -0.506912, -0.193088
197, 0.69, 0.32, 1.2, 0.840093, 0, -0.506912, -0.193088
197, 0.7016, 0.3104, 1.224, 0.840093, 0, -0.506912, -0.193088
197, 0.7132, 0.3008, 1.248, 0.840093, 0, -0.506912, -0.193088
197, 0.7248, 0.2912, 1.272, 0.840093, 0, -0.506912, -0.193088
197, 0.7364, 0.2816, 1.296, 0.840093, 0, -0.506912, -0.193088
197, 0.748, 0.272, 1.32, 0.840093, 0, -0.506912, -0.193088
197, 0.7596, 0.2624, 1.344, 0.840093, 0, -0.506912, -0.193088
197, 0.7712, 0.2528, 1.368, 0.840093, 0, -0.506912, -0.193088
197, 0.7828, 0.2432, 1.392, 0.840093, 0, -0.506912, -0.193088
198, 0.4, 0.56, 0.84, 0.861277, 0, -0.461469, -0.212715
198, 0.4116, 0.5504, 0.8592, 0.861277, 0, -0.461469, -0.212715
198, 0.4232, 0.5408, 0.8784, 0.861277, 0, -0.461469, -0.212715
198, 0.4348, 0.5312, 0.8976, 0.861277, 0, -0.461469, -0.212715
198, 0.4464, 0.5216, 0.9168, 0.861277, 0, -0.461469, -0.212715
198, 0.458, 0.512, 0.936, 0.861277, 0, -0.461469, -0.212715
198, 0.4696, 0.5024, 0.9552, 0.861277, 0, -0.461469, -0.212715
198, 0.4812, 0.4928, 0.9744, 0.861277, 0, -0.461469, -0.212715
198, 0.4928, 0.4832, 0.9936, 0.861277, 0, -0.461469, -0.212715
198, 0.5044, 0.4736, 1.0128, 0.861277, 0, -0.461469, -0.212715
198, 0.516, 0.464, 1.032, 0.861277, 0, -0.461469, -0.212715
198, 0.5276, 0.4544, 1.0512, 0.861277, 0, -0.461469, -0.212715
198, 0.5392, 0.4448, 1.0704, 0.861277, 0, -0.461469, -0.212715
198, 0.5508, 0.4352, 1.0896, 0.861277, 0, -0.461469, -0.212715
198, 0.5624, 0.4256, 1.1088, 0.861277, 0, -0.461469, -0.212715
198, 0.574, 0.416, 1.128, 0.861277, 0, -0.461469, -0.212715
198, 0.5856, 0.4064, 1.1472, 0.861277, 0, -0.461469, -0.212715
198, 0.5972, 0.3968, 1.1664, 0.861277, 0, -0.461469, -0.212715
198, 0.6088, 0.3872, 1.1856, 0.861277, 0, -0.461469, -0.212715
198, 0.6204, 0.3776, 1.2048, 0.861277, 0, -0.461469, -0.212715
198, 0.632, 0.368, 1.224, 0.861277, 0, -0.461469, -0.212715
198, 0.6436, 0.3584, 1.2432, 0.861277, 0, -0.461469, -0.212715
198, 0.6552, 0.3488, 1.2624, 0.861277, 0, -0.461469, -0.212715
198, 0.6668, 0.3392, 1.2816, 0.861277, 0, -0.461469, -0.212715
198, 0.6784, 0.3296, 1.3008, 0.861277, 0, -0.461469, -0.212715
198, 0.69, 0.32, 1.32, 0.861277, 0, -0.461469, -0.212715
198, 0.7016, 0.3104, 1.3392, 0.861277, 0, -0.461469, -0.212715
198, 0.7132, 0.3008, 1.3584, 0.861277, 0, -0.461469, -0.212715
198, 0.7248, 0.2912, 1.3776, 0.861277, 0, -0.461469, -0.212715
198, 0.7364, 0.2816, 1.3968, 0.861277, 0, -0.461469, -0.212715
199, 0.4, 0.56, 1.08, 0.888848, 0, -0.395358, -0.231607
199, 0.4116, 0.5504, 1.0944, 0.888848, 0, -0.395358, -0.231607
199, 0.4232, 0.5408, 1.1088, 0.888848, 0, -0.395358, -0.231607
199, 0.4348, 0.5312, 1.1232, 0.888848, 0, -0.395358, -0.231607
199, 0.4464, 0.5216, 1.1376, 0.888848, 0, -0.395358, -0.231607
199, 0.458, 0.512, 1.152, 0.888848, 0, -0.395358, -0.231607
199, 0.4696, 0.5024, 1.1664, 0.888848, 0, -0.395358, -0.231607
199, 0.5276, 0.4544, 1.2384, 0.888848, 0, -0.395358, -0.231607
199, 0.5392, 0.4448, 1.2528, 0.888848, 0, -0.395358, -0.231607
199, 0.5508, 0.4352, 1.2672, 0.888848, 0, -0.395358, -0.231607
199, 0.5624, 0.4256, 1.2816, 0.888848, 0, -0.395358, -0.231607
199, 0.574, 0.416, 1.296, 0.888848, 0, -0.395358, -0.231607
199, 0.5856, 0.4064, 1.3104, 0.888848, 0, -0.395358, -0.231607
199, 0.5972, 0.3968, 1.3248, 0.888848, 0, -0.395358, -0.231607
202, 0.6204, 0.5264, 0.758399, 0.805779, 0, -0.546561, -0.228018
202, 0.632, 0.512, 0.791999, 0.805779, 0, -0.546561, -0.228018
202, 0.6436, 0.4976, 0.825599, 0.805779, 0, -0.546561, -0.228018
202, 0.6552, 0.4832, 0.859199, 0.805779, 0, -0.546561, -0.228018
202, 0.6668, 0.4688, 0.892799, 0.805779, 0, -0.546561, -0.228018
202, 0.6784, 0.4544, 0.926399, 0.805779, 0, -0.546561, -0.228018
202, 0.69, 0.44, 0.959999, 0.805779, 0, -0.546561, -0.228018
202, 0.7016, 0.4256, 0.993599, 0.805779, 0, -0.546561, -0.228018
202, 0.7132, 0.4112, 1.0272, 0.805779, 0, -0.546561, -0.228018
202, 0.7248, 0.3968, 1.0608, 0.805779, 0, -0.546561, -0.228018
202, 0.7364, 0.3824, 1.0944, 0.805779, 0, -0.546561, -0.228018
202, 0.748, 0.368, 1.128, 0.805779, 0, -0.546561, -0.228018
202, 0.7596, 0.3536, 1.1616, 0.805779, 0, -0.546561, -0.228018
202, 0.7712, 0.3392, 1.1952, 0.805779, 0, -0.546561, -0.228018
202, 0.7828, 0.3248, 1.2288, 0.805779, 0, -0.546561, -0.228018
202, 0.7944, 0.3104, 1.2624, 0.805779, 0, -0.546561, -0.228018
202, 0.806, 0.296, 1.296, 0.805779, 0, -0.546561, -0.228018
202, 0.8176, 0.2816, 1.3296, 0.805779, 0, -0.546561, -0.228018
203, 0.5624, 0.5984, 0.7632, 0.816972, 0, -0.519762, -0.249808
203, 0.574, 0.584, 0.792, 0.816972, 0, -0.519762, -0.249808
203, 0.5856, 0.5696, 0.8208, 0.816972, 0, -0.519762, -0.249808
203, 0.5972, 0.5552, 0.8496, 0.816972, 0, -0.519762, -0.249808
203, 0.6088, 0.5408, 0.8784, 0.816972, 0, -0.519762, -0.249808
203, 0.6204, 0.5264, 0.907199, 0.816972, 0, -0.519762, -0.249808
203, 0.632, 0.512, 0.935999, 0.816972, 0, -0.519762, -0.249808
203, 0.6436, 0.4976, 0.964799, 0.816972, 0, -0.519762, -0.249808
203, 0.6552, 0.4832, 0.993599, 0.816972, 0, -0.519762, -0.249808
203, 0.6668, 0.4688, 1.0224, 0.816972, 0, -0.519762, -0.249808
203, 0.6784, 0.4544, 1.0512, 0.816972, 0, -0.519762, -0.249808
203, 0.69, 0.44, 1.08, 0.816972, 0, -0.519762, -0.249808
203, 0.7016, 0.4256, 1.1088, 0.816972, 0, -0.519762, -0.249808
203, 0.7132, 0.4112, 1.1376, 0.816972, 0, -0.519762, -0.249808
203, 0.7248, 0.3968, 1.1664, 0.816972, 0, -0.519762, -0.249808
203, 0.7364, 0.3824, 1.1952, 0.816972, 0, -0.519762, -0.249808
203, 0.748, 0.368, 1.224, 0.816972, 0, -0.519762, -0.249808
203, 0.7596, 0.3536, 1.2528, 0.816972, 0, -0.519762, -0.249808
203, 0.7712, 0.3392, 1.2816, 0.816972, 0, -0.519762, -0.249808
203, 0.7828, 0.3248, 1.3104, 0.816972, 0, -0.519762, -0.249808
203, 0.7944, 0.3104, 1.3392, 0.816972, 0, -0.519762, -0.249808
204, 0.5044, 0.6704, 0.816, 0.830789, 0, -0.48426, -0.274376
204, 0.516, 0.656, 0.84, 0.830789, 0, -0.48426, -0.274376
204, 0.5276, 0.6416, 0.864, 0.830789, 0, -0.48426, -0.274376
204, 0.5392, 0.6272, 0.888, 0.830789, 0, -0.48426, -0.274376
204, 0.5508, 0.6128, 0.912, 0.830789, 0, -0.48426, -0.274376
204, 0.5624, 0.5984, 0.936, 0.830789, 0, -0.48426, -0.274376
204, 0.574, 0.584, 0.96, 0.830789, 0, -0.48426, -0.274376
204, 0.5856, 0.5696, 0.984, 0.830789, 0, -0.48426, -0.274376
204, 0.5972, 0.5552, 1.008, 0.830789, 0, -0.48426, -0.274376
204, 0.6088, 0.5408, 1.032, 0.830789, 0, -0.48426, -0.274376
204, 0.6204, 0.5264, 1.056, 0.830789, 0, -0.48426, -0.274376
204, 0.632, 0.512, 1.08, 0.830789, 0, -0.48426, -0.274376
204, 0.6436, 0.4976, 1.104, 0.830789, 0, -0.48426, -0.274376
204, 0.6552, 0.4832, 1.128, 0.830789, 0, -0.48426, -0.274376
204, 0.6668, 0.4688, 1.152, 0.830789, 0, -0.48426, -0.274376
204, 0.6784, 0.4544, 1.176, 0.830789, 0, -0.48426, -0.274376
204, 0.69, 0.44, 1.2, 0.830789, 0, -0.48426, -0.274376
204, 0.7016, 0.4256, 1.224, 0.830789, 0, -0.48426, -0.274376
204, 0.7132, 0.4112, 1.248, 0.830789, 0, -0.48426, -0.274376
204, 0.7248, 0.3968, 1.272, 0.830789, 0, -0.48426, -0.274376
204, 0.7364, 0.3824, 1.296, 0.830789, 0, -0.48426, -0.274376
204, 0.748, 0.368, 1.32, 0.830789, 0, -0.48426, -0.274376
204, 0.7596, 0.3536, 1.344, 0.830789, 0, -0.48426, -0.274376
204, 0.7712, 0.3392, 1.368, 0.830789, 0, -0.48426, -0.274376
205, 0.4116, 0.7856, 0.8592, 0.848096, 0, -0.43538, -0.301956
205, 0.6784, 0.4544, 1.3008, 0.848096, 0, -0.43538, -0.301956
205, 0.69, 0.44, 1.32, 0.848096, 0, -0.43538, -0.301956
205, 0.7016, 0.4256, 1.3392, 0.848096, 0, -0.43538, -0.301956
205, 0.7132, 0.4112, 1.3584, 0.848096, 0, -0.43538, -0.301956
205, 0.7248, 0.3968, 1.3776, 0.848096, 0, -0.43538, -0.301956
209, 0.632, 0.656, 0.791999, 0.799044, 0, -0.527996, -0.287663
209, 0.6436, 0.6368, 0.825599, 0.799044, 0, -0.527996, -0.287663
209, 0.6552, 0.6176, 0.859199, 0.799044, 0, -0.527996, -0.287663
209, 0.6668, 0.5984, 0.892799, 0.799044, 0, -0.527996, -0.287663
209, 0.6784, 0.5792, 0.926399, 0.799044, 0, -0.527996, -0.287663
209, 0.69, 0.56, 0.959999, 0.799044, 0, -0.527996, -0.287663
209, 0.7016, 0.5408, 0.993599, 0.799044, 0, -0.527996, -0.287663
209, 0.7132, 0.5216, 1.0272, 0.799044, 0, -0.527996, -0.287663
209, 0.7248, 0.5024, 1.0608, 0.799044, 0, -0.527996, -0.287663
209, 0.7364, 0.4832, 1.0944, 0.799044, 0, -0.527996, -0.287663
209, 0.748, 0.464, 1.128, 0.799044, 0, -0.527996, -0.287663
209, 0.7596, 0.4448, 1.1616, 0.799044, 0, -0.527996, -0.287663
209, 0.7712, 0.4256, 1.1952, 0.799044, 0, -0.527996, -0.287663
209, 0.7828, 0.4064, 1.2288, 0.799044, 0, -0.527996, -0.287663
209, 0.7944, 0.3872, 1.2624, 0.799044, 0, -0.527996, -0.287663
209, 0.806, 0.368, 1.296, 0.799044, 0, -0.527996, -0.287663
210, 0.5856, 0.7328, 0.8208, 0.808212, 0, -0.499603, -0.311753
210, 0.5972, 0.7136, 0.8496, 0.808212, 0, -0.499603, -0.311753
210, 0.6088, 0.6944, 0.8784, 0.808212, 0, -0.499603, -0.311753
210, 0.6204, 0.6752, 0.907199, 0.808212, 0, -0.499603, -0.311753
210, 0.632, 0.656, 0.935999, 0.808212, 0, -0.499603, -0.311753
210, 0.6436, 0.6368, 0.964799, 0.808212, 0, -0.499603, -0.311753
210, 0.6552, 0.6176, 0.993599, 0.808212, 0, -0.499603, -0.311753
210, 0.6668, 0.5984, 1.0224, 0.808212, 0, -0.499603, -0.311753
210, 0.6784, 0.5792, 1.0512, 0.808212, 0, -0.499603, -0.311753
210, 0.69, 0.56, 1.08, 0.808212, 0, -0.499603, -0.311753
210, 0.7016, 0.5408, 1.1088, 0.808212, 0, -0.499603, -0.311753
210, 0.7132, 0.5216, 1.1376, 0.808212, 0, -0.499603, -0.311753
210, 0.7248, 0.5024, 1.1664, 0.808212, 0, -0.499603, -0.311753
210, 0.7364, 0.4832, 1.1952, 0.808212, 0, -0.499603, -0.311753
210, 0.748, 0.464, 1.224, 0.808212, 0, -0.499603, -0.311753
210, 0.7596, 0.4448, 1.2528, 0.808212, 0, -0.499603, -0.311753
210, 0.7712, 0.4256, 1.2816, 0.808212, 0, -0.499603, -0.311753
210, 0.7828, 0.4064, 1.3104, 0.808212, 0, -0.499603, -0.311753
211, 0.5276, 0.8288, 0.864, 0.819286, 0, -0.46281, -0.338494
211, 0.5392, 0.8096, 0.888, 0.819286, 0, -0.46281, -0.338494
211, 0.5508, 0.7904, 0.912, 0.819286, 0, -0.46281, -0.338494
211, 0.5624, 0.7712, 0.936, 0.819286, 0, -0.46281, -0.338494
211, 0.574, 0.752, 0.96, 0.819286, 0, -0.46281, -0.338494
211, 0.5856, 0.7328, 0.984, 0.819286, 0, -0.46281, -0.338494
211, 0.5972, 0.7136, 1.008, 0.819286, 0, -0.46281, -0.338494
211, 0.6088, 0.6944, 1.032, 0.819286, 0, -0.46281, -0.338494
211, 0.6204, 0.6752, 1.056, 0.819286, 0, -0.46281, -0.338494
211, 0.632, 0.656, 1.08, 0.819286, 0, -0.46281, -0.338494
211, 0.6436, 0.6368, 1.104, 0.819286, 0, -0.46281, -0.338494
211, 0.6552, 0.6176, 1.128, 0.819286, 0, -0.46281, -0.338494
211, 0.6668, 0.5984, 1.152, 0.819286, 0, -0.46281, -0.338494
211, 0.6784, 0.5792, 1.176, 0.819286, 0, -0.46281, -0.338494
211, 0.69, 0.56, 1.2, 0.819286, 0, -0.46281, -0.338494
211, 0.7016, 0.5408, 1.224, 0.819286, 0, -0.46281, -0.338494
211, 0.7132, 0.5216, 1.248, 0.819286, 0, -0.46281, -0.338494
212, 0.4232, 1.0016, 0.8784, 0.832685, 0, -0.413269, -0.368571
212, 0.458, 0.944, 0.936, 0.832685, 0, -0.413269, -0.368571
212, 0.4696, 0.9248, 0.9552, 0.832685, 0, -0.413269, -0.368571
212, 0.4812, 0.9056, 0.9744, 0.832685, 0, -0.413269, -0.368571
212, 0.4928, 0.8864, 0.9936, 0.832685, 0, -0.413269, -0.368571
212, 0.5044, 0.8672, 1.0128, 0.832685, 0, -0.413269, -0.368571
212, 0.516, 0.848, 1.032, 0.832685, 0, -0.413269, -0.368571
212, 0.5276, 0.8288, 1.0512, 0.832685, 0, -0.413269, -0.368571
212, 0.5392, 0.8096, 1.0704, 0.832685, 0, -0.413269, -0.368571
212, 0.5508, 0.7904, 1.0896, 0.832685, 0, -0.413269, -0.368571
212, 0.5624, 0.7712, 1.1088, 0.832685, 0, -0.413269, -0.368571
212, 0.574, 0.752, 1.128, 0.832685, 0, -0.413269, -0.368571
212, 0.5856, 0.7328, 1.1472, 0.832685, 0, -0.413269, -0.368571
212, 0.5972, 0.7136, 1.1664, 0.832685, 0, -0.413269, -0.368571
212, 0.6088, 0.6944, 1.1856, 0.832685, 0, -0.413269, -0.368571
212, 0.6204, 0.6752, 1.2048, 0.832685, 0, -0.413269, -0.368571
212, 0.632, 0.656, 1.224, 0.832685, 0, -0.413269, -0.368571
212, 0.6436, 0.6368, 1.2432, 0.832685, 0, -0.413269, -0.368571
212, 0.6552, 0.6176, 1.2624, 0.832685, 0, -0.413269, -0.368571
216, 0.4928, -0.5728, 0.1584, 0.802117, 0, -0.135334, 0.581629
216, 0.5044, -0.5344, 0.1632, 0.802117, 0, -0.135334, 0.581629
216, 0.516, -0.496, 0.168, 0.802117, 0, -0.135334, 0.581629
216, 0.5276, -0.4576, 0.1728, 0.802117, 0, -0.135334, 0.581629
216, 0.5392, -0.4192, 0.1776, 0.802117, 0, -0.135334, 0.581629
216, 0.5508, -0.3808, 0.1824, 0.802117, 0, -0.135334, 0.581629
216, 0.5624, -0.342401, 0.1872, 0.802117, 0, -0.135334, 0.581629
216, 0.574, -0.304001, 0.192, 0.802117, 0, -0.135334, 0.581629
216, 0.5856, -0.265601, 0.1968, 0.802117, 0, -0.135334, 0.581629
216, 0.5972, -0.227201, 0.2016, 0.802117, 0, -0.135334, 0.581629
216, 0.6088, -0.188801, 0.2064, 0.802117, 0, -0.135334, 0.581629
216, 0.6204, -0.150401, 0.2112, 0.802117, 0, -0.135334, 0.581629
216, 0.632, -0.112001, 0.216, 0.802117, 0, -0.135334, 0.581629
216, 0.6436, -0.0736008, 0.2208, 0.802117, 0, -0.135334, 0.581629
216, 0.6552, -0.0352008, 0.2256, 0.802117, 0, -0.135334, 0.581629
216, 0.6668, 0.00319916, 0.2304, 0.802117, 0, -0.135334, 0.581629
216, 0.6784, 0.0415991, 0.2352, 0.802117, 0, -0.135334, 0.581629
216, 0.69, 0.0799991, 0.24, 0.802117, 0, -0.135334, 0.581629
216, 0.7016, 0.118399, 0.2448, 0.802117, 0, -0.135334, 0.581629
216, 0.7132, 0.156799, 0.2496, 0.802117, 0, -0.135334, 0.581629
216, 0.7248, 0.195199, 0.2544, 0.802117, 0, -0.135334, 0.581629
216, 0.7364, 0.233599, 0.2592, 0.802117, 0, -0.135334, 0.581629
216, 0.748, 0.271999, 0.264, 0.802117, 0, -0.135334, 0.581629
216, 0.7596, 0.310399, 0.2688, 0.802117, 0, -0.135334, 0.581629
216, 0.7712, 0.348799, 0.2736, 0.802117, 0, -0.135334, 0.581629
216, 0.7828, 0.387199, 0.2784, 0.802117, 0, -0.135334, 0.581629
216, 0.7944, 0.425599, 0.2832, 0.802117, 0, -0.135334, 0.581629
216, 0.806, 0.463999, 0.288, 0.802117, 0, -0.135334, 0.581629
216, 0.8176, 0.502399, 0.2928, 0.802117, 0, -0.135334, 0.581629
216, 0.8292, 0.540799, 0.2976, 0.802117, 0, -0.135334, 0.581629
216, 0.8408, 0.579199, 0.3024, 0.802117, 0, -0.135334, 0.581629
216, 0.8524, 0.617599, 0.3072, 0.802117, 0, -0.135334, 0.581629
216, 0.864, 0.655999, 0.312, 0.802117, 0, -0.135334, 0.581629
216, 0.8756, 0.694399, 0.3168, 0.802117, 0, -0.135334, 0.581629
216, 0.8872, 0.732799, 0.3216, 0.802117, 0, -0.135334, 0.581629
216, 0.8988, 0.771199, 0.3264, 0.802117, 0, -0.135334, 0.581629
216, 0.9104, 0.809599, 0.3312, 0.802117, 0, -0.135334, 0.581629
216, 0.922, 0.847999, 0.336, 0.802117, 0, -0.135334, 0.581629
217, 0.4116, -0.6064, 0.1248, 0.813466, 0, -0.132783, 0.566252
217, 0.4232, -0.5728, 0.1296, 0.813466, 0, -0.132783, 0.566252
217, 0.4348, -0.5392, 0.1344, 0.813466, 0, -0.132783, 0.566252
217, 0.4464, -0.5056, 0.1392, 0.813466, 0, -0.132783, 0.566252
217, 0.458, -0.472, 0.144, 0.813466, 0, -0.132783, 0.566252
217, 0.4696, -0.4384, 0.1488, 0.813466, 0, -0.132783, 0.566252
217, 0.4812, -0.4048, 0.1536, 0.813466, 0, -0.132783, 0.566252
217, 0.4928, -0.3712, 0.1584, 0.813466, 0, -0.132783, 0.566252
217, 0.5044, -0.3376, 0.1632, 0.813466, 0, -0.132783, 0.566252
217, 0.516, -0.304, 0.168, 0.813466, 0, -0.132783, 0.566252
217, 0.5276, -0.2704, 0.1728, 0.813466, 0, -0.132783, 0.566252
217, 0.5392, -0.2368, 0.1776, 0.813466, 0, -0.132783, 0.566252
217, 0.5508, -0.2032, 0.1824, 0.813466, 0, -0.132783, 0.566252
217, 0.5624, -0.1696, 0.1872, 0.813466, 0, -0.132783, 0.566252
217, 0.574, -0.136, 0.192, 0.813466, 0, -0.132783, 0.566252
217, 0.5856, -0.102401, 0.1968, 0.813466, 0, -0.132783, 0.566252
217, 0.5972, -0.0688005, 0.2016, 0.813466, 0, -0.132783, 0.566252
217, 0.6088, -0.0352006, 0.2064, 0.813466, 0, -0.132783, 0.566252
217, 0.6204, -0.00160061, 0.2112, 0.813466, 0, -0.132783, 0.566252
217, 0.632, 0.0319994, 0.216, 0.813466, 0, -0.132783, 0.566252
217, 0.6436, 0.0655993, 0.2208, 0.813466, 0, -0.132783, 0.566252
217, 0.6552, 0.0991993, 0.2256, 0.813466, 0, -0.132783, 0.566252
217, 0.6668, 0.132799, 0.2304, 0.813466, 0, -0.132783, 0.566252
217, 0.6784, 0.166399, 0.2352, 0.813466, 0, -0.132783, 0.566252
217, 0.69, 0.199999, 0.24, 0.813466, 0, -0.132783, 0.566252
217, 0.7016, 0.233599, 0.2448, 0.813466, 0, -0.132783, 0.566252
217, 0.7132, 0.267199, 0.2496, 0.813466, 0, -0.132783, 0.566252
217, 0.7248, 0.300799, 0.2544, 0.813466, 0, -0.132783, 0.566252
217, 0.7364, 0.334399, 0.2592, 0.813466, 0, -0.132783, 0.566252
217, 0.748, 0.367999, 0.264, 0.813466, 0, -0.132783, 0.566252
217, 0.7596, 0.401599, 0.2688, 0.813466, 0, -0.132783, 0.566252
217, 0.7712, 0.435199, 0.2736, 0.813466, 0, -0.132783, 0.566252
217, 0.7828, 0.468799, 0.2784, 0.813466, 0, -0.132783, 0.566252
217, 0.7944, 0.502399, 0.2832, 0.813466, 0, -0.132783, 0.566252
217, 0.806, 0.535999, 0.288, 0.813466, 0, -0.132783, 0.566252
217, 0.8176, 0.569599, 0.2928, 0.813466, 0, -0.132783, 0.566252
217, 0.8292, 0.603199, 0.2976, 0.813466, 0, -0.132783, 0.566252
217, 0.8408, 0.636799, 0.3024, 0.813466, 0, -0.132783, 0.566252
217, 0.8524, 0.670399, 0.3072, 0.813466, 0, -0.132783, 0.566252
217, 0.864, 0.703999, 0.312, 0.813466, 0, -0.132783, 0.566252
217, 0.8756, 0.737599, 0.3168, 0.813466, 0, -0.132783, 0.566252
217, 0.8872, 0.771199, 0.3216, 0.813466, 0, -0.132783, 0.566252
217, 0.8988, 0.804799, 0.3264, 0.813466, 0, -0.132783, 0.566252
217, 0.9104, 0.838399, 0.3312, 0.813466, 0, -0.132783, 0.566252
217, 0.922, 0.871999, 0.336, 0.813466, 0, -0.132783, 0.566252
218, 0.4, -0.4, 0.12, 0.827643, 0, -0.130262, 0.545929
218, 0.4116, -0.3712, 0.1248, 0.827643, 0, -0.130262, 0.545929
218, 0.4232, -0.3424, 0.1296, 0.827643, 0, -0.130262, 0.545929
218, 0.4348, -0.3136, 0.1344, 0.827643, 0, -0.130262, 0.545929
218, 0.4464, -0.2848, 0.1392, 0.827643, 0, -0.130262, 0.545929
218, 0.458, -0.256, 0.144, 0.827643, 0, -0.130262, 0.545929
218, 0.4696, -0.2272, 0.1488, 0.827643, 0, -0.130262, 0.545929
218, 0.4812, -0.1984, 0.1536, 0.827643, 0, -0.130262, 0.545929
218, 0.4928, -0.1696, 0.1584, 0.827643, 0, -0.130262, 0.545929
218, 0.5044, -0.1408, 0.1632, 0.827643, 0, -0.130262, 0.545929
218, 0.516, -0.112, 0.168, 0.827643, 0, -0.130262, 0.545929
218, 0.5276, -0.0832003, 0.1728, 0.827643, 0, -0.130262, 0.545929
218, 0.5392, -0.0544003, 0.1776, 0.827643, 0, -0.130262, 0.545929
218, 0.5508, -0.0256004, 0.1824, 0.827643, 0, -0.130262, 0.545929
218, 0.5624, 0.00319962, 0.1872, 0.827643, 0, -0.130262, 0.545929
218, 0.574, 0.0319996, 0.192, 0.827643, 0, -0.130262, 0.545929
218, 0.5856, 0.0607996, 0.1968, 0.827643, 0, -0.130262, 0.545929
218, 0.5972, 0.0895995, 0.2016, 0.827643, 0, -0.130262, 0.545929
218, 0.6088, 0.1184, 0.2064, 0.827643, 0, -0.130262, 0.545929
218, 0.6204, 0.147199, 0.2112, 0.827643, 0, -0.130262, 0.545929
218, 0.632, 0.175999, 0.216, 0.827643, 0, -0.130262, 0.545929
218, 0.6436, 0.204799, 0.2208, 0.827643, 0, -0.130262, 0.545929
218, 0.6552, 0.233599, 0.2256, 0.827643, 0, -0.130262, 0.545929
218, 0.6668, 0.262399, 0.2304, 0.827643, 0, -0.130262, 0.545929
218, 0.6784, 0.291199, 0.2352, 0.827643, 0, -0.130262, 0.545929
218, 0.69, 0.319999, 0.24, 0.827643, 0, -0.130262, 0.545929
218, 0.7016, 0.348799, 0.2448, 0.827643, 0, -0.130262, 0.545929
218, 0.7132, 0.377599, 0.2496, 0.827643, 0, -0.130262, 0.545929
218, 0.7248, 0.406399, 0.2544, 0.827643, 0, -0.130262, 0.545929
218, 0.7364, 0.435199, 0.2592, 0.827643, 0, -0.130262, 0.545929
218, 0.748, 0.463999, 0.264, 0.827643, 0, -0.130262, 0.545929
218, 0.7596, 0.492799, 0.2688, 0.827643, 0, -0.130262, 0.545929
218, 0.7712, 0.521599, 0.2736, 0.827643, 0, -0.130262, 0.545929
218, 0.7828, 0.550399, 0.2784, 0.827643, 0, -0.130262, 0.545929
218, 0.7944, 0.579199, 0.2832, 0.827643, 0, -0.130262, 0.545929
218, 0.806, 0.607999, 0.288, 0.827643, 0, -0.130262, 0.545929
218, 0.8176, 0.6368, 0.2928, 0.827643, 0, -0.130262, 0.545929
218, 0.8292, 0.665599, 0.2976, 0.827643, 0, -0.130262, 0.545929
218, 0.8408, 0.694399, 0.3024, 0.827643, 0, -0.130262, 0.545929
218, 0.8524, 0.723199, 0.3072, 0.827643, 0, -0.130262, 0.545929
218, 0.864, 0.751999, 0.312, 0.827643, 0, -0.130262, 0.545929
218, 0.8756, 0.780799, 0.3168, 0.827643, 0, -0.130262, 0.545929
218, 0.8872, 0.809599, 0.3216, 0.827643, 0, -0.130262, 0.545929
218, 0.8988, 0.838399, 0.3264, 0.827643, 0, -0.130262, 0.545929
218, 0.9104, 0.867199, 0.3312, 0.827643, 0, -0.130262, 0.545929
219, 0.4, -0.16, 0.12, 0.845722, 0, -0.128555, 0.517907
219, 0.4116, -0.136, 0.1248, 0.845722, 0, -0.128555, 0.517907
219, 0.4232, -0.112, 0.1296, 0.845722, 0, -0.128555, 0.517907
219, 0.4348, -0.0880001, 0.1344, 0.845722, 0, -0.128555, 0.517907
219, 0.4464, -0.0640001, 0.1392, 0.845722, 0, -0.128555, 0.517907
219, 0.458, -0.0400001, 0.144, 0.845722, 0, -0.128555, 0.517907
219, 0.4696, -0.0160001, 0.1488, 0.845722, 0, -0.128555, 0.517907
219, 0.4812, 0.00799984, 0.1536, 0.845722, 0, -0.128555, 0.517907
219, 0.4928, 0.0319998, 0.1584, 0.845722, 0, -0.128555, 0.517907
219, 0.5044, 0.0559998, 0.1632, 0.845722, 0, -0.128555, 0.517907
219, 0.516, 0.0799998, 0.168, 0.845722, 0, -0.128555, 0.517907
219, 0.5276, 0.104, 0.1728, 0.845722, 0, -0.128555, 0.517907
219, 0.5392, 0.128, 0.1776, 0.845722, 0, -0.128555, 0.517907
219, 0.5508, 0.152, 0.1824, 0.845722, 0, -0.128555, 0.517907
219, 0.5624, 0.176, 0.1872, 0.845722, 0, -0.128555, 0.517907
219, 0.574, 0.2, 0.192, 0.845722, 0, -0.128555, 0.517907
219, 0.5856, 0.224, 0.1968, 0.845722, 0, -0.128555, 0.517907
219, 0.5972, 0.248, 0.2016, 0.845722, 0, -0.128555, 0.517907
219, 0.6088, 0.272, 0.2064, 0.845722, 0, -0.128555, 0.517907
219, 0.6204, 0.296, 0.2112, 0.845722, 0, -0.128555, 0.517907
219, 0.632, 0.32, 0.216, 0.845722, 0, -0.128555, 0.517907
219, 0.6436, 0.344, 0.2208, 0.845722, 0, -0.128555, 0.517907
219, 0.6552, 0.367999, 0.2256, 0.845722, 0, -0.128555, 0.517907
219, 0.6668, 0.391999, 0.2304, 0.845722, 0, -0.128555, 0.517907
219, 0.6784, 0.415999, 0.2352, 0.845722, 0, -0.128555, 0.517907
219, 0.69, 0.439999, 0.24, 0.845722, 0, -0.128555, 0.517907
219, 0.7016, 0.463999, 0.2448, 0.845722, 0, -0.128555, 0.517907
219, 0.7132, 0.487999, 0.2496, 0.845722, 0, -0.128555, 0.517907
219, 0.7248, 0.511999, 0.2544, 0.845722, 0, -0.128555, 0.517907
219, 0.7364, 0.535999, 0.2592, 0.845722, 0, -0.128555, 0.517907
219, 0.748, 0.559999, 0.264, 0.845722, 0, -0.128555, 0.517907
219, 0.7596, 0.584, 0.2688, 0.845722, 0, -0.128555, 0.517907
219, 0.7712, 0.608, 0.2736, 0.845722, 0, -0.128555, 0.517907
219, 0.7828, 0.632, 0.2784, 0.845722, 0, -0.128555, 0.517907
219, 0.7944, 0.656, 0.2832, 0.845722, 0, -0.128555, 0.517907
219, 0.806, 0.68, 0.288, 0.845722, 0, -0.128555, 0.517907
219, 0.8176, 0.704, 0.2928, 0.845722, 0, -0.128555, 0.517907
219, 0.8292, 0.728, 0.2976, 0.845722, 0, -0.128555, 0.517907
219, 0.8408, 0.752, 0.3024, 0.845722, 0, -0.128555, 0.517907
219, 0.8524, 0.776, 0.3072, 0.845722, 0, -0.128555, 0.517907
219, 0.864, 0.8, 0.312, 0.845722, 0, -0.128555, 0.517907
219, 0.8756, 0.824, 0.3168, 0.845722, 0, -0.128555, 0.517907
219, 0.8872, 0.848, 0.3216, 0.845722, 0, -0.128555, 0.517907
219, 0.8988, 0.872, 0.3264, 0.845722, 0, -0.128555, 0.517907
220, 0.4116, 0.0992, 0.1248, 0.869327, 0, -0.129791, 0.476892
220, 0.4232, 0.1184, 0.1296, 0.869327, 0, -0.129791, 0.476892
220, 0.4348, 0.1376, 0.1344, 0.869327, 0, -0.129791, 0.476892
220, 0.4464, 0.1568, 0.1392, 0.869327, 0, -0.129791, 0.476892
220, 0.458, 0.176, 0.144, 0.869327, 0, -0.129791, 0.476892
220, 0.4696, 0.1952, 0.1488, 0.869327, 0, -0.129791, 0.476892
220, 0.4812, 0.2144, 0.1536, 0.869327, 0, -0.129791, 0.476892
220, 0.4928, 0.2336, 0.1584, 0.869327, 0, -0.129791, 0.476892
220, 0.5044, 0.2528, 0.1632, 0.869327, 0, -0.129791, 0.476892
220, 0.516, 0.272, 0.168, 0.869327, 0, -0.129791, 0.476892
220, 0.5276, 0.2912, 0.1728, 0.869327, 0, -0.129791, 0.476892
220, 0.5392, 0.3104, 0.1776, 0.869327, 0, -0.129791, 0.476892
220, 0.5508, 0.3296, 0.1824, 0.869327, 0, -0.129791, 0.476892
220, 0.5624, 0.3488, 0.1872, 0.869327, 0, -0.129791, 0.476892
220, 0.574, 0.368, 0.192, 0.869327, 0, -0.129791, 0.476892
220, 0.5856, 0.3872, 0.1968, 0.869327, 0, -0.129791, 0.476892
220, 0.5972, 0.4064, 0.2016, 0.869327, 0, -0.129791, 0.476892
220, 0.6088, 0.4256, 0.2064, 0.869327, 0, -0.129791, 0.476892
220, 0.6204, 0.4448, 0.2112, 0.869327, 0, -0.129791, 0.476892
220, 0.632, 0.464, 0.216, 0.869327, 0, -0.129791, 0.476892
220, 0.6436, 0.4832, 0.2208, 0.869327, 0, -0.129791, 0.476892
220, 0.6552, 0.5024, 0.2256, 0.869327, 0, -0.129791, 0.476892
220, 0.6668, 0.5216, 0.2304, 0.869327, 0, -0.129791, 0.476892
220, 0.6784, 0.5408, 0.2352, 0.869327, 0, -0.129791, 0.476892
220, 0.69, 0.56, 0.24, 0.869327, 0, -0.129791, 0.476892
220, 0.7016, 0.5792, 0.2448, 0.869327, 0, -0.129791, 0.476892
220, 0.7132, 0.5984, 0.2496, 0.869327, 0, -0.129791, 0.476892
220, 0.7248, 0.6176, 0.2544, 0.869327, 0, -0.129791, 0.476892
220, 0.7364, 0.6368, 0.2592, 0.869327, 0, -0.129791, 0.476892
220, 0.748, 0.656, 0.264, 0.869327, 0, -0.129791, 0.476892
220, 0.7596, 0.6752, 0.2688, 0.869327, 0, -0.129791, 0.476892
220, 0.7712, 0.6944, 0.2736, 0.869327, 0, -0.129791, 0.476892
220, 0.7828, 0.7136, 0.2784, 0.869327, 0, -0.129791, 0.476892
220, 0.7944, 0.7328, 0.2832, 0.869327, 0, -0.129791, 0.476892
220, 0.806, 0.752, 0.288, 0.869327, 0, -0.129791, 0.476892
220, 0.8176, 0.7712, 0.2928, 0.869327, 0, -0.129791, 0.476892
220, 0.8292, 0.7904, 0.2976, 0.869327, 0, -0.129791, 0.476892
220, 0.8408, 0.8096, 0.3024, 0.869327, 0, -0.129791, 0.476892
220, 0.8524, 0.8288, 0.3072, 0.869327, 0, -0.129791, 0.476892
220, 0.864, 0.848, 0.312, 0.869327, 0, -0.129791, 0.476892
220, 0.8756, 0.8672, 0.3168, 0.869327, 0, -0.129791, 0.476892
220, 0.8872, 0.8864, 0.3216, 0.869327, 0, -0.129791, 0.476892
221, 0.4116, 0.3344, 0.1248, 0.901166, 0, -0.138887, 0.410623
221, 0.4232, 0.3488, 0.1296, 0.901166, 0, -0.138887, 0.410623
221, 0.4348, 0.3632, 0.1344, 0.901166, 0, -0.138887, 0.410623
221, 0.4464, 0.3776, 0.1392, 0.901166, 0, -0.138887, 0.410623
221, 0.458, 0.392, 0.144, 0.901166, 0, -0.138887, 0.410623
221, 0.4696, 0.4064, 0.1488, 0.901166, 0, -0.138887, 0.410623
221, 0.4812, 0.4208, 0.1536, 0.901166, 0, -0.138887, 0.410623
221, 0.4928, 0.4352, 0.1584, 0.901166, 0, -0.138887, 0.410623
221, 0.5044, 0.4496, 0.1632, 0.901166, 0, -0.138887, 0.410623
221, 0.516, 0.464, 0.168, 0.901166, 0, -0.138887, 0.410623
221, 0.5276, 0.4784, 0.1728, 0.901166, 0, -0.138887, 0.410623
221, 0.5392, 0.4928, 0.1776, 0.901166, 0, -0.138887, 0.410623
221, 0.5508, 0.5072, 0.1824, 0.901166, 0, -0.138887, 0.410623
221, 0.5624, 0.5216, 0.1872, 0.901166, 0, -0.138887, 0.410623
221, 0.574, 0.536, 0.192, 0.901166, 0, -0.138887, 0.410623
221, 0.5856, 0.5504, 0.1968, 0.901166, 0, -0.138887, 0.410623
221, 0.5972, 0.5648, 0.2016, 0.901166, 0, -0.138887, 0.410623
221, 0.6088, 0.5792, 0.2064, 0.901166, 0, -0.138887, 0.410623
221, 0.6204, 0.5936, 0.2112, 0.901166, 0, -0.138887, 0.410623
221, 0.632, 0.608, 0.216, 0.901166, 0, -0.138887, 0.410623
221, 0.6436, 0.6224, 0.2208, 0.901166, 0, -0.138887, 0.410623
221, 0.6552, 0.6368, 0.2256, 0.901166, 0, -0.138887, 0.410623
221, 0.6668, 0.6512, 0.2304, 0.901166, 0, -0.138887, 0.410623
221, 0.6784, 0.6656, 0.2352, 0.901166, 0, -0.138887, 0.410623
221, 0.69, 0.68, 0.24, 0.901166, 0, -0.138887, 0.410623
221, 0.7016, 0.6944, 0.2448, 0.901166, 0, -0.138887, 0.410623
221, 0.7132, 0.7088, 0.2496, 0.901166, 0, -0.138887, 0.410623
221, 0.7248, 0.7232, 0.2544, 0.901166, 0, -0.138887, 0.410623
221, 0.7364, 0.7376, 0.2592, 0.901166, 0, -0.138887, 0.410623
221, 0.748, 0.752, 0.264, 0.901166, 0, -0.138887, 0.410623
221, 0.7596, 0.7664, 0.2688, 0.901166, 0, -0.138887, 0.410623
221, 0.7712, 0.7808, 0.2736, 0.901166, 0, -0.138887, 0.410623
221, 0.7828, 0.7952, 0.2784, 0.901166, 0, -0.138887, 0.410623
221, 0.7944, 0.8096, 0.2832, 0.901166, 0, -0.138887, 0.410623
221, 0.806, 0.824, 0.288, 0.901166, 0, -0.138887, 0.410623
221, 0.8176, 0.8384, 0.2928, 0.901166, 0, -0.138887, 0.410623
221, 0.8292, 0.8528, 0.2976, 0.901166, 0, -0.138887, 0.410623
221, 0.8408, 0.8672, 0.3024, 0.901166, 0, -0.138887, 0.410623
221, 0.8524, 0.8816, 0.3072, 0.901166, 0, -0.138887, 0.410623
221, 0.864, 0.896, 0.312, 0.901166, 0, -0.138887, 0.410623
221, 0.8756, 0.9104, 0.3168, 0.901166, 0, -0.138887, 0.410623
222, 0.4, 0.56, 0.12, 0.944778, 0, -0.16175, 0.285012
222, 0.4116, 0.5696, 0.1248, 0.944778, 0, -0.16175, 0.285012
222, 0.4232, 0.5792, 0.1296, 0.944778, 0, -0.16175, 0.285012
222, 0.4348, 0.5888, 0.1344, 0.944778, 0, -0.16175, 0.285012
222, 0.4464, 0.5984, 0.1392, 0.944778, 0, -0.16175, 0.285012
222, 0.458, 0.608, 0.144, 0.944778, 0, -0.16175, 0.285012
222, 0.4696, 0.6176, 0.1488, 0.944778, 0, -0.16175, 0.285012
222, 0.4812, 0.6272, 0.1536, 0.944778, 0, -0.16175, 0.285012
222, 0.4928, 0.6368, 0.1584, 0.944778, 0, -0.16175, 0.285012
222, 0.5044, 0.6464, 0.1632, 0.944778, 0, -0.16175, 0.285012
222, 0.516, 0.656, 0.168, 0.944778, 0, -0.16175, 0.285012
222, 0.5276, 0.6656, 0.1728, 0.944778, 0, -0.16175, 0.285012
222, 0.5392, 0.6752, 0.1776, 0.944778, 0, -0.16175, 0.285012
222, 0.5508, 0.6848, 0.1824, 0.944778, 0, -0.16175, 0.285012
222, 0.5624, 0.6944, 0.1872, 0.944778, 0, -0.16175, 0.285012
222, 0.574, 0.704, 0.192, 0.944778, 0, -0.16175, 0.285012
222, 0.5856, 0.7136, 0.1968, 0.944778, 0, -0.16175, 0.285012
222, 0.5972, 0.7232, 0.2016, 0.944778, 0, -0.16175, 0.285012
222, 0.6088, 0.7328, 0.2064, 0.944778, 0, -0.16175, 0.285012
222, 0.6204, 0.7424, 0.2112, 0.944778, 0, -0.16175, 0.285012
222, 0.632, 0.752, 0.216, 0.944778, 0, -0.16175, 0.285012
222, 0.6436, 0.7616, 0.2208, 0.944778, 0, -0.16175, 0.285012
222, 0.6552, 0.7712, 0.2256, 0.944778, 0, -0.16175, 0.285012
222, 0.6668, 0.7808, 0.2304, 0.944778, 0, -0.16175, 0.285012
222, 0.6784, 0.7904, 0.2352, 0.944778, 0, -0.16175, 0.285012
222, 0.69, 0.8, 0.24, 0.944778, 0, -0.16175, 0.285012
222, 0.7016, 0.8096, 0.2448, 0.944778, 0, -0.16175, 0.285012
222, 0.7132, 0.8192, 0.2496, 0.944778, 0, -0.16175, 0.285012
222, 0.7248, 0.8288, 0.2544, 0.944778, 0, -0.16175, 0.285012
222, 0.7364, 0.8384, 0.2592, 0.944778, 0, -0.16175, 0.285012
222, 0.748, 0.848, 0.264, 0.944778, 0, -0.16175, 0.285012
222, 0.7596, 0.8576, 0.2688, 0.944778, 0, -0.16175, 0.285012
222, 0.7712, 0.8672, 0.2736, 0.944778, 0, -0.16175, 0.285012
222, 0.7828, 0.8768, 0.2784, 0.944778, 0, -0.16175, 0.285012
222, 0.7944, 0.8864, 0.2832, 0.944778, 0, -0.16175, 0.285012
222, 0.806, 0.896, 0.288, 0.944778, 0, -0.16175, 0.285012
222, 0.8176, 0.9056, 0.2928, 0.944778, 0, -0.16175, 0.285012
222, 0.8292, 0.9152, 0.2976, 0.944778, 0, -0.16175, 0.285012
222, 0.8408, 0.9248, 0.3024, 0.944778, 0, -0.16175, 0.285012
222, 0.8524, 0.9344, 0.3072, 0.944778, 0, -0.16175, 0.285012
223, 0.4, 0.8, 0.12, 0.978106, 0, -0.186986, 0.091348
223, 0.4116, 0.8048, 0.1248, 0.978106, 0, -0.186986, 0.091348
223, 0.4232, 0.8096, 0.1296, 0.978106, 0, -0.186986, 0.091348
223, 0.4348, 0.8144, 0.1344, 0.978106, 0, -0.186986, 0.091348
223, 0.4464, 0.8192, 0.1392, 0.978106, 0, -0.186986, 0.091348
223, 0.458, 0.824, 0.144, 0.978106, 0, -0.186986, 0.091348
223, 0.4696, 0.8288, 0.1488, 0.978106, 0, -0.186986, 0.091348
223, 0.4812, 0.8336, 0.1536, 0.978106, 0, -0.186986, 0.091348
223, 0.4928, 0.8384, 0.1584, 0.978106, 0, -0.186986, 0.091348
223, 0.5044, 0.8432, 0.1632, 0.978106, 0, -0.186986, 0.091348
223, 0.516, 0.848, 0.168, 0.978106, 0, -0.186986, 0.091348
223, 0.5276, 0.8528, 0.1728, 0.978106, 0, -0.186986, 0.091348
223, 0.5392, 0.8576, 0.1776, 0.978106, 0, -0.186986, 0.091348
223, 0.5508, 0.8624, 0.1824, 0.978106, 0, -0.186986, 0.091348
223, 0.5624, 0.8672, 0.1872, 0.978106, 0, -0.186986, 0.091348
223, 0.574, 0.872, 0.192, 0.978106, 0, -0.186986, 0.091348
223, 0.5856, 0.8768, 0.1968, 0.978106, 0, -0.186986, 0.091348
223, 0.5972, 0.8816, 0.2016, 0.978106, 0, -0.186986, 0.091348
223, 0.6088, 0.8864, 0.2064, 0.978106, 0, -0.186986, 0.091348
223, 0.6204, 0.8912, 0.2112, 0.978106, 0, -0.186986, 0.091348
223, 0.632, 0.896, 0.216, 0.978106, 0, -0.186986, 0.091348
223, 0.6436, 0.9008, 0.2208, 0.978106, 0, -0.186986, 0.091348
223, 0.6552, 0.9056, 0.2256, 0.978106, 0, -0.186986, 0.091348
223, 0.6668, 0.9104, 0.2304, 0.978106, 0, -0.186986, 0.091348
223, 0.6784, 0.9152, 0.2352, 0.978106, 0, -0.186986, 0.091348
223, 0.69, 0.92, 0.24, 0.978106, 0, -0.186986, 0.091348
223, 0.7016, 0.9248, 0.2448, 0.978106, 0, -0.186986, 0.091348
223, 0.7132, 0.9296, 0.2496, 0.978106, 0, -0.186986, 0.091348
223, 0.7248, 0.9344, 0.2544, 0.978106, 0, -0.186986, 0.091348
223, 0.7364, 0.9392, 0.2592, 0.978106, 0, -0.186986, 0.091348
223, 0.748, 0.944, 0.264, 0.978106, 0, -0.186986, 0.091348
223, 0.7596, 0.9488, 0.2688, 0.978106, 0, -0.186986, 0.091348
223, 0.7712, 0.9536, 0.2736, 0.978106, 0, -0.186986, 0.091348
223, 0.7828, 0.9584, 0.2784, 0.978106, 0, -0.186986, 0.091348
224, 0.4, 1.04, 0.12, 0.98082, 0, -0.194914, 0
224, 0.458, 1.04, 0.144, 0.98082, 0, -0.194914, 0
224, 0.4696, 1.04, 0.1488, 0.98082, 0, -0.194914, 0
224, 0.6204, 1.04, 0.2112, 0.98082, 0, -0.194914, 0
225, 0.6436, -0.0736008, 0.5232, 0.785055, 0, -0.378581, 0.490271
225, 0.6552, -0.0352008, 0.5424, 0.785055, 0, -0.378581, 0.490271
225, 0.6668, 0.00319916, 0.5616, 0.785055, 0, -0.378581, 0.490271
225, 0.6784, 0.0415991, 0.5808, 0.785055, 0, -0.378581, 0.490271
225, 0.69, 0.0799991, 0.6, 0.785055, 0, -0.378581, 0.490271
225, 0.7016, 0.118399, 0.6192, 0.785055, 0, -0.378581, 0.490271
225, 0.7132, 0.156799, 0.6384, 0.785055, 0, -0.378581, 0.490271
225, 0.7248, 0.195199, 0.6576, 0.785055, 0, -0.378581, 0.490271
225, 0.7364, 0.233599, 0.6768, 0.785055, 0, -0.378581, 0.490271
225, 0.748, 0.271999, 0.696, 0.785055, 0, -0.378581, 0.490271
225, 0.7596, 0.310399, 0.7152, 0.785055, 0, -0.378581, 0.490271
225, 0.7712, 0.348799, 0.7344, 0.785055, 0, -0.378581, 0.490271
225, 0.7828, 0.387199, 0.7536, 0.785055, 0, -0.378581, 0.490271
225, 0.7944, 0.425599, 0.7728, 0.785055, 0, -0.378581, 0.490271
225, 0.806, 0.463999, 0.792, 0.785055, 0, -0.378581, 0.490271
225, 0.8176, 0.502399, 0.8112, 0.785055, 0, -0.378581, 0.490271
225, 0.8292, 0.540799, 0.8304, 0.785055, 0, -0.378581, 0.490271
225, 0.8408, 0.579199, 0.8496, 0.785055, 0, -0.378581, 0.490271
225, 0.8524, 0.617599, 0.8688, 0.785055, 0, -0.378581, 0.490271
225, 0.864, 0.655999, 0.888, 0.785055, 0, -0.378581, 0.490271
225, 0.8756, 0.694399, 0.9072, 0.785055, 0, -0.378581, 0.490271
225, 0.8872, 0.732799, 0.9264, 0.785055, 0, -0.378581, 0.490271
226, 0.6088, -0.188801, 0.6192, 0.791934, 0, -0.324074, 0.517511
226, 0.6204, -0.150401, 0.6336, 0.791934, 0, -0.324074, 0.517511
226, 0.632, -0.112001, 0.648, 0.791934, 0, -0.324074, 0.517511
226, 0.6436, -0.0736008, 0.6624, 0.791934, 0, -0.324074, 0.517511
226, 0.6552, -0.0352008, 0.6768, 0.791934, 0, -0.324074, 0.517511
226, 0.6668, 0.00319916, 0.6912, 0.791934, 0, -0.324074, 0.517511
226, 0.6784, 0.0415991, 0.7056, 0.791934, 0, -0.324074, 0.517511
226, 0.69, 0.0799991, 0.72, 0.791934, 0, -0.324074, 0.517511
226, 0.7016, 0.118399, 0.7344, 0.791934, 0, -0.324074, 0.517511
226, 0.7132, 0.156799, 0.7488, 0.791934, 0, -0.324074, 0.517511
226, 0.7248, 0.195199, 0.7632, 0.791934, 0, -0.324074, 0.517511
226, 0.7364, 0.233599, 0.7776, 0.791934, 0, -0.324074, 0.517511
226, 0.748, 0.271999, 0.792, 0.791934, 0, -0.324074, 0.517511
226, 0.7596, 0.310399, 0.8064, 0.791934, 0, -0.324074, 0.517511
226, 0.7712, 0.348799, 0.8208, 0.791934, 0, -0.324074, 0.517511
226, 0.7828, 0.387199, 0.8352, 0.791934, 0, -0.324074, 0.517511
226, 0.7944, 0.425599, 0.8496, 0.791934, 0, -0.324074, 0.517511
226, 0.806, 0.463999, 0.864, 0.791934, 0, -0.324074, 0.517511
226, 0.8176, 0.502399, 0.8784, 0.791934, 0, -0.324074, 0.517511
226, 0.8292, 0.540799, 0.8928, 0.791934, 0, -0.324074, 0.517511
226, 0.8408, 0.579199, 0.9072, 0.791934, 0, -0.324074, 0.517511
226, 0.8524, 0.617599, 0.9216, 0.791934, 0, -0.324074, 0.517511
226, 0.864, 0.655999, 0.936, 0.791934, 0, -0.324074, 0.517511
226, 0.8756, 0.694399, 0.9504, 0.791934, 0, -0.324074, 0.517511
226, 0.8872, 0.732799, 0.9648, 0.791934, 0, -0.324074, 0.517511
227, 0.574, -0.304001, 0.744, 0.79837, 0, -0.245492, 0.549854
227, 0.5856, -0.265601, 0.7536, 0.79837, 0, -0.245492, 0.549854
227, 0.5972, -0.227201, 0.7632, 0.79837, 0, -0.245492, 0.549854
227, 0.6204, -0.150401, 0.7824, 0.79837, 0, -0.245492, 0.549854
227, 0.632, -0.112001, 0.792, 0.79837, 0, -0.245492, 0.549854
227, 0.6436, -0.0736008, 0.8016, 0.79837, 0, -0.245492, 0.549854
227, 0.6552, -0.0352008, 0.8112, 0.79837, 0, -0.245492, 0.549854
227, 0.6668, 0.00319916, 0.8208, 0.79837, 0, -0.245492, 0.549854
227, 0.6784, 0.0415991, 0.8304, 0.79837, 0, -0.245492, 0.549854
227, 0.69, 0.0799991, 0.84, 0.79837, 0, -0.245492, 0.549854
227, 0.7016, 0.118399, 0.8496, 0.79837, 0, -0.245492, 0.549854
227, 0.7132, 0.156799, 0.8592, 0.79837, 0, -0.245492, 0.549854
227, 0.7248, 0.195199, 0.8688, 0.79837, 0, -0.245492, 0.549854
227, 0.7364, 0.233599, 0.8784, 0.79837, 0, -0.245492, 0.549854
227, 0.748, 0.271999, 0.888, 0.79837, 0, -0.245492, 0.549854
227, 0.7596, 0.310399, 0.8976, 0.79837, 0, -0.245492, 0.549854
227, 0.7712, 0.348799, 0.9072, 0.79837, 0, -0.245492, 0.549854
227, 0.7828, 0.387199, 0.9168, 0.79837, 0, -0.245492, 0.549854
227, 0.7944, 0.425599, 0.9264, 0.79837, 0, -0.245492, 0.549854
227, 0.806, 0.463999, 0.936, 0.79837, 0, -0.245492, 0.549854
227, 0.8176, 0.502399, 0.9456, 0.79837, 0, -0.245492, 0.549854
227, 0.8292, 0.540799, 0.9552, 0.79837, 0, -0.245492, 0.549854
227, 0.8408, 0.579199, 0.9648, 0.79837, 0, -0.245492, 0.549854
227, 0.8524, 0.617599, 0.9744, 0.79837, 0, -0.245492, 0.549854
227, 0.864, 0.655999, 0.984, 0.79837, 0, -0.245492, 0.549854
227, 0.8756, 0.694399, 0.9936, 0.79837, 0, -0.245492, 0.549854
227, 0.8872, 0.732799, 1.0032, 0.79837, 0, -0.245492, 0.549854
228, 0.6436, -0.0736008, 0.9408, 0.802117, 0, -0.135334, 0.581629
228, 0.6552, -0.0352008, 0.9456, 0.802117, 0, -0.135334, 0.581629
228, 0.6668, 0.00319916, 0.9504, 0.802117, 0, -0.135334, 0.581629
228, 0.6784, 0.0415991, 0.9552, 0.802117, 0, -0.135334, 0.581629
228, 0.69, 0.0799991, 0.96, 0.802117, 0, -0.135334, 0.581629
228, 0.7016, 0.118399, 0.9648, 0.802117, 0, -0.135334, 0.581629
228, 0.7132, 0.156799, 0.9696, 0.802117, 0, -0.135334, 0.581629
228, 0.7248, 0.195199, 0.9744, 0.802117, 0, -0.135334, 0.581629
228, 0.7364, 0.233599, 0.9792, 0.802117, 0, -0.135334, 0.581629
228, 0.748, 0.271999, 0.984, 0.802117, 0, -0.135334, 0.581629
228, 0.7596, 0.310399, 0.9888, 0.802117, 0, -0.135334, 0.581629
228, 0.7712, 0.348799, 0.9936, 0.802117, 0, -0.135334, 0.581629
228, 0.7828, 0.387199, 0.9984, 0.802117, 0, -0.135334, 0.581629
228, 0.7944, 0.425599, 1.0032, 0.802117, 0, -0.135334, 0.581629
228, 0.806, 0.463999, 1.008, 0.802117, 0, -0.135334, 0.581629
228, 0.8176, 0.502399, 1.0128, 0.802117, 0, -0.135334, 0.581629
228, 0.8408, 0.579199, 1.0224, 0.802117, 0, -0.135334, 0.581629
228, 0.8524, 0.617599, 1.0272, 0.802117, 0, -0.135334, 0.581629
228, 0.864, 0.655999, 1.032, 0.802117, 0, -0.135334, 0.581629
228, 0.8756, 0.694399, 1.0368, 0.802117, 0, -0.135334, 0.581629
229, 0.6204, -0.00160061, 0.4848, 0.794314, 0, -0.382059, 0.47233
229, 0.632, 0.0319994, 0.504, 0.794314, 0, -0.382059, 0.47233
229, 0.6436, 0.0655993, 0.5232, 0.794314, 0, -0.382059, 0.47233
229, 0.6552, 0.0991993, 0.5424, 0.794314, 0, -0.382059, 0.47233
229, 0.6668, 0.132799, 0.5616, 0.794314, 0, -0.382059, 0.47233
229, 0.6784, 0.166399, 0.5808, 0.794314, 0, -0.382059, 0.47233
229, 0.69, 0.199999, 0.6, 0.794314, 0, -0.382059, 0.47233
229, 0.7016, 0.233599, 0.6192, 0.794314, 0, -0.382059, 0.47233
229, 0.7132, 0.267199, 0.6384, 0.794314, 0, -0.382059, 0.47233
229, 0.7248, 0.300799, 0.6576, 0.794314, 0, -0.382059, 0.47233
229, 0.7364, 0.334399, 0.6768, 0.794314, 0, -0.382059, 0.47233
229, 0.748, 0.367999, 0.696, 0.794314, 0, -0.382059, 0.47233
229, 0.7596, 0.401599, 0.7152, 0.794314, 0, -0.382059, 0.47233
229, 0.7712, 0.435199, 0.7344, 0.794314, 0, -0.382059, 0.47233
229, 0.7828, 0.468799, 0.7536, 0.794314, 0, -0.382059, 0.47233
229, 0.7944, 0.502399, 0.7728, 0.794314, 0, -0.382059, 0.47233
229, 0.806, 0.535999, 0.792, 0.794314, 0, -0.382059, 0.47233
229, 0.8176, 0.569599, 0.8112, 0.794314, 0, -0.382059, 0.47233
229, 0.8292, 0.603199, 0.8304, 0.794314, 0, -0.382059, 0.47233
229, 0.8408, 0.636799, 0.8496, 0.794314, 0, -0.382059, 0.47233
229, 0.8524, 0.670399, 0.8688, 0.794314, 0, -0.382059, 0.47233
229, 0.864, 0.703999, 0.888, 0.794314, 0, -0.382059, 0.47233
229, 0.8756, 0.737599, 0.9072, 0.794314, 0, -0.382059, 0.47233
229, 0.8872, 0.771199, 0.9264, 0.794314, 0, -0.382059, 0.47233
230, 0.5624, -0.1696, 0.5616, 0.802153, 0, -0.324538, 0.501224
230, 0.574, -0.136, 0.576, 0.802153, 0, -0.324538, 0.501224
230, 0.5856, -0.102401, 0.5904, 0.802153, 0, -0.324538, 0.501224
230, 0.5972, -0.0688005, 0.6048, 0.802153, 0, -0.324538, 0.501224
230, 0.6088, -0.0352006, 0.6192, 0.802153, 0, -0.324538, 0.501224
230, 0.6204, -0.00160061, 0.6336, 0.802153, 0, -0.324538, 0.501224
230, 0.632, 0.0319994, 0.648, 0.802153, 0, -0.324538, 0.501224
230, 0.6436, 0.0655993, 0.6624, 0.802153, 0, -0.324538, 0.501224
230, 0.6552, 0.0991993, 0.6768, 0.802153, 0, -0.324538, 0.501224
230, 0.6668, 0.132799, 0.6912, 0.802153, 0, -0.324538, 0.501224
230, 0.6784, 0.166399, 0.7056, 0.802153, 0, -0.324538, 0.501224
230, 0.69, 0.199999, 0.72, 0.802153, 0, -0.324538, 0.501224
230, 0.7016, 0.233599, 0.7344, 0.802153, 0, -0.324538, 0.501224
230, 0.7132, 0.267199, 0.7488, 0.802153, 0, -0.324538, 0.501224
230, 0.7248, 0.300799, 0.7632, 0.802153, 0, -0.324538, 0.501224
230, 0.7364, 0.334399, 0.7776, 0.802153, 0, -0.324538, 0.501224
230, 0.748, 0.367999, 0.792, 0.802153, 0, -0.324538, 0.501224
230, 0.7596, 0.401599, 0.8064, 0.802153, 0, -0.324538, 0.501224
230, 0.7712, 0.435199, 0.8208, 0.802153, 0, -0.324538, 0.501224
230, 0.7828, 0.468799, 0.8352, 0.802153, 0, -0.324538, 0.501224
230, 0.7944, 0.502399, 0.8496, 0.802153, 0, -0.324538, 0.501224
230, 0.806, 0.535999, 0.864, 0.802153, 0, -0.324538, 0.501224
230, 0.8176, 0.569599, 0.8784, 0.802153, 0, -0.324538, 0.501224
230, 0.8292, 0.603199, 0.8928, 0.802153, 0, -0.324538, 0.501224
230, 0.8408, 0.636799, 0.9072, 0.802153, 0, -0.324538, 0.501224
230, 0.8524, 0.670399, 0.9216, 0.802153, 0, -0.324538, 0.501224
230, 0.864, 0.703999, 0.936, 0.802153, 0, -0.324538, 0.501224
230, 0.8756, 0.737599, 0.9504, 0.802153, 0, -0.324538, 0.501224
230, 0.8872, 0.771199, 0.9648, 0.802153, 0, -0.324538, 0.501224
231, 0.5276, -0.2704, 0.7056, 0.809328, 0, -0.24335, 0.534574
231, 0.5624, -0.1696, 0.7344, 0.809328, 0, -0.24335, 0.534574
231, 0.574, -0.136, 0.744, 0.809328, 0, -0.24335, 0.534574
231, 0.5856, -0.102401, 0.7536, 0.809328, 0, -0.24335, 0.534574
231, 0.5972, -0.0688005, 0.7632, 0.809328, 0, -0.24335, 0.534574
231, 0.6088, -0.0352006, 0.7728, 0.809328, 0, -0.24335, 0.534574
231, 0.6204, -0.00160061, 0.7824, 0.809328, 0, -0.24335, 0.534574
231, 0.632, 0.0319994, 0.792, 0.809328, 0, -0.24335, 0.534574
231, 0.6436, 0.0655993, 0.8016, 0.809328, 0, -0.24335, 0.534574
231, 0.6552, 0.0991993, 0.8112, 0.809328, 0, -0.24335, 0.534574
231, 0.6668, 0.132799, 0.8208, 0.809328, 0, -0.24335, 0.534574
231, 0.6784, 0.166399, 0.8304, 0.809328, 0, -0.24335, 0.534574
231, 0.69, 0.199999, 0.84, 0.809328, 0, -0.24335, 0.534574
231, 0.7016, 0.233599, 0.8496, 0.809328, 0, -0.24335, 0.534574
231, 0.7132, 0.267199, 0.8592, 0.809328, 0, -0.24335, 0.534574
231, 0.7248, 0.300799, 0.8688, 0.809328, 0, -0.24335, 0.534574
231, 0.7364, 0.334399, 0.8784, 0.809328, 0, -0.24335, 0.534574
231, 0.748, 0.367999, 0.888, 0.809328, 0, -0.24335, 0.534574
231, 0.7596, 0.401599, 0.8976, 0.809328, 0, -0.24335, 0.534574
231, 0.7712, 0.435199, 0.9072, 0.809328, 0, -0.24335, 0.534574
231, 0.7828, 0.468799, 0.9168, 0.809328, 0, -0.24335, 0.534574
231, 0.7944, 0.502399, 0.9264, 0.809328, 0, -0.24335, 0.534574
231, 0.806, 0.535999, 0.936, 0.809328, 0, -0.24335, 0.534574
231, 0.8176, 0.569599, 0.9456, 0.809328, 0, -0.24335, 0.534574
231, 0.8292, 0.603199, 0.9552, 0.809328, 0, -0.24335, 0.534574
231, 0.8408, 0.636799, 0.9648, 0.809328, 0, -0.24335, 0.534574
231, 0.8524, 0.670399, 0.9744, 0.809328, 0, -0.24335, 0.534574
231, 0.864, 0.703999, 0.984, 0.809328, 0, -0.24335, 0.534574
231, 0.8756, 0.737599, 0.9936, 0.809328, 0, -0.24335, 0.534574
232, 0.6204, -0.00160061, 0.9312, 0.813466, 0, -0.132783, 0.566252
232, 0.632, 0.0319994, 0.936, 0.813466, 0, -0.132783, 0.566252
232, 0.6436, 0.0655993, 0.9408, 0.813466, 0, -0.132783, 0.566252
232, 0.6552, 0.0991993, 0.9456, 0.813466, 0, -0.132783, 0.566252
232, 0.6668, 0.132799, 0.9504, 0.813466, 0, -0.132783, 0.566252
232, 0.6784, 0.166399, 0.9552, 0.813466, 0, -0.132783, 0.566252
232, 0.69, 0.199999, 0.96, 0.813466, 0, -0.132783, 0.566252
232, 0.7016, 0.233599, 0.9648, 0.813466, 0, -0.132783, 0.566252
232, 0.7132, 0.267199, 0.9696, 0.813466, 0, -0.132783, 0.566252
232, 0.7248, 0.300799, 0.9744, 0.813466, 0, -0.132783, 0.566252
232, 0.7364, 0.334399, 0.9792, 0.813466, 0, -0.132783, 0.566252
232, 0.748, 0.367999, 0.984, 0.813466, 0, -0.132783, 0.566252
232, 0.7596, 0.401599, 0.9888, 0.813466, 0, -0.132783, 0.566252
232, 0.7712, 0.435199, 0.9936, 0.813466, 0, -0.132783, 0.566252
232, 0.7828, 0.468799, 0.9984, 0.813466, 0, -0.132783, 0.566252
232, 0.7944, 0.502399, 1.0032, 0.813466, 0, -0.132783, 0.566252
232, 0.806, 0.535999, 1.008, 0.813466, 0, -0.132783, 0.566252
232, 0.8176, 0.569599, 1.0128, 0.813466, 0, -0.132783, 0.566252
232, 0.8292, 0.603199, 1.0176, 0.813466, 0, -0.132783, 0.566252
232, 0.8408, 0.636799, 1.0224, 0.813466, 0, -0.132783, 0.566252
232, 0.8524, 0.670399, 1.0272, 0.813466, 0, -0.132783, 0.566252
232, 0.864, 0.703999, 1.032, 0.813466, 0, -0.132783, 0.566252
233, 0.5972, 0.0895995, 0.4464, 0.80523, 0, -0.388004, 0.448394
233, 0.6088, 0.1184, 0.4656, 0.80523, 0, -0.388004, 0.448394
233, 0.6204, 0.147199, 0.4848, 0.80523, 0, -0.388004, 0.448394
233, 0.632, 0.175999, 0.504, 0.80523, 0, -0.388004, 0.448394
233, 0.6436, 0.204799, 0.5232, 0.80523, 0, -0.388004, 0.448394
233, 0.6552, 0.233599, 0.5424, 0.80523, 0, -0.388004, 0.448394
233, 0.6668, 0.262399, 0.5616, 0.80523, 0, -0.388004, 0.448394
233, 0.6784, 0.291199, 0.5808, 0.80523, 0, -0.388004, 0.448394
233, 0.69, 0.319999, 0.6, 0.80523, 0, -0.388004, 0.448394
233, 0.7016, 0.348799, 0.6192, 0.80523, 0, -0.388004, 0.448394
233, 0.7132, 0.377599, 0.6384, 0.80523, 0, -0.388004, 0.448394
233, 0.7248, 0.406399, 0.6576, 0.80523, 0, -0.388004, 0.448394
233, 0.7364, 0.435199, 0.6768, 0.80523, 0, -0.388004, 0.448394
233, 0.748, 0.463999, 0.696, 0.80523, 0, -0.388004, 0.448394
233, 0.7596, 0.492799, 0.7152, 0.80523, 0, -0.388004, 0.448394
233, 0.7712, 0.521599, 0.7344, 0.80523, 0, -0.388004, 0.448394
233, 0.7828, 0.550399, 0.7536, 0.80523, 0, -0.388004, 0.448394
233, 0.7944, 0.579199, 0.7728, 0.80523, 0, -0.388004, 0.448394
233, 0.806, 0.607999, 0.792, 0.80523, 0, -0.388004, 0.448394
233, 0.8176, 0.6368, 0.8112, 0.80523, 0, -0.388004, 0.448394
233, 0.8292, 0.665599, 0.8304, 0.80523, 0, -0.388004, 0.448394
233, 0.8408, 0.694399, 0.8496, 0.80523, 0, -0.388004, 0.448394
233, 0.8524, 0.723199, 0.8688, 0.80523, 0, -0.388004, 0.448394
233, 0.864, 0.751999, 0.888, 0.80523, 0, -0.388004, 0.448394
233, 0.8756, 0.780799, 0.9072, 0.80523, 0, -0.388004, 0.448394
234, 0.516, -0.112, 0.504, 0.81452, 0, -0.326762, 0.479358
234, 0.5276, -0.0832003, 0.5184, 0.81452, 0, -0.326762, 0.479358
234, 0.5392, -0.0544003, 0.5328, 0.81452, 0, -0.326762, 0.479358
234, 0.5508, -0.0256004, 0.5472, 0.81452, 0, -0.326762, 0.479358
234, 0.5624, 0.00319962, 0.5616, 0.81452, 0, -0.326762, 0.479358
234, 0.574, 0.0319996, 0.576, 0.81452, 0, -0.326762, 0.479358
234, 0.5856, 0.0607996, 0.5904, 0.81452, 0, -0.326762, 0.479358
234, 0.5972, 0.0895995, 0.6048, 0.81452, 0, -0.326762, 0.479358
234, 0.6088, 0.1184, 0.6192, 0.81452, 0, -0.326762, 0.479358
234, 0.6204, 0.147199, 0.6336, 0.81452, 0, -0.326762, 0.479358
234, 0.632, 0.175999, 0.648, 0.81452, 0, -0.326762, 0.479358
234, 0.6436, 0.204799, 0.6624, 0.81452, 0, -0.326762, 0.479358
234, 0.6552, 0.233599, 0.6768, 0.81452, 0, -0.326762, 0.479358
234, 0.6668, 0.262399, 0.6912, 0.81452, 0, -0.326762, 0.479358
234, 0.6784, 0.291199, 0.7056, 0.81452, 0, -0.326762, 0.479358
234, 0.69, 0.319999, 0.72, 0.81452, 0, -0.326762, 0.479358
234, 0.7016, 0.348799, 0.7344, 0.81452, 0, -0.326762, 0.479358
234, 0.7132, 0.377599, 0.7488, 0.81452, 0, -0.326762, 0.479358
234, 0.7248, 0.406399, 0.7632, 0.81452, 0, -0.326762, 0.479358
234, 0.7364, 0.435199, 0.7776, 0.81452, 0, -0.326762, 0.479358
234, 0.748, 0.463999, 0.792, 0.81452, 0, -0.326762, 0.479358
234, 0.7596, 0.492799, 0.8064, 0.81452, 0, -0.326762, 0.479358
234, 0.7712, 0.521599, 0.8208, 0.81452, 0, -0.326762, 0.479358
234, 0.7828, 0.550399, 0.8352, 0.81452, 0, -0.326762, 0.479358
234, 0.7944, 0.579199, 0.8496, 0.81452, 0, -0.326762, 0.479358
234, 0.806, 0.607999, 0.864, 0.81452, 0, -0.326762, 0.479358
234, 0.8176, 0.6368, 0.8784, 0.81452, 0, -0.326762, 0.479358
234, 0.8292, 0.665599, 0.8928, 0.81452, 0, -0.326762, 0.479358
234, 0.8408, 0.694399, 0.9072, 0.81452, 0, -0.326762, 0.479358
234, 0.8524, 0.723199, 0.9216, 0.81452, 0, -0.326762, 0.479358
234, 0.864, 0.751999, 0.936, 0.81452, 0, -0.326762, 0.479358
234, 0.8756, 0.780799, 0.9504, 0.81452, 0, -0.326762, 0.479358
235, 0.458, -0.256, 0.648, 0.82287, 0, -0.241956, 0.514142
235, 0.4696, -0.2272, 0.6576, 0.82287, 0, -0.241956, 0.514142
235, 0.4812, -0.1984, 0.6672, 0.82287, 0, -0.241956, 0.514142
235, 0.4928, -0.1696, 0.6768, 0.82287, 0, -0.241956, 0.514142
235, 0.5044, -0.1408, 0.6864, 0.82287, 0, -0.241956, 0.514142
235, 0.516, -0.112, 0.696, 0.82287, 0, -0.241956, 0.514142
235, 0.5276, -0.0832003, 0.7056, 0.82287, 0, -0.241956, 0.514142
235, 0.5392, -0.0544003, 0.7152, 0.82287, 0, -0.241956, 0.514142
235, 0.5508, -0.0256004, 0.7248, 0.82287, 0, -0.241956, 0.514142
235, 0.5624, 0.00319962, 0.7344, 0.82287, 0, -0.241956, 0.514142
235, 0.574, 0.0319996, 0.744, 0.82287, 0, -0.241956, 0.514142
235, 0.5856, 0.0607996, 0.7536, 0.82287, 0, -0.241956, 0.514142
235, 0.5972, 0.0895995, 0.7632, 0.82287, 0, -0.241956, 0.514142
235, 0.6088, 0.1184, 0.7728, 0.82287, 0, -0.241956, 0.514142
235, 0.6204, 0.147199, 0.7824, 0.82287, 0, -0.241956, 0.514142
235, 0.632, 0.175999, 0.792, 0.82287, 0, -0.241956, 0.514142
235, 0.6436, 0.204799, 0.8016, 0.82287, 0, -0.241956, 0.514142
235, 0.6552, 0.233599, 0.8112, 0.82287, 0, -0.241956, 0.514142
235, 0.6668, 0.262399, 0.8208, 0.82287, 0, -0.241956, 0.514142
235, 0.6784, 0.291199, 0.8304, 0.82287, 0, -0.241956, 0.514142
235, 0.69, 0.319999, 0.84, 0.82287, 0, -0.241956, 0.514142
235, 0.7016, 0.348799, 0.8496, 0.82287, 0, -0.241956, 0.514142
235, 0.7132, 0.377599, 0.8592, 0.82287, 0, -0.241956, 0.514142
235, 0.7248, 0.406399, 0.8688, 0.82287, 0, -0.241956, 0.514142
235, 0.7364, 0.435199, 0.8784, 0.82287, 0, -0.241956, 0.514142
235, 0.748, 0.463999, 0.888, 0.82287, 0, -0.241956, 0.514142
235, 0.7596, 0.492799, 0.8976, 0.82287, 0, -0.241956, 0.514142
235, 0.7712, 0.521599, 0.9072, 0.82287, 0, -0.241956, 0.514142
235, 0.7828, 0.550399, 0.9168, 0.82287, 0, -0.241956, 0.514142
235, 0.7944, 0.579199, 0.9264, 0.82287, 0, -0.241956, 0.514142
235, 0.806, 0.607999, 0.936, 0.82287, 0, -0.241956, 0.514142
235, 0.8176, 0.6368, 0.9456, 0.82287, 0, -0.241956, 0.514142
235, 0.8292, 0.665599, 0.9552, 0.82287, 0, -0.241956, 0.514142
235, 0.8408, 0.694399, 0.9648, 0.82287, 0, -0.241956, 0.514142
235, 0.8524, 0.723199, 0.9744, 0.82287, 0, -0.241956, 0.514142
235, 0.864, 0.751999, 0.984, 0.82287, 0, -0.241956, 0.514142
236, 0.5856, 0.0607996, 0.9168, 0.827643, 0, -0.130262, 0.545929
236, 0.6436, 0.204799, 0.9408, 0.827643, 0, -0.130262, 0.545929
236, 0.7248, 0.406399, 0.9744, 0.827643, 0, -0.130262, 0.545929
236, 0.7596, 0.492799, 0.9888, 0.827643, 0, -0.130262, 0.545929
236, 0.7712, 0.521599, 0.9936, 0.827643, 0, -0.130262, 0.545929
236, 0.7828, 0.550399, 0.9984, 0.827643, 0, -0.130262, 0.545929
236, 0.8176, 0.6368, 1.0128, 0.827643, 0, -0.130262, 0.545929
236, 0.8524, 0.723199, 1.0272, 0.827643, 0, -0.130262, 0.545929
237, 0.574, 0.2, 0.408, 0.81804, 0, -0.397819, 0.415391
237, 0.5856, 0.224, 0.4272, 0.81804, 0, -0.397819, 0.415391
237, 0.5972, 0.248, 0.4464, 0.81804, 0, -0.397819, 0.415391
237, 0.6088, 0.272, 0.4656, 0.81804, 0, -0.397819, 0.415391
237, 0.6204, 0.296, 0.4848, 0.81804, 0, -0.397819, 0.415391
237, 0.632, 0.32, 0.504, 0.81804, 0, -0.397819, 0.415391
237, 0.6436, 0.344, 0.5232, 0.81804, 0, -0.397819, 0.415391
237, 0.6552, 0.367999, 0.5424, 0.81804, 0, -0.397819, 0.415391
237, 0.6668, 0.391999, 0.5616, 0.81804, 0, -0.397819, 0.415391
237, 0.6784, 0.415999, 0.5808, 0.81804, 0, -0.397819, 0.415391
237, 0.69, 0.439999, 0.6, 0.81804, 0, -0.397819, 0.415391
237, 0.7016, 0.463999, 0.6192, 0.81804, 0, -0.397819, 0.415391
237, 0.7132, 0.487999, 0.6384, 0.81804, 0, -0.397819, 0.415391
237, 0.7248, 0.511999, 0.6576, 0.81804, 0, -0.397819, 0.415391
237, 0.7364, 0.535999, 0.6768, 0.81804, 0, -0.397819, 0.415391
237, 0.748, 0.559999, 0.696, 0.81804, 0, -0.397819, 0.415391
237, 0.7596, 0.584, 0.7152, 0.81804, 0, -0.397819, 0.415391
237, 0.7712, 0.608, 0.7344, 0.81804, 0, -0.397819, 0.415391
237, 0.7828, 0.632, 0.7536, 0.81804, 0, -0.397819, 0.415391
237, 0.7944, 0.656, 0.7728, 0.81804, 0, -0.397819, 0.415391
237, 0.806, 0.68, 0.792, 0.81804, 0, -0.397819, 0.415391
237, 0.8176, 0.704, 0.8112, 0.81804, 0, -0.397819, 0.415391
237, 0.8292, 0.728, 0.8304, 0.81804, 0, -0.397819, 0.415391
237, 0.8408, 0.752, 0.8496, 0.81804, 0, -0.397819, 0.415391
237, 0.8524, 0.776, 0.8688, 0.81804, 0, -0.397819, 0.415391
237, 0.864, 0.8, 0.888, 0.81804, 0, -0.397819, 0.415391
237, 0.8756, 0.824, 0.9072, 0.81804, 0, -0.397819, 0.415391
238, 0.5276, 0.104, 0.5184, 0.829599, 0, -0.332369, 0.448661
238, 0.5392, 0.128, 0.5328, 0.829599, 0, -0.332369, 0.448661
238, 0.5508, 0.152, 0.5472, 0.829599, 0, -0.332369, 0.448661
238, 0.5624, 0.176, 0.5616, 0.829599, 0, -0.332369, 0.448661
238, 0.574, 0.2, 0.576, 0.829599, 0, -0.332369, 0.448661
238, 0.5856, 0.224, 0.5904, 0.829599, 0, -0.332369, 0.448661
238, 0.5972, 0.248, 0.6048, 0.829599, 0, -0.332369, 0.448661
238, 0.6088, 0.272, 0.6192, 0.829599, 0, -0.332369, 0.448661
238, 0.6204, 0.296, 0.6336, 0.829599, 0, -0.332369, 0.448661
238, 0.632, 0.32, 0.648, 0.829599, 0, -0.332369, 0.448661
238, 0.6436, 0.344, 0.6624, 0.829599, 0, -0.332369, 0.448661
238, 0.6552, 0.367999, 0.6768, 0.829599, 0, -0.332369, 0.448661
238, 0.6668, 0.391999, 0.6912, 0.829599, 0, -0.332369, 0.448661
238, 0.6784, 0.415999, 0.7056, 0.829599, 0, -0.332369, 0.448661
238, 0.69, 0.439999, 0.72, 0.829599, 0, -0.332369, 0.448661
238, 0.7016, 0.463999, 0.7344, 0.829599, 0, -0.332369, 0.448661
238, 0.7132, 0.487999, 0.7488, 0.829599, 0, -0.332369, 0.448661
238, 0.7248, 0.511999, 0.7632, 0.829599, 0, -0.332369, 0.448661
238, 0.7364, 0.535999, 0.7776, 0.829599, 0, -0.332369, 0.448661
238, 0.748, 0.559999, 0.792, 0.829599, 0, -0.332369, 0.448661
238, 0.7596, 0.584, 0.8064, 0.829599, 0, -0.332369, 0.448661
238, 0.7712, 0.608, 0.8208, 0.829599, 0, -0.332369, 0.448661
238, 0.7828, 0.632, 0.8352, 0.829599, 0, -0.332369, 0.448661
238, 0.7944, 0.656, 0.8496, 0.829599, 0, -0.332369, 0.448661
238, 0.806, 0.68, 0.864, 0.829599, 0, -0.332369, 0.448661
238, 0.8176, 0.704, 0.8784, 0.829599, 0, -0.332369, 0.448661
238, 0.8292, 0.728, 0.8928, 0.829599, 0, -0.332369, 0.448661
238, 0.8408, 0.752, 0.9072, 0.829599, 0, -0.332369, 0.448661
238, 0.8524, 0.776, 0.9216, 0.829599, 0, -0.332369, 0.448661
238, 0.864, 0.8, 0.936, 0.829599, 0, -0.332369, 0.448661
239, 0.4928, 0.0319998, 0.6768, 0.839906, 0, -0.242719, 0.485433
239, 0.5044, 0.0559998, 0.6864, 0.839906, 0, -0.242719, 0.485433
239, 0.516, 0.0799998, 0.696, 0.839906, 0, -0.242719, 0.485433
239, 0.5276, 0.104, 0.7056, 0.839906, 0, -0.242719, 0.485433
239, 0.5392, 0.128, 0.7152, 0.839906, 0, -0.242719, 0.485433
239, 0.5508, 0.152, 0.7248, 0.839906, 0, -0.242719, 0.485433
239, 0.5624, 0.176, 0.7344, 0.839906, 0, -0.242719, 0.485433
239, 0.574, 0.2, 0.744, 0.839906, 0, -0.242719, 0.485433
239, 0.5856, 0.224, 0.7536, 0.839906, 0, -0.242719, 0.485433
239, 0.5972, 0.248, 0.7632, 0.839906, 0, -0.242719, 0.485433
239, 0.6088, 0.272, 0.7728, 0.839906, 0, -0.242719, 0.485433
239, 0.6204, 0.296, 0.7824, 0.839906, 0, -0.242719, 0.485433
239, 0.632, 0.32, 0.792, 0.839906, 0, -0.242719, 0.485433
239, 0.6436, 0.344, 0.8016, 0.839906, 0, -0.242719, 0.485433
239, 0.6552, 0.367999, 0.8112, 0.839906, 0, -0.242719, 0.485433
239, 0.6668, 0.391999, 0.8208, 0.839906, 0, -0.242719, 0.485433
239, 0.6784, 0.415999, 0.8304, 0.839906, 0, -0.242719, 0.485433
239, 0.69, 0.439999, 0.84, 0.839906, 0, -0.242719, 0.485433
239, 0.7016, 0.463999, 0.8496, 0.839906, 0, -0.242719, 0.485433
239, 0.7132, 0.487999, 0.8592, 0.839906, 0, -0.242719, 0.485433
239, 0.7248, 0.511999, 0.8688, 0.839906, 0, -0.242719, 0.485433
239, 0.7364, 0.535999, 0.8784, 0.839906, 0, -0.242719, 0.485433
239, 0.748, 0.559999, 0.888, 0.839906, 0, -0.242719, 0.485433
239, 0.7596, 0.584, 0.8976, 0.839906, 0, -0.242719, 0.485433
239, 0.7712, 0.608, 0.9072, 0.839906, 0, -0.242719, 0.485433
239, 0.7828, 0.632, 0.9168, 0.839906, 0, -0.242719, 0.485433
239, 0.7944, 0.656, 0.9264, 0.839906, 0, -0.242719, 0.485433
239, 0.806, 0.68, 0.936, 0.839906, 0, -0.242719, 0.485433
239, 0.8176, 0.704, 0.9456, 0.839906, 0, -0.242719, 0.485433
239, 0.8292, 0.728, 0.9552, 0.839906, 0, -0.242719, 0.485433
239, 0.8408, 0.752, 0.9648, 0.839906, 0, -0.242719, 0.485433
239, 0.8524, 0.776, 0.9744, 0.839906, 0, -0.242719, 0.485433
240, 0.4464, -0.0640001, 0.8592, 0.845722, 0, -0.128555, 0.517907
240, 0.458, -0.0400001, 0.864, 0.845722, 0, -0.128555, 0.517907
240, 0.4696, -0.0160001, 0.8688, 0.845722, 0, -0.128555, 0.517907
240, 0.5392, 0.128, 0.8976, 0.845722, 0, -0.128555, 0.517907
240, 0.5508, 0.152, 0.9024, 0.845722, 0, -0.128555, 0.517907
240, 0.5624, 0.176, 0.9072, 0.845722, 0, -0.128555, 0.517907
240, 0.574, 0.2, 0.912, 0.845722, 0, -0.128555, 0.517907
240, 0.5856, 0.224, 0.9168, 0.845722, 0, -0.128555, 0.517907
240, 0.5972, 0.248, 0.9216, 0.845722, 0, -0.128555, 0.517907
240, 0.6204, 0.296, 0.9312, 0.845722, 0, -0.128555, 0.517907
240, 0.632, 0.32, 0.936, 0.845722, 0, -0.128555, 0.517907
240, 0.6436, 0.344, 0.9408, 0.845722, 0, -0.128555, 0.517907
240, 0.6552, 0.367999, 0.9456, 0.845722, 0, -0.128555, 0.517907
240, 0.6668, 0.391999, 0.9504, 0.845722, 0, -0.128555, 0.517907
240, 0.6784, 0.415999, 0.9552, 0.845722, 0, -0.128555, 0.517907
240, 0.69, 0.439999, 0.96, 0.845722, 0, -0.128555, 0.517907
240, 0.7016, 0.463999, 0.9648, 0.845722, 0, -0.128555, 0.517907
240, 0.7132, 0.487999, 0.9696, 0.845722, 0, -0.128555, 0.517907
240, 0.7248, 0.511999, 0.9744, 0.845722, 0, -0.128555, 0.517907
240, 0.7364, 0.535999, 0.9792, 0.845722, 0, -0.128555, 0.517907
240, 0.748, 0.559999, 0.984, 0.845722, 0, -0.128555, 0.517907
240, 0.7596, 0.584, 0.9888, 0.845722, 0, -0.128555, 0.517907
240, 0.7712, 0.608, 0.9936, 0.845722, 0, -0.128555, 0.517907
240, 0.7828, 0.632, 0.9984, 0.845722, 0, -0.128555, 0.517907
240, 0.7944, 0.656, 1.0032, 0.845722, 0, -0.128555, 0.517907
240, 0.806, 0.68, 1.008, 0.845722, 0, -0.128555, 0.517907
240, 0.8176, 0.704, 1.0128, 0.845722, 0, -0.128555, 0.517907
240, 0.8292, 0.728, 1.0176, 0.845722, 0, -0.128555, 0.517907
240, 0.8408, 0.752, 1.0224, 0.845722, 0, -0.128555, 0.517907
241, 0.5624, 0.3488, 0.3888, 0.832685, 0, -0.413269, 0.368571
241, 0.574, 0.368, 0.408, 0.832685, 0, -0.413269, 0.368571
241, 0.5856, 0.3872, 0.4272, 0.832685, 0, -0.413269, 0.368571
241, 0.5972, 0.4064, 0.4464, 0.832685, 0, -0.413269, 0.368571
241, 0.6088, 0.4256, 0.4656, 0.832685, 0, -0.413269, 0.368571
241, 0.6204, 0.4448, 0.4848, 0.832685, 0, -0.413269, 0.368571
241, 0.632, 0.464, 0.504, 0.832685, 0, -0.413269, 0.368571
241, 0.6436, 0.4832, 0.5232, 0.832685, 0, -0.413269, 0.368571
241, 0.6552, 0.5024, 0.5424, 0.832685, 0, -0.413269, 0.368571
241, 0.6668, 0.5216, 0.5616, 0.832685, 0, -0.413269, 0.368571
241, 0.6784, 0.5408, 0.5808, 0.832685, 0, -0.413269, 0.368571
241, 0.69, 0.56, 0.6, 0.832685, 0, -0.413269, 0.368571
241, 0.7016, 0.5792, 0.6192, 0.832685, 0, -0.413269, 0.368571
241, 0.7132, 0.5984, 0.6384, 0.832685, 0, -0.413269, 0.368571
241, 0.7248, 0.6176, 0.6576, 0.832685, 0, -0.413269, 0.368571
241, 0.7364, 0.6368, 0.6768, 0.832685, 0, -0.413269, 0.368571
241, 0.748, 0.656, 0.696, 0.832685, 0, -0.413269, 0.368571
241, 0.7596, 0.6752, 0.7152, 0.832685, 0, -0.413269, 0.368571
241, 0.7712, 0.6944, 0.7344, 0.832685, 0, -0.413269, 0.368571
241, 0.7828, 0.7136, 0.7536, 0.832685, 0, -0.413269, 0.368571
241, 0.7944, 0.7328, 0.7728, 0.832685, 0, -0.413269, 0.368571
241, 0.806, 0.752, 0.792, 0.832685, 0, -0.413269, 0.368571
241, 0.8176, 0.7712, 0.8112, 0.832685, 0, -0.413269, 0.368571
241, 0.8292, 0.7904, 0.8304, 0.832685, 0, -0.413269, 0.368571
241, 0.8408, 0.8096, 0.8496, 0.832685, 0, -0.413269, 0.368571
241, 0.8524, 0.8288, 0.8688, 0.832685, 0, -0.413269, 0.368571
241, 0.864, 0.848, 0.888, 0.832685, 0, -0.413269, 0.368571
242, 0.4928, 0.2336, 0.4752, 0.847912, 0, -0.344125, 0.403266
242, 0.5044, 0.2528, 0.4896, 0.847912, 0, -0.344125, 0.403266
242, 0.516, 0.272, 0.504, 0.847912, 0, -0.344125, 0.403266
242, 0.5276, 0.2912, 0.5184, 0.847912, 0, -0.344125, 0.403266
242, 0.5392, 0.3104, 0.5328, 0.847912, 0, -0.344125, 0.403266
242, 0.5508, 0.3296, 0.5472, 0.847912, 0, -0.344125, 0.403266
242, 0.5624, 0.3488, 0.5616, 0.847912, 0, -0.344125, 0.403266
242, 0.574, 0.368, 0.576, 0.847912, 0, -0.344125, 0.403266
242, 0.5856, 0.3872, 0.5904, 0.847912, 0, -0.344125, 0.403266
242, 0.5972, 0.4064, 0.6048, 0.847912, 0, -0.344125, 0.403266
242, 0.6088, 0.4256, 0.6192, 0.847912, 0, -0.344125, 0.403266
242, 0.6204, 0.4448, 0.6336, 0.847912, 0, -0.344125, 0.403266
242, 0.632, 0.464, 0.648, 0.847912, 0, -0.344125, 0.403266
242, 0.6436, 0.4832, 0.6624, 0.847912, 0, -0.344125, 0.403266
242, 0.6552, 0.5024, 0.6768, 0.847912, 0, -0.344125, 0.403266
242, 0.6668, 0.5216, 0.6912, 0.847912, 0, -0.344125, 0.403266
242, 0.6784, 0.5408, 0.7056, 0.847912, 0, -0.344125, 0.403266
242, 0.69, 0.56, 0.72, 0.847912, 0, -0.344125, 0.403266
242, 0.7016, 0.5792, 0.7344, 0.847912, 0, -0.344125, 0.403266
242, 0.7132, 0.5984, 0.7488, 0.847912, 0, -0.344125, 0.403266
242, 0.7248, 0.6176, 0.7632, 0.847912, 0, -0.344125, 0.403266
242, 0.7364, 0.6368, 0.7776, 0.847912, 0, -0.344125, 0.403266
242, 0.748, 0.656, 0.792, 0.847912, 0, -0.344125, 0.403266
242, 0.7596, 0.6752, 0.8064, 0.847912, 0, -0.344125, 0.403266
242, 0.7712, 0.6944, 0.8208, 0.847912, 0, -0.344125, 0.403266
242, 0.7828, 0.7136, 0.8352, 0.847912, 0, -0.344125, 0.403266
242, 0.7944, 0.7328, 0.8496, 0.847912, 0, -0.344125, 0.403266
242, 0.806, 0.752, 0.864, 0.847912, 0, -0.344125, 0.403266
242, 0.8176, 0.7712, 0.8784, 0.847912, 0, -0.344125, 0.403266
242, 0.8292, 0.7904, 0.8928, 0.847912, 0, -0.344125, 0.403266
242, 0.8408, 0.8096, 0.9072, 0.847912, 0, -0.344125, 0.403266
242, 0.8524, 0.8288, 0.9216, 0.847912, 0, -0.344125, 0.403266
243, 0.4812, 0.2144, 0.6672, 0.861742, 0, -0.248778, 0.442166
243, 0.4928, 0.2336, 0.6768, 0.861742, 0, -0.248778, 0.442166
243, 0.5044, 0.2528, 0.6864, 0.861742, 0, -0.248778, 0.442166
243, 0.516, 0.272, 0.696, 0.861742, 0, -0.248778, 0.442166
243, 0.5276, 0.2912, 0.7056, 0.861742, 0, -0.248778, 0.442166
243, 0.5392, 0.3104, 0.7152, 0.861742, 0, -0.248778, 0.442166
243, 0.5508, 0.3296, 0.7248, 0.861742, 0, -0.248778, 0.442166
243, 0.5624, 0.3488, 0.7344, 0.861742, 0, -0.248778, 0.442166
243, 0.574, 0.368, 0.744, 0.861742, 0, -0.248778, 0.442166
243, 0.5856, 0.3872, 0.7536, 0.861742, 0, -0.248778, 0.442166
243, 0.5972, 0.4064, 0.7632, 0.861742, 0, -0.248778, 0.442166
243, 0.6088, 0.4256, 0.7728, 0.861742, 0, -0.248778, 0.442166
243, 0.6204, 0.4448, 0.7824, 0.861742, 0, -0.248778, 0.442166
243, 0.632, 0.464, 0.792, 0.861742, 0, -0.248778, 0.442166
243, 0.6436, 0.4832, 0.8016, 0.861742, 0, -0.248778, 0.442166
243, 0.6552, 0.5024, 0.8112, 0.861742, 0, -0.248778, 0.442166
243, 0.6668, 0.5216, 0.8208, 0.861742, 0, -0.248778, 0.442166
243, 0.6784, 0.5408, 0.8304, 0.861742, 0, -0.248778, 0.442166
243, 0.69, 0.56, 0.84, 0.861742, 0, -0.248778, 0.442166
243, 0.7016, 0.5792, 0.8496, 0.861742, 0, -0.248778, 0.442166
243, 0.7132, 0.5984, 0.8592, 0.861742, 0, -0.248778, 0.442166
243, 0.7248, 0.6176, 0.8688, 0.861742, 0, -0.248778, 0.442166
243, 0.7364, 0.6368, 0.8784, 0.861742, 0, -0.248778, 0.442166
243, 0.748, 0.656, 0.888, 0.861742, 0, -0.248778, 0.442166
243, 0.7596, 0.6752, 0.8976, 0.861742, 0, -0.248778, 0.442166
243, 0.7712, 0.6944, 0.9072, 0.861742, 0, -0.248778, 0.442166
243, 0.7828, 0.7136, 0.9168, 0.861742, 0, -0.248778, 0.442166
243, 0.7944, 0.7328, 0.9264, 0.861742, 0, -0.248778, 0.442166
243, 0.806, 0.752, 0.936, 0.861742, 0, -0.248778, 0.442166
243, 0.8176, 0.7712, 0.9456, 0.861742, 0, -0.248778, 0.442166
243, 0.8292, 0.7904, 0.9552, 0.861742, 0, -0.248778, 0.442166
243, 0.8408, 0.8096, 0.9648, 0.861742, 0, -0.248778, 0.442166
244, 0.4232, 0.1184, 0.8496, 0.869327, 0, -0.129791, 0.476892
244, 0.4348, 0.1376, 0.8544, 0.869327, 0, -0.129791, 0.476892
244, 0.4464, 0.1568, 0.8592, 0.869327, 0, -0.129791, 0.476892
244, 0.458, 0.176, 0.864, 0.869327, 0, -0.129791, 0.476892
244, 0.4696, 0.1952, 0.8688, 0.869327, 0, -0.129791, 0.476892
244, 0.4812, 0.2144, 0.8736, 0.869327, 0, -0.129791, 0.476892
244, 0.4928, 0.2336, 0.8784, 0.869327, 0, -0.129791, 0.476892
244, 0.5044, 0.2528, 0.8832, 0.869327, 0, -0.129791, 0.476892
244, 0.516, 0.272, 0.888, 0.869327, 0, -0.129791, 0.476892
244, 0.5276, 0.2912, 0.8928, 0.869327, 0, -0.129791, 0.476892
244, 0.5392, 0.3104, 0.8976, 0.869327, 0, -0.129791, 0.476892
244, 0.5508, 0.3296, 0.9024, 0.869327, 0, -0.129791, 0.476892
244, 0.5624, 0.3488, 0.9072, 0.869327, 0, -0.129791, 0.476892
244, 0.574, 0.368, 0.912, 0.869327, 0, -0.129791, 0.476892
244, 0.5856, 0.3872, 0.9168, 0.869327, 0, -0.129791, 0.476892
244, 0.5972, 0.4064, 0.9216, 0.869327, 0, -0.129791, 0.476892
244, 0.6088, 0.4256, 0.9264, 0.869327, 0, -0.129791, 0.476892
244, 0.6204, 0.4448, 0.9312, 0.869327, 0, -0.129791, 0.476892
244, 0.632, 0.464, 0.936, 0.869327, 0, -0.129791, 0.476892
244, 0.6436, 0.4832, 0.9408, 0.869327, 0, -0.129791, 0.476892
244, 0.6552, 0.5024, 0.9456, 0.869327, 0, -0.129791, 0.476892
244, 0.6668, 0.5216, 0.9504, 0.869327, 0, -0.129791, 0.476892
244, 0.6784, 0.5408, 0.9552, 0.869327, 0, -0.129791, 0.476892
244, 0.69, 0.56, 0.96, 0.869327, 0, -0.129791, 0.476892
244, 0.7016, 0.5792, 0.9648, 0.869327, 0, -0.129791, 0.476892
244, 0.7132, 0.5984, 0.9696, 0.869327, 0, -0.129791, 0.476892
244, 0.7248, 0.6176, 0.9744, 0.869327, 0, -0.129791, 0.476892
244, 0.7364, 0.6368, 0.9792, 0.869327, 0, -0.129791, 0.476892
244, 0.748, 0.656, 0.984, 0.869327, 0, -0.129791, 0.476892
244, 0.7596, 0.6752, 0.9888, 0.869327, 0, -0.129791, 0.476892
244, 0.7712, 0.6944, 0.9936, 0.869327, 0, -0.129791, 0.476892
244, 0.7828, 0.7136, 0.9984, 0.869327, 0, -0.129791, 0.476892
244, 0.7944, 0.7328, 1.0032, 0.869327, 0, -0.129791, 0.476892
244, 0.806, 0.752, 1.008, 0.869327, 0, -0.129791, 0.476892
244, 0.8176, 0.7712, 1.0128, 0.869327, 0, -0.129791, 0.476892
244, 0.8292, 0.7904, 1.0176, 0.869327, 0, -0.129791, 0.476892
245, 0.5392, 0.4928, 0.3504, 0.848096, 0, -0.43538, 0.301956
245, 0.5508, 0.5072, 0.3696, 0.848096, 0, -0.43538, 0.301956
245, 0.5624, 0.5216, 0.3888, 0.848096, 0, -0.43538, 0.301956
245, 0.574, 0.536, 0.408, 0.848096, 0, -0.43538, 0.301956
245, 0.5856, 0.5504, 0.4272, 0.848096, 0, -0.43538, 0.301956
245, 0.5972, 0.5648, 0.4464, 0.848096, 0, -0.43538, 0.301956
245, 0.6088, 0.5792, 0.4656, 0.848096, 0, -0.43538, 0.301956
245, 0.6204, 0.5936, 0.4848, 0.848096, 0, -0.43538, 0.301956
245, 0.632, 0.608, 0.504, 0.848096, 0, -0.43538, 0.301956
245, 0.6436, 0.6224, 0.5232, 0.848096, 0, -0.43538, 0.301956
245, 0.6552, 0.6368, 0.5424, 0.848096, 0, -0.43538, 0.301956
245, 0.6668, 0.6512, 0.5616, 0.848096, 0, -0.43538, 0.301956
245, 0.6784, 0.6656, 0.5808, 0.848096, 0, -0.43538, 0.301956
245, 0.69, 0.68, 0.6, 0.848096, 0, -0.43538, 0.301956
245, 0.7016, 0.6944, 0.6192, 0.848096, 0, -0.43538, 0.301956
245, 0.7132, 0.7088, 0.6384, 0.848096, 0, -0.43538, 0.301956
245, 0.7248, 0.7232, 0.6576, 0.848096, 0, -0.43538, 0.301956
245, 0.7364, 0.7376, 0.6768, 0.848096, 0, -0.43538, 0.301956
245, 0.748, 0.752, 0.696, 0.848096, 0, -0.43538, 0.301956
245, 0.7596, 0.7664, 0.7152, 0.848096, 0, -0.43538, 0.301956
245, 0.7712, 0.7808, 0.7344, 0.848096, 0, -0.43538, 0.301956
245, 0.7828, 0.7952, 0.7536, 0.848096, 0, -0.43538, 0.301956
245, 0.7944, 0.8096, 0.7728, 0.848096, 0, -0.43538, 0.301956
245, 0.806, 0.824, 0.792, 0.848096, 0, -0.43538, 0.301956
245, 0.8176, 0.8384, 0.8112, 0.848096, 0, -0.43538, 0.301956
245, 0.8292, 0.8528, 0.8304, 0.848096, 0, -0.43538, 0.301956
245, 0.8408, 0.8672, 0.8496, 0.848096, 0, -0.43538, 0.301956
246, 0.4232, 0.3488, 0.3888, 0.869053, 0, -0.365392, 0.333521
246, 0.4348, 0.3632, 0.4032, 0.869053, 0, -0.365392, 0.333521
246, 0.4464, 0.3776, 0.4176, 0.869053, 0, -0.365392, 0.333521
246, 0.458, 0.392, 0.432, 0.869053, 0, -0.365392, 0.333521
246, 0.4696, 0.4064, 0.4464, 0.869053, 0, -0.365392, 0.333521
246, 0.4812, 0.4208, 0.4608, 0.869053, 0, -0.365392, 0.333521
246, 0.4928, 0.4352, 0.4752, 0.869053, 0, -0.365392, 0.333521
246, 0.5044, 0.4496, 0.4896, 0.869053, 0, -0.365392, 0.333521
246, 0.516, 0.464, 0.504, 0.869053, 0, -0.365392, 0.333521
246, 0.5276, 0.4784, 0.5184, 0.869053, 0, -0.365392, 0.333521
246, 0.5392, 0.4928, 0.5328, 0.869053, 0, -0.365392, 0.333521
246, 0.5508, 0.5072, 0.5472, 0.869053, 0, -0.365392, 0.333521
246, 0.5624, 0.5216, 0.5616, 0.869053, 0, -0.365392, 0.333521
246, 0.574, 0.536, 0.576, 0.869053, 0, -0.365392, 0.333521
246, 0.5856, 0.5504, 0.5904, 0.869053, 0, -0.365392, 0.333521
246, 0.5972, 0.5648, 0.6048, 0.869053, 0, -0.365392, 0.333521
246, 0.6088, 0.5792, 0.6192, 0.869053, 0, -0.365392, 0.333521
246, 0.6204, 0.5936, 0.6336, 0.869053, 0, -0.365392, 0.333521
246, 0.632, 0.608, 0.648, 0.869053, 0, -0.365392, 0.333521
246, 0.6436, 0.6224, 0.6624, 0.869053, 0, -0.365392, 0.333521
246, 0.6552, 0.6368, 0.6768, 0.869053, 0, -0.365392, 0.333521
246, 0.6668, 0.6512, 0.6912, 0.869053, 0, -0.365392, 0.333521
246, 0.6784, 0.6656, 0.7056, 0.869053, 0, -0.365392, 0.333521
246, 0.69, 0.68, 0.72, 0.869053, 0, -0.365392, 0.333521
246, 0.7016, 0.6944, 0.7344, 0.869053, 0, -0.365392, 0.333521
246, 0.7132, 0.7088, 0.7488, 0.869053, 0, -0.365392, 0.333521
246, 0.7248, 0.7232, 0.7632, 0.869053, 0, -0.365392, 0.333521
246, 0.7364, 0.7376, 0.7776, 0.869053, 0, -0.365392, 0.333521
246, 0.748, 0.752, 0.792, 0.869053, 0, -0.365392, 0.333521
246, 0.7596, 0.7664, 0.8064, 0.869053, 0, -0.365392, 0.333521
246, 0.7712, 0.7808, 0.8208, 0.869053, 0, -0.365392, 0.333521
246, 0.7828, 0.7952, 0.8352, 0.869053, 0, -0.365392, 0.333521
246, 0.7944, 0.8096, 0.8496, 0.869053, 0, -0.365392, 0.333521
246, 0.806, 0.824, 0.864, 0.869053, 0, -0.365392, 0.333521
246, 0.8176, 0.8384, 0.8784, 0.869053, 0, -0.365392, 0.333521
246, 0.8292, 0.8528, 0.8928, 0.869053, 0, -0.365392, 0.333521
247, 0.4232, 0.3488, 0.6192, 0.889869, 0, -0.265898, 0.370718
247, 0.4348, 0.3632, 0.6288, 0.889869, 0, -0.265898, 0.370718
247, 0.4464, 0.3776, 0.6384, 0.889869, 0, -0.265898, 0.370718
247, 0.458, 0.392, 0.648, 0.889869, 0, -0.265898, 0.370718
247, 0.4696, 0.4064, 0.6576, 0.889869, 0, -0.265898, 0.370718
247, 0.4812, 0.4208, 0.6672, 0.889869, 0, -0.265898, 0.370718
247, 0.4928, 0.4352, 0.6768, 0.889869, 0, -0.265898, 0.370718
247, 0.5044, 0.4496, 0.6864, 0.889869, 0, -0.265898, 0.370718
247, 0.516, 0.464, 0.696, 0.889869, 0, -0.265898, 0.370718
247, 0.5276, 0.4784, 0.7056, 0.889869, 0, -0.265898, 0.370718
247, 0.5392, 0.4928, 0.7152, 0.889869, 0, -0.265898, 0.370718
247, 0.5508, 0.5072, 0.7248, 0.889869, 0, -0.265898, 0.370718
247, 0.5624, 0.5216, 0.7344, 0.889869, 0, -0.265898, 0.370718
247, 0.574, 0.536, 0.744, 0.889869, 0, -0.265898, 0.370718
247, 0.5856, 0.5504, 0.7536, 0.889869, 0, -0.265898, 0.370718
247, 0.5972, 0.5648, 0.7632, 0.889869, 0, -0.265898, 0.370718
247, 0.6088, 0.5792, 0.7728, 0.889869, 0, -0.265898, 0.370718
247, 0.6204, 0.5936, 0.7824, 0.889869, 0, -0.265898, 0.370718
247, 0.632, 0.608, 0.792, 0.889869, 0, -0.265898, 0.370718
247, 0.6436, 0.6224, 0.8016, 0.889869, 0, -0.265898, 0.370718
247, 0.6552, 0.6368, 0.8112, 0.889869, 0, -0.265898, 0.370718
247, 0.6668, 0.6512, 0.8208, 0.889869, 0, -0.265898, 0.370718
247, 0.6784, 0.6656, 0.8304, 0.889869, 0, -0.265898, 0.370718
247, 0.69, 0.68, 0.84, 0.889869, 0, -0.265898, 0.370718
247, 0.7016, 0.6944, 0.8496, 0.889869, 0, -0.265898, 0.370718
247, 0.7132, 0.7088, 0.8592, 0.889869, 0, -0.265898, 0.370718
247, 0.7248, 0.7232, 0.8688, 0.889869, 0, -0.265898, 0.370718
247, 0.7364, 0.7376, 0.8784, 0.889869, 0, -0.265898, 0.370718
247, 0.748, 0.752, 0.888, 0.889869, 0, -0.265898, 0.370718
247, 0.7596, 0.7664, 0.8976, 0.889869, 0, -0.265898, 0.370718
247, 0.7712, 0.7808, 0.9072, 0.889869, 0, -0.265898, 0.370718
247, 0.7828, 0.7952, 0.9168, 0.889869, 0, -0.265898, 0.370718
247, 0.7944, 0.8096, 0.9264, 0.889869, 0, -0.265898, 0.370718
247, 0.806, 0.824, 0.936, 0.889869, 0, -0.265898, 0.370718
247, 0.8176, 0.8384, 0.9456, 0.889869, 0, -0.265898, 0.370718
247, 0.8292, 0.8528, 0.9552, 0.889869, 0, -0.265898, 0.370718
248, 0.4, 0.32, 0.84, 0.901166, 0, -0.138887, 0.410623
248, 0.4116, 0.3344, 0.8448, 0.901166, 0, -0.138887, 0.410623
248, 0.4232, 0.3488, 0.8496, 0.901166, 0, -0.138887, 0.410623
248, 0.4348, 0.3632, 0.8544, 0.901166, 0, -0.138887, 0.410623
248, 0.4464, 0.3776, 0.8592, 0.901166, 0, -0.138887, 0.410623
248, 0.458, 0.392, 0.864, 0.901166, 0, -0.138887, 0.410623
248, 0.4696, 0.4064, 0.8688, 0.901166, 0, -0.138887, 0.410623
248, 0.4812, 0.4208, 0.8736, 0.901166, 0, -0.138887, 0.410623
248, 0.4928, 0.4352, 0.8784, 0.901166, 0, -0.138887, 0.410623
248, 0.5044, 0.4496, 0.8832, 0.901166, 0, -0.138887, 0.410623
248, 0.516, 0.464, 0.888, 0.901166, 0, -0.138887, 0.410623
248, 0.5276, 0.4784, 0.8928, 0.901166, 0, -0.138887, 0.410623
248, 0.5392, 0.4928, 0.8976, 0.901166, 0, -0.138887, 0.410623
248, 0.5508, 0.5072, 0.9024, 0.901166, 0, -0.138887, 0.410623
248, 0.5624, 0.5216, 0.9072, 0.901166, 0, -0.138887, 0.410623
248, 0.574, 0.536, 0.912, 0.901166, 0, -0.138887, 0.410623
248, 0.5856, 0.5504, 0.9168, 0.901166, 0, -0.138887, 0.410623
248, 0.5972, 0.5648, 0.9216, 0.901166, 0, -0.138887, 0.410623
248, 0.6088, 0.5792, 0.9264, 0.901166, 0, -0.138887, 0.410623
248, 0.6204, 0.5936, 0.9312, 0.901166, 0, -0.138887, 0.410623
248, 0.632, 0.608, 0.936, 0.901166, 0, -0.138887, 0.410623
248, 0.6436, 0.6224, 0.9408, 0.901166, 0, -0.138887, 0.410623
248, 0.6552, 0.6368, 0.9456, 0.901166, 0, -0.138887, 0.410623
248, 0.6668, 0.6512, 0.9504, 0.901166, 0, -0.138887, 0.410623
248, 0.6784, 0.6656, 0.9552, 0.901166, 0, -0.138887, 0.410623
248, 0.69, 0.68, 0.96, 0.901166, 0, -0.138887, 0.410623
248, 0.7016, 0.6944, 0.9648, 0.901166, 0, -0.138887, 0.410623
248, 0.7132, 0.7088, 0.9696, 0.901166, 0, -0.138887, 0.410623
248, 0.7248, 0.7232, 0.9744, 0.901166, 0, -0.138887, 0.410623
248, 0.7364, 0.7376, 0.9792, 0.901166, 0, -0.138887, 0.410623
248, 0.748, 0.752, 0.984, 0.901166, 0, -0.138887, 0.410623
248, 0.7596, 0.7664, 0.9888, 0.901166, 0, -0.138887, 0.410623
248, 0.7712, 0.7808, 0.9936, 0.901166, 0, -0.138887, 0.410623
248, 0.7828, 0.7952, 0.9984, 0.901166, 0, -0.138887, 0.410623
248, 0.7944, 0.8096, 1.0032, 0.901166, 0, -0.138887, 0.410623
248, 0.806, 0.824, 1.008, 0.901166, 0, -0.138887, 0.410623
249, 0.5276, 0.6656, 0.3312, 0.861277, 0, -0.461469, 0.212715
249, 0.5392, 0.6752, 0.3504, 0.861277, 0, -0.461469, 0.212715
249, 0.5508, 0.6848, 0.3696, 0.861277, 0, -0.461469, 0.212715
249, 0.5624, 0.6944, 0.3888, 0.861277, 0, -0.461469, 0.212715
249, 0.574, 0.704, 0.408, 0.861277, 0, -0.461469, 0.212715
249, 0.5856, 0.7136, 0.4272, 0.861277, 0, -0.461469, 0.212715
249, 0.5972, 0.7232, 0.4464, 0.861277, 0, -0.461469, 0.212715
249, 0.6088, 0.7328, 0.4656, 0.861277, 0, -0.461469, 0.212715
249, 0.6204, 0.7424, 0.4848, 0.861277, 0, -0.461469, 0.212715
249, 0.632, 0.752, 0.504, 0.861277, 0, -0.461469, 0.212715
249, 0.6436, 0.7616, 0.5232, 0.861277, 0, -0.461469, 0.212715
249, 0.6552, 0.7712, 0.5424, 0.861277, 0, -0.461469, 0.212715
249, 0.6668, 0.7808, 0.5616, 0.861277, 0, -0.461469, 0.212715
249, 0.6784, 0.7904, 0.5808, 0.861277, 0, -0.461469, 0.212715
249, 0.69, 0.8, 0.6, 0.861277, 0, -0.461469, 0.212715
249, 0.7016, 0.8096, 0.6192, 0.861277, 0, -0.461469, 0.212715
249, 0.7132, 0.8192, 0.6384, 0.861277, 0, -0.461469, 0.212715
249, 0.7248, 0.8288, 0.6576, 0.861277, 0, -0.461469, 0.212715
249, 0.7364, 0.8384, 0.6768, 0.861277, 0, -0.461469, 0.212715
249, 0.748, 0.848, 0.696, 0.861277, 0, -0.461469, 0.212715
249, 0.7596, 0.8576, 0.7152, 0.861277, 0, -0.461469, 0.212715
249, 0.7712, 0.8672, 0.7344, 0.861277, 0, -0.461469, 0.212715
249, 0.7828, 0.8768, 0.7536, 0.861277, 0, -0.461469, 0.212715
249, 0.7944, 0.8864, 0.7728, 0.861277, 0, -0.461469, 0.212715
249, 0.806, 0.896, 0.792, 0.861277, 0, -0.461469, 0.212715
249, 0.8176, 0.9056, 0.8112, 0.861277, 0, -0.461469, 0.212715
250, 0.4, 0.56, 0.36, 0.888848, 0, -0.395358, 0.231607
250, 0.4116, 0.5696, 0.3744, 0.888848, 0, -0.395358, 0.231607
250, 0.4232, 0.5792, 0.3888, 0.888848, 0, -0.395358, 0.231607
250, 0.4348, 0.5888, 0.4032, 0.888848, 0, -0.395358, 0.231607
250, 0.4464, 0.5984, 0.4176, 0.888848, 0, -0.395358, 0.231607
250, 0.458, 0.608, 0.432, 0.888848, 0, -0.395358, 0.231607
250, 0.4696, 0.6176, 0.4464, 0.888848, 0, -0.395358, 0.231607
250, 0.4812, 0.6272, 0.4608, 0.888848, 0, -0.395358, 0.231607
250, 0.4928, 0.6368, 0.4752, 0.888848, 0, -0.395358, 0.231607
250, 0.5044, 0.6464, 0.4896, 0.888848, 0, -0.395358, 0.231607
250, 0.516, 0.656, 0.504, 0.888848, 0, -0.395358, 0.231607
250, 0.5276, 0.6656, 0.5184, 0.888848, 0, -0.395358, 0.231607
250, 0.5392, 0.6752, 0.5328, 0.888848, 0, -0.395358, 0.231607
250, 0.5508, 0.6848, 0.5472, 0.888848, 0, -0.395358, 0.231607
250, 0.5624, 0.6944, 0.5616, 0.888848, 0, -0.395358, 0.231607
250, 0.574, 0.704, 0.576, 0.888848, 0, -0.395358, 0.231607
250, 0.5856, 0.7136, 0.5904, 0.888848, 0, -0.395358, 0.231607
250, 0.5972, 0.7232, 0.6048, 0.888848, 0, -0.395358, 0.231607
250, 0.6088, 0.7328, 0.6192, 0.888848, 0, -0.395358, 0.231607
250, 0.6204, 0.7424, 0.6336, 0.888848, 0, -0.395358, 0.231607
250, 0.632, 0.752, 0.648, 0.888848, 0, -0.395358, 0.231607
250, 0.6436, 0.7616, 0.6624, 0.888848, 0, -0.395358, 0.231607
250, 0.6552, 0.7712, 0.6768, 0.888848, 0, -0.395358, 0.231607
250, 0.6668, 0.7808, 0.6912, 0.888848, 0, -0.395358, 0.231607
250, 0.6784, 0.7904, 0.7056, 0.888848, 0, -0.395358, 0.231607
250, 0.69, 0.8, 0.72, 0.888848, 0, -0.395358, 0.231607
250, 0.7016, 0.8096, 0.7344, 0.888848, 0, -0.395358, 0.231607
250, 0.7132, 0.8192, 0.7488, 0.888848, 0, -0.395358, 0.231607
250, 0.7248, 0.8288, 0.7632, 0.888848, 0, -0.395358, 0.231607
250, 0.7364, 0.8384, 0.7776, 0.888848, 0, -0.395358, 0.231607
250, 0.748, 0.848, 0.792, 0.888848, 0, -0.395358, 0.231607
250, 0.7596, 0.8576, 0.8064, 0.888848, 0, -0.395358, 0.231607
250, 0.7712, 0.8672, 0.8208, 0.888848, 0, -0.395358, 0.231607
250, 0.7828, 0.8768, 0.8352, 0.888848, 0, -0.395358, 0.231607
250, 0.7944, 0.8864, 0.8496, 0.888848, 0, -0.395358, 0.231607
250, 0.806, 0.896, 0.864, 0.888848, 0, -0.395358, 0.231607
251, 0.4, 0.56, 0.6, 0.921326, 0, -0.297689, 0.250079
251, 0.4116, 0.5696, 0.6096, 0.921326, 0, -0.297689, 0.250079
251, 0.4232, 0.5792, 0.6192, 0.921326, 0, -0.297689, 0.250079
251, 0.4348, 0.5888, 0.6288, 0.921326, 0, -0.297689, 0.250079
251, 0.4464, 0.5984, 0.6384, 0.921326, 0, -0.297689, 0.250079
251, 0.458, 0.608, 0.648, 0.921326, 0, -0.297689, 0.250079
251, 0.4696, 0.6176, 0.6576, 0.921326, 0, -0.297689, 0.250079
251, 0.4812, 0.6272, 0.6672, 0.921326, 0, -0.297689, 0.250079
251, 0.4928, 0.6368, 0.6768, 0.921326, 0, -0.297689, 0.250079
251, 0.5044, 0.6464, 0.6864, 0.921326, 0, -0.297689, 0.250079
251, 0.516, 0.656, 0.696, 0.921326, 0, -0.297689, 0.250079
251, 0.5276, 0.6656, 0.7056, 0.921326, 0, -0.297689, 0.250079
251, 0.5392, 0.6752, 0.7152, 0.921326, 0, -0.297689, 0.250079
251, 0.5508, 0.6848, 0.7248, 0.921326, 0, -0.297689, 0.250079
251, 0.5624, 0.6944, 0.7344, 0.921326, 0, -0.297689, 0.250079
251, 0.574, 0.704, 0.744, 0.921326, 0, -0.297689, 0.250079
251, 0.5856, 0.7136, 0.7536, 0.921326, 0, -0.297689, 0.250079
251, 0.5972, 0.7232, 0.7632, 0.921326, 0, -0.297689, 0.250079
251, 0.6088, 0.7328, 0.7728, 0.921326, 0, -0.297689, 0.250079
251, 0.6204, 0.7424, 0.7824, 0.921326, 0, -0.297689, 0.250079
251, 0.632, 0.752, 0.792, 0.921326, 0, -0.297689, 0.250079
251, 0.6436, 0.7616, 0.8016, 0.921326, 0, -0.297689, 0.250079
251, 0.6552, 0.7712, 0.8112, 0.921326, 0, -0.297689, 0.250079
251, 0.6668, 0.7808, 0.8208, 0.921326, 0, -0.297689, 0.250079
251, 0.6784, 0.7904, 0.8304, 0.921326, 0, -0.297689, 0.250079
251, 0.69, 0.8, 0.84, 0.921326, 0, -0.297689, 0.250079
251, 0.7016, 0.8096, 0.8496, 0.921326, 0, -0.297689, 0.250079
251, 0.7132, 0.8192, 0.8592, 0.921326, 0, -0.297689, 0.250079
251, 0.7248, 0.8288, 0.8688, 0.921326, 0, -0.297689, 0.250079
251, 0.7364, 0.8384, 0.8784, 0.921326, 0, -0.297689, 0.250079
251, 0.748, 0.848, 0.888, 0.921326, 0, -0.297689, 0.250079
251, 0.7596, 0.8576, 0.8976, 0.921326, 0, -0.297689, 0.250079
251, 0.7712, 0.8672, 0.9072, 0.921326, 0, -0.297689, 0.250079
251, 0.7828, 0.8768, 0.9168, 0.921326, 0, -0.297689, 0.250079
251, 0.7944, 0.8864, 0.9264, 0.921326, 0, -0.297689, 0.250079
252, 0.4, 0.56, 0.84, 0.944778, 0, -0.16175, 0.285012
252, 0.4116, 0.5696, 0.8448, 0.944778, 0, -0.16175, 0.285012
252, 0.4232, 0.5792, 0.8496, 0.944778, 0, -0.16175, 0.285012
252, 0.4348, 0.5888, 0.8544, 0.944778, 0, -0.16175, 0.285012
252, 0.4464, 0.5984, 0.8592, 0.944778, 0, -0.16175, 0.285012
252, 0.458, 0.608, 0.864, 0.944778, 0, -0.16175, 0.285012
252, 0.4696, 0.6176, 0.8688, 0.944778, 0, -0.16175, 0.285012
252, 0.4812, 0.6272, 0.8736, 0.944778, 0, -0.16175, 0.285012
252, 0.4928, 0.6368, 0.8784, 0.944778, 0, -0.16175, 0.285012
252, 0.5044, 0.6464, 0.8832, 0.944778, 0, -0.16175, 0.285012
252, 0.516, 0.656, 0.888, 0.944778, 0, -0.16175, 0.285012
252, 0.5276, 0.6656, 0.8928, 0.944778, 0, -0.16175, 0.285012
252, 0.5392, 0.6752, 0.8976, 0.944778, 0, -0.16175, 0.285012
252, 0.5508, 0.6848, 0.9024, 0.944778, 0, -0.16175, 0.285012
252, 0.5624, 0.6944, 0.9072, 0.944778, 0, -0.16175, 0.285012
252, 0.574, 0.704, 0.912, 0.944778, 0, -0.16175, 0.285012
252, 0.5856, 0.7136, 0.9168, 0.944778, 0, -0.16175, 0.285012
252, 0.5972, 0.7232, 0.9216, 0.944778, 0, -0.16175, 0.285012
252, 0.6088, 0.7328, 0.9264, 0.944778, 0, -0.16175, 0.285012
252, 0.6204, 0.7424, 0.9312, 0.944778, 0, -0.16175, 0.285012
252, 0.632, 0.752, 0.936, 0.944778, 0, -0.16175, 0.285012
252, 0.6436, 0.7616, 0.9408, 0.944778, 0, -0.16175, 0.285012
252, 0.6552, 0.7712, 0.9456, 0.944778, 0, -0.16175, 0.285012
252, 0.6668, 0.7808, 0.9504, 0.944778, 0, -0.16175, 0.285012
252, 0.6784, 0.7904, 0.9552, 0.944778, 0, -0.16175, 0.285012
252, 0.69, 0.8, 0.96, 0.944778, 0, -0.16175, 0.285012
252, 0.7016, 0.8096, 0.9648, 0.944778, 0, -0.16175, 0.285012
252, 0.7132, 0.8192, 0.9696, 0.944778, 0, -0.16175, 0.285012
252, 0.7248, 0.8288, 0.9744, 0.944778, 0, -0.16175, 0.285012
252, 0.7364, 0.8384, 0.9792, 0.944778, 0, -0.16175, 0.285012
252, 0.748, 0.848, 0.984, 0.944778, 0, -0.16175, 0.285012
252, 0.7596, 0.8576, 0.9888, 0.944778, 0, -0.16175, 0.285012
252, 0.7712, 0.8672, 0.9936, 0.944778, 0, -0.16175, 0.285012
253, 0.4928, 0.8384, 0.2736, 0.868857, 0, -0.483105, 0.108154
253, 0.5044, 0.8432, 0.2928, 0.868857, 0, -0.483105, 0.108154
253, 0.516, 0.848, 0.312, 0.868857, 0, -0.483105, 0.108154
253, 0.5276, 0.8528, 0.3312, 0.868857, 0, -0.483105, 0.108154
253, 0.5392, 0.8576, 0.3504, 0.868857, 0, -0.483105, 0.108154
253, 0.5508, 0.8624, 0.3696, 0.868857, 0, -0.483105, 0.108154
253, 0.5624, 0.8672, 0.3888, 0.868857, 0, -0.483105, 0.108154
253, 0.574, 0.872, 0.408, 0.868857, 0, -0.483105, 0.108154
253, 0.5856, 0.8768, 0.4272, 0.868857, 0, -0.483105, 0.108154
253, 0.5972, 0.8816, 0.4464, 0.868857, 0, -0.483105, 0.108154
253, 0.6088, 0.8864, 0.4656, 0.868857, 0, -0.483105, 0.108154
253, 0.6204, 0.8912, 0.4848, 0.868857, 0, -0.483105, 0.108154
253, 0.632, 0.896, 0.504, 0.868857, 0, -0.483105, 0.108154
253, 0.6436, 0.9008, 0.5232, 0.868857, 0, -0.483105, 0.108154
253, 0.6552, 0.9056, 0.5424, 0.868857, 0, -0.483105, 0.108154
253, 0.6668, 0.9104, 0.5616, 0.868857, 0, -0.483105, 0.108154
253, 0.6784, 0.9152, 0.5808, 0.868857, 0, -0.483105, 0.108154
253, 0.69, 0.92, 0.6, 0.868857, 0, -0.483105, 0.108154
253, 0.7016, 0.9248, 0.6192, 0.868857, 0, -0.483105, 0.108154
253, 0.7132, 0.9296, 0.6384, 0.868857, 0, -0.483105, 0.108154
253, 0.7248, 0.9344, 0.6576, 0.868857, 0, -0.483105, 0.108154
253, 0.7364, 0.9392, 0.6768, 0.868857, 0, -0.483105, 0.108154
253, 0.748, 0.944, 0.696, 0.868857, 0, -0.483105, 0.108154
253, 0.7596, 0.9488, 0.7152, 0.868857, 0, -0.483105, 0.108154
253, 0.7712, 0.9536, 0.7344, 0.868857, 0, -0.483105, 0.108154
254, 0.4, 0.8, 0.36, 0.899701, 0, -0.42188, 0.112054
254, 0.4116, 0.8048, 0.3744, 0.899701, 0, -0.42188, 0.112054
254, 0.4232, 0.8096, 0.3888, 0.899701, 0, -0.42188, 0.112054
254, 0.4348, 0.8144, 0.4032, 0.899701, 0, -0.42188, 0.112054
254, 0.4464, 0.8192, 0.4176, 0.899701, 0, -0.42188, 0.112054
254, 0.458, 0.824, 0.432, 0.899701, 0, -0.42188, 0.112054
254, 0.4696, 0.8288, 0.4464, 0.899701, 0, -0.42188, 0.112054
254, 0.4812, 0.8336, 0.4608, 0.899701, 0, -0.42188, 0.112054
254, 0.4928, 0.8384, 0.4752, 0.899701, 0, -0.42188, 0.112054
254, 0.5044, 0.8432, 0.4896, 0.899701, 0, -0.42188, 0.112054
254, 0.516, 0.848, 0.504, 0.899701, 0, -0.42188, 0.112054
254, 0.5276, 0.8528, 0.5184, 0.899701, 0, -0.42188, 0.112054
254, 0.5392, 0.8576, 0.5328, 0.899701, 0, -0.42188, 0.112054
254, 0.5508, 0.8624, 0.5472, 0.899701, 0, -0.42188, 0.112054
254, 0.5624, 0.8672, 0.5616, 0.899701, 0, -0.42188, 0.112054
254, 0.574, 0.872, 0.576, 0.899701, 0, -0.42188, 0.112054
254, 0.5856, 0.8768, 0.5904, 0.899701, 0, -0.42188, 0.112054
254, 0.5972, 0.8816, 0.6048, 0.899701, 0, -0.42188, 0.112054
254, 0.6088, 0.8864, 0.6192, 0.899701, 0, -0.42188, 0.112054
254, 0.6204, 0.8912, 0.6336, 0.899701, 0, -0.42188, 0.112054
254, 0.632, 0.896, 0.648, 0.899701, 0, -0.42188, 0.112054
254, 0.6436, 0.9008, 0.6624, 0.899701, 0, -0.42188, 0.112054
254, 0.6552, 0.9056, 0.6768, 0.899701, 0, -0.42188, 0.112054
254, 0.6668, 0.9104, 0.6912, 0.899701, 0, -0.42188, 0.112054
254, 0.6784, 0.9152, 0.7056, 0.899701, 0, -0.42188, 0.112054
254, 0.69, 0.92, 0.72, 0.899701, 0, -0.42188, 0.112054
254, 0.7016, 0.9248, 0.7344, 0.899701, 0, -0.42188, 0.112054
254, 0.7132, 0.9296, 0.7488, 0.899701, 0, -0.42188, 0.112054
254, 0.7248, 0.9344, 0.7632, 0.899701, 0, -0.42188, 0.112054
254, 0.7364, 0.9392, 0.7776, 0.899701, 0, -0.42188, 0.112054
254, 0.748, 0.944, 0.792, 0.899701, 0, -0.42188, 0.112054
254, 0.7596, 0.9488, 0.8064, 0.899701, 0, -0.42188, 0.112054
255, 0.4, 0.8, 0.6, 0.938776, 0, -0.32839, 0.104209
255, 0.4116, 0.8048, 0.6096, 0.938776, 0, -0.32839, 0.104209
255, 0.4232, 0.8096, 0.6192, 0.938776, 0, -0.32839, 0.104209
255, 0.4348, 0.8144, 0.6288, 0.938776, 0, -0.32839, 0.104209
255, 0.4464, 0.8192, 0.6384, 0.938776, 0, -0.32839, 0.104209
255, 0.458, 0.824, 0.648, 0.938776, 0, -0.32839, 0.104209
255, 0.4696, 0.8288, 0.6576, 0.938776, 0, -0.32839, 0.104209
255, 0.4812, 0.8336, 0.6672, 0.938776, 0, -0.32839, 0.104209
255, 0.4928, 0.8384, 0.6768, 0.938776, 0, -0.32839, 0.104209
255, 0.5044, 0.8432, 0.6864, 0.938776, 0, -0.32839, 0.104209
255, 0.516, 0.848, 0.696, 0.938776, 0, -0.32839, 0.104209
255, 0.5276, 0.8528, 0.7056, 0.938776, 0, -0.32839, 0.104209
255, 0.5392, 0.8576, 0.7152, 0.938776, 0, -0.32839, 0.104209
255, 0.5508, 0.8624, 0.7248, 0.938776, 0, -0.32839, 0.104209
255, 0.5624, 0.8672, 0.7344, 0.938776, 0, -0.32839, 0.104209
255, 0.574, 0.872, 0.744, 0.938776, 0, -0.32839, 0.104209
255, 0.5856, 0.8768, 0.7536, 0.938776, 0, -0.32839, 0.104209
255, 0.5972, 0.8816, 0.7632, 0.938776, 0, -0.32839, 0.104209
255, 0.6088, 0.8864, 0.7728, 0.938776, 0, -0.32839, 0.104209
255, 0.6204, 0.8912, 0.7824, 0.938776, 0, -0.32839, 0.104209
255, 0.632, 0.896, 0.792, 0.938776, 0, -0.32839, 0.104209
255, 0.6436, 0.9008, 0.8016, 0.938776, 0, -0.32839, 0.104209
255, 0.6552, 0.9056, 0.8112, 0.938776, 0, -0.32839, 0.104209
255, 0.6668, 0.9104, 0.8208, 0.938776, 0, -0.32839, 0.104209
255, 0.6784, 0.9152, 0.8304, 0.938776, 0, -0.32839, 0.104209
255, 0.69, 0.92, 0.84, 0.938776, 0, -0.32839, 0.104209
255, 0.7016, 0.9248, 0.8496, 0.938776, 0, -0.32839, 0.104209
255, 0.7132, 0.9296, 0.8592, 0.938776, 0, -0.32839, 0.104209
255, 0.7248, 0.9344, 0.8688, 0.938776, 0, -0.32839, 0.104209
255, 0.7364, 0.9392, 0.8784, 0.938776, 0, -0.32839, 0.104209
256, 0.4, 0.8, 0.84, 0.978106, 0, -0.186986, 0.091348
256, 0.4116, 0.8048, 0.8448, 0.978106, 0, -0.186986, 0.091348
256, 0.4232, 0.8096, 0.8496, 0.978106, 0, -0.186986, 0.091348
256, 0.4348, 0.8144, 0.8544, 0.978106, 0, -0.186986, 0.091348
256, 0.4464, 0.8192, 0.8592, 0.978106, 0, -0.186986, 0.091348
256, 0.458, 0.824, 0.864, 0.978106, 0, -0.186986, 0.091348
256, 0.4696, 0.8288, 0.8688, 0.978106, 0, -0.186986, 0.091348
256, 0.4812, 0.8336, 0.8736, 0.978106, 0, -0.186986, 0.091348
256, 0.4928, 0.8384, 0.8784, 0.978106, 0, -0.186986, 0.091348
256, 0.5044, 0.8432, 0.8832, 0.978106, 0, -0.186986, 0.091348
256, 0.516, 0.848, 0.888, 0.978106, 0, -0.186986, 0.091348
256, 0.5276, 0.8528, 0.8928, 0.978106, 0, -0.186986, 0.091348
256, 0.5392, 0.8576, 0.8976, 0.978106, 0, -0.186986, 0.091348
256, 0.5508, 0.8624, 0.9024, 0.978106, 0, -0.186986, 0.091348
256, 0.5624, 0.8672, 0.9072, 0.978106, 0, -0.186986, 0.091348
256, 0.574, 0.872, 0.912, 0.978106, 0, -0.186986, 0.091348
256, 0.5856, 0.8768, 0.9168, 0.978106, 0, -0.186986, 0.091348
256, 0.5972, 0.8816, 0.9216, 0.978106, 0, -0.186986, 0.091348
256, 0.6088, 0.8864, 0.9264, 0.978106, 0, -0.186986, 0.091348
256, 0.6204, 0.8912, 0.9312, 0.978106, 0, -0.186986, 0.091348
256, 0.632, 0.896, 0.936, 0.978106, 0, -0.186986, 0.091348
256, 0.6436, 0.9008, 0.9408, 0.978106, 0, -0.186986, 0.091348
256, 0.6552, 0.9056, 0.9456, 0.978106, 0, -0.186986, 0.091348
256, 0.6668, 0.9104, 0.9504, 0.978106, 0, -0.186986, 0.091348
256, 0.6784, 0.9152, 0.9552, 0.978106, 0, -0.186986, 0.091348
256, 0.69, 0.92, 0.96, 0.978106, 0, -0.186986, 0.091348
256, 0.7016, 0.9248, 0.9648, 0.978106, 0, -0.186986, 0.091348
257, 0.4928, 1.04, 0.2736, 0.870952, 0, -0.491368, 0
257, 0.5044, 1.04, 0.2928, 0.870952, 0, -0.491368, 0
257, 0.516, 1.04, 0.312, 0.870952, 0, -0.491368, 0
257, 0.5276, 1.04, 0.3312, 0.870952, 0, -0.491368, 0
257, 0.5392, 1.04, 0.3504, 0.870952, 0, -0.491368, 0
257, 0.5508, 1.04, 0.3696, 0.870952, 0, -0.491368, 0
257, 0.5624, 1.04, 0.3888, 0.870952, 0, -0.491368, 0
257, 0.574, 1.04, 0.408, 0.870952, 0, -0.491368, 0
257, 0.5856, 1.04, 0.4272, 0.870952, 0, -0.491368, 0
257, 0.5972, 1.04, 0.4464, 0.870952, 0, -0.491368, 0
257, 0.6088, 1.04, 0.4656, 0.870952, 0, -0.491368, 0
257, 0.6204, 1.04, 0.4848, 0.870952, 0, -0.491368, 0
257, 0.632, 1.04, 0.504, 0.870952, 0, -0.491368, 0
257, 0.6436, 1.04, 0.5232, 0.870952, 0, -0.491368, 0
257, 0.6552, 1.04, 0.5424, 0.870952, 0, -0.491368, 0
257, 0.6668, 1.04, 0.5616, 0.870952, 0, -0.491368, 0
257, 0.6784, 1.04, 0.5808, 0.870952, 0, -0.491368, 0
258, 0.4116, 1.04, 0.3744, 0.902034, 0, -0.431666, 0
258, 0.4232, 1.04, 0.3888, 0.902034, 0, -0.431666, 0
258, 0.4348, 1.04, 0.4032, 0.902034, 0, -0.431666, 0
258, 0.4464, 1.04, 0.4176, 0.902034, 0, -0.431666, 0
258, 0.458, 1.04, 0.432, 0.902034, 0, -0.431666, 0
258, 0.4696, 1.04, 0.4464, 0.902034, 0, -0.431666, 0
258, 0.4812, 1.04, 0.4608, 0.902034, 0, -0.431666, 0
258, 0.4928, 1.04, 0.4752, 0.902034, 0, -0.431666, 0
258, 0.5044, 1.04, 0.4896, 0.902034, 0, -0.431666, 0
258, 0.516, 1.04, 0.504, 0.902034, 0, -0.431666, 0
258, 0.5276, 1.04, 0.5184, 0.902034, 0, -0.431666, 0
258, 0.5392, 1.04, 0.5328, 0.902034, 0, -0.431666, 0
258, 0.5508, 1.04, 0.5472, 0.902034, 0, -0.431666, 0
258, 0.5624, 1.04, 0.5616, 0.902034, 0, -0.431666, 0
258, 0.574, 1.04, 0.576, 0.902034, 0, -0.431666, 0
258, 0.5856, 1.04, 0.5904, 0.902034, 0, -0.431666, 0
258, 0.5972, 1.04, 0.6048, 0.902034, 0, -0.431666, 0
258, 0.6088, 1.04, 0.6192, 0.902034, 0, -0.431666, 0
258, 0.6204, 1.04, 0.6336, 0.902034, 0, -0.431666, 0
258, 0.632, 1.04, 0.648, 0.902034, 0, -0.431666, 0
258, 0.6436, 1.04, 0.6624, 0.902034, 0, -0.431666, 0
258, 0.6552, 1.04, 0.6768, 0.902034, 0, -0.431666, 0
258, 0.6668, 1.04, 0.6912, 0.902034, 0, -0.431666, 0
259, 0.4, 1.04, 0.6, 0.940849, 0, -0.338826, 0
259, 0.4116, 1.04, 0.6096, 0.940849, 0, -0.338826, 0
259, 0.4232, 1.04, 0.6192, 0.940849, 0, -0.338826, 0
259, 0.4348, 1.04, 0.6288, 0.940849, 0, -0.338826, 0
259, 0.4464, 1.04, 0.6384, 0.940849, 0, -0.338826, 0
259, 0.458, 1.04, 0.648, 0.940849, 0, -0.338826, 0
259, 0.4696, 1.04, 0.6576, 0.940849, 0, -0.338826, 0
259, 0.4812, 1.04, 0.6672, 0.940849, 0, -0.338826, 0
259, 0.4928, 1.04, 0.6768, 0.940849, 0, -0.338826, 0
259, 0.5044, 1.04, 0.6864, 0.940849, 0, -0.338826, 0
259, 0.516, 1.04, 0.696, 0.940849, 0, -0.338826, 0
259, 0.5276, 1.04, 0.7056, 0.940849, 0, -0.338826, 0
259, 0.5392, 1.04, 0.7152, 0.940849, 0, -0.338826, 0
259, 0.5508, 1.04, 0.7248, 0.940849, 0, -0.338826, 0
259, 0.5624, 1.04, 0.7344, 0.940849, 0, -0.338826, 0
259, 0.574, 1.04, 0.744, 0.940849, 0, -0.338826, 0
259, 0.5856, 1.04, 0.7536, 0.940849, 0, -0.338826, 0
259, 0.5972, 1.04, 0.7632, 0.940849, 0, -0.338826, 0
259, 0.6088, 1.04, 0.7728, 0.940849, 0, -0.338826, 0
259, 0.6204, 1.04, 0.7824, 0.940849, 0, -0.338826, 0
259, 0.632, 1.04, 0.792, 0.940849, 0, -0.338826, 0
260, 0.5392, 1.04, 0.8976, 0.98082, 0, -0.194914, 0
260, 0.5508, 1.04, 0.9024, 0.98082, 0, -0.194914, 0
261, 0.6088, -0.188801, 0.724799, 0.769654, 0, -0.473412, 0.428384
261, 0.6204, -0.150401, 0.758399, 0.769654, 0, -0.473412, 0.428384
261, 0.632, -0.112001, 0.791999, 0.769654, 0, -0.473412, 0.428384
261, 0.6436, -0.0736008, 0.825599, 0.769654, 0, -0.473412, 0.428384
261, 0.6552, -0.0352008, 0.859199, 0.769654, 0, -0.473412, 0.428384
261, 0.6668, 0.00319916, 0.892799, 0.769654, 0, -0.473412, 0.428384
261, 0.6784, 0.0415991, 0.926399, 0.769654, 0, -0.473412, 0.428384
261, 0.69, 0.0799991, 0.959999, 0.769654, 0, -0.473412, 0.428384
261, 0.7016, 0.118399, 0.993599, 0.769654, 0, -0.473412, 0.428384
261, 0.7132, 0.156799, 1.0272, 0.769654, 0, -0.473412, 0.428384
261, 0.7248, 0.195199, 1.0608, 0.769654, 0, -0.473412, 0.428384
261, 0.7364, 0.233599, 1.0944, 0.769654, 0, -0.473412, 0.428384
261, 0.748, 0.271999, 1.128, 0.769654, 0, -0.473412, 0.428384
261, 0.7596, 0.310399, 1.1616, 0.769654, 0, -0.473412, 0.428384
261, 0.7712, 0.348799, 1.1952, 0.769654, 0, -0.473412, 0.428384
261, 0.7828, 0.387199, 1.2288, 0.769654, 0, -0.473412, 0.428384
261, 0.7944, 0.425599, 1.2624, 0.769654, 0, -0.473412, 0.428384
261, 0.806, 0.463999, 1.296, 0.769654, 0, -0.473412, 0.428384
262, 0.5856, -0.265601, 0.8208, 0.773861, 0, -0.448491, 0.447209
262, 0.5972, -0.227201, 0.8496, 0.773861, 0, -0.448491, 0.447209
262, 0.6088, -0.188801, 0.8784, 0.773861, 0, -0.448491, 0.447209
262, 0.6204, -0.150401, 0.907199, 0.773861, 0, -0.448491, 0.447209
262, 0.632, -0.112001, 0.935999, 0.773861, 0, -0.448491, 0.447209
262, 0.6436, -0.0736008, 0.964799, 0.773861, 0, -0.448491, 0.447209
262, 0.6552, -0.0352008, 0.993599, 0.773861, 0, -0.448491, 0.447209
262, 0.6668, 0.00319916, 1.0224, 0.773861, 0, -0.448491, 0.447209
262, 0.6784, 0.0415991, 1.0512, 0.773861, 0, -0.448491, 0.447209
262, 0.69, 0.0799991, 1.08, 0.773861, 0, -0.448491, 0.447209
262, 0.7016, 0.118399, 1.1088, 0.773861, 0, -0.448491, 0.447209
262, 0.7132, 0.156799, 1.1376, 0.773861, 0, -0.448491, 0.447209
262, 0.7248, 0.195199, 1.1664, 0.773861, 0, -0.448491, 0.447209
262, 0.7364, 0.233599, 1.1952, 0.773861, 0, -0.448491, 0.447209
262, 0.748, 0.271999, 1.224, 0.773861, 0, -0.448491, 0.447209
262, 0.7596, 0.310399, 1.2528, 0.773861, 0, -0.448491, 0.447209
262, 0.7712, 0.348799, 1.2816, 0.773861, 0, -0.448491, 0.447209
262, 0.7828, 0.387199, 1.3104, 0.773861, 0, -0.448491, 0.447209
263, 0.5508, -0.3808, 0.912, 0.778952, 0, -0.418027, 0.467425
263, 0.5624, -0.342401, 0.936, 0.778952, 0, -0.418027, 0.467425
263, 0.574, -0.304001, 0.96, 0.778952, 0, -0.418027, 0.467425
263, 0.5856, -0.265601, 0.984, 0.778952, 0, -0.418027, 0.467425
263, 0.5972, -0.227201, 1.008, 0.778952, 0, -0.418027, 0.467425
263, 0.6088, -0.188801, 1.032, 0.778952, 0, -0.418027, 0.467425
263, 0.6204, -0.150401, 1.056, 0.778952, 0, -0.418027, 0.467425
263, 0.632, -0.112001, 1.08, 0.778952, 0, -0.418027, 0.467425
263, 0.6436, -0.0736008, 1.104, 0.778952, 0, -0.418027, 0.467425
263, 0.6552, -0.0352008, 1.128, 0.778952, 0, -0.418027, 0.467425
263, 0.6668, 0.00319916, 1.152, 0.778952, 0, -0.418027, 0.467425
263, 0.6784, 0.0415991, 1.176, 0.778952, 0, -0.418027, 0.467425
263, 0.69, 0.0799991, 1.2, 0.778952, 0, -0.418027, 0.467425
263, 0.7016, 0.118399, 1.224, 0.778952, 0, -0.418027, 0.467425
263, 0.7132, 0.156799, 1.248, 0.778952, 0, -0.418027, 0.467425
263, 0.7248, 0.195199, 1.272, 0.778952, 0, -0.418027, 0.467425
263, 0.7364, 0.233599, 1.296, 0.778952, 0, -0.418027, 0.467425
263, 0.748, 0.271999, 1.32, 0.778952, 0, -0.418027, 0.467425
263, 0.7596, 0.310399, 1.344, 0.778952, 0, -0.418027, 0.467425
263, 0.7712, 0.348799, 1.368, 0.778952, 0, -0.418027, 0.467425
264, 0.516, -0.496, 1.032, 0.785055, 0, -0.378581, 0.490271
264, 0.6436, -0.0736008, 1.2432, 0.785055, 0, -0.378581, 0.490271
264, 0.6552, -0.0352008, 1.2624, 0.785055, 0, -0.378581, 0.490271
264, 0.6668, 0.00319916, 1.2816, 0.785055, 0, -0.378581, 0.490271
264, 0.6784, 0.0415991, 1.3008, 0.785055, 0, -0.378581, 0.490271
264, 0.69, 0.0799991, 1.32, 0.785055, 0, -0.378581, 0.490271
264, 0.7016, 0.118399, 1.3392, 0.785055, 0, -0.378581, 0.490271
264, 0.7132, 0.156799, 1.3584, 0.785055, 0, -0.378581, 0.490271
264, 0.7248, 0.195199, 1.3776, 0.785055, 0, -0.378581, 0.490271
264, 0.7364, 0.233599, 1.3968, 0.785055, 0, -0.378581, 0.490271
265, 0.6784, 0.0415991, 1.4256, 0.791934, 0, -0.324074, 0.517511
265, 0.69, 0.0799991, 1.44, 0.791934, 0, -0.324074, 0.517511
268, 0.5856, -0.102401, 0.657599, 0.776354, 0, -0.483198, 0.404716
268, 0.5972, -0.0688005, 0.691199, 0.776354, 0, -0.483198, 0.404716
268, 0.6088, -0.0352006, 0.724799, 0.776354, 0, -0.483198, 0.404716
268, 0.6204, -0.00160061, 0.758399, 0.776354, 0, -0.483198, 0.404716
268, 0.632, 0.0319994, 0.791999, 0.776354, 0, -0.483198, 0.404716
268, 0.6436, 0.0655993, 0.825599, 0.776354, 0, -0.483198, 0.404716
268, 0.6552, 0.0991993, 0.859199, 0.776354, 0, -0.483198, 0.404716
268, 0.6668, 0.132799, 0.892799, 0.776354, 0, -0.483198, 0.404716
268, 0.6784, 0.166399, 0.926399, 0.776354, 0, -0.483198, 0.404716
268, 0.69, 0.199999, 0.959999, 0.776354, 0, -0.483198, 0.404716
268, 0.7016, 0.233599, 0.993599, 0.776354, 0, -0.483198, 0.404716
268, 0.7132, 0.267199, 1.0272, 0.776354, 0, -0.483198, 0.404716
268, 0.7248, 0.300799, 1.0608, 0.776354, 0, -0.483198, 0.404716
268, 0.7364, 0.334399, 1.0944, 0.776354, 0, -0.483198, 0.404716
268, 0.748, 0.367999, 1.128, 0.776354, 0, -0.483198, 0.404716
268, 0.7596, 0.401599, 1.1616, 0.776354, 0, -0.483198, 0.404716
268, 0.7712, 0.435199, 1.1952, 0.776354, 0, -0.483198, 0.404716
268, 0.7828, 0.468799, 1.2288, 0.776354, 0, -0.483198, 0.404716
268, 0.7944, 0.502399, 1.2624, 0.776354, 0, -0.483198, 0.404716
269, 0.5508, -0.2032, 0.7344, 0.781309, 0, -0.456697, 0.425422
269, 0.5624, -0.1696, 0.7632, 0.781309, 0, -0.456697, 0.425422
269, 0.574, -0.136, 0.792, 0.781309, 0, -0.456697, 0.425422
269, 0.5856, -0.102401, 0.8208, 0.781309, 0, -0.456697, 0.425422
269, 0.5972, -0.0688005, 0.8496, 0.781309, 0, -0.456697, 0.425422
269, 0.6088, -0.0352006, 0.8784, 0.781309, 0, -0.456697, 0.425422
269, 0.6204, -0.00160061, 0.907199, 0.781309, 0, -0.456697, 0.425422
269, 0.632, 0.0319994, 0.935999, 0.781309, 0, -0.456697, 0.425422
269, 0.6436, 0.0655993, 0.964799, 0.781309, 0, -0.456697, 0.425422
269, 0.6552, 0.0991993, 0.993599, 0.781309, 0, -0.456697, 0.425422
269, 0.6668, 0.132799, 1.0224, 0.781309, 0, -0.456697, 0.425422
269, 0.6784, 0.166399, 1.0512, 0.781309, 0, -0.456697, 0.425422
269, 0.69, 0.199999, 1.08, 0.781309, 0, -0.456697, 0.425422
269, 0.7016, 0.233599, 1.1088, 0.781309, 0, -0.456697, 0.425422
269, 0.7132, 0.267199, 1.1376, 0.781309, 0, -0.456697, 0.425422
269, 0.7248, 0.300799, 1.1664, 0.781309, 0, -0.456697, 0.425422
269, 0.7364, 0.334399, 1.1952, 0.781309, 0, -0.456697, 0.425422
269, 0.748, 0.367999, 1.224, 0.781309, 0, -0.456697, 0.425422
269, 0.7596, 0.401599, 1.2528, 0.781309, 0, -0.456697, 0.425422
269, 0.7712, 0.435199, 1.2816, 0.781309, 0, -0.456697, 0.425422
269, 0.7828, 0.468799, 1.3104, 0.781309, 0, -0.456697, 0.425422
270, 0.516, -0.304, 0.84, 0.787255, 0, -0.424137, 0.44759
270, 0.5276, -0.2704, 0.864, 0.787255, 0, -0.424137, 0.44759
270, 0.5392, -0.2368, 0.888, 0.787255, 0, -0.424137, 0.44759
270, 0.5508, -0.2032, 0.912, 0.787255, 0, -0.424137, 0.44759
270, 0.5624, -0.1696, 0.936, 0.787255, 0, -0.424137, 0.44759
270, 0.574, -0.136, 0.96, 0.787255, 0, -0.424137, 0.44759
270, 0.5856, -0.102401, 0.984, 0.787255, 0, -0.424137, 0.44759
270, 0.5972, -0.0688005, 1.008, 0.787255, 0, -0.424137, 0.44759
270, 0.6088, -0.0352006, 1.032, 0.787255, 0, -0.424137, 0.44759
270, 0.6204, -0.00160061, 1.056, 0.787255, 0, -0.424137, 0.44759
270, 0.632, 0.0319994, 1.08, 0.787255, 0, -0.424137, 0.44759
270, 0.6436, 0.0655993, 1.104, 0.787255, 0, -0.424137, 0.44759
270, 0.6552, 0.0991993, 1.128, 0.787255, 0, -0.424137, 0.44759
270, 0.6668, 0.132799, 1.152, 0.787255, 0, -0.424137, 0.44759
270, 0.6784, 0.166399, 1.176, 0.787255, 0, -0.424137, 0.44759
270, 0.69, 0.199999, 1.2, 0.787255, 0, -0.424137, 0.44759
270, 0.7016, 0.233599, 1.224, 0.787255, 0, -0.424137, 0.44759
270, 0.7132, 0.267199, 1.248, 0.787255, 0, -0.424137, 0.44759
270, 0.7248, 0.300799, 1.272, 0.787255, 0, -0.424137, 0.44759
270, 0.7364, 0.334399, 1.296, 0.787255, 0, -0.424137, 0.44759
270, 0.748, 0.367999, 1.32, 0.787255, 0, -0.424137, 0.44759
270, 0.7596, 0.401599, 1.344, 0.787255, 0, -0.424137, 0.44759
271, 0.4928, -0.3712, 0.9936, 0.794314, 0, -0.382059, 0.47233
271, 0.5044, -0.3376, 1.0128, 0.794314, 0, -0.382059, 0.47233
271, 0.516, -0.304, 1.032, 0.794314, 0, -0.382059, 0.47233
271, 0.5276, -0.2704, 1.0512, 0.794314, 0, -0.382059, 0.47233
271, 0.5392, -0.2368, 1.0704, 0.794314, 0, -0.382059, 0.47233
271, 0.5508, -0.2032, 1.0896, 0.794314, 0, -0.382059, 0.47233
271, 0.5624, -0.1696, 1.1088, 0.794314, 0, -0.382059, 0.47233
271, 0.574, -0.136, 1.128, 0.794314, 0, -0.382059, 0.47233
271, 0.5856, -0.102401, 1.1472, 0.794314, 0, -0.382059, 0.47233
271, 0.6088, -0.0352006, 1.1856, 0.794314, 0, -0.382059, 0.47233
271, 0.6204, -0.00160061, 1.2048, 0.794314, 0, -0.382059, 0.47233
271, 0.632, 0.0319994, 1.224, 0.794314, 0, -0.382059, 0.47233
271, 0.6436, 0.0655993, 1.2432, 0.794314, 0, -0.382059, 0.47233
271, 0.6552, 0.0991993, 1.2624, 0.794314, 0, -0.382059, 0.47233
271, 0.6668, 0.132799, 1.2816, 0.794314, 0, -0.382059, 0.47233
271, 0.6784, 0.166399, 1.3008, 0.794314, 0, -0.382059, 0.47233
271, 0.69, 0.199999, 1.32, 0.794314, 0, -0.382059, 0.47233
271, 0.7132, 0.267199, 1.3584, 0.794314, 0, -0.382059, 0.47233
271, 0.7248, 0.300799, 1.3776, 0.794314, 0, -0.382059, 0.47233
271, 0.7364, 0.334399, 1.3968, 0.794314, 0, -0.382059, 0.47233
272, 0.4232, -0.5728, 1.1088, 0.802153, 0, -0.324538, 0.501224
272, 0.4348, -0.5392, 1.1232, 0.802153, 0, -0.324538, 0.501224
272, 0.4464, -0.5056, 1.1376, 0.802153, 0, -0.324538, 0.501224
272, 0.6784, 0.166399, 1.4256, 0.802153, 0, -0.324538, 0.501224
272, 0.69, 0.199999, 1.44, 0.802153, 0, -0.324538, 0.501224
273, 0.4232, -0.5728, 1.3392, 0.809328, 0, -0.24335, 0.534574
273, 0.4348, -0.5392, 1.3488, 0.809328, 0, -0.24335, 0.534574
273, 0.4464, -0.5056, 1.3584, 0.809328, 0, -0.24335, 0.534574
275, 0.5624, 0.00319962, 0.5904, 0.783676, 0, -0.495502, 0.374606
275, 0.574, 0.0319996, 0.624, 0.783676, 0, -0.495502, 0.374606
275, 0.5856, 0.0607996, 0.657599, 0.783676, 0, -0.495502, 0.374606
275, 0.5972, 0.0895995, 0.691199, 0.783676, 0, -0.495502, 0.374606
275, 0.6088, 0.1184, 0.724799, 0.783676, 0, -0.495502, 0.374606
275, 0.6204, 0.147199, 0.758399, 0.783676, 0, -0.495502, 0.374606
275, 0.632, 0.175999, 0.791999, 0.783676, 0, -0.495502, 0.374606
275, 0.6436, 0.204799, 0.825599, 0.783676, 0, -0.495502, 0.374606
275, 0.6552, 0.233599, 0.859199, 0.783676, 0, -0.495502, 0.374606
275, 0.6668, 0.262399, 0.892799, 0.783676, 0, -0.495502, 0.374606
275, 0.6784, 0.291199, 0.926399, 0.783676, 0, -0.495502, 0.374606
275, 0.69, 0.319999, 0.959999, 0.783676, 0, -0.495502, 0.374606
275, 0.7016, 0.348799, 0.993599, 0.783676, 0, -0.495502, 0.374606
275, 0.7132, 0.377599, 1.0272, 0.783676, 0, -0.495502, 0.374606
275, 0.7248, 0.406399, 1.0608, 0.783676, 0, -0.495502, 0.374606
275, 0.7364, 0.435199, 1.0944, 0.783676, 0, -0.495502, 0.374606
275, 0.748, 0.463999, 1.128, 0.783676, 0, -0.495502, 0.374606
275, 0.7596, 0.492799, 1.1616, 0.783676, 0, -0.495502, 0.374606
275, 0.7712, 0.521599, 1.1952, 0.783676, 0, -0.495502, 0.374606
275, 0.7828, 0.550399, 1.2288, 0.783676, 0, -0.495502, 0.374606
276, 0.516, -0.112, 0.648, 0.789658, 0, -0.467637, 0.397186
276, 0.5276, -0.0832003, 0.6768, 0.789658, 0, -0.467637, 0.397186
276, 0.5392, -0.0544003, 0.7056, 0.789658, 0, -0.467637, 0.397186
276, 0.5508, -0.0256004, 0.7344, 0.789658, 0, -0.467637, 0.397186
276, 0.5624, 0.00319962, 0.7632, 0.789658, 0, -0.467637, 0.397186
276, 0.574, 0.0319996, 0.792, 0.789658, 0, -0.467637, 0.397186
276, 0.5856, 0.0607996, 0.8208, 0.789658, 0, -0.467637, 0.397186
276, 0.5972, 0.0895995, 0.8496, 0.789658, 0, -0.467637, 0.397186
276, 0.6088, 0.1184, 0.8784, 0.789658, 0, -0.467637, 0.397186
276, 0.6204, 0.147199, 0.907199, 0.789658, 0, -0.467637, 0.397186
276, 0.632, 0.175999, 0.935999, 0.789658, 0, -0.467637, 0.397186
276, 0.6436, 0.204799, 0.964799, 0.789658, 0, -0.467637, 0.397186
276, 0.6552, 0.233599, 0.993599, 0.789658, 0, -0.467637, 0.397186
276, 0.6668, 0.262399, 1.0224, 0.789658, 0, -0.467637, 0.397186
276, 0.6784, 0.291199, 1.0512, 0.789658, 0, -0.467637, 0.397186
276, 0.69, 0.319999, 1.08, 0.789658, 0, -0.467637, 0.397186
276, 0.7016, 0.348799, 1.1088, 0.789658, 0, -0.467637, 0.397186
276, 0.7132, 0.377599, 1.1376, 0.789658, 0, -0.467637, 0.397186
276, 0.7248, 0.406399, 1.1664, 0.789658, 0, -0.467637, 0.397186
276, 0.7364, 0.435199, 1.1952, 0.789658, 0, -0.467637, 0.397186
276, 0.748, 0.463999, 1.224, 0.789658, 0, -0.467637, 0.397186
276, 0.7596, 0.492799, 1.2528, 0.789658, 0, -0.467637, 0.397186
276, 0.7712, 0.521599, 1.2816, 0.789658, 0, -0.467637, 0.397186
277, 0.4696, -0.2272, 0.744, 0.796794, 0, -0.433001, 0.421462
277, 0.4812, -0.1984, 0.768, 0.796794, 0, -0.433001, 0.421462
277, 0.4928, -0.1696, 0.792, 0.796794, 0, -0.433001, 0.421462
277, 0.5044, -0.1408, 0.816, 0.796794, 0, -0.433001, 0.421462
277, 0.516, -0.112, 0.84, 0.796794, 0, -0.433001, 0.421462
277, 0.5276, -0.0832003, 0.864, 0.796794, 0, -0.433001, 0.421462
277, 0.5392, -0.0544003, 0.888, 0.796794, 0, -0.433001, 0.421462
277, 0.5508, -0.0256004, 0.912, 0.796794, 0, -0.433001, 0.421462
277, 0.5624, 0.00319962, 0.936, 0.796794, 0, -0.433001, 0.421462
277, 0.574, 0.0319996, 0.96, 0.796794, 0, -0.433001, 0.421462
277, 0.5856, 0.0607996, 0.984, 0.796794, 0, -0.433001, 0.421462
277, 0.5972, 0.0895995, 1.008, 0.796794, 0, -0.433001, 0.421462
277, 0.6088, 0.1184, 1.032, 0.796794, 0, -0.433001, 0.421462
277, 0.6204, 0.147199, 1.056, 0.796794, 0, -0.433001, 0.421462
277, 0.632, 0.175999, 1.08, 0.796794, 0, -0.433001, 0.421462
277, 0.6436, 0.204799, 1.104, 0.796794, 0, -0.433001, 0.421462
277, 0.6552, 0.233599, 1.128, 0.796794, 0, -0.433001, 0.421462
277, 0.6668, 0.262399, 1.152, 0.796794, 0, -0.433001, 0.421462
277, 0.6784, 0.291199, 1.176, 0.796794, 0, -0.433001, 0.421462
277, 0.69, 0.319999, 1.2, 0.796794, 0, -0.433001, 0.421462
277, 0.7016, 0.348799, 1.224, 0.796794, 0, -0.433001, 0.421462
277, 0.7132, 0.377599, 1.248, 0.796794, 0, -0.433001, 0.421462
277, 0.7248, 0.406399, 1.272, 0.796794, 0, -0.433001, 0.421462
277, 0.7364, 0.435199, 1.296, 0.796794, 0, -0.433001, 0.421462
277, 0.748, 0.463999, 1.32, 0.796794, 0, -0.433001, 0.421462
278, 0.4928, -0.1696, 0.9936, 0.80523, 0, -0.388004, 0.448394
278, 0.5044, -0.1408, 1.0128, 0.80523, 0, -0.388004, 0.448394
278, 0.516, -0.112, 1.032, 0.80523, 0, -0.388004, 0.448394
278, 0.5276, -0.0832003, 1.0512, 0.80523, 0, -0.388004, 0.448394
278, 0.5392, -0.0544003, 1.0704, 0.80523, 0, -0.388004, 0.448394
278, 0.5508, -0.0256004, 1.0896, 0.80523, 0, -0.388004, 0.448394
278, 0.5624, 0.00319962, 1.1088, 0.80523, 0, -0.388004, 0.448394
278, 0.574, 0.0319996, 1.128, 0.80523, 0, -0.388004, 0.448394
278, 0.5856, 0.0607996, 1.1472, 0.80523, 0, -0.388004, 0.448394
278, 0.5972, 0.0895995, 1.1664, 0.80523, 0, -0.388004, 0.448394
278, 0.6088, 0.1184, 1.1856, 0.80523, 0, -0.388004, 0.448394
278, 0.6204, 0.147199, 1.2048, 0.80523, 0, -0.388004, 0.448394
278, 0.632, 0.175999, 1.224, 0.80523, 0, -0.388004, 0.448394
278, 0.6436, 0.204799, 1.2432, 0.80523, 0, -0.388004, 0.448394
278, 0.6552, 0.233599, 1.2624, 0.80523, 0, -0.388004, 0.448394
278, 0.6668, 0.262399, 1.2816, 0.80523, 0, -0.388004, 0.448394
278, 0.6784, 0.291199, 1.3008, 0.80523, 0, -0.388004, 0.448394
278, 0.69, 0.319999, 1.32, 0.80523, 0, -0.388004, 0.448394
278, 0.7132, 0.377599, 1.3584, 0.80523, 0, -0.388004, 0.448394
278, 0.7248, 0.406399, 1.3776, 0.80523, 0, -0.388004, 0.448394
279, 0.5624, 0.00319962, 1.2816, 0.81452, 0, -0.326762, 0.479358
279, 0.574, 0.0319996, 1.296, 0.81452, 0, -0.326762, 0.479358
279, 0.6784, 0.291199, 1.4256, 0.81452, 0, -0.326762, 0.479358
280, 0.574, 0.0319996, 1.464, 0.82287, 0, -0.241956, 0.514142
280, 0.5972, 0.0895995, 1.4832, 0.82287, 0, -0.241956, 0.514142
280, 0.6088, 0.1184, 1.4928, 0.82287, 0, -0.241956, 0.514142
282, 0.5508, 0.152, 0.5568, 0.791405, 0, -0.510539, 0.336195
282, 0.5624, 0.176, 0.5904, 0.791405, 0, -0.510539, 0.336195
282, 0.574, 0.2, 0.624, 0.791405, 0, -0.510539, 0.336195
282, 0.5856, 0.224, 0.657599, 0.791405, 0, -0.510539, 0.336195
282, 0.5972, 0.248, 0.691199, 0.791405, 0, -0.510539, 0.336195
282, 0.6088, 0.272, 0.724799, 0.791405, 0, -0.510539, 0.336195
282, 0.6204, 0.296, 0.758399, 0.791405, 0, -0.510539, 0.336195
282, 0.632, 0.32, 0.791999, 0.791405, 0, -0.510539, 0.336195
282, 0.6436, 0.344, 0.825599, 0.791405, 0, -0.510539, 0.336195
282, 0.6552, 0.367999, 0.859199, 0.791405, 0, -0.510539, 0.336195
282, 0.6668, 0.391999, 0.892799, 0.791405, 0, -0.510539, 0.336195
282, 0.6784, 0.415999, 0.926399, 0.791405, 0, -0.510539, 0.336195
282, 0.69, 0.439999, 0.959999, 0.791405, 0, -0.510539, 0.336195
282, 0.7016, 0.463999, 0.993599, 0.791405, 0, -0.510539, 0.336195
282, 0.7132, 0.487999, 1.0272, 0.791405, 0, -0.510539, 0.336195
282, 0.7248, 0.511999, 1.0608, 0.791405, 0, -0.510539, 0.336195
282, 0.7364, 0.535999, 1.0944, 0.791405, 0, -0.510539, 0.336195
282, 0.748, 0.559999, 1.128, 0.791405, 0, -0.510539, 0.336195
282, 0.7596, 0.584, 1.1616, 0.791405, 0, -0.510539, 0.336195
282, 0.7712, 0.608, 1.1952, 0.791405, 0, -0.510539, 0.336195
282, 0.7828, 0.632, 1.2288, 0.791405, 0, -0.510539, 0.336195
283, 0.5044, 0.0559998, 0.6192, 0.79878, 0, -0.48189, 0.360185
283, 0.516, 0.0799998, 0.648, 0.79878, 0, -0.48189, 0.360185
283, 0.5276, 0.104, 0.6768, 0.79878, 0, -0.48189, 0.360185
283, 0.5392, 0.128, 0.7056, 0.79878, 0, -0.48189, 0.360185
283, 0.5508, 0.152, 0.7344, 0.79878, 0, -0.48189, 0.360185
283, 0.5624, 0.176, 0.7632, 0.79878, 0, -0.48189, 0.360185
283, 0.574, 0.2, 0.792, 0.79878, 0, -0.48189, 0.360185
283, 0.5856, 0.224, 0.8208, 0.79878, 0, -0.48189, 0.360185
283, 0.5972, 0.248, 0.8496, 0.79878, 0, -0.48189, 0.360185
283, 0.6088, 0.272, 0.8784, 0.79878, 0, -0.48189, 0.360185
283, 0.6204, 0.296, 0.907199, 0.79878, 0, -0.48189, 0.360185
283, 0.632, 0.32, 0.935999, 0.79878, 0, -0.48189, 0.360185
283, 0.6436, 0.344, 0.964799, 0.79878, 0, -0.48189, 0.360185
283, 0.6552, 0.367999, 0.993599, 0.79878, 0, -0.48189, 0.360185
283, 0.6668, 0.391999, 1.0224, 0.79878, 0, -0.48189, 0.360185
283, 0.6784, 0.415999, 1.0512, 0.79878, 0, -0.48189, 0.360185
283, 0.69, 0.439999, 1.08, 0.79878, 0, -0.48189, 0.360185
283, 0.7016, 0.463999, 1.1088, 0.79878, 0, -0.48189, 0.360185
283, 0.7132, 0.487999, 1.1376, 0.79878, 0, -0.48189, 0.360185
283, 0.7248, 0.511999, 1.1664, 0.79878, 0, -0.48189, 0.360185
283, 0.7364, 0.535999, 1.1952, 0.79878, 0, -0.48189, 0.360185
283, 0.748, 0.559999, 1.224, 0.79878, 0, -0.48189, 0.360185
283, 0.7596, 0.584, 1.2528, 0.79878, 0, -0.48189, 0.360185
284, 0.458, -0.0400001, 0.72, 0.807585, 0, -0.445614, 0.38631
284, 0.4696, -0.0160001, 0.744, 0.807585, 0, -0.445614, 0.38631
284, 0.4812, 0.00799984, 0.768, 0.807585, 0, -0.445614, 0.38631
284, 0.4928, 0.0319998, 0.792, 0.807585, 0, -0.445614, 0.38631
284, 0.5044, 0.0559998, 0.816, 0.807585, 0, -0.445614, 0.38631
284, 0.516, 0.0799998, 0.84, 0.807585, 0, -0.445614, 0.38631
284, 0.5276, 0.104, 0.864, 0.807585, 0, -0.445614, 0.38631
284, 0.5392, 0.128, 0.888, 0.807585, 0, -0.445614, 0.38631
284, 0.5508, 0.152, 0.912, 0.807585, 0, -0.445614, 0.38631
284, 0.5624, 0.176, 0.936, 0.807585, 0, -0.445614, 0.38631
284, 0.574, 0.2, 0.96, 0.807585, 0, -0.445614, 0.38631
284, 0.5856, 0.224, 0.984, 0.807585, 0, -0.445614, 0.38631
284, 0.5972, 0.248, 1.008, 0.807585, 0, -0.445614, 0.38631
284, 0.6088, 0.272, 1.032, 0.807585, 0, -0.445614, 0.38631
284, 0.6204, 0.296, 1.056, 0.807585, 0, -0.445614, 0.38631
284, 0.632, 0.32, 1.08, 0.807585, 0, -0.445614, 0.38631
284, 0.6436, 0.344, 1.104, 0.807585, 0, -0.445614, 0.38631
284, 0.6552, 0.367999, 1.128, 0.807585, 0, -0.445614, 0.38631
284, 0.6668, 0.391999, 1.152, 0.807585, 0, -0.445614, 0.38631
284, 0.6784, 0.415999, 1.176, 0.807585, 0, -0.445614, 0.38631
284, 0.69, 0.439999, 1.2, 0.807585, 0, -0.445614, 0.38631
284, 0.7016, 0.463999, 1.224, 0.807585, 0, -0.445614, 0.38631
284, 0.7132, 0.487999, 1.248, 0.807585, 0, -0.445614, 0.38631
284, 0.7248, 0.511999, 1.272, 0.807585, 0, -0.445614, 0.38631
284, 0.7364, 0.535999, 1.296, 0.807585, 0, -0.445614, 0.38631
285, 0.4, -0.16, 0.84, 0.81804, 0, -0.397819, 0.415391
285, 0.4116, -0.136, 0.8592, 0.81804, 0, -0.397819, 0.415391
285, 0.4232, -0.112, 0.8784, 0.81804, 0, -0.397819, 0.415391
285, 0.4348, -0.0880001, 0.8976, 0.81804, 0, -0.397819, 0.415391
285, 0.4464, -0.0640001, 0.9168, 0.81804, 0, -0.397819, 0.415391
285, 0.458, -0.0400001, 0.936, 0.81804, 0, -0.397819, 0.415391
285, 0.4696, -0.0160001, 0.9552, 0.81804, 0, -0.397819, 0.415391
285, 0.4812, 0.00799984, 0.9744, 0.81804, 0, -0.397819, 0.415391
285, 0.4928, 0.0319998, 0.9936, 0.81804, 0, -0.397819, 0.415391
285, 0.5044, 0.0559998, 1.0128, 0.81804, 0, -0.397819, 0.415391
285, 0.516, 0.0799998, 1.032, 0.81804, 0, -0.397819, 0.415391
285, 0.5276, 0.104, 1.0512, 0.81804, 0, -0.397819, 0.415391
285, 0.5392, 0.128, 1.0704, 0.81804, 0, -0.397819, 0.415391
285, 0.5508, 0.152, 1.0896, 0.81804, 0, -0.397819, 0.415391
285, 0.5624, 0.176, 1.1088, 0.81804, 0, -0.397819, 0.415391
285, 0.574, 0.2, 1.128, 0.81804, 0, -0.397819, 0.415391
285, 0.5856, 0.224, 1.1472, 0.81804, 0, -0.397819, 0.415391
285, 0.5972, 0.248, 1.1664, 0.81804, 0, -0.397819, 0.415391
285, 0.6088, 0.272, 1.1856, 0.81804, 0, -0.397819, 0.415391
285, 0.6204, 0.296, 1.2048, 0.81804, 0, -0.397819, 0.415391
285, 0.632, 0.32, 1.224, 0.81804, 0, -0.397819, 0.415391
285, 0.6436, 0.344, 1.2432, 0.81804, 0, -0.397819, 0.415391
285, 0.6552, 0.367999, 1.2624, 0.81804, 0, -0.397819, 0.415391
285, 0.6668, 0.391999, 1.2816, 0.81804, 0, -0.397819, 0.415391
285, 0.6784, 0.415999, 1.3008, 0.81804, 0, -0.397819, 0.415391
285, 0.69, 0.439999, 1.32, 0.81804, 0, -0.397819, 0.415391
285, 0.7016, 0.463999, 1.3392, 0.81804, 0, -0.397819, 0.415391
285, 0.7132, 0.487999, 1.3584, 0.81804, 0, -0.397819, 0.415391
286, 0.5276, 0.104, 1.2384, 0.829599, 0, -0.332369, 0.448661
286, 0.5624, 0.176, 1.2816, 0.829599, 0, -0.332369, 0.448661
286, 0.574, 0.2, 1.296, 0.829599, 0, -0.332369, 0.448661
286, 0.5856, 0.224, 1.3104, 0.829599, 0, -0.332369, 0.448661
286, 0.5972, 0.248, 1.3248, 0.829599, 0, -0.332369, 0.448661
286, 0.6088, 0.272, 1.3392, 0.829599, 0, -0.332369, 0.448661
286, 0.6204, 0.296, 1.3536, 0.829599, 0, -0.332369, 0.448661
287, 0.5508, 0.152, 1.4448, 0.839906, 0, -0.242719, 0.485433
287, 0.5624, 0.176, 1.4544, 0.839906, 0, -0.242719, 0.485433
287, 0.574, 0.2, 1.464, 0.839906, 0, -0.242719, 0.485433
287, 0.5856, 0.224, 1.4736, 0.839906, 0, -0.242719, 0.485433
287, 0.5972, 0.248, 1.4832, 0.839906, 0, -0.242719, 0.485433
289, 0.5392, 0.3104, 0.5232, 0.799044, 0, -0.527996, 0.287663
289, 0.5508, 0.3296, 0.5568, 0.799044, 0, -0.527996, 0.287663
289, 0.5624, 0.3488, 0.5904, 0.799044, 0, -0.527996, 0.287663
289, 0.574, 0.368, 0.624, 0.799044, 0, -0.527996, 0.287663
289, 0.5856, 0.3872, 0.657599, 0.799044, 0, -0.527996, 0.287663
289, 0.5972, 0.4064, 0.691199, 0.799044, 0, -0.527996, 0.287663
289, 0.6088, 0.4256, 0.724799, 0.799044, 0, -0.527996, 0.287663
289, 0.6204, 0.4448, 0.758399, 0.799044, 0, -0.527996, 0.287663
289, 0.632, 0.464, 0.791999, 0.799044, 0, -0.527996, 0.287663
289, 0.6436, 0.4832, 0.825599, 0.799044, 0, -0.527996, 0.287663
289, 0.6552, 0.5024, 0.859199, 0.799044, 0, -0.527996, 0.287663
289, 0.6668, 0.5216, 0.892799, 0.799044, 0, -0.527996, 0.287663
289, 0.6784, 0.5408, 0.926399, 0.799044, 0, -0.527996, 0.287663
289, 0.69, 0.56, 0.959999, 0.799044, 0, -0.527996, 0.287663
289, 0.7016, 0.5792, 0.993599, 0.799044, 0, -0.527996, 0.287663
289, 0.7132, 0.5984, 1.0272, 0.799044, 0, -0.527996, 0.287663
289, 0.7248, 0.6176, 1.0608, 0.799044, 0, -0.527996, 0.287663
289, 0.7364, 0.6368, 1.0944, 0.799044, 0, -0.527996, 0.287663
289, 0.748, 0.656, 1.128, 0.799044, 0, -0.527996, 0.287663
289, 0.7596, 0.6752, 1.1616, 0.799044, 0, -0.527996, 0.287663
289, 0.7712, 0.6944, 1.1952, 0.799044, 0, -0.527996, 0.287663
290, 0.4812, 0.2144, 0.5616, 0.808212, 0, -0.499603, 0.311753
290, 0.4928, 0.2336, 0.5904, 0.808212, 0, -0.499603, 0.311753
290, 0.5044, 0.2528, 0.6192, 0.808212, 0, -0.499603, 0.311753
290, 0.516, 0.272, 0.648, 0.808212, 0, -0.499603, 0.311753
290, 0.5276, 0.2912, 0.6768, 0.808212, 0, -0.499603, 0.311753
290, 0.5392, 0.3104, 0.7056, 0.808212, 0, -0.499603, 0.311753
290, 0.5508, 0.3296, 0.7344, 0.808212, 0, -0.499603, 0.311753
290, 0.5624, 0.3488, 0.7632, 0.808212, 0, -0.499603, 0.311753
290, 0.574, 0.368, 0.792, 0.808212, 0, -0.499603, 0.311753
290, 0.5856, 0.3872, 0.8208, 0.808212, 0, -0.499603, 0.311753
290, 0.5972, 0.4064, 0.8496, 0.808212, 0, -0.499603, 0.311753
290, 0.6088, 0.4256, 0.8784, 0.808212, 0, -0.499603, 0.311753
290, 0.6204, 0.4448, 0.907199, 0.808212, 0, -0.499603, 0.311753
290, 0.632, 0.464, 0.935999, 0.808212, 0, -0.499603, 0.311753
290, 0.6436, 0.4832, 0.964799, 0.808212, 0, -0.499603, 0.311753
290, 0.6552, 0.5024, 0.993599, 0.808212, 0, -0.499603, 0.311753
290, 0.6668, 0.5216, 1.0224, 0.808212, 0, -0.499603, 0.311753
290, 0.6784, 0.5408, 1.0512, 0.808212, 0, -0.499603, 0.311753
290, 0.69, 0.56, 1.08, 0.808212, 0, -0.499603, 0.311753
290, 0.7016, 0.5792, 1.1088, 0.808212, 0, -0.499603, 0.311753
290, 0.7132, 0.5984, 1.1376, 0.808212, 0, -0.499603, 0.311753
290, 0.7248, 0.6176, 1.1664, 0.808212, 0, -0.499603, 0.311753
290, 0.7364, 0.6368, 1.1952, 0.808212, 0, -0.499603, 0.311753
290, 0.748, 0.656, 1.224, 0.808212, 0, -0.499603, 0.311753
291, 0.458, 0.176, 0.72, 0.819286, 0, -0.46281, 0.338494
291, 0.4696, 0.1952, 0.744, 0.819286, 0, -0.46281, 0.338494
291, 0.4812, 0.2144, 0.768, 0.819286, 0, -0.46281, 0.338494
291, 0.4928, 0.2336, 0.792, 0.819286, 0, -0.46281, 0.338494
291, 0.5044, 0.2528, 0.816, 0.819286, 0, -0.46281, 0.338494
291, 0.516, 0.272, 0.84, 0.819286, 0, -0.46281, 0.338494
291, 0.5276, 0.2912, 0.864, 0.819286, 0, -0.46281, 0.338494
291, 0.5392, 0.3104, 0.888, 0.819286, 0, -0.46281, 0.338494
291, 0.5508, 0.3296, 0.912, 0.819286, 0, -0.46281, 0.338494
291, 0.5624, 0.3488, 0.936, 0.819286, 0, -0.46281, 0.338494
291, 0.574, 0.368, 0.96, 0.819286, 0, -0.46281, 0.338494
291, 0.5856, 0.3872, 0.984, 0.819286, 0, -0.46281, 0.338494
291, 0.5972, 0.4064, 1.008, 0.819286, 0, -0.46281, 0.338494
291, 0.6088, 0.4256, 1.032, 0.819286, 0, -0.46281, 0.338494
291, 0.6204, 0.4448, 1.056, 0.819286, 0, -0.46281, 0.338494
291, 0.632, 0.464, 1.08, 0.819286, 0, -0.46281, 0.338494
291, 0.6436, 0.4832, 1.104, 0.819286, 0, -0.46281, 0.338494
291, 0.6552, 0.5024, 1.128, 0.819286, 0, -0.46281, 0.338494
291, 0.6668, 0.5216, 1.152, 0.819286, 0, -0.46281, 0.338494
291, 0.6784, 0.5408, 1.176, 0.819286, 0, -0.46281, 0.338494
291, 0.69, 0.56, 1.2, 0.819286, 0, -0.46281, 0.338494
291, 0.7016, 0.5792, 1.224, 0.819286, 0, -0.46281, 0.338494
291, 0.7132, 0.5984, 1.248, 0.819286, 0, -0.46281, 0.338494
291, 0.7248, 0.6176, 1.272, 0.819286, 0, -0.46281, 0.338494
292, 0.4, 0.08, 0.84, 0.832685, 0, -0.413269, 0.368571
292, 0.4116, 0.0992, 0.8592, 0.832685, 0, -0.413269, 0.368571
292, 0.4232, 0.1184, 0.8784, 0.832685, 0, -0.413269, 0.368571
292, 0.4348, 0.1376, 0.8976, 0.832685, 0, -0.413269, 0.368571
292, 0.4464, 0.1568, 0.9168, 0.832685, 0, -0.413269, 0.368571
292, 0.458, 0.176, 0.936, 0.832685, 0, -0.413269, 0.368571
292, 0.4696, 0.1952, 0.9552, 0.832685, 0, -0.413269, 0.368571
292, 0.4812, 0.2144, 0.9744, 0.832685, 0, -0.413269, 0.368571
292, 0.4928, 0.2336, 0.9936, 0.832685, 0, -0.413269, 0.368571
292, 0.5044, 0.2528, 1.0128, 0.832685, 0, -0.413269, 0.368571
292, 0.516, 0.272, 1.032, 0.832685, 0, -0.413269, 0.368571
292, 0.5276, 0.2912, 1.0512, 0.832685, 0, -0.413269, 0.368571
292, 0.5392, 0.3104, 1.0704, 0.832685, 0, -0.413269, 0.368571
292, 0.5508, 0.3296, 1.0896, 0.832685, 0, -0.413269, 0.368571
292, 0.5624, 0.3488, 1.1088, 0.832685, 0, -0.413269, 0.368571
292, 0.574, 0.368, 1.128, 0.832685, 0, -0.413269, 0.368571
292, 0.5856, 0.3872, 1.1472, 0.832685, 0, -0.413269, 0.368571
292, 0.5972, 0.4064, 1.1664, 0.832685, 0, -0.413269, 0.368571
292, 0.6088, 0.4256, 1.1856, 0.832685, 0, -0.413269, 0.368571
292, 0.6204, 0.4448, 1.2048, 0.832685, 0, -0.413269, 0.368571
292, 0.632, 0.464, 1.224, 0.832685, 0, -0.413269, 0.368571
292, 0.6436, 0.4832, 1.2432, 0.832685, 0, -0.413269, 0.368571
292, 0.6552, 0.5024, 1.2624, 0.832685, 0, -0.413269, 0.368571
292, 0.6668, 0.5216, 1.2816, 0.832685, 0, -0.413269, 0.368571
292, 0.6784, 0.5408, 1.3008, 0.832685, 0, -0.413269, 0.368571
292, 0.69, 0.56, 1.32, 0.832685, 0, -0.413269, 0.368571
293, 0.4, 0.08, 1.08, 0.847912, 0, -0.344125, 0.403266
293, 0.4116, 0.0992, 1.0944, 0.847912, 0, -0.344125, 0.403266
293, 0.4232, 0.1184, 1.1088, 0.847912, 0, -0.344125, 0.403266
293, 0.4348, 0.1376, 1.1232, 0.847912, 0, -0.344125, 0.403266
293, 0.4464, 0.1568, 1.1376, 0.847912, 0, -0.344125, 0.403266
293, 0.458, 0.176, 1.152, 0.847912, 0, -0.344125, 0.403266
293, 0.4696, 0.1952, 1.1664, 0.847912, 0, -0.344125, 0.403266
293, 0.4812, 0.2144, 1.1808, 0.847912, 0, -0.344125, 0.403266
293, 0.4928, 0.2336, 1.1952, 0.847912, 0, -0.344125, 0.403266
293, 0.5044, 0.2528, 1.2096, 0.847912, 0, -0.344125, 0.403266
293, 0.516, 0.272, 1.224, 0.847912, 0, -0.344125, 0.403266
293, 0.5276, 0.2912, 1.2384, 0.847912, 0, -0.344125, 0.403266
293, 0.5392, 0.3104, 1.2528, 0.847912, 0, -0.344125, 0.403266
293, 0.5508, 0.3296, 1.2672, 0.847912, 0, -0.344125, 0.403266
293, 0.5624, 0.3488, 1.2816, 0.847912, 0, -0.344125, 0.403266
293, 0.574, 0.368, 1.296, 0.847912, 0, -0.344125, 0.403266
293, 0.5856, 0.3872, 1.3104, 0.847912, 0, -0.344125, 0.403266
293, 0.5972, 0.4064, 1.3248, 0.847912, 0, -0.344125, 0.403266
293, 0.6088, 0.4256, 1.3392, 0.847912, 0, -0.344125, 0.403266
293, 0.6204, 0.4448, 1.3536, 0.847912, 0, -0.344125, 0.403266
293, 0.632, 0.464, 1.368, 0.847912, 0, -0.344125, 0.403266
293, 0.6552, 0.5024, 1.3968, 0.847912, 0, -0.344125, 0.403266
294, 0.4, 0.08, 1.32, 0.861742, 0, -0.248778, 0.442166
294, 0.4116, 0.0992, 1.3296, 0.861742, 0, -0.248778, 0.442166
294, 0.4464, 0.1568, 1.3584, 0.861742, 0, -0.248778, 0.442166
294, 0.5044, 0.2528, 1.4064, 0.861742, 0, -0.248778, 0.442166
294, 0.516, 0.272, 1.416, 0.861742, 0, -0.248778, 0.442166
294, 0.5276, 0.2912, 1.4256, 0.861742, 0, -0.248778, 0.442166
294, 0.5392, 0.3104, 1.4352, 0.861742, 0, -0.248778, 0.442166
294, 0.5624, 0.3488, 1.4544, 0.861742, 0, -0.248778, 0.442166
294, 0.574, 0.368, 1.464, 0.861742, 0, -0.248778, 0.442166
296, 0.5392, 0.4928, 0.5232, 0.805779, 0, -0.546561, 0.228018
296, 0.5508, 0.5072, 0.5568, 0.805779, 0, -0.546561, 0.228018
296, 0.5624, 0.5216, 0.5904, 0.805779, 0, -0.546561, 0.228018
296, 0.574, 0.536, 0.624, 0.805779, 0, -0.546561, 0.228018
296, 0.5856, 0.5504, 0.657599, 0.805779, 0, -0.546561, 0.228018
296, 0.5972, 0.5648, 0.691199, 0.805779, 0, -0.546561, 0.228018
296, 0.6088, 0.5792, 0.724799, 0.805779, 0, -0.546561, 0.228018
296, 0.6204, 0.5936, 0.758399, 0.805779, 0, -0.546561, 0.228018
296, 0.632, 0.608, 0.791999, 0.805779, 0, -0.546561, 0.228018
296, 0.6436, 0.6224, 0.825599, 0.805779, 0, -0.546561, 0.228018
296, 0.6552, 0.6368, 0.859199, 0.805779, 0, -0.546561, 0.228018
296, 0.6668, 0.6512, 0.892799, 0.805779, 0, -0.546561, 0.228018
296, 0.6784, 0.6656, 0.926399, 0.805779, 0, -0.546561, 0.228018
296, 0.69, 0.68, 0.959999, 0.805779, 0, -0.546561, 0.228018
296, 0.7016, 0.6944, 0.993599, 0.805779, 0, -0.546561, 0.228018
296, 0.7132, 0.7088, 1.0272, 0.805779, 0, -0.546561, 0.228018
296, 0.7248, 0.7232, 1.0608, 0.805779, 0, -0.546561, 0.228018
296, 0.7364, 0.7376, 1.0944, 0.805779, 0, -0.546561, 0.228018
296, 0.748, 0.752, 1.128, 0.805779, 0, -0.546561, 0.228018
297, 0.4696, 0.4064, 0.5328, 0.816972, 0, -0.519762, 0.249808
297, 0.4812, 0.4208, 0.5616, 0.816972, 0, -0.519762, 0.249808
297, 0.4928, 0.4352, 0.5904, 0.816972, 0, -0.519762, 0.249808
297, 0.5044, 0.4496, 0.6192, 0.816972, 0, -0.519762, 0.249808
297, 0.516, 0.464, 0.648, 0.816972, 0, -0.519762, 0.249808
297, 0.5276, 0.4784, 0.6768, 0.816972, 0, -0.519762, 0.249808
297, 0.5392, 0.4928, 0.7056, 0.816972, 0, -0.519762, 0.249808
297, 0.5508, 0.5072, 0.7344, 0.816972, 0, -0.519762, 0.249808
297, 0.5624, 0.5216, 0.7632, 0.816972, 0, -0.519762, 0.249808
297, 0.574, 0.536, 0.792, 0.816972, 0, -0.519762, 0.249808
297, 0.5856, 0.5504, 0.8208, 0.816972, 0, -0.519762, 0.249808
297, 0.5972, 0.5648, 0.8496, 0.816972, 0, -0.519762, 0.249808
297, 0.6088, 0.5792, 0.8784, 0.816972, 0, -0.519762, 0.249808
297, 0.6204, 0.5936, 0.907199, 0.816972, 0, -0.519762, 0.249808
297, 0.632, 0.608, 0.935999, 0.816972, 0, -0.519762, 0.249808
297, 0.6436, 0.6224, 0.964799, 0.816972, 0, -0.519762, 0.249808
297, 0.6552, 0.6368, 0.993599, 0.816972, 0, -0.519762, 0.249808
297, 0.6668, 0.6512, 1.0224, 0.816972, 0, -0.519762, 0.249808
297, 0.6784, 0.6656, 1.0512, 0.816972, 0, -0.519762, 0.249808
297, 0.69, 0.68, 1.08, 0.816972, 0, -0.519762, 0.249808
297, 0.7016, 0.6944, 1.1088, 0.816972, 0, -0.519762, 0.249808
297, 0.7132, 0.7088, 1.1376, 0.816972, 0, -0.519762, 0.249808
297, 0.7248, 0.7232, 1.1664, 0.816972, 0, -0.519762, 0.249808
298, 0.4116, 0.3344, 0.624, 0.830789, 0, -0.48426, 0.274376
298, 0.4232, 0.3488, 0.648, 0.830789, 0, -0.48426, 0.274376
298, 0.4348, 0.3632, 0.672, 0.830789, 0, -0.48426, 0.274376
298, 0.4464, 0.3776, 0.696, 0.830789, 0, -0.48426, 0.274376
298, 0.458, 0.392, 0.72, 0.830789, 0, -0.48426, 0.274376
298, 0.4696, 0.4064, 0.744, 0.830789, 0, -0.48426, 0.274376
298, 0.4812, 0.4208, 0.768, 0.830789, 0, -0.48426, 0.274376
298, 0.4928, 0.4352, 0.792, 0.830789, 0, -0.48426, 0.274376
298, 0.5044, 0.4496, 0.816, 0.830789, 0, -0.48426, 0.274376
298, 0.516, 0.464, 0.84, 0.830789, 0, -0.48426, 0.274376
298, 0.5276, 0.4784, 0.864, 0.830789, 0, -0.48426, 0.274376
298, 0.5392, 0.4928, 0.888, 0.830789, 0, -0.48426, 0.274376
298, 0.5508, 0.5072, 0.912, 0.830789, 0, -0.48426, 0.274376
298, 0.5624, 0.5216, 0.936, 0.830789, 0, -0.48426, 0.274376
298, 0.574, 0.536, 0.96, 0.830789, 0, -0.48426, 0.274376
298, 0.5856, 0.5504, 0.984, 0.830789, 0, -0.48426, 0.274376
298, 0.5972, 0.5648, 1.008, 0.830789, 0, -0.48426, 0.274376
298, 0.6088, 0.5792, 1.032, 0.830789, 0, -0.48426, 0.274376
298, 0.6204, 0.5936, 1.056, 0.830789, 0, -0.48426, 0.274376
298, 0.632, 0.608, 1.08, 0.830789, 0, -0.48426, 0.274376
298, 0.6436, 0.6224, 1.104, 0.830789, 0, -0.48426, 0.274376
298, 0.6552, 0.6368, 1.128, 0.830789, 0, -0.48426, 0.274376
298, 0.6668, 0.6512, 1.152, 0.830789, 0, -0.48426, 0.274376
298, 0.6784, 0.6656, 1.176, 0.830789, 0, -0.48426, 0.274376
298, 0.69, 0.68, 1.2, 0.830789, 0, -0.48426, 0.274376
298, 0.7016, 0.6944, 1.224, 0.830789, 0, -0.48426, 0.274376
299, 0.4, 0.32, 0.84, 0.848096, 0, -0.43538, 0.301956
299, 0.4116, 0.3344, 0.8592, 0.848096, 0, -0.43538, 0.301956
299, 0.4232, 0.3488, 0.8784, 0.848096, 0, -0.43538, 0.301956
299, 0.4348, 0.3632, 0.8976, 0.848096, 0, -0.43538, 0.301956
299, 0.4464, 0.3776, 0.9168, 0.848096, 0, -0.43538, 0.301956
299, 0.458, 0.392, 0.936, 0.848096, 0, -0.43538, 0.301956
299, 0.4696, 0.4064, 0.9552, 0.848096, 0, -0.43538, 0.301956
299, 0.4812, 0.4208, 0.9744, 0.848096, 0, -0.43538, 0.301956
299, 0.4928, 0.4352, 0.9936, 0.848096, 0, -0.43538, 0.301956
299, 0.5044, 0.4496, 1.0128, 0.848096, 0, -0.43538, 0.301956
299, 0.516, 0.464, 1.032, 0.848096, 0, -0.43538, 0.301956
299, 0.5276, 0.4784, 1.0512, 0.848096, 0, -0.43538, 0.301956
299, 0.5392, 0.4928, 1.0704, 0.848096, 0, -0.43538, 0.301956
299, 0.5508, 0.5072, 1.0896, 0.848096, 0, -0.43538, 0.301956
299, 0.5624, 0.5216, 1.1088, 0.848096, 0, -0.43538, 0.301956
299, 0.574, 0.536, 1.128, 0.848096, 0, -0.43538, 0.301956
299, 0.5856, 0.5504, 1.1472, 0.848096, 0, -0.43538, 0.301956
299, 0.5972, 0.5648, 1.1664, 0.848096, 0, -0.43538, 0.301956
299, 0.6088, 0.5792, 1.1856, 0.848096, 0, -0.43538, 0.301956
299, 0.6204, 0.5936, 1.2048, 0.848096, 0, -0.43538, 0.301956
299, 0.632, 0.608, 1.224, 0.848096, 0, -0.43538, 0.301956
299, 0.6436, 0.6224, 1.2432, 0.848096, 0, -0.43538, 0.301956
299, 0.6552, 0.6368, 1.2624, 0.848096, 0, -0.43538, 0.301956
299, 0.6668, 0.6512, 1.2816, 0.848096, 0, -0.43538, 0.301956
300, 0.4, 0.32, 1.08, 0.869053, 0, -0.365392, 0.333521
300, 0.4116, 0.3344, 1.0944, 0.869053, 0, -0.365392, 0.333521
300, 0.4232, 0.3488, 1.1088, 0.869053, 0, -0.365392, 0.333521
300, 0.4348, 0.3632, 1.1232, 0.869053, 0, -0.365392, 0.333521
300, 0.4464, 0.3776, 1.1376, 0.869053, 0, -0.365392, 0.333521
300, 0.458, 0.392, 1.152, 0.869053, 0, -0.365392, 0.333521
300, 0.4696, 0.4064, 1.1664, 0.869053, 0, -0.365392, 0.333521
300, 0.4812, 0.4208, 1.1808, 0.869053, 0, -0.365392, 0.333521
300, 0.4928, 0.4352, 1.1952, 0.869053, 0, -0.365392, 0.333521
300, 0.5044, 0.4496, 1.2096, 0.869053, 0, -0.365392, 0.333521
300, 0.516, 0.464, 1.224, 0.869053, 0, -0.365392, 0.333521
300, 0.5276, 0.4784, 1.2384, 0.869053, 0, -0.365392, 0.333521
300, 0.5392, 0.4928, 1.2528, 0.869053, 0, -0.365392, 0.333521
300, 0.5508, 0.5072, 1.2672, 0.869053, 0, -0.365392, 0.333521
300, 0.5624, 0.5216, 1.2816, 0.869053, 0, -0.365392, 0.333521
300, 0.574, 0.536, 1.296, 0.869053, 0, -0.365392, 0.333521
300, 0.5856, 0.5504, 1.3104, 0.869053, 0, -0.365392, 0.333521
300, 0.5972, 0.5648, 1.3248, 0.869053, 0, -0.365392, 0.333521
300, 0.6088, 0.5792, 1.3392, 0.869053, 0, -0.365392, 0.333521
301, 0.4116, 0.3344, 1.3296, 0.889869, 0, -0.265898, 0.370718
301, 0.4232, 0.3488, 1.3392, 0.889869, 0, -0.265898, 0.370718
301, 0.4348, 0.3632, 1.3488, 0.889869, 0, -0.265898, 0.370718
301, 0.4464, 0.3776, 1.3584, 0.889869, 0, -0.265898, 0.370718
301, 0.458, 0.392, 1.368, 0.889869, 0, -0.265898, 0.370718
301, 0.4696, 0.4064, 1.3776, 0.889869, 0, -0.265898, 0.370718
301, 0.4812, 0.4208, 1.3872, 0.889869, 0, -0.265898, 0.370718
301, 0.4928, 0.4352, 1.3968, 0.889869, 0, -0.265898, 0.370718
301, 0.5044, 0.4496, 1.4064, 0.889869, 0, -0.265898, 0.370718
301, 0.516, 0.464, 1.416, 0.889869, 0, -0.265898, 0.370718
301, 0.5276, 0.4784, 1.4256, 0.889869, 0, -0.265898, 0.370718
301, 0.5392, 0.4928, 1.4352, 0.889869, 0, -0.265898, 0.370718
301, 0.5508, 0.5072, 1.4448, 0.889869, 0, -0.265898, 0.370718
303, 0.5276, 0.6656, 0.4896, 0.810735, 0, -0.56366, 0.158103
303, 0.5392, 0.6752, 0.5232, 0.810735, 0, -0.56366, 0.158103
303, 0.5508, 0.6848, 0.5568, 0.810735, 0, -0.56366, 0.158103
303, 0.5624, 0.6944, 0.5904, 0.810735, 0, -0.56366, 0.158103
303, 0.574, 0.704, 0.624, 0.810735, 0, -0.56366, 0.158103
303, 0.5856, 0.7136, 0.657599, 0.810735, 0, -0.56366, 0.158103
303, 0.5972, 0.7232, 0.691199, 0.810735, 0, -0.56366, 0.158103
303, 0.6088, 0.7328, 0.724799, 0.810735, 0, -0.56366, 0.158103
303, 0.6204, 0.7424, 0.758399, 0.810735, 0, -0.56366, 0.158103
303, 0.632, 0.752, 0.791999, 0.810735, 0, -0.56366, 0.158103
303, 0.6436, 0.7616, 0.825599, 0.810735, 0, -0.56366, 0.158103
303, 0.6552, 0.7712, 0.859199, 0.810735, 0, -0.56366, 0.158103
303, 0.6668, 0.7808, 0.892799, 0.810735, 0, -0.56366, 0.158103
303, 0.6784, 0.7904, 0.926399, 0.810735, 0, -0.56366, 0.158103
303, 0.69, 0.8, 0.959999, 0.810735, 0, -0.56366, 0.158103
303, 0.7016, 0.8096, 0.993599, 0.810735, 0, -0.56366, 0.158103
303, 0.7132, 0.8192, 1.0272, 0.810735, 0, -0.56366, 0.158103
303, 0.7248, 0.8288, 1.0608, 0.810735, 0, -0.56366, 0.158103
304, 0.458, 0.608, 0.504, 0.823715, 0, -0.53946, 0.174573
304, 0.4696, 0.6176, 0.5328, 0.823715, 0, -0.53946, 0.174573
304, 0.4812, 0.6272, 0.5616, 0.823715, 0, -0.53946, 0.174573
304, 0.4928, 0.6368, 0.5904, 0.823715, 0, -0.53946, 0.174573
304, 0.5044, 0.6464, 0.6192, 0.823715, 0, -0.53946, 0.174573
304, 0.516, 0.656, 0.648, 0.823715, 0, -0.53946, 0.174573
304, 0.5276, 0.6656, 0.6768, 0.823715, 0, -0.53946, 0.174573
304, 0.5392, 0.6752, 0.7056, 0.823715, 0, -0.53946, 0.174573
304, 0.5508, 0.6848, 0.7344, 0.823715, 0, -0.53946, 0.174573
304, 0.5624, 0.6944, 0.7632, 0.823715, 0, -0.53946, 0.174573
304, 0.574, 0.704, 0.792, 0.823715, 0, -0.53946, 0.174573
304, 0.5856, 0.7136, 0.8208, 0.823715, 0, -0.53946, 0.174573
304, 0.5972, 0.7232, 0.8496, 0.823715, 0, -0.53946, 0.174573
304, 0.6088, 0.7328, 0.8784, 0.823715, 0, -0.53946, 0.174573
304, 0.6204, 0.7424, 0.907199, 0.823715, 0, -0.53946, 0.174573
304, 0.632, 0.752, 0.935999, 0.823715, 0, -0.53946, 0.174573
304, 0.6436, 0.7616, 0.964799, 0.823715, 0, -0.53946, 0.174573
304, 0.6552, 0.7712, 0.993599, 0.823715, 0, -0.53946, 0.174573
304, 0.6668, 0.7808, 1.0224, 0.823715, 0, -0.53946, 0.174573
304, 0.6784, 0.7904, 1.0512, 0.823715, 0, -0.53946, 0.174573
304, 0.69, 0.8, 1.08, 0.823715, 0, -0.53946, 0.174573
304, 0.7016, 0.8096, 1.1088, 0.823715, 0, -0.53946, 0.174573
305, 0.4, 0.56, 0.6, 0.840093, 0, -0.506912, 0.193088
305, 0.4116, 0.5696, 0.624, 0.840093, 0, -0.506912, 0.193088
305, 0.4232, 0.5792, 0.648, 0.840093, 0, -0.506912, 0.193088
305, 0.4348, 0.5888, 0.672, 0.840093, 0, -0.506912, 0.193088
305, 0.4464, 0.5984, 0.696, 0.840093, 0, -0.506912, 0.193088
305, 0.458, 0.608, 0.72, 0.840093, 0, -0.506912, 0.193088
305, 0.4696, 0.6176, 0.744, 0.840093, 0, -0.506912, 0.193088
305, 0.4812, 0.6272, 0.768, 0.840093, 0, -0.506912, 0.193088
305, 0.4928, 0.6368, 0.792, 0.840093, 0, -0.506912, 0.193088
305, 0.5044, 0.6464, 0.816, 0.840093, 0, -0.506912, 0.193088
305, 0.516, 0.656, 0.84, 0.840093, 0, -0.506912, 0.193088
305, 0.5276, 0.6656, 0.864, 0.840093, 0, -0.506912, 0.193088
305, 0.5392, 0.6752, 0.888, 0.840093, 0, -0.506912, 0.193088
305, 0.5508, 0.6848, 0.912, 0.840093, 0, -0.506912, 0.193088
305, 0.5624, 0.6944, 0.936, 0.840093, 0, -0.506912, 0.193088
305, 0.574, 0.704, 0.96, 0.840093, 0, -0.506912, 0.193088
305, 0.5856, 0.7136, 0.984, 0.840093, 0, -0.506912, 0.193088
305, 0.5972, 0.7232, 1.008, 0.840093, 0, -0.506912, 0.193088
305, 0.6088, 0.7328, 1.032, 0.840093, 0, -0.506912, 0.193088
305, 0.6204, 0.7424, 1.056, 0.840093, 0, -0.506912, 0.193088
305, 0.632, 0.752, 1.08, 0.840093, 0, -0.506912, 0.193088
305, 0.6436, 0.7616, 1.104, 0.840093, 0, -0.506912, 0.193088
305, 0.6552, 0.7712, 1.128, 0.840093, 0, -0.506912, 0.193088
305, 0.6668, 0.7808, 1.152, 0.840093, 0, -0.506912, 0.193088
305, 0.6784, 0.7904, 1.176, 0.840093, 0, -0.506912, 0.193088
306, 0.4, 0.56, 0.84, 0.861277, 0, -0.461469, 0.212715
306, 0.4116, 0.5696, 0.8592, 0.861277, 0, -0.461469, 0.212715
306, 0.4232, 0.5792, 0.8784, 0.861277, 0, -0.461469, 0.212715
306, 0.4348, 0.5888, 0.8976, 0.861277, 0, -0.461469, 0.212715
306, 0.4464, 0.5984, 0.9168, 0.861277, 0, -0.461469, 0.212715
306, 0.458, 0.608, 0.936, 0.861277, 0, -0.461469, 0.212715
306, 0.4696, 0.6176, 0.9552, 0.861277, 0, -0.461469, 0.212715
306, 0.4812, 0.6272, 0.9744, 0.861277, 0, -0.461469, 0.212715
306, 0.4928, 0.6368, 0.9936, 0.861277, 0, -0.461469, 0.212715
306, 0.5044, 0.6464, 1.0128, 0.861277, 0, -0.461469, 0.212715
306, 0.516, 0.656, 1.032, 0.861277, 0, -0.461469, 0.212715
306, 0.5276, 0.6656, 1.0512, 0.861277, 0, -0.461469, 0.212715
306, 0.5392, 0.6752, 1.0704, 0.861277, 0, -0.461469, 0.212715
306, 0.5508, 0.6848, 1.0896, 0.861277, 0, -0.461469, 0.212715
306, 0.5624, 0.6944, 1.1088, 0.861277, 0, -0.461469, 0.212715
306, 0.574, 0.704, 1.128, 0.861277, 0, -0.461469, 0.212715
306, 0.5856, 0.7136, 1.1472, 0.861277, 0, -0.461469, 0.212715
306, 0.5972, 0.7232, 1.1664, 0.861277, 0, -0.461469, 0.212715
306, 0.6088, 0.7328, 1.1856, 0.861277, 0, -0.461469, 0.212715
306, 0.6204, 0.7424, 1.2048, 0.861277, 0, -0.461469, 0.212715
306, 0.632, 0.752, 1.224, 0.861277, 0, -0.461469, 0.212715
306, 0.6436, 0.7616, 1.2432, 0.861277, 0, -0.461469, 0.212715
307, 0.4, 0.56, 1.08, 0.888848, 0, -0.395358, 0.231607
307, 0.4116, 0.5696, 1.0944, 0.888848, 0, -0.395358, 0.231607
307, 0.4232, 0.5792, 1.1088, 0.888848, 0, -0.395358, 0.231607
307, 0.4348, 0.5888, 1.1232, 0.888848, 0, -0.395358, 0.231607
307, 0.4464, 0.5984, 1.1376, 0.888848, 0, -0.395358, 0.231607
307, 0.458, 0.608, 1.152, 0.888848, 0, -0.395358, 0.231607
307, 0.4696, 0.6176, 1.1664, 0.888848, 0, -0.395358, 0.231607
307, 0.4812, 0.6272, 1.1808, 0.888848, 0, -0.395358, 0.231607
307, 0.4928, 0.6368, 1.1952, 0.888848, 0, -0.395358, 0.231607
307, 0.5044, 0.6464, 1.2096, 0.888848, 0, -0.395358, 0.231607
307, 0.516, 0.656, 1.224, 0.888848, 0, -0.395358, 0.231607
307, 0.5276, 0.6656, 1.2384, 0.888848, 0, -0.395358, 0.231607
307, 0.5392, 0.6752, 1.2528, 0.888848, 0, -0.395358, 0.231607
307, 0.5508, 0.6848, 1.2672, 0.888848, 0, -0.395358, 0.231607
307, 0.5624, 0.6944, 1.2816, 0.888848, 0, -0.395358, 0.231607
307, 0.574, 0.704, 1.296, 0.888848, 0, -0.395358, 0.231607
307, 0.5856, 0.7136, 1.3104, 0.888848, 0, -0.395358, 0.231607
308, 0.4812, 0.6272, 1.3872, 0.921326, 0, -0.297689, 0.250079
308, 0.4928, 0.6368, 1.3968, 0.921326, 0, -0.297689, 0.250079
310, 0.516, 0.848, 0.456, 0.813511, 0, -0.575906, 0.0808257
310, 0.5276, 0.8528, 0.4896, 0.813511, 0, -0.575906, 0.0808257
310, 0.5392, 0.8576, 0.5232, 0.813511, 0, -0.575906, 0.0808257
310, 0.5508, 0.8624, 0.5568, 0.813511, 0, -0.575906, 0.0808257
310, 0.5624, 0.8672, 0.5904, 0.813511, 0, -0.575906, 0.0808257
310, 0.574, 0.872, 0.624, 0.813511, 0, -0.575906, 0.0808257
310, 0.5856, 0.8768, 0.657599, 0.813511, 0, -0.575906, 0.0808257
310, 0.5972, 0.8816, 0.691199, 0.813511, 0, -0.575906, 0.0808257
310, 0.6088, 0.8864, 0.724799, 0.813511, 0, -0.575906, 0.0808257
310, 0.6204, 0.8912, 0.758399, 0.813511, 0, -0.575906, 0.0808257
310, 0.632, 0.896, 0.791999, 0.813511, 0, -0.575906, 0.0808257
310, 0.6436, 0.9008, 0.825599, 0.813511, 0, -0.575906, 0.0808257
310, 0.6552, 0.9056, 0.859199, 0.813511, 0, -0.575906, 0.0808257
310, 0.6668, 0.9104, 0.892799, 0.813511, 0, -0.575906, 0.0808257
310, 0.6784, 0.9152, 0.926399, 0.813511, 0, -0.575906, 0.0808257
310, 0.69, 0.92, 0.959999, 0.813511, 0, -0.575906, 0.0808257
311, 0.4464, 0.8192, 0.4752, 0.827572, 0, -0.554166, 0.0895804
311, 0.458, 0.824, 0.504, 0.827572, 0, -0.554166, 0.0895804
311, 0.4696, 0.8288, 0.5328, 0.827572, 0, -0.554166, 0.0895804
311, 0.4812, 0.8336, 0.5616, 0.827572, 0, -0.554166, 0.0895804
311, 0.4928, 0.8384, 0.5904, 0.827572, 0, -0.554166, 0.0895804
311, 0.5044, 0.8432, 0.6192, 0.827572, 0, -0.554166, 0.0895804
311, 0.516, 0.848, 0.648, 0.827572, 0, -0.554166, 0.0895804
311, 0.5276, 0.8528, 0.6768, 0.827572, 0, -0.554166, 0.0895804
311, 0.5392, 0.8576, 0.7056, 0.827572, 0, -0.554166, 0.0895804
311, 0.5508, 0.8624, 0.7344, 0.827572, 0, -0.554166, 0.0895804
311, 0.5624, 0.8672, 0.7632, 0.827572, 0, -0.554166, 0.0895804
311, 0.574, 0.872, 0.792, 0.827572, 0, -0.554166, 0.0895804
311, 0.5856, 0.8768, 0.8208, 0.827572, 0, -0.554166, 0.0895804
311, 0.5972, 0.8816, 0.8496, 0.827572, 0, -0.554166, 0.0895804
311, 0.6088, 0.8864, 0.8784, 0.827572, 0, -0.554166, 0.0895804
311, 0.6204, 0.8912, 0.907199, 0.827572, 0, -0.554166, 0.0895804
311, 0.632, 0.896, 0.935999, 0.827572, 0, -0.554166, 0.0895804
311, 0.6436, 0.9008, 0.964799, 0.827572, 0, -0.554166, 0.0895804
311, 0.6552, 0.9056, 0.993599, 0.827572, 0, -0.554166, 0.0895804
311, 0.6668, 0.9104, 1.0224, 0.827572, 0, -0.554166, 0.0895804
312, 0.4, 0.8, 0.6, 0.845498, 0, -0.524683, 0.0992026
312, 0.4116, 0.8048, 0.624, 0.845498, 0, -0.524683, 0.0992026
312, 0.4232, 0.8096, 0.648, 0.845498, 0, -0.524683, 0.0992026
312, 0.4348, 0.8144, 0.672, 0.845498, 0, -0.524683, 0.0992026
312, 0.4464, 0.8192, 0.696, 0.845498, 0, -0.524683, 0.0992026
312, 0.458, 0.824, 0.72, 0.845498, 0, -0.524683, 0.0992026
312, 0.4696, 0.8288, 0.744, 0.845498, 0, -0.524683, 0.0992026
312, 0.4812, 0.8336, 0.768, 0.845498, 0, -0.524683, 0.0992026
312, 0.4928, 0.8384, 0.792, 0.845498, 0, -0.524683, 0.0992026
312, 0.5044, 0.8432, 0.816, 0.845498, 0, -0.524683, 0.0992026
312, 0.516, 0.848, 0.84, 0.845498, 0, -0.524683, 0.0992026
312, 0.5276, 0.8528, 0.864, 0.845498, 0, -0.524683, 0.0992026
312, 0.5392, 0.8576, 0.888, 0.845498, 0, -0.524683, 0.0992026
312, 0.5508, 0.8624, 0.912, 0.845498, 0, -0.524683, 0.0992026
312, 0.5624, 0.8672, 0.936, 0.845498, 0, -0.524683, 0.0992026
312, 0.574, 0.872, 0.96, 0.845498, 0, -0.524683, 0.0992026
312, 0.5856, 0.8768, 0.984, 0.845498, 0, -0.524683, 0.0992026
312, 0.5972, 0.8816, 1.008, 0.845498, 0, -0.524683, 0.0992026
312, 0.6088, 0.8864, 1.032, 0.845498, 0, -0.524683, 0.0992026
312, 0.6204, 0.8912, 1.056, 0.845498, 0, -0.524683, 0.0992026
312, 0.632, 0.896, 1.08, 0.845498, 0, -0.524683, 0.0992026
313, 0.4, 0.8, 0.84, 0.868857, 0, -0.483105, 0.108154
313, 0.4116, 0.8048, 0.8592, 0.868857, 0, -0.483105, 0.108154
313, 0.4232, 0.8096, 0.8784, 0.868857, 0, -0.483105, 0.108154
313, 0.4348, 0.8144, 0.8976, 0.868857, 0, -0.483105, 0.108154
313, 0.4464, 0.8192, 0.9168, 0.868857, 0, -0.483105, 0.108154
313, 0.458, 0.824, 0.936, 0.868857, 0, -0.483105, 0.108154
313, 0.4696, 0.8288, 0.9552, 0.868857, 0, -0.483105, 0.108154
313, 0.4812, 0.8336, 0.9744, 0.868857, 0, -0.483105, 0.108154
313, 0.4928, 0.8384, 0.9936, 0.868857, 0, -0.483105, 0.108154
313, 0.5044, 0.8432, 1.0128, 0.868857, 0, -0.483105, 0.108154
313, 0.516, 0.848, 1.032, 0.868857, 0, -0.483105, 0.108154
313, 0.5276, 0.8528, 1.0512, 0.868857, 0, -0.483105, 0.108154
313, 0.5392, 0.8576, 1.0704, 0.868857, 0, -0.483105, 0.108154
313, 0.5508, 0.8624, 1.0896, 0.868857, 0, -0.483105, 0.108154
313, 0.5624, 0.8672, 1.1088, 0.868857, 0, -0.483105, 0.108154
313, 0.574, 0.872, 1.128, 0.868857, 0, -0.483105, 0.108154
313, 0.5856, 0.8768, 1.1472, 0.868857, 0, -0.483105, 0.108154
314, 0.4, 0.8, 1.08, 0.899701, 0, -0.42188, 0.112054
314, 0.4116, 0.8048, 1.0944, 0.899701, 0, -0.42188, 0.112054
314, 0.4232, 0.8096, 1.1088, 0.899701, 0, -0.42188, 0.112054
314, 0.4348, 0.8144, 1.1232, 0.899701, 0, -0.42188, 0.112054
314, 0.4464, 0.8192, 1.1376, 0.899701, 0, -0.42188, 0.112054
314, 0.458, 0.824, 1.152, 0.899701, 0, -0.42188, 0.112054
314, 0.4696, 0.8288, 1.1664, 0.899701, 0, -0.42188, 0.112054
314, 0.4812, 0.8336, 1.1808, 0.899701, 0, -0.42188, 0.112054
314, 0.4928, 0.8384, 1.1952, 0.899701, 0, -0.42188, 0.112054
314, 0.5044, 0.8432, 1.2096, 0.899701, 0, -0.42188, 0.112054
314, 0.516, 0.848, 1.224, 0.899701, 0, -0.42188, 0.112054
317, 0.4464, 1.04, 0.2544, 0.814352, 0, -0.580372, 0
317, 0.4696, 1.04, 0.3216, 0.814352, 0, -0.580372, 0
317, 0.4812, 1.04, 0.3552, 0.814352, 0, -0.580372, 0
317, 0.4928, 1.04, 0.3888, 0.814352, 0, -0.580372, 0
317, 0.5044, 1.04, 0.4224, 0.814352, 0, -0.580372, 0
317, 0.516, 1.04, 0.456, 0.814352, 0, -0.580372, 0
317, 0.5276, 1.04, 0.4896, 0.814352, 0, -0.580372, 0
317, 0.5392, 1.04, 0.5232, 0.814352, 0, -0.580372, 0
317, 0.5508, 1.04, 0.5568, 0.814352, 0, -0.580372, 0
317, 0.5624, 1.04, 0.5904, 0.814352, 0, -0.580372, 0
317, 0.574, 1.04, 0.624, 0.814352, 0, -0.580372, 0
317, 0.5856, 1.04, 0.657599, 0.814352, 0, -0.580372, 0
317, 0.5972, 1.04, 0.691199, 0.814352, 0, -0.580372, 0
317, 0.6088, 1.04, 0.724799, 0.814352, 0, -0.580372, 0
317, 0.6204, 1.04, 0.758399, 0.814352, 0, -0.580372, 0
318, 0.4, 1.04, 0.36, 0.828737, 0, -0.559638, 0
318, 0.4116, 1.04, 0.3888, 0.828737, 0, -0.559638, 0
318, 0.4232, 1.04, 0.4176, 0.828737, 0, -0.559638, 0
318, 0.4348, 1.04, 0.4464, 0.828737, 0, -0.559638, 0
318, 0.4464, 1.04, 0.4752, 0.828737, 0, -0.559638, 0
318, 0.458, 1.04, 0.504, 0.828737, 0, -0.559638, 0
318, 0.4696, 1.04, 0.5328, 0.828737, 0, -0.559638, 0
318, 0.4812, 1.04, 0.5616, 0.828737, 0, -0.559638, 0
318, 0.4928, 1.04, 0.5904, 0.828737, 0, -0.559638, 0
318, 0.5044, 1.04, 0.6192, 0.828737, 0, -0.559638, 0
318, 0.516, 1.04, 0.648, 0.828737, 0, -0.559638, 0
318, 0.5276, 1.04, 0.6768, 0.828737, 0, -0.559638, 0
318, 0.5392, 1.04, 0.7056, 0.828737, 0, -0.559638, 0
318, 0.5508, 1.04, 0.7344, 0.828737, 0, -0.559638, 0
318, 0.5624, 1.04, 0.7632, 0.828737, 0, -0.559638, 0
318, 0.574, 1.04, 0.792, 0.828737, 0, -0.559638, 0
318, 0.5856, 1.04, 0.8208, 0.828737, 0, -0.559638, 0
319, 0.4, 1.04, 0.6, 0.847103, 0, -0.531428, 0
319, 0.4116, 1.04, 0.624, 0.847103, 0, -0.531428, 0
319, 0.4232, 1.04, 0.648, 0.847103, 0, -0.531428, 0
319, 0.4348, 1.04, 0.672, 0.847103, 0, -0.531428, 0
319, 0.4464, 1.04, 0.696, 0.847103, 0, -0.531428, 0
319, 0.458, 1.04, 0.72, 0.847103, 0, -0.531428, 0
319, 0.4696, 1.04, 0.744, 0.847103, 0, -0.531428, 0
319, 0.4812, 1.04, 0.768, 0.847103, 0, -0.531428, 0
319, 0.4928, 1.04, 0.792, 0.847103, 0, -0.531428, 0
319, 0.5044, 1.04, 0.816, 0.847103, 0, -0.531428, 0
319, 0.516, 1.04, 0.84, 0.847103, 0, -0.531428, 0
319, 0.5276, 1.04, 0.864, 0.847103, 0, -0.531428, 0
319, 0.5392, 1.04, 0.888, 0.847103, 0, -0.531428, 0
320, 0.4, 1.04, 0.84, 0.870952, 0, -0.491368, 0
320, 0.4116, 1.04, 0.8592, 0.870952, 0, -0.491368, 0
320, 0.4232, 1.04, 0.8784, 0.870952, 0, -0.491368, 0
320, 0.4348, 1.04, 0.8976, 0.870952, 0, -0.491368, 0
320, 0.4464, 1.04, 0.9168, 0.870952, 0, -0.491368, 0
320, 0.458, 1.04, 0.936, 0.870952, 0, -0.491368, 0
320, 0.4696, 1.04, 0.9552, 0.870952, 0, -0.491368, 0
320, 0.4812, 1.04, 0.9744, 0.870952, 0, -0.491368, 0
