1, 0.545, -0.88, 0.3, 0, 0.39234, 0
1, 0.69, -0.88, 0.24, 0, 0.39234, 0
1, 0.835, -0.88, 0.18, 0, 0.39234, 0
2, 0.4, -0.88, 0.6, 0, 0.691337, 0
2, 0.835, -0.88, 0.24, 0, 0.691337, 0
3, 0.4, -0.88, 0.84, 0, 0.892677, 0
3, 0.835, -0.88, 0.3, 0, 0.892677, 0
4, 0.4, -0.88, 1.08, 0, 1.02732, 0
4, 0.545, -0.88, 0.84, 0, 1.02732, 0
4, 0.69, -0.88, 0.6, 0, 1.02732, 0
4, 0.835, -0.88, 0.36, 0, 1.02732, 0
5, 0.4, -0.88, 1.32, 0, 1.12057, 0
5, 0.545, -0.88, 1.02, 0, 1.12057, 0
5, 0.69, -0.88, 0.72, 0, 1.12057, 0
5, 0.835, -0.88, 0.42, 0, 1.12057, 0
6, 0.4, -0.64, 0.12, -0.39234, 0, 0
6, 0.545, -0.7, 0.12, -0.39234, 0, 0
6, 0.69, -0.76, 0.12, -0.39234, 0, 0
6, 0.835, -0.82, 0.12, -0.39234, 0, 0
7, 0.4, -0.64, 0.36, -0.193202, 0.374476, -0.0367136
7, 0.545, -0.7, 0.3, -0.193202, 0.374476, -0.0367136
7, 0.69, -0.76, 0.24, -0.193202, 0.374476, -0.0367136
7, 0.835, -0.82, 0.18, -0.193202, 0.374476, -0.0367136
8, 0.835, -0.82, 0.24, -0.251149, 0.664377, -0.0870426
9, 0.4, -0.64, 0.84, -0.314934, 0.861978, -0.145763
9, 0.835, -0.82, 0.3, -0.314934, 0.861978, -0.145763
10, 0.4, -0.64, 1.08, -0.35318, 0.996359, -0.193525
10, 0.545, -0.7, 0.84, -0.35318, 0.996359, -0.193525
10, 0.69, -0.76, 0.6, -0.35318, 0.996359, -0.193525
10, 0.835, -0.82, 0.36, -0.35318, 0.996359, -0.193525
11, 0.4, -0.64, 1.32, -0.372169, 1.09132, -0.227619
11, 0.545, -0.7, 1.02, -0.372169, 1.09132, -0.227619
11, 0.69, -0.76, 0.72, -0.372169, 1.09132, -0.227619
11, 0.835, -0.82, 0.42, -0.372169, 1.09132, -0.227619
12, 0.4, -0.4, 0.12, -0.691337, 0, 0
12, 0.545, -0.52, 0.12, -0.691337, 0, 0
12, 0.69, -0.64, 0.12, -0.691337, 0, 0
12, 0.835, -0.76, 0.12, -0.691337, 0, 0
13, 0.4, -0.4, 0.36, -0.601174, 0.310607, -0.0969873
13, 0.545, -0.52, 0.3, -0.601174, 0.310607, -0.0969873
13, 0.69, -0.64, 0.24, -0.601174, 0.310607, -0.0969873
13, 0.835, -0.76, 0.18, -0.601174, 0.310607, -0.0969873
14, 0.545, -0.52, 0.48, -0.583709, 0.580613, -0.179028
14, 0.69, -0.64, 0.36, -0.583709, 0.580613, -0.179028
14, 0.835, -0.76, 0.24, -0.583709, 0.580613, -0.179028
15, 0.4, -0.4, 0.84, -0.617241, 0.779362, -0.260376
15, 0.545, -0.52, 0.66, -0.617241, 0.779362, -0.260376
15, 0.69, -0.64, 0.48, -0.617241, 0.779362, -0.260376
15, 0.835, -0.76, 0.3, -0.617241, 0.779362, -0.260376
16, 0.4, -0.4, 1.08, -0.648399, 0.918853, -0.329504
16, 0.545, -0.52, 0.84, -0.648399, 0.918853, -0.329504
16, 0.69, -0.64, 0.6, -0.648399, 0.918853, -0.329504
16, 0.835, -0.76, 0.36, -0.648399, 0.918853, -0.329504
17, 0.4, -0.4, 1.32, -0.667608, 1.01923, -0.382855
17, 0.545, -0.52, 1.02, -0.667608, 1.01923, -0.382855
17, 0.69, -0.64, 0.72, -0.667608, 1.01923, -0.382855
17, 0.835, -0.76, 0.42, -0.667608, 1.01923, -0.382855
18, 0.4, -0.16, 0.12, -0.892677, 0, 0
18, 0.545, -0.34, 0.12, -0.892677, 0, 0
18, 0.69, -0.52, 0.12, -0.892677, 0, 0
18, 0.835, -0.7, 0.12, -0.892677, 0, 0
19, 0.545, -0.34, 0.3, -0.870133, 0.253012, -0.118086
19, 0.69, -0.52, 0.24, -0.870133, 0.253012, -0.118086
19, 0.835, -0.7, 0.18, -0.870133, 0.253012, -0.118086
20, 0.545, -0.34, 0.48, -0.846478, 0.492952, -0.225702
20, 0.69, -0.52, 0.36, -0.846478, 0.492952, -0.225702
20, 0.835, -0.7, 0.24, -0.846478, 0.492952, -0.225702
21, 0.4, -0.16, 0.84, -0.848778, 0.688125, -0.321021
21, 0.545, -0.34, 0.66, -0.848778, 0.688125, -0.321021
21, 0.835, -0.7, 0.3, -0.848778, 0.688125, -0.321021
22, 0.4, -0.16, 1.08, -0.862705, 0.830826, -0.40058
22, 0.545, -0.34, 0.84, -0.862705, 0.830826, -0.40058
22, 0.69, -0.52, 0.6, -0.862705, 0.830826, -0.40058
22, 0.835, -0.7, 0.36, -0.862705, 0.830826, -0.40058
23, 0.4, -0.16, 1.32, -0.875401, 0.935061, -0.464017
23, 0.545, -0.34, 1.02, -0.875401, 0.935061, -0.464017
23, 0.69, -0.52, 0.72, -0.875401, 0.935061, -0.464017
23, 0.835, -0.7, 0.42, -0.875401, 0.935061, -0.464017
24, 0.545, -0.16, 0.12, -1.02732, 0, 0
24, 0.69, -0.4, 0.12, -1.02732, 0, 0
24, 0.835, -0.64, 0.12, -1.02732, 0, 0
25, 0.545, -0.16, 0.3, -1.01808, 0.227623, -0.127415
25, 0.69, -0.4, 0.24, -1.01808, 0.227623, -0.127415
25, 0.835, -0.64, 0.18, -1.01808, 0.227623, -0.127415
26, 0.545, -0.16, 0.48, -1.00384, 0.443125, -0.245997
26, 0.69, -0.4, 0.36, -1.00384, 0.443125, -0.245997
26, 0.835, -0.64, 0.24, -1.00384, 0.443125, -0.245997
27, 0.4, 0.08, 0.84, -1.00124, 0.623125, -0.348814
27, 0.545, -0.16, 0.66, -1.00124, 0.623125, -0.348814
27, 0.835, -0.64, 0.3, -1.00124, 0.623125, -0.348814
28, 0.4, 0.08, 1.08, -1.00858, 0.759068, -0.433351
28, 0.545, -0.16, 0.84, -1.00858, 0.759068, -0.433351
28, 0.69, -0.4, 0.6, -1.00858, 0.759068, -0.433351
28, 0.835, -0.64, 0.36, -1.00858, 0.759068, -0.433351
29, 0.4, 0.08, 1.32, -1.01766, 0.860773, -0.501404
29, 0.545, -0.16, 1.02, -1.01766, 0.860773, -0.501404
29, 0.69, -0.4, 0.72, -1.01766, 0.860773, -0.501404
29, 0.835, -0.64, 0.42, -1.01766, 0.860773, -0.501404
30, 0.4, 0.32, 0.12, -1.12057, 0, 0
30, 0.545, 0.02, 0.12, -1.12057, 0, 0
30, 0.69, -0.28, 0.12, -1.12057, 0, 0
30, 0.835, -0.58, 0.12, -1.12057, 0, 0
31, 0.4, 0.32, 0.36, -1.11403, 0.219194, -0.13685
31, 0.545, 0.02, 0.3, -1.11403, 0.219194, -0.13685
31, 0.69, -0.28, 0.24, -1.11403, 0.219194, -0.13685
31, 0.835, -0.58, 0.18, -1.11403, 0.219194, -0.13685
32, 0.545, 0.02, 0.48, -1.10405, 0.419958, -0.261027
32, 0.69, -0.28, 0.36, -1.10405, 0.419958, -0.261027
32, 0.835, -0.58, 0.24, -1.10405, 0.419958, -0.261027
33, 0.545, 0.02, 0.66, -1.10258, 0.584121, -0.365611
33, 0.835, -0.58, 0.3, -1.10258, 0.584121, -0.365611
34, 0.4, 0.32, 1.08, -1.10883, 0.708722, -0.450407
34, 0.545, 0.02, 0.84, -1.10883, 0.708722, -0.450407
34, 0.69, -0.28, 0.6, -1.10883, 0.708722, -0.450407
35, 0.545, 0.02, 1.02, -1.11693, 0.803431, -0.518897
35, 0.69, -0.28, 0.72, -1.11693, 0.803431, -0.518897
35, 0.835, -0.58, 0.42, -1.11693, 0.803431, -0.518897
36, 0.545, 0.2, 0.12, -1.1879, 0, 0
36, 0.69, -0.16, 0.12, -1.1879, 0, 0
36, 0.835, -0.52, 0.12, -1.1879, 0, 0
37, 0.545, 0.2, 0.3, -1.18219, 0.217327, -0.146174
37, 0.69, -0.16, 0.24, -1.18219, 0.217327, -0.146174
37, 0.835, -0.52, 0.18, -1.18219, 0.217327, -0.146174
38, 0.4, 0.56, 0.6, -1.17432, 0.409551, -0.274671
38, 0.69, -0.16, 0.36, -1.17432, 0.409551, -0.274671
38, 0.835, -0.52, 0.24, -1.17432, 0.409551, -0.274671
39, 0.835, -0.52, 0.3, -1.17435, 0.561325, -0.37907
40, 0.545, 0.2, 0.84, -1.18084, 0.674959, -0.461935
40, 0.69, -0.16, 0.6, -1.18084, 0.674959, -0.461935
41, 0.545, 0.2, 1.02, -1.18887, 0.761523, -0.528541
41, 0.69, -0.16, 0.72, -1.18887, 0.761523, -0.528541
42, 0.4, 0.8, 0.12, -1.23837, 0, 0
42, 0.545, 0.38, 0.12, -1.23837, 0, 0
42, 0.69, -0.04, 0.12, -1.23837, 0, 0
42, 0.835, -0.46, 0.12, -1.23837, 0, 0
43, 0.4, 0.8, 0.36, -1.23314, 0.217745, -0.154629
43, 0.69, -0.04, 0.24, -1.23314, 0.217745, -0.154629
43, 0.835, -0.46, 0.18, -1.23314, 0.217745, -0.154629
44, 0.4, 0.8, 0.6, -1.22676, 0.404871, -0.286985
44, 0.545, 0.38, 0.48, -1.22676, 0.404871, -0.286985
44, 0.835, -0.46, 0.24, -1.22676, 0.404871, -0.286985
45, 0.545, 0.38, 0.66, -1.22809, 0.547621, -0.390938
45, 0.69, -0.04, 0.48, -1.22809, 0.547621, -0.390938
45, 0.835, -0.46, 0.3, -1.22809, 0.547621, -0.390938
46, 0.545, 0.38, 0.84, -1.23502, 0.652218, -0.471398
46, 0.69, -0.04, 0.6, -1.23502, 0.652218, -0.471398
47, 0.545, 0.38, 1.02, -1.24315, 0.731261, -0.535293
47, 0.69, -0.04, 0.72, -1.24315, 0.731261, -0.535293
47, 0.835, -0.46, 0.42, -1.24315, 0.731261, -0.535293
48, 0.545, 0.56, 0.12, -1.27743, 0, 0
48, 0.69, 0.08, 0.12, -1.27743, 0, 0
48, 0.835, -0.4, 0.12, -1.27743, 0, 0
49, 0.545, 0.56, 0.3, -1.2726, 0.21885, -0.161983
49, 0.69, 0.08, 0.24, -1.2726, 0.21885, -0.161983
49, 0.835, -0.4, 0.18, -1.2726, 0.21885, -0.161983
50, 0.545, 0.56, 0.48, -1.26747, 0.402791, -0.297838
50, 0.69, 0.08, 0.36, -1.26747, 0.402791, -0.297838
50, 0.835, -0.4, 0.24, -1.26747, 0.402791, -0.297838
51, 0.545, 0.56, 0.66, -1.26995, 0.539014, -0.401542
51, 0.835, -0.4, 0.3, -1.26995, 0.539014, -0.401542
52, 0.545, 0.56, 0.84, -1.27733, 0.636536, -0.479818
52, 0.69, 0.08, 0.6, -1.27733, 0.636536, -0.479818
53, 0.545, 0.56, 1.02, -1.28556, 0.709226, -0.540972
53, 0.69, 0.08, 0.72, -1.28556, 0.709226, -0.540972
53, 0.835, -0.4, 0.42, -1.28556, 0.709226, -0.540972
54, 0.4, -0.88, 0.12, 0, -0.892677, 0
54, 0.545, -0.88, 0.3, 0, -0.892677, 0
54, 0.69, -0.88, 0.48, 0, -0.892677, 0
54, 0.835, -0.88, 0.66, 0, -0.892677, 0
55, 0.4, -0.88, 0.36, 0, -0.691337, 0
55, 0.545, -0.88, 0.48, 0, -0.691337, 0
55, 0.69, -0.88, 0.6, 0, -0.691337, 0
55, 0.835, -0.88, 0.72, 0, -0.691337, 0
56, 0.4, -0.88, 0.6, 0, -0.39234, 0
56, 0.545, -0.88, 0.66, 0, -0.39234, 0
56, 0.69, -0.88, 0.72, 0, -0.39234, 0
56, 0.835, -0.88, 0.78, 0, -0.39234, 0
58, 0.4, -0.88, 1.08, 0, 0.39234, 0
58, 0.545, -0.88, 1.02, 0, 0.39234, 0
58, 0.69, -0.88, 0.96, 0, 0.39234, 0
58, 0.835, -0.88, 0.9, 0, 0.39234, 0
59, 0.4, -0.88, 1.32, 0, 0.691337, 0
59, 0.545, -0.88, 1.2, 0, 0.691337, 0
59, 0.69, -0.88, 1.08, 0, 0.691337, 0
59, 0.835, -0.88, 0.96, 0, 0.691337, 0
60, 0.545, -0.7, 0.3, -0.314934, -0.861978, 0.145763
60, 0.69, -0.76, 0.48, -0.314934, -0.861978, 0.145763
60, 0.835, -0.82, 0.66, -0.314934, -0.861978, 0.145763
61, 0.4, -0.64, 0.36, -0.251149, -0.664377, 0.0870426
61, 0.545, -0.7, 0.48, -0.251149, -0.664377, 0.0870426
61, 0.69, -0.76, 0.6, -0.251149, -0.664377, 0.0870426
61, 0.835, -0.82, 0.72, -0.251149, -0.664377, 0.0870426
62, 0.4, -0.64, 0.6, -0.193202, -0.374476, 0.0367136
62, 0.545, -0.7, 0.66, -0.193202, -0.374476, 0.0367136
62, 0.69, -0.76, 0.72, -0.193202, -0.374476, 0.0367136
62, 0.835, -0.82, 0.78, -0.193202, -0.374476, 0.0367136
63, 0.545, -0.7, 0.84, -0.39234, 0, 0
63, 0.69, -0.76, 0.84, -0.39234, 0, 0
63, 0.835, -0.82, 0.84, -0.39234, 0, 0
64, 0.4, -0.64, 1.08, -0.193202, 0.374476, -0.0367136
64, 0.545, -0.7, 1.02, -0.193202, 0.374476, -0.0367136
64, 0.69, -0.76, 0.96, -0.193202, 0.374476, -0.0367136
64, 0.835, -0.82, 0.9, -0.193202, 0.374476, -0.0367136
65, 0.4, -0.64, 1.32, -0.251149, 0.664377, -0.0870426
65, 0.545, -0.7, 1.2, -0.251149, 0.664377, -0.0870426
65, 0.69, -0.76, 1.08, -0.251149, 0.664377, -0.0870426
65, 0.835, -0.82, 0.96, -0.251149, 0.664377, -0.0870426
66, 0.545, -0.52, 0.3, -0.617241, -0.779362, 0.260376
66, 0.69, -0.64, 0.48, -0.617241, -0.779362, 0.260376
66, 0.835, -0.76, 0.66, -0.617241, -0.779362, 0.260376
67, 0.4, -0.4, 0.36, -0.583709, -0.580613, 0.179028
67, 0.545, -0.52, 0.48, -0.583709, -0.580613, 0.179028
67, 0.69, -0.64, 0.6, -0.583709, -0.580613, 0.179028
67, 0.835, -0.76, 0.72, -0.583709, -0.580613, 0.179028
68, 0.4, -0.4, 0.6, -0.601174, -0.310607, 0.0969873
68, 0.545, -0.52, 0.66, -0.601174, -0.310607, 0.0969873
68, 0.69, -0.64, 0.72, -0.601174, -0.310607, 0.0969873
68, 0.835, -0.76, 0.78, -0.601174, -0.310607, 0.0969873
69, 0.4, -0.4, 0.84, -0.691337, 0, 0
69, 0.545, -0.52, 0.84, -0.691337, 0, 0
69, 0.69, -0.64, 0.84, -0.691337, 0, 0
69, 0.835, -0.76, 0.84, -0.691337, 0, 0
70, 0.4, -0.4, 1.08, -0.601174, 0.310607, -0.0969873
70, 0.545, -0.52, 1.02, -0.601174, 0.310607, -0.0969873
70, 0.69, -0.64, 0.96, -0.601174, 0.310607, -0.0969873
70, 0.835, -0.76, 0.9, -0.601174, 0.310607, -0.0969873
71, 0.4, -0.4, 1.32, -0.583709, 0.580613, -0.179028
71, 0.545, -0.52, 1.2, -0.583709, 0.580613, -0.179028
71, 0.69, -0.64, 1.08, -0.583709, 0.580613, -0.179028
71, 0.835, -0.76, 0.96, -0.583709, 0.580613, -0.179028
72, 0.545, -0.34, 0.3, -0.848778, -0.688125, 0.321021
72, 0.69, -0.52, 0.48, -0.848778, -0.688125, 0.321021
72, 0.835, -0.7, 0.66, -0.848778, -0.688125, 0.321021
73, 0.545, -0.34, 0.48, -0.846478, -0.492952, 0.225702
73, 0.69, -0.52, 0.6, -0.846478, -0.492952, 0.225702
73, 0.835, -0.7, 0.72, -0.846478, -0.492952, 0.225702
74, 0.545, -0.34, 0.66, -0.870133, -0.253012, 0.118086
74, 0.69, -0.52, 0.72, -0.870133, -0.253012, 0.118086
74, 0.835, -0.7, 0.78, -0.870133, -0.253012, 0.118086
75, 0.545, -0.34, 0.84, -0.892677, 0, 0
75, 0.69, -0.52, 0.84, -0.892677, 0, 0
75, 0.835, -0.7, 0.84, -0.892677, 0, 0
76, 0.4, -0.16, 1.08, -0.870133, 0.253012, -0.118086
76, 0.545, -0.34, 1.02, -0.870133, 0.253012, -0.118086
76, 0.69, -0.52, 0.96, -0.870133, 0.253012, -0.118086
76, 0.835, -0.7, 0.9, -0.870133, 0.253012, -0.118086
77, 0.4, -0.16, 1.32, -0.846478, 0.492952, -0.225702
77, 0.545, -0.34, 1.2, -0.846478, 0.492952, -0.225702
77, 0.69, -0.52, 1.08, -0.846478, 0.492952, -0.225702
77, 0.835, -0.7, 0.96, -0.846478, 0.492952, -0.225702
78, 0.545, -0.16, 0.3, -1.00124, -0.623125, 0.348814
78, 0.69, -0.4, 0.48, -1.00124, -0.623125, 0.348814
78, 0.835, -0.64, 0.66, -1.00124, -0.623125, 0.348814
79, 0.545, -0.16, 0.48, -1.00384, -0.443125, 0.245997
79, 0.69, -0.4, 0.6, -1.00384, -0.443125, 0.245997
79, 0.835, -0.64, 0.72, -1.00384, -0.443125, 0.245997
80, 0.545, -0.16, 0.66, -1.01808, -0.227623, 0.127415
80, 0.69, -0.4, 0.72, -1.01808, -0.227623, 0.127415
80, 0.835, -0.64, 0.78, -1.01808, -0.227623, 0.127415
81, 0.835, -0.64, 0.84, -1.02732, 0, 0
82, 0.4, 0.08, 1.08, -1.01808, 0.227623, -0.127415
82, 0.545, -0.16, 1.02, -1.01808, 0.227623, -0.127415
82, 0.69, -0.4, 0.96, -1.01808, 0.227623, -0.127415
82, 0.835, -0.64, 0.9, -1.01808, 0.227623, -0.127415
83, 0.4, 0.08, 1.32, -1.00384, 0.443125, -0.245997
83, 0.545, -0.16, 1.2, -1.00384, 0.443125, -0.245997
83, 0.69, -0.4, 1.08, -1.00384, 0.443125, -0.245997
83, 0.835, -0.64, 0.96, -1.00384, 0.443125, -0.245997
84, 0.545, 0.02, 0.3, -1.10258, -0.584121, 0.365611
84, 0.69, -0.28, 0.48, -1.10258, -0.584121, 0.365611
84, 0.835, -0.58, 0.66, -1.10258, -0.584121, 0.365611
85, 0.4, 0.32, 0.36, -1.10405, -0.419958, 0.261027
85, 0.545, 0.02, 0.48, -1.10405, -0.419958, 0.261027
85, 0.69, -0.28, 0.6, -1.10405, -0.419958, 0.261027
85, 0.835, -0.58, 0.72, -1.10405, -0.419958, 0.261027
86, 0.545, 0.02, 0.66, -1.11403, -0.219194, 0.13685
86, 0.69, -0.28, 0.72, -1.11403, -0.219194, 0.13685
86, 0.835, -0.58, 0.78, -1.11403, -0.219194, 0.13685
87, 0.69, -0.28, 0.84, -1.12057, 0, 0
88, 0.545, 0.02, 1.02, -1.11403, 0.219194, -0.13685
88, 0.69, -0.28, 0.96, -1.11403, 0.219194, -0.13685
88, 0.835, -0.58, 0.9, -1.11403, 0.219194, -0.13685
89, 0.4, 0.32, 1.32, -1.10405, 0.419958, -0.261027
89, 0.545, 0.02, 1.2, -1.10405, 0.419958, -0.261027
89, 0.69, -0.28, 1.08, -1.10405, 0.419958, -0.261027
89, 0.835, -0.58, 0.96, -1.10405, 0.419958, -0.261027
90, 0.545, 0.2, 0.3, -1.17435, -0.561325, 0.37907
90, 0.69, -0.16, 0.48, -1.17435, -0.561325, 0.37907
90, 0.835, -0.52, 0.66, -1.17435, -0.561325, 0.37907
91, 0.545, 0.2, 0.48, -1.17432, -0.409551, 0.274671
91, 0.69, -0.16, 0.6, -1.17432, -0.409551, 0.274671
91, 0.835, -0.52, 0.72, -1.17432, -0.409551, 0.274671
92, 0.545, 0.2, 0.66, -1.18219, -0.217327, 0.146174
92, 0.69, -0.16, 0.72, -1.18219, -0.217327, 0.146174
92, 0.835, -0.52, 0.78, -1.18219, -0.217327, 0.146174
93, 0.545, 0.2, 0.84, -1.1879, 0, 0
93, 0.69, -0.16, 0.84, -1.1879, 0, 0
93, 0.835, -0.52, 0.84, -1.1879, 0, 0
94, 0.545, 0.2, 1.02, -1.18219, 0.217327, -0.146174
94, 0.69, -0.16, 0.96, -1.18219, 0.217327, -0.146174
94, 0.835, -0.52, 0.9, -1.18219, 0.217327, -0.146174
95, 0.545, 0.2, 1.2, -1.17432, 0.409551, -0.274671
95, 0.69, -0.16, 1.08, -1.17432, 0.409551, -0.274671
95, 0.835, -0.52, 0.96, -1.17432, 0.409551, -0.274671
96, 0.69, -0.04, 0.48, -1.22809, -0.547621, 0.390938
96, 0.835, -0.46, 0.66, -1.22809, -0.547621, 0.390938
97, 0.545, 0.38, 0.48, -1.22676, -0.404871, 0.286985
97, 0.69, -0.04, 0.6, -1.22676, -0.404871, 0.286985
97, 0.835, -0.46, 0.72, -1.22676, -0.404871, 0.286985
98, 0.545, 0.38, 0.66, -1.23314, -0.217745, 0.154629
98, 0.69, -0.04, 0.72, -1.23314, -0.217745, 0.154629
98, 0.835, -0.46, 0.78, -1.23314, -0.217745, 0.154629
99, 0.545, 0.38, 0.84, -1.23837, 0, 0
99, 0.835, -0.46, 0.84, -1.23837, 0, 0
100, 0.69, -0.04, 0.96, -1.23314, 0.217745, -0.154629
100, 0.835, -0.46, 0.9, -1.23314, 0.217745, -0.154629
101, 0.545, 0.38, 1.2, -1.22676, 0.404871, -0.286985
101, 0.69, -0.04, 1.08, -1.22676, 0.404871, -0.286985
101, 0.835, -0.46, 0.96, -1.22676, 0.404871, -0.286985
102, 0.69, 0.08, 0.48, -1.26995, -0.539014, 0.401542
102, 0.835, -0.4, 0.66, -1.26995, -0.539014, 0.401542
103, 0.69, 0.08, 0.6, -1.26747, -0.402791, 0.297838
103, 0.835, -0.4, 0.72, -1.26747, -0.402791, 0.297838
104, 0.69, 0.08, 0.72, -1.2726, -0.21885, 0.161983
104, 0.835, -0.4, 0.78, -1.2726, -0.21885, 0.161983
105, 0.835, -0.4, 0.84, -1.27743, 0, 0
106, 0.69, 0.08, 0.96, -1.2726, 0.21885, -0.161983
106, 0.835, -0.4, 0.9, -1.2726, 0.21885, -0.161983
107, 0.69, 0.08, 1.08, -1.26747, 0.402791, -0.297838
107, 0.835, -0.4, 0.96, -1.26747, 0.402791, -0.297838
108, 0.545, -0.88, 0.48, 0, -1.1879, 0
108, 0.69, -0.88, 0.84, 0, -1.1879, 0
109, 0.4, -0.88, 0.36, 0, -1.12057, 0
109, 0.545, -0.88, 0.66, 0, -1.12057, 0
109, 0.69, -0.88, 0.96, 0, -1.12057, 0
110, 0.4, -0.88, 0.6, 0, -1.02732, 0
110, 0.545, -0.88, 0.84, 0, -1.02732, 0
110, 0.69, -0.88, 1.08, 0, -1.02732, 0
111, 0.4, -0.88, 0.84, 0, -0.892677, 0
111, 0.545, -0.88, 1.02, 0, -0.892677, 0
111, 0.69, -0.88, 1.2, 0, -0.892677, 0
112, 0.545, -0.88, 1.2, 0, -0.691337, 0
113, 0.4, -0.88, 1.32, 0, -0.39234, 0
114, 0.545, -0.7, 0.48, -0.381364, -1.16106, 0.251882
114, 0.69, -0.76, 0.84, -0.381364, -1.16106, 0.251882
114, 0.835, -0.82, 1.2, -0.381364, -1.16106, 0.251882
115, 0.545, -0.7, 0.66, -0.372169, -1.09132, 0.227619
115, 0.69, -0.76, 0.96, -0.372169, -1.09132, 0.227619
115, 0.835, -0.82, 1.26, -0.372169, -1.09132, 0.227619
116, 0.4, -0.64, 0.6, -0.35318, -0.996359, 0.193525
116, 0.545, -0.7, 0.84, -0.35318, -0.996359, 0.193525
116, 0.69, -0.76, 1.08, -0.35318, -0.996359, 0.193525
117, 0.4, -0.64, 0.84, -0.314934, -0.861978, 0.145763
117, 0.545, -0.7, 1.02, -0.314934, -0.861978, 0.145763
117, 0.69, -0.76, 1.2, -0.314934, -0.861978, 0.145763
118, 0.4, -0.64, 1.08, -0.251149, -0.664377, 0.0870426
118, 0.545, -0.7, 1.2, -0.251149, -0.664377, 0.0870426
118, 0.69, -0.76, 1.32, -0.251149, -0.664377, 0.0870426
119, 0.4, -0.64, 1.32, -0.193202, -0.374476, 0.0367136
119, 0.545, -0.7, 1.38, -0.193202, -0.374476, 0.0367136
120, 0.545, -0.52, 0.48, -0.678124, -1.09455, 0.423383
120, 0.69, -0.64, 0.84, -0.678124, -1.09455, 0.423383
120, 0.835, -0.76, 1.2, -0.678124, -1.09455, 0.423383
121, 0.545, -0.52, 0.66, -0.667608, -1.01923, 0.382855
121, 0.69, -0.64, 0.96, -0.667608, -1.01923, 0.382855
121, 0.835, -0.76, 1.26, -0.667608, -1.01923, 0.382855
122, 0.4, -0.4, 0.6, -0.648399, -0.918853, 0.329504
122, 0.545, -0.52, 0.84, -0.648399, -0.918853, 0.329504
122, 0.69, -0.64, 1.08, -0.648399, -0.918853, 0.329504
122, 0.835, -0.76, 1.32, -0.648399, -0.918853, 0.329504
123, 0.4, -0.4, 0.84, -0.617241, -0.779362, 0.260376
123, 0.545, -0.52, 1.02, -0.617241, -0.779362, 0.260376
123, 0.69, -0.64, 1.2, -0.617241, -0.779362, 0.260376
124, 0.4, -0.4, 1.08, -0.583709, -0.580613, 0.179028
124, 0.545, -0.52, 1.2, -0.583709, -0.580613, 0.179028
124, 0.69, -0.64, 1.32, -0.583709, -0.580613, 0.179028
125, 0.4, -0.4, 1.32, -0.601174, -0.310607, 0.0969873
125, 0.545, -0.52, 1.38, -0.601174, -0.310607, 0.0969873
125, 0.69, -0.64, 1.44, -0.601174, -0.310607, 0.0969873
126, 0.545, -0.34, 0.48, -0.883708, -1.01459, 0.514211
126, 0.69, -0.52, 0.84, -0.883708, -1.01459, 0.514211
126, 0.835, -0.7, 1.2, -0.883708, -1.01459, 0.514211
127, 0.545, -0.34, 0.66, -0.875401, -0.935061, 0.464017
127, 0.69, -0.52, 0.96, -0.875401, -0.935061, 0.464017
127, 0.835, -0.7, 1.26, -0.875401, -0.935061, 0.464017
128, 0.545, -0.34, 0.84, -0.862705, -0.830826, 0.40058
128, 0.69, -0.52, 1.08, -0.862705, -0.830826, 0.40058
128, 0.835, -0.7, 1.32, -0.862705, -0.830826, 0.40058
129, 0.4, -0.16, 0.84, -0.848778, -0.688125, 0.321021
129, 0.545, -0.34, 1.02, -0.848778, -0.688125, 0.321021
129, 0.69, -0.52, 1.2, -0.848778, -0.688125, 0.321021
130, 0.4, -0.16, 1.08, -0.846478, -0.492952, 0.225702
130, 0.545, -0.34, 1.2, -0.846478, -0.492952, 0.225702
131, 0.4, -0.16, 1.32, -0.870133, -0.253012, 0.118086
131, 0.545, -0.34, 1.38, -0.870133, -0.253012, 0.118086
131, 0.69, -0.52, 1.44, -0.870133, -0.253012, 0.118086
132, 0.545, -0.16, 0.48, -1.02447, -0.940021, 0.556455
132, 0.69, -0.4, 0.84, -1.02447, -0.940021, 0.556455
132, 0.835, -0.64, 1.2, -1.02447, -0.940021, 0.556455
133, 0.545, -0.16, 0.66, -1.01766, -0.860773, 0.501404
133, 0.69, -0.4, 0.96, -1.01766, -0.860773, 0.501404
133, 0.835, -0.64, 1.26, -1.01766, -0.860773, 0.501404
134, 0.545, -0.16, 0.84, -1.00858, -0.759068, 0.433351
134, 0.69, -0.4, 1.08, -1.00858, -0.759068, 0.433351
134, 0.835, -0.64, 1.32, -1.00858, -0.759068, 0.433351
135, 0.4, 0.08, 0.84, -1.00124, -0.623125, 0.348814
135, 0.545, -0.16, 1.02, -1.00124, -0.623125, 0.348814
135, 0.69, -0.4, 1.2, -1.00124, -0.623125, 0.348814
136, 0.69, -0.4, 1.32, -1.00384, -0.443125, 0.245997
137, 0.545, -0.16, 1.38, -1.01808, -0.227623, 0.127415
137, 0.69, -0.4, 1.44, -1.01808, -0.227623, 0.127415
138, 0.69, -0.28, 0.84, -1.12342, -0.878604, 0.575092
138, 0.835, -0.58, 1.2, -1.12342, -0.878604, 0.575092
139, 0.545, 0.02, 0.66, -1.11693, -0.803431, 0.518897
139, 0.69, -0.28, 0.96, -1.11693, -0.803431, 0.518897
139, 0.835, -0.58, 1.26, -1.11693, -0.803431, 0.518897
140, 0.545, 0.02, 0.84, -1.10883, -0.708722, 0.450407
140, 0.69, -0.28, 1.08, -1.10883, -0.708722, 0.450407
140, 0.835, -0.58, 1.32, -1.10883, -0.708722, 0.450407
141, 0.545, 0.02, 1.02, -1.10258, -0.584121, 0.365611
141, 0.69, -0.28, 1.2, -1.10258, -0.584121, 0.365611
143, 0.545, 0.02, 1.38, -1.11403, -0.219194, 0.13685
143, 0.69, -0.28, 1.44, -1.11403, -0.219194, 0.13685
144, 0.69, -0.16, 0.84, -1.19552, -0.830912, 0.583548
144, 0.835, -0.52, 1.2, -1.19552, -0.830912, 0.583548
145, 0.545, 0.2, 0.66, -1.18887, -0.761523, 0.528541
145, 0.69, -0.16, 0.96, -1.18887, -0.761523, 0.528541
145, 0.835, -0.52, 1.26, -1.18887, -0.761523, 0.528541
146, 0.545, 0.2, 0.84, -1.18084, -0.674959, 0.461935
146, 0.69, -0.16, 1.08, -1.18084, -0.674959, 0.461935
146, 0.835, -0.52, 1.32, -1.18084, -0.674959, 0.461935
147, 0.545, 0.2, 1.02, -1.17435, -0.561325, 0.37907
147, 0.69, -0.16, 1.2, -1.17435, -0.561325, 0.37907
147, 0.835, -0.52, 1.38, -1.17435, -0.561325, 0.37907
148, 0.4, 0.56, 1.08, -1.17432, -0.409551, 0.274671
148, 0.69, -0.16, 1.32, -1.17432, -0.409551, 0.274671
149, 0.4, 0.56, 1.32, -1.18219, -0.217327, 0.146174
149, 0.69, -0.16, 1.44, -1.18219, -0.217327, 0.146174
150, 0.69, -0.04, 0.84, -1.25, -0.794685, 0.588011
150, 0.835, -0.46, 1.2, -1.25, -0.794685, 0.588011
151, 0.69, -0.04, 0.96, -1.24315, -0.731261, 0.535293
151, 0.835, -0.46, 1.26, -1.24315, -0.731261, 0.535293
152, 0.545, 0.38, 0.84, -1.23502, -0.652218, 0.471398
152, 0.69, -0.04, 1.08, -1.23502, -0.652218, 0.471398
152, 0.835, -0.46, 1.32, -1.23502, -0.652218, 0.471398
153, 0.545, 0.38, 1.02, -1.22809, -0.547621, 0.390938
153, 0.69, -0.04, 1.2, -1.22809, -0.547621, 0.390938
153, 0.835, -0.46, 1.38, -1.22809, -0.547621, 0.390938
154, 0.835, -0.46, 1.44, -1.22676, -0.404871, 0.286985
155, 0.4, 0.8, 1.32, -1.23314, -0.217745, 0.154629
155, 0.69, -0.04, 1.44, -1.23314, -0.217745, 0.154629
156, 0.69, 0.08, 0.84, -1.29255, -0.767222, 0.591081
156, 0.835, -0.4, 1.2, -1.29255, -0.767222, 0.591081
157, 0.69, 0.08, 0.96, -1.28556, -0.709226, 0.540972
157, 0.835, -0.4, 1.26, -1.28556, -0.709226, 0.540972
158, 0.69, 0.08, 1.08, -1.27733, -0.636536, 0.479818
158, 0.835, -0.4, 1.32, -1.27733, -0.636536, 0.479818
159, 0.545, 0.56, 1.02, -1.26995, -0.539014, 0.401542
159, 0.69, 0.08, 1.2, -1.26995, -0.539014, 0.401542
159, 0.835, -0.4, 1.38, -1.26995, -0.539014, 0.401542
160, 0.4, 1.04, 1.08, -1.26747, -0.402791, 0.297838
160, 0.69, 0.08, 1.32, -1.26747, -0.402791, 0.297838
160, 0.835, -0.4, 1.44, -1.26747, -0.402791, 0.297838
161, 0.545, 0.56, 1.38, -1.2726, -0.21885, 0.161983
161, 0.69, 0.08, 1.44, -1.2726, -0.21885, 0.161983
162, 0.05, -0.88, 1.455, 0, -0.112427, 0
163, -0.415, -0.7, 1.4025, -0.0566011, -0.111995, 0.00317368
163, 0.05, -0.76, 1.455, -0.0566011, -0.111995, 0.00317368
164, -0.415, -0.52, 1.4025, -0.202501, -0.111014, 0.0112903
164, 0.05, -0.64, 1.455, -0.202501, -0.111014, 0.0112903
165, -0.88, -0.16, 1.35, -0.346229, -0.111014, 0.0194318
165, -0.415, -0.34, 1.4025, -0.346229, -0.111014, 0.0194318
165, 0.05, -0.52, 1.455, -0.346229, -0.111014, 0.0194318
166, -0.415, -0.16, 1.4025, -0.463684, -0.113203, 0.0267527
166, 0.05, -0.4, 1.455, -0.463684, -0.113203, 0.0267527
166, 0.515, -0.64, 1.5075, -0.463684, -0.113203, 0.0267527
167, 0.05, -0.28, 1.455, -0.563832, -0.117315, 0.0340135
167, 0.515, -0.58, 1.5075, -0.563832, -0.117315, 0.0340135
168, 0.17, -0.88, 1.455, 0, -0.128911, 0
169, -0.64, -0.64, 1.35, -0.0651396, -0.128205, 0.00418282
169, 0.17, -0.76, 1.455, -0.0651396, -0.128205, 0.00418282
170, -0.64, -0.4, 1.35, -0.232152, -0.126138, 0.014727
170, -0.235, -0.52, 1.4025, -0.232152, -0.126138, 0.014727
170, 0.17, -0.64, 1.455, -0.232152, -0.126138, 0.014727
171, -0.235, -0.34, 1.4025, -0.393349, -0.124629, 0.0248633
171, 0.17, -0.52, 1.455, -0.393349, -0.124629, 0.0248633
172, -0.235, -0.16, 1.4025, -0.521622, -0.125601, 0.0335628
172, 0.17, -0.4, 1.455, -0.521622, -0.125601, 0.0335628
172, 0.575, -0.64, 1.5075, -0.521622, -0.125601, 0.0335628
173, -0.235, 0.02, 1.4025, -0.628193, -0.128902, 0.0419258
173, 0.17, -0.28, 1.455, -0.628193, -0.128902, 0.0419258
173, 0.575, -0.58, 1.5075, -0.628193, -0.128902, 0.0419258
175, -0.4, -0.64, 1.35, -0.0767458, -0.149807, 0.00576213
175, 0.29, -0.76, 1.455, -0.0767458, -0.149807, 0.00576213
176, -0.4, -0.4, 1.35, -0.271847, -0.145707, 0.0199626
176, -0.055, -0.52, 1.4025, -0.271847, -0.145707, 0.0199626
176, 0.29, -0.64, 1.455, -0.271847, -0.145707, 0.0199626
177, -0.4, -0.16, 1.35, -0.454389, -0.141426, 0.0327473
177, -0.055, -0.34, 1.4025, -0.454389, -0.141426, 0.0327473
177, 0.29, -0.52, 1.455, -0.454389, -0.141426, 0.0327473
178, -0.4, 0.08, 1.35, -0.594207, -0.14024, 0.0430007
178, -0.055, -0.16, 1.4025, -0.594207, -0.14024, 0.0430007
178, 0.29, -0.4, 1.455, -0.594207, -0.14024, 0.0430007
179, -0.055, 0.02, 1.4025, -0.706403, -0.142155, 0.0524833
179, 0.29, -0.28, 1.455, -0.706403, -0.142155, 0.0524833
179, 0.635, -0.58, 1.5075, -0.706403, -0.142155, 0.0524833
180, 0.125, -0.88, 1.4025, 0, -0.182168, 0
181, 0.125, -0.7, 1.4025, -0.0934595, -0.179944, 0.00843759
181, 0.41, -0.76, 1.455, -0.0934595, -0.179944, 0.00843759
182, -0.16, -0.4, 1.35, -0.327578, -0.171723, 0.0284485
182, 0.125, -0.52, 1.4025, -0.327578, -0.171723, 0.0284485
182, 0.41, -0.64, 1.455, -0.327578, -0.171723, 0.0284485
183, -0.16, -0.16, 1.35, -0.535867, -0.162154, 0.0446073
183, 0.125, -0.34, 1.4025, -0.535867, -0.162154, 0.0446073
183, 0.41, -0.52, 1.455, -0.535867, -0.162154, 0.0446073
184, 0.125, -0.16, 1.4025, -0.68664, -0.15723, 0.0563074
184, 0.41, -0.4, 1.455, -0.68664, -0.15723, 0.0563074
185, 0.125, 0.02, 1.4025, -0.802122, -0.156963, 0.0666715
185, 0.41, -0.28, 1.455, -0.802122, -0.156963, 0.0666715
186, 0.08, -0.88, 1.35, 0, -0.229232, 0
186, 0.305, -0.88, 1.4025, 0, -0.229232, 0
187, 0.08, -0.64, 1.35, -0.119668, -0.22465, 0.0135144
187, 0.305, -0.7, 1.4025, -0.119668, -0.22465, 0.0135144
187, 0.53, -0.76, 1.455, -0.119668, -0.22465, 0.0135144
188, 0.08, -0.4, 1.35, -0.410958, -0.207099, 0.0433119
188, 0.305, -0.52, 1.4025, -0.410958, -0.207099, 0.0433119
188, 0.53, -0.64, 1.455, -0.410958, -0.207099, 0.0433119
189, 0.08, -0.16, 1.35, -0.648213, -0.187041, 0.063
189, 0.305, -0.34, 1.4025, -0.648213, -0.187041, 0.063
189, 0.53, -0.52, 1.455, -0.648213, -0.187041, 0.063
190, 0.08, 0.08, 1.35, -0.805838, -0.175982, 0.0751689
190, 0.305, -0.16, 1.4025, -0.805838, -0.175982, 0.0751689
190, 0.53, -0.4, 1.455, -0.805838, -0.175982, 0.0751689
191, 0.08, 0.32, 1.35, -0.91945, -0.172702, 0.0856665
191, 0.305, 0.02, 1.4025, -0.91945, -0.172702, 0.0856665
191, 0.53, -0.28, 1.455, -0.91945, -0.172702, 0.0856665
192, 0.32, -0.88, 1.35, 0, -0.308053, 0
193, 0.485, -0.7, 1.4025, -0.16684, -0.29675, 0.0249948
194, 0.32, -0.4, 1.35, -0.546699, -0.254588, 0.0717354
194, 0.485, -0.52, 1.4025, -0.546699, -0.254588, 0.0717354
194, 0.65, -0.64, 1.455, -0.546699, -0.254588, 0.0717354
195, 0.32, -0.16, 1.35, -0.807412, -0.213669, 0.0915575
195, 0.485, -0.34, 1.4025, -0.807412, -0.213669, 0.0915575
195, 0.65, -0.52, 1.455, -0.807412, -0.213669, 0.0915575
196, 0.485, -0.16, 1.4025, -0.959783, -0.194215, 0.101316
196, 0.65, -0.4, 1.455, -0.959783, -0.194215, 0.101316
197, 0.32, 0.32, 1.35, -1.06197, -0.187856, 0.11053
197, 0.485, 0.02, 1.4025, -1.06197, -0.187856, 0.11053
197, 0.65, -0.28, 1.455, -1.06197, -0.187856, 0.11053
199, 0.56, -0.64, 1.35, -0.276448, -0.425365, 0.0600637
199, 0.665, -0.7, 1.4025, -0.276448, -0.425365, 0.0600637
200, 0.56, -0.4, 1.35, -0.789226, -0.305204, 0.127926
200, 0.665, -0.52, 1.4025, -0.789226, -0.305204, 0.127926
201, 0.665, -0.34, 1.4025, -1.03244, -0.231682, 0.131892
201, 0.77, -0.52, 1.455, -1.03244, -0.231682, 0.131892
202, 0.56, 0.08, 1.35, -1.15409, -0.207275, 0.135205
202, 0.665, -0.16, 1.4025, -1.15409, -0.207275, 0.135205
202, 0.77, -0.4, 1.455, -1.15409, -0.207275, 0.135205
203, 0.665, 0.02, 1.4025, -1.23064, -0.20001, 0.141617
203, 0.77, -0.28, 1.455, -1.23064, -0.20001, 0.141617
205, 0.8, -0.64, 1.35, -0.705514, -0.611535, 0.231391
206, 0.8, -0.4, 1.35, -1.20557, -0.287895, 0.198861
206, 0.845, -0.52, 1.4025, -1.20557, -0.287895, 0.198861
207, 0.8, -0.16, 1.35, -1.3258, -0.226214, 0.176914
207, 0.845, -0.34, 1.4025, -1.3258, -0.226214, 0.176914
208, 0.8, 0.08, 1.35, -1.38471, -0.211734, 0.175797
208, 0.845, -0.16, 1.4025, -1.38471, -0.211734, 0.175797
209, 0.8, 0.32, 1.35, -1.42087, -0.207009, 0.178253
209, 0.845, 0.02, 1.4025, -1.42087, -0.207009, 0.178253
216, 0.4, -0.88, 0.12, 1.02732, -0, 0
216, 0.545, -0.64, 0.12, 1.02732, -0, 0
216, 0.69, -0.4, 0.12, 1.02732, -0, 0
216, 0.835, -0.16, 0.12, 1.02732, -0, 0
217, 0.4, -0.88, 0.36, 1.01808, 0.227623, 0.127415
217, 0.545, -0.64, 0.3, 1.01808, 0.227623, 0.127415
217, 0.69, -0.4, 0.24, 1.01808, 0.227623, 0.127415
217, 0.835, -0.16, 0.18, 1.01808, 0.227623, 0.127415
218, 0.69, -0.4, 0.36, 1.00384, 0.443125, 0.245997
218, 0.835, -0.16, 0.24, 1.00384, 0.443125, 0.245997
219, 0.4, -0.88, 0.84, 1.00124, 0.623125, 0.348814
219, 0.835, -0.16, 0.3, 1.00124, 0.623125, 0.348814
220, 0.545, -0.64, 0.84, 1.00858, 0.759068, 0.433351
220, 0.69, -0.4, 0.6, 1.00858, 0.759068, 0.433351
221, 0.545, -0.64, 1.02, 1.01766, 0.860773, 0.501404
221, 0.69, -0.4, 0.72, 1.01766, 0.860773, 0.501404
222, 0.545, -0.46, 0.12, 0.892677, -0, 0
222, 0.69, -0.28, 0.12, 0.892677, -0, 0
222, 0.835, -0.1, 0.12, 0.892677, -0, 0
223, 0.545, -0.46, 0.3, 0.870133, 0.253012, 0.118086
223, 0.69, -0.28, 0.24, 0.870133, 0.253012, 0.118086
223, 0.835, -0.1, 0.18, 0.870133, 0.253012, 0.118086
224, 0.835, -0.1, 0.24, 0.846478, 0.492952, 0.225702
226, 0.4, -0.64, 1.08, 0.862705, 0.830826, 0.40058
226, 0.545, -0.46, 0.84, 0.862705, 0.830826, 0.40058
226, 0.835, -0.1, 0.36, 0.862705, 0.830826, 0.40058
227, 0.545, -0.46, 1.02, 0.875401, 0.935061, 0.464017
227, 0.69, -0.28, 0.72, 0.875401, 0.935061, 0.464017
227, 0.835, -0.1, 0.42, 0.875401, 0.935061, 0.464017
228, 0.4, -0.4, 0.12, 0.691337, -0, 0
228, 0.545, -0.28, 0.12, 0.691337, -0, 0
228, 0.69, -0.16, 0.12, 0.691337, -0, 0
228, 0.835, -0.04, 0.12, 0.691337, -0, 0
229, 0.4, -0.4, 0.36, 0.601174, 0.310607, 0.0969873
229, 0.545, -0.28, 0.3, 0.601174, 0.310607, 0.0969873
229, 0.69, -0.16, 0.24, 0.601174, 0.310607, 0.0969873
229, 0.835, -0.04, 0.18, 0.601174, 0.310607, 0.0969873
230, 0.4, -0.4, 0.6, 0.583709, 0.580613, 0.179028
230, 0.69, -0.16, 0.36, 0.583709, 0.580613, 0.179028
230, 0.835, -0.04, 0.24, 0.583709, 0.580613, 0.179028
231, 0.4, -0.4, 0.84, 0.617241, 0.779362, 0.260376
231, 0.545, -0.28, 0.66, 0.617241, 0.779362, 0.260376
232, 0.4, -0.4, 1.08, 0.648399, 0.918853, 0.329504
232, 0.545, -0.28, 0.84, 0.648399, 0.918853, 0.329504
232, 0.69, -0.16, 0.6, 0.648399, 0.918853, 0.329504
232, 0.835, -0.04, 0.36, 0.648399, 0.918853, 0.329504
233, 0.545, -0.28, 1.02, 0.667608, 1.01923, 0.382855
233, 0.69, -0.16, 0.72, 0.667608, 1.01923, 0.382855
233, 0.835, -0.04, 0.42, 0.667608, 1.01923, 0.382855
234, 0.545, -0.1, 0.12, 0.39234, -0, 0
234, 0.69, -0.04, 0.12, 0.39234, -0, 0
234, 0.835, 0.02, 0.12, 0.39234, -0, 0
235, 0.545, -0.1, 0.3, 0.193202, 0.374476, 0.0367136
235, 0.69, -0.04, 0.24, 0.193202, 0.374476, 0.0367136
235, 0.835, 0.02, 0.18, 0.193202, 0.374476, 0.0367136
236, 0.69, -0.04, 0.36, 0.251149, 0.664377, 0.0870426
236, 0.835, 0.02, 0.24, 0.251149, 0.664377, 0.0870426
237, 0.4, -0.16, 0.84, 0.314934, 0.861978, 0.145763
237, 0.545, -0.1, 0.66, 0.314934, 0.861978, 0.145763
237, 0.835, 0.02, 0.3, 0.314934, 0.861978, 0.145763
238, 0.4, -0.16, 1.08, 0.35318, 0.996359, 0.193525
238, 0.545, -0.1, 0.84, 0.35318, 0.996359, 0.193525
238, 0.69, -0.04, 0.6, 0.35318, 0.996359, 0.193525
239, 0.4, -0.16, 1.32, 0.372169, 1.09132, 0.227619
239, 0.545, -0.1, 1.02, 0.372169, 1.09132, 0.227619
239, 0.69, -0.04, 0.72, 0.372169, 1.09132, 0.227619
239, 0.835, 0.02, 0.42, 0.372169, 1.09132, 0.227619
241, 0.545, 0.08, 0.3, 0, 0.39234, 0
241, 0.69, 0.08, 0.24, 0, 0.39234, 0
241, 0.835, 0.08, 0.18, 0, 0.39234, 0
242, 0.69, 0.08, 0.36, 0, 0.691337, 0
242, 0.835, 0.08, 0.24, 0, 0.691337, 0
243, 0.4, 0.08, 0.84, 0, 0.892677, 0
243, 0.545, 0.08, 0.66, 0, 0.892677, 0
243, 0.69, 0.08, 0.48, 0, 0.892677, 0
243, 0.835, 0.08, 0.3, 0, 0.892677, 0
244, 0.4, 0.08, 1.08, 0, 1.02732, 0
244, 0.545, 0.08, 0.84, 0, 1.02732, 0
244, 0.69, 0.08, 0.6, 0, 1.02732, 0
244, 0.835, 0.08, 0.36, 0, 1.02732, 0
245, 0.4, 0.08, 1.32, 0, 1.12057, 0
245, 0.545, 0.08, 1.02, 0, 1.12057, 0
245, 0.69, 0.08, 0.72, 0, 1.12057, 0
245, 0.835, 0.08, 0.42, 0, 1.12057, 0
246, 0.4, 0.32, 0.12, -0.39234, 0, 0
246, 0.545, 0.26, 0.12, -0.39234, 0, 0
246, 0.69, 0.2, 0.12, -0.39234, 0, 0
246, 0.835, 0.14, 0.12, -0.39234, 0, 0
247, 0.4, 0.32, 0.36, -0.193202, 0.374476, -0.0367136
247, 0.545, 0.26, 0.3, -0.193202, 0.374476, -0.0367136
247, 0.69, 0.2, 0.24, -0.193202, 0.374476, -0.0367136
247, 0.835, 0.14, 0.18, -0.193202, 0.374476, -0.0367136
248, 0.4, 0.32, 0.6, -0.251149, 0.664377, -0.0870426
248, 0.69, 0.2, 0.36, -0.251149, 0.664377, -0.0870426
248, 0.835, 0.14, 0.24, -0.251149, 0.664377, -0.0870426
249, 0.4, 0.32, 0.84, -0.314934, 0.861978, -0.145763
249, 0.545, 0.26, 0.66, -0.314934, 0.861978, -0.145763
250, 0.4, 0.32, 1.08, -0.35318, 0.996359, -0.193525
250, 0.545, 0.26, 0.84, -0.35318, 0.996359, -0.193525
250, 0.69, 0.2, 0.6, -0.35318, 0.996359, -0.193525
250, 0.835, 0.14, 0.36, -0.35318, 0.996359, -0.193525
251, 0.4, 0.32, 1.32, -0.372169, 1.09132, -0.227619
251, 0.545, 0.26, 1.02, -0.372169, 1.09132, -0.227619
251, 0.69, 0.2, 0.72, -0.372169, 1.09132, -0.227619
251, 0.835, 0.14, 0.42, -0.372169, 1.09132, -0.227619
252, 0.4, 0.56, 0.12, -0.691337, 0, 0
252, 0.545, 0.44, 0.12, -0.691337, 0, 0
252, 0.69, 0.32, 0.12, -0.691337, 0, 0
252, 0.835, 0.2, 0.12, -0.691337, 0, 0
253, 0.4, 0.56, 0.36, -0.601174, 0.310607, -0.0969873
253, 0.545, 0.44, 0.3, -0.601174, 0.310607, -0.0969873
253, 0.69, 0.32, 0.24, -0.601174, 0.310607, -0.0969873
253, 0.835, 0.2, 0.18, -0.601174, 0.310607, -0.0969873
254, 0.4, 0.56, 0.6, -0.583709, 0.580613, -0.179028
254, 0.835, 0.2, 0.24, -0.583709, 0.580613, -0.179028
255, 0.4, 0.56, 0.84, -0.617241, 0.779362, -0.260376
255, 0.545, 0.44, 0.66, -0.617241, 0.779362, -0.260376
255, 0.835, 0.2, 0.3, -0.617241, 0.779362, -0.260376
256, 0.4, 0.56, 1.08, -0.648399, 0.918853, -0.329504
256, 0.545, 0.44, 0.84, -0.648399, 0.918853, -0.329504
256, 0.69, 0.32, 0.6, -0.648399, 0.918853, -0.329504
256, 0.835, 0.2, 0.36, -0.648399, 0.918853, -0.329504
257, 0.545, 0.44, 1.02, -0.667608, 1.01923, -0.382855
257, 0.69, 0.32, 0.72, -0.667608, 1.01923, -0.382855
257, 0.835, 0.2, 0.42, -0.667608, 1.01923, -0.382855
258, 0.545, 0.62, 0.12, -0.892677, 0, 0
258, 0.69, 0.44, 0.12, -0.892677, 0, 0
258, 0.835, 0.26, 0.12, -0.892677, 0, 0
259, 0.4, 0.8, 0.36, -0.870133, 0.253012, -0.118086
259, 0.545, 0.62, 0.3, -0.870133, 0.253012, -0.118086
259, 0.69, 0.44, 0.24, -0.870133, 0.253012, -0.118086
259, 0.835, 0.26, 0.18, -0.870133, 0.253012, -0.118086
260, 0.4, 0.8, 0.6, -0.846478, 0.492952, -0.225702
260, 0.69, 0.44, 0.36, -0.846478, 0.492952, -0.225702
260, 0.835, 0.26, 0.24, -0.846478, 0.492952, -0.225702
261, 0.4, 0.8, 0.84, -0.848778, 0.688125, -0.321021
261, 0.835, 0.26, 0.3, -0.848778, 0.688125, -0.321021
262, 0.4, 0.8, 1.08, -0.862705, 0.830826, -0.40058
262, 0.545, 0.62, 0.84, -0.862705, 0.830826, -0.40058
262, 0.69, 0.44, 0.6, -0.862705, 0.830826, -0.40058
262, 0.835, 0.26, 0.36, -0.862705, 0.830826, -0.40058
263, 0.545, 0.62, 1.02, -0.875401, 0.935061, -0.464017
263, 0.69, 0.44, 0.72, -0.875401, 0.935061, -0.464017
263, 0.835, 0.26, 0.42, -0.875401, 0.935061, -0.464017
264, 0.4, 1.04, 0.12, -1.02732, 0, 0
264, 0.545, 0.8, 0.12, -1.02732, 0, 0
264, 0.69, 0.56, 0.12, -1.02732, 0, 0
264, 0.835, 0.32, 0.12, -1.02732, 0, 0
265, 0.4, 1.04, 0.36, -1.01808, 0.227623, -0.127415
265, 0.545, 0.8, 0.3, -1.01808, 0.227623, -0.127415
265, 0.69, 0.56, 0.24, -1.01808, 0.227623, -0.127415
265, 0.835, 0.32, 0.18, -1.01808, 0.227623, -0.127415
266, 0.4, 1.04, 0.6, -1.00384, 0.443125, -0.245997
266, 0.69, 0.56, 0.36, -1.00384, 0.443125, -0.245997
266, 0.835, 0.32, 0.24, -1.00384, 0.443125, -0.245997
267, 0.545, 0.8, 0.66, -1.00124, 0.623125, -0.348814
267, 0.835, 0.32, 0.3, -1.00124, 0.623125, -0.348814
268, 0.545, 0.8, 0.84, -1.00858, 0.759068, -0.433351
269, 0.545, 0.8, 1.02, -1.01766, 0.860773, -0.501404
269, 0.69, 0.56, 0.72, -1.01766, 0.860773, -0.501404
270, 0.69, -0.4, 0.48, 1.00124, -0.623125, -0.348814
270, 0.835, -0.16, 0.66, 1.00124, -0.623125, -0.348814
271, 0.545, -0.64, 0.48, 1.00384, -0.443125, -0.245997
271, 0.69, -0.4, 0.6, 1.00384, -0.443125, -0.245997
271, 0.835, -0.16, 0.72, 1.00384, -0.443125, -0.245997
272, 0.69, -0.4, 0.72, 1.01808, -0.227623, -0.127415
272, 0.835, -0.16, 0.78, 1.01808, -0.227623, -0.127415
275, 0.545, -0.64, 1.2, 1.00384, 0.443125, 0.245997
275, 0.69, -0.4, 1.08, 1.00384, 0.443125, 0.245997
275, 0.835, -0.16, 0.96, 1.00384, 0.443125, 0.245997
276, 0.69, -0.28, 0.48, 0.848778, -0.688125, -0.321021
276, 0.835, -0.1, 0.66, 0.848778, -0.688125, -0.321021
277, 0.545, -0.46, 0.48, 0.846478, -0.492952, -0.225702
277, 0.69, -0.28, 0.6, 0.846478, -0.492952, -0.225702
277, 0.835, -0.1, 0.72, 0.846478, -0.492952, -0.225702
278, 0.4, -0.64, 0.6, 0.870133, -0.253012, -0.118086
278, 0.69, -0.28, 0.72, 0.870133, -0.253012, -0.118086
278, 0.835, -0.1, 0.78, 0.870133, -0.253012, -0.118086
279, 0.4, -0.64, 0.84, 0.892677, -0, 0
280, 0.69, -0.28, 0.96, 0.870133, 0.253012, 0.118086
280, 0.835, -0.1, 0.9, 0.870133, 0.253012, 0.118086
281, 0.545, -0.46, 1.2, 0.846478, 0.492952, 0.225702
281, 0.69, -0.28, 1.08, 0.846478, 0.492952, 0.225702
281, 0.835, -0.1, 0.96, 0.846478, 0.492952, 0.225702
282, 0.69, -0.16, 0.48, 0.617241, -0.779362, -0.260376
282, 0.835, -0.04, 0.66, 0.617241, -0.779362, -0.260376
283, 0.4, -0.4, 0.36, 0.583709, -0.580613, -0.179028
283, 0.545, -0.28, 0.48, 0.583709, -0.580613, -0.179028
283, 0.69, -0.16, 0.6, 0.583709, -0.580613, -0.179028
283, 0.835, -0.04, 0.72, 0.583709, -0.580613, -0.179028
284, 0.4, -0.4, 0.6, 0.601174, -0.310607, -0.0969873
284, 0.545, -0.28, 0.66, 0.601174, -0.310607, -0.0969873
284, 0.69, -0.16, 0.72, 0.601174, -0.310607, -0.0969873
284, 0.835, -0.04, 0.78, 0.601174, -0.310607, -0.0969873
285, 0.4, -0.4, 0.84, 0.691337, -0, 0
285, 0.69, -0.16, 0.84, 0.691337, -0, 0
285, 0.835, -0.04, 0.84, 0.691337, -0, 0
286, 0.4, -0.4, 1.08, 0.601174, 0.310607, 0.0969873
286, 0.545, -0.28, 1.02, 0.601174, 0.310607, 0.0969873
286, 0.69, -0.16, 0.96, 0.601174, 0.310607, 0.0969873
286, 0.835, -0.04, 0.9, 0.601174, 0.310607, 0.0969873
287, 0.4, -0.4, 1.32, 0.583709, 0.580613, 0.179028
287, 0.545, -0.28, 1.2, 0.583709, 0.580613, 0.179028
287, 0.69, -0.16, 1.08, 0.583709, 0.580613, 0.179028
287, 0.835, -0.04, 0.96, 0.583709, 0.580613, 0.179028
288, 0.69, -0.04, 0.48, 0.314934, -0.861978, -0.145763
288, 0.835, 0.02, 0.66, 0.314934, -0.861978, -0.145763
289, 0.4, -0.16, 0.36, 0.251149, -0.664377, -0.0870426
289, 0.545, -0.1, 0.48, 0.251149, -0.664377, -0.0870426
289, 0.69, -0.04, 0.6, 0.251149, -0.664377, -0.0870426
289, 0.835, 0.02, 0.72, 0.251149, -0.664377, -0.0870426
290, 0.545, -0.1, 0.66, 0.193202, -0.374476, -0.0367136
290, 0.69, -0.04, 0.72, 0.193202, -0.374476, -0.0367136
290, 0.835, 0.02, 0.78, 0.193202, -0.374476, -0.0367136
291, 0.545, -0.1, 0.84, 0.39234, -0, 0
291, 0.69, -0.04, 0.84, 0.39234, -0, 0
291, 0.835, 0.02, 0.84, 0.39234, -0, 0
292, 0.4, -0.16, 1.08, 0.193202, 0.374476, 0.0367136
292, 0.545, -0.1, 1.02, 0.193202, 0.374476, 0.0367136
292, 0.69, -0.04, 0.96, 0.193202, 0.374476, 0.0367136
292, 0.835, 0.02, 0.9, 0.193202, 0.374476, 0.0367136
293, 0.4, -0.16, 1.32, 0.251149, 0.664377, 0.0870426
293, 0.545, -0.1, 1.2, 0.251149, 0.664377, 0.0870426
293, 0.69, -0.04, 1.08, 0.251149, 0.664377, 0.0870426
293, 0.835, 0.02, 0.96, 0.251149, 0.664377, 0.0870426
294, 0.69, 0.08, 0.48, 0, -0.892677, 0
294, 0.835, 0.08, 0.66, 0, -0.892677, 0
295, 0.545, 0.08, 0.48, 0, -0.691337, 0
295, 0.69, 0.08, 0.6, 0, -0.691337, 0
295, 0.835, 0.08, 0.72, 0, -0.691337, 0
296, 0.545, 0.08, 0.66, 0, -0.39234, 0
296, 0.69, 0.08, 0.72, 0, -0.39234, 0
296, 0.835, 0.08, 0.78, 0, -0.39234, 0
298, 0.4, 0.08, 1.08, 0, 0.39234, 0
298, 0.545, 0.08, 1.02, 0, 0.39234, 0
298, 0.69, 0.08, 0.96, 0, 0.39234, 0
298, 0.835, 0.08, 0.9, 0, 0.39234, 0
299, 0.4, 0.08, 1.32, 0, 0.691337, 0
299, 0.545, 0.08, 1.2, 0, 0.691337, 0
299, 0.69, 0.08, 1.08, 0, 0.691337, 0
299, 0.835, 0.08, 0.96, 0, 0.691337, 0
300, 0.69, 0.2, 0.48, -0.314934, -0.861978, 0.145763
300, 0.835, 0.14, 0.66, -0.314934, -0.861978, 0.145763
301, 0.545, 0.26, 0.48, -0.251149, -0.664377, 0.0870426
301, 0.69, 0.2, 0.6, -0.251149, -0.664377, 0.0870426
301, 0.835, 0.14, 0.72, -0.251149, -0.664377, 0.0870426
302, 0.4, 0.32, 0.6, -0.193202, -0.374476, 0.0367136
302, 0.545, 0.26, 0.66, -0.193202, -0.374476, 0.0367136
302, 0.69, 0.2, 0.72, -0.193202, -0.374476, 0.0367136
302, 0.835, 0.14, 0.78, -0.193202, -0.374476, 0.0367136
304, 0.4, 0.32, 1.08, -0.193202, 0.374476, -0.0367136
304, 0.545, 0.26, 1.02, -0.193202, 0.374476, -0.0367136
304, 0.69, 0.2, 0.96, -0.193202, 0.374476, -0.0367136
304, 0.835, 0.14, 0.9, -0.193202, 0.374476, -0.0367136
305, 0.4, 0.32, 1.32, -0.251149, 0.664377, -0.0870426
305, 0.545, 0.26, 1.2, -0.251149, 0.664377, -0.0870426
305, 0.69, 0.2, 1.08, -0.251149, 0.664377, -0.0870426
305, 0.835, 0.14, 0.96, -0.251149, 0.664377, -0.0870426
306, 0.69, 0.32, 0.48, -0.617241, -0.779362, 0.260376
306, 0.835, 0.2, 0.66, -0.617241, -0.779362, 0.260376
307, 0.4, 0.56, 0.36, -0.583709, -0.580613, 0.179028
307, 0.545, 0.44, 0.48, -0.583709, -0.580613, 0.179028
307, 0.69, 0.32, 0.6, -0.583709, -0.580613, 0.179028
307, 0.835, 0.2, 0.72, -0.583709, -0.580613, 0.179028
308, 0.4, 0.56, 0.6, -0.601174, -0.310607, 0.0969873
308, 0.545, 0.44, 0.66, -0.601174, -0.310607, 0.0969873
308, 0.69, 0.32, 0.72, -0.601174, -0.310607, 0.0969873
308, 0.835, 0.2, 0.78, -0.601174, -0.310607, 0.0969873
309, 0.4, 0.56, 0.84, -0.691337, 0, 0
309, 0.835, 0.2, 0.84, -0.691337, 0, 0
310, 0.545, 0.44, 1.02, -0.601174, 0.310607, -0.0969873
310, 0.69, 0.32, 0.96, -0.601174, 0.310607, -0.0969873
310, 0.835, 0.2, 0.9, -0.601174, 0.310607, -0.0969873
311, 0.4, 0.56, 1.32, -0.583709, 0.580613, -0.179028
311, 0.545, 0.44, 1.2, -0.583709, 0.580613, -0.179028
311, 0.69, 0.32, 1.08, -0.583709, 0.580613, -0.179028
311, 0.835, 0.2, 0.96, -0.583709, 0.580613, -0.179028
312, 0.69, 0.44, 0.48, -0.848778, -0.688125, 0.321021
312, 0.835, 0.26, 0.66, -0.848778, -0.688125, 0.321021
313, 0.545, 0.62, 0.48, -0.846478, -0.492952, 0.225702
313, 0.69, 0.44, 0.6, -0.846478, -0.492952, 0.225702
313, 0.835, 0.26, 0.72, -0.846478, -0.492952, 0.225702
314, 0.4, 0.8, 0.6, -0.870133, -0.253012, 0.118086
314, 0.69, 0.44, 0.72, -0.870133, -0.253012, 0.118086
314, 0.835, 0.26, 0.78, -0.870133, -0.253012, 0.118086
316, 0.4, 0.8, 1.08, -0.870133, 0.253012, -0.118086
317, 0.545, 0.62, 1.2, -0.846478, 0.492952, -0.225702
317, 0.69, 0.44, 1.08, -0.846478, 0.492952, -0.225702
317, 0.835, 0.26, 0.96, -0.846478, 0.492952, -0.225702
318, 0.69, 0.56, 0.48, -1.00124, -0.623125, 0.348814
318, 0.835, 0.32, 0.66, -1.00124, -0.623125, 0.348814
319, 0.69, 0.56, 0.6, -1.00384, -0.443125, 0.245997
319, 0.835, 0.32, 0.72, -1.00384, -0.443125, 0.245997
320, 0.545, 0.8, 0.66, -1.01808, -0.227623, 0.127415
320, 0.69, 0.56, 0.72, -1.01808, -0.227623, 0.127415
322, 0.69, 0.56, 0.96, -1.01808, 0.227623, -0.127415
323, 0.545, 0.8, 1.2, -1.00384, 0.443125, -0.245997
323, 0.69, 0.56, 1.08, -1.00384, 0.443125, -0.245997
323, 0.835, 0.32, 0.96, -1.00384, 0.443125, -0.245997
324, 0.69, -0.4, 0.84, 1.02447, -0.940021, -0.556455
324, 0.835, -0.16, 1.2, 1.02447, -0.940021, -0.556455
325, 0.69, -0.4, 0.96, 1.01766, -0.860773, -0.501404
325, 0.835, -0.16, 1.26, 1.01766, -0.860773, -0.501404
326, 0.545, -0.64, 0.84, 1.00858, -0.759068, -0.433351
326, 0.69, -0.4, 1.08, 1.00858, -0.759068, -0.433351
326, 0.835, -0.16, 1.32, 1.00858, -0.759068, -0.433351
327, 0.545, -0.64, 1.02, 1.00124, -0.623125, -0.348814
327, 0.69, -0.4, 1.2, 1.00124, -0.623125, -0.348814
327, 0.835, -0.16, 1.38, 1.00124, -0.623125, -0.348814
328, 0.835, -0.16, 1.44, 1.00384, -0.443125, -0.245997
329, 0.545, -0.64, 1.38, 1.01808, -0.227623, -0.127415
329, 0.69, -0.4, 1.44, 1.01808, -0.227623, -0.127415
329, 0.835, -0.16, 1.5, 1.01808, -0.227623, -0.127415
330, 0.69, -0.28, 0.84, 0.883708, -1.01459, -0.514211
330, 0.835, -0.1, 1.2, 0.883708, -1.01459, -0.514211
331, 0.545, -0.46, 0.66, 0.875401, -0.935061, -0.464017
331, 0.69, -0.28, 0.96, 0.875401, -0.935061, -0.464017
331, 0.835, -0.1, 1.26, 0.875401, -0.935061, -0.464017
332, 0.545, -0.46, 0.84, 0.862705, -0.830826, -0.40058
332, 0.69, -0.28, 1.08, 0.862705, -0.830826, -0.40058
332, 0.835, -0.1, 1.32, 0.862705, -0.830826, -0.40058
333, 0.69, -0.28, 1.2, 0.848778, -0.688125, -0.321021
333, 0.835, -0.1, 1.38, 0.848778, -0.688125, -0.321021
334, 0.835, -0.1, 1.44, 0.846478, -0.492952, -0.225702
335, 0.4, -0.64, 1.32, 0.870133, -0.253012, -0.118086
335, 0.69, -0.28, 1.44, 0.870133, -0.253012, -0.118086
335, 0.835, -0.1, 1.5, 0.870133, -0.253012, -0.118086
336, 0.69, -0.16, 0.84, 0.678124, -1.09455, -0.423383
336, 0.835, -0.04, 1.2, 0.678124, -1.09455, -0.423383
337, 0.545, -0.28, 0.66, 0.667608, -1.01923, -0.382855
337, 0.69, -0.16, 0.96, 0.667608, -1.01923, -0.382855
337, 0.835, -0.04, 1.26, 0.667608, -1.01923, -0.382855
338, 0.4, -0.4, 0.6, 0.648399, -0.918853, -0.329504
338, 0.545, -0.28, 0.84, 0.648399, -0.918853, -0.329504
338, 0.69, -0.16, 1.08, 0.648399, -0.918853, -0.329504
338, 0.835, -0.04, 1.32, 0.648399, -0.918853, -0.329504
339, 0.4, -0.4, 0.84, 0.617241, -0.779362, -0.260376
339, 0.545, -0.28, 1.02, 0.617241, -0.779362, -0.260376
339, 0.69, -0.16, 1.2, 0.617241, -0.779362, -0.260376
339, 0.835, -0.04, 1.38, 0.617241, -0.779362, -0.260376
340, 0.545, -0.28, 1.2, 0.583709, -0.580613, -0.179028
340, 0.835, -0.04, 1.44, 0.583709, -0.580613, -0.179028
341, 0.545, -0.28, 1.38, 0.601174, -0.310607, -0.0969873
341, 0.69, -0.16, 1.44, 0.601174, -0.310607, -0.0969873
341, 0.835, -0.04, 1.5, 0.601174, -0.310607, -0.0969873
342, 0.69, -0.04, 0.84, 0.381364, -1.16106, -0.251882
342, 0.835, 0.02, 1.2, 0.381364, -1.16106, -0.251882
343, 0.545, -0.1, 0.66, 0.372169, -1.09132, -0.227619
343, 0.69, -0.04, 0.96, 0.372169, -1.09132, -0.227619
343, 0.835, 0.02, 1.26, 0.372169, -1.09132, -0.227619
344, 0.545, -0.1, 0.84, 0.35318, -0.996359, -0.193525
344, 0.69, -0.04, 1.08, 0.35318, -0.996359, -0.193525
344, 0.835, 0.02, 1.32, 0.35318, -0.996359, -0.193525
345, 0.4, -0.16, 0.84, 0.314934, -0.861978, -0.145763
345, 0.545, -0.1, 1.02, 0.314934, -0.861978, -0.145763
345, 0.69, -0.04, 1.2, 0.314934, -0.861978, -0.145763
345, 0.835, 0.02, 1.38, 0.314934, -0.861978, -0.145763
346, 0.4, -0.16, 1.08, 0.251149, -0.664377, -0.0870426
346, 0.545, -0.1, 1.2, 0.251149, -0.664377, -0.0870426
346, 0.69, -0.04, 1.32, 0.251149, -0.664377, -0.0870426
346, 0.835, 0.02, 1.44, 0.251149, -0.664377, -0.0870426
347, 0.4, -0.16, 1.32, 0.193202, -0.374476, -0.0367136
347, 0.545, -0.1, 1.38, 0.193202, -0.374476, -0.0367136
347, 0.69, -0.04, 1.44, 0.193202, -0.374476, -0.0367136
347, 0.835, 0.02, 1.5, 0.193202, -0.374476, -0.0367136
348, 0.69, 0.08, 0.84, 0, -1.1879, 0
348, 0.835, 0.08, 1.2, 0, -1.1879, 0
349, 0.545, 0.08, 0.66, 0, -1.12057, 0
349, 0.69, 0.08, 0.96, 0, -1.12057, 0
349, 0.835, 0.08, 1.26, 0, -1.12057, 0
350, 0.545, 0.08, 0.84, 0, -1.02732, 0
350, 0.69, 0.08, 1.08, 0, -1.02732, 0
350, 0.835, 0.08, 1.32, 0, -1.02732, 0
351, 0.4, 0.08, 0.84, 0, -0.892677, 0
351, 0.545, 0.08, 1.02, 0, -0.892677, 0
351, 0.69, 0.08, 1.2, 0, -0.892677, 0
351, 0.835, 0.08, 1.38, 0, -0.892677, 0
352, 0.4, 0.08, 1.08, 0, -0.691337, 0
352, 0.545, 0.08, 1.2, 0, -0.691337, 0
352, 0.69, 0.08, 1.32, 0, -0.691337, 0
352, 0.835, 0.08, 1.44, 0, -0.691337, 0
353, 0.4, 0.08, 1.32, 0, -0.39234, 0
353, 0.545, 0.08, 1.38, 0, -0.39234, 0
353, 0.69, 0.08, 1.44, 0, -0.39234, 0
353, 0.835, 0.08, 1.5, 0, -0.39234, 0
354, 0.69, 0.2, 0.84, -0.381364, -1.16106, 0.251882
354, 0.835, 0.14, 1.2, -0.381364, -1.16106, 0.251882
355, 0.545, 0.26, 0.66, -0.372169, -1.09132, 0.227619
355, 0.69, 0.2, 0.96, -0.372169, -1.09132, 0.227619
355, 0.835, 0.14, 1.26, -0.372169, -1.09132, 0.227619
356, 0.4, 0.32, 0.6, -0.35318, -0.996359, 0.193525
356, 0.545, 0.26, 0.84, -0.35318, -0.996359, 0.193525
356, 0.69, 0.2, 1.08, -0.35318, -0.996359, 0.193525
356, 0.835, 0.14, 1.32, -0.35318, -0.996359, 0.193525
357, 0.4, 0.32, 0.84, -0.314934, -0.861978, 0.145763
357, 0.545, 0.26, 1.02, -0.314934, -0.861978, 0.145763
357, 0.69, 0.2, 1.2, -0.314934, -0.861978, 0.145763
357, 0.835, 0.14, 1.38, -0.314934, -0.861978, 0.145763
358, 0.4, 0.32, 1.08, -0.251149, -0.664377, 0.0870426
358, 0.545, 0.26, 1.2, -0.251149, -0.664377, 0.0870426
358, 0.69, 0.2, 1.32, -0.251149, -0.664377, 0.0870426
358, 0.835, 0.14, 1.44, -0.251149, -0.664377, 0.0870426
359, 0.545, 0.26, 1.38, -0.193202, -0.374476, 0.0367136
359, 0.69, 0.2, 1.44, -0.193202, -0.374476, 0.0367136
359, 0.835, 0.14, 1.5, -0.193202, -0.374476, 0.0367136
360, 0.69, 0.32, 0.84, -0.678124, -1.09455, 0.423383
360, 0.835, 0.2, 1.2, -0.678124, -1.09455, 0.423383
361, 0.545, 0.44, 0.66, -0.667608, -1.01923, 0.382855
361, 0.69, 0.32, 0.96, -0.667608, -1.01923, 0.382855
361, 0.835, 0.2, 1.26, -0.667608, -1.01923, 0.382855
362, 0.545, 0.44, 0.84, -0.648399, -0.918853, 0.329504
362, 0.69, 0.32, 1.08, -0.648399, -0.918853, 0.329504
362, 0.835, 0.2, 1.32, -0.648399, -0.918853, 0.329504
363, 0.4, 0.56, 0.84, -0.617241, -0.779362, 0.260376
363, 0.545, 0.44, 1.02, -0.617241, -0.779362, 0.260376
363, 0.69, 0.32, 1.2, -0.617241, -0.779362, 0.260376
363, 0.835, 0.2, 1.38, -0.617241, -0.779362, 0.260376
364, 0.835, 0.2, 1.44, -0.583709, -0.580613, 0.179028
365, 0.545, 0.44, 1.38, -0.601174, -0.310607, 0.0969873
365, 0.69, 0.32, 1.44, -0.601174, -0.310607, 0.0969873
366, 0.69, 0.44, 0.84, -0.883708, -1.01459, 0.514211
366, 0.835, 0.26, 1.2, -0.883708, -1.01459, 0.514211
367, 0.545, 0.62, 0.66, -0.875401, -0.935061, 0.464017
367, 0.69, 0.44, 0.96, -0.875401, -0.935061, 0.464017
367, 0.835, 0.26, 1.26, -0.875401, -0.935061, 0.464017
368, 0.545, 0.62, 0.84, -0.862705, -0.830826, 0.40058
368, 0.69, 0.44, 1.08, -0.862705, -0.830826, 0.40058
368, 0.835, 0.26, 1.32, -0.862705, -0.830826, 0.40058
369, 0.4, 0.8, 0.84, -0.848778, -0.688125, 0.321021
369, 0.69, 0.44, 1.2, -0.848778, -0.688125, 0.321021
369, 0.835, 0.26, 1.38, -0.848778, -0.688125, 0.321021
370, 0.835, 0.26, 1.44, -0.846478, -0.492952, 0.225702
371, 0.545, 0.62, 1.38, -0.870133, -0.253012, 0.118086
371, 0.69, 0.44, 1.44, -0.870133, -0.253012, 0.118086
372, 0.69, 0.56, 0.84, -1.02447, -0.940021, 0.556455
372, 0.835, 0.32, 1.2, -1.02447, -0.940021, 0.556455
373, 0.69, 0.56, 0.96, -1.01766, -0.860773, 0.501404
373, 0.835, 0.32, 1.26, -1.01766, -0.860773, 0.501404
374, 0.69, 0.56, 1.08, -1.00858, -0.759068, 0.433351
375, 0.4, 1.04, 0.84, -1.00124, -0.623125, 0.348814
375, 0.545, 0.8, 1.02, -1.00124, -0.623125, 0.348814
375, 0.835, 0.32, 1.38, -1.00124, -0.623125, 0.348814
376, 0.4, 1.04, 1.08, -1.00384, -0.443125, 0.245997
376, 0.545, 0.8, 1.2, -1.00384, -0.443125, 0.245997
376, 0.69, 0.56, 1.32, -1.00384, -0.443125, 0.245997
376, 0.835, 0.32, 1.44, -1.00384, -0.443125, 0.245997
377, 0.545, 0.8, 1.38, -1.01808, -0.227623, 0.127415
377, 0.69, 0.56, 1.44, -1.01808, -0.227623, 0.127415
378, -0.415, -0.64, 1.4025, 0.463684, -0.113203, -0.0267527
378, 0.05, -0.4, 1.455, 0.463684, -0.113203, -0.0267527
378, 0.515, -0.16, 1.5075, 0.463684, -0.113203, -0.0267527
379, -0.415, -0.46, 1.4025, 0.346229, -0.111014, -0.0194318
379, 0.05, -0.28, 1.455, 0.346229, -0.111014, -0.0194318
379, 0.515, -0.1, 1.5075, 0.346229, -0.111014, -0.0194318
380, 0.05, -0.16, 1.455, 0.202501, -0.111014, -0.0112903
380, 0.515, -0.04, 1.5075, 0.202501, -0.111014, -0.0112903
381, -0.88, -0.16, 1.35, 0.0566011, -0.111995, -0.00317368
381, 0.05, -0.04, 1.455, 0.0566011, -0.111995, -0.00317368
381, 0.515, 0.02, 1.5075, 0.0566011, -0.111995, -0.00317368
382, -0.88, 0.08, 1.35, 0, -0.112427, 0
382, 0.05, 0.08, 1.455, 0, -0.112427, 0
382, 0.515, 0.08, 1.5075, 0, -0.112427, 0
383, 0.05, 0.2, 1.455, -0.0566011, -0.111995, 0.00317368
383, 0.515, 0.14, 1.5075, -0.0566011, -0.111995, 0.00317368
384, -0.235, -0.64, 1.4025, 0.521622, -0.125601, -0.0335628
384, 0.17, -0.4, 1.455, 0.521622, -0.125601, -0.0335628
384, 0.575, -0.16, 1.5075, 0.521622, -0.125601, -0.0335628
385, -0.64, -0.64, 1.35, 0.393349, -0.124629, -0.0248633
385, -0.235, -0.46, 1.4025, 0.393349, -0.124629, -0.0248633
385, 0.17, -0.28, 1.455, 0.393349, -0.124629, -0.0248633
385, 0.575, -0.1, 1.5075, 0.393349, -0.124629, -0.0248633
386, -0.64, -0.4, 1.35, 0.232152, -0.126138, -0.014727
386, 0.17, -0.16, 1.455, 0.232152, -0.126138, -0.014727
386, 0.575, -0.04, 1.5075, 0.232152, -0.126138, -0.014727
387, 0.17, -0.04, 1.455, 0.0651396, -0.128205, -0.00418282
387, 0.575, 0.02, 1.5075, 0.0651396, -0.128205, -0.00418282
388, 0.17, 0.08, 1.455, 0, -0.128911, 0
388, 0.575, 0.08, 1.5075, 0, -0.128911, 0
389, -0.64, 0.32, 1.35, -0.0651396, -0.128205, 0.00418282
389, 0.17, 0.2, 1.455, -0.0651396, -0.128205, 0.00418282
389, 0.575, 0.14, 1.5075, -0.0651396, -0.128205, 0.00418282
390, -0.4, -0.88, 1.35, 0.594207, -0.14024, -0.0430007
390, -0.055, -0.64, 1.4025, 0.594207, -0.14024, -0.0430007
390, 0.29, -0.4, 1.455, 0.594207, -0.14024, -0.0430007
390, 0.635, -0.16, 1.5075, 0.594207, -0.14024, -0.0430007
391, -0.4, -0.64, 1.35, 0.454389, -0.141426, -0.0327473
391, -0.055, -0.46, 1.4025, 0.454389, -0.141426, -0.0327473
391, 0.29, -0.28, 1.455, 0.454389, -0.141426, -0.0327473
391, 0.635, -0.1, 1.5075, 0.454389, -0.141426, -0.0327473
392, -0.055, -0.28, 1.4025, 0.271847, -0.145707, -0.0199626
392, 0.29, -0.16, 1.455, 0.271847, -0.145707, -0.0199626
392, 0.635, -0.04, 1.5075, 0.271847, -0.145707, -0.0199626
393, -0.055, -0.1, 1.4025, 0.0767458, -0.149807, -0.00576213
393, 0.29, -0.04, 1.455, 0.0767458, -0.149807, -0.00576213
393, 0.635, 0.02, 1.5075, 0.0767458, -0.149807, -0.00576213
394, -0.055, 0.08, 1.4025, 0, -0.151015, 0
394, 0.29, 0.08, 1.455, 0, -0.151015, 0
394, 0.635, 0.08, 1.5075, 0, -0.151015, 0
395, -0.055, 0.26, 1.4025, -0.0767458, -0.149807, 0.00576213
395, 0.29, 0.2, 1.455, -0.0767458, -0.149807, 0.00576213
395, 0.635, 0.14, 1.5075, -0.0767458, -0.149807, 0.00576213
396, 0.125, -0.64, 1.4025, 0.68664, -0.15723, -0.0563074
396, 0.41, -0.4, 1.455, 0.68664, -0.15723, -0.0563074
396, 0.695, -0.16, 1.5075, 0.68664, -0.15723, -0.0563074
397, -0.16, -0.64, 1.35, 0.535867, -0.162154, -0.0446073
397, 0.125, -0.46, 1.4025, 0.535867, -0.162154, -0.0446073
397, 0.41, -0.28, 1.455, 0.535867, -0.162154, -0.0446073
397, 0.695, -0.1, 1.5075, 0.535867, -0.162154, -0.0446073
398, -0.16, -0.4, 1.35, 0.327578, -0.171723, -0.0284485
398, 0.125, -0.28, 1.4025, 0.327578, -0.171723, -0.0284485
398, 0.41, -0.16, 1.455, 0.327578, -0.171723, -0.0284485
398, 0.695, -0.04, 1.5075, 0.327578, -0.171723, -0.0284485
399, 0.125, -0.1, 1.4025, 0.0934595, -0.179944, -0.00843759
399, 0.41, -0.04, 1.455, 0.0934595, -0.179944, -0.00843759
399, 0.695, 0.02, 1.5075, 0.0934595, -0.179944, -0.00843759
400, -0.16, 0.08, 1.35, 0, -0.182168, 0
400, 0.125, 0.08, 1.4025, 0, -0.182168, 0
400, 0.41, 0.08, 1.455, 0, -0.182168, 0
400, 0.695, 0.08, 1.5075, 0, -0.182168, 0
401, -0.16, 0.32, 1.35, -0.0934595, -0.179944, 0.00843759
401, 0.125, 0.26, 1.4025, -0.0934595, -0.179944, 0.00843759
401, 0.41, 0.2, 1.455, -0.0934595, -0.179944, 0.00843759
401, 0.695, 0.14, 1.5075, -0.0934595, -0.179944, 0.00843759
402, 0.305, -0.64, 1.4025, 0.805838, -0.175982, -0.0751689
402, 0.53, -0.4, 1.455, 0.805838, -0.175982, -0.0751689
402, 0.755, -0.16, 1.5075, 0.805838, -0.175982, -0.0751689
403, 0.08, -0.64, 1.35, 0.648213, -0.187041, -0.063
403, 0.305, -0.46, 1.4025, 0.648213, -0.187041, -0.063
403, 0.53, -0.28, 1.455, 0.648213, -0.187041, -0.063
403, 0.755, -0.1, 1.5075, 0.648213, -0.187041, -0.063
404, 0.08, -0.4, 1.35, 0.410958, -0.207099, -0.0433119
404, 0.305, -0.28, 1.4025, 0.410958, -0.207099, -0.0433119
404, 0.53, -0.16, 1.455, 0.410958, -0.207099, -0.0433119
404, 0.755, -0.04, 1.5075, 0.410958, -0.207099, -0.0433119
405, 0.08, -0.16, 1.35, 0.119668, -0.22465, -0.0135144
405, 0.305, -0.1, 1.4025, 0.119668, -0.22465, -0.0135144
405, 0.53, -0.04, 1.455, 0.119668, -0.22465, -0.0135144
405, 0.755, 0.02, 1.5075, 0.119668, -0.22465, -0.0135144
406, 0.08, 0.08, 1.35, 0, -0.229232, 0
406, 0.305, 0.08, 1.4025, 0, -0.229232, 0
406, 0.53, 0.08, 1.455, 0, -0.229232, 0
406, 0.755, 0.08, 1.5075, 0, -0.229232, 0
407, 0.08, 0.32, 1.35, -0.119668, -0.22465, 0.0135144
407, 0.305, 0.26, 1.4025, -0.119668, -0.22465, 0.0135144
407, 0.53, 0.2, 1.455, -0.119668, -0.22465, 0.0135144
407, 0.755, 0.14, 1.5075, -0.119668, -0.22465, 0.0135144
408, 0.485, -0.64, 1.4025, 0.959783, -0.194215, -0.101316
408, 0.65, -0.4, 1.455, 0.959783, -0.194215, -0.101316
408, 0.815, -0.16, 1.5075, 0.959783, -0.194215, -0.101316
409, 0.32, -0.64, 1.35, 0.807412, -0.213669, -0.0915575
409, 0.485, -0.46, 1.4025, 0.807412, -0.213669, -0.0915575
409, 0.65, -0.28, 1.455, 0.807412, -0.213669, -0.0915575
409, 0.815, -0.1, 1.5075, 0.807412, -0.213669, -0.0915575
410, 0.485, -0.28, 1.4025, 0.546699, -0.254588, -0.0717354
410, 0.65, -0.16, 1.455, 0.546699, -0.254588, -0.0717354
410, 0.815, -0.04, 1.5075, 0.546699, -0.254588, -0.0717354
411, 0.32, -0.16, 1.35, 0.16684, -0.29675, -0.0249948
411, 0.485, -0.1, 1.4025, 0.16684, -0.29675, -0.0249948
411, 0.65, -0.04, 1.455, 0.16684, -0.29675, -0.0249948
411, 0.815, 0.02, 1.5075, 0.16684, -0.29675, -0.0249948
412, 0.32, 0.08, 1.35, 0, -0.308053, 0
412, 0.485, 0.08, 1.4025, 0, -0.308053, 0
412, 0.65, 0.08, 1.455, 0, -0.308053, 0
412, 0.815, 0.08, 1.5075, 0, -0.308053, 0
413, 0.32, 0.32, 1.35, -0.16684, -0.29675, 0.0249948
413, 0.485, 0.26, 1.4025, -0.16684, -0.29675, 0.0249948
413, 0.65, 0.2, 1.455, -0.16684, -0.29675, 0.0249948
413, 0.815, 0.14, 1.5075, -0.16684, -0.29675, 0.0249948
414, 0.665, -0.64, 1.4025, 1.15409, -0.207275, -0.135205
414, 0.77, -0.4, 1.455, 1.15409, -0.207275, -0.135205
415, 0.56, -0.64, 1.35, 1.03244, -0.231682, -0.131892
415, 0.665, -0.46, 1.4025, 1.03244, -0.231682, -0.131892
415, 0.77, -0.28, 1.455, 1.03244, -0.231682, -0.131892
416, 0.665, -0.28, 1.4025, 0.789226, -0.305204, -0.127926
416, 0.77, -0.16, 1.455, 0.789226, -0.305204, -0.127926
417, 0.56, -0.16, 1.35, 0.276448, -0.425365, -0.0600637
417, 0.665, -0.1, 1.4025, 0.276448, -0.425365, -0.0600637
417, 0.77, -0.04, 1.455, 0.276448, -0.425365, -0.0600637
417, 0.875, 0.02, 1.5075, 0.276448, -0.425365, -0.0600637
418, 0.56, 0.08, 1.35, 0, -0.463648, 0
418, 0.665, 0.08, 1.4025, 0, -0.463648, 0
418, 0.77, 0.08, 1.455, 0, -0.463648, 0
418, 0.875, 0.08, 1.5075, 0, -0.463648, 0
419, 0.77, 0.2, 1.455, -0.276448, -0.425365, 0.0600637
422, 0.8, -0.4, 1.35, 1.20557, -0.287895, -0.198861
422, 0.845, -0.28, 1.4025, 1.20557, -0.287895, -0.198861
422, 0.89, -0.16, 1.455, 1.20557, -0.287895, -0.198861
423, 0.845, -0.1, 1.4025, 0.705514, -0.611535, -0.231391
423, 0.89, -0.04, 1.455, 0.705514, -0.611535, -0.231391
424, 0.8, 0.08, 1.35, 0, -0.86217, 0
424, 0.845, 0.08, 1.4025, 0, -0.86217, 0
424, 0.89, 0.08, 1.455, 0, -0.86217, 0
425, 0.845, 0.26, 1.4025, -0.705514, -0.611535, 0.231391
425, 0.89, 0.2, 1.455, -0.705514, -0.611535, 0.231391
432, 0.4, -0.88, 0.12, 1.27743, -0, 0
432, 0.545, -0.4, 0.12, 1.27743, -0, 0
432, 0.69, 0.08, 0.12, 1.27743, -0, 0
432, 0.835, 0.56, 0.12, 1.27743, -0, 0
433, 0.4, -0.88, 0.36, 1.2726, 0.21885, 0.161983
433, 0.545, -0.4, 0.3, 1.2726, 0.21885, 0.161983
433, 0.69, 0.08, 0.24, 1.2726, 0.21885, 0.161983
433, 0.835, 0.56, 0.18, 1.2726, 0.21885, 0.161983
434, 0.69, 0.08, 0.36, 1.26747, 0.402791, 0.297838
434, 0.835, 0.56, 0.24, 1.26747, 0.402791, 0.297838
435, 0.545, -0.4, 0.66, 1.26995, 0.539014, 0.401542
435, 0.69, 0.08, 0.48, 1.26995, 0.539014, 0.401542
435, 0.835, 0.56, 0.3, 1.26995, 0.539014, 0.401542
436, 0.545, -0.4, 0.84, 1.27733, 0.636536, 0.479818
436, 0.69, 0.08, 0.6, 1.27733, 0.636536, 0.479818
437, 0.545, -0.4, 1.02, 1.28556, 0.709226, 0.540972
437, 0.69, 0.08, 0.72, 1.28556, 0.709226, 0.540972
438, 0.4, -0.64, 0.12, 1.23837, -0, 0
438, 0.545, -0.22, 0.12, 1.23837, -0, 0
438, 0.69, 0.2, 0.12, 1.23837, -0, 0
438, 0.835, 0.62, 0.12, 1.23837, -0, 0
439, 0.545, -0.22, 0.3, 1.23314, 0.217745, 0.154629
439, 0.69, 0.2, 0.24, 1.23314, 0.217745, 0.154629
439, 0.835, 0.62, 0.18, 1.23314, 0.217745, 0.154629
440, 0.4, -0.64, 0.6, 1.22676, 0.404871, 0.286985
440, 0.545, -0.22, 0.48, 1.22676, 0.404871, 0.286985
440, 0.69, 0.2, 0.36, 1.22676, 0.404871, 0.286985
440, 0.835, 0.62, 0.24, 1.22676, 0.404871, 0.286985
441, 0.545, -0.22, 0.66, 1.22809, 0.547621, 0.390938
441, 0.835, 0.62, 0.3, 1.22809, 0.547621, 0.390938
442, 0.545, -0.22, 0.84, 1.23502, 0.652218, 0.471398
442, 0.69, 0.2, 0.6, 1.23502, 0.652218, 0.471398
442, 0.835, 0.62, 0.36, 1.23502, 0.652218, 0.471398
443, 0.545, -0.22, 1.02, 1.24315, 0.731261, 0.535293
443, 0.69, 0.2, 0.72, 1.24315, 0.731261, 0.535293
444, 0.4, -0.4, 0.12, 1.1879, -0, 0
444, 0.545, -0.04, 0.12, 1.1879, -0, 0
444, 0.69, 0.32, 0.12, 1.1879, -0, 0
444, 0.835, 0.68, 0.12, 1.1879, -0, 0
445, 0.4, -0.4, 0.36, 1.18219, 0.217327, 0.146174
445, 0.545, -0.04, 0.3, 1.18219, 0.217327, 0.146174
445, 0.69, 0.32, 0.24, 1.18219, 0.217327, 0.146174
445, 0.835, 0.68, 0.18, 1.18219, 0.217327, 0.146174
446, 0.545, -0.04, 0.48, 1.17432, 0.409551, 0.274671
446, 0.69, 0.32, 0.36, 1.17432, 0.409551, 0.274671
446, 0.835, 0.68, 0.24, 1.17432, 0.409551, 0.274671
447, 0.835, 0.68, 0.3, 1.17435, 0.561325, 0.37907
448, 0.4, -0.4, 1.08, 1.18084, 0.674959, 0.461935
448, 0.545, -0.04, 0.84, 1.18084, 0.674959, 0.461935
448, 0.69, 0.32, 0.6, 1.18084, 0.674959, 0.461935
448, 0.835, 0.68, 0.36, 1.18084, 0.674959, 0.461935
449, 0.545, -0.04, 1.02, 1.18887, 0.761523, 0.528541
449, 0.69, 0.32, 0.72, 1.18887, 0.761523, 0.528541
450, 0.4, -0.16, 0.12, 1.12057, -0, 0
450, 0.545, 0.14, 0.12, 1.12057, -0, 0
450, 0.69, 0.44, 0.12, 1.12057, -0, 0
450, 0.835, 0.74, 0.12, 1.12057, -0, 0
451, 0.4, -0.16, 0.36, 1.11403, 0.219194, 0.13685
451, 0.545, 0.14, 0.3, 1.11403, 0.219194, 0.13685
451, 0.69, 0.44, 0.24, 1.11403, 0.219194, 0.13685
451, 0.835, 0.74, 0.18, 1.11403, 0.219194, 0.13685
452, 0.545, 0.14, 0.48, 1.10405, 0.419958, 0.261027
452, 0.69, 0.44, 0.36, 1.10405, 0.419958, 0.261027
452, 0.835, 0.74, 0.24, 1.10405, 0.419958, 0.261027
453, 0.4, -0.16, 0.84, 1.10258, 0.584121, 0.365611
453, 0.545, 0.14, 0.66, 1.10258, 0.584121, 0.365611
453, 0.835, 0.74, 0.3, 1.10258, 0.584121, 0.365611
454, 0.4, -0.16, 1.08, 1.10883, 0.708722, 0.450407
454, 0.545, 0.14, 0.84, 1.10883, 0.708722, 0.450407
454, 0.69, 0.44, 0.6, 1.10883, 0.708722, 0.450407
454, 0.835, 0.74, 0.36, 1.10883, 0.708722, 0.450407
455, 0.4, -0.16, 1.32, 1.11693, 0.803431, 0.518897
455, 0.545, 0.14, 1.02, 1.11693, 0.803431, 0.518897
455, 0.69, 0.44, 0.72, 1.11693, 0.803431, 0.518897
455, 0.835, 0.74, 0.42, 1.11693, 0.803431, 0.518897
456, 0.545, 0.32, 0.12, 1.02732, -0, 0
456, 0.69, 0.56, 0.12, 1.02732, -0, 0
456, 0.835, 0.8, 0.12, 1.02732, -0, 0
457, 0.545, 0.32, 0.3, 1.01808, 0.227623, 0.127415
457, 0.69, 0.56, 0.24, 1.01808, 0.227623, 0.127415
457, 0.835, 0.8, 0.18, 1.01808, 0.227623, 0.127415
458, 0.545, 0.32, 0.48, 1.00384, 0.443125, 0.245997
458, 0.69, 0.56, 0.36, 1.00384, 0.443125, 0.245997
458, 0.835, 0.8, 0.24, 1.00384, 0.443125, 0.245997
459, 0.4, 0.08, 0.84, 1.00124, 0.623125, 0.348814
459, 0.545, 0.32, 0.66, 1.00124, 0.623125, 0.348814
459, 0.69, 0.56, 0.48, 1.00124, 0.623125, 0.348814
459, 0.835, 0.8, 0.3, 1.00124, 0.623125, 0.348814
460, 0.4, 0.08, 1.08, 1.00858, 0.759068, 0.433351
460, 0.545, 0.32, 0.84, 1.00858, 0.759068, 0.433351
460, 0.69, 0.56, 0.6, 1.00858, 0.759068, 0.433351
460, 0.835, 0.8, 0.36, 1.00858, 0.759068, 0.433351
461, 0.4, 0.08, 1.32, 1.01766, 0.860773, 0.501404
461, 0.545, 0.32, 1.02, 1.01766, 0.860773, 0.501404
461, 0.69, 0.56, 0.72, 1.01766, 0.860773, 0.501404
461, 0.835, 0.8, 0.42, 1.01766, 0.860773, 0.501404
462, 0.4, 0.32, 0.12, 0.892677, -0, 0
462, 0.545, 0.5, 0.12, 0.892677, -0, 0
462, 0.69, 0.68, 0.12, 0.892677, -0, 0
462, 0.835, 0.86, 0.12, 0.892677, -0, 0
463, 0.4, 0.32, 0.36, 0.870133, 0.253012, 0.118086
463, 0.545, 0.5, 0.3, 0.870133, 0.253012, 0.118086
463, 0.69, 0.68, 0.24, 0.870133, 0.253012, 0.118086
463, 0.835, 0.86, 0.18, 0.870133, 0.253012, 0.118086
464, 0.4, 0.32, 0.6, 0.846478, 0.492952, 0.225702
464, 0.545, 0.5, 0.48, 0.846478, 0.492952, 0.225702
464, 0.69, 0.68, 0.36, 0.846478, 0.492952, 0.225702
464, 0.835, 0.86, 0.24, 0.846478, 0.492952, 0.225702
465, 0.4, 0.32, 0.84, 0.848778, 0.688125, 0.321021
465, 0.545, 0.5, 0.66, 0.848778, 0.688125, 0.321021
465, 0.69, 0.68, 0.48, 0.848778, 0.688125, 0.321021
465, 0.835, 0.86, 0.3, 0.848778, 0.688125, 0.321021
466, 0.4, 0.32, 1.08, 0.862705, 0.830826, 0.40058
466, 0.545, 0.5, 0.84, 0.862705, 0.830826, 0.40058
466, 0.69, 0.68, 0.6, 0.862705, 0.830826, 0.40058
466, 0.835, 0.86, 0.36, 0.862705, 0.830826, 0.40058
467, 0.4, 0.32, 1.32, 0.875401, 0.935061, 0.464017
467, 0.545, 0.5, 1.02, 0.875401, 0.935061, 0.464017
467, 0.69, 0.68, 0.72, 0.875401, 0.935061, 0.464017
467, 0.835, 0.86, 0.42, 0.875401, 0.935061, 0.464017
468, 0.4, 0.56, 0.12, 0.691337, -0, 0
468, 0.545, 0.68, 0.12, 0.691337, -0, 0
468, 0.69, 0.8, 0.12, 0.691337, -0, 0
468, 0.835, 0.92, 0.12, 0.691337, -0, 0
469, 0.4, 0.56, 0.36, 0.601174, 0.310607, 0.0969873
469, 0.545, 0.68, 0.3, 0.601174, 0.310607, 0.0969873
469, 0.69, 0.8, 0.24, 0.601174, 0.310607, 0.0969873
469, 0.835, 0.92, 0.18, 0.601174, 0.310607, 0.0969873
470, 0.4, 0.56, 0.6, 0.583709, 0.580613, 0.179028
470, 0.545, 0.68, 0.48, 0.583709, 0.580613, 0.179028
470, 0.69, 0.8, 0.36, 0.583709, 0.580613, 0.179028
470, 0.835, 0.92, 0.24, 0.583709, 0.580613, 0.179028
471, 0.4, 0.56, 0.84, 0.617241, 0.779362, 0.260376
471, 0.545, 0.68, 0.66, 0.617241, 0.779362, 0.260376
471, 0.835, 0.92, 0.3, 0.617241, 0.779362, 0.260376
472, 0.4, 0.56, 1.08, 0.648399, 0.918853, 0.329504
472, 0.545, 0.68, 0.84, 0.648399, 0.918853, 0.329504
472, 0.69, 0.8, 0.6, 0.648399, 0.918853, 0.329504
472, 0.835, 0.92, 0.36, 0.648399, 0.918853, 0.329504
473, 0.4, 0.56, 1.32, 0.667608, 1.01923, 0.382855
473, 0.545, 0.68, 1.02, 0.667608, 1.01923, 0.382855
473, 0.69, 0.8, 0.72, 0.667608, 1.01923, 0.382855
473, 0.835, 0.92, 0.42, 0.667608, 1.01923, 0.382855
474, 0.4, 0.8, 0.12, 0.39234, -0, 0
474, 0.545, 0.86, 0.12, 0.39234, -0, 0
474, 0.69, 0.92, 0.12, 0.39234, -0, 0
474, 0.835, 0.98, 0.12, 0.39234, -0, 0
475, 0.4, 0.8, 0.36, 0.193202, 0.374476, 0.0367136
475, 0.545, 0.86, 0.3, 0.193202, 0.374476, 0.0367136
475, 0.69, 0.92, 0.24, 0.193202, 0.374476, 0.0367136
475, 0.835, 0.98, 0.18, 0.193202, 0.374476, 0.0367136
476, 0.4, 0.8, 0.6, 0.251149, 0.664377, 0.0870426
476, 0.69, 0.92, 0.36, 0.251149, 0.664377, 0.0870426
476, 0.835, 0.98, 0.24, 0.251149, 0.664377, 0.0870426
477, 0.4, 0.8, 0.84, 0.314934, 0.861978, 0.145763
477, 0.835, 0.98, 0.3, 0.314934, 0.861978, 0.145763
478, 0.4, 0.8, 1.08, 0.35318, 0.996359, 0.193525
478, 0.545, 0.86, 0.84, 0.35318, 0.996359, 0.193525
478, 0.69, 0.92, 0.6, 0.35318, 0.996359, 0.193525
478, 0.835, 0.98, 0.36, 0.35318, 0.996359, 0.193525
479, 0.4, 0.8, 1.32, 0.372169, 1.09132, 0.227619
479, 0.545, 0.86, 1.02, 0.372169, 1.09132, 0.227619
479, 0.69, 0.92, 0.72, 0.372169, 1.09132, 0.227619
479, 0.835, 0.98, 0.42, 0.372169, 1.09132, 0.227619
481, 0.545, 1.04, 0.3, 0, 0.39234, 0
481, 0.69, 1.04, 0.24, 0, 0.39234, 0
481, 0.835, 1.04, 0.18, 0, 0.39234, 0
482, 0.835, 1.04, 0.24, 0, 0.691337, 0
483, 0.4, 1.04, 0.84, 0, 0.892677, 0
484, 0.4, 1.04, 1.08, 0, 1.02732, 0
484, 0.545, 1.04, 0.84, 0, 1.02732, 0
484, 0.69, 1.04, 0.6, 0, 1.02732, 0
484, 0.835, 1.04, 0.36, 0, 1.02732, 0
485, 0.545, 1.04, 1.02, 0, 1.12057, 0
485, 0.69, 1.04, 0.72, 0, 1.12057, 0
485, 0.835, 1.04, 0.42, 0, 1.12057, 0
486, 0.05, 1.01, 0.12, 0.0322469, -0, 0
487, -0.415, 0.995, 0.3, 0.00803443, 0.128289, 0.000516075
487, 0.05, 1.01, 0.24, 0.00803443, 0.128289, 0.000516075
487, 0.515, 1.025, 0.18, 0.00803443, 0.128289, 0.000516075
488, -0.415, 0.995, 0.48, 0.0145078, 0.25248, 0.00184129
488, 0.515, 1.025, 0.24, 0.0145078, 0.25248, 0.00184129
489, -0.415, 0.995, 0.66, 0.0197988, 0.369216, 0.00369722
489, 0.515, 1.025, 0.3, 0.0197988, 0.369216, 0.00369722
490, -0.415, 0.995, 0.84, 0.0237129, 0.476308, 0.00575681
491, -0.415, 0.995, 1.02, 0.0264404, 0.572772, 0.00778661
492, -0.235, 0.995, 0.12, 0.0370201, -0, 0
492, 0.17, 1.01, 0.12, 0.0370201, -0, 0
493, -0.64, 0.98, 0.36, 0.00924784, 0.147026, 0.000681071
493, -0.235, 0.995, 0.3, 0.00924784, 0.147026, 0.000681071
493, 0.17, 1.01, 0.24, 0.00924784, 0.147026, 0.000681071
493, 0.575, 1.025, 0.18, 0.00924784, 0.147026, 0.000681071
494, -0.64, 0.98, 0.6, 0.0167885, 0.287945, 0.00243399
494, -0.235, 0.995, 0.48, 0.0167885, 0.287945, 0.00243399
494, 0.575, 1.025, 0.24, 0.0167885, 0.287945, 0.00243399
495, 0.575, 1.025, 0.3, 0.0230189, 0.418052, 0.00488308
496, -0.235, 0.995, 0.84, 0.0276254, 0.534727, 0.00756765
498, -0.4, 0.98, 0.12, 0.0434509, -0, 0
498, -0.055, 0.995, 0.12, 0.0434509, -0, 0
498, 0.29, 1.01, 0.12, 0.0434509, -0, 0
498, 0.635, 1.025, 0.12, 0.0434509, -0, 0
499, -0.4, 0.98, 0.36, 0.0108985, 0.172107, 0.000940185
499, 0.29, 1.01, 0.24, 0.0108985, 0.172107, 0.000940185
499, 0.635, 1.025, 0.18, 0.0108985, 0.172107, 0.000940185
500, -0.4, 0.98, 0.6, 0.0199449, 0.334564, 0.003368
500, 0.635, 1.025, 0.24, 0.0199449, 0.334564, 0.003368
501, -0.4, 0.98, 0.84, 0.0275212, 0.480624, 0.00674439
501, 0.635, 1.025, 0.3, 0.0275212, 0.480624, 0.00674439
502, -0.4, 0.98, 1.08, 0.0330895, 0.607462, 0.0103721
504, -0.16, 0.98, 0.12, 0.0525831, -0, 0
504, 0.125, 0.995, 0.12, 0.0525831, -0, 0
504, 0.41, 1.01, 0.12, 0.0525831, -0, 0
504, 0.695, 1.025, 0.12, 0.0525831, -0, 0
505, -0.16, 0.98, 0.36, 0.0132792, 0.20735, 0.00138169
505, 0.125, 0.995, 0.3, 0.0132792, 0.20735, 0.00138169
505, 0.41, 1.01, 0.24, 0.0132792, 0.20735, 0.00138169
505, 0.695, 1.025, 0.18, 0.0132792, 0.20735, 0.00138169
506, 0.695, 1.025, 0.24, 0.0246137, 0.39823, 0.00496701
509, 0.125, 0.995, 1.02, 0.0456447, 0.810444, 0.0195826
510, 0.08, 0.98, 0.12, 0.0665682, -0, 0
510, 0.305, 0.995, 0.12, 0.0665682, -0, 0
510, 0.755, 1.025, 0.12, 0.0665682, -0, 0
511, 0.08, 0.98, 0.36, 0.0170256, 0.260312, 0.00222864
511, 0.53, 1.01, 0.24, 0.0170256, 0.260312, 0.00222864
511, 0.755, 1.025, 0.18, 0.0170256, 0.260312, 0.00222864
512, 0.08, 0.98, 0.6, 0.0322456, 0.489411, 0.00805271
512, 0.755, 1.025, 0.24, 0.0322456, 0.489411, 0.00805271
513, 0.305, 0.995, 0.66, 0.0453384, 0.673986, 0.015887
513, 0.755, 1.025, 0.3, 0.0453384, 0.673986, 0.015887
514, 0.08, 0.98, 1.08, 0.0543164, 0.816759, 0.0235077
514, 0.305, 0.995, 0.84, 0.0543164, 0.816759, 0.0235077
514, 0.755, 1.025, 0.36, 0.0543164, 0.816759, 0.0235077
515, 0.305, 0.995, 1.02, 0.0595872, 0.926364, 0.0297655
516, 0.32, 0.98, 0.12, 0.0906599, -0, 0
516, 0.485, 0.995, 0.12, 0.0906599, -0, 0
516, 0.65, 1.01, 0.12, 0.0906599, -0, 0
516, 0.815, 1.025, 0.12, 0.0906599, -0, 0
517, 0.485, 0.995, 0.3, 0.0238382, 0.348081, 0.0041914
517, 0.65, 1.01, 0.24, 0.0238382, 0.348081, 0.0041914
517, 0.815, 1.025, 0.18, 0.0238382, 0.348081, 0.0041914
518, 0.32, 0.98, 0.6, 0.0469271, 0.627628, 0.0152321
518, 0.815, 1.025, 0.24, 0.0469271, 0.627628, 0.0152321
519, 0.32, 0.98, 0.84, 0.0664117, 0.827365, 0.0291645
519, 0.815, 1.025, 0.3, 0.0664117, 0.827365, 0.0291645
520, 0.32, 0.98, 1.08, 0.078208, 0.966901, 0.0410747
520, 0.815, 1.025, 0.36, 0.078208, 0.966901, 0.0410747
521, 0.485, 0.995, 1.02, 0.0841857, 1.06638, 0.0497061
521, 0.65, 1.01, 0.72, 0.0841857, 1.06638, 0.0497061
521, 0.815, 1.025, 0.42, 0.0841857, 1.06638, 0.0497061
522, 0.665, 0.995, 0.12, 0.141897, -0, 0
522, 0.77, 1.01, 0.12, 0.141897, -0, 0
523, 0.665, 0.995, 0.3, 0.040344, 0.516916, 0.0106671
523, 0.77, 1.01, 0.24, 0.040344, 0.516916, 0.0106671
523, 0.875, 1.025, 0.18, 0.040344, 0.516916, 0.0106671
525, 0.56, 0.98, 0.84, 0.116744, 1.03926, 0.0668365
525, 0.665, 0.995, 0.66, 0.116744, 1.03926, 0.0668365
525, 0.77, 1.01, 0.48, 0.116744, 1.03926, 0.0668365
525, 0.875, 1.025, 0.3, 0.116744, 1.03926, 0.0668365
526, 0.56, 0.98, 1.08, 0.131123, 1.15505, 0.0855152
526, 0.665, 0.995, 0.84, 0.131123, 1.15505, 0.0855152
526, 0.77, 1.01, 0.6, 0.131123, 1.15505, 0.0855152
526, 0.875, 1.025, 0.36, 0.131123, 1.15505, 0.0855152
527, 0.665, 0.995, 1.02, 0.136883, 1.23113, 0.0968833
527, 0.77, 1.01, 0.72, 0.136883, 1.23113, 0.0968833
527, 0.875, 1.025, 0.42, 0.136883, 1.23113, 0.0968833
528, 0.8, 0.98, 0.12, 0.321751, -0, 0
528, 0.845, 0.995, 0.12, 0.321751, -0, 0
528, 0.89, 1.01, 0.12, 0.321751, -0, 0
529, 0.8, 0.98, 0.36, 0.129587, 0.914667, 0.0638415
529, 0.845, 0.995, 0.3, 0.129587, 0.914667, 0.0638415
530, 0.8, 0.98, 0.6, 0.26349, 1.19855, 0.18054
530, 0.845, 0.995, 0.48, 0.26349, 1.19855, 0.18054
530, 0.89, 1.01, 0.36, 0.26349, 1.19855, 0.18054
531, 0.8, 0.98, 0.84, 0.305948, 1.31411, 0.236754
531, 0.845, 0.995, 0.66, 0.305948, 1.31411, 0.236754
531, 0.89, 1.01, 0.48, 0.305948, 1.31411, 0.236754
532, 0.845, 0.995, 0.84, 0.316332, 1.37595, 0.260709
532, 0.89, 1.01, 0.6, 0.316332, 1.37595, 0.260709
533, 0.89, 1.01, 0.72, 0.319469, 1.41408, 0.273579
540, 0.69, 0.08, 0.48, 1.26995, -0.539014, -0.401542
540, 0.835, 0.56, 0.66, 1.26995, -0.539014, -0.401542
541, 0.545, -0.4, 0.48, 1.26747, -0.402791, -0.297838
541, 0.69, 0.08, 0.6, 1.26747, -0.402791, -0.297838
541, 0.835, 0.56, 0.72, 1.26747, -0.402791, -0.297838
542, 0.69, 0.08, 0.72, 1.2726, -0.21885, -0.161983
542, 0.835, 0.56, 0.78, 1.2726, -0.21885, -0.161983
543, 0.545, -0.4, 0.84, 1.27743, -0, 0
543, 0.835, 0.56, 0.84, 1.27743, -0, 0
544, 0.69, 0.08, 0.96, 1.2726, 0.21885, 0.161983
544, 0.835, 0.56, 0.9, 1.2726, 0.21885, 0.161983
545, 0.545, -0.4, 1.2, 1.26747, 0.402791, 0.297838
545, 0.69, 0.08, 1.08, 1.26747, 0.402791, 0.297838
545, 0.835, 0.56, 0.96, 1.26747, 0.402791, 0.297838
546, 0.545, -0.22, 0.3, 1.22809, -0.547621, -0.390938
546, 0.69, 0.2, 0.48, 1.22809, -0.547621, -0.390938
546, 0.835, 0.62, 0.66, 1.22809, -0.547621, -0.390938
547, 0.545, -0.22, 0.48, 1.22676, -0.404871, -0.286985
547, 0.69, 0.2, 0.6, 1.22676, -0.404871, -0.286985
547, 0.835, 0.62, 0.72, 1.22676, -0.404871, -0.286985
548, 0.545, -0.22, 0.66, 1.23314, -0.217745, -0.154629
548, 0.69, 0.2, 0.72, 1.23314, -0.217745, -0.154629
548, 0.835, 0.62, 0.78, 1.23314, -0.217745, -0.154629
549, 0.545, -0.22, 0.84, 1.23837, -0, 0
549, 0.69, 0.2, 0.84, 1.23837, -0, 0
549, 0.835, 0.62, 0.84, 1.23837, -0, 0
550, 0.545, -0.22, 1.02, 1.23314, 0.217745, 0.154629
550, 0.69, 0.2, 0.96, 1.23314, 0.217745, 0.154629
550, 0.835, 0.62, 0.9, 1.23314, 0.217745, 0.154629
551, 0.545, -0.22, 1.2, 1.22676, 0.404871, 0.286985
551, 0.69, 0.2, 1.08, 1.22676, 0.404871, 0.286985
551, 0.835, 0.62, 0.96, 1.22676, 0.404871, 0.286985
552, 0.4, -0.4, 0.12, 1.17435, -0.561325, -0.37907
552, 0.545, -0.04, 0.3, 1.17435, -0.561325, -0.37907
552, 0.69, 0.32, 0.48, 1.17435, -0.561325, -0.37907
552, 0.835, 0.68, 0.66, 1.17435, -0.561325, -0.37907
553, 0.4, -0.4, 0.36, 1.17432, -0.409551, -0.274671
553, 0.545, -0.04, 0.48, 1.17432, -0.409551, -0.274671
553, 0.69, 0.32, 0.6, 1.17432, -0.409551, -0.274671
553, 0.835, 0.68, 0.72, 1.17432, -0.409551, -0.274671
554, 0.4, -0.4, 0.6, 1.18219, -0.217327, -0.146174
554, 0.545, -0.04, 0.66, 1.18219, -0.217327, -0.146174
554, 0.69, 0.32, 0.72, 1.18219, -0.217327, -0.146174
554, 0.835, 0.68, 0.78, 1.18219, -0.217327, -0.146174
555, 0.545, -0.04, 0.84, 1.1879, -0, 0
555, 0.69, 0.32, 0.84, 1.1879, -0, 0
556, 0.545, -0.04, 1.02, 1.18219, 0.217327, 0.146174
556, 0.69, 0.32, 0.96, 1.18219, 0.217327, 0.146174
556, 0.835, 0.68, 0.9, 1.18219, 0.217327, 0.146174
557, 0.4, -0.4, 1.32, 1.17432, 0.409551, 0.274671
557, 0.545, -0.04, 1.2, 1.17432, 0.409551, 0.274671
557, 0.69, 0.32, 1.08, 1.17432, 0.409551, 0.274671
557, 0.835, 0.68, 0.96, 1.17432, 0.409551, 0.274671
558, 0.4, -0.16, 0.12, 1.10258, -0.584121, -0.365611
558, 0.545, 0.14, 0.3, 1.10258, -0.584121, -0.365611
558, 0.69, 0.44, 0.48, 1.10258, -0.584121, -0.365611
558, 0.835, 0.74, 0.66, 1.10258, -0.584121, -0.365611
559, 0.4, -0.16, 0.36, 1.10405, -0.419958, -0.261027
559, 0.545, 0.14, 0.48, 1.10405, -0.419958, -0.261027
559, 0.69, 0.44, 0.6, 1.10405, -0.419958, -0.261027
559, 0.835, 0.74, 0.72, 1.10405, -0.419958, -0.261027
560, 0.545, 0.14, 0.66, 1.11403, -0.219194, -0.13685
560, 0.69, 0.44, 0.72, 1.11403, -0.219194, -0.13685
560, 0.835, 0.74, 0.78, 1.11403, -0.219194, -0.13685
561, 0.69, 0.44, 0.84, 1.12057, -0, 0
561, 0.835, 0.74, 0.84, 1.12057, -0, 0
562, 0.4, -0.16, 1.08, 1.11403, 0.219194, 0.13685
562, 0.545, 0.14, 1.02, 1.11403, 0.219194, 0.13685
562, 0.69, 0.44, 0.96, 1.11403, 0.219194, 0.13685
563, 0.4, -0.16, 1.32, 1.10405, 0.419958, 0.261027
563, 0.545, 0.14, 1.2, 1.10405, 0.419958, 0.261027
563, 0.69, 0.44, 1.08, 1.10405, 0.419958, 0.261027
563, 0.835, 0.74, 0.96, 1.10405, 0.419958, 0.261027
564, 0.545, 0.32, 0.3, 1.00124, -0.623125, -0.348814
564, 0.69, 0.56, 0.48, 1.00124, -0.623125, -0.348814
564, 0.835, 0.8, 0.66, 1.00124, -0.623125, -0.348814
565, 0.545, 0.32, 0.48, 1.00384, -0.443125, -0.245997
565, 0.69, 0.56, 0.6, 1.00384, -0.443125, -0.245997
565, 0.835, 0.8, 0.72, 1.00384, -0.443125, -0.245997
566, 0.545, 0.32, 0.66, 1.01808, -0.227623, -0.127415
566, 0.69, 0.56, 0.72, 1.01808, -0.227623, -0.127415
566, 0.835, 0.8, 0.78, 1.01808, -0.227623, -0.127415
567, 0.69, 0.56, 0.84, 1.02732, -0, 0
567, 0.835, 0.8, 0.84, 1.02732, -0, 0
568, 0.4, 0.08, 1.08, 1.01808, 0.227623, 0.127415
568, 0.545, 0.32, 1.02, 1.01808, 0.227623, 0.127415
568, 0.69, 0.56, 0.96, 1.01808, 0.227623, 0.127415
568, 0.835, 0.8, 0.9, 1.01808, 0.227623, 0.127415
569, 0.4, 0.08, 1.32, 1.00384, 0.443125, 0.245997
569, 0.545, 0.32, 1.2, 1.00384, 0.443125, 0.245997
569, 0.69, 0.56, 1.08, 1.00384, 0.443125, 0.245997
569, 0.835, 0.8, 0.96, 1.00384, 0.443125, 0.245997
570, 0.545, 0.5, 0.3, 0.848778, -0.688125, -0.321021
570, 0.69, 0.68, 0.48, 0.848778, -0.688125, -0.321021
570, 0.835, 0.86, 0.66, 0.848778, -0.688125, -0.321021
571, 0.4, 0.32, 0.36, 0.846478, -0.492952, -0.225702
571, 0.545, 0.5, 0.48, 0.846478, -0.492952, -0.225702
571, 0.69, 0.68, 0.6, 0.846478, -0.492952, -0.225702
571, 0.835, 0.86, 0.72, 0.846478, -0.492952, -0.225702
572, 0.4, 0.32, 0.6, 0.870133, -0.253012, -0.118086
572, 0.545, 0.5, 0.66, 0.870133, -0.253012, -0.118086
572, 0.69, 0.68, 0.72, 0.870133, -0.253012, -0.118086
572, 0.835, 0.86, 0.78, 0.870133, -0.253012, -0.118086
573, 0.4, 0.32, 0.84, 0.892677, -0, 0
573, 0.545, 0.5, 0.84, 0.892677, -0, 0
573, 0.69, 0.68, 0.84, 0.892677, -0, 0
573, 0.835, 0.86, 0.84, 0.892677, -0, 0
574, 0.4, 0.32, 1.08, 0.870133, 0.253012, 0.118086
574, 0.545, 0.5, 1.02, 0.870133, 0.253012, 0.118086
574, 0.69, 0.68, 0.96, 0.870133, 0.253012, 0.118086
574, 0.835, 0.86, 0.9, 0.870133, 0.253012, 0.118086
575, 0.4, 0.32, 1.32, 0.846478, 0.492952, 0.225702
575, 0.545, 0.5, 1.2, 0.846478, 0.492952, 0.225702
575, 0.69, 0.68, 1.08, 0.846478, 0.492952, 0.225702
575, 0.835, 0.86, 0.96, 0.846478, 0.492952, 0.225702
576, 0.545, 0.68, 0.3, 0.617241, -0.779362, -0.260376
576, 0.69, 0.8, 0.48, 0.617241, -0.779362, -0.260376
576, 0.835, 0.92, 0.66, 0.617241, -0.779362, -0.260376
577, 0.4, 0.56, 0.36, 0.583709, -0.580613, -0.179028
577, 0.545, 0.68, 0.48, 0.583709, -0.580613, -0.179028
577, 0.69, 0.8, 0.6, 0.583709, -0.580613, -0.179028
577, 0.835, 0.92, 0.72, 0.583709, -0.580613, -0.179028
578, 0.4, 0.56, 0.6, 0.601174, -0.310607, -0.0969873
578, 0.545, 0.68, 0.66, 0.601174, -0.310607, -0.0969873
578, 0.69, 0.8, 0.72, 0.601174, -0.310607, -0.0969873
578, 0.835, 0.92, 0.78, 0.601174, -0.310607, -0.0969873
579, 0.4, 0.56, 0.84, 0.691337, -0, 0
579, 0.545, 0.68, 0.84, 0.691337, -0, 0
579, 0.69, 0.8, 0.84, 0.691337, -0, 0
579, 0.835, 0.92, 0.84, 0.691337, -0, 0
580, 0.4, 0.56, 1.08, 0.601174, 0.310607, 0.0969873
580, 0.545, 0.68, 1.02, 0.601174, 0.310607, 0.0969873
580, 0.69, 0.8, 0.96, 0.601174, 0.310607, 0.0969873
580, 0.835, 0.92, 0.9, 0.601174, 0.310607, 0.0969873
581, 0.4, 0.56, 1.32, 0.583709, 0.580613, 0.179028
581, 0.545, 0.68, 1.2, 0.583709, 0.580613, 0.179028
581, 0.69, 0.8, 1.08, 0.583709, 0.580613, 0.179028
581, 0.835, 0.92, 0.96, 0.583709, 0.580613, 0.179028
582, 0.4, 0.8, 0.12, 0.314934, -0.861978, -0.145763
582, 0.545, 0.86, 0.3, 0.314934, -0.861978, -0.145763
582, 0.69, 0.92, 0.48, 0.314934, -0.861978, -0.145763
582, 0.835, 0.98, 0.66, 0.314934, -0.861978, -0.145763
583, 0.4, 0.8, 0.36, 0.251149, -0.664377, -0.0870426
583, 0.545, 0.86, 0.48, 0.251149, -0.664377, -0.0870426
583, 0.69, 0.92, 0.6, 0.251149, -0.664377, -0.0870426
583, 0.835, 0.98, 0.72, 0.251149, -0.664377, -0.0870426
584, 0.4, 0.8, 0.6, 0.193202, -0.374476, -0.0367136
584, 0.545, 0.86, 0.66, 0.193202, -0.374476, -0.0367136
584, 0.69, 0.92, 0.72, 0.193202, -0.374476, -0.0367136
584, 0.835, 0.98, 0.78, 0.193202, -0.374476, -0.0367136
585, 0.69, 0.92, 0.84, 0.39234, -0, 0
585, 0.835, 0.98, 0.84, 0.39234, -0, 0
586, 0.4, 0.8, 1.08, 0.193202, 0.374476, 0.0367136
586, 0.69, 0.92, 0.96, 0.193202, 0.374476, 0.0367136
586, 0.835, 0.98, 0.9, 0.193202, 0.374476, 0.0367136
587, 0.4, 0.8, 1.32, 0.251149, 0.664377, 0.0870426
587, 0.545, 0.86, 1.2, 0.251149, 0.664377, 0.0870426
587, 0.69, 0.92, 1.08, 0.251149, 0.664377, 0.0870426
587, 0.835, 0.98, 0.96, 0.251149, 0.664377, 0.0870426
588, 0.545, 1.04, 0.3, 0, -0.892677, 0
588, 0.69, 1.04, 0.48, 0, -0.892677, 0
588, 0.835, 1.04, 0.66, 0, -0.892677, 0
589, 0.4, 1.04, 0.36, 0, -0.691337, 0
589, 0.545, 1.04, 0.48, 0, -0.691337, 0
589, 0.69, 1.04, 0.6, 0, -0.691337, 0
589, 0.835, 1.04, 0.72, 0, -0.691337, 0
590, 0.4, 1.04, 0.6, 0, -0.39234, 0
590, 0.545, 1.04, 0.66, 0, -0.39234, 0
590, 0.69, 1.04, 0.72, 0, -0.39234, 0
590, 0.835, 1.04, 0.78, 0, -0.39234, 0
592, 0.4, 1.04, 1.08, 0, 0.39234, 0
592, 0.545, 1.04, 1.02, 0, 0.39234, 0
592, 0.69, 1.04, 0.96, 0, 0.39234, 0
592, 0.835, 1.04, 0.9, 0, 0.39234, 0
594, -0.415, 0.995, 0.3, 0.0197988, -0.369216, -0.00369722
594, 0.05, 1.01, 0.48, 0.0197988, -0.369216, -0.00369722
594, 0.515, 1.025, 0.66, 0.0197988, -0.369216, -0.00369722
595, 0.515, 1.025, 0.72, 0.0145078, -0.25248, -0.00184129
596, -0.415, 0.995, 0.66, 0.00803443, -0.128289, -0.000516075
598, -0.415, 0.995, 1.02, 0.00803443, 0.128289, 0.000516075
598, 0.515, 1.025, 0.9, 0.00803443, 0.128289, 0.000516075
600, -0.235, 0.995, 0.3, 0.0230189, -0.418052, -0.00488308
600, 0.17, 1.01, 0.48, 0.0230189, -0.418052, -0.00488308
600, 0.575, 1.025, 0.66, 0.0230189, -0.418052, -0.00488308
601, -0.235, 0.995, 0.48, 0.0167885, -0.287945, -0.00243399
601, 0.575, 1.025, 0.72, 0.0167885, -0.287945, -0.00243399
602, 0.575, 1.025, 0.78, 0.00924784, -0.147026, -0.000681071
603, -0.64, 0.98, 0.84, 0.0370201, -0, 0
603, -0.235, 0.995, 0.84, 0.0370201, -0, 0
604, 0.575, 1.025, 0.9, 0.00924784, 0.147026, 0.000681071
605, 0.575, 1.025, 0.96, 0.0167885, 0.287945, 0.00243399
606, 0.29, 1.01, 0.48, 0.0275212, -0.480624, -0.00674439
606, 0.635, 1.025, 0.66, 0.0275212, -0.480624, -0.00674439
607, -0.4, 0.98, 0.36, 0.0199449, -0.334564, -0.003368
607, -0.055, 0.995, 0.48, 0.0199449, -0.334564, -0.003368
607, 0.635, 1.025, 0.72, 0.0199449, -0.334564, -0.003368
608, -0.4, 0.98, 0.6, 0.0108985, -0.172107, -0.000940185
608, 0.635, 1.025, 0.78, 0.0108985, -0.172107, -0.000940185
609, -0.055, 0.995, 0.84, 0.0434509, -0, 0
610, -0.4, 0.98, 1.08, 0.0108985, 0.172107, 0.000940185
610, -0.055, 0.995, 1.02, 0.0108985, 0.172107, 0.000940185
610, 0.29, 1.01, 0.96, 0.0108985, 0.172107, 0.000940185
610, 0.635, 1.025, 0.9, 0.0108985, 0.172107, 0.000940185
611, 0.29, 1.01, 1.08, 0.0199449, 0.334564, 0.003368
611, 0.635, 1.025, 0.96, 0.0199449, 0.334564, 0.003368
612, 0.125, 0.995, 0.3, 0.0342538, -0.562888, -0.00990428
612, 0.41, 1.01, 0.48, 0.0342538, -0.562888, -0.00990428
612, 0.695, 1.025, 0.66, 0.0342538, -0.562888, -0.00990428
613, 0.125, 0.995, 0.48, 0.0246137, -0.39823, -0.00496701
613, 0.41, 1.01, 0.6, 0.0246137, -0.39823, -0.00496701
613, 0.695, 1.025, 0.72, 0.0246137, -0.39823, -0.00496701
614, -0.16, 0.98, 0.6, 0.0132792, -0.20735, -0.00138169
614, 0.695, 1.025, 0.78, 0.0132792, -0.20735, -0.00138169
615, -0.16, 0.98, 0.84, 0.0525831, -0, 0
615, 0.695, 1.025, 0.84, 0.0525831, -0, 0
616, 0.41, 1.01, 0.96, 0.0132792, 0.20735, 0.00138169
616, 0.695, 1.025, 0.9, 0.0132792, 0.20735, 0.00138169
617, 0.125, 0.995, 1.2, 0.0246137, 0.39823, 0.00496701
617, 0.41, 1.01, 1.08, 0.0246137, 0.39823, 0.00496701
617, 0.695, 1.025, 0.96, 0.0246137, 0.39823, 0.00496701
618, 0.08, 0.98, 0.12, 0.0453384, -0.673986, -0.015887
618, 0.305, 0.995, 0.3, 0.0453384, -0.673986, -0.015887
618, 0.53, 1.01, 0.48, 0.0453384, -0.673986, -0.015887
618, 0.755, 1.025, 0.66, 0.0453384, -0.673986, -0.015887
619, 0.305, 0.995, 0.48, 0.0322456, -0.489411, -0.00805271
619, 0.53, 1.01, 0.6, 0.0322456, -0.489411, -0.00805271
619, 0.755, 1.025, 0.72, 0.0322456, -0.489411, -0.00805271
620, 0.53, 1.01, 0.72, 0.0170256, -0.260312, -0.00222864
620, 0.755, 1.025, 0.78, 0.0170256, -0.260312, -0.00222864
621, 0.755, 1.025, 0.84, 0.0665682, -0, 0
622, 0.755, 1.025, 0.9, 0.0170256, 0.260312, 0.00222864
623, 0.08, 0.98, 1.32, 0.0322456, 0.489411, 0.00805271
623, 0.305, 0.995, 1.2, 0.0322456, 0.489411, 0.00805271
623, 0.53, 1.01, 1.08, 0.0322456, 0.489411, 0.00805271
623, 0.755, 1.025, 0.96, 0.0322456, 0.489411, 0.00805271
624, 0.485, 0.995, 0.3, 0.0664117, -0.827365, -0.0291645
624, 0.65, 1.01, 0.48, 0.0664117, -0.827365, -0.0291645
624, 0.815, 1.025, 0.66, 0.0664117, -0.827365, -0.0291645
625, 0.32, 0.98, 0.36, 0.0469271, -0.627628, -0.0152321
625, 0.485, 0.995, 0.48, 0.0469271, -0.627628, -0.0152321
625, 0.65, 1.01, 0.6, 0.0469271, -0.627628, -0.0152321
625, 0.815, 1.025, 0.72, 0.0469271, -0.627628, -0.0152321
626, 0.32, 0.98, 0.6, 0.0238382, -0.348081, -0.0041914
626, 0.485, 0.995, 0.66, 0.0238382, -0.348081, -0.0041914
626, 0.65, 1.01, 0.72, 0.0238382, -0.348081, -0.0041914
626, 0.815, 1.025, 0.78, 0.0238382, -0.348081, -0.0041914
627, 0.815, 1.025, 0.84, 0.0906599, -0, 0
628, 0.485, 0.995, 1.02, 0.0238382, 0.348081, 0.0041914
628, 0.65, 1.01, 0.96, 0.0238382, 0.348081, 0.0041914
628, 0.815, 1.025, 0.9, 0.0238382, 0.348081, 0.0041914
629, 0.485, 0.995, 1.2, 0.0469271, 0.627628, 0.0152321
629, 0.65, 1.01, 1.08, 0.0469271, 0.627628, 0.0152321
630, 0.665, 0.995, 0.3, 0.116744, -1.03926, -0.0668365
630, 0.77, 1.01, 0.48, 0.116744, -1.03926, -0.0668365
630, 0.875, 1.025, 0.66, 0.116744, -1.03926, -0.0668365
631, 0.56, 0.98, 0.36, 0.0848183, -0.848877, -0.0383483
631, 0.665, 0.995, 0.48, 0.0848183, -0.848877, -0.0383483
631, 0.77, 1.01, 0.6, 0.0848183, -0.848877, -0.0383483
631, 0.875, 1.025, 0.72, 0.0848183, -0.848877, -0.0383483
632, 0.56, 0.98, 0.6, 0.040344, -0.516916, -0.0106671
632, 0.665, 0.995, 0.66, 0.040344, -0.516916, -0.0106671
632, 0.77, 1.01, 0.72, 0.040344, -0.516916, -0.0106671
632, 0.875, 1.025, 0.78, 0.040344, -0.516916, -0.0106671
633, 0.77, 1.01, 0.84, 0.141897, -0, 0
633, 0.875, 1.025, 0.84, 0.141897, -0, 0
634, 0.56, 0.98, 1.08, 0.040344, 0.516916, 0.0106671
634, 0.665, 0.995, 1.02, 0.040344, 0.516916, 0.0106671
634, 0.77, 1.01, 0.96, 0.040344, 0.516916, 0.0106671
636, 0.8, 0.98, 0.12, 0.305948, -1.31411, -0.236754
636, 0.845, 0.995, 0.3, 0.305948, -1.31411, -0.236754
636, 0.89, 1.01, 0.48, 0.305948, -1.31411, -0.236754
637, 0.8, 0.98, 0.36, 0.26349, -1.19855, -0.18054
637, 0.845, 0.995, 0.48, 0.26349, -1.19855, -0.18054
637, 0.89, 1.01, 0.6, 0.26349, -1.19855, -0.18054
638, 0.8, 0.98, 0.6, 0.129587, -0.914667, -0.0638415
638, 0.845, 0.995, 0.66, 0.129587, -0.914667, -0.0638415
638, 0.89, 1.01, 0.72, 0.129587, -0.914667, -0.0638415
639, 0.8, 0.98, 0.84, 0.321751, -0, 0
639, 0.845, 0.995, 0.84, 0.321751, -0, 0
639, 0.89, 1.01, 0.84, 0.321751, -0, 0
648, 0.69, 0.08, 0.84, 1.29255, -0.767222, -0.591081
648, 0.835, 0.56, 1.2, 1.29255, -0.767222, -0.591081
649, 0.69, 0.08, 0.96, 1.28556, -0.709226, -0.540972
649, 0.835, 0.56, 1.26, 1.28556, -0.709226, -0.540972
650, 0.545, -0.4, 0.84, 1.27733, -0.636536, -0.479818
650, 0.69, 0.08, 1.08, 1.27733, -0.636536, -0.479818
650, 0.835, 0.56, 1.32, 1.27733, -0.636536, -0.479818
651, 0.545, -0.4, 1.02, 1.26995, -0.539014, -0.401542
651, 0.69, 0.08, 1.2, 1.26995, -0.539014, -0.401542
653, 0.69, 0.08, 1.44, 1.2726, -0.21885, -0.161983
654, 0.69, 0.2, 0.84, 1.25, -0.794685, -0.588011
654, 0.835, 0.62, 1.2, 1.25, -0.794685, -0.588011
655, 0.545, -0.22, 0.66, 1.24315, -0.731261, -0.535293
655, 0.69, 0.2, 0.96, 1.24315, -0.731261, -0.535293
655, 0.835, 0.62, 1.26, 1.24315, -0.731261, -0.535293
656, 0.545, -0.22, 0.84, 1.23502, -0.652218, -0.471398
656, 0.69, 0.2, 1.08, 1.23502, -0.652218, -0.471398
656, 0.835, 0.62, 1.32, 1.23502, -0.652218, -0.471398
657, 0.545, -0.22, 1.02, 1.22809, -0.547621, -0.390938
657, 0.69, 0.2, 1.2, 1.22809, -0.547621, -0.390938
659, 0.4, -0.64, 1.32, 1.23314, -0.217745, -0.154629
659, 0.545, -0.22, 1.38, 1.23314, -0.217745, -0.154629
659, 0.69, 0.2, 1.44, 1.23314, -0.217745, -0.154629
660, 0.69, 0.32, 0.84, 1.19552, -0.830912, -0.583548
660, 0.835, 0.68, 1.2, 1.19552, -0.830912, -0.583548
661, 0.545, -0.04, 0.66, 1.18887, -0.761523, -0.528541
661, 0.69, 0.32, 0.96, 1.18887, -0.761523, -0.528541
661, 0.835, 0.68, 1.26, 1.18887, -0.761523, -0.528541
662, 0.545, -0.04, 0.84, 1.18084, -0.674959, -0.461935
662, 0.69, 0.32, 1.08, 1.18084, -0.674959, -0.461935
662, 0.835, 0.68, 1.32, 1.18084, -0.674959, -0.461935
663, 0.545, -0.04, 1.02, 1.17435, -0.561325, -0.37907
663, 0.69, 0.32, 1.2, 1.17435, -0.561325, -0.37907
664, 0.69, 0.32, 1.32, 1.17432, -0.409551, -0.274671
665, 0.545, -0.04, 1.38, 1.18219, -0.217327, -0.146174
665, 0.69, 0.32, 1.44, 1.18219, -0.217327, -0.146174
666, 0.545, 0.14, 0.48, 1.12342, -0.878604, -0.575092
666, 0.69, 0.44, 0.84, 1.12342, -0.878604, -0.575092
666, 0.835, 0.74, 1.2, 1.12342, -0.878604, -0.575092
667, 0.545, 0.14, 0.66, 1.11693, -0.803431, -0.518897
667, 0.69, 0.44, 0.96, 1.11693, -0.803431, -0.518897
667, 0.835, 0.74, 1.26, 1.11693, -0.803431, -0.518897
668, 0.545, 0.14, 0.84, 1.10883, -0.708722, -0.450407
668, 0.69, 0.44, 1.08, 1.10883, -0.708722, -0.450407
669, 0.4, -0.16, 0.84, 1.10258, -0.584121, -0.365611
669, 0.545, 0.14, 1.02, 1.10258, -0.584121, -0.365611
669, 0.69, 0.44, 1.2, 1.10258, -0.584121, -0.365611
670, 0.69, 0.44, 1.32, 1.10405, -0.419958, -0.261027
671, 0.545, 0.14, 1.38, 1.11403, -0.219194, -0.13685
671, 0.69, 0.44, 1.44, 1.11403, -0.219194, -0.13685
672, 0.545, 0.32, 0.48, 1.02447, -0.940021, -0.556455
672, 0.69, 0.56, 0.84, 1.02447, -0.940021, -0.556455
672, 0.835, 0.8, 1.2, 1.02447, -0.940021, -0.556455
673, 0.545, 0.32, 0.66, 1.01766, -0.860773, -0.501404
673, 0.69, 0.56, 0.96, 1.01766, -0.860773, -0.501404
674, 0.545, 0.32, 0.84, 1.00858, -0.759068, -0.433351
674, 0.69, 0.56, 1.08, 1.00858, -0.759068, -0.433351
675, 0.4, 0.08, 0.84, 1.00124, -0.623125, -0.348814
675, 0.545, 0.32, 1.02, 1.00124, -0.623125, -0.348814
675, 0.69, 0.56, 1.2, 1.00124, -0.623125, -0.348814
676, 0.545, 0.32, 1.2, 1.00384, -0.443125, -0.245997
676, 0.69, 0.56, 1.32, 1.00384, -0.443125, -0.245997
677, 0.4, 0.08, 1.32, 1.01808, -0.227623, -0.127415
677, 0.545, 0.32, 1.38, 1.01808, -0.227623, -0.127415
677, 0.69, 0.56, 1.44, 1.01808, -0.227623, -0.127415
678, 0.545, 0.5, 0.48, 0.883708, -1.01459, -0.514211
678, 0.69, 0.68, 0.84, 0.883708, -1.01459, -0.514211
678, 0.835, 0.86, 1.2, 0.883708, -1.01459, -0.514211
679, 0.545, 0.5, 0.66, 0.875401, -0.935061, -0.464017
679, 0.69, 0.68, 0.96, 0.875401, -0.935061, -0.464017
680, 0.4, 0.32, 0.6, 0.862705, -0.830826, -0.40058
680, 0.545, 0.5, 0.84, 0.862705, -0.830826, -0.40058
680, 0.69, 0.68, 1.08, 0.862705, -0.830826, -0.40058
681, 0.4, 0.32, 0.84, 0.848778, -0.688125, -0.321021
681, 0.545, 0.5, 1.02, 0.848778, -0.688125, -0.321021
681, 0.69, 0.68, 1.2, 0.848778, -0.688125, -0.321021
682, 0.4, 0.32, 1.08, 0.846478, -0.492952, -0.225702
682, 0.545, 0.5, 1.2, 0.846478, -0.492952, -0.225702
682, 0.69, 0.68, 1.32, 0.846478, -0.492952, -0.225702
683, 0.4, 0.32, 1.32, 0.870133, -0.253012, -0.118086
683, 0.545, 0.5, 1.38, 0.870133, -0.253012, -0.118086
683, 0.69, 0.68, 1.44, 0.870133, -0.253012, -0.118086
684, 0.545, 0.68, 0.48, 0.678124, -1.09455, -0.423383
684, 0.69, 0.8, 0.84, 0.678124, -1.09455, -0.423383
685, 0.545, 0.68, 0.66, 0.667608, -1.01923, -0.382855
685, 0.69, 0.8, 0.96, 0.667608, -1.01923, -0.382855
686, 0.4, 0.56, 0.6, 0.648399, -0.918853, -0.329504
686, 0.545, 0.68, 0.84, 0.648399, -0.918853, -0.329504
686, 0.69, 0.8, 1.08, 0.648399, -0.918853, -0.329504
687, 0.4, 0.56, 0.84, 0.617241, -0.779362, -0.260376
687, 0.545, 0.68, 1.02, 0.617241, -0.779362, -0.260376
687, 0.69, 0.8, 1.2, 0.617241, -0.779362, -0.260376
688, 0.4, 0.56, 1.08, 0.583709, -0.580613, -0.179028
688, 0.545, 0.68, 1.2, 0.583709, -0.580613, -0.179028
688, 0.69, 0.8, 1.32, 0.583709, -0.580613, -0.179028
689, 0.4, 0.56, 1.32, 0.601174, -0.310607, -0.0969873
689, 0.545, 0.68, 1.38, 0.601174, -0.310607, -0.0969873
690, 0.545, 0.86, 0.48, 0.381364, -1.16106, -0.251882
690, 0.69, 0.92, 0.84, 0.381364, -1.16106, -0.251882
691, 0.4, 0.8, 0.36, 0.372169, -1.09132, -0.227619
691, 0.545, 0.86, 0.66, 0.372169, -1.09132, -0.227619
691, 0.69, 0.92, 0.96, 0.372169, -1.09132, -0.227619
692, 0.4, 0.8, 0.6, 0.35318, -0.996359, -0.193525
692, 0.545, 0.86, 0.84, 0.35318, -0.996359, -0.193525
692, 0.69, 0.92, 1.08, 0.35318, -0.996359, -0.193525
693, 0.4, 0.8, 0.84, 0.314934, -0.861978, -0.145763
693, 0.545, 0.86, 1.02, 0.314934, -0.861978, -0.145763
693, 0.69, 0.92, 1.2, 0.314934, -0.861978, -0.145763
694, 0.545, 0.86, 1.2, 0.251149, -0.664377, -0.0870426
695, 0.4, 0.8, 1.32, 0.193202, -0.374476, -0.0367136
695, 0.545, 0.86, 1.38, 0.193202, -0.374476, -0.0367136
696, 0.545, 1.04, 0.48, 0, -1.1879, 0
696, 0.69, 1.04, 0.84, 0, -1.1879, 0
697, 0.545, 1.04, 0.66, 0, -1.12057, 0
697, 0.69, 1.04, 0.96, 0, -1.12057, 0
698, 0.4, 1.04, 0.6, 0, -1.02732, 0
698, 0.545, 1.04, 0.84, 0, -1.02732, 0
699, 0.4, 1.04, 0.84, 0, -0.892677, 0
699, 0.545, 1.04, 1.02, 0, -0.892677, 0
704, -0.415, 0.995, 0.84, 0.0237129, -0.476308, -0.00575681
705, 0.05, 1.01, 1.2, 0.0197988, -0.369216, -0.00369722
706, -0.415, 0.995, 1.2, 0.0145078, -0.25248, -0.00184129
706, 0.05, 1.01, 1.32, 0.0145078, -0.25248, -0.00184129
708, -0.235, 0.995, 0.48, 0.0328737, -0.726344, -0.0124939
709, -0.235, 0.995, 0.66, 0.0307898, -0.637278, -0.0101576
710, -0.235, 0.995, 0.84, 0.0276254, -0.534727, -0.00756765
711, -0.64, 0.98, 0.84, 0.0230189, -0.418052, -0.00488308
711, -0.235, 0.995, 1.02, 0.0230189, -0.418052, -0.00488308
711, 0.17, 1.01, 1.2, 0.0230189, -0.418052, -0.00488308
714, 0.29, 1.01, 0.84, 0.0391823, -0.806252, -0.0167123
716, -0.055, 0.995, 0.84, 0.0330895, -0.607462, -0.0103721
717, -0.4, 0.98, 0.84, 0.0275212, -0.480624, -0.00674439
717, 0.29, 1.01, 1.2, 0.0275212, -0.480624, -0.00674439
718, -0.4, 0.98, 1.08, 0.0199449, -0.334564, -0.003368
720, 0.125, 0.995, 0.48, 0.0483082, -0.90055, -0.0233554
720, 0.41, 1.01, 0.84, 0.0483082, -0.90055, -0.0233554
721, 0.125, 0.995, 0.66, 0.0456447, -0.810444, -0.0195826
721, 0.41, 1.01, 0.96, 0.0456447, -0.810444, -0.0195826
722, -0.16, 0.98, 0.6, 0.0412051, -0.699361, -0.015028
723, -0.16, 0.98, 0.84, 0.0342538, -0.562888, -0.00990428
723, 0.41, 1.01, 1.2, 0.0342538, -0.562888, -0.00990428
724, 0.125, 0.995, 1.2, 0.0246137, -0.39823, -0.00496701
726, 0.305, 0.995, 0.48, 0.062494, -1.01128, -0.0346074
726, 0.53, 1.01, 0.84, 0.062494, -1.01128, -0.0346074
727, 0.305, 0.995, 0.66, 0.0595872, -0.926364, -0.0297655
727, 0.53, 1.01, 0.96, 0.0595872, -0.926364, -0.0297655
728, 0.08, 0.98, 0.6, 0.0543164, -0.816759, -0.0235077
728, 0.305, 0.995, 0.84, 0.0543164, -0.816759, -0.0235077
728, 0.53, 1.01, 1.08, 0.0543164, -0.816759, -0.0235077
729, 0.53, 1.01, 1.2, 0.0453384, -0.673986, -0.015887
730, 0.305, 0.995, 1.2, 0.0322456, -0.489411, -0.00805271
731, 0.08, 0.98, 1.32, 0.0170256, -0.260312, -0.00222864
732, 0.485, 0.995, 0.48, 0.0871144, -1.13956, -0.0558313
732, 0.65, 1.01, 0.84, 0.0871144, -1.13956, -0.0558313
733, 0.32, 0.98, 0.36, 0.0841857, -1.06638, -0.0497061
733, 0.485, 0.995, 0.66, 0.0841857, -1.06638, -0.0497061
733, 0.65, 1.01, 0.96, 0.0841857, -1.06638, -0.0497061
734, 0.32, 0.98, 0.6, 0.078208, -0.966901, -0.0410747
734, 0.485, 0.995, 0.84, 0.078208, -0.966901, -0.0410747
734, 0.65, 1.01, 1.08, 0.078208, -0.966901, -0.0410747
735, 0.32, 0.98, 0.84, 0.0664117, -0.827365, -0.0291645
735, 0.485, 0.995, 1.02, 0.0664117, -0.827365, -0.0291645
736, 0.485, 0.995, 1.2, 0.0469271, -0.627628, -0.0152321
738, 0.665, 0.995, 0.48, 0.139324, -1.28435, -0.104279
738, 0.77, 1.01, 0.84, 0.139324, -1.28435, -0.104279
739, 0.56, 0.98, 0.36, 0.136883, -1.23113, -0.0968833
739, 0.665, 0.995, 0.66, 0.136883, -1.23113, -0.0968833
739, 0.77, 1.01, 0.96, 0.136883, -1.23113, -0.0968833
740, 0.56, 0.98, 0.6, 0.131123, -1.15505, -0.0855152
740, 0.665, 0.995, 0.84, 0.131123, -1.15505, -0.0855152
740, 0.77, 1.01, 1.08, 0.131123, -1.15505, -0.0855152
741, 0.56, 0.98, 0.84, 0.116744, -1.03926, -0.0668365
741, 0.665, 0.995, 1.02, 0.116744, -1.03926, -0.0668365
742, 0.56, 0.98, 1.08, 0.0848183, -0.848877, -0.0383483
744, 0.8, 0.98, 0.12, 0.320637, -1.43983, -0.281729
744, 0.845, 0.995, 0.48, 0.320637, -1.43983, -0.281729
745, 0.8, 0.98, 0.36, 0.319469, -1.41408, -0.273579
745, 0.845, 0.995, 0.66, 0.319469, -1.41408, -0.273579
746, 0.8, 0.98, 0.6, 0.316332, -1.37595, -0.260709
746, 0.845, 0.995, 0.84, 0.316332, -1.37595, -0.260709
747, 0.8, 0.98, 0.84, 0.305948, -1.31411, -0.236754
748, 0.8, 0.98, 1.08, 0.26349, -1.19855, -0.18054
756, -0.415, -0.4, 1.4025, 0.79414, -0.134704, -0.0565577
756, 0.05, 0.08, 1.455, 0.79414, -0.134704, -0.0565577
756, 0.515, 0.56, 1.5075, 0.79414, -0.134704, -0.0565577
757, 0.05, 0.2, 1.455, 0.727281, -0.128618, -0.0490052
757, 0.515, 0.62, 1.5075, 0.727281, -0.128618, -0.0490052
758, -0.415, -0.04, 1.4025, 0.651002, -0.122665, -0.0414462
758, 0.05, 0.32, 1.455, 0.651002, -0.122665, -0.0414462
758, 0.515, 0.68, 1.5075, 0.651002, -0.122665, -0.0414462
759, -0.415, 0.14, 1.4025, 0.563832, -0.117315, -0.0340135
759, 0.05, 0.44, 1.455, 0.563832, -0.117315, -0.0340135
760, -0.88, 0.08, 1.35, 0.463684, -0.113203, -0.0267527
760, -0.415, 0.32, 1.4025, 0.463684, -0.113203, -0.0267527
760, 0.05, 0.56, 1.455, 0.463684, -0.113203, -0.0267527
761, -0.415, 0.5, 1.4025, 0.346229, -0.111014, -0.0194318
761, 0.05, 0.68, 1.455, 0.346229, -0.111014, -0.0194318
762, 0.17, 0.08, 1.455, 0.862829, -0.144937, -0.0668118
762, 0.575, 0.56, 1.5075, 0.862829, -0.144937, -0.0668118
763, -0.64, -0.64, 1.35, 0.796217, -0.13925, -0.0586416
763, 0.17, 0.2, 1.455, 0.796217, -0.13925, -0.0586416
763, 0.575, 0.62, 1.5075, 0.796217, -0.13925, -0.0586416
764, -0.64, -0.4, 1.35, 0.718725, -0.133715, -0.0502977
764, -0.235, -0.04, 1.4025, 0.718725, -0.133715, -0.0502977
764, 0.17, 0.32, 1.455, 0.718725, -0.133715, -0.0502977
765, -0.235, 0.14, 1.4025, 0.628193, -0.128902, -0.0419258
765, 0.17, 0.44, 1.455, 0.628193, -0.128902, -0.0419258
766, -0.235, 0.32, 1.4025, 0.521622, -0.125601, -0.0335628
766, 0.17, 0.56, 1.455, 0.521622, -0.125601, -0.0335628
767, -0.64, 0.32, 1.35, 0.393349, -0.124629, -0.0248633
767, -0.235, 0.5, 1.4025, 0.393349, -0.124629, -0.0248633
767, 0.17, 0.68, 1.455, 0.393349, -0.124629, -0.0248633
768, -0.055, -0.4, 1.4025, 0.940685, -0.155955, -0.0794065
768, 0.29, 0.08, 1.455, 0.940685, -0.155955, -0.0794065
768, 0.635, 0.56, 1.5075, 0.940685, -0.155955, -0.0794065
769, -0.4, -0.64, 1.35, 0.875901, -0.150907, -0.0707714
769, -0.055, -0.22, 1.4025, 0.875901, -0.150907, -0.0707714
769, 0.29, 0.2, 1.455, 0.875901, -0.150907, -0.0707714
769, 0.635, 0.62, 1.5075, 0.875901, -0.150907, -0.0707714
770, -0.055, -0.04, 1.4025, 0.798839, -0.146065, -0.0617458
770, 0.29, 0.32, 1.455, 0.798839, -0.146065, -0.0617458
771, -0.055, 0.14, 1.4025, 0.706403, -0.142155, -0.0524833
771, 0.29, 0.44, 1.455, 0.706403, -0.142155, -0.0524833
772, -0.4, 0.08, 1.35, 0.594207, -0.14024, -0.0430007
772, -0.055, 0.32, 1.4025, 0.594207, -0.14024, -0.0430007
772, 0.29, 0.56, 1.455, 0.594207, -0.14024, -0.0430007
773, -0.4, 0.32, 1.35, 0.454389, -0.141426, -0.0327473
773, -0.055, 0.5, 1.4025, 0.454389, -0.141426, -0.0327473
773, 0.29, 0.68, 1.455, 0.454389, -0.141426, -0.0327473
774, -0.16, -0.88, 1.35, 1.02854, -0.167488, -0.0947778
774, 0.125, -0.4, 1.4025, 1.02854, -0.167488, -0.0947778
774, 0.41, 0.08, 1.455, 1.02854, -0.167488, -0.0947778
775, 0.125, -0.22, 1.4025, 0.967789, -0.163358, -0.0859944
775, 0.41, 0.2, 1.455, 0.967789, -0.163358, -0.0859944
776, 0.125, -0.04, 1.4025, 0.893727, -0.159532, -0.0765716
776, 0.41, 0.32, 1.455, 0.893727, -0.159532, -0.0765716
777, -0.16, -0.16, 1.35, 0.802122, -0.156963, -0.0666715
777, 0.125, 0.14, 1.4025, 0.802122, -0.156963, -0.0666715
777, 0.41, 0.44, 1.455, 0.802122, -0.156963, -0.0666715
778, -0.16, 0.08, 1.35, 0.68664, -0.15723, -0.0563074
778, 0.125, 0.32, 1.4025, 0.68664, -0.15723, -0.0563074
778, 0.41, 0.56, 1.455, 0.68664, -0.15723, -0.0563074
779, -0.16, 0.32, 1.35, 0.535867, -0.162154, -0.0446073
779, 0.125, 0.5, 1.4025, 0.535867, -0.162154, -0.0446073
779, 0.41, 0.68, 1.455, 0.535867, -0.162154, -0.0446073
780, 0.305, -0.4, 1.4025, 1.12683, -0.17901, -0.113265
780, 0.53, 0.08, 1.455, 1.12683, -0.17901, -0.113265
781, 0.08, -0.64, 1.35, 1.07298, -0.176064, -0.104875
781, 0.305, -0.22, 1.4025, 1.07298, -0.176064, -0.104875
781, 0.53, 0.2, 1.455, 1.07298, -0.176064, -0.104875
782, 0.08, -0.4, 1.35, 1.00562, -0.17355, -0.095613
782, 0.305, -0.04, 1.4025, 1.00562, -0.17355, -0.095613
782, 0.53, 0.32, 1.455, 1.00562, -0.17355, -0.095613
783, 0.08, -0.16, 1.35, 0.91945, -0.172702, -0.0856665
783, 0.305, 0.14, 1.4025, 0.91945, -0.172702, -0.0856665
783, 0.53, 0.44, 1.455, 0.91945, -0.172702, -0.0856665
784, 0.08, 0.08, 1.35, 0.805838, -0.175982, -0.0751689
784, 0.305, 0.32, 1.4025, 0.805838, -0.175982, -0.0751689
784, 0.53, 0.56, 1.455, 0.805838, -0.175982, -0.0751689
785, 0.08, 0.32, 1.35, 0.648213, -0.187041, -0.063
785, 0.305, 0.5, 1.4025, 0.648213, -0.187041, -0.063
785, 0.53, 0.68, 1.455, 0.648213, -0.187041, -0.063
786, 0.485, -0.4, 1.4025, 1.2353, -0.189665, -0.134932
786, 0.65, 0.08, 1.455, 1.2353, -0.189665, -0.134932
787, 0.485, -0.22, 1.4025, 1.19173, -0.18806, -0.127724
787, 0.65, 0.2, 1.455, 1.19173, -0.18806, -0.127724
788, 0.32, -0.4, 1.35, 1.13588, -0.186988, -0.119517
788, 0.485, -0.04, 1.4025, 1.13588, -0.186988, -0.119517
788, 0.65, 0.32, 1.455, 1.13588, -0.186988, -0.119517
789, 0.32, -0.16, 1.35, 1.06197, -0.187856, -0.11053
789, 0.485, 0.14, 1.4025, 1.06197, -0.187856, -0.11053
789, 0.65, 0.44, 1.455, 1.06197, -0.187856, -0.11053
790, 0.32, 0.08, 1.35, 0.959783, -0.194215, -0.101316
790, 0.485, 0.32, 1.4025, 0.959783, -0.194215, -0.101316
790, 0.65, 0.56, 1.455, 0.959783, -0.194215, -0.101316
791, 0.32, 0.32, 1.35, 0.807412, -0.213669, -0.0915575
791, 0.485, 0.5, 1.4025, 0.807412, -0.213669, -0.0915575
791, 0.65, 0.68, 1.455, 0.807412, -0.213669, -0.0915575
792, 0.665, -0.4, 1.4025, 1.35267, -0.19829, -0.159336
792, 0.77, 0.08, 1.455, 1.35267, -0.19829, -0.159336
793, 0.56, -0.64, 1.35, 1.32282, -0.197944, -0.154271
793, 0.665, -0.22, 1.4025, 1.32282, -0.197944, -0.154271
793, 0.77, 0.2, 1.455, 1.32282, -0.197944, -0.154271
794, 0.665, -0.04, 1.4025, 1.28378, -0.198124, -0.148308
794, 0.77, 0.32, 1.455, 1.28378, -0.198124, -0.148308
795, 0.56, -0.16, 1.35, 1.23064, -0.20001, -0.141617
795, 0.665, 0.14, 1.4025, 1.23064, -0.20001, -0.141617
795, 0.77, 0.44, 1.455, 1.23064, -0.20001, -0.141617
796, 0.56, 0.08, 1.35, 1.15409, -0.207275, -0.135205
796, 0.665, 0.32, 1.4025, 1.15409, -0.207275, -0.135205
796, 0.77, 0.56, 1.455, 1.15409, -0.207275, -0.135205
797, 0.56, 0.32, 1.35, 1.03244, -0.231682, -0.131892
797, 0.665, 0.5, 1.4025, 1.03244, -0.231682, -0.131892
798, 0.845, -0.4, 1.4025, 1.47646, -0.203625, -0.185378
798, 0.89, 0.08, 1.455, 1.47646, -0.203625, -0.185378
799, 0.845, -0.22, 1.4025, 1.46309, -0.204134, -0.183374
799, 0.89, 0.2, 1.455, 1.46309, -0.204134, -0.183374
800, 0.8, -0.4, 1.35, 1.44538, -0.20507, -0.18098
800, 0.845, -0.04, 1.4025, 1.44538, -0.20507, -0.18098
801, 0.8, -0.16, 1.35, 1.42087, -0.207009, -0.178253
801, 0.845, 0.14, 1.4025, 1.42087, -0.207009, -0.178253
802, 0.8, 0.08, 1.35, 1.38471, -0.211734, -0.175797
802, 0.845, 0.32, 1.4025, 1.38471, -0.211734, -0.175797
803, 0.8, 0.32, 1.35, 1.3258, -0.226214, -0.176914
803, 0.845, 0.5, 1.4025, 1.3258, -0.226214, -0.176914
