-1.06684 1.03874 -0.303452 -1.55214 -0.942723 0.931967 
-0.848797 1.65476 -1.23999 -1.71955 -0.776985 1.36828 
-1.05847 0.794244 -0.274587 1.0719 0.870541 4.56634 
-0.84244 1.52124 -1.13039 -2.17177 -0.771214 1.71318 
-1.05048 0.64311 -0.380102 0.681623 1.043 -1.32438 
-1.04437 0.599564 -0.627875 0.477961 1.33303 -1.0957 
-1.03986 0.743096 -1.1585 0.390034 1.73327 -0.92654 
-0.82882 1.30651 -1.0846 0.375589 1.06441 -0.965371 
-0.826355 1.26606 -1.11764 0.302675 1.17284 -0.909248 
-0.824465 1.24252 -1.17876 0.252106 1.28543 -0.868462 
-0.94792 1.17699 -0.0224514 -0.596334 -1.22012 0.229079 
-0.798265 1.59989 -0.971599 -0.631261 -0.732769 0.497722 
-0.95636 0.812932 0.140359 -1.08874 -0.812577 0.547139 
-0.806066 1.46133 -0.869769 -1.34849 -0.58088 1.01828 
-0.799138 1.34829 -0.802995 -1.98197 -0.463803 1.57734 
-0.937056 0.316144 0.0747625 0.648737 0.678801 -1.17742 
-0.792968 1.26242 -0.774431 -2.49922 -0.522719 2.04593 
-0.931019 0.233184 -0.142948 0.357486 1.01319 -0.889659 
-0.927081 0.269514 -0.493552 0.249952 1.38449 -0.777821 
-0.786654 1.13473 -0.77812 0.26521 0.78778 -0.789093 
-0.924431 0.512245 -1.15206 0.21534 1.84839 -0.698453 
-0.785026 1.08674 -0.803071 0.198436 0.91669 -0.74699 
-0.783852 1.04951 -0.8445 0.157553 1.04023 -0.725146 
-0.768523 1.08362 0.288392 -0.0786531 -1.37262 0.0156654 
-0.741284 1.48442 -0.73791 -0.0733476 -0.747844 0.0537497 
-0.776238 0.653352 0.481197 -0.226187 -0.83229 0.00270133 
-0.746378 1.3475 -0.63591 -0.343888 -0.419653 0.17423 
-0.775696 0.275629 0.518412 -0.671585 -0.259335 0.369827 
-0.746198 1.24009 -0.585971 -1.10965 -0.151036 0.836356 
-0.771351 0.0309791 0.409067 0.313839 0.361526 -0.663865 
-0.743571 1.15364 -0.564735 0.435853 0.213933 -0.776497 
-0.767992 -0.0674101 0.18243 0.0996464 0.809798 -0.493653 
-0.741664 1.08112 -0.560904 3.28591 -0.404451 -3.67814 
-0.766053 -0.0417065 -0.149632 0.0544465 1.2132 -0.485898 
-0.740611 1.01885 -0.570288 0.0705515 0.572992 -0.504374 
-0.765377 0.113004 -0.635245 0.0400059 1.6183 -0.499071 
-0.74005 0.96575 -0.592277 0.0432975 0.722188 -0.511046 
-0.73972 0.922142 -0.627831 0.0300589 0.859379 -0.525533 
-0.520898 1.05787 0.484521 0.371723 -1.54453 -0.0105182 
-0.6854 1.4132 -0.587421 0.278643 -0.845347 -0.187578 
-0.524529 0.561319 0.70515 0.391548 -1.03354 -0.236526 
-0.68705 1.28032 -0.490098 0.338312 -0.558891 -0.3615 
-0.53003 0.0838418 0.761882 0.719715 -0.428865 -0.74497 
-0.689439 1.16883 -0.435565 0.540156 -0.271375 -0.674651 
-0.533535 -0.214993 0.643447 -0.721288 0.370963 0.569679 
-0.690407 1.07638 -0.410593 -1.33833 0.125376 1.11665 
-0.535883 -0.315114 0.398728 -0.306861 0.798122 0.0623702 
-0.690794 0.998112 -0.40395 2.69363 -0.269553 -2.98087 
-0.53788 -0.27758 0.0609175 -0.213635 1.18726 -0.107797 
-0.691187 0.930376 -0.410576 -0.260811 0.436246 -0.0778261 
-0.539722 -0.129189 -0.389763 -0.178982 1.56038 -0.217079 
-0.691472 0.870466 -0.427067 -0.181482 0.587084 -0.199189 
-0.691963 0.821689 -0.45913 -0.139479 0.727891 -0.276225 
-0.201318 1.06053 0.581268 0.827224 -1.61892 0.0522104 
-0.630072 1.35878 -0.468266 0.49488 -0.952013 -0.303358 
-0.204435 0.519429 0.82126 0.867755 -1.18927 -0.306953 
-0.631249 1.22891 -0.378112 0.606757 -0.700429 -0.52364 
-0.211914 -0.0376561 0.894068 -1.87031 0.738151 -4.15311 
-0.633626 1.11432 -0.319939 0.827462 -0.459879 -0.853673 
-0.220076 -0.376766 0.770621 2.07784 -0.712949 -2.02843 
-0.636036 1.01687 -0.290641 1.34324 -0.30228 -1.46207 
-0.227015 -0.471961 0.513345 -0.654633 0.996528 0.560909 
-0.232811 -0.420553 0.169279 -0.497061 1.30968 0.286042 
-0.639071 0.859278 -0.282146 -0.668509 0.39923 0.420654 
-0.237736 -0.265912 -0.272539 -0.431537 1.62739 0.0981608 
-0.640296 0.795421 -0.297629 -0.458748 0.523383 0.16336 
-0.641437 0.741101 -0.32581 -0.34071 0.651538 0.00447741 
0.150811 1.06042 0.580137 1.27206 -1.59137 0.0666562 
-0.574035 1.31466 -0.368354 0.643515 -1.04766 -0.358476 
0.147732 0.521079 0.820637 1.31848 -1.28786 -0.364082 
-0.575075 1.18504 -0.282121 0.763827 -0.809942 -0.591194 
-0.577246 1.06784 -0.222152 0.961222 -0.593709 -0.898893 
-0.580389 0.967023 -0.190652 1.30517 -0.445795 -1.33631 
0.122092 -0.487762 0.527437 -0.840956 1.28825 0.924759 
-0.582719 0.878251 -0.176207 1.76147 -0.398104 -1.86617 
0.114792 -0.439576 0.186138 -0.714607 1.52771 0.633612 
0.10848 -0.287564 -0.251587 -0.663757 1.78561 0.401112 
-0.586216 0.731062 -0.187962 -0.71522 0.520895 0.500487 
-0.587739 0.671904 -0.213111 -0.544256 0.624836 0.28509 
0.463541 1.05771 0.482757 1.65118 -1.5734 -0.0304254 
-0.51649 1.27781 -0.282348 0.758609 -1.13064 -0.383955 
-0.517216 1.14767 -0.199228 0.879483 -0.897988 -0.624093 
0.45443 0.0815597 0.776744 -1.2537 1.30094 -4.16012 
-0.520091 1.02932 -0.141456 1.05929 -0.6947 -0.918064 
-0.523065 0.924553 -0.106378 1.32721 -0.55719 -1.27956 
0.439135 -0.359372 0.443705 -0.894456 1.55641 1.2054 
-0.525539 0.831679 -0.0887692 -1.48381 0.497903 1.45767 
0.432738 -0.332129 0.114908 -0.826393 1.75647 0.918047 
-0.527608 0.748974 -0.0854655 1.97821 -0.505338 4.21841 
0.427194 -0.193052 -0.321576 -0.822036 1.97574 0.656545 
-0.529452 0.675857 -0.0953358 -0.905566 0.557991 0.766786 
-0.53117 0.612445 -0.118078 -0.715776 0.637526 0.530198 
0.7003 1.0837 0.293826 -1.20918 1.63987 2.96095 
-0.455417 1.24963 -0.212916 0.857681 -1.20164 -0.395214 
-0.457118 1.11593 -0.127582 0.975745 -0.971799 -0.64009 
0.693473 0.264007 0.557827 -1.04709 1.49653 -4.125 
-0.460052 0.995436 -0.0699285 1.14143 -0.777258 -0.924169 
-0.463201 0.887723 -0.0334539 1.36564 -0.648053 -1.24314 
-0.465728 0.791117 -0.0136619 1.63054 -0.586847 -1.58215 
0.677319 -0.12913 -0.048196 -0.851813 1.94875 1.1365 
-0.468001 0.705032 -0.00871102 1.88808 -0.580338 -1.90098 
-0.471714 0.560932 -0.0375123 -0.841284 0.674216 0.726372 
-0.39237 1.22554 -0.152269 0.947427 -1.26377 -0.397904 
0.867545 0.795849 0.203621 2.16842 -1.67266 -6.92012 
-0.39449 1.08937 -0.0666117 1.06222 -1.03554 -0.647163 
0.864549 0.475153 0.26291 -0.898834 1.66933 -4.12052 
-0.397405 0.96679 -0.00895306 1.21708 -0.847442 -0.924733 
-0.400703 0.856447 0.028479 1.41414 -0.725707 -1.21833 
-0.40336 0.756863 0.049619 1.6348 -0.666046 -1.514 
-0.407624 0.587171 0.0497326 2.0464 -0.67716 -2.04243 
-0.409417 0.516766 0.0302704 -0.92887 0.72538 0.882601 
-1.06728 1.31464 -0.462402 -0.942942 -1.56495 0.614495 
-0.848777 1.50131 -1.08208 -0.858898 -1.15673 0.845772 
-1.06713 0.739793 -0.268382 1.40176 0.963113 -1.88692 
-0.848797 1.26064 -0.944352 -1.81588 -0.79637 1.50465 
-1.05048 0.600946 -0.721809 0.591042 1.35322 -1.08013 
-0.836587 1.18487 -1.06008 0.57389 1.03099 -1.03271 
-0.832119 1.18611 -1.17091 0.422471 1.20129 -0.915373 
-0.828815 1.22822 -1.34896 0.331991 1.38607 -0.839215 
-0.956419 1.11786 -0.00513261 -0.699257 -1.60146 0.347519 
-0.806072 1.33917 -0.777989 -0.642793 -1.10416 0.613441 
-0.947908 0.736574 0.186193 -0.661581 -1.03232 0.379919 
-0.798329 1.19277 -0.665678 -0.707208 -0.653421 0.596187 
-0.956414 0.447928 0.176671 -1.42182 -0.708253 1.00238 
-0.806085 1.11295 -0.678263 -1.59195 -0.565074 1.30726 
-0.946214 0.269012 0.0432643 0.899015 0.699775 -1.3279 
-0.93708 0.217215 -0.215581 0.464312 1.0114 -0.904212 
-0.792984 1.00797 -0.754327 0.46977 0.72279 -0.884323 
-0.931025 0.298124 -0.627349 0.305392 1.41077 -0.744767 
-0.789077 0.984657 -0.826198 0.296355 0.903491 -0.753017 
-0.786654 0.977375 -0.919927 0.212387 1.07867 -0.701326 
-0.785044 0.988982 -1.04225 0.165997 1.24808 -0.678979 
-0.776173 0.999788 0.331217 -0.166918 -1.64509 0.13855 
-0.746353 1.21811 -0.552675 -0.165992 -0.985522 0.233912 
-0.768678 0.564077 0.513296 -0.0877823 -1.07898 0.0415628 
-0.741285 1.09571 -0.48561 -0.087015 -0.611882 0.0712814 
-0.776239 0.188612 0.526041 -0.407906 -0.431088 0.223104 
-0.746342 1.0008 -0.471494 -0.577214 -0.255395 0.420579 
-0.775696 -0.0290744 0.378903 0.598666 0.286864 -0.864612 
-0.771226 -0.089245 0.112585 0.157147 0.768193 -0.482542 
-0.743571 0.88611 -0.544115 0.207605 0.449783 -0.536861 
-0.767884 -0.0240309 -0.263545 0.0767285 1.2108 -0.451731 
-0.741665 0.853884 -0.606477 0.0906336 0.675499 -0.474564 
-0.76639 0.193685 -0.842883 0.0519599 1.67048 -0.461897 
-0.740612 0.834378 -0.683526 0.0500431 0.870179 -0.477355 
-0.740045 0.828606 -0.778937 0.0327982 1.04589 -0.49488 
-0.524542 0.952473 0.543062 0.339816 -1.75307 0.0915592 
-0.687138 1.13965 -0.407023 0.210913 -0.999968 -0.0433492 
-0.520958 0.444507 0.73825 0.39864 -1.21055 -0.147537 
-0.685386 1.02497 -0.353908 0.326122 -0.697573 -0.253599 
-0.524567 -0.0206378 0.761906 0.6521 -0.571686 -0.599115 
-0.687164 0.927363 -0.334576 0.497719 -0.377936 -0.539433 
-0.53003 -0.27856 0.605046 -0.99052 0.33397 0.892207 
-0.689458 0.850906 -0.348524 1.54021 -0.138261 -1.69084 
-0.533563 -0.333634 0.323693 -0.356178 0.755216 0.147626 
-0.690409 0.795133 -0.387596 -0.409382 0.311018 0.17179 
-0.535887 -0.25757 -0.0509106 -0.23659 1.17641 -0.0629284 
-0.690795 0.754838 -0.442308 -0.227402 0.537077 -0.0767906 
-0.537766 -0.0649108 -0.561053 -0.197888 1.58806 -0.192505 
-0.691174 0.72662 -0.509399 -0.163192 0.732594 -0.193465 
-0.691633 0.710973 -0.591831 -0.128227 0.907736 -0.271313 
-0.204439 0.94374 0.647051 0.817116 -1.81213 0.142376 
-0.631074 1.08073 -0.294098 0.431608 -1.07301 -0.180593 
-0.201318 0.381348 0.858179 0.853786 -1.34851 -0.247688 
-0.629986 0.967204 -0.246086 0.566153 -0.805726 -0.414617 
-0.204439 -0.155555 0.887738 1.19484 -0.865178 -0.917043 
-0.631229 0.867671 -0.226297 0.797215 -0.539522 -0.756525 
-0.633764 0.785836 -0.234363 1.34174 -0.341618 -1.40936 
-0.220076 -0.48138 0.43067 -0.751387 0.992837 0.647668 
-0.227039 -0.39384 0.0547072 -0.557116 1.31118 0.324437 
-0.637702 0.675078 -0.312951 -0.579034 0.502469 0.348474 
-0.232763 -0.200857 -0.437091 -0.480523 1.65201 0.104695 
-0.639071 0.640295 -0.373613 -0.398717 0.669496 0.110624 
-0.640343 0.617316 -0.447531 -0.303737 0.82897 -0.0325112 
0.147894 0.942733 0.647881 1.26726 -1.79624 0.15674 
-0.574505 1.03226 -0.19829 0.579123 -1.15701 -0.249135 
0.150816 0.382069 0.856779 1.28683 -1.47457 -0.318188 
-0.573657 0.917591 -0.153248 0.721432 -0.9063 -0.496891 
-0.575007 0.815232 -0.133451 0.948902 -0.664088 -0.839871 
-0.577771 0.729434 -0.138796 1.35397 -0.488858 -1.35472 
0.130649 -0.491726 0.44063 -0.948102 1.31969 0.970769 
-0.580493 0.661047 -0.164977 1.89809 -0.454656 4.2928 
0.122092 -0.408721 0.0690047 -0.797957 1.54904 0.645024 
-0.582723 0.607812 -0.206961 -0.838026 0.538551 0.672774 
0.114775 -0.220167 -0.416575 -0.740681 1.81548 0.378239 
-0.584564 0.567318 -0.262106 -0.60809 0.664882 0.38324 
-0.586217 0.538957 -0.330576 -0.472033 0.801351 0.196142 
0.460972 0.94639 0.547186 1.62594 -1.79305 0.0672096 
-0.517158 0.992689 -0.118866 0.691679 -1.23673 -0.286486 
0.463567 0.445311 0.736508 -1.49614 1.60136 2.75375 
-0.515346 0.874362 -0.0721052 0.836308 -0.995534 -0.541896 
-0.516996 0.768744 -0.0523875 1.05485 -0.764433 -0.882821 
-0.520088 0.679408 -0.0562923 1.39109 -0.603284 -1.33195 
0.446534 -0.36443 0.357283 -1.00928 1.61701 1.21235 
-0.523066 0.606965 -0.079403 -1.33926 0.555372 1.30651 
0.439139 -0.302152 -0.00364994 -0.927717 1.79746 0.896135 
-0.525538 0.549275 -0.117647 -0.99529 0.602884 0.88944 
-0.527608 0.504401 -0.168992 -0.764382 0.697386 0.598016 
-0.529448 0.471603 -0.233288 -0.612928 0.809887 0.393861 
0.698371 0.983508 0.353967 1.87352 -1.86487 -0.073376 
-0.456884 0.958281 -0.0484836 0.786491 -1.3107 -0.306642 
0.700275 0.559483 0.520618 1.89855 -1.74108 -6.74567 
-0.455421 0.837697 -0.00373956 0.930996 -1.07435 -0.569307 
0.698371 0.183109 0.545538 -1.16672 1.6843 -4.07524 
-0.456873 0.728213 0.0172358 1.14067 -0.852044 -0.907864 
0.682078 -0.101258 -0.169339 -0.96959 2.00664 1.08404 
-0.465738 0.497671 -0.0414794 2.05726 -0.676194 -2.10667 
-0.468001 0.44957 -0.0904396 -0.870585 0.748638 0.759643 
-0.469934 0.413381 -0.151906 -0.720956 0.842599 0.555972 
-0.394001 0.929309 0.0115258 0.872082 -1.37804 -0.318397 
-0.392384 0.805909 0.0559038 1.01504 -1.14583 -0.586059 
0.867336 0.410643 0.249272 -1.0299 1.85732 -4.07024 
-0.393954 0.693016 0.0772943 1.2164 -0.929401 -0.922778 
-0.397348 0.596743 0.0760936 -1.66024 0.783554 1.83398 
-0.403435 0.453493 0.022346 -1.12862 0.750862 1.13383 
-0.405671 0.402206 -0.0245178 -0.940142 0.809759 0.883075 
-0.407622 0.363231 -0.0839688 -0.799467 0.88977 0.686988 
-1.0585 1.24752 -0.427176 -0.756805 -1.78109 0.653293 
-0.842439 1.29079 -0.987463 -0.646552 -1.26718 0.842501 
-1.06708 0.939885 -0.272134 -0.951879 -1.45713 0.764509 
-0.848796 1.19024 -0.941358 -0.92643 -1.04986 0.994655 
-1.05847 0.612456 -0.824506 0.762637 1.33357 -1.06883 
-0.946211 1.04083 0.0304635 -0.547992 -1.82514 0.409563 
-0.799214 1.13116 -0.703681 -0.454293 -1.20691 0.619129 
-0.956406 0.691173 0.172804 -0.709669 -1.41152 0.508712 
-0.806137 1.03628 -0.674644 -0.719142 -0.948949 0.760371 
-0.947913 0.384334 0.191753 -0.850555 -0.777778 0.681979 
-0.798268 0.940839 -0.659948 -0.997965 -0.489155 0.939791 
-0.94621 0.210487 -0.292346 0.649492 0.98577 -0.959021 
-0.799122 0.915204 -0.888548 0.601049 0.81173 -0.88792 
-0.937093 0.342044 -0.781503 0.394239 1.41433 -0.709445 
-0.792968 0.9496 -1.06047 0.350753 1.05822 -0.698037 
-0.789077 1.06028 -1.35784 0.23765 1.34408 -0.620653 
-0.775662 0.909199 0.365577 -0.167165 -1.86007 0.237168 
-0.746201 1.01119 -0.498506 -0.152049 -1.10407 0.337549 
-0.776352 0.484466 0.522054 -0.171936 -1.32518 0.193248 
-0.746341 0.912224 -0.469464 -0.199903 -0.766503 0.286563 
-0.768564 0.118933 0.520471 -0.130386 -0.643236 0.105476 
-0.741289 0.830343 -0.477812 -0.141152 -0.3553 0.132051 
-0.776239 -0.0757426 0.346145 -1.83065 -0.17245 1.68339 
-0.74634 0.78325 -0.542205 -2.05187 -0.155974 -4.36793 
-0.77561 -0.103531 0.0424165 0.259564 0.66682 -0.49086 
-0.746198 0.767558 -0.646162 0.29535 0.483296 -0.531864 
-0.771063 0.00156043 -0.384269 0.117776 1.1704 -0.414905 
-0.743571 0.777445 -0.778522 0.126736 0.788451 -0.438999 
-0.76819 0.321258 -1.13053 0.0734991 1.73116 -0.413184 
-0.741664 0.812871 -0.944319 0.0650717 1.05331 -0.435955 
-0.740612 0.89214 -1.18047 0.0395843 1.30895 -0.455344 
-0.53003 0.84053 0.590108 0.297198 -1.93011 0.179247 
-0.689457 0.921417 -0.35001 0.157284 -1.07475 0.0755798 
-0.524553 0.332311 0.757115 0.341308 -1.36957 -0.0427474 
-0.687167 0.82657 -0.332482 0.25642 -0.767807 -0.114638 
-0.521013 -0.104289 0.745547 0.577618 -0.727766 -0.452925 
-0.685398 0.749301 -0.348165 0.494027 -0.448928 -0.451742 
-0.687167 0.694073 -0.39752 1.35406 -0.181025 -1.42236 
-0.53003 -0.342677 0.247739 -0.462069 0.662315 0.302258 
-0.689455 0.664921 -0.481322 -0.424391 0.34249 0.251529 
-0.533606 -0.231067 -0.16665 -0.268326 1.12501 0.00110866 
-0.690433 0.660048 -0.592444 -0.205627 0.636533 -0.0540179 
-0.535868 0.0199312 -0.764496 -0.218305 1.60164 -0.162119 
-0.690802 0.675604 -0.726879 -0.148307 0.89486 -0.179926 
-0.691182 0.713391 -0.891707 -0.120832 1.12437 -0.262835 
-0.211892 0.81769 0.705575 0.776866 -1.98036 0.209155 
-0.63376 0.852398 -0.235695 0.372229 -1.11616 -0.088626 
-0.204439 0.245037 0.882359 0.790226 -1.48747 -0.190819 
-0.631243 0.759025 -0.224255 0.512011 -0.848313 -0.320058 
-0.201318 -0.250596 0.866592 1.08137 -0.984542 -0.804349 
-0.630048 0.680819 -0.240746 0.777812 -0.583999 -0.687836 
-0.631248 0.621879 -0.285744 1.34467 -0.386619 -1.36306 
-0.211906 -0.480191 0.346305 -0.900466 0.962135 0.788588 
-0.220053 -0.360452 -0.0637551 -0.639336 1.28135 0.384945 
-0.636036 0.570407 -0.456219 -0.53165 0.609182 0.320144 
-0.226872 -0.1216 -0.623161 -0.538833 1.65872 0.113661 
-0.637712 0.574115 -0.5731 -0.365252 0.827315 0.081429 
-0.639113 0.595565 -0.711583 -0.284269 1.03097 -0.0595976 
0.13994 0.813483 0.710291 1.22465 -1.97525 0.212621 
-0.577741 0.795135 -0.139909 0.518242 -1.18358 -0.183615 
0.147732 0.243542 0.882449 1.19997 -1.6394 -0.286553 
-0.575047 0.701133 -0.131507 0.668036 -0.942005 -0.426966 
0.150561 -0.248678 0.865337 1.39388 -1.32806 -0.931594 
-0.573843 0.620602 -0.148365 0.928905 -0.705952 -0.794148 
0.147707 -0.472313 0.665801 -1.40423 1.23114 -4.71868 
-0.575066 0.558315 -0.191408 1.37849 -0.5356 -1.35567 
0.139976 -0.484608 0.351373 -1.09737 1.3322 1.04852 
-0.577771 0.516892 -0.259141 -1.17251 0.520836 1.09069 
0.130627 -0.370508 -0.0530012 -0.906497 1.54552 0.670582 
-0.5805 0.49557 -0.347512 -0.758754 0.649293 0.58841 
0.122011 -0.138375 -0.603344 -0.832696 1.82652 0.351288 
-0.582722 0.491402 -0.45308 -0.547611 0.821657 0.304577 
-0.584569 0.503455 -0.577223 -0.433213 0.996201 0.128396 
0.454426 0.825841 0.60828 1.56903 -1.98419 0.125586 
-0.520007 0.745877 -0.057238 0.627328 -1.25666 -0.242062 
0.460978 0.324981 0.760295 1.53155 -1.79643 -0.351728 
-0.517106 0.650253 -0.050659 0.777956 -1.03242 -0.489008 
-0.51583 0.567079 -0.0680381 1.02926 -0.813306 -0.851708 
0.460977 -0.323708 0.564039 -1.34256 1.58805 -4.60836 
-0.517169 0.501433 -0.109843 1.41612 -0.655878 4.92798 
0.446554 -0.263458 -0.129022 -1.05834 1.81605 0.878371 
-0.523059 0.430731 -0.257361 -0.898195 0.71497 0.765062 
-0.525529 0.42124 -0.355605 -0.684859 0.851388 0.479454 
-0.527607 0.426925 -0.470247 -0.556765 0.999388 0.288939 
-0.459852 0.703129 0.0143478 0.716764 -1.32855 -0.28162 
-0.45676 0.605446 0.0196421 0.865211 -1.11648 -0.529671 
-0.455415 0.519573 0.00174808 1.10667 -0.908802 -0.887349 
-0.456865 0.451025 -0.0395928 1.45343 -0.759339 -1.35521 
-0.463213 0.374129 -0.181609 -0.983913 0.789473 0.886463 
-0.465834 0.360922 -0.275075 -0.782711 0.900854 0.61311 
-0.468005 0.362138 -0.383334 -0.654522 1.02687 0.422096 
-0.39695 0.666281 0.0757432 0.795383 -1.39739 -0.311175 
-0.393957 0.566868 0.0793773 0.94033 -1.19544 -0.559671 
-0.392344 0.478063 0.0614916 1.17212 -0.99622 -0.911523 
-0.393958 0.406888 0.0203181 1.49052 -0.854031 -1.3547 
-0.40068 0.324928 -0.118007 -1.03635 0.865692 0.974521 
-0.403435 0.309085 -0.208326 -0.852024 0.960236 0.717789 
-0.405651 0.307132 -0.312244 -0.730144 1.06948 0.532437 
-1.05048 1.17125 -0.391429 -0.613492 -1.90268 0.710946 
-0.836586 1.17539 -1.07506 -0.518079 -1.22366 0.903436 
-1.05845 0.891684 -0.276453 -0.737804 -1.6304 0.793854 
-0.842441 1.12806 -1.10896 -0.726207 -1.04654 1.03886 
-1.06714 0.676212 -0.297496 -0.999538 -1.2943 1.00818 
-0.848798 1.10741 -1.20128 -1.13438 -0.871003 1.3534 
-1.06713 0.632937 -0.929539 1.02095 1.25061 -1.081 
-0.936857 0.953483 0.0647352 -0.41999 -1.94824 0.481319 
-0.792988 0.99286 -0.765298 -0.331479 -1.16822 0.654574 
-0.946209 0.629021 0.171576 -0.528605 -1.59234 0.54936 
-0.799131 0.936523 -0.789149 -0.524692 -0.959217 0.76793 
-0.956413 0.364722 0.14743 -0.781456 -1.15163 0.757079 
-0.806085 0.894818 -0.848814 -0.928553 -0.732425 1.07121 
-0.956414 0.211403 -0.366778 0.944488 0.917451 -1.07205 
-0.806074 0.987763 -1.28499 0.751738 0.901047 -0.814398 
-0.94621 0.407052 -0.964448 0.538985 1.38271 -0.673304 
-0.77134 0.807755 0.397919 -0.119723 -1.98833 0.320385 
-0.743571 0.86358 -0.557487 -0.101179 -1.09156 0.396183 
-0.775768 0.406658 0.516657 -0.160558 -1.51323 0.294602 
-0.745989 0.797429 -0.57159 -0.186439 -0.820496 0.396328 
-0.776049 0.0722254 0.490341 -0.214747 -0.888676 0.288376 
-0.74634 0.746395 -0.620926 -0.316087 -0.459035 0.426842 
-0.768584 -0.104738 0.304221 -0.370782 -0.213661 0.363069 
-0.741285 0.722674 -0.718059 1.65981 0.0501563 -1.65993 
-0.776239 -0.110156 -0.0256698 0.368264 0.478744 -0.48096 
-0.746345 0.75057 -0.894399 0.306721 0.476275 -0.416164 
-0.775696 0.0343129 -0.509372 0.182762 1.0713 -0.373549 
-0.746199 0.856667 -1.19297 0.16963 0.929931 -0.370841 
-0.690525 0.762605 -0.402594 0.140083 -1.05852 0.151003 
-0.530015 0.225815 0.759974 0.278365 -1.50298 0.0525618 
-0.689572 0.697061 -0.424355 0.196813 -0.780471 0.0103139 
-0.524585 -0.169994 0.714748 0.445843 -0.864046 -0.272717 
-0.687167 0.647057 -0.476641 0.407439 -0.460658 -0.297102 
-0.521014 -0.346602 0.502658 1.1914 -0.401201 -1.162 
-0.685395 0.622012 -0.567758 1.31804 -0.214165 -1.31239 
-0.524578 -0.340182 0.169367 -0.685423 0.544632 0.582003 
-0.687167 0.628833 -0.70496 -0.500579 0.375813 0.398921 
-0.530243 -0.19891 -0.283919 -0.325905 1.02141 0.102382 
-0.689458 0.678976 -0.905247 -0.206877 0.735109 0.00352265 
-0.53354 0.135237 -1.0194 -0.241905 1.59642 -0.123103 
-0.690409 0.805412 -1.22724 -0.135764 1.11977 -0.160463 
-0.636547 0.681379 -0.281441 0.334829 -1.07959 -0.0332098 
-0.211737 0.111921 0.892316 0.698254 -1.59189 -0.145851 
-0.634186 0.616604 -0.307679 0.458092 -0.833282 -0.238898 
-0.20443 -0.32564 0.832401 0.935385 -1.07524 -0.679709 
-0.631247 0.568135 -0.364141 0.738475 -0.577554 -0.615803 
-0.630051 0.540073 -0.450129 1.3599 -0.406791 -1.34178 
-0.204349 -0.468281 0.259597 -1.10215 0.917297 0.983057 
-0.631248 0.53821 -0.572083 -0.96222 0.464431 0.873016 
-0.211802 -0.320779 -0.18482 -0.756181 1.2154 0.481049 
-0.633766 0.568327 -0.737529 -0.524898 0.710421 0.332513 
-0.219494 -0.0220911 -0.841745 -0.610913 1.64002 0.128461 
-0.636037 0.639775 -0.962637 -0.350177 1.00729 0.0633993 
-0.637711 0.811094 -1.35564 -0.272933 1.34712 -0.109813 
-0.580498 0.61493 -0.184545 0.478065 -1.12957 -0.159383 
0.139933 0.105417 0.896074 1.07593 -1.75728 -0.285265 
-0.57777 0.550464 -0.21445 0.617956 -0.913528 -0.381252 
0.147761 -0.326247 0.831823 1.22588 -1.41579 -0.867017 
-0.575063 0.499815 -0.268544 0.892457 -0.698509 -0.752141 
0.150812 -0.490528 0.599897 -1.60448 1.27323 -4.59797 
-0.575068 0.461938 -0.465954 -1.15566 0.579291 1.07848 
0.139914 -0.325522 -0.178837 -1.04762 1.51095 0.719194 
-0.577771 0.481917 -0.614137 -0.734159 0.754075 0.553375 
0.130306 -0.0360208 -0.823487 -0.944088 1.80958 0.321278 
-0.580499 0.53223 -0.802235 -0.521342 0.988689 0.247506 
-0.582722 0.627233 -1.0592 -0.414725 1.24113 0.0525504 
-0.52306 0.556212 -0.0996885 0.585131 -1.19215 -0.246555 
0.454523 0.202939 0.775164 1.37822 -1.93905 -0.366109 
-0.520083 0.49127 -0.131558 0.725878 -0.998965 -0.469434 
-0.517155 0.439493 -0.186167 0.983248 -0.809553 -0.824291 
0.46357 -0.344727 0.501298 -1.55824 1.65063 -4.5554 
-0.516954 0.394953 -0.37684 -1.24844 0.688743 1.18385 
0.45476 -0.216772 -0.260221 -1.22521 1.80346 0.872992 
-0.520087 0.409402 -0.515666 -0.86763 0.820899 0.698883 
-0.52306 0.448313 -0.683863 -0.650354 1.01159 0.390063 
-0.525537 0.518247 -0.896296 -0.53151 1.21893 0.1858 
-0.463197 0.504901 -0.02678 0.670337 -1.25837 -0.311449 
-0.460026 0.439093 -0.0600325 0.806805 -1.08211 -0.530993 
-0.456868 0.386114 -0.115188 1.04751 -0.910356 -0.870469 
0.70029 -0.112213 0.311042 -1.4948 1.93108 -4.4997 
-0.45542 0.351004 -0.196156 1.41704 -0.794901 -1.35301 
-0.456873 0.337654 -0.303252 -1.29724 0.7902 1.24578 
-0.460029 0.347302 -0.43487 -0.955473 0.895551 0.799721 
-0.463192 0.37916 -0.590832 -0.747322 1.05513 0.501193 
-0.465828 0.436085 -0.780114 -0.626377 1.23151 0.296302 
-0.400665 0.460367 0.0353322 0.742073 -1.32508 -0.363575 
-0.397308 0.39351 0.00102706 0.87295 -1.1616 -0.57894 
-0.393919 0.339522 -0.054834 1.09854 -1.00391 -0.904591 
-0.392329 0.302738 -0.135479 1.43665 -0.896332 -1.3569 
-0.393957 0.28759 -0.241107 -1.32576 0.886166 1.28841 
-0.397351 0.294398 -0.36849 -1.01702 0.973398 0.875371 
-0.400703 0.321844 -0.516832 -0.820644 1.1108 0.58895 
-0.403422 0.370533 -0.691546 -0.70356 1.26379 0.388993 
-1.04393 1.09054 -0.357441 -0.503797 -1.96041 0.768315 
-1.05047 0.83874 -0.286788 -0.582293 -1.71406 0.842735 
-1.05847 0.653708 -0.34024 -0.748513 -1.40743 0.99788 
-1.06715 0.566383 -0.546053 -1.12017 -1.11728 1.34245 
-0.930957 0.862946 0.0923542 -0.333573 -2.0071 0.548964 
-0.789087 0.957287 -0.999526 -0.273369 -1.01508 0.713161 
-0.937478 0.562064 0.163297 -0.39179 -1.67874 0.599937 
-0.792974 0.959232 -1.11178 -0.424263 -0.814012 0.821327 
-0.946278 0.331069 0.109331 -0.553915 -1.28221 0.73578 
-0.799117 1.02491 -1.3414 -0.827386 -0.590585 1.18164 
-0.956414 0.206038 -0.0803252 -0.963335 -0.900294 1.10272 
-0.956412 0.50293 -1.19105 0.73638 1.27947 -0.627967 
-0.74143 0.79622 -0.744367 -0.0684522 -0.97363 0.441919 
-0.771379 0.325847 0.502908 -0.109536 -1.61383 0.364403 
-0.743449 0.77661 -0.823908 -0.133461 -0.739817 0.44774 
-0.775383 0.0361889 0.443369 -0.181139 -1.07537 0.372306 
-0.746198 0.779179 -0.94643 -0.32344 -0.439616 0.563227 
-0.776206 -0.111075 0.24227 -0.369309 -0.474301 0.482528 
-0.74634 0.826059 -1.15124 -1.65323 -0.138599 1.79566 
-0.768584 -0.103807 -0.0993467 0.363097 0.216968 -0.35524 
-0.776239 0.072636 -0.634421 0.215359 0.888366 -0.288093 
-0.690809 0.682435 -0.576827 0.142361 -0.948639 0.189763 
-0.533533 0.122963 0.748617 0.241866 -1.58421 0.120092 
-0.690432 0.656349 -0.649336 0.187773 -0.709997 0.0769527 
-0.530241 -0.21792 0.668065 0.333051 -0.990696 -0.115429 
-0.689484 0.646461 -0.752324 0.34919 -0.413485 -0.170527 
-0.524584 -0.355392 0.435626 0.793738 -0.477791 -0.706186 
-0.521012 -0.324169 0.08311 -1.02203 0.43977 0.976496 
-0.685399 0.775109 -1.21257 -0.460544 0.481015 0.414302 
-0.524584 -0.157181 -0.406589 -0.439019 0.881225 0.262097 
-0.637813 0.589232 -0.444847 0.325922 -0.963956 -0.0184038 
-0.219999 -0.0144006 0.886238 0.610495 -1.64652 -0.122686 
-0.636038 0.562115 -0.518194 0.439826 -0.749324 -0.202514 
-0.211909 -0.381257 0.784177 0.785163 -1.1421 -0.557597 
-0.633768 0.550506 -0.618567 0.722756 -0.516647 -0.573023 
-0.20444 -0.498447 0.529074 1.23635 -0.847424 -1.19433 
-0.631247 0.56633 -0.76427 -1.68949 0.379152 1.73422 
-0.201309 -0.446128 0.167554 1.81927 -0.860832 -1.94198 
-0.629975 0.628519 -0.984748 -0.87871 0.527222 0.806448 
-0.204439 -0.272796 -0.311031 -0.904114 1.12196 0.610929 
-0.631248 0.884822 -1.5424 -0.465818 0.956669 0.246052 
-0.211911 0.124907 -1.14099 -0.69874 1.60101 0.138421 
-0.582959 0.510633 -0.336589 0.468533 -1.00733 -0.174896 
0.130625 -0.0288353 0.895014 0.945628 -1.81456 -0.315972 
-0.5805 0.483565 -0.412031 0.604889 -0.820572 -0.382092 
0.13993 -0.387795 0.786131 1.05571 -1.45851 -0.811569 
-0.577771 0.470564 -0.509934 0.88356 -0.634892 -0.747247 
-0.575004 0.480771 -0.645136 -1.72538 0.531646 1.75705 
0.147733 -0.273312 -0.309581 -1.21557 1.44229 0.793684 
-0.575065 0.644104 -1.14438 -0.701772 0.888278 0.482295 
0.139938 0.114277 -1.12406 -1.07727 1.76122 0.277854 
-0.525538 0.444525 -0.250045 0.575906 -1.06262 -0.29184 
-0.523066 0.415931 -0.323126 0.713831 -0.900703 -0.499913 
0.454444 -0.239627 0.676414 -1.92473 1.78914 2.23097 
-0.520088 0.401861 -0.419292 0.966478 -0.745543 -0.838134 
-0.515809 0.446275 -0.724815 -1.23816 0.718302 1.14032 
0.460966 -0.162138 -0.397914 -1.42299 1.74616 0.885343 
-0.517155 0.533293 -0.978658 -0.853437 0.926566 0.624216 
0.454428 0.30168 -1.36869 -1.41299 1.95467 0.271896 
-0.465832 0.386131 -0.174596 0.659258 -1.12535 -0.382052 
-0.46321 0.357088 -0.247902 0.790849 -0.981437 -0.584125 
-0.460033 0.342187 -0.342903 1.01788 -0.846972 -0.896347 
0.698352 -0.129999 0.249589 -1.75844 1.94749 1.76931 
-0.45687 0.346741 -0.46825 1.38301 -0.770257 -1.36637 
-0.455419 0.379066 -0.63557 -1.32116 0.815308 1.2148 
-0.456869 0.451144 -0.862776 -0.961774 0.985784 0.72399 
-0.46004 0.608629 -1.23017 -0.734807 1.25686 0.347802 
-0.403431 0.335668 -0.111087 0.726098 -1.19076 -0.455683 
-0.400703 0.306469 -0.184951 0.849337 -1.06147 -0.650499 
-0.397295 0.290741 -0.278926 1.05378 -0.941498 -0.939884 
-0.393949 0.293696 -0.401748 1.37608 -0.872606 -1.36679 
-0.392383 0.322312 -0.562767 -1.37745 0.908077 1.26334 
-0.393957 0.386216 -0.775291 -1.0439 1.05405 0.798229 
-0.397351 0.508338 -1.07884 -0.824534 1.27917 0.438674 
-1.03976 1.01315 -0.335121 -0.420244 -1.97488 0.819056 
-1.04437 0.785818 -0.304309 -0.470578 -1.73768 0.890041 
-1.05048 0.632574 -0.396705 -0.580401 -1.44924 1.01581 
-1.05854 0.580613 -0.638647 -0.829448 -1.14403 1.27228 
-0.931199 0.496602 0.144399 -0.304432 -1.70835 0.651362 
-0.937085 0.299624 0.0573756 -0.400472 -1.3382 0.741407 
-0.946211 0.207926 -0.155658 -0.661756 -0.962316 0.980836 
-0.740612 0.907393 -1.2217 -0.0588016 -0.706969 0.489766 
-0.768192 0.24639 0.480751 -0.0727964 -1.64925 0.419182 
-0.771053 0.00424201 0.384189 -0.117613 -1.17609 0.414493 
-0.775614 -0.103774 0.161679 -0.26087 -0.663756 0.492448 
-0.776239 -0.0758996 -0.194035 1.83319 0.172563 -1.68597 
-0.768588 0.127099 -0.775464 0.127487 0.65229 -0.101517 
-0.69118 0.722645 -0.931699 0.161507 -0.740641 0.19568 
-0.535867 0.0253284 0.725517 0.218352 -1.60778 0.163479 
-0.690795 0.777436 -1.12958 0.243565 -0.498547 0.0581891 
-0.53361 -0.252121 0.605739 0.274405 -1.08258 -0.0144788 
-0.529978 -0.348886 0.355178 0.521216 -0.584111 -0.374924 
-0.521008 -0.101133 -0.544291 -0.575298 0.731087 0.449739 
-0.639105 0.603385 -0.758762 0.352511 -0.77261 -0.0488317 
-0.227028 -0.130343 0.864992 0.538137 -1.64999 -0.118444 
-0.637712 0.634099 -0.914595 0.506298 -0.573036 -0.264175 
-0.220042 -0.420079 0.721517 0.665596 -1.18309 -0.463644 
-0.636032 0.709534 -1.14875 0.953697 -0.363233 -0.792235 
-0.211745 -0.491767 0.447021 1.0132 -0.859088 -0.972586 
-0.201291 -0.214204 -0.448911 -1.05389 1.00652 0.754492 
-0.584569 0.510012 -0.63058 0.501601 -0.8225 -0.23924 
0.122094 -0.151654 0.877708 0.829869 -1.81613 -0.363246 
-0.582723 0.531284 -0.769643 0.673837 -0.657309 -0.474677 
0.131122 -0.433154 0.726928 0.912821 -1.46612 -0.772437 
-0.580501 0.582873 -0.960151 1.03587 -0.504379 -0.917358 
0.139943 -0.495602 0.447017 1.14411 -1.25276 -1.21859 
-0.577772 0.718332 -1.29854 1.76893 -0.485833 4.51754 
0.147821 -0.414596 0.0666554 1.46022 -1.20988 4.55575 
0.150811 -0.212773 -0.45006 -1.38308 1.33614 0.885769 
-0.527608 0.431962 -0.527569 0.612678 -0.883452 -0.383726 
-0.525539 0.448767 -0.658475 0.778494 -0.744262 -0.61339 
0.446522 -0.291173 0.624135 1.04624 -1.7865 -0.931318 
-0.523062 0.49011 -0.829614 1.07474 -0.623052 -0.989352 
-0.520088 0.581136 -1.08672 -1.56335 0.59226 1.54011 
0.463527 -0.099589 -0.545672 -1.61937 1.63518 0.923981 
-0.468009 0.365898 -0.443526 0.695093 -0.949695 -0.495811 
-0.465834 0.380165 -0.569565 0.846958 -0.829748 -0.712082 
-0.463213 0.415592 -0.729191 1.09417 -0.727947 -1.03819 
0.693467 -0.141762 0.179001 -1.98717 1.90618 1.75111 
-0.460028 0.487799 -0.951268 -1.65856 0.694708 1.60943 
-0.456866 0.6964 -1.41426 -1.16287 0.841019 0.941589 
-0.405665 0.309865 -0.374532 0.757249 -1.01804 -0.586397 
-0.403435 0.322604 -0.497437 0.893837 -0.912624 -0.788278 
-0.400699 0.354432 -0.649801 1.10474 -0.823731 -1.07775 
-0.393956 0.557558 -1.19341 -1.31653 0.889033 1.08548 
-1.03646 0.938837 -0.321372 -0.355305 -1.96267 0.862204 
-1.03986 0.736873 -0.331174 -0.389498 -1.72427 0.930234 
-1.04437 0.616275 -0.466121 -0.467733 -1.44157 1.03934 
-1.05049 0.608328 -0.764079 -0.646784 -1.12753 1.24967 
-0.927172 0.436063 0.116183 -0.247789 -1.70271 0.697159 
-0.931023 0.274117 -0.00706894 -0.308963 -1.35146 0.763611 
-0.937076 0.217923 -0.251873 -0.473313 -0.982425 0.920777 
-0.946254 0.296051 -0.669723 -0.957963 -0.663119 1.40425 
-0.766391 0.173201 0.449132 -0.05184 -1.64365 0.463289 
-0.767879 -0.0221585 0.314965 -0.0765963 -1.21601 0.4514 
-0.771228 -0.0892169 0.064932 -0.157393 -0.76727 0.482844 
-0.775696 -0.0310314 -0.314241 -0.590007 -0.290749 0.85558 
-0.776243 0.221531 -0.974334 0.378788 0.466104 -0.190715 
-0.537764 -0.0639012 0.692773 0.197602 -1.59111 0.192189 
-0.535893 -0.277012 0.532101 0.242287 -1.12456 0.0490253 
-0.533537 -0.330297 0.258827 0.391414 -0.679528 -0.193957 
-0.53003 -0.253955 -0.126804 1.13333 -0.307457 -1.04265 
-0.524585 -0.0258401 -0.709239 -0.656891 0.566857 0.604955 
-0.232806 -0.230096 0.829059 0.479305 -1.61741 -0.122604 
-0.227038 -0.444703 0.646126 0.581539 -1.19496 -0.402418 
-0.220075 -0.472744 0.35134 0.842975 -0.8723 -0.80093 
-0.211905 -0.373309 -0.0442965 -1.77695 0.716591 1.67758 
-0.204439 -0.141053 -0.607959 -1.18162 0.871458 0.896586 
-0.586216 0.728225 -1.26876 0.712391 -0.522977 -0.497217 
0.114791 -0.256713 0.844513 0.733136 -1.77926 -0.411988 
0.122218 -0.46308 0.654023 0.805656 -1.44554 -0.75186 
0.130638 -0.481733 0.353529 0.99447 -1.21906 -1.12577 
0.147733 -0.139983 -0.610082 -1.52429 1.19671 0.983052 
-0.529451 0.586451 -1.05285 0.779728 -0.634147 -0.614966 
0.439136 -0.32887 0.558655 0.915218 -1.75148 -0.957926 
0.446539 -0.358949 0.268572 -2.13419 1.56497 1.84673 
-0.469931 0.491266 -0.917764 0.837326 -0.724384 -0.719847 
-0.468004 0.620942 -1.23097 1.135 -0.612181 -1.09745 
0.682078 -0.102375 0.369654 -2.17327 2.00476 -4.22865 
-0.407622 0.418941 -0.820403 0.879699 -0.808056 -0.808203 
-0.405572 0.516986 -1.07575 1.1012 -0.714738 -1.10529 
0.863833 0.22351 -0.607602 -2.1826 1.88236 1.26803 
-1.0339 0.869779 -0.318407 -0.304388 -1.93157 0.898393 
-1.03649 0.694476 -0.369136 -0.329669 -1.68726 0.963223 
-1.03986 0.608414 -0.550401 -0.390507 -1.40223 1.06185 
-1.04437 0.656537 -0.929209 -0.535102 -1.0693 1.25194 
-0.922989 0.602402 0.12567 -0.196395 -1.98159 0.698899 
-0.924402 0.382709 0.078033 -0.20848 -1.67318 0.735763 
-0.92708 0.256485 -0.0828961 -0.252596 -1.3356 0.790425 
-0.931017 0.238706 -0.368033 -0.366184 -0.976581 0.905634 
-0.937064 0.371874 -0.860422 -0.731874 -0.603419 1.28111 
-0.764872 0.381078 0.459442 -0.0361407 -1.99451 0.513878 
-0.765377 0.109527 0.4072 -0.039996 -1.6128 0.499289 
-0.766049 -0.0406503 0.236373 -0.054354 -1.21758 0.485668 
-0.767994 -0.0676752 -0.0454881 -0.099509 -0.811647 0.493434 
-0.771351 0.028436 -0.463733 -0.31001 -0.366049 0.659767 
-0.775698 0.43052 -1.37518 0.435433 0.388476 -0.121354 
-0.541479 0.191652 0.708606 0.177774 -1.99701 0.320177 
-0.539713 -0.135689 0.644688 0.178954 -1.55062 0.215089 
-0.537885 -0.292213 0.448967 0.219283 -1.12875 0.0937447 
-0.535875 -0.30398 0.149605 0.330368 -0.730948 -0.0947543 
-0.533537 -0.197407 -0.262731 0.778346 -0.348023 -0.630657 
-0.530029 0.0847304 -0.93139 -0.718513 0.429598 0.743634 
-0.237745 -0.309881 0.7792 0.430795 -1.56458 -0.127028 
-0.232811 -0.456905 0.560538 0.521392 -1.18066 -0.361906 
-0.227044 -0.44468 0.243393 0.729664 -0.873465 -0.687148 
-0.211908 -0.0431126 -0.80759 -1.27715 0.736455 1.01952 
0.108484 -0.340134 0.796345 0.654414 -1.72003 -0.45275 
0.114838 -0.478689 0.570378 0.725606 -1.406 -0.740597 
0.122136 -0.4578 0.247803 0.886735 -1.17678 -1.06199 
0.427172 -0.21236 0.695684 0.812545 -1.95431 -0.681206 
0.432738 -0.352511 0.481441 0.816252 -1.6963 -0.983452 
0.687564 -0.0154849 -0.441415 -2.20787 1.60012 -4.88577 
0.693467 0.40705 -1.36674 -2.08148 1.42821 0.862963 
-1.0497 1.33335 -0.41108 -1.46796 -1.49318 0.644538 
-0.752039 1.47883 -0.726324 -1.26973 -1.26407 0.771403 
-1.04226 0.976013 -0.179672 -1.61273 -1.07509 0.885894 
-0.742288 1.31157 -0.57189 -1.4354 -0.85707 0.941723 
-1.03409 0.7208 -0.151787 1.0839 1.02507 4.46831 
-0.736893 1.20425 -0.525636 -1.87821 -0.760552 1.31847 
-0.731294 1.11747 -0.504496 0.915005 0.7905 -1.51437 
-1.01936 0.498418 -0.483204 0.565872 1.45043 -1.21815 
-1.01414 0.581466 -0.91104 0.481954 1.77942 -1.028 
-0.722134 0.973488 -0.495537 -2.60583 -0.93232 1.98524 
-0.718861 0.914408 -0.508792 0.431375 1.01464 -1.05094 
-0.716266 0.864415 -0.535352 0.356633 1.10155 -0.972504 
-0.922288 0.763548 0.235931 -1.22802 -0.897784 0.583786 
-0.690303 1.22977 -0.405311 -1.14978 -0.700571 0.73504 
-0.684038 1.11843 -0.359989 -1.67752 -0.511653 1.21365 
-0.903517 0.241458 0.164775 0.720112 0.843836 -1.3073 
-0.896639 0.152717 -0.0519847 0.458192 1.15137 -1.01796 
-0.891609 0.181082 -0.390544 0.346618 1.49041 -0.869236 
-0.670671 0.880587 -0.336849 0.427424 0.711198 -0.952563 
-0.887975 0.375802 -0.960912 0.309913 1.89199 -0.751335 
-0.66826 0.819809 -0.352439 0.320983 0.823367 -0.854275 
-0.666421 0.767596 -0.379853 0.253678 0.933688 -0.792279 
-0.731306 1.06965 0.359242 -0.341784 -1.43701 0.047703 
-0.621623 1.30559 -0.347114 -0.277822 -0.976741 0.158296 
-0.745541 0.613738 0.550254 -0.69732 -0.863962 0.239804 
-0.632402 1.16839 -0.271727 -0.744207 -0.623915 0.434897 
-0.625736 1.05239 -0.224572 -1.16978 -0.317613 0.825898 
-0.724657 -0.0431185 0.47604 0.533913 0.53464 -0.934806 
-0.619592 0.957789 -0.204554 -2.15858 -0.236188 1.79152 
-0.718725 -0.140849 0.24475 0.243353 0.937508 -0.650308 
-0.616131 0.876146 -0.198919 -2.73224 -0.362218 2.34046 
-0.715163 -0.112194 -0.0877297 0.160909 1.31854 -0.574945 
-0.614168 0.804009 -0.204796 0.226291 0.51509 -0.640953 
-0.712844 0.0382011 -0.558842 0.131125 1.70064 -0.540609 
-0.612952 0.740345 -0.221486 0.150725 0.657148 -0.584669 
-0.612109 0.685324 -0.249409 0.110614 0.789405 -0.560182 
-0.449152 1.05731 0.537369 0.242254 -1.59399 0.00573326 
-0.547527 1.26433 -0.249026 0.168809 -1.0217 -0.0887207 
-0.460412 0.525664 0.770127 0.16068 -0.988254 -0.142728 
-0.553925 1.12334 -0.160663 0.0738653 -0.65306 -0.14116 
-0.464003 0.0150345 0.822486 0.380498 -0.272215 -0.480881 
-0.555427 1.00467 -0.11613 0.0776157 -0.308565 -0.237443 
-0.462989 -0.287147 0.692072 -0.286587 0.394978 0.113956 
-0.554013 0.904861 -0.0955939 1.00115 -0.0533852 -1.21641 
-0.462714 -0.377258 0.438009 -0.146859 0.871778 -0.0863788 
-0.553171 0.818279 -0.0897087 -0.293312 0.200729 0.0340162 
-0.463318 -0.330651 0.0958488 -0.111706 1.26517 -0.174457 
-0.552696 0.739117 -0.0924753 -0.159806 0.38005 -0.136317 
-0.464296 -0.177925 -0.352753 -0.0976027 1.63425 -0.238916 
-0.552969 0.672736 -0.110295 -0.112967 0.537928 -0.214523 
-0.553322 0.614705 -0.13852 -0.0846152 0.681453 -0.269275 
-0.0976198 1.0638 0.604846 0.797414 -1.63927 0.0699184 
-0.476154 1.23565 -0.178373 0.470021 -1.10486 -0.224494 
-0.102518 0.503681 0.852445 0.82 -1.16691 -0.279654 
-0.478337 1.09839 -0.0938154 0.537059 -0.807547 -0.405502 
-0.112105 -0.0790361 0.925175 -1.86067 0.663625 2.11068 
-0.481717 0.974023 -0.0386639 0.688182 -0.516617 -0.667544 
-0.121094 -0.418355 0.792368 -0.934052 0.693571 0.998631 
-0.484729 0.867241 -0.0126663 1.13687 -0.307966 -1.2018 
-0.128434 -0.503167 0.527535 -0.556783 1.02577 0.499602 
-0.134432 -0.444182 0.179616 -0.422638 1.35671 0.265823 
-0.488244 0.69195 -0.00625254 -0.681364 0.361491 0.50171 
-0.139482 -0.285119 -0.263436 -0.368163 1.68247 0.106538 
-0.489712 0.619537 -0.0210914 -0.443355 0.49221 0.22155 
-0.491037 0.556751 -0.0475065 -0.318282 0.62566 0.060738 
0.259269 1.05938 0.570064 1.28696 -1.58754 0.0561749 
-0.405854 1.21448 -0.123704 0.679217 -1.18591 -0.294324 
0.255903 0.523932 0.809059 1.3351 -1.28027 -0.364773 
-0.407631 1.07732 -0.0394724 0.772675 -0.927358 -0.500072 
-0.411321 0.951199 0.0174212 0.931944 -0.679563 -0.773454 
-0.415206 0.839066 0.0501379 1.23307 -0.496112 -1.17009 
0.226666 -0.472046 0.513419 -0.790701 1.30025 0.932194 
0.218462 -0.424205 0.171708 -0.663373 1.55292 0.653395 
-0.421023 0.652691 0.0649432 -1.03643 0.439091 0.965871 
0.211515 -0.271966 -0.267973 -0.612741 1.82236 0.434315 
-0.423319 0.57538 0.0526285 -0.736345 0.51944 0.615983 
-0.425361 0.508275 0.0280722 -0.547772 0.624546 0.38439 
0.552419 1.06054 0.439355 1.67273 -1.57802 -0.0705369 
-0.335706 1.19752 -0.0788209 0.837708 -1.25658 -0.33062 
0.549994 0.586661 0.655839 1.72981 -1.39323 -6.75199 
-0.337709 1.05901 0.0057984 0.935954 -1.01501 -0.54834 
0.543293 0.126597 0.72449 -1.23156 1.30718 -4.15141 
-0.341229 0.931478 0.0639168 1.0865 -0.793623 -0.816601 
-0.345361 0.816293 0.0999333 1.32246 -0.632347 -1.15136 
0.526773 -0.304077 0.399896 -0.859731 1.55747 1.23524 
0.519786 -0.281432 0.0733107 -0.783916 1.76549 0.952901 
-0.352015 0.62153 0.121426 -1.19205 0.5438 1.22119 
0.51389 -0.144085 -0.366879 -0.774488 1.99703 0.697828 
-0.354689 0.539994 0.111593 -0.925495 0.588681 0.900059 
-0.357103 0.469002 0.0889729 -0.726375 0.665715 0.652792 
-0.264631 1.1845 -0.0433618 0.968456 -1.31679 -0.350366 
-0.267184 1.04376 0.0424639 1.06685 -1.08425 -0.577589 
0.758835 0.32492 0.475875 -1.03386 1.5113 -4.12658 
-0.270462 0.915247 0.101024 1.20897 -0.879871 -0.841379 
-0.274586 0.797834 0.139196 1.40763 -0.735539 -1.14072 
0.741906 -0.0533059 -0.120068 -0.817825 1.95049 1.16523 
-0.286738 0.438029 0.136719 -0.84492 0.729705 0.856604 
-0.192393 1.17514 -0.0171638 1.08318 -1.36839 -0.362289 
-0.19423 1.03447 0.0671991 1.18272 -1.14113 -0.597584 
0.910797 0.54717 0.152856 -0.896999 1.69479 -4.1365 
-0.198648 0.90269 0.129008 1.3154 -0.950169 -0.857851 
-0.202646 0.784403 0.167944 1.49017 -0.821692 -1.13444 
-0.212187 0.491567 0.19184 -1.07197 0.757392 1.21949 
-0.21468 0.414869 0.172356 -0.914306 0.803343 1.00742 
-1.04255 1.25251 -0.328148 -1.08439 -1.67827 0.572343 
-0.742364 1.19534 -0.499873 -0.867918 -1.38003 0.644077 
-1.04972 0.938999 -0.193431 -1.4832 -1.47633 0.821085 
-0.751993 1.08968 -0.474398 -1.31434 -1.22621 0.910651 
-1.04229 0.661659 -0.142987 -1.75807 -1.107 1.19745 
-0.742557 0.965251 -0.416421 -1.60176 -0.847487 1.19382 
-1.03409 0.518232 -0.28435 0.942877 1.204 -1.49823 
-1.02606 0.495331 -0.57029 0.689908 1.47966 -1.20106 
-0.731292 0.848045 -0.488075 0.7576 0.961218 -1.27007 
-1.01937 0.664048 -1.13771 0.589694 1.86282 -0.952378 
-0.726272 0.81001 -0.541068 0.574106 1.08096 -1.10513 
-0.72213 0.782456 -0.605403 0.455567 1.1975 -0.9929 
-0.718859 0.76691 -0.685305 0.375974 1.31316 -0.912786 
-0.922381 1.08538 0.0868916 -0.838102 -1.70706 0.317494 
-0.690316 1.11577 -0.34012 -0.651347 -1.32745 0.487527 
-0.922387 0.377967 0.272024 -1.52552 -0.82829 1.03656 
-0.690319 0.875652 -0.261248 -1.4053 -0.639195 1.05974 
-0.912537 0.191447 0.133191 -2.211 -0.863175 1.7346 
-0.903508 0.136846 -0.126112 0.566613 1.16302 -1.02673 
-0.678275 0.745548 -0.325129 0.655833 0.701591 -1.09174 
-0.896691 0.207928 -0.520134 0.416343 1.52633 -0.840092 
-0.673896 0.703981 -0.376599 0.442642 0.852779 -0.901833 
-0.670668 0.673196 -0.43881 0.327324 0.999532 -0.801812 
-0.668272 0.65318 -0.513683 0.258082 1.13779 -0.742607 
-0.74548 0.993187 0.38821 -0.522591 -1.78252 0.137967 
-0.63274 1.04786 -0.205832 -0.42623 -1.27843 0.336815 
-0.731576 0.522094 0.592595 -0.374684 -1.14261 0.162254 
-0.621642 0.906704 -0.132999 -0.322359 -0.80014 0.228601 
-0.745543 0.123583 0.593031 -1.10643 -0.577768 0.773435 
-0.632428 0.802291 -0.131654 -1.03139 -0.479381 0.770346 
-0.734383 -0.102579 0.440468 0.804309 0.530959 -1.13018 
-0.724658 -0.160262 0.170377 0.331632 0.921384 -0.669538 
-0.619584 0.660746 -0.189911 0.458654 0.455854 -0.7973 
-0.718726 -0.0923465 -0.203781 0.201459 1.32802 -0.553481 
-0.616132 0.615428 -0.240403 0.235656 0.650423 -0.604628 
-0.715175 0.114589 -0.756563 0.158484 1.75513 -0.50521 
-0.614169 0.581454 -0.30153 0.150536 0.829039 -0.545347 
-0.612946 0.558183 -0.374172 0.109621 0.9896 -0.525252 
-0.460218 0.955564 0.593855 0.139707 -1.86025 0.0936952 
-0.554006 0.987344 -0.0923822 0.0480662 -1.20628 0.0654219 
-0.449138 0.410203 0.803137 0.257826 -1.22423 -0.0893572 
-0.547505 0.856485 -0.0389335 0.195993 -0.827188 -0.1336 
-0.460426 -0.0978481 0.82615 0.322693 -0.434687 -0.348173 
-0.554174 0.740718 -0.018955 0.109341 -0.413007 -0.182555 
-0.464003 -0.354253 0.652576 -0.342203 0.302143 0.214667 
-0.55542 0.656556 -0.039684 0.580043 -0.0431226 -0.743123 
-0.463004 -0.394704 0.360189 -0.149269 0.825417 -0.0498896 
-0.553983 0.591659 -0.0776545 -0.166209 0.269879 -0.0557624 
-0.462709 -0.308739 -0.0180906 -0.118073 1.25609 -0.144578 
-0.553146 0.54233 -0.127806 -0.118676 0.509506 -0.149947 
-0.463295 -0.113061 -0.523342 -0.106906 1.66443 -0.218247 
-0.553001 0.504629 -0.187803 -0.0924359 0.707423 -0.214739 
-0.553185 0.477855 -0.258544 -0.0742969 0.879745 -0.264777 
-0.102518 0.949421 0.669932 0.777005 -1.8586 0.153241 
-0.477868 0.946163 -0.016759 0.403481 -1.22929 -0.126676 
-0.0976245 0.365337 0.888646 0.820522 -1.35087 -0.229913 
-0.475823 0.819924 0.0297734 0.532684 -0.922631 -0.341885 
-0.102518 -0.198727 0.919281 1.18692 -0.811146 -0.921403 
-0.478305 0.706299 0.0497005 0.708202 -0.604536 -0.628839 
-0.482125 0.61222 0.0406137 1.19374 -0.344278 -1.21975 
-0.121124 -0.512777 0.444577 -0.652631 1.00932 0.580364 
-0.484769 0.539748 0.00840495 -1.02976 0.326927 0.921766 
-0.128439 -0.416845 0.0642934 -0.480925 1.35434 0.298986 
-0.486646 0.484262 -0.0381476 -0.559654 0.485398 0.389115 
-0.134374 -0.219368 -0.428641 -0.416576 1.70759 0.11036 
-0.488247 0.441752 -0.0955424 -0.374528 0.659594 0.154174 
-0.489729 0.410923 -0.163826 -0.279942 0.822361 0.0182974 
0.255903 0.943495 0.636612 1.27605 -1.80116 0.136543 
-0.407524 0.917052 0.038684 0.620144 -1.2909 -0.223984 
0.259306 0.388454 0.844195 1.30164 -1.47834 -0.325786 
-0.405314 0.790505 0.0854768 0.750859 -1.02322 -0.451939 
-0.407382 0.675824 0.105468 0.947441 -0.758512 -0.760687 
0.247114 -0.423967 0.713978 1.93778 -1.16483 4.60739 
-0.411313 0.577767 0.100634 1.30653 -0.549923 -1.22845 
0.236433 -0.476839 0.427767 -0.910437 1.33131 0.982628 
0.226664 -0.393928 0.0547691 -0.754612 1.57447 0.664974 
-0.418383 0.437937 0.0323924 -0.868214 0.555713 0.785524 
0.21842 -0.204187 -0.434437 -0.696178 1.85463 0.409407 
-0.42102 0.390667 -0.0216679 -0.620559 0.681438 0.480931 
-0.42332 0.355914 -0.0872972 -0.474446 0.818567 0.286828 
0.549922 0.952481 0.502446 1.63764 -1.79927 0.0183939 
-0.337382 0.894458 0.0844721 0.774583 -1.36132 -0.274458 
-0.335714 0.766894 0.129189 0.907294 -1.11303 -0.514552 
-0.33734 0.649742 0.150655 1.10005 -0.875161 -0.826005 
0.534849 -0.310147 0.315133 -0.985427 1.62362 1.24613 
0.526843 -0.252427 -0.045046 -0.894543 1.81095 0.932032 
-0.34897 0.400769 0.0876759 -1.02679 0.657603 1.02165 
-0.352018 0.349511 0.0366774 -0.788104 0.74501 0.722112 
-0.35468 0.311223 -0.0263358 -0.629248 0.854133 0.510923 
-0.266475 0.877094 0.120724 0.898159 -1.42907 -0.303156 
0.765399 0.602391 0.439091 -1.23656 1.7604 2.64436 
-0.264666 0.747853 0.164965 1.0315 -1.19299 -0.552409 
0.763619 0.250111 0.463422 -1.15876 1.70045 -4.0765 
-0.266358 0.628323 0.186988 1.21791 -0.970575 -0.865469 
-0.27032 0.524903 0.186339 -1.66579 0.809698 1.90179 
-0.281443 0.316923 0.0818866 -0.88907 0.824849 0.891241 
-0.28421 0.275934 0.0209507 -0.738417 0.913371 0.685172 
-0.194492 0.864338 0.147726 1.00463 -1.49151 -0.321622 
0.915732 0.773864 0.116593 -1.09751 1.9246 -3.73581 
-0.192523 0.733622 0.19165 1.13747 -1.2646 -0.577664 
0.914239 0.487487 0.13968 -1.03377 1.87988 -4.08942 
-0.194221 0.612042 0.214144 1.31716 -1.05315 -0.891082 
0.910914 0.296351 0.0348939 -0.968035 1.91635 -4.43951 
-0.198317 0.506752 0.21449 1.54877 -0.906635 -1.24299 
-0.206122 0.34838 0.162459 -1.12102 0.857521 1.2533 
-0.209424 0.292326 0.115405 -0.946083 0.908408 1.01295 
-0.212182 0.249375 0.0560364 -0.810489 0.983504 0.819496 
-1.03417 1.18494 -0.297335 -0.931845 -1.91574 0.612186 
-0.7369 0.986178 -0.445712 -0.718597 -1.5165 0.712452 
-1.04207 0.869143 -0.146433 -1.07347 -1.58304 0.750434 
-0.742382 0.884461 -0.415292 -0.915379 -1.23749 0.826262 
-1.04978 0.646485 -0.187806 -1.51359 -1.45548 1.10888 
-0.752017 0.82433 -0.468454 -1.41383 -1.17257 1.1832 
-1.0341 0.497547 -0.658524 0.864797 1.45035 -1.17935 
-0.731293 0.733151 -0.716294 0.642028 1.22519 -1.02182 
-0.726258 0.755611 -0.859683 0.507434 1.40221 -0.902771 
-0.722133 0.805466 -1.04454 0.422369 1.57532 -0.814244 
-0.912538 1.00676 0.120251 -0.71678 -1.95353 0.37486 
-0.68419 0.896979 -0.285694 -0.512787 -1.44739 0.548531 
-0.922352 0.639046 0.267991 -0.828807 -1.52816 0.513815 
-0.690387 0.792282 -0.259206 -0.705093 -1.13808 0.64858 
-0.912538 0.128016 -0.201135 0.737795 1.13352 -1.05692 
-0.68404 0.61377 -0.423691 0.758964 0.785856 -1.06996 
-0.903613 0.246842 -0.664462 0.515773 1.53157 -0.803086 
-0.678279 0.608998 -0.533115 0.489136 0.993085 -0.843301 
-0.67391 0.619775 -0.657222 0.355284 1.18963 -0.73712 
-0.670675 0.648631 -0.804985 0.279499 1.37291 -0.676868 
-0.625523 0.819533 -0.153331 -0.297932 -1.37449 0.384525 
-0.745942 0.45232 0.58904 -0.512636 -1.48653 0.306552 
-0.632412 0.712116 -0.130062 -0.475478 -1.04422 0.460106 
-0.731338 0.0469339 0.598611 -0.530185 -0.717698 0.415833 
-0.621632 0.606828 -0.12753 -0.468523 -0.527444 0.412265 
-0.734372 -0.170961 0.0950487 0.501307 0.865205 -0.741373 
-0.625508 0.51805 -0.284096 0.589913 0.543744 -0.844921 
-0.724659 -0.0642196 -0.327059 0.272073 1.30525 -0.537327 
-0.619584 0.506941 -0.385952 0.280203 0.784023 -0.581104 
-0.718754 0.226153 -1.01333 0.201228 1.80953 -0.456383 
-0.61613 0.511625 -0.501444 0.167739 1.00841 -0.505819 
-0.614168 0.531429 -0.634411 0.118499 1.20864 -0.485377 
-0.555334 0.746415 -0.0386278 0.0246124 -1.28866 0.156776 
-0.460423 0.299704 0.820796 0.135221 -1.43524 0.0353304 
-0.554073 0.63756 -0.0190912 0.0559934 -0.930149 0.0489888 
-0.449151 -0.180277 0.810928 0.396728 -0.669594 -0.317379 
-0.547621 0.543352 -0.0330533 0.288342 -0.528305 -0.250813 
-0.460424 -0.401699 0.60957 2.23346 -0.169331 3.98893 
-0.554017 0.475113 -0.0834724 0.507937 -0.0923182 -0.588688 
-0.464005 -0.404367 0.283306 -0.153622 0.710806 0.003663 
-0.555419 0.43778 -0.166028 -0.077642 0.309919 -0.0895477 
-0.462993 -0.280972 -0.135645 -0.117321 1.20425 -0.109342 
-0.554011 0.422873 -0.265596 -0.0769665 0.624487 -0.153419 
-0.462562 -0.0328034 -0.718227 -0.112783 1.6775 -0.193569 
-0.553168 0.423168 -0.376591 -0.0751961 0.875851 -0.205507 
-0.553018 0.437063 -0.501279 -0.0677495 1.08732 -0.253594 
-0.48212 0.695121 0.0392131 0.334633 -1.27252 -0.054683 
-0.102519 0.227726 0.913572 0.739104 -1.50825 -0.175872 
-0.478319 0.587794 0.0516543 0.466137 -0.965961 -0.263615 
-0.0976231 -0.292095 0.897344 1.06177 -0.957142 -0.80107 
-0.475927 0.496599 0.0349561 0.717898 -0.662807 -0.602903 
-0.478322 0.425778 -0.00912674 1.22494 -0.403864 -1.21235 
-0.112166 -0.512467 0.361427 -0.80619 0.957857 0.718219 
-0.482124 0.380125 -0.0809652 -0.983183 0.38684 0.900045 
-0.121143 -0.383762 -0.053972 -0.559934 1.3147 0.351287 
-0.484781 0.357966 -0.173405 -0.509846 0.598589 0.349103 
-0.128263 -0.140045 -0.614662 -0.474084 1.71253 0.115269 
-0.486677 0.352553 -0.278629 -0.343735 0.822904 0.121749 
-0.488261 0.361141 -0.396856 -0.265585 1.02305 -0.00633235 
0.247137 0.818268 0.69811 1.22739 -1.99623 0.189372 
-0.411249 0.655207 0.099497 0.548509 -1.31584 -0.187918 
0.255902 0.25401 0.86931 1.20717 -1.65105 -0.300649 
-0.407484 0.549363 0.107294 0.697895 -1.05355 -0.422277 
-0.405855 0.458096 0.0897815 0.941941 -0.80373 -0.761949 
0.255914 -0.456169 0.654601 -1.39539 1.24101 -4.70485 
0.247145 -0.470576 0.340194 -1.07658 1.34296 1.06408 
-0.411276 0.335598 -0.0184695 -1.23884 0.562855 1.2189 
0.236408 -0.356575 -0.0664455 -0.874723 1.56814 0.68985 
-0.415205 0.307588 -0.104063 -0.801593 0.675249 0.699318 
0.226506 -0.122 -0.622862 -0.797689 1.86552 0.378528 
-0.418392 0.296821 -0.203366 -0.57068 0.844128 0.40174 
-0.421026 0.30045 -0.315569 -0.445792 1.0149 0.221257 
0.543288 0.836915 0.56179 1.56967 -1.99726 0.0723715 
-0.340917 0.62419 0.147796 0.697947 -1.38105 -0.267461 
0.549902 0.358758 0.708402 1.54463 -1.80719 -6.66334 
-0.337191 0.518324 0.153077 0.848373 -1.1481 -0.508785 
-0.335704 0.425953 0.134727 1.08144 -0.928285 -0.844219 
-0.337341 0.351747 0.0932703 1.42076 -0.76413 -1.29072 
0.535258 -0.214637 -0.170165 -1.03813 1.83278 0.913773 
-0.345361 0.267126 -0.0507617 -0.951518 0.780577 0.898649 
-0.348946 0.252215 -0.145105 -0.727346 0.905268 0.60577 
-0.352016 0.25206 -0.25255 -0.58876 1.04658 0.408235 
-0.269542 0.599858 0.186505 0.813137 -1.45127 -0.3189 
-0.266359 0.494007 0.189101 0.959556 -1.23953 -0.562042 
-0.264647 0.399979 0.170474 1.18304 -1.03827 -0.893346 
0.763616 -0.0104205 0.293318 -1.24508 1.85799 1.79641 
-0.266362 0.323873 0.129453 1.48498 -0.890297 -1.30735 
-0.274593 0.234886 -0.00989792 -1.02633 0.886831 1.01825 
-0.278302 0.217312 -0.100865 -0.826439 0.984732 0.748382 
-0.281423 0.214116 -0.204465 -0.694048 1.1011 0.555027 
-0.198327 0.582688 0.213273 0.907958 -1.52032 -0.356473 
-0.194232 0.475739 0.216152 1.05037 -1.32483 -0.598944 
-0.192425 0.380428 0.197031 1.26471 -1.13747 -0.925509 
-0.19419 0.302829 0.156189 -1.60161 1.00079 1.82487 
-0.202645 0.210592 0.0200532 -1.06358 0.988232 1.09864 
-0.206343 0.191058 -0.0684308 -0.889002 1.06864 0.853005 
-0.209459 0.185957 -0.169451 -0.768558 1.16819 0.6694 
-0.731508 0.828676 -0.494549 -0.5993 -1.5116 0.813956 
-1.03401 0.819527 -0.153322 -0.882074 -1.77899 0.793378 
-0.736901 0.766165 -0.515462 -0.7506 -1.30076 0.908887 
-1.04235 0.591936 -0.17215 -1.08918 -1.43971 1.01724 
-0.742392 0.709625 -0.55801 -1.03486 -1.05798 1.11433 
-1.04972 0.499463 -0.393477 1.58446 1.4428 -1.67767 
-0.736901 0.792549 -1.09744 0.741202 1.34057 -0.870938 
-0.678305 0.728857 -0.332863 -0.409477 -1.41993 0.625539 
-0.91253 0.574972 0.264472 -0.665369 -1.73125 0.564755 
-0.684053 0.66025 -0.350117 -0.55258 -1.18744 0.706051 
-0.922377 0.292514 0.243014 -0.876154 -1.28199 0.796696 
-0.690318 0.599267 -0.391809 -0.846171 -0.904058 0.915625 
-0.922387 0.125187 -0.270817 1.01337 1.05083 -1.14004 
-0.690319 0.569896 -0.633978 0.942828 0.814115 -1.06331 
-0.912537 0.299258 -0.824882 0.658317 1.48292 -0.757248 
-0.68404 0.622051 -0.8386 0.575157 1.10834 -0.760937 
-0.6783 0.722129 -1.11048 0.409893 1.41299 -0.629692 
-0.619585 0.640608 -0.198575 -0.202335 -1.33199 0.428564 
-0.734583 0.368214 0.587224 -0.376688 -1.67208 0.360281 
-0.625508 0.568364 -0.216304 -0.333343 -1.07559 0.487795 
-0.74557 0.0141939 0.558681 -0.585461 -1.08401 0.559073 
-0.632405 0.504603 -0.258673 -0.615309 -0.755433 0.682126 
-0.731335 -0.185587 0.375634 -1.07908 -0.38674 1.04646 
-0.621633 0.452774 -0.329734 -1.08669 -0.259155 1.0725 
-0.745543 -0.174186 0.0245209 0.794137 0.754068 -0.896655 
-0.632405 0.461975 -0.48209 0.802226 0.582952 -0.919134 
-0.734374 -0.0291419 -0.454073 0.398096 1.23354 -0.538228 
-0.625509 0.497327 -0.658216 0.377609 0.896189 -0.567581 
-0.619584 0.565201 -0.872884 0.21102 1.20049 -0.457459 
-0.616131 0.691382 -1.18079 0.142035 1.5023 -0.4256 
-0.553989 0.563115 -0.0892286 0.0473161 -1.25458 0.20119 
-0.464001 0.191174 0.820106 0.100048 -1.59507 0.115575 
-0.555416 0.486214 -0.107017 0.0288763 -0.960188 0.14694 
-0.460394 -0.242376 0.780433 0.177482 -0.859308 -0.0632096 
-0.554019 0.419827 -0.149688 0.0816597 -0.5826 0.0143326 
-0.449152 -0.423707 0.556592 1.07849 -0.275618 -1.0623 
-0.547512 0.379037 -0.232201 0.780275 -0.205129 -0.769679 
-0.460433 -0.404999 0.209112 -0.268809 0.524847 0.180196 
-0.554017 0.370358 -0.354643 -0.15301 0.298423 0.0637663 
-0.463983 -0.249385 -0.252839 -0.112888 1.08873 -0.0607029 
-0.55542 0.3968 -0.51551 -0.0367367 0.699836 -0.135396 
-0.463004 0.0814487 -0.969997 -0.110077 1.67326 -0.16284 
-0.554011 0.450893 -0.706399 -0.0522697 1.03646 -0.189252 
-0.553158 0.53685 -0.94259 -0.0595077 1.32719 -0.239275 
-0.485116 0.499867 -0.00554227 0.295707 -1.23002 -0.0179121 
-0.111954 0.0950334 0.922834 0.633648 -1.63013 -0.134687 
-0.48241 0.423745 -0.0294941 0.394503 -0.95417 -0.189176 
-0.102515 -0.366569 0.863834 0.883043 -1.0554 -0.659311 
-0.478322 0.362698 -0.0808665 0.647056 -0.660176 -0.523038 
-0.475926 0.324321 -0.162385 1.2213 -0.445374 -1.18699 
-0.102513 -0.500594 0.276977 -1.03572 0.897186 0.929846 
-0.478322 0.310832 -0.273379 -1.04074 0.442833 0.980413 
-0.112067 -0.345611 -0.172896 -0.677067 1.23053 0.440284 
-0.482127 0.325862 -0.416414 -0.522029 0.680977 0.37317 
-0.120629 -0.0421295 -0.83075 -0.544124 1.68696 0.124729 
-0.484838 0.367561 -0.588296 -0.339035 0.969846 0.112911 
-0.486712 0.435771 -0.794649 -0.264905 1.2367 -0.0283239 
-0.415202 0.451371 0.0566342 0.491501 -1.25849 -0.183792 
0.24712 0.120321 0.882937 1.06946 -1.78121 -0.302966 
-0.411311 0.377134 0.0270969 0.632062 -1.02347 -0.399076 
-0.407519 0.318081 -0.0267425 0.897596 -0.795766 -0.74941 
0.259251 -0.474293 0.589676 -1.6044 1.28853 1.69097 
-0.407519 0.264195 -0.213589 1.89064 -0.629054 -1.93037 
0.247052 -0.312687 -0.19063 -1.03168 1.52818 0.737293 
-0.411314 0.273254 -0.346642 -0.807633 0.772797 0.677575 
0.23643 -0.0169591 -0.84763 -0.922984 1.84593 0.342106 
-0.415204 0.306351 -0.505238 -0.566761 0.990904 0.356317 
-0.418393 0.362847 -0.692382 -0.445146 1.21578 0.162961 
-0.345343 0.412298 0.106567 0.6339 -1.31497 -0.298724 
0.543637 0.243934 0.723182 1.3821 -1.9549 -0.39485 
-0.341158 0.339441 0.0736855 0.779588 -1.11384 -0.521422 
-0.337331 0.281375 0.0180093 1.02739 -0.925917 -0.856603 
0.552459 -0.286488 0.457576 -1.55347 1.67193 -4.54064 
-0.33571 0.242655 -0.0623729 1.39319 -0.800956 -1.3184 
-0.337341 0.225578 -0.166659 -1.3189 0.784439 1.29571 
0.543289 -0.168133 -0.301806 -1.22124 1.82028 0.900406 
-0.34117 0.231315 -0.294128 -0.95256 0.885057 0.838024 
-0.345346 0.258764 -0.443401 -0.720192 1.05305 0.5246 
-0.34897 0.307446 -0.617505 -0.586061 1.23922 0.316362 
-0.274523 0.381459 0.145856 0.740947 -1.38233 -0.380891 
-0.27032 0.309718 0.110512 0.880729 -1.20734 -0.600392 
-0.266359 0.251909 0.053699 1.10986 -1.04446 -0.918665 
0.765305 -0.0328872 0.236379 -1.48962 1.94502 -4.49362 
-0.264701 0.212638 -0.0267819 1.43204 -0.935863 -1.33948 
-0.27032 0.198175 -0.254337 -1.03353 0.995501 0.933833 
-0.274593 0.222125 -0.397642 -0.82209 1.13145 0.640848 
-0.278285 0.265397 -0.562612 -0.692282 1.28744 0.435712 
-0.202646 0.358741 0.174709 0.825566 -1.45396 -0.443932 
-0.198322 0.287354 0.138078 0.957069 -1.29785 -0.657386 
-0.194226 0.229753 0.0802891 1.16983 -1.15298 -0.960547 
-0.198312 0.173372 -0.225437 -1.08279 1.10015 0.998655 
-0.202646 0.194969 -0.364687 -0.892672 1.21475 0.726629 
-0.206284 0.234487 -0.523283 -0.772671 1.34865 0.530286 
-0.726309 0.748772 -0.666819 -0.508688 -1.38279 0.913438 
-1.02602 0.764477 -0.16467 -0.728538 -1.88192 0.859457 
-0.731293 0.733186 -0.751862 -0.642419 -1.22373 1.02297 
-1.03411 0.568518 -0.216472 -0.856379 -1.57527 1.03417 
-0.736909 0.72706 -0.85829 -0.870191 -1.03534 1.20906 
-0.673902 0.634399 -0.492726 -0.3427 -1.28787 0.698873 
-0.903507 0.504296 0.254867 -0.534641 -1.82803 0.630068 
-0.678281 0.605951 -0.559983 -0.45698 -1.10158 0.779174 
-0.912537 0.25923 0.202077 -0.662809 -1.43213 0.796961 
-0.684039 0.588601 -0.650176 -0.681468 -0.881977 0.954872 
-0.922396 0.123831 0.0144754 -1.01703 -1.04667 1.14726 
-0.690321 0.594957 -0.788264 -1.18592 -0.687811 1.39377 
-0.922373 0.363217 -0.994953 0.856804 1.34429 -0.720885 
-0.615851 0.535012 -0.350124 -0.152128 -1.20093 0.471054 
-0.724753 0.278003 0.576917 -0.266872 -1.75277 0.414922 
-0.619449 0.500762 -0.411938 -0.236847 -0.986956 0.512389 
-0.734374 -0.0262138 0.514398 -0.397416 -1.23811 0.536143 
-0.625507 0.479149 -0.499005 -0.446148 -0.730454 0.666967 
-0.745544 -0.177699 0.307727 -0.809356 -0.740414 0.917406 
-0.632412 0.476864 -0.62357 -1.02767 -0.480438 1.18001 
-0.731335 -0.17999 -0.03188 1.0332 0.397521 -0.996806 
-0.621632 0.506173 -0.807481 0.666269 0.376435 -0.631311 
-0.74557 0.0102265 -0.577283 0.587229 1.07922 -0.562896 
-0.632424 0.66746 -1.19875 0.490507 0.999055 -0.488864 
-0.553163 0.452429 -0.241898 0.0637641 -1.13235 0.226616 
-0.463001 0.0812929 0.807062 0.110081 -1.67307 0.162817 
-0.554011 0.414446 -0.30259 0.0577346 -0.893031 0.179678 
-0.463986 -0.283646 0.728468 0.116658 -1.03173 0.0529861 
-0.55542 0.387189 -0.383865 0.0428741 -0.584542 0.127744 
-0.460419 -0.428586 0.492668 0.352632 -0.399309 -0.273316 
-0.554017 0.380146 -0.501345 0.234392 -0.194733 -0.14755 
-0.449151 -0.389691 0.129925 -0.765767 0.353226 0.73398 
-0.547511 0.412873 -0.680062 -0.502753 0.302445 0.483393 
-0.460394 -0.213132 -0.367337 -0.170686 0.900903 0.0525799 
-0.554022 0.505011 -0.948652 -0.0653772 0.75563 -0.0350085 
-0.464003 0.284853 -1.37917 -0.100583 1.67769 -0.123908 
-0.486702 0.383558 -0.156541 0.280105 -1.10978 -0.0104073 
-0.121056 -0.035173 0.915245 0.544099 -1.69315 -0.120132 
-0.48482 0.34543 -0.220333 0.364858 -0.88024 -0.155045 
-0.112101 -0.419792 0.815035 0.708838 -1.13461 -0.5244 
-0.482093 0.3199 -0.305662 0.573215 -0.615827 -0.43758 
-0.102532 -0.536552 0.554935 -1.94378 0.806581 1.96652 
-0.478318 0.317922 -0.428193 1.18507 -0.409713 -1.13883 
-0.0975923 -0.477579 0.187453 1.84469 -0.834575 -1.96719 
-0.475927 0.34752 -0.594858 -1.06501 0.480487 1.01245 
-0.102518 -0.299351 -0.294824 -0.844299 1.11839 0.5761 
-0.478319 0.418702 -0.822589 -0.566234 0.760489 0.416578 
-0.112167 0.0982984 -1.11906 -0.632802 1.63245 0.132852 
-0.482126 0.578389 -1.19396 -0.349364 1.16062 0.0971616 
-0.418753 0.327626 -0.0891091 0.460904 -1.13374 -0.205519 
0.236429 -0.00971321 0.881816 0.924694 -1.85046 -0.335869 
-0.415205 0.291904 -0.159284 0.591969 -0.935445 -0.400453 
0.247115 -0.369468 0.776109 1.03761 -1.47933 -0.820507 
-0.411314 0.269994 -0.249723 0.849261 -0.736878 -0.734707 
-0.405835 0.296042 -0.530104 1.88411 -0.658606 -1.95954 
0.255905 -0.261066 -0.319829 -1.21612 1.45619 0.807759 
-0.407519 0.357794 -0.739045 -0.834253 0.854068 0.656152 
0.247122 0.134639 -1.15143 -1.07182 1.78778 0.290919 
-0.411304 0.478392 -1.04012 -0.584855 1.15288 0.2978 
-0.348972 0.283546 -0.0397422 0.59994 -1.18424 -0.355809 
-0.345354 0.249049 -0.11079 0.738266 -1.01834 -0.560037 
0.54329 -0.18003 0.628993 -1.92536 1.81302 2.22087 
-0.341171 0.229207 -0.203224 0.978083 -0.864188 -0.877685 
0.549936 -0.301641 0.392077 -1.78199 1.6811 -4.50707 
-0.337341 0.229149 -0.323923 1.35411 -0.776112 -1.34527 
-0.335707 0.254336 -0.479193 -1.35116 0.809756 1.25777 
0.550136 -0.113725 -0.440193 -1.43062 1.76376 0.903895 
-0.337333 0.310624 -0.677763 -0.985702 0.962025 0.785734 
-0.341129 0.412907 -0.945565 -0.743602 1.20084 0.432526 
-0.27829 0.248253 0.000202047 0.70198 -1.24978 -0.468039 
-0.274593 0.215335 -0.0729717 0.833906 -1.10903 -0.667975 
-0.27032 0.196738 -0.166367 1.04816 -0.982465 -0.960465 
0.763635 -0.0508374 0.176004 -1.75511 1.96259 1.76386 
-0.266357 0.197058 -0.286639 -1.77649 0.912565 1.77197 
-0.264677 0.221158 -0.439607 -1.40835 0.941062 1.29934 
0.763622 0.128679 -0.683736 1.56477 -2.00205 4.05117 
-0.266359 0.274254 -0.6323 -1.08349 1.06841 0.865079 
-0.27032 0.367682 -0.883847 -0.855432 1.26937 0.522954 
-0.274594 0.564925 -1.30994 -0.72508 1.54477 0.234632 
-0.20635 0.221985 0.0294844 0.778753 -1.32211 -0.556093 
-0.202643 0.190014 -0.0448441 0.899973 -1.19943 -0.747136 
-0.19831 0.172338 -0.138882 1.09127 -1.09138 -1.01717 
-0.194228 0.247617 -0.599906 -1.15299 1.16986 0.918296 
-0.198324 0.334968 -0.840378 -0.940488 1.34446 0.590321 
-0.202646 0.50009 -1.20864 -0.818195 1.57335 0.315562 
-0.722133 0.810158 -1.05998 -0.469776 -1.13251 1.02846 
-1.01936 0.707272 -0.179537 -0.599706 -1.90742 0.9203 
-0.72626 0.907995 -1.33065 -0.626859 -0.953987 1.20611 
-1.02606 0.545273 -0.271905 -0.688139 -1.63304 1.075 
-1.03409 0.479336 -0.499259 -0.889885 -1.33453 1.32054 
-0.670671 0.64992 -0.811851 -0.313654 -1.0683 0.775219 
-0.897272 0.432681 0.23919 -0.434949 -1.85408 0.690583 
-0.673899 0.682194 -0.967634 -0.427596 -0.890844 0.878616 
-0.903508 0.226258 0.149188 -0.516897 -1.4951 0.822555 
-0.678279 0.766996 -1.21677 -0.677755 -0.678549 1.12018 
-0.912548 0.127312 -0.0620814 -0.7403 -1.12772 1.06276 
-0.61401 0.53073 -0.63977 -0.132378 -0.998184 0.515193 
-0.718766 0.190058 0.55671 -0.199483 -1.76995 0.464503 
-0.61613 0.548272 -0.77274 -0.198638 -0.797658 0.555437 
-0.724659 -0.0632879 0.456497 -0.271929 -1.30711 0.536773 
-0.619584 0.588956 -0.945056 -0.375708 -0.561129 0.7024 
-0.734372 -0.172537 0.230114 -0.508914 -0.849093 0.752996 
-0.625515 0.693117 -1.23169 -1.08167 -0.33237 1.38283 
-0.731341 0.0437074 -0.685019 0.532855 0.71391 -0.419317 
-0.553016 0.438652 -0.518882 0.0740885 -0.943241 0.24158 
-0.462712 -0.0237597 0.783036 0.113 -1.68574 0.19429 
-0.553166 0.446731 -0.636914 0.0863659 -0.732713 0.18944 
-0.462999 -0.315468 0.661928 0.120877 -1.1346 0.100244 
-0.554009 0.473847 -0.787475 0.0996155 -0.468734 0.12698 
-0.464005 -0.414428 0.409345 0.181496 -0.586411 -0.0385503 
-0.55542 0.538376 -1.00521 0.205026 -0.116369 -0.0401686 
-0.449151 -0.162747 -0.490741 -0.386003 0.690678 0.303573 
-0.48826 0.362842 -0.424696 0.283668 -0.929138 -0.025738 
-0.128413 -0.154324 0.89266 0.472822 -1.69798 -0.122509 
-0.486664 0.368572 -0.539901 0.379905 -0.731905 -0.171904 
-0.121149 -0.454397 0.749637 0.585176 -1.19454 -0.432239 
-0.484789 0.391898 -0.684229 0.603605 -0.506925 -0.458744 
-0.112145 -0.526971 0.473329 0.932827 -0.825288 -0.919064 
-0.482127 0.449658 -0.888537 1.32542 -0.329484 -1.26492 
-0.478242 0.601407 -1.25631 -0.817028 0.531379 0.758264 
-0.0975981 -0.242152 -0.427327 -1.02334 0.98876 0.733352 
-0.421124 0.301361 -0.351421 0.46422 -0.956278 -0.255088 
0.22667 -0.130361 0.865028 0.795772 -1.8589 -0.386201 
-0.418393 0.308144 -0.469064 0.605856 -0.788013 -0.45307 
0.236928 -0.414462 0.718315 0.878095 -1.4922 -0.780643 
-0.415205 0.332433 -0.613751 0.877974 -0.623266 -0.795145 
-0.411314 0.386835 -0.808794 1.40536 -0.536931 -1.4139 
0.255902 -0.402501 0.0594949 1.44619 -1.21938 4.55312 
0.259331 -0.201062 -0.459274 -1.39362 1.34685 0.890442 
-0.352018 0.253365 -0.298178 0.604068 -1.00909 -0.437865 
-0.348959 0.26024 -0.414457 0.752597 -0.870535 -0.645901 
0.535044 -0.231497 0.579865 1.03006 -1.81379 -0.944585 
-0.345321 0.285011 -0.557993 0.998712 -0.74855 -0.964673 
-0.33734 0.445169 -1.02883 -1.28343 0.794355 1.098 
0.552703 -0.0502633 -0.590738 -1.63304 1.65267 0.927546 
-0.281429 0.215101 -0.256076 0.704359 -1.07688 -0.577214 
-0.278302 0.223078 -0.37306 0.843363 -0.962228 -0.778454 
-0.274574 0.248205 -0.515443 1.05721 -0.864844 -1.06617 
-0.266359 0.397901 -0.963575 -1.39599 0.904961 1.1648 
0.765399 0.209725 -0.871877 -1.81328 1.86959 0.871969 
-0.209459 0.186756 -0.225685 0.77537 -1.15213 -0.68646 
-0.206331 0.195323 -0.342618 0.899783 -1.05327 -0.875031 
-0.202646 0.22094 -0.484313 1.08285 -0.97261 -1.13326 
-0.192412 0.638927 -1.49062 -1.15916 1.23462 0.648333 
-1.01414 0.653014 -0.202141 -0.49731 -1.88646 0.968927 
-1.01938 0.523927 -0.335533 -0.562703 -1.62294 1.10955 
-1.02622 0.499934 -0.61187 -0.710188 -1.33686 1.32236 
-1.0341 0.690456 -1.22681 2.07505 1.0411 -1.35987 
-0.891889 0.366408 0.212936 -0.359088 -1.83759 0.740917 
-0.896695 0.196953 0.0866868 -0.4171 -1.49962 0.850433 
-0.903509 0.137041 -0.157598 -0.568927 -1.15474 1.0325 
-0.912503 0.202434 -0.554034 -0.94875 -0.847097 -4.84795 
-0.612947 0.757123 -1.29671 -0.154018 -0.636958 0.588991 
-0.715177 0.109951 0.525892 -0.15831 -1.74908 0.506167 
-0.718726 -0.0930416 0.387291 -0.201551 -1.32618 0.553859 
-0.724658 -0.159918 0.134554 -0.335464 -0.906969 0.675815 
-0.734368 -0.101052 -0.240282 -0.810871 -0.528961 1.13741 
-0.745556 0.132476 -0.859691 1.09277 0.582473 -0.756963 
-0.553155 0.584873 -1.03133 0.0940503 -0.653423 0.237419 
-0.463307 -0.118601 0.748762 0.106709 -1.65826 0.217289 
-0.553024 0.780575 -1.46579 0.176514 -0.34192 0.118884 
-0.462714 -0.339147 0.58514 0.121659 -1.17583 0.134264 
-0.463005 -0.391012 0.309816 0.168232 -0.711155 0.0235686 
-0.464 -0.314724 -0.071769 0.475657 -0.220825 -0.352589 
-0.460425 -0.0951709 -0.636302 -0.320846 0.43759 0.346108 
-0.489739 0.481918 -0.888275 0.332057 -0.670314 -0.0888677 
-0.13443 -0.256675 0.855571 0.414206 -1.66263 -0.130178 
-0.488247 0.588966 -1.16376 0.537056 -0.453475 -0.34443 
-0.128441 -0.47632 0.671948 0.502735 -1.21581 -0.376077 
-0.121165 -0.504317 0.376714 0.745446 -0.859311 -0.73619 
-0.112159 -0.40455 -0.018042 -1.84109 0.658966 1.72985 
-0.102519 -0.172716 -0.577997 -1.16081 0.822809 0.883253 
-0.423483 0.403779 -0.785396 0.530481 -0.719394 -0.364687 
0.218459 -0.234611 0.832587 0.689136 -1.82344 -0.436321 
-0.421025 0.490952 -1.02474 0.768835 -0.554645 -0.662449 
0.226762 -0.444744 0.646295 0.758823 -1.47438 -0.759209 
0.236428 -0.468262 0.348478 0.950972 -1.23091 -1.1238 
0.255978 -0.129279 -0.617891 -1.54076 1.19942 0.979485 
-0.354687 0.347656 -0.717462 0.67704 -0.786791 -0.581053 
-0.352018 0.423665 -0.935204 0.898805 -0.661502 -0.866994 
0.526791 -0.2702 0.517005 0.885705 -1.77901 -0.972016 
-0.348953 0.592929 -1.31646 1.33992 -0.567216 -1.40217 
0.534859 -0.306467 0.231758 -2.15809 1.58504 1.83735 
0.549935 0.929478 -2.37359 1.45042 -1.36513 3.4073 
-0.28421 0.303455 -0.664938 0.774358 -0.866375 -0.742235 
-0.281406 0.374408 -0.872194 0.965592 -0.765244 -1.00092 
0.763617 0.825717 -2.01743 -1.99658 1.50276 6.78177 
-0.21218 0.271122 -0.627724 0.836531 -0.948772 -0.865211 
-0.209449 0.339614 -0.829299 1.00077 -0.862599 -1.09972 
-0.206349 0.464864 -1.12821 -1.89098 0.799829 1.69712 
0.910806 0.333354 -0.74265 0.947152 -1.87118 -1.90984 
-1.01008 0.605043 -0.235341 -0.41866 -1.83917 1.00632 
-1.01414 0.509181 -0.410813 -0.470696 -1.57372 1.13439 
-1.01943 0.532315 -0.749896 -0.58992 -1.2812 1.33125 
-0.887962 0.307788 0.176664 -0.302129 -1.79562 0.781088 
-0.891611 0.175706 0.0132283 -0.34725 -1.47074 0.875352 
-0.896639 0.154602 -0.26907 -0.460956 -1.13906 1.02465 
-0.903511 0.269478 -0.726966 -0.751709 -0.805994 1.35394 
-0.712845 0.0409496 0.484043 -0.131202 -1.70495 0.54002 
-0.715163 -0.113484 0.308238 -0.161123 -1.31343 0.575794 
-0.718725 -0.139379 0.0248984 -0.245243 -0.92724 0.65348 
-0.724672 -0.0452251 -0.383838 -0.531502 -0.536705 0.931826 
-0.4643 -0.194405 0.699651 0.0974622 -1.60893 0.236519 
-0.463319 -0.353078 0.499535 0.115356 -1.17739 0.163808 
-0.462715 -0.361727 0.198388 0.161543 -0.770405 0.0648597 
-0.462987 -0.254967 -0.208349 0.334275 -0.339484 -0.164938 
-0.464003 0.00823014 -0.83848 -0.389947 0.26544 0.4907 
-0.139497 -0.338089 0.804504 0.365972 -1.60579 -0.136059 
-0.134433 -0.486609 0.584542 0.443533 -1.20535 -0.338692 
-0.128428 -0.473385 0.2674 0.629475 -0.874505 -0.624115 
-0.121165 -0.348071 -0.148224 1.06612 -0.627202 -1.16582 
-0.112102 -0.0792077 -0.766766 -1.2809 0.663571 1.03103 
0.211525 -0.318413 0.785402 0.60337 -1.7625 -0.477032 
0.218493 -0.461257 0.563421 0.670393 -1.43468 -0.746404 
0.226719 -0.444874 0.243565 0.83022 -1.18934 -1.05466 
0.513745 -0.152769 0.649641 0.770133 -1.98685 -0.70822 
0.519773 -0.295719 0.442362 0.776373 -1.72176 -0.99667 
0.543291 0.139775 -1.00457 -1.90649 1.30259 0.996417 
0.742107 -0.0525999 0.229692 -2.32333 1.9527 1.97851 
0.902517 0.231582 -0.385022 0.78939 -1.90596 -1.58832 
0.906539 0.401335 -0.929521 0.815321 -1.70288 4.36033 
-1.01758 1.29126 -0.313552 -1.68562 -1.64786 0.588639 
-0.620908 1.32111 -0.382984 -1.36066 -1.41903 0.616634 
-1.01497 0.942513 -0.104835 -1.8146 -1.37113 0.847608 
-0.616048 1.17363 -0.272634 -1.49404 -1.11042 0.80472 
-0.608213 1.04984 -0.208922 -1.74416 -0.908458 1.08334 
-0.998099 0.48356 -0.141374 -2.32888 -1.3633 1.55361 
-0.601168 0.948471 -0.178546 -2.03452 -0.842638 1.38672 
-0.990766 0.406666 -0.354823 0.650162 1.571 -1.32707 
-0.984987 0.457475 -0.731976 0.573683 1.84644 -1.10991 
-0.58993 0.780706 -0.160778 0.693764 0.894036 -1.3047 
-0.585866 0.710561 -0.169981 0.564111 0.956867 -1.15449 
-0.582572 0.649502 -0.191466 0.466974 1.03147 -1.03781 
-0.895043 1.13397 0.106287 -1.30212 -1.48017 0.318081 
-0.559094 1.25847 -0.234669 -1.02384 -1.26405 0.460325 
-0.883348 0.722561 0.322331 -1.33318 -1.00281 0.588456 
-0.546149 1.09976 -0.119951 -1.04123 -0.813378 0.579738 
-0.541773 0.98068 -0.0786991 -1.47988 -0.598213 0.98868 
-0.865692 0.171769 0.249153 0.794115 1.00477 -1.428 
-0.536988 0.880798 -0.058981 -1.965 -0.558831 1.45792 
-0.858049 0.0766121 0.0328378 0.558692 1.28517 -1.13061 
-0.851981 0.0983995 -0.297073 0.448757 1.59209 -0.947329 
-0.528181 0.712834 -0.0521975 0.60327 0.690753 -1.10196 
-0.847152 0.269096 -0.822226 0.415447 1.94776 -0.787426 
-0.52492 0.641666 -0.064542 0.458057 0.786245 -0.946994 
-0.522312 0.579564 -0.0883328 0.363088 0.887382 -0.842195 
-0.689708 0.580218 0.618336 -0.841968 -0.907865 0.298003 
-0.476457 1.05772 -0.026391 -0.695186 -0.722947 0.364072 
-0.471298 0.933131 0.0162539 -1.08006 -0.407791 0.729521 
-0.670644 -0.111319 0.537309 0.656164 0.692926 -1.08817 
-0.466553 0.829065 0.0362363 -1.84196 -0.297215 1.47997 
-0.663787 -0.208199 0.301005 0.372926 1.06449 -0.777486 
-0.462955 0.737763 0.043142 -2.45583 -0.373252 2.08678 
-0.658763 -0.176737 -0.0321491 0.272806 1.42029 -0.65064 
-0.460314 0.655983 0.0393349 0.411812 0.502838 -0.785304 
-0.655051 -0.0286327 -0.493007 0.234712 1.77757 -0.570107 
-0.458347 0.58309 0.0248784 0.282276 0.635375 -0.658524 
-0.456851 0.51922 -0.000517047 0.210029 0.762559 -0.587903 
-0.382587 1.06052 0.580052 0.00977644 -1.64057 0.000681501 
-0.386244 1.18132 -0.0349777 0.00668636 -1.14635 -0.00274949 
-0.405339 0.495204 0.818641 -0.244052 -0.946035 0.0296823 
-0.400481 1.02868 0.0464398 -0.29638 -0.715209 0.113095 
-0.396257 -0.041676 0.867361 -0.635477 -0.192767 0.449639 
-0.394811 0.899658 0.0909462 -0.344944 -0.339824 0.150627 
-0.389012 -0.346148 0.728711 0.10209 0.482674 -0.292304 
-0.390215 0.791138 0.111823 -0.893595 -0.0629401 0.689667 
-0.385603 -0.42787 0.468066 0.0214037 0.956426 -0.23305 
-0.388051 0.696011 0.118538 -3.03729 -0.183003 2.81622 
-0.38428 -0.373864 0.122932 0.00563462 1.34225 -0.2396 
-0.387187 0.610987 0.114053 0.0193934 0.36632 -0.259056 
-0.383916 -0.217757 -0.323675 0.000871057 1.70241 -0.253855 
-0.386843 0.535279 0.0987602 0.00434326 0.527022 -0.260662 
-0.386495 0.467763 0.073865 -0.00121662 0.67218 -0.268875 
0.00302605 1.06735 0.622444 0.698334 -1.66322 0.0766288 
-0.295757 1.16673 0.00489525 0.425554 -1.20419 -0.161868 
-0.0101074 0.4832 0.880673 0.641032 -1.09101 -0.226309 
-0.302932 1.01559 0.0927796 0.391261 -0.823632 -0.276637 
-0.0201052 -0.116765 0.946398 1.2447 -0.491036 -1.04994 
-0.306669 0.882009 0.142748 0.51674 -0.481237 -0.490901 
-0.0260858 -0.445828 0.802298 -0.719335 0.645329 0.790913 
-0.30731 0.767907 0.167401 1.03938 -0.254295 -1.06398 
-0.0314984 -0.520304 0.531923 -0.418581 1.04244 0.404501 
-0.0364737 -0.455669 0.181711 -0.319574 1.39299 0.232394 
-0.310007 0.578262 0.171562 -0.565409 0.349103 0.462892 
-0.0407945 -0.293575 -0.262232 -0.279824 1.72736 0.113827 
-0.311413 0.498855 0.15688 -0.355065 0.492517 0.221331 
-0.312685 0.429609 0.13082 -0.251338 0.633178 0.0910865 
0.361445 1.05814 0.554148 1.25438 -1.58369 0.0394394 
-0.210114 1.16121 0.0227305 0.720401 -1.27369 -0.251526 
0.356935 0.526113 0.792305 -1.84197 1.24098 2.77238 
-0.213412 1.01398 0.109823 0.792013 -0.980065 -0.44176 
-0.218696 0.878072 0.167293 0.938049 -0.696659 -0.702764 
-0.223588 0.757615 0.198824 1.25892 -0.494813 -1.11083 
0.323706 -0.445325 0.490625 -0.710617 1.28057 0.910506 
-0.227496 0.651595 0.212159 -1.40489 0.41732 -4.79568 
0.315174 -0.398317 0.149102 -0.584059 1.55568 0.655748 
-0.230755 0.557316 0.211837 2.17833 -0.44953 4.13501 
0.308123 -0.246303 -0.29283 -0.534215 1.84247 0.460664 
-0.233558 0.473791 0.199137 -0.671035 0.539415 0.65718 
-0.235968 0.401119 0.174344 -0.494158 0.651416 0.442747 
0.633526 1.06631 0.389776 1.66016 -1.58114 -0.114253 
-0.129483 1.15811 0.031891 0.933744 -1.33702 -0.303379 
0.63119 0.609523 0.600562 1.72541 -1.3855 -6.77755 
-0.131576 1.01394 0.116958 1.02246 -1.08556 -0.509693 
0.62382 0.173168 0.666182 -1.22534 1.28199 -4.15696 
-0.136812 0.877248 0.178377 1.16289 -0.848663 -0.770366 
-0.142296 0.754322 0.215045 1.39822 -0.674012 -1.10538 
0.605538 -0.243276 0.348119 -0.811636 1.53002 1.24329 
-0.147227 0.644342 0.233256 -1.43311 0.589199 1.64803 
0.598026 -0.223913 0.0231227 -0.723451 1.75168 0.971339 
-0.151339 0.546155 0.236519 2.0208 -0.584278 -1.86866 
0.591744 -0.0870201 -0.422167 -0.705081 2.00099 0.72985 
-0.154863 0.459084 0.226394 -0.864684 0.633838 0.963751 
-0.157936 0.383287 0.203436 -0.67623 0.714892 0.72924 
0.824262 1.12434 0.137497 -1.21297 1.68212 2.85279 
-0.0513142 1.15783 0.0329231 1.0999 -1.39159 -0.336867 
-0.0533018 1.01445 0.117765 1.19194 -1.16012 -0.552971 
0.817818 0.387059 0.388049 -1.03333 1.50976 -4.13957 
-0.0586191 0.877337 0.181462 1.32234 -0.952691 -0.807729 
-0.0635954 0.754883 0.220129 -1.62731 0.803996 2.03959 
-0.0797315 0.375135 0.219118 -0.791107 0.800479 0.942525 
0.0251767 1.16038 0.0259982 1.23751 -1.43965 -0.361977 
0.0231167 1.01739 0.110683 1.331 -1.21926 -0.586422 
0.953823 0.621312 0.0378783 -0.90477 1.71073 -4.16114 
0.0184725 0.882543 0.17379 1.45545 -1.03184 -0.836659 
0.948933 0.418855 -0.0329526 -0.82897 1.78365 1.82376 
0.00449554 0.545812 0.247519 -1.15905 0.824547 1.51989 
0.000963165 0.455197 0.241704 2.14758 -0.84588 -1.84827 
-0.00223845 0.375807 0.222345 -0.852749 0.893 1.09634 
-1.01484 1.21131 -0.245646 -1.42622 -1.85028 0.535592 
-0.615761 1.04002 -0.200189 -1.10432 -1.57828 0.579903 
-1.01766 0.889542 -0.100893 -1.66913 -1.66797 0.77739 
-0.620816 0.924594 -0.166526 -1.39091 -1.38404 0.795869 
-1.01484 0.616802 -0.0658359 -1.85992 -1.44715 1.12776 
-0.61605 0.805732 -0.129315 -1.60674 -1.10564 1.05593 
-0.608359 0.713967 -0.131964 1.21567 0.976191 4.53342 
-0.9981 0.403595 -0.440854 0.79214 1.62863 -1.31523 
-0.990762 0.513192 -0.908641 0.700698 1.9228 -1.04461 
-0.594954 0.593281 -0.202298 0.715832 1.06632 -1.23542 
-0.58994 0.551522 -0.254461 0.575091 1.15481 -1.08005 
-0.585865 0.52123 -0.318758 0.478394 1.25102 -0.966561 
-0.883472 1.05431 0.172479 -0.989044 -1.76757 0.270864 
-0.5463 0.975504 -0.0575179 -0.684575 -1.44336 0.388712 
-0.894755 0.665845 0.319222 -1.33238 -1.41564 0.567195 
-0.559072 0.849029 -0.0249919 -1.08872 -1.16545 0.645821 
-0.883591 0.313664 0.36041 -1.58419 -0.960484 1.03348 
-0.546312 0.715584 0.0168546 -1.27982 -0.713829 0.908236 
-0.874567 0.118488 0.217979 0.986353 1.01982 -1.49474 
-0.54191 0.62908 -0.00552423 1.26227 0.629187 4.61529 
-0.865685 0.0609386 -0.04215 0.673509 1.30588 -1.13449 
-0.85805 0.12539 -0.424491 0.534814 1.63551 -0.91798 
-0.53223 0.513078 -0.0911552 0.590868 0.852775 -1.02023 
-0.52818 0.471895 -0.146314 0.449646 0.981992 -0.875689 
-0.524933 0.441114 -0.211797 0.358655 1.10613 -0.778707 
-0.689705 0.984228 0.447764 -0.659117 -1.85465 0.0918712 
-0.476496 0.933222 0.0343129 -0.443088 -1.41925 0.266376 
-0.689728 0.0582929 0.662132 -1.26939 -0.662491 0.889442 
-0.476548 0.658987 0.109965 -0.96089 -0.543384 0.691259 
-0.679732 -0.173032 0.500449 0.867401 0.687933 -1.21449 
-0.471301 0.567316 0.0879978 1.3265 0.368602 -1.6238 
-0.670649 -0.225908 0.223918 0.463775 1.05865 -0.793783 
-0.466553 0.499071 0.0496222 0.648708 0.48597 -0.964344 
-0.663787 -0.154691 -0.149663 0.327233 1.43829 -0.634795 
-0.462965 0.445446 0.00180086 0.384765 0.663531 -0.712555 
-0.658811 0.0453705 -0.683639 0.279513 1.83383 -0.534354 
-0.460315 0.403451 -0.0550492 0.264767 0.83135 -0.600608 
-0.458347 0.372191 -0.121775 0.19998 0.983068 -0.54113 
-0.405339 0.967289 0.624605 -0.213945 -1.96589 0.0319002 
-0.400495 0.896641 0.109264 -0.19593 -1.39123 0.148926 
-0.382586 0.381686 0.856852 0.0103214 -1.23856 -0.00338752 
-0.386247 0.743494 0.173367 0.00767609 -0.916876 -0.00466857 
-0.405341 -0.161022 0.872075 -0.554318 -0.381556 0.406163 
-0.400503 0.615732 0.184482 -0.447906 -0.458183 0.293377 
-0.396257 -0.413446 0.6858 0.288078 0.412364 -0.441997 
-0.394813 0.519061 0.164339 -1.44834 -0.113701 1.27155 
-0.388977 -0.442832 0.386703 0.0603152 0.92021 -0.238519 
-0.390215 0.447006 0.126374 0.169875 0.293928 -0.365679 
-0.385618 -0.349489 0.00650326 0.0179962 1.33958 -0.224825 
-0.387982 0.390541 0.0782754 0.0359933 0.527934 -0.253568 
-0.384554 -0.15189 -0.494241 0.00566637 1.73738 -0.237187 
-0.38714 0.346986 0.0203844 0.00995392 0.72394 -0.24823 
-0.386806 0.314538 -0.0470721 0.00252726 0.893549 -0.258379 
-0.0100997 0.961529 0.685522 0.606479 -1.94471 0.142472 
-0.302895 0.866193 0.162698 0.290093 -1.36172 -0.0585881 
0.00290706 0.353109 0.911856 0.717674 -1.33733 -0.199375 
-0.294668 0.72261 0.213265 0.479713 -0.991787 -0.277162 
-0.0101085 -0.242066 0.944802 1.08847 -0.642103 -0.886457 
-0.30287 0.590889 0.235096 0.544688 -0.570515 -0.474792 
-0.0200938 -0.511387 0.755587 -0.8905 0.612073 0.945791 
-0.306666 0.487941 0.220546 1.13344 -0.255036 -1.14499 
-0.0260829 -0.530882 0.448177 -0.486812 1.01149 0.454265 
-0.307544 0.410732 0.184278 -0.820061 0.301031 0.757924 
-0.0314942 -0.427896 0.0649918 -0.364924 1.38931 0.252716 
-0.308621 0.350795 0.136425 -0.43555 0.499854 0.332164 
-0.0364436 -0.226879 -0.429158 -0.320064 1.75613 0.11296 
-0.310075 0.303776 0.0794464 -0.292209 0.685723 0.153616 
-0.31144 0.269236 0.0121449 -0.219793 0.85266 0.051381 
0.356936 0.947607 0.618775 1.22599 -1.82233 0.113791 
-0.213123 0.850179 0.185679 0.644273 -1.39445 -0.203736 
0.361437 0.399351 0.823887 1.27191 -1.46453 -0.331543 
-0.210124 0.712021 0.232393 0.787085 -1.09856 -0.428188 
-0.212618 0.584309 0.255917 0.972754 -0.798139 -0.724548 
0.334132 -0.452391 0.406422 -0.834601 1.30449 0.960385 
0.323698 -0.369226 0.0320175 -0.675181 1.57647 0.664515 
-0.227493 0.32522 0.176543 -0.801805 0.58956 0.807477 
0.315141 -0.178051 -0.461895 -0.617026 1.87921 0.433471 
-0.230748 0.274467 0.121477 -0.56826 0.725053 0.525777 
-0.233559 0.236781 0.055781 -0.432682 0.866692 0.349749 
0.630716 0.962694 0.451242 1.61162 -1.80781 -0.0334402 
-0.131711 0.842594 0.196653 0.863342 -1.45299 -0.279308 
-0.129539 0.706986 0.241825 0.995893 -1.19914 -0.510965 
-0.131582 0.580862 0.264485 1.17995 -0.955231 -0.808568 
-0.136631 0.470964 0.26306 1.46498 -0.765292 -1.20265 
0.605838 -0.195906 -0.0954207 -0.839408 1.80082 0.953097 
-0.146955 0.310793 0.20073 -0.978786 0.724419 1.08184 
-0.151338 0.257034 0.148303 -0.752369 0.81338 0.798545 
-0.154831 0.216217 0.0848402 -0.60098 0.923051 0.598914 
0.822568 1.03093 0.195626 -1.29766 1.89924 -3.34406 
-0.0536859 0.840527 0.198884 1.02115 -1.51701 -0.322223 
0.824262 0.648618 0.351858 1.8899 -1.76937 -6.82145 
-0.0515047 0.706341 0.24291 1.15122 -1.28708 -0.560818 
0.822702 0.317869 0.375619 -1.16567 1.70072 2.19484 
-0.053357 0.58068 0.26599 1.32572 -1.07162 -0.855705 
-0.058078 0.470761 0.266436 1.56359 -0.911175 -1.20652 
-0.0685323 0.307007 0.210758 -1.05021 0.855402 1.23936 
-0.0727852 0.249859 0.161594 -0.856811 0.917606 0.984019 
-0.0764644 0.206746 0.100291 -0.714278 1.0039 0.787685 
0.0231034 0.844285 0.191121 1.14813 -1.57819 -0.350483 
0.024637 0.710024 0.235757 1.27578 -1.36452 -0.594414 
0.956617 0.566595 0.0222473 2.09058 -1.89345 5.30522 
0.0231031 0.585453 0.258535 1.44262 -1.16685 -0.887021 
0.953278 0.387015 -0.081451 -0.977108 1.92041 1.82821 
0.0185348 0.475552 0.260654 1.65006 -1.02604 -1.21069 
0.00447893 0.251671 0.162892 -0.908926 1.02124 1.11116 
0.000961803 0.206894 0.103571 -0.784062 1.09153 0.928677 
-0.608336 0.802732 -0.133648 -0.895634 -1.66869 0.642675 
-1.01485 0.82153 -0.0694663 -1.3698 -1.8134 0.75341 
-0.616042 0.705696 -0.127471 -1.11659 -1.46153 0.814373 
-0.620909 0.629139 -0.161339 -1.4521 -1.34056 1.08925 
-0.616042 0.551606 -0.191926 1.38268 1.14155 4.54675 
-1.00686 0.409682 -0.532509 0.994809 1.65431 -1.29932 
-0.60834 0.506375 -0.260167 1.03939 1.12238 -1.39962 
-0.998095 0.61086 -1.15395 0.881798 1.97179 -0.931206 
-0.601125 0.486759 -0.351953 0.788638 1.22598 -1.15604 
-0.594952 0.482704 -0.456771 0.628935 1.35337 -0.993088 
-0.58993 0.492918 -0.577027 0.524196 1.48132 -0.876128 
-0.542097 0.734691 -0.00692386 -0.595678 -1.56824 0.473828 
-0.883432 0.587128 0.356231 -0.961248 -1.6078 0.506885 
-0.546416 0.618859 0.0187834 -0.728397 -1.22924 0.575402 
-0.894991 0.283084 0.324628 -1.40597 -1.33912 0.943863 
-0.559078 0.534168 -0.0195349 -1.23329 -1.04102 0.963799 
-0.883485 0.0760697 0.187543 1.28793 1.02169 -1.62217 
-0.874585 0.0500216 -0.115419 0.838964 1.26797 -1.14545 
-0.541794 0.409283 -0.135576 0.901127 0.796909 -1.1952 
-0.865686 0.161422 -0.562086 0.647776 1.63896 -0.877053 
-0.536938 0.394576 -0.234469 0.623445 0.995304 -0.941786 
-0.532241 0.391559 -0.339936 0.474084 1.17305 -0.801593 
-0.528186 0.400737 -0.45709 0.381196 1.33227 -0.708429 
-0.471353 0.681749 0.0862194 -0.357875 -1.51992 0.333167 
-0.69012 0.413021 0.657778 -0.628912 -1.5646 0.31044 
-0.476514 0.560712 0.11149 -0.481836 -1.1545 0.403242 
-0.67976 -0.236591 0.147827 0.613755 0.999214 -0.839748 
-0.471303 0.335954 -0.0426025 0.703625 0.570751 -0.934169 
-0.670651 -0.125317 -0.273221 0.405427 1.41943 -0.618071 
-0.466555 0.318773 -0.13957 0.40065 0.809002 -0.658198 
-0.663909 0.147539 -0.920919 0.341241 1.88222 -0.482027 
-0.462955 0.315024 -0.244148 0.274215 1.02143 -0.54959 
-0.460313 0.323121 -0.359136 0.208478 1.20552 -0.495307 
-0.394818 0.634472 0.162508 -0.113575 -1.46706 0.187813 
-0.405343 0.279991 0.866279 -0.197375 -1.52937 0.123735 
-0.400497 0.510107 0.186142 -0.217986 -1.08806 0.215956 
-0.382599 -0.248907 0.865194 0.01701 -0.616348 -0.0139551 
-0.386245 0.393563 0.179097 0.0112119 -0.572688 -0.00941337 
-0.405342 -0.462108 0.642927 0.784673 0.280982 -0.880009 
-0.400496 0.318264 0.118617 -1.29628 -0.200334 1.17747 
-0.396226 -0.450429 0.306688 0.155596 0.818976 -0.283408 
-0.394812 0.276361 0.034275 0.312521 0.375384 -0.468017 
-0.389006 -0.319314 -0.113844 0.0498749 1.29675 -0.215428 
-0.390198 0.257097 -0.0616093 0.0785622 0.669335 -0.264534 
-0.385614 -0.0668738 -0.694899 0.0179356 1.75834 -0.217411 
-0.388039 0.252152 -0.165517 0.0238629 0.910116 -0.237404 
-0.38717 0.259077 -0.279104 0.00762964 1.11139 -0.24428 
-0.306652 0.59406 0.218921 0.233595 -1.41582 -0.012419 
-0.0101129 0.220482 0.938613 0.559695 -1.53452 -0.12806 
-0.30289 0.47025 0.236922 0.327504 -1.05492 -0.162756 
0.00296767 -0.325309 0.920895 0.977086 -0.881146 -0.755969 
-0.29505 0.36475 0.21812 0.650049 -0.691609 -0.529735 
-0.302889 0.281616 0.171971 1.15521 -0.310284 -1.13997 
-0.0200765 -0.534136 0.366132 -0.596237 0.920675 0.544521 
-0.306666 0.23402 0.0932885 -0.71978 0.35427 0.663858 
-0.0260723 -0.395248 -0.0544294 -0.419246 1.34236 0.281037 
-0.307544 0.21159 -0.00133938 -0.378016 0.627864 0.271796 
-0.0314504 -0.146625 -0.617384 -0.365872 1.76457 0.110318 
-0.30866 0.204333 -0.104219 -0.268531 0.864898 0.120945 
-0.310032 0.209311 -0.216335 -0.211205 1.06453 0.0287951 
-0.218408 0.56885 0.248607 0.550345 -1.4278 -0.192429 
0.356936 0.271778 0.84927 1.15484 -1.65448 -0.305185 
-0.212979 0.451035 0.25725 0.70957 -1.13795 -0.418349 
-0.210117 0.349815 0.238012 0.972088 -0.868824 -0.757901 
-0.213091 0.268661 0.194729 -1.76895 0.647392 1.89006 
0.346162 -0.448808 0.321291 -1.01301 1.30526 1.04491 
-0.218652 0.213771 0.125929 -1.18761 0.591405 1.22374 
0.334097 -0.333553 -0.0888275 -0.796563 1.56446 0.684376 
-0.223582 0.18425 0.0378704 -0.753866 0.721441 0.722822 
0.323644 -0.0950856 -0.653674 -0.719448 1.89324 0.397542 
-0.227496 0.17246 -0.0614815 -0.535848 0.900469 0.451329 
-0.230756 0.174222 -0.170876 -0.418122 1.07322 0.288991 
-0.136632 0.556087 0.261746 0.763544 -1.48388 -0.304833 
-0.131577 0.442082 0.266606 0.922257 -1.24436 -0.542719 
-0.129502 0.342731 0.247384 1.15331 -1.0264 -0.862567 
0.631017 -0.201874 0.466961 -1.33086 1.58551 -4.56423 
-0.131558 0.262313 0.20552 1.47031 -0.861367 -1.27454 
0.614453 -0.158754 -0.220983 -0.993397 1.82366 0.93217 
-0.142296 0.170395 0.0594361 -0.941801 0.863893 0.974636 
-0.147227 0.154191 -0.0353636 -0.720169 0.987419 0.692569 
-0.151329 0.152498 -0.141348 -0.582869 1.12552 0.503836 
-0.0580953 0.551851 0.265218 0.911295 -1.55498 -0.372929 
-0.0533085 0.440354 0.267935 1.06195 -1.34848 -0.610253 
-0.0513501 0.342022 0.248305 1.27481 -1.15971 -0.918548 
0.822553 0.0700972 0.210532 -1.24744 1.85052 -4.48241 
-0.0635732 0.165989 0.0679755 -1.02287 1.0005 1.11132 
-0.0685548 0.146846 -0.023075 -0.830184 1.09095 0.85438 
-0.0727881 0.142505 -0.126001 -0.699072 1.20168 0.666894 
0.0183903 0.554456 0.259517 1.02341 -1.62788 -0.418808 
0.0230828 0.445105 0.260837 1.16602 -1.44462 -0.652381 
0.0250286 0.347799 0.240683 1.36608 -1.27509 -0.951709 
0.00850525 0.149019 -0.0226505 -0.893071 1.19493 0.966083 
0.00447234 0.142776 -0.123085 -0.776681 1.28668 0.789526 
-0.601113 0.618923 -0.172446 -0.734064 -1.65288 0.754456 
-1.0062 0.756844 -0.053974 -1.11679 -1.94684 0.782549 
-0.608341 0.551785 -0.200142 -0.896098 -1.46932 0.890105 
-1.01484 0.536287 -0.0979108 -1.30547 -1.74031 1.06519 
-0.616043 0.500309 -0.259407 -1.1729 -1.3209 1.12636 
-0.616278 0.458992 -0.471605 1.23684 1.23915 -1.34886 
-0.608343 0.478462 -0.624811 0.923121 1.34292 -1.05427 
-0.601112 0.532954 -0.82029 0.731604 1.53448 -0.860884 
-0.594954 0.630944 -1.08199 0.622476 1.74255 -0.715476 
-0.536987 0.543122 -0.0529553 -0.512044 -1.54984 0.580374 
-0.874542 0.519713 0.350957 -0.824932 -1.82671 0.557871 
-0.541806 0.464849 -0.0693779 -0.622271 -1.29474 0.66498 
-0.883501 0.220666 0.329666 -0.985665 -1.38473 0.83184 
-0.546312 0.393328 -0.10779 -0.855742 -0.980358 0.855448 
-0.559078 0.367956 -0.217884 -1.4646 -0.959409 1.38718 
-0.883472 0.0445092 -0.182865 1.09401 1.17368 -1.20248 
-0.546316 0.338752 -0.320872 1.05764 0.803731 -1.17416 
-0.874566 0.204356 -0.705882 0.790345 1.57001 -0.826092 
-0.541784 0.367938 -0.485489 0.691777 1.07427 -0.848059 
-0.536956 0.419641 -0.670555 0.527113 1.34189 -0.700644 
-0.532234 0.496379 -0.890122 0.434038 1.57531 -0.603506 
-0.466556 0.478912 0.0421506 -0.287498 -1.47237 0.402817 
-0.680018 0.325185 0.654406 -0.516606 -1.76741 0.365521 
-0.471302 0.397104 0.0253129 -0.385115 -1.19749 0.460908 
-0.689709 -0.0532797 0.627045 -0.693011 -1.16894 0.619556 
-0.476501 0.322013 -0.0139333 -0.604672 -0.841215 0.626433 
-0.689715 -0.241232 0.0786643 0.87311 0.874226 -0.958694 
-0.4765 0.260706 -0.226373 0.875006 0.584969 -0.97942 
-0.679749 -0.0912982 -0.397835 0.520835 1.33926 -0.606787 
-0.471303 0.285746 -0.384578 0.462235 0.901785 -0.613859 
-0.670641 0.330484 -1.29995 0.431887 1.94348 -0.387139 
-0.466553 0.331614 -0.558551 0.308713 1.19102 -0.491459 
-0.462956 0.397964 -0.757761 0.235132 1.43871 -0.435301 
-0.390087 0.422365 0.118585 -0.0494836 -1.40447 0.211382 
-0.396257 0.167282 0.864554 -0.115055 -1.7005 0.161964 
-0.394721 0.337979 0.100421 -0.125909 -1.11093 0.2322 
-0.405244 -0.296329 0.82871 -0.246235 -0.929321 0.264858 
-0.400426 0.261486 0.0593226 -0.292547 -0.724214 0.335345 
-0.382589 -0.490306 0.599776 0.0904806 -0.109818 -0.0899544 
-0.386292 0.205556 -0.0179889 0.0300723 -0.187567 -0.0294578 
-0.40534 -0.451657 0.233418 0.339946 0.628239 -0.394034 
-0.400497 0.196971 -0.149389 0.536767 0.383961 -0.61764 
-0.396276 -0.285852 -0.233555 0.122287 1.1913 -0.22208 
-0.394794 0.218445 -0.301621 0.163912 0.759279 -0.29527 
-0.388988 0.0427408 -0.937955 0.0490379 1.75833 -0.192873 
-0.390198 0.260339 -0.468227 0.0556278 1.07189 -0.229529 
-0.388023 0.320234 -0.65507 0.0193604 1.33148 -0.227281 
-0.307829 0.376325 0.173951 0.22327 -1.35912 -0.00894113 
-0.0201064 0.08925 0.94362 0.466051 -1.67995 -0.0999362 
-0.306846 0.290456 0.152654 0.265381 -1.05697 -0.108651 
-0.0100572 -0.399158 0.892267 0.689407 -0.985382 -0.531974 
-0.302892 0.217074 0.105525 0.450583 -0.697794 -0.351699 
-0.295054 0.172211 0.0197557 1.14294 -0.438101 -1.10428 
-0.0101086 -0.526738 0.286513 -0.830192 0.802001 0.755472 
-0.302892 0.153094 -0.0929281 -0.840801 0.384888 0.799629 
-0.0200653 -0.359747 -0.172651 -0.49319 1.23382 0.330615 
-0.306708 0.168433 -0.23654 -0.361535 0.699394 0.257112 
-0.0261238 -0.0481096 -0.836111 -0.413979 1.74074 0.106546 
-0.307601 0.206673 -0.398243 -0.258456 1.01054 0.100276 
-0.308687 0.261862 -0.577557 -0.213206 1.26918 0.00847517 
-0.223571 0.346549 0.205277 0.479625 -1.369 -0.212667 
0.34616 0.144957 0.862482 0.998258 -1.7992 -0.308931 
-0.218648 0.263612 0.176916 0.615332 -1.11166 -0.408656 
0.357082 -0.28111 0.803121 1.17577 -1.41222 -0.854625 
-0.21309 0.197496 0.122148 0.89043 -0.864385 -0.748673 
0.361437 -0.449334 0.57357 -1.61138 1.25664 1.70146 
-0.210122 0.155066 0.0391655 1.3377 -0.705302 -1.26854 
0.357053 -0.434092 0.234752 -1.24349 1.29722 1.16398 
-0.213091 0.13558 -0.0674105 1.89317 -0.673112 -1.90189 
0.346035 -0.291975 -0.21127 -0.960821 1.51301 0.727898 
-0.218657 0.142517 -0.199341 -0.789753 0.816292 0.709739 
0.334139 0.0132758 -0.886385 -0.847045 1.87444 0.351857 
-0.223579 0.173239 -0.352345 -0.550544 1.0435 0.408404 
-0.227497 0.22269 -0.52429 -0.432607 1.26727 0.235083 
-0.142191 0.328818 0.221907 0.670932 -1.42333 -0.361777 
0.623815 0.28979 0.664567 1.34628 -1.96009 -0.427692 
-0.13663 0.250391 0.187756 0.825104 -1.21605 -0.581655 
-0.131576 0.188239 0.130072 1.07626 -1.03065 -0.90416 
0.633583 -0.223683 0.407496 -1.55431 1.65941 1.75517 
-0.12954 0.146884 0.0484166 1.41745 -0.912408 -1.32323 
0.623859 -0.112982 -0.352639 -1.19145 1.81189 0.918212 
-0.13663 0.130457 -0.181155 -0.984222 0.974 0.923862 
-0.142297 0.155429 -0.326527 -0.745956 1.13365 0.618813 
-0.147208 0.199317 -0.491149 -0.605592 1.31332 0.417089 
-0.0635923 0.321852 0.226864 0.805137 -1.49746 -0.463519 
-0.058073 0.246498 0.189977 0.951787 -1.32608 -0.680284 
-0.0532403 0.186573 0.131037 1.17636 -1.17485 -0.979599 
0.824273 0.0489494 0.154445 -1.49174 1.93679 1.78879 
-0.0580434 0.127335 -0.175434 -1.07368 1.11772 1.0309 
-0.0635922 0.148962 -0.315744 -0.863945 1.23914 0.751661 
-0.0685575 0.18911 -0.475118 -0.729273 1.38481 0.550618 
0.0132185 0.323499 0.222312 0.902943 -1.57657 -0.53618 
0.018526 0.250663 0.183862 1.03672 -1.4307 -0.743378 
0.0231028 0.192689 0.123774 1.23966 -1.30303 -1.02284 
0.0231028 0.132457 -0.0601881 1.77605 -1.19859 4.55939 
0.018475 0.132568 -0.180176 -1.1188 1.24579 1.09374 
0.0132188 0.152092 -0.317157 -0.936788 1.34394 0.84019 
0.00850459 0.189845 -0.473031 -0.81628 1.46614 0.648883 
-0.594954 0.508008 -0.318229 -0.612599 -1.5291 0.866754 
-0.601115 0.479553 -0.390083 -0.746352 -1.388 0.994845 
-1.00682 0.496794 -0.121845 -1.0279 -1.78877 1.08361 
-0.60834 0.463649 -0.485305 -0.961882 -1.24404 1.19552 
-1.01537 0.405466 -0.333328 1.87873 1.63631 -1.7225 
-0.616045 0.475682 -0.628542 -1.29597 -1.18922 1.51733 
-0.616097 0.652523 -1.16817 1.12366 1.4342 -0.871678 
-0.532225 0.424475 -0.199416 -0.439282 -1.42227 0.674383 
-0.865676 0.445645 0.340202 -0.702094 -1.94125 0.631371 
-0.53694 0.3877 -0.261393 -0.545363 -1.23459 0.765931 
-0.874572 0.187109 0.285813 -0.79058 -1.54989 0.846394 
-0.541785 0.358853 -0.339985 -0.729893 -0.999451 0.922858 
-0.883468 0.0451242 0.0966713 -1.0928 -1.17529 1.19923 
-0.546312 0.34593 -0.450894 -1.13544 -0.76391 1.28393 
-0.894993 0.0787431 -0.280045 1.51261 1.29321 -1.36136 
-0.559077 0.399423 -0.66225 1.38763 0.975697 -1.25166 
-0.883464 0.253887 -0.85127 0.978941 1.41083 -0.792327 
-0.546311 0.466745 -0.902177 0.789802 1.08245 -0.727394 
-0.541784 0.743154 -1.4796 0.595101 1.57564 -0.469018 
-0.462955 0.352904 -0.103903 -0.24004 -1.33102 0.461806 
-0.670828 0.229397 0.643612 -0.418438 -1.85555 0.429275 
-0.466553 0.312254 -0.16312 -0.319348 -1.11703 0.517715 
-0.679753 -0.0924954 0.579722 -0.521069 -1.33735 0.607515 
-0.471301 0.280418 -0.239758 -0.484255 -0.850043 0.648256 
-0.68974 -0.249111 0.368916 -0.90132 -0.847251 1.00213 
-0.476511 0.264453 -0.348127 -0.934427 -0.554352 1.05019 
-0.689799 -0.0556057 -0.514962 0.69454 1.16587 -0.622673 
-0.476508 0.365763 -0.767774 0.562174 0.919533 -0.559707 
-0.471307 0.529164 -1.1413 0.36469 1.37413 -0.388802 
-0.388026 0.292245 -0.0293387 -0.0198536 -1.25959 0.228888 
-0.388166 0.0457695 0.853713 -0.0482158 -1.76356 0.191176 
-0.3902 0.249125 -0.0881077 -0.0572652 -1.02512 0.232701 
-0.396268 -0.334824 0.774152 -0.127158 -1.11201 0.23362 
-0.394799 0.21566 -0.164619 -0.170149 -0.727672 0.303585 
-0.40534 -0.483349 0.534808 -0.443862 -0.473841 0.515606 
-0.400496 0.199002 -0.272566 -0.571538 -0.361938 0.654986 
-0.382589 -0.444458 0.166483 -0.035521 0.278106 0.0341572 
-0.386291 0.2128 -0.428892 -0.0308301 0.216091 0.0302308 
-0.40534 -0.25078 -0.34589 0.236296 0.991903 -0.246318 
-0.400496 0.287706 -0.666356 0.275906 0.779817 -0.312153 
-0.396257 0.227815 -1.31357 0.116036 1.75405 -0.155667 
-0.394812 0.418621 -0.980351 0.119739 1.23339 -0.21581 
-0.308688 0.244149 0.0242211 0.216701 -1.22299 -0.0193242 
-0.0259841 -0.0408444 0.932563 0.414715 -1.74761 -0.103372 
-0.307601 0.200314 -0.0367002 0.263281 -0.983591 -0.109057 
-0.0201014 -0.443815 0.839269 0.520886 -1.11402 -0.402404 
-0.306705 0.167138 -0.116083 0.369515 -0.683628 -0.267291 
-0.00998034 -0.569405 0.580189 1.03492 -0.664481 -1.03008 
-0.302892 0.154267 -0.228124 0.86666 -0.375899 -0.827475 
0.00291493 -0.501557 0.202098 -1.23025 0.746017 1.12121 
-0.295053 0.177219 -0.388691 -1.10561 0.446478 1.063 
-0.0101109 -0.318644 -0.288424 -0.647179 1.07584 0.449975 
-0.302892 0.233178 -0.592923 -0.432296 0.731377 0.327493 
-0.0201059 0.0922014 -1.12782 -0.466163 1.68241 0.0987054 
-0.306666 0.342959 -0.870057 -0.254629 1.13828 0.0843745 
-0.307542 0.570857 -1.3439 -0.218438 1.57664 -0.0404012 
-0.227497 0.210558 0.0576649 0.437244 -1.237 -0.249875 
0.334139 0.0205858 0.860034 0.848836 -1.8794 -0.345939 
-0.22358 0.169245 -0.00856296 0.556255 -1.02781 -0.419597 
0.346157 -0.34062 0.761193 0.966909 -1.4669 -0.795914 
-0.218657 0.141798 -0.0959609 0.797173 -0.808587 -0.720528 
-0.213091 0.136477 -0.214298 -1.88162 0.670138 1.88714 
-0.210099 0.158808 -0.367784 -1.3209 0.708916 1.24645 
0.356943 -0.241666 -0.337857 -1.16825 1.43447 0.801201 
-0.213091 0.209939 -0.558984 -0.87143 0.88309 0.719086 
0.346159 0.176299 -1.21263 -1.00392 1.8148 0.283972 
-0.218642 0.302841 -0.808899 -0.598175 1.16555 0.367776 
-0.223559 0.477024 -1.1899 -0.469805 1.5124 0.138788 
-0.14721 0.190126 0.075785 0.609646 -1.29188 -0.432137 
-0.142297 0.152521 0.00465563 0.750441 -1.12344 -0.629292 
0.623581 -0.11665 0.576264 -1.9521 1.80913 2.21759 
-0.13663 0.129958 -0.0876721 0.989013 -0.96936 -0.932359 
0.63098 -0.240069 0.344503 -1.79011 1.67024 1.78273 
0.63099 -0.0582123 -0.492362 -1.41512 1.75484 -5.36704 
-0.131577 0.199146 -0.543505 -1.06276 1.04317 0.877623 
-0.136631 0.284388 -0.780202 -0.81045 1.25549 0.537106 
-0.142297 0.438048 -1.12665 -0.662784 1.53203 0.276149 
-0.0685574 0.181124 0.0819609 0.732287 -1.36774 -0.566212 
-0.0635871 0.146426 0.00796585 0.867216 -1.23111 -0.761619 
-0.0580776 0.126962 -0.0866527 1.07653 -1.11439 -1.03804 
0.822556 0.0308408 0.0951692 -1.75725 1.95382 1.75668 
0.82256 0.222884 -0.793721 1.56445 -1.99473 -2.23919 
-0.0532854 0.197323 -0.540424 -1.16612 1.18555 0.953731 
-0.058079 0.278925 -0.770778 -0.941352 1.35845 0.634186 
-0.0635929 0.422034 -1.09928 -0.802474 1.58673 0.370973 
0.00850733 0.181869 0.0781957 0.818182 -1.45032 -0.665833 
0.0132959 0.149377 0.00269373 0.938741 -1.33617 -0.850285 
0.0184807 0.132082 -0.0933274 1.12168 -1.24197 -1.10231 
0.0250289 0.156377 -0.365029 -1.4935 1.22102 1.34848 
0.023103 0.204217 -0.548275 -1.23263 1.31208 0.995838 
0.0184626 0.28437 -0.77638 -1.03084 1.46018 0.694063 
0.0132145 0.423959 -1.09918 -0.907637 1.6566 0.434335 
-0.58993 0.495075 -0.595525 -0.540231 -1.32216 0.971037 
-0.594958 0.515611 -0.731566 -0.663759 -1.20152 1.1126 
-0.998095 0.464499 -0.165295 -0.82063 -1.81052 1.12428 
-0.601113 0.562209 -0.912541 -0.859065 -1.0794 1.32887 
-1.00677 0.399119 -0.399369 -0.98995 -1.58718 1.40285 
-0.608346 0.673514 -1.20952 -1.18701 -0.993427 1.69816 
-0.528182 0.401303 -0.46559 -0.394912 -1.22057 0.755729 
-0.858047 0.369845 0.324549 -0.585272 -1.97174 0.703154 
-0.532222 0.409972 -0.582858 -0.500894 -1.06597 0.863312 
-0.865687 0.153678 0.231168 -0.647197 -1.62634 0.886606 
-0.536938 0.435959 -0.729461 -0.68252 -0.889268 1.04201 
-0.874567 0.0503516 0.0179933 -0.838963 -1.27023 1.14368 
-0.541819 0.488936 -0.926115 -1.04626 -0.705079 1.39323 
-0.546313 0.643614 -1.30737 -1.78362 -0.696717 -4.15247 
-0.894991 0.363524 -1.0701 1.38387 1.35643 -0.844049 
-0.460313 0.323375 -0.364382 -0.215383 -1.13023 0.512907 
-0.663896 0.134825 0.624083 -0.339818 -1.86859 0.486711 
-0.462955 0.326035 -0.473042 -0.28823 -0.948296 0.574921 
-0.670651 -0.129516 0.51956 -0.405947 -1.41153 0.621319 
-0.466553 0.343051 -0.605302 -0.435201 -0.733179 0.706372 
-0.679724 -0.240038 0.288929 -0.628624 -0.967577 0.866976 
-0.471302 0.382739 -0.778714 -0.824415 -0.496601 1.07424 
-0.38717 0.259311 -0.287134 -0.0079 -1.06355 0.244776 
-0.385278 -0.06822 0.830357 -0.0175696 -1.75926 0.216362 
-0.388039 0.258823 -0.39211 -0.0249007 -0.8635 0.238985 
-0.388993 -0.367088 0.705506 -0.0516187 -1.20218 0.220675 
-0.390199 0.271792 -0.51856 -0.0845146 -0.618297 0.271885 
-0.396263 -0.464773 0.450147 -0.186833 -0.663158 0.324962 
-0.394774 0.30504 -0.680888 -0.373642 -0.313937 0.532954 
-0.405347 -0.409941 0.080563 -1.31266 -0.204118 1.42276 
-0.400496 0.384618 -0.926454 0.886436 0.249743 -0.757451 
-0.382526 -0.213301 -0.449243 -0.015501 0.662575 0.0120268 
-0.310034 0.209606 -0.232136 0.214842 -1.03567 -0.0360786 
-0.0314578 -0.163304 0.908407 0.364498 -1.74694 -0.117175 
-0.30866 0.208558 -0.33738 0.275512 -0.837316 -0.131447 
-0.0260848 -0.473153 0.769119 0.438899 -1.2025 -0.34781 
-0.307599 0.220865 -0.463668 0.394332 -0.597538 -0.2921 
-0.0200748 -0.552665 0.496735 0.721384 -0.742024 -0.729367 
-0.306664 0.25391 -0.625877 0.808423 -0.321439 -0.757751 
-0.302892 0.330834 -0.862905 -0.954134 0.350031 0.927616 
0.00292273 -0.263215 -0.411604 -0.926672 0.926816 0.674206 
-0.295054 0.564517 -1.3687 -0.526225 0.876364 0.355871 
-0.230756 0.174535 -0.196895 0.422419 -1.05586 -0.297852 
0.323707 -0.0966484 0.842777 0.71907 -1.89194 -0.399592 
-0.227497 0.175392 -0.305396 0.543687 -0.884149 -0.463822 
0.334327 -0.38392 0.703255 0.799691 -1.4928 -0.757883 
-0.223582 0.191244 -0.436836 0.77264 -0.704482 -0.747638 
0.346153 -0.459655 0.431249 1.05536 -1.2254 -1.18539 
-0.218602 0.230014 -0.605804 -1.90164 0.57923 1.85536 
0.356936 -0.384976 0.0504452 -1.71173 1.16976 1.42719 
-0.21309 0.3131 -0.846972 1.85792 -0.664382 -2.00227 
0.361538 -0.182356 -0.474463 -1.37318 1.32166 0.88904 
-0.21012 0.5126 -1.28669 -0.860126 0.982231 0.572575 
-0.15133 0.152783 -0.177338 0.586381 -1.11423 -0.511816 
-0.147227 0.156467 -0.289469 0.726434 -0.976794 -0.703851 
0.614453 -0.166689 0.529333 0.989769 -1.8143 -0.946928 
-0.142296 0.176261 -0.425373 0.955325 -0.852657 -0.995328 
0.623826 -0.249359 0.273834 1.12828 -1.63259 -1.32713 
-0.131583 0.30391 -0.837984 -1.41407 0.869694 1.18808 
-0.129501 0.493344 -1.25745 -1.06679 1.10399 0.684431 
-0.0727878 0.142816 -0.170407 0.701871 -1.19321 -0.674569 
-0.0685446 0.148883 -0.285017 0.834918 -1.08265 -0.864615 
-0.063592 0.17164 -0.423691 1.0333 -0.991805 -1.13013 
0.82426 0.316872 -1.00687 1.32594 -1.85642 -2.29617 
-0.051336 0.490805 -1.25341 -1.20869 1.21579 0.742806 
0.00447844 0.14313 -0.173962 0.778969 -1.27875 -0.797631 
0.00850571 0.151203 -0.290491 0.897102 -1.18684 -0.976941 
0.956596 0.410808 -0.757728 -2.00467 2.00499 1.20923 
0.0250255 0.507599 -1.27922 -1.31571 1.317 0.766459 
-0.585866 0.671225 -1.16365 -0.546926 -0.997712 1.12377 
-0.990796 0.436896 -0.22063 -0.668379 -1.78371 1.16195 
-0.998086 0.407657 -0.49398 -0.79081 -1.54162 1.40302 
-0.524924 0.524941 -0.941171 -0.400589 -0.932634 0.85884 
-0.85194 0.298274 0.300541 -0.486052 -1.95048 0.763115 
-0.52818 0.654994 -1.25559 -0.565069 -0.740836 1.05138 
-0.85805 0.122618 0.169002 -0.534584 -1.62907 0.921796 
-0.86572 0.0608674 -0.0775289 -0.673197 -1.3076 1.13303 
-0.874566 0.121347 -0.464568 -0.989834 -1.01611 1.50138 
-0.883468 0.46479 -1.3004 1.47096 0.967481 -0.8363 
-0.458347 0.425371 -0.801742 -0.219914 -0.859877 0.574041 
-0.658818 0.0485166 0.593907 -0.279853 -1.83783 0.533051 
-0.460315 0.506806 -1.0297 -0.318889 -0.664202 0.674198 
-0.663787 -0.16044 0.449502 -0.327917 -1.42376 0.639676 
-0.67065 -0.225237 0.192115 -0.472884 -1.02711 0.811865 
-0.679744 -0.165217 -0.180812 -0.885016 -0.675117 1.23716 
-0.689709 0.0556753 -0.772888 -1.86851 -0.662374 -4.0358 
-0.386798 0.349203 -0.702189 -0.00294034 -0.808078 0.25891 
-0.38423 -0.166017 0.793938 -0.00540571 -1.71953 0.237167 
-0.38712 0.413148 -0.899405 -0.0119411 -0.605148 0.250673 
-0.385605 -0.390851 0.626781 -0.0186694 -1.23258 0.226954 
-0.388052 0.543648 -1.21309 -0.0586772 -0.327715 0.278345 
-0.388988 -0.439299 0.348769 -0.0691286 -0.773945 0.251548 
-0.396259 -0.360656 -0.0308408 -0.398536 -0.29985 0.55951 
-0.405348 -0.145793 -0.583374 0.533532 0.396394 -0.383539 
-0.311446 0.293333 -0.63483 0.232502 -0.794146 -0.0700451 
-0.0364719 -0.268209 0.870414 0.31726 -1.70499 -0.129984 
-0.310087 0.351246 -0.821378 0.328879 -0.603305 -0.199239 
-0.0314963 -0.492851 0.688493 0.381139 -1.23346 -0.315696 
-0.308621 0.458783 -1.09381 0.591952 -0.37069 -0.504239 
-0.0260822 -0.523951 0.396049 0.567717 -0.828956 -0.587171 
-0.0101108 -0.20267 -0.545901 -1.0362 0.664427 0.820632 
-0.233559 0.254885 -0.592323 0.449618 -0.826121 -0.375306 
0.315164 -0.199415 0.810783 0.61209 -1.85605 -0.450717 
-0.230753 0.31267 -0.777969 0.614068 -0.667672 -0.585547 
0.323734 -0.414026 0.631412 0.6782 -1.48305 -0.739468 
-0.227497 0.413503 -1.03742 0.956297 -0.511659 -0.98834 
0.334143 -0.445857 0.339575 0.872197 -1.20479 -1.08089 
0.356936 -0.114029 -0.627642 -1.53151 1.1487 0.98294 
-0.154842 0.230943 -0.568265 0.616662 -0.893408 -0.624489 
-0.151339 0.290021 -0.754998 0.793611 -0.770739 -0.857182 
0.605583 -0.205674 0.46918 0.834935 -1.78197 -0.972707 
-0.147212 0.391066 -1.01305 1.09365 -0.667277 -1.23096 
0.614403 -0.248807 0.190145 0.946425 -1.57297 -1.29579 
0.631006 0.0867183 -0.82825 -1.79086 1.47454 0.958397 
-0.0764636 0.220161 -0.559861 0.728407 -0.979391 -0.813474 
-0.0727873 0.281026 -0.748444 0.890845 -0.881696 -1.03876 
0.805236 0.0575565 0.217604 -2.23264 2.0071 -4.267 
-0.0685455 0.38444 -1.00896 -2.00467 0.806051 1.77374 
0.817788 0.100196 -0.465562 1.04897 -1.71894 4.49287 
0.822555 0.499871 -1.37996 -1.99134 1.62564 0.775152 
0.000989625 0.220461 -0.563646 0.796343 -1.0688 -0.95483 
0.00447839 0.28375 -0.755429 0.937908 -0.986881 -1.16515 
0.0085089 0.3912 -1.02176 -2.00202 0.923301 1.68422 
0.948967 0.323573 -0.404535 -2.23694 1.98207 -4.72151 
0.953277 0.462483 -0.915284 -2.20278 1.83558 1.18706 
-0.980419 0.519804 -0.114517 -0.518276 -1.96855 1.02868 
-0.985 0.416617 -0.289057 -0.556834 -1.72229 1.19025 
-0.990765 0.428092 -0.611948 -0.654354 -1.46604 1.40728 
-0.998095 0.729219 -1.4012 2.24665 1.1453 -1.29245 
-0.847152 0.234787 0.266035 -0.407738 -1.89982 0.809723 
-0.851941 0.0984412 0.097598 -0.448872 -1.58987 0.947296 
-0.858058 0.076555 -0.185626 -0.558671 -1.28551 1.13039 
-0.865686 0.183593 -0.626498 2.33738 0.989589 -1.69491 
-0.655052 -0.0254023 0.552162 -0.234985 -1.78253 0.568811 
-0.658762 -0.182029 0.370092 -0.273707 -1.40022 0.656274 
-0.663787 -0.204256 0.0827352 -0.378876 -1.03769 0.789464 
-0.670649 -0.10868 -0.322323 -0.659786 -0.688979 1.09289 
-0.679725 0.176148 -1.01023 -1.60271 -0.505789 -4.20012 
-0.383872 -0.245642 0.744262 -0.000780427 -1.65971 0.254205 
-0.384268 -0.404132 0.539403 -0.0059396 -1.22662 0.240367 
-0.385608 -0.408461 0.235937 -0.0240637 -0.824199 0.237114 
-0.389025 -0.299664 -0.167645 -0.124267 -0.398797 0.316678 
-0.396257 -0.0463817 -0.77422 0.650714 0.189064 -0.465167 
-0.0408051 -0.351314 0.818556 0.277008 -1.6422 -0.138307 
-0.0364743 -0.502035 0.599269 0.334821 -1.22557 -0.291113 
-0.0314978 -0.489899 0.28395 0.478417 -0.867062 -0.507586 
-0.0260805 -0.36776 -0.126373 0.862822 -0.548181 -0.964267 
-0.0201181 -0.109652 -0.727544 -1.23135 0.493464 1.03479 
0.308132 -0.283195 0.764549 0.526877 -1.79268 -0.490823 
0.315181 -0.431458 0.548871 0.589119 -1.44585 -0.728773 
0.32372 -0.422176 0.234069 0.744736 -1.17392 -1.01137 
0.591616 -0.0875229 0.596129 0.705079 -2.00038 -0.729731 
0.597947 -0.232537 0.396622 0.719376 -1.72407 -0.995484 
0.605535 -0.236675 0.0911527 -2.32836 1.50202 1.86873 
0.623832 0.208606 -1.08445 1.23594 -1.26979 4.12096 
0.811405 0.145494 -0.607634 0.903512 -1.57609 4.50998 
0.944682 0.335078 -0.509693 0.768271 -1.87173 -1.611 
-0.979546 1.24706 -0.205222 -1.833 -1.7212 0.509274 
-0.457377 1.22699 -0.155205 -1.37623 -1.46563 0.488855 
-0.977584 0.902122 -0.0161831 -1.94277 -1.54432 0.772496 
-0.454459 1.08643 -0.0659227 -1.49615 -1.22729 0.686907 
-0.447826 0.955467 -7.45846e-05 -1.6612 -1.0178 0.936758 
-0.964223 0.410449 -0.0339431 0.848917 1.50951 -1.69021 
-0.440205 0.840134 0.0392703 1.2586 0.894105 -1.91696 
-0.957158 0.319021 -0.236378 0.716928 1.67566 -1.41094 
-0.433494 0.738839 0.0593173 1.03587 0.854716 -1.64228 
-0.951358 0.349108 -0.583464 0.655089 1.91052 -1.17078 
-0.427983 0.648695 0.0648603 -2.2941 -0.86937 1.73186 
-0.423444 0.568649 0.0573487 -2.44361 -0.91588 1.92039 
-0.419656 0.498757 0.0371662 0.582195 0.981862 -1.07069 
-0.847715 1.11585 0.16511 -1.54022 -1.56168 0.289582 
-0.388733 1.19181 -0.0633137 -1.12091 -1.36766 0.39565 
-0.843395 0.705782 0.370577 -1.61242 -1.23846 0.618197 
-0.382069 1.03856 0.0361622 -1.18842 -1.02393 0.579257 
-0.37388 0.904192 0.0944627 -1.41465 -0.764559 0.873057 
-0.367295 0.790605 0.12276 -1.76729 -0.648764 1.26229 
-0.813994 0.00433842 0.1123 0.656987 1.41238 -1.22625 
-0.361473 0.690106 0.135905 -2.10152 -0.63811 1.62933 
-0.806952 0.0213986 -0.212508 0.552617 1.68338 -1.00591 
-0.356592 0.599922 0.136971 -2.35624 -0.685583 1.91528 
-0.801332 0.174294 -0.704567 0.525197 1.997 -0.809578 
-0.35257 0.51948 0.126249 0.605569 0.762491 -1.01806 
-0.349273 0.4491 0.103591 0.48038 0.854321 -0.867648 
-0.645047 1.06057 0.439669 -1.03864 -1.53523 0.0600715 
-0.306043 1.1617 0.0212994 -0.736597 -1.27697 0.256841 
-0.626677 0.556225 0.676917 -0.958383 -0.981833 0.332251 
-0.290052 0.996909 0.124815 -0.637695 -0.813085 0.318186 
-0.288032 0.863876 0.167872 -0.993425 -0.503421 0.664991 
-0.610418 -0.172748 0.59353 0.773136 0.839889 -1.22097 
-0.602738 -0.2699 0.352838 0.501323 1.17835 -0.884593 
-0.596253 -0.235896 0.0186456 0.390788 1.5067 -0.710298 
-0.278658 0.56042 0.194575 0.616198 0.50474 -0.921472 
-0.59114 -0.0890343 -0.434555 0.34831 1.83814 -0.584295 
-0.275942 0.47961 0.181271 0.430117 0.623273 -0.72071 
-0.273744 0.408768 0.156626 0.321467 0.744608 -0.598842 
-0.318576 0.477488 0.853994 -0.363141 -0.953044 0.09185 
-0.203558 0.978545 0.167717 -0.272974 -0.765335 0.120477 
-0.201081 0.841797 0.211578 -0.424122 -0.383114 0.267357 
-0.307272 -0.391325 0.757753 0.354545 0.578409 -0.542836 
-0.198793 0.726163 0.232486 -1.14799 -0.136165 0.988874 
-0.303226 -0.46731 0.492208 0.181085 1.03016 -0.355611 
-0.197063 0.624175 0.239913 0.536842 0.199283 -0.697351 
-0.300188 -0.408074 0.144953 0.13002 1.40253 -0.293452 
-0.195812 0.532617 0.236345 0.237576 0.367981 -0.398942 
-0.298403 -0.249874 -0.299744 0.11086 1.75142 -0.257286 
-0.194855 0.450862 0.221616 0.144458 0.526521 -0.306176 
-0.194136 0.379251 0.195766 0.101343 0.671662 -0.263187 
0.0921241 1.0681 0.635878 0.48753 -1.6889 0.061534 
-0.0966682 1.13623 0.098757 0.312079 -1.25009 -0.101353 
0.0650151 0.465341 0.898145 0.2869 -0.996564 -0.0992506 
-0.11349 0.971351 0.190835 0.104569 -0.789368 -0.081308 
0.0659441 -0.136469 0.952366 -2.03382 0.277681 2.16221 
-0.110679 0.832968 0.235679 0.27777 -0.413658 -0.255475 
0.0655193 -0.454339 0.801128 -0.445091 0.597954 0.524644 
-0.108901 0.715247 0.257147 0.932711 -0.166588 -0.914433 
0.0628586 -0.522668 0.528527 -0.256712 1.04497 0.292663 
0.0596998 -0.455568 0.177648 -0.196868 1.41065 0.192342 
-0.109944 0.517558 0.261522 -0.358757 0.346907 0.345165 
0.056815 -0.292223 -0.266833 -0.172714 1.75246 0.122516 
-0.11096 0.434268 0.246895 -0.222623 0.503311 0.192868 
-0.111883 0.361362 0.220854 -0.156903 0.649955 0.113132 
0.453906 1.05729 0.53537 1.14531 -1.57979 0.0199257 
0.00185406 1.14072 0.0846859 0.723278 -1.30734 -0.225996 
0.444066 0.522426 0.778442 1.13965 -1.1352 -0.354251 
-0.00637045 0.982136 0.179096 0.725429 -0.934281 -0.37815 
0.431342 -0.00322906 0.840853 1.62608 -0.791053 -1.10488 
-0.0128307 0.840479 0.233938 0.901522 -0.614072 -0.642241 
0.420376 -0.315942 0.713477 2.26303 -0.919748 -1.89875 
-0.0166018 0.719301 0.260234 1.33766 -0.425982 -1.12736 
0.410987 -0.409247 0.460274 -0.596775 1.22683 0.851722 
0.403223 -0.363334 0.119473 -0.47822 1.53263 0.637422 
-0.0233659 0.515637 0.26987 2.34278 -0.454342 -2.20995 
0.396882 -0.211785 -0.325081 -0.431722 1.84115 0.478233 
-0.0262335 0.430164 0.256614 -0.54622 0.563489 0.647188 
-0.0286419 0.355577 0.231543 -0.401318 0.685332 0.474929 
0.706828 1.07521 0.336275 1.59916 -1.57538 -0.159231 
0.088761 1.14986 0.0569971 1.01247 -1.3719 -0.306645 
0.703735 0.631441 0.543905 1.67267 -1.3387 -6.80814 
0.0855249 1.0007 0.144984 1.0967 -1.09454 -0.506799 
0.695133 0.216372 0.606026 -1.23921 1.19795 -4.18614 
0.0780312 0.858131 0.208996 1.24527 -0.836376 -0.771195 
0.674849 -0.179673 0.289649 -0.744381 1.46728 1.22013 
0.667056 -0.16135 -0.0348835 -0.642884 1.7116 0.967138 
0.660545 -0.0224135 -0.48895 -0.614732 1.98602 0.747966 
0.0572156 0.437698 0.251171 -0.748312 0.676163 0.973983 
0.0537634 0.36147 0.227913 -0.58428 0.765046 0.771174 
0.877513 1.15196 0.0500892 1.88398 -1.68929 -0.350111 
0.16779 1.16182 0.0218647 1.22083 -1.43233 -0.362306 
0.165513 1.01768 0.107477 1.31631 -1.2002 -0.56989 
0.159852 0.880669 0.171291 1.4532 -0.988761 -0.822518 
0.856752 0.102126 0.0220062 -0.774847 1.69488 1.432 
0.850832 0.112058 -0.297743 -0.72036 1.9049 1.1736 
0.137463 0.455541 0.231539 -0.849807 0.804372 1.19 
0.133692 0.378032 0.210558 -0.70106 0.868714 0.994214 
0.996495 1.30282 -0.340635 -1.1081 1.87236 -3.67866 
0.241325 1.17657 -0.0211731 1.37921 -1.48699 -0.40736 
0.9953 0.971695 -0.147944 2.12192 -1.75242 -0.771712 
0.239372 1.03536 0.0646429 1.4777 -1.27731 -0.617887 
0.992374 0.698001 -0.0874813 2.21788 -1.71268 5.22355 
0.23443 0.901638 0.129301 1.60386 -1.09519 -0.858788 
0.987251 0.50803 -0.158166 2.30968 -1.77185 -1.34915 
-0.977759 1.16503 -0.147685 -1.67105 -1.93056 0.452642 
-0.454437 0.933156 0.00968904 -1.22524 -1.63477 0.489561 
-0.979315 0.83497 0.001353 -1.79738 -1.77093 0.711637 
-0.456779 0.807857 0.0521232 -1.40188 -1.42733 0.69875 
-0.977594 0.56118 0.0259692 1.20673 1.65311 4.1931 
-0.454447 0.689961 0.0774759 -1.58833 -1.21996 0.956143 
-0.964389 0.316401 -0.322138 0.869201 1.75994 -1.40162 
-0.957157 0.393068 -0.737168 0.796601 1.98892 -1.10889 
-0.427985 0.388609 -0.0243019 0.688543 1.12265 -1.1211 
-0.423443 0.350362 -0.0848579 0.576794 1.20721 -0.97619 
-0.843109 1.03017 0.226253 -1.35336 -1.8274 0.225776 
-0.381846 0.892261 0.106267 -0.915132 -1.54199 0.370928 
-0.848284 0.633633 0.380121 -1.54433 -1.55431 0.556826 
-0.388614 0.758562 0.144787 -1.17334 -1.27478 0.607445 
-0.843527 0.279953 0.412685 -1.7373 -1.27937 1.0194 
-0.38209 0.625497 0.177535 -1.3619 -0.943446 0.891096 
-0.82282 -0.00835488 0.0346382 0.788469 1.45911 -1.23669 
-0.367295 0.442183 0.140442 1.01223 0.773686 -1.40604 
-0.813999 0.0479917 -0.336502 0.657794 1.73478 -0.979781 
-0.361479 0.380189 0.0976264 0.744762 0.860109 -1.11377 
-0.356593 0.331131 0.044887 0.574034 0.969004 -0.918561 
-0.352569 0.294039 -0.0183145 0.461318 1.08288 -0.782854 
-0.626672 0.973774 0.502344 -0.795518 -1.8798 0.0359002 
-0.290169 0.860482 0.187994 -0.449462 -1.47655 0.19837 
-0.645017 0.472125 0.685631 -1.07496 -1.36524 0.360806 
-0.30603 0.712801 0.230923 -0.803438 -1.1047 0.436023 
-0.290335 0.567239 0.264606 -0.873135 -0.59986 0.624544 
-0.618696 -0.237122 0.556053 0.954416 0.829172 -1.30551 
-0.288086 0.466612 0.242289 1.50083 0.417247 4.52247 
-0.610416 -0.285858 0.273993 0.597763 1.17825 -0.898455 
-0.285299 0.391593 0.203195 0.842702 0.515031 -1.1068 
-0.602715 -0.211839 -0.0993018 0.460329 1.52929 -0.698542 
-0.281885 0.331727 0.155744 0.54073 0.676625 -0.798314 
-0.596399 -0.0168607 -0.618752 0.4123 1.89255 -0.546837 
-0.278665 0.284087 0.0999139 0.38751 0.832676 -0.634585 
-0.275943 0.248128 0.034505 0.297871 0.97799 -0.534006 
-0.2036 0.843405 0.229595 -0.18882 -1.4745 0.097158 
-0.318692 -0.208699 0.908284 -0.815677 -0.408857 0.647195 
-0.203652 0.5388 0.307872 -0.414819 -0.482266 0.293193 
-0.312677 -0.459329 0.713429 0.500929 0.516058 -0.6477 
-0.30727 -0.480289 0.408795 0.227531 0.999417 -0.366828 
-0.198797 0.357778 0.24628 0.402307 0.321469 -0.539236 
-0.303114 -0.381715 0.027074 0.156039 1.40408 -0.287316 
-0.197063 0.297452 0.197525 0.195117 0.549437 -0.336225 
-0.300284 -0.180909 -0.472572 0.132256 1.78986 -0.242985 
-0.195712 0.249178 0.140957 0.124132 0.74177 -0.268119 
-0.194802 0.213908 0.0739308 0.0912781 0.908627 -0.237104 
-0.113466 0.830446 0.254871 0.0746463 -1.46118 -0.000692422 
0.0922179 0.345036 0.927464 0.50343 -1.30775 -0.142303 
-0.0966705 0.670197 0.311172 0.351235 -1.01012 -0.192443 
0.0650106 -0.27157 0.9581 0.690395 -0.382168 -0.594312 
-0.113427 0.525114 0.332845 0.159155 -0.487559 -0.1484 
0.0659433 -0.523473 0.755234 -0.520487 0.516256 0.575048 
-0.110672 0.419155 0.311247 1.06968 -0.125911 -1.06637 
0.065494 -0.53388 0.44385 -0.289867 1.00782 0.306842 
-0.1089 0.340326 0.2721 -0.481404 0.291691 0.475494 
0.0628611 -0.42757 0.0596114 -0.224411 1.40832 0.198569 
-0.10904 0.278598 0.223233 -0.265877 0.523484 0.244252 
0.0596369 -0.22475 -0.435605 -0.198927 1.78578 0.117509 
-0.10995 0.230128 0.165636 -0.182798 0.717961 0.1445 
-0.111044 0.192851 0.0996018 -0.137415 0.886317 0.0837832 
0.444065 0.957027 0.599256 1.04124 -1.87417 0.083785 
-0.00645505 0.82617 0.250381 0.566135 -1.46561 -0.173686 
0.453869 0.411653 0.800474 1.16939 -1.42536 -0.329031 
0.00181594 0.677978 0.296467 0.787353 -1.12408 -0.409271 
-0.00637266 0.53642 0.324114 0.929094 -0.728849 -0.67765 
-0.0127231 0.42481 0.313054 1.42278 -0.474496 -1.24497 
0.420354 -0.420304 0.377735 -0.706562 1.23268 0.88759 
-0.0165785 0.341101 0.278479 -1.04842 0.482385 1.18288 
0.41098 -0.336015 0.00194739 -0.557628 1.55085 0.638938 
-0.0201345 0.27608 0.231875 -0.663483 0.617017 0.761697 
0.403244 -0.14305 -0.497552 -0.504363 1.88342 0.449373 
-0.0233731 0.225102 0.175793 -0.470006 0.769151 0.536236 
-0.026234 0.186976 0.109787 -0.358126 0.916715 0.396515 
0.70375 0.977483 0.395735 1.52307 -1.81942 -0.0858575 
0.0850551 0.83261 0.222885 0.913122 -1.51358 -0.297261 
0.0885258 0.693176 0.267623 1.06911 -1.24679 -0.526403 
0.703737 0.137351 0.594054 -1.37873 1.40502 -4.11468 
0.0854579 0.561544 0.292138 1.25688 -0.98146 -0.820054 
0.0787606 0.447994 0.290362 -1.58141 0.77973 1.92054 
0.675101 -0.134498 -0.15414 -0.756219 1.76081 0.950173 
0.0659823 0.288502 0.223332 -0.880331 0.775951 1.09109 
0.0611826 0.234201 0.170439 -0.671642 0.875754 0.836873 
0.0571553 0.193617 0.106575 -0.535339 0.990531 0.661615 
0.875898 1.06244 0.107202 1.78059 -1.90553 -6.55858 
0.165477 0.847339 0.186657 1.12458 -1.57658 -0.365881 
0.166941 0.711882 0.231988 1.26049 -1.35402 -0.593185 
0.87584 0.384973 0.283813 -1.19097 1.67384 2.16925 
0.165475 0.586843 0.254597 1.43427 -1.1446 -0.872004 
0.863674 0.0958599 -0.0602125 2.22139 -1.78697 4.56752 
0.146979 0.311533 0.200364 -0.968205 0.936861 1.27852 
0.141883 0.254703 0.151088 -0.789296 1.00156 1.04503 
0.137466 0.212005 0.0898119 -0.656876 1.08805 0.865401 
0.239365 0.866218 0.144408 1.2717 -1.6432 -0.410222 
0.241297 0.735967 0.187343 1.40327 -1.44536 -0.636941 
0.994714 0.647033 -0.101511 -1.08265 1.89202 2.12055 
0.23942 0.613633 0.211379 1.56297 -1.26339 -0.905256 
0.213808 0.24029 0.06058 -0.731686 1.19261 1.01614 
-0.447809 0.671256 0.079267 -1.02897 -1.71821 0.565601 
-0.977562 0.765289 0.0226011 -1.58264 -1.94351 0.698034 
-0.454465 0.569738 0.0795669 -1.22135 -1.53415 0.765224 
-0.979287 0.516126 0.00675124 1.41691 1.83071 -2.11383 
-0.457099 0.48128 0.0568973 -1.456 -1.38129 1.0216 
-0.454448 0.405202 0.018643 1.43199 1.24712 4.46085 
-0.971878 0.325486 -0.415942 -2.05736 -1.83148 1.75933 
-0.440216 0.316316 -0.120663 0.906267 1.23007 -1.22525 
-0.433495 0.30128 -0.214353 0.733502 1.32191 -1.02413 
-0.427984 0.300775 -0.320984 0.616778 1.42973 -0.877966 
-0.374039 0.623858 0.169623 -0.754398 -1.62441 0.432934 
-0.843452 0.550486 0.408988 -1.28896 -1.75334 0.52022 
-0.382068 0.509047 0.179266 -0.946151 -1.35566 0.621128 
-0.848284 0.233871 0.386022 -1.55268 -1.54542 0.950674 
-0.388692 0.414771 0.150172 -1.29224 -1.16128 0.947722 
-0.38196 0.326146 0.115575 1.50782 0.917156 4.48343 
-0.833303 -0.0126382 -0.044385 0.979451 1.47388 -1.25929 
-0.37404 0.274049 0.0448581 1.07479 0.890778 -1.34345 
-0.822825 0.0842858 -0.470241 0.799239 1.75043 -0.94383 
-0.367324 0.248018 -0.0445774 0.770844 1.01494 -1.02662 
-0.361473 0.237487 -0.143182 0.593835 1.16344 -0.833829 
-0.356606 0.239131 -0.251439 0.482449 1.30565 -0.704228 
-0.288271 0.58766 0.240687 -0.416336 -1.56837 0.267528 
-0.626678 0.373256 0.718889 -0.748792 -1.603 0.306898 
-0.290224 0.456322 0.266062 -0.485832 -1.1849 0.349194 
-0.645015 -0.0471892 0.692715 -1.22942 -1.15253 0.852137 
-0.306039 0.350925 0.236539 -0.98723 -0.879547 0.767842 
-0.618696 -0.29675 0.19769 0.736365 1.1104 -0.926787 
-0.288053 0.212755 0.110711 0.829803 0.57985 -1.00707 
-0.610456 -0.181626 -0.222006 0.548106 1.50861 -0.681773 
-0.285313 0.192839 0.0141909 0.527013 0.820002 -0.711248 
-0.603119 0.0783545 -0.840615 0.494186 1.93143 -0.491209 
-0.281887 0.185676 -0.0875748 0.386282 1.02676 -0.56797 
-0.278659 0.189481 -0.197267 0.304261 1.20242 -0.479176 
-0.201148 0.563462 0.283722 -0.154571 -1.54882 0.132646 
-0.318676 0.259155 0.902162 -0.293635 -1.57222 0.125386 
-0.203613 0.428146 0.309424 -0.206585 -1.14547 0.165041 
-0.318702 -0.509261 0.670566 0.885174 0.383095 -0.973548 
-0.203607 0.218859 0.239183 -1.27362 -0.196669 1.18935 
-0.312677 -0.486939 0.32768 0.307692 0.898657 -0.398617 
-0.201087 0.175371 0.151716 0.402766 0.403437 -0.502696 
-0.30727 -0.349733 -0.0945264 0.195102 1.36412 -0.28279 
-0.198732 0.154852 0.055311 0.191409 0.701212 -0.302307 
-0.30322 -0.0973728 -0.669593 0.159677 1.81174 -0.223244 
-0.197017 0.148315 -0.0470714 0.125275 0.938387 -0.243392 
-0.195756 0.152921 -0.157194 0.0932722 1.13399 -0.216142 
-0.110592 0.545572 0.309747 0.110628 -1.5248 -0.00497752 
0.0650078 0.223078 0.951479 0.239963 -1.56095 -0.0620067 
-0.11346 0.409122 0.334334 0.0824441 -1.12035 -0.0284671 
0.0922297 -0.348296 0.936617 0.759016 -0.743499 -0.609553 
-0.0966661 0.289145 0.316934 0.491029 -0.666122 -0.39797 
0.065011 -0.573587 0.710185 2.36076 -0.344193 -2.3314 
-0.113463 0.199198 0.264455 0.701366 -0.115106 -0.705586 
0.0659445 -0.539577 0.361872 -0.3207 0.892737 0.318027 
-0.110672 0.154509 0.17785 -0.3238 0.353808 0.304926 
0.0654982 -0.394915 -0.0614283 -0.249709 1.36124 0.201986 
-0.108969 0.133234 0.0816132 -0.215198 0.668703 0.181019 
0.0626269 -0.143326 -0.626673 -0.22734 1.80035 0.108866 
-0.109114 0.12624 -0.0207976 -0.166703 0.911104 0.115077 
-0.110013 0.130454 -0.130783 -0.133943 1.10916 0.0658492 
-0.0117013 0.537876 0.312857 0.470505 -1.51953 -0.185977 
0.444076 0.293857 0.829812 0.971353 -1.63997 -0.287329 
-0.00602028 0.408883 0.326576 0.615104 -1.18142 -0.369107 
0.453849 -0.177177 0.808386 -1.83217 1.23095 2.24708 
0.0018378 0.300687 0.302148 0.971835 -0.88452 -0.748209 
-0.00636719 0.209478 0.259617 1.41481 -0.570154 -1.27915 
0.431326 -0.423332 0.29618 -0.869332 1.19393 0.955277 
-0.0127116 0.156478 0.183413 -1.01182 0.562146 1.09394 
0.420336 -0.302913 -0.119196 -0.659935 1.52871 0.644389 
-0.0166018 0.130998 0.0903834 -0.62536 0.757059 0.671655 
0.41099 -0.0568141 -0.697635 -0.594509 1.90504 0.408282 
-0.0201297 0.121143 -0.0103361 -0.451434 0.957173 0.46646 
-0.0233917 0.123419 -0.119208 -0.354642 1.1345 0.341503 
0.0787162 0.543645 0.288853 0.780513 -1.56408 -0.341895 
0.0855095 0.425475 0.29405 0.957523 -1.3127 -0.570312 
0.0886854 0.323222 0.272981 1.21163 -1.0928 -0.886215 
0.703737 -0.140497 0.411378 -1.32587 1.50664 -4.5671 
0.684465 -0.0986184 -0.28055 -0.909468 1.78047 0.929355 
0.0718153 0.146424 0.0807504 -0.875056 0.928996 0.996705 
0.0659819 0.131495 -0.0155738 -0.666249 1.06269 0.743845 
0.0612551 0.130349 -0.121752 -0.538606 1.20347 0.578019 
0.159703 0.560077 0.255254 0.981519 -1.63771 -0.436916 
0.87594 0.616517 0.280128 1.67956 -1.94921 -0.56318 
0.165371 0.448664 0.25704 1.14362 -1.43666 -0.663862 
0.877673 0.328561 0.266007 1.76297 -1.84586 -0.949705 
0.16766 0.351077 0.236337 1.35551 -1.26031 -0.949567 
0.875967 0.150863 0.121512 -1.25569 1.81083 1.79198 
0.153001 0.173015 0.0566298 -0.984299 1.10088 1.17148 
0.146991 0.153996 -0.0352249 -0.796193 1.18858 0.931019 
0.141832 0.150082 -0.138637 -0.669238 1.29813 0.757286 
0.233686 0.583192 0.214832 1.11472 -1.71636 -0.496042 
0.239357 0.477736 0.21341 1.26419 -1.54717 -0.715136 
0.241317 0.383387 0.192989 -1.68538 1.396 2.15713 
0.239359 0.304945 0.153347 -1.46431 1.28177 -4.43049 
0.234402 0.245805 0.0953444 -1.2313 1.22966 1.54219 
0.228374 0.206928 0.0208879 -1.02459 1.24761 1.26931 
0.222785 0.18595 -0.0673368 -0.867883 1.3123 1.05495 
0.21796 0.17988 -0.168149 -0.754457 1.39887 0.88862 
-0.440204 0.463812 0.0456088 -0.844398 -1.69328 0.685388 
-0.447856 0.394408 0.00952921 -1.01229 -1.53571 0.860968 
-0.454441 0.341031 -0.0530332 -1.25472 -1.41499 1.10832 
-0.45709 0.306256 -0.139842 -1.53348 -1.35353 1.40084 
-0.977547 0.346197 -0.518638 -1.78357 -1.87936 -4.49052 
-0.447824 0.290984 -0.373123 1.04537 1.36857 -1.13842 
-0.440202 0.31957 -0.527435 0.839444 1.49157 -0.909993 
-0.433494 0.371997 -0.710043 0.708524 1.64329 -0.743793 
-0.36743 0.40941 0.129396 -0.63463 -1.59304 0.536281 
-0.833204 0.469378 0.41965 -1.07668 -1.92323 0.546364 
-0.37404 0.329325 0.103439 -0.77394 -1.36262 0.682567 
-0.843556 0.17306 0.378172 -1.24153 -1.62814 0.912433 
-0.382068 0.264273 0.0489497 -1.05112 -1.15059 0.952664 
-0.382073 0.202918 -0.149747 1.23437 0.996439 -1.3321 
-0.833281 0.129588 -0.611574 0.987321 1.71205 -0.906234 
-0.374053 0.212022 -0.286773 0.86452 1.11646 -0.958283 
-0.367295 0.246941 -0.445906 0.657959 1.32134 -0.741838 
-0.361499 0.299767 -0.624234 0.540361 1.51825 -0.604463 
-0.285313 0.366578 0.194562 -0.377028 -1.51995 0.353568 
-0.618695 0.279877 0.71463 -0.668539 -1.81347 0.356354 
-0.288058 0.277423 0.177092 -0.443664 -1.22776 0.424879 
-0.626679 -0.119873 0.686094 -0.80873 -1.2242 0.678752 
-0.290192 0.195871 0.137246 -0.612968 -0.850885 0.587098 
-0.645015 -0.286838 0.457825 1.67095 1.04594 -1.76871 
-0.305979 0.15634 0.0379334 -1.34467 -0.72037 1.27373 
-0.626678 -0.302252 0.128363 0.966159 0.973796 -1.01978 
-0.290186 0.127566 -0.0710955 0.935852 0.567211 -1.0058 
-0.618792 -0.149005 -0.34375 0.655254 1.41403 -0.663605 
-0.288059 0.149556 -0.222759 0.546802 0.890697 -0.631955 
-0.610415 0.224268 -1.15079 0.594542 1.95171 -0.397397 
-0.285301 0.189855 -0.385056 0.408742 1.18129 -0.496485 
-0.281887 0.243954 -0.561128 0.332307 1.41639 -0.413524 
-0.198794 0.335218 0.238554 -0.124762 -1.47688 0.167377 
-0.312683 0.142572 0.899571 -0.243295 -1.75262 0.15852 
-0.200891 0.242744 0.221935 -0.16733 -1.1709 0.195453 
-0.318692 -0.34292 0.864013 -0.360312 -0.963461 0.337275 
-0.203474 0.159646 0.180759 -0.273778 -0.758915 0.279909 
-0.318696 -0.488782 0.255037 0.466485 0.699561 -0.493244 
-0.203607 0.0891486 -0.0311823 0.51623 0.388196 -0.562481 
-0.312677 -0.315708 -0.214481 0.251915 1.25561 -0.282885 
-0.201024 0.110785 -0.182249 0.218189 0.784747 -0.28461 
-0.307248 0.0101309 -0.907567 0.196482 1.80892 -0.195353 
-0.198728 0.150229 -0.342141 0.139036 1.09814 -0.219024 
-0.196988 0.20319 -0.514567 0.103571 1.34836 -0.191891 
-0.108899 0.314252 0.263304 0.134533 -1.45116 -0.0277375 
0.065943 0.0970678 0.949215 0.251286 -1.73054 -0.0717886 
-0.110743 0.220199 0.246443 0.121814 -1.13858 -0.0518034 
0.06501 -0.414534 0.909583 0.30709 -0.904543 -0.253126 
-0.113471 0.137428 0.203758 0.1129 -0.719862 -0.0777345 
-0.0966694 0.0856773 0.115268 0.990727 -0.355826 -0.960703 
0.0650126 -0.54024 0.287691 -0.389605 0.676264 0.36952 
-0.113467 0.0668536 -0.00571486 -0.234321 0.32262 0.215054 
0.0659454 -0.360845 -0.180478 -0.262444 1.24147 0.199266 
-0.110696 0.0875898 -0.154956 -0.16332 0.743121 0.120529 
0.0647154 -0.0428784 -0.850213 -0.249383 1.78466 0.0943688 
-0.108965 0.126223 -0.313273 -0.15267 1.06437 0.0857875 
-0.109136 0.177888 -0.483319 -0.135994 1.31745 0.0464344 
-0.0165483 0.30607 0.266673 0.416582 -1.45825 -0.238057 
0.431327 0.176821 0.838373 0.818993 -1.80632 -0.299861 
-0.0126978 0.216287 0.243219 0.512302 -1.17313 -0.3742 
0.444063 -0.253141 0.788772 1.01934 -1.31308 -0.780699 
-0.00637075 0.141742 0.192096 0.772773 -0.869852 -0.668279 
0.00183773 0.0988383 0.101133 1.3361 -0.716611 -1.26368 
0.444086 -0.414199 0.215333 -1.12464 1.15067 1.0941 
0.431279 -0.265952 -0.240138 -0.796942 1.44996 0.66661 
-0.0127232 0.0859795 -0.145865 -0.653894 0.837395 0.633745 
0.42036 0.0555738 -0.94206 -0.701948 1.89233 0.350759 
-0.016594 0.12056 -0.300919 -0.467422 1.10257 0.412363 
-0.0201285 0.170144 -0.469634 -0.375621 1.33408 0.286434 
0.0725177 0.312416 0.250286 0.664264 -1.5136 -0.419787 
0.695104 0.338129 0.604346 1.24364 -1.94738 -0.458102 
0.0787344 0.230747 0.216833 0.820418 -1.29427 -0.620096 
0.0855245 0.166286 0.158069 1.08721 -1.1042 -0.930596 
0.706744 -0.160136 0.353778 -1.56536 1.59883 1.76446 
0.695147 -0.053916 -0.412746 -1.11281 1.76215 0.915753 
0.0787347 0.106273 -0.159531 -0.952282 1.04247 0.951511 
0.0718129 0.132952 -0.307119 -0.716119 1.21272 0.670762 
0.066126 0.177472 -0.471511 -0.580617 1.39723 0.492225 
0.153086 0.331387 0.218573 0.837342 -1.59574 -0.545725 
0.159879 0.255762 0.181299 0.993328 -1.42729 -0.751806 
0.165479 0.196527 0.120465 1.221 -1.28781 -1.03126 
0.877634 0.13076 0.0662693 -1.50294 1.89825 1.77904 
0.167664 0.156517 0.0375331 -1.64676 1.20235 -4.50416 
0.165475 0.135918 -0.0651065 1.78799 -1.17782 4.56757 
0.159845 0.136473 -0.187807 -1.07698 1.22888 1.09358 
0.153094 0.158264 -0.329728 -0.866266 1.34455 0.831158 
0.146978 0.199344 -0.491206 -0.728936 1.48844 0.641041 
0.228263 0.358405 0.179131 0.953206 -1.68297 -0.631133 
0.234393 0.287901 0.139038 1.09473 -1.54822 -0.827637 
0.239231 0.172831 -0.105627 -1.36152 1.34408 1.45319 
0.22837 0.192918 -0.365705 -0.951753 1.47023 0.927786 
0.22276 0.232029 -0.525427 -0.829529 1.58672 0.744348 
-0.433494 0.334681 -0.0937766 -0.70628 -1.56943 0.806946 
-0.440225 0.303187 -0.167543 -0.84517 -1.44353 0.964143 
-0.971878 0.423872 -0.0300647 -1.1777 -1.96159 1.09264 
-0.447824 0.286843 -0.265421 -1.05701 -1.33842 1.19239 
-0.977544 0.331347 -0.244682 1.80936 1.86015 4.57799 
-0.454437 0.388859 -0.782683 1.24067 1.44861 -1.00702 
-0.447817 0.512322 -1.09454 1.01403 1.63031 -0.70991 
-0.361494 0.275839 -0.0142212 -0.542963 -1.46404 0.6362 
-0.367295 0.237295 -0.0801949 -0.664968 -1.2883 0.768491 
-0.833286 0.124496 0.348772 -0.986329 -1.70723 0.913575 
-0.374073 0.209692 -0.165042 -0.876195 -1.09716 0.98409 
-0.382068 0.205341 -0.286451 1.88995 0.987437 -1.7779 
-0.843527 0.190395 -0.766684 1.24271 1.63699 -0.888714 
-0.382068 0.290339 -0.662623 1.02926 1.18049 -0.897235 
-0.37404 0.401885 -0.948728 0.760566 1.44478 -0.60228 
-0.281887 0.228458 0.0479233 -0.334645 -1.37784 0.427046 
-0.610727 0.178712 0.703417 -0.58553 -1.91407 0.423061 
-0.2853 0.184443 -0.0122811 -0.41261 -1.16016 0.506417 
-0.618696 -0.158062 0.635411 -0.656471 -1.40226 0.672452 
-0.288057 0.148482 -0.0878528 -0.552054 -0.879962 0.640256 
-0.626679 -0.315181 0.418495 -1.0079 -0.934847 1.09195 
-0.290186 0.128177 -0.19259 -0.945971 -0.562538 1.01778 
-0.306037 0.160155 -0.369275 -1.81327 -0.723597 1.88968 
-0.626678 -0.115053 -0.458191 0.806918 1.22906 -0.673368 
-0.290196 0.208603 -0.570749 0.599004 0.874701 -0.565599 
-0.288061 0.324608 -0.854682 0.433457 1.29618 -0.391344 
-0.28533 0.53741 -1.29864 0.379757 1.70615 -0.280379 
-0.196985 0.19291 0.0913932 -0.104407 -1.32147 0.195228 
-0.30727 0.0181433 0.887358 -0.196891 -1.81684 0.193711 
-0.198727 0.147214 0.0320746 -0.140173 -1.08567 0.221363 
-0.312503 -0.379361 0.8077 -0.260428 -1.15699 0.310156 
-0.201023 0.110364 -0.0434762 -0.219637 -0.780322 0.28653 
-0.318692 -0.527126 0.563592 -0.610163 -0.529661 0.668371 
-0.203607 0.089247 -0.14851 -0.517748 -0.387104 0.564124 
-0.318693 -0.282136 -0.324639 0.341554 1.04392 -0.302375 
-0.203607 0.167599 -0.525185 0.270076 0.7758 -0.273892 
-0.312677 0.177884 -1.25166 0.244865 1.7833 -0.150618 
-0.201087 0.278119 -0.798243 0.164246 1.22581 -0.185232 
-0.198795 0.461894 -1.18874 0.124397 1.62877 -0.148402 
-0.109134 0.170521 0.1152 0.136874 -1.29804 -0.0500375 
0.065583 -0.0341488 0.936076 0.250635 -1.79332 -0.0927383 
-0.108963 0.124473 0.0550774 0.153595 -1.05703 -0.0877098 
0.065945 -0.447794 0.849773 0.278019 -1.10716 -0.239545 
-0.110696 0.0874971 -0.0211829 0.163929 -0.742128 -0.121347 
0.0650107 -0.587581 0.596933 0.565859 -0.459244 -0.577158 
-0.113467 0.0667425 -0.126408 0.235049 -0.324104 -0.215793 
0.0921522 -0.51778 0.212043 -1.0516 0.566109 0.975574 
-0.0966693 0.0858894 -0.287674 -0.988868 0.356274 0.958718 
0.0650054 -0.326896 -0.290651 -0.282383 1.02176 0.20988 
-0.11347 0.142234 -0.494477 -0.110856 0.730801 0.0750083 
0.065945 0.103169 -1.15505 -0.251492 1.73597 0.0704063 
-0.110727 0.245735 -0.754614 -0.118928 1.18032 0.0445415 
-0.108899 0.415907 -1.11954 -0.133551 1.57611 0.0108852 
-0.0201292 0.163642 0.118116 0.37724 -1.31759 -0.293115 
0.420305 0.0588535 0.83132 0.702275 -1.89539 -0.348836 
-0.0165951 0.119118 0.0547928 0.468867 -1.09682 -0.415547 
0.431405 -0.305889 0.745211 0.804048 -1.40412 -0.715024 
-0.0126953 0.0858318 -0.0267552 0.655111 -0.836027 -0.635125 
0.444102 -0.439071 0.499647 -1.95596 1.09416 1.90711 
-0.00636746 0.0743853 -0.141009 1.1289 -0.631365 -1.14756 
0.0018356 0.0995777 -0.302384 -1.33292 0.717472 1.25946 
0.444068 -0.221028 -0.36118 -1.00944 1.33777 0.739965 
-0.00637076 0.146918 -0.49292 -0.76569 0.878588 0.657244 
0.43134 0.245587 -1.32239 2.31097 -1.84817 -2.8884 
-0.0126915 0.240621 -0.740878 -0.504498 1.20869 0.353121 
-0.0165406 0.395785 -1.08258 -0.413659 1.56269 0.192404 
0.0661203 0.170459 0.10406 0.582665 -1.38055 -0.502223 
0.0718133 0.131036 0.0342311 0.71833 -1.20602 -0.677014 
0.695137 -0.0521261 0.521905 1.11325 -1.7633 -0.912922 
0.0787352 0.106016 -0.0566744 0.954159 -1.04019 -0.955217 
0.0855221 0.174252 -0.517562 -1.07883 1.11313 0.911856 
0.0787334 0.25885 -0.75397 -0.811193 1.32684 0.584267 
0.0718119 0.408154 -1.09136 -0.662732 1.60908 0.344874 
0.146979 0.190148 0.0757715 0.730528 -1.4691 -0.658399 
0.153135 0.155158 0.00179712 0.868456 -1.33503 -0.84205 
0.159849 0.135903 -0.0942372 1.08006 -1.22436 -1.10265 
0.165571 0.136752 -0.217239 -1.7836 1.17579 1.70493 
0.167687 0.160217 -0.369202 -1.48899 1.20349 1.34656 
0.875868 0.328392 -0.926792 -1.5577 1.96344 -5.39834 
0.165475 0.20869 -0.554674 -1.21321 1.29781 1.00296 
0.159826 0.291581 -0.789163 -0.987236 1.46054 0.701169 
0.153077 0.44155 -1.13114 -0.844805 1.68896 0.441424 
0.222789 0.219152 0.0378539 0.829225 -1.56204 -0.770916 
0.228376 0.187977 -0.0391296 0.953915 -1.4563 -0.947448 
0.241298 0.200442 -0.415399 -1.52558 1.36672 1.3512 
0.23439 0.336016 -0.843457 -1.09441 1.58516 0.756083 
0.22837 0.502492 -1.21675 -0.97744 1.78392 0.483879 
-0.427985 0.301912 -0.348064 -0.623334 -1.37571 0.917076 
-0.433528 0.312428 -0.468818 -0.747041 -1.27074 1.07291 
-0.964242 0.384342 -0.0653928 -0.941976 -1.95568 1.14478 
-0.440207 0.342165 -0.620324 -0.931441 -1.17998 1.29551 
-0.454433 0.550692 -1.17851 1.63883 1.22597 -1.10439 
-0.356603 0.239411 -0.267197 -0.487711 -1.26997 0.723073 
-0.361473 0.24357 -0.378733 -0.604245 -1.1297 0.859109 
-0.822882 0.0840578 0.301428 -0.79957 -1.75025 0.94386 
-0.367341 0.261968 -0.512854 -0.792989 -0.981539 1.06688 
-0.833295 -0.0122495 0.0741615 -0.979012 -1.47676 1.25515 
-0.374041 0.303367 -0.686927 2.01878 0.861368 -1.72316 
-0.38207 0.399757 -0.954566 -1.59383 -0.915211 -4.34141 
-0.848284 0.281157 -0.960888 1.55119 1.54655 -0.890828 
-0.278659 0.189594 -0.205162 -0.307056 -1.18014 0.486721 
-0.602902 0.0789311 0.683908 -0.494584 -1.93164 0.489323 
-0.281887 0.188877 -0.309799 -0.391602 -1.00565 0.578079 
-0.610473 -0.194132 0.572976 -0.549163 -1.48651 0.693947 
-0.285308 0.200188 -0.433331 -0.539317 -0.797639 0.729127 
-0.618702 -0.302502 0.335865 -0.759885 -1.06224 0.977275 
-0.288075 0.227942 -0.5867 -0.868861 -0.55625 1.05387 
-0.645018 -0.0501555 -0.591465 1.23108 1.15121 -0.856192 
-0.306036 0.515653 -1.29134 0.875123 0.991791 -0.579781 
-0.195755 0.152899 -0.162059 -0.0939819 -1.12062 0.217734 
-0.303227 -0.100713 0.86388 -0.159533 -1.80799 0.223864 
-0.197017 0.149983 -0.263817 -0.12671 -0.925914 0.245711 
-0.307115 -0.410031 0.737196 -0.200634 -1.24912 0.306379 
-0.198731 0.158847 -0.383699 -0.195782 -0.686871 0.307815 
-0.312677 -0.504584 0.47749 -0.366452 -0.722666 0.483547 
-0.201086 0.184672 -0.5336 -0.423826 -0.38349 0.525503 
-0.203607 0.243981 -0.744053 1.08584 0.212636 -0.997595 
-0.110008 0.130481 -0.138573 0.134683 -1.10089 -0.0676012 
0.0628996 -0.158918 0.911376 0.226539 -1.78332 -0.113225 
-0.10911 0.127303 -0.240447 0.16815 -0.903606 -0.117457 
0.0654953 -0.474489 0.776334 0.261124 -1.21173 -0.242607 
-0.108965 0.135867 -0.360195 0.219244 -0.65962 -0.186106 
0.0659441 -0.560908 0.508875 0.402369 -0.677542 -0.43277 
-0.110708 0.160489 -0.508134 0.338536 -0.338949 -0.320855 
-0.113463 0.219099 -0.716108 -0.54989 0.142212 0.552869 
0.0922299 -0.277318 -0.401336 -0.697799 0.810922 0.52377 
-0.0966559 0.374025 -1.08426 -0.437854 0.75905 0.327739 
-0.0233921 0.123489 -0.134746 0.355782 -1.1279 -0.344188 
0.410952 -0.0538153 0.81181 0.595168 -1.90795 -0.406189 
-0.0201313 0.12212 -0.239662 0.453454 -0.951145 -0.469967 
0.420368 -0.344105 0.682825 0.663862 -1.46309 -0.69579 
-0.0166018 0.133586 -0.364034 0.631044 -0.749724 -0.679447 
0.431331 -0.434464 0.42285 0.917641 -1.10679 -1.0736 
-0.0127224 0.163587 -0.519708 1.03408 -0.553606 -1.12017 
-0.00634939 0.232449 -0.739518 -1.35554 0.577407 1.20901 
0.454258 -0.1607 -0.492339 -1.30177 1.23697 0.871881 
0.00183953 0.396673 -1.11601 -0.899447 0.953018 0.629507 
0.0612496 0.130443 -0.147419 0.540183 -1.19608 -0.581982 
0.0659822 0.132853 -0.257648 0.669337 -1.05573 -0.750149 
0.684465 -0.100035 0.476186 0.908964 -1.7786 -0.931784 
0.0718145 0.150187 -0.390091 0.882426 -0.920876 -1.00896 
0.703736 -0.136813 -0.144658 -1.81505 1.50407 1.41521 
0.706826 0.0690955 -0.711819 1.55359 -1.59378 4.06947 
0.0887102 0.444605 -1.18475 -1.14722 1.14786 0.738623 
0.141833 0.150374 -0.174649 0.671503 -1.28809 -0.76556 
0.146979 0.156401 -0.289396 0.801055 -1.17954 -0.942591 
0.159859 0.226593 -0.606974 -1.88014 1.05713 1.61107 
0.877634 0.45594 -1.201 1.33961 -1.8143 -2.34428 
0.167658 0.51657 -1.29286 -1.30109 1.30587 0.758348 
0.218006 0.180366 -0.212556 0.756489 -1.38375 -0.902318 
0.222848 0.189696 -0.331288 0.87338 -1.29713 -1.07377 
0.22837 0.216798 -0.47598 1.03395 -1.23144 -1.29776 
0.995298 0.547577 -0.947754 1.12994 -1.95664 -1.98233 
0.241293 0.669948 -1.54404 -1.40944 1.43717 6.96905 
-0.423447 0.397625 -0.773669 -0.603618 -1.11535 1.04329 
-0.42819 0.483628 -1.00769 -0.748062 -1.00247 1.24134 
-0.957156 0.351615 -0.115355 -0.766157 -1.91184 1.19057 
-0.964233 0.319655 -0.388505 -0.859423 -1.71241 1.45851 
-0.352591 0.323647 -0.672829 -0.480262 -1.01646 0.820733 
-0.356593 0.391829 -0.875718 -0.619909 -0.879756 0.994569 
-0.81401 0.0491951 0.242637 -0.658238 -1.73744 0.97766 
-0.361473 0.521853 -1.18646 -0.877743 -0.731269 1.30322 
-0.822824 -0.00844906 -0.0129409 -0.788674 -1.46284 1.23351 
-0.833289 0.0603993 -0.406801 -1.05136 -1.25905 1.60868 
-0.843529 0.382909 -1.18889 1.7026 1.26259 -0.902066 
-0.275943 0.267815 -0.600251 -0.308375 -0.930476 0.552176 
-0.59638 -0.0123278 0.654024 -0.413292 -1.89795 0.543712 
-0.278662 0.324411 -0.782947 -0.415639 -0.764236 0.674931 
-0.602719 -0.224859 0.501897 -0.461209 -1.4983 0.71324 
-0.281885 0.421284 -1.03483 -0.638249 -0.57166 0.91827 
-0.610417 -0.284492 0.237393 -0.612621 -1.12976 0.93514 
-0.618701 -0.220588 -0.136841 -0.984127 -0.807037 1.34895 
-0.194804 0.227245 -0.549927 -0.0942506 -0.873947 0.241748 
-0.300286 -0.204168 0.827319 -0.131431 -1.7598 0.247059 
-0.195717 0.277191 -0.721128 -0.133278 -0.688469 0.280049 
-0.303099 -0.432827 0.657061 -0.161777 -1.27558 0.308987 
-0.197063 0.362868 -0.952796 -0.23165 -0.456627 0.377882 
-0.307266 -0.476753 0.375415 -0.260582 -0.831548 0.420318 
-0.198794 0.562347 -1.38793 -1.01922 -0.145259 1.17002 
-0.312678 -0.394454 -0.00533275 -0.665411 -0.393859 0.830371 
-0.318693 -0.180633 -0.552169 0.762543 0.432127 -0.589033 
-0.11103 0.203291 -0.522835 0.14129 -0.859655 -0.0899699 
0.0597029 -0.265539 0.873101 0.196907 -1.73404 -0.128152 
-0.110053 0.251371 -0.690831 0.19318 -0.674799 -0.158269 
0.0628596 -0.493808 0.694013 0.233922 -1.24493 -0.237796 
-0.109041 0.333803 -0.916431 0.309352 -0.446015 -0.293359 
0.0654939 -0.52863 0.404992 0.34209 -0.804581 -0.391052 
-0.1089 0.502996 -1.29718 1.04382 -0.154526 -1.05015 
0.0659542 -0.439004 0.0212035 0.758545 -0.365033 -0.837105 
0.0650098 -0.22232 -0.521844 -0.609465 0.428133 0.506244 
-0.0262354 0.196875 -0.518913 0.36509 -0.893114 -0.407813 
0.403201 -0.154355 0.779696 0.502101 -1.87014 -0.457125 
-0.0233836 0.247961 -0.691771 0.490627 -0.731519 -0.564602 
0.410986 -0.373006 0.609391 0.560819 -1.46809 -0.690841 
-0.0201364 0.330977 -0.918561 0.74137 -0.556316 -0.855074 
0.420364 -0.416021 0.32702 0.742294 -1.13444 -0.981737 
-0.0166021 0.512392 -1.32052 1.41952 -0.418671 -1.59382 
0.444086 -0.103665 -0.628695 -1.45934 0.976945 0.985431 
0.0571553 0.204628 -0.532483 0.544911 -0.966808 -0.678762 
0.0611799 0.259943 -0.712113 0.698046 -0.839186 -0.877006 
0.674854 -0.138072 0.416633 0.754974 -1.75332 -0.956047 
0.0659819 0.351573 -0.953123 0.957159 -0.721446 -1.19588 
0.684468 -0.188135 0.145464 0.883707 -1.5147 -1.25892 
0.137467 0.226074 -0.562515 0.668566 -1.06097 -0.889767 
0.141839 0.287027 -0.751239 0.816651 -0.961133 -1.09481 
0.146983 0.391109 -1.01317 1.04106 -0.877731 -1.39661 
0.863667 0.0959895 -0.13392 -2.22184 1.78559 -4.5696 
0.213807 0.259697 -0.607297 0.744813 -1.15804 -1.0502 
0.991909 0.625979 -1.15282 0.935188 -1.76266 -2.01436 
-0.951359 0.327296 -0.179111 -0.63869 -1.84158 1.22518 
-0.957101 0.331301 -0.492432 -0.712714 -1.61629 1.46243 
-0.964246 0.53616 -1.1062 2.27292 1.38265 -1.3036 
-0.801332 0.161599 0.348742 -0.520795 -1.97973 0.820454 
-0.806955 0.0225467 0.173287 -0.552933 -1.68741 1.0034 
-0.814244 0.00345621 -0.114613 -0.656827 -1.41702 1.22233 
-0.822843 0.110612 -0.550333 2.27278 1.1773 -1.59105 
-0.591139 -0.0901009 0.612129 -0.348282 -1.83653 0.584545 
-0.596254 -0.246612 0.422177 -0.3921 -1.46797 0.72597 
-0.6027 -0.26254 0.128457 -0.511834 -1.13418 0.911089 
-0.610425 -0.16266 -0.277057 -0.785233 -0.826043 1.23893 
-0.618696 0.108787 -0.935021 -1.49712 -0.647651 2.02243 
-0.194135 0.631166 -1.47485 -0.159783 -0.405124 0.330732 
-0.298092 -0.288992 0.778418 -0.109748 -1.69229 0.264347 
-0.300189 -0.445237 0.568548 -0.135333 -1.26417 0.312886 
-0.303194 -0.444482 0.261947 -0.202824 -0.875347 0.392814 
-0.30727 -0.332107 -0.14183 -0.424303 -0.478988 0.623546 
-0.111885 0.549252 -1.34212 0.222321 -0.442958 -0.189296 
0.0568351 -0.349882 0.821026 0.170602 -1.66585 -0.137699 
0.0597011 -0.502982 0.603723 0.205827 -1.23703 -0.228841 
0.0628585 -0.493213 0.290929 0.295065 -0.855895 -0.358328 
0.0654984 -0.374411 -0.114975 0.559995 -0.472711 -0.658113 
-0.0286419 0.532178 -1.31864 0.534111 -0.506852 -0.634698 
0.396869 -0.237396 0.734167 0.427423 -1.80475 -0.495506 
0.403224 -0.391092 0.526502 0.482553 -1.43645 -0.687702 
0.41099 -0.390792 0.218876 0.625626 -1.12791 -0.926787 
0.420422 -0.276673 -0.191655 0.92284 -0.876473 -1.31366 
0.0537554 0.554449 -1.35824 0.749582 -0.596164 -0.982662 
0.660683 -0.0188882 0.536097 0.616298 -1.99075 -0.744306 
0.666976 -0.16526 0.345111 0.641503 -1.69848 -0.976646 
0.674853 -0.17656 0.0463899 0.745904 -1.45243 -1.2339 
0.850845 0.110938 0.0701121 -2.42231 1.90143 1.96472 
0.982633 0.445213 -0.649237 -2.39638 1.81109 1.51573 
-0.936936 1.20586 -0.101065 -1.92589 -1.7439 0.434892 
-0.262995 1.17581 -0.0184911 -1.31301 -1.45962 0.398837 
-0.935348 0.853156 0.0858759 -2.01206 -1.60347 0.707614 
-0.260724 1.0335 0.0673477 -1.41364 -1.2364 0.604398 
-0.255108 0.898422 0.131912 -1.55095 -1.03529 0.851809 
-0.918018 0.232176 -0.125292 0.762943 1.74957 -1.4642 
-0.912592 0.249099 -0.45426 0.720064 1.95966 -1.20855 
-0.232231 0.480158 0.195577 -2.31463 -0.866784 1.89666 
-0.228361 0.403832 0.175427 0.692457 0.926513 -1.06408 
-0.791705 1.09909 0.228507 -1.68107 -1.59809 0.241698 
-0.187476 1.1583 0.0315529 -1.1105 -1.39482 0.339525 
-0.789223 0.684899 0.42753 -1.76318 -1.38305 0.583843 
-0.184317 1.0103 0.120081 -1.20172 -1.12607 0.541288 
-0.176991 0.86989 0.184164 -1.35437 -0.879275 0.805171 
-0.771387 0.0483794 0.399191 0.918682 1.32779 -1.63245 
-0.762397 -0.0661879 0.187227 0.739352 1.51767 -1.2917 
-0.755069 -0.0528994 -0.13396 0.647307 1.75613 -1.04248 
-0.158643 0.539164 0.240473 0.957985 0.673506 -1.30825 
-0.154356 0.452124 0.230642 0.748426 0.731946 -1.05426 
-0.150753 0.376193 0.208181 0.595254 0.814659 -0.862637 
-0.576007 1.05827 0.468881 -1.26758 -1.55778 0.0416678 
-0.103412 1.14376 0.0752752 -0.826328 -1.32708 0.256188 
-0.56769 0.554344 0.701571 -1.28288 -1.15276 0.414163 
-0.0953851 0.985188 0.171022 -0.842003 -0.959491 0.418066 
-0.0882371 0.8436 0.22695 -1.032 -0.651674 0.693971 
-0.543873 -0.223579 0.642369 0.891527 0.994801 -1.35041 
-0.0835415 0.722559 0.253926 -1.44722 -0.480476 1.15682 
-0.534207 -0.324859 0.399906 0.626786 1.27802 -0.972195 
-0.526332 -0.289483 0.0648785 0.508974 1.57233 -0.752247 
-0.520028 -0.143219 -0.382558 0.464333 1.87696 -0.583434 
-0.0721957 0.433218 0.252209 0.581239 0.605588 -0.763679 
-0.0694519 0.35852 0.227622 0.434796 0.719436 -0.589897 
-0.251989 1.06536 0.613738 -0.64714 -1.65733 -0.0652004 
-0.00627169 1.13373 0.1068 -0.418876 -1.26729 0.132289 
-0.225555 0.475776 0.876114 -0.46701 -0.998574 0.142272 
0.0109432 0.966431 0.202722 -0.236573 -0.803129 0.135502 
0.00929794 0.827845 0.246882 -0.461516 -0.436862 0.35948 
-0.220433 -0.422079 0.780486 0.573142 0.659045 -0.749131 
0.00868057 0.709447 0.268254 -1.13875 -0.217666 1.03979 
-0.215819 -0.495633 0.511922 0.338394 1.07992 -0.463612 
0.0097069 0.604527 0.276271 0.918432 0.232296 -1.0034 
-0.211285 -0.43328 0.163237 0.259368 1.43603 -0.33784 
0.0110756 0.510491 0.274323 0.46755 0.370008 -0.535693 
-0.207423 -0.272581 -0.28142 0.227801 1.77298 -0.251176 
0.0127513 0.426024 0.259087 0.293226 0.519276 -0.344916 
0.0140658 0.352302 0.233029 0.208065 0.66174 -0.245684 
0.163508 0.465023 0.890009 0.183752 -0.965861 -0.0421835 
0.102669 0.966309 0.197051 0.136138 -0.773821 -0.0587486 
0.101524 0.828673 0.24 0.210514 -0.382483 -0.130855 
0.157356 -0.442312 0.791285 -0.186937 0.557624 0.282066 
0.100389 0.711417 0.260742 0.684639 -0.0991539 -0.603932 
0.15518 -0.511173 0.519754 -0.0935885 1.02602 0.18171 
0.0994972 0.607577 0.268281 -0.32419 0.161953 0.405469 
0.153602 -0.445035 0.169414 -0.0676004 1.40119 0.14993 
0.0988476 0.514179 0.264702 -3.26695 -0.346157 3.34854 
0.15236 -0.282177 -0.275499 -0.05764 1.74928 0.131236 
0.098359 0.431095 0.24991 -0.0750141 0.509749 0.156753 
0.0980183 0.358307 0.224269 -0.0527628 0.657536 0.134626 
0.531103 1.0569 0.515961 0.923444 -1.57205 0.00165588 
0.209706 1.14608 0.0688592 0.63275 -1.27977 -0.207643 
0.509961 0.519051 0.763102 0.80693 -0.985152 -0.259424 
0.193042 0.979961 0.168698 0.503429 -0.813578 -0.25072 
0.191562 0.84128 0.214698 0.818389 -0.480816 -0.561863 
0.488775 -0.364192 0.423854 -0.460794 1.14685 0.76251 
0.482604 -0.320449 0.0843441 -0.356869 1.48381 0.599921 
0.184844 0.531759 0.239538 2.55027 -0.452758 3.962 
0.477597 -0.169753 -0.363268 -0.316043 1.81518 0.485198 
0.182465 0.44889 0.225859 -0.398304 0.580891 0.611888 
0.180512 0.376343 0.200738 -0.291519 0.710196 0.491366 
0.771605 1.08609 0.283207 1.46505 -1.54928 -0.200444 
0.298413 1.16859 0.00135094 1.02699 -1.35494 -0.340457 
0.291308 1.01293 0.0998067 1.07537 -1.00239 -0.517921 
0.754961 0.252096 0.549404 1.86131 -1.01476 -1.10111 
0.283385 0.875597 0.156794 1.29098 -0.725225 -0.809382 
0.734538 -0.114514 0.225947 -0.654136 1.36841 1.15948 
0.727109 -0.0948922 -0.0996579 -0.543807 1.64544 0.936989 
0.721127 0.0488695 -0.566099 -0.508053 1.95138 0.751007 
0.263148 0.478469 0.186852 -0.60789 0.70599 0.947782 
0.259975 0.405883 0.16355 -0.473652 0.804531 0.787213 
0.926104 1.18369 -0.0411503 -1.34444 1.67291 2.72495 
0.372921 1.19595 -0.0743174 1.29428 -1.43987 -0.430982 
0.370037 1.05244 0.0150725 1.40354 -1.1908 -0.631576 
0.917571 0.504257 0.206569 -1.0743 1.3896 2.05864 
0.363151 0.918209 0.0796303 1.56468 -0.968647 -0.888563 
0.348898 0.694286 0.137353 -1.09759 0.787702 1.643 
0.895517 0.200201 -0.401974 -0.650595 1.85151 1.14597 
0.338755 0.51809 0.13369 -0.719967 0.852059 1.17619 
1.03209 1.36613 -0.484758 -1.18149 1.874 -3.77079 
0.438314 1.2273 -0.156769 1.47844 -1.52043 -0.497944 
1.03084 1.03967 -0.281911 -1.07133 1.7431 2.3007 
0.436854 1.08924 -0.0677635 1.59309 -1.31672 -0.692966 
0.430808 0.959211 -0.00114217 -1.40882 1.13573 2.21626 
1.01655 0.524575 -0.503075 2.38815 -1.87918 4.61884 
0.404686 0.493413 0.0493739 -0.660267 1.04855 1.17623 
-0.935384 1.11983 -0.0433186 -1.80241 -1.95113 0.366385 
-0.260712 0.866166 0.146194 -1.20495 -1.61359 0.405326 
-0.936892 0.778812 0.10675 -1.88193 -1.8157 0.646703 
-0.262337 0.734076 0.19049 -1.344 -1.40339 0.6273 
-0.935337 0.493425 0.129756 1.15827 1.7352 4.13789 
-0.260713 0.611494 0.213578 -1.51416 -1.20675 0.896335 
-0.924313 0.22849 -0.20979 0.912628 1.84535 -1.4503 
-0.236706 0.284224 0.114862 0.785081 1.06822 -1.11035 
-0.232222 0.241729 0.0545671 0.662272 1.14823 -0.941334 
-0.789032 1.00615 0.286573 -1.58474 -1.83813 0.169361 
-0.183908 0.844377 0.197518 -1.00061 -1.54602 0.336646 
-0.791728 0.597098 0.449033 -1.66947 -1.62742 0.522032 
-0.187272 0.707082 0.241504 -1.16097 -1.29263 0.564114 
-0.184262 0.57713 0.266491 -1.34801 -1.04162 0.85199 
-0.771396 -0.0754639 0.106914 0.881393 1.58893 -1.30544 
-0.762423 -0.0256342 -0.255825 0.766468 1.81347 -1.01636 
-0.163798 0.305725 0.201518 0.880979 0.844409 -1.16127 
-0.158654 0.251433 0.149628 0.686418 0.935115 -0.922679 
-0.154353 0.210708 0.086642 0.555071 1.04117 -0.753327 
-0.567732 0.962055 0.532205 -1.14827 -1.85113 -0.0246207 
-0.0952545 0.829763 0.242279 -0.659473 -1.48984 0.21615 
-0.576163 0.454015 0.720285 -1.28895 -1.45482 0.379286 
-0.103352 0.683164 0.286669 -0.890201 -1.16358 0.455051 
-0.095381 0.541574 0.315747 -1.0478 -0.782599 0.734837 
-0.555241 -0.281823 0.598956 1.07363 1.04305 -1.44109 
-0.543872 -0.337019 0.318839 0.744693 1.29684 -1.00132 
-0.534268 -0.263261 -0.0528813 0.59668 1.59937 -0.747062 
-0.0792732 0.280467 0.226322 0.703032 0.672912 -0.871765 
-0.526686 -0.0726277 -0.560669 0.546681 1.92648 -0.545083 
-0.0754365 0.229257 0.170852 0.509772 0.81321 -0.647879 
-0.0721818 0.190692 0.105485 0.393936 0.951747 -0.505101 
0.0108377 0.825262 0.26637 -0.170394 -1.47327 0.0474461 
-0.251988 0.359269 0.900283 -0.668125 -1.32344 0.190878 
-0.00625418 0.665727 0.319572 -0.467876 -1.03644 0.251894 
-0.225922 -0.239342 0.934223 -0.961577 -0.479103 0.779609 
0.0105509 0.518373 0.345142 -0.35359 -0.509903 0.28089 
-0.223711 -0.491262 0.735759 0.697922 0.593879 -0.827258 
0.00927017 0.411228 0.322569 1.85408 0.197043 -1.92323 
-0.220437 -0.507429 0.42785 0.39296 1.04975 -0.480812 
0.00867395 0.331904 0.283213 0.643184 0.333325 -0.70606 
-0.215818 -0.405618 0.0451809 0.299826 1.43814 -0.340076 
0.00970498 0.269597 0.234462 0.35877 0.548069 -0.407909 
-0.211281 -0.204691 -0.45154 0.264625 1.80935 -0.238259 
0.0112701 0.220569 0.177037 0.245227 0.735522 -0.278991 
0.0127774 0.183731 0.110301 0.184252 0.900152 -0.2039 
0.10283 0.830537 0.258044 0.0953323 -1.4832 -0.0478768 
0.163497 -0.260455 0.947657 0.488603 -0.326023 -0.403516 
0.102869 0.520868 0.336452 0.210213 -0.472059 -0.148341 
0.160262 -0.510883 0.745353 -0.271035 0.478142 0.344621 
0.10157 0.415046 0.314077 1.14814 -0.085727 -1.08187 
0.157349 -0.522779 0.435064 -0.117883 0.989657 0.187859 
0.100389 0.336464 0.274607 -0.221098 0.290763 0.29038 
0.155173 -0.417448 0.0511093 -0.0811953 1.39955 0.146968 
0.0995009 0.275074 0.225704 -0.101922 0.530693 0.173266 
0.153397 -0.214646 -0.4452 -0.0680737 1.78451 0.123841 
0.0988453 0.226875 0.168025 -0.064563 0.728603 0.137256 
0.0983601 0.19066 0.10115 -0.046921 0.8983 0.120521 
0.509959 0.967414 0.577877 0.696883 -1.92577 0.0191195 
0.192721 0.839196 0.23377 0.359172 -1.48047 -0.145291 
0.531118 0.424174 0.776774 0.956789 -1.35109 -0.299986 
0.209504 0.68685 0.279519 0.695516 -1.08338 -0.372945 
0.509945 -0.0945991 0.814436 -1.88122 0.684227 2.22688 
0.193033 0.539056 0.309895 0.713011 -0.565672 -0.519676 
0.503204 -0.340538 0.635016 -0.904953 0.755246 1.1855 
0.192184 0.435639 0.288532 -1.59774 0.344653 -4.48604 
0.495946 -0.378909 0.343001 -0.547001 1.13626 0.779167 
0.488776 -0.295145 -0.0334104 -0.418461 1.49907 0.592931 
0.1876 0.296553 0.200633 -0.49578 0.62668 0.686081 
0.482487 -0.101561 -0.538182 -0.371184 1.86168 0.457017 
0.184844 0.248001 0.144134 -0.348965 0.794098 0.526905 
0.182516 0.211314 0.0784172 -0.265859 0.946096 0.431707 
0.765913 0.996443 0.344906 1.30208 -1.82746 -0.135291 
0.291247 0.86299 0.169671 0.836122 -1.52698 -0.313919 
0.771626 0.565602 0.508552 -1.66569 1.51924 2.64741 
0.298415 0.723671 0.210479 1.08499 -1.23839 -0.553558 
0.765838 0.175767 0.54132 -1.46001 1.21739 2.13908 
0.291243 0.586589 0.242106 1.26526 -0.890419 -0.840575 
0.743817 -0.127769 0.147669 -0.782532 1.40802 1.1761 
0.734579 -0.0695699 -0.219977 -0.643921 1.68942 0.918134 
0.271647 0.333394 0.159057 -0.741911 0.795822 1.0477 
0.267007 0.283009 0.105424 -0.561322 0.913831 0.840179 
0.263148 0.244945 0.0415455 -0.445354 1.03551 0.699647 
0.924097 1.09876 0.0162747 1.6579 -1.89568 -0.351934 
0.370018 0.89457 0.0907366 1.15869 -1.60571 -0.432278 
0.926108 0.746672 0.167226 -1.37292 1.72125 2.49965 
0.372832 0.764751 0.133228 1.32915 -1.38235 -0.649876 
0.924067 0.44813 0.191834 1.90599 -1.59343 -1.01656 
0.370003 0.641803 0.158944 1.51482 -1.16081 -0.919017 
0.901809 0.233625 -0.537086 -0.782055 1.92264 1.10016 
0.348804 0.382044 0.10204 -0.860142 0.983761 1.27122 
0.343293 0.329534 0.0524315 -0.693636 1.05876 1.0653 
0.338755 0.28992 -0.00877329 -0.574927 1.14969 0.911436 
0.436637 0.930653 0.0101743 1.34321 -1.687 -0.502549 
1.03209 0.975521 -0.261669 -1.23584 1.93349 2.34663 
0.438433 0.808106 0.0517268 1.49103 -1.50215 -0.708244 
0.436424 0.693039 0.0759542 1.65684 -1.33033 -0.952916 
1.02183 0.533097 -0.603726 2.22237 -1.97706 4.57981 
0.413094 0.384186 -0.0133771 -0.764082 1.20294 1.21766 
0.408867 0.343387 -0.072086 -0.658565 1.27206 1.06931 
-0.255058 0.584924 0.215065 -1.04616 -1.6855 0.484862 
-0.935351 0.704413 0.126394 -1.69906 -1.99528 0.629166 
-0.260747 0.476928 0.215852 -1.209 -1.49891 0.703497 
-0.262874 0.381826 0.195147 -1.41462 -1.3362 0.975243 
-0.930767 0.235922 -0.301859 -2.01924 -1.92745 -4.56514 
-0.248255 0.20584 0.0186177 0.984435 1.18107 -1.2232 
-0.242009 0.186484 -0.0720856 0.807855 1.26024 -0.997534 
-0.236701 0.182201 -0.17496 0.685914 1.36093 -0.830683 
-0.177366 0.558799 0.26442 -0.852445 -1.60636 0.394333 
-0.789031 0.507922 0.4706 -1.49953 -1.82903 0.494693 
-0.184311 0.443311 0.268354 -1.03336 -1.37097 0.618697 
-0.187444 0.343094 0.246885 -1.28223 -1.16823 0.921835 
-0.781351 -0.0740082 0.022918 1.07925 1.64463 -1.32642 
-0.177506 0.200114 0.141827 1.19944 0.939399 -1.42306 
-0.771393 0.0117968 -0.386869 0.928669 1.84227 -0.983171 
-0.170055 0.16629 0.0583695 0.89359 1.0046 -1.06805 
-0.163792 0.150704 -0.0369368 0.693384 1.12549 -0.827355 
-0.158691 0.14904 -0.142529 0.566616 1.25617 -0.664531 
-0.0883543 0.541712 0.304201 -0.547685 -1.54758 0.246641 
-0.567696 0.345587 0.749203 -1.0775 -1.67194 0.340746 
-0.0960094 0.414765 0.31856 -0.707076 -1.22609 0.434661 
-0.575999 -0.0843927 0.727513 1.75642 1.32897 -2.23668 
-0.103397 0.308293 0.29235 -1.06397 -0.954385 0.805493 
-0.555295 -0.341122 0.238313 0.916362 1.27422 -1.05632 
-0.0883574 0.162624 0.176464 -2.09311 -0.644332 -4.32085 
-0.543871 -0.230432 -0.175163 0.710995 1.58775 -0.742367 
-0.0835418 0.136522 0.0842593 0.680434 0.81696 -0.780706 
-0.534206 0.0186839 -0.771576 0.651076 1.9562 -0.487192 
-0.0792659 0.12607 -0.0157619 0.499324 1.00259 -0.57202 
-0.0754408 0.127837 -0.124067 0.395062 1.17109 -0.441968 
0.00887505 0.539214 0.321944 -0.190093 -1.54052 0.0695608 
-0.225885 0.240171 0.927837 -0.38862 -1.5739 0.123633 
0.0107557 0.40109 0.346247 -0.187398 -1.13436 0.110613 
-0.251992 -0.308583 0.909146 -0.925806 -0.850485 0.719827 
-0.00629653 0.282603 0.325432 -0.635225 -0.712965 0.50866 
0.010809 0.189467 0.275845 -1.11038 -0.188968 1.07249 
-0.223714 -0.513979 0.346612 0.461202 0.942467 -0.504104 
0.00926801 0.144756 0.188807 0.516642 0.391317 -0.547383 
-0.220435 -0.37322 -0.0759742 0.344017 1.39521 -0.339826 
0.00867382 0.123946 0.0919146 0.311956 0.693753 -0.332863 
-0.215799 -0.122 -0.645417 0.307436 1.82699 -0.218938 
0.00970694 0.116665 -0.0102913 0.230303 0.929959 -0.237428 
0.0112687 0.119178 -0.118456 0.180805 1.12374 -0.174166 
0.101569 0.545873 0.312097 0.0782071 -1.5519 -0.0663714 
0.163494 0.233356 0.941058 0.150972 -1.57152 -0.0628924 
0.102958 0.408436 0.33879 0.104493 -1.14351 -0.0828434 
0.163497 -0.560749 0.701049 -0.539481 0.296823 0.582937 
0.10287 0.195034 0.267333 0.953578 -0.116538 -0.910885 
0.160255 -0.528332 0.35292 -0.160261 0.879433 0.205396 
0.10157 0.150974 0.179437 -0.217106 0.371246 0.267621 
0.157335 -0.384875 -0.0704635 -0.100794 1.35514 0.144564 
0.100389 0.130483 0.0825358 -0.0995978 0.684551 0.155543 
0.154657 -0.13276 -0.637884 -0.0819078 1.80243 0.113731 
0.0994972 0.123699 -0.0197803 -0.0642877 0.926585 0.12388 
0.0988446 0.128079 -0.129597 -0.0476266 1.12444 0.109621 
0.192033 0.559752 0.28598 0.344383 -1.56059 -0.201354 
0.509961 0.317236 0.808599 0.646013 -1.5954 -0.245425 
0.193039 0.424933 0.311593 0.391175 -1.16694 -0.271634 
0.531108 -0.148704 0.784434 1.14883 -1.06414 -0.824271 
0.209605 0.314026 0.284933 0.883581 -0.822001 -0.692483 
0.509981 -0.39118 0.59565 1.91307 -0.692122 -1.74035 
0.503209 -0.388481 0.26486 -0.668295 1.05437 0.809499 
0.192044 0.174433 0.155191 -0.763178 0.510285 0.89316 
0.495947 -0.26431 -0.155104 -0.494095 1.47018 0.582272 
0.19031 0.154033 0.0584498 -0.468902 0.771466 0.600134 
0.488785 -0.0115397 -0.747684 -0.441266 1.8917 0.413262 
0.187634 0.146543 -0.0432242 -0.341839 0.988347 0.466784 
0.184874 0.150123 -0.152573 -0.268069 1.17078 0.383819 
0.28325 0.585091 0.233406 0.691442 -1.60163 -0.369364 
0.765224 0.47607 0.537908 1.23551 -1.72877 -0.454472 
0.291195 0.465279 0.24415 0.87332 -1.31374 -0.560152 
0.298414 0.366272 0.216079 1.22421 -1.09457 -0.903523 
0.283372 0.222317 0.107205 2.06557 -0.810116 -1.84005 
0.743895 -0.0359721 -0.347462 -0.777308 1.69673 0.893821 
0.277101 0.195878 0.016944 -0.752198 0.947448 0.958647 
0.271644 0.184912 -0.081846 -0.570092 1.10689 0.756724 
0.267006 0.186227 -0.189683 -0.45905 1.25729 0.624788 
0.363153 0.62302 0.159443 0.978046 -1.68391 -0.505404 
0.369975 0.516136 0.160907 1.16627 -1.48249 -0.715107 
0.926129 0.398308 0.17282 -1.43475 1.7788 2.15614 
0.372818 0.423074 0.138716 1.40445 -1.31359 -0.987425 
0.924096 0.227173 0.0307152 -1.26625 1.71488 1.76128 
0.917813 0.181469 -0.243275 -1.08013 1.77046 1.38224 
0.355453 0.251329 -0.0411017 2.23504 -1.15531 -1.95967 
0.348795 0.236311 -0.135648 -0.726087 1.2555 0.96839 
0.34329 0.234708 -0.241101 -0.604817 1.36943 0.815472 
0.431146 0.667193 0.0794443 1.15261 -1.77357 -0.5907 
0.436416 0.568505 0.0780982 1.31973 -1.61647 -0.78931 
0.438341 0.481242 0.0569517 1.51677 -1.48056 -1.0302 
0.418181 0.296648 -0.20315 -0.815849 1.40206 1.10637 
0.412906 0.293379 -0.306862 -0.704402 1.48983 0.953993 
-0.248264 0.36072 0.18003 -0.883588 -1.65144 0.605816 
-0.255188 0.287774 0.141814 -1.03943 -1.49733 0.804021 
-0.260711 0.230618 0.0803575 -1.25905 -1.37153 1.06738 
-0.262851 0.191884 -0.00278925 -1.51667 -1.2953 1.3742 
-0.935469 0.252505 -0.399901 -1.75705 -1.97505 -4.52076 
-0.255112 0.171923 -0.227576 1.09455 1.31511 -1.13595 
-0.248263 0.193528 -0.369946 0.893492 1.42015 -0.888113 
-0.241992 0.235119 -0.533361 0.759673 1.55474 -0.703655 
-0.170052 0.330556 0.226209 -0.717827 -1.56254 0.486994 
-0.781268 0.41813 0.485476 -1.29024 -1.98535 0.515191 
-0.177385 0.250595 0.192837 -0.878405 -1.35839 0.683872 
-0.789031 0.116149 0.435725 -1.39796 -1.77624 0.929943 
-0.184331 0.187989 0.133169 -1.13873 -1.18657 0.979255 
-0.789034 -0.0615926 -0.0648644 1.32929 1.68738 -1.35165 
-0.781244 0.0596924 -0.526558 1.14382 1.83152 -0.949399 
-0.177383 0.128095 -0.183375 0.98631 1.12484 -1.01269 
-0.170052 0.154046 -0.330639 0.756863 1.27952 -0.744642 
-0.163874 0.198481 -0.495835 0.619956 1.45274 -0.568073 
-0.0836276 0.310987 0.260405 -0.478142 -1.49345 0.314916 
-0.555241 0.238134 0.758395 -0.908795 -1.84465 0.359001 
-0.0884134 0.222142 0.236268 -0.587809 -1.21939 0.457882 
-0.567689 -0.157507 0.711175 -1.09113 -1.41402 0.817963 
-0.095386 0.148955 0.18401 -0.858411 -0.939302 0.752868 
-0.103388 0.107592 0.0916462 -1.37892 -0.81396 1.29508 
-0.567695 -0.332403 0.157565 1.17536 1.25178 -1.17077 
-0.55524 -0.192986 -0.298143 0.863789 1.52088 -0.751348 
-0.0883562 0.0924145 -0.152755 0.725491 0.902012 -0.735218 
-0.543864 0.145427 -1.04325 0.779936 1.95302 -0.403529 
-0.0835599 0.126356 -0.307295 0.526639 1.14991 -0.508076 
-0.079262 0.175488 -0.475743 0.424321 1.37174 -0.375733 
0.00866753 0.305679 0.274448 -0.19861 -1.46762 0.110549 
-0.223719 0.117697 0.925093 -0.374613 -1.7516 0.149507 
0.0092706 0.212348 0.25613 -0.207603 -1.15532 0.148728 
-0.225914 -0.380039 0.887137 -0.477139 -0.969708 0.409262 
0.0108098 0.127695 0.214636 -0.253425 -0.738668 0.219851 
-0.251988 -0.54677 0.633962 -1.4554 -0.649368 -4.8569 
-0.00626285 0.0781509 0.123292 -1.12719 -0.444068 1.08637 
-0.225913 -0.515522 0.273141 0.59538 0.741431 -0.588128 
0.010809 0.056474 0.00517478 0.500631 0.359354 -0.50397 
-0.22371 -0.339531 -0.195062 0.385419 1.27825 -0.336385 
0.0092713 0.0775504 -0.144274 0.275868 0.764721 -0.265408 
-0.220362 -0.0179727 -0.875972 0.349127 1.81431 -0.189856 
0.00867394 0.116405 -0.302574 0.224136 1.08217 -0.196429 
0.00970689 0.168073 -0.472344 0.189462 1.33192 -0.143501 
0.100398 0.313537 0.267042 0.0632004 -1.47591 -0.0842716 
0.160422 0.110813 0.939864 0.126301 -1.74674 -0.0803137 
0.10157 0.220537 0.248965 0.0851327 -1.1647 -0.0985891 
0.163497 -0.398303 0.901181 0.191809 -0.908975 -0.181769 
0.102869 0.135334 0.208067 0.140789 -0.742565 -0.143489 
0.163498 -0.529379 0.279502 -0.247264 0.661885 0.259552 
0.10287 0.0634505 -0.00392901 -0.282474 0.34739 0.305861 
0.160231 -0.350464 -0.19016 -0.130287 1.24091 0.145102 
0.10157 0.0852377 -0.154736 -0.112853 0.766561 0.146345 
0.157348 -0.0280274 -0.870112 -0.101015 1.79577 0.100329 
0.100389 0.124401 -0.313505 -0.0711463 1.08529 0.111526 
0.0994972 0.176678 -0.484031 -0.0528259 1.33718 0.0974756 
0.190645 0.332772 0.240984 0.321475 -1.50466 -0.273918 
0.503201 0.213661 0.804785 0.586194 -1.79657 -0.290536 
0.192118 0.240877 0.222352 0.370444 -1.20175 -0.336942 
0.509964 -0.223268 0.773048 0.722459 -1.14373 -0.614069 
0.193057 0.157334 0.181583 0.506713 -0.807267 -0.477444 
0.209606 0.11409 0.084569 1.29105 -0.629886 -1.2292 
0.509991 -0.392729 0.194013 -0.878988 0.897265 0.909378 
0.19304 0.0872365 -0.0273381 -0.841219 0.489651 0.889786 
0.503201 -0.231649 -0.275195 -0.582945 1.36701 0.570658 
0.192074 0.108704 -0.177704 -0.471131 0.840059 0.525475 
0.495946 0.108738 -1.01009 -0.520675 1.8934 0.34843 
0.190347 0.148112 -0.337572 -0.354093 1.14116 0.404687 
0.187647 0.200408 -0.509414 -0.288934 1.38117 0.329504 
0.277091 0.363594 0.19132 0.588024 -1.56258 -0.464196 
0.754723 0.386135 0.547377 1.03674 -1.90321 -0.480285 
0.283369 0.279596 0.166202 0.719073 -1.31644 -0.61161 
0.291243 0.211201 0.112439 0.996398 -1.08231 -0.892848 
0.754954 0.00456973 -0.479003 -0.954846 1.65039 0.873764 
0.283372 0.155959 -0.222541 -0.829756 1.04335 0.897689 
0.277097 0.189752 -0.378725 -0.621831 1.26042 0.674163 
0.271644 0.240195 -0.551542 -0.506916 1.46422 0.53642 
0.355332 0.406405 0.124951 0.80873 -1.65404 -0.619331 
0.363011 0.332579 0.0901645 0.97387 -1.48051 -0.803583 
0.924145 0.346883 0.156511 -1.69256 1.88459 2.14446 
0.926094 0.210786 -0.0247106 1.6176 -1.8144 -1.37899 
0.373171 0.23906 -0.057708 -1.62865 1.27099 -4.522 
0.369974 0.218667 -0.162106 -1.32251 1.2366 1.42474 
0.363163 0.220845 -0.288895 2.11015 -1.28868 -2.0348 
0.355485 0.247283 -0.438835 -0.817558 1.41936 0.865607 
0.348765 0.294737 -0.611606 -0.682946 1.57531 0.695671 
0.424413 0.458064 0.0472858 0.955885 -1.75153 -0.727343 
0.431088 0.392262 0.00714676 1.11154 -1.62485 -0.907406 
0.436374 0.341062 -0.0558603 1.31954 -1.52569 -1.1392 
0.436363 0.288769 -0.24348 -1.34693 1.44729 1.46146 
0.431079 0.290725 -0.367973 -1.11668 1.48175 1.19631 
0.424444 0.314931 -0.515964 -0.933161 1.57227 0.974733 
0.418182 0.362636 -0.69211 -0.808946 1.69526 0.800341 
-0.241993 0.221667 0.0389668 -0.760451 -1.52748 0.729574 
-0.248324 0.188429 -0.0360478 -0.896582 -1.40521 0.906954 
-0.255272 0.170703 -0.133098 -1.09904 -1.30703 1.15258 
-0.93539 0.245415 -0.141993 1.77477 1.96614 4.56677 
-0.262902 0.1978 -0.411841 1.50949 1.29671 -1.34827 
-0.935336 0.561063 -1.25976 1.63836 2.0071 -0.773933 
-0.260714 0.248705 -0.602335 1.2511 1.38476 -1.02603 
-0.255099 0.336101 -0.846104 1.03576 1.53815 -0.735049 
-0.248262 0.50862 -1.23005 0.90308 1.76503 -0.46386 
-0.163873 0.189104 0.0826198 -0.621913 -1.4312 0.582038 
-0.170053 0.15111 0.011893 -0.75972 -1.26966 0.754412 
-0.781245 0.0610364 0.408302 -1.14432 -1.83279 0.947271 
-0.177384 0.127572 -0.0802195 -0.989493 -1.12044 1.02003 
-0.788864 -0.0611423 0.190373 1.81214 1.68757 -1.79261 
-0.184315 0.126353 -0.203095 1.81848 1.05184 -1.74523 
-0.791701 -0.0431201 -0.156437 1.59341 1.68213 -1.36997 
-0.789034 0.120979 -0.680055 1.39944 1.77748 -0.922717 
-0.184321 0.199008 -0.54618 1.12926 1.19784 -0.953828 
-0.177382 0.285207 -0.786708 0.869658 1.39566 -0.638498 
-0.170051 0.443905 -1.14228 0.722034 1.6691 -0.393579 
-0.079262 0.168458 0.112652 -0.425969 -1.3543 0.383727 
-0.543871 0.129733 0.752232 -0.775549 -1.94171 0.415491 
-0.0835579 0.124659 0.0487235 -0.528282 -1.14338 0.512062 
-0.555272 -0.211096 0.671588 -0.865182 -1.50101 0.774616 
-0.0883563 0.0922827 -0.0336923 -0.726414 -0.900705 0.736703 
-0.567679 -0.347879 0.436198 1.93827 1.21945 -1.88584 
-0.576008 -0.306126 0.0696216 1.49756 1.27605 -1.32342 
-0.103383 0.108685 -0.31225 1.37491 0.814783 -1.28922 
-0.567693 -0.146827 -0.422581 1.0888 1.42118 -0.803749 
-0.0953856 0.154942 -0.501961 0.850705 0.948513 -0.739755 
-0.0884265 0.248085 -0.749922 0.57974 1.25556 -0.433183 
-0.0836327 0.404764 -1.09499 0.476599 1.59916 -0.261189 
0.00970684 0.16165 0.125406 -0.190282 -1.31501 0.146851 
-0.220449 -0.00984843 0.912021 -0.349925 -1.82205 0.18686 
0.00867392 0.115087 0.0653958 -0.224813 -1.07663 0.197864 
-0.223708 -0.414293 0.828345 -0.402211 -1.16693 0.385548 
0.00927133 0.0775713 -0.0106062 -0.275797 -0.764958 0.265311 
-0.225912 -0.558137 0.580127 -0.778006 -0.569992 0.817323 
0.0108097 0.0562922 -0.115453 -0.497317 -0.361713 0.500438 
-0.252001 -0.489601 0.194849 1.20189 0.699728 -1.10286 
-0.00626262 0.0781104 -0.27938 1.12768 0.444058 -1.0869 
-0.225919 -0.305957 -0.305292 0.448393 1.06288 -0.354669 
0.0108097 0.131503 -0.482634 0.251043 0.747184 -0.216614 
-0.223707 0.134631 -1.19271 0.375687 1.76584 -0.14362 
0.00927099 0.236233 -0.744038 0.204243 1.19381 -0.140026 
0.00867241 0.398137 -1.09414 0.197502 1.58123 -0.0878203 
0.0994969 0.169354 0.11852 0.0530811 -1.31773 -0.0985382 
0.157471 -0.0206952 0.926302 0.101268 -1.80316 -0.0997612 
0.100389 0.122714 0.0592048 0.0714178 -1.07812 -0.112105 
0.160257 -0.431964 0.84223 0.137558 -1.11172 -0.163961 
0.10157 0.0851728 -0.0164165 0.112937 -0.765824 -0.146463 
0.162771 -0.576558 0.592633 0.359488 -0.437778 -0.391127 
0.102869 0.063317 -0.121013 0.281005 -0.349183 -0.304303 
0.163457 -0.316865 -0.299775 -0.177338 1.02079 0.156403 
0.102869 0.139953 -0.493956 -0.139203 0.753063 0.141325 
0.160259 0.121895 -1.18149 -0.125372 1.75585 0.0795582 
0.10157 0.246973 -0.75968 -0.0836619 1.20775 0.0946704 
0.100388 0.412922 -1.11715 -0.0629119 1.59931 0.0765023 
0.187645 0.190689 0.0923516 0.290365 -1.35633 -0.336965 
0.495878 0.102806 0.792699 0.519634 -1.88831 -0.35161 
0.190341 0.145327 0.0320881 0.355859 -1.12997 -0.409095 
0.503193 -0.260904 0.71931 0.589113 -1.32673 -0.598238 
0.192059 0.108397 -0.0436432 0.47213 -0.83678 -0.527298 
0.509976 -0.41591 0.490622 0.96433 -0.822072 -1.03988 
0.19304 0.0873083 -0.148233 0.842494 -0.488871 -0.891254 
0.209607 0.115504 -0.319694 -1.28376 0.631552 1.22018 
0.509982 -0.198571 -0.386903 -0.711674 1.17006 0.587812 
0.19304 0.164468 -0.519702 -0.499323 0.821551 0.466638 
0.192108 0.272898 -0.788567 -0.363973 1.25052 0.317482 
0.19031 0.454747 -1.1757 -0.321405 1.64409 0.227407 
0.272508 0.225113 0.0483352 0.51021 -1.4309 -0.556479 
0.277098 0.184532 -0.0185725 0.626305 -1.24178 -0.688349 
0.75479 0.00790628 0.472288 0.954997 -1.65348 -0.868118 
0.28339 0.154755 -0.102211 0.835284 -1.0331 -0.909255 
0.291271 0.147845 -0.220899 -1.90987 0.903372 1.82361 
0.765846 0.0573194 -0.618177 -1.2011 1.5702 0.880838 
0.291247 0.226241 -0.58465 -0.98137 1.10141 0.860181 
0.283366 0.32654 -0.848655 -0.707548 1.37404 0.560305 
0.277082 0.523094 -1.26829 -0.595241 1.7207 0.357957 
0.348772 0.272195 -0.0160413 0.683764 -1.52848 -0.73418 
0.355485 0.238005 -0.0884638 0.822698 -1.39071 -0.896751 
0.917696 0.298321 0.134123 -1.96457 1.93062 2.10805 
0.369974 0.221824 -0.311725 -1.8077 1.22859 -4.60064 
0.372821 0.250434 -0.474349 -1.50092 1.27332 1.3364 
0.363152 0.406237 -0.945135 -0.969044 1.54648 0.706851 
0.418182 0.32798 -0.0909044 0.802764 -1.63125 -0.867269 
0.424465 0.299545 -0.168571 0.934365 -1.53058 -1.03122 
0.431145 0.28638 -0.269527 1.1231 -1.45547 -1.25105 
0.436479 0.386437 -0.775847 -1.31556 1.55185 1.03813 
0.43113 0.50607 -1.07984 -1.12538 1.7013 0.750154 
-0.236703 0.182689 -0.211209 -0.68892 -1.34448 0.844514 
-0.242104 0.190133 -0.327564 -0.813591 -1.2446 1.01501 
-0.248264 0.21533 -0.470653 2.14632 1.16413 -1.89047 
-0.930728 0.233562 -0.206104 2.0322 1.91038 -1.68094 
-0.260711 0.363971 -0.916573 -1.52275 -1.20557 -4.32969 
-0.26285 0.657659 -1.52315 1.3547 1.39024 -0.685659 
-0.158691 0.149125 -0.168163 -0.568667 -1.24515 0.670824 
-0.163793 0.152742 -0.279794 -0.697511 -1.1153 0.836815 
-0.771396 0.0142435 0.366082 -0.929828 -1.84542 0.978826 
-0.170054 0.171642 -0.414343 -0.902643 -0.993349 1.08479 
-0.781493 -0.0738996 0.125708 2.06088 1.64567 -1.81527 
-0.177385 0.21425 -0.587154 -1.22182 -0.928394 1.45995 
-0.187458 0.493608 -1.25762 1.21674 1.22367 -0.74438 
-0.0754406 0.127913 -0.139604 -0.396348 -1.16379 0.445247 
-0.534207 0.0242035 0.735055 -0.65266 -1.96126 0.483017 
-0.079263 0.127188 -0.245212 -0.501601 -0.995889 0.576241 
-0.543874 -0.251904 0.613384 -0.710996 -1.55432 0.771149 
-0.0835416 0.139471 -0.370569 -0.686616 -0.808965 0.789692 
-0.555236 -0.347946 0.362433 -0.940888 -1.22176 1.13164 
-0.0883544 0.170483 -0.527568 2.07206 0.635495 -1.93609 
-0.576191 -0.0838908 -0.559861 1.38586 1.32936 -0.905377 
-0.103388 0.412569 -1.13862 0.993262 1.01947 -0.677077 
0.0112704 0.118703 -0.125653 -0.181764 -1.11754 0.176429 
-0.215819 -0.131309 0.888157 -0.306631 -1.8169 0.222176 
0.00970694 0.11748 -0.229725 -0.231311 -0.924245 0.239106 
-0.220434 -0.442651 0.756202 -0.355367 -1.26776 0.387623 
0.00867395 0.126036 -0.349427 -0.314762 -0.686605 0.336504 
-0.224003 -0.534397 0.494497 -0.548589 -0.760855 0.637407 
0.0092712 0.150306 -0.496824 -0.532153 -0.380827 0.564161 
-0.251991 -0.252696 -0.419417 0.878658 0.894801 -0.646519 
-0.00626207 0.362531 -1.06874 0.575619 0.793725 -0.42701 
0.0988444 0.128104 -0.134548 0.0478097 -1.11649 -0.110043 
0.155221 -0.144703 0.901913 0.0819252 -1.78917 -0.115455 
0.0994971 0.124686 -0.235832 0.0646392 -0.919372 -0.124463 
0.15735 -0.460239 0.769647 0.105259 -1.20999 -0.160216 
0.100389 0.132933 -0.354865 0.100695 -0.675684 -0.156956 
0.160255 -0.549429 0.504469 0.201193 -0.662577 -0.262127 
0.10157 0.15715 -0.502129 0.225316 -0.357189 -0.276421 
0.163497 -0.484392 0.129859 1.29749 -0.156807 -1.35727 
0.184869 0.150191 -0.160406 0.26943 -1.1586 -0.387396 
0.488699 -0.00545439 0.771743 0.442282 -1.898 -0.409968 
0.187624 0.148239 -0.263643 0.344256 -0.977138 -0.471361 
0.495939 -0.294785 0.652993 0.497842 -1.41639 -0.611667 
0.190341 0.157998 -0.38492 0.475978 -0.758581 -0.60985 
0.503203 -0.398871 0.406038 0.715034 -0.964775 -0.897242 
0.192042 0.183687 -0.534884 0.790392 -0.495023 -0.92426 
0.509959 -0.353891 0.041924 -1.7839 0.663334 -4.70834 
0.531102 -0.137943 -0.511847 -1.14179 1.06994 0.80967 
0.209606 0.424573 -1.1558 -0.799581 0.910283 0.563031 
0.267006 0.18645 -0.205403 0.462395 -1.23722 -0.635301 
0.271644 0.188238 -0.313936 0.576439 -1.08794 -0.770573 
0.743811 -0.0338604 0.421696 0.777648 -1.69984 -0.890284 
0.277124 0.203528 -0.443411 0.765278 -0.926578 -0.981327 
0.754785 -0.133373 0.1883 0.969439 -1.40795 -1.21658 
0.298412 0.569561 -1.37663 -1.1279 1.1814 0.674983 
0.343292 0.235354 -0.267489 0.609817 -1.33809 -0.838169 
0.348793 0.242663 -0.383823 0.735346 -1.22534 -0.996948 
0.917806 0.177957 -0.136767 -2.06574 1.7612 1.74043 
0.369981 0.43 -1.00333 1.52733 -1.15936 4.30871 
0.412904 0.294878 -0.344412 0.708707 -1.44189 -0.995118 
0.418181 0.307952 -0.468827 0.825419 -1.35611 -1.15658 
0.424412 0.341418 -0.625171 -2.15159 1.291 1.76675 
1.02717 0.538759 -0.60181 1.06075 -1.95364 -1.59416 
-0.232229 0.261096 -0.604631 -0.676232 -1.11122 0.973816 
-0.236702 0.326689 -0.801544 -0.816837 -1.01553 1.1733 
-0.918032 0.265872 -0.0139368 -0.844789 -2.00091 1.19427 
-0.241992 0.443862 -1.08688 -1.02961 -0.932966 1.46913 
-0.924312 0.230237 -0.285425 -0.904883 -1.82292 1.48011 
-0.154353 0.224311 -0.555671 -0.566013 -1.01237 0.774461 
-0.158651 0.282134 -0.739518 -0.714781 -0.892143 0.968853 
-0.762423 -0.0239696 0.310135 -0.76728 -1.81686 1.013 
-0.1638 0.379711 -0.990929 -0.959356 -0.781691 1.27514 
-0.77061 -0.0765773 0.046079 -0.880971 -1.58922 1.30507 
-0.789035 0.301209 -1.08486 1.81239 1.45448 -0.908098 
-0.0721805 0.201099 -0.523824 -0.401398 -0.927356 0.517757 
-0.526308 -0.0713553 0.70583 -0.546902 -1.92787 0.543232 
-0.0754548 0.253026 -0.697878 -0.531787 -0.773834 0.679117 
-0.534208 -0.284154 0.543936 -0.596414 -1.55303 0.778209 
-0.0792522 0.337832 -0.92755 -0.779038 -0.611799 0.96634 
-0.543941 -0.334438 0.269261 -0.762573 -1.2361 1.06103 
-0.0835413 0.52911 -1.34686 -1.38983 -0.485111 -4.64152 
-0.555286 -0.257298 -0.115368 2.03788 1.01666 -1.6426 
-0.567689 -0.0263906 -0.700499 1.54893 1.06845 -0.999047 
0.0127774 0.193088 -0.51127 -0.187883 -0.876418 0.209657 
-0.211288 -0.236771 0.85125 -0.262214 -1.76904 0.249389 
0.0112703 0.242014 -0.680351 -0.256856 -0.696071 0.294401 
-0.215817 -0.464159 0.675413 -0.309085 -1.2958 0.385701 
0.00970696 0.320028 -0.898361 -0.407859 -0.479284 0.464253 
-0.220521 -0.503654 0.391018 -0.44632 -0.874056 0.575449 
0.00867393 0.478639 -1.25991 -1.09163 -0.222819 1.17111 
-0.223712 -0.416656 0.0068573 -0.898222 -0.478082 1.05954 
-0.225913 -0.201394 -0.538045 0.896673 0.506136 -0.705731 
0.0983596 0.200885 -0.519142 0.0479469 -0.871881 -0.122144 
0.153614 -0.25091 0.863814 0.0675119 -1.73775 -0.127306 
0.098844 0.24973 -0.688106 0.0679235 -0.685235 -0.141682 
0.155178 -0.480551 0.687594 0.0845821 -1.2408 -0.16057 
0.0994961 0.327718 -0.906124 0.117506 -0.453817 -0.190967 
0.157349 -0.518354 0.400955 0.139352 -0.78621 -0.221707 
0.100389 0.489298 -1.27306 0.512258 -0.127572 -0.587011 
0.16025 -0.430806 0.0184603 0.414388 -0.310104 -0.499356 
0.163497 -0.215428 -0.524694 -0.424801 0.373561 0.33561 
0.182498 0.224439 -0.547835 0.272224 -0.913808 -0.442561 
0.482563 -0.102815 0.739415 0.371435 -1.85873 -0.457364 
0.184893 0.276116 -0.721608 0.368317 -0.744133 -0.553847 
0.488772 -0.32311 0.578352 0.42162 -1.43215 -0.622999 
0.187666 0.358625 -0.947383 0.566973 -0.547824 -0.771108 
0.495946 -0.376389 0.305657 0.576607 -1.04602 -0.843232 
0.190311 0.567176 -1.39894 1.29144 -0.333748 -1.52779 
0.503201 -0.304813 -0.0711806 -2.16313 0.707414 1.85738 
0.510037 -0.0922713 -0.630116 -1.25755 0.684981 0.910702 
0.263148 0.264274 -0.599205 0.458578 -0.99197 -0.724615 
0.267006 0.32347 -0.786049 0.59465 -0.851706 -0.892652 
0.734678 -0.0690508 0.360081 0.643989 -1.69061 -0.917391 
0.271644 0.42603 -1.04739 0.840386 -0.70502 -1.18211 
0.33875 0.319153 -0.671739 0.594014 -1.08986 -0.955497 
0.343298 0.390596 -0.879812 0.73704 -0.977762 -1.14789 
0.901785 0.220202 0.0462629 0.772347 -1.89654 -1.12818 
0.348795 0.530683 -1.20752 0.975885 -0.866635 -1.46291 
0.408445 0.389931 -0.768285 0.681253 -1.18787 -1.13831 
0.412905 0.480079 -1.00927 0.814772 -1.09112 -1.34051 
1.02183 0.545496 -0.695102 -2.28258 1.83785 1.52232 
-0.912598 0.239146 -0.0762987 -0.70909 -1.92759 1.23841 
-0.918055 0.238506 -0.384303 -0.75896 -1.72142 1.49128 
-0.150746 0.62021 -1.46532 -0.787864 -0.611783 1.11565 
-0.755097 -0.0521749 0.242011 -0.64792 -1.7586 1.0405 
-0.762418 -0.0664037 -0.0531175 -0.739826 -1.51908 1.29089 
-0.771418 0.0464484 -0.490418 2.22345 1.33013 -1.51191 
-0.0694519 0.541922 -1.33393 -0.571566 -0.538459 0.758264 
-0.520015 -0.152551 0.664101 -0.462798 -1.86361 0.589213 
-0.526308 -0.306016 0.464669 -0.509801 -1.5149 0.784144 
-0.534215 -0.31356 0.163018 -0.641782 -1.2172 1.01937 
-0.543872 -0.204762 -0.248495 -0.909475 -0.973386 1.38283 
0.0140687 0.519118 -1.29482 -0.28008 -0.476859 0.330822 
-0.207424 -0.321156 0.800719 -0.225003 -1.70044 0.268116 
-0.210984 -0.475924 0.587377 -0.267383 -1.28265 0.379458 
-0.215817 -0.469252 0.275922 -0.378621 -0.914085 0.537467 
-0.220433 -0.352956 -0.129621 -0.677651 -0.558201 0.876292 
-0.223707 -0.102954 -0.722559 -1.83251 -0.381867 2.07172 
0.0979908 0.536462 -1.32047 0.0723604 -0.456882 -0.15761 
0.152455 -0.335202 0.812007 0.0570009 -1.6686 -0.136005 
0.153603 -0.490363 0.597323 0.0706273 -1.23293 -0.161943 
0.155179 -0.483487 0.286706 0.107647 -0.838752 -0.205203 
0.157329 -0.366916 -0.117634 0.240375 -0.424945 -0.342597 
0.180512 0.61871 -1.45564 0.429739 -0.466313 -0.656204 
0.477587 -0.184053 0.694437 0.314433 -1.79372 -0.492344 
0.482602 -0.341818 0.495236 0.36054 -1.4064 -0.62918 
0.488775 -0.350372 0.195099 0.482708 -1.06171 -0.811172 
0.496126 -0.245418 -0.208664 0.770906 -0.743839 -1.14906 
0.721234 0.0513298 0.469825 0.508865 -1.95477 -0.748979 
0.727129 -0.0953937 0.287845 0.543671 -1.64369 -0.938118 
0.734542 -0.113731 -0.00303322 0.654812 -1.36418 -1.16279 
0.754779 0.359238 -1.26777 1.34666 -0.987301 4.12014 
1.01202 0.524438 -0.446059 -2.46876 1.92541 1.76475 
-0.890561 1.16861 0.00113178 -1.98005 -1.73791 0.366338 
-0.0478863 1.15777 0.0338691 -1.19467 -1.42605 0.351178 
-0.889311 0.803483 0.187807 -2.0512 -1.61286 0.658615 
-0.0457559 1.01418 0.118499 -1.2871 -1.20002 0.567275 
-0.0408099 0.878086 0.181687 -1.4161 -1.00018 0.818705 
-0.873394 0.145617 -0.0217284 0.794385 1.79345 -1.48997 
-0.868397 0.154798 -0.340318 0.769715 1.99069 -1.22448 
-0.0178201 0.370728 0.225076 0.789264 0.856998 -1.02086 
-0.727829 1.08361 0.294027 -1.75181 -1.60596 0.189971 
0.030255 1.15322 0.0473862 -1.02885 -1.37371 0.315104 
-0.725549 0.656501 0.495293 -1.82062 -1.43237 0.544029 
0.0325382 1.00807 0.132208 -1.11821 -1.12668 0.522901 
0.0378989 0.870385 0.194308 -1.25662 -0.896876 0.78157 
-0.702272 -0.136461 0.257335 0.801622 1.58834 -1.32136 
-0.695229 -0.12416 -0.0626691 0.725236 1.80448 -1.0534 
0.0612683 0.367613 0.224599 0.694912 0.761644 -0.827049 
-0.492586 1.05698 0.499525 -1.38499 -1.56829 0.0141613 
0.111918 1.15127 0.0534488 -0.815331 -1.31418 0.263785 
-0.488562 0.551722 0.72785 -1.44142 -1.2677 0.416808 
0.115153 1.0028 0.139524 -0.890043 -1.0232 0.458088 
0.121243 0.863828 0.199096 -1.03632 -0.746453 0.72073 
-0.466417 -0.267182 0.684823 0.979966 1.11953 -1.43592 
0.126914 0.740428 0.23223 -1.33739 -0.551467 1.10963 
-0.455943 -0.373598 0.44153 0.732845 1.35104 -1.02825 
-0.44745 -0.336902 0.105634 0.614111 1.61293 -0.772499 
0.135376 0.534817 0.247303 -2.14987 -0.498765 2.04116 
-0.440572 -0.190612 -0.337462 0.570133 1.89243 -0.568925 
0.141418 0.374201 0.21091 0.53529 0.682414 -0.561197 
-0.163093 1.06514 0.612486 -0.857254 -1.64088 -0.0806971 
0.199116 1.15245 0.0504249 -0.521925 -1.24861 0.180606 
-0.150694 0.487152 0.869939 -0.81341 -1.10827 0.259514 
0.207429 0.997115 0.139944 -0.49953 -0.867322 0.310028 
-0.139149 -0.105359 0.936477 1.73947 0.595478 -2.04493 
0.212485 0.857549 0.193685 -0.642292 -0.529874 0.542798 
-0.130853 -0.433931 0.794694 0.796247 0.743725 -0.962416 
0.213956 0.741986 0.216381 -1.13102 -0.313641 1.08048 
-0.123659 -0.511334 0.526432 0.49305 1.10737 -0.564805 
-0.117335 -0.448986 0.177425 0.382757 1.44175 -0.373939 
0.217849 0.54567 0.223071 0.674298 0.37249 -0.64712 
-0.112011 -0.288276 -0.266133 0.3384 1.76558 -0.239857 
0.219732 0.463407 0.208807 0.432639 0.505149 5.90921 
0.221386 0.391617 0.183042 0.307737 0.64075 -0.222244 
0.233129 1.06606 0.61724 -0.160207 -1.68187 -0.01791 
0.29461 1.15943 0.0279489 -0.105328 -1.1893 0.03934 
0.258471 0.475958 0.868565 0.0734394 -0.970551 0.0192724 
0.309926 1.00177 0.113001 0.16065 -0.744392 -0.0390397 
0.251474 -0.100108 0.920936 -3.13668 0.156438 3.22393 
0.305013 0.868605 0.157669 0.119479 -0.363563 0.00853649 
0.246294 -0.413276 0.774704 0.0923664 0.503508 0.0126824 
0.301197 0.756104 0.178795 -0.114409 -0.0733171 0.249418 
0.244634 -0.487059 0.506564 0.0709068 0.980701 0.0627949 
0.299703 0.657153 0.1859 -2.95432 -0.156653 3.10518 
0.244646 -0.424828 0.15769 0.0600086 1.36214 0.101904 
0.29936 0.567971 0.182117 -3.04356 -0.34389 3.21231 
0.244998 -0.264012 -0.287683 0.0547768 1.71586 0.1346 
0.299438 0.48949 0.166737 0.0673663 0.506078 6.40098 
0.299622 0.420464 0.140539 0.0494997 0.654781 0.14955 
0.583296 0.537091 0.715092 0.693189 -0.921417 -0.218369 
0.391768 1.02276 0.057839 0.551561 -0.737993 -0.270212 
0.573955 0.0641167 0.756828 -1.66365 0.433495 -4.21914 
0.387154 0.89349 0.100108 0.861308 -0.393512 -0.567466 
0.565494 -0.218353 0.629169 2.55181 -0.649038 -2.19272 
0.559138 -0.310654 0.382596 -0.321991 1.04861 0.656559 
0.554485 -0.270685 0.0449129 -0.234203 1.41109 0.546575 
0.377717 0.602767 0.124245 -0.380028 0.449575 -5.59462 
0.550903 -0.121853 -0.40577 -0.200434 1.76385 0.479598 
0.375942 0.52744 0.109083 -3.39052 -0.590209 -2.5825 
0.374653 0.460441 0.0836289 -0.181364 0.723549 0.492395 
0.82508 1.0976 0.234643 1.2273 -1.48943 -0.223453 
0.481426 1.21644 -0.128928 0.932804 -1.26788 -0.382546 
0.811449 0.65843 0.455363 1.22096 -0.990189 -6.78152 
0.467551 1.05627 -0.0194571 0.907466 -0.810893 -0.482209 
0.463648 0.932017 0.0225107 1.32614 -0.560827 -0.879789 
0.785733 -0.0467571 0.15765 -0.54718 1.24607 1.06703 
0.779402 -0.0246788 -0.1704 -0.43499 1.55856 0.883393 
0.774447 0.126766 -0.6535 -0.39526 1.89898 0.737582 
0.445562 0.509605 0.0129876 2.78667 -0.834415 -2.36839 
0.550151 1.26602 -0.253159 1.28861 -1.39876 -0.533448 
0.966234 0.852973 0.0717207 -1.38249 1.32228 2.37438 
0.544746 1.11751 -0.148368 1.39894 -1.07684 -0.722721 
0.957524 0.553505 0.121451 2.02958 -1.20034 -1.17115 
0.536839 0.99092 -0.0879318 -1.4992 0.855243 2.13136 
0.934228 0.292071 -0.517171 -0.564309 1.77783 1.09424 
0.518427 0.709398 -0.0416167 2.41544 -0.820506 -1.85302 
0.514315 0.635557 -0.0512264 -0.581697 0.887303 1.12043 
0.510969 0.571085 -0.0728736 -0.476269 0.967137 -5.29002 
0.606201 1.32295 -0.3872 1.51286 -1.52816 -0.633813 
1.06374 1.11026 -0.421545 -1.14378 1.67741 2.21125 
0.603516 1.18529 -0.288183 1.65641 -1.31435 -0.815408 
0.597952 1.06114 -0.219451 1.83077 -1.12973 -1.04524 
0.570969 0.639977 -0.172749 2.58883 -1.11104 -1.9843 
-0.889018 1.07941 0.0588139 -1.87687 -1.94852 0.285101 
-0.0457434 0.8409 0.198831 -1.10804 -1.56078 0.345989 
-0.890451 0.723908 0.210031 -1.93282 -1.827 0.589718 
-0.0473303 0.705774 0.243703 -1.23692 -1.3409 0.582583 
-0.888969 0.422234 0.233078 1.12683 1.76367 4.10192 
-0.0454808 0.579738 0.267191 -1.40633 -1.1361 0.870741 
-0.879009 0.140131 -0.105149 0.936339 1.8898 -1.47079 
-0.0350087 0.377847 0.249396 -1.87892 -0.918278 1.54629 
-0.0297267 0.304146 0.214442 1.03676 0.928762 -1.29546 
-0.0252462 0.245976 0.166225 0.859997 0.983762 -1.05686 
-0.0213093 0.202252 0.105499 0.726319 1.06483 -0.86941 
-0.725557 0.984801 0.353429 -1.68597 -1.83196 0.109816 
0.0325481 0.835745 0.211787 -0.951464 -1.49727 0.303465 
-0.727808 0.559297 0.520522 -1.73376 -1.65732 0.483906 
0.0306478 0.698499 0.257437 -1.0845 -1.25242 0.535438 
-0.725566 0.181907 0.545575 1.287 1.54586 -2.18714 
0.0326532 0.571017 0.280487 -1.26475 -1.01873 0.828137 
-0.710543 -0.144262 0.175317 0.940338 1.66678 -1.32991 
0.044047 0.368654 0.25757 -1.86171 -0.765701 1.62133 
-0.702271 -0.096436 -0.182912 0.84799 1.86201 -1.02479 
0.0540211 0.240975 0.167784 0.773675 0.872791 -0.888373 
0.0578978 0.199139 0.104888 0.626738 0.974653 -0.693189 
-0.488532 0.9502 0.562528 -1.34436 -1.81119 -0.0596228 
0.115162 0.836108 0.216365 -0.733262 -1.43853 0.23148 
-0.492578 0.434672 0.756709 -1.39818 -1.50241 0.373497 
0.112252 0.695376 0.263324 -0.879878 -1.15041 0.459075 
-0.488553 -0.0457136 0.786061 1.52084 1.24558 -2.15783 
0.115206 0.565004 0.286464 -1.06706 -0.859351 0.756557 
-0.466439 -0.381487 0.358209 0.862588 1.38909 -1.06694 
-0.455941 -0.308491 -0.0118345 0.713765 1.64373 -0.771525 
0.13151 0.298294 0.210882 -2.29707 -0.646455 2.22497 
-0.447367 -0.120698 -0.510891 0.664052 1.93631 -0.529103 
0.135375 0.245939 0.156327 0.613368 0.76917 -0.637902 
0.138617 0.206804 0.0912809 0.474055 0.900942 -0.458516 
-0.150713 0.960785 0.677335 -0.768695 -1.93125 -0.145828 
0.207435 0.844344 0.210429 -0.379606 -1.40197 0.0962431 
-0.163089 0.360034 0.898685 -0.878802 -1.3678 0.238681 
0.199462 0.697254 0.259722 -0.580125 -1.0384 0.32155 
-0.150696 -0.226757 0.933186 -1.2461 -0.756225 0.955988 
0.20745 0.561237 0.283655 -0.676673 -0.622773 0.54879 
0.212105 0.45432 0.270186 1.90547 0.327248 -1.95432 
-0.130853 -0.521098 0.442302 0.57808 1.08775 -0.611823 
0.213955 0.374077 0.234383 -2.19884 -0.351768 2.19828 
-0.123638 -0.420606 0.0602356 0.44084 1.4439 -0.38877 
0.215836 0.311779 0.186844 0.52934 0.5278 -0.49023 
-0.11732 -0.220894 -0.433876 0.389873 1.79736 -0.230135 
0.217852 0.263211 0.130253 0.359816 0.703834 -0.286584 
0.219738 0.226888 0.0632914 0.269672 0.865563 -0.167185 
0.309918 0.865844 0.176254 0.10985 -1.4198 -0.0961641 
0.23313 0.356665 0.904966 -0.166976 -1.26567 0.0505931 
0.294647 0.70839 0.238513 -0.120144 -0.950339 0.0701789 
0.258455 -0.228406 0.925918 0.189608 -0.327781 -0.119122 
0.309902 0.574274 0.252558 0.245487 -0.462071 -0.14107 
0.251476 -0.481825 0.729937 -0.00130976 0.416178 0.088492 
0.305012 0.473764 0.231859 -2.33343 0.058619 -3.82862 
0.24628 -0.500072 0.423322 0.0552996 0.940619 0.0610025 
0.301197 0.398689 0.193491 0.0335296 0.269989 0.103019 
0.244618 -0.398616 0.0405189 0.0602782 1.35751 0.0895088 
0.299703 0.340131 0.14486 0.0592344 0.512767 0.0969878 
0.244311 -0.197348 -0.457006 0.0598181 1.74861 0.124585 
0.299368 0.294287 0.0872507 0.0514137 0.711519 0.124047 
0.29942 0.260026 0.0210009 0.042115 0.881625 0.149989 
0.583287 0.972807 0.533894 0.569907 -1.9094 -0.0374163 
0.39163 0.894208 0.117982 0.363601 -1.44202 -0.205436 
0.583303 -0.0412143 0.762558 1.15858 -0.588706 -0.839627 
0.391392 0.606975 0.195478 0.790619 -0.518842 -0.564252 
0.565501 -0.327154 0.303295 -0.401714 1.03447 0.672719 
0.383012 0.439999 0.133685 2.53555 -0.424162 4.00898 
0.559131 -0.247479 -0.0722747 -0.280997 1.42316 0.534157 
0.379913 0.383586 0.0856777 -3.47938 -0.617369 3.74988 
0.554491 -0.0505505 -0.587994 -0.238236 1.81271 0.450541 
0.37763 0.339173 0.0289214 -0.226616 0.793337 0.503222 
0.37594 0.305951 -0.0374937 -0.169345 0.950703 0.449997 
0.81145 1.01594 0.29932 0.93852 -1.80054 -0.184159 
0.467818 0.927418 0.0440184 0.612651 -1.45805 -0.319315 
0.824906 0.593584 0.455723 1.26109 -1.39745 -0.494363 
0.481487 0.793577 0.079131 1.00056 -1.14547 -0.571692 
0.467568 0.655734 0.11785 1.15578 -0.674086 -0.816964 
0.793588 -0.0634619 0.0821354 -0.658143 1.26145 1.07534 
0.785744 -0.000775931 -0.291814 -0.516249 1.59516 0.861368 
0.454921 0.440706 0.010318 2.55564 -0.789581 -2.17734 
0.779402 0.217367 -0.876182 -0.47639 1.97651 0.676804 
0.45105 0.396778 -0.0446686 -0.43678 0.926822 0.809097 
0.447894 0.363702 -0.109629 -0.343955 1.05759 0.708315 
0.966225 1.13638 -0.0665231 1.41494 -1.84062 5.85856 
0.544747 0.98051 -0.0784872 1.05015 -1.56725 -0.503328 
0.969269 0.793803 0.078267 -1.50191 1.62884 2.44481 
0.550185 0.858659 -0.0430393 1.32693 -1.34731 -0.727678 
0.940423 0.330489 -0.663041 -0.681557 1.84402 1.04846 
0.523579 0.51015 -0.081822 -0.728968 0.995015 1.20663 
0.518429 0.465668 -0.13367 2.56141 -1.08876 -2.10249 
0.514315 0.43227 -0.196695 -0.476843 1.18953 0.916733 
1.06377 1.35595 -0.571271 -1.498 2.00453 2.44295 
0.603763 1.04129 -0.211379 1.3284 -1.69273 -0.625438 
1.06502 1.05155 -0.403445 -1.3296 1.87644 2.25623 
0.606158 0.926843 -0.170705 1.52138 -1.5185 -0.813376 
1.06395 0.815399 -0.374508 1.96201 -1.77644 -1.16047 
1.05909 0.670803 -0.490121 -1.01434 1.77184 1.66835 
1.05261 0.652305 -0.7815 2.2563 -1.9076 4.50276 
0.578936 0.544016 -0.238229 -0.668599 1.25768 1.20109 
-0.0407377 0.550725 0.26699 -0.982917 -1.61027 0.411931 
-0.0456979 0.439753 0.26879 -1.13284 -1.41551 0.644955 
-0.89045 0.366606 0.215631 1.31734 1.93471 -2.19991 
-0.0477166 0.341789 0.248627 -1.33807 -1.23934 0.941281 
-0.884758 0.145511 -0.195572 -2.00637 -1.97211 -4.58149 
-0.0350085 0.163717 0.0705937 -2.11201 -1.083 1.97208 
-0.0297759 0.143481 -0.0194432 0.84808 1.16317 -0.925794 
-0.0252117 0.138462 -0.121512 0.723568 1.26535 -0.745836 
0.0379367 0.545608 0.278549 -0.838331 -1.5366 0.347221 
-0.725555 0.462585 0.541606 -1.59195 -1.85483 0.455988 
0.032568 0.431143 0.282353 -0.998732 -1.30861 0.583546 
-0.727778 0.113335 0.526899 -1.68184 -1.71811 -5.36084 
0.0303921 0.331179 0.26258 -1.22379 -1.10406 0.893786 
-0.719268 -0.141316 0.0893486 1.12991 1.72933 -1.3439 
-0.710523 -0.0586941 -0.311779 1.01204 1.89405 -0.990455 
0.0440462 0.155089 0.0767589 0.964348 0.940756 -1.04726 
0.0494734 0.137733 -0.0170095 0.753399 1.05125 -0.778336 
0.0540212 0.135104 -0.121972 0.617788 1.17902 -0.592709 
0.121265 0.548666 0.280746 -0.627378 -1.47448 0.241119 
-0.488612 0.316829 0.781169 -1.26835 -1.70119 0.347529 
0.115169 0.429414 0.288389 -0.793837 -1.19558 0.470015 
-0.492579 -0.125401 0.764265 -1.45934 -1.42216 0.923624 
0.112071 0.326581 0.268577 -1.05573 -0.941796 0.804747 
-0.478332 -0.378569 0.273555 1.04755 1.40614 -1.13389 
-0.466413 -0.272912 -0.13381 0.84697 1.64273 -0.778274 
0.126869 0.155353 0.0706048 0.804909 0.784887 -0.822877 
-0.455938 -0.0332944 -0.711663 0.782355 1.95734 -0.476038 
0.131547 0.14252 -0.0277981 0.58743 0.948182 -0.554855 
0.135361 0.143127 -0.135863 0.463394 1.11017 -0.388173 
0.212119 0.563635 0.268582 -0.310722 -1.45163 0.0697536 
-0.150693 0.228486 0.927095 -0.708002 -1.56993 0.18215 
0.207437 0.436959 0.285485 -0.423333 -1.09557 0.232622 
-0.163094 -0.306242 0.907482 -1.11318 -0.99856 0.832754 
0.199322 0.329404 0.264901 -0.763535 -0.752092 0.610058 
-0.150694 -0.536601 0.69539 -1.85763 -0.745068 -4.51216 
0.207435 0.242734 0.21976 -1.25637 -0.394235 1.20282 
-0.139099 -0.523496 0.359818 0.710067 1.01303 -0.698609 
0.212106 0.192833 0.141778 -2.28328 -0.412807 2.29534 
-0.130879 -0.38727 -0.0597458 0.513015 1.40351 -0.411096 
0.213954 0.169032 0.0478205 0.473101 0.658895 -0.415362 
-0.123583 -0.13961 -0.623498 0.450509 1.80826 -0.215891 
0.215841 0.160778 -0.054338 0.334465 0.886406 -0.238525 
0.217848 0.164554 -0.164967 0.261309 1.07975 -0.132689 
0.304994 0.593589 0.230232 0.0425206 -1.48898 -0.123782 
0.258453 0.244707 0.919608 0.0607521 -1.53958 -0.0625255 
0.309914 0.464389 0.254124 0.12201 -1.09835 -0.135321 
0.23313 -0.315216 0.913819 -0.277591 -0.616901 0.228375 
0.294609 0.345746 0.243397 -0.174645 -0.596245 0.144972 
0.258455 -0.531029 0.68549 -0.27056 0.228318 0.324443 
0.309917 0.26468 0.185696 0.977754 -0.131066 -0.894179 
0.251469 -0.506402 0.342013 -0.00034099 0.828764 0.0874713 
0.305012 0.221241 0.100669 -0.124892 0.345673 0.237818 
0.246248 -0.367165 -0.0800714 0.0462523 1.31063 0.0816806 
0.301184 0.201098 0.00500132 0.0144099 0.655756 0.124 
0.243995 -0.11612 -0.649512 0.0603696 1.76424 0.113183 
0.299691 0.19504 -0.0980939 0.0370526 0.900382 0.125599 
0.299355 0.200563 -0.209822 0.0376259 1.10195 0.145981 
0.386865 0.630654 0.171433 0.294915 -1.53315 -0.26602 
0.583289 0.352074 0.757173 0.533935 -1.56968 -0.247808 
0.391567 0.504975 0.19606 0.39612 -1.15269 -0.324876 
0.583288 -0.331477 0.551228 1.95396 -0.580197 4.51027 
0.573961 -0.336738 0.225462 -0.534888 0.961366 0.717724 
0.387118 0.26894 0.0409481 2.50058 -0.507762 -2.30953 
0.565491 -0.217761 -0.194336 -0.348299 1.3965 0.521938 
0.383012 0.250179 -0.0554679 -0.345293 0.764709 0.557944 
0.559365 0.0390302 -0.799549 -0.28878 1.84676 0.411217 
0.379909 0.24485 -0.15858 -0.232089 0.985786 0.459105 
0.377689 0.250441 -0.268525 -0.175335 1.17205 0.411905 
0.463653 0.675465 0.0935995 0.542235 -1.57235 -0.403375 
0.81218 0.509545 0.492488 0.904963 -1.61038 -0.436106 
0.46719 0.552585 0.121031 0.653928 -1.21745 -0.500241 
0.824887 0.170518 0.461864 -1.78559 1.28769 2.23388 
0.481433 0.461843 0.0844972 1.16051 -0.99023 -0.900312 
0.793589 0.031167 -0.421074 -0.622088 1.59082 0.829838 
0.459331 0.313863 -0.131264 -0.602287 0.932921 0.881447 
0.45491 0.30853 -0.234329 -0.451171 1.11837 0.735347 
0.451047 0.314715 -0.347216 -0.360585 1.2821 0.642654 
0.53696 0.732233 -0.0126256 0.856831 -1.65876 -0.568421 
0.966238 0.722414 0.107483 1.35505 -1.79604 -6.95106 
0.544798 0.629253 -0.0055477 1.06781 -1.43026 -0.746437 
0.948243 0.385789 -0.832203 -0.84163 1.87554 0.9789 
0.529635 0.393238 -0.226625 2.35454 -1.15349 -2.01577 
0.523485 0.386003 -0.327834 -0.621988 1.28546 0.952848 
0.518428 0.391533 -0.441231 -0.513912 1.41605 0.830922 
0.597909 0.799764 -0.138901 1.10274 -1.77502 -0.70125 
0.603914 0.709709 -0.141121 1.30599 -1.62684 -0.879288 
1.06511 0.780617 -0.398057 1.72177 -1.92849 -1.16089 
1.06377 0.662187 -0.553863 -1.2647 1.89124 -4.6256 
0.584311 0.474895 -0.440154 2.40384 -1.46169 -2.03978 
0.578936 0.480792 -0.555282 -0.630775 1.56187 0.968912 
-0.0350068 0.319738 0.229598 -0.858981 -1.56007 0.519729 
-0.0408425 0.245121 0.191699 -1.00387 -1.40052 0.73088 
-0.0458046 0.18603 0.131748 -1.2184 -1.26327 1.01465 
-0.0408119 0.125918 -0.173878 1.09793 1.20541 -1.0807 
-0.0350126 0.146442 -0.312944 0.898937 1.31395 -0.816356 
-0.0297261 0.185581 -0.471046 0.767785 1.44861 -0.620895 
0.0440479 0.315275 0.239439 -0.729683 -1.48056 0.423541 
0.0378993 0.236826 0.204186 -0.885842 -1.28538 0.641077 
-0.725618 0.0497584 0.50409 -1.46321 -1.83461 0.923001 
0.0325146 0.174917 0.14539 -1.12995 -1.115 0.950834 
-0.72554 -0.128744 -7.75826e-05 1.36307 1.76719 -1.3549 
-0.719071 -0.0110305 -0.448878 1.22302 1.88906 -0.955616 
0.0378828 0.115509 -0.164756 1.02307 1.05608 -0.987864 
0.0440466 0.139149 -0.308331 0.792905 1.19966 -0.695866 
0.0494773 0.181522 -0.470599 0.651745 1.36624 -0.496303 
0.126924 0.320951 0.238681 -0.542858 -1.416 0.281538 
-0.478307 0.198997 0.794919 -1.09722 -1.8542 0.357806 
0.12088 0.237543 0.209642 -0.687994 -1.17028 0.481952 
-0.488533 -0.197836 0.737883 -1.24523 -1.52466 0.878004 
0.115152 0.171056 0.152645 -0.962446 -0.94083 0.815158 
0.112061 0.128491 0.0687619 1.76627 0.799983 -1.84764 
-0.488525 -0.364477 0.186942 -1.86075 -1.41367 1.91646 
0.115149 0.108032 -0.0372132 1.27816 0.765487 -1.28828 
-0.478301 -0.230544 -0.258424 1.02527 1.60365 -0.803124 
0.121221 0.113471 -0.167398 0.854135 0.885418 -0.799651 
-0.466383 0.0831636 -0.960443 0.930993 1.94286 -0.404996 
0.126924 0.142604 -0.317837 0.612478 1.0926 -0.501503 
0.131504 0.189672 -0.485553 0.485931 1.30259 -0.323692 
0.213957 0.339892 0.222661 -0.287681 -1.39122 0.0837671 
-0.139298 0.0990304 0.933813 -0.594889 -1.72117 0.170809 
0.212084 0.251442 0.201647 -0.349022 -1.09249 0.19751 
-0.150694 -0.38242 0.881279 -0.824695 -1.08775 0.647036 
0.207427 0.176476 0.153086 -0.566824 -0.748 0.46589 
0.199322 0.131692 0.0652227 -1.2208 -0.526916 1.17121 
-0.150694 -0.514716 0.279364 0.955806 0.920999 -0.889654 
0.207435 0.110511 -0.0459062 0.973939 0.457381 -0.951882 
-0.139181 -0.350986 -0.178629 0.611044 1.30315 -0.454722 
0.2121 0.124349 -0.18739 0.471063 0.73278 -0.393377 
-0.13066 -0.0392941 -0.845003 0.517875 1.78556 -0.197132 
0.213959 0.160924 -0.345784 0.331502 1.03096 -0.206086 
0.215841 0.21329 -0.519508 0.268617 1.28116 -0.100736 
0.301197 0.373813 0.184861 -0.00904324 -1.4207 -0.133983 
0.251696 0.126141 0.918101 0.000819971 -1.70856 -0.0873136 
0.305012 0.285605 0.166905 0.0471526 -1.11803 -0.140912 
0.258455 -0.368406 0.879356 0.078303 -0.887651 -0.11009 
0.309895 0.205908 0.126111 0.16597 -0.715613 -0.205354 
0.233126 -0.55286 0.637525 -1.08324 -0.179886 1.07648 
0.29462 0.150409 0.0445738 -0.468792 -0.217494 0.459246 
0.258451 -0.50699 0.268015 -0.105134 0.616777 0.146484 
0.309917 0.138014 -0.082641 -0.332218 0.338675 0.394171 
0.25141 -0.333223 -0.199398 -0.000214342 1.19699 0.0872839 
0.305004 0.15871 -0.232897 -0.0629471 0.740186 0.166801 
0.246287 -0.0108691 -0.883438 0.0454531 1.75726 0.102051 
0.301188 0.198661 -0.395058 0.0102541 1.05844 0.130311 
0.299689 0.254243 -0.573198 0.0300229 1.31608 0.141029 
0.383001 0.418753 0.126252 0.237691 -1.47681 -0.326782 
0.573751 0.253888 0.754708 0.440179 -1.76664 -0.299824 
0.38711 0.333221 0.10907 0.318654 -1.18979 -0.376359 
0.583272 -0.16164 0.724515 0.605693 -1.106 -0.548165 
0.391608 0.254598 0.0694426 0.507376 -0.812235 -0.521838 
0.583337 -0.340755 0.15524 -0.777697 0.812548 0.842317 
0.39161 0.18863 -0.141579 -0.801175 0.513352 0.888876 
0.573948 -0.184476 -0.316081 -0.448206 1.30613 0.516234 
0.387112 0.211637 -0.29597 -0.396097 0.853757 0.522488 
0.565503 0.173416 -1.08991 -0.359495 1.87086 0.348436 
0.383057 0.25279 -0.459788 -0.26068 1.14854 0.413486 
0.379909 0.312969 -0.647871 -0.195924 1.39769 0.363498 
0.459199 0.47202 0.0491771 0.4724 -1.54521 -0.506087 
0.803019 0.434269 0.487076 0.78689 -1.82956 -0.488125 
0.463617 0.390077 0.0320563 0.569263 -1.2768 -0.587722 
0.811611 0.104761 0.463613 0.937596 -1.34495 -0.782013 
0.467557 0.314648 -0.00660316 0.784915 -0.940434 -0.772385 
0.811471 -0.0816951 -0.0585271 2.07362 -1.11094 -1.97788 
0.46756 0.253894 -0.216392 2.10509 -0.725726 -1.99973 
0.802547 0.0676403 -0.552451 -0.755261 1.51375 0.792378 
0.463651 0.279077 -0.374145 -0.656184 1.00819 0.794016 
0.459325 0.32452 -0.547389 -0.494699 1.2804 0.64578 
0.454908 0.388257 -0.742845 -0.404383 1.51011 0.553075 
0.529645 0.537734 -0.0519204 0.707539 -1.64027 -0.680327 
0.957537 0.653771 0.119779 1.11501 -1.94505 -0.697161 
0.536841 0.465775 -0.0785627 0.862115 -1.44063 -0.819722 
0.54475 0.409145 -0.135474 1.13843 -1.27106 -1.06632 
0.544752 0.358682 -0.339672 1.90178 -1.16119 4.49757 
0.957532 0.464296 -1.03471 -1.05403 1.84979 0.886718 
0.529653 0.415031 -0.658272 -0.711214 1.45582 0.838234 
0.523486 0.485331 -0.869736 -0.595429 1.65051 0.69985 
0.591057 0.611836 -0.168793 0.892625 -1.75268 -0.823856 
0.597936 0.552419 -0.209744 1.06587 -1.62525 -0.984634 
0.59791 0.481816 -0.621116 2.07666 -1.52588 -1.97896 
0.590698 0.525268 -0.801795 -0.875739 1.64697 0.953692 
0.58424 0.611184 -1.04552 -0.759297 1.80823 0.783585 
-0.0297272 0.177951 0.0856 -0.769783 -1.43287 0.636259 
-0.035054 0.144002 0.0107388 -0.901339 -1.3067 0.825725 
-0.0409977 0.125302 -0.0846435 -1.10027 -1.20227 1.08739 
-0.0477223 0.149026 -0.356791 -1.65851 -1.17727 1.79612 
-0.0457431 0.19666 -0.539663 1.21163 1.27223 -0.990476 
-0.0408006 0.277072 -0.768451 0.996738 1.42991 -0.6846 
-0.0350029 0.417653 -1.09298 0.861878 1.6423 -0.424194 
0.0494773 0.174183 0.0941048 -0.654476 -1.34973 0.509228 
0.0440455 0.137024 0.0219496 -0.795789 -1.19252 0.703703 
-0.719112 -0.00779216 0.473356 -1.22505 -1.89108 0.949968 
0.0378823 0.115173 -0.0714451 -1.02574 -1.05312 0.993259 
-0.727809 -0.111092 -0.0926954 1.60852 1.75129 -1.36358 
-0.725562 0.0475607 -0.597737 1.46206 1.83466 -0.927513 
0.0325149 0.183942 -0.525852 1.12049 1.12444 -0.929187 
0.0379023 0.266351 -0.757749 0.875051 1.31741 -0.600738 
0.0440492 0.410632 -1.08764 0.726035 1.57191 -0.342126 
0.131498 0.181487 0.0916009 -0.48886 -1.28268 0.334548 
-0.466413 0.0826055 0.794062 -0.930855 -1.9425 0.40552 
0.12684 0.140183 0.0243016 -0.616093 -1.08336 0.508892 
-0.478301 -0.258109 0.69988 -1.02448 -1.57917 0.843477 
0.121238 0.113196 -0.0644644 -0.858079 -0.882168 0.805426 
0.115155 0.108413 -0.183506 -1.28279 -0.764233 1.29449 
-0.492578 -0.342834 0.0967885 1.52511 1.3909 -1.32063 
0.112067 0.130654 -0.336349 -1.77416 -0.801645 1.85904 
-0.488532 -0.179432 -0.387834 1.24415 1.53338 -0.852199 
0.115162 0.179703 -0.52382 0.950919 0.952902 -0.795055 
-0.478302 0.301271 -1.38623 1.1227 1.89473 -0.272392 
0.121244 0.267577 -0.764743 0.674772 1.20923 -0.447255 
0.126924 0.424136 -1.11395 0.536199 1.52773 -0.214362 
0.215844 0.202153 0.0740755 -0.271112 -1.25228 0.109069 
-0.130946 -0.0318831 0.923737 -0.519149 -1.79217 0.192722 
0.213961 0.157519 0.0122505 -0.334471 -1.01675 0.211813 
-0.139132 -0.430026 0.830508 -0.635701 -1.19837 0.533681 
0.212108 0.123866 -0.0678982 -0.474366 -0.727034 0.397901 
-0.150676 -0.554981 0.571787 -1.11691 -0.808934 1.1369 
0.207435 0.110914 -0.180224 -0.981878 -0.454805 0.960727 
0.199314 0.133998 -0.340049 -1.93536 -0.530141 1.98727 
-0.150694 -0.308457 -0.295586 0.788292 1.16058 -0.562859 
0.207435 0.185932 -0.537378 0.554619 0.766519 -0.44902 
-0.1391 0.104352 -1.14185 0.594039 1.725 -0.168257 
0.212107 0.286289 -0.796868 0.339821 1.14642 -0.176432 
0.213957 0.468589 -1.18794 0.283039 1.5417 -0.0394294 
0.299678 0.237512 0.037924 -0.0303953 -1.27257 -0.139694 
0.246444 -0.00342508 0.905457 -0.0453913 -1.76497 -0.102428 
0.301181 0.192705 -0.0214546 -0.0104131 -1.03329 -0.130004 
0.251479 -0.404555 0.821968 0.000289252 -1.08179 -0.0873856 
0.305001 0.15747 -0.097771 0.0639028 -0.725778 -0.168102 
0.258451 -0.548034 0.574228 0.154342 -0.405695 -0.202595 
0.309906 0.138757 -0.204176 0.341697 -0.328949 -0.404225 
0.233129 -0.494369 0.197751 0.502309 0.335527 -0.478473 
0.294606 0.153811 -0.36216 0.444203 0.229821 -0.433979 
0.258344 -0.298744 -0.310323 -0.0727794 0.985449 0.100859 
0.309906 0.220021 -0.583963 -0.160504 0.746921 0.197961 
0.25148 0.142868 -1.20196 -0.00025795 1.72347 0.0872597 
0.304991 0.334845 -0.866916 -0.0455905 1.19746 0.137052 
0.301197 0.566692 -1.34592 0.00895963 1.64125 0.135965 
0.379909 0.286076 -0.0198961 0.198752 -1.3303 -0.377263 
0.565295 0.148541 0.74335 0.35689 -1.84778 -0.357219 
0.383012 0.243118 -0.0787958 0.265126 -1.10778 -0.424721 
0.573938 -0.20079 0.673919 0.451616 -1.28142 -0.52854 
0.387086 0.208712 -0.152973 0.405547 -0.827315 -0.537076 
0.583289 -0.357871 0.451771 0.843622 -0.749355 -0.935594 
0.39161 0.190388 -0.260825 0.831944 -0.497067 -0.92403 
0.583385 -0.150797 -0.428673 -0.600616 1.11952 0.537174 
0.391608 0.279145 -0.657682 -0.48382 0.860114 0.486772 
0.387112 0.410821 -0.972213 -0.306314 1.30313 0.337728 
0.454908 0.345889 -0.0968142 0.408973 -1.41327 -0.595155 
0.793933 0.352126 0.475934 0.675645 -1.94227 -0.561494 
0.459328 0.306276 -0.157848 0.506837 -1.21535 -0.683709 
0.802637 0.0686916 0.417919 0.755247 -1.51511 -0.791181 
0.463649 0.274097 -0.234345 0.6787 -0.964716 -0.834929 
0.811449 0.107701 -0.680174 -0.936493 1.34747 0.777922 
0.467565 0.35606 -0.753198 -0.743332 1.00488 0.698237 
0.46365 0.514697 -1.11736 -0.548257 1.42999 0.489815 
0.523485 0.417496 -0.195042 0.594296 -1.51629 -0.790527 
0.52964 0.384715 -0.263642 0.724215 -1.36374 -0.919505 
0.536843 0.363608 -0.353412 0.937979 -1.20433 -1.12382 
0.969539 0.302359 -0.537921 -1.59174 1.65845 1.33446 
0.550194 0.416801 -0.685283 1.66113 -1.25367 4.42952 
0.536838 0.728873 -1.4462 -0.856397 1.65736 0.570186 
0.584264 0.498687 -0.31078 0.734388 -1.62681 -0.952388 
0.590734 0.474659 -0.389146 0.873503 -1.52364 -1.09994 
1.06376 0.654431 -0.688373 -1.85243 1.91258 1.55934 
0.603833 0.661895 -1.17516 -1.3036 1.61237 0.932639 
-0.0252133 0.138747 -0.165882 -0.725736 -1.25773 0.752926 
-0.0298414 0.14532 -0.280829 -0.851949 -1.15583 0.935107 
-0.03505 0.168322 -0.419657 2.10361 1.07429 -1.95528 
-0.885032 0.14475 -0.105609 2.01117 1.96766 -1.68939 
-0.047716 0.490763 -1.25352 1.2847 1.28367 -0.7664 
0.0540212 0.135319 -0.157904 -0.62008 -1.17132 0.598654 
0.0494743 0.13938 -0.270363 -0.757527 -1.0438 0.786516 
-0.710548 -0.0575457 0.430572 -1.01253 -1.89575 0.988545 
0.044047 0.159637 -0.406481 -0.973449 -0.932265 1.06262 
-0.725556 -0.0898748 -0.190002 1.83838 1.66964 -1.38522 
0.0302933 0.462566 -1.21097 1.15669 1.16173 -0.736036 
0.135363 0.143324 -0.161692 -0.465838 -1.10043 0.393662 
-0.455942 -0.0283094 0.779062 -0.784048 -1.96145 0.471612 
0.131504 0.144142 -0.27001 -0.5923 -0.93837 0.562851 
-0.466478 -0.304265 0.64589 -0.844619 -1.59962 0.82694 
0.12692 0.159987 -0.401113 -0.817674 -0.774586 0.840138 
-0.478129 -0.386129 0.38171 2.07569 1.35204 -1.91064 
0.121235 0.198274 -0.56839 -1.23718 -0.66681 1.32676 
-0.488533 -0.319321 0.00370602 1.75331 1.29587 -1.42566 
-0.492577 -0.118911 -0.528458 1.45808 1.4231 -0.915082 
0.112059 0.45265 -1.1966 0.971165 1.02069 -0.652919 
0.217849 0.16471 -0.18058 -0.263605 -1.06402 0.13749 
-0.123652 -0.153993 0.900724 -0.448897 -1.7935 0.222992 
0.21584 0.163066 -0.285181 -0.338737 -0.871637 0.245227 
-0.130862 -0.461412 0.761766 -0.530142 -1.27636 0.48602 
0.213961 0.174431 -0.409868 -0.484145 -0.643181 0.429279 
-0.139099 -0.541167 0.489947 -0.820352 -0.85752 0.883495 
0.212106 0.205136 -0.567701 -0.908862 -0.395073 0.901225 
0.207434 0.27633 -0.793492 -2.00469 -0.413968 2.06864 
-0.163093 -0.251193 -0.420542 1.07424 1.03097 -0.75902 
0.199322 0.459386 -1.20657 0.667815 0.867692 -0.471592 
0.299351 0.200677 -0.217671 -0.0381419 -1.0757 -0.144877 
0.24468 -0.122989 0.880884 -0.0598984 -1.75662 -0.113401 
0.29969 0.198601 -0.320803 -0.0378356 -0.87515 -0.124369 
0.246286 -0.433882 0.75055 -0.0483092 -1.18022 -0.0752105 
0.301186 0.209131 -0.443572 -0.0151905 -0.627622 -0.123052 
0.251469 -0.524966 0.487652 0.000396071 -0.627033 -0.0875531 
0.304998 0.237895 -0.598363 0.140982 -0.307348 -0.254778 
0.258444 -0.462056 0.114202 1.14779 -0.0665672 -1.20757 
0.233119 -0.256939 -0.416154 0.252136 0.688794 -0.196339 
0.294609 0.500384 -1.26781 0.140139 0.772339 -0.100636 
0.377633 0.251152 -0.275954 0.178363 -1.12994 -0.419799 
0.559023 0.0452869 0.722431 0.289678 -1.85363 -0.408623 
0.379897 0.250185 -0.378371 0.238635 -0.944945 -0.47087 
0.565496 -0.236908 0.610273 0.350891 -1.36013 -0.535397 
0.383012 0.26385 -0.506763 0.363695 -0.719542 -0.582853 
0.573956 -0.34458 0.369618 0.569306 -0.888233 -0.774689 
0.387113 0.295927 -0.667228 0.714491 -0.459659 -0.914987 
0.451048 0.315085 -0.355446 0.369334 -1.2141 -0.67016 
0.78597 0.268776 0.459223 0.565341 -1.97021 -0.633578 
0.454913 0.319224 -0.466279 0.468849 -1.05369 -0.772616 
0.793649 0.0334626 0.361223 0.622167 -1.59473 -0.827085 
0.459329 0.33715 -0.599882 0.638907 -0.867556 -0.940527 
0.802533 -0.0751412 0.142464 0.817825 -1.21663 -1.09319 
0.824904 0.190529 -0.84884 -1.34875 1.29336 0.881359 
0.518379 0.390762 -0.45562 0.524946 -1.31653 -0.888745 
0.523485 0.404899 -0.581202 0.646219 -1.19024 -1.02687 
0.52964 0.436143 -0.73609 0.836761 -1.06191 -1.23477 
0.57894 0.483893 -0.585033 0.639089 -1.42028 -1.07325 
0.584242 0.508457 -0.727847 0.760938 -1.32635 -1.22973 
1.05269 0.669609 -0.468009 -2.23628 1.95307 1.84018 
1.05909 0.654382 -0.764336 -2.11381 1.8088 1.53503 
-0.0213069 0.214963 -0.55369 -0.738351 -1.04186 0.893443 
-0.0252166 0.276105 -0.742302 -0.888343 -0.950235 1.10702 
-0.878974 0.140535 -0.18609 2.20801 1.88346 -1.66192 
0.0578983 0.211167 -0.544927 -0.638997 -0.95068 0.71463 
0.0540057 0.268954 -0.728735 -0.804774 -0.836779 0.935949 
-0.702273 -0.0973125 0.374151 -0.847414 -1.86037 1.02677 
0.0494161 0.366002 -0.978866 -1.07069 -0.742504 1.27528 
-0.710534 -0.143738 0.101289 2.20213 1.66015 -1.80249 
-0.725609 0.212036 -0.974226 1.85373 1.53648 -0.920902 
0.138626 0.219695 -0.550033 -0.486103 -0.87286 0.477593 
-0.447368 -0.127307 0.750048 -0.661995 -1.92934 0.534924 
0.13534 0.274192 -0.72906 -0.647311 -0.725664 0.68376 
-0.455947 -0.338072 0.57807 -0.711547 -1.58294 0.824078 
0.131536 0.3674 -0.974222 -0.951557 -0.585313 1.04779 
-0.466408 -0.376962 0.29258 -0.881139 -1.32004 1.15165 
-0.488532 -0.0493597 -0.686663 1.62218 1.24599 -0.98836 
0.219738 0.242764 -0.573013 -0.279259 -0.826987 0.181655 
-0.11734 -0.259474 0.86388 -0.385954 -1.75071 0.249531 
0.217853 0.296402 -0.751323 -0.387636 -0.646569 0.322236 
-0.123632 -0.482978 0.68236 -0.454941 -1.29877 0.459811 
0.215856 0.38486 -0.98884 -0.638517 -0.439458 0.613574 
-0.130867 -0.514468 0.390338 -0.652831 -0.921352 0.750509 
-0.151075 -0.193275 -0.552816 1.20795 0.769817 -0.903276 
0.299413 0.281522 -0.616514 -0.0442048 -0.827747 -0.146844 
0.244684 -0.22614 0.842979 -0.0593108 -1.71128 -0.122709 
0.299338 0.336927 -0.798049 -0.0565143 -0.632001 -0.1175 
0.244636 -0.454791 0.669434 -0.0628546 -1.21434 -0.0803343 
0.299703 0.436488 -1.05614 -0.0786384 -0.37842 -0.0755301 
0.246279 -0.495507 0.384812 -0.0653367 -0.753482 -0.0459208 
0.25145 -0.410034 0.0025418 7.64803e-05 -0.256448 -0.087277 
0.258455 -0.194089 -0.543814 -0.169718 0.367525 0.0979685 
0.37594 0.338521 -0.687495 0.180221 -0.871414 -0.467726 
0.554429 -0.0476272 0.690108 0.238522 -1.81673 -0.449444 
0.377633 0.402542 -0.884144 0.256947 -0.683228 -0.544039 
0.559139 -0.266115 0.536763 0.283363 -1.376 -0.548004 
0.37991 0.522556 -1.17838 0.460065 -0.444914 -0.749779 
0.5655 -0.325541 0.270801 0.422023 -0.962473 -0.710181 
0.573953 -0.258906 -0.103784 -2.29028 0.589522 1.99158 
0.58336 -0.0452937 -0.671274 1.97618 -0.586892 3.9895 
0.447891 0.413445 -0.786678 0.370433 -0.945889 -0.757554 
0.779546 0.190708 0.433632 0.46999 -1.94585 -0.693899 
0.451045 0.491803 -1.00854 0.500283 -0.779422 -0.906144 
0.785758 0.00121201 0.296786 0.516321 -1.59988 -0.858704 
0.454916 0.758964 -1.56614 0.901139 -0.522723 -1.3575 
0.793581 -0.0634977 0.0467452 0.657767 -1.26297 -1.07411 
0.811449 0.248123 -0.998778 -1.47807 0.908978 0.93509 
0.514315 0.513515 -0.928601 0.519447 -1.03168 -1.01233 
0.518427 0.64252 -1.24058 0.686139 -0.873583 -1.22819 
0.940422 0.300859 -0.0450265 0.669642 -1.78412 -1.09787 
0.574584 0.652877 -1.14012 0.627936 -1.10407 -1.24011 
1.04656 0.647054 -0.524253 -2.40798 1.88879 1.8013 
1.05261 0.67103 -0.872619 -2.31481 1.68956 1.52444 
-0.01782 0.621782 -1.48121 -1.00084 -0.690449 1.31491 
-0.868441 0.151872 0.0203813 -0.765055 -1.98155 1.23526 
-0.87336 0.147627 -0.283642 -0.792502 -1.78497 1.4986 
0.0612646 0.581856 -1.40749 -0.902506 -0.596825 1.09243 
-0.695229 -0.125895 0.305243 -0.724069 -1.79888 1.0585 
-0.702272 -0.134921 0.00441708 -0.801523 -1.58164 1.32828 
-0.71053 -0.0189723 -0.430407 2.19181 1.41941 -1.47345 
0.141418 0.624913 -1.47525 -0.787517 -0.470885 0.859834 
-0.440319 -0.209718 0.707137 -0.56485 -1.867 0.585324 
-0.447368 -0.359501 0.499014 -0.613711 -1.53834 0.824725 
-0.456145 -0.357725 0.189598 -0.750479 -1.2773 1.09801 
-0.466549 -0.239096 -0.228904 2.13991 1.09196 -1.65805 
-0.112018 -0.343474 0.813089 -0.334035 -1.68553 0.268168 
-0.117332 -0.493808 0.594169 -0.396523 -1.28334 0.440327 
-0.123632 -0.481968 0.279019 -0.549598 -0.944555 0.67377 
-0.130853 -0.359863 -0.131774 -0.913541 -0.657609 1.1156 
0.245227 -0.308706 0.791768 -0.054305 -1.64745 -0.131046 
0.24465 -0.465256 0.580002 -0.0627433 -1.21003 -0.0921735 
0.244632 -0.461628 0.271071 -0.0813783 -0.810104 -0.0461171 
0.246234 -0.346988 -0.133705 -0.119719 -0.384536 0.0174832 
0.251474 -0.0964876 -0.728231 -3.14626 -0.160328 3.05899 
0.551007 -0.125765 0.645636 0.200447 -1.75672 -0.48036 
0.554491 -0.285344 0.454172 0.236721 -1.35572 -0.560082 
0.559135 -0.30098 0.160154 0.335784 -0.983403 -0.682725 
0.565531 -0.200965 -0.24242 0.614768 -0.622323 -0.979871 
0.774495 0.122082 0.397161 0.394322 -1.89198 -0.740548 
0.779399 -0.0234994 0.223323 0.434968 -1.56287 -0.881388 
0.785745 -0.0471811 -0.060393 0.547107 -1.24894 -1.06552 
0.929336 0.394621 0.0586691 0.524625 -1.98702 -0.958826 
0.93422 0.277092 -0.111038 0.558987 -1.72821 -1.12634 
1.04186 1.73125 -2.54706 0.674692 -1.10621 4.41096 
1.04657 0.715605 -1.03246 0.689399 -1.55341 -1.6293 
-0.839677 1.13668 0.0967312 -2.00499 -1.71714 0.305132 
0.17065 1.16978 -0.00205587 -1.05388 -1.3631 0.34798 
-0.837905 0.756203 0.285705 -2.06595 -1.59864 0.618172 
0.172382 1.02845 0.082686 -1.15015 -1.13331 0.573799 
0.176703 0.896069 0.143637 -1.28405 -0.933165 0.832789 
-0.82316 0.060082 0.0736461 0.818599 1.81465 -1.49372 
-0.818512 0.0654089 -0.239774 0.808364 2.0055 -1.22158 
-0.656981 1.07138 0.356407 -1.77521 -1.60012 0.140023 
0.244749 1.17715 -0.0229965 -0.91937 -1.30866 0.327658 
-0.654765 0.627113 0.562726 -1.83519 -1.43996 0.51337 
0.246344 1.03676 0.0616488 -1.01462 -1.06935 0.543965 
0.250681 0.905334 0.12116 -1.15667 -0.850436 0.806903 
0.255379 0.78627 0.158558 -1.37423 -0.691182 1.12545 
-0.633542 -0.205782 0.321325 0.846748 1.62454 -1.31991 
-0.627028 -0.191655 0.000531374 0.785358 1.82778 -1.04143 
-0.399065 1.05692 0.528322 -1.42599 -1.57298 -0.0141892 
0.318712 1.18762 -0.0525403 -0.7572 -1.24466 0.29426 
-0.395924 0.543016 0.75921 -1.48103 -1.30968 0.402322 
0.32011 1.04794 0.0328005 -0.848487 -0.988069 0.498658 
0.324666 0.917774 0.0896632 -0.998895 -0.740848 0.766247 
-0.376895 -0.307641 0.721459 -2.10525 -1.18412 1.67509 
0.329195 0.801152 0.12376 -1.27091 -0.557578 1.13551 
-0.367106 -0.416011 0.476415 0.808967 1.38763 -1.04617 
-0.358812 -0.377005 0.139527 0.695265 1.62688 -0.768736 
0.336107 0.606104 0.140715 1.09306 0.480754 -1.09239 
-0.351822 -0.229894 -0.300433 0.654377 1.88615 -0.5415 
0.338822 0.524931 0.129139 0.799338 0.547899 -0.747749 
0.341224 0.45423 0.105268 0.602088 0.644267 -0.506418 
-0.0604048 1.06261 0.608945 -0.954869 -1.62951 -0.0818879 
0.393644 1.20109 -0.0904846 -0.546388 -1.17054 0.233523 
-0.0556136 0.501877 0.856238 -0.982291 -1.19433 0.300333 
0.395741 1.0616 -0.00715591 -0.615524 -0.872526 0.416951 
-0.045084 -0.085185 0.930837 -1.42563 -0.763948 1.06633 
0.40006 0.932972 0.0481956 -0.763792 -0.582294 0.677577 
-0.0346878 -0.428246 0.798726 0.964052 0.813735 -1.11745 
0.40349 0.820871 0.076455 -1.15034 -0.372816 1.14988 
-0.0257283 -0.513195 0.533711 0.622184 1.11489 -0.642947 
-0.0185297 -0.453791 0.185792 0.486891 1.4246 -0.399015 
0.408125 0.636242 0.0851347 0.811747 0.37753 -0.696813 
-0.0124676 -0.294582 -0.256476 0.431191 1.73525 -0.225988 
0.410013 0.559635 0.0710853 0.532418 0.494359 -0.374835 
0.411682 0.493077 0.045337 -2.75934 -0.621852 2.95318 
0.310029 1.06102 0.584752 -0.382297 -1.6404 -0.0279622 
0.469767 1.22237 -0.143624 -0.250279 -1.09177 0.117266 
0.322375 0.501556 0.829876 -0.310245 -1.03105 0.173104 
0.476842 1.07799 -0.057758 -0.180964 -0.715503 0.196029 
0.328034 -0.0514642 0.887546 -0.73857 -0.319676 0.749376 
0.478972 0.953877 -0.00974456 -0.243502 -0.370996 0.34895 
0.329084 -0.367179 0.750063 0.47023 0.461191 -0.372026 
0.478181 0.84895 0.0109874 2.22429 0.124123 -2.06571 
0.330449 -0.450033 0.487644 0.240722 0.920017 -0.0740112 
0.477881 0.757545 0.0176891 -2.53782 -0.182354 2.73908 
0.332356 -0.394563 0.141331 0.179808 1.30187 0.0461256 
0.478175 0.67633 0.012915 0.290437 0.351205 -6.33576 
0.334059 -0.237368 -0.304359 0.155892 1.65924 0.128922 
0.478717 0.604444 -0.00285718 0.187598 0.508545 6.36455 
0.479296 0.54188 -0.0297088 -3.00555 -0.652918 3.30069 
0.632669 1.06071 0.450628 0.241434 -1.51344 -0.0139711 
0.550028 1.25278 -0.220687 -2.95841 1.03945 3.04801 
0.648968 0.565242 0.656654 0.555284 -0.889962 -0.158163 
0.561952 1.11059 -0.144244 0.585041 -0.652867 -0.30723 
0.555207 0.990424 -0.098975 0.875099 -0.312232 -0.572604 
0.628523 -0.154305 0.577692 -0.43007 0.502246 0.769369 
0.623046 -0.249884 0.336959 -0.181114 0.933861 0.530123 
0.619927 -0.214638 0.00125415 -0.117106 1.31892 0.477764 
0.544832 0.728388 -0.078 -3.32348 -0.453554 3.68657 
0.617803 -0.0676084 -0.453746 -0.0942524 1.69173 0.458988 
0.543842 0.660474 -0.0940159 -3.25557 -0.602449 3.63675 
0.54319 0.601342 -0.120965 -0.0812494 0.739271 -5.80586 
0.625654 1.1589 -0.254028 0.993177 -0.702318 -0.594605 
0.619709 1.04382 -0.210902 1.49246 -0.46542 -1.05628 
0.830742 0.0252146 0.084581 -0.439326 1.11473 0.957123 
0.825588 0.0496913 -0.246905 -0.327721 1.45759 0.81154 
0.821834 0.212313 -0.753018 -0.287181 1.83321 0.707964 
0.604497 0.728159 -0.20317 -3.45847 -0.750621 3.94683 
0.602722 0.671732 -0.229338 2.89636 -0.866319 -2.40421 
1.00573 1.24907 -0.21152 -1.71992 1.48332 -3.6683 
0.694022 1.38386 -0.523713 1.19127 -1.26212 -0.650908 
0.997017 0.87998 0.00819756 1.52747 -1.04498 -0.78073 
0.683422 1.2242 -0.39097 1.30517 -0.835034 -0.808256 
0.678127 1.11374 -0.347548 -1.38637 0.696557 1.9353 
0.672658 1.02307 -0.327462 -0.994603 0.704889 -4.70909 
0.967769 0.391397 -0.647465 -0.469555 1.69377 1.02212 
0.657561 0.753672 -0.356739 -0.36238 1.01887 -5.34192 
0.74328 1.48958 -0.748549 1.47856 -1.47047 -0.825127 
0.73938 1.33389 -0.608435 1.6616 -1.19785 -0.996133 
1.08673 0.928096 -0.487898 2.13905 -1.41187 -1.32647 
0.714587 0.963984 -0.474621 -0.630189 1.06201 1.30878 
-0.838005 1.04454 0.154628 -1.91671 -1.93356 0.211277 
0.172455 0.85754 0.162612 -0.979113 -1.48257 0.314721 
-0.839467 0.671533 0.308646 -1.95812 -1.81876 0.541738 
0.170649 0.725522 0.206994 -1.11009 -1.25221 0.562964 
-0.837902 0.350668 0.332113 1.11156 1.76494 4.08041 
0.172461 0.602858 0.229597 -1.28923 -1.03657 0.869839 
-0.8337 0.13719 0.222434 -2.12074 -1.79614 1.32978 
-0.828324 0.0531213 -0.00940875 0.952093 1.90787 -1.47038 
0.181451 0.407651 0.21086 1.34173 0.815321 4.73503 
0.188976 0.280571 0.127458 -2.23648 -0.885515 2.17058 
0.191929 0.237656 0.0670474 0.760896 0.967696 -0.770446 
-0.654771 0.968371 0.417336 -1.72487 -1.82253 0.0505746 
0.246485 0.867887 0.140877 -0.85306 -1.41781 0.287006 
-0.656972 0.522635 0.589888 -1.75672 -1.66173 0.449786 
0.244742 0.736889 0.185611 -0.984246 -1.17378 0.526953 
-0.654766 0.122501 0.615775 1.27652 1.56648 -2.19343 
0.246499 0.615813 0.207672 -1.17026 -0.941557 0.832934 
-0.641082 -0.212927 0.237795 0.977111 1.70057 -1.32214 
-0.63354 -0.163484 -0.118808 0.9038 1.88157 -1.01014 
0.259485 0.355986 0.147332 -2.09337 -0.71785 -4.24614 
0.262944 0.302233 0.0969083 -2.31917 -0.795449 2.32416 
0.265972 0.261897 0.0344968 0.665827 0.896588 -0.60786 
-0.395896 0.944264 0.593401 -1.40645 -1.79313 -0.0938478 
0.320422 0.883251 0.109926 -0.696291 -1.35041 0.240304 
-0.399183 0.415797 0.792332 -1.43566 -1.52003 0.358921 
0.31864 0.752999 0.15532 -0.827159 -1.08493 0.46979 
-0.395902 -0.0795225 0.82123 1.50476 1.30297 -2.15819 
0.320462 0.633461 0.176787 -1.0189 -0.825579 0.774068 
-0.387459 -0.358605 0.669264 1.18702 1.28217 -1.53849 
0.324708 0.530575 0.173334 -1.34874 -0.620598 1.21284 
-0.376892 -0.421197 0.39128 0.935221 1.43239 -1.08426 
-0.36709 -0.347191 0.0222031 0.795742 1.65736 -0.769767 
0.332985 0.383018 0.106926 0.926422 0.603435 -0.901791 
-0.358811 -0.161094 -0.469847 0.749955 1.92379 -0.50392 
0.336113 0.332768 0.0536936 0.67638 0.715562 -0.594788 
0.338822 0.295516 -0.0109981 0.523468 0.843547 -0.393748 
-0.0556929 0.949254 0.673376 -0.937104 -1.85478 -0.161149 
0.39561 0.905047 0.068989 -0.478455 -1.29023 0.152459 
-0.0606214 0.363511 0.891689 -0.976797 -1.39016 0.260208 
0.393122 0.77409 0.115701 -0.612342 -0.985268 0.370274 
-0.0555941 -0.203523 0.92319 1.81842 0.923754 4.11226 
0.395737 0.655052 0.136611 -0.791485 -0.670878 0.660623 
-0.0451256 -0.486066 0.748593 -1.99969 -0.853134 1.87412 
0.400132 0.555551 0.128805 -1.22808 -0.415593 1.20194 
-0.0345309 -0.520813 0.449486 0.728982 1.11108 -0.714576 
0.403504 0.478451 0.0976988 1.14034 0.374808 -1.08569 
-0.0257729 -0.425021 0.0696299 0.55709 1.42838 -0.425201 
0.406021 0.418785 0.0524626 0.659219 0.506203 -0.542942 
-0.0184669 -0.227962 -0.421891 0.490981 1.76272 -0.220419 
0.408127 0.373235 -0.00408061 0.446175 0.668522 -0.280728 
0.410013 0.339559 -0.0710579 0.333954 0.825352 -0.127541 
0.32224 0.955022 0.645657 -0.280768 -1.9102 -0.10512 
0.476669 0.937201 0.0131185 -0.124295 -1.26545 -0.0212254 
0.310038 0.37873 0.862791 -0.400701 -1.26598 0.126506 
0.469822 0.801784 0.0637744 -0.287569 -0.886166 0.1849 
0.322365 -0.172015 0.88966 -0.612364 -0.471386 0.568536 
0.476839 0.682022 0.0826507 -0.265915 -0.466011 0.297491 
0.328035 -0.434609 0.707482 0.598227 0.384848 -0.526769 
0.47895 0.589504 0.0658718 -0.882664 -0.113439 1.00091 
0.329063 -0.464857 0.407207 0.266376 0.875777 -0.118023 
0.478178 0.520183 0.0285599 -2.73992 -0.254989 2.91393 
0.330429 -0.370304 0.0263527 0.198574 1.2927 0.0184123 
0.47788 0.466726 -0.020343 0.220568 0.489618 -0.00186024 
0.331958 -0.172102 -0.472484 0.174662 1.68721 0.114406 
0.478176 0.42542 -0.0788573 3.29786 -0.686699 -3.04185 
0.478717 0.39531 -0.147619 0.120268 0.858556 0.166858 
0.649261 0.976566 0.484539 0.440551 -1.84649 -0.0865355 
0.561898 0.98678 -0.0810272 0.353532 -1.3203 -0.268416 
0.63195 0.4656 0.697834 0.260159 -1.1758 -0.102214 
0.550157 0.841712 -0.010522 0.212157 -0.842312 -0.142398 
0.648974 0.0214115 0.70297 0.971632 -0.518248 -0.690191 
0.562043 0.729413 -0.00633681 0.841117 -0.466941 -0.607429 
0.637963 -0.217244 0.539836 -0.697253 0.479972 0.972032 
0.628518 -0.268442 0.260349 -0.256876 0.91088 0.546732 
0.623031 -0.193914 -0.114194 -0.149972 1.32381 0.458698 
0.546511 0.528651 -0.113334 -0.186605 0.597633 0.511242 
0.619948 0.00510744 -0.640622 -0.114995 1.73832 0.429154 
0.544833 0.49069 -0.172378 -3.25437 -0.782145 -2.68027 
0.543844 0.463436 -0.242004 -0.0796246 0.945851 0.447798 
0.857101 1.03959 0.224346 0.789984 -1.75359 -0.23436 
0.625769 1.04231 -0.192089 0.586173 -1.36245 -0.406085 
0.625741 0.791746 -0.115816 1.26601 -0.603285 -0.936305 
0.837816 0.00760646 0.0105308 -0.544726 1.12172 0.970398 
0.830749 0.072812 -0.369393 -0.393247 1.48737 0.78761 
0.609911 0.604709 -0.226412 -0.433216 0.781126 0.856184 
0.825577 0.317113 -1.00434 -0.347405 1.92098 0.649559 
0.606796 0.569257 -0.28526 -0.313971 0.93294 0.749542 
0.604489 0.544312 -0.355603 -0.243728 1.0747 0.68758 
0.997135 1.17059 -0.137613 1.05999 -1.70837 -0.464168 
0.683429 1.10645 -0.324053 0.811302 -1.40563 -0.548785 
0.69413 0.994158 -0.296457 1.24479 -1.20577 -0.812398 
0.980407 0.336294 -0.360405 2.45352 -1.41108 -1.9427 
0.973299 0.435844 -0.806555 -0.565837 1.75347 0.973806 
0.6635 0.661597 -0.419909 2.68366 -1.11419 -2.17355 
0.660188 0.638817 -0.491267 -0.373409 1.23047 0.881285 
1.09345 1.43305 -0.721988 -1.73323 1.86351 -3.94773 
0.739106 1.20364 -0.524698 1.18717 -1.59337 -0.763087 
1.09543 1.12997 -0.549288 -1.45101 1.75094 -4.12088 
0.743314 1.09937 -0.492398 1.49282 -1.45906 -0.959468 
1.09346 0.890243 -0.504923 1.90441 -1.56491 -1.26404 
0.725283 0.845927 -0.478077 2.28274 -1.15606 -1.71354 
0.710672 0.749794 -0.655744 -0.474984 1.4039 1.02852 
0.176893 0.573196 0.229106 -0.881792 -1.51134 0.350337 
0.172542 0.4648 0.232026 -1.02778 -1.30775 0.591423 
-0.839494 0.291124 0.314355 1.29805 1.94159 -2.22754 
0.170649 0.368875 0.21259 -1.24356 -1.11596 0.912957 
-0.833763 0.0571369 -0.0991069 -2.00143 -1.98782 1.7024 
0.181384 0.19774 0.0337239 1.0444 0.961636 -1.08323 
0.185486 0.17872 -0.0562178 0.856185 1.04944 -0.825908 
0.18897 0.174256 -0.158504 0.727565 1.15714 -0.636441 
0.250937 0.588297 0.205936 -0.766471 -1.44061 0.300802 
-0.654769 0.418905 0.611659 -1.62599 -1.85993 0.417212 
0.246581 0.479856 0.21014 -0.917597 -1.21495 0.541671 
-0.65698 0.0489415 0.596498 1.44529 1.7355 -2.22658 
0.244799 0.38424 0.191654 -1.14424 -1.00386 0.86895 
-0.648797 -0.208909 0.149994 1.15441 1.76099 -1.33 
0.250837 0.251882 0.0878756 1.30913 0.792453 -1.38193 
-0.641019 -0.125611 -0.246363 1.05898 1.9114 -0.975215 
0.255379 0.21844 0.0074202 -2.15546 -0.847589 2.16382 
0.259437 0.201692 -0.0855806 0.768819 0.960019 -0.693036 
0.262951 0.19976 -0.190976 0.631407 1.09008 -0.497521 
-0.387456 0.823792 0.654989 -1.34954 -1.99607 -0.146537 
0.325067 0.610028 0.173318 -0.616388 -1.37411 0.225371 
-0.395855 0.289625 0.816376 -1.32956 -1.70479 0.335725 
0.320569 0.501334 0.179387 -0.769866 -1.11728 0.461487 
-0.399044 -0.166614 0.799578 1.65662 1.45448 -2.20876 
0.318676 0.406574 0.161271 -1.00997 -0.876014 0.794992 
-0.387454 -0.415433 0.303914 1.1075 1.45797 -1.1461 
-0.376891 -0.309774 -0.100002 0.927737 1.6608 -0.779982 
0.329212 0.247485 -0.0306301 -2.27923 -0.728513 2.33927 
-0.367082 -0.076038 -0.66404 0.86782 1.93932 -0.45581 
0.332983 0.234409 -0.127926 0.628459 0.881413 -0.503686 
0.336155 0.235207 -0.235749 0.496424 1.03946 -0.317808 
0.400131 0.642377 0.127392 -0.402644 -1.32714 0.099401 
-0.0556528 0.224954 0.917455 -0.884649 -1.55677 0.220394 
0.395893 0.530022 0.139564 -0.54383 -1.02409 0.314689 
-0.060718 -0.29642 0.900427 -1.18778 -1.0732 0.868708 
0.393175 0.435216 0.12166 -0.800939 -0.729974 0.65551 
-0.05566 -0.519899 0.691519 -1.75887 -0.906812 -4.61596 
-0.0451402 -0.518558 0.365067 0.891803 1.07585 -0.836023 
0.400131 0.311516 0.00697041 1.08539 0.444351 -1.03904 
-0.0346748 -0.39047 -0.0495135 0.651606 1.39617 -0.468865 
0.403504 0.286285 -0.0834192 0.604518 0.625258 -0.483819 
-0.0255603 -0.148006 -0.607637 0.562866 1.76899 -0.213534 
0.40601 0.278115 -0.185908 0.412407 0.83579 -0.232866 
0.408127 0.28348 -0.299746 0.317777 1.0275 -0.090056 
0.47895 0.686832 0.0642583 -0.0900385 -1.33515 -0.100341 
0.322371 0.258033 0.883784 -0.26657 -1.46781 0.0183473 
0.476925 0.569277 0.0867 -0.142996 -0.973654 0.0221603 
0.31003 -0.256691 0.871182 -0.607342 -0.70941 0.484883 
0.469896 0.471838 0.0699848 -0.410736 -0.581055 0.349094 
0.322371 -0.480195 0.661035 -2.04958 -0.299687 2.07819 
0.476839 0.398718 0.020767 -0.840889 -0.15912 0.893374 
0.328033 -0.472059 0.328075 0.310537 0.764292 -0.191041 
0.478949 0.357257 -0.059806 0.303063 0.298296 -0.169048 
0.329039 -0.340668 -0.0917357 0.215441 1.24007 -0.0159942 
0.478181 0.339011 -0.156701 0.173247 0.608926 0.0197501 
0.329944 -0.0921905 -0.663573 0.192632 1.69691 0.0974469 
0.477881 0.335718 -0.263465 0.136499 0.858255 0.103899 
0.478176 0.345225 -0.381705 0.112943 1.06645 0.166228 
0.555368 0.746991 -0.0279154 0.241202 -1.41105 -0.317318 
0.648407 0.385163 0.698992 0.422411 -1.50373 -0.244596 
0.561952 0.634012 -0.00506051 0.394181 -1.06234 -0.376923 
0.632108 -0.059896 0.704755 0.386273 -0.681983 -0.305828 
0.550027 0.524812 -0.0058737 0.310251 -0.540263 -0.268311 
0.637941 -0.278567 0.183593 -0.409421 0.839812 0.614676 
0.628503 -0.165905 -0.235326 -0.210325 1.29368 0.445615 
0.549679 0.409646 -0.254386 2.91239 -0.733416 -2.64437 
0.62313 0.0985337 -0.861961 -0.148369 1.77426 0.391554 
0.546511 0.409695 -0.363641 -0.127545 0.962679 0.429559 
0.544835 0.422185 -0.485276 -0.0863947 1.16187 0.415478 
0.847957 0.954604 0.260074 0.690401 -2.00352 -0.291636 
0.619689 0.813582 -0.140121 0.466048 -1.47809 -0.473427 
0.857284 0.556921 0.412196 0.7738 -1.54358 -0.442349 
0.625977 0.703437 -0.113431 0.635219 -1.14874 -0.562762 
0.847081 -0.00285229 -0.0638373 -0.711448 1.08543 1.00741 
0.837769 0.105656 -0.502159 -0.486972 1.48426 0.758842 
0.60993 0.499848 -0.48694 -0.335627 1.1203 0.689871 
0.606805 0.517405 -0.616207 -0.260432 1.30059 0.629622 
0.988534 1.09849 -0.105953 0.932858 -1.95698 -0.505213 
0.677766 0.887192 -0.271397 0.682499 -1.54231 -0.626343 
0.997188 0.765683 0.0398637 1.04401 -1.5952 -0.662206 
0.683398 0.782312 -0.244836 0.857394 -1.24063 -0.735753 
0.988686 0.331514 -0.439122 -0.860416 1.38153 1.19067 
0.980317 0.50405 -1.0023 -0.694794 1.77958 0.897544 
0.67268 0.599568 -0.517359 -0.641558 1.13621 1.01333 
0.66765 0.608152 -0.638545 -0.500097 1.30946 0.886759 
0.663497 0.632766 -0.780184 -0.410336 1.46824 0.798636 
1.08659 1.35087 -0.652618 1.15556 -1.99998 -0.815012 
0.732279 0.983354 -0.449292 0.949331 -1.66879 -0.81271 
0.739443 0.897865 -0.44516 1.19117 -1.50908 -0.973049 
0.719314 0.740588 -0.831444 -0.637269 1.52116 1.0247 
0.714511 0.77803 -0.996378 -0.542789 1.6596 0.914235 
0.181392 0.348324 0.189896 -0.796088 -1.44633 0.431734 
0.17672 0.275322 0.153519 -0.934801 -1.27986 0.648667 
0.172462 0.21685 0.0955241 -1.15519 -1.12833 0.95463 
0.176698 0.159792 -0.210554 1.06866 1.07395 -0.993012 
0.181368 0.181719 -0.35077 0.86589 1.1956 -0.71204 
0.185487 0.2224 -0.511085 0.738153 1.33932 -0.510504 
0.255387 0.368744 0.165285 -0.691048 -1.37484 0.352114 
0.250706 0.294358 0.130955 -0.838043 -1.18249 0.57437 
-0.654767 -0.0178741 0.571709 -1.48329 -1.85215 0.914368 
0.246499 0.235051 0.0741392 -1.0786 -1.00612 0.898588 
-0.648737 -0.0783826 -0.381676 1.25615 1.906 -0.942279 
0.250702 0.180491 -0.235049 1.00196 0.955488 -0.910476 
0.255374 0.205278 -0.380045 0.774124 1.10618 -0.605241 
0.259481 0.249786 -0.546708 0.637826 1.27755 -0.397663 
0.329224 0.397753 0.130328 -0.55012 -1.31309 0.240899 
-0.38745 0.163854 0.830389 -1.17752 -1.8458 0.345111 
0.324714 0.321395 0.0992967 -0.696473 -1.08538 0.459221 
-0.395899 -0.241438 0.769644 -1.29572 -1.55312 0.894765 
0.320464 0.260634 0.0442615 -0.958638 -0.870521 0.802131 
-0.399043 -0.410052 0.547354 1.5907 1.42773 -1.70952 
-0.396015 -0.401613 0.215933 1.31657 1.46261 -1.22588 
-0.387456 -0.265237 -0.225919 1.0983 1.63074 -0.807524 
0.324707 0.209702 -0.271033 0.877989 0.829118 -0.770192 
-0.376828 0.034403 -0.899485 1.01328 1.92123 -0.395925 
0.329211 0.239031 -0.423303 0.632194 1.02651 -0.448349 
0.332986 0.289308 -0.599203 0.501193 1.23527 -0.249154 
0.403529 0.436913 0.0830204 -0.354883 -1.27711 0.0801196 
-0.0451035 0.0888034 0.928406 -0.761119 -1.68265 0.198559 
0.400138 0.357884 0.0575264 -0.467203 -1.00499 0.261084 
-0.0557088 -0.371983 0.867527 -0.99949 -1.16687 0.751924 
0.395738 0.294214 0.00585127 -0.730372 -0.724537 0.600458 
0.393132 0.253879 -0.0758163 1.88458 0.527763 -1.93012 
-0.0556022 -0.504628 0.279465 1.12054 1.03382 -1.01681 
-0.0451039 -0.350523 -0.169506 0.78523 1.32319 -0.544733 
0.400105 0.248789 -0.322046 0.621456 0.710735 -0.494199 
-0.0345302 -0.047857 -0.826609 0.651137 1.7445 -0.206372 
0.403504 0.285441 -0.485097 0.412262 0.97965 -0.212331 
0.40601 0.344008 -0.673837 0.320856 1.23093 -0.0578336 
0.478169 0.488798 0.0181747 -0.102618 -1.29257 -0.134126 
0.328331 0.139044 0.885431 -0.212923 -1.61946 -0.0463178 
0.478951 0.408729 -0.000944683 -0.104446 -0.993419 -0.0643159 
0.32237 -0.322698 0.840241 -0.349714 -0.870699 0.221067 
0.47684 0.339453 -0.0448124 -0.205166 -0.617479 0.109205 
0.310035 -0.498015 0.604554 -1.3119 -0.395101 1.29132 
0.469841 0.296616 -0.127888 -0.930021 -0.277597 0.911214 
0.322367 -0.469777 0.251694 0.486147 0.595285 -0.402614 
0.476838 0.283363 -0.245538 0.413892 0.298783 -0.33872 
0.328016 -0.307706 -0.208981 0.236732 1.12368 -0.0673411 
0.47895 0.304427 -0.397886 0.139267 0.681351 0.012963 
0.329077 0.0124479 -0.897086 0.204864 1.68268 0.0781817 
0.478181 0.350138 -0.573659 0.116641 1.01081 0.100161 
0.477881 0.41922 -0.779069 0.107441 1.28729 0.163314 
0.549651 0.5566 -0.0726826 0.15537 -1.36207 -0.357778 
0.637515 0.292905 0.697065 0.303348 -1.68693 -0.296692 
0.55505 0.477606 -0.0877489 0.268232 -1.09219 -0.404107 
0.648936 -0.0971746 0.665719 0.495342 -1.03875 -0.481651 
0.561945 0.411298 -0.131559 0.516082 -0.747489 -0.571444 
0.632112 -0.300255 0.468124 -2.17031 0.291739 2.19058 
0.550026 0.35708 -0.203919 0.806095 -0.219379 -0.793971 
0.648966 -0.281395 0.112324 -0.68511 0.704022 0.771178 
0.637924 -0.132531 -0.357981 -0.323022 1.21028 0.450931 
0.555286 0.385997 -0.508849 -0.323185 0.836635 0.498937 
0.628522 0.249473 -1.18361 -0.208452 1.81553 0.335944 
0.549652 0.438266 -0.695461 -0.16733 1.13823 0.395865 
0.546518 0.520298 -0.92364 -0.105878 1.40914 0.373491 
0.61419 0.633113 -0.184645 0.372936 -1.44613 -0.55077 
0.84715 0.485896 0.408785 0.627011 -1.74979 -0.496703 
0.619703 0.559967 -0.201639 0.501036 -1.19855 -0.623509 
0.857187 0.175059 0.385951 0.824844 -1.257 -0.738279 
0.625761 0.493607 -0.241492 0.77095 -0.889375 -0.818723 
0.857138 -0.00718847 -0.132223 -0.985708 0.993375 1.10504 
0.847017 0.146404 -0.641199 -0.623075 1.42407 0.729681 
0.619771 0.485394 -0.644247 -0.549831 1.02582 0.734342 
0.614136 0.552608 -0.856926 -0.383262 1.31212 0.604973 
0.609912 0.668888 -1.14709 -0.30065 1.58838 0.533673 
0.672656 0.719929 -0.321156 0.574815 -1.5352 -0.732604 
0.988755 0.710678 0.033965 0.87114 -1.80259 -0.708936 
0.678395 0.649583 -0.335158 0.711223 -1.31051 -0.821253 
0.683415 0.588128 -0.377461 0.977654 -1.04052 -1.02099 
0.988686 0.622392 -1.28186 -0.857662 1.7473 0.775079 
0.678098 0.605181 -0.810648 2.40822 -1.2288 4.03817 
0.672657 0.706722 -1.08493 -0.575262 1.51793 0.743774 
0.72528 0.822605 -0.491005 0.76835 -1.64747 -0.917273 
1.08659 1.00689 -0.490897 -2.05363 1.92079 2.14906 
0.732308 0.766502 -0.523568 0.946339 -1.49814 -1.04888 
0.185487 0.210845 0.0445858 -0.743764 -1.3148 0.533653 
0.181379 0.177554 -0.0292737 -0.872739 -1.18238 0.729522 
0.176714 0.158987 -0.123325 -1.07615 -1.06677 1.00835 
0.17063 0.182289 -0.394483 -1.70043 -1.03103 -4.46415 
0.17246 0.232331 -0.581514 1.13955 1.14342 -0.917583 
0.176725 0.317858 -0.818776 0.918195 1.32255 -0.588374 
0.181399 0.474201 -1.1711 0.7881 1.55776 -0.318462 
0.259481 0.234612 0.019434 -0.646074 -1.24321 0.424631 
0.255379 0.199579 -0.0525215 -0.784382 -1.08655 0.627355 
-0.648779 -0.0781756 0.538523 -1.25658 -1.90628 0.94196 
0.250701 0.179319 -0.145336 -1.01447 -0.944487 0.931928 
-0.656972 -0.177941 -0.0336342 1.61482 1.77287 -1.35475 
-0.654778 -0.0215322 -0.526766 1.4817 1.85167 -0.920172 
0.246499 0.253941 -0.60772 1.05443 1.02767 -0.852665 
0.25071 0.345072 -0.855152 0.814007 1.23949 -0.507282 
0.255387 0.523065 -1.2463 0.675915 1.52159 -0.231661 
0.332986 0.26803 -0.0165976 -0.511906 -1.18414 0.279469 
-0.37689 0.0403626 0.830807 -1.01531 -1.92449 0.390396 
0.329212 0.230722 -0.0854695 -0.646844 -0.995212 0.475877 
-0.38745 -0.303451 0.728952 -1.09581 -1.60084 0.866019 
0.32471 0.207934 -0.176029 -0.899245 -0.810733 0.801398 
-0.399043 -0.378252 0.121995 1.53395 1.43111 -1.31196 
-0.395896 -0.212987 -0.357254 1.29523 1.56454 -0.854316 
0.32043 0.28494 -0.646624 0.922057 0.903076 -0.743745 
-0.387007 0.20577 -1.23956 1.18788 1.86004 -0.30682 
0.324714 0.385875 -0.911824 0.664551 1.16699 -0.385535 
0.329212 0.641173 -1.44134 0.530088 1.54683 -0.0999052 
0.40601 0.312433 -0.06577 -0.331467 -1.15214 0.0864942 
-0.0348595 -0.0424192 0.92255 -0.65242 -1.74924 0.202282 
0.403504 0.272655 -0.130117 -0.428813 -0.927502 0.240918 
-0.0451043 -0.427104 0.819768 -0.812715 -1.23429 0.640019 
0.400132 0.246016 -0.216081 -0.653304 -0.675941 0.535308 
-0.0556634 -0.541218 0.557696 1.89488 0.954698 -1.89425 
0.393132 0.266891 -0.494376 -1.96269 -0.544888 -4.26223 
-0.0556681 -0.302806 -0.292353 0.966783 1.22197 -0.662842 
0.395738 0.327415 -0.702847 0.678423 0.782019 -0.529242 
-0.0451108 0.0906445 -1.10972 0.76116 1.68406 -0.197352 
0.400132 0.446505 -1.00064 0.433817 1.12989 -0.192083 
0.477879 0.369634 -0.132307 -0.112218 -1.1655 -0.149113 
0.329194 0.0187812 0.872805 -0.204768 -1.68965 -0.0789439 
0.478181 0.329206 -0.192661 -0.123808 -0.924454 -0.0875253 
0.328038 -0.364892 0.787163 -0.248899 -1.03202 0.093058 
0.47895 0.299115 -0.272338 -0.152025 -0.615373 0.0030359 
0.322378 -0.502519 0.540289 -0.656616 -0.443652 0.598372 
0.476839 0.288673 -0.38597 -0.507283 -0.245477 0.435654 
0.30991 -0.451081 0.170755 -2.17647 -0.469238 2.23093 
0.32242 -0.269903 -0.323405 0.329906 0.9421 -0.189009 
0.476839 0.388077 -0.788113 0.179782 0.720948 -0.0768515 
0.328038 0.167753 -1.21805 0.213601 1.64446 0.0525712 
0.47895 0.547908 -1.15718 0.094125 1.19393 0.086697 
0.546412 0.439539 -0.219879 0.110899 -1.22651 -0.393894 
0.628314 0.193318 0.685914 0.205937 -1.76207 -0.347345 
0.549644 0.40234 -0.280585 0.179983 -1.00481 -0.422398 
0.637917 -0.138369 0.618307 0.324211 -1.20032 -0.454147 
0.55529 0.375405 -0.361224 0.359137 -0.734143 -0.549882 
0.648964 -0.292472 0.401199 0.733361 -0.657975 -0.833297 
0.561947 0.366575 -0.477269 0.897289 -0.443551 -1.02432 
0.632112 -0.283701 0.0525008 -0.817748 0.331501 0.789774 
0.550026 0.386334 -0.645059 -0.556064 0.302069 0.535509 
0.649113 -0.0969655 -0.473802 -0.494351 1.04069 0.480143 
0.561951 0.494454 -0.941088 -0.44442 0.895385 0.466508 
0.609916 0.525753 -0.33628 0.311341 -1.31286 -0.620929 
0.837897 0.407791 0.39897 0.505835 -1.84615 -0.563693 
0.614136 0.492003 -0.398873 0.413848 -1.11735 -0.692219 
0.847053 0.139136 0.343491 0.62418 -1.41416 -0.736861 
0.619693 0.467966 -0.481492 0.618289 -0.881837 -0.851572 
0.857108 0.193043 -0.779754 -0.818835 1.27443 0.718459 
0.625744 0.644884 -1.16577 -0.655132 1.09359 0.608897 
0.66773 0.622644 -0.476105 0.488256 -1.41174 -0.830209 
0.9806 0.649758 0.0237362 0.727405 -1.91243 -0.778799 
0.672658 0.596426 -0.54835 0.611159 -1.2434 -0.931167 
0.988679 0.43473 -0.0279701 0.839909 -1.57977 -0.965332 
0.678127 0.578259 -0.637696 0.820924 -1.03919 -1.1015 
0.719323 0.739696 -0.657832 0.637547 -1.5138 -1.02998 
0.72527 0.725585 -0.745945 0.78083 -1.39444 -1.16299 
1.08659 0.794006 -0.566846 -2.12571 1.77671 -4.39478 
0.188972 0.174879 -0.209706 -0.733314 -1.14295 0.650428 
0.18546 0.182182 -0.325501 -0.864766 -1.03568 0.84357 
0.181381 0.206558 -0.466122 -1.06178 -0.947665 1.11323 
-0.833721 0.0572181 -0.0128099 2.00036 1.98841 -1.70536 
-0.837886 0.11065 -0.39339 1.925 1.92555 -1.32047 
0.170653 0.579131 -1.39187 1.1489 1.20097 -0.677972 
0.262823 0.20017 -0.234441 -0.639864 -1.06904 0.515053 
0.25948 0.206514 -0.350822 -0.783676 -0.939962 0.718007 
-0.641076 -0.12957 0.493186 -1.05581 -1.90814 0.983971 
0.255366 0.229539 -0.491016 -1.01359 -0.82812 1.01855 
-0.654773 -0.155566 -0.131868 1.839 1.69357 4.90139 
0.336168 0.23612 -0.272082 -0.506632 -1.00851 0.337617 
-0.367091 -0.0754912 0.816198 -0.868042 -1.93974 0.455284 
0.332986 0.240945 -0.387275 -0.648745 -0.849418 0.534931 
-0.377269 -0.351173 0.67455 -0.923592 -1.60912 0.848608 
0.32921 0.262246 -0.526647 -0.904782 -0.698283 0.858446 
-0.387587 -0.423767 0.402834 2.01763 1.39981 -1.87547 
-0.395895 -0.351404 0.0241632 1.7404 1.35246 4.87562 
-0.399032 -0.152171 -0.499658 1.48279 1.45612 -0.913899 
0.408127 0.284473 -0.326633 -0.329718 -0.972107 0.112142 
-0.0258201 -0.164614 0.901228 -0.561096 -1.75289 0.223373 
0.40601 0.287404 -0.437939 -0.435289 -0.782618 0.266011 
-0.0345984 -0.463936 0.755731 -0.672821 -1.27945 0.561981 
0.403504 0.306642 -0.575493 -0.661752 -0.572082 0.553072 
-0.0451038 -0.5333 0.477101 -0.998669 -0.953173 1.03687 
0.400123 0.352949 -0.759032 1.87755 0.410411 -1.9065 
-0.0606697 -0.244752 -0.425376 1.15558 1.09977 -0.799782 
0.478176 0.346143 -0.398344 -0.119214 -0.97836 -0.154206 
0.330491 -0.0932337 0.848005 -0.192247 -1.69593 -0.0977056 
0.477881 0.349339 -0.509211 -0.148195 -0.77152 -0.0868664 
0.329079 -0.395146 0.718452 -0.225041 -1.1336 0.0416374 
0.478181 0.368372 -0.646393 -0.201547 -0.514909 0.01366 
0.328032 -0.48615 0.456376 -0.383407 -0.600715 0.284604 
0.47895 0.414125 -0.831051 -0.486397 -0.187554 0.357673 
0.322371 -0.422471 0.0819341 -1.63801 -0.26569 1.63073 
0.476834 0.531894 -1.14293 0.383791 0.320149 -0.424826 
0.310036 -0.218191 -0.445805 0.576723 0.751036 -0.443846 
0.544839 0.422772 -0.493812 0.092585 -1.02828 -0.428991 
0.622946 0.0967533 0.664552 0.148538 -1.77257 -0.391593 
0.546517 0.429864 -0.609248 0.141721 -0.830539 -0.452307 
0.628522 -0.175213 0.557035 0.211479 -1.27476 -0.449649 
0.549655 0.454563 -0.754424 0.273599 -0.593282 -0.553834 
0.637929 -0.283517 0.321219 0.432242 -0.787806 -0.647667 
0.555286 0.513753 -0.961458 0.796516 -0.336072 -1.04593 
0.561945 0.714399 -1.42369 -0.861269 0.457808 6.91328 
0.63212 -0.0619741 -0.580259 -0.387856 0.678574 0.307774 
0.606805 0.518169 -0.622214 0.281424 -1.10508 -0.687688 
0.830849 0.329651 0.38155 0.411115 -1.86975 -0.625423 
0.609912 0.533722 -0.750255 0.378469 -0.929938 -0.77241 
0.837767 0.103843 0.288954 0.48712 -1.48096 -0.76056 
0.614136 0.57243 -0.91851 0.574254 -0.727889 -0.951988 
0.847016 -0.00232389 0.0741155 0.70947 -1.08907 -1.00345 
0.663497 0.634854 -0.791114 0.441414 -1.19129 -0.927419 
0.973905 0.586778 0.00998146 0.60174 -1.94231 -0.844634 
0.66765 0.668966 -0.949789 0.566743 -1.04079 -1.05777 
0.980316 0.407302 -0.0815995 0.679179 -1.64598 -1.00794 
0.672659 0.749673 -1.19136 0.794973 -0.865098 -1.29373 
0.714517 0.789991 -1.03201 0.569822 -1.26658 -1.15701 
0.719322 0.881936 -1.29181 0.71727 -1.12701 -1.34566 
0.192032 0.257079 -0.60771 -0.78483 -0.934842 0.810833 
0.18897 0.322747 -0.804821 -0.956009 -0.841278 1.04925 
-0.828319 0.0529759 -0.0939309 2.18864 1.90949 -1.67359 
0.265984 0.285856 -0.639397 -0.696006 -0.852171 0.654822 
0.262946 0.352544 -0.839744 -0.891598 -0.737724 0.913342 
-0.633548 -0.16956 0.434307 -0.899408 -1.87077 1.02467 
0.259474 0.476183 -1.13819 -1.22557 -0.650717 1.333 
-0.641019 -0.21131 0.155959 2.16778 1.68367 -1.79414 
-0.654772 0.131421 -0.880097 1.86497 1.56343 -0.938198 
0.338822 0.327085 -0.686772 -0.560308 -0.779129 0.447211 
-0.358812 -0.177242 0.786494 -0.744668 -1.90788 0.519579 
0.336114 0.396564 -0.893516 -0.767866 -0.632503 0.711742 
-0.367122 -0.385134 0.606033 -0.792076 -1.58438 0.844028 
0.332967 0.53138 -1.21396 -1.19901 -0.508889 1.22168 
-0.376894 -0.414695 0.313143 -0.954284 -1.35529 1.19245 
-0.3959 -0.0795262 -0.662182 1.6368 1.30297 -0.983351 
0.410013 0.383269 -0.754671 -0.370046 -0.72873 0.178086 
-0.0185373 -0.269074 0.864905 -0.486684 -1.71493 0.24599 
0.408127 0.458974 -0.973572 -0.546476 -0.540373 0.402367 
-0.0257441 -0.487167 0.67876 -0.57589 -1.29023 0.514936 
0.406009 0.647197 -1.39143 -1.14904 -0.331526 1.07516 
-0.0345318 -0.512128 0.381493 -0.812167 -0.965823 0.87776 
-0.0454195 -0.410107 -0.0141553 1.85956 0.796887 -1.66803 
-0.0556805 -0.176604 -0.574515 -1.84082 -0.93168 2.20868 
0.478718 0.458539 -0.851465 -0.138959 -0.714523 -0.14044 
0.332443 -0.191453 0.810565 -0.173962 -1.66219 -0.110505 
0.478177 0.54924 -1.09744 -0.211038 -0.488299 -0.0341424 
0.330464 -0.416565 0.639411 -0.207121 -1.17408 0.00739052 
0.32906 -0.459614 0.355957 -0.311233 -0.721042 0.182093 
0.328024 -0.374863 -0.0290073 -0.848039 -0.285772 0.790834 
0.322371 -0.153479 -0.585718 0.590636 0.489895 -0.543951 
0.543858 0.55711 -0.986721 0.0954587 -0.738545 -0.471719 
0.619882 0.00977884 0.632062 0.115405 -1.74536 -0.427857 
0.544832 0.711355 -1.34586 0.175475 -0.469138 -0.537877 
0.623053 -0.204083 0.484769 0.15103 -1.29673 -0.462821 
0.628512 -0.267264 0.223888 0.267834 -0.861174 -0.56403 
0.637934 -0.203481 -0.150927 0.740045 -0.456051 -1.01981 
0.604489 0.714578 -1.22603 0.31101 -0.7638 -0.797535 
0.825696 0.256979 0.354779 0.339201 -1.8499 -0.676332 
0.830733 0.0731985 0.224434 0.393206 -1.48832 -0.787174 
0.837769 0.00757451 -0.0206282 0.542642 -1.12633 -0.966751 
0.967766 0.527333 -0.0140168 0.49862 -1.9217 -0.899172 
0.973315 0.381445 -0.142054 0.556932 -1.64227 -1.04407 
0.980316 0.33844 -0.398643 0.697719 -1.34647 -1.2529 
1.06744 0.850126 -0.518578 0.58662 -1.93725 -1.14644 
-0.818648 0.0659441 0.110606 -0.809177 -2.0071 1.2202 
-0.823116 0.0597077 -0.191299 2.32254 1.81611 -1.64984 
-0.627029 -0.197433 0.363286 -0.78084 -1.80987 1.05982 
-0.63354 -0.201167 0.0577274 -0.845799 -1.60605 1.34087 
-0.641025 -0.0826338 -0.373475 2.16753 1.45642 -1.46343 
-0.351822 -0.260601 0.742268 -0.6454 -1.8474 0.572279 
-0.358816 -0.405399 0.526184 -0.694435 -1.53721 0.843427 
-0.367089 -0.39503 0.210068 -0.830195 -1.30275 1.13978 
-0.0124949 -0.351966 0.81424 -0.42659 -1.65449 0.263201 
-0.0185179 -0.498293 0.591839 -0.50573 -1.27118 0.484082 
-0.0257282 -0.482135 0.272869 -0.689989 -0.965082 0.776362 
-0.0345569 -0.354606 -0.143685 -1.07403 -0.746466 1.27205 
0.334489 -0.271099 0.760425 -0.155227 -1.60766 -0.121189 
0.33237 -0.427923 0.551726 -0.187978 -1.17462 -0.0211309 
0.330441 -0.42755 0.243938 -0.273447 -0.778715 0.123422 
0.329022 -0.313972 -0.163931 -0.577398 -0.379268 0.489212 
0.617956 -0.0641272 0.588047 0.094569 -1.69537 -0.457006 
0.619944 -0.223044 0.403025 0.118144 -1.28577 -0.481734 
0.623034 -0.243818 0.113488 0.187279 -0.891314 -0.540152 
0.628523 -0.146722 -0.290873 0.441074 -0.489551 -0.781901 
0.821844 0.193146 0.317536 0.285056 -1.80431 -0.716525 
0.82557 0.0505114 0.14999 0.327596 -1.46069 -0.810446 
0.830757 0.0245622 -0.129658 0.438474 -1.1189 -0.954997 
0.96346 0.474099 -0.0466624 0.418998 -1.87444 -0.940947 
0.967769 0.362013 -0.213955 0.465907 -1.59729 -1.07085 
0.973297 0.359964 -0.5179 0.57784 -1.30589 -1.25775 
1.06342 0.808473 -0.551771 0.493499 -1.87654 -1.17858 
-0.783396 1.11034 0.184607 -2.00702 -1.68952 0.249577 
0.373127 1.21598 -0.127824 -0.924305 -1.2651 0.379516 
-0.781481 0.712477 0.377296 -2.06192 -1.57328 6.86893 
0.37471 1.0801 -0.0439049 -1.03464 -1.03441 0.619828 
0.377706 0.955104 0.0164638 -1.18647 -0.839457 0.892268 
0.381764 0.843469 0.0524573 -1.39058 -0.707407 1.19468 
-0.766919 -0.0235125 0.16043 0.840408 1.81945 -1.47993 
-0.762541 -0.0191219 -0.151356 0.840124 2.00683 -1.20287 
0.389437 0.571264 0.0715931 1.06039 0.654443 -1.06094 
-0.578839 1.06342 0.412423 -1.76588 -1.58926 0.0931497 
0.438032 1.23785 -0.183502 -0.81977 -1.20104 0.369322 
-0.576554 0.599929 0.625334 -1.82053 -1.42924 0.488949 
0.439694 1.10336 -0.0987141 -0.930837 -0.966994 0.602586 
0.442761 0.981457 -0.0412047 -1.09396 -0.761113 0.882447 
0.446163 0.872205 -0.00531925 -1.33199 -0.618546 1.21634 
-0.556369 -0.271884 0.377807 0.881135 1.63336 -1.29579 
-0.550363 -0.253913 0.0549705 0.830104 1.82897 -1.01159 
0.453592 0.610101 0.00821557 0.967731 0.586119 -0.891591 
0.455573 0.542682 -0.0137332 0.773981 0.656833 -0.64951 
-0.297674 1.058 0.55184 -1.41836 -1.57673 -0.0385896 
0.500672 1.2645 -0.249622 -0.698813 -1.12684 0.346373 
-0.294731 0.53373 0.786701 -1.46881 -1.31829 0.392231 
0.502034 1.13231 -0.165005 -0.809478 -0.885943 0.571339 
0.505214 1.01216 -0.107549 -0.985661 -0.665505 0.860562 
0.508346 0.906116 -0.0739545 -1.27998 -0.509224 1.24947 
-0.269044 -0.450223 0.503208 0.8585 1.38935 -1.03377 
-0.261491 -0.408478 0.165489 0.750636 1.61515 -0.746262 
0.513213 0.729295 -0.0565143 1.08769 0.461242 -0.982713 
-0.255022 -0.260387 -0.271995 0.71245 1.86047 -0.506012 
0.515159 0.655927 -0.0677565 0.807929 0.529468 -0.651328 
0.516981 0.592541 -0.0918897 0.615835 0.62445 -0.413662 
0.0475952 1.06258 0.596693 -0.981553 -1.62006 -0.0735314 
0.561727 1.2975 -0.328155 2.5943 1.04071 -2.84272 
0.0511107 0.511073 0.841324 -1.02089 -1.22354 0.317949 
0.56308 1.16607 -0.241914 -0.650611 -0.785051 6.79455 
0.0592631 -0.061926 0.916866 -1.41079 -0.835162 1.04569 
0.565994 1.04823 -0.185671 -0.841198 -0.539655 0.812579 
0.568786 0.945654 -0.154962 -1.24814 -0.366912 1.31257 
0.0769869 -0.501411 0.531903 0.71193 1.10002 -0.68665 
0.0838404 -0.446769 0.18646 0.561832 1.39007 -0.408832 
0.572601 0.778429 -0.144125 -2.32186 -0.393632 2.51603 
0.0898002 -0.290389 -0.254215 0.498134 1.6898 -0.209069 
0.574165 0.709974 -0.158749 0.55954 0.504704 -0.317216 
0.575574 0.651015 -0.18518 0.41227 0.626386 -0.128572 
0.393543 1.0577 0.543055 -0.499426 -1.59715 -0.014404 
0.621991 1.33779 -0.42104 2.80522 0.944368 -2.9394 
0.3977 0.532033 0.775893 -0.520772 -1.08634 0.251983 
0.623945 1.20529 -0.331659 -0.399295 -0.652154 6.66202 
0.404565 0.0116307 0.838216 -0.921757 -0.492524 0.865367 
0.626689 1.09014 -0.278242 2.56934 0.362461 -2.47913 
0.409798 -0.304912 0.713496 0.822165 0.464558 -0.734987 
0.628122 0.993031 -0.252923 -1.34527 -0.174445 1.52138 
0.41359 -0.399624 0.459975 0.395778 0.862075 -0.206857 
0.628931 0.909999 -0.24544 -2.41808 -0.238156 2.65877 
0.416721 -0.353429 0.117931 0.282247 1.23453 -0.009639 
0.629644 0.837048 -0.250358 -2.74833 -0.389531 3.03983 
0.419114 -0.201385 -0.327542 0.238883 1.59167 0.116711 
0.630424 0.774004 -0.267689 3.40294 -0.537761 -3.06958 
0.631162 0.719823 -0.296624 0.193453 0.677198 0.175152 
0.677958 1.06662 0.387992 -0.0134695 -1.45462 0.00156245 
0.682936 1.38987 -0.536816 -3.15272 0.853072 3.14891 
0.686417 0.602272 0.596036 0.103463 -0.889068 0.0586488 
0.688449 1.2542 -0.44437 0.172557 -0.50396 6.25555 
0.688734 1.14396 -0.397371 0.496333 -0.185327 -6.53554 
0.683576 -0.082599 0.520082 3.00216 -0.346071 -2.7033 
0.68641 1.05363 -0.377075 -0.442325 0.114495 -5.53439 
0.68103 -0.181642 0.285185 -0.027006 0.81572 0.373838 
0.684775 0.976627 -0.372664 -0.0710575 0.315949 6.70916 
0.679775 -0.151658 -0.0485037 -0.00689749 1.21939 0.395707 
0.68396 0.909456 -0.380321 -0.0181895 0.490226 6.69601 
0.679191 -0.0041839 -0.511629 -0.00077767 1.61023 0.424779 
0.683594 0.851103 -0.399527 -0.00417613 0.642987 0.431586 
0.683287 0.800502 -0.429069 0.000752995 0.781421 0.453469 
0.887073 1.12882 0.12386 0.516993 -1.29154 -0.155586 
0.745332 1.46472 -0.697314 0.486935 -0.829154 5.93999 
0.897076 0.737564 0.292411 0.961958 -0.824576 -6.71749 
0.75424 1.33206 -0.613731 1.11473 -0.584314 5.50653 
0.746976 1.22344 -0.562915 -1.4067 0.38944 1.80263 
0.877007 0.192657 0.224994 -0.635356 0.624279 1.1309 
0.740821 1.13596 -0.539042 -0.739622 0.410308 -5.10907 
0.870887 0.10133 0.00645581 -0.331141 0.976165 0.829882 
0.737009 1.06278 -0.533402 2.73315 -0.537863 4.01785 
0.86697 0.12891 -0.33021 -0.226513 1.34858 0.724866 
0.734568 0.999038 -0.539805 -3.40593 -0.676274 3.90177 
0.864253 0.311368 -0.875788 -0.189641 1.76456 0.663183 
0.733151 0.945496 -0.561248 -0.190941 0.808559 0.709327 
0.732052 0.900336 -0.594386 -3.28917 -0.932631 3.82531 
1.02598 0.934056 -0.100618 1.44814 -0.92087 -0.806957 
0.801309 1.44247 -0.835079 1.49117 -0.728562 -1.08832 
0.789028 1.24712 -0.748481 -0.755989 0.706123 -4.99585 
1.0021 0.434115 -0.398019 2.6661 -1.25644 -2.05441 
0.997312 0.502215 -0.799367 -0.374468 1.60859 0.933605 
0.781221 1.11568 -0.746045 2.74318 -0.910437 -2.16007 
0.778731 1.06455 -0.765869 -3.45548 -1.0156 4.05226 
0.776855 1.02436 -0.802729 -3.39847 -1.12096 4.00407 
1.12117 1.61687 -1.00508 -1.60371 1.52391 2.18335 
1.11527 1.22867 -0.66209 1.76757 -1.15931 -1.13214 
1.10827 1.00419 -0.625595 -0.98385 1.17881 1.66906 
0.832345 1.41205 -1.05053 -0.766949 1.0254 -4.9304 
0.823424 1.28032 -1.03645 2.65946 -1.18286 4.26243 
-0.781572 1.01527 0.242997 -1.93153 -1.91177 0.144484 
0.374329 0.917448 0.036681 -0.853085 -1.3767 0.307929 
-0.783277 0.622298 0.401361 -1.96228 -1.79846 0.501548 
0.373068 0.793037 0.0801435 -0.992499 -1.14114 0.567987 
-0.78148 0.279994 0.425296 1.11129 1.75089 4.07017 
0.374685 0.678908 0.101511 -1.1904 -0.920399 0.896658 
-0.77184 -0.0313561 0.0770733 0.96621 1.90822 -1.45397 
0.389438 0.345332 -0.0631498 -2.38107 -0.879671 2.49176 
-0.576541 0.956578 0.475102 -1.7265 -1.81196 -0.00539522 
0.43948 0.94429 -0.0197295 -0.753357 -1.30672 0.289341 
-0.578839 0.488764 0.654055 -1.74946 -1.65169 0.420728 
0.437827 0.822239 0.0255242 -0.893182 -1.06534 0.541568 
-0.576594 0.063468 0.680963 1.28463 1.55906 -2.18816 
0.439434 0.711466 0.0461045 -1.09822 -0.835585 0.870274 
-0.570705 -0.197463 0.5485 -2.01421 -1.58295 1.45596 
-0.563355 -0.278356 0.292706 1.00181 1.70375 -1.29357 
-0.556365 -0.225074 -0.0640955 0.940231 1.87773 -0.979025 
0.449014 0.47788 -0.0154981 1.04892 0.645864 -0.996195 
0.451447 0.429404 -0.0655609 -2.32172 -0.728408 2.43578 
0.453564 0.393209 -0.128048 0.663103 0.832221 -0.495475 
-0.294741 0.942221 0.618524 -1.4066 -1.78856 -0.126701 
0.502164 0.976123 -0.0849307 -0.636733 -1.23133 0.256108 
-0.296915 0.399908 0.82181 -1.42656 -1.51915 0.345609 
0.500733 0.856931 -0.0398016 -0.774641 -0.980009 0.49912 
-0.294832 -0.111747 0.85137 1.51505 1.30453 -2.14875 
0.501912 0.749226 -0.01877 -0.986388 -0.737457 0.826776 
-0.287057 -0.394135 0.696344 1.20835 1.28997 -1.52181 
-0.277705 -0.45399 0.416547 0.973629 1.43314 -1.06789 
-0.268985 -0.377675 0.0479277 0.843673 1.64385 -0.746858 
0.510996 0.526879 -0.0883319 0.923817 0.565151 -0.807794 
-0.261489 -0.192181 -0.438936 0.801811 1.8939 -0.47055 
0.513213 0.482216 -0.1414 0.680078 0.677362 -0.504171 
0.515173 0.449744 -0.207004 0.531013 0.804266 -0.30378 
0.0509662 0.944524 0.663672 -0.974613 -1.81954 -0.159181 
0.563073 1.01471 -0.161838 -0.487489 -1.15306 0.194395 
0.0476811 0.370259 0.878291 -1.00339 -1.39348 0.270489 
0.561755 0.897017 -0.114928 -0.619299 -0.884176 0.42446 
0.563079 0.792419 -0.0950096 -0.833193 -0.616873 0.74897 
0.565995 0.704971 -0.101706 -1.28855 -0.410148 1.31243 
0.0687029 -0.508217 0.447386 0.817055 1.10679 -0.762559 
0.0768887 -0.41806 0.0708501 0.632755 1.3965 -0.43979 
0.57088 0.583663 -0.17555 0.692118 0.502698 -0.506423 
0.0840809 -0.224514 -0.418117 0.557919 1.71536 -0.20645 
0.572618 0.543871 -0.232763 0.477762 0.656248 -0.23491 
0.574165 0.516019 -0.302468 0.362567 0.809215 -0.0717786 
0.397687 0.947876 0.604024 -0.470305 -1.80697 -0.109243 
0.623952 1.06183 -0.252667 -0.270071 -1.08509 0.0732597 
0.393596 0.406465 0.810153 -0.526385 -1.26139 0.175181 
0.622454 0.942284 -0.200462 -0.389292 -0.780761 0.284283 
0.397677 -0.100268 0.836365 -0.841286 -0.631612 0.725104 
0.623957 0.841136 -0.183267 -0.560332 -0.459984 0.567443 
0.404536 -0.368708 0.671297 -2.08864 -0.448393 2.13998 
0.626689 0.758705 -0.195269 -1.27387 -0.202253 1.38839 
0.40982 -0.415243 0.381836 0.462799 0.826326 -0.294853 
0.628125 0.696868 -0.231099 -2.50608 -0.28858 -3.57754 
0.413577 -0.330866 0.00495976 0.316437 1.22497 -0.0519535 
0.628931 0.650687 -0.281634 0.332601 0.498716 -0.0680171 
0.416322 -0.137351 -0.494751 0.266506 1.61672 0.0977303 
0.629666 0.616728 -0.343874 0.228925 0.689524 0.0870448 
0.630425 0.594328 -0.418693 0.175117 0.860974 0.183105 
0.686748 0.976066 0.435217 0.0824037 -1.72245 -0.110706 
0.688454 1.12443 -0.368853 0.0947757 -1.06917 -6.45256 
0.677825 0.504139 0.626725 -0.0150745 -1.13088 0.00671192 
0.682872 1.00045 -0.307904 -0.0132962 -0.69255 0.0102568 
0.686753 0.0872567 0.642083 0.198645 -0.425077 -0.0581685 
0.688453 0.900094 -0.293862 0.27941 -0.305682 -0.143354 
0.687217 -0.145853 0.487108 -3.48899 -0.256538 3.71442 
0.688733 0.825732 -0.315736 -0.877603 0.114192 1.11117 
0.68357 -0.202879 0.212998 -0.0674497 0.771453 0.355294 
0.68641 0.771959 -0.358303 -3.27798 -0.370036 3.57788 
0.681027 -0.133412 -0.161452 -0.0212035 1.21401 0.36296 
0.684775 0.732524 -0.413845 -0.0390797 0.600828 0.390671 
0.679793 0.0688151 -0.701897 -0.00640591 1.65235 0.392711 
0.683959 0.704737 -0.481242 -0.0119422 0.795746 0.405123 
0.683594 0.688568 -0.562388 -0.00304224 0.968379 0.429968 
0.897131 1.06395 0.143742 0.649552 -1.66086 -0.269605 
0.753994 1.21688 -0.54197 -2.57498 1.17363 -3.64541 
0.887117 0.656822 0.336313 0.572144 -1.06944 -0.300102 
0.745293 1.07715 -0.451096 0.561244 -0.706881 -0.445931 
0.754028 0.988316 -0.456983 1.40416 -0.525967 -1.11583 
0.877007 0.0831842 -0.0656605 -0.433555 0.971558 0.847156 
0.870892 0.151536 -0.453376 -0.278094 1.36817 0.696926 
0.737027 0.834805 -0.580639 -0.288761 0.796836 0.725297 
0.866935 0.441666 -1.17491 -0.23104 1.86728 0.605469 
0.734685 0.813358 -0.654022 2.94166 -0.96836 -2.47495 
0.733166 0.804969 -0.744877 -0.1526 1.12809 0.642537 
1.02585 1.21969 -0.250294 0.912364 -1.61507 -0.505589 
0.801309 1.32489 -0.74854 0.779959 -1.23378 -0.692069 
0.794916 1.03337 -0.678974 -0.929478 0.75645 -4.93465 
1.00841 0.42635 -0.47912 2.55319 -1.27296 -2.0581 
0.789021 0.992586 -0.730458 -0.609517 0.890898 1.07879 
1.00204 0.558969 -0.98164 -0.452785 1.66816 0.882616 
0.781257 0.952962 -0.880616 -3.47817 -1.1883 4.00047 
0.778746 0.960919 -0.997141 2.86841 -1.33649 -2.33542 
0.827402 1.15836 -1.12114 -0.543502 1.33067 1.06432 
0.37819 0.652333 0.0990169 -0.776096 -1.39475 0.303697 
-0.781477 0.533015 0.421585 -1.81241 -2.0027 0.45763 
0.374697 0.550927 0.103581 -0.922398 -1.18663 0.549843 
-0.783153 0.216519 0.407147 1.29535 1.93222 -2.2451 
0.373115 0.461115 0.0855246 -1.15396 -0.983689 0.896476 
0.384751 0.289701 -0.185746 0.827262 0.945868 -0.699736 
0.387221 0.28802 -0.29052 0.698327 1.06295 -0.507973 
-0.570584 0.842015 0.534426 -1.65803 -2.00577 -0.063356 
0.442737 0.686719 0.0424155 -0.68395 -1.32456 0.264808 
-0.576536 0.378298 0.676663 -1.6253 -1.85203 0.382504 
0.439473 0.587076 0.0480917 -0.832986 -1.10281 0.509864 
-0.579012 -0.0144958 0.661004 1.4516 1.72702 4.05574 
0.438016 0.499704 0.030497 -1.07337 -0.88756 0.860485 
-0.576567 -0.229873 0.491167 1.31065 1.69194 4.56101 
-0.570677 -0.273694 0.203513 1.16716 1.7576 -1.30039 
-0.563266 -0.186822 -0.191035 1.08299 1.90396 -0.945702 
0.449004 0.338768 -0.24889 0.740943 0.883351 -0.575506 
0.451443 0.340279 -0.35793 0.607534 1.01982 -0.380387 
-0.287055 0.816379 0.68077 -1.35947 -1.97655 -0.182145 
0.505031 0.727268 -0.024177 -0.572589 -1.25379 0.20867 
-0.294492 0.26777 0.84649 -1.32883 -1.69702 0.317208 
0.502063 0.629156 -0.017145 -0.721826 -1.01337 0.450407 
-0.297682 -0.202577 0.829078 1.66069 1.44739 -2.20286 
0.500727 0.544252 -0.0342942 -0.970892 -0.780713 0.804334 
-0.294727 -0.426662 0.636173 -1.75536 -1.37022 1.53464 
-0.287056 -0.446952 0.327227 1.12956 1.45718 -1.12615 
-0.277703 -0.339158 -0.0749167 0.96411 1.64812 -0.757887 
0.508339 0.405726 -0.226281 -2.30233 -0.67849 2.43604 
-0.268974 -0.108551 -0.629258 0.909702 1.90717 -0.427386 
0.51091 0.39637 -0.32592 -2.52772 -0.834227 2.73257 
0.513211 0.402477 -0.441165 0.488219 0.996359 -0.22258 
0.0592394 0.815699 0.724674 -0.933151 -1.99616 -0.218779 
0.565996 0.775236 -0.103004 -0.425591 -1.18837 0.11967 
0.050985 0.230217 0.903459 -0.931081 -1.54125 0.228887 
0.562971 0.677591 -0.0924358 -0.567685 -0.921196 0.350651 
0.0476092 -0.277413 0.886639 -1.20412 -1.09617 0.871931 
0.561708 0.594823 -0.109335 -0.822274 -0.659463 0.704977 
0.0592625 -0.504289 0.361305 0.971694 1.08943 -0.884911 
0.565968 0.488744 -0.222283 -2.04687 -0.445892 -4.14521 
0.0687127 -0.382577 -0.048615 0.727545 1.37389 -0.490213 
0.568754 0.468272 -0.313588 0.633961 0.612161 -0.456005 
0.0777196 -0.145553 -0.601462 0.629154 1.72125 -0.204584 
0.570877 0.465134 -0.421284 0.436857 0.813862 -0.188545 
0.572616 0.475546 -0.542813 0.338214 1.00502 -0.0320057 
0.404535 0.829807 0.655717 -0.42438 -1.98633 -0.185876 
0.626717 0.833156 -0.196541 -0.212127 -1.14833 -0.0322961 
0.397689 0.283879 0.831162 -0.462225 -1.4155 0.0860602 
0.623947 0.734562 -0.1813 -0.322373 -0.840143 0.164061 
0.393587 -0.188828 0.817942 -0.747204 -0.781409 0.581742 
0.621869 0.652185 -0.195911 -0.561767 -0.525544 0.498502 
0.623946 0.591375 -0.243462 -1.22574 -0.253427 1.27055 
0.404565 -0.421244 0.302995 0.58903 0.745242 -0.451013 
0.626681 0.555308 -0.320913 0.635613 0.329678 -6.77221 
0.409853 -0.302173 -0.111364 0.363659 1.17554 -0.114286 
0.628127 0.542652 -0.422395 0.303363 0.601554 -0.0730447 
0.413615 -0.0559655 -0.690077 0.297546 1.626 0.0755738 
0.628931 0.54769 -0.540991 0.209658 0.848832 0.0867982 
0.629669 0.569403 -0.679138 0.165632 1.06484 0.184287 
0.687268 0.877234 0.473403 0.092519 -1.93229 -0.2031 
0.688746 0.908357 -0.317373 0.095118 -1.17574 -0.273485 
0.686604 0.415051 0.637933 0.0830737 -1.36537 -0.140056 
0.688415 0.805918 -0.291478 0.112684 -0.829326 -0.199992 
0.678859 0.0129113 0.634103 -0.0204783 -0.64671 0.0162847 
0.682936 0.720649 -0.302937 -0.0207144 -0.417791 0.0189349 
0.687217 -0.216265 0.140828 -0.140768 0.663331 0.347143 
0.688735 0.63911 -0.4512 -0.224471 0.40324 0.443666 
0.68357 -0.108068 -0.279781 -0.0513245 1.16875 0.327249 
0.68641 0.636305 -0.564816 -0.0754607 0.710467 0.366279 
0.681038 0.167918 -0.935833 -0.019933 1.687 0.353135 
0.68477 0.651581 -0.697423 -0.0265128 0.965089 0.373375 
0.68396 0.687634 -0.85812 3.13236 -1.18979 -2.74138 
0.886451 0.981837 0.179868 0.514422 -1.88978 -0.338241 
0.746981 1.00611 -0.481024 0.40215 -1.27644 -0.531716 
0.897324 0.604152 0.326289 0.653106 -1.43973 -0.437316 
0.753995 0.90818 -0.455387 0.633651 -0.989985 -0.645741 
0.887113 0.269308 0.342112 0.754373 -0.766017 -0.595287 
0.745295 0.80983 -0.445002 0.801428 -0.502019 -0.735654 
0.897137 0.103045 0.158604 1.84556 -0.676213 -1.57978 
0.886484 0.0738809 -0.140382 -0.617945 0.938109 0.911616 
0.746977 0.753195 -0.631328 2.52443 -0.703921 4.04641 
0.877032 0.185523 -0.589464 -0.36258 1.36119 0.670596 
0.740821 0.759439 -0.756704 -0.341129 0.933699 0.685551 
0.737008 0.789983 -0.913163 -0.223532 1.1627 0.610379 
0.734691 0.85706 -1.12707 -3.30877 -1.39049 3.72466 
1.01677 1.14974 -0.216634 0.748604 -1.8452 -0.553849 
0.794705 1.11727 -0.676364 -2.54455 1.35309 2.42018 
1.02557 0.827403 -0.0688428 0.915559 -1.48597 -0.672516 
0.801309 1.02198 -0.648073 0.843474 -1.09412 -0.851893 
1.02585 0.426378 -0.235007 -1.22545 0.996765 1.54835 
1.01677 0.426282 -0.564136 -0.761496 1.25154 1.09118 
1.00841 0.673123 -1.26068 -0.566879 1.72471 0.793137 
0.784532 1.01457 -1.28149 -0.377148 1.44319 0.757455 
1.1079 1.44033 -0.820846 -2.23136 1.79597 -4.01006 
1.1154 1.13203 -0.623626 -2.02327 1.53811 2.17339 
0.843599 1.16946 -0.906709 1.0344 -1.19986 -1.06472 
1.11539 0.840823 -0.84153 -1.18412 1.32741 1.43554 
0.381862 0.443272 0.0598696 -0.719688 -1.32364 0.352209 
0.378228 0.375175 0.0254079 -0.854737 -1.15278 0.570064 
0.374715 0.319364 -0.0297234 -1.08552 -0.988665 0.897465 
0.374766 0.267113 -0.215858 -1.81345 -0.864636 1.845 
0.378201 0.273413 -0.343035 -2.13374 -0.953606 2.26597 
0.381764 0.300357 -0.490854 0.802067 1.09617 -0.582245 
0.384753 0.348383 -0.664379 0.678845 1.25574 -0.37828 
0.446421 0.484431 0.00322698 -0.633297 -1.25683 0.287254 
-0.570583 0.266088 0.691449 -1.4614 -2.00104 0.398763 
0.442848 0.417196 -0.0301952 -0.773676 -1.06789 0.508675 
-0.576541 -0.0842775 0.634704 1.66263 1.84241 -2.23428 
0.439477 0.363912 -0.0863459 -1.02125 -0.885768 0.85089 
-0.576526 -0.259848 0.111931 1.3789 1.78463 -1.31793 
-0.570566 -0.139661 -0.325206 1.26515 1.89692 -0.918176 
0.442759 0.322614 -0.404177 -2.20702 -0.865947 2.35291 
0.446161 0.354106 -0.559838 0.714028 1.03586 -0.480062 
0.449034 0.409349 -0.746134 0.588156 1.22194 -0.273458 
0.508339 0.535664 -0.0673727 -0.526224 -1.19408 0.201598 
-0.287026 0.135624 0.860489 -1.19086 -1.82724 0.324893 
0.505153 0.467942 -0.0979926 -0.66768 -0.981536 0.423378 
-0.294726 -0.279166 0.797475 -1.30051 -1.54173 0.893798 
0.502081 0.414126 -0.151995 -0.931299 -0.773732 0.780484 
-0.297675 -0.445776 0.57124 1.59003 1.41945 -1.69772 
-0.29471 -0.430803 0.236187 1.32292 1.4581 -1.20741 
-0.287061 -0.293528 -0.202064 1.11846 1.62099 -0.7873 
-0.27763 -0.00148917 -0.857529 1.04076 1.89052 -0.376218 
0.508341 0.419221 -0.64698 0.592838 0.989832 -0.345227 
0.510991 0.485708 -0.85305 0.473597 1.21106 -0.145044 
0.568742 0.593434 -0.148452 -0.383281 -1.14363 0.0798601 
0.059266 0.0927828 0.914788 -0.824658 -1.65075 0.202957 
0.565992 0.525159 -0.175804 -0.511156 -0.899485 0.287764 
0.0507912 -0.354124 0.852432 -1.04654 -1.18314 0.768033 
0.563077 0.471483 -0.22851 -0.783756 -0.6516 0.652684 
0.0592634 -0.340951 -0.170591 0.857706 1.31623 -0.572382 
0.0687106 -0.044585 -0.820997 0.717928 1.70195 -0.204033 
0.568755 0.499314 -0.759615 0.42419 0.97368 -0.163008 
0.570872 0.583784 -0.997151 0.33044 1.23934 0.0109967 
0.628088 0.661936 -0.245224 -0.188554 -1.12391 -0.097301 
0.404565 0.166409 0.836121 -0.386468 -1.5411 0.00664516 
0.626674 0.592628 -0.267994 -0.25973 -0.844764 0.0542328 
0.397589 -0.258392 0.78588 -0.595845 -0.90306 0.406603 
0.623937 0.537659 -0.317883 -0.483869 -0.531831 0.369997 
0.393585 -0.432206 0.562274 -1.33717 -0.514373 1.30398 
0.621797 0.505765 -0.401002 1.92831 0.289199 4.34056 
0.397688 -0.415462 0.222298 0.819921 0.64678 -0.716605 
0.623946 0.503093 -0.525805 0.71474 0.367833 -0.625353 
0.404847 -0.268198 -0.228595 0.442095 1.07623 -0.215444 
0.626689 0.533733 -0.693259 0.307991 0.6862 -0.12095 
0.409783 0.0487629 -0.923214 0.334765 1.60957 0.0446848 
0.628127 0.604012 -0.915346 0.199659 1.02051 0.0740907 
0.628931 0.749047 -1.25975 0.160424 1.35793 0.192314 
0.6864 0.746989 -0.370309 0.0536926 -1.15777 -0.330593 
0.6871 0.327745 0.633777 0.0864633 -1.54478 -0.238147 
0.688733 0.678139 -0.387295 0.114234 -0.877211 -0.310003 
0.686746 -0.038209 0.60275 0.105876 -0.878971 -0.190905 
0.688486 0.619283 -0.428841 0.171126 -0.508371 -0.273497 
0.677959 -0.2216 0.405781 -0.0729737 -0.184653 0.0717382 
0.68293 0.587257 -0.516988 -0.112622 -0.070632 0.11231 
0.686753 -0.221711 0.0711529 2.96058 -0.468842 -2.85656 
0.688458 0.595646 -0.662657 -0.223186 0.387263 0.33099 
0.687219 -0.0774249 -0.399669 -0.0991545 1.06223 0.284486 
0.688735 0.649374 -0.869198 -0.121841 0.806643 0.321355 
0.683576 0.346695 -1.30922 -0.0478753 1.74279 0.298833 
0.68641 0.766505 -1.17256 -0.0530284 1.1871 0.328879 
0.740832 0.85188 -0.53197 0.288225 -1.24086 -0.573179 
0.88658 0.535869 0.324828 0.487004 -1.62524 -0.484906 
0.746978 0.789516 -0.552179 0.456817 -1.01442 -0.662901 
0.897231 0.245423 0.299877 0.724505 -1.14087 -0.691308 
0.753957 0.736786 -0.5995 0.809986 -0.750878 -0.917021 
0.897127 0.0722165 -0.21184 2.22397 -0.860961 -2.09832 
0.886507 0.231335 -0.737611 -0.504334 1.3128 0.653723 
0.74699 0.837448 -1.16929 -0.434197 1.09958 0.616972 
1.00841 1.07002 -0.182852 0.615065 -1.97413 -0.619896 
0.788951 0.978395 -0.738702 0.47692 -1.32383 -0.790858 
1.01635 0.77407 -0.072112 0.7186 -1.67315 -0.711415 
0.795003 0.91998 -0.759248 0.654886 -1.12546 -0.895387 
1.02591 0.539847 -0.09362 0.96137 -1.30045 -0.928139 
0.801316 0.875551 -0.816058 1.00687 -0.903211 -1.15053 
1.0259 0.43161 -0.644023 2.11153 -1.17274 -2.00514 
1.10047 1.36341 -0.773923 -2.38933 1.91604 -4.05666 
0.832304 1.15193 -1.03642 0.647069 -1.3915 -1.02295 
0.837991 1.10513 -1.07202 0.837699 -1.21951 -1.14554 
1.12114 0.88303 -0.96885 1.57562 -1.51318 4.62647 
0.384754 0.31758 -0.0868996 -0.698714 -1.18994 0.436105 
0.381766 0.286985 -0.160129 -0.827098 -1.05248 0.634857 
0.378194 0.270422 -0.254019 -1.0411 -0.92595 0.93196 
0.37471 0.360593 -0.741459 1.03596 1.03282 -0.803303 
0.378193 0.474804 -1.03073 0.810994 1.25745 -0.447203 
0.449045 0.365195 -0.145543 -0.616018 -1.1253 0.345316 
0.446162 0.334591 -0.218091 -0.751888 -0.969396 0.550623 
-0.570584 -0.146647 0.599065 -1.26152 -1.89335 0.930664 
0.442755 0.317764 -0.311753 -0.989594 -0.822749 0.871597 
-0.578839 -0.240652 0.0185158 1.6145 1.76186 -1.34447 
0.437703 0.350465 -0.598396 1.31278 0.782462 -1.21582 
-0.576548 -0.0838211 -0.467292 1.47915 1.84245 -0.906652 
0.439477 0.419552 -0.81966 -2.1981 -0.953894 2.41885 
0.442754 0.558865 -1.15442 0.710253 1.2221 -0.354564 
0.510996 0.422166 -0.217229 -0.509438 -1.06794 0.229771 
-0.277699 0.00605973 0.860686 -1.04315 -1.89453 0.369159 
0.508341 0.390966 -0.288281 -0.646071 -0.887921 0.435191 
-0.287048 -0.341993 0.754406 -1.11631 -1.58468 0.862151 
0.505154 0.374316 -0.382462 -0.908295 -0.711343 0.78106 
-0.297911 -0.408557 0.142854 1.53102 1.42302 -1.30281 
-0.294712 -0.240614 -0.334419 1.29933 1.5569 -0.839154 
0.502083 0.492986 -0.921239 -2.32762 -0.880795 2.53395 
-0.286644 0.155646 -1.17162 1.19563 1.83328 -0.305603 
0.505147 0.693842 -1.36695 0.577791 1.22883 -0.226304 
0.570879 0.488204 -0.302553 -0.367923 -1.0254 0.0755987 
0.0687129 -0.0391231 0.910343 -0.718439 -1.70618 0.20027 
0.568754 0.456492 -0.371723 -0.48626 -0.81586 0.261845 
0.0592616 -0.411293 0.80426 -0.885106 -1.23985 0.667146 
0.565995 0.439513 -0.465804 -0.75496 -0.593134 0.614634 
0.0509671 -0.291577 -0.297221 1.01801 1.22963 -0.685792 
0.563079 0.589243 -1.06212 -2.5214 -0.828094 2.70909 
0.0591909 0.0930415 -1.10157 0.824303 1.65188 -0.202884 
0.628932 0.566465 -0.406833 -0.185267 -1.01195 -0.127476 
0.409783 0.0533284 0.825791 -0.334838 -1.61398 -0.0462261 
0.628125 0.53467 -0.473739 -0.243713 -0.776084 -0.00392224 
0.4045 -0.30764 0.737516 -0.459263 -1.01621 0.249491 
0.626688 0.516955 -0.566599 -0.420024 -0.490184 0.254894 
0.397824 -0.439045 0.494012 -0.978193 -0.560098 0.908332 
0.623946 0.525714 -0.703939 -1.24434 -0.251758 1.17922 
0.393587 -0.396766 0.134779 -2.01434 -0.558487 2.08147 
0.621977 0.579633 -0.912556 -2.43767 -0.425882 2.48341 
0.397687 -0.225241 -0.350689 0.57526 0.943805 -0.37267 
0.623946 0.741765 -1.30331 3.46109 -0.84795 -3.30166 
0.404548 0.212318 -1.25735 0.386021 1.58053 0.00918937 
0.684774 0.661751 -0.539941 0.0255717 -1.04112 -0.371346 
0.683516 0.237745 0.620182 0.0473193 -1.63848 -0.303762 
0.686497 0.631289 -0.603994 0.0680503 -0.809004 -0.356089 
0.687212 -0.0770045 0.554513 0.0990382 -1.06268 -0.284258 
0.688779 0.616022 -0.698965 0.180799 -0.507078 -0.395082 
0.68675 -0.22777 0.343191 0.194578 -0.434315 -0.30009 
0.688453 0.628629 -0.846066 0.725218 -0.125563 -0.845017 
0.677959 -0.213127 -0.00398659 0.0607952 0.21749 -0.0593372 
0.682937 0.707541 -1.10549 0.0204775 0.397777 -0.0187771 
0.68677 -0.0415214 -0.518421 -0.10629 0.874391 0.19152 
0.736953 0.77754 -0.711299 0.229043 -1.10716 -0.624071 
0.877081 0.462246 0.315501 0.358033 -1.71146 -0.539367 
0.740804 0.757841 -0.789365 0.347707 -0.906419 -0.696891 
0.886506 0.209033 0.260198 0.509401 -1.28036 -0.672345 
0.746977 0.759483 -0.908282 0.636186 -0.682092 -0.929538 
0.897008 0.286318 -0.890149 -0.707713 1.18515 0.649414 
0.784535 0.93565 -0.962255 0.407619 -1.17163 -0.87325 
1.00841 0.716862 -0.0833046 0.571286 -1.76344 -0.767936 
0.789024 0.935569 -1.07071 0.558448 -0.99678 -0.992014 
1.01679 0.513162 -0.134522 0.72317 -1.42941 -0.924214 
0.79491 0.979336 -1.26159 0.871824 -0.801179 -1.26767 
1.10788 0.888607 -0.710848 0.880046 -1.5169 -1.21329 
0.387242 0.290291 -0.348597 -0.722024 -1.01687 0.554256 
0.384752 0.301203 -0.469356 -0.863397 -0.903929 0.759744 
0.381738 0.330979 -0.618962 -1.08437 -0.808716 1.05788 
-0.777142 -0.0278197 0.0727204 -1.14713 -1.98557 1.41958 
-0.781478 0.0232912 -0.301127 1.92175 1.92197 -1.33535 
0.374697 0.51691 -1.13248 -1.82519 -0.868696 -4.23912 
0.451449 0.343232 -0.412194 -0.64149 -0.949536 0.441377 
0.449034 0.354968 -0.535052 -0.79585 -0.818349 0.658736 
-0.563271 -0.198793 0.550579 -1.07522 -1.89166 0.969967 
0.446145 0.386044 -0.688332 -1.05426 -0.705068 0.994402 
-0.576538 -0.217115 -0.0799628 1.83506 1.68235 4.8987 
0.51321 0.406118 -0.490051 -0.531752 -0.889278 0.296519 
-0.268985 -0.114043 0.845386 -0.907978 -1.90321 0.432771 
0.510991 0.419326 -0.616007 -0.691249 -0.733564 0.517682 
-0.278238 -0.389841 0.698008 -0.960101 -1.58793 0.844259 
0.508341 0.455881 -0.780139 -0.996045 -0.590114 0.899744 
-0.286831 -0.456404 0.422121 -1.15001 -1.39262 1.26723 
-0.29471 -0.379604 0.0429816 1.72854 1.3485 4.87665 
-0.297648 -0.179711 -0.47661 1.47725 1.45003 -0.908642 
0.572618 0.482379 -0.588253 -0.385289 -0.843029 0.109154 
0.0767843 -0.160289 0.890293 -0.628204 -1.70754 0.214112 
0.57088 0.498468 -0.719534 -0.527839 -0.656699 0.31082 
0.0687127 -0.451117 0.741713 -0.75167 -1.26994 0.587946 
0.568755 0.540855 -0.895506 -0.863045 -0.464425 0.721691 
0.0592715 -0.516929 0.462426 -1.0714 -0.985861 1.0804 
0.0474624 -0.232489 -0.434653 1.17829 1.11748 -0.812874 
0.629666 0.57459 -0.71238 -0.1985 -0.821659 -0.128787 
0.413606 -0.0532282 0.802879 -0.297486 -1.62959 -0.0760755 
0.628931 0.59695 -0.854114 -0.277834 -0.605524 0.00378666 
0.409774 -0.341837 0.673674 -0.377394 -1.09942 0.146972 
0.628127 0.653505 -1.05594 -0.527874 -0.341163 0.322743 
0.404675 -0.43056 0.412323 -0.687538 -0.635393 0.578531 
0.393587 -0.169269 -0.485296 0.73026 0.800225 -0.557646 
0.68396 0.693073 -0.882069 0.0116077 -0.830332 -0.404614 
0.680993 0.149954 0.597524 0.0200115 -1.66683 -0.353336 
0.68478 0.727592 -1.04304 0.0385914 -0.604069 -0.390118 
0.683577 -0.110194 0.493326 0.0513538 -1.16408 -0.327342 
0.68641 0.855541 -1.37164 0.1843 -0.268804 -0.486753 
0.687211 -0.2188 0.261866 0.146853 -0.631286 -0.35477 
0.677959 0.00912696 -0.649532 0.0224221 0.640432 -0.017993 
0.734685 0.862454 -1.14369 0.219396 -0.849082 -0.698354 
0.870982 0.390019 0.296849 0.276304 -1.7388 -0.592164 
0.877007 0.174811 0.2072 0.364305 -1.34067 -0.678516 
0.886499 0.073917 -0.00658747 0.617732 -0.938599 -0.911127 
0.887082 0.338513 -1.03596 -0.698516 0.830359 6.79858 
1.00204 0.658315 -0.0999481 0.462703 -1.78979 -0.821374 
1.00842 0.487029 -0.187703 0.561995 -1.48069 -0.946994 
1.01677 0.41318 -0.408229 0.797436 -1.15693 -1.19122 
1.10055 0.8823 -0.78607 0.698854 -1.54351 -1.24456 
0.389437 0.393533 -0.78398 -0.829583 -0.803762 0.753394 
0.387209 0.480257 -1.01963 -1.05023 -0.705262 1.04617 
0.45359 0.45992 -0.870899 -0.760403 -0.721514 0.631602 
0.45145 0.570867 -1.15113 -1.0435 -0.598145 0.988308 
-0.556381 -0.238496 0.488902 -0.93065 -1.85487 1.01181 
-0.563236 -0.275371 0.205691 2.14571 1.67408 -1.80163 
0.515179 0.547172 -0.991311 -0.659789 -0.637242 0.474505 
-0.261491 -0.217898 0.814403 -0.793859 -1.86974 0.49657 
0.513213 0.71333 -1.3718 -1.06144 -0.467112 0.953376 
-0.269053 -0.422928 0.627688 -0.840778 -1.56063 0.840055 
-0.2777 -0.445661 0.330324 -0.996822 -1.34859 1.19727 
-0.294778 -0.106723 -0.638765 1.62578 1.30401 -0.987217 
0.574165 0.668491 -1.16949 -0.514978 -0.547851 0.265712 
0.0838228 -0.26328 0.854526 -0.554608 -1.67156 0.233594 
0.0769442 -0.476295 0.666457 -0.65528 -1.27124 0.536551 
0.068692 -0.498527 0.367545 -0.901857 -0.981338 0.93062 
0.0592639 -0.394153 -0.0302238 -1.33907 -0.851219 1.51607 
0.0506543 -0.160521 -0.59146 1.31057 0.978949 -0.93727 
0.416884 -0.146318 0.766592 -0.266066 -1.60525 -0.0953489 
0.413615 -0.365318 0.598039 -0.328562 -1.1366 0.0838424 
0.409832 -0.409831 0.315739 -0.525012 -0.713928 0.381367 
0.404562 -0.324671 -0.0733398 -1.24408 -0.408779 1.21157 
0.397666 -0.0971758 -0.642567 -2.30331 -0.634238 2.42036 
0.679713 0.0697831 0.564819 0.00657058 -1.6543 -0.392175 
0.68104 -0.136889 0.421941 0.0211917 -1.20424 -0.363003 
0.683564 -0.202053 0.164584 0.0696218 -0.744194 -0.358247 
0.687217 -0.14067 -0.212522 0.363558 -0.245327 -0.589513 
0.686753 0.088506 -0.819329 -3.33966 -0.426453 3.19912 
0.867219 0.323433 0.268725 0.223796 -1.72971 -0.63815 
0.870856 0.14682 0.142242 0.278817 -1.35586 -0.700451 
0.87702 0.0831705 -0.101057 0.433714 -0.971156 -0.847384 
0.997372 0.603619 -0.125316 0.382775 -1.77708 -0.866238 
1.00203 0.464989 -0.252122 0.452855 -1.47926 -0.973763 
1.00841 0.429537 -0.514688 0.617402 -1.15981 -1.16678 
1.09453 0.880863 -0.875143 0.570725 -1.50884 -1.27067 
-0.766865 -0.0242907 -0.107991 2.30026 1.82259 -1.6655 
-0.550365 -0.26498 0.415167 -0.821266 -1.79592 1.0485 
-0.556365 -0.262975 0.105304 2.26231 1.60041 -1.80588 
-0.563283 -0.141694 -0.322468 2.14406 1.45793 4.81238 
-0.255023 -0.301597 0.768551 -0.700931 -1.81071 0.550024 
-0.261501 -0.441616 0.546341 -0.751237 -1.51401 0.840556 
-0.268968 -0.424659 0.22606 -0.885282 -1.29619 1.14885 
0.0896987 -0.344896 0.804283 -0.494843 -1.61483 0.249865 
0.0838706 -0.48836 0.580635 -0.585186 -1.24905 0.502839 
0.0769876 -0.470532 0.260008 -0.785081 -0.967864 0.829173 
0.0686487 -0.340713 -0.159623 -1.16539 -0.789165 1.34132 
0.41986 -0.222728 0.718242 -0.238476 -1.55947 -0.109504 
0.416774 -0.378408 0.512893 -0.293834 -1.13768 0.04048 
0.413577 -0.381205 0.206356 -0.440055 -0.75735 0.270953 
0.409905 -0.268004 -0.205817 -0.927375 -0.422659 0.85137 
0.679184 0.000834363 0.521307 0.000749162 -1.61719 -0.42351 
0.679788 -0.154947 0.341314 0.00680844 -1.20564 -0.395609 
0.681019 -0.178694 0.0543961 0.0277022 -0.79499 -0.374786 
0.683576 -0.0823711 -0.355536 0.13962 -0.345661 -0.438492 
0.687211 0.221476 -1.0804 -3.44758 -0.288492 3.19958 
0.864348 0.26483 0.229988 0.187527 -1.69614 -0.676386 
0.866932 0.127009 0.0665996 0.226891 -1.34107 -0.726577 
0.870887 0.101785 -0.212491 0.331185 -0.973876 -0.830397 
0.877007 0.20861 -0.655789 0.660737 -0.600766 5.12127 
0.991108 0.748442 -0.113239 0.305096 -2.0009 -0.834453 
0.993851 0.55548 -0.161211 0.323274 -1.73977 -0.902662 
0.997315 0.450304 -0.328708 0.377334 -1.4453 -0.998045 
1.00203 0.457869 -0.645267 0.504512 -1.12286 -1.16405 
1.08623 1.86248 -2.40636 -2.66295 1.03591 1.67653 
1.08985 0.894727 -0.992529 0.481269 -1.43389 -1.29185 
-0.720908 1.08947 0.26438 -1.98959 -1.65992 0.198039 
0.547649 1.30913 -0.355367 -0.831524 -1.12489 0.441795 
-0.718929 0.672883 0.461868 -2.04118 -1.54235 6.84109 
0.548738 1.17809 -0.267226 -0.968446 -0.902151 0.70579 
0.551657 1.06265 -0.209213 -1.15662 -0.720083 1.0109 
-0.708996 0.0198983 0.443237 0.910919 1.64665 4.51091 
0.554347 0.960817 -0.173116 -1.40032 -0.608122 1.34588 
-0.704132 -0.104203 0.238393 0.862135 1.81166 -1.45188 
-0.699948 -0.0984228 -0.0741211 0.867382 1.99658 -1.17109 
0.559621 0.717165 -0.155863 1.00942 0.605185 -0.885392 
0.560913 0.654384 -0.175925 0.838531 0.666829 -0.668529 
-0.493056 1.05877 0.461122 -1.73122 -1.57893 0.0502485 
0.601507 1.3518 -0.45261 -0.757062 -1.04688 0.44155 
-0.490598 0.576393 0.680675 -1.78325 -1.41053 0.468746 
0.602711 1.22246 -0.362758 -0.900185 -0.825169 0.705799 
0.605238 1.10867 -0.303243 -1.10957 -0.64056 -5.25526 
0.607307 1.00871 -0.265909 -1.3987 -0.527494 1.40675 
-0.470874 -0.332231 0.425823 0.908347 1.62065 -1.2559 
-0.465297 -0.309209 0.100303 0.862055 1.81152 -0.968804 
0.612631 0.776411 -0.254785 0.887981 0.566438 -0.701877 
0.613987 0.717716 -0.277732 0.71736 0.64508 -0.485918 
-0.190279 1.05921 0.568119 -1.37847 -1.58161 -0.0554952 
0.652642 1.40388 -0.567304 -0.674003 -0.956583 0.431406 
-0.187332 0.526742 0.806096 -1.4267 -1.31225 0.387463 
0.653719 1.27455 -0.47278 -0.823704 -0.735672 6.97915 
0.656005 1.16233 -0.411628 2.07776 0.546624 -2.0959 
0.65822 1.06583 -0.37633 -1.43363 -0.435374 1.50545 
-0.16389 -0.473176 0.521016 0.890402 1.36466 -1.00389 
0.65999 0.981927 -0.359698 -1.85396 -0.416558 -4.28661 
-0.157291 -0.42947 0.18283 0.783339 1.58292 -0.71041 
0.661452 0.90837 -0.358026 0.949018 0.464709 -0.748685 
-0.151538 -0.280666 -0.25276 0.74554 1.8201 -0.464384 
0.662772 0.844376 -0.370153 -2.42337 -0.547274 2.67334 
0.156318 1.0605 0.579502 -0.965544 -1.61022 -0.0568917 
0.701541 1.46752 -0.702848 2.57017 0.850903 3.54238 
0.159494 0.519722 0.819732 -1.01025 -1.22244 0.336718 
0.702401 1.33723 -0.602344 -0.727757 -0.627414 -5.61624 
0.166301 -0.0334567 0.893524 -1.37839 -0.848078 1.03822 
0.704458 1.22576 -0.5385 2.12219 0.43017 -2.0752 
0.174213 -0.376541 0.774231 -2.01137 -0.830686 1.91142 
0.181204 -0.476135 0.520074 0.766947 1.06616 -0.700697 
0.707891 1.05179 -0.489646 -2.11211 -0.353017 2.32183 
0.187095 -0.427536 0.178212 0.607897 1.34366 -0.403585 
0.70909 0.982524 -0.490878 0.690065 0.447365 -0.422415 
0.192478 -0.275046 -0.260722 0.538737 1.63626 -0.18808 
0.710223 0.923609 -0.506887 0.501561 0.562171 -0.184821 
0.196839 0.0372396 -0.940807 0.546604 2.00102 0.0444188 
0.711277 0.874468 -0.537038 0.38698 0.682554 -0.0272194 
0.477016 1.05742 0.493831 -0.550559 -1.5542 0.010113 
0.748522 1.55394 -0.879902 -0.430318 -0.720883 6.61531 
0.479549 0.56021 0.715882 -0.596936 -1.09402 0.295642 
0.749459 1.41534 -0.7606 -0.581907 -0.489728 0.59137 
0.484816 0.0759672 0.777808 -0.966355 -0.575821 0.887661 
0.751321 1.30275 -0.691327 2.15986 0.274583 -2.04195 
0.490051 -0.232968 0.664092 1.03812 0.479313 -0.951905 
0.752768 1.21189 -0.658376 1.17889 0.21769 -0.968551 
0.494263 -0.337258 0.421566 0.513319 0.812674 -0.307117 
0.753713 1.13647 -0.647861 -2.55992 -0.339391 -3.4407 
0.497417 -0.301526 0.0857471 0.359615 1.17009 -0.0542778 
0.754369 1.07094 -0.651479 -2.76911 -0.487132 -3.17463 
0.500573 -0.154354 -0.362786 0.299805 1.52615 0.106107 
0.755112 1.01887 -0.673584 -2.87202 -0.629547 3.25896 
0.503236 0.202894 -1.13879 0.298654 1.98665 0.270467 
0.755869 0.977214 -0.711883 -2.93174 -0.766955 3.35932 
0.727951 1.0798 0.312514 -0.167337 -1.39475 0.0295754 
0.79485 1.68395 -1.13543 -3.32776 0.556056 -2.98291 
0.730522 0.646376 0.510814 -0.171624 -0.908986 0.189043 
0.796272 1.52141 -0.971282 -3.38046 0.304549 -2.81384 
0.733645 0.25503 0.556913 -3.45202 0.331033 -2.67489 
0.797823 1.4051 -0.892847 1.98477 0.0467345 -1.78251 
0.734731 -0.00197136 0.450487 3.48862 -0.258286 3.05354 
0.734804 -0.104773 0.223206 0.130695 0.720718 0.207454 
0.735058 -0.0806381 -0.107652 0.0916997 1.12956 0.31188 
0.797627 1.19043 -0.867225 -3.06139 -0.614796 3.47736 
0.73552 0.0674814 -0.580191 0.0776278 1.53227 0.385506 
0.797687 1.146 -0.898373 3.20681 -0.76968 -2.74735 
0.797821 1.11328 -0.947334 0.0541398 0.914052 0.441439 
0.911437 1.15791 0.0324354 0.23645 -1.19997 -0.0871003 
0.91726 0.78382 0.210487 0.463494 -0.723423 -0.161803 
0.845861 1.74892 -1.40472 1.46703 -0.234039 -1.29099 
0.90672 0.183029 -0.0796988 -0.208936 0.842634 0.67663 
0.904366 0.214894 -0.423932 -0.130162 1.24341 0.627598 
0.902777 0.428621 -1.02945 -0.103231 1.70496 0.609885 
1.04472 1.32199 -0.385001 0.758785 -1.08084 -0.419676 
1.02762 0.530406 -0.527638 -0.38462 1.12953 0.955669 
1.02382 0.633322 -0.987471 -0.283692 1.53446 0.833208 
1.11936 1.02582 -0.988953 -0.633757 1.26379 1.23249 
1.15633 1.62284 -1.01678 1.30441 -1.2078 -0.915564 
2.02006 1.25188 -0.675278 1.93151 -1.8602 -0.911522 
1.15647 1.48682 -0.888408 1.43536 -1.15052 -0.970484 
2.01738 0.866613 -0.681348 -1.10523 1.88921 1.91759 
2.01488 0.841139 -0.952465 2.04396 -1.99475 -1.4692 
1.14298 0.991471 -0.716441 -0.875089 1.05019 1.48606 
1.10813 1.72478 -1.21343 -1.83184 1.13968 2.13962 
1.86308 1.11945 -0.42461 -1.27506 1.68953 2.30501 
1.10832 1.56453 -1.04102 1.4602 -1.08993 -1.05486 
1.85225 0.768337 -1.16278 -1.02513 1.99625 1.39032 
1.68995 1.05468 -0.302829 -1.37153 1.53158 2.32902 
1.68738 0.799697 -0.244633 1.90561 -1.47506 5.27096 
1.68367 0.624968 -0.317372 2.05401 -1.5028 5.03089 
1.67945 0.552487 -0.529603 2.18064 -1.61972 -1.49845 
1.0539 1.33331 -0.991441 -1.05824 0.932668 -4.70926 
1.04773 1.21149 -0.998878 -0.750871 1.03211 1.3163 
1.04505 1.17544 -1.043 2.50221 -1.11542 -1.92427 
1.51029 1.36115 -0.473544 1.48295 -1.4995 5.60313 
1.50912 1.04273 -0.28479 -1.46955 1.3748 -3.97083 
1.50536 0.786212 -0.229734 1.87224 -1.29196 5.21313 
1.49509 0.543438 -0.523953 2.27199 -1.46911 -1.61623 
1.49016 0.624918 -0.955308 2.37767 -1.72467 -1.86993 
1.00154 1.37687 -1.29825 -0.591923 1.1372 1.13319 
0.998935 1.3856 -1.41855 2.64231 -1.2662 -2.09611 
1.33299 1.40216 -0.563563 -1.8003 1.36909 2.43277 
1.3316 1.08154 -0.367451 -1.53398 1.20956 2.24659 
1.31408 0.62101 -0.645289 2.4154 -1.37784 -1.79399 
1.16924 1.50564 -0.782326 1.22963 -1.2085 -0.784333 
1.16751 1.18061 -0.567998 1.63519 -1.03008 -1.04808 
1.15242 0.812969 -0.636828 -0.729745 1.11572 1.35349 
1.01031 1.17068 -0.930451 2.44764 -0.970866 4.40305 
-0.718978 0.991504 0.32339 -1.92613 -1.88692 0.0836269 
0.548955 1.02633 -0.186698 -0.753084 -1.23784 0.324839 
-0.720759 0.577081 0.486904 -1.94976 -1.77337 0.467833 
0.547718 0.910734 -0.140613 -0.90936 -1.00627 0.602227 
-0.718922 0.210953 0.511771 1.12433 1.72684 -2.21394 
0.548969 0.807564 -0.120129 -1.14081 -0.790981 0.965339 
-0.708959 -0.112319 0.154236 0.981072 1.89525 -1.4247 
0.556439 0.594859 -0.181025 -2.0871 -0.656498 2.19111 
0.558094 0.550519 -0.230024 0.854703 0.732047 -0.691355 
0.559616 0.518222 -0.292934 0.712878 0.827729 -0.496677 
-0.490595 0.948958 0.525101 -1.70168 -1.8022 -0.0563959 
0.602709 1.07232 -0.278949 -0.678695 -1.16008 0.313256 
-0.49308 0.458732 0.710948 -1.71896 -1.63297 0.396517 
0.60151 0.959564 -0.231865 -0.838385 -0.926876 0.588628 
-0.490666 0.00761195 0.738996 1.30795 1.53346 -2.17457 
0.602858 0.859383 -0.210573 -1.08409 -0.708992 0.960376 
-0.48449 -0.261176 0.600638 -1.99796 -1.56096 1.49158 
-0.477448 -0.337809 0.339155 1.01931 1.68467 -1.25166 
-0.470868 -0.279489 -0.0188895 0.962267 1.85535 -0.93667 
0.609615 0.658243 -0.277796 0.962 0.602984 -0.81006 
0.611048 0.61737 -0.328552 0.752296 0.698374 -0.541486 
0.612637 0.589732 -0.397075 0.612985 0.810402 -0.349494 
-0.187314 0.941765 0.635463 -1.3709 -1.78941 -0.15263 
0.65379 1.12569 -0.384777 -0.594393 -1.07387 0.290751 
-0.188973 0.389198 0.842207 -1.38735 -1.50729 0.333537 
0.65262 1.01525 -0.335822 -0.758093 -0.837424 0.564701 
-0.187409 -0.135618 0.872354 1.54171 1.27679 -2.13551 
0.653688 0.918931 -0.315133 -1.02163 -0.615289 0.948596 
-0.180032 -0.419679 0.714594 1.22403 1.26167 -1.49137 
0.656071 0.839704 -0.320456 1.6797 0.474459 -1.64175 
-0.171584 -0.476525 0.433148 0.991394 1.40452 -1.03363 
-0.163889 -0.398106 0.0648665 0.865531 1.60983 -0.710363 
0.65999 0.730085 -0.390577 0.818405 0.561152 -0.617552 
-0.157289 -0.212833 -0.418369 0.824691 1.8515 -0.431292 
0.661457 0.69478 -0.448019 -2.52719 -0.68398 2.78762 
0.662771 0.671947 -0.520988 -2.65216 -0.815683 2.96448 
0.159284 0.942302 0.646156 -0.958055 -1.80017 -0.151655 
0.702402 1.18939 -0.509031 -0.490232 -0.978117 -6.03567 
0.156502 0.381451 0.856322 -0.989563 -1.38345 0.276898 
0.701442 1.08006 -0.456511 -0.651762 -0.735429 6.79807 
0.159707 -0.152069 0.886046 1.83599 0.97045 4.10325 
0.702394 0.986559 -0.435098 2.19857 0.503537 -2.22053 
0.704465 0.911481 -0.442904 -1.52552 -0.363515 1.61286 
0.174174 -0.483499 0.435436 0.859451 1.07815 -0.771104 
0.181112 -0.399401 0.0627344 0.671724 1.35322 -0.433843 
0.707884 0.812687 -0.524056 0.60893 0.544521 -6.63983 
0.187771 -0.209862 -0.424051 0.592516 1.66261 -0.186296 
0.709108 0.784158 -0.589599 0.441439 0.700627 6.15393 
0.710285 0.768869 -0.672277 3.4874 -0.855447 3.15908 
0.479506 0.94712 0.554911 -0.531539 -1.73926 -0.0916615 
0.749445 1.26646 -0.656904 2.7981 0.875087 3.30153 
0.477143 0.438307 0.749761 -0.584177 -1.24683 0.207428 
0.748534 1.15633 -0.598162 -0.495423 -0.617211 6.69823 
0.479508 -0.0303265 0.774942 -0.894763 -0.69524 0.756995 
0.749812 1.06305 -0.57205 -0.813799 -0.361998 -5.43785 
0.751302 0.994778 -0.588057 -1.78053 -0.232785 1.92191 
0.49032 -0.353461 0.344682 0.593046 0.790841 -0.410202 
0.752769 0.944952 -0.628331 0.573031 0.377198 5.94467 
0.494303 -0.280202 -0.0263071 0.398872 1.16535 -0.102423 
0.753714 0.911775 -0.68889 0.34061 0.57934 -0.03239 
0.497601 -0.0899537 -0.532276 0.329925 1.55314 0.0856748 
0.754461 0.893373 -0.768163 0.246624 0.768165 0.120716 
0.755172 0.891287 -0.870452 -2.94674 -0.945378 3.36367 
0.730607 0.983544 0.366068 -0.134986 -1.60471 -0.0874045 
0.796272 1.36834 -0.848048 3.03948 0.776578 -3.16819 
0.727868 0.549046 0.54138 -0.185428 -1.09749 0.0853737 
0.794851 1.25152 -0.77429 -3.35206 0.486391 3.32824 
0.730521 0.166703 0.559997 -0.290928 -0.488887 0.341355 
0.796278 1.16106 -0.75053 2.71156 0.172257 -2.61762 
0.733645 -0.0619961 0.419259 0.625701 0.170143 -0.446681 
0.797824 1.0984 -0.772881 0.252372 0.173117 -0.0461159 
0.73463 -0.1268 0.154146 0.142348 0.668909 0.136378 
0.798019 1.0603 -0.829409 -3.05191 -0.459211 3.3498 
0.734817 -0.0638029 -0.21894 0.0954354 1.11931 0.26447 
0.797775 1.04149 -0.910486 0.067629 0.701902 0.301018 
0.735063 0.144056 -0.77866 0.0831513 1.57437 0.351131 
0.797647 1.04277 -1.02022 -3.08359 -0.914626 3.50774 
0.797687 1.0748 -1.1794 3.19198 -1.12134 -2.72239 
0.917232 1.08361 0.0708066 0.301615 -1.48419 -0.223512 
0.845861 1.53843 -1.1599 -2.78828 0.729578 -3.58301 
0.911447 0.706739 0.242345 0.268584 -0.966264 -0.155178 
0.917236 0.400985 0.250782 -2.37284 0.439676 2.61923 
0.845861 1.3011 -1.00828 1.68287 -0.234243 4.77035 
0.845113 1.25516 -1.05678 -0.518151 0.451047 0.798822 
0.910498 0.163158 -0.147313 2.85274 -0.80648 -2.46927 
0.842095 1.24281 -1.15297 -0.244287 0.716957 -5.67752 
0.906751 0.237681 -0.548029 -0.164104 1.24948 0.588809 
0.839833 1.27051 -1.31149 -3.28172 -0.973288 3.70327 
1.0509 1.27297 -0.373932 0.785174 -1.47805 -0.529122 
1.04425 0.924981 -0.167215 0.837901 -0.955441 -0.570646 
1.04182 0.544714 -0.322017 -0.861953 0.8281 1.31215 
1.0333 0.525196 -0.61174 -0.492365 1.13445 0.954597 
1.02758 0.727866 -1.23775 -0.346324 1.61017 0.77107 
1.13448 1.65233 -1.14294 1.01142 -1.41574 -0.928735 
1.12661 1.00678 -1.04138 -0.819985 1.25688 1.24931 
2.02012 1.477 -0.835211 1.73767 -1.99992 -0.921897 
1.15648 1.3124 -0.757358 1.22788 -1.28899 -0.939617 
2.02108 1.17632 -0.635198 1.79577 -1.92621 -0.98909 
1.15633 1.21042 -0.698333 1.34026 -1.18468 -1.01345 
2.02017 0.967345 -0.613927 1.86 -1.93181 -1.1339 
1.14812 0.918655 -0.785611 -0.997481 1.12242 1.4431 
1.14552 0.905386 -0.871898 2.272 -1.19526 -1.82338 
1.10832 1.38254 -0.887741 1.20019 -1.23868 -0.978466 
1.86428 1.04457 -0.390442 -1.41255 1.77348 2.24105 
1.10813 1.27508 -0.817765 1.33427 -1.12639 -1.0598 
1.86315 0.821891 -0.37301 -1.31156 1.75723 2.06573 
1.86145 0.680901 -0.484442 -1.22829 1.77103 -4.4388 
1.09852 1.00386 -0.932232 -0.893935 1.12734 1.32508 
1.0957 1.00618 -1.04369 -0.767281 1.2255 1.2012 
1.68996 1.2858 -0.434725 1.53719 -1.77112 5.54975 
1.06228 1.48008 -1.06736 1.17931 -1.18176 -1.03509 
1.6911 0.979804 -0.269665 -1.52064 1.62904 -4.00079 
1.69045 0.746297 -0.251239 1.77365 -1.58268 5.2187 
1.6874 0.595774 -0.363179 1.91838 -1.58381 -1.31622 
1.68368 0.557063 -0.624382 -1.09414 1.67753 1.5571 
1.50889 1.28083 -0.418154 1.37906 -1.67976 5.57095 
1.51012 0.968831 -0.249856 1.49674 -1.48614 -0.848703 
1.50911 0.734464 -0.237929 1.71938 -1.40761 5.19032 
1.01543 1.33062 -1.17274 -1.19555 0.976926 1.49731 
1.50037 0.546316 -0.616746 2.1405 -1.52024 4.60679 
1.01177 1.30211 -1.23886 2.1928 -1.04073 4.43522 
1.00802 1.32498 -1.39125 -0.753676 1.16905 -5.16573 
1.33181 1.32978 -0.51475 1.20818 -1.59025 -0.727864 
1.33179 0.783663 -0.323927 -1.44081 1.23073 -4.30652 
1.32005 0.62718 -0.743195 2.28382 -1.41598 -1.83308 
1.16751 1.4483 -0.747916 1.03172 -1.49282 -0.776824 
1.16951 1.11449 -0.520358 1.27904 -1.16765 -0.916588 
1.1599 0.785945 -0.679039 -0.926292 1.13902 -4.88734 
0.551726 0.784761 -0.124345 -0.687317 -1.25794 0.278135 
-0.718922 0.481842 0.507898 -1.80659 -1.98266 0.416506 
0.548676 0.692376 -0.116948 -0.839376 -1.05223 0.531964 
-0.720767 0.143388 0.493117 1.30643 1.91065 -2.2529 
0.547534 0.611859 -0.134629 -1.0963 -0.847081 0.910946 
-0.718922 -0.056734 0.33814 -1.91488 -1.89939 -4.93632 
-0.714456 -0.109004 0.0646083 1.15284 1.96578 -1.39816 
0.556438 0.47285 -0.421589 0.756244 0.884387 -6.82351 
0.558126 0.479172 -0.536425 -2.50502 -1.01386 2.78462 
-0.48449 0.829622 0.586036 -1.64347 -1.9922 -0.118525 
0.605376 0.838182 -0.215885 -0.616095 -1.18359 0.249297 
-0.490593 0.341751 0.734365 -1.60017 -1.83459 0.352904 
0.602719 0.748938 -0.209029 -0.772381 -0.969798 0.505294 
-0.493069 -0.0743486 0.718203 1.47372 1.69882 4.06232 
0.601519 0.671472 -0.226278 -1.04356 -0.758874 0.894608 
-0.484523 -0.332071 0.248562 1.17354 1.73261 -1.26186 
-0.477366 -0.240629 -0.145615 1.09199 1.8779 -0.90701 
0.607665 0.55256 -0.423927 0.859967 0.714051 -0.685612 
0.609595 0.548639 -0.527876 0.665026 0.85424 -0.417359 
0.611211 0.561756 -0.653276 0.548363 1.00385 -0.236528 
-0.180048 0.81244 0.699029 -1.32944 -1.96709 -0.211691 
0.655957 0.899745 -0.321829 -0.533859 -1.10413 0.208538 
-0.187072 0.252998 0.867414 -1.29488 -1.6804 0.297554 
0.654005 0.811164 -0.311439 -0.692086 -0.880258 0.464883 
-0.190392 -0.228681 0.849783 1.68389 1.41455 -2.20078 
0.652691 0.737791 -0.329994 -0.981007 -0.660373 0.867713 
-0.180031 -0.468922 0.34249 1.13253 1.42503 -1.09207 
-0.171581 -0.358962 -0.058708 0.97195 1.61418 -0.722372 
0.658215 0.63321 -0.541724 0.734975 0.67282 -0.529705 
-0.16388 -0.12997 -0.60676 0.919117 1.86523 -0.392641 
0.659985 0.637364 -0.657999 0.546587 0.844414 -0.266336 
0.661453 0.661388 -0.801037 0.441265 1.0196 -0.0957251 
0.166324 0.812468 0.707959 -0.920347 -1.96142 -0.216623 
0.704644 0.969709 -0.442947 -0.429443 -1.02136 0.144293 
0.159319 0.244557 0.880684 -0.922899 -1.52412 0.223183 
0.702241 0.883602 -0.431471 -0.587468 -0.781697 0.399168 
0.156395 -0.247495 0.864233 -1.18913 -1.08709 0.858815 
0.701439 0.813165 -0.45038 -0.898226 -0.547153 0.820239 
0.16629 -0.479864 0.348403 0.997902 1.06765 -0.887921 
0.174215 -0.363718 -0.0576758 0.756494 1.33819 -0.483692 
0.706396 0.727904 -0.685776 0.5554 0.656508 -6.60115 
0.181209 -0.129199 -0.611229 0.657005 1.67395 -0.185427 
0.708991 1.43185 -2.1481 -2.86321 -1.56285 3.3562 
0.484789 0.830835 0.607064 -0.493442 -1.89792 -0.176919 
0.751305 1.05438 -0.58965 2.8583 0.939956 3.17584 
0.479521 0.320116 0.770239 -0.533565 -1.38336 0.116278 
0.749461 0.96787 -0.573533 -0.426356 -0.675349 0.275302 
0.47712 -0.117418 0.757237 -0.798835 -0.817801 0.612361 
0.748527 0.899642 -0.59163 -0.75658 -0.41242 0.713027 
0.479507 -0.335887 0.571885 1.52304 0.523887 4.76092 
0.749471 0.853756 -0.645601 -1.67544 -0.262591 1.74439 
0.484783 -0.359285 0.264615 0.729673 0.737155 -0.579077 
0.490554 -0.251818 -0.142672 0.455204 1.12678 -0.174668 
0.752769 0.845231 -0.872303 -2.82265 -0.690188 3.09412 
0.494204 -0.00797639 -0.729007 0.364973 1.56564 0.0604442 
0.753714 0.889364 -1.05517 3.36781 -0.953516 -3.01811 
0.75446 1.02123 -1.3871 3.32138 -1.24881 -2.89929 
0.733672 0.887515 0.405936 -0.101701 -1.78798 -0.194094 
0.797822 1.16153 -0.774838 -0.0555754 -0.8809 6.11591 
0.730485 0.457173 0.555976 -0.141513 -1.27139 -0.0409127 
0.796263 1.07079 -0.74767 -0.130552 -0.580705 0.00976529 
0.727947 0.0947295 0.547448 -0.270687 -0.660049 0.215779 
0.794845 1.00425 -0.766208 -0.394032 -0.256989 0.382325 
0.730522 -0.106134 0.38049 -1.4324 -0.136445 1.51404 
0.796272 0.967707 -0.834567 0.535282 0.139409 -0.431383 
0.733645 -0.140166 0.0836074 3.32942 -0.559937 -3.12913 
0.797823 0.968785 -0.960896 3.23336 -0.487278 -3.02009 
0.734636 -0.0392684 -0.336269 0.100346 1.06893 0.200146 
0.798021 1.02 -1.16414 0.0529616 0.833591 0.253148 
0.734804 0.253725 -1.03298 0.0861874 1.61401 0.309617 
0.915473 1.00582 0.100641 0.278492 -1.70765 -0.326806 
0.917242 0.643381 0.247032 0.319103 -1.23265 -0.305769 
0.845902 1.21856 -0.999563 0.431475 -0.581745 -0.540018 
0.911458 0.342274 0.248029 0.382073 -0.62533 -0.314899 
0.841627 1.14994 -1.01527 0.845385 -0.20126 -0.835233 
0.915474 0.150433 -0.216347 -0.426449 0.718664 6.97848 
0.845098 1.26948 -1.48474 2.84567 -0.833974 3.66832 
0.910521 0.271948 -0.685772 -0.220529 1.22294 0.545822 
1.04168 1.20285 -0.33587 0.598097 -1.68268 -0.568226 
1.05091 0.892988 -0.18947 0.808005 -1.34112 -0.670646 
1.04472 0.630433 -0.163306 1.03817 -0.781992 -0.877558 
1.0509 0.517918 -0.358196 -1.21169 0.850908 1.48995 
1.12661 1.56999 -1.06894 -2.37233 1.58664 2.22745 
1.13448 1.24234 -0.822479 1.02525 -1.3687 -1.00617 
1.15508 1.08853 -0.671475 1.15177 -1.29943 -1.0421 
1.15308 0.893819 -0.926028 -1.15446 1.17735 1.37512 
1.1507 0.923654 -1.08588 -1.00102 1.26344 1.21422 
1.14811 1.0361 -1.38751 2.26841 -1.41413 -2.10583 
1.1066 1.15818 -0.79091 1.1078 -1.25344 -1.05948 
1.86315 0.980066 -0.376431 -1.53268 1.88671 2.15881 
1.86427 0.772235 -0.384651 1.66958 -1.80784 -1.17144 
1.86145 0.68346 -0.890589 1.80934 -1.88838 4.58601 
1.10419 0.998565 -1.10314 2.07846 -1.17553 -1.88018 
1.10141 1.08121 -1.35612 -0.89827 1.31134 1.07345 
1.06011 1.24734 -0.944651 1.06041 -1.20403 -1.08301 
1.06228 1.17897 -0.945143 -1.88702 1.11959 -4.36053 
1.68738 0.575009 -0.73608 -1.25277 1.71391 1.45241 
1.50538 1.19867 -0.364617 -1.90809 1.80441 -3.90507 
1.50912 0.909675 -0.241924 1.36174 -1.64079 -0.903971 
1.01833 1.30924 -1.17095 1.24812 -1.05734 -1.28801 
1.51027 0.68394 -0.245589 1.52262 -1.46842 -1.12998 
1.50912 0.563151 -0.40454 -1.37681 1.46572 1.71275 
1.50536 0.563083 -0.725527 1.97813 -1.55172 4.53278 
1.32641 1.25184 -0.46233 1.03667 -1.73557 -0.765025 
1.33178 0.961194 -0.327683 -1.9312 1.5259 2.24395 
1.32642 0.646676 -0.855844 2.11168 -1.43208 -1.87994 
1.15991 1.37504 -0.695491 0.8171 -1.6618 -0.791374 
1.16751 1.07814 -0.528682 1.04695 -1.41621 -0.907794 
1.1599 0.900269 -1.26866 -0.820294 1.44814 1.01827 
0.554314 0.599675 -0.166111 -0.651809 -1.18949 0.294828 
0.551713 0.538748 -0.199388 -0.787851 -1.01909 0.515458 
0.548957 0.489765 -0.254524 -1.03752 -0.848822 0.869152 
0.554355 0.509278 -0.764476 0.705832 1.05044 -6.70215 
0.556437 0.59062 -0.997699 0.594541 1.24573 -0.214269 
0.607281 0.661711 -0.257721 -0.583631 -1.12175 0.244342 
-0.48449 0.222154 0.749319 -1.44408 -1.97995 0.367536 
0.605136 0.603043 -0.292045 -0.725353 -0.938601 0.470513 
-0.490594 -0.146637 0.690456 1.68215 1.8122 -2.23897 
0.602673 0.556324 -0.347702 -0.993683 -0.756596 0.842031 
-0.490579 -0.317268 0.156199 1.37701 1.75326 -1.28963 
-0.484485 -0.193284 -0.278995 1.25967 1.86878 -0.887486 
0.609601 0.723386 -1.20202 0.508082 1.27426 -0.103889 
0.658255 0.733395 -0.368774 -0.502552 -1.04941 0.181425 
-0.180004 0.116366 0.881329 -1.16782 -1.8008 0.30067 
0.656012 0.675966 -0.400962 -0.648499 -0.851634 0.411664 
-0.18561 -0.306307 0.818419 -1.28267 -1.5046 0.880594 
0.65372 0.631976 -0.458143 -0.941786 -0.654615 0.8076 
-0.190275 -0.471248 0.587722 1.59346 1.37949 -1.68945 
-0.187313 -0.452307 0.250472 1.31484 1.4222 -1.1816 
-0.180041 -0.312761 -0.186839 1.1104 1.58842 -0.755481 
0.656007 0.648575 -0.851345 0.68952 0.794815 -0.472252 
-0.171535 -0.0246413 -0.831552 1.03359 1.85279 -0.348594 
0.658222 0.736096 -1.1045 0.501664 1.05276 -0.179459 
0.706396 0.815179 -0.496344 -0.398355 -0.9789 0.0917297 
0.166305 0.109255 0.89162 -0.828828 -1.62266 0.189712 
0.704457 0.758775 -0.527211 -0.542041 -0.759546 0.321216 
0.15929 -0.323685 0.829985 -1.04369 -1.17256 0.748868 
0.7024 0.717824 -0.586745 -0.865502 -0.538562 0.747326 
0.156351 -0.489526 0.599283 -1.49495 -0.967491 1.43735 
0.166298 -0.321484 -0.181718 0.87263 1.29049 -0.564541 
0.704456 0.776023 -1.0476 0.521112 0.793333 -0.291898 
0.174198 -0.0279712 -0.831375 0.735095 1.66233 -0.187173 
0.489981 0.705702 0.652938 -0.454221 -2.00576 -0.235149 
0.75277 0.911914 -0.650195 -0.254596 -0.915593 -0.0445577 
0.48482 0.206857 0.776032 -0.466222 -1.49245 0.0335937 
0.751268 0.855715 -0.678235 -0.373064 -0.667445 0.162296 
0.479508 -0.186678 0.725578 -0.676102 -0.924837 0.456496 
0.749449 0.818575 -0.742196 -0.717566 -0.403614 0.610672 
0.477121 -0.3601 0.512412 -1.32831 -0.568791 1.28524 
0.479481 -0.353406 0.181685 -2.2017 -0.667406 2.31339 
0.749461 0.847593 -1.03845 0.574151 0.49616 -0.451817 
0.484817 -0.215762 -0.26483 0.542804 1.05024 -0.285698 
0.751307 1.02163 -1.45736 3.43081 -0.912095 -3.18584 
0.490047 0.102605 -0.973021 0.408503 1.56055 0.027966 
0.734635 0.783933 0.439382 -0.0935319 -1.91326 -0.279825 
0.798038 1.0353 -0.850533 -0.0510783 -0.874164 -0.255998 
0.73363 0.371632 0.555279 -0.10046 -1.42326 -0.157306 
0.797823 0.980586 -0.877709 -0.0762053 -0.597674 -0.139632 
0.730516 0.0380174 0.519433 -0.18502 -0.821416 0.0438399 
0.796285 0.947241 -0.946861 -0.275588 -0.263624 0.166875 
0.72795 -0.133094 0.329861 -0.704285 -0.255897 0.687994 
0.794842 0.961083 -1.09733 -2.51929 -0.167554 2.52595 
0.730522 -0.142497 0.00946284 0.344671 0.410132 -0.235127 
0.796271 1.14985 -1.55311 -3.02466 -0.660235 3.14851 
0.73365 -0.00775841 -0.457464 0.120888 0.96426 0.103081 
0.911076 0.918842 0.130072 0.21579 -1.84372 -0.410123 
0.842092 1.23124 -1.18052 0.211844 -0.854048 -6.84326 
0.915498 0.581576 0.239345 0.278497 -1.43296 -0.405042 
0.845098 1.18456 -1.21603 -2.74982 0.601322 2.48854 
0.917249 0.304708 0.217953 0.39168 -0.887189 -0.451785 
0.845861 1.18219 -1.33889 0.970999 -0.283011 -1.12505 
0.917239 0.144107 -0.283377 2.53685 -0.547566 -2.41188 
0.915489 0.31791 -0.836442 -0.303943 1.14316 0.495274 
1.03377 1.12281 -0.297212 0.455693 -1.79852 -0.621872 
1.04168 0.840901 -0.190499 0.595393 -1.50331 -0.6898 
1.05091 0.620567 -0.215019 0.884749 -1.14269 -0.906102 
1.12662 1.20244 -0.828846 0.772083 -1.4952 -1.003 
1.13448 1.02337 -0.858275 1.08577 -1.24255 -1.23574 
1.15306 0.941659 -0.724134 1.09275 -1.25768 -1.19707 
1.15648 0.953729 -1.20115 1.81324 -1.19946 -1.89103 
1.10433 1.01713 -0.844707 1.03994 -1.20937 -1.19808 
1.86426 0.649921 -0.608805 -1.56002 1.82702 1.6133 
1.68368 1.1156 -0.32756 1.27167 -1.96178 5.41311 
1.05713 1.12342 -1.01983 0.982403 -1.15213 -1.20965 
1.68806 0.849234 -0.242715 1.34325 -1.83576 -1.01455 
1.68995 0.65835 -0.2948 1.44666 -1.73188 -1.22757 
1.6911 0.557766 -0.475148 1.57713 -1.6474 -1.48794 
1.01543 1.33226 -1.4928 1.19711 -0.975321 -1.50001 
1.51027 0.543708 -0.45519 -1.58085 1.45808 1.6599 
1.50912 0.59428 -0.852666 -1.35124 1.55254 1.30398 
1.32638 0.903442 -0.318982 1.01691 -1.62917 -0.941505 
1.1599 1.02943 -0.526035 0.81306 -1.54069 -0.919701 
1.16751 0.839582 -0.559487 -2.04158 1.28707 1.99141 
1.01031 1.26896 -0.935312 -2.58011 1.44069 -4.04525 
1.02087 1.08387 -0.948634 0.915615 -1.14522 -1.13922 
0.556436 0.492425 -0.318695 -0.6558 -1.05611 0.363539 
0.55435 0.467883 -0.39477 -0.788829 -0.916632 0.567824 
0.551721 0.457683 -0.494165 -1.02542 -0.783992 0.892911 
-0.721033 -0.0791587 -0.121796 1.66172 1.9899 -1.35 
0.547612 0.513899 -0.818242 1.2482 0.779749 -1.13143 
0.609581 0.564226 -0.417975 -0.590364 -0.989604 0.294159 
0.607651 0.541708 -0.495968 -0.732617 -0.836261 0.507719 
-0.484514 -0.210494 0.652448 -1.25139 -1.85958 0.917498 
0.605223 0.534416 -0.599306 -1.00002 -0.689224 0.864231 
-0.493162 -0.296976 0.0626592 1.60826 1.72737 -1.33411 
-0.4906 -0.138008 -0.41874 1.46262 1.81361 -0.889412 
0.602713 0.804223 -1.40249 0.745957 1.01211 -6.74038 
-0.48449 0.387436 -1.50352 1.5078 1.99378 -0.210135 
0.65999 0.646671 -0.536093 -0.509246 -0.922144 0.207606 
-0.171577 -0.0176335 0.881009 -1.03548 -1.85663 0.342181 
0.658222 0.62698 -0.617384 -0.659068 -0.750814 0.429572 
-0.180028 -0.369053 0.772221 -1.11107 -1.54581 0.84198 
0.656008 0.624892 -0.729024 -0.967412 -0.58464 0.828785 
-0.190277 -0.428952 0.156365 1.51833 1.38537 4.98985 
-0.187316 -0.259551 -0.319673 1.27907 1.52541 -0.816709 
-0.179873 0.125017 -1.13202 1.17003 1.80302 -0.291475 
0.707891 0.743058 -0.678682 -0.403265 -0.855729 0.0915627 
0.174216 -0.0209883 0.887489 -0.735602 -1.66758 0.182237 
0.706398 0.727663 -0.765933 -0.552932 -0.659792 0.314793 
0.166299 -0.38194 0.782169 -0.89849 -1.22532 0.648368 
0.704456 0.734153 -0.892038 -0.920435 -0.462623 0.775626 
0.159283 -0.496059 0.5267 1.85712 0.979949 -1.89594 
0.159289 -0.271585 -0.310867 1.0177 1.21174 -0.678581 
0.166303 0.119904 -1.13071 0.829259 1.62934 -0.182351 
0.753683 0.86072 -0.858811 -0.258868 -0.794264 -0.0726491 
0.490052 0.0986887 0.767512 -0.40859 -1.55666 -0.0263454 
0.752769 0.855483 -0.962411 -0.382596 -0.564403 0.125926 
0.484432 -0.238461 0.679942 -0.555623 -1.01718 0.310658 
0.751306 0.882578 -1.12477 -0.830322 -0.310655 0.669954 
0.479508 -0.369561 0.443126 -1.05016 -0.613822 0.965699 
0.476903 -0.336499 0.0921839 -1.94583 -0.597063 2.01495 
0.47949 -0.170745 -0.391925 0.664993 0.943442 -0.437932 
0.484818 0.315711 -1.39604 0.464505 1.57954 0.0101268 
0.734 0.675153 0.46873 -0.0944068 -1.97711 -0.342656 
0.797774 1.03396 -1.13843 -0.0657558 -0.728486 -0.303504 
0.734617 0.288614 0.542336 -0.0881896 -1.52248 -0.244044 
0.798021 1.065 -1.30403 -0.0899053 -0.451319 -0.207835 
0.73364 -0.00430857 0.475254 -0.12049 -0.969948 -0.103834 
0.73052 -0.144399 0.266079 -0.353584 -0.399451 0.244838 
0.727949 -0.130778 -0.0749289 0.6847 0.262669 -0.667659 
0.73052 0.0344681 -0.586995 0.186178 0.816555 -0.0455734 
0.907048 0.828567 0.153943 0.165616 -1.91309 -0.480424 
0.910599 0.516464 0.225099 0.207178 -1.54326 -0.475249 
0.915482 0.274682 0.172369 0.314791 -1.07503 -0.519475 
0.917238 0.142193 -0.0141857 0.615528 -0.538205 -0.742275 
0.911448 0.149616 -0.357453 2.31627 -0.301561 -2.33931 
0.917236 0.381627 -1.00967 2.77854 -0.985176 -2.73802 
1.02783 1.045 -0.271162 0.36166 -1.85789 -0.678023 
1.03331 0.785519 -0.199794 0.442777 -1.58206 -0.726315 
1.04149 0.592591 -0.252011 0.630425 -1.24872 -0.870422 
1.11935 1.1602 -0.843735 0.5999 -1.55305 -1.02606 
1.12664 1.01784 -0.921824 0.806788 -1.29896 -1.20267 
1.15309 0.920384 -1.09122 -1.89987 1.10244 -4.7247 
1.8589 0.854182 -0.359309 1.30128 -1.9861 5.08871 
1.86133 0.69842 -0.447929 -1.79569 1.89804 -4.54154 
1.0539 1.22465 -1.48606 1.0088 -0.973635 -1.48883 
1.68734 0.620899 -0.326345 1.27367 -1.75441 -1.32356 
1.68995 0.557709 -0.556598 -1.74378 1.67762 1.55235 
1.6911 0.656807 -1.02732 -1.59869 1.64238 1.19929 
1.49509 1.03502 -0.280872 0.961519 -1.95595 5.3717 
1.50036 0.785984 -0.229617 1.03461 -1.77907 -1.05146 
1.50912 0.544585 -0.534301 -1.77944 1.49957 1.59496 
1.51027 0.634953 -0.994426 -1.53086 1.46495 1.20921 
1.32005 0.847294 -0.320758 0.851801 -1.6876 -0.999685 
1.15242 0.979948 -0.533686 0.642451 -1.604 -0.954069 
1.15987 0.818014 -0.600577 0.840116 -1.34625 -1.13144 
1.00297 1.23 -0.957815 0.404774 -1.49374 -0.912452 
1.01038 1.08669 -1.02544 0.598427 -1.21209 -1.05665 
0.558132 0.486974 -0.606224 -0.716694 -0.875973 0.493271 
0.556438 0.510776 -0.747101 -0.882636 -0.757579 0.725122 
0.554338 0.563366 -0.935961 -1.16582 -0.659318 1.09141 
-0.714323 -0.109298 0.149553 -1.15053 -1.96388 -4.88054 
-0.718922 -0.0576122 -0.221282 1.91407 1.90024 -1.34937 
0.611207 0.572712 -0.724631 -0.657697 -0.802559 0.411883 
0.609608 0.605106 -0.880696 -0.85007 -0.667434 0.670994 
-0.477377 -0.263244 0.601293 -1.07852 -1.85594 0.952602 
0.607666 0.681627 -1.11285 -1.21821 -0.557303 1.12692 
-0.490593 -0.272206 -0.0358911 1.82523 1.6471 4.89237 
0.661452 0.677553 -0.876475 -0.582637 -0.723553 0.31232 
-0.163888 -0.140809 0.864772 -0.91613 -1.85749 0.403213 
0.65999 0.728749 -1.06597 -0.815758 -0.562698 0.614414 
-0.171885 -0.416576 0.713662 -0.970903 -1.54633 0.821635 
0.658222 0.919778 -1.50385 -1.47978 -0.432444 1.38486 
-0.181058 -0.479354 0.436334 -1.16162 -1.35611 1.25004 
-0.187667 -0.400563 0.0572045 1.71443 1.31101 4.86811 
-0.190323 -0.199092 -0.460696 1.45189 1.41791 -0.901323 
0.709111 0.814444 -1.0851 -0.48339 -0.632099 0.182776 
0.18121 -0.139927 0.867787 -0.656251 -1.66399 0.193131 
0.707891 0.950284 -1.42605 -0.852161 -0.40357 0.629123 
0.174215 -0.423667 0.720245 -0.78125 -1.24842 0.573907 
0.166291 -0.490654 0.443925 -1.09211 -0.97771 1.06833 
0.156396 -0.211939 -0.450718 1.16732 1.10465 -0.811114 
0.494188 -0.00269304 0.74653 -0.364805 -1.57246 -0.0620147 
0.489931 -0.276037 0.61959 -0.467083 -1.08144 0.200818 
0.485374 -0.364552 0.36288 -0.80807 -0.667604 0.68192 
0.479508 -0.307155 -0.00814859 1.48137 0.525548 4.82228 
0.477117 -0.11228 -0.534311 0.794413 0.822278 -0.605827 
0.734628 0.562659 0.489001 -0.0913667 -1.9899 -0.387747 
0.734754 0.208206 0.519817 -0.0860561 -1.56305 -0.305042 
0.734631 -0.0371042 0.416901 -0.100251 -1.07324 -0.200384 
0.73364 -0.140945 0.186879 -0.190956 -0.54969 -0.0087705 
0.73052 -0.104791 -0.173508 -1.73718 -0.137056 1.65581 
0.727951 0.0969129 -0.741933 3.41134 -0.662796 -3.35618 
0.904644 0.737494 0.171659 0.132346 -1.93789 -0.537785 
0.907175 0.451768 0.203905 0.155665 -1.5901 -0.533327 
0.910499 0.246891 0.115716 0.224942 -1.17297 -0.55791 
0.915476 0.149455 -0.0962868 0.432613 -0.707028 -0.70343 
0.911442 0.490838 -1.2533 -0.312451 0.787233 0.223909 
1.02386 0.967709 -0.252244 0.298222 -1.88088 -0.729064 
1.02762 0.732062 -0.21925 0.346501 -1.61288 -0.769453 
1.03318 0.568795 -0.305841 0.461544 -1.29098 -0.867621 
1.04168 0.5096 -0.540752 0.751468 -0.960802 -1.13549 
1.11378 1.12013 -0.869086 0.482521 -1.56239 -1.05373 
1.1194 1.02031 -1.0104 0.625274 -1.30139 -1.20342 
1.85568 0.798319 -0.366482 -1.99045 1.99557 -4.45074 
1.85888 0.670385 -0.494278 1.1844 -1.88282 -1.51783 
1.86145 0.664331 -0.79976 1.24057 -1.79118 -1.78548 
1.67941 0.730731 -0.250155 -2.09878 1.89528 1.92887 
1.68368 0.590055 -0.369548 1.11363 -1.74659 -1.41896 
1.68738 0.560826 -0.64412 1.22868 -1.63434 -1.68477 
1.68995 0.780106 -1.31234 -1.77384 1.57563 1.02778 
1.50032 0.581334 -0.34911 1.00017 -1.60721 -1.32878 
1.50536 0.547106 -0.618169 -1.96415 1.46031 1.535 
1.50912 0.740449 -1.24387 1.42331 -1.40654 -2.05563 
1.31468 0.792072 -0.330132 0.718176 -1.70807 -1.05955 
1.14649 0.932797 -0.55213 0.521656 -1.62271 -0.99333 
1.15256 0.801561 -0.659398 0.658802 -1.36149 -1.13868 
0.998362 1.19476 -0.992724 0.313908 -1.49834 -0.932066 
1.00297 1.10872 -1.15105 0.433379 -1.20591 -1.04282 
0.559619 0.68433 -1.20806 -0.96469 -0.62535 0.830587 
-0.470882 -0.301629 0.536297 -0.948025 -1.81866 0.990726 
-0.477373 -0.332964 0.248289 2.12915 1.64103 -1.81904 
-0.490598 0.00178811 -0.741521 1.83383 1.53505 -0.973662 
-0.157291 -0.246021 0.832481 -0.815808 -1.82098 0.465195 
-0.16395 -0.448584 0.641718 -0.866181 -1.519 0.816967 
-0.187314 -0.125579 -0.622694 1.59712 1.2768 -0.994628 
0.187027 -0.241615 0.832991 -0.590931 -1.62707 0.21011 
0.18114 -0.450598 0.645998 -0.696247 -1.24456 0.526406 
0.174188 -0.473925 0.348622 -0.942711 -0.970562 0.930547 
0.15925 -0.138274 -0.611513 1.2952 0.97531 -0.942757 
0.497674 -0.0911889 0.711847 -0.329817 -1.55164 -0.0852419 
0.494222 -0.302179 0.547146 -0.410174 -1.10889 0.129257 
0.490437 -0.348821 0.268256 -0.647305 -0.718132 0.484735 
0.478982 -0.03697 -0.701438 -2.23933 -0.691691 2.375 
0.735219 0.452869 0.499912 -0.0849145 -1.97103 -0.420999 
0.73483 0.133642 0.488022 -0.083015 -1.56186 -0.34934 
0.734808 -0.062853 0.347618 -0.095605 -1.12147 -0.264237 
0.73462 -0.126678 0.0916345 -0.143707 -0.661306 -0.134627 
0.733645 -0.0628954 -0.292327 -0.618763 -0.17179 0.439641 
0.730522 0.190517 -0.944717 0.27691 0.515295 -0.325364 
0.903239 0.648964 0.18099 0.109823 -1.93265 -0.584851 
0.904729 0.391748 0.173588 0.123256 -1.59664 -0.58218 
0.906716 0.223676 0.0486805 0.166295 -1.21199 -0.595389 
0.910503 0.163627 -0.195485 0.293352 -0.7911 -0.67875 
1.02115 0.893418 -0.24191 0.25216 -1.87765 -0.773155 
1.02381 0.683261 -0.248818 0.283813 -1.61154 -0.810715 
1.02761 0.553309 -0.377073 0.360197 -1.29674 -0.886222 
1.0333 0.530702 -0.654953 0.553986 -0.951455 -1.07626 
1.10968 1.0875 -0.910282 0.400522 -1.53891 -1.08002 
1.1138 1.04899 -1.15087 0.510587 -1.25133 -1.22344 
1.85225 0.748465 -0.385149 -2.12819 1.97991 -4.56089 
1.85565 0.651197 -0.555337 -2.0997 1.84071 1.51477 
1.85883 0.692233 -0.930145 -2.04348 1.70815 1.23835 
1.67519 0.678638 -0.26916 -2.2282 1.88373 1.83374 
1.67945 0.566769 -0.425597 0.973918 -1.71294 -1.50746 
1.68368 0.576931 -0.753394 1.08328 -1.56406 4.50993 
1.49018 0.677609 -0.259478 0.775403 -1.78736 -1.20929 
1.49511 0.560812 -0.409198 -2.27819 1.57976 -4.53644 
1.50038 0.562923 -0.72546 -2.11784 1.39632 1.47757 
1.30898 0.74605 -0.357506 0.612178 -1.69836 -1.11682 
1.14198 0.891021 -0.582834 0.435003 -1.61033 -1.03038 
1.14645 0.795651 -0.741365 0.536519 -1.34023 -1.15809 
1.15242 0.869494 -1.17257 0.777349 -1.02302 -1.45243 
0.993205 1.33589 -1.03223 -2.92565 1.68069 2.22816 
0.995331 1.16828 -1.04485 0.256218 -1.47059 -0.952317 
0.998362 1.18663 -1.38093 0.34848 -1.12295 -1.06452 
-0.699975 -0.0990001 0.268993 -0.866491 -1.99495 1.17323 
-0.704091 -0.103586 -0.0341356 2.28011 1.80942 -1.68716 
-0.460539 -0.187269 0.672277 -0.870054 -2.00328 0.716083 
-0.465299 -0.326294 0.459766 -0.84955 -1.76206 1.02712 
-0.470791 -0.318659 0.146253 2.23476 1.57213 -1.82361 
-0.151538 -0.329651 0.78512 -0.73376 -1.7625 0.518226 
-0.157303 -0.465815 0.55887 -0.787938 -1.47424 0.81907 
-0.16385 -0.44441 0.236227 -0.923455 -1.26569 1.13433 
0.196731 0.0424082 0.866838 -0.548149 -2.00645 -0.047292 
0.192175 -0.32194 0.783458 -0.537563 -1.57246 0.226435 
0.187135 -0.464101 0.561085 -0.634151 -1.22015 0.49601 
0.181209 -0.447532 0.241116 -0.840727 -0.953232 0.838906 
0.174215 -0.318279 -0.179549 -1.21808 -0.791929 1.35758 
0.503235 0.165825 0.733737 -0.294191 -1.95191 -0.258956 
0.500931 -0.164403 0.666164 -0.299723 -1.51203 -0.101321 
0.497558 -0.317514 0.464649 -0.370898 -1.106 0.0810218 
0.494205 -0.324257 0.159315 -0.555372 -0.743597 0.366014 
0.490052 -0.21167 -0.257274 -1.10342 -0.461136 1.02515 
0.484817 0.0751937 -0.928172 -2.17454 -0.575413 -4.03015 
0.735747 0.348985 0.499649 -0.0770752 -1.93001 -0.446825 
0.735414 0.0696001 0.445255 -0.0778473 -1.53486 -0.384449 
0.735058 -0.0804818 0.268706 -0.0919734 -1.12964 -0.311418 
0.73479 -0.104564 -0.0175343 -0.131179 -0.717088 -0.206757 
0.734626 -0.00570615 -0.437051 -0.344371 -0.262976 0.0849088 
0.733645 0.373199 -1.30158 -2.90896 -0.442894 2.75875 
0.902566 0.565367 0.180806 0.0936966 -1.90627 -0.623879 
0.902907 0.338609 0.133342 0.102285 -1.57668 -0.623063 
0.904322 0.207492 -0.0285853 0.131543 -1.21353 -0.631724 
0.906737 0.186187 -0.311376 0.213353 -0.821246 -0.683055 
0.910499 0.307734 -0.784091 -2.55943 0.383244 2.12398 
1.01916 0.824179 -0.241785 0.217008 -1.8548 -0.810517 
1.02114 0.640966 -0.289005 0.240166 -1.587 -0.846856 
1.02381 0.545006 -0.460964 0.296778 -1.27551 -0.91135 
1.02759 0.568907 -0.801234 0.440456 -0.918965 -1.0626 
1.1066 1.06588 -0.971455 0.341734 -1.49165 -1.10395 
1.10968 1.14429 -1.4115 -2.69669 1.13239 1.87538 
2.01233 0.83215 -0.929107 -2.21077 1.85947 -5.03698 
1.84898 0.705642 -0.416013 -2.24844 1.94308 -4.66097 
1.85225 0.641149 -0.631405 -2.22173 1.77741 1.41736 
1.85567 0.74729 -1.10723 0.98293 -1.59563 -2.01632 
1.67945 0.612352 -0.895623 0.966462 -1.47061 4.42631 
1.49013 0.546867 -0.481121 0.753178 -1.53165 -1.45336 
1.30127 0.876667 -0.338311 0.491006 -1.89522 -1.06556 
1.30474 0.704863 -0.394228 0.529055 -1.66693 -1.16691 
1.13591 1.01364 -0.568884 0.333032 -1.80767 -0.994758 
1.13856 0.856673 -0.626901 -2.77023 1.57569 2.07857 
1.14196 0.801737 -0.845061 0.453224 -1.29213 -1.18163 
0.991641 1.27554 -1.02673 0.185766 -1.65326 -0.929839 
0.9932 1.15539 -1.12102 0.217148 -1.41762 -0.971126 
