0, -1.20218, 1.3389, -0.352125, -1.05507, -1.70705, 0.546091, 
0, -1.19073, 1.33536, -0.358111, -1.04495, -1.69649, 0.55101, 
0, -1.17982, 1.33019, -0.361906, -1.03513, -1.68643, 0.555613, 
0, -1.16829, 1.32876, -0.37097, -1.02521, -1.67543, 0.561267, 
0, -1.15713, 1.32612, -0.378498, -1.01563, -1.66462, 0.566578, 
0, -1.14613, 1.32361, -0.386312, -1.00626, -1.65365, 0.571888, 
0, -1.13526, 1.32134, -0.394458, -0.997128, -1.64256, 0.5771, 
0, -1.1247, 1.31868, -0.400986, -0.988391, -1.63185, 0.580788, 
0, -1.11378, 1.3179, -0.412988, -0.979422, -1.61951, 0.588345, 
0, -1.10332, 1.31621, -0.422519, -0.970949, -1.60786, 0.593993, 
0, -1.09248, 1.31487, -0.432328, -0.962672, -1.59603, 0.599489, 
0, -1.08243, 1.31531, -0.445315, -0.954568, -1.58348, 0.605892, 
0, -1.07243, 1.31423, -0.455004, -0.946792, -1.57145, 0.610558, 
0, -1.06209, 1.31529, -0.469747, -0.939182, -1.5584, 0.617963, 
0, -1.05217, 1.31557, -0.482392, -0.931856, -1.54565, 0.623939, 
0, -1.04221, 1.31681, -0.496767, -0.924791, -1.53245, 0.630464, 
0, -1.03239, 1.31714, -0.509671, -0.917945, -1.51924, 0.636296, 
0, -1.02279, 1.31975, -0.526198, -0.91142, -1.50563, 0.64333, 
0, -1.01323, 1.32211, -0.542381, -0.905149, -1.49187, 0.65012, 
0, -1.0038, 1.32478, -0.559073, -0.899148, -1.47788, 0.656967, 
0, -0.994488, 1.32779, -0.576298, -0.893411, -1.4637, 0.663867, 
0, -0.985341, 1.3308, -0.593327, -0.88787, -1.44945, 0.670436, 
0, -0.976158, 1.33571, -0.614014, -0.882906, -1.43439, 0.678549, 
0, -0.967165, 1.34033, -0.633945, -0.878101, -1.41939, 0.686103, 
0, -0.958277, 1.34543, -0.654682, -0.873615, -1.40415, 0.693845, 
0, -0.949517, 1.35143, -0.676903, -0.869501, -1.38851, 0.702016, 
0, -0.941047, 1.35604, -0.696322, -0.865263, -1.37337, 0.708728, 
0, -0.932356, 1.36438, -0.722802, -0.862151, -1.35669, 0.71852, 
0, -0.923872, 1.3727, -0.749012, -0.859275, -1.33994, 0.727938, 
0, -0.915522, 1.38153, -0.776015, -0.856754, -1.32292, 0.737521, 
0, -0.907285, 1.39112, -0.804289, -0.854667, -1.30553, 0.747491, 
0, -0.899155, 1.40163, -0.83411, -0.853071, -1.2877, 0.75797, 
0, -0.891011, 1.41062, -0.861072, -0.851233, -1.27058, 0.767227, 
0, -0.883153, 1.42419, -0.896234, -0.85102, -1.25128, 0.77961, 
0, -0.875361, 1.43883, -0.933218, -0.851433, -1.23148, 0.792675, 
0, -0.867654, 1.45486, -0.972608, -0.852592, -1.21101, 0.806654, 
0, -0.860039, 1.47265, -1.01506, -0.854653, -1.1897, 0.821823, 
0, -0.852519, 1.4927, -1.06148, -0.857833, -1.1673, 0.838572, 
0, -0.845095, 1.51571, -1.11311, -0.862448, -1.14349, 0.857448, 
0, -0.837768, 1.54279, -1.17196, -0.869004, -1.11773, 0.879326, 
0, -0.830536, 1.57599, -1.2417, -0.878422, -1.08905, 0.905804, 
0, -0.823398, 1.61984, -1.33045, -0.892733, -1.05532, 0.940415, 
0, -0.816353, 1.68885, -1.46425, -0.918392, -1.0097, 0.994459, 
1, -1.07406, 1.14755, 0.202002, -0.828699, -1.79966, 0.211384, 
1, -1.06314, 1.14232, 0.188691, -0.815392, -1.78521, 0.223568, 
1, -1.05353, 1.13582, 0.176736, -0.803398, -1.77014, 0.235048, 
1, -1.04268, 1.13258, 0.161278, -0.790751, -1.75538, 0.246955, 
1, -1.03232, 1.12926, 0.145785, -0.778884, -1.74018, 0.258493, 
1, -1.02239, 1.12617, 0.130007, -0.767662, -1.72466, 0.269725, 
1, -1.01279, 1.12346, 0.113797, -0.756995, -1.70889, 0.280704, 
1, -1.00347, 1.12121, 0.0970765, -0.746838, -1.69289, 0.291464, 
1, -0.994411, 1.11945, 0.0798083, -0.737168, -1.6767, 0.302022, 
1, -0.985589, 1.1182, 0.0619958, -0.727971, -1.66034, 0.312384, 
1, -0.977008, 1.11746, 0.0437178, -0.719248, -1.64389, 0.32252, 
1, -0.968691, 1.11723, 0.0252238, -0.711016, -1.62757, 0.332335, 
1, -0.960768, 1.11743, 0.00729882, -0.703407, -1.61203, 0.341587, 
1, -0.952449, 1.1183, -0.015299, -0.69556, -1.59288, 0.352416, 
1, -0.94467, 1.1196, -0.0360819, -0.688502, -1.57561, 0.362108, 
1, -0.937091, 1.12147, -0.0575274, -0.681877, -1.55816, 0.371699, 
1, -0.929696, 1.12388, -0.0796124, -0.675652, -1.54056, 0.381211, 
1, -0.92248, 1.12684, -0.10235, -0.669822, -1.52279, 0.390662, 
1, -0.915438, 1.13035, -0.125756, -0.664381, -1.50486, 0.400069, 
1, -0.908563, 1.13441, -0.14985, -0.659324, -1.48676, 0.409449, 
1, -0.901852, 1.13905, -0.174654, -0.654647, -1.46848, 0.418821, 
1, -0.895299, 1.14427, -0.200193, -0.65035, -1.45003, 0.428206, 
1, -0.888899, 1.15008, -0.226495, -0.646431, -1.4314, 0.437625, 
1, -0.882647, 1.15649, -0.253595, -0.642892, -1.41257, 0.4471, 
1, -0.876539, 1.16354, -0.281528, -0.639734, -1.39354, 0.456656, 
1, -0.87057, 1.17123, -0.310336, -0.636964, -1.37428, 0.46632, 
1, -0.864736, 1.17958, -0.340067, -0.634587, -1.3548, 0.476118, 
1, -0.859032, 1.18864, -0.370777, -0.632615, -1.33506, 0.486083, 
1, -0.853454, 1.19842, -0.402527, -0.63106, -1.31505, 0.496249, 
1, -0.847998, 1.20897, -0.435392, -0.629939, -1.29475, 0.506653, 
1, -0.84266, 1.22032, -0.469459, -0.629272, -1.27412, 0.517339, 
1, -0.837438, 1.23254, -0.504831, -0.629085, -1.25313, 0.528357, 
1, -0.832327, 1.24569, -0.541629, -0.62941, -1.23174, 0.539767, 
1, -0.827625, 1.25818, -0.576881, -0.629906, -1.21091, 0.550519, 
1, -0.822619, 1.27381, -0.617706, -0.631426, -1.18835, 0.563174, 
1, -0.817753, 1.29056, -0.660316, -0.633611, -1.16525, 0.576404, 
1, -0.813012, 1.30861, -0.705036, -0.636542, -1.14153, 0.590356, 
1, -0.808384, 1.32817, -0.752237, -0.640322, -1.11706, 0.605198, 
1, -0.803861, 1.34949, -0.8024, -0.645094, -1.09169, 0.621146, 
1, -0.799436, 1.37292, -0.856167, -0.65105, -1.06521, 0.638486, 
1, -0.795104, 1.39896, -0.914431, -0.65847, -1.03734, 0.65762, 
1, -0.79086, 1.42834, -0.978502, -0.667771, -1.00767, 0.679137, 
1, -0.786702, 1.46223, -1.0505, -0.679633, -0.975518, 0.703996, 
1, -0.782626, 1.50281, -1.13434, -0.695316, -0.939677, 0.733965, 
1, -0.77863, 1.55436, -1.2377, -0.717336, -0.897749, 0.772542, 
1, -0.774712, 1.62952, -1.38328, -0.753093, -0.842716, 0.830035, 
2, -0.807851, 1.11433, 0.575747, -0.21637, -1.99803, 0.0701538, 
2, -0.804475, 1.09905, 0.561458, -0.209764, -1.96962, 0.078163, 
2, -0.801308, 1.08384, 0.545144, -0.20425, -1.93841, 0.0845697, 
2, -0.798301, 1.07054, 0.528485, -0.198984, -1.90908, 0.0911185, 
2, -0.795455, 1.05847, 0.510961, -0.194192, -1.88007, 0.0972635, 
2, -0.792756, 1.04755, 0.492635, -0.189814, -1.85134, 0.103053, 
2, -0.790047, 1.03879, 0.474149, -0.185756, -1.8246, 0.108197, 
2, -0.787635, 1.02942, 0.453898, -0.182064, -1.79542, 0.113593, 
2, -0.785372, 1.0216, 0.433045, -0.17876, -1.76716, 0.118622, 
2, -0.783206, 1.01505, 0.411533, -0.17575, -1.73948, 0.123383, 
2, -0.781111, 1.0096, 0.389335, -0.172983, -1.7122, 0.127908, 
2, -0.779096, 1.00516, 0.366431, -0.170447, -1.68519, 0.132246, 
2, -0.777173, 1.0015, 0.342955, -0.168118, -1.65838, 0.136411, 
2, -0.775295, 0.997907, 0.319425, -0.165848, -1.63157, 0.140513, 
2, -0.77356, 0.997808, 0.293321, -0.16416, -1.60563, 0.144384, 
2, -0.771867, 0.997243, 0.267551, -0.162456, -1.57957, 0.148193, 
2, -0.770241, 0.997573, 0.241024, -0.160929, -1.55364, 0.151906, 
2, -0.76868, 0.998791, 0.213771, -0.159569, -1.52785, 0.155538, 
2, -0.76718, 1.00088, 0.185785, -0.15837, -1.50219, 0.159103, 
2, -0.765736, 1.00383, 0.15706, -0.157324, -1.47664, 0.162613, 
2, -0.764346, 1.00762, 0.127581, -0.156426, -1.45118, 0.166081, 
2, -0.763006, 1.01225, 0.0973344, -0.155672, -1.42578, 0.169517, 
2, -0.761715, 1.0177, 0.0662989, -0.155059, -1.40042, 0.172934, 
2, -0.760468, 1.02399, 0.0344511, -0.154586, -1.37508, 0.176343, 
2, -0.759265, 1.0311, 0.00176244, -0.15425, -1.34971, 0.179755, 
2, -0.758103, 1.03904, -0.0318004, -0.154054, -1.3243, 0.183181, 
2, -0.75698, 1.04782, -0.0662764, -0.153997, -1.29881, 0.186635, 
2, -0.755894, 1.05744, -0.101712, -0.154084, -1.27321, 0.190128, 
2, -0.754844, 1.06793, -0.13816, -0.154317, -1.24746, 0.193675, 
2, -0.753827, 1.0793, -0.175682, -0.154704, -1.22153, 0.197291, 
2, -0.752842, 1.09158, -0.214352, -0.15525, -1.19536, 0.200993, 
2, -0.751888, 1.10481, -0.254255, -0.155967, -1.16891, 0.204798, 
2, -0.750963, 1.11903, -0.295492, -0.156866, -1.14212, 0.208729, 
2, -0.750065, 1.13429, -0.338181, -0.157962, -1.11494, 0.21281, 
2, -0.749195, 1.15067, -0.382464, -0.159276, -1.08729, 0.217068, 
2, -0.748349, 1.16825, -0.428515, -0.160832, -1.05908, 0.22154, 
2, -0.747319, 1.18404, -0.471796, -0.161813, -1.03177, 0.225395, 
2, -0.746596, 1.20442, -0.522026, -0.163958, -1.00222, 0.23034, 
2, -0.745876, 1.22646, -0.574898, -0.166473, -0.971711, 0.235697, 
2, -0.745159, 1.25038, -0.630843, -0.169431, -0.940045, 0.241547, 
2, -0.744449, 1.27648, -0.690412, -0.17293, -0.906973, 0.248001, 
2, -0.743748, 1.30516, -0.754335, -0.177101, -0.87217, 0.255208, 
2, -0.743059, 1.337, -0.82368, -0.182142, -0.835169, 0.263394, 
2, -0.742385, 1.37276, -0.899839, -0.188318, -0.795358, 0.272861, 
2, -0.741726, 1.41375, -0.98517, -0.196085, -0.75172, 0.284135, 
2, -0.741084, 1.46245, -1.08413, -0.20634, -0.702342, 0.298244, 
2, -0.740458, 1.52392, -1.20581, -0.220977, -0.643335, 0.31735, 
2, -0.739845, 1.6425, -1.42976, -0.257879, -0.540903, 0.361882, 
3, -0.414963, 1.06223, 0.690823, 0.483897, -1.98645, 0.205291, 
3, -0.432878, 1.04188, 0.675229, 0.45819, -1.95572, 0.184858, 
3, -0.44972, 1.02358, 0.658048, 0.434818, -1.92468, 0.166227, 
3, -0.465382, 1.00682, 0.639706, 0.413671, -1.89329, 0.149503, 
3, -0.479976, 0.992709, 0.62072, 0.395074, -1.86377, 0.134786, 
3, -0.493728, 0.978955, 0.599518, 0.377406, -1.83131, 0.121032, 
3, -0.506651, 0.966911, 0.577382, 0.361308, -1.79925, 0.108515, 
3, -0.518793, 0.956639, 0.554206, 0.346686, -1.76753, 0.0971095, 
3, -0.530213, 0.948068, 0.52995, 0.333412, -1.73624, 0.0867715, 
3, -0.540388, 0.940124, 0.505703, 0.321206, -1.70559, 0.0771013, 
3, -0.551007, 0.93598, 0.479819, 0.3102, -1.67655, 0.0683818, 
3, -0.560776, 0.931409, 0.4509, 0.300012, -1.64395, 0.0608659, 
3, -0.569896, 0.928238, 0.422809, 0.290567, -1.61352, 0.0535416, 
3, -0.578604, 0.925701, 0.394223, 0.281686, -1.58311, 0.0465885, 
3, -0.586871, 0.925432, 0.364063, 0.273669, -1.55327, 0.0401901, 
3, -0.594733, 0.926533, 0.332886, 0.266305, -1.52369, 0.0342289, 
3, -0.602216, 0.928951, 0.300688, 0.259547, -1.49433, 0.0286573, 
3, -0.609343, 0.93263, 0.26746, 0.253348, -1.46514, 0.0234258, 
3, -0.616139, 0.937521, 0.233188, 0.247668, -1.43607, 0.0184862, 
3, -0.622624, 0.943583, 0.197858, 0.242469, -1.40706, 0.0137944, 
3, -0.62882, 0.950784, 0.161454, 0.237718, -1.37807, 0.00931119, 
3, -0.634745, 0.959101, 0.123962, 0.233387, -1.34906, 0.00500177, 
3, -0.640417, 0.968519, 0.0853605, 0.229452, -1.32002, 0.000834378, 
3, -0.645849, 0.979032, 0.0456206, 0.225894, -1.2909, -0.00322119, 
3, -0.651056, 0.990641, 0.00470112, 0.222697, -1.26168, -0.0071952, 
3, -0.656047, 1.00336, -0.0374564, 0.219854, -1.23231, -0.0111192, 
3, -0.660835, 1.01719, -0.0809248, 0.217358, -1.20275, -0.0150305, 
3, -0.665427, 1.03218, -0.125802, 0.215212, -1.17294, -0.0189647, 
3, -0.669831, 1.04838, -0.172213, 0.213423, -1.1428, -0.0229583, 
3, -0.674053, 1.06583, -0.220306, 0.212004, -1.11225, -0.0270544, 
3, -0.678104, 1.08462, -0.270256, 0.210974, -1.0812, -0.0313013, 
3, -0.681993, 1.10485, -0.322271, 0.21036, -1.04955, -0.0357542, 
3, -0.685733, 1.12664, -0.376602, 0.210196, -1.01717, -0.0404786, 
3, -0.689337, 1.15015, -0.43356, 0.210533, -0.983902, -0.0455535, 
3, -0.692815, 1.17559, -0.493535, 0.211438, -0.949574, -0.0510775, 
3, -0.696178, 1.20321, -0.557029, 0.213007, -0.913953, -0.0571766, 
3, -0.699437, 1.23338, -0.624711, 0.215373, -0.876739, -0.0640185, 
3, -0.70259, 1.26666, -0.697634, 0.218763, -0.837471, -0.0718686, 
3, -0.705651, 1.30375, -0.777058, 0.223459, -0.795596, -0.0810606, 
3, -0.708632, 1.34567, -0.864848, 0.229908, -0.750307, -0.0921024, 
3, -0.711529, 1.3943, -0.9644, 0.238959, -0.700155, -0.10595, 
3, -0.714342, 1.45308, -1.08193, 0.252254, -0.642503, -0.124438, 
3, -0.71704, 1.54279, -1.25471, 0.280695, -0.561797, -0.159811, 
4, 0.240163, 1.13352, 0.739961, 1.33917, -1.88042, 0.429818, 
4, 0.187762, 1.11443, 0.73957, 1.28157, -1.89002, 0.405919, 
4, 0.13736, 1.09504, 0.73762, 1.22493, -1.89598, 0.380109, 
4, 0.0889806, 1.07509, 0.733585, 1.16893, -1.89863, 0.351906, 
4, 0.0429552, 1.05555, 0.728088, 1.11575, -1.8976, 0.323585, 
4, -0.00108141, 1.03604, 0.720544, 1.06263, -1.89275, 0.29388, 
4, -0.0428466, 1.01701, 0.711172, 1.01193, -1.88444, 0.264247, 
4, -0.082387, 0.998814, 0.700058, 0.963995, -1.87301, 0.235326, 
4, -0.119746, 0.981697, 0.687156, 0.918987, -1.85902, 0.207511, 
4, -0.155119, 0.96549, 0.672428, 0.876018, -1.84174, 0.180323, 
4, -0.188474, 0.950651, 0.655946, 0.836076, -1.82251, 0.154676, 
4, -0.219944, 0.937188, 0.637725, 0.798823, -1.80129, 0.13044, 
4, -0.249627, 0.925188, 0.617801, 0.76419, -1.77838, 0.107664, 
4, -0.277544, 0.914948, 0.596226, 0.732722, -1.75498, 0.0871381, 
4, -0.304009, 0.905877, 0.573003, 0.702579, -1.72882, 0.0667779, 
4, -0.328946, 0.89852, 0.548196, 0.674959, -1.70209, 0.0480076, 
4, -0.352469, 0.89281, 0.521841, 0.649612, -1.67474, 0.0307132, 
4, -0.374685, 0.888699, 0.49398, 0.626275, -1.64679, 0.014662, 
4, -0.395683, 0.886073, 0.464705, 0.604738, -1.61829, -0.000322251, 
4, -0.41557, 0.884719, 0.434173, 0.584783, -1.58931, -0.0144157, 
4, -0.434406, 0.885167, 0.402062, 0.566508, -1.56007, -0.0275597, 
4, -0.452256, 0.887161, 0.368532, 0.549717, -1.53057, -0.039901, 
4, -0.469181, 0.890675, 0.333588, 0.534316, -1.50086, -0.0515222, 
4, -0.485241, 0.89568, 0.297232, 0.520218, -1.47094, -0.0625086, 
4, -0.500489, 0.902142, 0.259454, 0.507341, -1.44083, -0.0729468, 
4, -0.514978, 0.910036, 0.22024, 0.495609, -1.41052, -0.0829224, 
4, -0.528759, 0.919338, 0.179568, 0.484957, -1.37999, -0.0925182, 
4, -0.541877, 0.930034, 0.137407, 0.475327, -1.34924, -0.101816, 
4, -0.554375, 0.942119, 0.093712, 0.46667, -1.31824, -0.110895, 
4, -0.566291, 0.955601, 0.0484194, 0.458949, -1.28696, -0.119831, 
4, -0.577658, 0.970496, 0.00144839, 0.452139, -1.25536, -0.128702, 
4, -0.588508, 0.986836, -0.0473051, 0.446224, -1.2234, -0.137592, 
4, -0.59887, 1.00467, -0.0979719, 0.441205, -1.19101, -0.146588, 
4, -0.608772, 1.02405, -0.150714, 0.437095, -1.15812, -0.155787, 
4, -0.61824, 1.04507, -0.205727, 0.433926, -1.12465, -0.165299, 
4, -0.6273, 1.06784, -0.263256, 0.431748, -1.09048, -0.175248, 
4, -0.635976, 1.09251, -0.323601, 0.43064, -1.05548, -0.185783, 
4, -0.644294, 1.11927, -0.387141, 0.430711, -1.0195, -0.197089, 
4, -0.652276, 1.14836, -0.454366, 0.432117, -0.982312, -0.209395, 
4, -0.659946, 1.18013, -0.52592, 0.43508, -0.943672, -0.223004, 
4, -0.667298, 1.21519, -0.602939, 0.440006, -0.903143, -0.238429, 
4, -0.674374, 1.2542, -0.686644, 0.447389, -0.860241, -0.256277, 
4, -0.681209, 1.29808, -0.778715, 0.457938, -0.814314, -0.277385, 
4, -0.687807, 1.34854, -0.882251, 0.472986, -0.764203, -0.303298, 
4, -0.694088, 1.41372, -1.01186, 0.499108, -0.704875, -0.341786, 
4, -0.700241, 1.49643, -1.17271, 0.539536, -0.63413, -0.39611, 
4, -0.706178, 1.66943, -1.49528, 0.662246, -0.507115, -0.543397, 
5, 0.79197, 1.09431, 0.547355, 1.92005, -1.7662, 0.205071, 
5, 0.743772, 1.084, 0.567795, 1.87413, -1.76642, 0.216045, 
5, 0.694128, 1.07349, 0.586201, 1.82641, -1.7683, 0.224971, 
5, 0.643228, 1.06269, 0.602538, 1.77703, -1.77157, 0.231554, 
5, 0.591296, 1.05151, 0.616769, 1.72614, -1.77592, 0.235534, 
5, 0.538588, 1.03991, 0.628853, 1.67391, -1.78094, 0.236696, 
5, 0.485388, 1.02787, 0.638771, 1.62058, -1.78623, 0.234924, 
5, 0.431978, 1.01534, 0.646461, 1.56636, -1.79133, 0.230084, 
5, 0.378676, 1.00242, 0.651905, 1.51153, -1.79574, 0.222279, 
5, 0.325888, 0.989472, 0.655174, 1.45726, -1.79923, 0.212449, 
5, 0.273584, 0.975803, 0.655905, 1.40135, -1.80068, 0.198388, 
5, 0.222318, 0.962279, 0.654387, 1.34655, -1.80042, 0.182667, 
5, 0.172285, 0.948929, 0.650514, 1.29261, -1.79799, 0.16516, 
5, 0.123581, 0.935842, 0.644265, 1.23958, -1.79303, 0.145863, 
5, 0.0764599, 0.923275, 0.635634, 1.18805, -1.78557, 0.125542, 
5, 0.0310169, 0.911399, 0.624626, 1.13824, -1.77553, 0.104501, 
5, -0.0126583, 0.900396, 0.611257, 1.0904, -1.76294, 0.0831174, 
5, -0.0545101, 0.890436, 0.59555, 1.04472, -1.74793, 0.0617273, 
5, -0.094513, 0.881672, 0.577534, 1.00137, -1.73064, 0.0406142, 
5, -0.132637, 0.874314, 0.557262, 0.960669, -1.71164, 0.0204858, 
5, -0.168994, 0.868243, 0.534735, 0.921983, -1.69005, 0.00018428, 
5, -0.203538, 0.863746, 0.510017, 0.88591, -1.66699, -0.0190971, 
5, -0.236345, 0.860837, 0.483161, 0.852289, -1.6425, -0.0374513, 
5, -0.267488, 0.859467, 0.454263, 0.820947, -1.61671, -0.0549923, 
5, -0.297047, 0.859654, 0.423375, 0.791798, -1.58978, -0.0717509, 
5, -0.325078, 0.861645, 0.390382, 0.764918, -1.56186, -0.0876218, 
5, -0.351658, 0.865344, 0.355378, 0.740127, -1.5331, -0.102721, 
5, -0.376861, 0.870755, 0.318378, 0.717331, -1.50357, -0.117113, 
5, -0.400758, 0.877873, 0.279388, 0.696433, -1.47336, -0.130875, 
5, -0.423422, 0.886693, 0.238402, 0.67734, -1.44253, -0.144095, 
5, -0.444924, 0.897209, 0.195399, 0.659964, -1.41111, -0.156872, 
5, -0.465332, 0.909424, 0.150345, 0.644227, -1.37913, -0.169305, 
5, -0.484711, 0.923347, 0.103186, 0.630061, -1.34659, -0.181501, 
5, -0.503123, 0.938999, 0.0538436, 0.617411, -1.31349, -0.193569, 
5, -0.520626, 0.956414, 0.00221315, 0.60624, -1.2798, -0.205627, 
5, -0.537273, 0.975647, -0.0518452, 0.596529, -1.24549, -0.2178, 
5, -0.553116, 0.996772, -0.108511, 0.58828, -1.2105, -0.230228, 
5, -0.568203, 1.01989, -0.168013, 0.581523, -1.17475, -0.243071, 
5, -0.582579, 1.04514, -0.230643, 0.576317, -1.13812, -0.256513, 
5, -0.596288, 1.07271, -0.296774, 0.572762, -1.10048, -0.270776, 
5, -0.60937, 1.10283, -0.366887, 0.57101, -1.06166, -0.286137, 
5, -0.621867, 1.13584, -0.441614, 0.571287, -1.02141, -0.30295, 
5, -0.633774, 1.17235, -0.522127, 0.574019, -0.979348, -0.321814, 
5, -0.645154, 1.21305, -0.609666, 0.579752, -0.935027, -0.343448, 
5, -0.656075, 1.2588, -0.70583, 0.589237, -0.887876, -0.368777, 
5, -0.666553, 1.31125, -0.81361, 0.603857, -0.836888, -0.399482, 
5, -0.676465, 1.37834, -0.9473, 0.630253, -0.777884, -0.443797, 
5, -0.686126, 1.4617, -1.10991, 0.670982, -0.709358, -0.504119, 
5, -0.695401, 1.60629, -1.38213, 0.768674, -0.607373, -0.63074, 
6, 1.02481, 1.13172, 0.196721, 2.14803, -1.92683, -0.061235, 
6, 0.989564, 1.11269, 0.24003, 2.11955, -1.90707, -0.0439951, 
6, 0.952512, 1.09475, 0.280759, 2.08863, -1.88894, -0.027363, 
6, 0.913616, 1.07778, 0.318886, 2.05523, -1.87251, -0.0114865, 
6, 0.872861, 1.06168, 0.354407, 2.01937, -1.85782, 0.0034993, 
6, 0.830255, 1.04634, 0.387309, 1.98108, -1.84487, 0.0174333, 
6, 0.785834, 1.03167, 0.41757, 1.94039, -1.83365, 0.0301251, 
6, 0.739665, 1.01756, 0.445158, 1.89739, -1.82408, 0.0413594, 
6, 0.691859, 1.00386, 0.470087, 1.85194, -1.81638, 0.0507873, 
6, 0.642535, 0.99066, 0.492159, 1.80488, -1.80943, 0.0585252, 
6, 0.591893, 0.977712, 0.511472, 1.75573, -1.80388, 0.0640188, 
6, 0.540169, 0.965058, 0.527956, 1.7049, -1.79918, 0.0673353, 
6, 0.487525, 0.95254, 0.5415, 1.65255, -1.79505, 0.0678275, 
6, 0.43437, 0.940442, 0.552272, 1.59905, -1.7911, 0.0659064, 
6, 0.380825, 0.928254, 0.559745, 1.54476, -1.78672, 0.0614048, 
6, 0.327342, 0.916524, 0.564351, 1.48994, -1.78175, 0.054366, 
6, 0.274173, 0.905233, 0.565871, 1.4351, -1.77569, 0.0449969, 
6, 0.221614, 0.894448, 0.56431, 1.38056, -1.76821, 0.0334934, 
6, 0.169938, 0.88431, 0.559656, 1.3267, -1.759, 0.0201375, 
6, 0.119391, 0.874976, 0.551907, 1.27392, -1.74787, 0.00525906, 
6, 0.0701847, 0.866613, 0.541071, 1.22257, -1.73464, -0.0107915, 
6, 0.0225306, 0.859543, 0.527221, 1.17327, -1.71986, -0.0268684, 
6, -0.0235476, 0.853479, 0.510258, 1.12544, -1.7019, -0.0447802, 
6, -0.0678349, 0.848943, 0.4903, 1.08003, -1.68214, -0.0625805, 
6, -0.1103, 0.845991, 0.467395, 1.03706, -1.66049, -0.0801982, 
6, -0.150926, 0.844667, 0.441619, 0.996518, -1.63701, -0.0975978, 
6, -0.189723, 0.844931, 0.413104, 0.958323, -1.61186, -0.114793, 
6, -0.226662, 0.847177, 0.381679, 0.922835, -1.58512, -0.131431, 
6, -0.261799, 0.851322, 0.347477, 0.889881, -1.55696, -0.147578, 
6, -0.295178, 0.85741, 0.310525, 0.859416, -1.52753, -0.163224, 
6, -0.326858, 0.865471, 0.270841, 0.831376, -1.49695, -0.1784, 
6, -0.356903, 0.875529, 0.228429, 0.805685, -1.4653, -0.193162, 
6, -0.385388, 0.887607, 0.18327, 0.782265, -1.43267, -0.207591, 
6, -0.412388, 0.901728, 0.135326, 0.76104, -1.39911, -0.221786, 
6, -0.437978, 0.91793, 0.0845289, 0.741942, -1.36466, -0.235862, 
6, -0.462236, 0.93626, 0.0307734, 0.724921, -1.32933, -0.249953, 
6, -0.485237, 0.956786, -0.026087, 0.709945, -1.29309, -0.264208, 
6, -0.507051, 0.979603, -0.0862527, 0.697007, -1.25592, -0.2788, 
6, -0.527749, 1.00484, -0.149992, 0.686135, -1.21774, -0.293933, 
6, -0.547398, 1.03267, -0.217659, 0.677396, -1.17844, -0.309849, 
6, -0.566061, 1.06333, -0.28972, 0.670916, -1.13787, -0.326847, 
6, -0.583801, 1.09715, -0.366796, 0.666894, -1.09583, -0.345305, 
6, -0.600624, 1.13472, -0.450049, 0.665719, -1.05197, -0.365848, 
6, -0.61661, 1.17675, -0.540759, 0.667926, -1.00586, -0.389246, 
6, -0.631861, 1.22408, -0.64049, 0.67425, -0.956979, -0.416456, 
6, -0.646413, 1.27835, -0.752191, 0.686027, -0.904403, -0.449182, 
6, -0.660106, 1.34709, -0.889465, 0.709254, -0.844584, -0.495238, 
6, -0.673376, 1.43168, -1.05487, 0.746377, -0.776123, -0.556873, 
6, -0.68605, 1.56277, -1.30343, 0.825125, -0.684067, -0.667929, 
7, 0.972646, 1.1202, 0.076991, 2.1006, -1.996, -0.173794, 
7, 0.935892, 1.09526, 0.129368, 2.07385, -1.9712, -0.154737, 
7, 0.896603, 1.07048, 0.179493, 2.04326, -1.94887, -0.136671, 
7, 0.856323, 1.04973, 0.223665, 2.01108, -1.92685, -0.120221, 
7, 0.813755, 1.02955, 0.265046, 1.97541, -1.90697, -0.10502, 
7, 0.769462, 1.01028, 0.303685, 1.93668, -1.8887, -0.0909965, 
7, 0.722435, 0.992169, 0.337956, 1.89526, -1.87257, -0.0788953, 
7, 0.673881, 0.975065, 0.369125, 1.85113, -1.8576, -0.06834, 
7, 0.623622, 0.958765, 0.396831, 1.80441, -1.84385, -0.05978, 
7, 0.571847, 0.942914, 0.421182, 1.75504, -1.83082, -0.0533475, 
7, 0.518715, 0.928779, 0.441305, 1.70415, -1.81972, -0.0490751, 
7, 0.46448, 0.915483, 0.457666, 1.65165, -1.80902, -0.0471857, 
7, 0.409455, 0.902829, 0.470329, 1.59767, -1.79832, -0.0477896, 
7, 0.353961, 0.890927, 0.479198, 1.54264, -1.78735, -0.050888, 
7, 0.298335, 0.879887, 0.484203, 1.48703, -1.77578, -0.0564006, 
7, 0.242919, 0.869821, 0.485299, 1.43132, -1.76324, -0.0641695, 
7, 0.188008, 0.861366, 0.482746, 1.37633, -1.75038, -0.0724237, 
7, 0.133979, 0.853285, 0.475834, 1.32155, -1.73428, -0.0848181, 
7, 0.0811273, 0.846812, 0.465045, 1.26825, -1.71677, -0.098276, 
7, 0.0296791, 0.841975, 0.450379, 1.21671, -1.69749, -0.112566, 
7, -0.0201831, 0.838846, 0.431868, 1.16719, -1.67627, -0.127523, 
7, -0.0683099, 0.837492, 0.409582, 1.11988, -1.65309, -0.143006, 
7, -0.114604, 0.837898, 0.383671, 1.07482, -1.62803, -0.158946, 
7, -0.158892, 0.840578, 0.353888, 1.03268, -1.60102, -0.174808, 
7, -0.201184, 0.84543, 0.320425, 0.993312, -1.57225, -0.190603, 
7, -0.241469, 0.852532, 0.283319, 0.956759, -1.54185, -0.206252, 
7, -0.279761, 0.861946, 0.242595, 0.923021, -1.50993, -0.22173, 
7, -0.3161, 0.873724, 0.198259, 0.892071, -1.4766, -0.237056, 
7, -0.350544, 0.88792, 0.150289, 0.863865, -1.44194, -0.252288, 
7, -0.38316, 0.90459, 0.0986268, 0.838355, -1.40603, -0.267521, 
7, -0.414028, 0.923805, 0.0431721, 0.8155, -1.36889, -0.282881, 
7, -0.443231, 0.945657, -0.0162321, 0.795273, -1.33055, -0.29853, 
7, -0.470854, 0.970269, -0.0798143, 0.777672, -1.29096, -0.314667, 
7, -0.496984, 0.99781, -0.147894, 0.762736, -1.25008, -0.331536, 
7, -0.521707, 1.02851, -0.22091, 0.750555, -1.20777, -0.349444, 
7, -0.545106, 1.06268, -0.299462, 0.741294, -1.16387, -0.368781, 
7, -0.567209, 1.1009, -0.384674, 0.735291, -1.11807, -0.390172, 
7, -0.588108, 1.14389, -0.477858, 0.733044, -1.06997, -0.414413, 
7, -0.60794, 1.1925, -0.580559, 0.735253, -1.01906, -0.442476, 
7, -0.626767, 1.24833, -0.69571, 0.743189, -0.964488, -0.476069, 
7, -0.644402, 1.31843, -0.836029, 0.762094, -0.903165, -0.522344, 
7, -0.66139, 1.40436, -1.00439, 0.794561, -0.833628, -0.583796, 
7, -0.677533, 1.53302, -1.24915, 0.863659, -0.743605, -0.689515, 
8, 0.846447, 1.05992, 0.101679, 1.99911, -1.98408, -0.217873, 
8, 0.802829, 1.03386, 0.153283, 1.96594, -1.95841, -0.199766, 
8, 0.756982, 1.00971, 0.20031, 1.92913, -1.93448, -0.183506, 
8, 0.708929, 0.987326, 0.242793, 1.88892, -1.91225, -0.16917, 
8, 0.658735, 0.96657, 0.280712, 1.84556, -1.89159, -0.156847, 
8, 0.606551, 0.947373, 0.314112, 1.79909, -1.87233, -0.146644, 
8, 0.552618, 0.928993, 0.343469, 1.74971, -1.85386, -0.138885, 
8, 0.496973, 0.913132, 0.367286, 1.69809, -1.83704, -0.133237, 
8, 0.440052, 0.898363, 0.386633, 1.64433, -1.82057, -0.130195, 
8, 0.38217, 0.884883, 0.401298, 1.58891, -1.80427, -0.129742, 
8, 0.323087, 0.873959, 0.412359, 1.53209, -1.78844, -0.129586, 
8, 0.264627, 0.862606, 0.416788, 1.47495, -1.77086, -0.135289, 
8, 0.206294, 0.853287, 0.416588, 1.41776, -1.75261, -0.142783, 
8, 0.148495, 0.845894, 0.411617, 1.36112, -1.73317, -0.151969, 
8, 0.0916021, 0.840427, 0.401821, 1.30552, -1.71213, -0.162707, 
8, 0.0359538, 0.836956, 0.3872, 1.25144, -1.6893, -0.174803, 
8, -0.0181718, 0.835519, 0.367844, 1.19918, -1.66459, -0.188091, 
8, -0.070518, 0.836252, 0.343801, 1.14911, -1.63794, -0.202348, 
8, -0.12079, 0.839684, 0.31481, 1.1021, -1.60915, -0.216982, 
8, -0.168942, 0.845682, 0.28112, 1.05801, -1.57841, -0.231974, 
8, -0.214892, 0.854348, 0.242771, 1.017, -1.5458, -0.247201, 
8, -0.258606, 0.865772, 0.199787, 0.979137, -1.51142, -0.262601, 
8, -0.300088, 0.880035, 0.152162, 0.944457, -1.47535, -0.278173, 
8, -0.339374, 0.897226, 0.0998501, 0.912971, -1.43767, -0.293972, 
8, -0.376523, 0.917443, 0.0427486, 0.884679, -1.39843, -0.310104, 
8, -0.411612, 0.940811, -0.0193164, 0.859582, -1.35766, -0.326734, 
8, -0.44473, 0.967492, -0.0866143, 0.837708, -1.31533, -0.344085, 
8, -0.475974, 0.997711, -0.159539, 0.819126, -1.27136, -0.36245, 
8, -0.505444, 1.03177, -0.238654, 0.803971, -1.22562, -0.382215, 
8, -0.533187, 1.07025, -0.325028, 0.792532, -1.17785, -0.403995, 
8, -0.559306, 1.11384, -0.419982, 0.785263, -1.12766, -0.428594, 
8, -0.583976, 1.16339, -0.525042, 0.782823, -1.07459, -0.456993, 
8, -0.607281, 1.22052, -0.643135, 0.786416, -1.01779, -0.490897, 
8, -0.629028, 1.29175, -0.786054, 0.800601, -0.954553, -0.536792, 
8, -0.649846, 1.37897, -0.957297, 0.828169, -0.883302, -0.597551, 
8, -0.669533, 1.50645, -1.20049, 0.888922, -0.793463, -0.698856, 
9, -1.05928, 1.12172, -0.352956, -0.518019, -1.99669, 0.759075, 
9, -1.04897, 1.10017, -0.354932, -0.508234, -1.97272, 0.765187, 
9, -1.03934, 1.0819, -0.362077, -0.499681, -1.94688, 0.771279, 
9, -1.02967, 1.06424, -0.370246, -0.491294, -1.92061, 0.777354, 
9, -1.02007, 1.0476, -0.379996, -0.483263, -1.89378, 0.783415, 
9, -1.01057, 1.03213, -0.39153, -0.475647, -1.86634, 0.78945, 
9, -1.00117, 1.01791, -0.404943, -0.468464, -1.83826, 0.795464, 
9, -0.991879, 1.00501, -0.420298, -0.461724, -1.80956, 0.801469, 
9, -0.983014, 0.992318, -0.435432, -0.455613, -1.78111, 0.806956, 
9, -0.973794, 0.982666, -0.455751, -0.449662, -1.75081, 0.813229, 
9, -0.964757, 0.974297, -0.477815, -0.444239, -1.72001, 0.819431, 
9, -0.955867, 0.967343, -0.501854, -0.439312, -1.68865, 0.825645, 
9, -0.947107, 0.961924, -0.528066, -0.434874, -1.65666, 0.831933, 
9, -0.938465, 0.958148, -0.55663, -0.430927, -1.624, 0.838352, 
9, -0.929935, 0.956129, -0.587735, -0.427486, -1.59059, 0.844955, 
9, -0.921514, 0.956013, -0.62163, -0.424573, -1.55635, 0.851814, 
9, -0.913202, 0.957916, -0.658513, -0.422214, -1.52122, 0.858991, 
9, -0.904997, 0.962025, -0.698711, -0.420448, -1.48506, 0.866574, 
9, -0.89675, 0.965837, -0.73801, -0.418828, -1.44941, 0.873802, 
9, -0.88881, 0.975622, -0.786981, -0.418522, -1.41043, 0.882668, 
9, -0.880948, 0.988349, -0.840629, -0.418999, -1.36989, 0.892356, 
9, -0.873173, 1.00467, -0.900112, -0.420423, -1.32732, 0.903145, 
9, -0.865491, 1.02551, -0.967073, -0.423033, -1.28209, 0.915447, 
9, -0.857904, 1.05229, -1.04409, -0.427208, -1.23319, 0.929912, 
9, -0.850413, 1.08753, -1.13568, -0.433619, -1.17883, 0.947681, 
9, -0.843035, 1.14763, -1.27127, -0.446256, -1.10748, 0.976016, 
9, -0.835734, 1.26458, -1.50823, -0.473762, -0.996606, 1.02941, 
10, -1.18307, 0.979606, -0.151856, -0.691369, -1.9967, 0.758608, 
10, -1.17185, 0.96371, -0.155899, -0.680234, -1.97637, 0.765858, 
10, -1.1607, 0.948503, -0.161005, -0.669489, -1.95564, 0.773008, 
10, -1.14964, 0.933992, -0.167172, -0.659126, -1.93451, 0.780063, 
10, -1.13865, 0.920164, -0.174346, -0.649143, -1.913, 0.786992, 
10, -1.12798, 0.90768, -0.183543, -0.639847, -1.89084, 0.793902, 
10, -1.11733, 0.895786, -0.193579, -0.630851, -1.86838, 0.800687, 
10, -1.10675, 0.884621, -0.204637, -0.622232, -1.84559, 0.807364, 
10, -1.09627, 0.874279, -0.216842, -0.614025, -1.82245, 0.813947, 
10, -1.0859, 0.864799, -0.230236, -0.606236, -1.79895, 0.82045, 
10, -1.07626, 0.855065, -0.242322, -0.59934, -1.7761, 0.826131, 
10, -1.06587, 0.847769, -0.259017, -0.592181, -1.75163, 0.83277, 
10, -1.05568, 0.841272, -0.276675, -0.585538, -1.7269, 0.839271, 
10, -1.04567, 0.835645, -0.295427, -0.57937, -1.70192, 0.845685, 
10, -1.03581, 0.83094, -0.315366, -0.573653, -1.67664, 0.852051, 
10, -1.02608, 0.827202, -0.336568, -0.568374, -1.65107, 0.858404, 
10, -1.01647, 0.82447, -0.359099, -0.563529, -1.62518, 0.864777, 
10, -1.00699, 0.822782, -0.383025, -0.559119, -1.59897, 0.871201, 
10, -0.997618, 0.822178, -0.408414, -0.555145, -1.5724, 0.877709, 
10, -0.988364, 0.8227, -0.435338, -0.551616, -1.54546, 0.884337, 
10, -0.979223, 0.824396, -0.463879, -0.548542, -1.51813, 0.891123, 
10, -0.970194, 0.827321, -0.494139, -0.545938, -1.49037, 0.89811, 
10, -0.961275, 0.831545, -0.526246, -0.543823, -1.46213, 0.905355, 
10, -0.952467, 0.837132, -0.560312, -0.542223, -1.43339, 0.912904, 
10, -0.943769, 0.844178, -0.596512, -0.541168, -1.40408, 0.92083, 
10, -0.93502, 0.850594, -0.631528, -0.540077, -1.37519, 0.928349, 
10, -0.926591, 0.861342, -0.673272, -0.540376, -1.34434, 0.937387, 
10, -0.918248, 0.873837, -0.717742, -0.541344, -1.31269, 0.947076, 
10, -0.91, 0.888357, -0.765425, -0.543087, -1.28006, 0.957579, 
10, -0.901849, 0.905245, -0.816929, -0.545744, -1.24625, 0.969107, 
10, -0.893797, 0.924953, -0.873067, -0.549499, -1.21096, 0.981948, 
10, -0.885845, 0.948116, -0.934985, -0.554615, -1.17378, 0.996511, 
10, -0.877994, 0.975692, -1.00441, -0.561495, -1.1341, 1.01341, 
10, -0.870242, 1.00924, -1.08415, -0.570792, -1.09092, 1.03365, 
10, -0.862589, 1.05158, -1.17928, -0.583697, -1.04244, 1.05903, 
10, -0.855049, 1.12526, -1.33026, -0.608993, -0.974503, 1.10362, 
11, -1.19232, 0.63816, -0.0962691, -0.801588, -1.65585, 0.925622, 
11, -1.18099, 0.635772, -0.11115, -0.795416, -1.63681, 0.931196, 
11, -1.16977, 0.633978, -0.12678, -0.789567, -1.61762, 0.936756, 
11, -1.15912, 0.632219, -0.141043, -0.784262, -1.59942, 0.941295, 
11, -1.14792, 0.63184, -0.158938, -0.778961, -1.57956, 0.947188, 
11, -1.1369, 0.632018, -0.177366, -0.774044, -1.5597, 0.952994, 
11, -1.12604, 0.632789, -0.19644, -0.769489, -1.53979, 0.958765, 
11, -1.11532, 0.634178, -0.216237, -0.765285, -1.51979, 0.964545, 
11, -1.10472, 0.636205, -0.236813, -0.76143, -1.49967, 0.970367, 
11, -1.09424, 0.638887, -0.258212, -0.757925, -1.47944, 0.976259, 
11, -1.08388, 0.642241, -0.280473, -0.754774, -1.45906, 0.982249, 
11, -1.07363, 0.646283, -0.303634, -0.751984, -1.43854, 0.988364, 
11, -1.0635, 0.651032, -0.327733, -0.749564, -1.41786, 0.994631, 
11, -1.05349, 0.656508, -0.352813, -0.747524, -1.39702, 1.00108, 
11, -1.04358, 0.662734, -0.37892, -0.745877, -1.37599, 1.00774, 
11, -1.03379, 0.66974, -0.406116, -0.744641, -1.35476, 1.01465, 
11, -1.02412, 0.677555, -0.434458, -0.743834, -1.33332, 1.02185, 
11, -1.01455, 0.686209, -0.463999, -0.743478, -1.31165, 1.02938, 
11, -1.0051, 0.695746, -0.494825, -0.743601, -1.28972, 1.03727, 
11, -0.995761, 0.706215, -0.527034, -0.744235, -1.26752, 1.0456, 
11, -0.986379, 0.715287, -0.557178, -0.744405, -1.2458, 1.05338, 
11, -0.977301, 0.72822, -0.593025, -0.7464, -1.22287, 1.06289, 
11, -0.968323, 0.742183, -0.630516, -0.748991, -1.19956, 1.07303, 
11, -0.959449, 0.757313, -0.669886, -0.752267, -1.17581, 1.08391, 
11, -0.950679, 0.773768, -0.711405, -0.756332, -1.15155, 1.09567, 
11, -0.942014, 0.791731, -0.755401, -0.76131, -1.1267, 1.10847, 
11, -0.933454, 0.811431, -0.802286, -0.767358, -1.10114, 1.12255, 
11, -0.924999, 0.833166, -0.852599, -0.77468, -1.07474, 1.13818, 
11, -0.916649, 0.85734, -0.907068, -0.783552, -1.0473, 1.15574, 
11, -0.908404, 0.884522, -0.966721, -0.794366, -1.01855, 1.17578, 
11, -0.900263, 0.915565, -1.03309, -0.807707, -0.98809, 1.1991, 
11, -0.892224, 0.951825, -1.10863, -0.824505, -0.955281, 1.227, 
11, -0.884302, 1.00385, -1.21226, -0.850668, -0.915167, 1.26851, 
11, -0.876467, 1.07193, -1.34452, -0.888052, -0.867859, 1.32509, 
12, -1.07208, 0.557943, -0.529938, -1.11906, -1.12445, 1.33758, 
12, -1.05209, 0.587311, -0.587977, 2.01508, 1.09458, -1.78479, 
12, -1.04221, 0.602426, -0.617867, -1.13134, -1.07942, 1.36689, 
12, -1.03244, 0.618116, -0.648678, -1.13678, -1.06417, 1.37779, 
12, -1.02278, 0.634629, -0.680866, -1.14292, -1.04883, 1.38951, 
12, -1.01323, 0.651839, -0.714185, -1.14969, -1.0335, 1.40194, 
12, -1.00379, 0.670485, -0.750025, -1.15762, -1.01794, 1.4159, 
12, -0.99447, 0.690043, -0.787394, -1.16639, -1.00235, 1.43084, 
12, -0.985269, 0.710818, -0.826857, 1.96523, 0.986647, -1.69438, 
12, -0.976162, 0.733, -0.868771, 1.9542, 0.970803, -1.67649, 
13, -0.927314, 0.853224, 0.0848034, -0.329014, -1.99012, 0.552828, 
13, -0.919971, 0.834797, 0.0683462, -0.320221, -1.95564, 0.560356, 
13, -0.912815, 0.817955, 0.0500972, -0.312133, -1.92089, 0.567441, 
13, -0.905837, 0.802724, 0.0300502, -0.304703, -1.88588, 0.574132, 
13, -0.899029, 0.789125, 0.00819698, -0.297888, -1.85064, 0.580474, 
13, -0.892385, 0.77718, -0.0154732, -0.291654, -1.81519, 0.586506, 
13, -0.8859, 0.766905, -0.0409767, -0.285967, -1.77953, 0.592269, 
13, -0.879569, 0.75832, -0.068336, -0.2808, -1.74368, 0.597801, 
13, -0.872867, 0.749956, -0.0956242, -0.275622, -1.70805, 0.603523, 
13, -0.866979, 0.745172, -0.127275, -0.271585, -1.67166, 0.608538, 
13, -0.861189, 0.74204, -0.160772, -0.267942, -1.63506, 0.613498, 
13, -0.855504, 0.740619, -0.196219, -0.264705, -1.59821, 0.618423, 
13, -0.849925, 0.740966, -0.233727, -0.261876, -1.56107, 0.623339, 
13, -0.844476, 0.743246, -0.27357, -0.259488, -1.52352, 0.62829, 
13, -0.839116, 0.747378, -0.315681, -0.257506, -1.48557, 0.633312, 
13, -0.833857, 0.753451, -0.360245, -0.255944, -1.44712, 0.638443, 
13, -0.828707, 0.7616, -0.40752, -0.254826, -1.40805, 0.643738, 
13, -0.823666, 0.771975, -0.457798, -0.25418, -1.36823, 0.649266, 
13, -0.818731, 0.784762, -0.511443, -0.254045, -1.3275, 0.655109, 
13, -0.813901, 0.800203, -0.568922, -0.254476, -1.28563, 0.661373, 
13, -0.809173, 0.818629, -0.630861, -0.255553, -1.24236, 0.668192, 
13, -0.804543, 0.840504, -0.698131, -0.257391, -1.19729, 0.675749, 
13, -0.80001, 0.866511, -0.77199, -0.260166, -1.14988, 0.684306, 
13, -0.795569, 0.897707, -0.854377, -0.264159, -1.09929, 0.694267, 
13, -0.791219, 0.935885, -0.948548, -0.269855, -1.04413, 0.706307, 
13, -0.786957, 0.984501, -1.06075, -0.278206, -0.981763, 0.721734, 
13, -0.78278, 1.05193, -1.20604, -0.291569, -0.905851, 0.743741, 
13, -0.778687, 1.2024, -1.49965, -0.328339, -0.768262, 0.79724, 
14, -1.02914, 0.667071, 0.382148, -0.487248, -1.99668, 0.512287, 
14, -1.01836, 0.650689, 0.367989, -0.474259, -1.96758, 0.522779, 
14, -1.00874, 0.63546, 0.351533, -0.462061, -1.93675, 0.533368, 
14, -0.999124, 0.621306, 0.334245, -0.450418, -1.90602, 0.543199, 
14, -0.991033, 0.610041, 0.313836, -0.441122, -1.87518, 0.552196, 
14, -0.982124, 0.599105, 0.293749, -0.431673, -1.84475, 0.560695, 
14, -0.973446, 0.589486, 0.272488, -0.422946, -1.81435, 0.568711, 
14, -0.964167, 0.579371, 0.251966, -0.413786, -1.78411, 0.576245, 
14, -0.956125, 0.572598, 0.228126, -0.406607, -1.75378, 0.583518, 
14, -0.948246, 0.567086, 0.203165, -0.39998, -1.72352, 0.590424, 
14, -0.940533, 0.562818, 0.177079, -0.393874, -1.69332, 0.597005, 
14, -0.932987, 0.559781, 0.149866, -0.388262, -1.66317, 0.603307, 
14, -0.925609, 0.557964, 0.121518, -0.383123, -1.63308, 0.609374, 
14, -0.918398, 0.557355, 0.0920273, -0.378439, -1.60301, 0.615249, 
14, -0.911352, 0.557949, 0.0613768, -0.374194, -1.57296, 0.620973, 
14, -0.904469, 0.55974, 0.0295457, -0.370377, -1.54291, 0.626585, 
14, -0.897745, 0.562727, -0.00349456, -0.366977, -1.51284, 0.632122, 
14, -0.891177, 0.566915, -0.0377834, -0.363989, -1.48272, 0.637616, 
14, -0.884762, 0.572312, -0.073367, -0.361408, -1.45251, 0.643105, 
14, -0.878496, 0.578941, -0.110313, -0.359237, -1.42218, 0.648629, 
14, -0.872379, 0.586858, -0.148732, -0.357494, -1.39168, 0.654239, 
14, -0.866395, 0.596013, -0.188617, -0.356157, -1.36098, 0.659962, 
14, -0.860544, 0.606457, -0.230081, -0.355243, -1.33002, 0.665842, 
14, -0.854823, 0.618246, -0.27325, -0.354773, -1.29873, 0.67193, 
14, -0.84923, 0.631448, -0.318271, -0.354771, -1.26706, 0.678281, 
14, -0.843761, 0.646143, -0.365319, -0.355273, -1.2349, 0.684962, 
14, -0.838412, 0.662436, -0.414608, -0.356322, -1.20218, 0.692051, 
14, -0.83318, 0.680459, -0.466405, -0.357979, -1.16875, 0.699643, 
14, -0.828062, 0.700386, -0.521049, -0.360323, -1.13449, 0.707857, 
14, -0.823053, 0.722444, -0.578977, -0.363459, -1.09919, 0.716842, 
14, -0.818152, 0.746942, -0.640767, -0.367534, -1.06262, 0.726799, 
14, -0.813354, 0.774307, -0.707214, -0.372756, -1.02446, 0.738001, 
14, -0.808657, 0.805157, -0.779454, -0.37943, -0.984235, 0.750842, 
14, -0.804057, 0.840435, -0.859206, -0.388032, -0.941272, 0.765926, 
14, -0.799552, 0.881701, -0.949294, -0.399366, -0.894454, 0.784261, 
14, -0.79514, 0.93186, -1.05496, -0.414963, -0.841733, 0.807749, 
14, -0.790817, 0.997547, -1.18814, -0.4384, -0.778486, 0.840802, 
14, -0.78658, 1.10136, -1.3894, -0.482157, -0.689084, 0.898711, 
15, -1.06094, 0.235956, 0.468415, -0.606796, -1.55625, 0.671885, 
15, -1.05032, 0.239341, 0.443239, -0.600023, -1.53375, 0.677449, 
15, -1.04001, 0.243582, 0.417424, -0.593827, -1.5114, 0.68286, 
15, -1.02995, 0.248602, 0.391034, -0.588101, -1.4892, 0.68812, 
15, -1.02015, 0.254367, 0.364055, -0.582811, -1.46713, 0.693256, 
15, -1.01059, 0.260856, 0.336473, -0.577936, -1.44518, 0.698297, 
15, -1.00127, 0.268048, 0.308279, -0.573462, -1.42334, 0.70327, 
15, -0.992186, 0.275927, 0.279465, -0.569379, -1.40158, 0.708204, 
15, -0.983336, 0.284479, 0.250018, -0.565678, -1.37989, 0.713125, 
15, -0.974711, 0.293693, 0.219928, -0.562356, -1.35825, 0.718062, 
15, -0.966304, 0.30356, 0.189178, -0.559409, -1.33665, 0.723043, 
15, -0.958108, 0.314075, 0.157752, -0.556836, -1.31506, 0.728093, 
15, -0.950118, 0.325234, 0.125628, -0.554638, -1.29347, 0.733241, 
15, -0.942326, 0.337037, 0.0927828, -0.552818, -1.27187, 0.738513, 
15, -0.934727, 0.349487, 0.0591872, -0.551382, -1.25022, 0.743939, 
15, -0.927316, 0.362609, 0.0247895, -0.55035, -1.22851, 0.749555, 
15, -0.920085, 0.376405, -0.0104413, -0.549729, -1.20672, 0.755394, 
15, -0.913029, 0.390862, -0.0465251, -0.549516, -1.18482, 0.761476, 
15, -0.906142, 0.406005, -0.0835172, -0.54973, -1.16279, 0.767837, 
15, -0.899419, 0.421859, -0.121479, -0.550394, -1.1406, 0.774519, 
15, -0.892854, 0.438453, -0.16048, -0.551535, -1.11822, 0.781565, 
15, -0.886443, 0.455824, -0.2006, -0.553187, -1.0956, 0.789026, 
15, -0.880182, 0.474015, -0.24193, -0.555388, -1.07273, 0.796959, 
15, -0.874064, 0.493077, -0.284578, -0.558187, -1.04955, 0.805432, 
15, -0.868086, 0.513074, -0.328671, -0.56164, -1.02602, 0.814524, 
15, -0.862244, 0.534082, -0.374359, -0.565821, -1.00209, 0.824326, 
15, -0.856534, 0.556195, -0.421823, -0.570816, -0.977679, 0.834952, 
15, -0.85095, 0.579531, -0.471287, -0.576738, -0.952726, 0.846541, 
15, -0.84549, 0.604234, -0.523023, -0.583726, -0.927137, 0.859263, 
15, -0.84015, 0.630492, -0.577378, -0.591964, -0.900801, 0.873339, 
15, -0.834926, 0.658548, -0.634801, -0.601691, -0.873576, 0.889056, 
15, -0.830075, 0.685788, -0.689834, -0.61128, -0.847284, 0.903765, 
15, -0.824812, 0.721481, -0.761454, -0.627058, -0.815668, 0.927118, 
15, -0.819916, 0.75746, -0.832683, -0.643837, -0.784392, 0.950795, 
15, -0.815123, 0.797666, -0.911387, -0.664633, -0.750932, 0.979066, 
15, -0.81043, 0.843785, -1.0006, -0.691258, -0.714432, 1.01403, 
15, -0.805834, 0.899043, -1.10613, -0.727241, -0.673291, 1.05976, 
15, -0.801333, 0.971148, -1.24181, -0.781133, -0.623755, 1.12611, 
15, -0.796923, 1.1279, -1.52923, -0.928658, -0.534304, 1.30055, 
16, -1.07406, -0.0367666, 0.280787, -0.964134, -1.06277, 1.06535, 
16, -1.06314, -0.0184924, 0.25468, -0.961785, -1.04959, 1.0658, 
16, -1.05252, -4.81275e-05, 0.228151, -0.95977, -1.03648, 1.06663, 
16, -1.04217, 0.0185728, 0.201184, -0.958109, -1.02343, 1.06785, 
16, -1.03211, 0.0373771, 0.173763, -0.956817, -1.01043, 1.06948, 
16, -1.0223, 0.0563726, 0.145873, -0.955913, -0.997464, 1.07154, 
16, -1.01276, 0.0755678, 0.117497, -0.95541, -0.984521, 1.07405, 
16, -1.00346, 0.0949728, 0.0886164, -0.955328, -0.971593, 1.07702, 
16, -0.9944, 0.114599, 0.0592093, -0.955686, -0.958669, 1.08047, 
16, -0.985575, 0.134459, 0.0292529, -0.956503, -0.945739, 1.08444, 
16, -0.976975, 0.154568, -0.00127897, -0.957802, -0.932794, 1.08894, 
16, -0.968594, 0.174941, -0.0324151, -0.959607, -0.919825, 1.094, 
16, -0.960422, 0.195598, -0.064188, -0.961947, -0.906822, 1.09965, 
16, -0.952455, 0.216558, -0.0966339, -0.964851, -0.893776, 1.10593, 
16, -0.944685, 0.237844, -0.129793, -0.968355, -0.880679, 1.11288, 
16, -0.937107, 0.259484, -0.163713, -0.9725, -0.86752, 1.12054, 
16, -0.929713, 0.281505, -0.198443, -0.977329, -0.854292, 1.12896, 
16, -0.922499, 0.303942, -0.234044, -0.982895, -0.840986, 1.1382, 
16, -0.915457, 0.326833, -0.270583, -0.989256, -0.827592, 1.14833, 
16, -0.908584, 0.350222, -0.308138, -0.996481, -0.814103, 1.15942, 
16, -0.901873, 0.374158, -0.346797, -1.00465, -0.800508, 1.17157, 
16, -0.895319, 0.398701, -0.386665, -1.01385, -0.7868, 1.18488, 
16, -0.888919, 0.423919, -0.427866, -1.0242, -0.77297, 1.19947, 
16, -0.882665, 0.449895, -0.470545, -1.03583, -0.759008, 1.21549, 
16, -0.876555, 0.476727, -0.514877, -1.04889, -0.744907, 1.23312, 
16, -0.870584, 0.504535, -0.561078, -1.06357, -0.730658, 1.25257, 
16, -0.864747, 0.533466, -0.609412, -1.08011, -0.716253, 1.27412, 
16, -0.859041, 0.563709, -0.660217, -1.09881, -0.701686, 1.29809, 
16, -0.853461, 0.595507, -0.713929, -1.12004, -0.686949, 1.32493, 
16, -0.848004, 0.629184, -0.771127, -1.14431, -0.672041, 1.3552, 
16, -0.842665, 0.665187, -0.83262, -1.17229, -0.656961, 1.38968, 
16, -0.837442, 0.704173, -0.899583, -1.20497, -0.641717, 1.4295, 
16, -0.832331, 0.74716, -0.973847, -1.24381, -0.62633, 1.47636, 
16, -0.827328, 0.795906, -1.05857, -1.29128, -0.61085, 1.53311, 
16, -0.822431, 0.853964, -1.16012, -1.35219, -0.5954, 1.60539, 
16, -0.817634, 0.931142, -1.29611, -1.43934, -0.580343, 1.70822, 
17, -0.765728, 0.664212, 0.395096, -0.0774504, -1.98044, 0.392007, 
17, -0.764259, 0.644105, 0.371444, -0.0751266, -1.93672, 0.394848, 
17, -0.762847, 0.626434, 0.345776, -0.073076, -1.89343, 0.397462, 
17, -0.761486, 0.611148, 0.318148, -0.0712623, -1.85056, 0.39988, 
17, -0.760173, 0.598208, 0.288596, -0.0696588, -1.80812, 0.402134, 
17, -0.758905, 0.587569, 0.25715, -0.0682443, -1.76608, 0.404254, 
17, -0.757681, 0.57919, 0.223829, -0.0670018, -1.72441, 0.406262, 
17, -0.7565, 0.573024, 0.18864, -0.0659172, -1.68309, 0.40818, 
17, -0.755358, 0.569032, 0.15158, -0.0649794, -1.64208, 0.410026, 
17, -0.754256, 0.567174, 0.112631, -0.0641791, -1.6013, 0.411815, 
17, -0.753191, 0.567422, 0.071763, -0.063509, -1.56071, 0.413562, 
17, -0.75216, 0.569752, 0.0289275, -0.0629637, -1.52023, 0.415282, 
17, -0.751163, 0.574156, -0.0159457, -0.0625399, -1.47979, 0.41699, 
17, -0.750198, 0.580629, -0.0629398, -0.0622351, -1.4393, 0.418698, 
17, -0.749461, 0.588738, -0.109816, -0.0621126, -1.40056, 0.420306, 
17, -0.748486, 0.599475, -0.161982, -0.0620203, -1.35916, 0.422109, 
17, -0.747567, 0.612385, -0.216552, -0.0620688, -1.31752, 0.423941, 
17, -0.74669, 0.627568, -0.273831, -0.0622594, -1.27546, 0.425833, 
17, -0.745848, 0.645158, -0.334168, -0.062601, -1.23275, 0.427815, 
17, -0.745036, 0.665344, -0.397994, -0.0631095, -1.18914, 0.429919, 
17, -0.74425, 0.688386, -0.465859, -0.063809, -1.14436, 0.432186, 
17, -0.743489, 0.71465, -0.538496, -0.0647346, -1.09804, 0.434666, 
17, -0.742751, 0.744662, -0.616916, -0.065938, -1.04969, 0.437428, 
17, -0.742035, 0.779198, -0.702576, -0.0674976, -0.998626, 0.440575, 
17, -0.741339, 0.819461, -0.7977, -0.0695385, -0.943845, 0.444263, 
17, -0.740663, 0.867454, -0.90594, -0.0722746, -0.883699, 0.448752, 
17, -0.740006, 0.926856, -1.03395, -0.0761104, -0.815219, 0.45453, 
17, -0.739343, 1.01896, -1.22029, -0.0835206, -0.721253, 0.464647, 
18, -0.791582, 0.433829, 0.769771, -0.135326, -1.98719, 0.328531, 
18, -0.788984, 0.411663, 0.747624, -0.130888, -1.94314, 0.333831, 
18, -0.786519, 0.392389, 0.723898, -0.127001, -1.90037, 0.338625, 
18, -0.784174, 0.375869, 0.698676, -0.123592, -1.85882, 0.342981, 
18, -0.781941, 0.361955, 0.672032, -0.120595, -1.81842, 0.346968, 
18, -0.779812, 0.350499, 0.644038, -0.117956, -1.77912, 0.350639, 
18, -0.77778, 0.341357, 0.614759, -0.115633, -1.74083, 0.354044, 
18, -0.775839, 0.334401, 0.584248, -0.113589, -1.70348, 0.357225, 
18, -0.773984, 0.329503, 0.55255, -0.111793, -1.66698, 0.360215, 
18, -0.772209, 0.326544, 0.519706, -0.110221, -1.63127, 0.363045, 
18, -0.770508, 0.325415, 0.485746, -0.108851, -1.59627, 0.365741, 
18, -0.768877, 0.326017, 0.450692, -0.107667, -1.56189, 0.368328, 
18, -0.767312, 0.328259, 0.414559, -0.106653, -1.52807, 0.370825, 
18, -0.765809, 0.332062, 0.377354, -0.105799, -1.49474, 0.373252, 
18, -0.764363, 0.337356, 0.339075, -0.105095, -1.46182, 0.375628, 
18, -0.762973, 0.344082, 0.299712, -0.104535, -1.42925, 0.377968, 
18, -0.761635, 0.352189, 0.259248, -0.104114, -1.39696, 0.380289, 
18, -0.760345, 0.361638, 0.217655, -0.103828, -1.36488, 0.382604, 
18, -0.759102, 0.372397, 0.174895, -0.103676, -1.33294, 0.38493, 
18, -0.758023, 0.384584, 0.132273, -0.103655, -1.3026, 0.387082, 
18, -0.756828, 0.397834, 0.0867452, -0.10377, -1.27037, 0.38954, 
18, -0.755687, 0.412385, 0.0399462, -0.104029, -1.23818, 0.392027, 
18, -0.754591, 0.428246, -0.00823684, -0.104437, -1.20593, 0.394574, 
18, -0.753537, 0.445437, -0.0579271, -0.105001, -1.17351, 0.397205, 
18, -0.752519, 0.463996, -0.109265, -0.105734, -1.14081, 0.399946, 
18, -0.751535, 0.483977, -0.162415, -0.106651, -1.10773, 0.402824, 
18, -0.750584, 0.505457, -0.217574, -0.107772, -1.07414, 0.405871, 
18, -0.749663, 0.528542, -0.274981, -0.109124, -1.03993, 0.409124, 
18, -0.74877, 0.55337, -0.334932, -0.110742, -1.00492, 0.412628, 
18, -0.747905, 0.580123, -0.397797, -0.112671, -0.968939, 0.416441, 
18, -0.747066, 0.609045, -0.464054, -0.114974, -0.931751, 0.420638, 
18, -0.746251, 0.640465, -0.53433, -0.117735, -0.893063, 0.42532, 
18, -0.745461, 0.674838, -0.609476, -0.121076, -0.852485, 0.430626, 
18, -0.744693, 0.712812, -0.69069, -0.125175, -0.809475, 0.436761, 
18, -0.743947, 0.75536, -0.779749, -0.130311, -0.763243, 0.44404, 
18, -0.743222, 0.804027, -0.879458, -0.136946, -0.712549, 0.452977, 
18, -0.742517, 0.861498, -0.994663, -0.145919, -0.655268, 0.464503, 
18, -0.741817, 0.9403, -1.14808, -0.161602, -0.581476, 0.483552, 
18, -0.741148, 1.06525, -1.38391, -0.193754, -0.472167, 0.520578, 
19, -0.806803, -0.202932, 0.90477, -0.193362, -1.29885, 0.355728, 
19, -0.803436, -0.185119, 0.869657, -0.191202, -1.28145, 0.356242, 
19, -0.800295, -0.166881, 0.834212, -0.18937, -1.26404, 0.356885, 
19, -0.797392, -0.148439, 0.798478, -0.187911, -1.24655, 0.357901, 
19, -0.794628, -0.129788, 0.76248, -0.186713, -1.22912, 0.359141, 
19, -0.791996, -0.110962, 0.726222, -0.185653, -1.21162, 0.360413, 
19, -0.789486, -0.091933, 0.689659, -0.184732, -1.19403, 0.361734, 
19, -0.787092, -0.0726902, 0.65276, -0.183953, -1.17632, 0.363122, 
19, -0.784804, -0.053228, 0.615505, -0.183315, -1.15849, 0.36459, 
19, -0.782617, -0.0335428, 0.577873, -0.18282, -1.14052, 0.366152, 
19, -0.780526, -0.0136289, 0.539842, -0.182471, -1.12239, 0.367817, 
19, -0.778525, 0.00652292, 0.501391, -0.182271, -1.10408, 0.369597, 
19, -0.776611, 0.0269262, 0.46249, -0.182224, -1.08558, 0.371499, 
19, -0.774779, 0.0475981, 0.423111, -0.182337, -1.06688, 0.373533, 
19, -0.773026, 0.0685591, 0.383215, -0.182613, -1.04797, 0.375705, 
19, -0.771363, 0.0898174, 0.342727, -0.183086, -1.02878, 0.378048, 
19, -0.769773, 0.111415, 0.301623, -0.183748, -1.00933, 0.380551, 
19, -0.768243, 0.133388, 0.259884, -0.184587, -0.989642, 0.383209, 
19, -0.76677, 0.155757, 0.217462, -0.185613, -0.96968, 0.386036, 
19, -0.76535, 0.17855, 0.174301, -0.18684, -0.94942, 0.38905, 
19, -0.763982, 0.201798, 0.13034, -0.188282, -0.92883, 0.392267, 
19, -0.762663, 0.225535, 0.0855105, -0.189957, -0.907881, 0.395711, 
19, -0.761391, 0.249803, 0.0397359, -0.191887, -0.886535, 0.399406, 
19, -0.760163, 0.274648, -0.00707193, -0.194097, -0.864755, 0.403383, 
19, -0.758977, 0.300124, -0.0550133, -0.196619, -0.842496, 0.407676, 
19, -0.75783, 0.326295, -0.104204, -0.19949, -0.819708, 0.412328, 
19, -0.756722, 0.353233, -0.154779, -0.202757, -0.796332, 0.41739, 
19, -0.75565, 0.381026, -0.206897, -0.206478, -0.772301, 0.422926, 
19, -0.754613, 0.409777, -0.260747, -0.210725, -0.747535, 0.429016, 
19, -0.753608, 0.439611, -0.316555, -0.215592, -0.721938, 0.435758, 
19, -0.752635, 0.470682, -0.3746, -0.221198, -0.695394, 0.443282, 
19, -0.751692, 0.50318, -0.435229, -0.227701, -0.667759, 0.451756, 
19, -0.750777, 0.537349, -0.498881, -0.235316, -0.638851, 0.461408, 
19, -0.749889, 0.573506, -0.566128, -0.244341, -0.608435, 0.472551, 
19, -0.749028, 0.612078, -0.637742, -0.255202, -0.576196, 0.485637, 
19, -0.748192, 0.653659, -0.714794, -0.268543, -0.541699, 0.501336, 
19, -0.74738, 0.699121, -0.79885, -0.285378, -0.504314, 0.520706, 
19, -0.746591, 0.749812, -0.892342, -0.307419, -0.463068, 0.545521, 
19, -0.745824, 0.808013, -0.999364, -0.337821, -0.416332, 0.57904, 
19, -0.74507, 0.883865, -1.13828, -0.393835, -0.357532, 0.639287, 
19, -0.744344, 0.993229, -1.33729, -0.509463, -0.276101, 0.760703, 
20, -0.807851, -0.530104, 0.657418, -0.434093, -0.483151, 0.550528, 
20, -0.804482, -0.492758, 0.6266, -0.422748, -0.487703, 0.538197, 
20, -0.801301, -0.456329, 0.5954, -0.412908, -0.491201, 0.52754, 
20, -0.798292, -0.420733, 0.563813, -0.404392, -0.493688, 0.51836, 
20, -0.795443, -0.385892, 0.531832, -0.397056, -0.495206, 0.510499, 
20, -0.792742, -0.351735, 0.499445, -0.390799, -0.495799, 0.503842, 
20, -0.790179, -0.318192, 0.466641, -0.385552, -0.495516, 0.49831, 
20, -0.787742, -0.285197, 0.433406, -0.381209, -0.494386, 0.493785, 
20, -0.785422, -0.252691, 0.399725, -0.377707, -0.49244, 0.490198, 
20, -0.783212, -0.220614, 0.365581, -0.374999, -0.489709, 0.487492, 
20, -0.781103, -0.188912, 0.330951, -0.373049, -0.486219, 0.485627, 
20, -0.779088, -0.15753, 0.295815, -0.371834, -0.481994, 0.484572, 
20, -0.777162, -0.126418, 0.260145, -0.371338, -0.477055, 0.484307, 
20, -0.775318, -0.0955236, 0.223914, -0.371559, -0.471418, 0.484826, 
20, -0.773552, -0.0647982, 0.187088, -0.372503, -0.465098, 0.48613, 
20, -0.771858, -0.0341922, 0.149632, -0.374187, -0.458109, 0.488234, 
20, -0.770233, -0.00365611, 0.111506, -0.37664, -0.450457, 0.491164, 
20, -0.768672, 0.0268603, 0.0726639, -0.379902, -0.44215, 0.494958, 
20, -0.767171, 0.0574085, 0.033056, -0.384029, -0.43319, 0.49967, 
20, -0.765727, 0.0880419, -0.00737541, -0.389095, -0.423577, 0.505373, 
20, -0.764338, 0.118816, -0.0486952, -0.395191, -0.413307, 0.512157, 
20, -0.762999, 0.149792, -0.0909772, -0.402435, -0.402375, 0.520141, 
20, -0.761708, 0.181032, -0.134306, -0.410979, -0.390769, 0.529475, 
20, -0.760462, 0.212608, -0.17878, -0.421011, -0.378475, 0.540351, 
20, -0.75926, 0.244597, -0.224511, -0.432775, -0.365475, 0.553012, 
20, -0.758099, 0.277086, -0.271633, -0.446584, -0.351747, 0.567774, 
20, -0.756977, 0.310176, -0.320303, -0.462849, -0.337263, 0.58505, 
20, -0.755892, 0.343985, -0.37071, -0.482113, -0.321993, 0.605388, 
20, -0.754842, 0.378649, -0.423081, -0.505108, -0.305899, 0.629526, 
20, -0.753826, 0.414335, -0.477699, -0.532849, -0.288944, 0.658484, 
20, -0.752842, 0.45125, -0.534916, -0.566771, -0.271083, 0.693706, 
20, -0.751888, 0.489655, -0.595186, -0.608977, -0.252279, 0.737306, 
20, -0.750964, 0.529887, -0.659105, -0.662661, -0.232501, 0.792491, 
20, -0.750067, 0.572405, -0.727478, -0.732911, -0.211748, 0.864369, 
20, -0.749194, 0.618251, -0.802218, -0.830864, -0.19131, 0.964218, 
20, -0.748349, 0.667907, -0.884089, -0.966116, -0.17055, 1.10153, 
20, -0.747528, 0.723354, -0.976683, -1.16374, -0.151759, 1.30153, 
20, -0.746731, 0.788029, -1.08616, -1.45956, -0.139407, 1.60024, 
20, -0.745955, 0.870712, -1.22828, -1.87711, -0.144579, 2.02166, 
20, -0.745201, 1.05273, -1.54883, 0.649762, 0.22775, -6.77911, 
21, -0.560935, 0.513317, 0.607524, 0.218877, -1.96598, 0.26006, 
21, -0.570036, 0.490311, 0.579745, 0.208187, -1.91547, 0.252883, 
21, -0.578667, 0.470878, 0.549567, 0.198801, -1.86601, 0.246789, 
21, -0.586862, 0.454877, 0.517094, 0.190528, -1.81759, 0.241593, 
21, -0.594653, 0.442157, 0.482421, 0.183213, -1.77017, 0.237142, 
21, -0.602068, 0.432564, 0.445625, 0.176724, -1.72371, 0.233307, 
21, -0.609133, 0.425949, 0.406771, 0.170958, -1.67813, 0.229979, 
21, -0.615871, 0.422168, 0.365906, 0.165828, -1.63333, 0.227065, 
21, -0.622296, 0.421619, 0.324135, 0.161257, -1.59085, 0.224977, 
21, -0.628446, 0.422845, 0.279293, 0.157168, -1.54703, 0.22259, 
21, -0.634328, 0.426658, 0.23242, 0.153556, -1.50377, 0.220398, 
21, -0.639959, 0.433016, 0.183313, 0.150397, -1.46084, 0.218311, 
21, -0.645354, 0.441704, 0.132245, 0.147629, -1.41827, 0.216377, 
21, -0.650527, 0.452683, 0.0791033, 0.145232, -1.37591, 0.214531, 
21, -0.655493, 0.465934, 0.023745, 0.143195, -1.33362, 0.212713, 
21, -0.660263, 0.481461, -0.0339978, 0.141512, -1.29123, 0.210868, 
21, -0.664848, 0.499301, -0.0943306, 0.140186, -1.24857, 0.208947, 
21, -0.669258, 0.519526, -0.157512, 0.139227, -1.20546, 0.206893, 
21, -0.673503, 0.542255, -0.223871, 0.138659, -1.1617, 0.204647, 
21, -0.677593, 0.567667, -0.293836, 0.138515, -1.11703, 0.202137, 
21, -0.681535, 0.596022, -0.367969, 0.13885, -1.07117, 0.199272, 
21, -0.685337, 0.627692, -0.44703, 0.139746, -1.02372, 0.195934, 
21, -0.689006, 0.66322, -0.532074, 0.141327, -0.97418, 0.191959, 
21, -0.692549, 0.703414, -0.624634, 0.143786, -0.921844, 0.187104, 
21, -0.695972, 0.749547, -0.727065, 0.147442, -0.865642, 0.180987, 
21, -0.699281, 0.803758, -0.84328, 0.152858, -0.803834, 0.172947, 
21, -0.702481, 0.870072, -0.980572, 0.161156, -0.733211, 0.161697, 
21, -0.705576, 0.957484, -1.15515, 0.174987, -0.646701, 0.144238, 
22, -0.462089, 0.168856, 0.934057, 0.305114, -1.81745, 0.14472, 
22, -0.476988, 0.151324, 0.904124, 0.290207, -1.77016, 0.13698, 
22, -0.490949, 0.139128, 0.87229, 0.277276, -1.72585, 0.131554, 
22, -0.504065, 0.130684, 0.838718, 0.265788, -1.68339, 0.127352, 
22, -0.51638, 0.125438, 0.803694, 0.255473, -1.64261, 0.123923, 
22, -0.527973, 0.123148, 0.767369, 0.246167, -1.60345, 0.12119, 
22, -0.538906, 0.12354, 0.729716, 0.237766, -1.56559, 0.119077, 
22, -0.549231, 0.126349, 0.690809, 0.230155, -1.52888, 0.11745, 
22, -0.558993, 0.131331, 0.650718, 0.223237, -1.49314, 0.116202, 
22, -0.568237, 0.13828, 0.6095, 0.216932, -1.45823, 0.115245, 
22, -0.576999, 0.147029, 0.567188, 0.211179, -1.42405, 0.114506, 
22, -0.585316, 0.157447, 0.523799, 0.205929, -1.39047, 0.113925, 
22, -0.593219, 0.169426, 0.479331, 0.201142, -1.35739, 0.113452, 
22, -0.600736, 0.182883, 0.433769, 0.196786, -1.32472, 0.113045, 
22, -0.607894, 0.197749, 0.387071, 0.192839, -1.29234, 0.112657, 
22, -0.614716, 0.213965, 0.339204, 0.189278, -1.26018, 0.112263, 
22, -0.621228, 0.231485, 0.290146, 0.186079, -1.22815, 0.111846, 
22, -0.627448, 0.250278, 0.239834, 0.18323, -1.19617, 0.111375, 
22, -0.633396, 0.270331, 0.18819, 0.180725, -1.16414, 0.110819, 
22, -0.639089, 0.291648, 0.135121, 0.178562, -1.13198, 0.110146, 
22, -0.644542, 0.314245, 0.0805148, 0.176744, -1.09959, 0.109327, 
22, -0.64977, 0.338159, 0.0242343, 0.175281, -1.06687, 0.108325, 
22, -0.654786, 0.363447, -0.0338842, 0.174187, -1.03372, 0.107103, 
22, -0.659603, 0.390187, -0.0940406, 0.173487, -1.00002, 0.105616, 
22, -0.664233, 0.418488, -0.156479, 0.173215, -0.965622, 0.103808, 
22, -0.668684, 0.448492, -0.221504, 0.173418, -0.930381, 0.101611, 
22, -0.672969, 0.480386, -0.289493, 0.174164, -0.894104, 0.0989404, 
22, -0.677095, 0.514421, -0.360936, 0.175546, -0.856559, 0.0956801, 
22, -0.681071, 0.550932, -0.436473, 0.177698, -0.817448, 0.091674, 
22, -0.684905, 0.590383, -0.516969, 0.180814, -0.776379, 0.0867002, 
22, -0.688604, 0.633433, -0.603639, 0.185191, -0.732812, 0.0804291, 
22, -0.692175, 0.681064, -0.69828, 0.191302, -0.685959, 0.072342, 
22, -0.695625, 0.734839, -0.803729, 0.199958, -0.63459, 0.0615616, 
22, -0.698958, 0.797477, -0.924895, 0.212687, -0.576593, 0.0464497, 
22, -0.70218, 0.87438, -1.0715, 0.2328, -0.507811, 0.0234907, 
22, -0.705313, 0.996542, -1.29938, 0.283645, -0.404922, -0.0321947, 
23, -0.440565, -0.427628, 0.935682, 0.406882, -1.07365, -0.177636, 
23, -0.456921, -0.393186, 0.895388, 0.392974, -1.06269, -0.165195, 
23, -0.472203, -0.359734, 0.854804, 0.380168, -1.05103, -0.154011, 
23, -0.486507, -0.327107, 0.813896, 0.368366, -1.03871, -0.143936, 
23, -0.49992, -0.295165, 0.772635, 0.357486, -1.02578, -0.134848, 
23, -0.512517, -0.263791, 0.730989, 0.347456, -1.01226, -0.126648, 
23, -0.524367, -0.23288, 0.688927, 0.338214, -0.998195, -0.119252, 
23, -0.535532, -0.202341, 0.646416, 0.329706, -0.98359, -0.112589, 
23, -0.546066, -0.17209, 0.603422, 0.321885, -0.968463, -0.1066, 
23, -0.556019, -0.142053, 0.559908, 0.314711, -0.952825, -0.101236, 
23, -0.565436, -0.11216, 0.515834, 0.30815, -0.936681, -0.0964559, 
23, -0.574359, -0.0823437, 0.471159, 0.302172, -0.920035, -0.0922265, 
23, -0.582823, -0.0525432, 0.425835, 0.296755, -0.902884, -0.0885225, 
23, -0.590862, -0.0226973, 0.37981, 0.291881, -0.885223, -0.085325, 
23, -0.598506, 0.00725408, 0.333029, 0.287539, -0.867042, -0.0826216, 
23, -0.605783, 0.0373711, 0.285428, 0.28372, -0.848328, -0.0804061, 
23, -0.612718, 0.0677154, 0.236936, 0.280426, -0.829061, -0.0786791, 
23, -0.619333, 0.0983511, 0.187474, 0.27766, -0.80922, -0.077448, 
23, -0.625651, 0.129346, 0.136952, 0.275436, -0.788776, -0.076728, 
23, -0.63169, 0.160774, 0.0852674, 0.273774, -0.767693, -0.0765432, 
23, -0.637467, 0.192714, 0.0323014, 0.272706, -0.745931, -0.0769281, 
23, -0.643, 0.225256, -0.0220835, 0.272274, -0.723439, -0.0779304, 
23, -0.648302, 0.2585, -0.0780481, 0.272538, -0.700157, -0.0796137, 
23, -0.653388, 0.292564, -0.135783, 0.273576, -0.67601, -0.0820627, 
23, -0.65827, 0.327583, -0.195517, 0.275495, -0.650911, -0.0853902, 
23, -0.662961, 0.363721, -0.25753, 0.278438, -0.624749, -0.0897475, 
23, -0.66747, 0.401177, -0.322166, 0.282602, -0.597388, -0.0953404, 
23, -0.671809, 0.440201, -0.389862, 0.28826, -0.568655, -0.102454, 
23, -0.675986, 0.481111, -0.461183, 0.295804, -0.538329, -0.111493, 
23, -0.68001, 0.524332, -0.53688, 0.305811, -0.506114, -0.123057, 
23, -0.683889, 0.570444, -0.61799, 0.319173, -0.471607, -0.13806, 
23, -0.687631, 0.620284, -0.706014, 0.337339, -0.434232, -0.157989, 
23, -0.691242, 0.675137, -0.803252, 0.362841, -0.39312, -0.185431, 
23, -0.694729, 0.73713, -0.913525, 0.400539, -0.346849, -0.225327, 
23, -0.69811, 0.812697, -1.04847, 0.469578, -0.291883, -0.29727, 
23, -0.701371, 0.913428, -1.22875, 0.616318, -0.221753, -0.44796, 
24, -0.301805, -0.900028, 0.830013, 1.21672, -0.589022, -1.19289, 
24, -0.328049, -0.851694, 0.803123, 1.17277, -0.572508, -1.1386, 
24, -0.352355, -0.80405, 0.775255, 1.13007, -0.558377, -1.0868, 
24, -0.374816, -0.75736, 0.746578, 1.08815, -0.546292, -1.03704, 
24, -0.395631, -0.711583, 0.717087, 1.04776, -0.535899, -0.989857, 
24, -0.414966, -0.666729, 0.686824, 1.0092, -0.526395, -0.945427, 
24, -0.432953, -0.622702, 0.655742, 0.972894, -0.518842, -0.904067, 
24, -0.449721, -0.579548, 0.623915, 0.938862, -0.511762, -0.8657, 
24, -0.465382, -0.537209, 0.591344, 0.907191, -0.505152, -0.830325, 
24, -0.480035, -0.495634, 0.558034, 0.87791, -0.498894, -0.797894, 
24, -0.49377, -0.454773, 0.523986, 0.851004, -0.492847, -0.768328, 
24, -0.506664, -0.414573, 0.489201, 0.826432, -0.486871, -0.741526, 
24, -0.518789, -0.37498, 0.453674, 0.80413, -0.480844, -0.717376, 
24, -0.530208, -0.335938, 0.417397, 0.784031, -0.474659, -0.695766, 
24, -0.540979, -0.297389, 0.380355, 0.766065, -0.468229, -0.676589, 
24, -0.551153, -0.259275, 0.342532, 0.750169, -0.46148, -0.659747, 
24, -0.560775, -0.221536, 0.303904, 0.73629, -0.454348, -0.645158, 
24, -0.569889, -0.184114, 0.264442, 0.724389, -0.446784, -0.632758, 
24, -0.578532, -0.146945, 0.224112, 0.714445, -0.438744, -0.622503, 
24, -0.586739, -0.109969, 0.182874, 0.706455, -0.430192, -0.614372, 
24, -0.59454, -0.0731186, 0.140678, 0.700444, -0.421096, -0.608372, 
24, -0.601964, -0.0363285, 0.0974675, 0.696463, -0.411429, -0.604541, 
24, -0.609037, 0.000471954, 0.0531774, 0.694599, -0.401166, -0.602955, 
24, -0.615783, 0.0373573, 0.00772992, 0.694982, -0.390286, -0.603731, 
24, -0.622223, 0.0744072, -0.0389653, 0.697791, -0.378768, -0.607042, 
24, -0.628377, 0.111708, -0.0870143, 0.703274, -0.366594, -0.613129, 
24, -0.634263, 0.149356, -0.136542, 0.711764, -0.353747, -0.622319, 
24, -0.639898, 0.187457, -0.187698, 0.723703, -0.340211, -0.635054, 
24, -0.645298, 0.226134, -0.24066, 0.739688, -0.325977, -0.651927, 
24, -0.650476, 0.265527, -0.295644, 0.760521, -0.311043, -0.673741, 
24, -0.655446, 0.305804, -0.352915, 0.787294, -0.295416, -0.701593, 
24, -0.660219, 0.347166, -0.412803, 0.821516, -0.27913, -0.736997, 
24, -0.664807, 0.389864, -0.47573, 0.865299, -0.262253, -0.782075, 
24, -0.66922, 0.434218, -0.542239, 0.921651, -0.244925, -0.839847, 
24, -0.673468, 0.480649, -0.613063, 0.994918, -0.227412, -0.914681, 
24, -0.67756, 0.529733, -0.689213, 1.09144, -0.210209, -1.01294, 
24, -0.681503, 0.5823, -0.772157, 1.22038, -0.194252, -1.14384, 
24, -0.685305, 0.639609, -0.864141, 1.39427, -0.181323, -1.31996, 
24, -0.688987, 0.70512, -0.971423, 1.62303, -0.175559, -1.55158, 
24, -0.692533, 0.782472, -1.10042, 1.90881, -0.182312, -1.84088, 
24, -0.695959, 0.888536, -1.28143, 2.24405, -0.21629, -2.18151, 
25, -0.322375, 0.397048, 0.730882, 0.520278, -1.96185, 0.135364, 
25, -0.346203, 0.37127, 0.703415, 0.492639, -1.91028, 0.117239, 
25, -0.368765, 0.350008, 0.672707, 0.468532, -1.85903, 0.102433, 
25, -0.390092, 0.333115, 0.63904, 0.447451, -1.80855, 0.0901355, 
25, -0.410265, 0.320339, 0.602623, 0.428934, -1.75899, 0.0798087, 
25, -0.429364, 0.311419, 0.563637, 0.412595, -1.7104, 0.0710907, 
25, -0.44746, 0.306119, 0.522219, 0.398134, -1.66277, 0.0636733, 
25, -0.464615, 0.304229, 0.478466, 0.385321, -1.61605, 0.0572866, 
25, -0.480886, 0.305556, 0.43244, 0.373973, -1.57016, 0.0517063, 
25, -0.496329, 0.309923, 0.384176, 0.363941, -1.52502, 0.0467447, 
25, -0.510998, 0.317153, 0.33364, 0.355106, -1.48044, 0.0421947, 
25, -0.524937, 0.327128, 0.280895, 0.347364, -1.4364, 0.038014, 
25, -0.538199, 0.339723, 0.225893, 0.340633, -1.39275, 0.0340521, 
25, -0.55083, 0.354848, 0.168556, 0.334857, -1.34934, 0.0301776, 
25, -0.56287, 0.372446, 0.108768, 0.33, -1.30601, 0.0262684, 
25, -0.574357, 0.392499, 0.0463714, 0.326046, -1.26261, 0.0222052, 
25, -0.585326, 0.415028, -0.018843, 0.323004, -1.21895, 0.0178643, 
25, -0.595808, 0.440099, -0.0871507, 0.320904, -1.17485, 0.0131108, 
25, -0.605834, 0.467837, -0.158912, 0.319807, -1.13008, 0.00778971, 
25, -0.615431, 0.498434, -0.234603, 0.319813, -1.08438, 0.00171294, 
25, -0.624623, 0.532179, -0.314854, 0.321074, -1.03743, -0.00535889, 
25, -0.633435, 0.569495, -0.40053, 0.323822, -0.988815, -0.013747, 
25, -0.641888, 0.611007, -0.492849, 0.32841, -0.938002, -0.0239067, 
25, -0.650002, 0.657664, -0.593605, 0.335403, -0.884215, -0.0365245, 
25, -0.657796, 0.710989, -0.705616, 0.345749, -0.826281, -0.0527159, 
25, -0.665286, 0.773627, -0.833709, 0.36119, -0.762236, -0.0744818, 
25, -0.672489, 0.850797, -0.987329, 0.385373, -0.688306, -0.105943, 
25, -0.67945, 0.965389, -1.2078, 0.435881, -0.588663, -0.16707, 
26, -0.171969, -0.00393692, 0.934398, 0.649797, -1.71158, -0.112165, 
26, -0.204474, -0.0120157, 0.902839, 0.622831, -1.66775, -0.119737, 
26, -0.235128, -0.0154759, 0.868988, 0.59892, -1.6258, -0.124966, 
26, -0.264006, -0.0152781, 0.833042, 0.577443, -1.58528, -0.12873, 
26, -0.291229, -0.0118405, 0.795211, 0.557974, -1.54617, -0.131384, 
26, -0.316914, -0.00554208, 0.755675, 0.540241, -1.50823, -0.133018, 
26, -0.341156, 0.00332514, 0.71452, 0.524081, -1.4713, -0.133911, 
26, -0.364045, 0.014503, 0.671823, 0.509345, -1.43528, -0.134288, 
26, -0.385671, 0.0277671, 0.627648, 0.495907, -1.40004, -0.134326, 
26, -0.406113, 0.042929, 0.582038, 0.483666, -1.36546, -0.134169, 
26, -0.425452, 0.0598243, 0.535014, 0.472537, -1.33142, -0.133944, 
26, -0.443758, 0.0783341, 0.486585, 0.462455, -1.2978, -0.133746, 
26, -0.461102, 0.0983688, 0.436742, 0.453362, -1.26453, -0.133653, 
26, -0.477548, 0.119849, 0.385459, 0.445216, -1.23148, -0.133745, 
26, -0.493156, 0.14272, 0.332688, 0.437987, -1.19856, -0.134096, 
26, -0.507982, 0.166947, 0.278366, 0.431658, -1.16567, -0.134777, 
26, -0.522076, 0.192517, 0.222405, 0.426223, -1.13271, -0.13586, 
26, -0.535486, 0.219439, 0.164696, 0.421692, -1.09956, -0.137421, 
26, -0.548257, 0.247742, 0.105104, 0.418086, -1.06614, -0.139544, 
26, -0.56043, 0.277482, 0.043457, 0.415447, -1.03231, -0.142324, 
26, -0.572041, 0.308739, -0.0204546, 0.413837, -0.997959, -0.145873, 
26, -0.583127, 0.341629, -0.0868921, 0.413344, -0.962947, -0.15033, 
26, -0.593719, 0.376305, -0.156183, 0.414096, -0.927113, -0.155866, 
26, -0.603847, 0.412974, -0.228743, 0.416267, -0.890268, -0.162707, 
26, -0.61354, 0.451914, -0.305112, 0.420107, -0.852181, -0.17115, 
26, -0.622822, 0.493501, -0.386001, 0.425968, -0.812561, -0.181606, 
26, -0.631719, 0.538258, -0.472383, 0.434373, -0.771026, -0.194666, 
26, -0.640251, 0.586935, -0.56564, 0.446118, -0.727053, -0.211213, 
26, -0.648439, 0.64067, -0.667844, 0.46249, -0.679883, -0.232655, 
26, -0.656302, 0.701301, -0.782326, 0.485726, -0.628329, -0.261414, 
26, -0.663857, 0.77211, -0.91501, 0.520139, -0.570337, -0.302117, 
26, -0.671152, 0.864154, -1.08589, 0.581584, -0.499637, -0.371912, 
26, -0.67815, 1.01088, -1.35485, 0.725655, -0.397796, -0.529494, 
27, -0.0518172, -0.512341, 0.945444, 0.879249, -1.26963, -0.639099, 
27, -0.091243, -0.484922, 0.911414, 0.857051, -1.239, -0.620056, 
27, -0.12823, -0.45639, 0.876567, 0.835491, -1.20956, -0.601321, 
27, -0.163164, -0.42689, 0.840485, 0.814712, -1.18163, -0.583225, 
27, -0.196027, -0.396914, 0.803433, 0.795025, -1.15348, -0.565961, 
27, -0.227145, -0.365959, 0.765004, 0.776082, -1.12827, -0.549702, 
27, -0.256486, -0.334547, 0.725505, 0.758071, -1.10388, -0.534361, 
27, -0.284161, -0.302748, 0.684946, 0.740963, -1.08026, -0.519936, 
27, -0.310261, -0.270631, 0.643351, 0.724887, -1.05717, -0.506573, 
27, -0.334885, -0.238235, 0.600726, 0.709875, -1.03448, -0.494313, 
27, -0.358127, -0.205579, 0.557065, 0.695939, -1.0121, -0.483167, 
27, -0.380078, -0.172669, 0.512355, 0.683086, -0.989917, -0.473141, 
27, -0.400823, -0.139503, 0.466574, 0.671325, -0.967852, -0.464242, 
27, -0.420443, -0.106063, 0.419692, 0.660668, -0.945814, -0.456476, 
27, -0.439013, -0.0723258, 0.371668, 0.651128, -0.923723, -0.449855, 
27, -0.456604, -0.0382573, 0.322449, 0.642724, -0.901503, -0.444394, 
27, -0.473281, -0.00381478, 0.271972, 0.635486, -0.879081, -0.440121, 
27, -0.489104, 0.0310536, 0.22016, 0.629449, -0.856389, -0.437072, 
27, -0.504131, 0.0664095, 0.166918, 0.624666, -0.833359, -0.435301, 
27, -0.518414, 0.102326, 0.112135, 0.621205, -0.809921, -0.434878, 
27, -0.532001, 0.138887, 0.055677, 0.619157, -0.786006, -0.435899, 
27, -0.544937, 0.176194, -0.00261736, 0.61864, -0.761541, -0.438489, 
27, -0.557264, 0.214366, -0.0629434, 0.619812, -0.736446, -0.442815, 
27, -0.56902, 0.253545, -0.125539, 0.622881, -0.710633, -0.449096, 
27, -0.580241, 0.293904, -0.190698, 0.628123, -0.684006, -0.457623, 
27, -0.590961, 0.335656, -0.258788, 0.635908, -0.656451, -0.46879, 
27, -0.601208, 0.379072, -0.330276, 0.646748, -0.627838, -0.48313, 
27, -0.611013, 0.424498, -0.405775, 0.661354, -0.598008, -0.501394, 
27, -0.620401, 0.472399, -0.486104, 0.680756, -0.566768, -0.524656, 
27, -0.629396, 0.523413, -0.572401, 0.706489, -0.533877, -0.554519, 
27, -0.638021, 0.57847, -0.666326, 0.740961, -0.499024, -0.59349, 
27, -0.646296, 0.639003, -0.770445, 0.788182, -0.461803, -0.645729, 
27, -0.65424, 0.707415, -0.88907, 0.855413, -0.421668, -0.718748, 
27, -0.661908, 0.791473, -1.03624, 0.965199, -0.377319, -0.836079, 
27, -0.669255, 0.905558, -1.23762, 1.16577, -0.328428, -1.04743, 
28, -0.0823729, -0.623237, 0.629358, 1.28619, -0.95612, -1.27113, 
28, -0.119788, -0.588566, 0.60231, -1.8687, 0.922614, 1.89257, 
28, -0.155138, -0.553037, 0.573988, -1.88299, 0.891091, 1.91477, 
28, -0.188475, -0.516795, 0.544359, 1.24385, -0.861523, -1.20504, 
28, -0.219945, -0.479971, 0.513473, -1.91277, 0.833747, 1.9578, 
28, -0.277622, -0.405009, 0.447922, 1.19896, -0.783035, -1.14376, 
28, -0.304029, -0.367037, 0.413271, 1.18457, -0.759756, -1.12534, 
28, -0.328944, -0.328817, 0.37737, 1.17082, -0.737654, -1.10818, 
28, -0.352466, -0.290381, 0.340206, 1.15791, -0.716577, -1.09245, 
28, -0.374682, -0.251754, 0.301767, 1.14602, -0.696381, -1.07828, 
28, -0.395678, -0.212945, 0.26203, 1.13534, -0.676934, -1.06582, 
28, -0.415534, -0.17395, 0.220967, 1.12605, -0.65811, -1.05519, 
28, -0.434326, -0.134752, 0.178536, 1.1183, -0.639792, -1.04654, 
28, -0.452126, -0.095323, 0.134686, 1.11229, -0.621877, -1.04001, 
28, -0.468976, -0.0557322, 0.0894623, 1.10954, -0.603003, -1.03709, 
28, -0.484988, -0.0156952, 0.0425527, 1.10753, -0.585813, -1.03527, 
28, -0.500192, 0.0247196, -0.00600909, 1.10792, -0.568702, -1.03614, 
28, -0.51464, 0.065591, -0.0563423, 1.11096, -0.551626, -1.03996, 
28, -0.528383, 0.107013, -0.10859, 1.11698, -0.534544, -1.04705, 
28, -0.541465, 0.149097, -0.162929, 1.12637, -0.517419, -1.05778, 
28, -0.553929, 0.191978, -0.219573, 1.13961, -0.500229, -1.07262, 
28, -0.565814, 0.23582, -0.278791, 1.15729, -0.482957, -1.09218, 
28, -0.577169, 0.280917, -0.341039, 1.17788, -0.466823, -1.11493, 
28, -0.588004, 0.32736, -0.406538, 1.20642, -0.449733, -1.14591, 
28, -0.598361, 0.375559, -0.475958, 1.24219, -0.432821, -1.18444, 
28, -0.608269, 0.425956, -0.550068, 1.28674, -0.416277, -1.23211, 
28, -0.617755, 0.479163, -0.629944, 1.34214, -0.400419, -1.29105, 
28, -0.626844, 0.536073, -0.717168, 1.4112, -0.38577, -1.36419, 
28, -0.635558, 0.59809, -0.814243, 1.4979, -0.373208, -1.45566, 
28, -0.643923, 0.667592, -0.925413, 1.60728, -0.364049, -1.5708, 
28, -0.651952, 0.749851, -1.06015, -1.39237, 0.361865, 1.42139, 
28, -0.659666, 0.860503, -1.2465, 1.94561, -0.375946, -1.92786, 
29, -0.0758288, 0.321965, 0.770868, 0.790905, -1.98072, 0.00532678, 
29, -0.115072, 0.29398, 0.747292, 0.747645, -1.93106, -0.0190198, 
29, -0.151954, 0.269267, 0.721583, 0.709283, -1.87988, -0.0387978, 
29, -0.187361, 0.250186, 0.69136, 0.675673, -1.82943, -0.0557985, 
29, -0.220994, 0.23585, 0.657671, 0.645863, -1.77914, -0.0696528, 
29, -0.252929, 0.22608, 0.620639, 0.619437, -1.7293, -0.0809432, 
29, -0.283233, 0.220631, 0.580434, 0.595987, -1.68011, -0.0901725, 
29, -0.311974, 0.219238, 0.537217, 0.575158, -1.63165, -0.0977703, 
29, -0.339224, 0.221639, 0.491117, 0.556654, -1.58393, -0.104105, 
29, -0.365077, 0.227546, 0.442197, 0.540217, -1.53682, -0.109521, 
29, -0.389567, 0.236831, 0.390562, 0.525685, -1.49042, -0.114224, 
29, -0.412781, 0.24928, 0.336235, 0.512887, -1.44459, -0.11846, 
29, -0.434795, 0.264725, 0.279201, 0.501693, -1.39921, -0.122448, 
29, -0.455682, 0.283035, 0.219404, 0.492015, -1.35411, -0.126386, 
29, -0.475511, 0.304125, 0.156741, 0.483793, -1.30915, -0.130464, 
29, -0.494346, 0.327952, 0.0910561, 0.477004, -1.26416, -0.134868, 
29, -0.512247, 0.354525, 0.0221296, 0.471659, -1.21894, -0.139792, 
29, -0.529273, 0.383908, -0.0503403, 0.467808, -1.1733, -0.145449, 
29, -0.545477, 0.416234, -0.126759, 0.465551, -1.12698, -0.152087, 
29, -0.560908, 0.451724, -0.207672, 0.465051, -1.0797, -0.16001, 
29, -0.575615, 0.490719, -0.293821, 0.466565, -1.03113, -0.169608, 
29, -0.58964, 0.533726, -0.386242, 0.470482, -0.980794, -0.181417, 
29, -0.603025, 0.581518, -0.486427, 0.477415, -0.928104, -0.196215, 
29, -0.615808, 0.635299, -0.596644, 0.488361, -0.872184, -0.21521, 
29, -0.628023, 0.697073, -0.720582, 0.50506, -0.811675, -0.240438, 
29, -0.639703, 0.770511, -0.864922, 0.530877, -0.744202, -0.275764, 
29, -0.65092, 0.867365, -1.05096, 0.57702, -0.662647, -0.334119, 
29, -0.661634, 1.02776, -1.35065, 0.68632, -0.543625, -0.463442, 
30, 0.307488, 0.0681393, 0.937769, 1.11083, -1.97606, -0.247245, 
30, 0.255517, 0.0339449, 0.930584, 1.05779, -1.93154, -0.272379, 
30, 0.204579, 0.00507634, 0.919258, 1.00994, -1.88529, -0.29255, 
30, 0.154923, -0.0186767, 0.903975, 0.966312, -1.83813, -0.308807, 
30, 0.106726, -0.0373394, 0.884934, 0.926543, -1.79075, -0.321491, 
30, 0.0601351, -0.0509917, 0.862337, 0.890334, -1.74365, -0.3309, 
30, 0.0152621, -0.0598371, 0.836393, 0.857348, -1.6972, -0.337452, 
30, -0.0278159, -0.0641621, 0.807317, 0.827239, -1.65167, -0.341601, 
30, -0.0690543, -0.0642975, 0.775318, 0.799694, -1.60721, -0.343785, 
30, -0.108437, -0.0605916, 0.740588, 0.774443, -1.56389, -0.344412, 
30, -0.145792, -0.0537555, 0.703607, 0.751594, -1.52073, -0.343889, 
30, -0.181523, -0.0432325, 0.663817, 0.73029, -1.48005, -0.342589, 
30, -0.215498, -0.0299114, 0.621779, 0.710668, -1.44026, -0.340558, 
30, -0.247761, -0.0140234, 0.577569, 0.692638, -1.40132, -0.338132, 
30, -0.278359, 0.00422061, 0.531263, 0.676148, -1.36317, -0.335585, 
30, -0.307367, 0.0246288, 0.482904, 0.661115, -1.32572, -0.333093, 
30, -0.334863, 0.047042, 0.432514, 0.647479, -1.28884, -0.330813, 
30, -0.360924, 0.0713328, 0.380091, 0.635199, -1.2524, -0.328886, 
30, -0.385627, 0.0974056, 0.325604, 0.624254, -1.21628, -0.327442, 
30, -0.40905, 0.125195, 0.268997, 0.614637, -1.18036, -0.326608, 
30, -0.431265, 0.154666, 0.210183, 0.606362, -1.14451, -0.326508, 
30, -0.452343, 0.185816, 0.149037, 0.599462, -1.10858, -0.327275, 
30, -0.472352, 0.218674, 0.0853963, 0.593997, -1.07245, -0.329055, 
30, -0.491357, 0.253306, 0.0190461, 0.590055, -1.03597, -0.332017, 
30, -0.509418, 0.289819, -0.0502894, 0.587763, -0.998979, -0.336361, 
30, -0.526594, 0.328373, -0.122967, 0.5873, -0.961295, -0.342339, 
30, -0.542938, 0.369191, -0.199452, 0.58892, -0.922715, -0.350278, 
30, -0.558501, 0.412585, -0.280356, 0.592977, -0.882994, -0.360612, 
30, -0.57333, 0.458988, -0.366509, 0.599987, -0.841829, -0.373946, 
30, -0.58747, 0.509021, -0.459065, 0.61071, -0.79883, -0.39115, 
30, -0.600962, 0.563595, -0.559704, 0.626327, -0.753465, -0.413551, 
30, -0.613845, 0.624132, -0.671016, 0.648773, -0.704968, -0.443295, 
30, -0.626153, 0.693017, -0.797319, 0.681493, -0.652139, -0.484164, 
30, -0.637918, 0.774742, -0.946715, 0.731389, -0.592864, -0.543676, 
30, -0.649234, 0.888248, -1.15338, 0.827616, -0.519124, -0.653886, 
31, 0.686641, -0.261362, 0.889681, 1.3364, -1.98317, -0.777737, 
31, 0.635509, -0.295215, 0.894949, 1.29988, -1.93556, -0.79635, 
31, 0.583384, -0.324971, 0.896875, 1.26598, -1.88601, -0.811562, 
31, 0.530571, -0.350344, 0.895543, 1.23466, -1.83514, -0.822836, 
31, 0.477226, -0.370804, 0.890789, 1.2056, -1.78324, -0.831244, 
31, 0.423742, -0.38636, 0.882816, 1.17871, -1.73114, -0.836011, 
31, 0.370418, -0.396972, 0.87171, 1.15364, -1.67926, -0.837448, 
31, 0.317548, -0.402724, 0.85758, 1.13007, -1.62802, -0.835874, 
31, 0.265415, -0.403792, 0.840547, 1.10772, -1.5778, -0.831616, 
31, 0.214278, -0.400431, 0.820741, 1.08635, -1.52891, -0.825027, 
31, 0.164367, -0.392957, 0.798295, 1.06577, -1.48157, -0.816477, 
31, 0.116471, -0.381814, 0.773854, 1.04499, -1.43645, -0.805147, 
31, 0.0693668, -0.367167, 0.74637, 1.02577, -1.39239, -0.794046, 
31, 0.0239478, -0.349423, 0.716583, 1.00717, -1.35015, -0.78223, 
31, -0.0195893, -0.328981, 0.684714, 0.988885, -1.30975, -0.769624, 
31, -0.0612286, -0.306154, 0.650826, 0.971062, -1.27112, -0.756622, 
31, -0.100988, -0.281222, 0.614971, 0.953775, -1.23412, -0.743555, 
31, -0.138887, -0.254434, 0.577201, 0.937106, -1.19861, -0.730686, 
31, -0.174955, -0.226005, 0.537564, 0.92114, -1.16445, -0.718238, 
31, -0.209237, -0.19612, 0.496096, 0.905968, -1.13149, -0.706402, 
31, -0.241789, -0.164928, 0.452817, 0.891676, -1.09959, -0.695344, 
31, -0.272675, -0.13255, 0.407737, 0.878357, -1.06858, -0.685212, 
31, -0.301964, -0.0990775, 0.360846, 0.866101, -1.03833, -0.676141, 
31, -0.329732, -0.0645756, 0.312117, 0.855003, -1.00868, -0.668256, 
31, -0.356054, -0.0290831, 0.261506, 0.84516, -0.97949, -0.661679, 
31, -0.381007, 0.00738557, 0.208947, 0.836679, -0.950631, -0.656535, 
31, -0.404666, 0.0448399, 0.154349, 0.829677, -0.92197, -0.652956, 
31, -0.427105, 0.0833142, 0.0975955, 0.824291, -0.893378, -0.651094, 
31, -0.448394, 0.122869, 0.0385331, 0.820684, -0.864732, -0.651123, 
31, -0.468602, 0.163594, -0.023031, 0.819051, -0.835908, -0.653255, 
31, -0.487794, 0.205612, -0.0873414, 0.819641, -0.806783, -0.657757, 
31, -0.506031, 0.249087, -0.154709, 0.822771, -0.77723, -0.664967, 
31, -0.523373, 0.294237, -0.225535, 0.828856, -0.747117, -0.675331, 
31, -0.539832, 0.341183, -0.300059, 0.838942, -0.71498, -0.6898, 
31, -0.555544, 0.390628, -0.379507, 0.852637, -0.683438, -0.708292, 
31, -0.570514, 0.442929, -0.464549, 0.871656, -0.650866, -0.73247, 
31, -0.584785, 0.498826, -0.556515, 0.897589, -0.617073, -0.764029, 
31, -0.598399, 0.559419, -0.657377, 0.932891, -0.581841, -0.805587, 
31, -0.61144, 0.627324, -0.771889, 0.983311, -0.545467, -0.863436, 
31, -0.623863, 0.704936, -0.904273, 1.05478, -0.5063, -0.943584, 
31, -0.635741, 0.80079, -1.0699, 1.16634, -0.464856, -1.06655, 
31, -0.647107, 0.945828, -1.3243, 1.38386, -0.421743, -1.30311, 
32, 0.378785, -0.552315, 0.596701, -1.79393, 1.50528, -4.51548, 
32, 0.325862, -0.546474, 0.585241, -1.79665, 1.45158, -4.50879, 
32, 0.172253, -0.507458, 0.537755, -1.80715, 1.30024, 1.80178, 
32, 0.123593, -0.488573, 0.518031, 1.32965, -1.25219, 4.95447, 
32, -0.132566, -0.325869, 0.358323, -1.85313, 1.00606, 1.88956, 
32, -0.168994, -0.292446, 0.324896, -1.86054, 0.971162, 1.9014, 
32, -0.203534, -0.2578, 0.289701, 1.27322, -0.937928, -1.22858, 
32, -0.236334, -0.222016, 0.252649, 1.26579, -0.906266, -1.21792, 
32, -0.267454, -0.185252, 0.213766, -1.88305, 0.875751, -4.34967, 
32, -0.400546, 0.0141351, -0.0121575, -1.90094, 0.741341, 1.95654, 
32, -0.608992, 0.655563, -0.916561, -1.54904, 0.491649, 1.5633, 
32, -0.633479, 0.875125, -1.28032, 1.87437, -0.492509, -1.88838, 
33, 0.099054, 0.263634, 0.724224, 0.953495, -1.98057, -0.150606, 
33, 0.0504513, 0.234575, 0.707051, 0.905243, -1.93073, -0.172691, 
33, 0.0034249, 0.210726, 0.685033, 0.861826, -1.87958, -0.191045, 
33, -0.0419025, 0.192153, 0.658368, 0.8229, -1.82774, -0.206002, 
33, -0.0849178, 0.178181, 0.628001, 0.788492, -1.77494, -0.217927, 
33, -0.126683, 0.170169, 0.592506, 0.757323, -1.72356, -0.227548, 
33, -0.166594, 0.166867, 0.553099, 0.729446, -1.67242, -0.234916, 
33, -0.204738, 0.168026, 0.509855, 0.704447, -1.62162, -0.240502, 
33, -0.240989, 0.173482, 0.463008, 0.682162, -1.57154, -0.244838, 
33, -0.275416, 0.182964, 0.412662, 0.66233, -1.52213, -0.248276, 
33, -0.308088, 0.196227, 0.358884, 0.644743, -1.47335, -0.251137, 
33, -0.339076, 0.213057, 0.3017, 0.629244, -1.4251, -0.253714, 
33, -0.368455, 0.23328, 0.241088, 0.615721, -1.37723, -0.256283, 
33, -0.396303, 0.256768, 0.176968, 0.604106, -1.32961, -0.259102, 
33, -0.422697, 0.283447, 0.109192, 0.594372, -1.28206, -0.26243, 
33, -0.447715, 0.313301, 0.0375318, 0.586541, -1.23437, -0.266535, 
33, -0.471432, 0.346389, -0.0383421, 0.580689, -1.1863, -0.271712, 
33, -0.493924, 0.382853, -0.118892, 0.576958, -1.1376, -0.278301, 
33, -0.515261, 0.422951, -0.204758, 0.575586, -1.08794, -0.286726, 
33, -0.535512, 0.467094, -0.296841, 0.576938, -1.03691, -0.297544, 
33, -0.554743, 0.515921, -0.396431, 0.581591, -0.984009, -0.311531, 
33, -0.573015, 0.57043, -0.505454, 0.590464, -0.92852, -0.329849, 
33, -0.590385, 0.632252, -0.626954, 0.605104, -0.869399, -0.354369, 
33, -0.606908, 0.704245, -0.766175, 0.628352, -0.804946, -0.388433, 
33, -0.622632, 0.792094, -0.933424, 0.666141, -0.731987, -0.438896, 
33, -0.63768, 0.920692, -1.17364, 0.744679, -0.637636, -0.53624, 
34, 0.419792, 0.0646512, 0.778249, 1.18975, -1.99392, -0.438232, 
34, 0.366271, 0.032854, 0.776508, 1.14333, -1.94732, -0.456171, 
34, 0.312817, 0.00546485, 0.770296, 1.09996, -1.89891, -0.471098, 
34, 0.259749, -0.0171327, 0.759638, 1.05987, -1.84929, -0.482827, 
34, 0.207365, -0.0347577, 0.744649, 1.02289, -1.79903, -0.49148, 
34, 0.155935, -0.0473699, 0.72548, 0.988807, -1.74863, -0.497289, 
34, 0.105699, -0.0550484, 0.702301, 0.957388, -1.69853, -0.500562, 
34, 0.0568583, -0.057968, 0.675293, 0.928397, -1.64907, -0.501654, 
34, 0.00957784, -0.0563743, 0.644639, 0.901618, -1.60048, -0.500951, 
34, -0.0360129, -0.0505482, 0.610517, 0.876866, -1.55293, -0.498815, 
34, -0.0798249, -0.0407975, 0.57309, 0.853975, -1.50649, -0.495612, 
34, -0.121803, -0.0274283, 0.5325, 0.83282, -1.46116, -0.491686, 
34, -0.161921, -0.0107324, 0.488865, 0.81331, -1.41691, -0.48735, 
34, -0.200179, 0.00902375, 0.442276, 0.795381, -1.37367, -0.482888, 
34, -0.236497, 0.0312775, 0.3931, 0.779361, -1.32994, -0.478541, 
34, -0.271144, 0.0565741, 0.34068, 0.764416, -1.28867, -0.474584, 
34, -0.304039, 0.0843091, 0.285408, 0.751043, -1.24794, -0.471207, 
34, -0.335248, 0.114375, 0.227229, 0.739263, -1.2076, -0.468622, 
34, -0.36484, 0.146703, 0.166042, 0.729128, -1.16753, -0.467037, 
34, -0.392891, 0.181271, 0.1017, 0.72072, -1.12755, -0.46667, 
34, -0.419478, 0.218101, 0.0339901, 0.714158, -1.0875, -0.467758, 
34, -0.444678, 0.257277, -0.0373765, 0.709607, -1.04718, -0.470574, 
34, -0.468567, 0.298946, -0.112791, 0.7073, -1.00637, -0.475453, 
34, -0.49122, 0.343342, -0.192779, 0.707558, -0.964839, -0.482817, 
34, -0.512708, 0.390814, -0.278056, 0.710835, -0.922303, -0.49323, 
34, -0.533101, 0.441872, -0.36962, 0.71779, -0.878417, -0.507479, 
34, -0.552464, 0.497275, -0.468899, 0.729412, -0.832742, -0.526712, 
34, -0.570858, 0.558185, -0.578045, 0.747261, -0.784686, -0.552709, 
34, -0.588342, 0.626494, -0.700508, 0.773968, -0.733391, -0.588438, 
34, -0.60497, 0.705566, -0.842382, 0.814417, -0.677491, -0.639359, 
34, -0.620867, 0.806984, -1.02461, 0.884816, -0.61268, -0.723796, 
34, -0.635957, 0.960944, -1.30131, 1.03199, -0.529627, -0.893625, 
35, 0.636509, -0.155894, 0.670323, -1.83324, 1.96685, 2.25686, 
35, 0.481025, -0.230893, 0.678298, 1.22868, -1.81533, -0.908729, 
35, 0.42785, -0.247162, 0.673769, 1.2045, -1.76299, -0.911871, 
35, 0.374181, -0.259064, 0.665374, 1.1837, -1.70984, -0.91248, 
35, 0.320059, -0.267096, 0.654399, 1.16307, -1.65633, -0.910595, 
35, 0.26738, -0.26913, 0.638634, 1.14371, -1.60439, -0.906977, 
35, 0.214987, -0.267084, 0.61993, 1.12524, -1.553, -0.901426, 
35, 0.16343, -0.260918, 0.598114, 1.1075, -1.50256, -0.894205, 
35, 0.113011, -0.250773, 0.573207, 1.09037, -1.45337, -0.885642, 
35, 0.0639542, -0.236886, 0.545281, 1.0738, -1.4056, -0.876049, 
35, 0.0164347, -0.219531, 0.514424, 1.05775, -1.35937, -0.865729, 
35, -0.0291124, -0.199161, 0.481107, 1.04134, -1.3149, -0.853853, 
35, -0.0733276, -0.175653, 0.444476, 1.02664, -1.27166, -0.843365, 
35, -0.115652, -0.149515, 0.405184, 1.01249, -1.22997, -0.832865, 
35, -0.156087, -0.120971, 0.363242, 0.999003, -1.18972, -0.822687, 
35, -0.194644, -0.0902192, 0.318656, 0.986329, -1.15077, -0.81312, 
35, -0.231349, -0.0574256, 0.271414, 0.974611, -1.11298, -0.804429, 
35, -0.266245, -0.0227231, 0.221481, 0.96401, -1.07621, -0.796858, 
35, -0.299384, 0.0137917, 0.168797, 0.954699, -1.04029, -0.790651, 
35, -0.330829, 0.0520604, 0.113267, 0.946869, -1.00506, -0.786052, 
35, -0.360649, 0.092065, 0.0547553, 0.940735, -0.970349, -0.78332, 
35, -0.388919, 0.133831, -0.00692504, 0.936549, -0.935991, -0.782743, 
35, -0.415715, 0.177432, -0.0720225, 0.934607, -0.901815, -0.784655, 
35, -0.441113, 0.223, -0.140869, 0.935277, -0.867649, -0.789461, 
35, -0.46519, 0.270739, -0.213905, 0.939024, -0.833317, -0.797671, 
35, -0.48802, 0.320944, -0.291723, 0.946461, -0.798637, -0.809954, 
35, -0.509677, 0.374041, -0.375138, 0.958423, -0.763418, -0.82722, 
35, -0.530228, 0.430647, -0.465296, 0.976093, -0.727457, -0.850761, 
35, -0.549741, 0.491686, -0.563891, 1.00123, -0.69053, -0.882497, 
35, -0.568279, 0.558625, -0.673584, 1.03662, -0.65239, -0.925474, 
35, -0.585901, 0.634006, -0.798964, 1.08708, -0.612771, -0.984964, 
35, -0.602664, 0.722974, -0.949297, 1.16218, -0.571406, -1.07149, 
35, -0.618619, 0.839599, -1.14987, 1.287, -0.528213, -1.21277, 
36, 0.119432, -0.319153, 0.353069, -1.80484, 1.31582, 1.81058, 
36, 0.0702737, -0.299825, 0.330393, -1.80836, 1.2672, 1.81874, 
36, 0.0224955, -0.277362, 0.304968, -1.81293, 1.22017, 1.82805, 
36, -0.0235413, -0.252115, 0.27695, -1.81745, 1.17484, 1.83713, 
36, -0.0678158, -0.224244, 0.246288, -1.82214, 1.13127, 1.84611, 
36, -0.110266, -0.19395, 0.212975, -1.82682, 1.08943, 1.85472, 
36, -0.150899, -0.161379, 0.176953, -1.8314, 1.04926, 1.86276, 
36, -0.18965, -0.126738, 0.138248, -1.83561, 1.01079, 1.86992, 
36, -0.226514, -0.0902053, 0.0968702, -1.83937, 0.973948, 1.87608, 
36, -0.261695, -0.0517399, 0.0525844, -1.84205, 0.938482, 1.88058, 
36, -0.326538, 0.0301654, -0.0446228, -1.84277, 0.871891, 1.88331, 
36, -0.356655, 0.0739948, -0.0982997, 1.2997, -0.840074, -1.25947, 
36, -0.527364, 0.439894, -0.594013, 1.41375, -0.646135, -1.39291, 
36, -0.54701, 0.506074, -0.692506, -1.68457, 0.622567, 1.69909, 
36, -0.56566, 0.579385, -0.804622, -1.62708, 0.600696, 1.63372, 
36, -0.583403, 0.663759, -0.937385, -1.55197, 0.582939, 1.54834, 
36, -0.600274, 0.768626, -1.1078, -1.44463, 0.571618, 1.42637, 
37, 0.22464, 0.239369, 0.645355, 1.0504, -1.99741, -0.29221, 
37, 0.170039, 0.20918, 0.6344, 1.00171, -1.94577, -0.310496, 
37, 0.116393, 0.184416, 0.617728, 0.957254, -1.89238, -0.325452, 
37, 0.0639806, 0.165271, 0.595492, 0.916887, -1.8379, -0.337269, 
37, 0.013036, 0.151802, 0.56789, 0.880385, -1.7829, -0.346235, 
37, -0.036249, 0.143935, 0.535134, 0.847456, -1.72784, -0.352734, 
37, -0.0837278, 0.141498, 0.497439, 0.817798, -1.67308, -0.35719, 
37, -0.129296, 0.144255, 0.455005, 0.791132, -1.61883, -0.360041, 
37, -0.172711, 0.151446, 0.408459, 0.767571, -1.56417, -0.361621, 
37, -0.214352, 0.163927, 0.356888, 0.746073, -1.51155, -0.362538, 
37, -0.25397, 0.180734, 0.301012, 0.727011, -1.45949, -0.363072, 
37, -0.291599, 0.201658, 0.240836, 0.710257, -1.40792, -0.363584, 
37, -0.327289, 0.226527, 0.176302, 0.69574, -1.35672, -0.36442, 
37, -0.361104, 0.255228, 0.10727, 0.683447, -1.30572, -0.365926, 
37, -0.393117, 0.287716, 0.0335006, 0.673422, -1.2547, -0.368458, 
37, -0.423408, 0.324035, -0.0453733, 0.665779, -1.20341, -0.372405, 
37, -0.452063, 0.364342, -0.129891, 0.660724, -1.15154, -0.378221, 
37, -0.479165, 0.408943, -0.220828, 0.658585, -1.0987, -0.386473, 
37, -0.504802, 0.45835, -0.319314, 0.659879, -1.04443, -0.397921, 
37, -0.529058, 0.513399, -0.427028, 0.665422, -0.988085, -0.413652, 
37, -0.552014, 0.575454, -0.54658, 0.676557, -0.928797, -0.435355, 
37, -0.573747, 0.646866, -0.68234, 0.695659, -0.865212, -0.465903, 
37, -0.594331, 0.732099, -0.842456, 0.727402, -0.794994, -0.510828, 
37, -0.61392, 0.847164, -1.05591, 0.788242, -0.710447, -0.589715, 
37, -0.632444, 1.08808, -1.49495, 0.985376, -0.570474, -0.827686, 
38, 0.452234, 0.0769435, 0.628749, 1.19403, -1.99184, -0.586387, 
38, 0.397058, 0.0464714, 0.630006, 1.15446, -1.94134, -0.597786, 
38, 0.341486, 0.0207619, 0.626161, 1.11732, -1.88913, -0.606626, 
38, 0.285858, 0.00011895, 0.617266, 1.08265, -1.83574, -0.612847, 
38, 0.230743, -0.0150013, 0.603631, 1.05076, -1.78207, -0.614964, 
38, 0.175918, -0.0252036, 0.584829, 1.02074, -1.72776, -0.617083, 
38, 0.122057, -0.0301, 0.561387, 0.992775, -1.67368, -0.616743, 
38, 0.0694369, -0.0298295, 0.533443, 0.966865, -1.62028, -0.614372, 
38, 0.0182833, -0.0246323, 0.501144, 0.942853, -1.56778, -0.610466, 
38, -0.0312191, -0.0147913, 0.464637, 0.920579, -1.51633, -0.605469, 
38, -0.0789226, -0.000603273, 0.424054, 0.899944, -1.466, -0.599777, 
38, -0.12472, 0.0176359, 0.379505, 0.880894, -1.41681, -0.593759, 
38, -0.168544, 0.0396463, 0.331071, 0.863412, -1.3687, -0.587761, 
38, -0.210361, 0.0651772, 0.27879, 0.847518, -1.32159, -0.582114, 
38, -0.250172, 0.0940177, 0.222658, 0.833262, -1.27533, -0.577133, 
38, -0.287999, 0.126005, 0.162614, 0.820732, -1.22976, -0.573128, 
38, -0.323886, 0.161034, 0.0985331, 0.81005, -1.1847, -0.570412, 
38, -0.357894, 0.199064, 0.0302112, 0.801383, -1.13992, -0.569316, 
38, -0.390031, 0.239887, -0.0423425, 0.79514, -1.09393, -0.570103, 
38, -0.420509, 0.284136, -0.120202, 0.791187, -1.04916, -0.573401, 
38, -0.449339, 0.331772, -0.203638, 0.790183, -1.00385, -0.579657, 
38, -0.476606, 0.383192, -0.293515, 0.792702, -0.957652, -0.589596, 
38, -0.502397, 0.439016, -0.391073, 0.799582, -0.910163, -0.604229, 
38, -0.526796, 0.50021, -0.498162, 0.812106, -0.860856, -0.625064, 
38, -0.549885, 0.568337, -0.617683, 0.83235, -0.809013, -0.654508, 
38, -0.57174, 0.646092, -0.754565, 0.863976, -0.753566, -0.696759, 
38, -0.592523, 0.741863, -0.924001, 0.917912, -0.69195, -0.764572, 
38, -0.612159, 0.870934, -1.15346, 1.0158, -0.619023, -0.882231, 
39, 0.618464, -0.0613003, 0.494401, -1.8493, 1.97298, 2.1771, 
39, 0.566467, -0.0907218, 0.504331, -1.8727, 1.92195, 2.1716, 
39, 0.513184, -0.116033, 0.510003, -1.89485, 1.86929, 2.16779, 
39, 0.458817, -0.136876, 0.51134, 1.22584, -1.81526, 5.30747, 
39, 0.403703, -0.153043, 0.508404, 1.20617, -1.76036, -0.975735, 
39, 0.348147, -0.164379, 0.501218, 1.18761, -1.70495, -0.973874, 
39, 0.291628, -0.1717, 0.490953, 1.16993, -1.64887, -0.97041, 
39, 0.236881, -0.172672, 0.474687, 1.15333, -1.59393, -0.96456, 
39, 0.182215, -0.169182, 0.454931, 1.13748, -1.53959, -0.957827, 
39, 0.128321, -0.161204, 0.431389, 1.12223, -1.48615, -0.949833, 
39, 0.0755761, -0.148853, 0.404032, 1.10753, -1.43385, -0.940853, 
39, 0.0242458, -0.132343, 0.372907, 1.09338, -1.38289, -0.931212, 
39, -0.0254629, -0.111928, 0.33807, 1.07977, -1.33338, -0.921241, 
39, -0.0733915, -0.0878754, 0.299571, 1.06679, -1.28538, -0.91127, 
39, -0.119426, -0.0604409, 0.25744, 1.05451, -1.23887, -0.901627, 
39, -0.163492, -0.0298599, 0.21168, 1.0431, -1.19379, -0.892646, 
39, -0.205398, 0.00348431, 0.162603, 1.03155, -1.15004, -0.883369, 
39, -0.2455, 0.0398317, 0.10938, 1.02264, -1.10745, -0.876977, 
39, -0.283596, 0.0788356, 0.052339, 1.01518, -1.0659, -0.8722, 
39, -0.319735, 0.120442, -0.00870652, 1.00947, -1.0252, -0.869446, 
39, -0.35398, 0.164659, -0.0740187, 1.0059, -0.985146, -0.869156, 
39, -0.386402, 0.211573, -0.14396, 1.0049, -0.945536, -0.871842, 
39, -0.417083, 0.261363, -0.21903, 1.00701, -0.906145, -0.878125, 
39, -0.446105, 0.314335, -0.299924, 1.01296, -0.866745, -0.888797, 
39, -0.473555, 0.370968, -0.387624, 1.02369, -0.827091, -0.904932, 
39, -0.49952, 0.432005, -0.483567, 1.0406, -0.786926, -0.928056, 
39, -0.524084, 0.498628, -0.589959, 1.06574, -0.745968, -0.960481, 
39, -0.547331, 0.572829, -0.710447, 1.1025, -0.703911, -1.006, 
39, -0.56934, 0.658362, -0.851838, 1.15711, -0.660417, -1.07158, 
39, -0.590189, 0.763954, -1.02986, 1.24349, -0.61515, -1.17297, 
39, -0.609958, 0.927286, -1.3122, 1.41493, -0.568283, -1.37185, 
40, 0.298332, -0.23413, 0.27846, -1.79016, 1.54201, 1.77723, 
40, 0.187625, -0.221404, 0.252214, -1.79521, 1.43114, 1.78828, 
40, 0.134052, -0.208253, 0.233053, -1.79771, 1.37743, 1.79461, 
40, 0.081201, -0.191465, 0.210949, -1.80063, 1.32443, 1.80162, 
40, 0.0297127, -0.170654, 0.185058, -1.80326, 1.27364, 1.80871, 
40, -0.0201213, -0.146398, 0.155866, -1.80648, 1.22358, 1.81614, 
40, -0.0682536, -0.118602, 0.122944, -1.80887, 1.17603, 1.82257, 
40, -0.114457, -0.0876805, 0.0865517, -1.81145, 1.12985, 1.82873, 
40, -0.158651, -0.0537992, 0.0466121, -1.81389, 1.08548, 1.83421, 
40, -0.200986, -0.0169124, 0.00270858, -1.81508, 1.04271, 1.83791, 
40, -0.241141, 0.0219777, -0.044053, 1.32542, -1.00177, -1.30053, 
40, -0.279506, 0.0647987, -0.0965578, -1.81448, 0.962142, 1.84019, 
40, -0.31581, 0.109596, -0.152448, -1.81165, 0.924422, 1.83765, 
40, -0.350244, 0.15703, -0.212894, 1.33523, -0.887914, -1.30973, 
40, -0.382836, 0.207241, -0.278326, 1.34347, -0.852535, -1.31935, 
40, -0.413689, 0.260474, -0.349391, 1.35557, -0.81886, -1.33369, 
40, -0.442876, 0.317035, -0.426804, 1.37243, -0.786152, -1.35377, 
40, -0.47048, 0.377506, -0.51174, 1.39527, -0.754455, -1.38094, 
40, -0.496599, 0.442905, -0.606112, -1.71559, 0.724553, 1.72431, 
40, -0.521302, 0.51465, -0.712581, -1.67459, 0.696129, 1.6761, 
40, -0.544685, 0.595557, -0.836265, -1.61918, 0.670106, 1.61124, 
40, -0.566821, 0.69141, -0.987622, -1.54214, 0.648129, 1.52119, 
40, -0.587793, 0.820083, -1.19879, -1.42261, 0.63575, 1.38075, 
41, 0.248691, 0.203351, 0.54819, 1.05199, -1.96012, -0.428976, 
41, 0.190352, 0.177143, 0.536534, 1.00904, -1.90345, -0.439932, 
41, 0.132707, 0.157035, 0.518355, 0.969689, -1.84541, -0.448056, 
41, 0.0761164, 0.143194, 0.493836, 0.933823, -1.78663, -0.453472, 
41, 0.020904, 0.135613, 0.463166, 0.901249, -1.72765, -0.456555, 
41, -0.0326569, 0.134162, 0.426544, 0.871745, -1.66887, -0.457737, 
41, -0.0843472, 0.138627, 0.384166, 0.8451, -1.61058, -0.457475, 
41, -0.134002, 0.148741, 0.336198, 0.821131, -1.55294, -0.456235, 
41, -0.18151, 0.164219, 0.282762, 0.799697, -1.49603, -0.454478, 
41, -0.226711, 0.184314, 0.224372, 0.780912, -1.43862, -0.452368, 
41, -0.269797, 0.209864, 0.159984, 0.764258, -1.3833, -0.450985, 
41, -0.310654, 0.240049, 0.0900816, 0.750066, -1.32828, -0.450403, 
41, -0.349328, 0.274799, 0.0143956, 0.73842, -1.27336, -0.451089, 
41, -0.385884, 0.314151, -0.0675032, 0.729496, -1.21826, -0.453554, 
41, -0.4204, 0.358284, -0.15627, 0.723586, -1.16262, -0.458395, 
41, -0.452968, 0.40758, -0.252883, 0.721154, -1.10598, -0.466371, 
41, -0.483683, 0.462713, -0.358817, 0.722925, -1.04777, -0.478516, 
41, -0.512647, 0.52483, -0.476362, 0.730074, -0.987172, -0.496371, 
41, -0.539957, 0.595913, -0.609283, 0.744615, -0.923038, -0.52245, 
41, -0.565712, 0.679639, -0.764369, 0.770347, -0.85347, -0.56136, 
41, -0.590003, 0.783822, -0.955816, 0.815603, -0.774864, -0.623032, 
41, -0.613052, 0.954049, -1.26576, 0.927235, -0.667959, -0.763877, 
42, 0.486193, 0.11463, 0.495391, 1.19792, -2.0071, -0.694363, 
42, 0.429065, 0.0822586, 0.50181, 1.16304, -1.95476, -0.700982, 
42, 0.371037, 0.0549598, 0.502357, 1.13007, -1.89926, -0.705549, 
42, 0.312481, 0.0331124, 0.49705, 1.09906, -1.8423, -0.707942, 
42, 0.253793, 0.0169837, 0.485944, 1.07002, -1.78445, -0.708166, 
42, 0.195638, 0.00693795, 0.469353, 1.04378, -1.72686, -0.704957, 
42, 0.137735, 0.00237638, 0.446855, 1.01789, -1.66838, -0.702144, 
42, 0.0809455, 0.00367051, 0.418975, 0.994088, -1.61063, -0.697275, 
42, 0.0255449, 0.0105687, 0.385827, 0.972037, -1.55377, -0.691034, 
42, -0.0282088, 0.0227951, 0.347528, 0.951583, -1.49797, -0.683929, 
42, -0.0800998, 0.0400545, 0.304184, 0.932669, -1.44331, -0.676413, 
42, -0.129962, 0.0620495, 0.255866, 0.9153, -1.38982, -0.668916, 
42, -0.177681, 0.0885019, 0.202603, 0.899534, -1.33744, -0.661857, 
42, -0.223188, 0.119172, 0.144361, 0.885481, -1.28606, -0.655653, 
42, -0.26646, 0.153877, 0.0810312, 0.873302, -1.23551, -0.650728, 
42, -0.307507, 0.192508, 0.0124059, 0.863217, -1.18556, -0.647527, 
42, -0.346368, 0.235051, -0.0618484, 0.855518, -1.13594, -0.646539, 
42, -0.383106, 0.281609, -0.142236, 0.850597, -1.08636, -0.648339, 
42, -0.417798, 0.332442, -0.229499, 0.848988, -1.03644, -0.653638, 
42, -0.450533, 0.388028, -0.324734, 0.851448, -0.985769, -0.663389, 
42, -0.481409, 0.449176, -0.429596, 0.859103, -0.933807, -0.678957, 
42, -0.510526, 0.517242, -0.5467, 0.873734, -0.879863, -0.702456, 
42, -0.537983, 0.594635, -0.68052, 0.898423, -0.822934, -0.737505, 
42, -0.563882, 0.686147, -0.839802, 0.93929, -0.761353, -0.79125, 
42, -0.588319, 0.804038, -1.04669, 1.01196, -0.691525, -0.881936, 
42, -0.611387, 1.0312, -1.45004, 1.21871, -0.593628, -1.13009, 
43, 0.547644, -0.0175161, 0.365331, 1.25398, -1.92071, -1.03172, 
43, 0.491905, -0.0439198, 0.374092, 1.23549, -1.86523, -1.03153, 
43, 0.434865, -0.0653483, 0.377678, 1.21787, -1.8083, -1.03006, 
43, 0.376898, -0.0815782, 0.376156, 1.20117, -1.75028, -1.02704, 
43, 0.318363, -0.0924261, 0.369547, 1.18534, -1.69164, -1.02252, 
43, 0.25965, -0.0977769, 0.357885, 1.1703, -1.63283, -1.01653, 
43, 0.201172, -0.0976581, 0.341254, 1.15596, -1.5743, -1.00923, 
43, 0.143273, -0.0923391, 0.319909, 1.14222, -1.51586, -1.00052, 
43, 0.0864485, -0.0814925, 0.293419, 1.12907, -1.45925, -0.991458, 
43, 0.0309225, -0.065708, 0.26223, 1.11645, -1.40369, -0.981759, 
43, -0.0230026, -0.0451952, 0.226343, 1.10441, -1.34947, -0.971839, 
43, -0.0750919, -0.0202055, 0.185765, 1.09303, -1.29671, -0.9621, 
43, -0.125169, 0.00900506, 0.140485, 1.08247, -1.24547, -0.952954, 
43, -0.173113, 0.0422007, 0.0904488, 1.07294, -1.19569, -0.944825, 
43, -0.218849, 0.0791862, 0.0355503, 1.0647, -1.14729, -0.938164, 
43, -0.26235, 0.119824, -0.0243902, 1.0581, -1.10011, -0.933455, 
43, -0.303622, 0.164052, -0.0896475, 1.05355, -1.05397, -0.931235, 
43, -0.342702, 0.211905, -0.160625, 1.05155, -1.00863, -0.932126, 
43, -0.379651, 0.263539, -0.237903, 1.05275, -0.963853, -0.936882, 
43, -0.414449, 0.319047, -0.321907, 1.05638, -0.919312, -0.9447, 
43, -0.447395, 0.379482, -0.414739, 1.06704, -0.874832, -0.960646, 
43, -0.478466, 0.445531, -0.517818, 1.08458, -0.830015, -0.984639, 
43, -0.507763, 0.518801, -0.634184, 1.11167, -0.784498, -1.0197, 
43, -0.535388, 0.602226, -0.769234, 1.1529, -0.737873, -1.07105, 
43, -0.561441, 0.702034, -0.934271, 1.21759, -0.689665, -1.14942, 
43, -0.586065, 0.838102, -1.16507, 1.33092, -0.639207, -1.28494, 
44, 0.552544, -0.0875364, 0.158585, -1.77852, 1.83424, 1.74812, 
44, 0.496989, -0.107895, 0.169459, -1.78252, 1.77809, 1.75024, 
44, 0.440042, -0.123308, 0.175341, -1.78443, 1.72046, 1.75312, 
44, 0.382184, -0.133865, 0.17682, -1.78676, 1.66206, 1.75657, 
44, 0.323752, -0.139309, 0.173972, -1.78809, 1.60306, 1.76091, 
44, 0.265115, -0.139722, 0.166271, -1.79053, 1.54432, 1.76576, 
44, 0.206876, -0.135037, 0.154552, -1.7925, 1.48606, 1.77068, 
44, 0.14861, -0.125363, 0.137171, -1.79372, 1.42741, 1.77714, 
44, 0.0916414, -0.110858, 0.116056, -1.79534, 1.37014, 1.78366, 
44, 0.0360282, -0.0914601, 0.0901721, -1.79679, 1.31474, 1.78967, 
44, -0.0180402, -0.0676496, 0.0598607, -1.79825, 1.26057, 1.79572, 
44, -0.0702878, -0.0395336, 0.0249357, -1.79948, 1.20815, 1.80122, 
44, -0.120537, -0.00732929, -0.0146719, -1.8003, 1.15755, 1.80578, 
44, -0.168662, 0.0284934, -0.0587946, 1.34106, -1.1087, -1.33256, 
44, -0.214596, 0.068631, -0.108485, 1.34225, -1.06194, -1.3314, 
44, -0.258288, 0.112118, -0.163083, 1.34482, -1.01679, -1.33257, 
44, -0.299758, 0.159277, -0.223322, 1.34952, -0.973644, -1.33681, 
44, -0.33903, 0.210124, -0.289599, 1.35704, -0.932066, -1.34492, 
44, -0.376153, 0.264867, -0.362601, 1.36828, -0.89211, -1.35788, 
44, -0.411232, 0.323967, -0.443406, 1.38429, -0.853698, -1.37687, 
44, -0.444263, 0.387894, -0.53314, 1.4068, -0.816944, -1.40369, 
44, -0.475543, 0.458271, -0.634814, 1.43695, -0.78078, -1.44007, 
44, -0.50499, 0.536821, -0.751743, 1.48003, -0.748641, -1.4912, 
44, -0.532773, 0.628092, -0.892218, -1.60314, 0.718724, 1.58015, 
44, -0.55896, 0.741737, -1.07373, -1.51575, 0.694236, 1.47535, 
44, -0.583676, 0.930263, -1.39056, -1.34849, 0.689494, 1.27088, 
45, -1.04863, 0.915093, -0.296452, -0.316217, -1.99938, 0.888807, 
45, -1.0392, 0.88313, -0.307804, -0.308533, -1.9555, 0.894794, 
45, -1.02923, 0.855842, -0.327101, -0.300975, -1.90869, 0.90133, 
45, -1.01951, 0.831614, -0.350598, -0.294339, -1.86063, 0.907572, 
45, -1.00995, 0.810748, -0.378713, -0.288523, -1.81127, 0.913688, 
45, -1.00054, 0.793494, -0.411777, -0.283503, -1.76056, 0.919746, 
45, -0.991249, 0.780095, -0.450126, -0.279273, -1.70843, 0.925836, 
45, -0.982073, 0.770814, -0.494145, -0.275842, -1.65477, 0.932058, 
45, -0.973009, 0.765983, -0.544374, -0.273242, -1.59939, 0.938542, 
45, -0.964057, 0.765996, -0.601467, -0.271524, -1.54205, 0.945435, 
45, -0.955086, 0.769015, -0.662578, -0.270424, -1.48372, 0.952533, 
45, -0.946402, 0.78113, -0.737479, -0.270861, -1.42089, 0.960976, 
45, -0.937803, 0.80051, -0.82369, -0.272593, -1.3542, 0.970757, 
45, -0.9293, 0.829458, -0.925324, -0.276059, -1.28193, 0.98261, 
45, -0.920898, 0.872258, -1.05009, -0.282097, -1.20082, 0.997917, 
45, -0.912632, 0.951881, -1.23924, -0.294876, -1.09355, 1.02381, 
46, -1.10233, 0.808038, -0.201169, -0.370514, -1.97189, 0.920863, 
46, -1.09241, 0.782352, -0.214942, -0.362606, -1.9318, 0.92737, 
46, -1.0818, 0.76049, -0.235445, -0.354737, -1.88914, 0.934361, 
46, -1.07146, 0.741022, -0.258958, -0.347786, -1.84574, 0.941026, 
46, -1.0613, 0.724163, -0.285811, -0.341655, -1.80154, 0.947479, 
46, -1.05128, 0.710073, -0.316239, -0.336298, -1.75652, 0.953799, 
46, -1.04139, 0.698893, -0.350445, -0.331695, -1.71062, 0.960063, 
46, -1.03163, 0.690767, -0.388647, -0.327841, -1.66379, 0.966353, 
46, -1.02197, 0.685856, -0.431103, -0.324744, -1.61595, 0.972759, 
46, -1.01243, 0.684366, -0.47817, -0.322427, -1.56696, 0.979396, 
46, -1.003, 0.68654, -0.530266, -0.32093, -1.51667, 0.986385, 
46, -0.993691, 0.69271, -0.587991, -0.320318, -1.46483, 0.993892, 
46, -0.984351, 0.700628, -0.647951, -0.320182, -1.41253, 1.00158, 
46, -0.9753, 0.716733, -0.720245, -0.321779, -1.35634, 1.01085, 
46, -0.966343, 0.738701, -0.801704, -0.324709, -1.29709, 1.02154, 
46, -0.957486, 0.768218, -0.895347, -0.329401, -1.23352, 1.03434, 
46, -0.948733, 0.808176, -1.00639, -0.336611, -1.16349, 1.05042, 
46, -0.940133, 0.87447, -1.16334, -0.350072, -1.07535, 1.07581, 
46, -0.931589, 0.993775, -1.41425, -0.377281, -0.949413, 1.12181, 
47, -1.17112, 0.671956, -0.1158, -0.438836, -1.9087, 0.977774, 
47, -1.15999, 0.654223, -0.134578, -0.430924, -1.87156, 0.984834, 
47, -1.14953, 0.637776, -0.153248, -0.424213, -1.8356, 0.990801, 
47, -1.13831, 0.624319, -0.178146, -0.417464, -1.79661, 0.997764, 
47, -1.12737, 0.612805, -0.205116, -0.411565, -1.75742, 1.0044, 
47, -1.11661, 0.603361, -0.234469, -0.40642, -1.71788, 1.01084, 
47, -1.10599, 0.596081, -0.26641, -0.401982, -1.67791, 1.01717, 
47, -1.0955, 0.59105, -0.301112, -0.398234, -1.63742, 1.02348, 
47, -1.08512, 0.58835, -0.338724, -0.395175, -1.59638, 1.02984, 
47, -1.07487, 0.588082, -0.379437, -0.392813, -1.5547, 1.03636, 
47, -1.06472, 0.590369, -0.423489, -0.391171, -1.51229, 1.04311, 
47, -1.05469, 0.595383, -0.471214, -0.390287, -1.46902, 1.05023, 
47, -1.04478, 0.603286, -0.522894, -0.390213, -1.42479, 1.05782, 
47, -1.03497, 0.614353, -0.579058, -0.39103, -1.37936, 1.06606, 
47, -1.02528, 0.628953, -0.640399, -0.392857, -1.33247, 1.07517, 
47, -1.01571, 0.64761, -0.707893, -0.39587, -1.2837, 1.08545, 
47, -1.00624, 0.671104, -0.782978, -0.40034, -1.23249, 1.09733, 
47, -0.996891, 0.700681, -0.867929, -0.406704, -1.17792, 1.11149, 
47, -0.98765, 0.738524, -0.966705, -0.415737, -1.11844, 1.12908, 
47, -0.978521, 0.789114, -1.0874, -0.429041, -1.05088, 1.15247, 
47, -0.969502, 0.86489, -1.25238, -0.451076, -0.966519, 1.18818, 
48, -1.17628, 0.472986, -0.263141, -0.497752, -1.55469, 1.12681, 
48, -1.16509, 0.474628, -0.297995, -0.495812, -1.52026, 1.13299, 
48, -1.15403, 0.477295, -0.332817, -0.494332, -1.48665, 1.13833, 
48, -1.14305, 0.482618, -0.372727, -0.493662, -1.45105, 1.1453, 
48, -1.13219, 0.489776, -0.414914, -0.49366, -1.41508, 1.1525, 
48, -1.12144, 0.499044, -0.460054, -0.494398, -1.37847, 1.16027, 
48, -1.11081, 0.510327, -0.507811, -0.495892, -1.34135, 1.16845, 
48, -1.10028, 0.523866, -0.558721, -0.498239, -1.30349, 1.17731, 
48, -1.08986, 0.539925, -0.613319, -0.501559, -1.26469, 1.18705, 
48, -1.07955, 0.558841, -0.672246, -0.506014, -1.22469, 1.19796, 
48, -1.06936, 0.581071, -0.736359, -0.51183, -1.1832, 1.21037, 
48, -1.05928, 0.607283, -0.806886, -0.519341, -1.13975, 1.22477, 
48, -1.04932, 0.638506, -0.885704, -0.529062, -1.09368, 1.24191, 
48, -1.03946, 0.676465, -0.975946, -0.541868, -1.04387, 1.26301, 
48, -1.02972, 0.724449, -1.08354, -0.559421, -0.98822, 1.2904, 
48, -1.02009, 0.790151, -1.22233, -0.585624, -0.921894, 1.32952, 
48, -1.01057, 0.940076, -1.51163, -0.653541, -0.803408, 1.42685, 
49, -1.18324, 0.462971, -0.660679, -0.680844, -1.17516, 1.39067, 
49, -1.17199, 0.483141, -0.712858, -0.688331, -1.14338, 1.40345, 
49, -1.16085, 0.505776, -0.768992, -0.69723, -1.11063, 1.41791, 
49, -1.14984, 0.531242, -0.82974, -0.707717, -1.07647, 1.43439, 
49, -1.13889, 0.560927, -0.897701, -0.72104, -1.04119, 1.45423, 
49, -1.12813, 0.594568, -0.972229, -0.7378, -1.00384, 1.47804, 
49, -1.11736, 0.635275, -1.05919, 2.38444, 0.963398, -1.63508, 
52, -0.918271, 0.586596, 0.112045, -0.191678, -1.95215, 0.702536, 
52, -0.91132, 0.560974, 0.0804843, -0.185588, -1.89499, 0.70807, 
52, -0.904462, 0.539353, 0.0447029, -0.180262, -1.83755, 0.713051, 
52, -0.897729, 0.521863, 0.00460508, -0.175669, -1.77985, 0.71758, 
52, -0.891132, 0.508576, -0.0398969, -0.171773, -1.72192, 0.721837, 
52, -0.884679, 0.499565, -0.0889385, -0.168543, -1.66371, 0.72589, 
52, -0.878375, 0.495, -0.142808, -0.165966, -1.60512, 0.729819, 
52, -0.872208, 0.494823, -0.201597, -0.163998, -1.54599, 0.733724, 
52, -0.86618, 0.499225, -0.265721, -0.162649, -1.48612, 0.737694, 
52, -0.860289, 0.508451, -0.335729, -0.161939, -1.4252, 0.741847, 
52, -0.854532, 0.522856, -0.412389, -0.161915, -1.36284, 0.746327, 
52, -0.848905, 0.542985, -0.496821, -0.162664, -1.29848, 0.751322, 
52, -0.843404, 0.569702, -0.590723, -0.164335, -1.23129, 0.757096, 
52, -0.838025, 0.604439, -0.69682, -0.16719, -1.16003, 0.764054, 
52, -0.832765, 0.649783, -0.819908, -0.171724, -1.08251, 0.772898, 
52, -0.827619, 0.711137, -0.969844, -0.178999, -0.994411, 0.785072, 
52, -0.822584, 0.803674, -1.17402, -0.19211, -0.883787, 0.804662, 
53, -0.967328, 0.470624, 0.276374, -0.239864, -1.96025, 0.706478, 
53, -0.959165, 0.446781, 0.247566, -0.232327, -1.90762, 0.713061, 
53, -0.951128, 0.42641, 0.215548, -0.225646, -1.85516, 0.718963, 
53, -0.943249, 0.409556, 0.180296, -0.219763, -1.80292, 0.724316, 
53, -0.935542, 0.396173, 0.141842, -0.214666, -1.7509, 0.7292, 
53, -0.928013, 0.386234, 0.100181, -0.210298, -1.69907, 0.733701, 
53, -0.920662, 0.379719, 0.0552778, -0.206609, -1.6474, 0.737907, 
53, -0.913488, 0.376609, 0.00706605, -0.203556, -1.59582, 0.741906, 
53, -0.906487, 0.376948, -0.0446082, -0.201117, -1.54421, 0.745783, 
53, -0.899653, 0.380697, -0.0998444, -0.199265, -1.49245, 0.749635, 
53, -0.892981, 0.387888, -0.158843, -0.197994, -1.44039, 0.753547, 
53, -0.886468, 0.39863, -0.221919, -0.197319, -1.38782, 0.757617, 
53, -0.880108, 0.413082, -0.28949, -0.197272, -1.3345, 0.761956, 
53, -0.873897, 0.431491, -0.362129, -0.19791, -1.28011, 0.766702, 
53, -0.86783, 0.454226, -0.440631, -0.199328, -1.22425, 0.77203, 
53, -0.861903, 0.481853, -0.526138, -0.201674, -1.16634, 0.778175, 
53, -0.85611, 0.515253, -0.620359, -0.205186, -1.10561, 0.785484, 
53, -0.850449, 0.555876, -0.726015, -0.210267, -1.04082, 0.794498, 
53, -0.844915, 0.606316, -0.847885, -0.217662, -0.969866, 0.806183, 
53, -0.839504, 0.671991, -0.995815, -0.228977, -0.888498, 0.822566, 
53, -0.834212, 0.768166, -1.19732, -0.248937, -0.784965, 0.849504, 
54, -1.03618, 0.284844, 0.445167, -0.304557, -1.89752, 0.734106, 
54, -1.0262, 0.266437, 0.415965, -0.296006, -1.84999, 0.741071, 
54, -1.01644, 0.251203, 0.384432, -0.288573, -1.80307, 0.747091, 
54, -1.00688, 0.239006, 0.350589, -0.281963, -1.75657, 0.752694, 
54, -0.997541, 0.229708, 0.314502, -0.27615, -1.71069, 0.757796, 
54, -0.988433, 0.223199, 0.276218, -0.271089, -1.66539, 0.762396, 
54, -0.979553, 0.219393, 0.235747, -0.266717, -1.6206, 0.766603, 
54, -0.970897, 0.218215, 0.193084, -0.262983, -1.57623, 0.770513, 
54, -0.962462, 0.219597, 0.14821, -0.259845, -1.5322, 0.774216, 
54, -0.954241, 0.223487, 0.101081, -0.257275, -1.48842, 0.777794, 
54, -0.946228, 0.229852, 0.0516233, -0.255255, -1.44479, 0.781327, 
54, -0.938418, 0.238697, -0.000286202, -0.253785, -1.40121, 0.784903, 
54, -0.930803, 0.249968, -0.0547231, -0.252854, -1.35756, 0.788589, 
54, -0.923377, 0.263705, -0.111875, -0.252478, -1.3137, 0.792466, 
54, -0.916134, 0.279977, -0.171977, -0.252688, -1.26946, 0.796626, 
54, -0.909068, 0.298892, -0.235332, -0.253531, -1.22467, 0.801174, 
54, -0.902174, 0.320613, -0.302335, -0.255076, -1.17912, 0.806238, 
54, -0.895446, 0.345376, -0.373509, -0.257425, -1.13251, 0.811979, 
54, -0.888878, 0.373522, -0.449562, -0.260723, -1.08453, 0.818606, 
54, -0.882466, 0.405552, -0.531479, -0.265188, -1.03469, 0.826408, 
54, -0.876204, 0.442214, -0.62069, -0.27115, -0.982384, 0.835808, 
54, -0.870088, 0.484691, -0.719395, -0.279143, -0.926642, 0.847463, 
54, -0.864112, 0.534988, -0.831279, -0.290108, -0.865912, 0.862508, 
54, -0.858274, 0.596978, -0.963367, -0.305934, -0.797274, 0.88318, 
54, -0.852567, 0.679998, -1.1325, -0.331398, -0.713819, 0.915076, 
54, -0.846992, 0.846678, -1.4511, -0.40091, -0.570119, 0.998176, 
55, -1.04194, 0.00721923, 0.290563, -0.357049, -1.41546, 0.855955, 
55, -1.03165, 0.0166718, 0.247714, -0.354614, -1.3807, 0.858356, 
55, -1.02162, 0.0276953, 0.203485, -0.352663, -1.34619, 0.860788, 
55, -1.01187, 0.0402559, 0.157829, -0.351193, -1.31183, 0.86331, 
55, -1.00237, 0.0543319, 0.110683, -0.350209, -1.27757, 0.865984, 
55, -0.993126, 0.069947, 0.0619379, -0.349746, -1.24331, 0.868902, 
55, -0.984125, 0.0870603, 0.0115426, -0.349798, -1.20898, 0.872099, 
55, -0.975358, 0.105701, -0.0406296, -0.350399, -1.17448, 0.875646, 
55, -0.966819, 0.125913, -0.0947304, -0.35159, -1.13973, 0.879624, 
55, -0.958499, 0.147763, -0.150944, -0.353429, -1.10461, 0.884126, 
55, -0.950391, 0.171344, -0.209499, -0.355987, -1.06899, 0.88926, 
55, -0.942488, 0.19678, -0.270677, -0.359363, -1.03275, 0.895162, 
55, -0.934785, 0.224241, -0.334838, -0.363686, -0.99571, 0.901998, 
55, -0.927273, 0.253956, -0.402443, -0.369128, -0.957667, 0.909985, 
55, -0.919947, 0.286238, -0.474099, -0.375931, -0.918364, 0.919413, 
55, -0.9128, 0.32152, -0.550632, -0.384435, -0.877464, 0.930681, 
55, -0.905828, 0.360426, -0.633203, -0.395142, -0.834506, 0.944374, 
55, -0.899023, 0.403897, -0.723542, -0.408838, -0.788825, 0.961384, 
55, -0.892382, 0.453445, -0.824406, -0.426836, -0.739382, 0.9832, 
55, -0.885897, 0.511771, -0.940684, -0.451596, -0.684375, 1.01258, 
55, -0.879565, 0.584552, -1.08261, -0.488559, -0.620105, 1.05557, 
55, -0.873381, 0.687806, -1.27896, -0.554007, -0.536364, 1.13017, 
56, -1.0498, -0.0489793, -0.0674707, -0.558979, -0.966722, 1.08864, 
56, -1.03933, -0.0241518, -0.115768, -0.562944, -0.941322, 1.09316, 
56, -1.02914, 0.00162764, -0.16559, -0.567768, -0.915624, 1.09862, 
56, -1.01922, 0.0284374, -0.217096, -0.573561, -0.889567, 1.10515, 
56, -1.00957, 0.0563745, -0.270478, -0.580461, -0.863084, 1.11291, 
56, -1.00018, 0.0855593, -0.325969, -0.588638, -0.836097, 1.12207, 
56, -0.991031, 0.116143, -0.383856, -0.59831, -0.808517, 1.1329, 
56, -0.982123, 0.148318, -0.444499, -0.609762, -0.780235, 1.1457, 
56, -0.973445, 0.182333, -0.508358, -0.623366, -0.751123, 1.16088, 
56, -0.96499, 0.218515, -0.576037, -0.63963, -0.72102, 1.17901, 
56, -0.956752, 0.257314, -0.648352, -0.659265, -0.689718, 1.20085, 
56, -0.948723, 0.29936, -0.72645, -0.683306, -0.656941, 1.22753, 
56, -0.940896, 0.34559, -0.812027, -0.713336, -0.622306, 1.26077, 
56, -0.933264, 0.397483, -0.907754, -0.751942, -0.585244, 1.30339, 
56, -0.925821, 0.4576, -1.01824, -0.803755, -0.544854, 1.36037, 
56, -0.918563, 0.539157, -1.16716, -0.889664, -0.495598, 1.45423, 
56, -0.91148, 0.664731, -1.39515, -1.05563, -0.432452, 1.63486, 
59, -0.764005, 0.364011, 0.442141, -0.0351588, -1.96006, 0.514719, 
59, -0.762549, 0.3347, 0.404336, -0.0336727, -1.89295, 0.51607, 
59, -0.761148, 0.311158, 0.362045, -0.032434, -1.82711, 0.517228, 
59, -0.759802, 0.293194, 0.315415, -0.0314049, -1.76252, 0.518234, 
59, -0.758505, 0.280597, 0.264556, -0.0305558, -1.69906, 0.519125, 
59, -0.757257, 0.273161, 0.209525, -0.0298641, -1.63659, 0.519929, 
59, -0.756158, 0.270963, 0.151376, -0.0293539, -1.57624, 0.520704, 
59, -0.754965, 0.273144, 0.0876034, -0.0289161, -1.51464, 0.521413, 
59, -0.753828, 0.280115, 0.0195548, -0.0286072, -1.45356, 0.522102, 
59, -0.752737, 0.291795, -0.053092, -0.0284195, -1.39259, 0.522798, 
59, -0.751687, 0.30821, -0.130769, -0.0283533, -1.33132, 0.523525, 
59, -0.750673, 0.329509, -0.214079, -0.0284158, -1.2693, 0.524312, 
59, -0.749695, 0.356002, -0.30388, -0.0286216, -1.206, 0.525192, 
59, -0.748749, 0.388233, -0.401416, -0.0289966, -1.14069, 0.526208, 
59, -0.747835, 0.427108, -0.508559, -0.0295847, -1.07242, 0.527424, 
59, -0.746951, 0.474157, -0.628286, -0.0304618, -0.999753, 0.528941, 
59, -0.746096, 0.532131, -0.765745, -0.0317707, -0.920281, 0.530938, 
59, -0.74527, 0.606575, -0.931087, -0.0338163, -0.829406, 0.533781, 
59, -0.744427, 0.721555, -1.16797, -0.0378515, -0.707547, 0.538927, 
60, -0.77694, 0.229697, 0.68109, -0.0499172, -2.00685, 0.490165, 
60, -0.774931, 0.19608, 0.648373, -0.0475404, -1.94054, 0.492282, 
60, -0.773015, 0.168491, 0.611914, -0.0455648, -1.8765, 0.494044, 
60, -0.77185, 0.147434, 0.572945, -0.0429015, -1.81656, 0.496479, 
60, -0.769935, 0.130973, 0.529511, -0.0419007, -1.7569, 0.497391, 
60, -0.768105, 0.119321, 0.483024, -0.0410953, -1.69865, 0.498228, 
60, -0.766361, 0.1122, 0.433615, -0.0403537, -1.64195, 0.499005, 
60, -0.764707, 0.109351, 0.381354, -0.0396366, -1.58677, 0.499742, 
60, -0.763147, 0.110522, 0.32627, -0.0389743, -1.53285, 0.500458, 
60, -0.761718, 0.115428, 0.268227, -0.0384439, -1.4797, 0.501209, 
60, -0.760364, 0.123983, 0.207291, -0.0380579, -1.42731, 0.501951, 
60, -0.759056, 0.136053, 0.143424, -0.0377881, -1.3755, 0.502679, 
60, -0.757794, 0.151519, 0.0764517, -0.0376339, -1.32398, 0.503418, 
60, -0.756576, 0.170332, 0.00613582, -0.0375982, -1.27247, 0.504192, 
60, -0.755402, 0.192517, -0.0678485, -0.0376878, -1.22067, 0.505026, 
60, -0.75427, 0.218182, -0.145939, -0.0379148, -1.16823, 0.505945, 
60, -0.753176, 0.247536, -0.228727, -0.038298, -1.1148, 0.506985, 
60, -0.752121, 0.280924, -0.317028, -0.0388662, -1.05989, 0.508187, 
60, -0.751101, 0.318889, -0.411985, -0.0396639, -1.0029, 0.509611, 
60, -0.750115, 0.362276, -0.515275, -0.0407612, -0.943004, 0.511345, 
60, -0.749163, 0.412446, -0.629484, -0.0422754, -0.878982, 0.513529, 
60, -0.748242, 0.471736, -0.75894, -0.0444193, -0.808843, 0.51641, 
60, -0.747352, 0.544609, -0.91178, -0.047631, -0.728922, 0.520488, 
60, -0.746458, 0.648425, -1.11954, -0.0535155, -0.625073, 0.527543, 
61, -0.79338, -0.111905, 0.872724, -0.0672487, -1.78299, 0.476666, 
61, -0.790325, -0.127242, 0.832549, -0.0644375, -1.72763, 0.477858, 
61, -0.787639, -0.137257, 0.789971, -0.0622973, -1.67499, 0.478818, 
61, -0.785152, -0.142667, 0.745361, -0.060857, -1.62495, 0.479886, 
61, -0.782754, -0.144098, 0.698919, -0.0597295, -1.57705, 0.480745, 
61, -0.780459, -0.141948, 0.65071, -0.0587739, -1.53094, 0.481472, 
61, -0.778267, -0.136581, 0.600803, -0.057944, -1.48635, 0.482124, 
61, -0.776175, -0.128314, 0.549253, -0.0572166, -1.44302, 0.482728, 
61, -0.774182, -0.117411, 0.496086, -0.0565817, -1.40071, 0.483306, 
61, -0.772284, -0.104082, 0.441298, -0.0560369, -1.35922, 0.483874, 
61, -0.770488, -0.0885029, 0.384847, -0.0555961, -1.31831, 0.484459, 
61, -0.768797, -0.0708086, 0.326644, -0.0553113, -1.27777, 0.485105, 
61, -0.767171, -0.0510405, 0.266656, -0.0551407, -1.23753, 0.48578, 
61, -0.765608, -0.0292651, 0.204767, -0.0550886, -1.19739, 0.486505, 
61, -0.764105, -0.00550909, 0.140824, -0.0551611, -1.15718, 0.487299, 
61, -0.762661, 0.0202395, 0.0746371, -0.0553675, -1.11673, 0.488183, 
61, -0.761273, 0.0480332, 0.00596492, -0.0557206, -1.07584, 0.489181, 
61, -0.759937, 0.0779702, -0.0654964, -0.0562384, -1.0343, 0.490321, 
61, -0.758651, 0.110203, -0.140133, -0.0569458, -0.991895, 0.491636, 
61, -0.757412, 0.144953, -0.218442, -0.0578773, -0.948337, 0.49317, 
61, -0.756218, 0.182535, -0.301076, -0.059082, -0.903292, 0.494983, 
61, -0.755066, 0.223395, -0.388916, -0.060631, -0.856328, 0.497156, 
61, -0.753955, 0.268177, -0.483192, -0.0626318, -0.80686, 0.499813, 
61, -0.752882, 0.317846, -0.585703, -0.0652554, -0.75406, 0.503144, 
61, -0.751847, 0.373927, -0.699249, -0.0687937, -0.696657, 0.507468, 
61, -0.750846, 0.439036, -0.828587, -0.0737963, -0.632526, 0.513381, 
61, -0.74988, 0.518252, -0.982888, -0.0814542, -0.557598, 0.522162, 
61, -0.74892, 0.636097, -1.20652, -0.0975118, -0.452159, 0.53991, 
62, -0.795642, -0.458843, 0.667119, -0.0983424, -1.13422, 0.488556, 
62, -0.79274, -0.43011, 0.615737, -0.0975057, -1.11141, 0.487881, 
62, -0.789994, -0.401148, 0.563692, -0.0968151, -1.08817, 0.487378, 
62, -0.787393, -0.371902, 0.510916, -0.0962668, -1.0645, 0.487042, 
62, -0.784928, -0.342318, 0.457332, -0.0958637, -1.04037, 0.486875, 
62, -0.78259, -0.312339, 0.402848, -0.0956419, -1.01576, 0.48691, 
62, -0.780365, -0.2819, 0.347383, -0.0955853, -0.990635, 0.487127, 
62, -0.778246, -0.250934, 0.290832, -0.0957016, -0.964965, 0.487534, 
62, -0.776225, -0.21937, 0.233078, -0.0960011, -0.938702, 0.488144, 
62, -0.774296, -0.187128, 0.173988, -0.0964982, -0.911792, 0.488971, 
62, -0.772453, -0.154119, 0.113405, -0.0972112, -0.884169, 0.490036, 
62, -0.770689, -0.120237, 0.051149, -0.0981645, -0.855758, 0.491365, 
62, -0.769, -0.0853601, -0.0129951, -0.0993898, -0.826467, 0.492991, 
62, -0.767382, -0.0493429, -0.0792846, -0.100929, -0.796185, 0.49496, 
62, -0.765829, -0.0120095, -0.148033, -0.102836, -0.764776, 0.497331, 
62, -0.764339, 0.0268573, -0.219628, -0.105187, -0.732071, 0.500182, 
62, -0.762907, 0.0675314, -0.294561, -0.108085, -0.697855, 0.503625, 
62, -0.76153, 0.110367, -0.37347, -0.111677, -0.661852, 0.507813, 
62, -0.760205, 0.155838, -0.457204, -0.116177, -0.62369, 0.512974, 
62, -0.75893, 0.2046, -0.546945, -0.12192, -0.582855, 0.519457, 
62, -0.757701, 0.257606, -0.644409, -0.129448, -0.538604, 0.527828, 
62, -0.756516, 0.316331, -0.752248, -0.13972, -0.489788, 0.539082, 
62, -0.755374, 0.383258, -0.874929, -0.154604, -0.434491, 0.555147, 
62, -0.754273, 0.463096, -1.02091, -0.178293, -0.369099, 0.580329, 
62, -0.753194, 0.582234, -1.2379, -0.236846, -0.273108, 0.641261, 
63, -0.800279, -0.473624, 0.263597, -0.234683, -0.590545, 0.585795, 
63, -0.797216, -0.435262, 0.214318, -0.234766, -0.57923, 0.585111, 
63, -0.79432, -0.397037, 0.164022, -0.235509, -0.56683, 0.585222, 
63, -0.791577, -0.358841, 0.112613, -0.236943, -0.553356, 0.58615, 
63, -0.788976, -0.320561, 0.0599791, -0.239116, -0.538808, 0.587934, 
63, -0.786506, -0.282079, 0.00599215, -0.242098, -0.523174, 0.590638, 
63, -0.784158, -0.243273, -0.0494978, -0.245986, -0.506431, 0.594354, 
63, -0.781922, -0.204006, -0.106667, -0.250911, -0.488541, 0.599209, 
63, -0.779792, -0.16413, -0.165728, -0.257052, -0.469451, 0.605381, 
63, -0.777759, -0.123473, -0.226933, -0.264654, -0.449086, 0.613115, 
63, -0.775817, -0.0818346, -0.290596, -0.274061, -0.427353, 0.622755, 
63, -0.773961, -0.0389733, -0.357107, -0.285761, -0.404125, 0.634794, 
63, -0.772184, 0.00540939, -0.426965, -0.300473, -0.379241, 0.649957, 
63, -0.770482, 0.0516959, -0.500821, -0.319297, -0.35249, 0.669355, 
63, -0.76885, 0.100393, -0.579555, -0.34399, -0.323599, 0.694761, 
63, -0.767285, 0.152204, -0.664401, -0.377534, -0.292205, 0.729179, 
63, -0.765781, 0.208154, -0.757174, -0.425346, -0.257835, 0.77806, 
63, -0.764337, 0.269836, -0.860715, -0.498155, -0.219863, 0.852188, 
63, -0.762948, 0.339958, -0.979863, -0.619651, -0.177501, 0.975332, 
63, -0.761635, 0.433174, -1.14132, -0.930934, -0.127386, 1.28921, 
63, -0.760345, 0.582733, -1.40401, -1.91695, -0.108036, 2.28012, 
64, -0.806643, -0.279325, -0.325659, -1.63837, -0.185512, 1.94231, 
64, -0.800263, -0.198945, -0.426753, -1.75722, -0.183804, -4.22374, 
64, -0.794537, -0.114553, -0.538028, -1.90481, -0.18529, -4.07705, 
64, -0.791895, -0.0702587, -0.598518, -1.98933, -0.190134, 2.29052, 
64, -0.787077, 0.0243077, -0.732267, 0.967404, 0.205893, -6.94889, 
64, -0.784723, 0.075893, -0.807815, 0.876217, 0.219013, -6.85714, 
64, -0.782555, 0.131904, -0.891946, -2.36212, -0.237177, 2.66542, 
64, -0.780484, 0.194098, -0.987781, 0.685324, 0.261228, 5.90266, 
64, -0.776612, 0.711438, -1.88486, -2.85537, -0.6034, 3.18962, 
66, -0.546633, 0.171481, 0.689806, 0.172268, -1.95808, 0.316291, 
66, -0.556434, 0.137208, 0.647804, 0.162839, -1.88179, 0.30973, 
66, -0.565711, 0.111109, 0.600869, 0.155161, -1.80861, 0.304707, 
66, -0.574503, 0.0925499, 0.549391, 0.148863, -1.73833, 0.300832, 
66, -0.582851, 0.0809207, 0.493662, 0.143676, -1.67066, 0.297776, 
66, -0.590789, 0.0756406, 0.433887, 0.139411, -1.60529, 0.295322, 
66, -0.598352, 0.0761719, 0.37019, 0.135925, -1.5418, 0.293298, 
66, -0.605554, 0.0820594, 0.302656, 0.133121, -1.47983, 0.291554, 
66, -0.61242, 0.0929396, 0.231239, 0.13093, -1.41897, 0.289956, 
66, -0.618973, 0.108549, 0.1558, 0.129313, -1.35883, 0.288386, 
66, -0.625233, 0.128727, 0.0760885, 0.128254, -1.29901, 0.286731, 
66, -0.63122, 0.153428, -0.0082844, 0.127762, -1.23908, 0.284878, 
66, -0.63695, 0.182739, -0.097885, 0.127876, -1.17855, 0.282699, 
66, -0.642439, 0.21691, -0.193525, 0.128671, -1.11689, 0.280039, 
66, -0.647703, 0.256417, -0.296374, 0.130276, -1.05339, 0.276696, 
66, -0.652754, 0.30207, -0.408173, 0.132906, -0.98716, 0.272376, 
66, -0.657604, 0.355245, -0.531637, 0.136929, -0.916862, 0.266619, 
66, -0.662266, 0.418378, -0.67137, 0.143032, -0.840373, 0.258616, 
66, -0.66675, 0.496293, -0.836241, 0.152662, -0.753723, 0.24671, 
66, -0.671066, 0.600771, -1.0476, 0.169655, -0.647544, 0.226604, 
66, -0.67522, 0.824103, -1.47135, 0.230605, -0.450286, 0.15782, 
67, -0.456403, -0.0122647, 0.950527, 0.241158, -1.98332, 0.243515, 
67, -0.471545, -0.0550788, 0.914228, 0.225716, -1.90415, 0.233642, 
67, -0.485736, -0.0872518, 0.873194, 0.213333, -1.83059, 0.226873, 
67, -0.499052, -0.110319, 0.828089, 0.203181, -1.76188, 0.222171, 
67, -0.511566, -0.125441, 0.779371, 0.194752, -1.69739, 0.219006, 
67, -0.523342, -0.133685, 0.727432, 0.187674, -1.63649, 0.216948, 
67, -0.534442, -0.13597, 0.672579, 0.18168, -1.5786, 0.215677, 
67, -0.544921, -0.13306, 0.615033, 0.176583, -1.5232, 0.214949, 
67, -0.554828, -0.125579, 0.554937, 0.172249, -1.46984, 0.21458, 
67, -0.564207, -0.114031, 0.492367, 0.168581, -1.41809, 0.214426, 
67, -0.573097, -0.098816, 0.427345, 0.165514, -1.36759, 0.214368, 
67, -0.581534, -0.0802377, 0.35983, 0.163001, -1.318, 0.214306, 
67, -0.58955, -0.0585164, 0.289725, 0.161018, -1.269, 0.214151, 
67, -0.597175, -0.0337943, 0.216872, 0.159556, -1.2203, 0.213818, 
67, -0.604436, -0.00613904, 0.141041, 0.158623, -1.17159, 0.213225, 
67, -0.611358, 0.0244572, 0.0619218, 0.158247, -1.12259, 0.21228, 
67, -0.617963, 0.0580848, -0.0209027, 0.158477, -1.07297, 0.21088, 
67, -0.624273, 0.0949311, -0.107987, 0.159394, -1.02237, 0.208894, 
67, -0.630306, 0.135307, -0.200078, 0.161117, -0.970353, 0.206155, 
67, -0.63608, 0.179696, -0.298209, 0.163835, -0.916389, 0.202427, 
67, -0.64161, 0.228837, -0.403851, 0.167839, -0.859759, 0.197364, 
67, -0.646912, 0.283891, -0.519221, 0.173614, -0.799436, 0.190414, 
67, -0.651998, 0.346784, -0.647896, 0.182018, -0.733818, 0.180621, 
67, -0.656883, 0.421051, -0.796335, 0.194769, -0.66008, 0.166107, 
67, -0.661577, 0.514366, -0.978424, 0.216009, -0.57224, 0.142406, 
67, -0.666089, 0.659706, -1.25356, 0.26769, -0.445313, 0.0859562, 
68, -0.419411, -0.504815, 0.950591, 0.267585, -1.43626, 0.0514915, 
68, -0.437047, -0.487925, 0.896314, 0.258783, -1.396, 0.0570604, 
68, -0.453383, -0.467941, 0.841002, 0.251338, -1.35805, 0.0627295, 
68, -0.468712, -0.445477, 0.784491, 0.244573, -1.32156, 0.0684468, 
68, -0.483116, -0.421085, 0.726708, 0.238455, -1.28588, 0.0740676, 
68, -0.496657, -0.395064, 0.667558, 0.232957, -1.2506, 0.0794613, 
68, -0.509378, -0.367585, 0.607012, 0.228093, -1.21553, 0.0844143, 
68, -0.521323, -0.338828, 0.545262, 0.223892, -1.18076, 0.0886873, 
68, -0.532575, -0.308817, 0.482177, 0.220244, -1.14606, 0.0925062, 
68, -0.54319, -0.277581, 0.417648, 0.217142, -1.11128, 0.0958493, 
68, -0.55322, -0.245118, 0.351544, 0.214585, -1.07629, 0.0986914, 
68, -0.562709, -0.2114, 0.283708, 0.212582, -1.04095, 0.101002, 
68, -0.571699, -0.17637, 0.213952, 0.211154, -1.00511, 0.102742, 
68, -0.580227, -0.139944, 0.142048, 0.210331, -0.968634, 0.103863, 
68, -0.588326, -0.102002, 0.067722, 0.210164, -0.931361, 0.104299, 
68, -0.596027, -0.0623898, -0.00936218, 0.210721, -0.893109, 0.103967, 
68, -0.603357, -0.020901, -0.0896205, 0.212098, -0.853669, 0.102753, 
68, -0.610342, 0.0227303, -0.173575, 0.214429, -0.812788, 0.100507, 
68, -0.616911, 0.0719735, -0.265556, 0.219864, -0.769708, 0.0952683, 
68, -0.623278, 0.121849, -0.360296, 0.225373, -0.724577, 0.0896211, 
68, -0.629364, 0.17572, -0.46213, 0.233085, -0.676531, 0.0816009, 
68, -0.635188, 0.234782, -0.573235, 0.243945, -0.624646, 0.0702064, 
68, -0.640765, 0.300974, -0.697125, 0.25967, -0.567456, 0.0536294, 
68, -0.64611, 0.377813, -0.840145, 0.283798, -0.502349, 0.0281699, 
68, -0.651237, 0.472881, -1.01594, 0.325179, -0.423781, -0.0153514, 
68, -0.65616, 0.621466, -1.288, 0.439664, -0.307734, -0.134753, 
69, -0.328704, -0.851878, 0.864084, 0.431403, -0.962649, -0.268305, 
69, -0.352917, -0.802956, 0.811671, 0.416589, -0.949511, -0.243054, 
69, -0.37532, -0.755752, 0.758729, 0.403192, -0.935323, -0.220486, 
69, -0.396088, -0.709947, 0.705181, 0.391106, -0.920151, -0.200298, 
69, -0.415378, -0.665271, 0.650951, 0.380239, -0.904043, -0.182245, 
69, -0.433329, -0.621496, 0.595961, 0.370517, -0.887031, -0.16612, 
69, -0.450053, -0.578594, 0.540289, 0.36323, -0.868355, -0.152961, 
69, -0.465657, -0.536077, 0.483521, 0.355195, -0.849682, -0.139753, 
69, -0.480268, -0.493921, 0.425771, 0.348241, -0.830136, -0.128168, 
69, -0.49397, -0.451973, 0.366916, 0.34233, -0.809696, -0.118099, 
69, -0.506841, -0.410085, 0.306826, 0.337442, -0.788336, -0.109472, 
69, -0.518948, -0.368111, 0.245361, 0.333578, -0.766027, -0.102239, 
69, -0.530354, -0.325901, 0.18236, 0.330755, -0.742729, -0.0963829, 
69, -0.541116, -0.283302, 0.11764, 0.329018, -0.718389, -0.0919175, 
69, -0.551282, -0.240149, 0.0509891, 0.328436, -0.692942, -0.0888902, 
69, -0.560899, -0.196261, -0.0178455, 0.329117, -0.666305, -0.0873888, 
69, -0.570007, -0.151433, -0.0891659, 0.331212, -0.638373, -0.0875516, 
69, -0.578645, -0.105432, -0.16334, 0.334932, -0.609015, -0.0895822, 
69, -0.586846, -0.0579787, -0.240822, 0.340574, -0.578063, -0.0937723, 
69, -0.594653, -0.00583284, -0.325715, 0.351715, -0.544933, -0.103627, 
69, -0.602068, 0.0465347, -0.413032, 0.364064, -0.509754, -0.114981, 
69, -0.609133, 0.102104, -0.506658, 0.381228, -0.471918, -0.131426, 
69, -0.615871, 0.161919, -0.608438, 0.405465, -0.430786, -0.155265, 
69, -0.622304, 0.22761, -0.721283, 0.440951, -0.38538, -0.190744, 
69, -0.628451, 0.302004, -0.850249, 0.496387, -0.334088, -0.246696, 
69, -0.634332, 0.391911, -1.0076, 0.599033, -0.274149, -0.350844, 
69, -0.639961, 0.516498, -1.22768, 0.852782, -0.198933, -0.608005, 
70, -0.321867, -0.757657, 0.405141, 0.815788, -0.562579, -0.765121, 
70, -0.346701, -0.712964, 0.360163, 0.798645, -0.545545, -0.734878, 
70, -0.369647, -0.6686, 0.314098, 0.78269, -0.528105, -0.707151, 
70, -0.390916, -0.624345, 0.266739, 0.769303, -0.512311, -0.683135, 
70, -0.410654, -0.580243, 0.218119, 0.757895, -0.496498, -0.662141, 
70, -0.429006, -0.536214, 0.168156, 0.748654, -0.480576, -0.644241, 
70, -0.446102, -0.492169, 0.116755, 0.741778, -0.464446, -0.629538, 
70, -0.462059, -0.44801, 0.0638018, 0.737499, -0.448007, -0.618177, 
70, -0.47698, -0.403628, 0.00916427, 0.736096, -0.431163, -0.610366, 
70, -0.490955, -0.358902, -0.0473175, 0.737928, -0.413824, -0.606401, 
70, -0.504068, -0.313692, -0.105836, 0.743465, -0.395906, -0.606701, 
70, -0.516391, -0.267834, -0.166628, 0.753341, -0.377335, -0.611853, 
70, -0.527537, -0.223585, -0.227123, 0.770125, -0.358321, -0.62434, 
70, -0.538477, -0.176322, -0.292695, 0.789885, -0.338396, -0.640382, 
70, -0.549251, -0.124248, -0.365945, 0.819612, -0.317133, -0.66671, 
70, -0.559011, -0.0734034, -0.439629, 0.860002, -0.295508, -0.704146, 
70, -0.568252, -0.0203566, -0.518142, 0.914931, -0.27322, -0.756539, 
70, -0.577011, 0.0355557, -0.602636, 0.990289, -0.250554, -0.829789, 
70, -0.585324, 0.0952958, -0.694805, 1.09529, -0.228161, -0.933146, 
70, -0.593223, 0.160361, -0.797307, 1.24422, -0.207466, -1.08097, 
70, -0.600738, 0.23331, -0.914709, 1.45749, -0.191594, -1.29382, 
70, -0.607895, 0.31914, -1.05596, 1.75608, -0.187376, -1.59294, 
70, -0.614715, 0.441327, -1.26327, 2.15376, -0.21617, -1.99387, 
71, -0.338424, -0.462897, -0.238841, 1.87691, -0.466135, 4.3404, 
71, -0.36205, -0.423049, -0.28194, 1.91003, -0.450092, 4.32051, 
71, -0.383733, -0.382825, -0.326524, 1.94406, -0.436164, 4.29843, 
71, -0.404764, -0.341203, -0.373711, 1.98294, -0.423576, -2.01252, 
71, -0.456921, -0.208929, -0.53264, 2.11288, -0.40111, -2.11632, 
71, -0.472195, -0.162056, -0.591963, -0.979461, 0.397412, 0.983069, 
71, -0.486508, -0.112996, -0.655816, 2.21509, -0.398579, -2.20526, 
71, -0.512511, -0.00663348, -0.800394, 2.32908, -0.409229, -2.30918, 
71, -0.524364, 0.0527602, -0.884835, -0.750716, 0.421286, 0.77434, 
71, -0.53553, 0.118709, -0.98172, -0.685573, 0.43976, 0.711904, 
71, -0.546062, 0.19537, -1.09852, -0.615677, 0.467557, 0.643316, 
71, -0.556017, 0.294896, -1.25701, -0.538791, 0.513839, 0.565143, 
73, -0.256449, 0.0310896, 0.840779, 0.420511, -1.98072, 0.0902203, 
73, -0.284012, -0.0115412, 0.800864, 0.394123, -1.89759, 0.073456, 
73, -0.31002, -0.0431331, 0.754935, 0.373023, -1.81859, 0.0616096, 
73, -0.334565, -0.0647844, 0.703634, 0.355943, -1.7436, 0.0533347, 
73, -0.35774, -0.0776106, 0.647506, 0.341987, -1.67229, 0.0476332, 
73, -0.379631, -0.0826468, 0.586975, 0.330518, -1.60419, 0.0437504, 
73, -0.400322, -0.080805, 0.522345, 0.321086, -1.53881, 0.0411093, 
73, -0.419896, -0.0728525, 0.453814, 0.313375, -1.47566, 0.0392593, 
73, -0.438294, -0.0614145, 0.383317, 0.306785, -1.41419, 0.0372363, 
73, -0.455883, -0.0426194, 0.306819, 0.30205, -1.35408, 0.0361037, 
73, -0.472551, -0.0193069, 0.226495, 0.298565, -1.29482, 0.0347595, 
73, -0.488364, 0.0083558, 0.142043, 0.296332, -1.23596, 0.0329695, 
73, -0.503381, 0.0403145, 0.0530467, 0.295406, -1.17705, 0.0304846, 
73, -0.517654, 0.076646, -0.0410773, 0.295899, -1.11761, 0.0270215, 
73, -0.531235, 0.117587, -0.141138, 0.298005, -1.05709, 0.0222338, 
73, -0.544167, 0.163581, -0.248267, 0.302035, -0.994859, 0.0156688, 
73, -0.556495, 0.215367, -0.364083, 0.308477, -0.930081, 0.00669475, 
73, -0.568262, 0.277978, -0.496179, 0.319901, -0.860479, -0.00735702, 
73, -0.579477, 0.347987, -0.641718, 0.335769, -0.785471, -0.0265008, 
73, -0.590192, 0.43319, -0.813445, 0.361089, -0.700667, -0.0560496, 
73, -0.600437, 0.546492, -1.03473, 0.406988, -0.596908, -0.108232, 
73, -0.610241, 0.814491, -1.53292, 0.608127, -0.390705, -0.329075, 
74, -0.123285, -0.273928, 0.953547, 0.494306, -1.79554, -0.119375, 
74, -0.158398, -0.295258, 0.908755, 0.471922, -1.72393, -0.12537, 
74, -0.191529, -0.30697, 0.859663, 0.453385, -1.65718, -0.127801, 
74, -0.222789, -0.310642, 0.806855, 0.437733, -1.59456, -0.127736, 
74, -0.252274, -0.307542, 0.750756, 0.424372, -1.53543, -0.125992, 
74, -0.280086, -0.298708, 0.691677, 0.412898, -1.4792, -0.123187, 
74, -0.306323, -0.284977, 0.629831, 0.403031, -1.42533, -0.119786, 
74, -0.331082, -0.267006, 0.565348, 0.394582, -1.37334, -0.116145, 
74, -0.354647, -0.2465, 0.499326, 0.386331, -1.32259, -0.112553, 
74, -0.376659, -0.221287, 0.429542, 0.380615, -1.27326, -0.10923, 
74, -0.397481, -0.193066, 0.357138, 0.376004, -1.22466, -0.106388, 
74, -0.417186, -0.161997, 0.281959, 0.372521, -1.17648, -0.10421, 
74, -0.435846, -0.128162, 0.203779, 0.37022, -1.12842, -0.102881, 
74, -0.453529, -0.0915658, 0.122296, 0.369192, -1.08019, -0.102603, 
74, -0.470297, -0.05213, 0.0371065, 0.369573, -1.03147, -0.103609, 
74, -0.486211, -0.00968208, -0.0523204, 0.371564, -0.981916, -0.106185, 
74, -0.501328, 0.0360645, -0.14669, 0.375455, -0.931144, -0.110704, 
74, -0.5157, 0.085546, -0.24695, 0.381672, -0.878687, -0.117673, 
74, -0.529378, 0.139409, -0.354411, 0.390847, -0.823954, -0.127816, 
74, -0.542415, 0.202036, -0.475544, 0.405788, -0.765159, -0.143832, 
74, -0.554819, 0.269949, -0.606964, 0.425967, -0.702279, -0.16597, 
74, -0.56665, 0.349017, -0.758032, 0.456643, -0.632449, -0.199515, 
74, -0.577942, 0.446763, -0.942355, 0.507723, -0.550918, -0.255083, 
74, -0.58873, 0.591203, -1.21038, 0.621777, -0.441531, -0.37806, 
75, 0.00191475, -0.618501, 0.921095, 0.592071, -1.47075, -0.455147, 
75, -0.0399538, -0.602636, 0.871047, 0.578402, -1.42001, -0.440427, 
75, -0.0796266, -0.582514, 0.818801, 0.565884, -1.3722, -0.425332, 
75, -0.117159, -0.558991, 0.764592, 0.554356, -1.32675, -0.410261, 
75, -0.152624, -0.532627, 0.708522, 0.543771, -1.28324, -0.395557, 
75, -0.186105, -0.503852, 0.650652, 0.534113, -1.24133, -0.381475, 
75, -0.217695, -0.473006, 0.591012, 0.525393, -1.20067, -0.368205, 
75, -0.247492, -0.440326, 0.529585, 0.517634, -1.16098, -0.355908, 
75, -0.275596, -0.405978, 0.46632, 0.510874, -1.12202, -0.344715, 
75, -0.302107, -0.370069, 0.401135, 0.505165, -1.08356, -0.334746, 
75, -0.327121, -0.332656, 0.333911, 0.500574, -1.04539, -0.326115, 
75, -0.350733, -0.293748, 0.264488, 0.49719, -1.0073, -0.318944, 
75, -0.373035, -0.253308, 0.192663, 0.495126, -0.969093, -0.313373, 
75, -0.394111, -0.211255, 0.118176, 0.494532, -0.930571, -0.309571, 
75, -0.414042, -0.167453, 0.0406964, 0.495607, -0.891524, -0.307757, 
75, -0.432905, -0.121711, -0.0401963, 0.498618, -0.851727, -0.308219, 
75, -0.450772, -0.0737562, -0.125047, 0.503935, -0.810924, -0.311352, 
75, -0.467707, -0.0232172, -0.214574, 0.512082, -0.768817, -0.317712, 
75, -0.483774, 0.0304265, -0.309753, 0.523825, -0.725038, -0.328113, 
75, -0.49903, 0.0879199, -0.411959, 0.540335, -0.679115, -0.343794, 
75, -0.513528, 0.15038, -0.523229, 0.563505, -0.630403, -0.366756, 
75, -0.527317, 0.219595, -0.646808, 0.596643, -0.577959, -0.400485, 
75, -0.540444, 0.298742, -0.788433, 0.646214, -0.520271, -0.451769, 
75, -0.55295, 0.394478, -0.960091, 0.727255, -0.454532, -0.536336, 
75, -0.564876, 0.530899, -1.20513, 0.899593, -0.372689, -0.716728, 
76, 0.309186, -0.849408, 0.857714, 0.794321, -1.39436, -0.954494, 
76, 0.254894, -0.830217, 0.817761, 0.789776, -1.34075, -0.931455, 
76, 0.201944, -0.807999, 0.776387, 0.784724, -1.28973, -0.906863, 
76, 0.150914, -0.782501, 0.733288, 0.779295, -1.24131, -0.881939, 
76, 0.101951, -0.754227, 0.688541, 0.773521, -1.1953, -0.857078, 
76, 0.0551523, -0.723601, 0.6422, 0.767493, -1.15152, -0.832624, 
76, 0.0106249, -0.691305, 0.594515, 0.760989, -1.10901, -0.808214, 
76, -0.0317662, -0.656797, 0.544955, 0.754986, -1.06936, -0.785699, 
76, -0.0719312, -0.620878, 0.493873, 0.749113, -1.03115, -0.764256, 
76, -0.109931, -0.583681, 0.441213, 0.743573, -0.994283, -0.744147, 
76, -0.14584, -0.545313, 0.386912, 0.738561, -0.958574, -0.725581, 
76, -0.179741, -0.505854, 0.330894, 0.734274, -0.923847, -0.708742, 
76, -0.211729, -0.46535, 0.273064, 0.730914, -0.889914, -0.693804, 
76, -0.2419, -0.423814, 0.213302, 0.728695, -0.856594, -0.680945, 
76, -0.270354, -0.381229, 0.151458, 0.727851, -0.823707, -0.67036, 
76, -0.297192, -0.33754, 0.0873488, 0.728648, -0.791076, -0.662273, 
76, -0.322512, -0.292661, 0.0207446, 0.731396, -0.75853, -0.65696, 
76, -0.34641, -0.24646, -0.0486407, 0.736476, -0.725897, -0.654767, 
76, -0.368976, -0.198759, -0.121168, 0.744366, -0.693006, -0.656145, 
76, -0.390299, -0.149317, -0.197298, 0.75569, -0.65968, -0.661703, 
76, -0.41046, -0.0978109, -0.277635, 0.77129, -0.625739, -0.672276, 
76, -0.429536, -0.0437993, -0.362985, 0.792346, -0.590993, -0.689053, 
76, -0.447601, 0.0133341, -0.454464, 0.820571, -0.555241, -0.713782, 
76, -0.464721, 0.074486, -0.553691, 0.85858, -0.518277, -0.749148, 
76, -0.48096, 0.14104, -0.663156, 0.910606, -0.479907, -0.799515, 
76, -0.496377, 0.215317, -0.787036, 0.984054, -0.440009, -0.872537, 
76, -0.511032, 0.30246, -0.934603, 1.09468, -0.400172, -0.984733, 
76, -0.524959, 0.414201, -1.1269, 1.28061, -0.359758, -1.17546, 
77, 0.268106, -0.72092, 0.35775, -2.10609, 1.12333, 1.77882, 
77, 0.215072, -0.696199, 0.321102, -2.09512, 1.07443, 1.79569, 
77, 0.163058, -0.667719, 0.281946, -2.08349, 1.02706, 1.81212, 
77, 0.112802, -0.637891, 0.24223, -2.07277, 0.981116, 1.82807, 
77, 0.0661416, -0.60623, 0.19978, -2.06271, 0.93903, 1.84215, 
77, 0.0209672, -0.572823, 0.156232, -2.0526, 0.897683, 1.85526, 
77, -0.0219797, -0.537825, 0.110967, -2.04244, 0.857927, 1.86688, 
77, -0.0626879, -0.50124, 0.0637569, -2.03168, 0.820393, 1.87631, 
77, -0.10113, -0.463474, 0.0149534, 1.1202, -0.784233, -1.25684, 
77, -0.137674, -0.423797, -0.0366088, -2.00784, 0.749554, 1.88862, 
77, -0.172056, -0.382981, -0.0900733, -1.99395, 0.716403, 1.89069, 
77, -0.204642, -0.340769, -0.145908, -1.97752, 0.684404, 1.88902, 
77, -0.23516, -0.296857, -0.20483, 1.18261, -0.653882, -1.25783, 
77, -0.263963, -0.251579, -0.266391, 1.2054, -0.624483, -1.26844, 
77, -0.291267, -0.204201, -0.331829, -1.91073, 0.59611, -4.4246, 
77, -0.316954, -0.154924, -0.401036, -1.87933, 0.568964, -4.44622, 
77, -0.364079, -0.0486566, -0.55446, -1.79516, 0.518371, 1.76886, 
77, -0.385696, 0.00959491, -0.641032, 1.40254, -0.495653, -1.42262, 
77, -0.406063, 0.0723712, -0.736305, 1.47435, -0.475141, -1.48944, 
78, -0.195649, -0.070022, -0.769851, -1.3032, 0.743858, 1.03894, 
78, -0.22723, -0.0159727, -0.846035, -1.25039, 0.730338, 0.999002, 
78, -0.256557, 0.0425665, -0.930495, -1.1932, 0.721532, 0.952629, 
78, -0.283701, 0.106469, -1.025, -1.13099, 0.718314, 0.899889, 
78, -0.310261, 0.188923, -1.15204, 2.08344, -0.72397, -2.3118, 
80, 0.034092, -0.0625756, 0.844221, 0.631789, -1.98522, -0.168869, 
80, -0.009658, -0.107017, 0.808715, 0.594426, -1.90126, -0.190075, 
80, -0.0515899, -0.139697, 0.76622, 0.564515, -1.82043, -0.204492, 
80, -0.0916766, -0.161617, 0.717547, 0.540293, -1.74294, -0.213487, 
80, -0.129919, -0.173838, 0.663264, 0.520508, -1.66884, -0.218605, 
80, -0.166343, -0.177444, 0.603867, 0.504239, -1.59794, -0.221008, 
80, -0.200973, -0.173448, 0.539752, 0.490863, -1.52988, -0.221621, 
80, -0.233865, -0.162728, 0.471183, 0.479933, -1.46424, -0.221151, 
80, -0.265082, -0.146013, 0.398301, 0.471156, -1.40058, -0.220182, 
80, -0.294693, -0.123869, 0.321125, 0.464357, -1.33845, -0.219206, 
80, -0.322771, -0.0967124, 0.239543, 0.459463, -1.2774, -0.218665, 
80, -0.349391, -0.0648048, 0.153303, 0.45649, -1.21698, -0.218983, 
80, -0.374629, -0.028252, 0.0619874, 0.455552, -1.15672, -0.220596, 
80, -0.398559, 0.0130119, -0.0350357, 0.456878, -1.09612, -0.224005, 
80, -0.421257, 0.059259, -0.138687, 0.460852, -1.03461, -0.229831, 
80, -0.442792, 0.111037, -0.250317, 0.468095, -0.971515, -0.238924, 
80, -0.463233, 0.169309, -0.371965, 0.479627, -0.905928, -0.252545, 
80, -0.482647, 0.235736, -0.506892, 0.497209, -0.83658, -0.272761, 
80, -0.501094, 0.313367, -0.660806, 0.524194, -0.76143, -0.303376, 
80, -0.518633, 0.408589, -0.845403, 0.56808, -0.676596, -0.352747, 
80, -0.535319, 0.539219, -1.09287, 0.651663, -0.572096, -0.445946, 
81, 0.282885, -0.2289, 0.914648, 0.760315, -1.98955, -0.414338, 
81, 0.231496, -0.274225, 0.888444, 0.722001, -1.90917, -0.433798, 
81, 0.181255, -0.308339, 0.855852, 0.690912, -1.83117, -0.44566, 
81, 0.132367, -0.331963, 0.817496, 0.665445, -1.75624, -0.451573, 
81, 0.0850008, -0.34606, 0.773968, 0.644337, -1.68466, -0.452958, 
81, 0.0393403, -0.352237, 0.726181, 0.626827, -1.61521, -0.450622, 
81, -0.00464252, -0.350151, 0.673623, 0.611753, -1.55056, -0.446465, 
81, -0.0468056, -0.341645, 0.617267, 0.598947, -1.48858, -0.440674, 
81, -0.0871196, -0.327505, 0.557346, 0.588083, -1.42894, -0.433942, 
81, -0.125584, -0.308381, 0.494001, 0.578927, -1.37138, -0.426827, 
81, -0.162218, -0.28481, 0.427302, 0.571352, -1.31558, -0.419797, 
81, -0.197059, -0.25722, 0.357245, 0.56531, -1.2612, -0.413257, 
81, -0.230157, -0.225925, 0.283743, 0.560822, -1.20791, -0.407572, 
81, -0.261572, -0.191137, 0.206624, 0.55797, -1.15538, -0.403094, 
81, -0.291372, -0.152959, 0.125617, 0.556902, -1.10328, -0.400184, 
81, -0.31963, -0.111386, 0.0403245, 0.557847, -1.05125, -0.399244, 
81, -0.346421, -0.0662884, -0.0498057, 0.561136, -0.998924, -0.400757, 
81, -0.371819, -0.0173897, -0.145544, 0.567254, -0.945894, -0.405343, 
81, -0.395902, 0.0357878, -0.247976, 0.576914, -0.891671, -0.413858, 
81, -0.418743, 0.0940134, -0.35868, 0.591213, -0.835651, -0.427557, 
81, -0.440412, 0.158532, -0.480057, 0.611926, -0.777029, -0.448427, 
81, -0.46098, 0.231458, -0.616056, 0.642172, -0.71462, -0.479906, 
81, -0.480511, 0.316774, -0.773962, 0.688132, -0.64647, -0.528747, 
81, -0.499068, 0.423528, -0.970151, 0.764819, -0.568678, -0.611242, 
81, -0.516717, 0.59205, -1.2772, 0.942465, -0.466435, -0.803496, 
82, 0.555088, -0.389769, 0.868972, 0.850252, -1.9759, -0.770143, 
82, 0.502042, -0.429387, 0.850307, 0.822976, -1.9014, -0.782173, 
82, 0.448708, -0.460215, 0.826484, 0.800834, -1.82806, -0.788112, 
82, 0.395379, -0.482571, 0.797887, 0.782782, -1.7565, -0.789053, 
82, 0.342354, -0.496873, 0.764866, 0.768009, -1.68716, -0.785863, 
82, 0.289927, -0.503722, 0.727785, 0.755776, -1.62028, -0.779373, 
82, 0.238356, -0.503803, 0.686962, 0.74544, -1.55591, -0.770357, 
82, 0.187906, -0.49777, 0.642688, 0.736661, -1.4941, -0.759451, 
82, 0.138794, -0.486279, 0.595198, 0.729137, -1.43476, -0.747256, 
82, 0.0911897, -0.46994, 0.544663, 0.722647, -1.37772, -0.734322, 
82, 0.045227, -0.449285, 0.491204, 0.717078, -1.3228, -0.721125, 
82, 0.00100596, -0.424773, 0.434893, 0.712392, -1.26981, -0.708088, 
82, -0.0414077, -0.396787, 0.375752, 0.708613, -1.21854, -0.695593, 
82, -0.0819279, -0.365836, 0.313958, 0.705814, -1.16763, -0.683723, 
82, -0.12066, -0.331702, 0.248984, 0.704159, -1.11923, -0.67346, 
82, -0.157553, -0.294819, 0.180945, 0.703797, -1.07179, -0.664751, 
82, -0.192644, -0.255268, 0.109629, 0.704957, -1.02507, -0.657961, 
82, -0.225982, -0.213057, 0.0347434, 0.707938, -0.978848, -0.653492, 
82, -0.257626, -0.168112, -0.044104, 0.713125, -0.932857, -0.651813, 
82, -0.287645, -0.120264, -0.127441, 0.721027, -0.886829, -0.653506, 
82, -0.31611, -0.0692172, -0.215985, 0.73233, -0.840462, -0.659333, 
82, -0.34313, -0.014374, -0.310942, 0.747626, -0.794623, -0.670046, 
82, -0.368714, 0.0447355, -0.413345, 0.769002, -0.746645, -0.687705, 
82, -0.392971, 0.109362, -0.525528, 0.798379, -0.697136, -0.714475, 
82, -0.415975, 0.181387, -0.65097, 0.839493, -0.645461, -0.754372, 
82, -0.437798, 0.264276, -0.79599, 0.899374, -0.590722, -0.814958, 
82, -0.45851, 0.365784, -0.974603, 0.993979, -0.531447, -0.91341, 
82, -0.478176, 0.51351, -1.23644, 1.17916, -0.464262, -1.11005, 
83, 0.767362, -0.467996, 0.658178, 0.880932, -1.92534, -1.17222, 
83, 0.717769, -0.496866, 0.642665, 0.872875, -1.8594, -1.17532, 
83, 0.66742, -0.519716, 0.624386, 0.866789, -1.7947, -1.1745, 
83, 0.616051, -0.537038, 0.602755, 0.863163, -1.73001, -1.17052, 
83, 0.563536, -0.54862, 0.577454, 0.861415, -1.66665, -1.16468, 
83, 0.510511, -0.554924, 0.549144, 0.861308, -1.60388, -1.15639, 
83, 0.457143, -0.556081, 0.517802, 0.862536, -1.54223, -1.14632, 
83, 0.403736, -0.552469, 0.48368, 0.864723, -1.48163, -1.13514, 
83, 0.350592, -0.544053, 0.446611, 0.867652, -1.42293, -1.12232, 
83, 0.29801, -0.531421, 0.406931, 0.871143, -1.36558, -1.10901, 
83, 0.247872, -0.51566, 0.366562, 0.875708, -1.31174, -1.09537, 
83, 0.196606, -0.495128, 0.321112, 0.879189, -1.25689, -1.08125, 
83, 0.146916, -0.471259, 0.273354, 0.883474, -1.20399, -1.06767, 
83, 0.0988489, -0.444256, 0.223142, 0.888343, -1.15286, -1.05482, 
83, 0.0524825, -0.414307, 0.170362, 0.893794, -1.10339, -1.04296, 
83, 0.00789147, -0.381576, 0.114888, 0.899934, -1.05544, -1.03241, 
83, -0.0348695, -0.346188, 0.0565682, 0.906946, -1.0089, -1.02351, 
83, -0.0760428, -0.307829, -0.00547398, 0.917238, -0.963446, -1.01877, 
83, -0.115072, -0.267269, -0.0701967, 0.927474, -0.919378, -1.01496, 
83, -0.152261, -0.224102, -0.138582, 0.939822, -0.876294, -1.01431, 
83, -0.187641, -0.178216, -0.211069, 0.954887, -0.834041, -1.01746, 
83, -0.221258, -0.129398, -0.288244, 0.973453, -0.792458, -1.02527, 
83, -0.25317, -0.077306, -0.3709, 0.996566, -0.751378, -1.03882, 
83, -0.283442, -0.0214085, -0.460149, 1.02568, -0.710598, -1.05967, 
83, -0.312142, 0.0391048, -0.557587, 1.06295, -0.669742, -1.09009, 
83, -0.33937, 0.105757, -0.666023, 1.11099, -0.630346, -1.13296, 
83, -0.365162, 0.180692, -0.789466, 1.1755, -0.590641, -1.19431, 
83, -0.389613, 0.268664, -0.936537, 1.26606, -0.550904, -1.28463, 
83, -0.412732, 0.381893, -1.12925, 1.40425, -0.5162, -1.42733, 
84, 0.775798, -0.456544, 0.23592, -2.21195, 1.6969, -4.70247, 
84, 0.727035, -0.465932, 0.21723, -2.20006, 1.64206, -4.6969, 
84, 0.155301, -0.340162, -0.149975, -2.00344, 1.06307, 1.65548, 
84, 0.106727, -0.309311, -0.199715, -1.97933, 1.01647, 1.65488, 
84, 0.0601341, -0.276035, -0.251806, -1.95503, 0.971511, 1.65263, 
84, 0.0152618, -0.239687, -0.30762, -1.92917, 0.928897, 1.64773, 
84, -0.0277587, -0.200808, -0.366672, 1.24023, -0.887631, -1.50218, 
84, -0.0688389, -0.1585, -0.430365, 1.27252, -0.848299, -1.51601, 
84, -0.334902, 0.456326, -1.41429, 1.86279, -0.649252, 4.22812, 
85, 0.0237558, 0.0710913, -0.990641, -1.4932, 0.974561, 0.984331, 
85, -0.0196566, 0.131423, -1.08607, -1.43187, 0.952769, 0.938367, 
85, -0.0612501, 0.20791, -1.20931, -1.36142, 0.937985, 0.876809, 
85, -0.101006, 0.331022, -1.41518, -1.26454, 0.939713, 0.771162, 
87, 0.236178, -0.10322, 0.729863, 0.743676, -1.9681, -0.425957, 
87, 0.184307, -0.14299, 0.697539, 0.708939, -1.88559, -0.44265, 
87, 0.133494, -0.171949, 0.657801, 0.680817, -1.8046, -0.453144, 
87, 0.0839633, -0.190646, 0.611229, 0.658016, -1.72579, -0.458818, 
87, 0.0359443, -0.200395, 0.55879, 0.639697, -1.64838, -0.460474, 
87, -0.0105275, -0.200678, 0.499861, 0.624584, -1.57505, -0.460158, 
87, -0.0552651, -0.193233, 0.435495, 0.6125, -1.50392, -0.458147, 
87, -0.0981996, -0.178754, 0.365865, 0.603031, -1.43482, -0.455248, 
87, -0.139291, -0.157843, 0.291033, 0.595944, -1.36749, -0.45217, 
87, -0.178527, -0.13098, 0.210924, 0.59115, -1.30157, -0.449556, 
87, -0.215918, -0.0984988, 0.125306, 0.588697, -1.23667, -0.44803, 
87, -0.251493, -0.0605648, 0.0337527, 0.588768, -1.17233, -0.448237, 
87, -0.2853, -0.0171483, -0.0644147, 0.591713, -1.10806, -0.450907, 
87, -0.317393, 0.0320259, -0.170226, 0.598106, -1.04328, -0.456951, 
87, -0.34784, 0.0875715, -0.285242, 0.608864, -0.97727, -0.467607, 
87, -0.376712, 0.150627, -0.4119, 0.625497, -0.909121, -0.484738, 
87, -0.404083, 0.223258, -0.554253, 0.650652, -0.83751, -0.51145, 
87, -0.430029, 0.309479, -0.719812, 0.689525, -0.760281, -0.553683, 
87, -0.454625, 0.418552, -0.925482, 0.754554, -0.673118, -0.625455, 
87, -0.477958, 0.589893, -1.24233, 0.900395, -0.560109, -0.788128, 
88, 0.453862, -0.190965, 0.705768, 0.828668, -1.99297, -0.673023, 
88, 0.400517, -0.231052, 0.684059, 0.798792, -1.91622, -0.686524, 
88, 0.347061, -0.262162, 0.655881, 0.774394, -1.83986, -0.694475, 
88, 0.293772, -0.284485, 0.621589, 0.754408, -1.76451, -0.698044, 
88, 0.241, -0.298268, 0.58162, 0.738269, -1.69091, -0.697713, 
88, 0.189023, -0.304051, 0.536338, 0.725262, -1.61934, -0.694439, 
88, 0.138089, -0.302444, 0.486054, 0.714808, -1.54988, -0.689066, 
88, 0.0884182, -0.294061, 0.431017, 0.706506, -1.48254, -0.682318, 
88, 0.0401999, -0.27948, 0.371403, 0.700095, -1.41721, -0.674845, 
88, -0.00641556, -0.259223, 0.307302, 0.695432, -1.35374, -0.667245, 
88, -0.0513149, -0.233729, 0.238713, 0.69248, -1.29191, -0.660079, 
88, -0.0944203, -0.203341, 0.165532, 0.691305, -1.23147, -0.653893, 
88, -0.13564, -0.168484, 0.0877652, 0.692141, -1.17099, -0.64904, 
88, -0.175055, -0.128866, 0.00456421, 0.695164, -1.11244, -0.646613, 
88, -0.21262, -0.084684, -0.0843695, 0.700848, -1.05424, -0.647011, 
88, -0.248365, -0.0357185, -0.179857, 0.709816, -0.995998, -0.651099, 
88, -0.282378, 0.0186585, -0.283367, 0.722753, -0.938515, -0.659955, 
88, -0.314629, 0.0789558, -0.396207, 0.741474, -0.878784, -0.675341, 
88, -0.345227, 0.14676, -0.521468, 0.768083, -0.817207, -0.69986, 
88, -0.374243, 0.224666, -0.664053, 0.806629, -0.752673, -0.738078, 
88, -0.40175, 0.317976, -0.833712, 0.865404, -0.683332, -0.799273, 
88, -0.427826, 0.440953, -1.05626, 0.966804, -0.605126, -0.908467, 
89, 0.66583, -0.235921, 0.577886, 0.8737, -2.0071, -0.975518, 
89, 0.615771, -0.27349, 0.565477, 0.854261, -1.93884, -0.983837, 
89, 0.564544, -0.304438, 0.547704, 0.839587, -1.86939, -0.987659, 
89, 0.512323, -0.328653, 0.524803, 0.828277, -1.79972, -0.98796, 
89, 0.459383, -0.346212, 0.497065, 0.81966, -1.73056, -0.985547, 
89, 0.406023, -0.35719, 0.464682, 0.813381, -1.6623, -0.980842, 
89, 0.352533, -0.361781, 0.427836, 0.80913, -1.59512, -0.974174, 
89, 0.299438, -0.360266, 0.386943, 0.806935, -1.52963, -0.965627, 
89, 0.246493, -0.353001, 0.341574, 0.805656, -1.46502, -0.956609, 
89, 0.194355, -0.340286, 0.292208, 0.805783, -1.40203, -0.946917, 
89, 0.143256, -0.322468, 0.238875, 0.807149, -1.34065, -0.937091, 
89, 0.0934104, -0.299863, 0.181557, 0.809711, -1.28081, -0.92763, 
89, 0.045007, -0.272738, 0.120174, 0.813529, -1.22243, -0.919028, 
89, -0.00180229, -0.241304, 0.0545706, 0.818754, -1.16541, -0.911794, 
89, -0.0469012, -0.205701, -0.0155017, 0.825641, -1.1096, -0.906477, 
89, -0.0902091, -0.16598, -0.0904113, 0.834559, -1.05479, -0.903694, 
89, -0.131678, -0.122078, -0.170684, 0.846025, -1.00079, -0.904174, 
89, -0.171288, -0.0737899, -0.257066, 0.860753, -0.947324, -0.908823, 
89, -0.209046, -0.0207047, -0.350624, 0.879744, -0.894111, -0.918835, 
89, -0.244975, 0.037891, -0.452936, 0.904451, -0.840805, -0.935881, 
89, -0.279118, 0.103211, -0.56644, 0.93709, -0.787, -0.962464, 
89, -0.311602, 0.177718, -0.695801, 0.983682, -0.732241, -1.00517, 
89, -0.342371, 0.265312, -0.84821, 1.04842, -0.675781, -1.06894, 
89, -0.371549, 0.376991, -1.04362, 1.15021, -0.61658, -1.17496, 
89, -0.39921, 0.570851, -1.38645, 1.37502, -0.551505, -1.42151, 
90, 0.767117, -0.263503, 0.314394, -2.26922, 1.89542, 1.83077, 
90, 0.720262, -0.289049, 0.302478, -2.27029, 1.83548, 1.83229, 
90, 0.671756, -0.309875, 0.286501, -2.26932, 1.7746, 1.83547, 
90, 0.621931, -0.325883, 0.266378, -2.26651, 1.71329, 1.83975, 
90, 0.570838, -0.337125, 0.242687, -2.26145, 1.65182, 1.84553, 
90, 0.518648, -0.34313, 0.21484, -2.2558, 1.59019, 1.85219, 
90, 0.465776, -0.344339, 0.183369, -2.24826, 1.52901, 1.85987, 
90, 0.412417, -0.340798, 0.148277, -2.23945, 1.46827, 1.86796, 
90, 0.358887, -0.332567, 0.109552, -2.2295, 1.40823, 1.87629, 
90, 0.305501, -0.319776, 0.0671663, -2.2185, 1.34904, 1.88448, 
90, 0.200319, -0.281028, -0.0287632, 0.948319, -1.2338, -1.24259, 
90, 0.149501, -0.255744, -0.0816445, 0.962151, -1.17853, -1.23688, 
90, 0.0993059, -0.225813, -0.139782, 0.976941, -1.12358, -1.2321, 
90, 0.0504518, -0.191568, -0.202868, 0.995893, -1.06996, -1.2322, 
90, 0.00347656, -0.153587, -0.270039, 1.01555, -1.01793, -1.23402, 
90, -0.0419046, -0.11123, -0.342899, -2.10364, 0.96694, 1.90177, 
90, -0.0854447, -0.0643359, -0.422055, 1.06401, -0.917255, -1.25056, 
90, -0.127152, -0.0123791, -0.508757, 1.09493, -0.868685, -1.26775, 
90, -0.204995, 0.110777, -0.713194, -1.96229, 0.774721, -4.4722, 
90, -0.241103, 0.186133, -0.838896, -1.90168, 0.729568, 1.75718, 
90, -0.275529, 0.278158, -0.993976, -1.81826, 0.685978, 1.67596, 
90, -0.308158, 0.405537, -1.21219, -1.68774, 0.646073, 1.53866, 
91, 0.628475, -0.230361, -0.155427, -2.17307, 1.55086, 1.50301, 
91, 0.578072, -0.231428, -0.181066, -2.15376, 1.4974, 1.50703, 
91, 0.526059, -0.228925, -0.209205, 1.00916, -1.44385, -1.63033, 
91, -0.121801, 0.224155, -1.05069, 1.50009, -0.828955, 4.44495, 
91, -0.161921, 0.329132, -1.22697, 1.59714, -0.801272, 4.34785, 
92, 0.908995, 0.089727, -0.740164, 0.935586, -1.68792, 4.18935, 
92, 0.867992, 0.0726199, -0.741921, 0.961024, -1.65068, 4.19287, 
92, 0.215024, 0.269466, -1.29487, 1.49882, -1.1304, -2.26763, 
94, 0.377464, -0.0799124, 0.573204, 0.799966, -1.97271, -0.636616, 
94, 0.321918, -0.118497, 0.545697, 0.770608, -1.89069, -0.649329, 
94, 0.266449, -0.147017, 0.510219, 0.747148, -1.809, -0.656602, 
94, 0.211391, -0.165686, 0.467181, 0.728539, -1.72833, -0.659678, 
94, 0.157064, -0.174918, 0.416978, 0.713943, -1.64914, -0.659614, 
94, 0.103762, -0.175244, 0.359948, 0.702735, -1.5717, -0.657353, 
94, 0.0517506, -0.167243, 0.296336, 0.694469, -1.49608, -0.653767, 
94, 0.00125205, -0.151478, 0.226262, 0.688871, -1.42222, -0.649678, 
94, -0.047553, -0.128437, 0.149698, 0.685829, -1.34992, -0.645884, 
94, -0.0945282, -0.0984912, 0.0664291, 0.685398, -1.27891, -0.643188, 
94, -0.139579, -0.0618464, -0.0239926, 0.687816, -1.20881, -0.642447, 
94, -0.182607, -0.0186964, -0.122043, 0.693614, -1.13802, -0.644432, 
94, -0.223676, 0.0316686, -0.229477, 0.703442, -1.0682, -0.650876, 
94, -0.262796, 0.089972, -0.348256, 0.718452, -0.998834, -0.663289, 
94, -0.299908, 0.157273, -0.480883, 0.740973, -0.92644, -0.684047, 
94, -0.335107, 0.236594, -0.633183, 0.7747, -0.850784, -0.717827, 
94, -0.368457, 0.334025, -0.816502, 0.827648, -0.769316, -0.773964, 
94, -0.40003, 0.467151, -1.06279, 0.922821, -0.675878, -0.87904, 
95, 0.544911, -0.11965, 0.481666, 0.839853, -1.98063, -0.873924, 
95, 0.49125, -0.156658, 0.463574, 0.819796, -1.90595, -0.880731, 
95, 0.436652, -0.185754, 0.438634, 0.803781, -1.83066, -0.88392, 
95, 0.381425, -0.206813, 0.407091, 0.79136, -1.75541, -0.883962, 
95, 0.325983, -0.219836, 0.369291, 0.78243, -1.68095, -0.881059, 
95, 0.270453, -0.225188, 0.325242, 0.775653, -1.60704, -0.876701, 
95, 0.215326, -0.223038, 0.275296, 0.771379, -1.53443, -0.870813, 
95, 0.160914, -0.213756, 0.219569, 0.769282, -1.46322, -0.864115, 
95, 0.107512, -0.197707, 0.158099, 0.769196, -1.39345, -0.857277, 
95, 0.0553849, -0.175219, 0.0908189, 0.771092, -1.32508, -0.850969, 
95, 0.00475814, -0.146555, 0.0175307, 0.775081, -1.25799, -0.845895, 
95, -0.0441848, -0.11187, -0.0621348, 0.781425, -1.19199, -0.842825, 
95, -0.0913047, -0.0711783, -0.148775, 0.790576, -1.12683, -0.842651, 
95, -0.136504, -0.0242872, -0.243306, 0.803237, -1.06216, -0.846474, 
95, -0.179725, 0.0292923, -0.347131, 0.820487, -0.997559, -0.855754, 
95, -0.220942, 0.0905216, -0.462449, 0.844012, -0.93246, -0.872596, 
95, -0.260162, 0.161197, -0.592909, 0.876619, -0.866101, -0.900347, 
95, -0.297413, 0.244851, -0.745234, 0.923489, -0.797338, -0.945052, 
95, -0.33274, 0.349645, -0.934428, 0.996189, -0.724118, -1.0201, 
95, -0.366198, 0.504822, -1.21332, 1.13525, -0.640618, -1.17235, 
96, 0.70175, -0.112771, 0.303769, 0.853853, -1.97565, -1.1426, 
96, 0.652514, -0.147763, 0.294512, 0.845083, -1.90996, -1.14388, 
96, 0.60162, -0.176812, 0.279497, 0.838962, -1.84292, -1.14309, 
96, 0.549213, -0.20002, 0.259143, 0.834916, -1.77544, -1.14121, 
96, 0.495648, -0.216343, 0.232743, 0.833952, -1.70674, -1.13624, 
96, 0.441101, -0.226426, 0.201065, 0.834861, -1.63818, -1.13036, 
96, 0.385891, -0.230208, 0.164123, 0.837634, -1.56993, -1.12356, 
96, 0.330351, -0.227751, 0.121958, 0.842154, -1.50222, -1.11616, 
96, 0.274824, -0.219179, 0.0745846, 0.848321, -1.43525, -1.10858, 
96, 0.219649, -0.204644, 0.0219588, 0.856093, -1.3692, -1.10131, 
96, 0.165154, -0.184293, -0.0360423, 0.865511, -1.30417, -1.09487, 
96, 0.111643, -0.158243, -0.0996471, 0.876726, -1.2402, -1.08989, 
96, 0.0593858, -0.12655, -0.169223, 0.890019, -1.17729, -1.08708, 
96, 0.0086145, -0.0891683, -0.245324, 0.905849, -1.11536, -1.08728, 
96, -0.0404829, -0.0459051, -0.328769, 0.924913, -1.05425, -1.09156, 
96, -0.0877595, 0.00365697, -0.420763, 0.948256, -0.993607, -1.1013, 
96, -0.133144, 0.0605064, -0.52347, 0.977382, -0.934303, -1.11858, 
96, -0.176535, 0.125922, -0.639641, 1.01487, -0.874548, -1.14626, 
96, -0.217889, 0.202767, -0.774762, 1.06515, -0.814496, -1.1896, 
96, -0.257262, 0.297473, -0.940725, 1.13695, -0.753357, -1.25903, 
96, -0.294735, 0.430782, -1.17511, 1.25555, -0.689443, -1.38515, 
97, 0.606544, -0.159236, -0.0316809, -2.26406, 1.66447, 1.72536, 
97, 0.554347, -0.168904, -0.0558486, -2.25313, 1.60355, 1.73155, 
97, 0.500818, -0.173533, -0.0848285, -2.24022, 1.54119, 1.7375, 
97, 0.446242, -0.172457, -0.119147, -2.22562, 1.48009, 1.74402, 
97, 0.391049, -0.166414, -0.157888, -2.20933, 1.4184, 1.74964, 
97, 0.335492, -0.154852, -0.201833, -2.19181, 1.35703, 1.75444, 
97, 0.279902, -0.137896, -0.251102, -2.17243, 1.29609, 1.75781, 
97, 0.170049, -0.0878077, -0.366423, -2.12754, 1.17637, 1.75811, 
97, 0.116395, -0.0542235, -0.433832, -2.10127, 1.11812, 1.75354, 
97, 0.0643572, -0.0151691, -0.507748, -2.07093, 1.06131, 1.74416, 
97, 0.0130372, 0.0316729, -0.592802, -2.0375, 1.00463, 1.72912, 
97, -0.0362443, 0.0856773, -0.6881, -1.99728, 0.949664, 1.70566, 
97, -0.083728, 0.149372, -0.798584, 1.19333, -0.895934, -1.47104, 
97, -0.129228, 0.225705, -0.929908, 1.25564, -0.842658, -1.52356, 
97, -0.172891, 0.323626, -1.09837, -1.80128, 0.793976, 1.53698, 
98, 0.069413, 0.224388, -1.0528, 1.3527, -1.001, 4.41623, 
98, 0.0182914, 0.310513, -1.20339, 1.43042, -0.956687, 4.34682, 
98, -0.0312235, 0.510817, -1.55654, 1.58204, -0.918528, -2.12323, 
99, 0.932192, 0.661229, -1.64638, -2.26982, 1.5244, -5.51781, 
99, 0.893267, 0.497189, -1.38838, 0.90083, -1.5659, -2.28879, 
99, 0.85234, 0.458162, -1.35289, 0.932613, -1.54341, 4.00717, 
99, 0.764469, 0.677759, -1.80959, 1.02709, -1.37234, 3.83553, 
101, 0.469908, -0.0298053, 0.399248, 0.81637, -1.96925, -0.812425, 
101, 0.412598, -0.0678972, 0.37639, 0.794872, -1.88804, -0.819361, 
101, 0.354547, -0.0963972, 0.344883, 0.778449, -1.80627, -0.822159, 
101, 0.295994, -0.115437, 0.304808, 0.765422, -1.72397, -0.82264, 
101, 0.237442, -0.124907, 0.256592, 0.756207, -1.64232, -0.820589, 
101, 0.179277, -0.12509, 0.200435, 0.750274, -1.56165, -0.816927, 
101, 0.12188, -0.116333, 0.136437, 0.747304, -1.48216, -0.812523, 
101, 0.0656009, -0.0989857, 0.0645546, 0.747156, -1.40391, -0.808255, 
101, 0.0107523, -0.0733363, -0.0154583, 0.749879, -1.32683, -0.80506, 
101, -0.0424042, -0.0395383, -0.104124, 0.755746, -1.25069, -0.803986, 
101, -0.0936605, 0.00247816, -0.202359, 0.765314, -1.17516, -0.80628, 
101, -0.142863, 0.0531336, -0.311671, 0.779554, -1.09971, -0.813552, 
101, -0.189908, 0.113425, -0.43455, 0.800096, -1.02363, -0.82809, 
101, -0.23474, 0.1854, -0.575317, 0.829799, -0.945862, -0.853541, 
101, -0.277344, 0.273385, -0.742324, 0.87422, -0.864663, -0.896684, 
101, -0.317738, 0.388321, -0.955754, 0.946796, -0.776486, -0.9736, 
101, -0.355963, 0.581105, -1.30747, 1.10787, -0.66749, -1.15632, 
102, 0.583935, -0.0462501, 0.260781, 0.82614, -1.93901, -1.03485, 
102, 0.529291, -0.0803091, 0.244197, 0.816066, -1.86479, -1.0349, 
102, 0.473186, -0.10666, 0.220105, 0.808795, -1.78968, -1.03314, 
102, 0.415917, -0.125075, 0.188633, 0.804377, -1.71396, -1.0296, 
102, 0.357829, -0.13547, 0.149917, 0.802637, -1.63809, -1.02461, 
102, 0.299652, -0.137922, 0.104573, 0.8039, -1.56319, -1.01759, 
102, 0.24099, -0.132485, 0.051505, 0.806617, -1.48789, -1.0116, 
102, 0.18273, -0.119304, -0.00869043, 0.811754, -1.41347, -1.00569, 
102, 0.125239, -0.0985306, -0.0762404, 0.819283, -1.34, -1.00068, 
102, 0.0688653, -0.0702506, -0.151558, 0.829373, -1.26746, -0.997474, 
102, 0.0139202, -0.0344201, -0.235323, 0.842415, -1.19574, -0.997081, 
102, -0.0393298, 0.0092178, -0.328612, 0.859072, -1.12463, -1.00075, 
102, -0.0908993, 0.061747, -0.434101, 0.882581, -1.05357, -1.01261, 
102, -0.140231, 0.123744, -0.553175, 0.911883, -0.982462, -1.03172, 
102, -0.187409, 0.198083, -0.691661, 0.951856, -0.910278, -1.06411, 
102, -0.232376, 0.290359, -0.860119, 1.00967, -0.835599, -1.11853, 
102, -0.275114, 0.416664, -1.08793, 1.10439, -0.755123, -1.21822, 
103, 0.739897, 0.021081, 0.05186, 0.828636, -1.96042, -1.28102, 
103, 0.691183, -0.0164917, 0.0495783, 0.826947, -1.89702, -1.27791, 
103, 0.640338, -0.0476296, 0.0398421, 0.828675, -1.83259, -1.27256, 
103, 0.587464, -0.0727861, 0.0237372, 0.830893, -1.76571, -1.2673, 
103, 0.532904, -0.0914813, 0.00110688, 0.835606, -1.69763, -1.26121, 
103, 0.476861, -0.103513, -0.0280477, 0.842409, -1.62868, -1.25459, 
103, 0.419632, -0.108749, -0.0637258, 0.851235, -1.5592, -1.24776, 
103, 0.361562, -0.107112, -0.105976, 0.862064, -1.48954, -1.24111, 
103, 0.303032, -0.098561, -0.154923, 0.874932, -1.41998, -1.23512, 
103, 0.244453, -0.0830644, -0.210789, 0.88998, -1.35078, -1.2304, 
103, 0.186298, -0.0606259, -0.273815, 0.907671, -1.28221, -1.22781, 
103, 0.128604, -0.0307657, -0.34536, 0.927249, -1.21395, -1.22777, 
103, 0.0722275, 0.0063314, -0.425286, 0.950693, -1.14671, -1.23193, 
103, 0.016994, 0.0514077, -0.515609, -2.16311, 1.07995, 1.89985, 
103, -0.0878591, 0.172331, -0.741192, 1.05606, -0.947323, -1.28992, 
103, -0.137345, 0.253971, -0.887856, 1.11364, -0.88082, -1.33836, 
103, -0.184669, 0.36364, -1.0827, 1.19919, -0.812756, -1.42263, 
103, -0.229788, 0.586495, -1.47893, 1.39425, -0.734922, -1.64919, 
104, 1.23137, 1.4898, -1.9686, 0.5223, -1.87721, -2.07868, 
104, 0.916124, 0.200749, -0.301921, -2.34497, 1.98947, 1.56541, 
104, 0.876324, 0.155863, -0.282905, -2.3367, 1.94308, 1.57512, 
104, 0.83433, 0.115293, -0.270251, -2.32777, 1.89378, 1.58408, 
104, 0.790092, 0.0796852, -0.264339, -2.31777, 1.84159, 1.59261, 
104, 0.743628, 0.0489196, -0.264626, -2.30658, 1.78705, 1.6007, 
104, 0.694982, 0.0233238, -0.271149, -2.29398, 1.73035, 1.60843, 
104, 0.644244, 0.00315286, -0.283916, -2.27976, 1.67178, 1.6158, 
104, 0.591551, -0.0113658, -0.302932, -2.26379, 1.61165, 1.6227, 
104, 0.536764, -0.0219131, -0.325301, -2.24678, 1.55085, 1.62942, 
104, 0.481128, -0.022627, -0.359941, -2.22625, 1.48798, 1.63422, 
104, 0.423966, -0.018984, -0.398223, -2.20449, 1.42508, 1.63831, 
104, 0.365883, -0.00881473, -0.443596, -2.18036, 1.36177, 1.64031, 
104, 0.307334, 0.00808012, -0.496385, -2.15372, 1.29843, 1.63991, 
104, 0.248663, 0.0319333, -0.55717, 1.01741, -1.23534, -1.50538, 
104, 0.19036, 0.0637434, -0.627887, 1.05087, -1.17256, -1.51393, 
104, 0.132703, 0.104026, -0.709779, 1.08872, -1.11044, -1.52858, 
104, 0.0761163, 0.154424, -0.806096, -2.00841, 1.04904, 1.58938, 
105, 1.11532, 1.1087, -1.88468, -2.50924, 1.65691, 0.915509, 
105, 1.0873, 0.650499, -1.11409, 0.692358, -1.88999, -2.01196, 
105, 1.02608, 0.497231, -0.940353, 0.736535, -1.86935, 4.32896, 
105, 0.253792, 0.295756, -1.14723, 1.22606, -1.14536, 4.35062, 
105, 0.195386, 0.373577, -1.29447, 1.29809, -1.08921, 4.28948, 
108, -1.01649, 1.18506, -0.147567, -1.86137, -1.9997, 0.396143, 
108, -0.993927, 1.16558, -0.115688, -1.84578, -1.98534, 0.386572, 
108, -0.970922, 1.14686, -0.0856168, -1.82896, -1.97175, 0.378298, 
108, -0.947417, 1.12876, -0.0571671, -1.81138, -1.9582, 0.37057, 
108, -0.923255, 1.11122, -0.0302112, -1.79297, -1.94453, 0.363033, 
108, -0.898626, 1.09432, -0.0042905, -1.77361, -1.93156, 0.356321, 
108, -0.873727, 1.07808, 0.0190015, -1.75328, -1.91882, 0.351162, 
108, -0.848348, 1.06238, 0.0409111, -1.73214, -1.90642, 0.346734, 
108, -0.822542, 1.04724, 0.0614057, -1.71029, -1.89418, 0.342975, 
108, -0.796342, 1.03264, 0.0804219, -1.68776, -1.88208, 0.339932, 
108, -0.77061, 1.01681, 0.0998802, -1.66599, -1.86982, 0.337369, 
108, -0.743288, 1.00425, 0.114824, -1.64149, -1.85808, 0.335928, 
108, -0.715885, 0.99171, 0.128803, -1.6169, -1.84622, 0.335169, 
108, -0.688334, 0.979455, 0.141539, -1.59206, -1.83429, 0.335094, 
108, -0.660618, 0.967629, 0.152884, -1.56693, -1.82226, 0.335702, 
108, -0.632746, 0.956308, 0.162765, -1.54153, -1.8101, 0.33698, 
108, -0.604747, 0.945531, 0.171146, -1.5159, -1.79776, 0.33891, 
108, -0.576657, 0.935327, 0.178009, -1.49012, -1.78519, 0.341469, 
108, -0.548516, 0.925715, 0.183343, -1.46425, -1.77237, 0.344628, 
108, -0.520368, 0.916718, 0.187144, -1.43836, -1.75923, 0.348356, 
108, -0.492258, 0.908356, 0.189405, -1.41252, -1.74575, 0.352618, 
108, -0.464228, 0.90065, 0.190125, -1.38682, -1.73189, 0.357378, 
108, -0.436323, 0.893625, 0.189301, -1.36132, -1.71763, 0.3626, 
108, -0.408585, 0.887302, 0.186931, -1.33609, -1.70293, 0.368245, 
108, -0.381053, 0.881707, 0.183009, -1.31119, -1.68777, 0.374282, 
108, -0.353766, 0.876863, 0.177538, -1.2867, -1.67214, 0.380671, 
108, -0.326763, 0.872794, 0.170518, -1.26266, -1.65603, 0.387377, 
108, -0.300077, 0.869524, 0.16195, -1.23915, -1.63942, 0.394368, 
108, -0.27374, 0.867075, 0.151833, -1.2162, -1.62233, 0.401615, 
108, -0.247782, 0.865471, 0.140167, -1.19386, -1.60473, 0.409093, 
108, -0.221548, 0.863665, 0.128339, -1.17126, -1.58705, 0.416742, 
108, -0.196519, 0.863974, 0.113412, -1.15048, -1.56841, 0.42458, 
108, -0.171923, 0.865162, 0.0969582, -1.13039, -1.5493, 0.432609, 
108, -0.147852, 0.867357, 0.0787993, -1.11108, -1.52969, 0.440852, 
108, -0.12426, 0.870497, 0.0590552, -1.09253, -1.50963, 0.449282, 
108, -0.101099, 0.874515, 0.0378639, -1.07473, -1.48914, 0.457869, 
108, -0.0784032, 0.879466, 0.0151597, -1.05772, -1.46823, 0.466625, 
108, -0.0561959, 0.885391, -0.00910411, -1.04154, -1.44689, 0.475568, 
108, -0.0344891, 0.892325, -0.0349661, -1.02623, -1.42512, 0.484718, 
108, -0.0132899, 0.900296, -0.0624645, -1.01181, -1.40293, 0.4941, 
108, 0.00739879, 0.909335, -0.0916406, -0.99829, -1.38032, 0.503745, 
108, 0.0275768, 0.919473, -0.122542, -0.985708, -1.35728, 0.513693, 
109, -1.08944, 1.16726, 0.0823141, -1.86269, -1.93201, 0.199517, 
109, -1.06741, 1.15289, 0.104699, -1.84399, -1.92329, 0.193248, 
109, -1.04498, 1.13878, 0.125881, -1.82447, -1.91487, 0.18786, 
109, -1.02213, 1.12495, 0.145966, -1.80418, -1.90668, 0.183228, 
109, -0.998896, 1.11139, 0.165058, -1.78325, -1.89873, 0.179195, 
109, -0.975235, 1.09799, 0.18333, -1.76177, -1.89113, 0.175585, 
109, -0.951383, 1.08506, 0.200315, -1.73977, -1.8837, 0.172669, 
109, -0.927505, 1.07188, 0.216908, -1.71724, -1.87676, 0.170429, 
109, -0.902514, 1.05887, 0.232206, -1.69452, -1.8694, 0.168775, 
109, -0.877745, 1.0474, 0.245533, -1.67051, -1.86241, 0.167698, 
109, -0.852664, 1.03533, 0.258572, -1.64647, -1.85548, 0.167324, 
109, -0.827353, 1.02348, 0.270558, -1.62204, -1.84857, 0.167644, 
109, -0.801846, 1.01187, 0.281493, -1.59725, -1.84163, 0.168627, 
109, -0.776179, 1.0005, 0.291393, -1.57215, -1.8346, 0.170246, 
109, -0.750607, 0.98818, 0.301277, -1.54679, -1.82678, 0.17269, 
109, -0.724619, 0.97798, 0.308544, -1.52122, -1.81987, 0.175444, 
109, -0.698603, 0.967726, 0.315006, -1.49547, -1.81247, 0.178871, 
109, -0.672586, 0.957592, 0.320542, -1.46962, -1.80471, 0.182906, 
109, -0.646591, 0.947682, 0.325077, -1.44371, -1.79661, 0.187503, 
109, -0.620649, 0.938061, 0.328566, -1.41781, -1.78815, 0.192626, 
109, -0.594788, 0.928768, 0.330986, -1.39198, -1.7793, 0.198238, 
109, -0.569042, 0.919834, 0.332323, -1.36627, -1.77003, 0.204302, 
109, -0.54283, 0.911267, 0.333519, -1.34026, -1.76045, 0.209833, 
109, -0.517623, 0.903046, 0.332348, -1.31513, -1.75014, 0.217152, 
109, -0.492525, 0.895305, 0.330205, -1.29025, -1.73937, 0.224588, 
109, -0.467602, 0.888032, 0.327062, -1.26565, -1.72818, 0.232166, 
109, -0.442895, 0.881215, 0.322903, -1.24135, -1.71651, 0.239935, 
109, -0.418436, 0.874838, 0.317732, -1.21736, -1.70437, 0.247932, 
109, -0.394243, 0.86887, 0.31158, -1.19366, -1.69176, 0.256195, 
109, -0.370319, 0.863253, 0.304509, -1.17016, -1.67873, 0.264773, 
109, -0.347346, 0.859629, 0.295104, -1.14902, -1.66451, 0.27265, 
109, -0.323882, 0.854747, 0.286286, -1.12621, -1.65061, 0.281544, 
109, -0.301244, 0.851433, 0.275522, -1.10519, -1.63576, 0.289973, 
109, -0.279004, 0.848744, 0.263679, -1.08479, -1.62043, 0.298427, 
109, -0.257175, 0.846696, 0.250758, -1.06503, -1.60462, 0.306893, 
109, -0.235765, 0.845305, 0.236764, -1.04592, -1.58837, 0.31536, 
109, -0.21478, 0.844583, 0.221699, -1.02747, -1.57167, 0.323819, 
109, -0.194226, 0.844544, 0.205565, -1.00968, -1.55455, 0.332263, 
109, -0.174106, 0.8452, 0.188364, -0.992576, -1.53703, 0.34069, 
109, -0.154421, 0.846561, 0.170096, -0.976151, -1.51913, 0.349096, 
109, -0.135172, 0.848641, 0.150759, -0.960412, -1.50085, 0.357485, 
109, -0.116358, 0.851448, 0.130353, -0.945363, -1.48222, 0.36586, 
109, -0.0979938, 0.855018, 0.108833, -0.931021, -1.46325, 0.374235, 
109, -0.0800647, 0.859344, 0.0862167, -0.917377, -1.44393, 0.38262, 
109, -0.0625493, 0.864413, 0.0625361, -0.90442, -1.42431, 0.391021, 
109, -0.0454498, 0.870243, 0.0377646, -0.892159, -1.40437, 0.399456, 
109, -0.0287643, 0.876853, 0.0118785, -0.880599, -1.38413, 0.407946, 
109, -0.0124886, 0.884258, -0.0151463, -0.869743, -1.36358, 0.416515, 
109, 0.00338297, 0.892473, -0.0433369, -0.859597, -1.34273, 0.42519, 
109, 0.018857, 0.901517, -0.072725, -0.850168, -1.32157, 0.434, 
109, 0.0339408, 0.91141, -0.103347, -0.841464, -1.30011, 0.442982, 
110, -0.894742, 1.1053, 0.494035, -1.50486, -1.88361, -0.126648, 
110, -0.867715, 1.09336, 0.501161, -1.4765, -1.88373, -0.121791, 
110, -0.840745, 1.08166, 0.507925, -1.44758, -1.88424, -0.116294, 
110, -0.813803, 1.07016, 0.513795, -1.41909, -1.88355, -0.110586, 
110, -0.786969, 1.05854, 0.518966, -1.39026, -1.88262, -0.103911, 
110, -0.760342, 1.04714, 0.523513, -1.36165, -1.88142, -0.0971348, 
110, -0.733746, 1.03523, 0.527097, -1.33228, -1.87941, -0.0883673, 
110, -0.707346, 1.02237, 0.531326, -1.30273, -1.87789, -0.0792628, 
110, -0.681357, 1.0124, 0.532888, -1.27511, -1.87472, -0.0714027, 
110, -0.655511, 1.0005, 0.533513, -1.24564, -1.86987, -0.0603484, 
110, -0.629995, 0.989041, 0.534141, -1.21701, -1.86531, -0.049974, 
110, -0.604805, 0.977879, 0.533889, -1.18887, -1.85993, -0.0393867, 
110, -0.579968, 0.966886, 0.532846, -1.16106, -1.85378, -0.0284901, 
110, -0.555507, 0.956092, 0.531012, -1.13362, -1.84685, -0.017342, 
110, -0.531441, 0.945533, 0.528384, -1.10661, -1.83914, -0.00601135, 
110, -0.507787, 0.935248, 0.524956, -1.08011, -1.83066, 0.00543254, 
110, -0.484562, 0.925274, 0.520727, -1.05414, -1.82141, 0.0169252, 
110, -0.46176, 0.916053, 0.515862, -1.02949, -1.81226, 0.0269672, 
110, -0.439421, 0.906574, 0.509957, -1.00437, -1.80123, 0.038958, 
110, -0.417556, 0.897617, 0.503284, -0.980073, -1.78961, 0.0506447, 
110, -0.396158, 0.889149, 0.495831, -0.956549, -1.77738, 0.062049, 
110, -0.37522, 0.881156, 0.487589, -0.933763, -1.76447, 0.0732029, 
110, -0.354758, 0.873664, 0.478563, -0.91174, -1.75104, 0.0840254, 
110, -0.334766, 0.866676, 0.468761, -0.890444, -1.73709, 0.0945622, 
110, -0.315244, 0.860189, 0.458198, -0.869849, -1.72261, 0.104847, 
110, -0.296184, 0.85418, 0.446903, -0.84992, -1.70762, 0.114902, 
110, -0.277591, 0.848742, 0.434831, -0.830736, -1.69215, 0.124654, 
110, -0.259469, 0.843947, 0.421951, -0.812341, -1.67625, 0.134064, 
110, -0.241804, 0.839739, 0.40831, -0.794664, -1.65994, 0.143173, 
110, -0.224592, 0.836127, 0.393917, -0.777692, -1.64325, 0.151983, 
110, -0.207824, 0.833116, 0.378779, -0.761411, -1.62622, 0.160499, 
110, -0.191492, 0.830711, 0.362902, -0.745806, -1.60886, 0.16873, 
110, -0.17559, 0.828915, 0.346291, -0.73086, -1.59121, 0.176682, 
110, -0.160106, 0.827731, 0.328952, -0.716557, -1.57329, 0.184368, 
110, -0.145033, 0.827162, 0.31089, -0.702879, -1.55511, 0.191801, 
110, -0.130359, 0.827208, 0.292108, -0.689808, -1.5367, 0.198993, 
110, -0.116076, 0.827872, 0.272609, -0.677328, -1.51808, 0.205959, 
110, -0.102173, 0.829153, 0.252395, -0.665422, -1.49926, 0.212716, 
110, -0.0886394, 0.831052, 0.231466, -0.654076, -1.48025, 0.219278, 
110, -0.0754664, 0.833569, 0.20982, -0.643272, -1.46106, 0.225662, 
110, -0.0626437, 0.836706, 0.187456, -0.632999, -1.44171, 0.231886, 
110, -0.0501615, 0.840461, 0.164368, -0.623243, -1.42219, 0.237966, 
110, -0.0380111, 0.844839, 0.140549, -0.613991, -1.40251, 0.243921, 
110, -0.0261829, 0.849841, 0.115991, -0.605234, -1.38268, 0.24977, 
110, -0.0146651, 0.855464, 0.090687, -0.59696, -1.36269, 0.255532, 
110, -0.00344954, 0.861715, 0.0646238, -0.58916, -1.34255, 0.261225, 
110, 0.00661115, 0.868072, 0.0397559, -0.582278, -1.32325, 0.26595, 
110, 0.0174549, 0.875651, 0.0117705, -0.575266, -1.30257, 0.27178, 
110, 0.027965, 0.883865, -0.0169502, -0.568756, -1.28176, 0.277546, 
110, 0.0381672, 0.892725, -0.0464516, -0.562731, -1.26081, 0.28329, 
110, 0.0480815, 0.902245, -0.0767772, -0.557183, -1.2397, 0.289048, 
111, -0.218697, 0.96399, 0.668506, -0.422565, -2.00172, -0.063849, 
111, -0.204673, 0.949672, 0.658862, -0.403978, -1.98003, -0.0526438, 
111, -0.191204, 0.936132, 0.648611, -0.386516, -1.9582, -0.0423656, 
111, -0.178265, 0.923388, 0.637737, -0.370112, -1.93626, -0.0329593, 
111, -0.165829, 0.911435, 0.626233, -0.35469, -1.91423, -0.0243573, 
111, -0.153871, 0.90026, 0.614105, -0.340176, -1.89214, -0.0164939, 
111, -0.142703, 0.88912, 0.602251, -0.326207, -1.87013, -0.00924087, 
111, -0.131461, 0.880218, 0.588236, -0.313663, -1.84803, -0.00286572, 
111, -0.120623, 0.87132, 0.574072, -0.301447, -1.82574, 0.00319705, 
111, -0.110346, 0.863168, 0.559556, -0.289952, -1.80365, 0.00861893, 
111, -0.100438, 0.85573, 0.544485, -0.279078, -1.7816, 0.0135408, 
111, -0.0908821, 0.849066, 0.528831, -0.268791, -1.75965, 0.0180077, 
111, -0.0816617, 0.843134, 0.512621, -0.259045, -1.73779, 0.0220492, 
111, -0.0727615, 0.83792, 0.495866, -0.249804, -1.71602, 0.0256972, 
111, -0.0641665, 0.833413, 0.478574, -0.241032, -1.69437, 0.0289815, 
111, -0.0558626, 0.829599, 0.460753, -0.232697, -1.67282, 0.0319299, 
111, -0.0478363, 0.826463, 0.442411, -0.22477, -1.65138, 0.0345681, 
111, -0.0400749, 0.823994, 0.423556, -0.217221, -1.63005, 0.0369201, 
111, -0.0325661, 0.822177, 0.404193, -0.210027, -1.60883, 0.039008, 
111, -0.0252987, 0.821, 0.384327, -0.203163, -1.58771, 0.0408524, 
111, -0.0182619, 0.820451, 0.363962, -0.196608, -1.5667, 0.0424718, 
111, -0.0114454, 0.820518, 0.343101, -0.190342, -1.54579, 0.0438837, 
111, -0.00483964, 0.82119, 0.321744, -0.184348, -1.52497, 0.0451039, 
111, 0.00156443, 0.822457, 0.299894, -0.178608, -1.50423, 0.046147, 
111, 0.00777543, 0.82431, 0.277548, -0.173106, -1.48357, 0.0470264, 
111, 0.0138015, 0.826738, 0.254705, -0.16783, -1.46298, 0.0477546, 
111, 0.0196504, 0.829734, 0.231361, -0.162765, -1.44245, 0.0483427, 
111, 0.024791, 0.83336, 0.209181, -0.158247, -1.42368, 0.048168, 
111, 0.0304153, 0.837373, 0.184584, -0.153482, -1.4029, 0.0486381, 
111, 0.0358822, 0.842, 0.159428, -0.148909, -1.38218, 0.0490035, 
111, 0.0412125, 0.847234, 0.133672, -0.144504, -1.36147, 0.0492768, 
111, 0.0463515, 0.852993, 0.107485, -0.14029, -1.34084, 0.0493954, 
111, 0.0513241, 0.859286, 0.0808173, -0.136243, -1.32027, 0.0493911, 
111, 0.0561467, 0.866117, 0.0536318, -0.13235, -1.29971, 0.0492853, 
111, 0.0608309, 0.873489, 0.0258961, -0.1286, -1.27915, 0.0490923, 
111, 0.0653855, 0.881406, -0.00242, -0.124983, -1.25855, 0.0488233, 
111, 0.0698174, 0.889871, -0.0313461, -0.121492, -1.2379, 0.0484865, 
111, 0.0741326, 0.898893, -0.0609123, -0.118121, -1.21716, 0.048089, 
112, 0.154421, 0.939134, 0.65374, 0.155877, -1.98495, 0.00370911, 
112, 0.151064, 0.926143, 0.641465, 0.150867, -1.95999, -0.000518271, 
112, 0.14785, 0.914049, 0.628627, 0.146212, -1.93532, -0.00443283, 
112, 0.144949, 0.901502, 0.616815, 0.141788, -1.9112, -0.00811728, 
112, 0.141926, 0.892192, 0.60151, 0.137938, -1.88678, -0.0113401, 
112, 0.139007, 0.883145, 0.587175, 0.13404, -1.8636, -0.01474, 
112, 0.136245, 0.874147, 0.571871, 0.130544, -1.83946, -0.0175329, 
112, 0.133622, 0.866161, 0.556408, 0.127244, -1.81616, -0.0202785, 
112, 0.131096, 0.858948, 0.540453, 0.12415, -1.79313, -0.0228523, 
112, 0.128663, 0.852519, 0.523995, 0.12125, -1.77036, -0.0252702, 
112, 0.126318, 0.846832, 0.50706, 0.118529, -1.74784, -0.0275438, 
112, 0.124057, 0.841867, 0.489654, 0.115973, -1.72556, -0.0296851, 
112, 0.121875, 0.837604, 0.471787, 0.11357, -1.70352, -0.0317056, 
112, 0.119769, 0.834024, 0.453467, 0.11131, -1.68169, -0.0336157, 
112, 0.117733, 0.831109, 0.434698, 0.109182, -1.66008, -0.0354249, 
112, 0.115766, 0.828841, 0.415489, 0.107178, -1.63866, -0.0371423, 
112, 0.113864, 0.827204, 0.395843, 0.10529, -1.61743, -0.0387758, 
112, 0.112022, 0.826181, 0.375763, 0.10351, -1.59637, -0.0403331, 
112, 0.110239, 0.825759, 0.355254, 0.101832, -1.57549, -0.0418212, 
112, 0.108512, 0.825924, 0.334316, 0.10025, -1.55475, -0.0432464, 
112, 0.106838, 0.826662, 0.312951, 0.0987578, -1.53416, -0.0446146, 
112, 0.105214, 0.827962, 0.291156, 0.0973518, -1.51369, -0.0459315, 
112, 0.103639, 0.829813, 0.268931, 0.0960273, -1.49335, -0.0472021, 
112, 0.10211, 0.832205, 0.246273, 0.0947803, -1.4731, -0.0484312, 
112, 0.100625, 0.835129, 0.223177, 0.0936075, -1.45295, -0.0496233, 
112, 0.0995111, 0.838633, 0.201301, 0.0927149, -1.43459, -0.050395, 
112, 0.0980436, 0.842511, 0.177066, 0.0916283, -1.41425, -0.0516032, 
112, 0.0966175, 0.846959, 0.152345, 0.0906163, -1.394, -0.0527897, 
112, 0.0952177, 0.851973, 0.127089, 0.0896674, -1.37378, -0.053966, 
112, 0.0938829, 0.85747, 0.101465, 0.0887992, -1.35366, -0.055088, 
112, 0.0925997, 0.863462, 0.075426, 0.0880017, -1.33363, -0.0561742, 
112, 0.0913599, 0.86995, 0.0489341, 0.0872691, -1.31364, -0.0572371, 
112, 0.0901583, 0.876938, 0.021958, 0.0865982, -1.29366, -0.0582852, 
112, 0.0889912, 0.884427, -0.00553084, 0.0859867, -1.27368, -0.0593251, 
112, 0.087856, 0.892423, -0.0335601, 0.0854334, -1.25365, -0.0603621, 
112, 0.0867508, 0.900929, -0.0621574, 0.0849378, -1.23357, -0.061401, 
113, 0.636006, 1.05009, 0.60777, 0.857011, -2.00309, 0.107536, 
113, 0.615063, 1.03664, 0.604797, 0.830005, -1.99353, 0.0927046, 
113, 0.59478, 1.02328, 0.601327, 0.803901, -1.98294, 0.0783114, 
113, 0.575025, 1.01026, 0.597204, 0.778663, -1.97152, 0.0643629, 
113, 0.555793, 0.997562, 0.592457, 0.754251, -1.95932, 0.0508479, 
113, 0.537157, 0.986757, 0.588021, 0.732093, -1.94871, 0.0396613, 
113, 0.518906, 0.974224, 0.581548, 0.708708, -1.93409, 0.0263436, 
113, 0.501164, 0.96222, 0.574704, 0.6864, -1.91926, 0.0137638, 
113, 0.48393, 0.950807, 0.567372, 0.665122, -1.90412, 0.00191043, 
113, 0.467192, 0.939983, 0.559484, 0.644797, -1.88862, -0.00927466, 
113, 0.450933, 0.92972, 0.551013, 0.62535, -1.87275, -0.019855, 
113, 0.435133, 0.919989, 0.541951, 0.606721, -1.8565, -0.0298766, 
113, 0.419776, 0.91078, 0.532298, 0.588872, -1.83988, -0.0393688, 
113, 0.404851, 0.902096, 0.522054, 0.571774, -1.82293, -0.0483463, 
113, 0.390346, 0.893939, 0.511227, 0.555397, -1.80567, -0.0568318, 
113, 0.376252, 0.886302, 0.499831, 0.539712, -1.78815, -0.0648476, 
113, 0.362555, 0.879152, 0.487898, 0.52468, -1.77037, -0.0724123, 
113, 0.349241, 0.872538, 0.475408, 0.510285, -1.75238, -0.0795431, 
113, 0.336303, 0.866571, 0.4623, 0.496541, -1.73424, -0.0862492, 
113, 0.32373, 0.861172, 0.44863, 0.483397, -1.71594, -0.0925524, 
113, 0.311512, 0.856339, 0.434405, 0.470825, -1.69751, -0.0984706, 
113, 0.299638, 0.85207, 0.419631, 0.458801, -1.67897, -0.104023, 
113, 0.288096, 0.848361, 0.404316, 0.447299, -1.66033, -0.109228, 
113, 0.276875, 0.845209, 0.388465, 0.436293, -1.64161, -0.114106, 
113, 0.265965, 0.84261, 0.372083, 0.425759, -1.62282, -0.118675, 
113, 0.255355, 0.840561, 0.355175, 0.415676, -1.60396, -0.122955, 
113, 0.245035, 0.839057, 0.337746, 0.406021, -1.58505, -0.126964, 
113, 0.234995, 0.838094, 0.319798, 0.396774, -1.5661, -0.130718, 
113, 0.225225, 0.837669, 0.301335, 0.387917, -1.54712, -0.134235, 
113, 0.215717, 0.837778, 0.282356, 0.379432, -1.5281, -0.13753, 
113, 0.206461, 0.838417, 0.262863, 0.371303, -1.50905, -0.140618, 
113, 0.19745, 0.839583, 0.242855, 0.363513, -1.48997, -0.143514, 
113, 0.188675, 0.841272, 0.22233, 0.35605, -1.47087, -0.146232, 
113, 0.180128, 0.843481, 0.201286, 0.348898, -1.45173, -0.148785, 
113, 0.171802, 0.846208, 0.179719, 0.342045, -1.43257, -0.151186, 
113, 0.163689, 0.849449, 0.157625, 0.33548, -1.41336, -0.153447, 
113, 0.155782, 0.853203, 0.134997, 0.329191, -1.39413, -0.15558, 
113, 0.148726, 0.857263, 0.113351, 0.323569, -1.37603, -0.156861, 
113, 0.140989, 0.862095, 0.0892116, 0.317658, -1.35637, -0.15904, 
113, 0.133519, 0.867418, 0.064636, 0.312052, -1.33674, -0.161024, 
113, 0.126279, 0.873243, 0.0395728, 0.30672, -1.31711, -0.162863, 
113, 0.119246, 0.879578, 0.0139825, 0.301643, -1.29745, -0.164591, 
113, 0.112402, 0.886428, -0.0121687, 0.296808, -1.27773, -0.166233, 
113, 0.105735, 0.8938, -0.0389114, 0.292203, -1.25795, -0.167808, 
113, 0.0992346, 0.9017, -0.0662747, 0.287823, -1.23807, -0.169333, 
114, 1.04038, 1.12837, 0.257177, 1.5812, -1.88896, -0.0976654, 
114, 1.01856, 1.11663, 0.26878, 1.55942, -1.88543, -0.0979306, 
114, 0.996984, 1.10605, 0.27871, 1.53832, -1.88095, -0.0984105, 
114, 0.975993, 1.09515, 0.289181, 1.5172, -1.87627, -0.0980304, 
114, 0.953268, 1.08416, 0.297452, 1.4944, -1.87257, -0.101287, 
114, 0.93116, 1.07327, 0.305749, 1.47218, -1.86819, -0.10355, 
114, 0.909007, 1.06167, 0.314013, 1.44966, -1.86296, -0.106489, 
114, 0.886976, 1.05219, 0.320059, 1.42705, -1.85889, -0.109503, 
114, 0.864863, 1.04177, 0.326177, 1.40433, -1.85387, -0.113221, 
114, 0.842764, 1.03149, 0.331563, 1.38154, -1.84857, -0.117403, 
114, 0.820867, 1.02006, 0.337273, 1.35843, -1.84266, -0.122309, 
114, 0.798805, 1.01077, 0.340679, 1.33578, -1.83694, -0.127171, 
114, 0.776833, 1.00133, 0.343572, 1.31306, -1.83069, -0.132503, 
114, 0.754973, 0.991913, 0.345861, 1.29037, -1.82402, -0.138235, 
114, 0.733245, 0.98261, 0.347479, 1.26776, -1.81693, -0.144312, 
114, 0.711662, 0.97349, 0.348385, 1.2453, -1.80942, -0.150692, 
114, 0.690241, 0.964594, 0.348554, 1.22302, -1.80148, -0.157336, 
114, 0.668996, 0.955951, 0.347975, 1.20096, -1.79308, -0.164212, 
114, 0.647226, 0.947613, 0.347602, 1.1786, -1.78462, -0.169985, 
114, 0.626658, 0.939439, 0.34517, 1.15727, -1.77511, -0.17785, 
114, 0.606201, 0.931639, 0.342112, 1.13619, -1.7652, -0.185578, 
114, 0.585891, 0.924179, 0.338393, 1.11541, -1.75487, -0.193227, 
114, 0.565769, 0.917049, 0.333983, 1.09493, -1.74413, -0.200862, 
114, 0.545876, 0.910246, 0.328879, 1.07475, -1.73304, -0.208554, 
114, 0.526217, 0.903714, 0.323127, 1.05479, -1.72156, -0.216355, 
114, 0.506789, 0.897384, 0.316783, 1.035, -1.70969, -0.22433, 
114, 0.488089, 0.892744, 0.308639, 1.01719, -1.69693, -0.231458, 
114, 0.46934, 0.887652, 0.300478, 0.998842, -1.68403, -0.239048, 
114, 0.450893, 0.883002, 0.291563, 0.980974, -1.67073, -0.246586, 
114, 0.432393, 0.877905, 0.282682, 0.962532, -1.65738, -0.254652, 
114, 0.41459, 0.874292, 0.272186, 0.945798, -1.64328, -0.261959, 
114, 0.397101, 0.871149, 0.260949, 0.929553, -1.62882, -0.269186, 
114, 0.379929, 0.868485, 0.24897, 0.9138, -1.61402, -0.276326, 
114, 0.363073, 0.86631, 0.236251, 0.89854, -1.59888, -0.283377, 
114, 0.346534, 0.864631, 0.222795, 0.883773, -1.58343, -0.290338, 
114, 0.330312, 0.863458, 0.208603, 0.869497, -1.56767, -0.297207, 
114, 0.314404, 0.862797, 0.193676, 0.855712, -1.55163, -0.303985, 
114, 0.298808, 0.862656, 0.178015, 0.842418, -1.53532, -0.310674, 
114, 0.283524, 0.863043, 0.161618, 0.829612, -1.51874, -0.317277, 
114, 0.268548, 0.863964, 0.144486, 0.817294, -1.50192, -0.323798, 
114, 0.253878, 0.865425, 0.126614, 0.80546, -1.48485, -0.330243, 
114, 0.23951, 0.867433, 0.107999, 0.79411, -1.46756, -0.336619, 
114, 0.225446, 0.870002, 0.0886258, 0.783244, -1.45004, -0.342935, 
114, 0.211682, 0.873137, 0.0684877, 0.77286, -1.4323, -0.349204, 
114, 0.198203, 0.876828, 0.0476034, 0.762947, -1.41435, -0.355432, 
114, 0.185008, 0.881088, 0.0259553, 0.753506, -1.3962, -0.361632, 
114, 0.172095, 0.885926, 0.00352783, 0.744536, -1.37784, -0.367819, 
114, 0.159459, 0.89135, -0.0196942, 0.736036, -1.35927, -0.374008, 
114, 0.147097, 0.897371, -0.0437278, 0.728006, -1.3405, -0.380216, 
114, 0.135003, 0.903997, -0.0685919, 0.720448, -1.32152, -0.386462, 
114, 0.123972, 0.910316, -0.0919836, 0.713609, -1.30309, -0.391781, 
115, 1.13389, 1.25996, -0.216634, 1.82167, -2.00521, -0.409705, 
115, 1.11536, 1.24246, -0.188799, 1.80917, -1.99374, -0.401144, 
115, 1.09676, 1.22516, -0.160696, 1.79661, -1.98232, -0.39202, 
115, 1.07734, 1.20896, -0.136882, 1.78199, -1.9716, -0.386061, 
115, 1.05784, 1.19294, -0.112805, 1.76734, -1.96091, -0.379534, 
115, 1.03789, 1.17723, -0.0887204, 1.75168, -1.95057, -0.373295, 
115, 1.01795, 1.16217, -0.0680637, 1.73617, -1.94015, -0.368332, 
115, 0.997564, 1.14741, -0.0473921, 1.71969, -1.93005, -0.363664, 
115, 0.976895, 1.13303, -0.0278375, 1.70267, -1.92008, -0.359569, 
115, 0.9558, 1.119, -0.00838961, 1.68524, -1.91042, -0.355291, 
115, 0.934709, 1.1054, 0.00859399, 1.66722, -1.9004, -0.352585, 
115, 0.913319, 1.09216, 0.0245456, 1.64865, -1.89081, -0.350573, 
115, 0.891693, 1.07929, 0.0396022, 1.62971, -1.88123, -0.34897, 
115, 0.869854, 1.06677, 0.0536966, 1.6104, -1.87164, -0.347814, 
115, 0.847821, 1.0546, 0.066771, 1.59075, -1.86203, -0.347159, 
115, 0.826556, 1.04106, 0.0808418, 1.57215, -1.85219, -0.346664, 
115, 0.80374, 1.03054, 0.0907675, 1.55118, -1.84263, -0.347213, 
115, 0.781018, 1.01992, 0.100158, 1.53036, -1.83286, -0.348196, 
115, 0.758315, 1.00942, 0.108764, 1.50954, -1.82293, -0.349627, 
115, 0.735591, 0.999195, 0.116445, 1.48865, -1.81284, -0.351511, 
115, 0.71284, 0.989304, 0.123129, 1.46767, -1.80256, -0.35384, 
115, 0.690067, 0.979789, 0.128781, 1.44665, -1.79207, -0.356603, 
115, 0.667289, 0.970673, 0.133381, 1.4256, -1.78136, -0.359781, 
115, 0.644525, 0.961976, 0.13692, 1.40457, -1.77039, -0.363355, 
115, 0.621798, 0.953711, 0.139395, 1.3836, -1.75914, -0.367303, 
115, 0.599129, 0.945893, 0.140801, 1.36272, -1.7476, -0.371601, 
115, 0.576542, 0.938538, 0.141138, 1.34198, -1.73575, -0.376227, 
115, 0.55406, 0.931659, 0.140405, 1.32141, -1.72357, -0.381154, 
115, 0.531704, 0.925272, 0.138599, 1.30106, -1.71106, -0.386362, 
115, 0.509489, 0.919393, 0.135704, 1.28096, -1.69819, -0.391842, 
115, 0.487442, 0.914037, 0.131735, 1.26114, -1.68496, -0.397556, 
115, 0.465581, 0.909218, 0.126689, 1.24164, -1.67137, -0.403485, 
115, 0.443925, 0.904954, 0.120566, 1.22249, -1.65742, -0.409609, 
115, 0.42249, 0.901257, 0.113365, 1.20373, -1.64309, -0.415909, 
115, 0.401293, 0.898144, 0.105084, 1.18537, -1.6284, -0.42237, 
115, 0.380348, 0.895629, 0.0957223, 1.16745, -1.61335, -0.428976, 
115, 0.35967, 0.893725, 0.0852784, 1.14998, -1.59793, -0.435716, 
115, 0.338488, 0.891178, 0.0754848, 1.13201, -1.58262, -0.442451, 
115, 0.318497, 0.890738, 0.0626495, 1.11574, -1.5664, -0.449397, 
115, 0.298786, 0.890916, 0.0487576, 1.09993, -1.54986, -0.456464, 
115, 0.279438, 0.891835, 0.0336214, 1.08466, -1.53295, -0.463689, 
115, 0.260412, 0.893445, 0.0173401, 1.06992, -1.51571, -0.471045, 
115, 0.241638, 0.895643, 0.000107218, 1.05567, -1.49818, -0.478483, 
115, 0.223151, 0.898484, -0.018152, 1.04196, -1.48034, -0.48602, 
115, 0.204972, 0.902006, -0.0374856, 1.0288, -1.4622, -0.493671, 
115, 0.187114, 0.906237, -0.0579275, 1.01623, -1.44375, -0.501448, 
115, 0.169583, 0.911199, -0.0795066, 1.00425, -1.42499, -0.509366, 
115, 0.152384, 0.916912, -0.10225, 0.992893, -1.40594, -0.517442, 
115, 0.135519, 0.923398, -0.126185, 0.982159, -1.38657, -0.525696, 
116, 0.958665, 1.20515, -0.293829, 1.75389, -1.9977, -0.539322, 
116, 0.937097, 1.1851, -0.262623, 1.74069, -1.98282, -0.529794, 
116, 0.914801, 1.16529, -0.231719, 1.72609, -1.9686, -0.520756, 
116, 0.892705, 1.14723, -0.205261, 1.71125, -1.95387, -0.513488, 
116, 0.870087, 1.12967, -0.179861, 1.69539, -1.93957, -0.506915, 
116, 0.847059, 1.11275, -0.15595, 1.67869, -1.92548, -0.501116, 
116, 0.823677, 1.09652, -0.133656, 1.66125, -1.91152, -0.496107, 
116, 0.79997, 1.08097, -0.112996, 1.64315, -1.89766, -0.491878, 
116, 0.776502, 1.06529, -0.092631, 1.62482, -1.88439, -0.487959, 
116, 0.751983, 1.05146, -0.0757921, 1.60538, -1.87035, -0.485409, 
116, 0.727325, 1.03809, -0.060252, 1.58556, -1.85642, -0.483464, 
116, 0.7025, 1.02529, -0.0461418, 1.56536, -1.84252, -0.482155, 
116, 0.677508, 1.0131, -0.0335227, 1.5448, -1.82857, -0.481477, 
116, 0.652364, 1.00154, -0.0224226, 1.52395, -1.81454, -0.481418, 
116, 0.627091, 0.990635, -0.0128518, 1.50286, -1.80036, -0.481956, 
116, 0.601717, 0.980393, -0.00481273, 1.48159, -1.78602, -0.483064, 
116, 0.576276, 0.970828, 0.00169537, 1.46021, -1.77148, -0.484719, 
116, 0.550798, 0.96195, 0.0066758, 1.43877, -1.75671, -0.486891, 
116, 0.525274, 0.9538, 0.0100048, 1.41728, -1.74168, -0.489633, 
116, 0.499779, 0.946367, 0.0118045, 1.39586, -1.72637, -0.49284, 
116, 0.474346, 0.939666, 0.0120725, 1.37457, -1.71076, -0.496487, 
116, 0.449005, 0.933715, 0.0108043, 1.35345, -1.69482, -0.500551, 
116, 0.423789, 0.928531, 0.00799457, 1.33256, -1.67854, -0.50501, 
116, 0.398727, 0.924133, 0.00363821, 1.31196, -1.66191, -0.509843, 
116, 0.373847, 0.920538, -0.00226957, 1.29169, -1.64492, -0.515031, 
116, 0.349179, 0.917766, -0.00973326, 1.27181, -1.62755, -0.520554, 
116, 0.324747, 0.915838, -0.0187612, 1.25235, -1.6098, -0.526399, 
116, 0.300578, 0.914769, -0.0293558, 1.23337, -1.59166, -0.532551, 
116, 0.276139, 0.913607, -0.0400113, 1.21434, -1.57343, -0.538658, 
116, 0.252783, 0.914673, -0.0543109, 1.19664, -1.55441, -0.545512, 
116, 0.229666, 0.91652, -0.0699953, 1.17944, -1.53505, -0.552609, 
116, 0.206842, 0.919223, -0.0871626, 1.16282, -1.51531, -0.559967, 
116, 0.18435, 0.922835, -0.10588, 1.14681, -1.4952, -0.567603, 
116, 0.162214, 0.9274, -0.126199, 1.13148, -1.47471, -0.575532, 
116, 0.140455, 0.932953, -0.148164, 1.11686, -1.45384, -0.583774, 
117, -0.556254, 0.354406, 0.284533, -0.917952, -1.98994, 0.639422, 
117, -0.528172, 0.32988, 0.277452, -0.896931, -1.95253, 0.651326, 
117, -0.500067, 0.307651, 0.267638, -0.877376, -1.91419, 0.662247, 
117, -0.472011, 0.287816, 0.255072, -0.859301, -1.8751, 0.672212, 
117, -0.444059, 0.270444, 0.23976, -0.842688, -1.83537, 0.68128, 
117, -0.41626, 0.255588, 0.221716, -0.8275, -1.79514, 0.689524, 
117, -0.388655, 0.243282, 0.20096, -0.813691, -1.7545, 0.697029, 
117, -0.361287, 0.233549, 0.177514, -0.801215, -1.71357, 0.703888, 
117, -0.334192, 0.226399, 0.151393, -0.790026, -1.67241, 0.7102, 
117, -0.307405, 0.221831, 0.122607, -0.780081, -1.63111, 0.716072, 
117, -0.280958, 0.219841, 0.0911591, -0.771345, -1.5897, 0.721615, 
117, -0.254883, 0.220418, 0.0570376, -0.763789, -1.54823, 0.726949, 
117, -0.229205, 0.223554, 0.0202159, -0.757398, -1.50673, 0.7322, 
117, -0.203949, 0.229241, -0.0193516, -0.752166, -1.46519, 0.737504, 
117, -0.179135, 0.237481, -0.0617351, -0.748103, -1.42361, 0.743005, 
117, -0.154782, 0.248287, -0.107033, -0.745238, -1.38196, 0.748862, 
117, -0.130906, 0.26169, -0.155382, -0.743619, -1.3402, 0.755251, 
117, -0.107518, 0.277744, -0.206964, -0.743323, -1.29828, 0.76237, 
117, -0.0846287, 0.296536, -0.262021, -0.744457, -1.25612, 0.770451, 
117, -0.0622456, 0.318194, -0.320873, -0.747174, -1.21361, 0.779769, 
117, -0.0403738, 0.342909, -0.38395, -0.75168, -1.17063, 0.790663, 
117, -0.019016, 0.370954, -0.451829, -0.758266, -1.12701, 0.803563, 
117, 0.00182683, 0.402727, -0.525309, -0.76734, -1.08253, 0.819039, 
117, 0.0221556, 0.438817, -0.605533, -0.77949, -1.0369, 0.837881, 
117, 0.0419729, 0.480131, -0.694211, -0.79561, -0.989686, 0.861249, 
118, -0.702968, 0.310576, 0.240751, -1.07007, -1.97981, 0.819653, 
118, -0.675383, 0.288487, 0.240886, -1.05263, -1.9485, 0.827954, 
118, -0.647597, 0.268075, 0.238791, -1.03607, -1.91633, 0.835799, 
118, -0.619649, 0.249413, 0.234474, -1.02041, -1.88338, 0.843164, 
118, -0.591581, 0.232568, 0.227944, -1.00564, -1.84978, 0.850054, 
118, -0.563437, 0.2176, 0.219211, -0.991777, -1.81562, 0.856465, 
118, -0.53526, 0.204556, 0.208287, -0.978825, -1.78098, 0.862403, 
118, -0.507097, 0.193475, 0.195187, -0.966787, -1.74593, 0.867888, 
118, -0.478991, 0.184384, 0.179923, -0.955659, -1.71056, 0.872952, 
118, -0.451176, 0.177366, 0.162823, -0.945864, -1.67542, 0.876306, 
118, -0.423266, 0.172274, 0.143189, -0.936377, -1.63946, 0.88109, 
118, -0.395558, 0.169219, 0.121451, -0.927821, -1.60342, 0.885462, 
118, -0.368086, 0.168193, 0.0976059, -0.920167, -1.56734, 0.889541, 
118, -0.340886, 0.169189, 0.0716466, -0.913397, -1.53124, 0.893434, 
118, -0.313991, 0.172196, 0.0435607, -0.907502, -1.49516, 0.897244, 
118, -0.287434, 0.177204, 0.0133284, -0.902481, -1.45912, 0.901076, 
118, -0.261242, 0.184203, -0.0190798, -0.898344, -1.42313, 0.905033, 
118, -0.235445, 0.19319, -0.0537067, -0.89511, -1.3872, 0.909227, 
118, -0.210065, 0.204165, -0.0906101, -0.892808, -1.35133, 0.913775, 
118, -0.185124, 0.217138, -0.129867, -0.891483, -1.31552, 0.918807, 
118, -0.160641, 0.232128, -0.171577, -0.891196, -1.27973, 0.924465, 
118, -0.136632, 0.249173, -0.21587, -0.892024, -1.24395, 0.930908, 
118, -0.113111, 0.268327, -0.262911, -0.89407, -1.20815, 0.938321, 
118, -0.0900865, 0.289671, -0.312911, -0.897465, -1.17227, 0.946917, 
118, -0.067568, 0.313321, -0.366142, -0.902379, -1.13625, 0.956952, 
118, -0.0455608, 0.339438, -0.422959, -0.909033, -1.10003, 0.968739, 
118, -0.0240684, 0.368245, -0.483825, -0.917717, -1.06351, 0.982673, 
118, -0.00309224, 0.400058, -0.549368, -0.928819, -1.02658, 0.999266, 
118, 0.0173679, 0.435324, -0.620454, -0.942879, -0.989091, 1.01921, 
118, 0.0373138, 0.474707, -0.698332, -0.96067, -0.950849, 1.04348, 
119, -0.654981, 0.155415, 0.119446, -1.16082, -1.76473, 1.11013, 
119, -0.627043, 0.145533, 0.113956, 1.98881, 1.73395, -2.02794, 
119, -0.599033, 0.137356, 0.106577, -1.14533, -1.70286, 1.11668, 
119, -0.57087, 0.130593, 0.0975934, -1.13842, -1.67142, 1.11975, 
119, -0.542721, 0.125629, 0.0866726, -1.13209, -1.6398, 1.12243, 
119, -0.515279, 0.122052, 0.0749907, -1.12656, -1.60902, 1.1237, 
119, -0.486705, 0.120356, 0.0601273, -1.12096, -1.57652, 1.12701, 
119, -0.458513, 0.12023, 0.0438676, -1.11613, -1.54437, 1.12986, 
119, -0.43055, 0.121721, 0.025972, -1.11189, -1.51234, 1.13252, 
119, -0.402796, 0.124837, 0.00636443, -1.10823, -1.48039, 1.13514, 
119, -0.375272, 0.129576, -0.014989, -1.10514, -1.44853, 1.13782, 
119, -0.34801, 0.135931, -0.0381124, -1.10264, -1.41677, 1.14063, 
119, -0.321041, 0.143898, -0.0630306, -1.10074, -1.38515, 1.14366, 
119, -0.294399, 0.153471, -0.0897729, -1.09948, -1.35368, 1.14698, 
119, -0.268115, 0.164646, -0.118377, -1.09889, -1.32238, 1.15068, 
119, -0.242215, 0.177424, -0.148889, -1.09901, -1.29127, 1.15486, 
119, -0.216727, 0.19181, -0.181369, -1.09989, -1.26034, 1.1596, 
119, -0.191671, 0.207817, -0.21589, -1.10159, -1.22962, 1.16504, 
119, -0.16707, 0.225468, -0.252543, -1.10418, -1.19909, 1.17127, 
119, -0.14294, 0.244794, -0.29144, -1.10775, -1.16875, 1.17845, 
119, -0.119298, 0.265841, -0.332716, -1.11239, -1.1386, 1.1867, 
119, -0.0961585, 0.288669, -0.376528, -1.11818, -1.10862, 1.19615, 
119, -0.0735436, 0.313344, -0.423044, -1.12512, -1.0788, 1.20686, 
119, -0.0513201, 0.340292, -0.473128, -1.135, -1.04912, 1.22092, 
119, -0.0296902, 0.369282, -0.526345, -1.1459, -1.01955, 1.23614, 
119, -0.00857632, 0.400697, -0.583463, -1.15902, -0.989962, 1.25393, 
119, 0.012024, 0.434953, -0.645263, -1.17483, -0.960704, 1.27495, 
119, 0.0321097, 0.472449, -0.71252, 1.94772, 0.931351, -1.84176, 
121, -0.491968, 0.320059, 0.464243, -0.811644, -2.00343, 0.465163, 
121, -0.467006, 0.294965, 0.453252, -0.788461, -1.96539, 0.479752, 
121, -0.442305, 0.2722, 0.439827, -0.767142, -1.92669, 0.492951, 
121, -0.417895, 0.251825, 0.424002, -0.747605, -1.88749, 0.504847, 
121, -0.393796, 0.233876, 0.405826, -0.729743, -1.84794, 0.515535, 
121, -0.37003, 0.218373, 0.385343, -0.713461, -1.80817, 0.525116, 
121, -0.346617, 0.205321, 0.362596, -0.698662, -1.76827, 0.533701, 
121, -0.323576, 0.194707, 0.337628, -0.685254, -1.72834, 0.541399, 
121, -0.30092, 0.186507, 0.310476, -0.673149, -1.68844, 0.548326, 
121, -0.278664, 0.180688, 0.281174, -0.66227, -1.64864, 0.554594, 
121, -0.256819, 0.177211, 0.249749, -0.652544, -1.60896, 0.560316, 
121, -0.235456, 0.17542, 0.2168, -0.644105, -1.56845, 0.565152, 
121, -0.214437, 0.176618, 0.18106, -0.636433, -1.52926, 0.570174, 
121, -0.193857, 0.180004, 0.143239, -0.629793, -1.49017, 0.574975, 
121, -0.173716, 0.185549, 0.103312, -0.624148, -1.45118, 0.579665, 
121, -0.154016, 0.19323, 0.0612355, -0.61948, -1.41226, 0.584359, 
121, -0.134756, 0.203032, 0.0169491, -0.615781, -1.37337, 0.589174, 
121, -0.115935, 0.214952, -0.0296309, -0.613062, -1.33447, 0.594233, 
121, -0.0975499, 0.229002, -0.0786149, -0.61135, -1.2955, 0.59967, 
121, -0.0795987, 0.245215, -0.130148, -0.610693, -1.2564, 0.605631, 
121, -0.0620769, 0.263647, -0.184416, -0.611163, -1.21706, 0.61228, 
121, -0.0449795, 0.284385, -0.24166, -0.612858, -1.17739, 0.619809, 
121, -0.0283008, 0.307559, -0.302191, -0.615918, -1.13726, 0.628449, 
121, -0.0120346, 0.333352, -0.366414, -0.620532, -1.09652, 0.638482, 
121, 0.00382609, 0.362022, -0.434867, -0.626961, -1.05499, 0.650271, 
121, 0.0192885, 0.393935, -0.508277, -0.635569, -1.0124, 0.664296, 
121, 0.0343604, 0.429622, -0.587663, -0.646882, -0.96845, 0.681224, 
121, 0.0490497, 0.469873, -0.674509, -0.661685, -0.922684, 0.702026, 
122, -0.680615, 0.239231, 0.487935, -0.999857, -1.98046, 0.629561, 
122, -0.654604, 0.217134, 0.483513, -0.978103, -1.94946, 0.641853, 
122, -0.628626, 0.196685, 0.477215, -0.95758, -1.91775, 0.653234, 
122, -0.602747, 0.178322, 0.469435, -0.938934, -1.88593, 0.66179, 
122, -0.576935, 0.161227, 0.459382, -0.920528, -1.85295, 0.671805, 
122, -0.551259, 0.145955, 0.447492, -0.903417, -1.81962, 0.680957, 
122, -0.52575, 0.132555, 0.433814, -0.887595, -1.78609, 0.689212, 
122, -0.500434, 0.121018, 0.418412, -0.872871, -1.75234, 0.696568, 
122, -0.475344, 0.111344, 0.401302, -0.859205, -1.71847, 0.703115, 
122, -0.450511, 0.103522, 0.382505, -0.846551, -1.68454, 0.708944, 
122, -0.425962, 0.0975354, 0.362046, -0.834865, -1.65062, 0.714142, 
122, -0.40172, 0.0933607, 0.339948, -0.824101, -1.61675, 0.718792, 
122, -0.377809, 0.0909702, 0.316232, -0.814219, -1.58297, 0.722975, 
122, -0.354246, 0.0903327, 0.29092, -0.805182, -1.54932, 0.72677, 
122, -0.331051, 0.0914146, 0.264025, -0.79696, -1.51582, 0.730254, 
122, -0.308239, 0.0941813, 0.235559, -0.789527, -1.48248, 0.733506, 
122, -0.285824, 0.0985987, 0.205527, -0.782864, -1.44931, 0.736602, 
122, -0.263817, 0.104634, 0.173929, -0.776956, -1.41631, 0.73962, 
122, -0.242228, 0.112257, 0.140755, -0.771798, -1.38348, 0.74264, 
122, -0.221064, 0.121441, 0.105987, -0.767389, -1.3508, 0.745743, 
122, -0.200333, 0.132166, 0.0695987, -0.763738, -1.31826, 0.749011, 
122, -0.180036, 0.144416, 0.0315519, -0.760862, -1.28584, 0.752533, 
122, -0.160178, 0.158185, -0.00820484, -0.758787, -1.2535, 0.756402, 
122, -0.14076, 0.173474, -0.0497379, -0.75755, -1.22122, 0.760716, 
122, -0.121781, 0.190296, -0.0931315, -0.757199, -1.18895, 0.765584, 
122, -0.103239, 0.208676, -0.138491, -0.757798, -1.15665, 0.77113, 
122, -0.0851323, 0.228657, -0.185947, -0.75943, -1.12428, 0.777489, 
122, -0.0674569, 0.250299, -0.235665, -0.762197, -1.09176, 0.784821, 
122, -0.0502082, 0.273686, -0.287849, -0.766231, -1.05903, 0.793315, 
122, -0.0333809, 0.298934, -0.342755, -0.771701, -1.02602, 0.803197, 
122, -0.0169689, 0.326199, -0.400713, -0.778823, -0.992635, 0.81475, 
122, -0.0009655, 0.355692, -0.462145, -0.787883, -0.958757, 0.828328, 
122, 0.0146364, 0.3877, -0.52761, -0.79926, -0.924254, 0.844397, 
122, 0.0298445, 0.422623, -0.59787, -0.813477, -0.888954, 0.863584, 
122, 0.0446667, 0.461036, -0.673996, -0.831279, -0.852632, 0.886774, 
123, -0.895295, 0.135945, 0.409107, -1.2106, -1.9536, -5.3695, 
123, -0.870389, 0.117343, 0.411421, -1.19425, -1.92789, 0.922158, 
123, -0.844983, 0.0992238, 0.412649, -1.1794, -1.90108, 0.929703, 
123, -0.819719, 0.0832798, 0.411697, -1.16517, -1.874, 0.936917, 
123, -0.794127, 0.0682093, 0.4097, -1.15127, -1.84647, 0.943796, 
123, -0.768374, 0.0543663, 0.406357, -1.13797, -1.81846, 0.950172, 
123, -0.7425, 0.0418244, 0.401643, -1.12531, -1.79006, 0.956055, 
123, -0.716672, 0.0306655, 0.3957, -1.11318, -1.76146, 0.960885, 
123, -0.690554, 0.0207839, 0.388146, -1.10188, -1.73238, 0.96625, 
123, -0.664502, 0.0123054, 0.379343, -1.09108, -1.70314, 0.970786, 
123, -0.638487, 0.00522106, 0.369225, -1.08088, -1.67378, 0.974802, 
123, -0.612528, -0.000470153, 0.357792, -1.07128, -1.64431, 0.978379, 
123, -0.586659, -0.00477038, 0.345057, -1.06225, -1.6148, 0.981559, 
123, -0.560932, -0.00783378, 0.331169, -1.05395, -1.58461, 0.984281, 
123, -0.53533, -0.00930853, 0.315812, -1.04594, -1.55543, 0.986814, 
123, -0.50992, -0.009455, 0.299222, -1.0385, -1.52617, 0.989043, 
123, -0.484729, -0.00827567, 0.281397, -1.0316, -1.49695, 0.99102, 
123, -0.459786, -0.00578343, 0.262342, -1.02521, -1.46783, 0.992794, 
123, -0.435117, -0.00199697, 0.242061, -1.01933, -1.43885, 0.994414, 
123, -0.410746, 0.00306198, 0.22056, -1.01395, -1.41005, 0.995932, 
123, -0.386696, 0.00936989, 0.197842, -1.00906, -1.38144, 0.9974, 
123, -0.362988, 0.0169027, 0.173907, -1.00467, -1.35304, 0.998871, 
123, -0.339641, 0.0256369, 0.148752, -1.00078, -1.32485, 1.0004, 
123, -0.316671, 0.0355501, 0.122372, -0.997405, -1.29689, 1.00205, 
123, -0.294093, 0.0466215, 0.0947556, -0.994556, -1.26916, 1.00387, 
123, -0.271921, 0.0588326, 0.0658876, -0.992253, -1.24166, 1.00593, 
123, -0.250162, 0.0721685, 0.035747, -0.990523, -1.21438, 1.0083, 
123, -0.228828, 0.0866177, 0.00430638, -0.989396, -1.1873, 1.01104, 
123, -0.207923, 0.102173, -0.0284684, -0.98891, -1.16044, 1.01423, 
123, -0.187454, 0.118833, -0.0626197, -0.98911, -1.13376, 1.01795, 
123, -0.167422, 0.136602, -0.0982, -0.990048, -1.10726, 1.02228, 
123, -0.14783, 0.15549, -0.135273, -0.991788, -1.08091, 1.02732, 
123, -0.128678, 0.175519, -0.173915, -0.994404, -1.0547, 1.03318, 
123, -0.109965, 0.196716, -0.214219, -0.997984, -1.02861, 1.03998, 
123, -0.0916886, 0.219125, -0.256297, -1.00263, -1.00261, 1.04785, 
123, -0.0738455, 0.2428, -0.300285, -1.00847, -0.976675, 1.05695, 
123, -0.0564313, 0.267815, -0.34635, -1.01566, -0.950781, 1.06746, 
123, -0.0394412, 0.294265, -0.394696, -1.02437, -0.924897, 1.07962, 
123, -0.0228691, 0.322277, -0.445579, -1.03483, -0.898992, 1.09368, 
123, -0.00670866, 0.352012, -0.49932, -1.04732, -0.873032, 1.10998, 
123, 0.00904709, 0.383686, -0.556335, -1.0622, -0.846978, 1.12894, 
123, 0.0244056, 0.417589, -0.617171, -1.07993, -0.820791, 1.15109, 
123, 0.0393746, 0.454121, -0.682568, -1.10114, -0.794421, 1.17716, 
124, -1.08943, 0.0883664, 0.140146, 1.74826, 1.9978, 4.45443, 
124, -1.0674, 0.0711413, 0.150279, 1.75455, 1.9754, 4.45783, 
124, -1.04495, 0.0547321, 0.159332, 1.76071, 1.9525, 4.46126, 
124, -1.02212, 0.0391668, 0.167308, 1.76669, 1.92913, -1.81856, 
124, -0.827372, -0.0515575, 0.192623, 1.80665, 1.72777, -1.79515, 
124, -0.801889, -0.0583001, 0.190974, 1.81028, 1.70124, -1.79288, 
124, -0.77618, -0.063962, 0.188281, 1.8138, 1.6745, -1.79092, 
124, -0.749926, -0.0685893, 0.185581, 1.81683, 1.64726, -1.79, 
124, -0.724182, -0.0720432, 0.1809, 1.82017, 1.62005, -1.78852, 
124, -0.698534, -0.0743963, 0.173989, 1.8228, 1.59363, -1.78585, 
124, -0.672553, -0.0756746, 0.167154, 1.82528, 1.56651, -1.78448, 
124, -0.646593, -0.0758914, 0.159331, 1.82748, 1.53918, -1.78329, 
124, -0.620642, -0.0748935, 0.150364, 1.82955, 1.51247, -1.78213, 
124, -0.59479, -0.0728632, 0.140434, 1.83132, 1.48552, -1.78112, 
124, -0.569168, -0.0697887, 0.129582, 1.83277, 1.45881, -1.78028, 
124, -0.543434, -0.0655858, 0.117534, 1.83419, 1.43189, -1.77921, 
124, -0.518103, -0.0603333, 0.104574, -1.30634, -1.40552, 1.36308, 
124, -0.443099, -0.0383221, 0.0593601, 1.83718, 1.32709, -1.77567, 
124, -0.419063, -0.0291887, 0.0426647, -1.30479, -1.30192, 1.36708, 
124, -0.39462, -0.0186117, 0.0241424, -1.30429, -1.27625, 1.36818, 
124, -0.370864, -0.00730847, 0.0049367, -1.30513, -1.25123, 1.36984, 
124, -0.347346, 0.00503244, -0.0154243, -1.30548, -1.22645, 1.3713, 
124, -0.324287, 0.0182343, -0.0367412, -1.30647, -1.202, 1.37319, 
124, -0.301713, 0.0312047, -0.0576249, -1.30738, -1.17814, 1.37467, 
124, -0.279341, 0.0466192, -0.0818602, -1.30894, -1.15409, 1.37774, 
124, -0.257528, 0.0625293, -0.106487, -1.313, -1.13005, 1.38164, 
124, -0.236046, 0.0802826, -0.133234, -1.31429, -1.10793, 1.38475, 
124, -0.215048, 0.0978796, -0.160015, -1.31741, -1.08432, 1.38906, 
124, -0.194468, 0.116697, -0.188502, -1.32095, -1.0631, 1.39356, 
124, -0.174386, 0.136174, -0.217895, -1.32489, -1.04123, 1.39869, 
124, -0.154585, 0.156797, -0.24902, 1.81135, 1.01958, -1.73619, 
124, -0.135311, 0.17819, -0.281274, 1.8057, 0.998173, -1.72912, 
125, -0.348817, 0.277621, 0.627307, -0.596985, -2.00528, 0.279682, 
125, -0.329048, 0.252249, 0.610658, -0.575909, -1.96363, 0.293535, 
125, -0.309733, 0.229454, 0.591896, -0.557053, -1.92183, 0.305993, 
125, -0.290892, 0.209293, 0.571083, -0.540053, -1.88014, 0.316832, 
125, -0.272523, 0.19175, 0.548273, -0.524735, -1.83867, 0.326265, 
125, -0.254542, 0.176749, 0.523464, -0.510881, -1.7974, 0.334419, 
125, -0.237047, 0.164322, 0.496784, -0.498404, -1.75663, 0.341536, 
125, -0.22003, 0.154385, 0.46829, -0.487174, -1.71636, 0.347773, 
125, -0.203468, 0.146849, 0.438026, -0.47707, -1.67657, 0.353255, 
125, -0.187345, 0.141625, 0.406029, -0.467991, -1.63726, 0.358096, 
125, -0.171648, 0.138628, 0.372332, -0.459852, -1.59841, 0.362402, 
125, -0.156365, 0.137779, 0.336962, -0.45258, -1.55998, 0.366274, 
125, -0.141485, 0.139001, 0.299934, -0.446116, -1.52194, 0.369804, 
125, -0.126999, 0.142224, 0.261253, -0.44041, -1.48425, 0.373079, 
125, -0.112897, 0.147386, 0.220913, -0.435424, -1.44686, 0.376183, 
125, -0.0991673, 0.154436, 0.178894, -0.431131, -1.40971, 0.379196, 
125, -0.0858016, 0.163329, 0.135161, -0.427512, -1.37275, 0.382196, 
125, -0.0727897, 0.174037, 0.0896636, -0.424559, -1.33591, 0.385262, 
125, -0.0601218, 0.186541, 0.0423316, -0.422275, -1.29911, 0.388475, 
125, -0.0477885, 0.200841, -0.00692685, -0.420671, -1.26228, 0.391917, 
125, -0.0357802, 0.216951, -0.058229, -0.419772, -1.22533, 0.39568, 
125, -0.0240875, 0.234908, -0.111724, -0.419619, -1.18816, 0.399864, 
125, -0.0127012, 0.254771, -0.1676, -0.420267, -1.15066, 0.404582, 
125, -0.00161226, 0.276632, -0.226093, -0.421793, -1.11271, 0.409968, 
125, 0.00918818, 0.300618, -0.287505, -0.424306, -1.07415, 0.416184, 
125, 0.0197088, 0.326909, -0.352223, -0.427949, -1.03481, 0.423432, 
125, 0.0299582, 0.355752, -0.420751, -0.432921, -0.994473, 0.431973, 
125, 0.0399445, 0.387491, -0.493767, -0.439502, -0.952857, 0.442156, 
125, 0.0496759, 0.422615, -0.572205, -0.448095, -0.909596, 0.45447, 
125, 0.0591602, 0.461844, -0.657409, -0.459305, -0.864177, 0.469631, 
126, -0.580277, 0.166584, 0.766922, -0.813072, -1.9938, 0.392651, 
126, -0.555907, 0.141501, 0.757571, -0.787567, -1.95918, 0.408297, 
126, -0.531929, 0.118532, 0.746476, -0.764011, -1.92419, 0.422222, 
126, -0.508358, 0.0977155, 0.733681, -0.742276, -1.88901, 0.434524, 
126, -0.485212, 0.0790666, 0.719237, -0.722232, -1.85379, 0.445321, 
126, -0.462502, 0.0625776, 0.703196, -0.703752, -1.81865, 0.454739, 
126, -0.44024, 0.048223, 0.685612, -0.686712, -1.78368, 0.462901, 
126, -0.418434, 0.035963, 0.666539, -0.670993, -1.74899, 0.469928, 
126, -0.39709, 0.0257458, 0.646032, -0.656488, -1.71462, 0.475936, 
126, -0.376213, 0.0175097, 0.624142, -0.643095, -1.68063, 0.481037, 
126, -0.355805, 0.0111867, 0.600917, -0.630722, -1.64705, 0.48534, 
126, -0.335866, 0.0067049, 0.576405, -0.619287, -1.61389, 0.488943, 
126, -0.31656, 0.0034908, 0.551072, -0.609219, -1.58008, 0.491883, 
126, -0.297503, 0.00258023, 0.524008, -0.599308, -1.548, 0.494328, 
126, -0.278929, 0.00326584, 0.49579, -0.590182, -1.51631, 0.496359, 
126, -0.260827, 0.0054821, 0.466439, -0.581784, -1.48499, 0.498043, 
126, -0.243186, 0.00916661, 0.435972, -0.574066, -1.45404, 0.499446, 
126, -0.225997, 0.0142604, 0.404405, -0.566989, -1.42341, 0.500631, 
126, -0.209252, 0.0207086, 0.371745, -0.560521, -1.39311, 0.50166, 
126, -0.192942, 0.0284614, 0.337994, -0.554637, -1.36309, 0.502591, 
126, -0.177057, 0.037474, 0.30315, -0.549319, -1.33332, 0.50348, 
126, -0.16159, 0.0477073, 0.267204, -0.544553, -1.30378, 0.504382, 
126, -0.146529, 0.0591282, 0.23014, -0.540333, -1.27442, 0.505352, 
126, -0.131867, 0.0717102, 0.191935, -0.536658, -1.24521, 0.506443, 
126, -0.117593, 0.0854336, 0.152556, -0.533532, -1.2161, 0.507709, 
126, -0.103698, 0.100286, 0.111964, -0.530967, -1.18706, 0.509205, 
126, -0.090171, 0.116262, 0.0701087, -0.528978, -1.15804, 0.51099, 
126, -0.0770035, 0.133367, 0.0269276, -0.52759, -1.12899, 0.513127, 
126, -0.0641853, 0.151613, -0.0176545, -0.526835, -1.09986, 0.515684, 
126, -0.0517068, 0.171025, -0.0637287, -0.526756, -1.07059, 0.518735, 
126, -0.0395583, 0.191638, -0.111404, -0.527405, -1.04112, 0.522366, 
126, -0.0277304, 0.213504, -0.160814, -0.528851, -1.01139, 0.526676, 
126, -0.0162137, 0.23669, -0.212119, -0.531179, -0.98131, 0.531781, 
126, -0.00499907, 0.261286, -0.265514, -0.534499, -0.950809, 0.537823, 
126, 0.00592259, 0.287406, -0.321242, -0.538951, -0.919783, 0.544974, 
126, 0.0165601, 0.315201, -0.379605, -0.544715, -0.888117, 0.55345, 
126, 0.026922, 0.34487, -0.440987, -0.552031, -0.855672, 0.563531, 
126, 0.0370169, 0.376672, -0.505886, -0.561221, -0.822274, 0.575586, 
126, 0.0468528, 0.410962, -0.574966, -0.572731, -0.787705, 0.59012, 
126, 0.0564379, 0.448236, -0.649141, -0.587202, -0.751676, 0.607848, 
127, -0.881083, -0.0931987, 0.812013, -1.05531, -1.86986, 0.720646, 
127, -0.854071, -0.111827, 0.807604, -1.03494, -1.84054, 0.730671, 
127, -0.827096, -0.128881, 0.801914, -1.01565, -1.81088, 0.739556, 
127, -0.800209, -0.144971, 0.795749, -0.996904, -1.78127, 0.747871, 
127, -0.773626, -0.158301, 0.787335, -0.980263, -1.75133, 0.753891, 
127, -0.747093, -0.170172, 0.777835, -0.964021, -1.72134, 0.758951, 
127, -0.72067, -0.180624, 0.767195, -0.948422, -1.69131, 0.763443, 
127, -0.694436, -0.189527, 0.755428, -0.93366, -1.66135, 0.76711, 
127, -0.66844, -0.196858, 0.742551, -0.91968, -1.63156, 0.769975, 
127, -0.642722, -0.202628, 0.728594, -0.906426, -1.60201, 0.772075, 
127, -0.617318, -0.206869, 0.71359, -0.893845, -1.57274, 0.77346, 
127, -0.592258, -0.209623, 0.697572, -0.881887, -1.54381, 0.774181, 
127, -0.567566, -0.21094, 0.680571, -0.87051, -1.51525, 0.774295, 
127, -0.543257, -0.210881, 0.662614, -0.859641, -1.48706, 0.773877, 
127, -0.51936, -0.209495, 0.643735, -0.849281, -1.45928, 0.772962, 
127, -0.495887, -0.206833, 0.623946, -0.839481, -1.43194, 0.771685, 
127, -0.472857, -0.202959, 0.603285, -0.830137, -1.40504, 0.770036, 
127, -0.450281, -0.197934, 0.581785, -0.821188, -1.37855, 0.768034, 
127, -0.428166, -0.191812, 0.559461, -0.812627, -1.35247, 0.765757, 
127, -0.406518, -0.184645, 0.536328, -0.804448, -1.32679, 0.763269, 
127, -0.38534, -0.176484, 0.512401, -0.796646, -1.3015, 0.76063, 
127, -0.364636, -0.167376, 0.487692, -0.789216, -1.27659, 0.75789, 
127, -0.344406, -0.157365, 0.462211, -0.782155, -1.25204, 0.7551, 
127, -0.32465, -0.146492, 0.435966, -0.775463, -1.22783, 0.752304, 
127, -0.305366, -0.134795, 0.408962, -0.769142, -1.20395, 0.749547, 
127, -0.286551, -0.122307, 0.381202, -0.763197, -1.18036, 0.746869, 
127, -0.268202, -0.109059, 0.352685, -0.757635, -1.15704, 0.744313, 
127, -0.250313, -0.095079, 0.323408, -0.752463, -1.13398, 0.741916, 
127, -0.232878, -0.0803897, 0.293365, -0.747695, -1.11115, 0.739719, 
127, -0.21589, -0.0650113, 0.262547, -0.743344, -1.08853, 0.73776, 
127, -0.199342, -0.04896, 0.23094, -0.739425, -1.06608, 0.736078, 
127, -0.183225, -0.0322479, 0.198527, -0.73596, -1.04379, 0.734714, 
127, -0.167531, -0.0148839, 0.165288, -0.73297, -1.02162, 0.733708, 
127, -0.15225, 0.00312741, 0.131198, -0.730481, -0.999548, 0.733105, 
127, -0.137375, 0.0217856, 0.0962256, -0.728525, -0.97755, 0.732951, 
127, -0.122894, 0.0410946, 0.060336, -0.727135, -0.955596, 0.733295, 
127, -0.108798, 0.061063, 0.0234873, -0.726351, -0.933655, 0.734193, 
127, -0.0950786, 0.0817042, -0.0143691, -0.726222, -0.911699, 0.735703, 
127, -0.0817243, 0.103038, -0.0532907, -0.726802, -0.889697, 0.737895, 
127, -0.0687259, 0.125089, -0.0933437, -0.728155, -0.867615, 0.740845, 
127, -0.0560735, 0.14789, -0.134606, -0.730358, -0.845421, 0.744641, 
127, -0.0437573, 0.171482, -0.177169, -0.733499, -0.823079, 0.749387, 
127, -0.0317868, 0.195781, -0.220952, -0.737971, -0.799381, 0.755345, 
127, -0.0201127, 0.221123, -0.266457, -0.743319, -0.776639, 0.762365, 
127, -0.00874651, 0.247443, -0.313646, -0.749999, -0.753621, 0.77077, 
127, 0.00232101, 0.274839, -0.362704, -0.758208, -0.730278, 0.780774, 
127, 0.0130989, 0.303427, -0.413855, -0.768189, -0.706557, 0.79264, 
127, 0.023596, 0.333356, -0.467376, -0.780253, -0.682402, 0.806705, 
127, 0.0338211, 0.364814, -0.523616, -0.794803, -0.657746, 0.823398, 
127, 0.0437824, 0.398048, -0.583027, -0.812372, -0.632516, 0.843293, 
127, 0.0534883, 0.433383, -0.646204, -0.833686, -0.606628, 0.867162, 
128, -0.707428, -0.387854, 0.509, 1.91873, 1.36136, -1.86707, 
128, -0.555509, -0.342647, 0.428344, 1.94001, 1.20726, -1.88784, 
128, -0.531446, -0.332262, 0.412691, 1.9435, 1.18235, -1.89174, 
128, -0.50821, -0.321281, 0.396658, 1.94718, 1.15961, -1.89645, 
128, -0.484553, -0.308991, 0.379193, 1.95034, 1.13535, -1.90012, 
128, -0.462576, -0.297056, 0.362411, -1.18732, -1.11361, 1.2364, 
128, -0.439433, -0.282945, 0.343142, -1.18449, -1.09004, 1.23277, 
128, -0.417585, -0.269166, 0.324301, -1.18121, -1.06804, 1.22872, 
128, -0.396156, -0.254344, 0.304518, -1.17823, -1.04645, 1.22472, 
128, -0.375321, -0.239748, 0.284712, 1.96536, 1.02441, -1.92018, 
128, -0.354768, -0.223411, 0.263358, -1.17244, -1.00439, 1.21717, 
128, -0.145074, 0.00347363, -0.0398753, -1.16204, -0.781623, 1.20128, 
128, -0.130344, 0.0252215, -0.0696907, 1.97762, 0.764305, -1.93843, 
128, -0.116109, 0.0476076, -0.100917, 1.97397, 0.748267, -1.93438, 
128, -0.1022, 0.0703863, -0.132773, 1.96997, 0.731951, -1.93005, 
128, -0.0887981, 0.0933167, -0.165083, -1.17514, -0.71604, 1.21549, 
128, -0.0755806, 0.117172, -0.198984, -1.18294, -0.700063, 1.22368, 
128, -0.0626448, 0.141763, -0.234184, -1.18959, -0.684136, 1.23118, 
128, 0.0483974, 0.427526, -0.665405, 1.77989, 0.53638, -1.72344, 
129, -0.116503, 0.224813, 0.705181, -0.26948, -1.96414, 0.103857, 
129, -0.106715, 0.201946, 0.682301, -0.259398, -1.91841, 0.110411, 
129, -0.0972689, 0.182119, 0.657545, -0.250452, -1.87372, 0.115978, 
129, -0.0881474, 0.165213, 0.631005, -0.242486, -1.83007, 0.120706, 
129, -0.0793357, 0.151102, 0.602764, -0.235372, -1.78744, 0.124722, 
129, -0.0708195, 0.139647, 0.572894, -0.229006, -1.74576, 0.128137, 
129, -0.0625859, 0.130726, 0.541463, -0.223302, -1.70502, 0.131042, 
129, -0.0546214, 0.124204, 0.50853, -0.218182, -1.66513, 0.13352, 
129, -0.0469136, 0.119956, 0.47414, -0.213586, -1.62604, 0.135646, 
129, -0.0394508, 0.117861, 0.43833, -0.209459, -1.58767, 0.137482, 
129, -0.0318456, 0.116773, 0.402131, -0.204915, -1.54969, 0.139204, 
129, -0.0249089, 0.11899, 0.363292, -0.20177, -1.51262, 0.140503, 
129, -0.018175, 0.122966, 0.323164, -0.198951, -1.47602, 0.14171, 
129, -0.0116367, 0.128657, 0.281713, -0.196448, -1.4398, 0.142852, 
129, -0.00528688, 0.136021, 0.238904, -0.194249, -1.40391, 0.143954, 
129, 0.000881294, 0.145021, 0.194694, -0.192348, -1.36826, 0.145045, 
129, 0.00687451, 0.155629, 0.149032, -0.19074, -1.33278, 0.146155, 
129, 0.0126992, 0.167824, 0.101851, -0.189422, -1.29738, 0.147314, 
129, 0.0183615, 0.181602, 0.0530703, -0.188399, -1.26198, 0.148556, 
129, 0.0238675, 0.196968, 0.00258927, -0.187677, -1.22648, 0.149915, 
129, 0.0292229, 0.213945, -0.0497153, -0.18727, -1.1908, 0.151429, 
129, 0.0344332, 0.232576, -0.103996, -0.187196, -1.15481, 0.153143, 
129, 0.0395037, 0.252925, -0.160439, -0.187482, -1.11841, 0.155106, 
129, 0.0444396, 0.275085, -0.219279, -0.188164, -1.08146, 0.157376, 
129, 0.0492458, 0.299183, -0.280805, -0.189294, -1.04379, 0.160027, 
129, 0.0539271, 0.325393, -0.345387, -0.190938, -1.00522, 0.163148, 
129, 0.0584881, 0.353949, -0.4135, -0.193187, -0.965514, 0.166856, 
129, 0.0629333, 0.385172, -0.485771, -0.196172, -0.924373, 0.171306, 
129, 0.0672671, 0.41951, -0.56305, -0.200073, -0.881406, 0.176712, 
129, 0.0714939, 0.457599, -0.646527, -0.205161, -0.836076, 0.183382, 
130, -0.242064, 0.019403, 0.94332, -0.37032, -1.88321, 0.177133, 
130, -0.227514, -0.000999147, 0.922829, -0.356295, -1.84198, 0.18403, 
130, -0.21354, -0.0179764, 0.900881, -0.343928, -1.80245, 0.189391, 
130, -0.200111, -0.032039, 0.877579, -0.332811, -1.7643, 0.193629, 
130, -0.187207, -0.0434577, 0.853028, -0.322738, -1.72742, 0.196995, 
130, -0.174793, -0.0524168, 0.827329, -0.313551, -1.69179, 0.199608, 
130, -0.162845, -0.0591048, 0.800559, -0.305138, -1.65728, 0.201552, 
130, -0.151339, -0.0636915, 0.772778, -0.297411, -1.62382, 0.202942, 
130, -0.140254, -0.0663373, 0.74404, -0.290292, -1.59132, 0.203873, 
130, -0.129571, -0.0671898, 0.714397, -0.283719, -1.55969, 0.204427, 
130, -0.119271, -0.0663836, 0.683888, -0.277637, -1.52885, 0.20467, 
130, -0.109336, -0.0640406, 0.652548, -0.272001, -1.49872, 0.204661, 
130, -0.0997474, -0.0602662, 0.620406, -0.266773, -1.46923, 0.20445, 
130, -0.0904907, -0.0551578, 0.587481, -0.261921, -1.44031, 0.204079, 
130, -0.0815498, -0.0488018, 0.553791, -0.257418, -1.4119, 0.203587, 
130, -0.072388, -0.0420195, 0.520191, -0.25186, -1.3836, 0.202642, 
130, -0.0641217, -0.0331774, 0.484829, -0.24818, -1.35613, 0.201958, 
130, -0.0561173, -0.023345, 0.448752, -0.244763, -1.32896, 0.201273, 
130, -0.048364, -0.0125548, 0.411943, -0.2416, -1.30204, 0.200601, 
130, -0.0408513, -0.000835243, 0.374383, -0.238685, -1.27532, 0.199955, 
130, -0.0335696, 0.0117888, 0.336048, -0.236014, -1.24875, 0.199352, 
130, -0.0265096, 0.0252975, 0.296911, -0.233583, -1.2223, 0.198808, 
130, -0.0196626, 0.0396757, 0.256941, -0.231392, -1.19591, 0.19834, 
130, -0.01302, 0.0549142, 0.2161, -0.229441, -1.16954, 0.197966, 
130, -0.00657393, 0.0710097, 0.174344, -0.227733, -1.14315, 0.197704, 
130, -0.000316577, 0.0879649, 0.131621, -0.226273, -1.11668, 0.197575, 
130, 0.00575941, 0.105789, 0.0878723, -0.22507, -1.09009, 0.197599, 
130, 0.0116611, 0.124499, 0.0430275, -0.224134, -1.06333, 0.197801, 
130, 0.0173953, 0.144121, -0.00299473, -0.22348, -1.03633, 0.198207, 
130, 0.0229683, 0.164687, -0.0502897, -0.223125, -1.00905, 0.198847, 
130, 0.0283866, 0.186244, -0.0989689, -0.223095, -0.981408, 0.199756, 
130, 0.0336558, 0.208848, -0.149164, -0.223419, -0.95334, 0.200974, 
130, 0.0387818, 0.232573, -0.201034, -0.224136, -0.924761, 0.202551, 
130, 0.04377, 0.25751, -0.254765, -0.225295, -0.895577, 0.204547, 
130, 0.0486254, 0.283772, -0.310589, -0.22696, -0.865677, 0.207038, 
130, 0.0533533, 0.311506, -0.368787, -0.229212, -0.834927, 0.210117, 
130, 0.0579582, 0.340897, -0.429713, -0.232163, -0.803167, 0.213909, 
130, 0.0624449, 0.372186, -0.493818, -0.23596, -0.770191, 0.218576, 
130, 0.0668178, 0.40569, -0.561693, -0.240807, -0.73574, 0.224341, 
130, 0.0710813, 0.441841, -0.634129, -0.246994, -0.699467, 0.231518, 
131, -0.294253, -0.488984, 0.954105, -0.446575, -1.23976, 0.425356, 
131, -0.27742, -0.47293, 0.926745, -0.435975, -1.22308, 0.415988, 
131, -0.261276, -0.456521, 0.899045, -0.425813, -1.20674, 0.406909, 
131, -0.245787, -0.439817, 0.871006, -0.416076, -1.19066, 0.398142, 
131, -0.230919, -0.422863, 0.842647, -0.406734, -1.17479, 0.389668, 
131, -0.216641, -0.40568, 0.813968, -0.397777, -1.1591, 0.381487, 
131, -0.202925, -0.388285, 0.784971, -0.389193, -1.14354, 0.3736, 
131, -0.189743, -0.370694, 0.755654, -0.38097, -1.1281, 0.366003, 
131, -0.177068, -0.352917, 0.726016, -0.373097, -1.11274, 0.358692, 
131, -0.164876, -0.334962, 0.696054, -0.365565, -1.09744, 0.351666, 
131, -0.153143, -0.316835, 0.665763, -0.358365, -1.08217, 0.34492, 
131, -0.141847, -0.298538, 0.635136, -0.351487, -1.06691, 0.338448, 
131, -0.130966, -0.280074, 0.604166, -0.344922, -1.05164, 0.332248, 
131, -0.120481, -0.261442, 0.572843, -0.338662, -1.03635, 0.326312, 
131, -0.110373, -0.242638, 0.541157, -0.332699, -1.02101, 0.320638, 
131, -0.100366, -0.223693, 0.509585, -0.32539, -1.00576, 0.313866, 
131, -0.0910044, -0.204535, 0.477083, -0.320195, -0.990281, 0.308853, 
131, -0.0819594, -0.18519, 0.444185, -0.315252, -0.9747, 0.30407, 
131, -0.0732178, -0.16565, 0.410873, -0.310559, -0.959007, 0.299518, 
131, -0.0647665, -0.145906, 0.377126, -0.306117, -0.943186, 0.295198, 
131, -0.0565929, -0.125946, 0.342923, -0.301928, -0.927221, 0.291112, 
131, -0.048685, -0.105759, 0.30824, -0.297993, -0.911097, 0.287265, 
131, -0.0410314, -0.085329, 0.273051, -0.294314, -0.894798, 0.283657, 
131, -0.0336212, -0.0646416, 0.237328, -0.290894, -0.878305, 0.280296, 
131, -0.0264439, -0.0436792, 0.201038, -0.287738, -0.861602, 0.277185, 
131, -0.0194897, -0.0224224, 0.164148, -0.284852, -0.844668, 0.274333, 
131, -0.0127491, -0.000849729, 0.126618, -0.282243, -0.827485, 0.271748, 
131, -0.00621314, 0.0210631, 0.0884055, -0.27992, -0.810029, 0.269442, 
131, 0.000126676, 0.0433429, 0.0494619, -0.277897, -0.792278, 0.267428, 
131, 0.00627848, 0.0660198, 0.00973399, -0.276188, -0.774206, 0.265722, 
131, 0.01225, 0.0891279, -0.0308393, -0.274812, -0.755783, 0.264347, 
131, 0.0180485, 0.112706, -0.0723266, -0.273792, -0.736979, 0.263326, 
131, 0.0236811, 0.136797, -0.114806, -0.273158, -0.717758, 0.262691, 
131, 0.0291543, 0.161452, -0.158368, -0.272945, -0.698079, 0.26248, 
131, 0.0344746, 0.186729, -0.203116, -0.273198, -0.677897, 0.26274, 
131, 0.0396478, 0.212694, -0.24917, -0.273974, -0.657159, 0.263531, 
131, 0.0446798, 0.239428, -0.296673, -0.275343, -0.635804, 0.264926, 
131, 0.0495759, 0.267023, -0.345792, -0.277397, -0.613758, 0.26702, 
131, 0.0543415, 0.295594, -0.396732, -0.280254, -0.590934, 0.269936, 
131, 0.0589815, 0.325277, -0.449739, -0.284068, -0.567228, 0.273833, 
131, 0.0635006, 0.356243, -0.50512, -0.289046, -0.542508, 0.278924, 
131, 0.0679035, 0.388707, -0.563262, -0.295471, -0.516611, 0.2855, 
131, 0.0721945, 0.422947, -0.624666, -0.303739, -0.489326, 0.293962, 
132, -0.466707, -0.885879, 0.837142, -1.04693, -0.719327, 1.15576, 
132, -0.442306, -0.859342, 0.818701, -1.02559, -0.702477, 1.12613, 
132, -0.418943, -0.832767, 0.79988, -1.00378, -0.68674, 1.09661, 
132, -0.396574, -0.80619, 0.780681, -0.981656, -0.672044, 1.06733, 
132, -0.375128, -0.779756, 0.761166, -0.959597, -0.657575, 1.03877, 
132, -0.354629, -0.753208, 0.741192, -0.937114, -0.645257, 1.01007, 
132, -0.334998, -0.726782, 0.720871, -0.914853, -0.633301, 0.982089, 
132, -0.316195, -0.700466, 0.700191, -0.892768, -0.622061, 0.954719, 
132, -0.298181, -0.674273, 0.679155, -0.870953, -0.611465, 0.92802, 
132, -0.280919, -0.648214, 0.657764, -0.849487, -0.601447, 0.902043, 
132, -0.264373, -0.622295, 0.63602, -0.828439, -0.591939, 0.876828, 
132, -0.248507, -0.596522, 0.613925, -0.807866, -0.58288, 0.852409, 
132, -0.233288, -0.570896, 0.59148, -0.787819, -0.574209, 0.828809, 
132, -0.218685, -0.545417, 0.568685, -0.768336, -0.56587, 0.806047, 
132, -0.204666, -0.520086, 0.545539, -0.749449, -0.557809, 0.784134, 
132, -0.191202, -0.494897, 0.522042, -0.731184, -0.549976, 0.763074, 
132, -0.178266, -0.469846, 0.498191, -0.713559, -0.542322, 0.742869, 
132, -0.165831, -0.444928, 0.473984, -0.696588, -0.534805, 0.723515, 
132, -0.153872, -0.420134, 0.449418, -0.680278, -0.527383, 0.705005, 
132, -0.142366, -0.395457, 0.424488, -0.664637, -0.520019, 0.687329, 
132, -0.13129, -0.370886, 0.399189, -0.649665, -0.512678, 0.670478, 
132, -0.120623, -0.346412, 0.373515, -0.635362, -0.505327, 0.654438, 
132, -0.110346, -0.322023, 0.347459, -0.621729, -0.497937, 0.639196, 
132, -0.100439, -0.297707, 0.321012, -0.608761, -0.49048, 0.624739, 
132, -0.0908842, -0.273451, 0.294165, -0.596456, -0.482932, 0.611056, 
132, -0.0816654, -0.249243, 0.266908, -0.584811, -0.475267, 0.598133, 
132, -0.0727665, -0.225067, 0.239228, -0.573826, -0.467464, 0.585962, 
132, -0.0641723, -0.200909, 0.211112, -0.563498, -0.459502, 0.574533, 
132, -0.0558687, -0.176752, 0.182545, -0.55383, -0.451362, 0.563842, 
132, -0.0478423, -0.15258, 0.15351, -0.544825, -0.443024, 0.553884, 
132, -0.0400805, -0.128376, 0.123989, -0.536489, -0.434472, 0.544662, 
132, -0.0325712, -0.104121, 0.0939601, -0.528833, -0.425686, 0.536179, 
132, -0.0253032, -0.079794, 0.0634012, -0.521872, -0.416651, 0.528445, 
132, -0.0182656, -0.0553754, 0.0322868, -0.515624, -0.407349, 0.521475, 
132, -0.0114485, -0.0308422, 0.000588041, -0.510118, -0.397763, 0.515293, 
132, -0.00484221, -0.00617019, -0.031727, -0.505387, -0.387875, 0.509928, 
132, 0.00156238, 0.0186665, -0.0646938, -0.501475, -0.377668, 0.505422, 
132, 0.00777383, 0.0436958, -0.0983518, -0.498438, -0.367122, 0.501826, 
132, 0.0138003, 0.0689488, -0.132746, -0.496348, -0.356219, 0.49921, 
132, 0.0196495, 0.0944591, -0.167928, -0.495294, -0.344938, 0.497661, 
132, 0.0253288, 0.120264, -0.203953, -0.49539, -0.333256, 0.49729, 
132, 0.0308451, 0.146405, -0.240888, -0.49678, -0.321149, 0.49824, 
132, 0.0362008, 0.17281, -0.278615, -0.496196, -0.308569, 0.497243, 
132, 0.0414108, 0.199773, -0.317611, -0.501788, -0.295578, 0.502441, 
132, 0.0464765, 0.227231, -0.357775, -0.509672, -0.282063, 0.509953, 
132, 0.0514036, 0.255252, -0.399224, -0.520372, -0.26798, 0.520302, 
132, 0.0561976, 0.283917, -0.442096, -0.534617, -0.253278, 0.534217, 
132, 0.0608672, 0.313448, -0.486761, -0.547974, -0.237963, 0.547285, 
132, 0.0654099, 0.343722, -0.533031, -0.568795, -0.222022, 0.567828, 
132, 0.0698341, 0.375, -0.581349, -0.59613, -0.20539, 0.594909, 
132, 0.0741441, 0.407458, -0.632026, -0.632368, -0.18804, 0.630921, 
133, 0.13042, 0.22816, 0.703811, 0.0728029, -1.96212, -0.0840115, 
133, 0.128009, 0.206068, 0.679928, 0.0702106, -1.91616, -0.0859299, 
133, 0.125685, 0.186974, 0.654277, 0.0679173, -1.87141, -0.0875891, 
133, 0.123444, 0.170746, 0.626944, 0.0658835, -1.82785, -0.0890285, 
133, 0.121282, 0.157249, 0.598009, 0.0640761, -1.78541, -0.0902784, 
133, 0.119195, 0.146341, 0.56754, 0.0624667, -1.74402, -0.09137, 
133, 0.117179, 0.137886, 0.535601, 0.0610316, -1.7036, -0.0923269, 
133, 0.115196, 0.129602, 0.504357, 0.0594917, -1.66402, -0.0937711, 
133, 0.113313, 0.126379, 0.468868, 0.0584459, -1.62528, -0.0943275, 
133, 0.11149, 0.124991, 0.432311, 0.0574842, -1.58731, -0.0948693, 
133, 0.109724, 0.125413, 0.394606, 0.0566126, -1.55001, -0.0953924, 
133, 0.108014, 0.127606, 0.355701, 0.0558317, -1.51328, -0.095897, 
133, 0.106356, 0.131522, 0.315557, 0.0551397, -1.47703, -0.0963859, 
133, 0.104749, 0.137113, 0.274141, 0.0545343, -1.44118, -0.096864, 
133, 0.103189, 0.144336, 0.231414, 0.054013, -1.40565, -0.0973369, 
133, 0.101675, 0.153151, 0.187334, 0.0535738, -1.37037, -0.0978114, 
133, 0.100205, 0.163531, 0.141849, 0.0532156, -1.33524, -0.0982948, 
133, 0.0987756, 0.175456, 0.0948921, 0.0529382, -1.30018, -0.0987949, 
133, 0.0973865, 0.188922, 0.0463825, 0.0527425, -1.26512, -0.0993205, 
133, 0.0960357, 0.203935, -0.00377973, 0.0526306, -1.22995, -0.0998808, 
133, 0.0947215, 0.220519, -0.0557163, 0.0526062, -1.19458, -0.100486, 
133, 0.0934425, 0.238716, -0.109577, 0.0526747, -1.1589, -0.101149, 
133, 0.0921974, 0.258591, -0.165548, 0.0528436, -1.12279, -0.101883, 
133, 0.0909847, 0.280235, -0.223855, 0.0531233, -1.08611, -0.102704, 
133, 0.0898032, 0.303773, -0.284784, 0.0535277, -1.04871, -0.103633, 
133, 0.0886517, 0.329375, -0.348696, 0.0540754, -1.0104, -0.104694, 
133, 0.087529, 0.357272, -0.416055, 0.0547921, -0.970931, -0.10592, 
133, 0.086434, 0.387775, -0.487471, 0.055713, -0.93002, -0.107355, 
133, 0.0853656, 0.421321, -0.563772, 0.0568885, -0.887271, -0.109056, 
133, 0.0843226, 0.458528, -0.646115, 0.0583921, -0.842149, -0.111109, 
134, 0.15915, -0.0129784, 0.938264, 0.102842, -1.82288, -0.0986268, 
134, 0.155588, -0.0278973, 0.913907, 0.099616, -1.78359, -0.100452, 
134, 0.152182, -0.0399749, 0.888389, 0.0967268, -1.74596, -0.101964, 
134, 0.147881, -0.0511506, 0.862723, 0.0933845, -1.70999, -0.101617, 
134, 0.145034, -0.0595843, 0.835613, 0.0911196, -1.67415, -0.103041, 
134, 0.142293, -0.0649371, 0.807533, 0.0890565, -1.64046, -0.104402, 
134, 0.13992, -0.0646207, 0.776446, 0.087666, -1.60915, -0.105874, 
134, 0.137154, -0.0658381, 0.746302, 0.085879, -1.57772, -0.106477, 
134, 0.134496, -0.0654023, 0.715388, 0.0842421, -1.54717, -0.106982, 
134, 0.132044, -0.0655, 0.685709, 0.0825709, -1.51726, -0.108419, 
134, 0.129535, -0.0615626, 0.652736, 0.0812507, -1.48815, -0.108486, 
134, 0.127131, -0.0564828, 0.619271, 0.080018, -1.45971, -0.108584, 
134, 0.124822, -0.0503055, 0.58526, 0.0788757, -1.43181, -0.108702, 
134, 0.122602, -0.0430768, 0.550669, 0.0778231, -1.40439, -0.108833, 
134, 0.120463, -0.0348415, 0.51547, 0.0768578, -1.37737, -0.108974, 
134, 0.1184, -0.0256414, 0.479644, 0.0759771, -1.35069, -0.109125, 
134, 0.116409, -0.0155142, 0.443172, 0.075178, -1.32429, -0.109288, 
134, 0.114484, -0.00449339, 0.406033, 0.074458, -1.29812, -0.109464, 
134, 0.112623, 0.00739285, 0.368205, 0.0738151, -1.27213, -0.109658, 
134, 0.110821, 0.0201215, 0.329663, 0.0732477, -1.24626, -0.109872, 
134, 0.109077, 0.0336748, 0.290378, 0.0727549, -1.22048, -0.110111, 
134, 0.107386, 0.0480403, 0.250316, 0.0723366, -1.19474, -0.110379, 
134, 0.105747, 0.0632116, 0.209438, 0.0719931, -1.16899, -0.110682, 
134, 0.104157, 0.0791878, 0.167698, 0.0717257, -1.14318, -0.111025, 
134, 0.102614, 0.0959742, 0.125045, 0.0715362, -1.11728, -0.111414, 
134, 0.101115, 0.113582, 0.0814183, 0.0714275, -1.09122, -0.111856, 
134, 0.0996596, 0.132031, 0.0367477, 0.0714035, -1.06497, -0.112358, 
134, 0.0982452, 0.151347, -0.00904784, 0.0714692, -1.03845, -0.11293, 
134, 0.0968701, 0.171566, -0.0560627, 0.0716311, -1.01163, -0.113579, 
134, 0.0955327, 0.192733, -0.104407, 0.0718973, -0.984428, -0.114319, 
134, 0.0942316, 0.214906, -0.15421, 0.0722781, -0.956776, -0.115163, 
134, 0.0929652, 0.238158, -0.205626, 0.0727865, -0.928594, -0.116127, 
134, 0.0917322, 0.262576, -0.258839, 0.073439, -0.899786, -0.11723, 
134, 0.0905313, 0.288276, -0.314073, 0.0742566, -0.870243, -0.118499, 
134, 0.0893612, 0.315398, -0.371603, 0.0752668, -0.839832, -0.119964, 
134, 0.0882207, 0.344121, -0.431769, 0.0765055, -0.808392, -0.121665, 
134, 0.0871087, 0.374681, -0.49501, 0.0780208, -0.775721, -0.123656, 
134, 0.086024, 0.407384, -0.561895, 0.0798788, -0.741557, -0.12601, 
134, 0.0849655, 0.442645, -0.633187, 0.0821727, -0.705555, -0.128826, 
135, 0.174196, -0.507901, 0.949996, 0.147266, -1.1453, -0.17329, 
135, 0.169925, -0.485738, 0.919292, 0.144078, -1.13623, -0.17012, 
135, 0.165902, -0.464069, 0.888581, 0.141264, -1.12671, -0.167448, 
135, 0.162062, -0.442719, 0.857788, 0.13865, -1.11681, -0.165041, 
135, 0.158384, -0.421657, 0.826884, 0.136205, -1.10654, -0.162838, 
135, 0.154848, -0.400844, 0.79585, 0.133894, -1.09591, -0.160779, 
135, 0.151457, -0.380225, 0.764658, 0.131716, -1.08497, -0.158843, 
135, 0.148232, -0.359771, 0.733284, 0.129707, -1.07377, -0.157085, 
135, 0.14514, -0.339472, 0.701738, 0.127826, -1.06225, -0.155465, 
135, 0.142173, -0.319295, 0.670001, 0.126067, -1.05044, -0.153975, 
135, 0.139323, -0.299209, 0.638057, 0.124426, -1.03835, -0.152608, 
135, 0.136585, -0.279187, 0.60589, 0.122898, -1.02598, -0.151359, 
135, 0.133951, -0.259202, 0.57348, 0.12148, -1.01335, -0.150222, 
135, 0.131416, -0.23923, 0.540811, 0.120168, -1.00045, -0.149194, 
135, 0.128974, -0.219248, 0.507863, 0.11896, -0.987305, -0.148271, 
135, 0.126621, -0.199234, 0.474618, 0.117853, -0.973901, -0.147451, 
135, 0.124352, -0.179165, 0.441054, 0.116845, -0.960244, -0.14673, 
135, 0.122162, -0.159023, 0.407149, 0.115937, -0.946331, -0.146109, 
135, 0.120047, -0.138784, 0.372882, 0.115126, -0.93216, -0.145586, 
135, 0.118004, -0.118428, 0.338226, 0.114413, -0.917727, -0.14516, 
135, 0.116029, -0.0979351, 0.303156, 0.113798, -0.903027, -0.144834, 
135, 0.114119, -0.0772824, 0.267644, 0.113283, -0.888052, -0.144607, 
135, 0.11227, -0.0564478, 0.231659, 0.112869, -0.872794, -0.144482, 
135, 0.110479, -0.0354078, 0.195167, 0.11256, -0.857242, -0.144462, 
135, 0.108745, -0.0141382, 0.158133, 0.112357, -0.841385, -0.14455, 
135, 0.107064, 0.00738734, 0.120516, 0.112267, -0.825209, -0.144752, 
135, 0.105434, 0.0291969, 0.0822726, 0.112293, -0.808698, -0.145073, 
135, 0.103852, 0.0513206, 0.0433544, 0.112444, -0.791833, -0.145521, 
135, 0.102317, 0.0737913, 0.00370761, 0.112726, -0.774595, -0.146104, 
135, 0.100827, 0.0966454, -0.0367283, 0.113151, -0.756958, -0.146833, 
135, 0.0993792, 0.119923, -0.0780213, 0.11373, -0.738895, -0.147722, 
135, 0.0979722, 0.14367, -0.120249, 0.114478, -0.720375, -0.148786, 
135, 0.0966044, 0.167936, -0.163498, 0.115414, -0.70136, -0.150044, 
135, 0.095274, 0.192779, -0.20787, 0.116559, -0.681809, -0.15152, 
135, 0.0939796, 0.218267, -0.253482, 0.117942, -0.661671, -0.153242, 
135, 0.0927198, 0.244477, -0.300471, 0.119597, -0.640887, -0.155248, 
135, 0.0914932, 0.2715, -0.349, 0.121567, -0.619388, -0.157582, 
135, 0.0902984, 0.299447, -0.399264, 0.123909, -0.59709, -0.160304, 
135, 0.0891343, 0.328449, -0.451499, 0.126695, -0.573889, -0.163487, 
135, 0.0879996, 0.35867, -0.505998, 0.13002, -0.549659, -0.167231, 
135, 0.0868932, 0.390316, -0.563129, 0.134015, -0.524239, -0.17167, 
135, 0.0858139, 0.42365, -0.623365, 0.138858, -0.497422, -0.176987, 
136, 0.231131, -0.98933, 0.876166, 0.650267, -0.357221, -0.708879, 
136, 0.22376, -0.951192, 0.85503, 0.608891, -0.366657, -0.663817, 
136, 0.216838, -0.91411, 0.833587, 0.572394, -0.375811, -0.624, 
136, 0.210325, -0.878028, 0.811848, 0.540107, -0.384564, -0.588718, 
136, 0.204187, -0.84296, 0.789858, 0.510521, -0.392013, -0.556454, 
136, 0.198391, -0.808693, 0.767543, 0.485459, -0.399998, -0.528947, 
136, 0.192912, -0.775263, 0.744953, 0.462882, -0.40738, -0.504153, 
136, 0.187724, -0.742632, 0.722101, 0.442615, -0.414029, -0.481884, 
136, 0.182805, -0.710747, 0.698987, 0.424381, -0.41999, -0.461844, 
136, 0.178134, -0.67956, 0.675613, 0.407945, -0.425287, -0.443775, 
136, 0.173694, -0.649024, 0.65198, 0.393099, -0.429934, -0.427454, 
136, 0.169468, -0.619097, 0.628088, 0.379666, -0.433944, -0.412688, 
136, 0.16544, -0.589739, 0.603937, 0.367492, -0.437331, -0.39931, 
136, 0.161598, -0.56091, 0.579527, 0.356445, -0.440107, -0.387176, 
136, 0.157929, -0.532573, 0.554854, 0.34641, -0.442287, -0.376161, 
136, 0.154421, -0.504694, 0.529915, 0.337291, -0.443884, -0.366159, 
136, 0.151065, -0.477239, 0.504708, 0.329001, -0.444913, -0.357075, 
136, 0.147856, -0.450217, 0.479319, 0.323939, -0.445129, -0.351349, 
136, 0.144773, -0.423509, 0.453545, 0.316597, -0.445136, -0.343357, 
136, 0.141815, -0.397132, 0.427489, 0.30999, -0.4446, -0.336171, 
136, 0.138975, -0.371058, 0.401142, 0.304049, -0.443536, -0.329717, 
136, 0.136246, -0.345259, 0.374497, 0.298722, -0.441958, -0.323936, 
136, 0.133622, -0.319708, 0.347544, 0.293962, -0.439879, -0.318777, 
136, 0.131096, -0.29438, 0.320272, 0.289732, -0.437312, -0.314198, 
136, 0.128664, -0.269248, 0.292669, 0.286004, -0.434266, -0.310166, 
136, 0.126319, -0.244287, 0.264724, 0.282751, -0.430752, -0.306653, 
136, 0.124059, -0.219474, 0.236423, 0.279957, -0.426778, -0.303638, 
136, 0.121877, -0.194783, 0.20775, 0.277607, -0.422351, -0.301105, 
136, 0.119771, -0.170191, 0.17869, 0.275693, -0.417476, -0.299041, 
136, 0.117735, -0.145674, 0.149224, 0.274212, -0.412159, -0.297442, 
136, 0.115768, -0.121206, 0.119333, 0.273163, -0.406403, -0.296306, 
136, 0.113865, -0.096764, 0.0889944, 0.272553, -0.400209, -0.295637, 
136, 0.112023, -0.0723223, 0.0581855, 0.272393, -0.393578, -0.295445, 
136, 0.11024, -0.0478553, 0.0268801, 0.272699, -0.38651, -0.295743, 
136, 0.108512, -0.0233364, -0.00495064, 0.273493, -0.379002, -0.296556, 
136, 0.106838, 0.00126212, -0.0373388, 0.274807, -0.37105, -0.297911, 
136, 0.105214, 0.0259693, -0.0703195, 0.27668, -0.362648, -0.299847, 
136, 0.103639, 0.0508157, -0.103932, 0.279161, -0.353789, -0.302413, 
136, 0.10211, 0.0758343, -0.138219, 0.282314, -0.344463, -0.305672, 
136, 0.100625, 0.10106, -0.173232, 0.286217, -0.334658, -0.309702, 
136, 0.099183, 0.126532, -0.209024, 0.290971, -0.324358, -0.314603, 
136, 0.0977814, 0.152292, -0.24566, 0.296702, -0.313547, -0.320503, 
136, 0.0964188, 0.178385, -0.28321, 0.303572, -0.302203, -0.327562, 
136, 0.0950936, 0.204865, -0.321756, 0.311792, -0.2903, -0.335992, 
136, 0.0938041, 0.23179, -0.361394, 0.321637, -0.277807, -0.346068, 
136, 0.0925491, 0.259227, -0.402234, 0.333473, -0.264689, -0.358158, 
136, 0.0913271, 0.287254, -0.444407, 0.347799, -0.2509, -0.372761, 
136, 0.0901369, 0.315962, -0.488066, 0.365307, -0.236389, -0.390571, 
136, 0.0889772, 0.345459, -0.533399, 0.386987, -0.221091, -0.412578, 
136, 0.0878468, 0.375877, -0.580633, 0.414298, -0.204924, -0.440244, 
136, 0.0867441, 0.407458, -0.630186, 0.441041, -0.188624, -0.467409, 
137, 0.362675, 0.286786, 0.6231, 0.401833, -1.99429, -0.264231, 
137, 0.349614, 0.263409, 0.603655, 0.387907, -1.95163, -0.273927, 
137, 0.336928, 0.242618, 0.582343, 0.375478, -1.90947, -0.282329, 
137, 0.324601, 0.224368, 0.559228, 0.364326, -1.86784, -0.28966, 
137, 0.312619, 0.208598, 0.534373, 0.354294, -1.82679, -0.296072, 
137, 0.30095, 0.195206, 0.507812, 0.345261, -1.78624, -0.301682, 
137, 0.289611, 0.184178, 0.479621, 0.337146, -1.74634, -0.306597, 
137, 0.278594, 0.175429, 0.449851, 0.329853, -1.70706, -0.310926, 
137, 0.26788, 0.168864, 0.418537, 0.323299, -1.66836, -0.314759, 
137, 0.257458, 0.164397, 0.38571, 0.317417, -1.6302, -0.318175, 
137, 0.247317, 0.161947, 0.351395, 0.312149, -1.59254, -0.321247, 
137, 0.237446, 0.161437, 0.315606, 0.307448, -1.55532, -0.32404, 
137, 0.227837, 0.1628, 0.27835, 0.303275, -1.5185, -0.326616, 
137, 0.218479, 0.165974, 0.239623, 0.299599, -1.48202, -0.32903, 
137, 0.209366, 0.170907, 0.199412, 0.296397, -1.44582, -0.331336, 
137, 0.200488, 0.177555, 0.157689, 0.293649, -1.40984, -0.333586, 
137, 0.191839, 0.185886, 0.114416, 0.291345, -1.37401, -0.33583, 
137, 0.18341, 0.195876, 0.0695367, 0.289479, -1.33827, -0.338117, 
137, 0.174652, 0.207161, 0.0246651, 0.286517, -1.30344, -0.339182, 
137, 0.166744, 0.220453, -0.0237154, 0.285745, -1.26765, -0.341821, 
137, 0.159015, 0.235401, -0.0739527, 0.285408, -1.23169, -0.34466, 
137, 0.151464, 0.252047, -0.126192, 0.285537, -1.19546, -0.347762, 
137, 0.144086, 0.270453, -0.180613, 0.286171, -1.15887, -0.3512, 
137, 0.136878, 0.290707, -0.237434, 0.287366, -1.12179, -0.355062, 
137, 0.129836, 0.312927, -0.296931, 0.289193, -1.08407, -0.359451, 
137, 0.122956, 0.337277, -0.359453, 0.291749, -1.04554, -0.364498, 
137, 0.116234, 0.363974, -0.425446, 0.295165, -1.00599, -0.37037, 
137, 0.109665, 0.393316, -0.495496, 0.29962, -0.965154, -0.377286, 
137, 0.103246, 0.425713, -0.570387, 0.30537, -0.922686, -0.385549, 
137, 0.0969716, 0.461747, -0.651209, 0.312786, -0.878114, -0.395586, 
138, 0.54032, 0.154295, 0.832108, 0.564774, -1.97944, -0.324356, 
138, 0.521939, 0.133912, 0.816498, 0.545681, -1.94358, -0.336199, 
138, 0.504492, 0.112749, 0.800861, 0.528017, -1.90663, -0.346733, 
138, 0.487517, 0.0938841, 0.783788, 0.511921, -1.87018, -0.355835, 
138, 0.471006, 0.0772607, 0.765343, 0.49723, -1.83427, -0.363667, 
138, 0.455123, 0.0622826, 0.746067, 0.483734, -1.79835, -0.369816, 
138, 0.439491, 0.0501413, 0.724871, 0.471497, -1.7639, -0.375855, 
138, 0.424295, 0.0399158, 0.70257, 0.460238, -1.73002, -0.380886, 
138, 0.409519, 0.0315555, 0.679167, 0.449867, -1.69673, -0.385079, 
138, 0.395155, 0.0249898, 0.65469, 0.440307, -1.66401, -0.388566, 
138, 0.38119, 0.0201398, 0.629174, 0.431486, -1.63188, -0.391459, 
138, 0.367612, 0.0169209, 0.602649, 0.423339, -1.6003, -0.393843, 
138, 0.354392, 0.0152469, 0.575136, 0.41579, -1.56922, -0.395775, 
138, 0.341549, 0.0150686, 0.546679, 0.408815, -1.53868, -0.397365, 
138, 0.329068, 0.016306, 0.517301, 0.402371, -1.50863, -0.398667, 
138, 0.316934, 0.0188875, 0.487021, 0.39642, -1.47903, -0.399733, 
138, 0.305137, 0.0227482, 0.455851, 0.390933, -1.44983, -0.400609, 
138, 0.293665, 0.0278298, 0.423801, 0.385881, -1.421, -0.401337, 
138, 0.282506, 0.0340801, 0.390875, 0.381243, -1.39249, -0.401957, 
138, 0.271651, 0.041453, 0.357072, 0.377001, -1.36426, -0.402507, 
138, 0.261089, 0.0499081, 0.322386, 0.373141, -1.33627, -0.403022, 
138, 0.250812, 0.0594113, 0.286807, 0.369652, -1.30848, -0.403536, 
138, 0.240808, 0.0699338, 0.250316, 0.366527, -1.28086, -0.404081, 
138, 0.231071, 0.0814532, 0.212893, 0.363762, -1.25335, -0.40469, 
138, 0.22159, 0.0939529, 0.174508, 0.361357, -1.22592, -0.405393, 
138, 0.212358, 0.107423, 0.135125, 0.359315, -1.19852, -0.406224, 
138, 0.203366, 0.121858, 0.0946991, 0.357642, -1.17111, -0.407216, 
138, 0.194606, 0.137263, 0.053179, 0.356348, -1.14364, -0.408405, 
138, 0.186071, 0.153648, 0.0105017, 0.35545, -1.11607, -0.409828, 
138, 0.177754, 0.17103, -0.0334072, 0.354967, -1.08834, -0.411527, 
138, 0.169647, 0.189439, -0.078636, 0.354925, -1.0604, -0.413549, 
138, 0.161743, 0.208913, -0.125289, 0.355359, -1.03218, -0.415946, 
138, 0.153852, 0.228966, -0.171597, 0.354526, -1.00467, -0.416917, 
138, 0.146367, 0.250675, -0.221467, 0.356217, -0.975709, -0.420396, 
138, 0.139059, 0.273641, -0.273193, 0.358548, -0.946246, -0.424473, 
138, 0.131925, 0.29797, -0.326989, 0.361612, -0.916188, -0.429263, 
138, 0.124959, 0.323792, -0.383119, 0.365532, -0.885416, -0.434908, 
138, 0.118156, 0.351277, -0.441909, 0.370471, -0.85379, -0.44159, 
138, 0.111512, 0.380643, -0.503776, 0.376641, -0.821136, -0.449548, 
138, 0.105022, 0.412179, -0.569259, 0.384336, -0.787231, -0.459104, 
138, 0.0986814, 0.446269, -0.639072, 0.393968, -0.751786, -0.470705, 
139, 0.735983, -0.279543, 0.951604, 0.717675, -1.61513, -0.625386, 
139, 0.713022, -0.285171, 0.935336, 0.703517, -1.58675, -0.625911, 
139, 0.690575, -0.289048, 0.918191, 0.690119, -1.55907, -0.625566, 
139, 0.668647, -0.291364, 0.900218, 0.677376, -1.53206, -0.624527, 
139, 0.647243, -0.29222, 0.881465, 0.665222, -1.50571, -0.62288, 
139, 0.626364, -0.291709, 0.861969, 0.653614, -1.48, -0.620701, 
139, 0.606009, -0.289922, 0.841764, 0.642511, -1.45492, -0.618064, 
139, 0.586174, -0.286946, 0.820884, 0.631878, -1.43042, -0.61504, 
139, 0.566855, -0.282862, 0.799357, 0.621682, -1.40649, -0.611693, 
139, 0.548045, -0.277748, 0.777212, 0.611899, -1.38309, -0.60808, 
139, 0.529738, -0.271674, 0.754472, 0.602507, -1.3602, -0.604255, 
139, 0.511925, -0.264705, 0.731158, 0.593488, -1.33777, -0.600265, 
139, 0.494597, -0.256901, 0.707289, 0.584825, -1.31578, -0.596151, 
139, 0.477746, -0.248318, 0.682879, 0.576506, -1.29419, -0.591953, 
139, 0.461361, -0.239005, 0.657944, 0.56852, -1.27298, -0.587704, 
139, 0.445506, -0.229217, 0.632666, 0.561265, -1.25125, -0.58363, 
139, 0.429999, -0.218527, 0.60667, 0.553812, -1.23087, -0.57931, 
139, 0.414931, -0.207239, 0.580183, 0.546697, -1.21074, -0.575045, 
139, 0.400288, -0.195385, 0.553207, 0.539908, -1.19084, -0.570852, 
139, 0.38606, -0.182991, 0.525742, 0.533436, -1.17114, -0.56675, 
139, 0.372231, -0.170079, 0.497788, 0.527274, -1.15163, -0.562756, 
139, 0.358792, -0.156671, 0.469342, 0.521417, -1.13228, -0.558886, 
139, 0.345729, -0.142785, 0.440399, 0.515864, -1.11307, -0.555157, 
139, 0.333032, -0.128435, 0.410955, 0.510613, -1.09398, -0.551584, 
139, 0.320689, -0.113634, 0.380999, 0.505665, -1.07498, -0.548183, 
139, 0.308689, -0.0983921, 0.350522, 0.501021, -1.05607, -0.54497, 
139, 0.29702, -0.082716, 0.319512, 0.496686, -1.0372, -0.54196, 
139, 0.285673, -0.0666108, 0.287954, 0.492663, -1.01837, -0.539169, 
139, 0.274637, -0.0500789, 0.255831, 0.48896, -0.999546, -0.536613, 
139, 0.263902, -0.03312, 0.223123, 0.485583, -0.980711, -0.534309, 
139, 0.253459, -0.0157314, 0.189807, 0.482544, -0.961842, -0.532276, 
139, 0.243297, 0.0020922, 0.155858, 0.479852, -0.942915, -0.530533, 
139, 0.233407, 0.0203587, 0.121246, 0.477523, -0.923908, -0.529101, 
139, 0.223781, 0.0390791, 0.0859378, 0.475574, -0.904796, -0.528005, 
139, 0.21441, 0.0582676, 0.0498956, 0.474023, -0.885555, -0.52727, 
139, 0.205285, 0.0779414, 0.0130766, 0.472896, -0.86616, -0.526928, 
139, 0.196399, 0.0981216, -0.0245675, 0.47222, -0.846581, -0.527011, 
139, 0.187743, 0.118834, -0.0630922, 0.472028, -0.826791, -0.52756, 
139, 0.179309, 0.140108, -0.102561, 0.47236, -0.806758, -0.528621, 
139, 0.171092, 0.16198, -0.143046, 0.473265, -0.786448, -0.530247, 
139, 0.163082, 0.184492, -0.184631, 0.474799, -0.765824, -0.532503, 
139, 0.155274, 0.207693, -0.227412, 0.477032, -0.744845, -0.535465, 
139, 0.147661, 0.231644, -0.271504, 0.480051, -0.723464, -0.539226, 
139, 0.140237, 0.256415, -0.31704, 0.48396, -0.701629, -0.543899, 
139, 0.132995, 0.282091, -0.364178, 0.488891, -0.679281, -0.549625, 
139, 0.12593, 0.308776, -0.41311, 0.49501, -0.656351, -0.556581, 
139, 0.119035, 0.336596, -0.46407, 0.502533, -0.632756, -0.564994, 
139, 0.112306, 0.364543, -0.514883, 0.50894, -0.609485, -0.572069, 
139, 0.10574, 0.39502, -0.570636, 0.521225, -0.584356, -0.585338, 
139, 0.0993278, 0.427202, -0.629452, 0.536414, -0.558195, -0.601599, 
140, 0.772071, -0.608864, 0.708915, 1.07264, -1.05799, -1.18284, 
140, 0.724481, -0.582741, 0.678373, -2.08554, 1.01432, 1.98126, 
140, 0.701548, -0.568871, 0.662455, 1.04777, -0.993664, -1.14893, 
140, 0.679131, -0.554503, 0.646142, 1.03931, -0.973395, -1.13744, 
140, 0.657233, -0.539632, 0.629381, 1.03075, -0.95368, -1.12588, 
140, 0.635839, -0.524307, 0.612236, 1.02199, -0.934513, -1.11417, 
140, 0.615053, -0.508595, 0.594637, 1.01317, -0.915852, -1.10253, 
140, 0.594777, -0.492479, 0.57663, 1.00429, -0.897749, -1.09091, 
140, 0.575025, -0.476003, 0.558217, 0.995339, -0.880156, -1.07932, 
140, 0.555794, -0.459195, 0.5394, 0.986363, -0.863034, -1.0678, 
140, 0.53708, -0.442082, 0.52018, 0.97739, -0.846359, -1.05639, 
140, 0.518874, -0.424683, 0.500559, 0.968451, -0.830109, -1.04511, 
140, 0.501168, -0.407019, 0.480537, 0.959575, -0.814262, -1.03402, 
140, 0.483953, -0.389107, 0.460115, 0.950791, -0.798795, -1.02312, 
140, 0.467298, -0.371136, 0.439495, 0.94047, -0.783561, -1.01084, 
140, 0.451006, -0.352726, 0.418217, 0.932331, -0.768798, -1.00079, 
140, 0.435181, -0.334124, 0.396552, 0.924271, -0.754343, -0.990932, 
140, 0.419808, -0.315336, 0.374493, 0.916344, -0.740169, -0.981316, 
140, 0.404873, -0.296367, 0.352033, 0.908598, -0.726253, -0.971985, 
140, 0.390363, -0.277223, 0.329165, 0.901073, -0.712572, -0.962975, 
140, 0.376265, -0.257907, 0.305882, 0.893806, -0.699101, -0.954321, 
140, 0.362568, -0.238422, 0.282179, 0.886832, -0.685819, -0.946053, 
140, 0.34926, -0.218771, 0.258047, 0.880183, -0.672704, -0.9382, 
140, 0.336327, -0.198954, 0.233478, 0.87389, -0.659734, -0.93079, 
140, 0.323759, -0.17897, 0.208462, 0.867986, -0.646888, -0.923851, 
140, 0.311544, -0.158817, 0.182988, 0.862502, -0.634145, -0.917413, 
140, 0.29967, -0.138493, 0.157045, 0.85747, -0.621486, -0.911504, 
140, 0.288128, -0.117993, 0.130619, 0.852926, -0.608891, -0.906155, 
140, 0.276905, -0.0973101, 0.103695, 0.848904, -0.59634, -0.9014, 
140, 0.265993, -0.0764383, 0.0762559, 0.845445, -0.583816, -0.897274, 
140, 0.25538, -0.055368, 0.0482837, 0.842589, -0.5713, -0.893818, 
140, 0.245056, -0.034089, 0.0197572, 0.840384, -0.558775, -0.891074, 
140, 0.235013, -0.0125893, -0.0093467, 0.838881, -0.546223, -0.889093, 
140, 0.22524, 0.00914504, -0.0390542, 0.838136, -0.533629, -0.887929, 
140, 0.215729, 0.0311301, -0.0693948, 0.838216, -0.520975, -0.887645, 
140, 0.206471, 0.0533838, -0.100401, 0.839195, -0.508245, -0.888316, 
140, 0.197458, 0.0759265, -0.132109, 0.841157, -0.495426, -0.890023, 
140, 0.188681, 0.0987817, -0.16456, 0.844201, -0.482502, -0.892865, 
140, 0.180132, 0.121976, -0.197802, 0.848442, -0.469458, -0.896956, 
140, 0.171805, 0.145538, -0.231887, 0.854016, -0.456281, -0.902431, 
140, 0.163691, 0.169504, -0.266876, 0.861081, -0.44296, -0.909449, 
140, 0.155783, 0.193912, -0.302837, 0.869828, -0.429482, -0.918202, 
140, 0.148076, 0.218808, -0.339852, 0.880487, -0.415839, -0.928919, 
140, 0.140561, 0.244244, -0.378011, 0.893335, -0.402023, -0.94188, 
140, 0.133233, 0.27028, -0.417423, 0.90871, -0.388032, -0.957427, 
140, 0.126086, 0.29699, -0.458218, 0.927031, -0.373866, -0.97598, 
140, 0.119113, 0.324459, -0.500546, 0.948819, -0.359535, -0.998064, 
140, 0.112309, 0.352791, -0.544594, 0.974727, -0.345059, -1.02434, 
140, 0.105669, 0.382113, -0.590588, 1.00559, -0.330473, -1.05565, 
140, 0.0991876, 0.412583, -0.63881, 1.04246, -0.315835, -1.09306, 
141, 0.519081, 0.338678, 0.447482, 0.652576, -1.97606, -0.45597, 
141, 0.499969, 0.316762, 0.432679, 0.634808, -1.93844, -0.467884, 
141, 0.481144, 0.296966, 0.415846, 0.618553, -1.90055, -0.478661, 
141, 0.462612, 0.279313, 0.397017, 0.603714, -1.8625, -0.488395, 
141, 0.444379, 0.263807, 0.376233, 0.590191, -1.82438, -0.497187, 
141, 0.426449, 0.250443, 0.353531, 0.577896, -1.78626, -0.505133, 
141, 0.408826, 0.239207, 0.328943, 0.566742, -1.74819, -0.512329, 
141, 0.391748, 0.229501, 0.303106, 0.557101, -1.70947, -0.51871, 
141, 0.374666, 0.222557, 0.274701, 0.547884, -1.67175, -0.524664, 
141, 0.357928, 0.217633, 0.244521, 0.539632, -1.63417, -0.530157, 
141, 0.341522, 0.2147, 0.212568, 0.532286, -1.59672, -0.535267, 
141, 0.325442, 0.213725, 0.17884, 0.525796, -1.55941, -0.540073, 
141, 0.309682, 0.214681, 0.143326, 0.52012, -1.52222, -0.544654, 
141, 0.294239, 0.217539, 0.106005, 0.515229, -1.48513, -0.549088, 
141, 0.279107, 0.22228, 0.0668477, 0.511099, -1.4481, -0.553456, 
141, 0.264285, 0.22889, 0.0258061, 0.507719, -1.41112, -0.557839, 
141, 0.249768, 0.237362, -0.0171819, 0.505087, -1.37412, -0.562324, 
141, 0.235552, 0.247704, -0.062199, 0.503212, -1.33705, -0.566999, 
141, 0.221634, 0.259935, -0.109351, 0.502116, -1.29985, -0.571963, 
141, 0.20801, 0.274091, -0.158774, 0.501834, -1.26245, -0.577322, 
141, 0.194674, 0.29023, -0.21064, 0.50242, -1.22476, -0.583198, 
141, 0.181623, 0.308438, -0.265165, 0.503947, -1.18667, -0.589733, 
141, 0.168851, 0.328832, -0.322628, 0.506516, -1.14806, -0.597093, 
141, 0.156354, 0.351578, -0.383385, 0.510266, -1.10877, -0.605488, 
141, 0.144127, 0.376903, -0.447901, 0.515384, -1.06864, -0.61518, 
141, 0.132165, 0.405121, -0.516799, 0.522129, -1.0274, -0.626514, 
141, 0.120462, 0.436678, -0.590935, 0.530874, -0.984766, -0.639964, 
141, 0.109013, 0.472224, -0.671526, 0.542163, -0.94029, -0.656208, 
142, 0.732909, 0.285018, 0.540789, 0.865913, -1.99452, -0.55121, 
142, 0.711442, 0.263316, 0.534209, 0.8452, -1.96479, -0.564071, 
142, 0.690114, 0.243089, 0.52611, 0.825743, -1.93456, -0.575873, 
142, 0.668948, 0.224381, 0.516503, 0.807488, -1.90393, -0.586636, 
142, 0.647972, 0.2072, 0.505388, 0.790391, -1.87294, -0.596516, 
142, 0.627199, 0.191597, 0.492801, 0.774459, -1.84173, -0.605498, 
142, 0.606644, 0.177577, 0.478767, 0.759617, -1.81034, -0.613647, 
142, 0.586322, 0.165142, 0.463309, 0.745797, -1.77886, -0.62103, 
142, 0.566246, 0.154288, 0.446451, 0.732944, -1.74734, -0.627709, 
142, 0.546428, 0.145006, 0.428217, 0.721007, -1.71581, -0.633746, 
142, 0.526877, 0.137278, 0.408637, 0.709928, -1.68434, -0.639201, 
142, 0.507601, 0.131084, 0.387733, 0.699664, -1.65294, -0.644132, 
142, 0.488611, 0.126402, 0.365527, 0.690174, -1.62165, -0.648597, 
142, 0.469913, 0.123206, 0.342039, 0.681419, -1.59048, -0.652656, 
142, 0.451514, 0.121467, 0.317284, 0.673367, -1.55947, -0.656364, 
142, 0.433418, 0.121156, 0.291275, 0.665987, -1.5286, -0.659781, 
142, 0.415631, 0.122243, 0.264023, 0.659253, -1.49789, -0.662962, 
142, 0.398154, 0.124701, 0.235533, 0.653143, -1.46734, -0.665962, 
142, 0.38099, 0.128501, 0.205804, 0.647642, -1.43693, -0.668837, 
142, 0.364141, 0.133619, 0.174832, 0.642736, -1.40666, -0.671642, 
142, 0.347608, 0.140033, 0.142606, 0.638417, -1.37651, -0.674432, 
142, 0.331445, 0.147315, 0.109533, 0.634907, -1.34531, -0.676917, 
142, 0.315532, 0.156327, 0.0746857, 0.631698, -1.3155, -0.679868, 
142, 0.299934, 0.16658, 0.0385207, 0.629098, -1.28572, -0.682975, 
142, 0.28465, 0.178074, 0.000994071, 0.627119, -1.25594, -0.6863, 
142, 0.269677, 0.190812, -0.037949, 0.625778, -1.22614, -0.689909, 
142, 0.255011, 0.204808, -0.078375, 0.625102, -1.19627, -0.693875, 
142, 0.24065, 0.220082, -0.120365, 0.625127, -1.16631, -0.698278, 
142, 0.226589, 0.236665, -0.164017, 0.625902, -1.13621, -0.703204, 
142, 0.212824, 0.254601, -0.20945, 0.627486, -1.10591, -0.708757, 
142, 0.199352, 0.27395, -0.25681, 0.629956, -1.07536, -0.715052, 
142, 0.186167, 0.294789, -0.306274, 0.633411, -1.04449, -0.722229, 
142, 0.173265, 0.317221, -0.358061, 0.637974, -1.01322, -0.730452, 
142, 0.160641, 0.341379, -0.412447, 0.643804, -0.981464, -0.739928, 
142, 0.14829, 0.367439, -0.469777, 0.651108, -0.949103, -0.750913, 
142, 0.136207, 0.395632, -0.530503, 0.66016, -0.916001, -0.763739, 
142, 0.124386, 0.426275, -0.595218, 0.67133, -0.881986, -0.778849, 
142, 0.112822, 0.4598, -0.664734, 0.685136, -0.846829, -0.79685, 
143, 1.02953, 0.174256, 0.533244, 1.13026, -1.96435, -0.786164, 
143, 1.00781, 0.154843, 0.534867, 1.11286, -1.94084, -0.79534, 
143, 0.985975, 0.136723, 0.535067, 1.09601, -1.91788, -0.804409, 
143, 0.964063, 0.119577, 0.534163, 1.07972, -1.89433, -0.812884, 
143, 0.942073, 0.103381, 0.532166, 1.06405, -1.87027, -0.820854, 
143, 0.920019, 0.0881658, 0.529083, 1.049, -1.84577, -0.828319, 
143, 0.897922, 0.0739635, 0.52492, 1.03457, -1.82089, -0.835273, 
143, 0.875805, 0.0608041, 0.519685, 1.02075, -1.79568, -0.841713, 
143, 0.85369, 0.0487126, 0.513389, 1.00753, -1.77021, -0.847642, 
143, 0.831599, 0.0377089, 0.50604, 0.994915, -1.74451, -0.853064, 
143, 0.809554, 0.027808, 0.49765, 0.982885, -1.71864, -0.857991, 
143, 0.787576, 0.0190196, 0.48823, 0.971427, -1.69264, -0.862439, 
143, 0.765687, 0.0113499, 0.477793, 0.960527, -1.66654, -0.866429, 
143, 0.743907, 0.00479898, 0.466353, 0.950166, -1.6404, -0.869982, 
143, 0.722255, -0.00063743, 0.453925, 0.940328, -1.61424, -0.873123, 
143, 0.70075, -0.0049649, 0.440521, 0.930989, -1.5881, -0.875877, 
143, 0.679411, -0.0081946, 0.426156, 0.922139, -1.56202, -0.878277, 
143, 0.658255, -0.0103401, 0.410844, 0.913763, -1.536, -0.880353, 
143, 0.637299, -0.0114165, 0.394598, 0.905843, -1.51008, -0.882139, 
143, 0.616558, -0.0114414, 0.377431, 0.898366, -1.48428, -0.883665, 
143, 0.596046, -0.0104336, 0.359352, 0.891317, -1.45861, -0.884965, 
143, 0.575776, -0.00841314, 0.340374, 0.884686, -1.43309, -0.886074, 
143, 0.555853, -0.00546493, 0.320725, 0.87788, -1.40767, -0.886202, 
143, 0.53608, -0.00146957, 0.299918, 0.872198, -1.38249, -0.887232, 
143, 0.516588, 0.0034728, 0.278246, 0.866877, -1.35747, -0.888121, 
143, 0.497384, 0.00934233, 0.255707, 0.861926, -1.33261, -0.888922, 
143, 0.478475, 0.0161197, 0.232302, 0.857351, -1.30792, -0.889682, 
143, 0.459866, 0.0237865, 0.208026, 0.853161, -1.2834, -0.890444, 
143, 0.441563, 0.0323256, 0.182876, 0.849362, -1.25904, -0.891254, 
143, 0.423569, 0.0417212, 0.156844, 0.845966, -1.23484, -0.892152, 
143, 0.405887, 0.0519595, 0.12992, 0.842984, -1.21078, -0.893181, 
143, 0.388521, 0.063029, 0.102092, 0.840432, -1.18686, -0.894385, 
143, 0.371472, 0.0749201, 0.0733421, 0.838325, -1.16307, -0.895808, 
143, 0.354741, 0.0876263, 0.0436514, 0.836686, -1.1394, -0.897495, 
143, 0.338328, 0.101144, 0.0129946, 0.835537, -1.11582, -0.899495, 
143, 0.322233, 0.115473, -0.0186583, 0.834908, -1.09233, -0.901859, 
143, 0.306454, 0.130616, -0.0513424, 0.834833, -1.06891, -0.904642, 
143, 0.290991, 0.146582, -0.0850995, 0.835349, -1.04554, -0.907904, 
143, 0.27584, 0.163383, -0.119979, 0.836502, -1.02219, -0.911711, 
143, 0.260999, 0.181037, -0.156039, 0.838346, -0.998851, -0.916135, 
143, 0.246465, 0.199568, -0.193348, 0.840942, -0.975495, -0.921259, 
143, 0.232235, 0.219009, -0.231987, 0.844365, -0.952098, -0.927175, 
143, 0.218305, 0.239399, -0.272051, 0.848701, -0.928632, -0.933992, 
143, 0.20467, 0.260791, -0.313653, 0.854053, -0.905068, -0.941834, 
143, 0.191326, 0.283249, -0.356929, 0.860547, -0.881375, -0.950848, 
143, 0.178269, 0.306852, -0.402042, 0.868333, -0.857516, -0.961209, 
143, 0.165493, 0.331703, -0.449194, 0.877598, -0.833453, -0.973132, 
143, 0.152995, 0.357928, -0.49863, 0.888571, -0.809142, -0.986879, 
143, 0.140768, 0.385692, -0.550662, 0.901547, -0.784535, -1.00278, 
143, 0.128807, 0.415207, -0.605686, 0.916902, -0.759575, -1.02126, 
143, 0.117108, 0.446755, -0.664227, 0.935136, -0.734197, -1.04287, 
144, 1.01876, -0.0996689, 0.32526, -1.86431, 1.68498, 1.86879, 
144, 0.997004, -0.106182, 0.323032, -1.86931, 1.66214, 1.8666, 
144, 0.953186, -0.116824, 0.31636, -1.87862, 1.61606, 1.86287, 
144, 0.931183, -0.120932, 0.311928, -1.88284, 1.5929, 1.86133, 
144, 0.909082, -0.124234, 0.306755, -1.88706, 1.56962, 1.85997, 
144, 0.886982, -0.126718, 0.300868, -1.89097, 1.54635, 1.8588, 
144, 0.864863, -0.128392, 0.294246, -1.89467, 1.52304, 1.85786, 
144, 0.842498, -0.129941, 0.287575, -1.89855, 1.49896, 1.85783, 
144, 0.820703, -0.129307, 0.278866, -1.9015, 1.4765, 1.85645, 
144, 0.798716, -0.128563, 0.270127, -1.90467, 1.45333, 1.85603, 
144, 0.776875, -0.127056, 0.260765, -1.9079, 1.43026, 1.85602, 
144, 0.754937, -0.124682, 0.250479, -1.91041, 1.40717, 1.85543, 
144, 0.733227, -0.121574, 0.239616, -1.91303, 1.38425, 1.85533, 
144, 0.711658, -0.117716, 0.228074, -1.91547, 1.36137, 1.85533, 
144, 0.690274, -0.113202, 0.215946, -1.91767, 1.33804, 1.85547, 
144, 0.668996, -0.107674, 0.202844, -1.9199, 1.31643, 1.85546, 
144, 0.647972, -0.101574, 0.189231, -1.92181, 1.29419, 1.85558, 
144, 0.627099, -0.0947268, 0.174875, -1.92363, 1.27207, 1.85571, 
144, 0.60649, -0.0872247, 0.159905, -1.92537, 1.24993, 1.85592, 
144, 0.565958, -0.0700537, 0.127766, 1.21367, -1.20693, -1.28571, 
144, 0.546071, -0.0604475, 0.110634, 1.21265, -1.18585, -1.2858, 
144, 0.526766, -0.0504857, 0.0932584, 1.2128, -1.16514, -1.28672, 
144, 0.507247, -0.039641, 0.0747388, 1.21184, -1.1442, -1.28659, 
144, 0.48809, -0.02782, 0.055132, 1.21086, -1.12349, -1.28696, 
144, 0.469349, -0.0156763, 0.0351957, 1.2108, -1.10329, -1.28774, 
144, 0.450892, -0.00291643, 0.0145249, 1.21096, -1.08323, -1.28875, 
144, 0.432752, 0.0104419, -0.00687307, 1.21144, -1.06342, 4.99314, 
144, 0.414919, 0.0243989, -0.029023, -1.92934, 1.04385, -4.43325, 
144, 0.397401, 0.0389487, -0.0519384, -1.92817, 1.02451, -4.43524, 
144, 0.363311, 0.0698188, -0.10014, 1.21694, -0.986525, 4.98435, 
144, 0.314762, 0.12015, -0.178118, -1.91518, 0.931496, 1.83097, 
144, 0.298936, 0.138678, -0.206718, 1.22979, -0.913229, -1.31548, 
144, 0.283629, 0.157414, -0.23567, -1.90709, 0.895418, 1.8203, 
144, 0.268684, 0.17667, -0.265445, -1.90158, 0.877923, 1.81375, 
144, 0.253951, 0.196814, -0.296651, -1.89546, 0.860471, 1.80623, 
144, 0.239562, 0.217496, -0.328742, 1.2532, -0.843233, -1.3438, 
144, 0.225482, 0.238934, -0.362109, -1.88041, 0.826311, 1.78835, 
144, 0.211703, 0.261046, -0.396658, -1.87143, 0.809504, 1.77779, 
144, 0.198216, 0.284106, -0.432777, -1.86112, 0.792965, 1.76575, 
144, 0.1721, 0.332712, -0.509434, 1.30495, -0.760483, -1.40422, 
144, 0.15962, 0.357992, -0.549568, 1.31803, -0.744785, -1.41933, 
144, 0.147114, 0.385375, -0.593305, 1.33594, -0.728985, -1.43985, 
144, 0.135006, 0.413611, -0.63865, 1.35451, -0.713632, -1.46112, 
144, 0.123174, 0.443262, -0.686553, 1.37544, -0.698635, -1.48502, 
145, 0.620867, 0.412997, 0.250802, 0.827011, -1.99183, -0.634291, 
145, 0.598297, 0.390105, 0.242381, 0.808957, -1.9573, -0.645669, 
145, 0.575762, 0.369058, 0.231722, 0.792111, -1.92204, -0.656308, 
145, 0.553306, 0.34995, 0.2188, 0.77648, -1.88615, -0.666219, 
145, 0.530964, 0.332845, 0.20361, 0.762057, -1.84972, -0.675432, 
145, 0.508764, 0.317792, 0.186158, 0.748816, -1.81285, -0.683992, 
145, 0.486729, 0.304822, 0.166455, 0.736724, -1.77562, -0.691955, 
145, 0.464879, 0.293958, 0.144513, 0.725747, -1.73809, -0.699385, 
145, 0.443234, 0.285216, 0.120338, 0.715847, -1.70033, -0.706353, 
145, 0.42181, 0.278603, 0.093936, 0.706992, -1.66238, -0.712936, 
145, 0.400624, 0.274126, 0.0653018, 0.699151, -1.62428, -0.719212, 
145, 0.379691, 0.271785, 0.034424, 0.6923, -1.58606, -0.725268, 
145, 0.359024, 0.271582, 0.00127982, 0.686421, -1.54773, -0.731193, 
145, 0.338635, 0.273521, -0.0341676, 0.681504, -1.50929, -0.737082, 
145, 0.318536, 0.277611, -0.0719711, 0.677548, -1.47075, -0.743037, 
145, 0.298735, 0.283867, -0.112204, 0.674564, -1.43208, -0.749168, 
145, 0.279243, 0.292315, -0.154963, 0.672576, -1.39324, -0.755596, 
145, 0.260066, 0.302997, -0.200377, 0.671623, -1.35421, -0.762453, 
145, 0.24121, 0.315973, -0.24861, 0.671763, -1.31492, -0.769892, 
145, 0.22268, 0.33133, -0.299879, 0.67308, -1.2753, -0.77809, 
145, 0.20448, 0.349188, -0.35446, 0.675687, -1.23525, -0.787257, 
145, 0.186614, 0.369716, -0.412718, 0.67974, -1.19466, -0.797649, 
145, 0.169083, 0.393149, -0.475135, 0.68545, -1.15337, -0.80959, 
145, 0.151889, 0.419816, -0.542364, 0.693114, -1.11119, -0.8235, 
145, 0.135031, 0.450191, -0.615315, 0.70315, -1.06785, -0.839954, 
145, 0.118509, 0.484976, -0.695309, 0.716175, -1.02298, -0.859768, 
146, 0.787882, 0.384078, 0.236634, 1.00724, -1.99407, -0.776904, 
146, 0.765306, 0.363001, 0.235866, 0.990688, -1.96667, -0.786005, 
146, 0.742642, 0.343201, 0.233343, 0.974867, -1.93859, -0.79474, 
146, 0.719911, 0.32473, 0.229072, 0.959801, -1.90988, -0.803086, 
146, 0.697137, 0.307639, 0.223056, 0.945514, -1.88059, -0.811027, 
146, 0.674343, 0.291971, 0.215304, 0.932018, -1.85079, -0.818554, 
146, 0.651554, 0.277765, 0.205822, 0.919318, -1.82053, -0.825672, 
146, 0.628904, 0.265166, 0.195162, 0.907702, -1.79026, -0.830383, 
146, 0.60618, 0.253941, 0.182088, 0.896531, -1.75919, -0.83729, 
146, 0.583526, 0.244267, 0.167365, 0.886148, -1.72782, -0.843692, 
146, 0.56097, 0.236158, 0.150984, 0.876548, -1.69622, -0.849653, 
146, 0.538535, 0.229625, 0.132942, 0.867721, -1.66443, -0.855239, 
146, 0.516244, 0.224674, 0.113235, 0.859656, -1.63249, -0.860515, 
146, 0.494115, 0.221306, 0.0918623, 0.85234, -1.60044, -0.865544, 
146, 0.47217, 0.219523, 0.0688176, 0.845764, -1.5683, -0.87039, 
146, 0.450425, 0.219324, 0.0440938, 0.83992, -1.5361, -0.875116, 
146, 0.428898, 0.220706, 0.017678, 0.834805, -1.50384, -0.879787, 
146, 0.407606, 0.223669, -0.0104486, 0.830421, -1.47156, -0.884471, 
146, 0.386562, 0.228212, -0.0403118, 0.826772, -1.43925, -0.889238, 
146, 0.365782, 0.23434, -0.0719463, 0.823872, -1.40691, -0.894162, 
146, 0.345277, 0.242059, -0.105398, 0.821738, -1.37454, -0.899323, 
146, 0.325059, 0.251382, -0.140724, 0.820399, -1.34214, -0.90481, 
146, 0.305138, 0.262329, -0.178, 0.81989, -1.30968, -0.910717, 
146, 0.285523, 0.274929, -0.217317, 0.82026, -1.27715, -0.917153, 
146, 0.266221, 0.289224, -0.25879, 0.82157, -1.24451, -0.924236, 
146, 0.24724, 0.305272, -0.302563, 0.8239, -1.21174, -0.932108, 
146, 0.228585, 0.323148, -0.348816, 0.827349, -1.17879, -0.940928, 
146, 0.210259, 0.342955, -0.397773, 0.832046, -1.1456, -0.950891, 
146, 0.192267, 0.36483, -0.449724, 0.838153, -1.11211, -0.96223, 
146, 0.17461, 0.388957, -0.505038, 0.845884, -1.07824, -0.975239, 
146, 0.157291, 0.415583, -0.564201, 0.855518, -1.04387, -0.990289, 
146, 0.140309, 0.445051, -0.627869, 0.867433, -1.00889, -1.00787, 
146, 0.123665, 0.477847, -0.696954, 0.882159, -0.973105, -1.02866, 
147, 0.94989, 0.325079, 0.126465, -1.94782, 1.9647, -4.1682, 
147, 0.928546, 0.307179, 0.131462, 1.18284, -1.942, -1.03173, 
147, 0.907023, 0.290169, 0.135216, 1.17202, -1.91887, -1.03684, 
147, 0.885322, 0.274145, 0.137698, 1.1613, -1.89535, -1.042, 
147, 0.863343, 0.259036, 0.138724, 1.15138, -1.87115, -1.04675, 
147, 0.841221, 0.244959, 0.138504, 1.14158, -1.84659, -1.05157, 
147, 0.818936, 0.231939, 0.136938, 1.13219, -1.82168, -1.05624, 
147, 0.796525, 0.219953, 0.134086, 1.12329, -1.79624, -1.06081, 
147, 0.773964, 0.209099, 0.129878, 1.11461, -1.7707, -1.06517, 
147, 0.751318, 0.199341, 0.124373, 1.10645, -1.74475, -1.0694, 
147, 0.728714, 0.190687, 0.117793, 1.0983, -1.71843, -1.07267, 
147, 0.705873, 0.183221, 0.109535, 1.09132, -1.69202, -1.0771, 
147, 0.683045, 0.176902, 0.100067, 1.0846, -1.66535, -1.0811, 
147, 0.660227, 0.171753, 0.0893344, 1.07827, -1.63848, -1.08485, 
147, 0.637435, 0.167783, 0.0773188, 1.07238, -1.61148, -1.08845, 
147, 0.614687, 0.164999, 0.0640145, 1.06695, -1.58436, -1.09195, 
147, 0.592006, 0.163406, 0.0494192, 1.06198, -1.55715, -1.09538, 
147, 0.569414, 0.163005, 0.0335307, 1.05748, -1.52989, -1.09877, 
147, 0.546934, 0.163797, 0.0163461, 1.05345, -1.5026, -1.10216, 
147, 0.524585, 0.165783, -0.00214044, 1.04991, -1.4753, -1.10557, 
147, 0.502391, 0.16896, -0.021937, 1.04686, -1.448, -1.10906, 
147, 0.48037, 0.173327, -0.0430545, 1.0443, -1.42073, -1.11265, 
147, 0.458541, 0.178884, -0.0655076, 1.04226, -1.39351, -1.11639, 
147, 0.436982, 0.185443, -0.0890785, 1.04117, -1.36518, -1.12047, 
147, 0.415585, 0.193396, -0.114284, 1.04017, -1.33816, -1.12467, 
147, 0.394435, 0.202537, -0.14089, 1.03977, -1.31117, -1.12919, 
147, 0.373543, 0.212871, -0.168935, 1.03998, -1.28422, -1.13409, 
147, 0.352924, 0.22441, -0.198464, 1.04084, -1.25732, -1.13943, 
147, 0.33259, 0.237168, -0.229532, 1.04241, -1.23046, -1.14531, 
147, 0.312551, 0.251164, -0.262202, 1.04473, -1.20362, -1.1518, 
147, 0.292758, 0.266634, -0.296847, 1.04729, -1.17817, -1.15867, 
147, 0.27333, 0.28323, -0.333026, 1.05121, -1.15158, -1.16662, 
147, 0.254219, 0.301186, -0.371113, 1.05607, -1.12505, -1.1755, 
147, 0.235433, 0.320564, -0.41125, 1.06199, -1.09855, -1.18546, 
147, 0.216975, 0.341445, -0.453615, 1.06909, -1.07209, -1.19666, 
147, 0.19885, 0.363936, -0.498425, 1.07751, -1.04563, -1.20931, 
147, 0.181061, 0.388171, -0.545953, 1.08745, -1.01915, -1.22364, 
147, 0.16361, 0.414328, -0.596547, 1.09912, -0.992643, -1.23994, 
147, 0.146501, 0.442637, -0.650645, 1.11278, -0.966066, -1.25855, 
147, 0.129746, 0.473378, -0.708775, 1.12865, -0.9394, -1.27976, 
149, 0.659363, 0.467871, 0.0510915, 0.908779, -1.985, -0.801417, 
149, 0.634124, 0.444012, 0.0478835, 0.893407, -1.95088, -0.809562, 
149, 0.608749, 0.422209, 0.0424929, 0.879761, -1.91646, -0.815894, 
149, 0.583337, 0.402367, 0.0335577, 0.866054, -1.88038, -0.823905, 
149, 0.557855, 0.384658, 0.0219421, 0.8534, -1.84358, -0.831451, 
149, 0.532345, 0.369149, 0.00761797, 0.841813, -1.80612, -0.838578, 
149, 0.506847, 0.3559, -0.0094339, 0.831293, -1.76809, -0.845344, 
149, 0.481396, 0.344959, -0.0292302, 0.821836, -1.72954, -0.851815, 
149, 0.456025, 0.33637, -0.0517897, 0.81344, -1.69054, -0.858064, 
149, 0.430767, 0.330171, -0.0771372, 0.806101, -1.65114, -0.86417, 
149, 0.405653, 0.326399, -0.105308, 0.799822, -1.61138, -0.870222, 
149, 0.380713, 0.325088, -0.136352, 0.79461, -1.5713, -0.876319, 
149, 0.355977, 0.326278, -0.170336, 0.790483, -1.53092, -0.88257, 
149, 0.33147, 0.330014, -0.207352, 0.787467, -1.49025, -0.889102, 
149, 0.307219, 0.336349, -0.247521, 0.785605, -1.44928, -0.896057, 
149, 0.283249, 0.345357, -0.291005, 0.784956, -1.40799, -0.903599, 
149, 0.25958, 0.357133, -0.338015, 0.785606, -1.36635, -0.911922, 
149, 0.236234, 0.371806, -0.388831, 0.787669, -1.3243, -0.921258, 
149, 0.213229, 0.389554, -0.443824, 0.791304, -1.28175, -0.93189, 
149, 0.190581, 0.410621, -0.503494, 0.796727, -1.23858, -0.944173, 
149, 0.168305, 0.435355, -0.568525, 0.804239, -1.19463, -0.958573, 
149, 0.146414, 0.464261, -0.639887, 0.814271, -1.14967, -0.975719, 
149, 0.124917, 0.498096, -0.719006, 0.827457, -1.10338, -0.99651, 
150, 0.788922, 0.466956, -0.0237034, 1.05334, -1.9931, -0.962955, 
150, 0.764756, 0.444373, -0.0188644, 1.04112, -1.96532, -0.967815, 
150, 0.740331, 0.423202, -0.0162071, 1.02937, -1.93669, -0.972712, 
150, 0.715668, 0.40351, -0.0157387, 1.01811, -1.90727, -0.977605, 
150, 0.690791, 0.385361, -0.0174629, 1.00739, -1.87712, -0.982467, 
150, 0.665728, 0.368812, -0.021381, 0.997233, -1.84631, -0.987274, 
150, 0.64051, 0.353914, -0.0274938, 0.98768, -1.81488, -0.992011, 
150, 0.615167, 0.340717, -0.0358021, 0.97876, -1.78291, -0.996671, 
150, 0.589731, 0.329262, -0.0463078, 0.970499, -1.75043, -1.00126, 
150, 0.564235, 0.319588, -0.0590142, 0.96292, -1.7175, -1.00579, 
150, 0.538712, 0.311729, -0.0739274, 0.956044, -1.68417, -1.01027, 
150, 0.513195, 0.305715, -0.0910574, 0.949889, -1.6505, -1.01475, 
150, 0.487718, 0.301575, -0.11042, 0.944471, -1.61652, -1.01927, 
150, 0.462312, 0.299334, -0.132036, 0.939811, -1.58227, -1.02386, 
150, 0.437012, 0.299016, -0.155936, 0.935927, -1.54779, -1.0286, 
150, 0.411847, 0.300647, -0.182159, 0.932845, -1.51311, -1.03355, 
150, 0.386849, 0.304254, -0.210758, 0.930593, -1.47825, -1.0388, 
150, 0.362266, 0.309702, -0.241243, 0.929013, -1.44366, -1.04299, 
150, 0.33767, 0.317354, -0.274831, 0.928482, -1.40845, -1.04921, 
150, 0.313329, 0.327097, -0.311047, 0.928922, -1.3731, -1.05601, 
150, 0.289268, 0.338993, -0.350032, 0.930403, -1.33761, -1.06352, 
150, 0.265508, 0.353122, -0.391966, 0.933015, -1.30195, -1.07192, 
150, 0.242071, 0.369589, -0.437075, 0.936871, -1.2661, -1.08141, 
150, 0.218785, 0.388866, -0.486406, 0.942857, -1.22967, -1.09377, 
150, 0.196036, 0.410547, -0.538964, 0.949868, -1.19328, -1.10641, 
150, 0.173656, 0.43518, -0.595939, 0.95877, -1.15651, -1.12113, 
150, 0.151658, 0.463139, -0.658047, 0.969928, -1.11926, -1.13845, 
150, 0.130052, 0.494962, -0.72631, 0.983847, -1.08136, -1.15906, 
151, 0.865773, 0.427084, -0.166199, 1.18907, -1.94729, -1.20574, 
151, 0.746832, 0.342998, -0.138745, -1.98151, 1.81857, -4.35463, 
151, 0.722348, 0.329572, -0.13785, -1.98715, 1.79124, 1.92717, 
151, 0.697597, 0.318608, -0.140361, -1.99126, 1.76392, 1.9247, 
151, 0.672377, 0.308415, -0.144088, -1.99661, 1.73549, -4.36146, 
151, 0.571037, 0.281941, -0.176102, -2.01052, 1.61978, 1.91077, 
151, 0.545483, 0.279915, -0.189647, -2.01396, 1.59013, 1.90755, 
151, 0.519975, 0.27764, -0.202987, 1.12623, -1.56044, -1.23723, 
151, 0.494426, 0.278925, -0.220483, 1.12377, -1.53044, -1.24113, 
151, 0.469034, 0.280394, -0.238382, 1.12265, -1.50047, -1.24467, 
151, 0.443705, 0.284485, -0.259324, 1.1223, -1.46991, -1.24873, 
151, 0.418525, 0.289733, -0.281752, 1.1225, -1.44025, -1.25349, 
151, 0.393455, 0.29653, -0.306124, 1.12318, -1.41004, -1.25856, 
151, 0.248062, 0.373538, -0.499512, 1.14432, -1.22933, -1.30372, 
151, 0.224876, 0.392746, -0.54049, 1.15141, -1.19916, -1.31519, 
151, 0.202025, 0.414676, -0.585648, 1.15994, -1.16944, -1.32797, 
152, 0.937144, 0.44042, -0.424993, -1.80953, 1.94854, -4.65963, 
152, 0.576218, 0.279629, -0.339465, 1.34213, -1.58019, -1.50684, 
153, -0.708174, 0.207829, 0.157796, -0.611151, -1.96556, 0.901219, 
153, -0.680746, 0.177303, 0.133562, -0.59814, -1.9058, 0.912096, 
153, -0.653064, 0.15174, 0.104075, -0.587533, -1.84526, 0.92147, 
153, -0.625197, 0.131254, 0.0693173, -0.579208, -1.78418, 0.929627, 
153, -0.597198, 0.115913, 0.0292719, -0.573038, -1.72268, 0.936872, 
153, -0.569114, 0.105762, -0.0161071, -0.56892, -1.66088, 0.943508, 
153, -0.540989, 0.100844, -0.0669163, -0.566791, -1.59879, 0.949846, 
153, -0.512868, 0.101209, -0.123329, -0.566634, -1.5364, 0.95622, 
153, -0.484796, 0.106946, -0.185622, -0.568486, -1.47364, 0.962999, 
153, -0.456817, 0.118206, -0.254223, -0.572458, -1.41035, 0.970612, 
153, -0.428974, 0.135242, -0.329769, -0.578752, -1.34632, 0.979581, 
153, -0.401308, 0.158475, -0.413214, -0.587711, -1.28121, 0.990579, 
153, -0.37386, 0.188595, -0.506004, -0.599884, -1.21453, 1.00452, 
153, -0.346668, 0.226756, -0.610426, -0.616174, -1.14556, 1.02277, 
153, -0.31977, 0.275001, -0.730369, -0.638157, -1.07309, 1.0475, 
153, -0.2932, 0.337362, -0.87329, -0.668911, -0.994913, 1.08286, 
153, -0.266993, 0.423742, -1.05719, -0.716016, -0.905905, 1.13872, 
153, -0.241189, 0.577474, -1.36006, -0.81356, -0.784385, 1.25867, 
154, -0.819429, 0.226412, 0.0801419, -0.666566, -1.97728, 1.04668, 
154, -0.793195, 0.197583, 0.0639713, -0.656094, -1.9263, 1.05504, 
154, -0.766606, 0.172467, 0.0434489, -0.647364, -1.87434, 1.06258, 
154, -0.739692, 0.151191, 0.0185799, -0.640337, -1.82157, 1.0694, 
154, -0.712487, 0.133856, -0.0106388, -0.634978, -1.76814, 1.07564, 
154, -0.685028, 0.120545, -0.0442276, -0.631259, -1.71416, 1.08144, 
154, -0.657351, 0.111325, -0.0822338, -0.629159, -1.65972, 1.08698, 
154, -0.629499, 0.106264, -0.124743, -0.628675, -1.60487, 1.09245, 
154, -0.601649, 0.105337, -0.17137, -0.629713, -1.55004, 1.09683, 
154, -0.57356, 0.108804, -0.22338, -0.632428, -1.49431, 1.10301, 
154, -0.54543, 0.116715, -0.280495, -0.636912, -1.43814, 1.10981, 
154, -0.517304, 0.129252, -0.343137, -0.643289, -1.38142, 1.11762, 
154, -0.489227, 0.146682, -0.411901, -0.651751, -1.32396, 1.12689, 
154, -0.461092, 0.16978, -0.488545, -0.663858, -1.2653, 1.14002, 
154, -0.43322, 0.198609, -0.572859, -0.678196, -1.20554, 1.15481, 
154, -0.405518, 0.234484, -0.667572, -0.69646, -1.1439, 1.17392, 
154, -0.378029, 0.279204, -0.776064, -0.720078, -1.07946, 1.19937, 
154, -0.350789, 0.336207, -0.904658, -0.751719, -1.0106, 1.2348, 
154, -0.323838, 0.413568, -1.06801, -0.797484, -0.933511, 1.28844, 
154, -0.297208, 0.543242, -1.32362, -0.880486, -0.833368, 1.39157, 
155, -0.94882, 0.279699, -0.0639636, -0.718976, -1.99041, 1.22971, 
155, -0.924793, 0.25202, -0.0713229, -0.712229, -1.94884, 1.23541, 
155, -0.900304, 0.226955, -0.0820714, -0.706404, -1.90598, 1.24084, 
155, -0.875365, 0.20467, -0.0963183, -0.701691, -1.86213, 1.24593, 
155, -0.849992, 0.185272, -0.114102, -0.698137, -1.81741, 1.25074, 
155, -0.824206, 0.168853, -0.135449, -0.695763, -1.77192, 1.25535, 
155, -0.798031, 0.155498, -0.160394, -0.694591, -1.72574, 1.25986, 
155, -0.771494, 0.145288, -0.188987, -0.694647, -1.67895, 1.26435, 
155, -0.744627, 0.138303, -0.221302, -0.695959, -1.6316, 1.26895, 
155, -0.717463, 0.134628, -0.257445, -0.698572, -1.58372, 1.27381, 
155, -0.690037, 0.134359, -0.297562, -0.702541, -1.53535, 1.27908, 
155, -0.662386, 0.137609, -0.341854, -0.707947, -1.48648, 1.285, 
155, -0.634553, 0.144523, -0.390596, -0.714902, -1.43708, 1.29179, 
155, -0.606577, 0.155292, -0.444162, -0.723559, -1.38711, 1.29978, 
155, -0.578503, 0.170178, -0.503064, -0.734125, -1.33647, 1.30934, 
155, -0.550381, 0.189535, -0.56799, -0.746845, -1.28503, 1.32092, 
155, -0.522288, 0.213785, -0.639711, -0.76165, -1.23253, 1.33462, 
155, -0.494121, 0.244268, -0.720958, -0.781244, -1.17866, 1.35387, 
155, -0.466095, 0.281782, -0.812961, -0.804364, -1.12297, 1.37744, 
155, -0.410435, 0.390992, -1.05346, -0.8731, -1.0009, 1.45397, 
156, -1.08714, 0.391912, -0.334791, -0.755083, -1.98552, 1.47527, 
156, -1.06616, 0.36513, -0.332251, -0.754097, -1.95277, -4.80704, 
156, -1.04474, 0.33957, -0.331678, 2.38866, 1.91995, -1.66368, 
156, -0.905749, 0.232802, -0.393779, 2.38146, 1.70204, -1.64862, 
156, -0.803797, 0.210123, -0.498431, -0.782047, -1.5415, 1.5103, 
156, -0.777312, 0.211438, -0.533549, -0.790289, -1.49974, 1.51639, 
156, -0.695989, 0.23467, -0.664406, 2.31794, 1.37067, -1.59966, 
156, -0.668379, 0.249805, -0.718243, 2.30319, 1.32621, -1.58752, 
156, -0.640568, 0.268275, -0.776679, 2.28633, 1.28115, -1.57344, 
156, -0.612588, 0.294139, -0.846702, -0.875084, -1.23437, 1.58717, 
156, -0.584523, 0.324794, -0.92397, -0.898407, -1.18672, 1.61024, 
156, -0.556364, 0.3639, -1.01505, 2.21541, 1.13609, -1.50279, 
160, -0.601671, 0.0862327, 0.422438, -0.53968, -1.97758, 0.692155, 
160, -0.575949, 0.0541315, 0.393446, -0.523408, -1.91335, 0.704278, 
160, -0.550356, 0.027682, 0.359553, -0.509987, -1.84933, 0.714226, 
160, -0.524928, 0.00683904, 0.320907, -0.499092, -1.78574, 0.722379, 
160, -0.499697, -0.00850096, 0.277635, -0.490443, -1.7227, 0.729096, 
160, -0.474694, -0.0184764, 0.229836, -0.483813, -1.66028, 0.734717, 
160, -0.449945, -0.0232392, 0.177561, -0.479027, -1.59846, 0.739561, 
160, -0.425478, -0.022936, 0.120807, -0.475961, -1.53717, 0.743941, 
160, -0.401316, -0.0176899, 0.0595014, -0.474545, -1.47629, 0.748164, 
160, -0.377481, -0.00758261, -0.00651766, -0.47476, -1.41567, 0.752549, 
160, -0.354034, 0.00691056, -0.076983, -0.476837, -1.35398, 0.756964, 
160, -0.330909, 0.0268212, -0.153425, -0.480491, -1.29324, 0.7628, 
160, -0.308167, 0.0517804, -0.235843, -0.486164, -1.2319, 0.769984, 
160, -0.285821, 0.0821331, -0.325128, -0.494192, -1.16955, 0.779107, 
160, -0.263837, 0.118834, -0.42317, -0.504934, -1.10683, 0.79129, 
160, -0.24231, 0.16219, -0.530959, -0.519571, -1.04071, 0.807061, 
160, -0.221206, 0.214273, -0.652331, -0.539427, -0.971098, 0.828653, 
160, -0.200531, 0.278328, -0.793338, -0.567293, -0.895969, 0.859511, 
160, -0.180289, 0.361636, -0.967267, -0.609515, -0.81105, 0.907309, 
160, -0.160483, 0.489242, -1.21929, -0.688399, -0.702404, 0.998724, 
161, -0.736052, 0.0715817, 0.416717, -0.621028, -2.00567, 0.820816, 
161, -0.710195, 0.0403483, 0.395679, -0.604438, -1.94948, 0.833058, 
161, -0.684307, 0.0134905, 0.370623, -0.59053, -1.89324, 0.843488, 
161, -0.658384, -0.00898425, 0.341732, -0.578919, -1.83703, 0.852198, 
161, -0.632472, -0.0270912, 0.309122, -0.569379, -1.78103, 0.859345, 
161, -0.606616, -0.0408909, 0.27286, -0.561724, -1.72536, 0.865233, 
161, -0.580854, -0.0504669, 0.233005, -0.555788, -1.67008, 0.870141, 
161, -0.555222, -0.0559137, 0.189596, -0.551443, -1.61521, 0.874327, 
161, -0.529751, -0.0573275, 0.142646, -0.548589, -1.56074, 0.878032, 
161, -0.504473, -0.054797, 0.0921288, -0.547164, -1.50664, 0.881495, 
161, -0.479417, -0.0483938, 0.0379763, -0.547139, -1.45283, 0.884955, 
161, -0.454612, -0.0381637, -0.0199371, -0.548523, -1.39921, 0.888665, 
161, -0.430083, -0.0241149, -0.0818054, -0.551366, -1.34566, 0.892896, 
161, -0.405856, -0.00620612, -0.147911, -0.555768, -1.29204, 0.897954, 
161, -0.381951, 0.015672, -0.218653, -0.561895, -1.23813, 0.904201, 
161, -0.358391, 0.0417206, -0.294588, -0.569994, -1.18372, 0.912078, 
161, -0.335192, 0.0722725, -0.376502, -0.580434, -1.12849, 0.922152, 
161, -0.312372, 0.107857, -0.465525, -0.593765, -1.07204, 0.935195, 
161, -0.289944, 0.14932, -0.563345, -0.610836, -1.01383, 0.95232, 
161, -0.26792, 0.198058, -0.672636, -0.633026, -0.953024, 0.975265, 
161, -0.24631, 0.256573, -0.798041, -0.662787, -0.888289, 1.00704, 
161, -0.225124, 0.330031, -0.948993, -0.705218, -0.81702, 1.05381, 
161, -0.204369, 0.432928, -1.15166, -0.774795, -0.732314, 1.13291, 
162, -0.869658, 0.0377477, 0.340282, -0.689055, -1.97442, 1.00939, 
162, -0.844526, 0.012223, 0.323653, -0.677027, -1.92676, 1.01828, 
162, -0.819178, -0.0101699, 0.303999, -0.666671, -1.87882, 1.02599, 
162, -0.793644, -0.0293788, 0.281362, -0.6579, -1.83072, 1.03261, 
162, -0.767958, -0.0454069, 0.255808, -0.65069, -1.78252, 1.03823, 
162, -0.742154, -0.0582459, 0.227378, -0.644928, -1.73432, 1.04301, 
162, -0.716265, -0.0679105, 0.196106, -0.640525, -1.68621, 1.04709, 
162, -0.690324, -0.0744294, 0.162019, -0.637408, -1.63823, 1.05062, 
162, -0.664367, -0.0778391, 0.125129, -0.635523, -1.59043, 1.05374, 
162, -0.638428, -0.0781787, 0.0854302, -0.634827, -1.54282, 1.05662, 
162, -0.612663, -0.075553, 0.0432748, -0.634903, -1.4956, 1.0584, 
162, -0.586846, -0.0698634, -0.00219912, -0.636526, -1.44829, 1.06145, 
162, -0.561157, -0.0611852, -0.0506309, -0.63932, -1.40112, 1.06469, 
162, -0.535627, -0.0495173, -0.102153, -0.643326, -1.35403, 1.06836, 
162, -0.510287, -0.034833, -0.156944, -0.648615, -1.30696, 1.07268, 
162, -0.485166, -0.0170706, -0.215246, -0.655289, -1.25981, 1.0779, 
162, -0.460294, 0.00387684, -0.277377, -0.663493, -1.21246, 1.08433, 
162, -0.435697, 0.0281779, -0.343768, -0.673421, -1.16477, 1.0923, 
162, -0.411296, 0.0563754, -0.415642, -0.687054, -1.11664, 1.10414, 
162, -0.387305, 0.0883916, -0.492741, -0.702092, -1.06775, 1.11737, 
162, -0.363654, 0.125038, -0.576754, -0.720441, -1.01782, 1.13429, 
162, -0.340361, 0.167247, -0.66947, -0.743133, -0.966399, 1.15621, 
162, -0.317444, 0.216564, -0.773771, -0.771844, -0.912821, 1.18521, 
162, -0.294918, 0.275804, -0.894821, -0.809597, -0.855886, 1.22499, 
162, -0.2728, 0.351087, -1.04371, -0.862905, -0.792976, 1.28346, 
162, -0.251072, 0.46383, -1.25898, -0.952756, -0.717895, 1.38675, 
163, -0.99791, 0.0210713, 0.166355, 2.38912, 1.90395, -1.88431, 
163, -0.974484, 0.00277972, 0.152343, -0.747207, -1.86444, 1.26218, 
163, -0.950546, -0.013801, 0.136544, 2.39902, 1.8246, -1.87471, 
163, -0.926286, -0.028175, 0.118518, 2.40253, 1.78441, -1.87056, 
163, -0.901726, -0.0403183, 0.0982127, -0.736521, -1.74392, 1.27482, 
163, -0.876877, -0.0503823, 0.0759018, -0.734961, -1.70295, 1.27792, 
163, -0.851794, -0.0578115, 0.0509934, -0.734382, -1.66242, 1.28124, 
163, -0.826481, -0.0631133, 0.0240306, -0.73476, -1.62154, 1.28411, 
163, -0.800975, -0.0661374, -0.00515044, -0.736085, -1.58057, 1.28683, 
163, -0.775511, -0.066991, -0.0359932, -0.737726, -1.53992, 1.28839, 
163, -0.749663, -0.0654105, -0.0698408, -0.741039, -1.49881, 1.2914, 
163, -0.723759, -0.061546, -0.105909, -0.745188, -1.45777, 1.29438, 
163, -0.697823, -0.0553897, -0.144281, -0.750183, -1.41677, 1.29747, 
163, -0.671686, -0.0466901, -0.185757, -0.757172, -1.37556, 1.30227, 
163, -0.645715, -0.0357715, -0.229325, -0.764506, -1.33455, 1.30665, 
163, -0.619788, -0.0224239, -0.275664, -0.773035, -1.2935, 1.31185, 
163, -0.593947, -0.00660505, -0.324924, -0.782894, -1.25221, 1.31805, 
163, -0.568202, 0.011924, -0.377568, -0.794182, -1.21125, 1.32566, 
163, -0.542612, 0.0331739, -0.433724, -0.807151, -1.16991, 1.33484, 
163, -0.517198, 0.0574198, -0.49395, -0.822091, -1.12833, 1.34607, 
163, -0.491964, 0.0844349, -0.557921, 2.30227, 1.08637, -1.78146, 
163, -0.467026, 0.115237, -0.627749, -0.858642, -1.04423, 1.376, 
163, -0.370043, 0.299645, -1.00554, 2.15095, 0.864197, -1.63503, 
163, -0.346616, 0.376239, -1.15263, 2.08941, 0.812309, -1.56656, 
163, -0.323588, 0.507359, -1.39681, -1.16545, -0.748045, 1.7097, 
164, -1.07467, 0.0540329, -0.184252, 2.31266, 1.75388, 4.72047, 
164, -1.05234, 0.0436903, -0.197749, 2.30996, 1.72158, 4.72325, 
164, -1.0296, 0.0348808, -0.213001, 2.30654, 1.6887, -1.55724, 
164, -1.00648, 0.0276927, -0.230073, 2.30244, 1.65559, -1.55441, 
164, -0.982983, 0.0221478, -0.24898, 2.29765, 1.62219, -1.55146, 
164, -0.95916, 0.0182643, -0.269718, 2.29195, 1.58854, -1.54835, 
164, -0.934963, 0.0161119, -0.292414, 2.28579, 1.5546, -1.54501, 
165, -1.0611, 0.284065, -0.920026, -0.983362, -1.5239, 2.05236, 
165, -1.03852, 0.284796, -0.940615, 2.1444, 1.49754, 5.20039, 
167, -0.435901, -0.00920388, 0.659544, -0.412693, -1.99544, 0.449656, 
167, -0.414273, -0.0458724, 0.626667, -0.395589, -1.92469, 0.461865, 
167, -0.39312, -0.0755377, 0.589087, -0.381767, -1.85566, 0.471188, 
167, -0.372352, -0.0984156, 0.54698, -0.37036, -1.78857, 0.478112, 
167, -0.352101, -0.114904, 0.500683, -0.361126, -1.72341, 0.483367, 
167, -0.332341, -0.125433, 0.450409, -0.353731, -1.66003, 0.487325, 
167, -0.313056, -0.130412, 0.396321, -0.347914, -1.59827, 0.490315, 
167, -0.294237, -0.130214, 0.338527, -0.343483, -1.53791, 0.492631, 
167, -0.275879, -0.125168, 0.277071, -0.340303, -1.47874, 0.494539, 
167, -0.257975, -0.115545, 0.211929, -0.33829, -1.42048, 0.49628, 
167, -0.240519, -0.101552, 0.143, -0.337407, -1.36289, 0.498091, 
167, -0.223505, -0.0833232, 0.0700909, -0.33766, -1.30567, 0.500205, 
167, -0.206924, -0.0609097, -0.00709567, -0.339105, -1.2485, 0.502875, 
167, -0.190771, -0.0342647, -0.0889962, -0.341854, -1.19105, 0.506383, 
167, -0.175036, -0.00321834, -0.176231, -0.346092, -1.13291, 0.511072, 
167, -0.15971, 0.0325626, -0.269681, -0.352107, -1.07359, 0.517382, 
167, -0.144786, 0.073646, -0.37062, -0.36035, -1.01247, 0.525923, 
167, -0.130254, 0.120969, -0.48096, -0.37154, -0.948695, 0.537597, 
167, -0.116104, 0.176115, -0.603753, -0.3869, -0.88101, 0.553867, 
167, -0.102328, 0.241964, -0.744362, -0.408724, -0.807306, 0.577401, 
167, -0.0889152, 0.324584, -0.913868, -0.442106, -0.72341, 0.614011, 
167, -0.0758589, 0.441407, -1.14375, -0.502784, -0.617874, 0.681424, 
168, -0.555525, -0.107324, 0.709247, -0.486299, -1.95867, 0.574382, 
168, -0.531678, -0.138579, 0.67981, -0.469627, -1.89556, 0.585164, 
168, -0.508236, -0.163935, 0.646628, -0.455762, -1.83405, 0.593352, 
168, -0.485215, -0.183687, 0.609939, -0.444244, -1.77423, 0.599437, 
168, -0.462626, -0.198167, 0.569959, -0.434701, -1.7161, 0.603834, 
168, -0.44048, -0.207723, 0.526874, -0.42684, -1.65956, 0.6069, 
168, -0.418829, -0.213183, 0.481224, -0.420726, -1.60364, 0.608674, 
168, -0.39757, -0.213746, 0.43224, -0.415476, -1.55021, 0.610001, 
168, -0.376784, -0.21039, 0.380534, -0.411425, -1.4979, 0.610802, 
168, -0.356467, -0.203354, 0.326134, -0.40846, -1.44656, 0.611286, 
168, -0.336618, -0.192845, 0.269029, -0.406513, -1.39602, 0.61165, 
168, -0.317233, -0.179029, 0.209168, -0.40555, -1.34612, 0.612082, 
168, -0.298312, -0.162031, 0.146449, -0.405571, -1.29667, 0.612771, 
168, -0.279849, -0.141925, 0.080716, -0.406606, -1.24749, 0.613907, 
168, -0.261841, -0.118736, 0.0117486, -0.408725, -1.19836, 0.615698, 
168, -0.244283, -0.0924293, -0.060757, -0.412038, -1.14905, 0.618379, 
168, -0.227167, -0.0628945, -0.137211, -0.416708, -1.09932, 0.622228, 
168, -0.210488, -0.0299322, -0.218165, -0.422973, -1.04885, 0.627591, 
168, -0.194238, 0.00678123, -0.304375, -0.431174, -0.997305, 0.634924, 
168, -0.178408, 0.0477467, -0.396899, -0.441816, -0.944213, 0.644853, 
168, -0.16299, 0.0937396, -0.497272, -0.455669, -0.888967, 0.658296, 
168, -0.147975, 0.145999, -0.607851, -0.473981, -0.830687, 0.676698, 
168, -0.133355, 0.206639, -0.73256, -0.49894, -0.767988, 0.702548, 
168, -0.11912, 0.279729, -0.878819, -0.534947, -0.698364, 0.740786, 
168, -0.105262, 0.374962, -1.06415, -0.593109, -0.616151, 0.803772, 
168, -0.091754, 0.54752, -1.3877, -0.741793, -0.491529, 0.967255, 
169, -0.765651, -0.168356, 0.76714, -0.609131, -2.00499, 0.741321, 
169, -0.739335, -0.201313, 0.74682, -0.589841, -1.94855, 0.754129, 
169, -0.713207, -0.229473, 0.723393, -0.573467, -1.893, 0.764136, 
169, -0.687297, -0.252944, 0.697034, -0.559571, -1.83855, 0.771687, 
169, -0.661637, -0.271913, 0.66791, -0.547783, -1.78533, 0.777196, 
169, -0.636258, -0.286594, 0.63618, -0.537794, -1.73338, 0.780997, 
169, -0.611197, -0.297215, 0.601994, -0.529395, -1.68273, 0.783372, 
169, -0.586477, -0.304031, 0.565479, -0.522371, -1.63333, 0.784597, 
169, -0.56212, -0.307291, 0.526741, -0.516554, -1.58513, 0.784929, 
169, -0.538146, -0.307225, 0.485879, -0.511808, -1.53805, 0.78454, 
169, -0.514575, -0.304054, 0.442958, -0.508028, -1.492, 0.783628, 
169, -0.49142, -0.297976, 0.398026, -0.505139, -1.44687, 0.782371, 
169, -0.468696, -0.289166, 0.351107, -0.50309, -1.40256, 0.780931, 
169, -0.446413, -0.277775, 0.302201, -0.50185, -1.35896, 0.779459, 
169, -0.42458, -0.26393, 0.251285, -0.501407, -1.31596, 0.778103, 
169, -0.403203, -0.247729, 0.19831, -0.501772, -1.27345, 0.777008, 
169, -0.382287, -0.229247, 0.143198, -0.502972, -1.2313, 0.77632, 
169, -0.361836, -0.208528, 0.0858391, -0.505059, -1.18939, 0.776194, 
169, -0.34185, -0.185584, 0.0260835, -0.508107, -1.1476, 0.776799, 
169, -0.322329, -0.160395, -0.0362626, -0.512221, -1.10579, 0.778325, 
169, -0.303272, -0.1329, -0.101451, -0.517542, -1.06382, 0.78099, 
169, -0.284675, -0.102992, -0.169805, -0.524261, -1.02151, 0.785061, 
169, -0.266534, -0.070499, -0.241747, -0.532631, -0.978689, 0.790869, 
169, -0.248845, -0.0351727, -0.317833, -0.543003, -0.935118, 0.798844, 
169, -0.231601, 0.00334978, -0.398812, -0.555864, -0.890529, 0.809561, 
169, -0.214796, 0.045597, -0.485723, -0.571917, -0.84457, 0.823834, 
169, -0.198422, 0.0923613, -0.580072, -0.592225, -0.796769, 0.842867, 
169, -0.182471, 0.144891, -0.684179, -0.618492, -0.746447, 0.868569, 
169, -0.166935, 0.205318, -0.801947, -0.653712, -0.692533, 0.904266, 
169, -0.151806, 0.277809, -0.940935, -0.703943, -0.633085, 0.956647, 
169, -0.137073, 0.372985, -1.12028, -0.785153, -0.563525, 1.04328, 
169, -0.12273, 0.553587, -1.4526, -0.994847, -0.459055, 1.27107, 
170, -0.855014, -0.369421, 0.606852, -0.658613, -1.71861, 1.04314, 
170, -0.828236, -0.378633, 0.580544, -0.652663, -1.67451, 1.04408, 
170, -0.801533, -0.385045, 0.552476, -0.647763, -1.63117, 1.04405, 
170, -0.774941, -0.388785, 0.522718, -0.643804, -1.5886, 1.0432, 
170, -0.748496, -0.389981, 0.491328, -0.640696, -1.54677, 1.04169, 
170, -0.722234, -0.388758, 0.458356, -0.638362, -1.50568, 1.03964, 
170, -0.696189, -0.385243, 0.423844, -0.636744, -1.4653, 1.03718, 
170, -0.670592, -0.379621, 0.388233, -0.635228, -1.42586, 1.0334, 
170, -0.645002, -0.371847, 0.350589, -0.635068, -1.38666, 1.03085, 
170, -0.619751, -0.362099, 0.311516, -0.635472, -1.34811, 1.02808, 
170, -0.59485, -0.350465, 0.270987, -0.636454, -1.31011, 1.02529, 
170, -0.570315, -0.33702, 0.228975, -0.638034, -1.27263, 1.02262, 
170, -0.546164, -0.321825, 0.185443, -0.640235, -1.23559, 1.02021, 
170, -0.522413, -0.304931, 0.140341, -0.643096, -1.19894, 1.01818, 
170, -0.499078, -0.286373, 0.0936073, -0.646663, -1.16262, 1.01667, 
170, -0.476172, -0.266171, 0.0451609, -0.650999, -1.12656, 1.01579, 
170, -0.453706, -0.244329, -0.00509973, -0.656185, -1.09071, 1.01571, 
170, -0.431689, -0.220833, -0.0573014, -0.662321, -1.05499, 1.01658, 
170, -0.410129, -0.195648, -0.111601, -0.66953, -1.01933, 1.01857, 
170, -0.389031, -0.168711, -0.168195, -0.67797, -0.983652, 1.02191, 
170, -0.368399, -0.139933, -0.227326, -0.687832, -0.947858, 1.02683, 
170, -0.348235, -0.109184, -0.2893, -0.69936, -0.911848, 1.03363, 
170, -0.32854, -0.0762845, -0.354508, -0.712857, -0.875503, 1.04268, 
170, -0.309313, -0.0409892, -0.423454, -0.728708, -0.838678, 1.05442, 
170, -0.290503, -0.00274298, -0.497213, -0.749733, -0.801561, 1.07178, 
170, -0.27219, 0.0386147, -0.576096, -0.773282, -0.763422, 1.09218, 
170, -0.254332, 0.0839648, -0.661753, -0.802171, -0.724236, 1.11858, 
170, -0.236923, 0.134446, -0.75628, -0.83842, -0.683653, 1.15322, 
170, -0.219957, 0.191978, -0.86317, -0.885466, -0.641122, 1.19988, 
170, -0.203431, 0.260242, -0.989087, -0.950018, -0.595536, 1.26592, 
170, -0.187317, 0.348838, -1.15129, -1.04722, -0.546471, 1.36825, 
170, -0.171642, 0.513096, -1.4491, -1.27001, -0.483132, 1.60975, 
171, -0.840041, -0.382661, 0.178632, 2.33092, 1.34763, -1.76328, 
171, -0.813178, -0.374524, 0.148409, -0.815892, -1.31338, 1.37633, 
171, -0.786561, -0.365218, 0.117314, -0.82194, -1.27958, 1.37448, 
171, -0.760039, -0.354007, 0.0844523, -0.828758, -1.24605, 1.37313, 
171, -0.733501, -0.34144, 0.0504045, -0.834793, -1.21178, 1.37114, 
171, -0.707247, -0.327457, 0.0149694, -0.842352, -1.17979, 1.37062, 
171, -0.580288, -0.238224, -0.18172, 2.25115, 1.01986, -1.76541, 
171, -0.531941, -0.192933, -0.271616, -0.916442, -0.957668, 1.38572, 
171, -0.508361, -0.168007, -0.319591, -0.93142, -0.927403, 1.39287, 
171, -0.44024, -0.0833437, -0.477744, 2.15439, 0.836927, -1.71469, 
171, -0.418611, -0.0516626, -0.535657, 2.1311, 0.807455, -1.69792, 
171, -0.39709, -0.0168233, -0.598802, 2.10438, 0.777566, -1.67703, 
171, -0.376212, 0.0202518, -0.665589, -1.0677, -0.748167, 1.48975, 
171, -0.355806, 0.060837, -0.738305, -1.10357, -0.718974, 1.52109, 
171, -0.335891, 0.105333, -0.817773, 1.99526, 0.688861, -1.58137, 
174, -0.172863, -0.0815625, 0.804225, -0.203229, -1.97968, 0.178506, 
174, -0.161106, -0.120272, 0.766648, -0.193427, -1.9031, 0.185045, 
174, -0.149779, -0.150279, 0.724395, -0.185565, -1.83039, 0.189741, 
174, -0.138865, -0.172364, 0.677907, -0.179212, -1.76125, 0.193053, 
174, -0.128341, -0.187307, 0.627556, -0.174059, -1.69533, 0.195328, 
174, -0.117701, -0.196643, 0.574425, -0.168928, -1.63189, 0.19658, 
174, -0.108002, -0.199044, 0.516912, -0.165788, -1.57136, 0.197473, 
174, -0.098631, -0.196429, 0.456313, -0.163277, -1.51274, 0.198075, 
174, -0.0895675, -0.189189, 0.392657, -0.161334, -1.45568, 0.198482, 
174, -0.0807958, -0.177664, 0.325926, -0.159917, -1.39983, 0.198797, 
174, -0.0723035, -0.162122, 0.256045, -0.159006, -1.34485, 0.199119, 
174, -0.0640801, -0.142757, 0.182866, -0.158596, -1.29043, 0.199552, 
174, -0.0561157, -0.119682, 0.106156, -0.158705, -1.23621, 0.2002, 
174, -0.0484006, -0.0929246, 0.0255836, -0.159371, -1.18186, 0.20118, 
174, -0.0409256, -0.0624104, -0.0593143, -0.16066, -1.12699, 0.202624, 
174, -0.0336813, -0.027946, -0.149175, -0.162675, -1.07116, 0.204698, 
174, -0.0266585, 0.0108191, -0.244882, -0.165572, -1.01386, 0.207617, 
174, -0.0198481, 0.0544562, -0.347686, -0.169588, -0.954428, 0.211684, 
174, -0.0132407, 0.103875, -0.45942, -0.175104, -0.891965, 0.217351, 
174, -0.00682633, 0.160553, -0.582921, -0.182754, -0.825159, 0.225344, 
174, -0.000593469, 0.227016, -0.722896, -0.193681, -0.751905, 0.236938, 
174, 0.00547229, 0.307996, -0.888009, -0.210166, -0.668421, 0.254632, 
174, 0.0111999, 0.42672, -1.11977, -0.244097, -0.557247, 0.291669, 
175, -0.257393, -0.233926, 0.939285, -0.256527, -1.92959, 0.254207, 
175, -0.242391, -0.268823, 0.90414, -0.245131, -1.85881, 0.260537, 
175, -0.227988, -0.295235, 0.865214, -0.235903, -1.79252, 0.264727, 
175, -0.214146, -0.314189, 0.82297, -0.228306, -1.73023, 0.267302, 
175, -0.200834, -0.326602, 0.777771, -0.221981, -1.67144, 0.268668, 
175, -0.188029, -0.333292, 0.729911, -0.216679, -1.61566, 0.269145, 
175, -0.175704, -0.334968, 0.679618, -0.212216, -1.56244, 0.268978, 
175, -0.163838, -0.332233, 0.627061, -0.208464, -1.51136, 0.268362, 
175, -0.151647, -0.325752, 0.573128, -0.204027, -1.46225, 0.266321, 
175, -0.140815, -0.315516, 0.516211, -0.201715, -1.41449, 0.265438, 
175, -0.130334, -0.302168, 0.457286, -0.199842, -1.36783, 0.264467, 
175, -0.120195, -0.285945, 0.396325, -0.198394, -1.32202, 0.263493, 
175, -0.110386, -0.267028, 0.333264, -0.197366, -1.27684, 0.262601, 
175, -0.100898, -0.245553, 0.268003, -0.196768, -1.23206, 0.261873, 
175, -0.0917207, -0.221602, 0.200396, -0.196619, -1.18746, 0.261393, 
175, -0.0828429, -0.19521, 0.130249, -0.196954, -1.14282, 0.261248, 
175, -0.0742539, -0.166359, 0.0573065, -0.197821, -1.0979, 0.261536, 
175, -0.065943, -0.134972, -0.0187609, -0.199293, -1.05247, 0.262369, 
175, -0.0578991, -0.100904, -0.0983819, -0.201466, -1.00625, 0.263886, 
175, -0.0501116, -0.0639263, -0.182116, -0.20448, -0.958922, 0.266265, 
175, -0.0425698, -0.0236957, -0.270709, -0.208534, -0.910094, 0.269744, 
175, -0.0352634, 0.02029, -0.36518, -0.21392, -0.859275, 0.274662, 
175, -0.0281817, 0.068774, -0.466969, -0.221086, -0.805805, 0.28152, 
175, -0.0213136, 0.122887, -0.578207, -0.230752, -0.748743, 0.29111, 
175, -0.0146474, 0.18444, -0.702237, -0.24415, -0.68665, 0.304764, 
175, -0.00816879, 0.256547, -0.844747, -0.263578, -0.617125, 0.324935, 
175, -0.00209457, 0.353894, -1.03178, -0.299402, -0.529621, 0.362861, 
175, 0.0039835, 0.502615, -1.31101, -0.379527, -0.404749, 0.448011, 
176, -0.329171, -0.555928, 0.945083, -0.302287, -1.58135, 0.412162, 
176, -0.311284, -0.555156, 0.901779, -0.295775, -1.53577, 0.408722, 
176, -0.294133, -0.550408, 0.856881, -0.290048, -1.49264, 0.404767, 
176, -0.277672, -0.542343, 0.810562, -0.284959, -1.45148, 0.400461, 
176, -0.261868, -0.531433, 0.762927, -0.280427, -1.41194, 0.395957, 
176, -0.246688, -0.518053, 0.714044, -0.276399, -1.37372, 0.391378, 
176, -0.232105, -0.502491, 0.663948, -0.27283, -1.33659, 0.386828, 
176, -0.218089, -0.484997, 0.612663, -0.2697, -1.30033, 0.382381, 
176, -0.204613, -0.465755, 0.560187, -0.266989, -1.26473, 0.378103, 
176, -0.19088, -0.444597, 0.507756, -0.26301, -1.2308, 0.372145, 
176, -0.178581, -0.422379, 0.452643, -0.261416, -1.19589, 0.368745, 
176, -0.166695, -0.398709, 0.396251, -0.260138, -1.16123, 0.365558, 
176, -0.155214, -0.373643, 0.338494, -0.259211, -1.12671, 0.362657, 
176, -0.144128, -0.347208, 0.279267, -0.258672, -1.09218, 0.360114, 
176, -0.133425, -0.319407, 0.218446, -0.258561, -1.05753, 0.357997, 
176, -0.123091, -0.290219, 0.155878, -0.258928, -1.02263, 0.35638, 
176, -0.113113, -0.259595, 0.0913817, -0.259832, -0.987354, 0.355343, 
176, -0.103477, -0.227458, 0.0247341, -0.261349, -0.951555, 0.354981, 
176, -0.094169, -0.193697, -0.0443357, -0.263574, -0.915082, 0.355409, 
176, -0.085175, -0.15816, -0.116163, -0.266635, -0.877758, 0.356773, 
176, -0.0764818, -0.120644, -0.19117, -0.270702, -0.83938, 0.359263, 
176, -0.0683308, -0.0804075, -0.270702, -0.277864, -0.799624, 0.364757, 
176, -0.0602015, -0.037902, -0.354003, -0.28492, -0.758328, 0.370523, 
176, -0.0523352, 0.0077875, -0.442782, -0.294031, -0.714975, 0.378553, 
176, -0.0447203, 0.0574266, -0.53845, -0.305939, -0.668983, 0.389642, 
176, -0.0373459, 0.112182, -0.643136, -0.321873, -0.619498, 0.405093, 
176, -0.0302014, 0.173976, -0.760331, -0.344061, -0.565157, 0.427263, 
176, -0.0232771, 0.246391, -0.896504, -0.377162, -0.503497, 0.461045, 
176, -0.0165638, 0.337691, -1.06653, -0.433512, -0.429049, 0.519319, 
176, -0.0100509, 0.484963, -1.33702, -0.580846, -0.318821, 0.672339, 
177, -0.438898, -0.810216, 0.857748, -0.424077, -1.22242, 0.664419, 
177, -0.416482, -0.78561, 0.815072, -0.418271, -1.19681, 0.650402, 
177, -0.394987, -0.76047, 0.771826, -0.412789, -1.17158, 0.637015, 
177, -0.374374, -0.734846, 0.727995, -0.407641, -1.14665, 0.624263, 
177, -0.354607, -0.708774, 0.683561, -0.40284, -1.12193, 0.61215, 
177, -0.335654, -0.682183, 0.638443, -0.398449, -1.09752, 0.600802, 
177, -0.317472, -0.655196, 0.592672, -0.394423, -1.0732, 0.590098, 
177, -0.300029, -0.627805, 0.546206, -0.390782, -1.04892, 0.580059, 
177, -0.283289, -0.6, 0.498999, -0.387546, -1.02465, 0.570701, 
177, -0.26722, -0.571767, 0.451003, -0.384736, -1.00033, 0.562039, 
177, -0.25179, -0.543088, 0.402161, -0.382374, -0.975909, 0.554088, 
177, -0.23697, -0.513937, 0.352411, -0.380488, -0.951337, 0.546868, 
177, -0.222729, -0.484283, 0.301682, -0.379108, -0.926562, 0.540403, 
177, -0.20904, -0.454086, 0.249891, -0.378271, -0.901531, 0.534723, 
177, -0.195876, -0.423299, 0.196944, -0.378022, -0.876188, 0.529868, 
177, -0.183212, -0.391866, 0.142734, -0.378417, -0.850475, 0.525885, 
177, -0.171024, -0.359722, 0.0871347, -0.379522, -0.824326, 0.52284, 
177, -0.159289, -0.326786, 0.0299995, -0.381421, -0.797673, 0.520811, 
177, -0.147985, -0.292966, -0.0288449, -0.38422, -0.770437, 0.519904, 
177, -0.137091, -0.258146, -0.0896053, -0.388053, -0.742529, 0.520252, 
177, -0.126588, -0.222191, -0.152531, -0.393094, -0.713846, 0.522031, 
177, -0.116458, -0.184931, -0.217929, -0.39957, -0.684269, 0.525474, 
177, -0.106683, -0.146155, -0.286181, -0.407789, -0.65365, 0.530895, 
177, -0.097247, -0.105593, -0.357772, -0.41817, -0.621811, 0.538728, 
177, -0.0881333, -0.0628937, -0.43334, -0.43131, -0.588529, 0.549587, 
177, -0.0793275, -0.017581, -0.51374, -0.448086, -0.55351, 0.564379, 
177, -0.0708156, 0.0310141, -0.600181, -0.469852, -0.516363, 0.584501, 
177, -0.0625844, 0.0838859, -0.694451, -0.49883, -0.476534, 0.612244, 
177, -0.0546211, 0.142625, -0.799416, -0.538998, -0.433199, 0.651701, 
177, -0.0469141, 0.210077, -0.920194, -0.598404, -0.385016, 0.711132, 
177, -0.0394523, 0.292326, -1.06772, -0.696799, -0.329505, 0.810753, 
177, -0.0322221, 0.41225, -1.28308, -0.919487, -0.259705, 1.03769, 
178, -0.448475, -0.736719, 0.41044, -0.669481, -0.81078, 0.981461, 
178, -0.425525, -0.707768, 0.372126, -0.666094, -0.789941, 0.965873, 
178, -0.403524, -0.678598, 0.333144, -0.663104, -0.769372, 0.951325, 
178, -0.382434, -0.649193, 0.293457, -0.660589, -0.749021, 0.937863, 
178, -0.362215, -0.619537, 0.253019, -0.658627, -0.728836, 0.925536, 
178, -0.34283, -0.589608, 0.211785, -0.657299, -0.708765, 0.914395, 
178, -0.324242, -0.559382, 0.169702, -0.656693, -0.688758, 0.904501, 
178, -0.306416, -0.52883, 0.126711, -0.656905, -0.668762, 0.895924, 
178, -0.289315, -0.497917, 0.0827455, -0.658041, -0.648727, 0.888748, 
178, -0.272906, -0.466602, 0.0377297, -0.660227, -0.628602, 0.883074, 
178, -0.257156, -0.434837, -0.00842273, -0.663606, -0.608335, 0.879028, 
178, -0.242009, -0.402476, -0.0559301, -0.667841, -0.589089, 0.876258, 
178, -0.227482, -0.369622, -0.10469, -0.673951, -0.568563, 0.875754, 
178, -0.213523, -0.336117, -0.154942, -0.681826, -0.547765, 0.8774, 
178, -0.200105, -0.30187, -0.206848, -0.691766, -0.526643, 0.881482, 
178, -0.187201, -0.266771, -0.2606, -0.704146, -0.505146, 0.888368, 
178, -0.174787, -0.230688, -0.316435, -0.71945, -0.483223, 0.898536, 
178, -0.162838, -0.193457, -0.374639, -0.738314, -0.460825, 0.912616, 
178, -0.151333, -0.154874, -0.435576, -0.761583, -0.437902, 0.931458, 
178, -0.140249, -0.114679, -0.49971, -0.790413, -0.414415, 0.956223, 
178, -0.129568, -0.0725306, -0.567649, -0.82642, -0.390339, 0.988544, 
178, -0.119269, -0.0279641, -0.640226, -0.871932, -0.365683, 1.03078, 
178, -0.109335, 0.0196785, -0.718619, -0.930394, -0.340524, 1.08641, 
178, -0.099749, 0.0713862, -0.804604, -1.00705, -0.315087, 1.16076, 
178, -0.0904962, 0.128768, -0.901071, -1.10993, -0.289919, 1.262, 
178, -0.0815494, 0.194994, -1.0137, -1.26223, -0.266983, 1.41359, 
178, -0.0729108, 0.27697, -1.15491, -1.48501, -0.249317, 1.63724, 
178, -0.0645745, 0.405225, -1.37947, -1.86683, -0.254916, 2.02426, 
179, -0.41163, -0.443281, -0.250198, 1.72934, 0.512758, -1.39075, 
179, -0.277418, -0.2298, -0.539335, 1.49586, 0.409439, -1.23055, 
179, -0.261277, -0.195463, -0.588044, -1.69377, -0.399349, -4.33227, 
179, -0.245844, -0.159928, -0.639137, -1.74291, -0.390984, -4.29078, 
179, -0.230918, -0.122343, -0.693964, -1.80212, -0.384386, -4.23854, 
179, -0.21664, -0.0830261, -0.752171, -1.86426, -0.379926, 2.1003, 
179, -0.177114, 0.0523044, -0.959346, 1.05502, 0.384692, -0.834657, 
179, -0.164876, 0.107716, -1.04726, 0.971122, 0.395646, -0.754238, 
179, -0.153142, 0.172689, -1.15265, 0.876839, 0.414629, -0.662118, 
180, -0.466697, 0.183634, -1.51103, 0.739239, 1.00952, -0.21191, 
181, 0.143724, -0.0868372, 0.810221, 0.0506333, -1.96448, -0.116519, 
181, 0.140809, -0.123868, 0.770926, 0.0482249, -1.88814, -0.118135, 
181, 0.138117, -0.154387, 0.728972, 0.0462313, -1.81585, -0.119239, 
181, 0.135489, -0.174188, 0.680555, 0.0446024, -1.74733, -0.120665, 
181, 0.132793, -0.187068, 0.628332, 0.0433954, -1.68219, -0.120968, 
181, 0.130247, -0.19401, 0.573049, 0.0423938, -1.61994, -0.121208, 
181, 0.127822, -0.195519, 0.514715, 0.0415786, -1.56007, -0.121394, 
181, 0.125499, -0.192075, 0.453375, 0.04093, -1.50214, -0.121533, 
181, 0.123265, -0.184097, 0.389054, 0.0404313, -1.44576, -0.121642, 
181, 0.121112, -0.171934, 0.321728, 0.0400708, -1.39056, -0.121739, 
181, 0.119034, -0.155854, 0.251312, 0.039842, -1.33619, -0.121847, 
181, 0.117025, -0.136042, 0.17765, 0.0397437, -1.2823, -0.121991, 
181, 0.115083, -0.112601, 0.100499, 0.0397795, -1.22856, -0.122195, 
181, 0.113203, -0.0855459, 0.0195144, 0.039959, -1.1746, -0.122487, 
181, 0.111382, -0.0547889, -0.0657783, 0.040299, -1.12003, -0.122901, 
181, 0.109619, -0.0201218, -0.156033, 0.0408255, -1.06442, -0.123479, 
181, 0.10791, 0.0188227, -0.252153, 0.0415786, -1.00722, -0.124275, 
181, 0.106252, 0.0626375, -0.35542, 0.04262, -0.947756, -0.125368, 
181, 0.104642, 0.112263, -0.467715, 0.0440485, -0.885078, -0.126876, 
181, 0.103078, 0.169226, -0.591958, 0.04603, -0.817802, -0.128987, 
181, 0.101555, 0.236147, -0.733021, 0.0488653, -0.743682, -0.132039, 
181, 0.100066, 0.317965, -0.899931, 0.053162, -0.658637, -0.136698, 
181, 0.0986899, 0.439048, -1.13626, 0.0621802, -0.54352, -0.14655, 
182, 0.165111, -0.259933, 0.9599, 0.0647722, -1.89222, -0.132859, 
182, 0.161283, -0.291305, 0.921913, 0.0619877, -1.82255, -0.134324, 
182, 0.157309, -0.314877, 0.880572, 0.0596146, -1.75834, -0.134379, 
182, 0.154049, -0.330685, 0.835914, 0.0577775, -1.69749, -0.135297, 
182, 0.150835, -0.33986, 0.788452, 0.0562189, -1.64053, -0.13599, 
182, 0.147627, -0.343561, 0.738461, 0.0549012, -1.58655, -0.136293, 
182, 0.14448, -0.34252, 0.686234, 0.0537863, -1.53522, -0.136143, 
182, 0.141515, -0.337418, 0.632005, 0.05286, -1.48603, -0.135908, 
182, 0.138683, -0.328741, 0.575849, 0.0520871, -1.43849, -0.135653, 
182, 0.135969, -0.316853, 0.517794, 0.0514517, -1.39225, -0.135388, 
182, 0.133361, -0.302044, 0.457838, 0.050943, -1.34704, -0.135126, 
182, 0.130851, -0.284543, 0.395943, 0.0505546, -1.30258, -0.134885, 
182, 0.128433, -0.26452, 0.332038, 0.0502838, -1.25864, -0.134683, 
182, 0.126101, -0.242093, 0.266011, 0.0501314, -1.21498, -0.134537, 
182, 0.123851, -0.217328, 0.197705, 0.0501018, -1.17138, -0.134466, 
182, 0.121679, -0.190241, 0.126916, 0.0502031, -1.12762, -0.134492, 
182, 0.119581, -0.160798, 0.0533783, 0.0504477, -1.08348, -0.134639, 
182, 0.117553, -0.128906, -0.0232491, 0.0508537, -1.0387, -0.134934, 
182, 0.115592, -0.0944037, -0.103407, 0.0514468, -0.993004, -0.135413, 
182, 0.113694, -0.0570462, -0.187671, 0.0522637, -0.946064, -0.136123, 
182, 0.111857, -0.0164734, -0.276806, 0.0533571, -0.897475, -0.137127, 
182, 0.110078, 0.0278383, -0.371857, 0.054805, -0.846717, -0.138514, 
182, 0.108353, 0.0766598, -0.474308, 0.0567273, -0.793082, -0.140418, 
182, 0.106679, 0.131165, -0.586357, 0.0593174, -0.735547, -0.143054, 
182, 0.105051, 0.193236, -0.711471, 0.0629083, -0.672536, -0.14678, 
182, 0.103464, 0.266133, -0.855595, 0.0681241, -0.601377, -0.152266, 
182, 0.101984, 0.364509, -1.04476, 0.0778709, -0.510745, -0.162607, 
182, 0.100503, 0.519747, -1.33595, 0.101511, -0.375211, -0.187671, 
183, 0.179217, -0.604493, 0.930127, 0.0781475, -1.45323, -0.171077, 
183, 0.174753, -0.59229, 0.881563, 0.0765899, -1.41654, -0.169505, 
183, 0.170466, -0.577647, 0.832013, 0.0751875, -1.38131, -0.168017, 
183, 0.166313, -0.560974, 0.781547, 0.0738919, -1.34721, -0.166465, 
183, 0.162282, -0.542535, 0.730241, 0.0726625, -1.31405, -0.16477, 
183, 0.158645, -0.522673, 0.677828, 0.0717232, -1.28134, -0.163531, 
183, 0.155153, -0.501446, 0.624478, 0.0708908, -1.24906, -0.162336, 
183, 0.1518, -0.478959, 0.570153, 0.0701651, -1.21707, -0.161203, 
183, 0.148579, -0.455288, 0.514803, 0.0695471, -1.18525, -0.160148, 
183, 0.145486, -0.430484, 0.458361, 0.0690389, -1.15348, -0.159184, 
183, 0.142513, -0.404572, 0.400749, 0.0686437, -1.12165, -0.158322, 
183, 0.139655, -0.377562, 0.341869, 0.0683662, -1.08966, -0.157575, 
183, 0.136907, -0.349439, 0.281609, 0.0682128, -1.05741, -0.156955, 
183, 0.134263, -0.320171, 0.219832, 0.0681922, -1.0248, -0.156476, 
183, 0.131717, -0.289707, 0.156378, 0.0683158, -0.991711, -0.156153, 
183, 0.129264, -0.257971, 0.091054, 0.0685985, -0.958036, -0.156006, 
183, 0.126901, -0.224862, 0.0236294, 0.06906, -0.92364, -0.156059, 
183, 0.124621, -0.19025, -0.046177, 0.0697264, -0.888375, -0.156341, 
183, 0.122421, -0.153963, -0.118712, 0.0706329, -0.852065, -0.156892, 
183, 0.120297, -0.11578, -0.194409, 0.071827, -0.814499, -0.157764, 
183, 0.118245, -0.0754099, -0.273823, 0.0733748, -0.775415, -0.15903, 
183, 0.116261, -0.0324658, -0.357679, 0.0753707, -0.734476, -0.160791, 
183, 0.114342, 0.0135797, -0.446956, 0.077953, -0.691235, -0.163194, 
183, 0.112483, 0.0634704, -0.543019, 0.0813335, -0.645076, -0.166465, 
183, 0.110681, 0.1183, -0.647862, 0.0858522, -0.595107, -0.170961, 
183, 0.10893, 0.179764, -0.764565, 0.0920884, -0.53996, -0.177288, 
183, 0.107227, 0.250691, -0.898242, 0.10111, -0.477373, -0.186554, 
183, 0.105634, 0.347613, -1.07811, 0.119486, -0.394794, -0.205536, 
183, 0.104047, 0.493956, -1.34708, 0.164913, -0.27312, -0.252469, 
184, 0.214974, -0.909772, 0.899354, 0.128966, -1.03083, -0.251329, 
184, 0.208569, -0.871556, 0.852658, 0.125865, -1.02161, -0.245163, 
184, 0.20253, -0.834739, 0.805795, 0.123072, -1.01089, -0.239584, 
184, 0.196826, -0.79904, 0.758691, 0.120556, -0.99888, -0.234523, 
184, 0.191431, -0.764233, 0.711281, 0.118294, -0.985724, -0.229925, 
184, 0.186098, -0.729614, 0.664548, 0.116345, -0.972976, -0.225877, 
184, 0.181298, -0.69624, 0.616011, 0.11456, -0.957379, -0.222078, 
184, 0.176725, -0.663205, 0.567079, 0.112964, -0.941082, -0.218619, 
184, 0.172368, -0.630416, 0.517654, 0.111558, -0.92408, -0.215488, 
184, 0.168215, -0.597779, 0.467648, 0.110346, -0.906373, -0.212672, 
184, 0.164253, -0.565207, 0.416974, 0.109327, -0.887961, -0.210162, 
184, 0.16047, -0.532611, 0.365546, 0.108504, -0.868844, -0.207949, 
184, 0.156856, -0.499907, 0.313273, 0.10788, -0.849014, -0.206029, 
184, 0.1534, -0.467008, 0.260058, 0.107461, -0.828459, -0.204401, 
184, 0.150091, -0.433826, 0.205795, 0.107257, -0.807158, -0.203069, 
184, 0.146922, -0.400271, 0.150365, 0.107281, -0.785082, -0.202042, 
184, 0.143883, -0.366245, 0.0936314, 0.107551, -0.762193, -0.201332, 
184, 0.140967, -0.331641, 0.0354412, 0.10809, -0.738442, -0.200962, 
184, 0.138166, -0.296342, -0.0243861, 0.108932, -0.713766, -0.20096, 
184, 0.135474, -0.260216, -0.0860627, 0.110118, -0.688087, -0.201369, 
184, 0.132884, -0.223107, -0.149842, 0.111706, -0.661306, -0.202245, 
184, 0.130391, -0.184833, -0.216033, 0.113771, -0.633301, -0.203664, 
184, 0.12799, -0.145172, -0.285015, 0.116418, -0.603915, -0.205734, 
184, 0.125675, -0.103848, -0.357268, 0.119793, -0.572947, -0.208602, 
184, 0.123441, -0.0605118, -0.433409, 0.124104, -0.540139, -0.212481, 
184, 0.121283, -0.0147033, -0.514254, 0.129657, -0.505141, -0.217685, 
184, 0.119198, 0.0342005, -0.600917, 0.13692, -0.467481, -0.224692, 
184, 0.117181, 0.0870797, -0.694975, 0.146638, -0.426482, -0.234262, 
184, 0.115225, 0.145235, -0.798765, 0.160065, -0.381149, -0.24767, 
184, 0.113345, 0.216396, -0.925589, 0.183564, -0.326078, -0.271211, 
184, 0.11152, 0.299953, -1.07539, 0.224435, -0.260897, -0.312609, 
184, 0.109752, 0.423359, -1.29697, 0.349032, -0.166214, -0.438627, 
185, 0.219127, -0.805556, 0.44114, 0.261575, -0.555406, -0.395388, 
185, 0.21248, -0.769249, 0.400937, 0.255845, -0.550067, -0.385854, 
185, 0.206218, -0.733434, 0.360137, 0.250889, -0.543786, -0.377393, 
185, 0.200311, -0.698026, 0.318699, 0.246658, -0.536593, -0.369926, 
185, 0.194728, -0.662944, 0.276581, 0.243114, -0.528514, -0.363392, 
185, 0.18934, -0.628133, 0.234082, 0.242597, -0.519285, -0.360133, 
185, 0.184311, -0.593489, 0.190364, 0.239703, -0.509533, -0.354624, 
185, 0.179556, -0.558943, 0.145838, 0.237602, -0.498937, -0.350124, 
185, 0.17505, -0.524419, 0.100425, 0.236272, -0.487489, -0.346586, 
185, 0.170772, -0.48984, 0.0540428, 0.235714, -0.475182, -0.34399, 
185, 0.166702, -0.455126, 0.00659786, 0.235949, -0.462002, -0.342346, 
185, 0.162824, -0.420192, -0.0420138, 0.237026, -0.44793, -0.341688, 
185, 0.159123, -0.384945, -0.0919113, 0.23902, -0.432937, -0.34208, 
185, 0.155587, -0.349287, -0.143232, 0.24204, -0.41699, -0.343624, 
185, 0.152205, -0.313106, -0.196137, 0.24624, -0.400043, -0.346468, 
185, 0.148965, -0.276278, -0.250815, 0.251836, -0.382038, -0.350821, 
185, 0.14586, -0.238658, -0.307495, 0.259124, -0.362904, -0.356976, 
185, 0.14288, -0.200075, -0.366451, 0.268521, -0.342552, -0.365349, 
185, 0.140018, -0.160327, -0.428024, 0.280621, -0.32087, -0.376533, 
185, 0.137266, -0.119163, -0.49264, 0.296294, -0.29772, -0.391398, 
185, 0.134618, -0.0762686, -0.560841, 0.316845, -0.272929, -0.411253, 
185, 0.132067, -0.0312386, -0.633337, 0.344312, -0.246282, -0.438139, 
185, 0.129608, 0.0164651, -0.711078, 0.382014, -0.217508, -0.47538, 
185, 0.127102, 0.0720035, -0.802414, 0.449103, -0.184123, -0.541657, 
185, 0.124814, 0.130221, -0.899768, 0.553287, -0.148864, -0.645706, 
185, 0.122606, 0.197058, -1.01299, 0.759896, -0.110332, -0.852438, 
185, 0.120475, 0.28027, -1.15602, 1.30592, -0.078191, -1.39914, 
185, 0.118416, 0.411791, -1.3861, -0.760728, 0.107624, 0.665439, 
186, 0.21778, -0.520259, -0.186228, 1.59141, -0.167263, -1.73185, 
186, 0.20502, -0.45607, -0.26122, 1.66845, -0.158121, -1.80149, 
186, 0.199179, -0.423478, -0.300488, -1.42397, 0.154706, 1.29423, 
186, 0.154904, -0.0545338, -0.798967, -0.655129, 0.196188, 0.546562, 
186, 0.151519, -0.00834681, -0.868051, -0.577178, 0.213048, 6.75283, 
186, 0.14829, 0.041811, -0.944693, -0.510098, 0.235009, 0.403324, 
186, 0.14519, 0.0976694, -1.03199, -0.443315, 0.261963, 0.337001, 
186, 0.142217, 0.162862, -1.13644, -0.381615, 0.297539, 0.275297, 
186, 0.139366, 0.247008, -1.27533, -0.321062, 0.347841, 0.213893, 
187, 0.231135, 0.0500969, -1.3243, -0.274494, 0.890644, 0.0848629, 
187, 0.22376, 0.150136, -1.48639, -0.254661, 0.950507, 0.0633839, 
188, 0.419546, -0.0174175, 0.670886, 0.275485, -1.95783, -0.396882, 
188, 0.404995, -0.0502145, 0.633855, 0.26443, -1.8874, -0.404579, 
188, 0.390854, -0.0760327, 0.592453, 0.255423, -1.81935, -0.410446, 
188, 0.377084, -0.0953147, 0.546944, 0.248065, -1.75358, -0.414858, 
188, 0.363708, -0.108494, 0.497599, 0.242094, -1.68997, -0.418209, 
188, 0.350708, -0.11604, 0.444608, 0.237296, -1.62828, -0.420762, 
188, 0.338069, -0.118376, 0.388106, 0.233511, -1.56826, -0.422739, 
188, 0.325779, -0.115875, 0.328168, 0.230625, -1.50962, -0.424334, 
188, 0.313826, -0.108849, 0.264806, 0.228558, -1.45209, -0.425717, 
188, 0.302199, -0.0975458, 0.197962, 0.227265, -1.39539, -0.427046, 
188, 0.290889, -0.0821439, 0.127501, 0.226729, -1.3392, -0.428474, 
188, 0.279884, -0.0627447, 0.0531978, 0.226963, -1.28323, -0.430157, 
188, 0.269175, -0.0393646, -0.0252826, 0.228014, -1.22714, -0.432261, 
188, 0.258753, -0.0119195, -0.108416, 0.229965, -1.17055, -0.434979, 
188, 0.248609, 0.0198014, -0.196869, 0.232954, -1.11303, -0.438551, 
188, 0.238733, 0.0561795, -0.291585, 0.237196, -1.05404, -0.443287, 
188, 0.229118, 0.0978452, -0.393927, 0.243024, -0.992901, -0.449628, 
188, 0.219753, 0.145828, -0.505952, 0.250979, -0.928634, -0.45824, 
188, 0.210633, 0.201874, -0.630984, 0.262001, -0.859767, -0.470233, 
188, 0.201747, 0.269204, -0.774986, 0.277908, -0.783753, -0.487699, 
188, 0.193091, 0.35487, -0.950786, 0.302969, -0.695267, -0.515463, 
188, 0.184656, 0.481081, -1.19842, 0.351984, -0.578048, -0.570016, 
189, 0.519933, -0.117253, 0.781455, 0.343033, -1.9506, -0.475356, 
189, 0.502749, -0.149048, 0.749564, 0.329947, -1.88556, -0.483293, 
189, 0.485925, -0.173959, 0.713697, 0.319146, -1.82353, -0.489782, 
189, 0.469562, -0.193094, 0.674649, 0.310182, -1.76384, -0.494454, 
189, 0.453649, -0.206877, 0.632619, 0.302729, -1.70632, -0.497752, 
189, 0.438152, -0.215723, 0.587769, 0.296478, -1.65083, -0.499967, 
189, 0.423078, -0.220032, 0.540257, 0.291257, -1.59717, -0.501399, 
189, 0.408431, -0.2202, 0.49022, 0.286975, -1.54508, -0.502279, 
189, 0.394194, -0.216566, 0.437739, 0.283524, -1.49435, -0.502775, 
189, 0.380353, -0.209416, 0.382855, 0.280828, -1.44474, -0.503034, 
189, 0.366896, -0.198988, 0.325571, 0.278834, -1.39605, -0.503191, 
189, 0.353811, -0.185472, 0.265848, 0.277513, -1.34805, -0.503369, 
189, 0.341086, -0.169011, 0.203606, 0.276857, -1.30055, -0.503689, 
189, 0.328711, -0.149699, 0.138713, 0.276878, -1.25332, -0.504271, 
189, 0.316675, -0.127582, 0.070986, 0.277608, -1.20616, -0.505241, 
189, 0.304968, -0.10265, 0.000172209, 0.279105, -1.15884, -0.506738, 
189, 0.293579, -0.0748329, -0.0740634, 0.281456, -1.11111, -0.508924, 
189, 0.282499, -0.0439856, -0.152166, 0.284788, -1.06269, -0.511996, 
189, 0.271717, -0.00986951, -0.234731, 0.289283, -1.01324, -0.516203, 
189, 0.261224, 0.0278834, -0.322568, 0.295208, -0.962366, -0.521884, 
189, 0.251011, 0.0698298, -0.416809, 0.302956, -0.909535, -0.529515, 
189, 0.241069, 0.116824, -0.51911, 0.313145, -0.854023, -0.539813, 
189, 0.231389, 0.170232, -0.63204, 0.326794, -0.794754, -0.553938, 
189, 0.221963, 0.232421, -0.759951, 0.345769, -0.729969, -0.573977, 
189, 0.212784, 0.308077, -0.911362, 0.374034, -0.656321, -0.604313, 
189, 0.203843, 0.409146, -1.10782, 0.422647, -0.565563, -0.657046, 
189, 0.195124, 0.666256, -1.58373, 0.636832, -0.372697, -0.889382, 
190, 0.704473, -0.230868, 0.92226, 0.458382, -1.97923, -0.603997, 
190, 0.682545, -0.265603, 0.897725, 0.440881, -1.91832, -0.614909, 
190, 0.661121, -0.294207, 0.870121, 0.426209, -1.8599, -0.6229, 
190, 0.640209, -0.3171, 0.839716, 0.413832, -1.80397, -0.628535, 
190, 0.619807, -0.334741, 0.806751, 0.403332, -1.7504, -0.632263, 
190, 0.599912, -0.347596, 0.771445, 0.394375, -1.69906, -0.634466, 
190, 0.580521, -0.356108, 0.733986, 0.386703, -1.64975, -0.63546, 
190, 0.56169, -0.361371, 0.694993, 0.380194, -1.60117, -0.635075, 
190, 0.543306, -0.3623, 0.653618, 0.374725, -1.55538, -0.634609, 
190, 0.525399, -0.36007, 0.610528, 0.370043, -1.51101, -0.633516, 
190, 0.507926, -0.354792, 0.565665, 0.365765, -1.46823, -0.631907, 
190, 0.49094, -0.346893, 0.519211, 0.362208, -1.42646, -0.630065, 
190, 0.474423, -0.336571, 0.471183, 0.359299, -1.38555, -0.628099, 
190, 0.458361, -0.323995, 0.421585, 0.356994, -1.34538, -0.626112, 
190, 0.442741, -0.309303, 0.370398, 0.355266, -1.30581, -0.6242, 
190, 0.427552, -0.292607, 0.317585, 0.354105, -1.26672, -0.622455, 
190, 0.412783, -0.273993, 0.263087, 0.353517, -1.22797, -0.620965, 
190, 0.398422, -0.253519, 0.206822, 0.353518, -1.18945, -0.619821, 
190, 0.384457, -0.231217, 0.148681, 0.35414, -1.15101, -0.619117, 
190, 0.370879, -0.207091, 0.0885235, 0.355432, -1.11254, -0.618954, 
190, 0.357676, -0.181116, 0.0261737, 0.357457, -1.0739, -0.619448, 
190, 0.344836, -0.153234, -0.0385903, 0.360305, -1.03492, -0.620732, 
190, 0.33235, -0.123347, -0.106048, 0.364094, -0.995463, -0.622965, 
190, 0.320206, -0.0913095, -0.176552, 0.368982, -0.955329, -0.626347, 
190, 0.308395, -0.0569162, -0.250558, 0.37518, -0.914302, -0.631137, 
190, 0.296905, -0.0198777, -0.328662, 0.382984, -0.872118, -0.637675, 
190, 0.285727, 0.0202131, -0.411662, 0.392811, -0.828443, -0.646436, 
190, 0.274852, 0.0639398, -0.500672, 0.405276, -0.782834, -0.658106, 
190, 0.264268, 0.112171, -0.597312, 0.42133, -0.734678, -0.673734, 
190, 0.253968, 0.166278, -0.704098, 0.442555, -0.683056, -0.695045, 
190, 0.243941, 0.228617, -0.825319, 0.471848, -0.626459, -0.725177, 
190, 0.234181, 0.303862, -0.969422, 0.515407, -0.562026, -0.7708, 
190, 0.22468, 0.403929, -1.15785, 0.590531, -0.4828, -0.850412, 
191, 0.735884, -0.542668, 0.723368, 0.505, -1.47387, -0.87373, 
191, 0.713212, -0.536417, 0.687247, 0.500651, -1.43692, -0.868491, 
191, 0.691046, -0.528119, 0.650013, 0.4968, -1.40101, -0.862976, 
191, 0.669388, -0.517956, 0.611704, 0.493408, -1.36601, -0.857297, 
191, 0.648242, -0.506083, 0.572349, 0.490449, -1.33183, -0.851551, 
191, 0.627605, -0.492636, 0.531958, 0.487916, -1.29836, -0.845842, 
191, 0.60748, -0.477728, 0.490542, 0.485793, -1.26552, -0.840232, 
191, 0.587862, -0.461455, 0.448098, 0.484082, -1.23323, -0.834798, 
191, 0.568747, -0.443898, 0.404609, 0.482789, -1.20138, -0.829612, 
191, 0.550129, -0.425118, 0.360052, 0.48193, -1.16992, -0.824741, 
191, 0.532001, -0.405167, 0.314392, 0.481525, -1.13877, -0.820253, 
191, 0.514356, -0.384079, 0.267584, 0.481603, -1.10784, -0.816213, 
191, 0.497186, -0.361876, 0.21957, 0.482198, -1.07708, -0.812692, 
191, 0.48048, -0.338569, 0.170279, 0.483355, -1.04641, -0.809764, 
191, 0.46423, -0.314151, 0.119628, 0.485129, -1.01575, -0.807511, 
191, 0.448425, -0.288605, 0.0675127, 0.487585, -0.985032, -0.806021, 
191, 0.433055, -0.261897, 0.0138108, 0.490808, -0.954179, -0.805401, 
191, 0.418109, -0.233975, -0.0416256, 0.494896, -0.92311, -0.805771, 
191, 0.403576, -0.204767, -0.0989749, 0.499976, -0.891733, -0.807279, 
191, 0.389446, -0.174178, -0.158454, 0.506206, -0.859951, -0.810104, 
191, 0.375706, -0.142082, -0.220331, 0.513789, -0.827655, -0.814471, 
191, 0.362347, -0.108314, -0.284937, 0.522985, -0.794715, -0.820667, 
191, 0.349356, -0.0726583, -0.352695, 0.534142, -0.760984, -0.829069, 
191, 0.336724, -0.0348274, -0.424152, 0.547733, -0.726279, -0.840188, 
191, 0.324439, 0.00556904, -0.500039, 0.564418, -0.690372, -0.854732, 
191, 0.312491, 0.0490776, -0.581366, 0.58516, -0.652972, -0.87373, 
191, 0.30087, 0.0964978, -0.669594, 0.611436, -0.613678, -0.898751, 
191, 0.289564, 0.149074, -0.766985, 0.645658, -0.57192, -0.932358, 
191, 0.278565, 0.208932, -0.87738, 0.692177, -0.526805, -0.979153, 
191, 0.267863, 0.280285, -1.00837, 0.760106, -0.476739, -1.04875, 
191, 0.257448, 0.37433, -1.1801, 0.874901, -0.418029, -1.16796, 
192, 0.746934, -0.539345, 0.309691, 0.70579, -1.06825, -1.18071, 
192, 0.723927, -0.520382, 0.273839, 0.707792, -1.04089, -1.17377, 
192, 0.701426, -0.500606, 0.237165, 0.71013, -1.01389, -1.16732, 
192, 0.679437, -0.480037, 0.199641, 0.712847, -0.987224, -1.16141, 
192, 0.657962, -0.45869, 0.16123, 0.715996, -0.960847, -1.15613, 
192, 0.637003, -0.436572, 0.12189, 0.719635, -0.93473, -1.15154, 
192, 0.616559, -0.413684, 0.0815721, 0.723829, -0.908839, -1.14773, 
192, 0.596628, -0.390022, 0.0402177, 0.728658, -0.883137, -1.14479, 
192, 0.577207, -0.365571, -0.00223981, 0.734209, -0.857589, -1.14282, 
192, 0.558289, -0.340311, -0.0458786, 0.740586, -0.832158, -1.14193, 
192, 0.53987, -0.314211, -0.0907899, 0.747911, -0.806804, -1.14226, 
192, 0.52194, -0.28723, -0.137081, 0.756325, -0.781488, -1.14396, 
192, 0.504493, -0.259314, -0.184877, 0.766002, -0.756168, -1.14721, 
192, 0.487519, -0.230396, -0.234329, 0.777149, -0.730801, -1.15222, 
192, 0.471008, -0.20039, -0.285617, 0.790024, -0.705337, -1.15927, 
192, 0.454952, -0.169189, -0.338956, 0.80496, -0.67972, -1.16871, 
192, 0.439341, -0.136659, -0.394612, 0.822403, -0.653873, -1.18099, 
192, 0.424165, -0.102632, -0.452905, 0.843034, -0.627664, -1.19682, 
192, 0.40939, -0.0667801, -0.514417, 0.866034, -0.601914, -1.21542, 
192, 0.395039, -0.0289338, -0.579509, 0.894164, -0.575382, -1.23958, 
192, 0.381089, 0.0113602, -0.648998, 0.927589, -0.548368, -1.26952, 
192, 0.367522, 0.0547545, -0.724065, 0.969075, -0.521321, -1.30808, 
192, 0.354332, 0.102033, -0.806138, 1.01973, -0.493652, -1.35648, 
192, 0.341526, 0.154665, -0.897884, 1.0859, -0.465939, -1.42124, 
192, 0.329089, 0.215122, -1.00374, -1.9712, 0.438453, -4.64722, 
192, 0.316918, 0.2898, -1.13517, -1.85078, 0.411484, 1.51343, 
192, 0.305128, 0.396345, -1.32391, 1.48964, -0.388488, -1.83377, 
193, 0.529741, -0.0423874, -0.743441, 1.4985, -0.58913, 4.33785, 
193, 0.511906, -0.00683496, -0.800589, 1.54246, -0.575109, 4.30034, 
193, 0.494597, 0.0322785, -0.864035, 1.59354, -0.563719, 4.25483, 
193, 0.477753, 0.0745141, -0.933058, 1.64992, -0.553918, 4.20322, 
193, 0.461378, 0.121419, -1.01043, 1.71246, -0.546327, -2.13878, 
195, 0.621963, 0.118542, 0.456608, 0.443332, -1.991, -0.636032, 
195, 0.601559, 0.0859829, 0.426785, 0.428467, -1.92708, -0.647384, 
195, 0.58139, 0.0589315, 0.392374, 0.416124, -1.8637, -0.656757, 
195, 0.561467, 0.0373033, 0.353535, 0.405972, -1.801, -0.664509, 
195, 0.541802, 0.0209684, 0.310403, 0.397744, -1.73908, -0.67096, 
195, 0.522404, 0.0097669, 0.263082, 0.391222, -1.67793, -0.676403, 
195, 0.503384, 0.00290601, 0.212241, 0.386657, -1.6166, -0.680816, 
195, 0.484508, 0.00162141, 0.156546, 0.382953, -1.55702, -0.685058, 
195, 0.465942, 0.00495618, 0.0967315, 0.380629, -1.49788, -0.689056, 
195, 0.447682, 0.012819, 0.0326633, 0.379632, -1.43903, -0.693049, 
195, 0.429729, 0.0251681, -0.0358797, 0.379957, -1.38025, -0.697286, 
195, 0.412084, 0.0420292, -0.109233, 0.381654, -1.32129, -0.702043, 
195, 0.39475, 0.0635188, -0.187882, 0.384835, -1.26184, -0.70764, 
195, 0.377728, 0.0898795, -0.272526, 0.389698, -1.20152, -0.714468, 
195, 0.361019, 0.121536, -0.364176, 0.396556, -1.13983, -0.723038, 
195, 0.344623, 0.15919, -0.464324, 0.405912, -1.0761, -0.734063, 
195, 0.328541, 0.204011, -0.575285, 0.418581, -1.00937, -0.748619, 
195, 0.312771, 0.258032, -0.700916, 0.435994, -0.938123, -0.768489, 
195, 0.297313, 0.325158, -0.848427, 0.460945, -0.859641, -0.797062, 
195, 0.282167, 0.414457, -1.03428, 0.500137, -0.767918, -0.842311, 
195, 0.267282, 0.576434, -1.34933, 0.593174, -0.631869, -0.951381, 
196, 0.731824, 0.0663483, 0.481794, 0.516535, -1.9828, -0.743164, 
196, 0.710431, 0.0373488, 0.456784, 0.501768, -1.92659, -0.754091, 
196, 0.689189, 0.0127017, 0.428191, 0.489245, -1.87073, -0.763206, 
196, 0.668122, -0.00764386, 0.39612, 0.478715, -1.81537, -0.770809, 
196, 0.647242, -0.0237783, 0.360684, 0.469944, -1.76059, -0.777151, 
196, 0.626563, -0.0358108, 0.32198, 0.462746, -1.70642, -0.782456, 
196, 0.606102, -0.0438648, 0.280077, 0.456974, -1.65288, -0.786942, 
196, 0.585872, -0.0480682, 0.235023, 0.452509, -1.59994, -0.790815, 
196, 0.565887, -0.0485439, 0.186833, 0.449262, -1.54755, -0.79427, 
196, 0.546157, -0.0454018, 0.135488, 0.447172, -1.49561, -0.797496, 
196, 0.526693, -0.038731, 0.0809298, 0.446206, -1.44403, -0.800681, 
196, 0.507504, -0.0285929, 0.0230492, 0.446361, -1.39269, -0.804017, 
196, 0.488599, -0.0150129, -0.0383217, 0.447664, -1.34142, -0.807709, 
196, 0.469983, 0.00202898, -0.103424, 0.450182, -1.29007, -0.811982, 
196, 0.451663, 0.0226109, -0.172595, 0.454022, -1.23842, -0.817094, 
196, 0.433644, 0.0468872, -0.246296, 0.459354, -1.18624, -0.823359, 
196, 0.41593, 0.0751158, -0.325166, 0.466424, -1.13322, -0.831168, 
196, 0.398525, 0.107703, -0.410099, 0.4756, -1.07897, -0.841043, 
196, 0.38143, 0.145284, -0.502386, 0.487434, -1.023, -0.853714, 
196, 0.364647, 0.188864, -0.603981, 0.502796, -0.964558, -0.870275, 
196, 0.348176, 0.240132, -0.718054, 0.52315, -0.902543, -0.892514, 
196, 0.332019, 0.302212, -0.850348, 0.551253, -0.83501, -0.923723, 
196, 0.316173, 0.382071, -1.0135, 0.593395, -0.757838, -0.97133, 
196, 0.300639, 0.503758, -1.2508, 0.67197, -0.657376, -1.06155, 
197, 0.89061, 0.0297861, 0.487378, 0.613846, -1.99915, -0.888435, 
197, 0.86865, 0.00276301, 0.469346, 0.599225, -1.95111, -0.899092, 
197, 0.846601, -0.020571, 0.449068, 0.587132, -1.90386, -0.906285, 
197, 0.824713, -0.0413687, 0.42549, 0.575655, -1.85558, -0.914395, 
197, 0.802917, -0.0590245, 0.398921, 0.566095, -1.8075, -0.922433, 
197, 0.781125, -0.073254, 0.370246, 0.558112, -1.76016, -0.927908, 
197, 0.759429, -0.0843391, 0.339319, 0.551276, -1.71328, -0.931724, 
197, 0.737851, -0.0924633, 0.305629, 0.545873, -1.66674, -0.935874, 
197, 0.716397, -0.0976279, 0.269579, 0.541564, -1.62062, -0.939327, 
197, 0.695092, -0.0999157, 0.231182, 0.538291, -1.57492, -0.942269, 
197, 0.673954, -0.0994064, 0.190439, 0.536007, -1.52961, -0.944863, 
197, 0.653001, -0.0961728, 0.147338, 0.534676, -1.48467, -0.947263, 
197, 0.632249, -0.0902768, 0.101846, 0.534283, -1.44003, -0.949619, 
197, 0.611712, -0.0817665, 0.053905, 0.534826, -1.39564, -0.952077, 
197, 0.591404, -0.0706726, 0.00342936, 0.536323, -1.35142, -0.95479, 
197, 0.571338, -0.0570042, -0.0497025, 0.538814, -1.30729, -0.95792, 
197, 0.551525, -0.0407441, -0.105655, 0.542363, -1.26314, -0.961647, 
197, 0.531976, -0.0218423, -0.164646, 0.547066, -1.21887, -0.966173, 
197, 0.5127, -0.000207015, -0.226962, 0.553056, -1.17432, -0.971737, 
197, 0.493705, 0.0243074, -0.292981, 0.560517, -1.12936, -0.978627, 
197, 0.474999, 0.0519195, -0.363207, 0.569702, -1.08377, -0.987206, 
197, 0.456588, 0.0829505, -0.438321, 0.580967, -1.03731, -0.997949, 
197, 0.438477, 0.117873, -0.519271, 0.594816, -0.989669, -1.0115, 
197, 0.420671, 0.157399, -0.60743, 0.612001, -0.940413, -1.02879, 
197, 0.403173, 0.202646, -0.704896, 0.633697, -0.888916, -1.05123, 
197, 0.385987, 0.255507, -0.815153, 0.661906, -0.83419, -1.08121, 
197, 0.369115, 0.3196, -0.944785, 0.700517, -0.774456, -1.1233, 
197, 0.35256, 0.403618, -1.10948, 0.759107, -0.705673, -1.18868, 
197, 0.336328, 0.54432, -1.37529, 0.880173, -0.611577, -1.32638, 
198, 1.00768, -0.0725258, 0.363133, 0.680523, -1.85176, -1.12762, 
198, 0.98599, -0.0879739, 0.344326, 0.673281, -1.81198, -1.13298, 
198, 0.964202, -0.101231, 0.323622, 0.6671, -1.77221, -1.13759, 
198, 0.942333, -0.112306, 0.301053, 0.66192, -1.73253, -1.14155, 
198, 0.920404, -0.121218, 0.27665, 0.657685, -1.69296, -1.14493, 
198, 0.898435, -0.12799, 0.250435, 0.654347, -1.65355, -1.14783, 
198, 0.876515, -0.132793, 0.222598, 0.652284, -1.61364, -1.1504, 
198, 0.854498, -0.135313, 0.192745, 0.650406, -1.57493, -1.15253, 
198, 0.832523, -0.135822, 0.161163, 0.64943, -1.53626, -1.15445, 
198, 0.810601, -0.134336, 0.127828, 0.649273, -1.49772, -1.15624, 
198, 0.788748, -0.130877, 0.0927189, 0.649898, -1.45935, -1.15799, 
198, 0.766984, -0.125468, 0.0558091, 0.651292, -1.42115, -1.15979, 
198, 0.745327, -0.118129, 0.0170594, 0.653459, -1.38311, -1.16173, 
198, 0.723797, -0.108872, -0.023583, 0.656416, -1.3452, -1.16394, 
198, 0.702411, -0.0977005, -0.0661885, 0.660195, -1.3074, -1.16651, 
198, 0.681188, -0.0846064, -0.110848, 0.664845, -1.26966, -1.16958, 
198, 0.660145, -0.0695669, -0.157679, 0.670431, -1.23196, -1.1733, 
198, 0.639297, -0.0525414, -0.206829, 0.677041, -1.19422, -1.17782, 
198, 0.618661, -0.0334663, -0.258485, 0.684791, -1.15638, -1.18333, 
198, 0.59825, -0.0122497, -0.312883, 0.693832, -1.11838, -1.19006, 
198, 0.578078, 0.0112378, -0.370326, 0.704365, -1.0801, -1.19829, 
198, 0.558158, 0.0371745, -0.4312, 0.716663, -1.04143, -1.20838, 
198, 0.538503, 0.0658044, -0.49601, 0.731118, -1.00219, -1.2208, 
198, 0.519088, 0.0976095, -0.565666, 0.747546, -0.962909, -1.23558, 
198, 0.499974, 0.132918, -0.640845, 0.767497, -0.922339, -1.25427, 
198, 0.481147, 0.17257, -0.723102, 0.791537, -0.880602, -1.2777, 
198, 0.462618, 0.217757, -0.814632, 0.820989, -0.837199, -1.30747, 
198, 0.444379, 0.270677, -0.91945, 0.858974, -0.791621, -1.34721, 
198, 0.426449, 0.335515, -1.04511, 0.909894, -0.742267, -1.40226, 
198, 0.408826, 0.424125, -1.21295, 0.987593, -0.685569, -1.48911, 
199, 1.01771, -0.117274, -0.00972316, 0.79007, -1.52693, -1.44542, 
199, 0.995953, -0.117113, -0.0342273, 0.793411, -1.49451, -1.44783, 
199, 0.974161, -0.115378, -0.0601453, 0.797221, -1.46228, -1.45017, 
199, 0.952279, -0.112338, -0.0873237, 0.801606, -1.42994, -1.45248, 
199, 0.930323, -0.107969, -0.115763, 0.806182, -1.39747, -1.45479, 
199, 0.908306, -0.101935, -0.146066, 0.812311, -1.36564, -1.45784, 
199, 0.886265, -0.0946349, -0.177591, 0.818632, -1.33345, -1.46105, 
199, 0.776405, -0.0356601, -0.360433, -2.27935, 1.17359, 1.65661, 
199, 0.754655, -0.0191009, -0.40272, -2.2678, 1.14117, 1.64949, 
199, 0.733007, -0.000674718, -0.447539, -2.25484, 1.10981, 1.64055, 
199, 0.711505, 0.0194105, -0.494557, 0.900988, -1.07785, -1.51122, 
199, 0.690164, 0.0410355, -0.543709, 0.916772, -1.04602, -1.52269, 
199, 0.669087, 0.0657287, -0.597346, 0.935429, -1.01397, -1.53765, 
199, 0.648, 0.0927024, -0.654542, -2.18734, 0.981801, 1.58822, 
202, 0.741271, 0.249799, 0.17218, 0.537911, -1.96723, -0.856718, 
202, 0.718662, 0.220419, 0.146682, 0.525506, -1.9094, -0.867222, 
202, 0.695972, 0.195585, 0.116368, 0.51513, -1.85094, -0.876538, 
202, 0.673248, 0.175405, 0.0812325, 0.506697, -1.79203, -0.884844, 
202, 0.650522, 0.159939, 0.0412677, 0.500106, -1.7328, -0.892353, 
202, 0.627821, 0.149224, -0.00356339, 0.495268, -1.67332, -0.899294, 
202, 0.605171, 0.143289, -0.0533442, 0.492121, -1.6136, -0.905912, 
202, 0.582595, 0.142175, -0.108224, 0.490637, -1.55359, -0.912467, 
202, 0.560117, 0.145955, -0.168444, 0.490827, -1.49322, -0.919247, 
202, 0.537758, 0.154751, -0.234368, 0.492758, -1.43232, -0.926579, 
202, 0.515539, 0.168774, -0.30653, 0.496563, -1.37066, -0.934853, 
202, 0.49348, 0.188363, -0.385717, 0.502472, -1.30793, -0.944563, 
202, 0.471603, 0.214068, -0.473098, 0.510856, -1.24366, -0.956362, 
202, 0.449923, 0.246782, -0.570461, 0.522315, -1.17719, -0.971181, 
202, 0.428461, 0.288018, -0.680712, 0.537865, -1.10748, -0.990469, 
202, 0.40723, 0.34056, -0.809039, 0.559361, -1.03275, -1.01675, 
202, 0.386248, 0.410385, -0.966368, 0.590806, -0.949368, -1.05529, 
202, 0.365528, 0.515548, -1.1853, 0.644367, -0.84673, -1.12186, 
203, 0.857599, 0.266325, 0.1393, 0.609665, -2.00141, -0.972938, 
203, 0.835495, 0.237377, 0.122655, 0.597534, -1.95224, -0.98273, 
203, 0.813236, 0.211815, 0.102128, 0.587079, -1.90227, -0.991586, 
203, 0.790842, 0.189737, 0.0777377, 0.578238, -1.85167, -0.99961, 
203, 0.76831, 0.171233, 0.0500988, 0.57105, -1.80091, -1.00548, 
203, 0.745742, 0.156325, 0.0178093, 0.565227, -1.74931, -1.01265, 
203, 0.723084, 0.145082, -0.0182779, 0.560846, -1.69736, -1.01926, 
203, 0.700371, 0.137545, -0.0582392, 0.557882, -1.64513, -1.02549, 
203, 0.677631, 0.133756, -0.102174, 0.556319, -1.59262, -1.03156, 
203, 0.654891, 0.133764, -0.150221, 0.556162, -1.53982, -1.03768, 
203, 0.632175, 0.13764, -0.202577, 0.557439, -1.48666, -1.04408, 
203, 0.609507, 0.145488, -0.259515, 0.560218, -1.43307, -1.05102, 
203, 0.586911, 0.157468, -0.321417, 0.564611, -1.3789, -1.05882, 
203, 0.564407, 0.173816, -0.388818, 0.570793, -1.32397, -1.06785, 
203, 0.54202, 0.19489, -0.462473, 0.579028, -1.26801, -1.07857, 
203, 0.519771, 0.221228, -0.543473, 0.589715, -1.21067, -1.09164, 
203, 0.49768, 0.253678, -0.633459, 0.603469, -1.1514, -1.10796, 
203, 0.47577, 0.293625, -0.735045, 0.621289, -1.08939, -1.12893, 
203, 0.454059, 0.343542, -0.852801, 0.644962, -1.02326, -1.15697, 
203, 0.432571, 0.408534, -0.996019, 0.678228, -0.950296, -1.19701, 
203, 0.41133, 0.502603, -1.18996, 0.731806, -0.863371, -1.26283, 
204, 0.970063, 0.269461, 0.0363863, 0.67174, -1.97779, -1.13872, 
204, 0.949067, 0.24475, 0.0245706, 0.663019, -1.93664, -1.14605, 
204, 0.927822, 0.2225, 0.00973535, 0.655431, -1.89472, -1.1529, 
204, 0.906404, 0.202642, -0.00792849, 0.649537, -1.85171, -1.15924, 
204, 0.884682, 0.185598, -0.0288769, 0.64394, -1.80869, -1.16527, 
204, 0.862776, 0.171199, -0.0528216, 0.639578, -1.76509, -1.17099, 
204, 0.840696, 0.159506, -0.0797979, 0.636387, -1.72101, -1.17645, 
204, 0.818459, 0.150574, -0.109848, 0.634333, -1.67649, -1.18177, 
204, 0.796083, 0.144455, -0.143028, 0.633403, -1.6316, -1.18704, 
204, 0.773588, 0.1412, -0.179416, 0.633602, -1.58635, -1.19238, 
204, 0.750997, 0.140869, -0.219118, 0.634952, -1.54074, -1.19794, 
204, 0.728331, 0.143533, -0.26228, 0.637493, -1.49477, -1.20386, 
204, 0.705614, 0.149283, -0.309094, 0.641289, -1.44839, -1.21034, 
204, 0.682868, 0.158241, -0.35982, 0.646435, -1.40155, -1.21759, 
204, 0.660118, 0.170574, -0.414807, 0.653063, -1.35414, -1.22589, 
204, 0.637388, 0.186509, -0.474524, 0.66136, -1.30605, -1.23555, 
204, 0.614701, 0.206373, -0.539618, 0.671595, -1.25709, -1.24702, 
204, 0.592081, 0.230629, -0.610996, 0.684161, -1.20697, -1.26088, 
204, 0.569556, 0.259971, -0.689974, 0.699665, -1.15526, -1.27798, 
204, 0.547104, 0.295752, -0.779051, 0.718413, -1.10224, -1.29924, 
204, 0.524809, 0.339595, -0.881234, 0.742607, -1.04582, -1.32705, 
204, 0.502669, 0.395423, -1.00365, 0.774694, -0.984693, -1.36505, 
204, 0.480718, 0.472651, -1.16325, 0.821031, -0.914489, -1.42209, 
204, 0.45892, 0.63346, -1.47174, 0.925122, -0.807147, -1.55811, 
205, 1.13327, 0.357342, -0.154828, 0.743898, -2.00546, 4.93247, 
205, 0.643762, 0.327272, -0.882801, -2.30285, 1.13041, 1.61539, 
205, 0.621045, 0.367094, -0.973879, -2.27726, 1.08234, 1.58625, 
205, 0.598378, 0.41654, -1.0812, -2.24526, 1.03152, 1.54828, 
205, 0.575807, 0.487951, -1.22695, 0.942167, -0.972735, -1.65114, 
205, 0.553323, 0.646804, -1.5286, 1.04107, -0.880798, -1.78898, 
209, 0.840643, 0.431063, -0.124808, 0.595585, -1.98761, -1.05098, 
209, 0.817179, 0.398289, -0.139466, 0.585865, -1.93567, -1.0593, 
209, 0.793402, 0.369651, -0.159675, 0.577697, -1.88215, -1.06727, 
209, 0.769334, 0.345345, -0.185495, 0.571119, -1.82722, -1.07495, 
209, 0.745005, 0.325423, -0.216151, 0.566622, -1.77179, -1.08097, 
209, 0.720445, 0.310356, -0.253744, 0.563187, -1.71418, -1.08884, 
209, 0.695654, 0.300173, -0.297295, 0.561493, -1.65548, -1.09674, 
209, 0.670666, 0.295102, -0.347149, 0.561601, -1.59566, -1.10497, 
209, 0.645517, 0.295422, -0.403775, 0.563616, -1.53464, -1.11386, 
209, 0.620238, 0.301502, -0.467846, 0.567704, -1.47224, -1.12385, 
209, 0.594862, 0.313871, -0.540344, 0.574128, -1.40819, -1.1355, 
209, 0.569423, 0.333323, -0.622764, 0.58331, -1.34201, -1.14957, 
209, 0.543954, 0.361133, -0.717481, 0.595939, -1.27296, -1.16723, 
209, 0.518492, 0.399521, -0.828591, 0.613236, -1.19976, -1.19036, 
209, 0.493075, 0.452881, -0.964105, 0.637659, -1.11993, -1.22261, 
209, 0.467748, 0.532125, -1.14376, 0.67558, -1.02754, -1.27305, 
210, 0.934506, 0.477479, -0.241812, 0.640484, -1.98808, -1.18958, 
210, 0.912473, 0.446568, -0.248928, 0.633356, -1.94488, -1.19537, 
210, 0.890093, 0.418748, -0.260505, 0.62728, -1.90017, -1.2012, 
210, 0.867357, 0.394192, -0.276651, 0.622333, -1.85403, -1.20704, 
210, 0.844273, 0.373063, -0.297458, 0.618563, -1.80658, -1.21293, 
210, 0.820856, 0.355521, -0.323033, 0.616018, -1.75789, -1.21896, 
210, 0.797122, 0.341727, -0.353514, 0.614753, -1.70804, -1.22522, 
210, 0.773094, 0.331856, -0.389092, 0.614839, -1.65707, -1.23185, 
210, 0.748792, 0.326106, -0.430026, 0.616361, -1.60497, -1.23905, 
210, 0.724242, 0.324716, -0.476681, 0.619434, -1.5517, -1.24703, 
210, 0.69947, 0.327991, -0.529565, 0.624213, -1.49716, -1.25611, 
210, 0.674504, 0.336346, -0.589404, 0.63092, -1.4412, -1.2667, 
210, 0.649373, 0.350367, -0.65726, 0.639873, -1.38351, -1.27936, 
210, 0.624108, 0.370939, -0.734749, 0.651561, -1.32364, -1.29491, 
210, 0.598741, 0.39949, -0.824479, 0.666773, -1.26082, -1.31461, 
210, 0.573308, 0.438562, -0.931072, 0.686919, -1.19358, -1.34063, 
210, 0.547811, 0.494363, -1.06575, 0.71463, -1.11966, -1.37782, 
210, 0.522325, 0.584368, -1.25996, 0.759219, -1.02855, -1.44002, 
211, 1.042, 0.569169, -0.449029, 0.676891, -1.97667, -1.37389, 
211, 1.02212, 0.538741, -0.446067, 0.674268, -1.94293, -1.37568, 
211, 1.00182, 0.510814, -0.447171, 0.671655, -1.90754, -1.37817, 
211, 0.981105, 0.485412, -0.4522, 0.669758, -1.87084, -1.38102, 
211, 0.959982, 0.462644, -0.461212, 0.668484, -1.83282, -1.3843, 
211, 0.938458, 0.442617, -0.474257, 0.667922, -1.79352, -1.388, 
211, 0.91654, 0.425446, -0.491412, 0.668155, -1.75301, -1.39216, 
211, 0.89424, 0.411258, -0.512787, 0.66927, -1.71133, -1.39683, 
211, 0.87157, 0.400198, -0.538538, 0.671358, -1.6685, -1.4021, 
211, 0.848544, 0.392436, -0.568877, 0.674517, -1.62454, -1.40808, 
211, 0.825181, 0.388175, -0.60409, 0.678864, -1.57941, -1.41493, 
211, 0.801499, 0.387664, -0.644562, 0.684555, -1.53306, -1.42289, 
211, 0.777541, 0.391175, -0.690711, 0.691938, -1.48539, -1.43232, 
211, 0.75325, 0.399399, -0.74382, 0.700585, -1.4363, -1.44334, 
211, 0.728735, 0.412733, -0.804497, 0.71156, -1.38543, -1.45682, 
211, 0.704017, 0.43189, -0.874017, 0.725036, -1.33245, -1.47363, 
211, 0.679052, 0.459648, -0.957464, 0.742023, -1.27637, -1.49481, 
212, 1.20573, 0.881878, -0.957283, -2.46254, 1.96298, 1.47505, 
212, 1.15634, 0.762098, -0.864123, 0.691562, -1.91122, -1.64378, 
212, 1.13905, 0.728107, -0.843976, 0.69493, -1.88962, -1.6392, 
212, 1.12139, 0.696598, -0.828196, 0.698158, -1.86626, -1.63564, 
212, 1.10326, 0.668336, -0.818134, 0.701318, -1.84081, -1.63356, 
212, 1.08473, 0.642215, -0.811681, 0.704604, -1.81398, -1.63227, 
212, 1.0658, 0.616594, -0.805343, 0.708397, -1.78722, -1.62967, 
212, 1.04643, 0.59634, -0.808943, 0.711941, -1.75676, -1.63139, 
212, 1.02662, 0.578091, -0.815513, 0.715803, -1.7254, -1.63372, 
212, 1.00639, 0.56231, -0.825869, 0.720407, -1.69299, -1.63641, 
212, 0.985754, 0.549267, -0.840466, 0.725751, -1.65919, -1.63982, 
212, 0.964713, 0.539255, -0.859755, 0.731871, -1.62391, -1.64424, 
212, 0.943269, 0.5325, -0.884074, 0.738851, -1.58716, -1.64991, 
212, 0.921428, 0.529174, -0.913673, 0.746796, -1.54904, -1.65702, 
212, 0.899201, 0.529577, -0.949029, 0.755877, -1.50949, -1.66586, 
212, 0.876599, 0.534125, -0.990838, 0.766366, -1.46838, -1.6768, 
212, 0.853636, 0.544818, -1.04268, 0.778718, -1.42474, -1.69108, 
212, 0.830328, 0.560849, -1.10301, 0.793188, -1.3791, -1.70834, 
212, 0.806703, 0.587739, -1.18176, -2.33053, 1.32875, 1.40925, 
212, 0.78277, 0.630165, -1.28726, -2.3074, 1.2716, 1.37501, 
216, -0.928235, 1.09734, 0.100713, -2.09553, -1.99506, 0.166789, 
216, -0.885653, 1.06948, 0.159128, -2.06406, -1.96787, 0.145253, 
216, -0.841536, 1.04584, 0.210802, -2.02977, -1.94172, 0.12575, 
216, -0.794441, 1.02309, 0.258948, -1.99116, -1.91821, 0.107596, 
216, -0.744859, 1.00191, 0.302868, -1.94874, -1.89702, 0.0911479, 
216, -0.692499, 0.982299, 0.342127, -1.90283, -1.87762, 0.076453, 
216, -0.637837, 0.963988, 0.377064, -1.85336, -1.86021, 0.0640129, 
216, -0.580987, 0.946615, 0.407654, -1.80049, -1.84415, 0.0539271, 
216, -0.522178, 0.930652, 0.433476, -1.74469, -1.83006, 0.0464483, 
216, -0.461678, 0.916391, 0.454218, -1.68686, -1.8175, 0.0417438, 
216, -0.399911, 0.902957, 0.470313, -1.62684, -1.80525, 0.0401213, 
216, -0.33732, 0.890477, 0.481617, -1.5652, -1.793, 0.0416464, 
216, -0.274384, 0.879071, 0.488031, -1.50257, -1.78025, 0.0462722, 
216, -0.211599, 0.868875, 0.489488, -1.43962, -1.76647, 0.0538258, 
216, -0.149453, 0.860045, 0.485954, -1.37705, -1.75117, 0.06402, 
216, -0.0883527, 0.85291, 0.477564, -1.31559, -1.73427, 0.075801, 
216, -0.0288224, 0.847256, 0.463987, -1.25562, -1.71451, 0.090556, 
216, 0.028843, 0.843656, 0.445507, -1.19796, -1.6925, 0.106373, 
216, 0.0843935, 0.842218, 0.422186, -1.14297, -1.66803, 0.123004, 
216, 0.13765, 0.842976, 0.39418, -1.09081, -1.64115, 0.140296, 
216, 0.188443, 0.84618, 0.361501, -1.04187, -1.61188, 0.157914, 
216, 0.236662, 0.852189, 0.324058, -0.996581, -1.58029, 0.175421, 
216, 0.282315, 0.860972, 0.282015, -0.954854, -1.54659, 0.192794, 
216, 0.325425, 0.872624, 0.235407, -0.916696, -1.51095, 0.209982, 
216, 0.36605, 0.887223, 0.18424, -0.882071, -1.47351, 0.227004, 
216, 0.404279, 0.904846, 0.128473, -0.850918, -1.43438, 0.243947, 
216, 0.440216, 0.925583, 0.0680068, -0.823168, -1.39363, 0.260951, 
216, 0.47398, 0.949547, 0.00266604, -0.798767, -1.3513, 0.278211, 
216, 0.505694, 0.976897, -0.067825, -0.77769, -1.30738, 0.295976, 
216, 0.535482, 1.00785, -0.143875, -0.759963, -1.26178, 0.314563, 
216, 0.562699, 1.04447, -0.228999, -0.746433, -1.21381, 0.335096, 
216, 0.588923, 1.08417, -0.319118, -0.735998, -1.16416, 0.35711, 
216, 0.613576, 1.12912, -0.417896, -0.729779, -1.11194, 0.381843, 
216, 0.636767, 1.18048, -0.527478, -0.728571, -1.05653, 0.41053, 
216, 0.6586, 1.24018, -0.651403, -0.733811, -0.996855, 0.445186, 
216, 0.679172, 1.31181, -0.796163, -0.748313, -0.931054, 0.489529, 
216, 0.698572, 1.40327, -0.976048, -0.778605, -0.855133, 0.551882, 
216, 0.716883, 1.54014, -1.23708, -0.846561, -0.756716, 0.659613, 
217, -1.04061, 1.15053, 0.100802, -2.19056, -1.98599, 0.110146, 
217, -1.00457, 1.12638, 0.155796, -2.16423, -1.95952, 0.0894534, 
217, -0.966353, 1.10396, 0.207431, -2.13486, -1.93488, 0.0692462, 
217, -0.925866, 1.08311, 0.255632, -2.10229, -1.91222, 0.0498349, 
217, -0.883044, 1.06369, 0.300405, -2.06651, -1.89166, 0.0313388, 
217, -0.837846, 1.04553, 0.341761, -2.02751, -1.87323, 0.0138994, 
217, -0.790271, 1.02851, 0.379689, -1.98534, -1.85699, -0.0022899, 
217, -0.740357, 1.01248, 0.41416, -1.94006, -1.8429, -0.0169824, 
217, -0.688192, 0.997273, 0.445153, -1.8917, -1.83099, -0.0298704, 
217, -0.63393, 0.982836, 0.472534, -1.84063, -1.82082, -0.0406944, 
217, -0.577874, 0.969113, 0.496363, -1.7871, -1.81237, -0.0496734, 
217, -0.519998, 0.955605, 0.516401, -1.73071, -1.80537, -0.0547425, 
217, -0.460801, 0.942419, 0.532874, -1.67309, -1.79902, -0.0572564, 
217, -0.400927, 0.930114, 0.5452, -1.6127, -1.79356, -0.056918, 
217, -0.340443, 0.917943, 0.553819, -1.55161, -1.78773, -0.0531998, 
217, -0.279896, 0.906334, 0.558447, -1.48996, -1.78121, -0.0463789, 
217, -0.219733, 0.895318, 0.559092, -1.4282, -1.77342, -0.0366172, 
217, -0.160377, 0.885047, 0.555731, -1.36687, -1.76388, -0.0242173, 
217, -0.10222, 0.875718, 0.548355, -1.30655, -1.7522, -0.0095832, 
217, -0.0456039, 0.867546, 0.536973, -1.24778, -1.7381, 0.00682055, 
217, 0.00914562, 0.860925, 0.52167, -1.19137, -1.72204, 0.0236372, 
217, 0.0619275, 0.855581, 0.502345, -1.13681, -1.70221, 0.0427618, 
217, 0.112452, 0.852137, 0.479142, -1.08524, -1.68011, 0.0619146, 
217, 0.160656, 0.850677, 0.452137, -1.03673, -1.65565, 0.0809667, 
217, 0.206515, 0.851222, 0.421467, -0.991238, -1.62893, 0.0998805, 
217, 0.250025, 0.853862, 0.387222, -0.948814, -1.60011, 0.118539, 
217, 0.291175, 0.858987, 0.349259, -0.909787, -1.56934, 0.136584, 
217, 0.330043, 0.866526, 0.307724, -0.873959, -1.53686, 0.154083, 
217, 0.366702, 0.876537, 0.262645, -0.841257, -1.50282, 0.17105, 
217, 0.401243, 0.889061, 0.214025, -0.811588, -1.46737, 0.187548, 
217, 0.433771, 0.904137, 0.161835, -0.784847, -1.43061, 0.203683, 
217, 0.464395, 0.921811, 0.106008, -0.760933, -1.3926, 0.219593, 
217, 0.493226, 0.942146, 0.0464305, -0.73976, -1.35339, 0.235447, 
217, 0.520374, 0.965231, -0.017079, -0.721265, -1.31296, 0.25144, 
217, 0.545945, 0.991194, -0.0847819, -0.705421, -1.27128, 0.267802, 
217, 0.569232, 1.02193, -0.15974, -0.693053, -1.22768, 0.28525, 
217, 0.591876, 1.0546, -0.237762, -0.682741, -1.18304, 0.303565, 
217, 0.613238, 1.09107, -0.321784, -0.675449, -1.13663, 0.323418, 
217, 0.633406, 1.13191, -0.412908, -0.671537, -1.08807, 0.34545, 
217, 0.652463, 1.17801, -0.512768, -0.671609, -1.03685, 0.370586, 
217, 0.670484, 1.23075, -0.623911, -0.676701, -0.982167, 0.400261, 
217, 0.687542, 1.29252, -0.750692, -0.6887, -0.922671, 0.436941, 
217, 0.703702, 1.368, -0.901609, -0.71151, -0.855821, 0.48553, 
217, 0.719025, 1.4689, -1.09773, -0.755265, -0.775511, 0.558486, 
217, 0.733575, 1.73402, -1.58808, -0.943396, -0.61494, 0.807392, 
218, -0.884493, 1.09133, 0.443492, -2.05928, -1.80482, -0.113534, 
218, -0.837202, 1.07924, 0.474778, -2.01599, -1.79538, -0.130669, 
218, -0.787886, 1.06757, 0.503647, -1.97014, -1.78799, -0.146561, 
218, -0.73641, 1.0563, 0.529872, -1.92165, -1.78294, -0.160873, 
218, -0.682918, 1.04532, 0.553418, -1.87075, -1.78003, -0.173242, 
218, -0.627605, 1.03439, 0.574264, -1.8177, -1.77897, -0.183256, 
218, -0.570593, 1.02234, 0.591843, -1.76197, -1.78011, -0.18971, 
218, -0.512375, 1.01049, 0.606761, -1.7046, -1.78216, -0.193321, 
218, -0.453297, 0.99852, 0.618814, -1.64561, -1.78494, -0.193658, 
218, -0.393713, 0.986233, 0.627879, -1.58546, -1.7877, -0.190526, 
218, -0.334109, 0.973814, 0.633949, -1.5247, -1.79006, -0.184212, 
218, -0.27475, 0.960923, 0.636874, -1.46291, -1.79111, -0.173671, 
218, -0.216214, 0.947719, 0.637157, -1.40135, -1.79061, -0.16034, 
218, -0.158764, 0.935471, 0.633422, -1.34054, -1.78769, -0.144273, 
218, -0.102802, 0.923185, 0.626973, -1.28066, -1.78227, -0.125909, 
218, -0.0485827, 0.91152, 0.61736, -1.22234, -1.77398, -0.105817, 
218, 0.00367015, 0.900714, 0.604597, -1.16598, -1.76271, -0.0845308, 
218, 0.0537926, 0.89101, 0.588711, -1.11198, -1.74844, -0.0625661, 
218, 0.101676, 0.882632, 0.569738, -1.06062, -1.73127, -0.0403874, 
218, 0.147219, 0.875899, 0.547747, -1.01246, -1.71192, -0.0190572, 
218, 0.190538, 0.870648, 0.522741, -0.966695, -1.6891, 0.00296722, 
218, 0.231531, 0.867309, 0.494809, -0.924207, -1.66432, 0.0239568, 
218, 0.270283, 0.86591, 0.464029, -0.88481, -1.63764, 0.0439951, 
218, 0.306889, 0.86635, 0.430566, -0.848251, -1.60922, 0.0632391, 
218, 0.341442, 0.868787, 0.394412, -0.814538, -1.57926, 0.081622, 
218, 0.374019, 0.873461, 0.355475, -0.783709, -1.54799, 0.0990421, 
218, 0.404728, 0.880279, 0.313861, -0.755552, -1.51557, 0.11563, 
218, 0.433669, 0.889256, 0.26958, -0.729944, -1.48213, 0.131467, 
218, 0.460945, 0.900397, 0.222624, -0.706762, -1.44775, 0.146663, 
218, 0.486659, 0.913706, 0.172963, -0.685889, -1.4125, 0.161344, 
218, 0.510912, 0.929195, 0.120541, -0.667218, -1.37641, 0.175651, 
218, 0.5338, 0.946892, 0.0652683, -0.650658, -1.33949, 0.189734, 
218, 0.555414, 0.966842, 0.00701479, -0.636139, -1.30172, 0.203756, 
218, 0.574958, 0.990869, -0.056883, -0.624576, -1.26245, 0.217906, 
218, 0.594171, 1.01584, -0.122255, -0.614091, -1.22274, 0.232583, 
218, 0.61235, 1.04348, -0.191511, -0.605668, -1.18193, 0.24787, 
218, 0.629563, 1.074, -0.265133, -0.599414, -1.13984, 0.264065, 
218, 0.645878, 1.10776, -0.343782, -0.595512, -1.09624, 0.281548, 
218, 0.661354, 1.14523, -0.428371, -0.594267, -1.05081, 0.300824, 
218, 0.676048, 1.18711, -0.520211, -0.596164, -1.00309, 0.322607, 
218, 0.690011, 1.23445, -0.621277, -0.602, -0.95241, 0.34797, 
218, 0.703291, 1.28902, -0.734758, -0.613155, -0.8977, 0.378667, 
218, 0.715934, 1.354, -0.866446, -0.632274, -0.837085, 0.417952, 
218, 0.72798, 1.43635, -1.02889, -0.665391, -0.766604, 0.473086, 
218, 0.739473, 1.56409, -1.27249, -0.737751, -0.671153, 0.574306, 
219, -0.527942, 1.13562, 0.688135, -1.69516, -1.76519, -0.394127, 
219, -0.466024, 1.12379, 0.698077, -1.63525, -1.78081, -0.393768, 
219, -0.403964, 1.1106, 0.705696, -1.57384, -1.79618, -0.38854, 
219, -0.342267, 1.09632, 0.71122, -1.51165, -1.81073, -0.379058, 
219, -0.281291, 1.08046, 0.715034, -1.44874, -1.82416, -0.365272, 
219, -0.221749, 1.0648, 0.715437, -1.38637, -1.83369, -0.34776, 
219, -0.16369, 1.04779, 0.714, -1.32384, -1.8411, -0.326576, 
219, -0.107568, 1.03054, 0.710235, -1.26222, -1.84502, -0.30273, 
219, -0.0536487, 1.01333, 0.704109, -1.20221, -1.84528, -0.276988, 
219, -0.00197809, 0.99612, 0.695446, -1.14336, -1.84161, -0.249411, 
219, 0.0471859, 0.979104, 0.684894, -1.08694, -1.83435, -0.221247, 
219, 0.0939128, 0.9638, 0.670905, -1.03326, -1.82308, -0.193081, 
219, 0.138114, 0.949134, 0.655002, -0.982347, -1.80859, -0.165252, 
219, 0.179856, 0.935779, 0.636709, -0.934476, -1.791, -0.138238, 
219, 0.219203, 0.923919, 0.616067, -0.889727, -1.77065, -0.112324, 
219, 0.256244, 0.913702, 0.593123, -0.84811, -1.7479, -0.0877055, 
219, 0.291028, 0.905389, 0.567942, -0.810038, -1.72377, -0.0651976, 
219, 0.323828, 0.898652, 0.540546, -0.774113, -1.69669, -0.0429114, 
219, 0.354619, 0.893901, 0.511004, -0.741301, -1.66853, -0.0223826, 
219, 0.38355, 0.891084, 0.479376, -0.711264, -1.63927, -0.0033667, 
219, 0.410755, 0.890076, 0.445782, -0.683682, -1.60899, 0.0144071, 
219, 0.436391, 0.890542, 0.410484, -0.658216, -1.5778, 0.0312098, 
219, 0.460538, 0.893257, 0.373011, -0.635088, -1.54601, 0.0468466, 
219, 0.483299, 0.897894, 0.333585, -0.614004, -1.51366, 0.0615394, 
219, 0.504763, 0.904433, 0.292208, -0.594841, -1.48083, 0.0753909, 
219, 0.525019, 0.912849, 0.248871, -0.577482, -1.44755, 0.0885145, 
219, 0.543566, 0.924749, 0.201956, -0.562958, -1.41355, 0.10028, 
219, 0.561529, 0.936974, 0.154351, -0.548965, -1.37927, 0.112336, 
219, 0.578518, 0.951027, 0.104639, -0.536465, -1.34455, 0.124066, 
219, 0.594598, 0.966925, 0.0527274, -0.525397, -1.30936, 0.135592, 
219, 0.609835, 0.984699, -0.0015053, -0.515718, -1.27364, 0.147041, 
219, 0.624286, 1.00441, -0.0582185, -0.507407, -1.23734, 0.158545, 
219, 0.638005, 1.02612, -0.117616, -0.500465, -1.20037, 0.170248, 
219, 0.65104, 1.04996, -0.179961, -0.49492, -1.16262, 0.182316, 
219, 0.663439, 1.07608, -0.24559, -0.490835, -1.12394, 0.194938, 
219, 0.675243, 1.10469, -0.314946, -0.488319, -1.08415, 0.208348, 
219, 0.68649, 1.13609, -0.388612, -0.487539, -1.04303, 0.22284, 
219, 0.697217, 1.1707, -0.46738, -0.488757, -1.00026, 0.238808, 
219, 0.707456, 1.2091, -0.552364, -0.492371, -0.955412, 0.256798, 
219, 0.717239, 1.25217, -0.645202, -0.499016, -0.907881, 0.277623, 
219, 0.726592, 1.30133, -0.74846, -0.50975, -0.856728, 0.302585, 
219, 0.735543, 1.35901, -0.866555, -0.526505, -0.800371, 0.333989, 
219, 0.744115, 1.43015, -1.00843, -0.553404, -0.73568, 0.376667, 
219, 0.75233, 1.52784, -1.1976, -0.601909, -0.654575, 0.443879, 
220, 0.119181, 1.16528, 0.754948, -0.997348, -2.00389, -0.427104, 
220, 0.163915, 1.13908, 0.747566, -0.938581, -1.99654, -0.387721, 
220, 0.205509, 1.11327, 0.737781, -0.882855, -1.98466, -0.34856, 
220, 0.244048, 1.08895, 0.726599, -0.832134, -1.96913, -0.312473, 
220, 0.279907, 1.06557, 0.713004, -0.783289, -1.94926, -0.277417, 
220, 0.313173, 1.04375, 0.697673, -0.738857, -1.92664, -0.245068, 
220, 0.343984, 1.02344, 0.680763, -0.698264, -1.90164, -0.215403, 
220, 0.37276, 1.00546, 0.661571, -0.661258, -1.87486, -0.188019, 
220, 0.399467, 0.989101, 0.640827, -0.627483, -1.84645, -0.163032, 
220, 0.424344, 0.974671, 0.618349, -0.596744, -1.81682, -0.14023, 
220, 0.447434, 0.962785, 0.594347, -0.56982, -1.78785, -0.120348, 
220, 0.469164, 0.951898, 0.568444, -0.543852, -1.75591, -0.101089, 
220, 0.48947, 0.943095, 0.541042, -0.520342, -1.72351, -0.0833653, 
220, 0.508444, 0.936353, 0.512114, -0.499236, -1.69131, -0.0674282, 
220, 0.526231, 0.931507, 0.481696, -0.480105, -1.65901, -0.0529404, 
220, 0.542935, 0.928447, 0.449836, -0.462687, -1.62658, -0.0396416, 
220, 0.558647, 0.926823, 0.416758, -0.446732, -1.59397, -0.0273282, 
220, 0.573553, 0.925697, 0.383101, -0.43179, -1.56103, -0.0155488, 
220, 0.587375, 0.929804, 0.345611, -0.419276, -1.52898, -0.00546599, 
220, 0.600539, 0.933554, 0.308065, -0.407321, -1.4964, 0.00441958, 
220, 0.612983, 0.938889, 0.269111, -0.396456, -1.46381, 0.0137236, 
220, 0.62476, 0.945773, 0.228735, -0.3866, -1.43119, 0.0225371, 
220, 0.63592, 0.954179, 0.186909, -0.377683, -1.39851, 0.0309447, 
220, 0.646507, 0.964087, 0.143596, -0.369648, -1.36574, 0.0390256, 
220, 0.656562, 0.975486, 0.0987424, -0.362447, -1.33284, 0.0468557, 
220, 0.666123, 0.988376, 0.0522809, -0.356045, -1.29976, 0.0545081, 
220, 0.675223, 1.00277, 0.00412492, -0.350413, -1.26645, 0.0620557, 
220, 0.683893, 1.01869, -0.0458329, -0.345537, -1.23283, 0.0695722, 
220, 0.692162, 1.03618, -0.0977257, -0.341411, -1.19883, 0.0771346, 
220, 0.700056, 1.0553, -0.151719, -0.338044, -1.16435, 0.0848259, 
220, 0.707599, 1.07613, -0.208018, -0.335456, -1.1293, 0.0927385, 
220, 0.714814, 1.0988, -0.266878, -0.333689, -1.09355, 0.100979, 
220, 0.72172, 1.12345, -0.328624, -0.332805, -1.05694, 0.109674, 
220, 0.728336, 1.15028, -0.393671, -0.332897, -1.01928, 0.11898, 
220, 0.734681, 1.17959, -0.462564, -0.334103, -0.980339, 0.1291, 
220, 0.740769, 1.21175, -0.536031, -0.336622, -0.939793, 0.140305, 
220, 0.746616, 1.2473, -0.615087, -0.340754, -0.897217, 0.152975, 
220, 0.752236, 1.28705, -0.701212, -0.346967, -0.852001, 0.167679, 
220, 0.75764, 1.33226, -0.7967, -0.356029, -0.803211, 0.185325, 
220, 0.76284, 1.38508, -0.905449, -0.369328, -0.749282, 0.207517, 
220, 0.767848, 1.44971, -1.03507, -0.389735, -0.687199, 0.23753, 
220, 0.772674, 1.53689, -1.20483, -0.424975, -0.609421, 0.284079, 
221, 0.657204, 1.10688, 0.641832, -0.22668, -1.99747, -0.159179, 
221, 0.66594, 1.08575, 0.625472, -0.213653, -1.96118, -0.148684, 
221, 0.674335, 1.06965, 0.60606, -0.202201, -1.92681, -0.139392, 
221, 0.681961, 1.053, 0.58449, -0.191871, -1.88931, -0.131215, 
221, 0.689112, 1.03879, 0.562861, -0.182552, -1.85416, -0.12387, 
221, 0.695761, 1.02786, 0.540932, -0.174308, -1.822, -0.117531, 
221, 0.702046, 1.01626, 0.516413, -0.166609, -1.78632, -0.111561, 
221, 0.707948, 1.00672, 0.491125, -0.159623, -1.75184, -0.106163, 
221, 0.71349, 0.999118, 0.464871, -0.153295, -1.71828, -0.101281, 
221, 0.718707, 0.993193, 0.437614, -0.147544, -1.68537, -0.096897, 
221, 0.72353, 0.98924, 0.40987, -0.142386, -1.65395, -0.0928791, 
221, 0.728287, 0.985768, 0.380087, -0.137467, -1.62085, -0.0892804, 
221, 0.732697, 0.983528, 0.350262, -0.132985, -1.58895, -0.0859261, 
221, 0.736877, 0.984111, 0.318387, -0.129, -1.55779, -0.0828545, 
221, 0.740846, 0.985246, 0.286075, -0.125271, -1.52672, -0.08, 
221, 0.744619, 0.987651, 0.252729, -0.121842, -1.49587, -0.077342, 
221, 0.74821, 0.991299, 0.218359, -0.118687, -1.46523, -0.0748553, 
221, 0.751632, 0.996164, 0.182951, -0.115787, -1.43474, -0.0725161, 
221, 0.754896, 1.00222, 0.146483, -0.113122, -1.40439, -0.0703027, 
221, 0.758013, 1.00946, 0.108926, -0.110678, -1.37411, -0.0681953, 
221, 0.760994, 1.01786, 0.0702426, -0.108442, -1.34386, -0.0661754, 
221, 0.763846, 1.02742, 0.030387, -0.106403, -1.3136, -0.0642256, 
221, 0.766578, 1.03815, -0.0106974, -0.104554, -1.28326, -0.0623293, 
221, 0.769196, 1.05006, -0.0530787, -0.102887, -1.25281, -0.0604704, 
221, 0.771709, 1.06316, -0.0968383, -0.101398, -1.22217, -0.0586328, 
221, 0.774122, 1.07749, -0.142074, -0.100087, -1.19128, -0.0567998, 
221, 0.776441, 1.09309, -0.188903, -0.0989528, -1.16006, -0.0549538, 
221, 0.77867, 1.11002, -0.237467, -0.0979991, -1.12844, -0.053076, 
221, 0.780816, 1.12835, -0.287939, -0.0972321, -1.09631, -0.0511449, 
221, 0.782882, 1.14818, -0.340528, -0.0966619, -1.06357, -0.0491362, 
221, 0.784874, 1.16963, -0.395498, -0.0963035, -1.03007, -0.0470208, 
221, 0.786796, 1.19288, -0.453178, -0.0961785, -0.995669, -0.0447631, 
221, 0.788651, 1.21814, -0.513989, -0.0963177, -0.96015, -0.0423182, 
221, 0.790443, 1.24571, -0.578485, -0.0967652, -0.923257, -0.0396268, 
221, 0.792175, 1.27598, -0.647414, -0.0975852, -0.884646, -0.0366078, 
221, 0.79385, 1.30952, -0.721826, -0.098874, -0.843841, -0.0331448, 
221, 0.795471, 1.34719, -0.803271, -0.100783, -0.800144, -0.0290597, 
221, 0.79704, 1.39033, -0.894209, -0.103566, -0.752462, -0.0240591, 
221, 0.798559, 1.44135, -0.998956, -0.107698, -0.698883, -0.0176046, 
221, 0.80003, 1.50515, -1.12638, -0.114214, -0.635502, -0.00853266, 
221, 0.801456, 1.59515, -1.30054, -0.126113, -0.551754, 0.0064918, 
222, 0.984205, 1.10975, 0.369383, 0.373577, -1.7962, -0.132089, 
222, 0.977449, 1.10276, 0.349625, 0.365027, -1.771, -0.141278, 
222, 0.970987, 1.09648, 0.32929, 0.357015, -1.74581, -0.150046, 
222, 0.96481, 1.09105, 0.30826, 0.349569, -1.72066, -0.158403, 
222, 0.958099, 1.08659, 0.287612, 0.341882, -1.69665, -0.166043, 
222, 0.952924, 1.08283, 0.264403, 0.335968, -1.67081, -0.173873, 
222, 0.947681, 1.08011, 0.240853, 0.330235, -1.64558, -0.181322, 
222, 0.942489, 1.07807, 0.216922, 0.324725, -1.62059, -0.188356, 
222, 0.937438, 1.07592, 0.193142, 0.319324, -1.59559, -0.1951, 
222, 0.932745, 1.07731, 0.16633, 0.315142, -1.57092, -0.201789, 
222, 0.928114, 1.07808, 0.140116, 0.310854, -1.54624, -0.208179, 
222, 0.92372, 1.07973, 0.113697, 0.306984, -1.52234, -0.214456, 
222, 0.919329, 1.08208, 0.0850411, 0.303296, -1.49656, -0.220517, 
222, 0.915178, 1.08534, 0.0563574, 0.300015, -1.47179, -0.226489, 
222, 0.911172, 1.08943, 0.0268504, 0.297047, -1.44699, -0.232364, 
222, 0.907305, 1.09435, -0.0035028, 0.294382, -1.42216, -0.238164, 
222, 0.903569, 1.1001, -0.0347294, 0.292013, -1.39725, -0.24391, 
222, 0.899959, 1.10668, -0.0668619, 0.289934, -1.37227, -0.249624, 
222, 0.896468, 1.11411, -0.0999383, 0.288142, -1.34717, -0.255329, 
222, 0.89309, 1.1224, -0.134003, 0.286635, -1.32193, -0.261048, 
222, 0.88982, 1.13156, -0.169109, 0.285417, -1.29652, -0.266804, 
222, 0.886654, 1.14162, -0.205316, 0.28449, -1.27091, -0.272624, 
222, 0.883585, 1.1526, -0.242697, 0.283862, -1.24505, -0.278534, 
222, 0.880611, 1.16455, -0.281334, 0.283543, -1.21891, -0.284565, 
222, 0.877726, 1.1775, -0.321327, 0.283547, -1.19242, -0.290751, 
222, 0.874928, 1.19151, -0.3628, 0.283896, -1.16554, -0.297132, 
222, 0.872529, 1.20566, -0.403831, 0.284587, -1.13907, -0.30325, 
222, 0.869739, 1.22239, -0.449456, 0.285679, -1.11088, -0.310348, 
222, 0.867104, 1.24025, -0.496708, 0.287227, -1.0822, -0.317701, 
222, 0.864575, 1.25947, -0.54601, 0.289275, -1.05284, -0.325436, 
222, 0.862133, 1.28026, -0.597768, 0.291888, -1.02265, -0.333671, 
222, 0.859765, 1.30286, -0.652432, 0.29516, -0.99142, -0.34254, 
222, 0.857465, 1.32757, -0.71056, 0.299218, -0.95892, -0.35221, 
222, 0.855229, 1.35479, -0.772886, 0.30424, -0.92484, -0.362905, 
222, 0.853053, 1.38507, -0.840426, 0.31048, -0.888757, -0.374939, 
222, 0.850935, 1.41923, -0.914671, 0.318327, -0.850053, -0.38878, 
222, 0.848871, 1.45857, -0.997937, 0.328399, -0.807776, -0.405168, 
222, 0.846859, 1.50524, -1.09412, 0.341767, -0.760328, -0.425373, 
222, 0.844887, 1.57325, -1.22847, 0.365681, -0.697676, -0.458244, 
222, 0.842975, 1.68318, -1.43772, 0.411498, -0.6049, -0.516684, 
223, 1.16264, 1.24655, -0.12031, 0.881297, -1.67484, -0.401451, 
223, 1.15279, 1.24605, -0.137483, 0.87142, -1.66016, -0.412176, 
223, 1.14299, 1.24585, -0.154617, 0.861851, -1.64553, -0.422521, 
223, 1.13334, 1.24606, -0.17221, 0.852646, -1.63073, -0.432725, 
223, 1.12388, 1.24671, -0.190406, 0.843828, -1.61571, -0.44287, 
223, 1.11461, 1.24781, -0.209218, 0.835384, -1.60044, -0.452986, 
223, 1.10552, 1.24917, -0.228431, 0.827173, -1.58498, -0.463067, 
223, 1.09666, 1.25165, -0.249092, 0.819841, -1.56912, -0.473135, 
223, 1.08795, 1.25425, -0.269991, 0.812651, -1.55311, -0.483208, 
223, 1.07938, 1.25733, -0.291546, 0.805837, -1.53689, -0.493284, 
223, 1.07106, 1.26122, -0.314264, 0.799441, -1.52036, -0.503486, 
223, 1.06285, 1.26545, -0.337439, 0.793427, -1.50365, -0.513667, 
223, 1.05497, 1.2701, -0.361057, 0.787851, -1.48676, -0.523689, 
223, 1.047, 1.27585, -0.386628, 0.782658, -1.46937, -0.534338, 
223, 1.03929, 1.28198, -0.412584, 0.777882, -1.45183, -0.544864, 
223, 1.0319, 1.2864, -0.435897, 0.773128, -1.43417, -0.554033, 
223, 1.02453, 1.29497, -0.465425, 0.769463, -1.41603, -0.565532, 
223, 1.0172, 1.30374, -0.495339, 0.766039, -1.39761, -0.576982, 
223, 1.01005, 1.3129, -0.52585, 0.76302, -1.37887, -0.588445, 
223, 1.00309, 1.32258, -0.5571, 0.760434, -1.35984, -0.599983, 
223, 0.996354, 1.3325, -0.588477, 0.758202, -1.34075, -0.611326, 
223, 0.989487, 1.34514, -0.624873, 0.756904, -1.32021, -0.624541, 
223, 0.982891, 1.35732, -0.660123, 0.755811, -1.29999, -0.637137, 
223, 0.976289, 1.36927, -0.694919, 0.754947, -1.27986, -0.64959, 
223, 0.970151, 1.38631, -0.738195, 0.755865, -1.25743, -0.664739, 
223, 0.964013, 1.40169, -0.778522, 0.756574, -1.23575, -0.678814, 
223, 0.957877, 1.42044, -0.824814, 0.758732, -1.21241, -0.695214, 
223, 0.951901, 1.44048, -0.873215, 0.761661, -1.18844, -0.712319, 
223, 0.946043, 1.46271, -0.925367, 0.765718, -1.16338, -0.730841, 
223, 0.940294, 1.48779, -0.982454, 0.771207, -1.1369, -0.75129, 
223, 0.934583, 1.51189, -1.0376, 0.776655, -1.11088, -0.77086, 
223, 0.929073, 1.54535, -1.10941, 0.78626, -1.08014, -0.797228, 
223, 0.923676, 1.59315, -1.20686, 0.802557, -1.04216, -0.834405, 
223, 0.918338, 1.65199, -1.32392, 0.824504, -0.998502, -0.879963, 
224, 1.25487, 1.60756, -0.93492, -2.06919, 1.58444, 2.30326, 
224, 1.20535, 1.61191, -0.99355, 1.04309, -1.52335, -0.866207, 
224, 1.19565, 1.61438, -1.00821, 1.03783, -1.51035, -0.872714, 
224, 1.0766, 1.80249, -1.4785, 1.0178, -1.27259, -1.0614, 
225, -0.194239, 0.234023, 0.650128, -1.06961, -1.99238, 0.283492, 
225, -0.132386, 0.204475, 0.638212, -1.0161, -1.93678, 0.300369, 
225, -0.0717463, 0.181384, 0.619433, -0.967297, -1.87931, 0.313551, 
225, -0.0127177, 0.164946, 0.594, -0.923079, -1.82078, 0.323286, 
225, 0.0443699, 0.155172, 0.562173, -0.883188, -1.76187, 0.329961, 
225, 0.0992585, 0.1519, 0.524232, -0.847289, -1.7031, 0.334081, 
225, 0.151763, 0.154853, 0.480452, -0.815047, -1.64485, 0.336194, 
225, 0.201496, 0.163136, 0.43162, -0.786629, -1.58619, 0.336861, 
225, 0.249021, 0.177677, 0.376678, -0.760669, -1.5298, 0.336574, 
225, 0.293949, 0.197305, 0.316534, -0.737668, -1.47405, 0.33586, 
225, 0.336328, 0.221741, 0.251211, -0.717457, -1.41887, 0.335177, 
225, 0.376236, 0.250764, 0.180645, -0.699944, -1.36408, 0.334958, 
225, 0.413768, 0.284227, 0.10466, -0.685108, -1.30945, 0.335631, 
225, 0.449034, 0.322091, 0.0229332, -0.673006, -1.2547, 0.337638, 
225, 0.482155, 0.364444, -0.0650459, -0.663792, -1.19946, 0.34147, 
225, 0.513254, 0.411546, -0.160051, -0.657748, -1.14329, 0.347716, 
225, 0.542456, 0.46389, -0.263235, -0.655344, -1.08566, 0.357149, 
225, 0.569882, 0.522318, -0.376347, -0.657353, -1.02586, 0.37086, 
225, 0.595651, 0.58825, -0.502139, -0.665073, -0.962874, 0.390539, 
225, 0.619875, 0.664164, -0.645241, -0.680835, -0.895198, 0.419062, 
225, 0.642657, 0.754795, -0.814319, -0.709278, -0.820195, 0.461982, 
225, 0.664236, 0.878327, -1.04238, -0.768058, -0.728817, 0.540629, 
226, -0.388011, 0.0454764, 0.630023, -1.17838, -1.95979, 0.596114, 
226, -0.325307, 0.0172435, 0.628746, -1.13719, -1.9026, 0.603752, 
226, -0.262352, -0.00485457, 0.62125, -1.09866, -1.84396, 0.608321, 
226, -0.199885, -0.0202622, 0.607859, -1.06315, -1.78494, 0.608274, 
226, -0.137784, -0.0295941, 0.588154, -1.02968, -1.72532, 0.607946, 
226, -0.0769129, -0.0324504, 0.56273, -0.998474, -1.66615, 0.60475, 
226, -0.0176642, -0.0290538, 0.531767, -0.969519, -1.60798, 0.599288, 
226, 0.0396471, -0.0197594, 0.495464, -0.942625, -1.55108, 0.592214, 
226, 0.0947687, -0.00497263, 0.454014, -0.91764, -1.49559, 0.584103, 
226, 0.147513, 0.0148895, 0.407588, -0.894489, -1.44158, 0.575474, 
226, 0.197757, 0.0394232, 0.356319, -0.873152, -1.38898, 0.566803, 
226, 0.24544, 0.0682622, 0.300288, -0.853663, -1.33769, 0.558539, 
226, 0.290553, 0.101097, 0.239516, -0.836096, -1.2875, 0.551099, 
226, 0.333129, 0.13769, 0.173944, -0.820569, -1.2382, 0.544887, 
226, 0.373235, 0.177889, 0.103421, -0.807247, -1.18949, 0.540302, 
226, 0.410877, 0.221381, 0.0280096, -0.796613, -1.13981, 0.537731, 
226, 0.446341, 0.268768, -0.0533806, -0.788366, -1.0916, 0.537689, 
226, 0.479647, 0.319941, -0.140997, -0.783254, -1.04291, 0.540726, 
226, 0.510918, 0.375279, -0.235737, -0.781849, -0.993329, 0.547584, 
226, 0.540279, 0.43542, -0.33892, -0.78499, -0.942352, 0.559301, 
226, 0.567852, 0.501391, -0.452541, -0.793977, -0.889331, 0.577424, 
226, 0.593756, 0.574893, -0.579775, -0.810952, -0.833385, 0.604452, 
226, 0.618101, 0.658908, -0.726082, -0.839752, -0.773191, 0.644807, 
226, 0.641127, 0.7631, -0.909037, -0.892354, -0.705437, 0.712598, 
226, 0.662711, 0.906202, -1.16221, -0.994565, -0.62344, 0.836813, 
227, -0.575892, -0.0762032, 0.490627, 1.85491, 1.96581, -2.17005, 
227, -0.516856, -0.10727, 0.501863, 1.87923, 1.90796, -2.16677, 
227, -0.456168, -0.133137, 0.507804, -1.23874, -1.84817, -5.30689, 
227, -0.33163, -0.167409, 0.503647, -1.19613, -1.72532, 0.971863, 
227, -0.268641, -0.175432, 0.493587, -1.17674, -1.66325, 0.966189, 
227, -0.205664, -0.177614, 0.478696, -1.158, -1.6013, 0.958278, 
227, -0.143735, -0.173206, 0.458171, -1.14013, -1.54059, 0.948678, 
227, -0.0828133, -0.163144, 0.432856, -1.12278, -1.48113, 0.937587, 
227, -0.023413, -0.147619, 0.402733, -1.10592, -1.42323, 0.925338, 
227, 0.0341033, -0.126958, 0.367876, -1.08953, -1.36714, 0.912378, 
227, 0.0894599, -0.101538, 0.328366, -1.07368, -1.31299, 0.899161, 
227, 0.142456, -0.0717391, 0.284265, -1.05848, -1.2608, 0.886147, 
227, 0.192752, -0.0381217, 0.235997, -1.04291, -1.21057, 0.872404, 
227, 0.240783, -0.00053669, 0.182634, -1.02996, -1.16199, 0.861565, 
227, 0.286205, 0.0404797, 0.124672, -1.0183, -1.11499, 0.852178, 
227, 0.329065, 0.0847548, 0.0619529, -1.00832, -1.06933, 0.84477, 
227, 0.369434, 0.132198, -0.00576225, -1.00043, -1.02473, 0.83988, 
227, 0.407406, 0.182816, -0.0788265, -0.995137, -0.980878, 0.838096, 
227, 0.443091, 0.236738, -0.157749, -0.993057, -0.937473, 0.840106, 
227, 0.476606, 0.294243, -0.243263, -0.994963, -0.894179, 0.846775, 
227, 0.508075, 0.355821, -0.336431, -1.0019, -0.850643, 0.859258, 
227, 0.537624, 0.422273, -0.438838, -1.01536, -0.806486, 0.879213, 
227, 0.565376, 0.494916, -0.552968, -1.03765, -0.761284, 0.909188, 
227, 0.591452, 0.576034, -0.683017, -1.07259, -0.714544, 0.953465, 
227, 0.615965, 0.670076, -0.837054, -1.12748, -0.66566, 1.02023, 
227, 0.639027, 0.787968, -1.03477, -1.21969, -0.613823, 1.1291, 
227, 0.660741, 0.989815, -1.38411, -1.4352, -0.557861, 1.37913, 
228, -0.211601, -0.234538, 0.270898, 1.79331, 1.49425, -1.78721, 
228, -0.149453, -0.225041, 0.255104, 1.7962, 1.43229, -1.79491, 
228, -0.0884592, -0.210316, 0.234891, 1.79896, 1.371, -1.8032, 
228, -0.028867, -0.190304, 0.210033, 1.80268, 1.31253, -1.81252, 
228, 0.0288119, -0.165585, 0.180778, 1.80633, 1.25538, -1.82185, 
228, 0.0842864, -0.13648, 0.147211, 1.8111, 1.1997, -1.83195, 
228, 0.137553, -0.10294, 0.10877, 1.81389, 1.14751, -1.83968, 
228, 0.188141, -0.0657389, 0.0661019, 1.81688, 1.09706, -1.84686, 
228, 0.236452, -0.024614, 0.0183978, 1.82029, 1.04863, -1.85372, 
228, 0.282037, 0.019825, -0.0339556, 1.82199, 1.00255, -1.85792, 
228, 0.325094, 0.06759, -0.0913722, -1.31944, -0.958452, 1.28198, 
228, 0.365673, 0.11863, -0.154181, 1.81991, 0.91624, -1.85789, 
228, 0.403844, 0.172966, -0.222778, 1.81466, 0.875779, -1.85209, 
228, 0.43965, 0.230642, -0.297571, 1.8059, 0.836978, -1.84176, 
228, 0.473295, 0.292166, -0.37969, 1.79225, 0.799621, -1.82533, 
228, 0.505072, 0.358692, -0.471293, 1.76995, 0.763517, -1.79872, 
228, 0.53479, 0.430371, -0.57301, -1.40153, -0.729008, 1.37842, 
228, 0.562698, 0.509465, -0.688941, -1.44346, -0.696336, 1.4279, 
228, 0.588923, 0.599223, -0.825044, 1.63907, 0.66618, -1.64445, 
228, 0.613577, 0.707287, -0.995124, 1.55254, 0.640782, -1.54341, 
228, 0.636766, 0.860737, -1.24787, 1.40705, 0.627838, -1.37265, 
229, -0.0832917, 0.263093, 0.721456, -0.993541, -1.9777, 0.151414, 
229, -0.0272684, 0.234778, 0.703496, -0.939642, -1.92503, 0.172799, 
229, 0.0268479, 0.212499, 0.679692, -0.891153, -1.87079, 0.190132, 
229, 0.0788522, 0.196325, 0.650296, -0.847733, -1.81576, 0.203785, 
229, 0.127993, 0.185501, 0.616397, -0.809437, -1.75971, 0.214239, 
229, 0.175466, 0.181473, 0.576433, -0.774804, -1.70528, 0.222219, 
229, 0.220571, 0.182782, 0.531793, -0.743907, -1.65111, 0.227902, 
229, 0.263396, 0.189102, 0.482576, -0.716298, -1.5973, 0.23189, 
229, 0.30382, 0.200223, 0.429047, -0.691792, -1.54424, 0.234769, 
229, 0.341938, 0.215826, 0.371311, -0.670106, -1.49188, 0.236957, 
229, 0.377852, 0.235629, 0.309414, -0.651024, -1.44009, 0.238836, 
229, 0.411667, 0.259408, 0.243338, -0.634394, -1.38872, 0.240756, 
229, 0.443495, 0.287004, 0.172981, -0.62012, -1.33756, 0.243048, 
229, 0.473448, 0.318331, 0.0981458, -0.608166, -1.28639, 0.246041, 
229, 0.50164, 0.353393, 0.0185156, -0.598563, -1.23494, 0.250078, 
229, 0.528179, 0.3923, -0.0663817, -0.591418, -1.18288, 0.255542, 
229, 0.553175, 0.435298, -0.157227, -0.586939, -1.12984, 0.262898, 
229, 0.576727, 0.482815, -0.254999, -0.585482, -1.07536, 0.272746, 
229, 0.598934, 0.535544, -0.36113, -0.587627, -1.01883, 0.285921, 
229, 0.619886, 0.594605, -0.477795, -0.594331, -0.959427, 0.30368, 
229, 0.639668, 0.661863, -0.608487, -0.607253, -0.895911, 0.32807, 
229, 0.658359, 0.740659, -0.759343, -0.629509, -0.826247, 0.36281, 
229, 0.676134, 0.841715, -0.949938, -0.67117, -0.744485, 0.419995, 
229, 0.692889, 0.991198, -1.22708, -0.760129, -0.637028, 0.531549, 
230, -0.38747, 0.0468901, 0.760156, -1.19962, -1.98502, 0.463901, 
230, -0.326922, 0.0153851, 0.75862, -1.15049, -1.93294, 0.479212, 
230, -0.26639, -0.0105844, 0.751564, -1.10493, -1.87905, 0.490898, 
230, -0.206332, -0.0306534, 0.739079, -1.06284, -1.8241, 0.498985, 
230, -0.147175, -0.0446729, 0.721323, -1.024, -1.76878, 0.503684, 
230, -0.0893023, -0.0526808, 0.698497, -0.988168, -1.7137, 0.505343, 
230, -0.0330458, -0.0548683, 0.670825, -0.955077, -1.65935, 0.5044, 
230, 0.0213239, -0.0515432, 0.638542, -0.924486, -1.60608, 0.501355, 
230, 0.0735928, -0.0430759, 0.601883, -0.89619, -1.5541, 0.496683, 
230, 0.123614, -0.0298791, 0.561062, -0.870009, -1.50352, 0.490873, 
230, 0.171296, -0.0123649, 0.516266, -0.845817, -1.45434, 0.484381, 
230, 0.216599, 0.00907823, 0.467648, -0.823533, -1.40648, 0.477618, 
230, 0.259524, 0.0341015, 0.415321, -0.80311, -1.35981, 0.470949, 
230, 0.29999, 0.062109, 0.359649, -0.784928, -1.31289, 0.464774, 
230, 0.338321, 0.0935399, 0.299984, -0.768118, -1.26842, 0.459246, 
230, 0.374449, 0.127804, 0.236673, -0.753249, -1.22447, 0.454718, 
230, 0.408475, 0.164799, 0.169598, -0.740386, -1.18084, 0.451462, 
230, 0.440504, 0.204489, 0.0985672, -0.729636, -1.13731, 0.449759, 
230, 0.470649, 0.246911, 0.0232963, -0.721157, -1.09364, 0.449916, 
230, 0.49902, 0.292188, -0.05662, -0.715176, -1.04954, 0.452293, 
230, 0.525727, 0.340551, -0.141748, -0.712016, -1.00473, 0.457344, 
230, 0.550879, 0.392371, -0.232882, -0.712142, -0.958827, 0.465669, 
230, 0.574576, 0.448216, -0.331145, -0.716244, -0.911419, 0.478109, 
230, 0.596917, 0.508953, -0.438188, -0.725379, -0.861954, 0.495912, 
230, 0.617992, 0.575948, -0.556537, -0.741257, -0.809684, 0.521049, 
230, 0.637886, 0.651476, -0.690347, -0.766838, -0.753508, 0.556889, 
230, 0.656678, 0.739706, -0.847161, -0.807815, -0.69161, 0.609834, 
230, 0.674578, 0.857638, -1.05778, -0.886802, -0.617515, 0.70574, 
230, 0.691426, 1.08644, -1.46758, -1.12136, -0.50558, 0.97631, 
231, -0.571949, -0.1689, 0.644782, 1.84827, 1.94457, -2.23387, 
231, -0.394656, -0.23999, 0.649872, -1.21345, -1.77177, 0.920715, 
231, -0.334099, -0.252606, 0.642459, -1.19012, -1.71252, 0.919269, 
231, -0.273017, -0.26019, 0.631282, -1.16795, -1.65294, 0.915206, 
231, -0.21329, -0.26084, 0.614574, -1.14707, -1.59479, 0.908352, 
231, -0.154092, -0.256329, 0.594018, -1.12697, -1.53753, 0.899505, 
231, -0.096067, -0.246683, 0.569466, -1.10751, -1.48167, 0.888838, 
231, -0.0396036, -0.232162, 0.54098, -1.08856, -1.42753, 0.876755, 
231, 0.015005, -0.213121, 0.508667, -1.0701, -1.37531, 0.863668, 
231, 0.0671969, -0.190146, 0.473074, -1.05114, -1.32532, 0.84872, 
231, 0.117664, -0.163174, 0.433249, -1.03405, -1.27695, 0.835363, 
231, 0.165715, -0.132864, 0.389967, -1.01752, -1.23059, 0.822018, 
231, 0.211349, -0.0995335, 0.343245, -1.00174, -1.18605, 0.809158, 
231, 0.254583, -0.0634582, 0.293082, -0.986921, -1.14315, 0.797188, 
231, 0.295458, -0.0248637, 0.239456, -0.973302, -1.10167, 0.786472, 
231, 0.334042, 0.0160799, 0.182303, -0.961127, -1.06138, 0.777355, 
231, 0.370416, 0.0592622, 0.121514, -0.950662, -1.02205, 0.770177, 
231, 0.404678, 0.104637, 0.0569152, -0.942205, -0.983426, 0.76529, 
231, 0.436934, 0.152226, -0.0117409, -0.9361, -0.945255, 0.763084, 
231, 0.467293, 0.20213, -0.0848022, -0.93276, -0.907282, 0.764012, 
231, 0.495868, 0.254545, -0.16275, -0.932699, -0.86925, 0.768637, 
231, 0.522767, 0.309784, -0.24625, -0.936593, -0.830889, 0.777696, 
231, 0.548099, 0.368326, -0.336242, -0.94537, -0.791918, 0.792196, 
231, 0.571967, 0.430893, -0.434083, -0.960365, -0.75203, 0.813597, 
231, 0.594469, 0.498604, -0.541828, -0.983615, -0.71088, 0.844125, 
231, 0.615698, 0.573295, -0.662813, -1.01846, -0.668061, 0.887447, 
231, 0.635742, 0.658311, -0.803078, -1.071, -0.623079, 0.950258, 
231, 0.654683, 0.760987, -0.975826, -1.15444, -0.575297, 1.04712, 
231, 0.672597, 0.90543, -1.22437, -1.31044, -0.523861, 1.22427, 
232, -0.102221, -0.314887, 0.349876, -1.33924, -1.34892, 1.32942, 
232, -0.0456048, -0.294969, 0.326687, -1.33482, -1.29311, 1.31917, 
232, 0.00917791, -0.27099, 0.300006, 1.81163, 1.2392, -1.83319, 
232, 0.0619188, -0.243227, 0.269833, 1.81702, 1.18749, -1.84429, 
232, 0.112418, -0.212013, 0.236205, 1.82271, 1.138, -1.85532, 
232, 0.160587, -0.177635, 0.199102, 1.82838, 1.09071, -1.86584, 
232, 0.206473, -0.140274, 0.158407, 1.83407, 1.04552, -1.87569, 
232, 0.250084, -0.100305, 0.114459, 1.83939, 1.0024, -1.88457, 
232, 0.29094, -0.0578551, 0.0664586, 1.8431, 0.961513, -1.89089, 
232, 0.329801, -0.0129397, 0.0147838, 1.84654, 0.922301, -1.89616, 
232, 0.36641, 0.0342201, -0.0407803, -1.29344, -0.884804, 1.24286, 
232, 0.400881, 0.0835696, -0.100423, -1.29424, -0.848616, 1.24347, 
232, 0.433313, 0.13521, -0.164524, -1.29821, -0.814227, 1.24808, 
232, 0.463893, 0.189365, -0.233628, -1.30516, -0.780807, 1.25658, 
232, 0.492643, 0.245853, -0.307741, 1.82509, 0.74851, 4.41181, 
232, 0.519716, 0.305962, -0.38891, -1.33392, -0.716927, 1.29107, 
232, 0.545213, 0.369533, -0.477278, -1.35845, -0.686959, 1.31994, 
232, 0.569209, 0.437616, -0.574729, -1.39224, -0.657855, 1.35922, 
232, 0.591877, 0.512045, -0.684532, -1.43714, -0.63024, 1.41114, 
232, 0.613238, 0.595303, -0.811254, 1.64249, 0.604823, -1.65952, 
232, 0.633408, 0.693173, -0.965286, 1.55528, 0.583749, -1.56018, 
232, 0.652463, 0.822927, -1.17768, 1.42059, 0.572471, -1.40652, 
233, 0.0736876, 0.322523, 0.764781, -0.861296, -1.97244, 0.00678893, 
233, 0.120634, 0.294334, 0.741229, -0.811199, -1.92078, 0.0315604, 
233, 0.165273, 0.271872, 0.712847, -0.766886, -1.86811, 0.0519684, 
233, 0.207215, 0.254789, 0.680437, -0.727877, -1.81498, 0.0683704, 
233, 0.247296, 0.243682, 0.64308, -0.693424, -1.76251, 0.0819333, 
233, 0.285169, 0.237692, 0.601729, -0.662934, -1.71033, 0.0926756, 
233, 0.320919, 0.236528, 0.556576, -0.635944, -1.65871, 0.101218, 
233, 0.354632, 0.239875, 0.50781, -0.612045, -1.60774, 0.108086, 
233, 0.386409, 0.247419, 0.455571, -0.590892, -1.55745, 0.113727, 
233, 0.416376, 0.258828, 0.399906, -0.572196, -1.50766, 0.118569, 
233, 0.444583, 0.273981, 0.340926, -0.555787, -1.45848, 0.122835, 
233, 0.471147, 0.292654, 0.278616, -0.541477, -1.40976, 0.126824, 
233, 0.496177, 0.314687, 0.212906, -0.529134, -1.3613, 0.130803, 
233, 0.519776, 0.339978, 0.143654, -0.518678, -1.31291, 0.135024, 
233, 0.542042, 0.368493, 0.0706403, -0.510075, -1.26436, 0.139739, 
233, 0.563063, 0.400271, -0.00645374, -0.503346, -1.2154, 0.145213, 
233, 0.582924, 0.435437, -0.0880748, -0.498573, -1.16576, 0.151743, 
233, 0.601706, 0.474228, -0.174842, -0.495918, -1.1151, 0.159692, 
233, 0.61948, 0.517029, -0.26762, -0.495654, -1.06299, 0.169524, 
233, 0.636316, 0.564438, -0.367636, -0.49822, -1.00891, 0.181877, 
233, 0.652276, 0.61739, -0.476704, -0.504332, -0.952122, 0.197687, 
233, 0.667418, 0.677384, -0.597645, -0.515194, -0.891544, 0.218444, 
233, 0.681794, 0.747, -0.735201, -0.532987, -0.82545, 0.246733, 
233, 0.695453, 0.831162, -0.898321, -0.562118, -0.750694, 0.287662, 
233, 0.708548, 0.951786, -1.12677, -0.622996, -0.654337, 0.365134, 
234, -0.317793, 0.0555056, 0.903839, -1.16723, -1.9799, 0.294644, 
234, -0.258644, 0.0221102, 0.898434, -1.11096, -1.93204, 0.317054, 
234, -0.200303, -0.00581371, 0.888028, -1.05959, -1.88205, 0.334807, 
234, -0.143206, -0.0279796, 0.872806, -1.01241, -1.83102, 0.348529, 
234, -0.0876588, -0.0442754, 0.85298, -0.969232, -1.77976, 0.358386, 
234, -0.0339244, -0.0547925, 0.828765, -0.929836, -1.72883, 0.364742, 
234, 0.0177902, -0.059791, 0.800423, -0.893853, -1.67871, 0.368114, 
234, 0.0673362, -0.0596333, 0.76822, -0.860924, -1.62971, 0.369044, 
234, 0.114619, -0.0547374, 0.732411, -0.830739, -1.58199, 0.368059, 
234, 0.159594, -0.0455381, 0.693229, -0.803033, -1.53562, 0.365643, 
234, 0.202002, -0.032836, 0.651236, -0.778142, -1.48944, 0.362522, 
234, 0.242435, -0.0161218, 0.605796, -0.754673, -1.44607, 0.358482, 
234, 0.280649, 0.00365832, 0.557532, -0.73315, -1.40365, 0.354078, 
234, 0.316696, 0.0262383, 0.506542, -0.713527, -1.36215, 0.349688, 
234, 0.350672, 0.0513783, 0.452881, -0.695711, -1.32142, 0.34554, 
234, 0.382683, 0.0788834, 0.39657, -0.67964, -1.28132, 0.341841, 
234, 0.412836, 0.108605, 0.337594, -0.665281, -1.24167, 0.338772, 
234, 0.441237, 0.140439, 0.275894, -0.652622, -1.2023, 0.336507, 
234, 0.467995, 0.174331, 0.211366, -0.641678, -1.16303, 0.335215, 
234, 0.493213, 0.210271, 0.143854, -0.632495, -1.12369, 0.335071, 
234, 0.51699, 0.248301, 0.0731352, -0.62515, -1.08407, 0.336272, 
234, 0.539423, 0.288521, -0.00108922, -0.619768, -1.04398, 0.339048, 
234, 0.560601, 0.331096, -0.0792199, -0.616533, -1.00318, 0.343683, 
234, 0.580609, 0.376277, -0.161793, -0.615715, -0.961418, 0.350545, 
234, 0.599527, 0.424426, -0.249533, -0.617704, -0.918385, 0.360129, 
234, 0.617428, 0.476066, -0.343442, -0.623082, -0.873702, 0.373136, 
234, 0.63438, 0.531964, -0.444951, -0.632737, -0.826875, 0.390599, 
234, 0.650448, 0.59328, -0.556192, -0.648083, -0.777226, 0.414127, 
234, 0.665689, 0.661882, -0.680565, -0.671526, -0.723742, 0.446414, 
234, 0.680156, 0.74104, -0.823982, -0.707541, -0.664777, 0.492416, 
234, 0.694001, 0.842562, -1.00791, -0.772388, -0.595029, 0.570394, 
234, 0.707099, 0.993756, -1.28107, -0.909439, -0.503547, 0.727471, 
235, -0.620849, -0.256228, 0.826462, -1.32443, -1.96785, 0.822103, 
235, -0.563571, -0.289039, 0.832168, -1.28873, -1.91392, 0.836998, 
235, -0.50463, -0.318655, 0.834981, -1.25497, -1.85784, 0.848522, 
235, -0.445853, -0.340041, 0.831887, -1.22515, -1.80095, 0.854713, 
235, -0.386264, -0.356291, 0.825174, -1.19716, -1.74327, 0.857754, 
235, -0.326602, -0.366939, 0.814674, -1.17094, -1.6857, 0.857142, 
235, -0.267326, -0.371912, 0.800416, -1.14616, -1.62881, 0.853249, 
235, -0.208848, -0.37134, 0.782505, -1.12253, -1.57309, 0.846393, 
235, -0.151543, -0.365501, 0.761082, -1.0998, -1.51895, 0.836983, 
235, -0.0957422, -0.354771, 0.736297, -1.07776, -1.46668, 0.825464, 
235, -0.0417193, -0.339578, 0.708307, -1.05627, -1.41649, 0.812298, 
235, 0.00999148, -0.320486, 0.677575, -1.0347, -1.36873, 0.797139, 
235, 0.0600558, -0.297678, 0.643447, -1.01439, -1.32272, 0.782417, 
235, 0.107755, -0.27176, 0.606614, -0.994495, -1.27894, 0.767134, 
235, 0.153106, -0.243108, 0.567131, -0.975151, -1.2372, 0.751775, 
235, 0.196126, -0.212062, 0.525065, -0.956494, -1.19734, 0.736719, 
235, 0.236851, -0.178912, 0.480471, -0.938668, -1.15914, 0.722285, 
235, 0.275337, -0.143903, 0.433389, -0.92182, -1.12241, 0.708743, 
235, 0.311661, -0.107228, 0.383836, -0.9061, -1.08693, 0.696329, 
235, 0.345912, -0.0690375, 0.331805, -0.891655, -1.05248, 0.685255, 
235, 0.37819, -0.0294334, 0.277259, -0.87864, -1.01884, 0.675714, 
235, 0.408598, 0.0115234, 0.22013, -0.867211, -0.985819, 0.667897, 
235, 0.437243, 0.0538147, 0.160311, -0.857541, -0.953201, 0.661997, 
235, 0.464232, 0.0974639, 0.0976534, -0.849823, -0.920793, 0.658225, 
235, 0.489666, 0.142539, 0.0319551, -0.844283, -0.888402, 0.656823, 
235, 0.513648, 0.189157, -0.0370536, -0.841197, -0.855841, 0.658087, 
235, 0.536272, 0.237493, -0.109728, -0.840918, -0.822917, 0.662394, 
235, 0.557629, 0.287792, -0.186539, -0.843908, -0.789436, 0.670237, 
235, 0.577805, 0.340394, -0.268116, -0.850795, -0.755189, 0.68229, 
235, 0.59688, 0.395776, -0.355324, -0.86246, -0.719952, 0.6995, 
235, 0.614929, 0.454612, -0.449383, -0.880191, -0.683466, 0.723252, 
235, 0.632022, 0.517908, -0.552099, -0.905967, -0.64543, 0.755671, 
235, 0.648223, 0.587252, -0.666326, -0.94302, -0.605476, 0.800232, 
235, 0.663593, 0.665417, -0.797053, -0.997154, -0.563137, 0.863174, 
235, 0.678187, 0.758126, -0.954559, -1.08047, -0.517798, 0.957518, 
235, 0.692057, 0.881769, -1.16829, -1.22699, -0.468659, 1.11996, 
236, 0.00327289, -0.407481, 0.440709, -1.32386, -1.19653, 1.3017, 
236, 0.231521, -0.240409, 0.27551, -1.2828, -0.97695, 1.23097, 
236, 0.533115, 0.221956, -0.263511, 1.87158, 0.665634, 4.3526, 
236, 0.554587, 0.277055, -0.337377, 1.85706, 0.640048, -1.91323, 
236, 0.574958, 0.33495, -0.417177, -1.30944, -0.614649, 1.25691, 
236, 0.67605, 0.81936, -1.16345, 1.3928, 0.501678, -1.39564, 
237, 0.274958, 0.419993, 0.75835, -0.662819, -1.98893, -0.135489, 
237, 0.30866, 0.391476, 0.73086, -0.621836, -1.93576, -0.110861, 
237, 0.340247, 0.367964, 0.700115, -0.587458, -1.88312, -0.0904363, 
237, 0.370022, 0.349578, 0.665623, -0.557112, -1.83066, -0.0736118, 
237, 0.397993, 0.336111, 0.627646, -0.530641, -1.77872, -0.0597802, 
237, 0.424316, 0.327254, 0.58639, -0.50741, -1.7275, -0.0483475, 
237, 0.4491, 0.322684, 0.542074, -0.486963, -1.67708, -0.0388226, 
237, 0.472449, 0.32211, 0.494863, -0.468929, -1.62749, -0.0307858, 
237, 0.494455, 0.325278, 0.444867, -0.453017, -1.57868, -0.0238853, 
237, 0.515205, 0.331969, 0.392147, -0.438999, -1.53059, -0.0178271, 
237, 0.534783, 0.341992, 0.336709, -0.426696, -1.4831, -0.0123573, 
237, 0.553277, 0.355165, 0.278445, -0.415972, -1.43594, -0.00718279, 
237, 0.57074, 0.371401, 0.217421, -0.406711, -1.38916, -0.00228833, 
237, 0.587253, 0.390592, 0.153522, -0.398823, -1.34257, 0.0025338, 
237, 0.602887, 0.412684, 0.0865748, -0.392256, -1.29595, 0.00747167, 
237, 0.617704, 0.437676, 0.0163443, -0.386993, -1.24909, 0.0127098, 
237, 0.631763, 0.465631, -0.0574908, -0.383057, -1.20177, 0.0184426, 
237, 0.645113, 0.496686, -0.13536, -0.380513, -1.15372, 0.0248895, 
237, 0.657805, 0.531071, -0.217843, -0.379484, -1.1046, 0.0323146, 
237, 0.669881, 0.569147, -0.305731, -0.380172, -1.05404, 0.041056, 
237, 0.681382, 0.611454, -0.400128, -0.382899, -1.00153, 0.0515744, 
237, 0.692344, 0.658818, -0.502637, -0.388175, -0.946367, 0.0645377, 
237, 0.702801, 0.712539, -0.6157, -0.396847, -0.887543, 0.0809859, 
237, 0.712785, 0.774791, -0.743323, -0.410406, -0.823452, 0.102684, 
237, 0.722321, 0.849576, -0.892786, -0.431763, -0.751249, 0.132989, 
237, 0.731515, 0.953756, -1.09478, -0.473972, -0.659533, 0.187159, 
237, 0.74026, 1.17944, -1.51408, -0.620032, -0.489004, 0.358123, 
238, 0.110087, -0.0110464, 0.935338, -0.787111, -1.73706, 0.17132, 
238, 0.153247, -0.0192058, 0.904389, -0.751924, -1.69026, 0.1786, 
238, 0.194256, -0.0223693, 0.870317, -0.719896, -1.64455, 0.184072, 
238, 0.232853, -0.0207907, 0.833318, -0.691325, -1.60062, 0.18738, 
238, 0.269115, -0.0152682, 0.793657, -0.665555, -1.55824, 0.189347, 
238, 0.303221, -0.00627037, 0.751642, -0.642097, -1.51724, 0.190072, 
238, 0.335279, 0.00576826, 0.707467, -0.620734, -1.4773, 0.189836, 
238, 0.365409, 0.0205406, 0.661223, -0.60129, -1.43834, 0.188994, 
238, 0.39373, 0.0377686, 0.612993, -0.583609, -1.40022, 0.187814, 
238, 0.420359, 0.0572161, 0.562843, -0.567559, -1.36282, 0.186508, 
238, 0.445407, 0.0786723, 0.510801, -0.553035, -1.32596, 0.185259, 
238, 0.468982, 0.102, 0.456876, -0.539955, -1.28952, 0.184201, 
238, 0.491182, 0.127102, 0.401059, -0.528249, -1.25341, 0.18344, 
238, 0.512104, 0.153895, 0.343303, -0.517868, -1.21748, 0.183086, 
238, 0.53184, 0.182328, 0.283532, -0.508784, -1.18158, 0.183244, 
238, 0.550474, 0.212382, 0.221637, -0.500986, -1.1456, 0.184018, 
238, 0.568084, 0.244072, 0.157474, -0.494485, -1.10938, 0.185521, 
238, 0.584742, 0.277446, 0.090854, -0.489317, -1.07278, 0.187877, 
238, 0.600514, 0.31259, 0.0215337, -0.485547, -1.03565, 0.191233, 
238, 0.615462, 0.349636, -0.0507966, -0.48328, -0.997808, 0.195767, 
238, 0.629643, 0.388768, -0.126535, -0.482669, -0.959057, 0.201707, 
238, 0.643109, 0.430244, -0.2062, -0.483938, -0.919165, 0.209348, 
238, 0.655908, 0.474415, -0.290473, -0.487413, -0.877844, 0.219094, 
238, 0.668084, 0.521775, -0.380287, -0.493577, -0.834727, 0.231515, 
238, 0.679678, 0.573029, -0.476945, -0.50316, -0.789325, 0.247448, 
238, 0.690726, 0.629224, -0.582368, -0.517323, -0.740951, 0.268191, 
238, 0.701263, 0.692011, -0.699557, -0.538021, -0.688571, 0.295903, 
238, 0.711319, 0.764219, -0.833622, -0.568849, -0.630483, 0.3345, 
238, 0.720997, 0.855817, -1.00274, -0.623202, -0.561238, 0.398792, 
238, 0.7302, 0.986034, -1.24109, -0.731727, -0.470973, 0.521343, 
239, -0.0450296, -0.49914, 0.93489, -1.00642, -1.40328, 0.734179, 
239, 0.00626453, -0.477939, 0.904745, -0.981554, -1.35934, 0.715935, 
239, 0.0551105, -0.453532, 0.872308, -0.957111, -1.31807, 0.696835, 
239, 0.101455, -0.426476, 0.837736, -0.933191, -1.27929, 0.677375, 
239, 0.145302, -0.397243, 0.801164, -0.909889, -1.24279, 0.657959, 
239, 0.18669, -0.366231, 0.762708, -0.887319, -1.20833, 0.638925, 
239, 0.22569, -0.333766, 0.722463, -0.865599, -1.17566, 0.620546, 
239, 0.262395, -0.30011, 0.680504, -0.844839, -1.14453, 0.603037, 
239, 0.296911, -0.26547, 0.636889, -0.825132, -1.11471, 0.586564, 
239, 0.329354, -0.230002, 0.591657, -0.806566, -1.08596, 0.571259, 
239, 0.359842, -0.193823, 0.544833, -0.789213, -1.05807, 0.557219, 
239, 0.388421, -0.15714, 0.496569, -0.77368, -1.02979, 0.545024, 
239, 0.415372, -0.119711, 0.446535, -0.758853, -1.00329, 0.53366, 
239, 0.440716, -0.0817309, 0.394884, -0.74543, -0.977045, 0.523766, 
239, 0.464563, -0.0431947, 0.341566, -0.733456, -0.950931, 0.51539, 
239, 0.487017, -0.00407765, 0.286514, -0.722987, -0.924819, 0.508585, 
239, 0.508177, 0.0356647, 0.229636, -0.714086, -0.898589, 0.503415, 
239, 0.528134, 0.0760967, 0.170818, -0.706835, -0.872122, 0.499962, 
239, 0.546973, 0.117303, 0.109912, -0.701337, -0.845302, 0.498333, 
239, 0.564774, 0.159394, 0.0467358, -0.697729, -0.818015, 0.498669, 
239, 0.581609, 0.202504, -0.0189397, -0.696191, -0.790141, 0.501159, 
239, 0.597546, 0.246804, -0.0874011, -0.696961, -0.761557, 0.506057, 
239, 0.612648, 0.292507, -0.159012, -0.700366, -0.732128, 0.513707, 
239, 0.626972, 0.339883, -0.234238, -0.706849, -0.701703, 0.524582, 
239, 0.64057, 0.389282, -0.313689, -0.717031, -0.67011, 0.539338, 
239, 0.653493, 0.441169, -0.398178, -0.731802, -0.637142, 0.558918, 
239, 0.665783, 0.49618, -0.488833, -0.752477, -0.602551, 0.584711, 
239, 0.677483, 0.55523, -0.58728, -0.781079, -0.566022, 0.618848, 
239, 0.688629, 0.619703, -0.695988, -0.820899, -0.527149, 0.664786, 
239, 0.699256, 0.691857, -0.819003, -0.87768, -0.485389, 0.728542, 
239, 0.709477, 0.779611, -0.97074, -0.970732, -0.439286, 0.830602, 
239, 0.719183, 0.893645, -1.17005, -1.13094, -0.388366, 1.00299, 
240, -0.281375, -0.72348, 0.719229, -1.34902, -1.39871, 1.39964, 
240, -0.221728, -0.708789, 0.704173, -1.34666, -1.34046, 1.38655, 
240, -0.16369, -0.690114, 0.687016, 1.79853, 1.28423, 4.51316, 
240, 0.13811, -0.514247, 0.541919, 1.85083, 0.999349, -1.88551, 
240, 0.179856, -0.477458, 0.510985, 1.86378, 0.961074, -1.90645, 
240, 0.219206, -0.439318, 0.478212, 1.87736, 0.925071, -1.92715, 
240, 0.256257, -0.400042, 0.44363, -1.25026, -0.891141, 1.19421, 
240, 0.291084, -0.359755, 0.407149, -1.23639, -0.859598, 1.17505, 
240, 0.323822, -0.318685, 0.368906, -1.22279, -0.829725, 1.15692, 
240, 0.383433, -0.234644, 0.287092, 1.9439, 0.7748, -2.01652, 
240, 0.410743, -0.191454, 0.243068, -1.18612, -0.749164, 1.11123, 
240, 0.436322, -0.147933, 0.197364, -1.17636, -0.724692, 1.09979, 
240, 0.46039, -0.103886, 0.14969, -1.1683, -0.701127, 1.09065, 
240, 0.483053, -0.0592962, 0.0999726, -1.1622, -0.678305, 1.08402, 
240, 0.50438, -0.0142264, 0.0482405, -1.15635, -0.655661, 1.07814, 
240, 0.524538, 0.0316325, -0.00595154, -1.15587, -0.633957, 1.0781, 
240, 0.543557, 0.0782071, -0.0625586, -1.15803, -0.612583, 1.08117, 
240, 0.561524, 0.125631, -0.121806, -1.16344, -0.591438, 1.0879, 
240, 0.578514, 0.174064, -0.183965, -1.1727, -0.570455, 1.09889, 
240, 0.594596, 0.223711, -0.24938, -1.1865, -0.549587, 1.11484, 
240, 0.609833, 0.274832, -0.318495, -1.20567, -0.528823, 1.13657, 
240, 0.624284, 0.327768, -0.391895, -1.23126, -0.508192, 1.16516, 
240, 0.638002, 0.382974, -0.470371, -1.26463, -0.48779, 1.202, 
240, 0.651036, 0.441081, -0.555029, -1.30751, -0.467817, 1.24889, 
240, 0.663442, 0.503103, -0.647644, -1.36527, -0.449167, 1.31134, 
240, 0.675246, 0.570363, -0.750598, -1.43769, -0.431652, 1.38928, 
240, 0.686394, 0.644492, -0.866942, -1.52874, -0.417102, 1.48673, 
240, 0.697196, 0.733209, -1.01008, -1.65937, -0.407928, 1.62624, 
240, 0.707445, 0.849272, -1.20328, -1.84272, -0.412018, 1.82247, 
241, 0.521802, 0.524974, 0.649406, -0.376952, -1.96849, -0.236171, 
241, 0.538791, 0.500412, 0.619322, -0.356374, -1.91497, -0.222152, 
241, 0.554759, 0.480204, 0.586302, -0.338494, -1.86242, -0.21034, 
241, 0.569788, 0.464156, 0.550494, -0.322896, -1.81091, -0.200341, 
241, 0.583952, 0.452062, 0.51203, -0.309239, -1.76044, -0.191825, 
241, 0.597319, 0.443706, 0.471023, -0.297246, -1.71097, -0.184517, 
241, 0.60995, 0.438881, 0.427561, -0.286692, -1.66244, -0.178185, 
241, 0.6219, 0.43739, 0.381709, -0.277393, -1.61476, -0.172635, 
241, 0.63322, 0.439057, 0.333504, -0.269203, -1.56781, -0.167701, 
241, 0.643955, 0.443724, 0.282958, -0.262003, -1.52148, -0.163241, 
241, 0.653962, 0.451519, 0.231716, -0.255666, -1.4775, -0.160058, 
241, 0.663699, 0.461586, 0.176388, -0.250118, -1.43175, -0.15608, 
241, 0.672972, 0.474568, 0.118136, -0.245432, -1.38603, -0.152042, 
241, 0.681781, 0.490185, 0.0574052, -0.241481, -1.34046, -0.148164, 
241, 0.690169, 0.508455, -0.00604713, -0.238247, -1.29485, -0.144296, 
241, 0.698169, 0.52942, -0.0724987, -0.23573, -1.24897, -0.140305, 
241, 0.705807, 0.553172, -0.14229, -0.233951, -1.20258, -0.136065, 
241, 0.713109, 0.579863, -0.215855, -0.232956, -1.15542, -0.131439, 
241, 0.720096, 0.609734, -0.293762, -0.232825, -1.10715, -0.126268, 
241, 0.726787, 0.643139, -0.376777, -0.233679, -1.0574, -0.120348, 
241, 0.7332, 0.680604, -0.465959, -0.235713, -1.00565, -0.113404, 
241, 0.739351, 0.722921, -0.562834, -0.239228, -0.951197, -0.105043, 
241, 0.745256, 0.771326, -0.669715, -0.244722, -0.893008, -0.0946528, 
241, 0.750927, 0.827863, -0.790365, -0.253058, -0.829449, -0.081208, 
241, 0.756377, 0.896256, -0.93155, -0.265897, -0.757626, -0.0627872, 
241, 0.761667, 0.994428, -1.12594, -0.29186, -0.663795, -0.0292347, 
241, 0.766723, 1.22059, -1.54905, -0.387115, -0.476065, 0.0822776, 
242, 0.386771, 0.114711, 0.938403, -0.496234, -1.75029, -0.0545005, 
242, 0.412597, 0.10332, 0.903967, -0.472037, -1.70387, -0.0445223, 
242, 0.436659, 0.0974091, 0.867366, -0.451215, -1.65988, -0.0376467, 
242, 0.459109, 0.0954308, 0.828725, -0.432765, -1.61745, -0.0323556, 
242, 0.480041, 0.096837, 0.788371, -0.416243, -1.57662, -0.0280466, 
242, 0.499644, 0.101306, 0.7464, -0.401357, -1.53719, -0.0247375, 
242, 0.518015, 0.108513, 0.702868, -0.387945, -1.4989, -0.0222082, 
242, 0.535258, 0.118163, 0.657846, -0.375839, -1.46158, -0.0202535, 
242, 0.551464, 0.130003, 0.611401, -0.364895, -1.42507, -0.0187092, 
242, 0.566715, 0.143826, 0.563575, -0.355, -1.38922, -0.0174414, 
242, 0.581086, 0.159469, 0.514386, -0.346063, -1.35391, -0.0163395, 
242, 0.594645, 0.17681, 0.46383, -0.338015, -1.31902, -0.0153099, 
242, 0.607451, 0.195757, 0.411877, -0.3308, -1.28443, -0.0142724, 
242, 0.619559, 0.21624, 0.358456, -0.324388, -1.25, -0.0131332, 
242, 0.63102, 0.238217, 0.303505, -0.318742, -1.21564, -0.0118465, 
242, 0.641885, 0.261664, 0.246971, -0.313826, -1.18127, -0.0103809, 
242, 0.652197, 0.286572, 0.188745, -0.30963, -1.14676, -0.0086696, 
242, 0.661997, 0.312957, 0.128694, -0.306157, -1.11202, -0.00664457, 
242, 0.671318, 0.340859, 0.0666523, -0.303422, -1.0769, -0.00423231, 
242, 0.680194, 0.370348, 0.00241408, -0.301457, -1.04128, -0.00134959, 
242, 0.688655, 0.401523, -0.0642729, -0.300312, -1.00501, 0.00210173, 
242, 0.696728, 0.434526, -0.133724, -0.300063, -0.967927, 0.00624194, 
242, 0.704438, 0.469547, -0.20634, -0.300819, -0.929824, 0.0112237, 
242, 0.711808, 0.506844, -0.282632, -0.302736, -0.890463, 0.0172473, 
242, 0.718859, 0.546767, -0.363275, -0.306038, -0.849541, 0.0245847, 
242, 0.72561, 0.589797, -0.449179, -0.311057, -0.806663, 0.0336199, 
242, 0.732079, 0.636626, -0.541622, -0.318293, -0.761289, 0.04492, 
242, 0.738284, 0.688277, -0.642479, -0.328545, -0.712645, 0.0593683, 
242, 0.744237, 0.746364, -0.754682, -0.343164, -0.659541, 0.0784391, 
242, 0.749953, 0.813646, -0.883221, -0.364648, -0.599981, 0.104824, 
242, 0.755494, 0.901122, -1.04818, -0.404148, -0.526298, 0.150731, 
242, 0.760788, 1.02873, -1.28486, -0.486435, -0.425343, 0.242067, 
243, 0.35141, -0.443165, 0.921697, -0.656891, -1.11533, 0.397489, 
243, 0.379675, -0.404787, 0.879377, -0.635093, -1.09705, 0.377754, 
243, 0.405972, -0.367019, 0.836283, -0.614848, -1.07907, 0.359876, 
243, 0.430471, -0.329815, 0.792427, -0.596081, -1.06117, 0.343701, 
243, 0.453322, -0.293102, 0.747806, -0.578735, -1.04325, 0.329118, 
243, 0.474666, -0.256806, 0.702408, -0.562754, -1.02522, 0.316023, 
243, 0.494629, -0.220854, 0.656216, -0.548078, -1.00701, 0.304322, 
243, 0.513325, -0.185175, 0.609206, -0.534653, -0.988544, 0.29393, 
243, 0.53086, -0.149698, 0.561344, -0.522433, -0.969768, 0.284778, 
243, 0.547328, -0.114349, 0.512594, -0.511369, -0.950638, 0.276798, 
243, 0.562816, -0.0790522, 0.462909, -0.501424, -0.93111, 0.269936, 
243, 0.577403, -0.0437355, 0.412234, -0.492567, -0.911141, 0.264155, 
243, 0.591158, -0.00832294, 0.360504, -0.484782, -0.89069, 0.259427, 
243, 0.604147, 0.0272635, 0.307642, -0.478059, -0.869715, 0.255741, 
243, 0.616428, 0.0631058, 0.25356, -0.472402, -0.848172, 0.253099, 
243, 0.628053, 0.0992917, 0.198153, -0.467831, -0.826016, 0.25152, 
243, 0.63907, 0.135916, 0.1413, -0.46438, -0.803196, 0.251041, 
243, 0.649525, 0.173083, 0.0828561, -0.462105, -0.779655, 0.251722, 
243, 0.659456, 0.21091, 0.0226514, -0.461086, -0.755327, 0.253651, 
243, 0.6689, 0.24953, -0.0395185, -0.461438, -0.730138, 0.256949, 
243, 0.677891, 0.2891, -0.103901, -0.463317, -0.703998, 0.261783, 
243, 0.686458, 0.329805, -0.170798, -0.466937, -0.6768, 0.268381, 
243, 0.694631, 0.371867, -0.240587, -0.472595, -0.648415, 0.277057, 
243, 0.702433, 0.415568, -0.313746, -0.480704, -0.618681, 0.288244, 
243, 0.70989, 0.461265, -0.390898, -0.491854, -0.587394, 0.302561, 
243, 0.717022, 0.509431, -0.472872, -0.506909, -0.554289, 0.320909, 
243, 0.723849, 0.560714, -0.560818, -0.527186, -0.519015, 0.344653, 
243, 0.730389, 0.616047, -0.656399, -0.554786, -0.481079, 0.375967, 
243, 0.736659, 0.676859, -0.762167, -0.593287, -0.439766, 0.418535, 
243, 0.742713, 0.747291, -0.885736, -0.654076, -0.393397, 0.484218, 
243, 0.748499, 0.831178, -1.03368, -0.75146, -0.340731, 0.587449, 
243, 0.754059, 0.947034, -1.23938, -0.953773, -0.276648, 0.798163, 
244, 0.163928, -0.840656, 0.787934, -1.3156, -0.862005, 1.31566, 
244, 0.20553, -0.796157, 0.761207, 1.849, 0.825727, -1.86331, 
244, 0.244125, -0.750994, 0.733004, 1.87404, 0.794415, -1.90113, 
244, 0.279897, -0.70566, 0.703554, -1.24127, -0.765428, 1.20305, 
244, 0.313174, -0.660153, 0.67277, -1.21441, -0.739037, 1.16645, 
244, 0.344059, -0.614743, 0.640759, -1.18723, -0.71504, 1.13088, 
244, 0.372115, -0.570789, 0.608503, -1.15996, -0.693741, 1.09687, 
244, 0.399467, -0.524506, 0.57305, -1.13378, -0.673275, 1.06405, 
244, 0.4242, -0.480132, 0.537677, -1.10621, -0.654838, 1.03137, 
244, 0.447469, -0.435636, 0.500735, -1.08222, -0.637612, 1.00297, 
244, 0.469168, -0.391548, 0.46267, -1.05965, -0.621469, 0.976769, 
244, 0.489445, -0.347826, 0.423456, -1.03865, -0.606168, 0.952813, 
244, 0.508426, -0.304435, 0.383073, -1.01936, -0.591499, 0.93118, 
244, 0.526221, -0.261336, 0.341497, -1.00194, -0.57728, 0.91195, 
244, 0.542928, -0.218482, 0.298701, -0.986522, -0.563353, 0.895194, 
244, 0.558638, -0.175821, 0.254649, -0.973222, -0.549578, 0.880981, 
244, 0.573428, -0.133292, 0.209293, -0.962163, -0.535834, 0.869387, 
244, 0.587373, -0.0908278, 0.162576, -0.95347, -0.522018, 0.860501, 
244, 0.600538, -0.0483525, 0.114424, -0.947292, -0.508038, 0.854435, 
244, 0.612983, -0.00578137, 0.0647508, -0.943804, -0.493817, 0.851338, 
244, 0.62476, 0.03698, 0.0134484, -0.943223, -0.479289, 0.851405, 
244, 0.635921, 0.0800378, -0.0396132, -0.945827, -0.464398, 0.854894, 
244, 0.646508, 0.123513, -0.0945919, -0.951969, -0.449102, 0.862144, 
244, 0.656564, 0.167544, -0.151681, -0.962109, -0.433369, 0.873605, 
244, 0.666125, 0.212293, -0.211118, -0.976845, -0.417181, 0.88987, 
244, 0.675226, 0.257954, -0.2732, -0.996968, -0.400541, 0.911728, 
244, 0.683896, 0.304762, -0.338302, -1.02353, -0.383478, 0.940235, 
244, 0.692166, 0.35301, -0.406906, -1.05793, -0.366061, 0.976813, 
244, 0.700061, 0.403077, -0.47965, -1.10209, -0.348426, 1.0234, 
244, 0.707605, 0.455468, -0.557403, -1.15865, -0.330815, 1.08267, 
244, 0.714821, 0.510891, -0.641402, -1.23126, -0.313654, 1.15833, 
244, 0.721727, 0.570395, -0.733501, -1.32498, -0.297695, 1.25554, 
244, 0.728344, 0.635679, -0.836719, -1.44683, -0.284299, 1.38145, 
244, 0.734689, 0.709842, -0.956602, -1.60632, -0.276061, 1.54591, 
244, 0.740777, 0.799874, -1.10568, -1.81704, -0.278516, 1.76319, 
244, 0.746624, 0.930365, -1.32806, -2.11087, -0.308452, 2.06762, 
245, 0.732657, 0.68571, 0.480602, -0.0963605, -1.9996, -0.344463, 
245, 0.736837, 0.662437, 0.454589, -0.0912286, -1.95037, -0.341289, 
245, 0.740806, 0.642375, 0.42614, -0.0867855, -1.90189, -0.338642, 
245, 0.74458, 0.625397, 0.395343, -0.0828413, -1.85412, -0.336385, 
245, 0.748174, 0.611408, 0.362266, -0.0793296, -1.80705, -0.334456, 
245, 0.751598, 0.600314, 0.326966, -0.0761951, -1.76064, -0.332799, 
245, 0.754864, 0.592022, 0.289487, -0.0733919, -1.71485, -0.331372, 
245, 0.757983, 0.586444, 0.249857, -0.0708817, -1.66961, -0.330135, 
245, 0.760964, 0.5835, 0.208085, -0.0686325, -1.62486, -0.329054, 
245, 0.763816, 0.583117, 0.164161, -0.0666177, -1.58052, -0.328102, 
245, 0.766548, 0.585234, 0.118053, -0.0648158, -1.53649, -0.327251, 
245, 0.769167, 0.589806, 0.069704, -0.0632093, -1.49267, -0.326478, 
245, 0.771681, 0.596803, 0.0190294, -0.0617847, -1.44895, -0.325761, 
245, 0.774094, 0.606219, -0.0340872, -0.0605317, -1.40521, -0.325078, 
245, 0.776414, 0.618074, -0.0898073, -0.0594439, -1.36131, -0.324408, 
245, 0.778644, 0.632406, -0.148321, -0.0585176, -1.31709, -0.323733, 
245, 0.780791, 0.649302, -0.209895, -0.0577531, -1.27237, -0.323029, 
245, 0.782907, 0.667902, -0.271606, -0.0570356, -1.22922, -0.322528, 
245, 0.784882, 0.690414, -0.340829, -0.0566331, -1.18248, -0.321641, 
245, 0.786794, 0.716057, -0.414325, -0.0564157, -1.1346, -0.320656, 
245, 0.788642, 0.745232, -0.492935, -0.0564131, -1.08515, -0.319521, 
245, 0.790429, 0.778519, -0.577802, -0.0566692, -1.03355, -0.318172, 
245, 0.792156, 0.81678, -0.67057, -0.057252, -0.979036, -0.316517, 
245, 0.793827, 0.861364, -0.773743, -0.0582733, -0.920447, -0.314414, 
245, 0.795442, 0.914525, -0.891448, -0.0599294, -0.855919, -0.311622, 
245, 0.797009, 0.98845, -1.04623, -0.0632881, -0.775128, -0.306797, 
245, 0.798527, 1.09245, -1.25375, -0.0694694, -0.671726, -0.298763, 
246, 0.67334, 0.397734, 0.894622, -0.147747, -1.98403, -0.268626, 
246, 0.681124, 0.370242, 0.869372, -0.138201, -1.9315, -0.262997, 
246, 0.688381, 0.347183, 0.842013, -0.129922, -1.8812, -0.258516, 
246, 0.695289, 0.325755, 0.814105, -0.122112, -1.83204, -0.254016, 
246, 0.701572, 0.312168, 0.782386, -0.116056, -1.78663, -0.251794, 
246, 0.7075, 0.301382, 0.748892, -0.110584, -1.74231, -0.249867, 
246, 0.713129, 0.293343, 0.714391, -0.105547, -1.6998, -0.24814, 
246, 0.718481, 0.288283, 0.6793, -0.100904, -1.65968, -0.24671, 
246, 0.723487, 0.285846, 0.642346, -0.0967697, -1.62022, -0.245641, 
246, 0.728039, 0.284794, 0.602573, -0.0931744, -1.57904, -0.244889, 
246, 0.732492, 0.286801, 0.562719, -0.089781, -1.54109, -0.244297, 
246, 0.736712, 0.290914, 0.521626, -0.0866837, -1.504, -0.243872, 
246, 0.740718, 0.296984, 0.479315, -0.0838502, -1.46766, -0.243581, 
246, 0.744524, 0.304884, 0.435795, -0.0812541, -1.43193, -0.243396, 
246, 0.748146, 0.314509, 0.39106, -0.0788733, -1.39672, -0.243293, 
246, 0.751595, 0.32577, 0.345093, -0.0766896, -1.36191, -0.243253, 
246, 0.754885, 0.338597, 0.297861, -0.074688, -1.3274, -0.243255, 
246, 0.758026, 0.352936, 0.249321, -0.0728564, -1.29311, -0.243286, 
246, 0.761028, 0.368751, 0.199411, -0.0711852, -1.25892, -0.243331, 
246, 0.763933, 0.38599, 0.149924, -0.0695295, -1.22657, -0.243663, 
246, 0.76667, 0.404695, 0.096682, -0.0681921, -1.19195, -0.243624, 
246, 0.769298, 0.42485, 0.0418866, -0.0669886, -1.15724, -0.243579, 
246, 0.771821, 0.446504, -0.0146409, -0.0659226, -1.12229, -0.243509, 
246, 0.774245, 0.469715, -0.0730967, -0.0649985, -1.08698, -0.243395, 
246, 0.776575, 0.494566, -0.133709, -0.0642226, -1.05115, -0.243216, 
246, 0.778816, 0.52117, -0.196751, -0.0636046, -1.01465, -0.242953, 
246, 0.780972, 0.549679, -0.262561, -0.0631583, -0.977298, -0.242579, 
246, 0.783048, 0.580295, -0.331562, -0.0629042, -0.938864, -0.242063, 
246, 0.785049, 0.613295, -0.404301, -0.0628716, -0.899081, -0.241367, 
246, 0.786979, 0.649056, -0.481502, -0.0631035, -0.857603, -0.240437, 
246, 0.78884, 0.688101, -0.564151, -0.0636643, -0.81397, -0.239194, 
246, 0.790637, 0.73119, -0.653652, -0.0646534, -0.767538, -0.237527, 
246, 0.792372, 0.779472, -0.752104, -0.0662327, -0.717361, -0.235253, 
246, 0.794049, 0.834795, -0.862865, -0.0686839, -0.661936, -0.232062, 
246, 0.795669, 0.900419, -0.991815, -0.0725453, -0.598648, -0.227369, 
246, 0.797254, 0.99681, -1.17622, -0.0814104, -0.510781, -0.217234, 
247, 0.671104, -0.310571, 0.934082, -0.170889, -1.12864, -0.0683316, 
247, 0.679071, -0.279055, 0.891834, -0.164054, -1.11697, -0.07345, 
247, 0.686495, -0.248397, 0.849401, -0.157769, -1.10437, -0.0780697, 
247, 0.693427, -0.218425, 0.806753, -0.15198, -1.09096, -0.0822506, 
247, 0.699913, -0.18899, 0.763834, -0.14664, -1.07682, -0.0860452, 
247, 0.705994, -0.159974, 0.720597, -0.141711, -1.06201, -0.0894984, 
247, 0.711707, -0.131278, 0.677001, -0.137154, -1.04658, -0.0926486, 
247, 0.717084, -0.102821, 0.633006, -0.132939, -1.03056, -0.095528, 
247, 0.722153, -0.0745277, 0.58857, -0.129037, -1.01398, -0.0981629, 
247, 0.726939, -0.0463308, 0.543651, -0.125426, -0.996865, -0.100574, 
247, 0.731467, -0.0181649, 0.498201, -0.122087, -0.979219, -0.102779, 
247, 0.735756, 0.0100327, 0.45217, -0.119002, -0.961052, -0.10479, 
247, 0.739825, 0.0383239, 0.405499, -0.11616, -0.942368, -0.106616, 
247, 0.743692, 0.0667749, 0.3581, -0.113562, -0.923144, -0.108246, 
247, 0.747369, 0.0954408, 0.309928, -0.111191, -0.903384, -0.109699, 
247, 0.750871, 0.124379, 0.260918, -0.109036, -0.883081, -0.110984, 
247, 0.754208, 0.153652, 0.210989, -0.107095, -0.862211, -0.112102, 
247, 0.757393, 0.183323, 0.160053, -0.105367, -0.84075, -0.11305, 
247, 0.760435, 0.213461, 0.108006, -0.103852, -0.818661, -0.113823, 
247, 0.763344, 0.244144, 0.0547307, -0.102556, -0.795904, -0.114413, 
247, 0.766128, 0.275455, 9.34524e-05, -0.101487, -0.772427, -0.114809, 
247, 0.768795, 0.307489, -0.056063, -0.100658, -0.748168, -0.114994, 
247, 0.771353, 0.340358, -0.113924, -0.100089, -0.723053, -0.114945, 
247, 0.773807, 0.374189, -0.173709, -0.0998053, -0.696989, -0.114633, 
247, 0.776165, 0.409139, -0.235686, -0.0998448, -0.669865, -0.114017, 
247, 0.778431, 0.445393, -0.300183, -0.100259, -0.64154, -0.11304, 
247, 0.780611, 0.483185, -0.367612, -0.10112, -0.611836, -0.111627, 
247, 0.782709, 0.522812, -0.438497, -0.102531, -0.580527, -0.109668, 
247, 0.78473, 0.564662, -0.513534, -0.104645, -0.547309, -0.107004, 
247, 0.786678, 0.609261, -0.593662, -0.107692, -0.511773, -0.103396, 
247, 0.788557, 0.657351, -0.680212, -0.112044, -0.473339, -0.0984611, 
247, 0.790369, 0.710032, -0.775158, -0.118324, -0.431144, -0.0915591, 
247, 0.792119, 0.769052, -0.881635, -0.127676, -0.383822, -0.0815227, 
247, 0.793808, 0.837431, -1.00507, -0.142411, -0.329014, -0.066, 
247, 0.795465, 0.933511, -1.17876, -0.180509, -0.252176, -0.0266514, 
247, 0.797049, 1.12864, -1.53, -0.432852, -0.101631, 0.228552, 
248, 0.647627, -0.679385, 0.733248, -0.617329, -0.377821, 0.521718, 
248, 0.6572, -0.630158, 0.699781, -0.575164, -0.38554, 0.476907, 
248, 0.666065, -0.582447, 0.665631, -0.538753, -0.392391, 0.438282, 
248, 0.674297, -0.536126, 0.630811, -0.507253, -0.39826, 0.404941, 
248, 0.681961, -0.491073, 0.595327, -0.479938, -0.403074, 0.376103, 
248, 0.689112, -0.447173, 0.559184, -0.456196, -0.406788, 0.351113, 
248, 0.6958, -0.404316, 0.522379, -0.435525, -0.409383, 0.329429, 
248, 0.702068, -0.362396, 0.484904, -0.417511, -0.410856, 0.310606, 
248, 0.707953, -0.321313, 0.446747, -0.401817, -0.411214, 0.29428, 
248, 0.713489, -0.280973, 0.407892, -0.38817, -0.410472, 0.280155, 
248, 0.718707, -0.241283, 0.368316, -0.37635, -0.408648, 0.267989, 
248, 0.723632, -0.202156, 0.327992, -0.36618, -0.405761, 0.25759, 
248, 0.728289, -0.163506, 0.286887, -0.357522, -0.40183, 0.248804, 
248, 0.732698, -0.125249, 0.244963, -0.350273, -0.396873, 0.241516, 
248, 0.736878, -0.0873051, 0.202174, -0.344359, -0.390904, 0.235642, 
248, 0.740847, -0.0495911, 0.158467, -0.339737, -0.383934, 0.231128, 
248, 0.744621, -0.0120256, 0.11378, -0.33639, -0.375971, 0.227952, 
248, 0.748212, 0.0254753, 0.0680438, -0.334334, -0.367016, 0.226121, 
248, 0.751635, 0.0629978, 0.0211742, -0.333618, -0.357067, 0.22568, 
248, 0.7549, 0.100633, -0.0269242, -0.33433, -0.346113, 0.226713, 
248, 0.758019, 0.138477, -0.0763636, -0.336607, -0.334139, 0.229352, 
248, 0.761, 0.176635, -0.127276, -0.34065, -0.321119, 0.233798, 
248, 0.763852, 0.215224, -0.179818, -0.346747, -0.307022, 0.240336, 
248, 0.766584, 0.254373, -0.234176, -0.355307, -0.291803, 0.249374, 
248, 0.769203, 0.294235, -0.290577, -0.366916, -0.275406, 0.261498, 
248, 0.771716, 0.334986, -0.349298, -0.382427, -0.257765, 0.277563, 
248, 0.774129, 0.37684, -0.410686, -0.40312, -0.238793, 0.298851, 
248, 0.776448, 0.420061, -0.475181, -0.430978, -0.218389, 0.327348, 
248, 0.778677, 0.464985, -0.543354, -0.469214, -0.196434, 0.366272, 
248, 0.780823, 0.512052, -0.615967, -0.523336, -0.172794, 0.421139, 
248, 0.782895, 0.562277, -0.69493, -0.610542, -0.147669, 0.509215, 
248, 0.784889, 0.616028, -0.780676, -0.748308, -0.12146, 0.647921, 
248, 0.786811, 0.675058, -0.876432, -0.997828, -0.0961174, 0.898522, 
248, 0.788666, 0.742066, -0.987031, -1.47413, -0.079286, 1.3761, 
248, 0.790458, 0.823333, -1.12372, -2.11269, -0.0900924, 2.01638, 
248, 0.792189, 0.940925, -1.3261, -2.61819, -0.151435, 2.52461, 
249, 0.912693, 0.856263, 0.186383, 0.173105, -1.973, -0.473052, 
249, 0.908684, 0.837604, 0.164852, 0.167768, -1.93304, -0.478181, 
249, 0.904817, 0.820976, 0.1413, 0.16295, -1.89306, -0.482953, 
249, 0.901084, 0.806385, 0.115735, 0.158601, -1.85307, -0.487417, 
249, 0.897478, 0.793836, 0.0881565, 0.154684, -1.81309, -0.491612, 
249, 0.893994, 0.78333, 0.0585606, 0.151163, -1.77311, -0.495576, 
249, 0.890623, 0.774867, 0.0269335, 0.148011, -1.73312, -0.499344, 
249, 0.887363, 0.768448, -0.00674929, 0.145202, -1.69311, -0.502949, 
249, 0.884206, 0.764076, -0.0425248, 0.142714, -1.65305, -0.506423, 
249, 0.880628, 0.760141, -0.0784242, 0.140044, -1.61318, -0.510171, 
249, 0.877785, 0.760226, -0.118935, 0.138291, -1.57285, -0.513318, 
249, 0.875012, 0.762326, -0.161655, 0.136777, -1.53232, -0.516467, 
249, 0.872308, 0.766504, -0.206733, 0.13551, -1.4915, -0.519641, 
249, 0.86967, 0.772837, -0.254347, 0.134496, -1.45029, -0.522867, 
249, 0.867095, 0.781424, -0.304719, 0.133747, -1.40858, -0.526174, 
249, 0.864601, 0.792516, -0.358317, 0.133298, -1.36616, -0.529616, 
249, 0.862146, 0.806065, -0.415159, 0.133133, -1.32295, -0.533212, 
249, 0.859746, 0.8223, -0.475706, 0.133288, -1.27873, -0.537012, 
249, 0.857407, 0.841547, -0.540582, 0.13381, -1.23321, -0.541089, 
249, 0.85513, 0.864234, -0.610603, 0.134762, -1.18601, -0.545543, 
249, 0.852913, 0.890971, -0.686915, 0.136238, -1.1366, -0.55051, 
249, 0.850754, 0.922681, -0.771226, 0.138382, -1.0842, -0.556195, 
249, 0.848651, 0.960866, -0.866283, 0.14144, -1.0276, -0.562929, 
249, 0.846603, 1.00825, -0.977031, 0.145865, -0.96459, -0.571312, 
249, 0.844607, 1.07071, -1.11408, 0.15267, -0.890534, -0.582659, 
249, 0.84266, 1.16594, -1.3092, 0.164987, -0.791557, -0.600988, 
250, 0.973818, 0.620579, 0.577991, 0.276054, -1.99569, -0.400167, 
250, 0.967523, 0.600914, 0.557502, 0.266626, -1.9564, -0.409348, 
250, 0.961482, 0.583535, 0.53559, 0.258161, -1.9178, -0.417658, 
250, 0.955668, 0.568306, 0.512265, 0.250537, -1.87981, -0.425217, 
250, 0.950064, 0.555108, 0.487573, 0.243653, -1.84241, -0.432106, 
250, 0.944641, 0.543799, 0.461588, 0.237392, -1.80558, -0.438418, 
250, 0.939348, 0.53415, 0.434456, 0.231607, -1.76922, -0.444261, 
250, 0.934413, 0.526656, 0.405779, 0.226606, -1.73331, -0.44982, 
250, 0.929674, 0.520975, 0.375809, 0.222113, -1.69787, -0.455038, 
250, 0.925116, 0.517039, 0.344565, 0.218083, -1.66288, -0.459954, 
250, 0.920727, 0.514785, 0.312059, 0.214474, -1.62829, -0.464607, 
250, 0.916495, 0.51415, 0.278301, 0.21125, -1.59404, -0.469038, 
250, 0.912411, 0.515083, 0.243291, 0.208382, -1.56009, -0.473286, 
250, 0.908467, 0.517536, 0.207027, 0.205848, -1.5264, -0.477387, 
250, 0.904656, 0.521472, 0.169494, 0.203628, -1.49291, -0.481378, 
250, 0.900974, 0.526859, 0.130672, 0.20171, -1.45958, -0.485292, 
250, 0.897413, 0.533676, 0.0905263, 0.200083, -1.42635, -0.489161, 
250, 0.893969, 0.541907, 0.0490145, 0.198742, -1.39317, -0.493017, 
250, 0.890637, 0.551548, 0.0060759, 0.197684, -1.35997, -0.496889, 
250, 0.887411, 0.562606, -0.0383647, 0.19691, -1.32669, -0.500809, 
250, 0.884288, 0.575098, -0.0844009, 0.196426, -1.29326, -0.50481, 
250, 0.881263, 0.589069, -0.132162, 0.196245, -1.25959, -0.508932, 
250, 0.878331, 0.604573, -0.181799, 0.196384, -1.2256, -0.513217, 
250, 0.875484, 0.621638, -0.233433, 0.196852, -1.19119, -0.517696, 
250, 0.87272, 0.64036, -0.28728, 0.197681, -1.15624, -0.522423, 
250, 0.870036, 0.660862, -0.343605, 0.19891, -1.12062, -0.527459, 
250, 0.867429, 0.683304, -0.402736, 0.200592, -1.08416, -0.532881, 
250, 0.864896, 0.707898, -0.465094, 0.202797, -1.04668, -0.538788, 
250, 0.862434, 0.734929, -0.531229, 0.205623, -1.0079, -0.545306, 
250, 0.86004, 0.76479, -0.601885, 0.209209, -0.96749, -0.55261, 
250, 0.857712, 0.79804, -0.678104, 0.213758, -0.924994, -0.560948, 
250, 0.855446, 0.835516, -0.761424, 0.219581, -0.879738, -0.570697, 
250, 0.853241, 0.878551, -0.854272, 0.227194, -0.830673, -0.582465, 
250, 0.851094, 0.929496, -0.960902, 0.237543, -0.775986, -0.597361, 
250, 0.849002, 0.993212, -1.09008, 0.252675, -0.711963, -0.617754, 
250, 0.846964, 1.08321, -1.26608, 0.278556, -0.628383, -0.650498, 
251, 0.981111, 0.077455, 0.64277, 0.337949, -1.35133, -0.481688, 
251, 0.974515, 0.0896835, 0.608389, 0.334258, -1.32876, -0.484336, 
251, 0.968205, 0.102605, 0.573499, 0.330918, -1.30641, -0.486983, 
251, 0.962163, 0.116184, 0.538091, 0.327913, -1.28421, -0.489648, 
251, 0.956373, 0.130391, 0.502154, 0.325232, -1.26215, -0.492352, 
251, 0.95082, 0.145206, 0.465674, 0.322865, -1.24017, -0.495112, 
251, 0.94549, 0.160609, 0.428632, 0.320804, -1.21825, -0.497948, 
251, 0.94037, 0.176589, 0.391008, 0.319046, -1.19636, -0.500876, 
251, 0.935448, 0.193137, 0.352777, 0.317587, -1.17446, -0.503916, 
251, 0.930714, 0.21025, 0.313909, 0.316428, -1.15251, -0.507085, 
251, 0.926156, 0.227928, 0.274372, 0.315571, -1.1305, -0.510402, 
251, 0.921765, 0.246177, 0.234128, 0.31502, -1.10839, -0.513889, 
251, 0.917532, 0.265006, 0.193134, 0.314783, -1.08615, -0.517567, 
251, 0.91345, 0.284429, 0.151342, 0.314871, -1.06374, -0.521461, 
251, 0.909511, 0.304465, 0.108697, 0.315297, -1.04113, -0.525595, 
251, 0.905706, 0.325142, 0.0651304, 0.316082, -1.01828, -0.530004, 
251, 0.90203, 0.346487, 0.0205737, 0.317245, -0.995161, -0.534719, 
251, 0.898476, 0.368535, -0.0250539, 0.318812, -0.971723, -0.539776, 
251, 0.895039, 0.391331, -0.0718488, 0.320818, -0.947919, -0.545221, 
251, 0.891712, 0.41493, -0.119923, 0.323304, -0.923699, -0.551108, 
251, 0.888491, 0.439397, -0.169406, 0.326323, -0.899003, -0.5575, 
251, 0.88537, 0.464812, -0.220454, 0.329939, -0.873765, -0.564475, 
251, 0.882345, 0.49127, -0.273249, 0.334234, -0.847907, -0.572126, 
251, 0.879412, 0.51889, -0.328015, 0.339311, -0.821337, -0.580573, 
251, 0.876672, 0.546751, -0.381886, 0.344503, -0.795888, -0.588855, 
251, 0.873902, 0.577036, -0.441384, 0.351503, -0.767486, -0.599315, 
251, 0.871214, 0.60901, -0.5038, 0.359773, -0.73801, -0.611108, 
251, 0.868604, 0.642962, -0.569662, 0.369608, -0.707252, -0.624556, 
251, 0.866069, 0.679269, -0.639668, 0.381417, -0.674944, -0.640101, 
251, 0.863606, 0.718454, -0.714762, 0.395782, -0.640727, -0.658373, 
251, 0.861211, 0.761254, -0.796282, 0.413574, -0.6041, -0.680303, 
251, 0.85881, 0.813684, -0.895773, 0.441362, -0.560556, -0.713257, 
251, 0.856545, 0.870722, -1.00278, 0.47524, -0.514727, -0.752412, 
251, 0.854339, 0.941306, -1.13409, 0.526731, -0.460323, -0.810291, 
251, 0.852192, 1.04767, -1.32962, 0.632484, -0.384558, -0.92557, 
252, 0.984013, -0.223047, 0.442352, 0.625723, -0.651063, -0.741497, 
252, 0.977419, -0.193705, 0.40815, 0.622862, -0.643125, -0.738796, 
252, 0.970974, -0.163822, 0.374386, 0.617645, -0.636303, -0.733987, 
252, 0.964806, -0.134205, 0.340149, 0.613288, -0.629044, -0.730164, 
252, 0.958898, -0.104808, 0.305417, 0.609777, -0.621351, -0.727305, 
252, 0.953234, -0.0755896, 0.270165, 0.607106, -0.613225, -0.725392, 
252, 0.947799, -0.0465058, 0.234363, 0.605274, -0.604666, -0.724418, 
252, 0.942581, -0.0175154, 0.197982, 0.604293, -0.595671, -0.724387, 
252, 0.937567, 0.0114241, 0.160988, 0.604179, -0.586239, -0.725311, 
252, 0.932745, 0.0403556, 0.123341, 0.604959, -0.576368, -0.72721, 
252, 0.928104, 0.0693231, 0.0849978, 0.606671, -0.566053, -0.730118, 
252, 0.923636, 0.098372, 0.0459113, 0.609362, -0.555292, -0.734081, 
252, 0.91933, 0.12755, 0.0060265, 0.613095, -0.544077, -0.739158, 
252, 0.915179, 0.156907, -0.0347179, 0.617947, -0.532403, -0.745426, 
252, 0.911173, 0.186497, -0.0763918, 0.624014, -0.520261, -0.75298, 
252, 0.907306, 0.216378, -0.119075, 0.631417, -0.507642, -0.761941, 
252, 0.903516, 0.246353, -0.161549, 0.637493, -0.494828, -0.769599, 
252, 0.899921, 0.276966, -0.206523, 0.648348, -0.481258, -0.782148, 
252, 0.896442, 0.308083, -0.252816, 0.66107, -0.467181, -0.796643, 
252, 0.893075, 0.339794, -0.300568, 0.675935, -0.45258, -0.813366, 
252, 0.889815, 0.372202, -0.349949, 0.693291, -0.43744, -0.83267, 
252, 0.886656, 0.405428, -0.401162, 0.713579, -0.421743, -0.855004, 
252, 0.883594, 0.439618, -0.454454, 0.737367, -0.405473, -0.880947, 
252, 0.880625, 0.47495, -0.510129, 0.765394, -0.388615, -0.911251, 
252, 0.877744, 0.511642, -0.568572, 0.798642, -0.371159, -0.946914, 
252, 0.874949, 0.549977, -0.630275, 0.838435, -0.353106, -0.989285, 
252, 0.872235, 0.590321, -0.695886, 0.886609, -0.334471, -1.04023, 
252, 0.869572, 0.6352, -0.770412, 0.953851, -0.314723, -1.11074, 
252, 0.867008, 0.682114, -0.848408, 1.03254, -0.295598, -1.19283, 
252, 0.864516, 0.733927, -0.935485, 1.13511, -0.276869, -1.29926, 
252, 0.862093, 0.79307, -1.036, 1.27354, -0.259692, -1.44222, 
252, 0.859737, 0.864752, -1.15931, 1.46988, -0.246865, -1.64424, 
252, 0.857443, 0.969882, -1.34291, 1.77929, -0.249257, -1.96264, 
253, 1.06285, 1.1203, -0.2088, 0.39884, -1.99468, -0.647127, 
253, 1.05491, 1.10172, -0.220261, 0.389651, -1.96478, -0.654305, 
253, 1.04647, 1.08245, -0.230556, 0.38027, -1.93548, -0.661376, 
253, 1.03885, 1.0669, -0.246025, 0.372487, -1.90469, -0.668241, 
253, 1.03128, 1.05234, -0.262885, 0.36505, -1.87345, -0.674858, 
253, 1.02382, 1.03901, -0.281426, 0.35804, -1.84173, -0.681313, 
253, 1.01648, 1.02707, -0.301829, 0.351499, -1.80951, -0.687632, 
253, 1.00927, 1.01661, -0.324211, 0.345443, -1.77678, -0.693833, 
253, 1.00219, 1.00771, -0.348665, 0.339871, -1.74351, -0.699941, 
253, 0.995259, 1.00044, -0.375277, 0.334781, -1.70969, -0.705984, 
253, 0.988459, 0.994845, -0.40414, 0.330167, -1.6753, -0.711997, 
253, 0.982124, 0.989752, -0.432958, 0.32617, -1.64132, -0.717617, 
253, 0.975438, 0.988205, -0.467558, 0.322418, -1.60531, -0.723846, 
253, 0.968946, 0.988436, -0.50451, 0.319198, -1.5687, -0.730097, 
253, 0.962614, 0.990613, -0.544125, 0.316496, -1.53139, -0.73646, 
253, 0.956424, 0.994922, -0.586751, 0.314319, -1.49323, -0.743019, 
253, 0.950364, 1.00158, -0.632786, 0.312691, -1.45405, -0.749866, 
253, 0.944424, 1.01086, -0.68272, 0.311653, -1.41364, -0.757111, 
253, 0.938597, 1.02315, -0.737283, 0.311278, -1.37171, -0.764908, 
253, 0.932884, 1.03889, -0.797243, 0.311656, -1.32793, -0.77342, 
253, 0.927279, 1.05878, -0.863906, 0.312939, -1.28174, -0.782917, 
253, 0.921779, 1.08396, -0.939307, 0.315373, -1.2323, -0.793811, 
253, 0.91638, 1.11636, -1.02695, 0.319391, -1.17814, -0.806812, 
253, 0.91108, 1.15991, -1.1339, 0.325879, -1.11633, -0.823348, 
253, 0.905877, 1.22533, -1.27944, 0.337277, -1.03887, -0.847313, 
254, 1.14234, 0.863448, 0.0765688, 0.537806, -1.93158, -0.628189, 
254, 1.1326, 0.85087, 0.0619013, 0.526876, -1.90511, -0.637509, 
254, 1.12321, 0.839201, 0.0463883, 0.51672, -1.8785, -0.646433, 
254, 1.11323, 0.829255, 0.0275949, 0.506428, -1.85069, -0.655506, 
254, 1.10405, 0.819881, 0.00908302, 0.497375, -1.8233, -0.663861, 
254, 1.09506, 0.811603, -0.0106715, 0.488926, -1.79569, -0.671929, 
254, 1.08682, 0.803906, -0.0301514, 0.481525, -1.76854, -0.679377, 
254, 1.07802, 0.798, -0.0528527, 0.474054, -1.74035, -0.687053, 
254, 1.06946, 0.793164, -0.0766807, 0.467176, -1.712, -0.694506, 
254, 1.06111, 0.789434, -0.101712, 0.460857, -1.68349, -0.701774, 
254, 1.05296, 0.786836, -0.128006, 0.455069, -1.65479, -0.708894, 
254, 1.04499, 0.785393, -0.155612, 0.449791, -1.6259, -0.7159, 
254, 1.03719, 0.785127, -0.184582, 0.445008, -1.5968, -0.722828, 
254, 1.02956, 0.786061, -0.214971, 0.440709, -1.56747, -0.729714, 
254, 1.02208, 0.788223, -0.246838, 0.436887, -1.53789, -0.736597, 
254, 1.01476, 0.791643, -0.280254, 0.43354, -1.50803, -0.743516, 
254, 1.00759, 0.796361, -0.315303, 0.43067, -1.47784, -0.750515, 
254, 1.00057, 0.802424, -0.352084, 0.428284, -1.4473, -0.757641, 
254, 0.99368, 0.80989, -0.39072, 0.426395, -1.41635, -0.764946, 
254, 0.98693, 0.818832, -0.431357, 0.425023, -1.38492, -0.772489, 
254, 0.980312, 0.829341, -0.474178, 0.424195, -1.35294, -0.78034, 
254, 0.973824, 0.841533, -0.519407, 0.423952, -1.32031, -0.788581, 
254, 0.96746, 0.855561, -0.567339, 0.424346, -1.28691, -0.797313, 
254, 0.96122, 0.871607, -0.618317, 0.425447, -1.25261, -0.806655, 
254, 0.954956, 0.887309, -0.668536, 0.426495, -1.21855, -0.815541, 
254, 0.949006, 0.908564, -0.72763, 0.429421, -1.18171, -0.826707, 
254, 0.943147, 0.932721, -0.791469, 0.433423, -1.14325, -0.839069, 
254, 0.937385, 0.960497, -0.861339, 0.438786, -1.10267, -0.853033, 
254, 0.931725, 0.99294, -0.939133, 0.445943, -1.05926, -0.869205, 
254, 0.926166, 1.03175, -1.02791, 0.455606, -1.01183, -0.88858, 
254, 0.920728, 1.08665, -1.14512, 0.471718, -0.953843, -0.916844, 
254, 0.915366, 1.16104, -1.29694, 0.496086, -0.882784, -0.956145, 
255, 1.15207, 0.48616, 0.129682, 0.665855, -1.52789, -0.782152, 
255, 1.14212, 0.490537, 0.103849, 0.660559, -1.50596, -0.788925, 
255, 1.13239, 0.495639, 0.0772647, 0.655705, -1.484, -0.795659, 
255, 1.12286, 0.501467, 0.0499074, 0.651285, -1.46201, -0.802382, 
255, 1.11354, 0.508021, 0.021757, 0.647291, -1.43998, -0.809121, 
255, 1.10441, 0.515303, -0.0072094, 0.643722, -1.41789, -0.815901, 
255, 1.09547, 0.523319, -0.0370178, 0.640576, -1.39573, -0.822754, 
255, 1.08672, 0.532075, -0.0676984, 0.637857, -1.37349, -0.829707, 
255, 1.07814, 0.54158, -0.0992857, 0.635568, -1.35116, -0.836792, 
255, 1.06975, 0.551849, -0.13182, 0.633718, -1.3287, -0.844042, 
255, 1.06152, 0.562896, -0.165349, 0.632317, -1.30611, -0.851494, 
255, 1.05346, 0.574745, -0.199926, 0.631378, -1.28336, -0.859186, 
255, 1.04557, 0.587422, -0.235614, 0.630921, -1.26043, -0.867161, 
255, 1.03783, 0.600958, -0.272488, 0.630969, -1.23728, -0.875467, 
255, 1.03026, 0.615394, -0.310634, 0.63155, -1.21389, -0.884158, 
255, 1.02283, 0.63078, -0.350156, 0.632701, -1.19022, -0.893295, 
255, 1.01535, 0.644741, -0.387952, 0.633097, -1.16651, -0.901631, 
255, 1.00828, 0.662717, -0.431174, 0.635768, -1.14214, -0.912041, 
255, 1.00132, 0.681719, -0.476048, 0.639116, -1.11734, -0.923123, 
255, 0.994494, 0.701898, -0.522829, 0.643235, -1.09204, -0.934994, 
255, 0.98779, 0.723421, -0.571811, 0.648243, -1.06615, -0.947806, 
255, 0.981212, 0.746488, -0.623348, 0.654285, -1.03956, -0.961745, 
255, 0.974758, 0.771344, -0.677883, 0.661549, -1.01216, -0.977054, 
255, 0.968426, 0.798306, -0.735992, 0.670281, -0.983769, -0.99405, 
255, 0.962213, 0.827805, -0.798453, 0.680819, -0.954155, -1.01316, 
255, 0.956117, 0.860448, -0.866365, 0.693645, -0.923001, -1.03501, 
255, 0.950136, 0.897141, -0.941365, 0.709486, -0.889833, -1.06051, 
255, 0.944266, 0.939338, -1.02607, 0.729518, -0.853904, -1.09115, 
255, 0.93852, 0.994923, -1.13463, 0.759764, -0.811444, -1.1348, 
255, 0.932866, 1.0662, -1.27123, 0.802651, -0.76108, -1.19413, 
256, 1.16296, 0.261665, -0.0447888, 1.02092, -1.12043, -1.14429, 
256, 1.15289, 0.278209, -0.0730849, 1.02121, -1.10588, -1.14972, 
256, 1.14302, 0.29513, -0.102031, 1.02191, -1.09134, -1.15556, 
256, 1.13336, 0.312442, -0.131657, 1.02306, -1.0768, -1.16185, 
256, 1.12389, 0.330163, -0.161999, 1.02466, -1.06226, -1.16862, 
256, 1.11463, 0.348313, -0.193099, 1.02676, -1.04772, -1.1759, 
256, 1.10555, 0.36692, -0.225012, 1.02939, -1.03322, -1.18374, 
256, 1.09666, 0.385997, -0.257767, 1.03257, -1.01865, -1.19217, 
256, 1.08795, 0.405578, -0.291427, 1.03633, -1.00403, -1.20124, 
256, 1.07942, 0.425696, -0.32606, 1.04073, -0.989363, -1.21101, 
256, 1.07106, 0.446395, -0.361743, 1.04581, -0.974631, -1.22154, 
256, 1.06291, 0.467635, -0.398422, 1.05233, -0.959723, -1.23346, 
256, 1.05487, 0.489683, -0.436549, 1.05861, -0.944881, -1.24547, 
256, 1.047, 0.512462, -0.476013, 1.06595, -0.92993, -1.25863, 
256, 1.0393, 0.536059, -0.516972, 1.07437, -0.914862, -1.27302, 
256, 1.03175, 0.560577, -0.559609, 1.08395, -0.899666, -1.28873, 
256, 1.02435, 0.586135, -0.604144, 1.0948, -0.884329, -1.30593, 
256, 1.0171, 0.612885, -0.650851, 1.10709, -0.868833, -1.32481, 
256, 1.00999, 0.641016, -0.70007, 1.121, -0.853161, -1.34563, 
256, 1.00302, 0.670773, -0.752246, 1.13684, -0.837289, -1.36875, 
256, 0.996188, 0.702484, -0.807971, 1.15495, -0.82119, -1.39462, 
256, 0.989488, 0.736609, -0.868072, 1.17587, -0.80483, -1.42388, 
256, 0.982919, 0.773818, -0.933757, 1.20034, -0.788161, -1.45747, 
256, 0.976478, 0.815161, -1.00691, 1.22952, -0.771114, -1.49682, 
256, 0.970161, 0.862448, -1.0908, 1.26537, -0.753578, -1.54439, 
256, 0.963964, 0.919271, -1.19185, 1.31173, -0.735337, -1.60498, 
256, 0.957869, 1.00218, -1.3398, 1.38265, -0.715359, -1.69793, 
257, 1.15502, 1.48264, -0.939097, 0.512494, -1.83786, -0.947157, 
257, 1.1457, 1.46228, -0.937246, 0.507258, -1.81777, -0.949203, 
257, 1.13647, 1.44295, -0.937227, 0.502196, -1.79699, -0.951622, 
257, 1.12739, 1.4247, -0.939062, 0.497195, -1.7754, -0.95391, 
257, 1.11826, 1.40921, -0.946186, 0.492119, -1.75183, -0.958078, 
257, 1.10933, 1.39743, -0.959462, 0.487694, -1.72585, -0.962658, 
257, 1.10041, 1.38627, -0.973876, 0.483383, -1.69948, -0.967502, 
257, 1.09157, 1.37521, -0.988258, 0.479319, -1.67315, -0.972102, 
257, 1.08285, 1.36881, -1.01084, 0.475693, -1.64368, -0.978217, 
257, 1.07417, 1.36264, -1.03359, 0.472364, -1.61422, -0.984168, 
257, 1.0656, 1.36128, -1.06474, 0.469606, -1.58155, -0.991656, 
257, 1.05714, 1.35772, -1.0916, 0.466991, -1.55063, -0.99792, 
257, 1.04869, 1.36416, -1.1362, 0.465457, -1.51294, -1.00789, 
257, 1.04034, 1.37452, -1.18746, 0.464669, -1.47273, -1.01902, 
257, 1.03208, 1.39148, -1.25025, 0.46495, -1.42813, -1.03239, 
257, 1.02391, 1.42021, -1.33376, 0.466974, -1.37553, -1.04999, 
257, 1.01581, 1.47925, -1.47126, 0.473127, -1.30189, -1.079, 
258, 1.22837, 1.22845, -0.66141, 0.654798, -1.81367, -0.958816, 
258, 1.21843, 1.21822, -0.670704, 0.648065, -1.79316, -0.96419, 
258, 1.20863, 1.2076, -0.678864, 0.642051, -1.7731, -0.968873, 
258, 1.19926, 1.19528, -0.683705, 0.636361, -1.75401, -0.972253, 
258, 1.18936, 1.18852, -0.698648, 0.630756, -1.73174, -0.978512, 
258, 1.17971, 1.18189, -0.71358, 0.625585, -1.70936, -0.984398, 
258, 1.17019, 1.17498, -0.727794, 0.620654, -1.68724, -0.989861, 
258, 1.16079, 1.16981, -0.744926, 0.616087, -1.66411, -0.99586, 
258, 1.15161, 1.16355, -0.759812, 0.611765, -1.64176, -1.00091, 
258, 1.14223, 1.16156, -0.78228, 0.607879, -1.61689, -1.008, 
258, 1.13301, 1.16015, -0.805507, 0.604384, -1.59179, -1.01503, 
258, 1.12389, 1.15987, -0.830507, 0.601288, -1.56612, -1.0223, 
258, 1.11485, 1.16101, -0.85777, 0.598626, -1.53972, -1.02998, 
258, 1.1059, 1.16376, -0.887656, 0.59644, -1.51246, -1.03817, 
258, 1.09703, 1.16834, -0.920539, 0.594782, -1.48423, -1.04698, 
258, 1.08818, 1.17192, -0.951289, 0.593139, -1.45688, -1.05504, 
258, 1.0795, 1.18191, -0.993305, 0.592933, -1.42556, -1.06597, 
258, 1.07088, 1.1945, -1.03967, 0.593473, -1.3928, -1.07797, 
258, 1.06234, 1.21051, -1.09185, 0.594968, -1.35809, -1.09147, 
258, 1.05387, 1.23117, -1.15207, 0.597733, -1.32062, -1.10713, 
258, 1.04548, 1.25878, -1.22445, 0.602336, -1.27894, -1.12617, 
258, 1.03717, 1.29916, -1.31943, 0.610183, -1.22932, -1.15168, 
258, 1.02895, 1.3972, -1.51746, 0.631661, -1.14322, -1.20727, 
259, 1.24623, 0.942214, -0.58954, 0.818627, -1.56046, -1.09625, 
259, 1.23624, 0.94298, -0.607826, 0.815386, -1.54161, -1.10259, 
259, 1.22633, 0.944491, -0.627252, 0.812464, -1.52248, -1.10917, 
259, 1.21648, 0.946782, -0.647877, 0.809875, -1.50305, -1.11602, 
259, 1.20658, 0.94786, -0.666345, 0.806979, -1.48418, -1.12202, 
259, 1.19692, 0.952292, -0.690321, 0.80526, -1.46392, -1.12971, 
259, 1.18732, 0.957553, -0.715603, 0.803907, -1.44333, -1.13774, 
259, 1.17778, 0.963712, -0.742308, 0.802953, -1.42239, -1.14618, 
259, 1.16831, 0.970857, -0.770584, 0.802434, -1.40106, -1.15507, 
259, 1.15892, 0.979171, -0.800754, 0.802428, -1.37924, -1.16454, 
259, 1.1496, 0.988658, -0.832823, 0.802941, -1.35694, -1.17461, 
259, 1.14035, 0.999486, -0.867089, 0.804045, -1.33409, -1.18541, 
259, 1.13118, 1.01186, -0.903916, 0.805828, -1.31058, -1.19709, 
259, 1.12208, 1.02603, -0.943763, 0.808401, -1.28628, -1.20984, 
259, 1.11307, 1.04234, -0.987236, 0.81191, -1.26104, -1.22393, 
259, 1.10413, 1.06129, -1.03524, 0.816568, -1.23461, -1.23975, 
259, 1.09528, 1.08363, -1.08911, 0.822689, -1.20661, -1.25785, 
259, 1.0865, 1.11051, -1.15093, 0.830763, -1.17649, -1.27912, 
259, 1.07781, 1.14419, -1.22476, 0.841718, -1.14313, -1.30525, 
259, 1.06919, 1.18984, -1.31984, 0.857651, -1.104, -1.3401, 
259, 1.06066, 1.26511, -1.46786, 0.885633, -1.05048, -1.39676, 
260, 1.13907, 1.06619, -1.33021, 1.26144, -1.07805, -1.66933, 
260, 1.12991, 1.13144, -1.45151, 1.29221, -1.05322, -1.7276, 
261, -0.37036, -0.0821888, 0.57285, -0.840426, -1.98473, 0.647554, 
261, -0.307621, -0.12337, 0.547568, -0.808113, -1.89815, 0.65955, 
261, -0.244787, -0.153243, 0.51318, -0.782324, -1.81163, 0.665208, 
261, -0.182352, -0.171966, 0.470149, -0.761924, -1.72616, 0.66601, 
261, -0.120779, -0.18001, 0.418935, -0.74587, -1.64233, 0.663267, 
261, -0.0604999, -0.178, 0.359942, -0.733423, -1.56051, 0.658114, 
261, -0.00189538, -0.16664, 0.293461, -0.724077, -1.48083, 0.6516, 
261, 0.0547203, -0.146615, 0.219634, -0.717541, -1.40324, 0.644718, 
261, 0.109104, -0.118519, 0.138413, -0.71373, -1.32751, 0.63843, 
261, 0.161083, -0.0827882, 0.0495175, -0.712771, -1.2533, 0.633713, 
261, 0.210551, -0.0396461, -0.0476401, -0.715026, -1.18015, 0.631619, 
261, 0.257463, 0.0109773, -0.154066, -0.721154, -1.10747, 0.633388, 
261, 0.30182, 0.0695627, -0.271398, -0.732246, -1.03453, 0.640634, 
261, 0.343664, 0.13723, -0.40232, -0.750114, -0.960386, 0.655707, 
261, 0.38307, 0.216244, -0.551479, -0.777961, -0.88369, 0.682477, 
261, 0.420133, 0.311358, -0.727919, -0.822174, -0.802285, 0.728424, 
261, 0.454961, 0.434755, -0.953969, -0.898885, -0.711711, 0.812204, 
261, 0.487674, 0.649737, -1.34368, -1.09063, -0.593086, 1.02928, 
262, -0.496905, -0.1493, 0.45494, -0.851763, -1.93682, 0.901593, 
262, -0.435918, -0.183247, 0.434323, -0.834506, -1.85663, 0.903292, 
262, -0.373851, -0.20807, 0.405984, -0.821141, -1.77609, 0.901424, 
262, -0.311315, -0.223611, 0.370361, -0.811843, -1.6963, 0.895889, 
262, -0.248398, -0.230303, 0.327353, -0.804437, -1.61673, 0.888942, 
262, -0.185884, -0.228235, 0.277472, -0.799793, -1.53866, 0.880053, 
262, -0.124219, -0.217855, 0.220868, -0.797428, -1.46224, 0.870155, 
262, -0.0638324, -0.199619, 0.157602, -0.797114, -1.38759, 0.860082, 
262, -0.00510459, -0.17395, 0.0876075, -0.798815, -1.31469, 0.850665, 
262, 0.0516471, -0.141195, 0.0106562, -0.802679, -1.24342, 0.842771, 
262, 0.106176, -0.101567, -0.0736991, -0.80906, -1.17357, 0.837354, 
262, 0.158306, -0.0550903, -0.166202, -0.818563, -1.10481, 0.835529, 
262, 0.207927, -0.00151171, -0.26803, -0.832138, -1.03672, 0.838699, 
262, 0.25499, 0.0598402, -0.381038, -0.851263, -0.968729, 0.848782, 
262, 0.299496, 0.130336, -0.508265, -0.878335, -0.900101, 0.868682, 
262, 0.341483, 0.212688, -0.655091, -0.917575, -0.829801, 0.90334, 
262, 0.381024, 0.312783, -0.832543, -0.977608, -0.756174, 0.962736, 
262, 0.418208, 0.447544, -1.07141, -1.08229, -0.675671, 1.07443, 
263, -0.673147, -0.119716, 0.267641, -0.86242, -1.96048, 1.17279, 
263, -0.617753, -0.156209, 0.259815, -0.856333, -1.88999, 1.17031, 
263, -0.560214, -0.185806, 0.245268, -0.85291, -1.81769, 1.16577, 
263, -0.50081, -0.208159, 0.224123, -0.852018, -1.74437, 1.1593, 
263, -0.439845, -0.223288, 0.1967, -0.853318, -1.67059, 1.15139, 
263, -0.377828, -0.230638, 0.162683, -0.856932, -1.5966, 1.14173, 
263, -0.315139, -0.230624, 0.122511, -0.862358, -1.52305, 1.13134, 
263, -0.252275, -0.223331, 0.076197, -0.869469, -1.45027, 1.1206, 
263, -0.189731, -0.208924, 0.0237089, -0.878182, -1.37852, 1.11007, 
263, -0.127989, -0.187592, -0.0350743, -0.888509, -1.30802, 1.10039, 
263, -0.067492, -0.159507, -0.1004, -0.900602, -1.23888, 1.0923, 
263, -0.00862993, -0.124774, -0.172686, -0.914792, -1.17113, 1.08668, 
263, 0.0482725, -0.0833777, -0.252589, -0.93164, -1.1047, 1.08456, 
263, 0.102961, -0.0351135, -0.341105, -0.952028, -1.03937, 1.08727, 
263, 0.15525, 0.0205221, -0.439744, -0.977313, -0.974709, 1.09657, 
263, 0.205068, 0.0848505, -0.551387, -1.00952, -0.912102, 1.11521, 
263, 0.252304, 0.159611, -0.679756, -1.05221, -0.848854, 1.14709, 
263, 0.296908, 0.249021, -0.832871, -1.11235, -0.785364, 1.20027, 
263, 0.339137, 0.365061, -1.03267, 1.9379, 0.720348, -1.84976, 
263, 0.378841, 0.561746, -1.3765, -1.394, -0.651459, 1.50278, 
264, -0.194242, -0.119292, -0.30396, -1.00405, -1.24847, 1.3869, 
264, -0.132561, -0.0908411, -0.364819, 2.11271, 1.18388, -1.75728, 
264, -0.0714262, -0.0561774, -0.432447, 2.08447, 1.1194, -1.75647, 
264, -0.0127542, -0.0124237, -0.51248, 2.05114, 1.05793, -1.74695, 
264, 0.044369, 0.0381834, -0.601131, 2.01431, 0.997227, -1.73271, 
264, 0.0992577, 0.0978983, -0.703057, 1.97041, 0.938175, -1.70872, 
264, 0.151733, 0.169201, -0.823207, 1.91578, 0.880858, -1.67039, 
264, 0.201762, 0.257855, -0.972385, -1.29717, -0.825507, 1.53178, 
264, 0.249194, 0.379339, -1.17885, 1.73847, 0.773322, -1.50459, 
265, -0.0176446, 0.227664, -1.05809, -1.36826, -0.999507, -4.42189, 
265, 0.0395566, 0.321474, -1.21964, -1.45424, -0.951968, -4.3476, 
268, -0.245285, -0.0995345, 0.723034, -0.803262, -1.98248, 0.450539, 
268, -0.185641, -0.141579, 0.692967, -0.764097, -1.89637, 0.467387, 
268, -0.127028, -0.171738, 0.6544, -0.732356, -1.81134, 0.477175, 
268, -0.0698105, -0.190497, 0.607979, -0.706598, -1.72837, 0.481448, 
268, -0.0142996, -0.198654, 0.554315, -0.685633, -1.64797, 0.481623, 
268, 0.0392116, -0.197586, 0.494288, -0.66867, -1.56932, 0.47857, 
268, 0.090639, -0.187156, 0.427414, -0.65478, -1.4947, 0.474299, 
268, 0.139785, -0.168966, 0.354538, -0.643779, -1.42231, 0.469162, 
268, 0.18658, -0.143705, 0.275713, -0.63542, -1.35186, 0.464025, 
268, 0.231, -0.111912, 0.19083, -0.629641, -1.28299, 0.459675, 
268, 0.27306, -0.073948, 0.0995772, -0.62655, -1.21523, 0.456872, 
268, 0.312806, -0.0299599, 0.00139238, -0.626434, -1.14804, 0.456422, 
268, 0.350309, 0.0201641, -0.104632, -0.629804, -1.08082, 0.459265, 
268, 0.385657, 0.0768752, -0.219904, -0.637495, -1.01283, 0.466616, 
268, 0.418948, 0.141123, -0.346634, -0.650878, -0.943179, 0.480231, 
268, 0.450291, 0.214695, -0.488463, -0.672316, -0.870606, 0.502938, 
268, 0.479794, 0.301039, -0.651951, -0.706303, -0.793194, 0.539924, 
268, 0.507567, 0.407729, -0.851026, -0.762957, -0.707383, 0.602667, 
268, 0.533713, 0.557312, -1.12646, -0.873808, -0.604133, 0.726599, 
269, -0.430596, -0.209795, 0.663673, -0.853204, -1.96263, 0.723611, 
269, -0.370389, -0.247018, 0.640906, -0.8255, -1.88173, 0.732096, 
269, -0.310005, -0.27421, 0.610987, -0.803629, -1.80165, 0.734534, 
269, -0.249617, -0.292075, 0.574146, -0.785118, -1.72219, 0.733556, 
269, -0.189875, -0.30059, 0.530956, -0.770434, -1.64478, 0.728693, 
269, -0.131153, -0.300434, 0.481784, -0.758674, -1.56962, 0.721138, 
269, -0.0738072, -0.292299, 0.42694, -0.749288, -1.49681, 0.711817, 
269, -0.0181497, -0.27687, 0.366654, -0.74193, -1.42634, 0.701547, 
269, 0.0355658, -0.254785, 0.301057, -0.736415, -1.35808, 0.691079, 
269, 0.0871465, -0.226593, 0.230169, -0.732704, -1.29184, 0.681123, 
269, 0.13646, -0.192734, 0.153879, -0.730891, -1.22733, 0.672366, 
269, 0.183429, -0.153512, 0.0719243, -0.731206, -1.16421, 0.665509, 
269, 0.228023, -0.109072, -0.0161466, -0.734031, -1.10211, 0.661312, 
269, 0.270256, -0.0593678, -0.111038, -0.739941, -1.04058, 0.660661, 
269, 0.31017, -0.00410484, -0.21381, -0.749786, -0.97911, 0.664682, 
269, 0.347834, 0.0573579, -0.326069, -0.764843, -0.917085, 0.674929, 
269, 0.383335, 0.126209, -0.450339, -0.787139, -0.853749, 0.693754, 
269, 0.416773, 0.204626, -0.590861, -0.820151, -0.788068, 0.725099, 
269, 0.448253, 0.296924, -0.755676, -0.870631, -0.718454, 0.776556, 
269, 0.477886, 0.4136, -0.963896, -0.954961, -0.641876, 0.866485, 
269, 0.505781, 0.601554, -1.29995, -1.14502, -0.547881, 1.07572, 
270, -0.610065, -0.25658, 0.508155, -0.876522, -1.94673, 1.03008, 
270, -0.55323, -0.290072, 0.49324, -0.86325, -1.87319, 1.03143, 
270, -0.494941, -0.316196, 0.472457, -0.853149, -1.7994, 1.02983, 
270, -0.435456, -0.334597, 0.445772, -0.846388, -1.72513, 1.02426, 
270, -0.375256, -0.345536, 0.413643, -0.841924, -1.65168, 1.0165, 
270, -0.314748, -0.349157, 0.376239, -0.839483, -1.57928, 1.00673, 
270, -0.254793, -0.345794, 0.334221, -0.839161, -1.50892, 0.994807, 
270, -0.194797, -0.335713, 0.286605, -0.839485, -1.43918, 0.982856, 
270, -0.135867, -0.319324, 0.234217, -0.841221, -1.37135, 0.970362, 
270, -0.0783265, -0.297024, 0.177039, -0.844184, -1.30541, 0.958007, 
270, -0.0224738, -0.269171, 0.114998, -0.848373, -1.24132, 0.946432, 
270, 0.0314413, -0.236061, 0.047929, -0.853935, -1.17897, 0.936284, 
270, 0.0832254, -0.197909, -0.0244458, -0.861161, -1.11823, 0.928255, 
270, 0.132744, -0.154819, -0.102555, -0.870497, -1.05889, 0.923114, 
270, 0.179915, -0.10675, -0.18703, -0.882585, -1.0007, 0.921772, 
270, 0.224707, -0.0534687, -0.278796, -0.898327, -0.943339, 0.925367, 
270, 0.267129, 0.00553799, -0.379217, -0.919015, -0.886447, 0.935425, 
270, 0.307219, 0.0712187, -0.490388, -0.946569, -0.829597, 0.954138, 
270, 0.345142, 0.145635, -0.616361, -0.986707, -0.772347, 0.987739, 
270, 0.380817, 0.231616, -0.762496, -1.04143, -0.713972, 1.03876, 
270, 0.414418, 0.336943, -0.943044, -1.12483, -0.65365, 1.12293, 
270, 0.446053, 0.487825, -1.2053, -1.2768, -0.589901, 1.28574, 
271, -0.723179, -0.245281, 0.233843, 2.26325, 1.86846, -1.79016, 
271, -0.670314, -0.271398, 0.222659, 2.2603, 1.80396, -1.79531, 
271, -0.615397, -0.291977, 0.206642, 2.25531, 1.73839, -1.80193, 
271, -0.55868, -0.306853, 0.185851, 2.24841, 1.67211, -1.80981, 
271, -0.500285, -0.31621, 0.160739, 2.23981, 1.60495, -1.81838, 
271, -0.441045, -0.319226, 0.130364, 2.22957, 1.53886, -1.82861, 
271, -0.380858, -0.316732, 0.0958145, 2.21799, 1.47259, -1.83899, 
271, -0.320318, -0.308568, 0.0567791, -0.936402, -1.40695, 1.29207, 
271, -0.259868, -0.294856, 0.0132455, 2.19126, 1.3422, -1.85981, 
271, -0.141007, -0.251377, -0.0876413, -0.981428, -1.21652, 1.26378, 
271, -0.0833045, -0.22188, -0.145426, -0.999045, -1.15537, 1.25744, 
271, -0.0272688, -0.187194, -0.208639, -1.01819, -1.09654, 1.25332, 
271, 0.0268473, -0.147582, -0.277426, -1.03941, -1.03896, 1.25259, 
271, 0.0788529, -0.102621, -0.352876, -1.06357, -0.983001, 1.25629, 
271, 0.128597, -0.0522116, -0.435744, -1.09159, -0.928611, 1.26563, 
271, 0.176009, 0.00432864, -0.527643, 2.01669, 0.875713, -1.85926, 
271, 0.22086, 0.0666171, -0.628554, 1.9754, 0.824717, 4.44996, 
271, 0.304024, 0.227304, -0.891097, 1.85428, 0.726227, -1.7296, 
271, 0.342081, 0.337222, -1.07458, 1.75322, 0.680882, -1.62933, 
271, 0.377953, 0.526598, -1.40035, 1.55521, 0.644589, -1.41151, 
272, -0.996355, 0.0113319, -0.201451, 2.30347, 1.99508, -1.41686, 
272, -0.957619, -0.0273291, -0.18748, 2.29349, 1.95046, -1.42382, 
272, -0.916629, -0.0625273, -0.178259, 2.28159, 1.90311, -1.43104, 
272, -0.873287, -0.094029, -0.173672, 2.26809, 1.85355, -1.43826, 
272, 0.171296, 0.248626, -1.08375, -1.5195, -0.83961, -4.43519, 
272, 0.216619, 0.371054, -1.28824, -1.63012, -0.810129, -4.32345, 
273, -1.00096, 0.261879, -0.922182, -0.837511, -1.77378, -4.12132, 
273, -0.962511, 0.22534, -0.897626, -0.863559, -1.7433, -4.13231, 
273, -0.921768, 0.192255, -0.877879, -0.890688, -1.71025, -4.14264, 
275, -0.0639224, -0.0622308, 0.838967, -0.718427, -1.99115, 0.209219, 
275, -0.0110241, -0.107107, 0.80434, -0.674227, -1.90564, 0.232698, 
275, 0.0395722, -0.140362, 0.762578, -0.638962, -1.82138, 0.247063, 
275, 0.088038, -0.161393, 0.713337, -0.610319, -1.74098, 0.25586, 
275, 0.13423, -0.171874, 0.65774, -0.586859, -1.66388, 0.260052, 
275, 0.178128, -0.17296, 0.59632, -0.567489, -1.59005, 0.261101, 
275, 0.219721, -0.16578, 0.529533, -0.551503, -1.5192, 0.260177, 
275, 0.25906, -0.151316, 0.457677, -0.538381, -1.45089, 0.258145, 
275, 0.296213, -0.130373, 0.380905, -0.527792, -1.38467, 0.25572, 
275, 0.331263, -0.103578, 0.299218, -0.519553, -1.32005, 0.253511, 
275, 0.364306, -0.0713675, 0.212458, -0.51361, -1.25653, 0.252067, 
275, 0.395444, -0.0339968, 0.120284, -0.510026, -1.19361, 0.251922, 
275, 0.42478, 0.00847808, 0.0221365, -0.508997, -1.13072, 0.253647, 
275, 0.452421, 0.0562259, -0.0828413, -0.510884, -1.06729, 0.257919, 
275, 0.478471, 0.109701, -0.195927, -0.516291, -1.00259, 0.265626, 
275, 0.50303, 0.16977, -0.319063, -0.526215, -0.935751, 0.278055, 
275, 0.526196, 0.237969, -0.455339, -0.542376, -0.865558, 0.297259, 
275, 0.548062, 0.317114, -0.610096, -0.567983, -0.790138, 0.326932, 
275, 0.568713, 0.412973, -0.793945, -0.609979, -0.706099, 0.374874, 
275, 0.588231, 0.540592, -1.03414, -0.687899, -0.605428, 0.46273, 
276, -0.296572, -0.248381, 0.864921, -0.815191, -1.96469, 0.494021, 
276, -0.237771, -0.289446, 0.838149, -0.777608, -1.88216, 0.509077, 
276, -0.179961, -0.318992, 0.804406, -0.746969, -1.8017, 0.516695, 
276, -0.123493, -0.33771, 0.76433, -0.721744, -1.72409, 0.51848, 
276, -0.0686662, -0.346563, 0.718524, -0.700718, -1.64972, 0.515861, 
276, -0.0157241, -0.346611, 0.66752, -0.682982, -1.57864, 0.510069, 
276, 0.0350968, -0.339345, 0.612085, -0.667983, -1.50962, 0.501756, 
276, 0.0837928, -0.324628, 0.551742, -0.655014, -1.44509, 0.492713, 
276, 0.130204, -0.304058, 0.487283, -0.644015, -1.38289, 0.48306, 
276, 0.174305, -0.278274, 0.418797, -0.634809, -1.32278, 0.473445, 
276, 0.216108, -0.247802, 0.346295, -0.627345, -1.26443, 0.46442, 
276, 0.255654, -0.213041, 0.269691, -0.621664, -1.20747, 0.456477, 
276, 0.293008, -0.174259, 0.188787, -0.617893, -1.15152, 0.450083, 
276, 0.32825, -0.131588, 0.103258, -0.616246, -1.09619, 0.445716, 
276, 0.361476, -0.085019, 0.0126154, -0.61705, -1.04105, 0.44391, 
276, 0.392786, -0.0343761, -0.0838464, -0.620774, -0.985653, 0.445318, 
276, 0.422284, 0.0207232, -0.187138, -0.628114, -0.929483, 0.450797, 
276, 0.450077, 0.0809515, -0.298736, -0.640118, -0.871934, 0.461576, 
276, 0.476269, 0.147431, -0.420882, -0.658458, -0.812228, 0.479545, 
276, 0.500961, 0.222075, -0.557208, -0.686, -0.749284, 0.507889, 
276, 0.52425, 0.308422, -0.714232, -0.728228, -0.681413, 0.552642, 
276, 0.546229, 0.414114, -0.905836, -0.797639, -0.6055, 0.627466, 
276, 0.566997, 0.567875, -1.18381, -0.942847, -0.511869, 0.785532, 
277, -0.539797, -0.384389, 0.773627, -0.876409, -1.94672, 0.853761, 
277, -0.481132, -0.419949, 0.754627, -0.853545, -1.86958, 0.860033, 
277, -0.421781, -0.446594, 0.729981, -0.835276, -1.79325, 0.860837, 
277, -0.362156, -0.464521, 0.700058, -0.820672, -1.71845, 0.857024, 
277, -0.302949, -0.473941, 0.665402, -0.809716, -1.64623, 0.848872, 
277, -0.243839, -0.476004, 0.625897, -0.799544, -1.57535, 0.838758, 
277, -0.185825, -0.47085, 0.582213, -0.791473, -1.50729, 0.826073, 
277, -0.129159, -0.459249, 0.534555, -0.784777, -1.44186, 0.811794, 
277, -0.0741186, -0.441871, 0.483103, -0.779133, -1.37897, 0.796619, 
277, -0.0209465, -0.419318, 0.427988, -0.774393, -1.31849, 0.781149, 
277, 0.0301682, -0.392118, 0.369284, -0.770523, -1.26025, 0.765925, 
277, 0.0790922, -0.360722, 0.307, -0.767584, -1.20406, 0.75145, 
277, 0.125745, -0.325491, 0.241077, -0.765718, -1.14967, 0.738203, 
277, 0.170092, -0.286696, 0.171381, -0.76514, -1.09682, 0.726652, 
277, 0.212138, -0.244511, 0.0976907, -0.766145, -1.04522, 0.717283, 
277, 0.251922, -0.19901, 0.0196788, -0.769118, -0.994564, 0.710624, 
277, 0.289504, -0.15015, -0.0631167, -0.774562, -0.944538, 0.707288, 
277, 0.324965, -0.0977528, -0.151341, -0.783143, -0.894794, 0.708038, 
277, 0.358397, -0.0414665, -0.245899, -0.795775, -0.844955, 0.71388, 
277, 0.389902, 0.0193069, -0.348092, -0.813764, -0.794605, 0.726235, 
277, 0.419583, 0.0855437, -0.459865, -0.839089, -0.743256, 0.74724, 
277, 0.447547, 0.158877, -0.584312, -0.874967, -0.690316, 0.780371, 
277, 0.473899, 0.242253, -0.726862, -0.927185, -0.63501, 0.831885, 
277, 0.49874, 0.341863, -0.898763, -1.00792, -0.576207, 0.914991, 
277, 0.522168, 0.476018, -1.13301, -1.15256, -0.511875, 1.0682, 
278, -0.428917, -0.498963, 0.416547, -0.895166, -1.54964, 1.1975, 
278, -0.369257, -0.495811, 0.382445, -0.900265, -1.48395, 1.18469, 
278, -0.309687, -0.487281, 0.344851, -0.906262, -1.41956, 1.17084, 
278, -0.250591, -0.473766, 0.303991, -0.912844, -1.35652, 1.15657, 
278, -0.192476, -0.455299, 0.259614, -0.919826, -1.29557, 1.1417, 
278, -0.135625, -0.432407, 0.211963, -0.92722, -1.23628, 1.12718, 
278, -0.0803524, -0.405348, 0.16097, -0.935043, -1.17883, 1.11336, 
278, -0.0269194, -0.374376, 0.106551, -0.943404, -1.12326, 1.10065, 
278, 0.0244744, -0.339709, 0.048571, -0.952508, -1.06952, 1.08954, 
278, 0.0736876, -0.301517, -0.0131643, -0.962661, -1.01753, 1.08054, 
278, 0.120633, -0.259902, -0.0789288, -0.974279, -0.967172, 1.07421, 
278, 0.165269, -0.214889, -0.149095, -0.98791, -0.918263, 1.07125, 
278, 0.207597, -0.166407, -0.224166, -1.00428, -0.870579, 1.07245, 
278, 0.247647, -0.114264, -0.304816, -1.02434, -0.82376, 1.07886, 
278, 0.285515, -0.0578892, -0.392295, -1.04915, -0.779274, 1.0917, 
278, 0.321228, 0.00312135, -0.487668, -1.0807, -0.734731, 1.11296, 
278, 0.35488, 0.0699065, -0.593162, -1.12134, -0.690927, 1.14521, 
278, 0.386632, 0.144531, -0.712656, -1.17563, -0.647741, 1.19339, 
278, 0.44455, 0.334952, -1.02605, -1.35795, -0.566027, 1.37317, 
278, 0.471224, 0.496473, -1.30223, -1.55996, -0.533689, 1.58882, 
279, -0.087648, -0.266452, -0.261483, 1.95943, 1.05825, -1.61464, 
279, -0.0339271, -0.231704, -0.316292, -1.21078, -1.00786, 1.52903, 
279, 0.350736, 0.347696, -1.21564, -1.72207, -0.67925, -4.37646, 
280, -0.878927, -0.118991, -0.47522, -0.960494, -1.70122, -4.24968, 
280, -0.041721, 0.0824109, -1.0048, -1.5865, -1.0358, 2.14841, 
280, 0.0601876, 0.22364, -1.23217, 1.41423, 0.985387, -0.886108, 
280, 0.107794, 0.358582, -1.45866, 1.30968, 0.981684, -0.772718, 
282, 0.216262, 0.0178743, 0.848404, -0.52774, -1.96263, -0.0351818, 
282, 0.253413, -0.0232442, 0.806856, -0.493819, -1.87821, -0.0155798, 
282, 0.288371, -0.0524293, 0.758674, -0.466583, -1.79775, -0.00214968, 
282, 0.321241, -0.0709254, 0.704566, -0.444487, -1.72123, 0.00680039, 
282, 0.352137, -0.0800003, 0.645145, -0.42639, -1.64837, 0.0125876, 
282, 0.381174, -0.0808245, 0.580885, -0.411482, -1.57875, 0.0162053, 
282, 0.408471, -0.074412, 0.512118, -0.399196, -1.51184, 0.0184102, 
282, 0.434144, -0.0615979, 0.439045, -0.389141, -1.44715, 0.0197899, 
282, 0.458304, -0.043049, 0.36173, -0.381057, -1.38416, 0.0208257, 
282, 0.481054, -0.0192594, 0.280108, -0.374791, -1.32236, 0.0219244, 
282, 0.502492, 0.00944116, 0.19397, -0.370277, -1.26127, 0.0234529, 
282, 0.522703, 0.0404257, 0.105369, -0.366783, -1.20041, 0.0260256, 
282, 0.541798, 0.081077, 0.00648096, -0.366679, -1.13919, 0.0292682, 
282, 0.559831, 0.124217, -0.0962661, -0.367932, -1.0771, 0.0344075, 
282, 0.576885, 0.17276, -0.206503, -0.371691, -1.01341, 0.0417985, 
282, 0.593027, 0.227525, -0.326037, -0.378619, -0.947245, 0.0523196, 
282, 0.608323, 0.289923, -0.457692, -0.389862, -0.877352, 0.0673637, 
282, 0.622829, 0.362476, -0.60625, -0.407553, -0.801785, 0.0894011, 
282, 0.636599, 0.450184, -0.78092, -0.436226, -0.717, 0.123533, 
282, 0.649682, 0.565308, -1.00393, -0.488065, -0.614796, 0.183213, 
282, 0.662131, 0.792467, -1.42746, -0.661211, -0.443254, 0.375776, 
283, 0.0381094, -0.283373, 0.955273, -0.622289, -1.81984, 0.220143, 
283, 0.0852824, -0.307165, 0.912264, -0.592072, -1.74299, 0.227227, 
283, 0.129925, -0.319878, 0.864093, -0.567466, -1.67145, 0.229323, 
283, 0.172078, -0.323274, 0.811313, -0.546769, -1.60444, 0.228015, 
283, 0.211829, -0.318912, 0.754546, -0.529064, -1.54123, 0.224336, 
283, 0.249262, -0.308, 0.694178, -0.513804, -1.48127, 0.219213, 
283, 0.284478, -0.291532, 0.630484, -0.500613, -1.424, 0.213324, 
283, 0.317588, -0.270297, 0.563645, -0.489251, -1.36893, 0.207195, 
283, 0.348708, -0.244905, 0.493745, -0.479562, -1.31559, 0.201229, 
283, 0.377959, -0.215813, 0.420783, -0.47146, -1.26354, 0.195755, 
283, 0.405456, -0.183341, 0.344674, -0.464915, -1.2124, 0.191058, 
283, 0.431317, -0.147691, 0.265245, -0.45995, -1.1618, 0.187401, 
283, 0.45565, -0.108956, 0.182229, -0.456641, -1.11137, 0.185047, 
283, 0.478562, -0.0671207, 0.0952444, -0.455126, -1.06076, 0.18429, 
283, 0.500151, -0.0220526, 0.00376212, -0.455627, -1.00958, 0.185478, 
283, 0.520509, 0.0265185, -0.0929421, -0.458477, -0.95741, 0.189065, 
283, 0.539725, 0.0790421, -0.195875, -0.464186, -0.903753, 0.195675, 
283, 0.557877, 0.136225, -0.306474, -0.473544, -0.847982, 0.206228, 
283, 0.575042, 0.199183, -0.426886, -0.487834, -0.789256, 0.22217, 
283, 0.591287, 0.269753, -0.56054, -0.509298, -0.726335, 0.245973, 
283, 0.606678, 0.351243, -0.713488, -0.542285, -0.657184, 0.282376, 
283, 0.621272, 0.450599, -0.898316, -0.59682, -0.577841, 0.342189, 
283, 0.635128, 0.592105, -1.15881, -0.712, -0.476005, 0.46743, 
284, -0.181801, -0.600049, 0.949279, -0.734742, -1.64184, 0.618073, 
284, -0.12516, -0.601361, 0.907874, -0.716851, -1.57412, 0.605333, 
284, -0.0704429, -0.594502, 0.862337, -0.701014, -1.51078, 0.59164, 
284, -0.018089, -0.581097, 0.813718, -0.686561, -1.45128, 0.575088, 
284, 0.0318106, -0.562574, 0.762387, -0.673153, -1.39436, 0.557066, 
284, 0.0792922, -0.538876, 0.707974, -0.660881, -1.34156, 0.53925, 
284, 0.124275, -0.511341, 0.65101, -0.649491, -1.29143, 0.521531, 
284, 0.166777, -0.480618, 0.591633, -0.639026, -1.24332, 0.504314, 
284, 0.206861, -0.44712, 0.529866, -0.629532, -1.19696, 0.487974, 
284, 0.244609, -0.411176, 0.465695, -0.621086, -1.15206, 0.472806, 
284, 0.280124, -0.373026, 0.399061, -0.613791, -1.10831, 0.459059, 
284, 0.313515, -0.332829, 0.32986, -0.607774, -1.06541, 0.446956, 
284, 0.344899, -0.290672, 0.257933, -0.603186, -1.02308, 0.436714, 
284, 0.374396, -0.246571, 0.183061, -0.600213, -0.981033, 0.428561, 
284, 0.402124, -0.200472, 0.104949, -0.599089, -0.939008, 0.422761, 
284, 0.428199, -0.152247, 0.0232091, -0.600115, -0.896718, 0.41964, 
284, 0.452731, -0.101679, -0.0626704, -0.603693, -0.853871, 0.419625, 
284, 0.475827, -0.0484438, -0.153373, -0.610374, -0.810143, 0.423301, 
284, 0.497587, 0.00793388, -0.24983, -0.620951, -0.765163, 0.431503, 
284, 0.518104, 0.0681473, -0.353351, -0.636606, -0.718485, 0.445483, 
284, 0.537465, 0.13324, -0.465865, -0.659204, -0.669536, 0.467215, 
284, 0.555753, 0.204873, -0.5904, -0.691903, -0.617532, 0.500046, 
284, 0.573043, 0.285932, -0.732181, -0.740611, -0.561305, 0.550221, 
284, 0.589405, 0.382205, -0.901647, -0.818143, -0.498901, 0.631268, 
284, 0.604907, 0.512654, -1.13297, -0.968483, -0.425478, 0.78969, 
285, -0.495559, -0.736063, 0.804439, -0.864913, -1.64077, 1.09019, 
285, -0.433474, -0.740188, 0.774295, -0.862171, -1.57137, 1.07599, 
285, -0.371532, -0.737584, 0.741058, -0.860448, -1.50443, 1.05893, 
285, -0.310202, -0.728889, 0.704967, -0.8592, -1.44009, 1.03962, 
285, -0.249854, -0.714736, 0.666167, -0.857919, -1.37834, 1.01857, 
285, -0.190866, -0.695714, 0.62478, -0.856336, -1.31921, 0.996274, 
285, -0.133686, -0.672417, 0.581002, -0.854453, -1.26277, 0.973351, 
285, -0.0786339, -0.645396, 0.534961, -0.852389, -1.209, 0.950362, 
285, -0.0258627, -0.615107, 0.486667, -0.850086, -1.15773, 0.927675, 
285, 0.0245032, -0.581945, 0.43613, -0.847637, -1.1088, 0.905663, 
285, 0.07239, -0.546245, 0.383335, -0.845207, -1.06204, 0.884683, 
285, 0.117774, -0.508279, 0.32824, -0.843014, -1.01724, 0.865069, 
285, 0.160674, -0.46826, 0.270772, -0.841313, -0.97418, 0.847145, 
285, 0.201144, -0.426343, 0.210824, -0.840395, -0.932638, 0.831229, 
285, 0.239263, -0.382626, 0.14825, -0.840588, -0.892378, 0.817647, 
285, 0.275129, -0.337148, 0.0828587, -0.842262, -0.853161, 0.806753, 
285, 0.308851, -0.289891, 0.0143993, -0.845844, -0.81475, 0.798946, 
285, 0.340545, -0.240774, -0.0574515, -0.851843, -0.776912, 0.794704, 
285, 0.370332, -0.189641, -0.133115, -0.860885, -0.739414, 0.794622, 
285, 0.398329, -0.136245, -0.213144, -0.87377, -0.702028, 0.799483, 
285, 0.424654, -0.0802227, -0.298284, -0.891568, -0.664533, 0.810349, 
285, 0.449419, -0.0210406, -0.389562, -0.915769, -0.626711, 0.828728, 
285, 0.472729, 0.042093, -0.488455, -0.948553, -0.588365, 0.856858, 
285, 0.494687, 0.110402, -0.597208, -0.9933, -0.549338, 0.89824, 
285, 0.515387, 0.185923, -0.719512, -1.05565, -0.50958, 0.958751, 
285, 0.534918, 0.272479, -0.862269, -1.14604, -0.46936, 1.04935, 
285, 0.553361, 0.37905, -1.04164, -1.28778, -0.430043, 1.19463, 
285, 0.570786, 0.543031, -1.32478, -1.56728, -0.399448, 1.48645, 
286, 0.110087, -0.381729, -0.0948469, -1.18854, -0.852435, -4.92487, 
286, 0.232896, -0.24967, -0.271945, 1.88882, 0.735723, -1.77573, 
286, 0.269198, -0.200789, -0.338659, 1.86196, 0.700516, -1.76436, 
286, 0.303306, -0.149232, -0.410025, 1.83046, 0.667134, -1.74671, 
286, 0.335377, -0.0946202, -0.486857, 1.79331, 0.635611, -1.72177, 
286, 0.365489, -0.0362846, -0.570541, -1.39294, -0.606099, 1.454, 
286, 0.393768, 0.0265461, -0.662552, 1.69359, 0.578952, -1.64133, 
287, 0.186689, -0.0118486, -0.853587, 1.35582, 0.836139, -1.02759, 
287, 0.225691, 0.0481352, -0.940003, 1.29666, 0.818424, -0.984559, 
287, 0.262395, 0.117583, -1.04287, 1.2311, 0.806999, -0.931313, 
287, 0.296912, 0.202135, -1.17247, 1.15556, 0.80471, -0.862807, 
287, 0.329338, 0.330169, -1.3799, -2.08753, -0.82535, 2.38651, 
289, 0.49372, 0.187437, 0.753729, -0.304527, -1.99343, -0.26609, 
289, 0.512394, 0.147124, 0.712551, -0.284866, -1.91207, -0.252597, 
289, 0.529915, 0.116601, 0.665561, -0.269052, -1.83424, -0.242502, 
289, 0.546374, 0.0950065, 0.613343, -0.256188, -1.75981, -0.234891, 
289, 0.561849, 0.0815, 0.556347, -0.245647, -1.68849, -0.229085, 
289, 0.576424, 0.07531, 0.49489, -0.236984, -1.61992, -0.224569, 
289, 0.59017, 0.0757408, 0.429176, -0.229881, -1.55367, -0.220954, 
289, 0.603153, 0.0821845, 0.359316, -0.22411, -1.48928, -0.217929, 
289, 0.615431, 0.0941399, 0.285347, -0.219511, -1.42631, -0.215248, 
289, 0.627056, 0.111239, 0.20716, -0.215983, -1.36431, -0.212678, 
289, 0.638075, 0.13324, 0.124521, -0.213479, -1.30281, -0.210006, 
289, 0.648532, 0.160037, 0.0370501, -0.211999, -1.24135, -0.207023, 
289, 0.658467, 0.191675, -0.055826, -0.211593, -1.17942, -0.203505, 
289, 0.667916, 0.228379, -0.154938, -0.212379, -1.11644, -0.199184, 
289, 0.676913, 0.270617, -0.261495, -0.214569, -1.05167, -0.19371, 
289, 0.685488, 0.319217, -0.377302, -0.218522, -0.984192, -0.186587, 
289, 0.693668, 0.375597, -0.50519, -0.224864, -0.91264, -0.177027, 
289, 0.70148, 0.442295, -0.649967, -0.234769, -0.83485, -0.163644, 
289, 0.708946, 0.524358, -0.820923, -0.250731, -0.746795, -0.143592, 
289, 0.716089, 0.634121, -1.04042, -0.27939, -0.639, -0.109459, 
289, 0.722928, 0.925432, -1.5848, -0.425679, -0.398721, 0.0541177, 
290, 0.375129, -0.108753, 0.95583, -0.382374, -1.86929, -0.124198, 
290, 0.401636, -0.138701, 0.911837, -0.360515, -1.7938, -0.114023, 
290, 0.426326, -0.15817, 0.863268, -0.342691, -1.72362, -0.10764, 
290, 0.449358, -0.168811, 0.810746, -0.327861, -1.65806, -0.103833, 
290, 0.470874, -0.171983, 0.754737, -0.315377, -1.59635, -0.101831, 
290, 0.490998, -0.168822, 0.695599, -0.304776, -1.53782, -0.101046, 
290, 0.509845, -0.160246, 0.633584, -0.295736, -1.48188, -0.101045, 
290, 0.527521, -0.146979, 0.568845, -0.28803, -1.428, -0.1015, 
290, 0.544121, -0.129584, 0.501455, -0.281501, -1.37572, -0.102159, 
290, 0.559734, -0.108493, 0.431416, -0.276039, -1.32462, -0.10282, 
290, 0.574438, -0.0840168, 0.358657, -0.271577, -1.27434, -0.103313, 
290, 0.588304, -0.056368, 0.283039, -0.268083, -1.22453, -0.103482, 
290, 0.601397, -0.0256636, 0.204345, -0.265556, -1.17485, -0.103181, 
290, 0.613775, 0.00806897, 0.122267, -0.26403, -1.12499, -0.102253, 
290, 0.625492, 0.0448964, 0.0363885, -0.263576, -1.0746, -0.100525, 
290, 0.636598, 0.0849914, -0.0538498, -0.264319, -1.0233, -0.0977834, 
290, 0.647134, 0.128658, -0.149207, -0.266454, -0.970656, -0.0937498, 
290, 0.657144, 0.17638, -0.250732, -0.270283, -0.916127, -0.0880383, 
290, 0.666662, 0.228901, -0.359921, -0.276286, -0.859006, -0.080078, 
290, 0.675723, 0.287397, -0.479022, -0.285257, -0.798292, -0.0689626, 
290, 0.684357, 0.353813, -0.611655, -0.29861, -0.732443, -0.0531209, 
290, 0.692593, 0.431696, -0.764306, -0.319158, -0.658785, -0.0294796, 
290, 0.700456, 0.528651, -0.950737, -0.353601, -0.571768, 0.00917708, 
290, 0.707971, 0.676885, -1.22902, -0.436207, -0.449224, 0.0996312, 
291, 0.310766, -0.556475, 0.930333, -0.445324, -1.38527, 0.161191, 
291, 0.341801, -0.530534, 0.87302, -0.431729, -1.34452, 0.147918, 
291, 0.370647, -0.502272, 0.814182, -0.41938, -1.3054, 0.135281, 
291, 0.397429, -0.473406, 0.754771, -0.407524, -1.26733, 0.123722, 
291, 0.42232, -0.441648, 0.693037, -0.397859, -1.23018, 0.112943, 
291, 0.445621, -0.40837, 0.629764, -0.389094, -1.19373, 0.102947, 
291, 0.467357, -0.373821, 0.565013, -0.381161, -1.15776, 0.0938081, 
291, 0.487696, -0.338096, 0.498687, -0.374214, -1.12194, 0.0856749, 
291, 0.50675, -0.301215, 0.43067, -0.368265, -1.08608, 0.0785908, 
291, 0.524621, -0.263162, 0.360815, -0.363333, -1.05004, 0.0726003, 
291, 0.541405, -0.22389, 0.288943, -0.359452, -1.01363, 0.067757, 
291, 0.557188, -0.183316, 0.214835, -0.356675, -0.97669, 0.0641305, 
291, 0.57205, -0.141324, 0.138222, -0.355078, -0.939056, 0.0618145, 
291, 0.586061, -0.0977564, 0.0587742, -0.354773, -0.900536, 0.0609368, 
291, 0.599289, -0.0524087, -0.0239178, -0.355915, -0.860921, 0.0616721, 
291, 0.611793, -0.00501383, -0.110369, -0.358724, -0.819965, 0.0642608, 
291, 0.623793, 0.0481857, -0.205088, -0.364832, -0.776963, 0.0697811, 
291, 0.634997, 0.101736, -0.302513, -0.372709, -0.732063, 0.0778535, 
291, 0.645626, 0.159195, -0.407068, -0.384144, -0.684468, 0.0897925, 
291, 0.655719, 0.221736, -0.52088, -0.400581, -0.63337, 0.107128, 
291, 0.665316, 0.291237, -0.647345, -0.424606, -0.577521, 0.132584, 
291, 0.67445, 0.371035, -0.792478, -0.461406, -0.51479, 0.171589, 
291, 0.683151, 0.46809, -0.968806, -0.523386, -0.440901, 0.23705, 
291, 0.691451, 0.611412, -1.22856, -0.674493, -0.340848, 0.39548, 
292, 0.106553, -0.902755, 0.878579, -0.69894, -1.0847, 0.656919, 
292, 0.152254, -0.85628, 0.828429, -0.682149, -1.05321, 0.619358, 
292, 0.19471, -0.809806, 0.777168, -0.665676, -1.02324, 0.584299, 
292, 0.234121, -0.76342, 0.724768, -0.649778, -0.994539, 0.551785, 
292, 0.270693, -0.71716, 0.6712, -0.634662, -0.966864, 0.521819, 
292, 0.304637, -0.671036, 0.61642, -0.620491, -0.939972, 0.494383, 
292, 0.336155, -0.625034, 0.56038, -0.607403, -0.913658, 0.46945, 
292, 0.365442, -0.579109, 0.503016, -0.595503, -0.887705, 0.446973, 
292, 0.392681, -0.533198, 0.444247, -0.584882, -0.861921, 0.426906, 
292, 0.418045, -0.487221, 0.383978, -0.575627, -0.836131, 0.409216, 
292, 0.441689, -0.441082, 0.322092, -0.567825, -0.810175, 0.393885, 
292, 0.463582, -0.395898, 0.259729, -0.562438, -0.783995, 0.382411, 
292, 0.484178, -0.349169, 0.194228, -0.557085, -0.757309, 0.371117, 
292, 0.503454, -0.301941, 0.12667, -0.553691, -0.730017, 0.362469, 
292, 0.521523, -0.254049, 0.0568146, -0.552427, -0.70198, 0.356584, 
292, 0.53879, -0.203392, -0.0176607, -0.555033, -0.672855, 0.354309, 
292, 0.554758, -0.153204, -0.0935014, -0.559224, -0.642869, 0.354928, 
292, 0.569788, -0.10154, -0.172906, -0.566575, -0.611658, 0.359224, 
292, 0.583952, -0.0480206, -0.256512, -0.57782, -0.579013, 0.36792, 
292, 0.59732, 0.0078543, -0.345171, -0.594044, -0.544681, 0.382105, 
292, 0.609951, 0.0667631, -0.440062, -0.616916, -0.508351, 0.403474, 
292, 0.621901, 0.129679, -0.542898, -0.649141, -0.469625, 0.434783, 
292, 0.633221, 0.198091, -0.656325, -0.695405, -0.427981, 0.480821, 
292, 0.643957, 0.274496, -0.784803, -0.764616, -0.382729, 0.550685, 
292, 0.654149, 0.363674, -0.936892, -0.87606, -0.332951, 0.664042, 
292, 0.663836, 0.481752, -1.14164, -1.09881, -0.27884, 0.891593, 
293, 0.0953609, -0.783767, 0.409892, -1.05757, -0.823629, 1.16944, 
293, 0.141917, -0.742565, 0.367122, -1.05535, -0.78514, 1.1417, 
293, 0.185177, -0.700393, 0.322851, -1.05249, -0.749128, 1.11566, 
293, 0.225336, -0.657381, 0.277018, -1.04944, -0.715345, 1.09158, 
293, 0.2626, -0.613621, 0.229552, -1.04662, -0.683537, 1.06974, 
293, 0.297179, -0.569174, 0.180372, -1.04448, -0.653451, 1.05042, 
293, 0.329278, -0.524068, 0.129381, -1.04349, -0.624845, 1.03392, 
293, 0.359096, -0.478301, 0.0764618, -1.04412, -0.597491, 1.02057, 
293, 0.38682, -0.431841, 0.0214741, -1.04687, -0.571176, 1.01074, 
293, 0.412624, -0.384626, -0.0357529, -1.05228, -0.54571, 1.00487, 
293, 0.436671, -0.336562, -0.0954293, -1.06099, -0.520925, 1.00345, 
293, 0.459107, -0.287517, -0.157815, -1.07369, -0.496678, 1.00711, 
293, 0.48007, -0.237316, -0.223237, -1.09122, -0.472856, 1.01661, 
293, 0.499682, -0.18573, -0.292109, -1.11457, -0.449377, 1.03287, 
293, 0.518075, -0.132365, -0.365105, -1.14814, -0.426483, 1.06024, 
293, 0.535318, -0.0769496, -0.442752, -1.18959, -0.403916, 1.09636, 
293, 0.551519, -0.0188521, -0.526149, -1.24343, -0.38201, 1.14573, 
293, 0.566759, 0.0427405, -0.616742, -1.31369, -0.361075, 1.21241, 
293, 0.581121, 0.109127, -0.716836, -1.40404, -0.342525, 1.30017, 
293, 0.594667, 0.182375, -0.830143, -1.52329, -0.327307, 1.41798, 
293, 0.607464, 0.266584, -0.964004, -1.68049, -0.318779, 1.57532, 
293, 0.631025, 0.567376, -1.47186, -2.24437, -0.385348, 2.15565, 
294, 0.0824606, -0.515626, -0.197171, 1.52555, 0.804067, -1.23739, 
294, 0.129831, -0.480107, -0.236058, -1.65299, -0.76857, -4.37064, 
294, 0.253016, -0.363102, -0.366627, -1.76427, -0.679063, 1.95204, 
294, 0.405981, -0.132244, -0.645901, 1.1645, 0.586595, -1.05585, 
294, 0.430474, -0.0786517, -0.715794, 1.11371, 0.577446, -1.01579, 
294, 0.453046, -0.0222723, -0.791485, 1.0605, 0.57289, -0.972005, 
294, 0.47467, 0.0414207, -0.880044, -2.14241, -0.573082, 2.22388, 
294, 0.530861, 0.303215, -1.27721, 0.770163, 0.632369, -6.97713, 
296, 0.733981, 0.365621, 0.51886, -0.0790288, -1.96593, -0.448549, 
296, 0.73805, 0.334131, 0.478552, -0.0749073, -1.89414, -0.445519, 
296, 0.741917, 0.309387, 0.433383, -0.0714907, -1.82421, -0.443054, 
296, 0.745596, 0.291071, 0.383574, -0.0686525, -1.75606, -0.441023, 
296, 0.749101, 0.278845, 0.329295, -0.0662966, -1.68951, -0.439322, 
296, 0.752444, 0.272382, 0.270651, -0.0643507, -1.62436, -0.437866, 
296, 0.75566, 0.271664, 0.209006, -0.0627389, -1.56193, -0.436796, 
296, 0.758692, 0.275752, 0.141192, -0.0614749, -1.49816, -0.435534, 
296, 0.761607, 0.284937, 0.069056, -0.0604978, -1.43517, -0.434367, 
296, 0.764403, 0.299114, -0.00777683, -0.0598002, -1.37247, -0.433221, 
296, 0.767082, 0.318274, -0.0897734, -0.0593819, -1.30959, -0.432027, 
296, 0.769653, 0.342546, -0.177578, -0.0592556, -1.24602, -0.43072, 
296, 0.772121, 0.372242, -0.272108, -0.0594515, -1.18116, -0.429223, 
296, 0.774492, 0.407928, -0.374703, -0.0600252, -1.11423, -0.427437, 
296, 0.776773, 0.450576, -0.487393, -0.0610729, -1.04417, -0.425222, 
296, 0.778968, 0.501857, -0.613434, -0.0627648, -0.969419, -0.422354, 
296, 0.781083, 0.564815, -0.758532, -0.0654244, -0.887312, -0.418438, 
296, 0.783123, 0.645723, -0.934159, -0.0697526, -0.792667, -0.412648, 
296, 0.785069, 0.774225, -1.19411, -0.0796234, -0.661463, -0.400374, 
297, 0.703537, 0.157588, 0.764202, -0.101924, -1.94194, -0.397822, 
297, 0.709395, 0.126918, 0.724952, -0.0964686, -1.87218, -0.394488, 
297, 0.714805, 0.103448, 0.681614, -0.0917403, -1.80552, -0.391654, 
297, 0.719886, 0.086611, 0.634556, -0.0877695, -1.74165, -0.389507, 
297, 0.724668, 0.0757036, 0.584129, -0.0843985, -1.68005, -0.387953, 
297, 0.729181, 0.070175, 0.530587, -0.0815518, -1.62072, -0.386747, 
297, 0.733453, 0.0695404, 0.474092, -0.0791534, -1.56338, -0.385778, 
297, 0.737511, 0.0733961, 0.414725, -0.0771434, -1.5077, -0.384978, 
297, 0.741378, 0.0814071, 0.3525, -0.0754746, -1.45335, -0.384298, 
297, 0.745097, 0.09329, 0.287299, -0.0740876, -1.39993, -0.383698, 
297, 0.748646, 0.108842, 0.219121, -0.0729666, -1.3472, -0.383127, 
297, 0.752023, 0.12791, 0.147834, -0.0721076, -1.29489, -0.382535, 
297, 0.755244, 0.150413, 0.0731935, -0.0715072, -1.24267, -0.381875, 
297, 0.75832, 0.176351, -0.00513493, -0.0711721, -1.1902, -0.381101, 
297, 0.761261, 0.205817, -0.0876069, -0.0711201, -1.13712, -0.380159, 
297, 0.764076, 0.239016, -0.174841, -0.0713836, -1.08302, -0.378989, 
297, 0.766774, 0.276299, -0.267686, -0.0720149, -1.02741, -0.377508, 
297, 0.769361, 0.318226, -0.36734, -0.0730966, -0.969648, -0.375606, 
297, 0.771844, 0.365677, -0.475557, -0.0747622, -0.908865, -0.373116, 
297, 0.77423, 0.420077, -0.595049, -0.0772365, -0.843778, -0.369775, 
297, 0.776525, 0.483882, -0.730369, -0.0809302, -0.772304, -0.365115, 
297, 0.778734, 0.561814, -0.890125, -0.0866886, -0.690579, -0.358193, 
297, 0.780852, 0.671785, -1.10688, -0.0984453, -0.584099, -0.344573, 
298, 0.66726, -0.273098, 0.942261, -0.123121, -1.61428, -0.301075, 
298, 0.675337, -0.273075, 0.892208, -0.118288, -1.56385, -0.301465, 
298, 0.682887, -0.268172, 0.840251, -0.114055, -1.51639, -0.302213, 
298, 0.689932, -0.259277, 0.78662, -0.1103, -1.47127, -0.303174, 
298, 0.69652, -0.246994, 0.731412, -0.106968, -1.42797, -0.304254, 
298, 0.702695, -0.231801, 0.674699, -0.10401, -1.3861, -0.305391, 
298, 0.708495, -0.214064, 0.616515, -0.101387, -1.34531, -0.306534, 
298, 0.713954, -0.194059, 0.556856, -0.0990724, -1.30535, -0.307644, 
298, 0.719102, -0.171987, 0.495686, -0.0970443, -1.26595, -0.308687, 
298, 0.72397, -0.147994, 0.432934, -0.0952848, -1.22692, -0.309638, 
298, 0.728583, -0.122174, 0.368498, -0.0937748, -1.18806, -0.310476, 
298, 0.732951, -0.0945786, 0.302262, -0.0925179, -1.14919, -0.311175, 
298, 0.737093, -0.0652214, 0.234065, -0.0915143, -1.11014, -0.311709, 
298, 0.741027, -0.0340785, 0.163704, -0.0907703, -1.07073, -0.312052, 
298, 0.744768, -0.00108412, 0.0909256, -0.0902993, -1.03078, -0.312175, 
298, 0.748329, 0.0338736, 0.0154136, -0.090123, -0.990069, -0.312041, 
298, 0.751724, 0.070961, -0.0632296, -0.0902744, -0.948377, -0.311602, 
298, 0.754964, 0.110414, -0.145513, -0.0908019, -0.905428, -0.310797, 
298, 0.758059, 0.152559, -0.232101, -0.0917765, -0.860888, -0.309541, 
298, 0.761019, 0.197856, -0.323884, -0.0933035, -0.814328, -0.307712, 
298, 0.763852, 0.246958, -0.422098, -0.0955443, -0.765168, -0.305132, 
298, 0.766567, 0.300835, -0.52854, -0.0987573, -0.71259, -0.301519, 
298, 0.76917, 0.361005, -0.645987, -0.103384, -0.655343, -0.296396, 
298, 0.771669, 0.430048, -0.779121, -0.110251, -0.591348, -0.288886, 
298, 0.77407, 0.51291, -0.936874, -0.121123, -0.516661, -0.27713, 
298, 0.776375, 0.630109, -1.15639, -0.146003, -0.415058, -0.250497, 
299, 0.657288, -0.617813, 0.754399, -0.165882, -0.984369, -0.155524, 
299, 0.666138, -0.574567, 0.698266, -0.160303, -0.970229, -0.163445, 
299, 0.674357, -0.532442, 0.641573, -0.155327, -0.954557, -0.170479, 
299, 0.682008, -0.491162, 0.584216, -0.150899, -0.937503, -0.17673, 
299, 0.689149, -0.450495, 0.526091, -0.146973, -0.91918, -0.182281, 
299, 0.695828, -0.410237, 0.467088, -0.14351, -0.899667, -0.187199, 
299, 0.702087, -0.370206, 0.40709, -0.140488, -0.879016, -0.19153, 
299, 0.707965, -0.330235, 0.345968, -0.137891, -0.857255, -0.19531, 
299, 0.713495, -0.290162, 0.28358, -0.135708, -0.834392, -0.198564, 
299, 0.718707, -0.249831, 0.219762, -0.13394, -0.810417, -0.201302, 
299, 0.723627, -0.209081, 0.154328, -0.132595, -0.785298, -0.203527, 
299, 0.728279, -0.167742, 0.0870598, -0.131693, -0.758983, -0.205225, 
299, 0.732683, -0.125628, 0.0176999, -0.131267, -0.731396, -0.20637, 
299, 0.73686, -0.0825318, -0.0540634, -0.131366, -0.702431, -0.206914, 
299, 0.740826, -0.0382096, -0.128612, -0.132064, -0.67195, -0.206786, 
299, 0.744596, 0.00763118, -0.206425, -0.13347, -0.639765, -0.205877, 
299, 0.748185, 0.0553554, -0.288119, -0.135741, -0.605629, -0.204028, 
299, 0.751606, 0.105435, -0.374506, -0.139115, -0.569203, -0.200994, 
299, 0.754869, 0.158507, -0.466703, -0.143966, -0.530018, -0.196394, 
299, 0.757985, 0.215475, -0.566309, -0.150904, -0.487391, -0.189603, 
299, 0.760965, 0.277704, -0.675758, -0.161001, -0.440281, -0.179526, 
299, 0.763816, 0.347432, -0.799052, -0.17633, -0.386968, -0.164052, 
299, 0.766548, 0.428767, -0.943559, -0.201458, -0.32429, -0.13855, 
299, 0.769171, 0.538166, -1.13904, -0.267323, -0.240336, -0.0714504, 
300, 0.655957, -0.59386, 0.326442, -0.344824, -0.453316, 0.11468, 
300, 0.664974, -0.547168, 0.275561, -0.333144, -0.446467, 0.0990426, 
300, 0.673341, -0.500976, 0.223445, -0.323358, -0.438256, 0.085703, 
300, 0.681123, -0.455137, 0.170002, -0.315347, -0.42868, 0.0744939, 
300, 0.688379, -0.409507, 0.115121, -0.309042, -0.417732, 0.0653047, 
300, 0.69516, -0.363933, 0.0586694, -0.304427, -0.405396, 0.0580825, 
300, 0.70151, -0.318261, 0.000490973, -0.301539, -0.391645, 0.0528361, 
300, 0.707469, -0.27232, -0.059604, -0.300485, -0.376438, 0.0496471, 
300, 0.713072, -0.225928, -0.121845, -0.30146, -0.359717, 0.0486886, 
300, 0.718349, -0.178876, -0.186514, -0.304778, -0.341403, 0.0502587, 
300, 0.723327, -0.130921, -0.253962, -0.310934, -0.321387, 0.0548373, 
300, 0.728032, -0.0817748, -0.324632, -0.3207, -0.299527, 0.0631868, 
300, 0.732484, -0.031079, -0.399101, -0.335314, -0.275629, 0.0765374, 
300, 0.736703, 0.0216273, -0.478135, -0.356842, -0.249434, 0.0969507, 
300, 0.740708, 0.0769617, -0.562787, -0.388947, -0.220588, 0.12809, 
300, 0.744514, 0.135796, -0.654573, -0.438707, -0.188591, 0.177035, 
300, 0.748146, 0.199882, -0.756668, -0.528166, -0.154619, 0.265975, 
300, 0.751595, 0.271061, -0.872224, -0.701332, -0.116522, 0.438792, 
300, 0.754886, 0.354324, -1.01023, -1.12851, -0.0801993, 0.865976, 
301, 0.662529, -0.329854, -0.319802, -2.31062, -0.219922, 2.18489, 
301, 0.671101, -0.284785, -0.37142, -2.35838, -0.21954, -4.0547, 
301, 0.679071, -0.238746, -0.425782, 0.732772, 0.221257, -0.86642, 
301, 0.686494, -0.191549, -0.483214, 0.679319, 0.225263, -0.816334, 
301, 0.693419, -0.142997, -0.544089, 0.621088, 0.231754, 5.52207, 
301, 0.699911, -0.0924796, -0.609351, -2.57283, -0.241203, 2.43012, 
301, 0.705991, -0.0397639, -0.679523, -2.62781, -0.253188, 2.48274, 
301, 0.711705, 0.0160128, -0.756068, -2.68211, -0.270168, 2.535, 
301, 0.717081, 0.0758605, -0.840802, 0.406988, 0.291111, -0.555792, 
301, 0.722154, 0.141733, -0.937169, 0.356754, 0.31798, -0.506867, 
301, 0.726943, 0.217029, -1.0513, 0.308149, 0.353705, -0.459083, 
301, 0.731472, 0.310699, -1.19922, 0.259519, 0.404954, -0.410448, 
301, 0.735761, 0.479524, -1.48273, 0.199053, 0.516109, -0.346987, 
303, 0.906947, 0.608165, 0.229314, 0.0978975, -1.99784, -0.618942, 
303, 0.903285, 0.578255, 0.19767, 0.0944583, -1.93626, -0.622358, 
303, 0.899681, 0.552978, 0.161531, 0.0910818, -1.87486, -0.625499, 
303, 0.896161, 0.532367, 0.120881, 0.0881582, -1.81362, -0.628254, 
303, 0.892731, 0.516408, 0.0757499, 0.0856527, -1.75252, -0.630754, 
303, 0.889399, 0.505111, 0.0260807, 0.0835408, -1.69154, -0.633066, 
303, 0.886166, 0.498488, -0.0282378, 0.0817984, -1.63058, -0.635246, 
303, 0.883031, 0.496565, -0.0873869, 0.0804058, -1.56948, -0.637344, 
303, 0.879993, 0.499453, -0.151696, 0.079355, -1.50803, -0.639418, 
303, 0.877043, 0.507184, -0.221464, 0.0786353, -1.44596, -0.641525, 
303, 0.874181, 0.52, -0.297295, 0.0782594, -1.38292, -0.643727, 
303, 0.871405, 0.538268, -0.380038, 0.0782536, -1.31843, -0.646106, 
303, 0.868711, 0.562575, -0.470941, 0.0786683, -1.25183, -0.648768, 
303, 0.866095, 0.593879, -0.571914, 0.0795923, -1.18217, -0.651862, 
303, 0.863554, 0.633811, -0.686077, 0.0811858, -1.10798, -0.655625, 
303, 0.861086, 0.6854, -0.819058, 0.0837587, -1.02666, -0.66048, 
303, 0.858687, 0.755289, -0.982968, 0.0880199, -0.932782, -0.66735, 
303, 0.856353, 0.8642, -1.21519, 0.0962908, -0.809779, -0.679182, 
304, 0.934939, 0.449981, 0.444408, 0.128111, -1.99933, -0.59926, 
304, 0.930143, 0.421227, 0.413987, 0.122749, -1.94023, -0.603844, 
304, 0.925515, 0.396967, 0.379974, 0.11813, -1.88198, -0.607832, 
304, 0.921046, 0.377103, 0.342474, 0.114128, -1.8246, -0.611375, 
304, 0.916732, 0.361486, 0.301601, 0.110696, -1.76808, -0.614497, 
304, 0.912566, 0.349983, 0.257424, 0.107765, -1.71236, -0.617279, 
304, 0.908545, 0.342467, 0.209978, 0.10528, -1.65735, -0.619796, 
304, 0.904662, 0.338816, 0.159268, 0.103198, -1.60293, -0.622115, 
304, 0.900913, 0.338929, 0.105252, 0.101486, -1.54897, -0.624296, 
304, 0.897291, 0.342728, 0.0478444, 0.100121, -1.4953, -0.626396, 
304, 0.89379, 0.350187, -0.0131193, 0.0990881, -1.44173, -0.628469, 
304, 0.890404, 0.361285, -0.0778381, 0.0983818, -1.38806, -0.63057, 
304, 0.887128, 0.376075, -0.146617, 0.0980064, -1.33402, -0.632756, 
304, 0.883956, 0.394689, -0.219889, 0.0979797, -1.27932, -0.635091, 
304, 0.880884, 0.417358, -0.298251, 0.0983347, -1.22359, -0.637654, 
304, 0.877907, 0.444447, -0.382539, 0.0991264, -1.16638, -0.640543, 
304, 0.875022, 0.476532, -0.473951, 0.100443, -1.10706, -0.643893, 
304, 0.872223, 0.514528, -0.574283, 0.102428, -1.04476, -0.647902, 
304, 0.869507, 0.559947, -0.686402, 0.105327, -0.978143, -0.652887, 
304, 0.866871, 0.615523, -0.815355, 0.109601, -0.90491, -0.659419, 
304, 0.864311, 0.687017, -0.971624, 0.116276, -0.820393, -0.668732, 
304, 0.861824, 0.791086, -1.18525, 0.128504, -0.711362, -0.68456, 
305, 0.965035, 0.146142, 0.610309, 0.1581, -1.7929, -0.603082, 
305, 0.958964, 0.132917, 0.571759, 0.153339, -1.74102, -0.6067, 
305, 0.953154, 0.123573, 0.530881, 0.14923, -1.69066, -0.609845, 
305, 0.947583, 0.117834, 0.487786, 0.145681, -1.64168, -0.612597, 
305, 0.942238, 0.115453, 0.442548, 0.142627, -1.5939, -0.615035, 
305, 0.937106, 0.11621, 0.395217, 0.140011, -1.54717, -0.617232, 
305, 0.932176, 0.119914, 0.345819, 0.13779, -1.50131, -0.619255, 
305, 0.927435, 0.126401, 0.294351, 0.135932, -1.45616, -0.621159, 
305, 0.922874, 0.13554, 0.240783, 0.134413, -1.41157, -0.622999, 
305, 0.918483, 0.147228, 0.185053, 0.133218, -1.36738, -0.624822, 
305, 0.914253, 0.161396, 0.127065, 0.13234, -1.32341, -0.626676, 
305, 0.910175, 0.178008, 0.0666836, 0.131781, -1.2795, -0.628609, 
305, 0.906241, 0.197055, 0.00373867, 0.131548, -1.23548, -0.630669, 
305, 0.902444, 0.218576, -0.062005, 0.131657, -1.19115, -0.632909, 
305, 0.898777, 0.242659, -0.130852, 0.132138, -1.1463, -0.635391, 
305, 0.895233, 0.26945, -0.203198, 0.133033, -1.10067, -0.63819, 
305, 0.891807, 0.299169, -0.279564, 0.134407, -1.05399, -0.641399, 
305, 0.888492, 0.332145, -0.360649, 0.136349, -1.00587, -0.645141, 
305, 0.885284, 0.368857, -0.447416, 0.138996, -0.955851, -0.649589, 
305, 0.882178, 0.41002, -0.541245, 0.142554, -0.903272, -0.654992, 
305, 0.879168, 0.456748, -0.644226, 0.14736, -0.84718, -0.661744, 
305, 0.876251, 0.510899, -0.759777, 0.154005, -0.786046, -0.670523, 
305, 0.873422, 0.575948, -0.894222, 0.163667, -0.717093, -0.682659, 
305, 0.870677, 0.659867, -1.06195, 0.179277, -0.634064, -0.70142, 
305, 0.868012, 0.791057, -1.31402, 0.212369, -0.514957, -0.739511, 
306, 0.968585, -0.15988, 0.442131, 0.203834, -1.23268, -0.655688, 
306, 0.962389, -0.139351, 0.390937, 0.202321, -1.20144, -0.656041, 
306, 0.956457, -0.117667, 0.338601, 0.201132, -1.17025, -0.65657, 
306, 0.950773, -0.0948469, 0.285048, 0.200269, -1.13903, -0.657307, 
306, 0.945323, -0.0708898, 0.230189, 0.199743, -1.10767, -0.658281, 
306, 0.940093, -0.0457793, 0.173915, 0.199569, -1.0761, -0.659529, 
306, 0.93507, -0.019485, 0.1161, 0.199767, -1.04422, -0.661087, 
306, 0.930241, 0.00804458, 0.0565897, 0.200367, -1.01192, -0.663001, 
306, 0.925597, 0.0368822, -0.00480004, 0.201407, -0.979096, -0.665325, 
306, 0.921068, 0.0670742, -0.066586, 0.202504, -0.947268, -0.667563, 
306, 0.916787, 0.0987169, -0.132394, 0.20461, -0.912931, -0.67095, 
306, 0.912655, 0.132056, -0.200869, 0.207352, -0.877683, -0.674984, 
306, 0.908668, 0.167299, -0.272426, 0.210853, -0.841327, -0.679807, 
306, 0.904818, 0.204716, -0.347591, 0.215279, -0.803617, -0.685604, 
306, 0.901099, 0.244671, -0.427052, 0.220863, -0.764246, -0.692635, 
306, 0.897474, 0.288943, -0.515066, 0.228594, -0.720828, -0.702044, 
306, 0.893991, 0.336226, -0.607242, 0.237894, -0.67637, -0.713068, 
306, 0.890622, 0.388652, -0.7085, 0.250228, -0.628205, -0.72735, 
306, 0.887362, 0.44825, -0.82251, 0.267298, -0.574817, -0.746703, 
306, 0.884205, 0.518892, -0.956259, 0.292723, -0.513356, -0.774956, 
306, 0.881147, 0.609915, -1.12654, 0.33641, -0.437094, -0.822514, 
306, 0.878184, 0.779785, -1.43826, 0.475863, -0.305391, -0.970099, 
307, 0.973724, -0.210967, 0.0731445, 0.388566, -0.712466, -0.817007, 
307, 0.967355, -0.176387, 0.0196906, 0.390942, -0.692582, -0.818944, 
307, 0.961263, -0.141313, -0.0351994, 0.394291, -0.671941, -0.822008, 
307, 0.955705, -0.105433, -0.0936357, 0.401549, -0.648912, -0.82913, 
307, 0.950106, -0.0688859, -0.152147, 0.40759, -0.626564, -0.835195, 
307, 0.944734, -0.0314345, -0.212735, 0.415143, -0.603267, -0.842925, 
307, 0.939576, 0.00710235, -0.2757, 0.424496, -0.578925, -0.852614, 
307, 0.93462, 0.046945, -0.341414, 0.436041, -0.553425, -0.864661, 
307, 0.929855, 0.088369, -0.410351, 0.450321, -0.526619, -0.879624, 
307, 0.925269, 0.13173, -0.483134, 0.468114, -0.498324, -0.8983, 
307, 0.920853, 0.177503, -0.560601, 0.490573, -0.468297, -0.921871, 
307, 0.916598, 0.226354, -0.643931, 0.519494, -0.436217, -0.952178, 
307, 0.912495, 0.279264, -0.734881, 0.557849, -0.401644, -0.992261, 
307, 0.908537, 0.337804, -0.836262, 0.610993, -0.363945, -1.04759, 
307, 0.904715, 0.404776, -0.953101, 0.689776, -0.322179, -1.12922, 
307, 0.901025, 0.486141, -1.0961, 0.820457, -0.274872, -1.26385, 
307, 0.897457, 0.607094, -1.31046, 1.12563, -0.219596, -1.57604, 
308, 0.940372, 0.339197, -1.10783, -1.09509, 0.334565, 6.97406, 
308, 0.935451, 0.434582, -1.26687, -0.93776, 0.365246, 6.81049, 
310, 1.03804, 0.889614, -0.18089, 0.233274, -1.98132, -0.796191, 
310, 1.03071, 0.860232, -0.200348, 0.226503, -1.93228, -0.801879, 
310, 1.02301, 0.835195, -0.226562, 0.219999, -1.88105, -0.807693, 
310, 1.01555, 0.81369, -0.257252, 0.214356, -1.82878, -0.813152, 
310, 1.0083, 0.795925, -0.292695, 0.209481, -1.77546, -0.818395, 
310, 1.0012, 0.782098, -0.333165, 0.205328, -1.72103, -0.823502, 
310, 0.994264, 0.772423, -0.378984, 0.201871, -1.66541, -0.828563, 
310, 0.987465, 0.767152, -0.430565, 0.199105, -1.60843, -0.833673, 
310, 0.980802, 0.766604, -0.488466, 0.197044, -1.54987, -0.838947, 
310, 0.974269, 0.771224, -0.553489, 0.195726, -1.4894, -0.844529, 
310, 0.967741, 0.779138, -0.622846, 0.194904, -1.42788, -0.85023, 
310, 0.961518, 0.796752, -0.706729, 0.195409, -1.36166, -0.857068, 
310, 0.955383, 0.82225, -0.802861, 0.197029, -1.29119, -0.865039, 
310, 0.949354, 0.858405, -0.91623, 0.200193, -1.2143, -0.874815, 
310, 0.943432, 0.910643, -1.05663, 0.20577, -1.12674, -0.887741, 
310, 0.937643, 1.00964, -1.27917, 0.218584, -1.0048, -0.911369, 
311, 1.09051, 0.763697, -0.00153777, 0.289287, -1.99795, -0.795552, 
311, 1.08148, 0.738184, -0.0225647, 0.280236, -1.95164, -0.803004, 
311, 1.07277, 0.715383, -0.0466861, 0.272258, -1.90477, -0.809888, 
311, 1.06432, 0.695445, -0.0741133, 0.265207, -1.85735, -0.816293, 
311, 1.05607, 0.678468, -0.104941, 0.258999, -1.80942, -0.822324, 
311, 1.04802, 0.664536, -0.139278, 0.25357, -1.76099, -0.828054, 
311, 1.04013, 0.653728, -0.177239, 0.248876, -1.71204, -0.833559, 
311, 1.03242, 0.646128, -0.218959, 0.244882, -1.66252, -0.838917, 
311, 1.02486, 0.641834, -0.264619, 0.24157, -1.61236, -0.844208, 
311, 1.01745, 0.640968, -0.314456, 0.238931, -1.56146, -0.84952, 
311, 1.0102, 0.643691, -0.368793, 0.236972, -1.50967, -0.854953, 
311, 1.00309, 0.650225, -0.428073, 0.235719, -1.45677, -0.860624, 
311, 0.996, 0.658715, -0.489822, 0.23483, -1.40336, -0.866339, 
311, 0.989218, 0.674469, -0.561693, 0.235262, -1.34722, -0.872961, 
311, 0.982546, 0.695146, -0.640841, 0.236612, -1.28881, -0.880386, 
311, 0.975994, 0.721846, -0.729242, 0.239116, -1.2273, -0.888962, 
311, 0.969564, 0.75625, -0.82996, 0.243156, -1.16137, -0.899252, 
311, 0.963255, 0.801308, -0.948355, 0.249419, -1.0887, -0.912254, 
311, 0.957065, 0.863119, -1.09545, 0.259369, -1.0046, -0.930027, 
311, 0.951014, 0.983418, -1.34618, 0.282979, -0.877424, -0.966726, 
312, 1.13028, 0.526292, 0.106747, 0.334205, -1.82842, -0.838055, 
312, 1.12066, 0.513328, 0.0770256, 0.327127, -1.78551, -0.844662, 
312, 1.11126, 0.502781, 0.0448793, 0.320869, -1.74253, -0.850872, 
312, 1.10207, 0.494667, 0.0102647, 0.315371, -1.69946, -0.856758, 
312, 1.09308, 0.488997, -0.0268641, 0.310587, -1.65629, -0.862394, 
312, 1.08428, 0.485782, -0.0665677, 0.306483, -1.61298, -0.867852, 
312, 1.07566, 0.485043, -0.108925, 0.303035, -1.56949, -0.873204, 
312, 1.06722, 0.48681, -0.154047, 0.300229, -1.52574, -0.878527, 
312, 1.05896, 0.491133, -0.202077, 0.29806, -1.48165, -0.8839, 
312, 1.05086, 0.498082, -0.253207, 0.296537, -1.43712, -0.88941, 
312, 1.04294, 0.507763, -0.30769, 0.295681, -1.39201, -0.895156, 
312, 1.03509, 0.517965, -0.362874, 0.294913, -1.34671, -0.900824, 
312, 1.0275, 0.534247, -0.42585, 0.295692, -1.29985, -0.907438, 
312, 1.02006, 0.553628, -0.493229, 0.297266, -1.25178, -0.914707, 
312, 1.01277, 0.576621, -0.565925, 0.299799, -1.20214, -0.922847, 
312, 1.00562, 0.603882, -0.645141, 0.303514, -1.1504, -0.932172, 
312, 0.998603, 0.636353, -0.732607, 0.308745, -1.09585, -0.943141, 
312, 0.991729, 0.675503, -0.83102, 0.316029, -1.03735, -0.956477, 
312, 0.984988, 0.723877, -0.945004, 0.32632, -0.972983, -0.973435, 
312, 0.978379, 0.7865, -1.08365, 0.341551, -0.899004, -0.99652, 
312, 0.971921, 0.897229, -1.30771, 0.374791, -0.790841, -1.04276, 
313, 1.13497, 0.297907, -0.0363402, 0.397956, -1.41477, -0.953573, 
313, 1.12531, 0.307137, -0.0807964, 0.396496, -1.37866, -0.958627, 
313, 1.11585, 0.318123, -0.127231, 0.395632, -1.34238, -0.963877, 
313, 1.10658, 0.330904, -0.175775, 0.395386, -1.30586, -0.969401, 
313, 1.09751, 0.345537, -0.226595, 0.395794, -1.26901, -0.975289, 
313, 1.08863, 0.362109, -0.279904, 0.396903, -1.23171, -0.981643, 
313, 1.07993, 0.380731, -0.335957, 0.398784, -1.19384, -0.988583, 
313, 1.0714, 0.39945, -0.392378, 0.400539, -1.15567, -0.99536, 
313, 1.06306, 0.423019, -0.455315, 0.404402, -1.11621, -1.00403, 
313, 1.05489, 0.449146, -0.522154, 0.409364, -1.07561, -1.0138, 
313, 1.04689, 0.478264, -0.593689, 0.415677, -1.03357, -1.025, 
313, 1.03905, 0.510953, -0.670988, 0.423696, -0.989667, -1.03808, 
313, 1.03137, 0.548047, -0.755585, 0.433943, -0.943318, -1.05369, 
313, 1.02385, 0.590827, -0.849812, 0.447237, -0.893635, -1.07283, 
313, 1.01648, 0.641418, -0.957528, 0.464977, -0.839175, -1.0972, 
313, 1.00928, 0.712498, -1.10133, 0.495246, -0.771765, -1.13663, 
313, 1.0022, 0.811997, -1.2959, 0.544584, -0.685936, -1.1988, 
314, 1.14197, 0.258143, -0.400073, 0.60748, -0.995925, -1.19699, 
314, 1.13219, 0.284453, -0.456339, 0.615215, -0.965854, -1.20815, 
314, 1.12261, 0.312627, -0.515622, 0.624433, -0.935068, -1.22094, 
314, 1.11324, 0.342942, -0.578443, 0.635434, -0.903407, -1.23572, 
314, 1.10406, 0.375774, -0.6455, 0.648627, -0.870666, -1.25297, 
314, 1.09507, 0.411653, -0.717767, 0.664599, -0.836566, -1.27337, 
314, 1.08626, 0.451358, -0.796667, 0.684224, -0.800714, -1.29796, 
314, 1.07765, 0.496114, -0.884418, 0.708897, -0.762511, -1.32834, 
314, 1.06921, 0.548021, -0.984811, 0.741059, -0.720955, -1.36732, 
314, 1.06094, 0.611202, -1.10527, 0.785614, -0.674114, -1.4205, 
314, 1.05284, 0.702804, -1.27661, 0.861156, -0.615349, -1.51004, 
317, 1.1827, 1.49018, -0.904306, -2.8023, 2.00398, 2.12607, 
317, 1.16373, 1.39704, -0.857078, 0.329077, -1.95534, -1.01545, 
317, 1.15436, 1.35578, -0.843562, 0.32397, -1.92647, -1.01675, 
317, 1.14509, 1.31827, -0.836872, 0.31886, -1.89464, -1.01881, 
317, 1.13586, 1.28499, -0.837806, 0.313858, -1.85957, -1.02179, 
317, 1.12673, 1.25507, -0.84458, 0.309138, -1.82209, -1.02525, 
317, 1.11767, 1.22901, -0.857966, 0.304757, -1.78196, -1.0293, 
317, 1.10876, 1.20569, -0.87575, 0.300824, -1.74017, -1.03345, 
317, 1.09981, 1.18962, -0.906067, 0.297345, -1.69338, -1.03918, 
317, 1.09098, 1.17778, -0.94321, 0.294499, -1.64405, -1.04536, 
317, 1.08225, 1.17171, -0.989842, 0.292366, -1.59112, -1.05243, 
317, 1.07357, 1.17088, -1.04494, 0.290986, -1.53509, -1.06028, 
317, 1.06501, 1.18256, -1.12149, 0.290938, -1.47049, -1.07074, 
317, 1.05652, 1.20867, -1.22285, 0.292593, -1.39598, -1.08436, 
317, 1.0481, 1.26811, -1.38284, 0.297867, -1.29732, -1.10606, 
318, 1.22412, 1.26857, -0.68985, 0.393594, -1.98352, -1.0344, 
318, 1.21434, 1.23509, -0.683385, 0.387298, -1.95529, -1.03708, 
318, 1.20452, 1.20531, -0.683716, 0.380952, -1.92429, -1.04093, 
318, 1.19483, 1.17728, -0.686999, 0.374955, -1.89206, -1.04483, 
318, 1.18524, 1.15196, -0.694928, 0.369297, -1.85797, -1.04913, 
318, 1.17569, 1.12917, -0.707051, 0.363993, -1.82228, -1.05377, 
318, 1.16638, 1.10768, -0.720909, 0.359263, -1.78608, -1.05804, 
318, 1.15686, 1.09192, -0.744829, 0.354749, -1.74589, -1.06397, 
318, 1.14753, 1.07834, -0.771939, 0.350864, -1.70467, -1.06986, 
318, 1.1383, 1.06804, -0.804211, 0.347567, -1.66164, -1.07614, 
318, 1.12904, 1.05881, -0.837622, 0.344641, -1.6185, -1.08226, 
318, 1.12004, 1.05803, -0.885337, 0.342862, -1.56984, -1.09021, 
318, 1.11106, 1.06155, -0.939903, 0.34184, -1.51878, -1.09898, 
318, 1.10215, 1.07101, -1.00418, 0.341818, -1.46415, -1.10903, 
318, 1.09331, 1.08869, -1.08226, 0.343138, -1.4043, -1.1211, 
318, 1.08455, 1.11919, -1.18235, 0.346484, -1.33585, -1.13668, 
318, 1.07587, 1.17517, -1.32712, 0.353719, -1.24946, -1.15986, 
319, 1.22753, 0.974523, -0.613801, 0.429747, -1.75253, -1.11025, 
319, 1.21767, 0.963239, -0.637184, 0.425448, -1.71714, -1.11626, 
319, 1.20789, 0.954238, -0.664043, 0.421677, -1.68062, -1.12255, 
319, 1.19807, 0.945797, -0.691438, 0.418177, -1.64407, -1.12867, 
319, 1.18849, 0.94254, -0.727145, 0.415678, -1.60465, -1.13586, 
319, 1.17895, 0.941969, -0.76698, 0.413795, -1.56389, -1.14355, 
319, 1.16947, 0.944497, -0.811638, 0.412617, -1.52154, -1.15189, 
319, 1.16006, 0.950654, -0.862035, 0.412256, -1.47727, -1.16108, 
319, 1.15073, 0.961165, -0.919451, 0.412867, -1.43056, -1.17142, 
319, 1.14147, 0.977068, -0.985737, 0.414676, -1.3807, -1.18336, 
319, 1.13229, 1.00019, -1.06416, 0.418078, -1.32641, -1.19765, 
319, 1.12319, 1.03452, -1.16189, 0.423916, -1.26484, -1.21596, 
319, 1.11416, 1.08943, -1.29572, 0.434177, -1.18934, -1.24215, 
320, 1.23208, 0.837345, -0.803702, 0.515264, -1.42734, -1.26106, 
320, 1.22219, 0.848665, -0.853722, 0.516841, -1.3888, -1.27169, 
320, 1.21237, 0.863564, -0.909543, 0.519492, -1.34839, -1.28368, 
320, 1.20263, 0.882873, -0.972662, 0.523475, -1.30555, -1.29747, 
320, 1.19296, 0.907961, -1.04554, 0.529212, -1.2594, -1.31383, 
320, 1.18336, 0.942235, -1.13431, 0.537686, -1.20768, -1.3346, 
320, 1.17383, 0.991261, -1.24895, 0.550626, -1.14673, -1.36278, 
320, 1.16438, 1.0828, -1.43926, 0.57613, -1.05834, -1.41317, 
