-1.20216 0.855075 -0.0951356 -1.62618 -1.0417 0.899928 
-1.06684 1.03874 -0.303452 -1.55214 -0.942723 0.931967 
-0.949446 1.27011 -0.621829 -1.54419 -0.850241 1.03994 
-0.848797 1.65476 -1.23999 -1.71955 -0.776985 1.36828 
-1.05847 0.794244 -0.274587 1.0719 0.870541 4.56634 
-0.942057 1.09014 -0.557508 1.09738 0.775308 -1.66833 
-0.84244 1.52124 -1.13039 -2.17177 -0.771214 1.71318 
-1.18323 0.437085 -0.393363 0.647727 1.29645 -1.29017 
-1.05048 0.64311 -0.380102 0.681623 1.043 -1.32438 
-1.17627 0.573382 -1.00314 0.506213 1.74767 -1.02083 
-1.04437 0.599564 -0.627875 0.477961 1.33303 -1.0957 
-0.92993 0.871697 -0.64212 0.49766 1.05194 -1.11713 
-1.03986 0.743096 -1.1585 0.390034 1.73327 -0.92654 
-0.926049 0.833525 -0.787999 0.373448 1.26373 -0.992827 
-0.82882 1.30651 -1.0846 0.375589 1.06441 -0.965371 
-0.923151 0.870257 -1.05053 0.303024 1.51533 -0.903973 
-0.826355 1.26606 -1.11764 0.302675 1.17284 -0.909248 
-0.824465 1.24252 -1.17876 0.252106 1.28543 -0.868462 
-1.06595 1.09172 0.258479 -0.685602 -1.39895 0.138988 
-0.94792 1.17699 -0.0224514 -0.596334 -1.22012 0.229079 
-0.862076 1.3245 -0.391198 -0.563442 -1.01124 0.32353 
-0.798265 1.59989 -0.971599 -0.631261 -0.732769 0.497722 
-1.07403 0.54578 0.466066 -1.16502 -0.896391 0.514133 
-0.95636 0.812932 0.140359 -1.08874 -0.812577 0.547139 
-0.87057 1.09321 -0.267429 -1.11618 -0.706578 0.67677 
-0.806066 1.46133 -0.869769 -1.34849 -0.58088 1.01828 
-0.862266 0.89848 -0.207829 -1.71226 -0.473853 1.23472 
-0.799138 1.34829 -0.802995 -1.98197 -0.463803 1.57734 
-1.04979 -0.0482699 0.167892 0.560025 0.964176 -1.09033 
-0.937056 0.316144 0.0747625 0.648737 0.678801 -1.17742 
-0.85483 0.748733 -0.215272 0.735527 0.522049 -1.23786 
-0.792968 1.26242 -0.774431 -2.49922 -0.522719 2.04593 
-1.04204 0.00528803 -0.297867 0.357659 1.41019 -0.858462 
-0.931019 0.233184 -0.142948 0.357486 1.01319 -0.889659 
-0.850038 0.641426 -0.279364 0.398038 0.731673 -0.923898 
-0.927081 0.269514 -0.493552 0.249952 1.38449 -0.777821 
-0.847002 0.57744 -0.398471 0.258003 0.97414 -0.802863 
-0.786654 1.13473 -0.77812 0.26521 0.78778 -0.789093 
-0.924431 0.512245 -1.15206 0.21534 1.84839 -0.698453 
-0.844922 0.562572 -0.581431 0.190522 1.22493 -0.747163 
-0.785026 1.08674 -0.803071 0.198436 0.91669 -0.74699 
-0.843413 0.615148 -0.86166 0.15532 1.49545 -0.713842 
-0.783852 1.04951 -0.8445 0.157553 1.04023 -0.725146 
-0.797588 1.06599 0.613819 -0.106853 -1.67928 -0.0113984 
-0.768523 1.08362 0.288392 -0.0786531 -1.37262 0.0156654 
-0.751982 1.21818 -0.133637 -0.0685622 -1.08551 0.0320281 
-0.741284 1.48442 -0.73791 -0.0733476 -0.747844 0.0537497 
-0.807808 0.300299 0.905075 -0.251357 -0.904084 -0.0033747 
-0.776238 0.653352 0.481197 -0.226187 -0.83229 0.00270133 
-0.758099 0.969115 0.00255309 -0.241438 -0.671734 0.0450992 
-0.746378 1.3475 -0.63591 -0.343888 -0.419653 0.17423 
-0.775696 0.275629 0.518412 -0.671585 -0.259335 0.369827 
-0.75785 0.755946 0.0587364 -0.576396 -0.268886 0.28456 
-0.746198 1.24009 -0.585971 -1.10965 -0.151036 0.836356 
-0.800276 -0.50453 0.532253 0.18731 0.768873 -0.525131 
-0.771351 0.0309791 0.409067 0.313839 0.361526 -0.663865 
-0.754547 0.586077 0.0502492 0.5865 0.176842 -0.936462 
-0.743571 1.15364 -0.564735 0.435853 0.213933 -0.776497 
-0.795024 -0.402913 0.0487234 0.0913704 1.27917 -0.472673 
-0.767992 -0.0674101 0.18243 0.0996464 0.809798 -0.493653 
-0.752163 0.460921 -0.0122488 0.137426 0.476616 -0.534368 
-0.741664 1.08112 -0.560904 3.28591 -0.404451 -3.67814 
-0.792921 -0.105538 -0.66166 0.067143 1.78946 -0.475165 
-0.766053 -0.0417065 -0.149632 0.0544465 1.2132 -0.485898 
-0.7506 0.380846 -0.12437 0.0615651 0.76519 -0.497882 
-0.740611 1.01885 -0.570288 0.0705515 0.572992 -0.504374 
-0.765377 0.113004 -0.635245 0.0400059 1.6183 -0.499071 
-0.749889 0.348542 -0.289521 0.0376208 1.03688 -0.506303 
-0.74005 0.96575 -0.592277 0.0432975 0.722188 -0.511046 
-0.74937 0.368606 -0.518168 0.0269676 1.30336 -0.521738 
-0.73972 0.922142 -0.627831 0.0300589 0.859379 -0.525533 
-0.295571 1.14382 0.77899 0.626834 -1.85994 0.203634 
-0.520898 1.05787 0.484521 0.371723 -1.54453 -0.0105182 
-0.626325 1.15203 0.0487545 0.284693 -1.21448 -0.102092 
-0.6854 1.4132 -0.587421 0.278643 -0.845347 -0.187578 
-0.524529 0.561319 0.70515 0.391548 -1.03354 -0.236526 
-0.628381 0.890912 0.187975 0.315409 -0.843815 -0.270001 
-0.68705 1.28032 -0.490098 0.338312 -0.558891 -0.3615 
-0.53003 0.0838418 0.761882 0.719715 -0.428865 -0.74497 
-0.631654 0.653361 0.2547 0.451647 -0.444862 -0.535541 
-0.689439 1.16883 -0.435565 0.540156 -0.271375 -0.674651 
-0.321865 -0.852603 0.715135 -0.494346 0.959008 0.333126 
-0.533535 -0.214993 0.643447 -0.721288 0.370963 0.569679 
-0.633396 0.457977 0.252394 -1.63523 0.166187 -4.83003 
-0.690407 1.07638 -0.410593 -1.33833 0.125376 1.11665 
-0.329206 -0.66763 0.204383 -0.355733 1.37975 0.0810704 
-0.535883 -0.315114 0.398728 -0.306861 0.798122 0.0623702 
-0.634343 0.312609 0.192639 -0.432975 0.370458 0.176284 
-0.690794 0.998112 -0.40395 2.69363 -0.269553 -2.98087 
-0.334398 -0.347135 -0.473923 -0.320619 1.81527 -0.0939234 
-0.53788 -0.27758 0.0609175 -0.213635 1.18726 -0.107797 
-0.635188 0.21945 0.0814066 -0.23213 0.661192 -0.0849601 
-0.691187 0.930376 -0.410576 -0.260811 0.436246 -0.0778261 
-0.539722 -0.129189 -0.389763 -0.178982 1.56038 -0.217079 
-0.63608 0.176886 -0.0785847 -0.161375 0.936335 -0.206518 
-0.691472 0.870466 -0.427067 -0.181482 0.587084 -0.199189 
-0.636946 0.185408 -0.292096 -0.126765 1.20021 -0.285686 
-0.691963 0.821689 -0.45913 -0.139479 0.727891 -0.276225 
-0.201318 1.06053 0.581268 0.827224 -1.61892 0.0522104 
-0.483162 1.1122 0.179457 0.561798 -1.33283 -0.147306 
-0.630072 1.35878 -0.468266 0.49488 -0.952013 -0.303358 
-0.204435 0.519429 0.82126 0.867755 -1.18927 -0.306953 
-0.485026 0.836666 0.323139 0.629974 -0.997901 -0.37146 
-0.631249 1.22891 -0.378112 0.606757 -0.700429 -0.52364 
-0.211914 -0.0376561 0.894068 -1.87031 0.738151 -4.15311 
-0.489113 0.577334 0.397729 0.825649 -0.649897 -0.720058 
-0.633626 1.11432 -0.319939 0.827462 -0.459879 -0.853673 
0.322688 -0.840044 0.715874 -0.916547 1.44565 0.9764 
-0.220076 -0.376766 0.770621 2.07784 -0.712949 -2.02843 
-0.493164 0.357637 0.402731 -1.73661 0.412128 -4.56636 
-0.636036 1.01687 -0.290641 1.34324 -0.30228 -1.46207 
0.309557 -0.668679 0.210239 -0.788966 1.71323 0.636556 
-0.227015 -0.471961 0.513345 -0.654633 0.996528 0.560909 
-0.496384 0.193113 0.345815 -0.927903 0.460168 0.810341 
-0.232811 -0.420553 0.169279 -0.497061 1.30968 0.286042 
-0.49903 0.087463 0.235438 -0.539618 0.680087 0.342872 
-0.639071 0.859278 -0.282146 -0.668509 0.39923 0.420654 
-0.237736 -0.265912 -0.272539 -0.431537 1.62739 0.0981608 
-0.5014 0.0379691 0.0767787 -0.376835 0.927261 0.112512 
-0.640296 0.795421 -0.297629 -0.458748 0.523383 0.16336 
-0.50347 0.0412249 -0.130893 -0.296016 1.17348 -0.0294721 
-0.641437 0.741101 -0.32581 -0.34071 0.651538 0.00447741 
0.794479 1.05921 0.567761 1.91455 -1.55185 0.052882 
0.150811 1.06042 0.580137 1.27206 -1.59137 0.0666562 
-0.322982 1.08936 0.268524 0.809002 -1.42267 -0.153505 
-0.574035 1.31466 -0.368354 0.643515 -1.04766 -0.358476 
0.792077 0.34611 0.85232 1.96114 -1.48487 -6.77223 
0.147732 0.521079 0.820637 1.31848 -1.28786 -0.364082 
-0.325025 0.800831 0.416764 0.882165 -1.11314 -0.414089 
-0.575075 1.18504 -0.282121 0.763827 -0.809942 -0.591194 
-0.329733 0.523176 0.497407 1.07743 -0.810618 -0.789555 
-0.577246 1.06784 -0.222152 0.961222 -0.593709 -0.898893 
-0.334903 0.283487 0.507658 -1.63828 0.61949 -4.50605 
-0.580389 0.967023 -0.190652 1.30517 -0.445795 -1.33631 
0.122092 -0.487762 0.527437 -0.840956 1.28825 0.924759 
-0.33937 0.102896 0.453115 -1.10579 0.632243 1.12651 
-0.582719 0.878251 -0.176207 1.76147 -0.398104 -1.86617 
0.114792 -0.439576 0.186138 -0.714607 1.52771 0.633612 
-0.34313 -0.012285 0.342734 -0.751069 0.790864 0.674952 
0.10848 -0.287564 -0.251587 -0.663757 1.78561 0.401112 
-0.346422 -0.0660582 0.183701 -0.561685 0.997625 0.401768 
-0.586216 0.731062 -0.187962 -0.71522 0.520895 0.500487 
-0.349392 -0.0649897 -0.0218334 -0.456764 1.21547 0.219774 
-0.587739 0.671904 -0.213111 -0.544256 0.624836 0.28509 
1.02608 1.10294 0.21308 2.19834 -1.72251 -6.4888 
0.463541 1.05771 0.482757 1.65118 -1.5734 -0.0304254 
-0.148703 1.0788 0.316989 1.04584 -1.48242 -0.151238 
-0.51649 1.27781 -0.282348 0.758609 -1.13064 -0.383955 
-0.150917 0.781979 0.468583 1.11733 -1.19978 -0.440188 
-0.517216 1.14767 -0.199228 0.879483 -0.897988 -0.624093 
0.45443 0.0815597 0.776744 -1.2537 1.30094 -4.16012 
-0.156146 0.492273 0.553596 1.29956 -0.944816 -0.828985 
-0.520091 1.02932 -0.141456 1.05929 -0.6947 -0.918064 
-0.161871 0.239325 0.567693 -1.50922 0.802889 -4.47425 
-0.523065 0.924553 -0.106378 1.32721 -0.55719 -1.27956 
0.439135 -0.359372 0.443705 -0.894456 1.55641 1.2054 
-0.167001 0.0481007 0.515094 -1.13573 0.819526 1.29818 
-0.525539 0.831679 -0.0887692 -1.48381 0.497903 1.45767 
0.432738 -0.332129 0.114908 -0.826393 1.75647 0.918047 
-0.171303 -0.0734838 0.405099 -0.860921 0.946563 0.909315 
-0.527608 0.748974 -0.0854655 1.97821 -0.505338 4.21841 
0.427194 -0.193052 -0.321576 -0.822036 1.97574 0.656545 
-0.175048 -0.130097 0.246103 -0.693066 1.1194 0.64169 
-0.529452 0.675857 -0.0953358 -0.905566 0.557991 0.766786 
-0.178526 -0.130066 0.0416254 -0.589913 1.30871 0.444853 
-0.53117 0.612445 -0.118078 -0.715776 0.637526 0.530198 
0.7003 1.0837 0.293826 -1.20918 1.63987 2.96095 
0.0320503 1.07739 0.324631 1.27444 -1.52107 -0.161356 
-0.455417 1.24963 -0.212916 0.857681 -1.20164 -0.395214 
0.0297107 0.778747 0.477494 1.34414 -1.26925 -0.468531 
-0.457118 1.11593 -0.127582 0.975745 -0.971799 -0.64009 
0.693473 0.264007 0.557827 -1.04709 1.49653 -4.125 
0.0242524 0.486457 0.564638 1.50774 -1.06397 -0.856552 
-0.460052 0.995436 -0.0699285 1.14143 -0.777258 -0.924169 
0.0182714 0.230142 0.581216 -1.37428 0.970388 -4.44485 
-0.463201 0.887723 -0.0334539 1.36564 -0.648053 -1.24314 
-0.465728 0.791117 -0.0136619 1.63054 -0.586847 -1.58215 
0.677319 -0.12913 -0.048196 -0.851813 1.94875 1.1365 
0.00862212 -0.0897463 0.422832 -0.905418 1.1163 1.08618 
-0.468001 0.705032 -0.00871102 1.88808 -0.580338 -1.90098 
0.00475083 -0.148477 0.265219 -0.772327 1.26674 0.836884 
0.00125067 -0.150127 0.0623311 -0.687675 1.43226 0.641326 
-0.471714 0.560932 -0.0375123 -0.841284 0.674216 0.726372 
0.208804 1.08417 0.291649 1.48783 -1.55443 -0.194296 
-0.39237 1.22554 -0.152269 0.947427 -1.26377 -0.397904 
0.867545 0.795849 0.203621 2.16842 -1.67266 -6.92012 
0.206523 0.791104 0.443138 1.5577 -1.3341 -0.506991 
-0.39449 1.08937 -0.0666117 1.06222 -1.03554 -0.647163 
0.864549 0.475153 0.26291 -0.898834 1.66933 -4.12052 
0.200937 0.503888 0.531763 1.70078 -1.17506 -0.88015 
-0.397405 0.96679 -0.00895306 1.21708 -0.847442 -0.924733 
-0.400703 0.856447 0.028479 1.41414 -0.725707 -1.21833 
-0.40336 0.756863 0.049619 1.6348 -0.666046 -1.514 
0.18615 -0.0595619 0.396439 -0.907692 1.28056 1.22944 
0.182519 -0.120303 0.242156 -0.810894 1.417 1.00161 
-0.407624 0.587171 0.0497326 2.0464 -0.67716 -2.04243 
0.179264 -0.124362 0.0417125 -0.750188 1.56695 0.811953 
-0.409417 0.516766 0.0302704 -0.92887 0.72538 0.882601 
-1.20205 1.33804 -0.351353 -1.05411 -1.70691 0.546314 
-1.06728 1.31464 -0.462402 -0.942942 -1.56495 0.614495 
-0.949305 1.34966 -0.673663 -0.869045 -1.38929 0.700752 
-0.848777 1.50131 -1.08208 -0.858898 -1.15673 0.845772 
-1.06713 0.739793 -0.268382 1.40176 0.963113 -1.88692 
-0.949556 0.958602 -0.520437 1.41391 0.864226 -1.82345 
-0.848797 1.26064 -0.944352 -1.81588 -0.79637 1.50465 
-1.19232 0.430309 -0.369011 0.857896 1.2417 -1.37086 
-1.18322 0.556099 -0.968691 0.622792 1.66597 -1.01978 
-1.05048 0.600946 -0.721809 0.591042 1.35322 -1.08013 
-0.93518 0.813131 -0.742551 0.59212 1.13024 -1.09176 
-0.836587 1.18487 -1.06008 0.57389 1.03099 -1.03271 
-0.929926 0.844652 -1.0015 0.434241 1.39824 -0.933407 
-0.832119 1.18611 -1.17091 0.422471 1.20129 -0.915373 
-0.828815 1.22822 -1.34896 0.331991 1.38607 -0.839215 
-1.07406 1.14755 0.201997 -0.828706 -1.79968 0.211392 
-0.956419 1.11786 -0.00513261 -0.699257 -1.60146 0.347519 
-0.870523 1.1711 -0.310104 -0.63692 -1.37435 0.466257 
-0.806072 1.33917 -0.777989 -0.642793 -1.10416 0.613441 
-1.06594 0.579879 0.481587 -0.740578 -1.17983 0.335249 
-0.947908 0.736574 0.186193 -0.661581 -1.03232 0.379919 
-0.862483 0.929308 -0.175095 -0.638343 -0.863437 0.449183 
-0.798329 1.19277 -0.665678 -0.707208 -0.653421 0.596187 
-0.956414 0.447928 0.176671 -1.42182 -0.708253 1.00238 
-0.870604 0.757007 -0.178655 -1.41654 -0.631287 1.05783 
-0.806085 1.11295 -0.678263 -1.59195 -0.565074 1.30726 
-1.06134 -0.0548021 0.189727 0.814615 0.901095 -1.24402 
-0.946214 0.269012 0.0432643 0.899015 0.699775 -1.3279 
-1.04991 -0.00709503 -0.27643 0.468323 1.31613 -0.874426 
-0.93708 0.217215 -0.215581 0.464312 1.0114 -0.904212 
-0.854826 0.559345 -0.358384 0.486636 0.797285 -0.926767 
-0.792984 1.00797 -0.754327 0.46977 0.72279 -0.884323 
-1.04194 0.381735 -1.2226 0.37688 1.92399 -0.662235 
-0.931025 0.298124 -0.627349 0.305392 1.41077 -0.744767 
-0.850045 0.542628 -0.544788 0.299048 1.07473 -0.766522 
-0.789077 0.984657 -0.826198 0.296355 0.903491 -0.753017 
-0.846999 0.593351 -0.824262 0.216803 1.37316 -0.698873 
-0.786654 0.977375 -0.919927 0.212387 1.07867 -0.701326 
-0.844916 0.864991 -1.47672 0.184191 1.80805 -0.63806 
-0.785044 0.988982 -1.04225 0.165997 1.24808 -0.678979 
-0.807874 1.11508 0.576086 -0.216483 -1.99913 0.069948 
-0.776173 0.999788 0.331217 -0.166918 -1.64509 0.13855 
-0.758095 1.03903 -0.0318052 -0.154047 -1.32428 0.183184 
-0.746353 1.21811 -0.552675 -0.165992 -0.985522 0.233912 
-0.797533 0.359314 0.89995 -0.111569 -1.26109 0.0343751 
-0.768678 0.564077 0.513296 -0.0877823 -1.07898 0.0415628 
-0.752017 0.796207 0.0742626 -0.0792842 -0.872019 0.0510606 
-0.741285 1.09571 -0.48561 -0.087015 -0.611882 0.0712814 
-0.807853 -0.333272 0.886958 -0.704963 -0.30637 0.520516 
-0.776239 0.188612 0.526041 -0.407906 -0.431088 0.223104 
-0.7581 0.593973 0.0924824 -0.392306 -0.399779 0.218822 
-0.746342 1.0008 -0.471494 -0.577214 -0.255395 0.420579 
-0.806642 -0.522446 0.559921 0.343113 0.581881 -0.592789 
-0.775696 -0.0290744 0.378903 0.598666 0.286864 -0.864612 
-0.757827 0.449085 0.0340667 0.951396 0.17879 -1.219 
-0.800277 -0.419762 0.0703269 0.142912 1.14111 -0.449619 
-0.771226 -0.089245 0.112585 0.157147 0.768193 -0.482542 
-0.754547 0.362437 -0.0839197 0.199327 0.514087 -0.531302 
-0.743571 0.88611 -0.544115 0.207605 0.449783 -0.536861 
-0.795622 -0.122263 -0.638523 0.0897026 1.68442 -0.436656 
-0.767884 -0.0240309 -0.263545 0.0767285 1.2108 -0.451731 
-0.752059 0.328892 -0.254719 0.0831518 0.84898 -0.466974 
-0.741665 0.853884 -0.606477 0.0906336 0.675499 -0.474564 
-0.76639 0.193685 -0.842883 0.0519599 1.67048 -0.461897 
-0.750675 0.349534 -0.487279 0.0470174 1.15892 -0.472445 
-0.740612 0.834378 -0.683526 0.0500431 0.870179 -0.477355 
-0.749733 0.441465 -0.818926 0.0321847 1.47305 -0.489956 
-0.740045 0.828606 -0.778937 0.0327982 1.04589 -0.49488 
-0.524542 0.952473 0.543062 0.339816 -1.75307 0.0915592 
-0.628389 0.952748 0.159419 0.238405 -1.3779 0.00987413 
-0.687138 1.13965 -0.407023 0.210913 -0.999968 -0.0433492 
-0.520958 0.444507 0.73825 0.39864 -1.21055 -0.147537 
-0.6258 0.698282 0.258812 0.322708 -0.981756 -0.18361 
-0.685386 1.02497 -0.353908 0.326122 -0.697573 -0.253599 
-0.524567 -0.0206378 0.761906 0.6521 -0.571686 -0.599115 
-0.628375 0.474938 0.283474 0.46259 -0.546121 -0.459275 
-0.687164 0.927363 -0.334576 0.497719 -0.377936 -0.539433 
-0.312599 -0.874285 0.741201 -0.668154 0.810837 0.54541 
-0.53003 -0.27856 0.605046 -0.99052 0.33397 0.892207 
-0.63169 0.306684 0.233501 -1.76434 0.192478 -4.63813 
-0.689458 0.850906 -0.348524 1.54021 -0.138261 -1.69084 
-0.321867 -0.685307 0.224088 -0.421694 1.25006 0.173402 
-0.533563 -0.333634 0.323693 -0.356178 0.755216 0.147626 
-0.633403 0.203245 0.119721 -0.426033 0.409913 0.211457 
-0.690409 0.795133 -0.387596 -0.409382 0.311018 0.17179 
-0.328739 -0.362181 -0.454447 -0.353965 1.71211 -0.0408891 
-0.535887 -0.25757 -0.0509106 -0.23659 1.17641 -0.0629284 
-0.634332 0.1587 -0.0459122 -0.227329 0.744094 -0.0620144 
-0.690795 0.754838 -0.442308 -0.227402 0.537077 -0.0767906 
-0.537766 -0.0649108 -0.561053 -0.197888 1.58806 -0.192505 
-0.635188 0.167567 -0.26347 -0.163522 1.05063 -0.1876 
-0.691174 0.72662 -0.509399 -0.163192 0.732594 -0.193465 
-0.636078 0.234681 -0.551117 -0.133112 1.34675 -0.27298 
-0.691633 0.710973 -0.591831 -0.128227 0.907736 -0.271313 
-0.204439 0.94374 0.647051 0.817116 -1.81213 0.142376 
-0.485049 0.896486 0.296554 0.5207 -1.47094 -0.0621462 
-0.631074 1.08073 -0.294098 0.431608 -1.07301 -0.180593 
-0.201318 0.381348 0.858179 0.853786 -1.34851 -0.247688 
-0.482222 0.625582 0.397593 0.618023 -1.10934 -0.306476 
-0.629986 0.967204 -0.246086 0.566153 -0.805726 -0.414617 
-0.204439 -0.155555 0.887738 1.19484 -0.865178 -0.917043 
-0.485008 0.381258 0.424289 0.834386 -0.731815 -0.682261 
-0.631229 0.867671 -0.226297 0.797215 -0.539522 -0.756525 
-0.489112 0.193637 0.37829 -1.71608 0.466123 -4.55812 
-0.633764 0.785836 -0.234363 1.34174 -0.341618 -1.40936 
0.323213 -0.678505 0.227284 -0.910555 1.64714 0.717237 
-0.220076 -0.48138 0.43067 -0.751387 0.992837 0.647668 
-0.493163 0.0761187 0.267594 -0.904815 0.526353 0.798554 
0.309068 -0.36665 -0.44392 -0.85831 1.95314 0.369901 
-0.227039 -0.39384 0.0547072 -0.557116 1.31118 0.324437 
-0.496386 0.0232302 0.104846 -0.533607 0.774015 0.335585 
-0.637702 0.675078 -0.312951 -0.579034 0.502469 0.348474 
-0.232763 -0.200857 -0.437091 -0.480523 1.65201 0.104695 
-0.499108 0.0260046 -0.105854 -0.382989 1.04271 0.107286 
-0.639071 0.640295 -0.373613 -0.398717 0.669496 0.110624 
-0.501459 0.0830521 -0.374781 -0.309557 1.31077 -0.0386484 
-0.640343 0.617316 -0.447531 -0.303737 0.82897 -0.0325112 
0.792109 1.09428 0.547618 1.92022 -1.76585 0.20527 
0.147894 0.942733 0.647881 1.26726 -1.79624 0.15674 
-0.325046 0.861841 0.390246 0.765063 -1.56188 -0.087515 
-0.574505 1.03226 -0.19829 0.579123 -1.15701 -0.249135 
0.794472 0.390337 0.841033 1.8968 -1.68338 -6.60408 
0.150816 0.382069 0.856779 1.28683 -1.47457 -0.318188 
-0.322986 0.574078 0.492568 0.863692 -1.22666 -0.376054 
-0.573657 0.917591 -0.153248 0.721432 -0.9063 -0.496891 
-0.324986 0.311452 0.522868 1.08749 -0.897917 -0.791989 
-0.575007 0.815232 -0.133451 0.948902 -0.664088 -0.839871 
-0.329731 0.108461 0.478311 -1.60499 0.692947 1.73369 
-0.577771 0.729434 -0.138796 1.35397 -0.488858 -1.35472 
0.775797 -0.414951 0.0845458 -1.06561 2.00183 1.08081 
0.130649 -0.491726 0.44063 -0.948102 1.31969 0.970769 
-0.334903 -0.0189629 0.36866 -1.07613 0.718416 1.07261 
-0.580493 0.661047 -0.164977 1.89809 -0.454656 4.2928 
0.122092 -0.408721 0.0690047 -0.797957 1.54904 0.645024 
-0.339344 -0.0770629 0.207039 -0.743808 0.894884 0.634158 
-0.582723 0.607812 -0.206961 -0.838026 0.538551 0.672774 
0.114775 -0.220167 -0.416575 -0.740681 1.81548 0.378239 
-0.343129 -0.0768762 -0.00101338 -0.570457 1.11624 0.368599 
-0.584564 0.567318 -0.262106 -0.60809 0.664882 0.38324 
-0.346422 -0.0238012 -0.261164 -0.476599 1.34868 0.186146 
-0.586217 0.538957 -0.330576 -0.472033 0.801351 0.196142 
0.460972 0.94639 0.547186 1.62594 -1.79305 0.0672096 
-0.150922 0.844703 0.441598 0.996556 -1.637 -0.0975648 
-0.517158 0.992689 -0.118866 0.691679 -1.23673 -0.286486 
1.02631 0.605932 0.432351 -0.997175 1.88025 2.701 
0.463567 0.445311 0.736508 -1.49614 1.60136 2.75375 
-0.148678 0.545864 0.545932 1.08982 -1.335 -0.420923 
-0.515346 0.874362 -0.0721052 0.836308 -0.995534 -0.541896 
-0.150832 0.270525 0.578037 1.29889 -1.05483 -0.856796 
-0.516996 0.768744 -0.0523875 1.05485 -0.764433 -0.882821 
-0.520088 0.679408 -0.0562923 1.39109 -0.603284 -1.33195 
0.446534 -0.36443 0.357283 -1.00928 1.61701 1.21235 
-0.523066 0.606965 -0.079403 -1.33926 0.555372 1.30651 
0.439139 -0.302152 -0.00364994 -0.927717 1.79746 0.896135 
-0.166999 -0.137157 0.26487 -0.862838 1.0599 0.844147 
-0.525538 0.549275 -0.117647 -0.99529 0.602884 0.88944 
-0.17128 -0.138714 0.0587524 -0.709058 1.24062 0.583718 
-0.527608 0.504401 -0.168992 -0.764382 0.697386 0.598016 
-0.175081 -0.0875541 -0.196797 -0.618343 1.43911 0.38729 
-0.529448 0.471603 -0.233288 -0.612928 0.809887 0.393861 
0.698371 0.983508 0.353967 1.87352 -1.86487 -0.073376 
0.0295311 0.842345 0.450753 1.21672 -1.6984 -0.11128 
-0.456884 0.958281 -0.0484836 0.786491 -1.3107 -0.306642 
0.700275 0.559483 0.520618 1.89855 -1.74108 -6.74567 
0.0320492 0.541322 0.55452 1.302 -1.43507 -0.456575 
-0.455421 0.837697 -0.00373956 0.930996 -1.07435 -0.569307 
0.698371 0.183109 0.545538 -1.16672 1.6843 -4.07524 
-0.456873 0.728213 0.0172358 1.14067 -0.852044 -0.907864 
0.0182716 -0.0888405 0.438921 -1.11597 1.12162 1.33244 
0.682078 -0.101258 -0.169339 -0.96959 2.00664 1.08404 
0.0130358 -0.152296 0.280228 -0.923444 1.2372 1.0045 
-0.465738 0.497671 -0.0414794 2.05726 -0.676194 -2.10667 
0.00861082 -0.155681 0.0761773 -0.80159 1.39012 0.759669 
-0.468001 0.44957 -0.0904396 -0.870585 0.748638 0.759643 
0.00475111 -0.106461 -0.176597 -0.728626 1.56105 0.561811 
-0.469934 0.413381 -0.151906 -0.720956 0.842599 0.555972 
0.20653 0.853058 0.416374 1.41786 -1.75253 -0.143254 
-0.394001 0.929309 0.0115258 0.872082 -1.37804 -0.318397 
0.208804 0.560651 0.517962 1.49623 -1.53087 -0.490693 
-0.392384 0.805909 0.0559038 1.01504 -1.14583 -0.586059 
0.867336 0.410643 0.249272 -1.0299 1.85732 -4.07024 
0.206513 0.290803 0.550845 1.65087 -1.3475 -0.910192 
-0.393954 0.693016 0.0772943 1.2164 -0.929401 -0.922778 
-0.397348 0.596743 0.0760936 -1.66024 0.783554 1.83398 
0.190358 -0.121213 0.253891 -0.944887 1.40942 1.13737 
-0.403435 0.453493 0.022346 -1.12862 0.750862 1.13383 
0.186136 -0.127376 0.0528427 -0.856192 1.54429 0.908731 
-0.405671 0.402206 -0.0245178 -0.940142 0.809759 0.883075 
0.182514 -0.0805913 -0.198266 -0.806944 1.69602 0.712557 
-0.407622 0.363231 -0.0839688 -0.799467 0.88977 0.686988 
-1.19233 1.37495 -0.388692 -0.882143 -1.95479 0.586007 
-1.0585 1.24752 -0.427176 -0.756805 -1.78109 0.653293 
-0.942035 1.20197 -0.601175 -0.672698 -1.55746 0.730439 
-0.842439 1.29079 -0.987463 -0.646552 -1.26718 0.842501 
-1.20217 0.929553 -0.117319 -1.04109 -1.6193 0.697655 
-1.06708 0.939885 -0.272134 -0.951879 -1.45713 0.764509 
-0.949517 1.01308 -0.522377 -0.904539 -1.27217 0.848659 
-0.848796 1.19024 -0.941358 -0.92643 -1.04986 0.994655 
-1.19233 0.532309 -0.9179 0.79817 1.54683 -1.03773 
-1.05847 0.612456 -0.824506 0.762637 1.33357 -1.06883 
-0.942072 0.802483 -0.91079 0.739964 1.17913 -1.05516 
-0.946211 1.04083 0.0304635 -0.547992 -1.82514 0.409563 
-0.862243 1.01413 -0.244448 -0.46899 -1.5368 0.511994 
-0.799214 1.13116 -0.703681 -0.454293 -1.20691 0.619129 
-1.07402 0.642392 0.442566 -0.801753 -1.61767 0.405594 
-0.956406 0.691173 0.172804 -0.709669 -1.41152 0.508712 
-0.870776 0.814753 -0.179102 -0.677673 -1.19556 0.609534 
-0.806137 1.03628 -0.674644 -0.719142 -0.948949 0.760371 
-1.06595 0.148061 0.487759 -0.931102 -0.890692 0.701673 
-0.947913 0.384334 0.191753 -0.850555 -0.777778 0.681979 
-0.862323 0.634983 -0.170232 -0.84777 -0.648419 0.73457 
-0.798268 0.940839 -0.659948 -0.997965 -0.489155 0.939791 
-1.06134 -0.0212782 -0.246381 0.657833 1.20216 -0.933492 
-0.94621 0.210487 -0.292346 0.649492 0.98577 -0.959021 
-0.862246 0.516261 -0.483737 0.648911 0.843858 -0.961612 
-0.799122 0.915204 -0.888548 0.601049 0.81173 -0.88792 
-1.04979 0.343858 -1.15632 0.46372 1.79158 -0.637977 
-0.937093 0.342044 -0.781503 0.394239 1.41433 -0.709445 
-0.854837 0.559404 -0.761134 0.372963 1.16466 -0.726322 
-0.792968 0.9496 -1.06047 0.350753 1.05822 -0.698037 
-0.850058 0.753894 -1.27922 0.261736 1.57863 -0.619301 
-0.789077 1.06028 -1.35784 0.23765 1.34408 -0.620653 
-0.775662 0.909199 0.365577 -0.167165 -1.86007 0.237168 
-0.757978 0.869365 0.0275732 -0.146007 -1.48547 0.287688 
-0.746201 1.01119 -0.498506 -0.152049 -1.10407 0.337549 
-0.807763 0.4255 0.877474 -0.196596 -1.61895 0.152251 
-0.776352 0.484466 0.522054 -0.171936 -1.32518 0.193248 
-0.758102 0.648958 0.0915803 -0.171315 -1.06107 0.229529 
-0.746341 0.912224 -0.469464 -0.199903 -0.766503 0.286563 
-0.79734 -0.307857 0.908721 -0.185818 -0.608948 0.153082 
-0.768564 0.118933 0.520471 -0.130386 -0.643236 0.105476 
-0.751984 0.464848 0.0800578 -0.116526 -0.547928 0.0996027 
-0.741289 0.830343 -0.477812 -0.141152 -0.3553 0.132051 
-0.807852 -0.53963 0.596552 0.659101 0.324365 -0.794295 
-0.776239 -0.0757426 0.346145 -1.83065 -0.17245 1.68339 
-0.758099 0.347794 -0.0199631 1.66097 0.149973 -1.8073 
-0.74634 0.78325 -0.542205 -2.05187 -0.155974 -4.36793 
-0.806641 -0.44204 0.102536 0.230208 0.944413 -0.439279 
-0.77561 -0.103531 0.0424165 0.259564 0.66682 -0.49086 
-0.757826 0.301411 -0.193818 0.306988 0.499901 -0.546571 
-0.746198 0.767558 -0.646162 0.29535 0.483296 -0.531864 
-0.800274 -0.145114 -0.605299 0.129914 1.53847 -0.393977 
-0.771063 0.00156043 -0.384269 0.117776 1.1704 -0.414905 
-0.754476 0.31924 -0.432988 0.1238 0.901558 -0.434088 
-0.743571 0.777445 -0.778522 0.126736 0.788451 -0.438999 
-0.76819 0.321258 -1.13053 0.0734991 1.73116 -0.413184 
-0.75198 0.409593 -0.765626 0.0649415 1.278 -0.430519 
-0.741664 0.812871 -0.944319 0.0650717 1.05331 -0.435955 
-0.740612 0.89214 -1.18047 0.0395843 1.30895 -0.455344 
-0.53003 0.84053 0.590108 0.297198 -1.93011 0.179247 
-0.631421 0.76175 0.227309 0.189653 -1.49318 0.108163 
-0.689457 0.921417 -0.35001 0.157284 -1.07475 0.0755798 
-0.524553 0.332311 0.757115 0.341308 -1.36957 -0.0427474 
-0.628371 0.525288 0.282711 0.265481 -1.08316 -0.0702727 
-0.687167 0.82657 -0.332482 0.25642 -0.767807 -0.114638 
-0.521013 -0.104289 0.745547 0.577618 -0.727766 -0.452925 
-0.625988 0.330048 0.264063 0.454045 -0.644577 -0.371967 
-0.685398 0.749301 -0.348165 0.494027 -0.448928 -0.451742 
-0.628378 0.197088 0.17124 1.14572 -0.257248 -1.18945 
-0.687167 0.694073 -0.39752 1.35406 -0.181025 -1.42236 
-0.312843 -0.707331 0.253192 -0.533933 1.07698 0.320163 
-0.53003 -0.342677 0.247739 -0.462069 0.662315 0.302258 
-0.631696 0.135512 0.00895401 -0.496493 0.402952 0.339424 
-0.689455 0.664921 -0.481322 -0.424391 0.34249 0.251529 
-0.32188 -0.38287 -0.426143 -0.398927 1.56951 0.033444 
-0.533606 -0.231067 -0.16665 -0.268326 1.12501 0.00110866 
-0.633399 0.140533 -0.214703 -0.235067 0.787733 -0.0155884 
-0.690433 0.660048 -0.592444 -0.205627 0.636533 -0.0540179 
-0.535868 0.0199312 -0.764496 -0.218305 1.60164 -0.162119 
-0.634334 0.207479 -0.506381 -0.168159 1.14815 -0.161082 
-0.690802 0.675604 -0.726879 -0.148307 0.89486 -0.179926 
-0.63519 0.365068 -0.930945 -0.14186 1.51534 -0.261591 
-0.691182 0.713391 -0.891707 -0.120832 1.12437 -0.262835 
-0.211892 0.81769 0.705575 0.776866 -1.98036 0.209155 
-0.489114 0.684948 0.371042 0.460938 -1.55681 0.00114264 
-0.63376 0.852398 -0.235695 0.372229 -1.11616 -0.088626 
-0.204439 0.245037 0.882359 0.790226 -1.48747 -0.190819 
-0.484904 0.431325 0.423692 0.564982 -1.18071 -0.241546 
-0.631243 0.759025 -0.224255 0.512011 -0.848313 -0.320058 
-0.201318 -0.250596 0.866592 1.08137 -0.984542 -0.804349 
-0.483163 0.220511 0.402312 0.803707 -0.802488 -0.624578 
-0.630048 0.680819 -0.240746 0.777812 -0.583999 -0.687836 
-0.485006 0.0765648 0.308623 1.35965 -0.530916 -1.32221 
-0.631248 0.621879 -0.285744 1.34467 -0.386619 -1.36306 
0.338059 -0.690367 0.251149 -1.07555 1.56752 0.833011 
-0.211906 -0.480191 0.346305 -0.900466 0.962135 0.788588 
-0.489106 0.00685329 0.149806 -0.97539 0.566693 0.886191 
0.32322 -0.380179 -0.419664 -0.962294 1.8552 0.432295 
-0.220053 -0.360452 -0.0637551 -0.639336 1.28135 0.384945 
-0.493164 0.00449692 -0.0652631 -0.563274 0.832897 0.367119 
-0.636036 0.570407 -0.456219 -0.53165 0.609182 0.320144 
-0.226872 -0.1216 -0.623161 -0.538833 1.65872 0.113661 
-0.496625 0.0607137 -0.337388 -0.401666 1.13681 0.112377 
-0.637712 0.574115 -0.5731 -0.365252 0.827315 0.081429 
-0.499395 0.186334 -0.701646 -0.330561 1.45127 -0.0526496 
-0.639113 0.595565 -0.711583 -0.284269 1.03097 -0.0595976 
0.785009 1.1249 0.530736 1.92358 -1.96278 0.348214 
0.13994 0.813483 0.710291 1.22465 -1.97525 0.212621 
-0.329738 0.633388 0.470804 0.694565 -1.64134 -0.0597887 
-0.577741 0.795135 -0.139909 0.518242 -1.18358 -0.183615 
0.147732 0.243542 0.882449 1.19997 -1.6394 -0.286553 
-0.324298 0.363596 0.522849 0.80267 -1.30141 -0.348041 
-0.575047 0.701133 -0.131507 0.668036 -0.942005 -0.426966 
0.150561 -0.248678 0.865337 1.39388 -1.32806 -0.931594 
-0.322964 0.138341 0.498848 1.04422 -0.974458 -0.768036 
-0.573843 0.620602 -0.148365 0.928905 -0.705952 -0.794148 
0.147707 -0.472313 0.665801 -1.40423 1.23114 -4.71868 
-0.575066 0.558315 -0.191408 1.37849 -0.5356 -1.35567 
0.78501 -0.417891 0.102913 -1.23864 1.98011 1.13273 
0.139976 -0.484608 0.351373 -1.09737 1.3322 1.04852 
-0.329733 -0.0878242 0.243734 -1.12973 0.783889 1.10125 
-0.577771 0.516892 -0.259141 -1.17251 0.520836 1.09069 
0.130627 -0.370508 -0.0530012 -0.906497 1.54552 0.670582 
-0.334872 -0.0933195 0.0325796 -0.77941 0.968926 0.633325 
-0.5805 0.49557 -0.347512 -0.758754 0.649293 0.58841 
0.122011 -0.138375 -0.603344 -0.832696 1.82652 0.351288 
-0.339368 -0.0411333 -0.230887 -0.599189 1.21279 0.347011 
-0.582722 0.491402 -0.45308 -0.547611 0.821657 0.304577 
-0.343124 0.0727716 -0.570645 -0.508965 1.4781 0.145638 
-0.584569 0.503455 -0.577223 -0.433213 0.996201 0.128396 
0.454426 0.825841 0.60828 1.56903 -1.98419 0.125586 
-0.15616 0.604916 0.526818 0.911458 -1.72718 -0.100347 
-0.520007 0.745877 -0.057238 0.627328 -1.25666 -0.242062 
0.460978 0.324981 0.760295 1.53155 -1.79643 -0.351728 
-0.150903 0.324676 0.577215 1.00908 -1.42839 -0.421273 
-0.517106 0.650253 -0.050659 0.777956 -1.03242 -0.489008 
-0.148621 0.0901837 0.552388 1.23256 -1.15259 -0.856258 
-0.51583 0.567079 -0.0680381 1.02926 -0.813306 -0.851708 
0.460977 -0.323708 0.564039 -1.34256 1.58805 -4.60836 
-0.517169 0.501433 -0.109843 1.41612 -0.655878 4.92798 
0.446554 -0.263458 -0.129022 -1.05834 1.81605 0.878371 
-0.161921 -0.15036 0.0862141 -0.908383 1.14453 0.814093 
-0.523059 0.430731 -0.257361 -0.898195 0.71497 0.765062 
-0.166947 -0.100697 -0.171858 -0.749175 1.33929 0.535842 
-0.525529 0.42124 -0.355605 -0.684859 0.851388 0.479454 
-0.171218 0.00730878 -0.499095 -0.663528 1.56134 0.320119 
-0.527607 0.426925 -0.470247 -0.556765 0.999388 0.288939 
0.0241874 0.599088 0.538024 1.11494 -1.80904 -0.136105 
-0.459852 0.703129 0.0143478 0.716764 -1.32855 -0.28162 
0.0298228 0.31805 0.586943 1.19544 -1.55765 -0.473913 
-0.45676 0.605446 0.0196421 0.865211 -1.11648 -0.529671 
0.0320495 0.0823049 0.560971 -1.7545 1.33178 2.23619 
-0.455415 0.519573 0.00174808 1.10667 -0.908802 -0.887349 
-0.456865 0.451025 -0.0395928 1.45343 -0.759339 -1.35521 
0.0242531 -0.154604 0.305555 -1.1933 1.2185 1.30068 
0.0182884 -0.163545 0.0989729 -0.984204 1.32986 0.950206 
-0.463213 0.374129 -0.181609 -0.983913 0.789473 0.886463 
0.013035 -0.115884 -0.156016 -0.857357 1.49091 0.687721 
-0.465834 0.360922 -0.275075 -0.782711 0.900854 0.61311 
0.00860979 -0.0109058 -0.478262 -0.790785 1.67872 0.467699 
-0.468005 0.362138 -0.383334 -0.654522 1.02687 0.422096 
0.201172 0.615276 0.503987 1.29859 -1.88784 -0.176601 
-0.39695 0.666281 0.0757432 0.795383 -1.39739 -0.311175 
0.206519 0.343958 0.550114 1.36242 -1.68416 -0.516564 
-0.393957 0.566868 0.0793773 0.94033 -1.19544 -0.559671 
-0.392344 0.478063 0.0614916 1.17212 -0.99622 -0.911523 
-0.393958 0.406888 0.0203181 1.49052 -0.854031 -1.3547 
0.195376 -0.131728 0.0717261 -1.02547 1.51135 1.06347 
-0.40068 0.324928 -0.118007 -1.03635 0.865692 0.974521 
0.190321 -0.0870338 -0.181045 -0.931055 1.6484 0.814646 
-0.403435 0.309085 -0.208326 -0.852024 0.960236 0.717789 
0.186063 0.0163437 -0.503475 -0.890652 1.81151 0.591519 
-0.405651 0.307132 -0.312244 -0.730144 1.06948 0.532437 
-1.05048 1.17125 -0.391429 -0.613492 -1.90268 0.710946 
-0.935176 1.06778 -0.570721 -0.52973 -1.61479 0.78668 
-0.836586 1.17539 -1.07506 -0.518079 -1.22366 0.903436 
-1.19233 0.960533 -0.136934 -0.839668 -1.84862 0.716398 
-1.05845 0.891684 -0.276453 -0.737804 -1.6304 0.793854 
-0.942056 0.920636 -0.55332 -0.688171 -1.37565 0.877938 
-0.842441 1.12806 -1.10896 -0.726207 -1.04654 1.03886 
-1.20214 0.613615 -0.0905315 -1.0471 -1.47315 0.947351 
-1.06714 0.676212 -0.297496 -0.999538 -1.2943 1.00818 
-0.949521 0.810201 -0.610886 -1.00114 -1.10236 1.10457 
-0.848798 1.10741 -1.20128 -1.13438 -0.871003 1.3534 
-1.20217 0.501429 -0.844501 1.06959 1.38458 -1.10582 
-1.06713 0.632937 -0.929539 1.02095 1.25061 -1.081 
-0.949519 0.874065 -1.2025 0.951673 1.17476 -0.986767 
-0.936857 0.953483 0.0647352 -0.41999 -1.94824 0.481319 
-0.854993 0.867157 -0.216867 -0.341332 -1.58593 0.567273 
-0.792988 0.99286 -0.765298 -0.331479 -1.16822 0.654574 
-1.06129 0.679966 0.424368 -0.642396 -1.88245 0.436428 
-0.946209 0.629021 0.171576 -0.528605 -1.59234 0.54936 
-0.862291 0.705214 -0.204011 -0.488224 -1.29813 0.636779 
-0.799131 0.936523 -0.789149 -0.524692 -0.959217 0.76793 
-1.07406 0.204931 0.47092 -0.830403 -1.33528 0.703948 
-0.956413 0.364722 0.14743 -0.781456 -1.15163 0.757079 
-0.87061 0.57656 -0.25699 -0.792479 -0.959093 0.849575 
-0.806085 0.894818 -0.848814 -0.928553 -0.732425 1.07121 
-1.06596 -0.0738085 0.275513 1.81642 0.698559 -1.88731 
-0.862318 0.485888 -0.374786 -1.35592 -0.481973 1.32929 
-1.07406 -0.037975 -0.20202 0.966061 1.06047 -1.0692 
-0.956414 0.211403 -0.366778 0.944488 0.917451 -1.07205 
-0.870591 0.516532 -0.657408 0.899183 0.840826 -1.02076 
-0.806074 0.987763 -1.28499 0.751738 0.901047 -0.814398 
-1.06133 0.298183 -1.07244 0.607542 1.61387 -0.632012 
-0.94621 0.407052 -0.964448 0.538985 1.38271 -0.673304 
-0.862245 0.665936 -1.11424 0.495832 1.25155 -0.662934 
-0.77134 0.807755 0.397919 -0.119723 -1.98833 0.320385 
-0.754559 0.7098 0.0482128 -0.0975702 -1.54224 0.359983 
-0.743571 0.86358 -0.557487 -0.101179 -1.09156 0.396183 
-0.806641 0.482538 0.849085 -0.197838 -1.91744 0.234746 
-0.775768 0.406658 0.516657 -0.160558 -1.51323 0.294602 
-0.757349 0.523999 0.0645916 -0.156658 -1.18045 0.335901 
-0.745989 0.797429 -0.57159 -0.186439 -0.820496 0.396328 
-0.807851 -0.25677 0.912397 -0.236585 -0.985625 0.293371 
-0.776049 0.0722254 0.490341 -0.214747 -0.888676 0.288376 
-0.75804 0.376959 0.0128667 -0.228344 -0.717037 0.318802 
-0.74634 0.746395 -0.620926 -0.316087 -0.459035 0.426842 
-0.797584 -0.546104 0.633571 -0.884903 -0.137503 0.880249 
-0.768584 -0.104738 0.304221 -0.370782 -0.213661 0.363069 
-0.752009 0.288055 -0.117346 -0.34516 -0.180949 0.339961 
-0.741285 0.722674 -0.718059 1.65981 0.0501563 -1.65993 
-0.807852 -0.46813 0.146848 0.32274 0.663744 -0.418563 
-0.776239 -0.110156 -0.0256698 0.368264 0.478744 -0.48096 
-0.7581 0.279558 -0.340942 0.38929 0.402889 -0.506164 
-0.746345 0.75057 -0.894399 0.306721 0.476275 -0.416164 
-0.806641 -0.176287 -0.556823 0.191547 1.32958 -0.349046 
-0.775696 0.0343129 -0.509372 0.182762 1.0713 -0.373549 
-0.757826 0.358253 -0.670488 0.184776 0.908201 -0.389694 
-0.746199 0.856667 -1.19297 0.16963 0.929931 -0.370841 
-0.754548 0.612171 -1.27717 0.0982294 1.44968 -0.369129 
-0.633391 0.583262 0.25048 0.165963 -1.53388 0.176781 
-0.690525 0.762605 -0.402594 0.140083 -1.05852 0.151003 
-0.530015 0.225815 0.759974 0.278365 -1.50298 0.0525618 
-0.631907 0.37965 0.260091 0.206962 -1.15051 0.0367695 
-0.689572 0.697061 -0.424355 0.196813 -0.780471 0.0103139 
-0.524585 -0.169994 0.714748 0.445843 -0.864046 -0.272717 
-0.628509 0.223716 0.198702 0.360313 -0.715369 -0.220697 
-0.687167 0.647057 -0.476641 0.407439 -0.460658 -0.297102 
-0.521014 -0.346602 0.502658 1.1914 -0.401201 -1.162 
-0.625987 0.132413 0.0644255 0.94901 -0.330018 -0.922522 
-0.685395 0.622012 -0.567758 1.31804 -0.214165 -1.31239 
-0.301805 -0.729064 0.289151 -0.737136 0.887078 0.561115 
-0.524578 -0.340182 0.169367 -0.685423 0.544632 0.582003 
-0.628377 0.111873 -0.141445 -0.695148 0.370216 0.604418 
-0.687167 0.628833 -0.70496 -0.500579 0.375813 0.398921 
-0.312826 -0.409995 -0.385728 -0.474305 1.37686 0.14558 
-0.530243 -0.19891 -0.283919 -0.325905 1.02141 0.102382 
-0.631712 0.16608 -0.428716 -0.26904 0.783658 0.0700267 
-0.689458 0.678976 -0.905247 -0.206877 0.735109 0.00352265 
-0.53354 0.135237 -1.0194 -0.241905 1.59642 -0.123103 
-0.633427 0.313946 -0.842938 -0.175682 1.23343 -0.124467 
-0.690409 0.805412 -1.22724 -0.135764 1.11977 -0.160463 
-0.493066 0.485069 0.400996 0.406234 -1.57414 0.0360199 
-0.636547 0.681379 -0.281441 0.334829 -1.07959 -0.0332098 
-0.211737 0.111921 0.892316 0.698254 -1.59189 -0.145851 
-0.489105 0.26747 0.4023 0.494785 -1.2129 -0.178714 
-0.634186 0.616604 -0.307679 0.458092 -0.833282 -0.238898 
-0.20443 -0.32564 0.832401 0.935385 -1.07524 -0.679709 
-0.484996 0.102527 0.333991 0.724821 -0.843001 -0.537168 
-0.631247 0.568135 -0.364141 0.738475 -0.577554 -0.615803 
-0.630051 0.540073 -0.450129 1.3599 -0.406791 -1.34178 
0.350075 -0.702654 0.280773 -1.27941 1.48423 0.985579 
-0.204349 -0.468281 0.259597 -1.10215 0.917297 0.983057 
-0.484997 -0.0158069 -0.00624193 -1.11342 0.584082 1.04246 
-0.631248 0.53821 -0.572083 -0.96222 0.464431 0.873016 
0.338062 -0.398586 -0.385258 -1.0995 1.72899 0.527242 
-0.211802 -0.320779 -0.18482 -0.756181 1.2154 0.481049 
-0.489112 0.0296858 -0.276481 -0.631671 0.852889 0.440487 
-0.633766 0.568327 -0.737529 -0.524898 0.710421 0.332513 
-0.219494 -0.0220911 -0.841745 -0.610913 1.64002 0.128461 
-0.493163 0.150741 -0.639688 -0.435786 1.21083 0.127957 
-0.636037 0.639775 -0.962637 -0.350177 1.00729 0.0633993 
-0.496379 0.461265 -1.315 -0.365334 1.6742 -0.103438 
-0.637711 0.811094 -1.35564 -0.272933 1.34712 -0.109813 
-0.334412 0.414119 0.506351 0.620368 -1.64656 -0.0700494 
-0.580498 0.61493 -0.184545 0.478065 -1.12957 -0.159383 
0.139933 0.105417 0.896074 1.07593 -1.75728 -0.285265 
-0.329621 0.18352 0.502396 0.719573 -1.321 -0.331554 
-0.57777 0.550464 -0.21445 0.617956 -0.913528 -0.381252 
0.147761 -0.326247 0.831823 1.22588 -1.41579 -0.867017 
-0.324987 0.0121024 0.427967 0.955376 -1.01275 -0.721607 
-0.575063 0.499815 -0.268544 0.892457 -0.698509 -0.752141 
0.150812 -0.490528 0.599897 -1.60448 1.27323 -4.59797 
-0.322982 -0.0845708 0.285593 1.37835 -0.817052 -1.29341 
-0.575068 0.461938 -0.465954 -1.15566 0.579291 1.07848 
0.785012 0.990769 -2.59424 -1.9027 1.98031 5.98833 
0.139914 -0.325522 -0.178837 -1.04762 1.51095 0.719194 
-0.329733 -0.0651072 -0.180708 -0.855828 1.00754 0.6698 
-0.577771 0.481917 -0.614137 -0.734159 0.754075 0.553375 
0.130306 -0.0360208 -0.823487 -0.944088 1.80958 0.321278 
-0.334888 0.04485 -0.520616 -0.648112 1.28595 0.333279 
-0.580499 0.53223 -0.802235 -0.521342 0.988689 0.247506 
-0.339307 0.272775 -1.04382 -0.557625 1.63342 0.0735179 
-0.582722 0.627233 -1.0592 -0.414725 1.24113 0.0525504 
-0.160627 0.370764 0.56766 0.815992 -1.73505 -0.154566 
-0.52306 0.556212 -0.0996885 0.585131 -1.19215 -0.246555 
0.454523 0.202939 0.775164 1.37822 -1.93905 -0.366109 
-0.156147 0.133956 0.558654 0.904458 -1.45424 -0.445483 
-0.520083 0.49127 -0.131558 0.725878 -0.998965 -0.469434 
-0.150898 -0.0409744 0.48015 1.11718 -1.19999 -0.838636 
-0.517155 0.439493 -0.186167 0.983248 -0.809553 -0.824291 
0.46357 -0.344727 0.501298 -1.55824 1.65063 -4.5554 
-0.148794 -0.13807 0.334452 -1.68485 1.04979 1.79727 
-0.150892 -0.161053 0.129951 -1.30147 1.05327 1.26148 
-0.516954 0.394953 -0.37684 -1.24844 0.688743 1.18385 
0.45476 -0.216772 -0.260221 -1.22521 1.80346 0.872992 
-0.156144 -0.118898 -0.129893 -0.997024 1.1932 0.817019 
-0.520087 0.409402 -0.515666 -0.86763 0.820899 0.698883 
-0.161922 -0.013904 -0.458741 -0.813935 1.41314 0.491387 
-0.52306 0.448313 -0.683863 -0.650354 1.01159 0.390063 
-0.167002 0.190578 -0.937691 -0.731133 1.69293 0.21634 
-0.525537 0.518247 -0.896296 -0.53151 1.21893 0.1858 
0.0182573 0.361151 0.579394 0.993808 -1.83405 -0.225993 
-0.463197 0.504901 -0.02678 0.670337 -1.25837 -0.311449 
0.0243135 0.123697 0.569874 1.06091 -1.60027 -0.531233 
-0.460026 0.439093 -0.0600325 0.806805 -1.08211 -0.530993 
0.0298693 -0.0503667 0.489352 1.23741 -1.39368 -0.912732 
-0.456868 0.386114 -0.115188 1.04751 -0.910356 -0.870469 
0.70029 -0.112213 0.311042 -1.4948 1.93108 -4.4997 
-0.45542 0.351004 -0.196156 1.41704 -0.794901 -1.35301 
-0.456873 0.337654 -0.303252 -1.29724 0.7902 1.24578 
0.0242455 -0.12961 -0.11978 -1.0919 1.38697 0.923247 
-0.460029 0.347302 -0.43487 -0.955473 0.895551 0.799721 
0.0182677 -0.0275345 -0.443942 -0.942843 1.5648 0.614571 
-0.463192 0.37916 -0.590832 -0.747322 1.05513 0.501193 
0.0130149 0.169351 -0.909661 -0.883911 1.796 0.329918 
-0.465828 0.436085 -0.780114 -0.626377 1.23151 0.296302 
0.195161 0.383155 0.546943 1.15257 -1.93611 -0.288116 
-0.400665 0.460367 0.0353322 0.742073 -1.32508 -0.363575 
0.201172 0.153792 0.535012 1.19393 -1.74841 -0.597244 
-0.397308 0.39351 0.00102706 0.87295 -1.1616 -0.57894 
-0.393919 0.339522 -0.054834 1.09854 -1.00391 -0.904591 
-0.392329 0.302738 -0.135479 1.43665 -0.896332 -1.3569 
-0.393957 0.28759 -0.241107 -1.32576 0.886166 1.28841 
0.201176 -0.0968713 -0.149285 -1.15598 1.57533 1.00691 
-0.397351 0.294398 -0.36849 -1.01702 0.973398 0.875371 
0.195237 0.00328851 -0.473433 -1.04184 1.72306 0.711335 
-0.400703 0.321844 -0.516832 -0.820644 1.1108 0.58895 
0.189555 0.201161 -0.944585 -1.01702 1.91819 0.413196 
-0.403422 0.370533 -0.691546 -0.70356 1.26379 0.388993 
-1.04393 1.09054 -0.357441 -0.503797 -1.96041 0.768315 
-0.929927 0.956193 -0.58786 -0.42749 -1.59054 0.844982 
-1.18324 0.979895 -0.15239 -0.691517 -1.99644 0.7586 
-1.05047 0.83874 -0.286788 -0.582293 -1.71406 0.842735 
-0.935379 0.850246 -0.630853 -0.540134 -1.37521 0.927897 
-1.19228 0.638099 -0.0961329 -0.801583 -1.6559 0.92558 
-1.05847 0.653708 -0.34024 -0.748513 -1.40743 0.99788 
-0.942056 0.793069 -0.757671 -0.761803 -1.12603 1.10926 
-1.20219 0.439154 -0.269491 -1.1048 -1.30379 1.26307 
-1.06715 0.566383 -0.546053 -1.12017 -1.11728 1.34245 
-0.949522 0.812032 -1.01649 -1.23151 -0.921908 1.53278 
-0.930957 0.862946 0.0923542 -0.333573 -2.0071 0.548964 
-0.850081 0.741381 -0.234226 -0.262025 -1.56097 0.623305 
-0.789087 0.957287 -0.999526 -0.273369 -1.01508 0.713161 
-0.937478 0.562064 0.163297 -0.39179 -1.67874 0.599937 
-0.854839 0.618226 -0.27321 -0.354777 -1.29874 0.671905 
-0.792974 0.959232 -1.11178 -0.424263 -0.814012 0.821327 
-1.06134 0.236271 0.467766 -0.606984 -1.55621 0.672085 
-0.946278 0.331069 0.109331 -0.553915 -1.28221 0.73578 
-0.862251 0.53399 -0.37422 -0.565729 -1.002 0.824167 
-0.799117 1.02491 -1.3414 -0.827386 -0.590585 1.18164 
-1.07406 -0.0367659 0.280772 -0.964242 -1.06271 1.06544 
-0.956414 0.206038 -0.0803252 -0.963335 -0.900294 1.10272 
-0.870582 0.504539 -0.561085 -1.06351 -0.730632 1.25251 
-1.06598 -0.0740083 -0.127006 1.32541 0.698471 -1.25487 
-1.07406 0.242704 -0.963921 0.822899 1.36595 -0.669716 
-0.956412 0.50293 -1.19105 0.73638 1.27947 -0.627967 
-0.752164 0.56977 0.0289132 -0.0629667 -1.52023 0.415282 
-0.74143 0.79622 -0.744367 -0.0684522 -0.97363 0.441919 
-0.771379 0.325847 0.502908 -0.109536 -1.61383 0.364403 
-0.754303 0.427663 -0.0081008 -0.104016 -1.20541 0.39455 
-0.743449 0.77661 -0.823908 -0.133461 -0.739817 0.44774 
-0.806641 -0.202621 0.904599 -0.193094 -1.29903 0.355176 
-0.775383 0.0361889 0.443369 -0.181139 -1.07537 0.372306 
-0.757761 0.32614 -0.103995 -0.19941 -0.819741 0.412331 
-0.746198 0.779179 -0.94643 -0.32344 -0.439616 0.563227 
-0.807851 -0.530115 0.657412 -0.434087 -0.483117 0.550523 
-0.776206 -0.111075 0.24227 -0.369309 -0.474301 0.482528 
-0.758098 0.276944 -0.271437 -0.447563 -0.351794 0.568767 
-0.74634 0.826059 -1.15124 -1.65323 -0.138599 1.79566 
-0.797584 -0.489059 0.194516 0.352285 0.312579 -0.336509 
-0.768584 -0.103807 -0.0993467 0.363097 0.216968 -0.35524 
-0.752008 0.305568 -0.541928 0.250862 0.243426 -0.243642 
-0.807851 -0.215451 -0.490701 0.229277 1.03478 -0.27962 
-0.776239 0.072636 -0.634421 0.215359 0.888366 -0.288093 
-0.7581 0.47349 -1.01765 0.196286 0.86796 -0.273146 
-0.634403 0.424771 0.23332 0.153339 -1.50283 0.219786 
-0.690809 0.682435 -0.576827 0.142361 -0.948639 0.189763 
-0.533533 0.122963 0.748617 0.241866 -1.58421 0.120092 
-0.633422 0.270138 0.1883 0.180711 -1.16405 0.110755 
-0.690432 0.656349 -0.649336 0.187773 -0.709997 0.0769527 
-0.530241 -0.21792 0.668065 0.333051 -0.990696 -0.115429 
-0.631711 0.160744 0.0853215 0.273696 -0.767712 -0.0764914 
-0.689484 0.646461 -0.752324 0.34919 -0.413485 -0.170527 
-0.301804 -0.90003 0.830014 1.21672 -0.589007 -1.1929 
-0.524584 -0.355392 0.435626 0.793738 -0.477791 -0.706186 
-0.628377 0.111708 -0.087021 0.703198 -0.366525 -0.613053 
-0.521012 -0.324169 0.08311 -1.02203 0.43977 0.976496 
-0.625987 0.134779 -0.340916 -0.926916 0.335452 0.899168 
-0.685399 0.775109 -1.21257 -0.460544 0.481015 0.414302 
-0.30171 -0.439595 -0.335636 -0.607855 1.15067 0.317025 
-0.524584 -0.157181 -0.406589 -0.439019 0.881225 0.262097 
-0.628377 0.248016 -0.713485 -0.344691 0.75591 0.199092 
-0.496382 0.309748 0.38396 0.363908 -1.52462 0.046554 
-0.637813 0.589232 -0.444847 0.325922 -0.963956 -0.0184038 
-0.219999 -0.0144006 0.886238 0.610495 -1.64652 -0.122686 
-0.493163 0.142708 0.332669 0.437985 -1.19853 -0.1341 
-0.636038 0.562115 -0.518194 0.439826 -0.749324 -0.202514 
-0.211909 -0.381257 0.784177 0.785163 -1.1421 -0.557597 
-0.489111 0.0310558 0.220146 0.629391 -0.856424 -0.437009 
-0.633768 0.550506 -0.618567 0.722756 -0.516647 -0.573023 
-0.20444 -0.498447 0.529074 1.23635 -0.847424 -1.19433 
-0.484999 -0.0156502 0.042506 1.10676 -0.586314 -1.0345 
-0.631247 0.56633 -0.76427 -1.68949 0.379152 1.73422 
-0.201309 -0.446128 0.167554 1.81927 -0.860832 -1.94198 
-0.629975 0.628519 -0.984748 -0.87871 0.527222 0.806448 
0.350054 -0.419577 -0.342761 -1.26751 1.58483 0.659957 
-0.204439 -0.272796 -0.311031 -0.904114 1.12196 0.610929 
-0.484995 0.10459 -0.544945 -0.722679 0.845955 0.53397 
-0.631248 0.884822 -1.5424 -0.465818 0.956669 0.246052 
-0.211911 0.124907 -1.14099 -0.69874 1.60101 0.138421 
-0.4891 0.348826 -1.11225 -0.480391 1.29569 0.132716 
-0.339307 0.221472 0.491022 0.556591 -1.58361 -0.104178 
-0.582959 0.510633 -0.336589 0.468533 -1.00733 -0.174896 
0.130625 -0.0288353 0.895014 0.945628 -1.81456 -0.315972 
-0.334887 0.0470143 0.432511 0.647456 -1.28879 -0.330751 
-0.5805 0.483565 -0.412031 0.604889 -0.820572 -0.382092 
0.13993 -0.387795 0.786131 1.05571 -1.45851 -0.811569 
-0.329733 -0.0645745 0.312115 0.855005 -1.00868 -0.668258 
-0.577771 0.470564 -0.509934 0.88356 -0.634892 -0.747247 
-0.575004 0.480771 -0.645136 -1.72538 0.531646 1.75705 
-0.322981 -0.0844337 -0.117246 -1.37774 0.817159 1.29252 
0.791969 1.02105 -2.63421 -1.91461 1.77588 -6.4609 
0.147733 -0.273312 -0.309581 -1.21557 1.44229 0.793684 
-0.324991 0.00920812 -0.443855 -0.958196 1.00963 0.726882 
-0.575065 0.644104 -1.14438 -0.701772 0.888278 0.482295 
0.139938 0.114277 -1.12406 -1.07727 1.76122 0.277854 
-0.329613 0.211192 -0.930569 -0.714225 1.3466 0.309715 
-0.166409 0.16655 0.553397 0.729746 -1.67211 -0.235052 
-0.525538 0.444525 -0.250045 0.575906 -1.06262 -0.29184 
-0.161921 -0.0107319 0.488865 0.813308 -1.41691 -0.487347 
-0.523066 0.415931 -0.323126 0.713831 -0.900703 -0.499913 
0.454444 -0.239627 0.676414 -1.92473 1.78914 2.23097 
-0.15604 -0.121032 0.363354 0.99839 -1.18959 -0.822051 
-0.520088 0.401861 -0.419292 0.966478 -0.745543 -0.838134 
-0.150885 -0.161431 0.17701 -1.83138 1.04887 1.86279 
-0.515809 0.446275 -0.724815 -1.23816 0.718302 1.14032 
0.460966 -0.162138 -0.397914 -1.42299 1.74616 0.885343 
-0.150868 -0.0432081 -0.392017 -1.11776 1.19771 0.841779 
-0.517155 0.533293 -0.978658 -0.853437 0.926566 0.624216 
0.454428 0.30168 -1.36869 -1.41299 1.95467 0.271896 
-0.156148 0.145123 -0.851333 -0.903259 1.46265 0.434735 
0.0130316 0.151814 0.567899 0.880388 -1.78291 -0.346205 
-0.465832 0.386131 -0.174596 0.659258 -1.12535 -0.382052 
0.018322 -0.024632 0.501242 0.942621 -1.56773 -0.610039 
-0.46321 0.357088 -0.247902 0.790849 -0.981437 -0.584125 
0.0242454 -0.132337 0.372901 1.09338 -1.38291 -0.931219 
-0.460033 0.342187 -0.342903 1.01788 -0.846972 -0.896347 
0.698352 -0.129999 0.249589 -1.75844 1.94749 1.76931 
-0.45687 0.346741 -0.46825 1.38301 -0.770257 -1.36637 
0.0320687 -0.144859 -0.0622945 -1.5081 1.27663 1.35458 
-0.455419 0.379066 -0.63557 -1.32116 0.815308 1.2148 
0.0297158 -0.0520145 -0.383605 -1.23887 1.3927 0.916744 
-0.456869 0.451144 -0.862776 -0.961774 0.985784 0.72399 
0.024206 0.131972 -0.835579 -1.06144 1.60522 0.522996 
-0.46004 0.608629 -1.23017 -0.734807 1.25686 0.347802 
0.19031 0.177489 0.536773 1.00943 -1.90372 -0.438879 
-0.403431 0.335668 -0.111087 0.726098 -1.19076 -0.455683 
0.195378 0.00669051 0.469147 1.04293 -1.72617 -0.706338 
-0.400703 0.306469 -0.184951 0.849337 -1.06147 -0.650499 
-0.397295 0.290741 -0.278926 1.05378 -0.941498 -0.939884 
-0.393949 0.293696 -0.401748 1.37608 -0.872606 -1.36679 
0.208835 -0.108951 -0.0946166 -1.5539 1.48776 1.36669 
-0.392383 0.322312 -0.562767 -1.37745 0.908077 1.26334 
0.206777 -0.0174709 -0.417236 -1.33401 1.58144 0.965933 
-0.393957 0.386216 -0.775291 -1.0439 1.05405 0.798229 
0.201172 0.170881 -0.880424 -1.19743 1.75606 0.577634 
-0.397351 0.508338 -1.07884 -0.824534 1.27917 0.438674 
-1.03976 1.01315 -0.335121 -0.420244 -1.97488 0.819056 
-0.926256 0.874148 -0.65594 -0.355734 -1.51017 0.897196 
-1.04437 0.785818 -0.304309 -0.470578 -1.73768 0.890041 
-0.930041 0.819788 -0.775607 -0.444607 -1.29602 0.98204 
-1.18319 0.654463 -0.10374 -0.635326 -1.77776 0.937636 
-1.05048 0.632574 -0.396705 -0.580401 -1.44924 1.01581 
-0.935179 0.836968 -1.01244 -0.623569 -1.0441 1.15935 
-1.19242 0.453403 -0.260386 -0.810393 -1.41299 1.17609 
-1.05854 0.580613 -0.638647 -0.829448 -1.14403 1.27228 
-0.847008 0.644568 -0.297882 -0.213276 -1.48628 0.673779 
-0.931199 0.496602 0.144399 -0.304432 -1.70835 0.651362 
-0.850043 0.564425 -0.392925 -0.277652 -1.23725 0.71372 
-1.05084 0.25804 0.461887 -0.457014 -1.70824 0.680605 
-0.937085 0.299624 0.0573756 -0.400472 -1.3382 0.741407 
-0.85483 0.52995 -0.553783 -0.421778 -0.956594 0.825718 
-1.06134 -0.0196466 0.292152 -0.65669 -1.20599 0.930311 
-0.946211 0.207926 -0.155658 -0.661756 -0.962316 0.980836 
-0.862245 0.563442 -0.819303 -0.806219 -0.676348 1.17741 
-1.07406 -0.0581053 -0.101776 -1.21494 -0.872194 1.50067 
-1.06595 0.161411 -0.81467 0.919519 0.900859 -0.683409 
-0.750334 0.458311 -0.0324324 -0.043153 -1.44664 0.45908 
-0.740612 0.907393 -1.2217 -0.0588016 -0.706969 0.489766 
-0.768192 0.24639 0.480751 -0.0727964 -1.64925 0.419182 
-0.751998 0.363342 -0.123923 -0.0682829 -1.16171 0.43927 
-0.800277 -0.160956 0.893021 -0.130005 -1.52027 0.396337 
-0.771053 0.00424201 0.384189 -0.117613 -1.17609 0.414493 
-0.754486 0.311762 -0.271087 -0.132466 -0.829128 0.447005 
-0.806641 -0.503948 0.668192 -0.267506 -0.774499 0.496197 
-0.775614 -0.103774 0.161679 -0.26087 -0.663756 0.492448 
-0.757792 0.314323 -0.491909 -0.353264 -0.433601 0.598231 
-0.807852 -0.492603 0.231122 -1.29951 -0.203967 1.45502 
-0.776239 -0.0758996 -0.194035 1.83319 0.172563 -1.68597 
-0.758101 0.406806 -0.850185 0.862964 0.197143 -0.70798 
-0.797584 -0.252223 -0.419771 0.169671 0.679046 -0.132535 
-0.768588 0.127099 -0.775464 0.127487 0.65229 -0.101517 
-0.63519 0.302786 0.168004 0.143323 -1.42124 0.247891 
-0.69118 0.722645 -0.931699 0.161507 -0.740641 0.19568 
-0.535867 0.0253284 0.725517 0.218352 -1.60778 0.163479 
-0.634334 0.197182 0.0732619 0.170405 -1.1201 0.155774 
-0.690795 0.777436 -1.12958 0.243565 -0.498547 0.0581891 
-0.53361 -0.252121 0.605739 0.274405 -1.08258 -0.0144788 
-0.633399 0.139607 -0.075959 0.237566 -0.777501 0.0120776 
-0.312846 -0.889657 0.850242 0.791154 -0.681677 -0.712764 
-0.529978 -0.348886 0.355178 0.521216 -0.584111 -0.374924 
-0.631693 0.137361 -0.29159 0.509472 -0.394515 -0.35333 
-0.295573 -0.465886 -0.284433 -0.783923 0.921128 0.542711 
-0.521008 -0.101133 -0.544291 -0.575298 0.731087 0.449739 
-0.625983 0.460048 -1.20728 -0.382524 0.784582 0.277588 
-0.499407 0.172307 0.320272 0.3318 -1.42996 0.0445969 
-0.639105 0.603385 -0.758762 0.352511 -0.77261 -0.0488317 
-0.227028 -0.130343 0.864992 0.538137 -1.64999 -0.118444 
-0.496632 0.061742 0.217915 0.401225 -1.13956 -0.111178 
-0.637712 0.634099 -0.914595 0.506298 -0.573036 -0.264175 
-0.220042 -0.420079 0.721517 0.665596 -1.18309 -0.463644 
-0.493164 0.00489489 0.060864 0.56086 -0.837117 -0.363521 
-0.636032 0.709534 -1.14875 0.953697 -0.363233 -0.792235 
-0.211745 -0.491767 0.447021 1.0132 -0.859088 -0.972586 
-0.489106 0.00587929 -0.15751 0.968951 -0.569543 -0.878537 
-0.484992 0.0763253 -0.461097 -1.35995 0.530829 1.32264 
0.354833 -0.441449 -0.29733 -1.44162 1.4316 0.822719 
-0.201291 -0.214204 -0.448911 -1.05389 1.00652 0.754492 
-0.483163 0.260886 -0.935106 -0.769776 0.838786 0.574826 
-0.343124 0.0733153 0.425454 0.508928 -1.47886 -0.145162 
-0.584569 0.510012 -0.63058 0.501601 -0.8225 -0.23924 
0.122094 -0.151654 0.877708 0.829869 -1.81613 -0.363246 
-0.339367 -0.0398335 0.3157 0.598372 -1.2159 -0.344632 
-0.582723 0.531284 -0.769643 0.673837 -0.657309 -0.474677 
0.131122 -0.433154 0.726928 0.912821 -1.46612 -0.772437 
-0.334903 -0.0933607 0.152189 0.779836 -0.968223 -0.634375 
-0.580501 0.582873 -0.960151 1.03587 -0.504379 -0.917358 
0.139943 -0.495602 0.447017 1.14411 -1.25276 -1.21859 
-0.329732 -0.0876129 -0.0693961 1.13074 -0.783359 -1.10267 
-0.577772 0.718332 -1.29854 1.76893 -0.485833 4.51754 
0.147821 -0.414596 0.0666554 1.46022 -1.20988 4.55575 
-0.324969 -0.0166042 -0.366747 1.65013 -0.767884 4.52324 
-2.34712 -0.703801 -1.53658 1.2965 1.78199 6.92346 
0.150811 -0.212773 -0.45006 -1.38308 1.33614 0.885769 
-0.322973 0.149223 -0.800604 -1.03601 0.981565 0.753335 
-0.171209 0.0105464 0.486877 0.663766 -1.56517 -0.316056 
-0.527608 0.431962 -0.527569 0.612678 -0.883452 -0.383726 
-0.167001 -0.101637 0.370991 0.749471 -1.33714 -0.537411 
-0.525539 0.448767 -0.658475 0.778494 -0.744262 -0.61339 
0.446522 -0.291173 0.624135 1.04624 -1.7865 -0.931318 
-0.16189 -0.151352 0.202536 0.912828 -1.13655 -0.825099 
-0.523062 0.49011 -0.829614 1.07474 -0.623052 -0.989352 
-0.520088 0.581136 -1.08672 -1.56335 0.59226 1.54011 
-0.15089 -0.0682134 -0.317237 1.55737 -0.993346 4.53745 
0.463527 -0.099589 -0.545672 -1.61937 1.63518 0.923981 
-0.148664 0.0917277 -0.73626 -1.23124 1.15359 0.853764 
0.00861157 -0.00756156 0.502338 0.79122 -1.68266 -0.463664 
-0.468009 0.365898 -0.443526 0.695093 -0.949695 -0.495811 
0.0130639 -0.117924 0.383854 0.857632 -1.48698 -0.692079 
-0.465834 0.380165 -0.569565 0.846958 -0.829748 -0.712082 
0.0182852 -0.164652 0.212876 0.988295 -1.32124 -0.964698 
-0.463213 0.415592 -0.729191 1.09417 -0.727947 -1.03819 
0.693467 -0.141762 0.179001 -1.98717 1.90618 1.75111 
0.0241729 -0.151904 -0.0127115 1.19798 -1.21358 -1.31418 
-0.460028 0.487799 -0.951268 -1.65856 0.694708 1.60943 
0.0297112 -0.0771117 -0.308849 1.47572 -1.20735 4.53247 
-0.456866 0.6964 -1.41426 -1.16287 0.841019 0.941589 
0.0320488 0.082668 -0.726423 -1.38698 1.33187 0.904917 
0.186201 0.019876 0.473288 0.891834 -1.81518 -0.585602 
-0.405665 0.309865 -0.374532 0.757249 -1.01804 -0.586397 
0.19035 -0.0873652 0.354402 0.931114 -1.64784 -0.815483 
-0.403435 0.322604 -0.497437 0.893837 -0.912624 -0.788278 
0.195374 -0.13235 0.183556 1.02593 -1.50679 -1.071 
-0.400699 0.354432 -0.649801 1.10474 -0.823731 -1.07775 
0.20117 -0.118676 -0.0426253 1.18487 -1.41461 -1.38281 
0.206511 -0.0428621 -0.341214 -1.74176 1.40584 1.37295 
-0.393956 0.557558 -1.19341 -1.31653 0.889033 1.08548 
-1.03646 0.938837 -0.321372 -0.355305 -1.96267 0.862204 
-0.923269 0.837343 -0.795643 -0.307795 -1.38304 0.945641 
-1.03986 0.736873 -0.331174 -0.389498 -1.72427 0.930234 
-0.92605 0.861176 -1.03789 -0.392403 -1.14204 1.04535 
-1.17623 0.664952 -0.110396 -0.520722 -1.85638 0.957877 
-1.04437 0.616275 -0.466121 -0.467733 -1.44157 1.03934 
-1.18324 0.464901 -0.260596 -0.621721 -1.49659 1.14102 
-1.05049 0.608328 -0.764079 -0.646784 -1.12753 1.24967 
-1.19233 0.458992 -0.670941 -0.904007 -1.14569 1.49581 
-0.844924 0.584332 -0.412975 -0.182606 -1.37483 0.717708 
-0.927172 0.436063 0.116183 -0.247789 -1.70271 0.697159 
-0.846996 0.553817 -0.573518 -0.235471 -1.12886 0.757756 
-1.04296 0.273848 0.453414 -0.364742 -1.81776 0.70602 
-0.931023 0.274117 -0.00706894 -0.308963 -1.35146 0.763611 
-0.850042 0.585563 -0.826235 -0.353609 -0.844629 0.86102 
-1.04979 -0.00499189 0.293716 -0.467186 -1.32141 0.870914 
-0.937076 0.217923 -0.251873 -0.473313 -0.982425 0.920777 
-0.854826 0.799812 -1.38818 -0.804457 -0.482347 1.31655 
-1.06134 -0.0552528 -0.0770424 -0.813124 -0.902831 1.24159 
-0.946254 0.296051 -0.669723 -0.957963 -0.663119 1.40425 
-1.07406 0.148711 -0.751098 -1.61849 -0.801845 2.09326 
-0.749749 0.385773 -0.14234 -0.0333592 -1.33912 0.494869 
-0.766391 0.173201 0.449132 -0.05184 -1.64365 0.463289 
-0.750679 0.338552 -0.288331 -0.049449 -1.07151 0.477433 
-0.795627 -0.131529 0.881717 -0.0895945 -1.67386 0.437585 
-0.767879 -0.0221585 0.314965 -0.0765963 -1.21601 0.4514 
-0.752063 0.341693 -0.499178 -0.0907391 -0.76601 0.477578 
-0.799738 -0.479083 0.67039 -0.155401 -0.984572 0.476145 
-0.771228 -0.0892169 0.064932 -0.157393 -0.76727 0.482844 
-0.754415 0.416086 -0.814827 -0.255273 -0.396599 0.593288 
-0.806641 -0.485002 0.253568 -0.489614 -0.403896 0.758363 
-0.775696 -0.0310314 -0.314241 -0.590007 -0.290749 0.85558 
-0.807851 -0.27258 -0.362967 0.566448 0.372654 -0.373768 
-0.776243 0.221531 -0.974334 0.378788 0.466104 -0.190715 
-0.636078 0.220448 0.0584942 0.134355 -1.30959 0.267816 
-0.537764 -0.0639012 0.692773 0.197602 -1.59111 0.192189 
-0.635188 0.165666 -0.0867548 0.165145 -1.03387 0.18438 
-0.535893 -0.277012 0.532101 0.242287 -1.12456 0.0490253 
-0.634332 0.161049 -0.289139 0.231169 -0.729187 0.0568387 
-0.321866 -0.870808 0.860446 0.553785 -0.830734 -0.427896 
-0.533537 -0.330297 0.258827 0.391414 -0.679528 -0.193957 
-0.633401 0.216761 -0.571306 0.460411 -0.381337 -0.24846 
-0.312889 -0.762239 0.388318 1.22083 -0.497183 -1.22409 
-0.53003 -0.253955 -0.126804 1.13333 -0.307457 -1.04265 
-0.631689 0.389839 -1.04039 2.2282 -0.239287 -2.1194 
-0.301756 -0.48828 -0.236372 -0.975014 0.681138 0.812821 
-0.524585 -0.0258401 -0.709239 -0.656891 0.566857 0.604955 
-0.501461 0.082944 0.208508 0.309635 -1.31052 0.0384986 
-0.232806 -0.230096 0.829059 0.479305 -1.61741 -0.122604 
-0.49911 0.0265122 0.0582354 0.381948 -1.04725 -0.105187 
-0.227038 -0.444703 0.646126 0.581539 -1.19496 -0.402418 
-0.496386 0.0224973 -0.145951 0.531213 -0.777996 -0.33223 
0.323629 -0.854216 0.848511 0.93425 -1.36838 -1.08155 
-0.220075 -0.472744 0.35134 0.842975 -0.8723 -0.80093 
-0.493163 0.0759265 -0.419186 0.904236 -0.526638 -0.797878 
-0.211905 -0.373309 -0.0442965 -1.77695 0.716591 1.67758 
-0.489075 0.21809 -0.824287 1.78325 -0.472302 4.48293 
-0.204439 -0.141053 -0.607959 -1.18162 0.871458 0.896586 
-0.346422 -0.0220922 0.311836 0.476108 -1.35292 -0.183889 
-0.586216 0.728225 -1.26876 0.712391 -0.522977 -0.497217 
0.114791 -0.256713 0.844513 0.733136 -1.77926 -0.411988 
-0.343129 -0.0768516 0.155068 0.570359 -1.11648 -0.368366 
0.122218 -0.46308 0.654023 0.805656 -1.44554 -0.75186 
-0.33937 -0.0770247 -0.0526755 0.743122 -0.895768 -0.633325 
0.130638 -0.481733 0.353529 0.99447 -1.21906 -1.12577 
-0.334901 -0.0211077 -0.323608 1.07108 -0.720786 -1.06591 
0.147733 -0.139983 -0.610082 -1.52429 1.19671 0.983052 
-0.175074 -0.0880772 0.371279 0.618525 -1.43777 -0.387654 
-0.529451 0.586451 -1.05285 0.779728 -0.634147 -0.614966 
-0.171315 -0.139593 0.209201 0.711142 -1.23301 -0.590314 
0.439136 -0.32887 0.558655 0.915218 -1.75148 -0.957926 
-0.166975 -0.135547 -0.00190345 0.86671 -1.05354 -0.852346 
0.446539 -0.358949 0.268572 -2.13419 1.56497 1.84673 
-0.150899 0.490923 -1.53937 -1.19829 1.1183 0.642075 
0.00475277 -0.10796 0.386765 0.728656 -1.55788 -0.564631 
-0.469931 0.491266 -0.917764 0.837326 -0.724384 -0.719847 
0.00863262 -0.157022 0.222215 0.803405 -1.38016 -0.769989 
-0.468004 0.620942 -1.23097 1.135 -0.612181 -1.09745 
0.682078 -0.102375 0.369654 -2.17327 2.00476 -4.22865 
0.0130666 -0.150105 0.0090133 0.927373 -1.22883 -1.01582 
0.0183096 -0.0887376 -0.262519 1.11648 -1.12106 -1.3336 
0.0297106 0.436715 -1.44856 1.71634 -1.22369 3.86352 
0.182529 -0.0806302 0.359351 0.806971 -1.69595 -0.712659 
-0.407622 0.418941 -0.820403 0.879699 -0.808056 -0.808203 
0.186153 -0.12807 0.194689 0.856474 -1.5392 -0.91472 
-0.405572 0.516986 -1.07575 1.1012 -0.714738 -1.10529 
0.190364 -0.120084 -0.0191513 0.945778 -1.40558 -1.14278 
1.23345 1.46362 -1.92907 -2.55434 1.96668 -5.26666 
0.863833 0.22351 -0.607602 -2.1826 1.88236 1.26803 
0.20117 0.0798515 -0.671292 1.2808 -1.26984 4.48393 
-1.0339 0.869779 -0.318407 -0.304388 -1.93157 0.898393 
-0.920934 0.876679 -1.05797 -0.282775 -1.19753 0.999171 
-1.03649 0.694476 -0.369136 -0.329669 -1.68726 0.963223 
-1.17108 0.671883 -0.11567 -0.438812 -1.90874 0.977765 
-1.03986 0.608414 -0.550401 -0.390507 -1.40223 1.06185 
-1.17627 0.472982 -0.263112 -0.497775 -1.55472 1.12678 
-1.04437 0.656537 -0.929209 -0.535102 -1.0693 1.25194 
-1.18323 0.463101 -0.660908 -0.680852 -1.17503 1.39068 
-0.922989 0.602402 0.12567 -0.196395 -1.98159 0.698899 
-0.843411 0.569598 -0.590556 -0.164317 -1.23135 0.757063 
-0.924402 0.382709 0.078033 -0.20848 -1.67318 0.735763 
-0.844922 0.605986 -0.847308 -0.21757 -0.970099 0.806061 
-1.03776 0.285272 0.445688 -0.305708 -1.89822 0.734687 
-0.92708 0.256485 -0.0828961 -0.252596 -1.3356 0.790425 
-0.846992 0.843168 -1.44481 -0.398897 -0.572636 0.995839 
-1.04204 0.00706075 0.29075 -0.357364 -1.4146 0.855723 
-0.931017 0.238706 -0.368033 -0.366184 -0.976581 0.905634 
-1.0498 -0.0487431 -0.0677164 -0.558856 -0.966862 1.08828 
-0.937064 0.371874 -0.860422 -0.731874 -0.603419 1.28111 
-0.764872 0.381078 0.459442 -0.0361407 -1.99451 0.513878 
-0.74937 0.35548 -0.302707 -0.0282134 -1.20663 0.524835 
-0.765377 0.109527 0.4072 -0.039996 -1.6128 0.499289 
-0.749887 0.361665 -0.51403 -0.0404687 -0.943638 0.511032 
-0.792927 -0.110667 0.872053 -0.0670546 -1.78366 0.475527 
-0.766049 -0.0406503 0.236373 -0.054354 -1.21758 0.485668 
-0.750578 0.437603 -0.826059 -0.0730628 -0.633611 0.512473 
-0.794885 -0.458888 0.667809 -0.0972706 -1.13471 0.487576 
-0.767994 -0.0676752 -0.0454881 -0.099509 -0.811647 0.493434 
-0.800276 -0.473628 0.263579 -0.234691 -0.590521 0.585802 
-0.771351 0.028436 -0.463733 -0.31001 -0.366049 0.659767 
-0.775698 0.43052 -1.37518 0.435433 0.388476 -0.121354 
-0.541479 0.191652 0.708606 0.177774 -1.99701 0.320177 
-0.636945 0.182727 -0.0978803 0.127881 -1.17855 0.28269 
-0.539713 -0.135689 0.644688 0.178954 -1.55062 0.215089 
-0.636079 0.179691 -0.298209 0.163831 -0.916384 0.202429 
-0.537885 -0.292213 0.448967 0.219283 -1.12875 0.0937447 
-0.635188 0.234721 -0.573153 0.243857 -0.624642 0.0703149 
-0.328704 -0.851882 0.864085 0.431412 -0.962643 -0.26832 
-0.535875 -0.30398 0.149605 0.330368 -0.730948 -0.0947543 
-0.634332 0.391892 -1.00756 0.599003 -0.274144 -0.350809 
-0.321854 -0.757763 0.405227 0.815733 -0.561298 -0.765146 
-0.533537 -0.197407 -0.262731 0.778346 -0.348023 -0.630657 
-0.312687 -0.502258 -0.197296 1.84758 -0.48433 4.35504 
-0.530029 0.0847304 -0.93139 -0.718513 0.429598 0.743634 
-0.50347 0.0416545 0.0517519 0.295577 -1.17705 0.0306436 
-0.237745 -0.309881 0.7792 0.430795 -1.56458 -0.127028 
-0.5014 0.037384 -0.148023 0.375766 -0.931085 -0.11067 
-0.232811 -0.456905 0.560538 0.521392 -1.18066 -0.361906 
-0.49903 0.0879239 -0.411969 0.540341 -0.679108 -0.343802 
0.309563 -0.848563 0.857297 0.794486 -1.39455 -0.955259 
-0.227044 -0.44468 0.243393 0.729664 -0.873465 -0.687148 
-0.496386 0.215575 -0.787513 0.983927 -0.441149 -0.872541 
-0.211908 -0.0431126 -0.80759 -1.27715 0.736455 1.01952 
-0.349392 -0.0648055 0.153302 0.45649 -1.21697 -0.218981 
0.108484 -0.340134 0.796345 0.654414 -1.72003 -0.45275 
-0.346422 -0.0662909 -0.0498055 0.561142 -0.998905 -0.400757 
0.114838 -0.478689 0.570378 0.725606 -1.406 -0.740597 
-0.34313 -0.0143728 -0.310945 0.747624 -0.794621 -0.670044 
0.122136 -0.4578 0.247803 0.886735 -1.17678 -1.06199 
-0.339368 0.105749 -0.666011 1.11115 -0.630272 -1.13311 
-0.334901 0.454879 -1.41169 1.86171 -0.64898 4.22969 
-0.17852 -0.131041 0.210982 0.591236 -1.30136 -0.449558 
0.427172 -0.21236 0.695684 0.812545 -1.95431 -0.681206 
-0.175099 -0.128701 0.00434252 0.695068 -1.11353 -0.646735 
0.432738 -0.352511 0.481441 0.816252 -1.6963 -0.983452 
-0.171315 -0.0737378 -0.257167 0.861063 -0.947311 -0.909148 
-0.167001 0.0455048 -0.604843 -2.00912 0.821157 1.84819 
1.01571 -0.0533999 -0.0880287 -2.28393 1.99482 -4.81871 
-0.161921 0.330532 -1.22949 1.59824 -0.801279 4.34629 
0.00125198 -0.151477 0.226264 0.688865 -1.42221 -0.649667 
0.00478089 -0.146595 0.0176296 0.774715 -1.2579 -0.845508 
0.00861285 -0.0891538 -0.245343 0.905816 -1.11544 -1.08728 
0.687564 -0.0154849 -0.441415 -2.20787 1.60012 -4.88577 
0.0182795 0.309524 -1.20161 1.42983 -0.956434 4.3478 
0.693467 0.40705 -1.36674 -2.08148 1.42821 0.862963 
0.179269 -0.125092 0.200423 0.750243 -1.56163 -0.816945 
0.182551 -0.11923 -0.00902731 0.811986 -1.41293 -1.00644 
-1.21143 1.32307 -0.38759 -1.59744 -1.59042 0.635025 
-1.0497 1.33335 -0.41108 -1.46796 -1.49318 0.644538 
-0.894459 1.38114 -0.517717 -1.35248 -1.38769 0.687246 
-0.752039 1.47883 -0.726324 -1.26973 -1.26407 0.771403 
-1.2059 0.873738 -0.126694 -1.74389 -1.19692 0.925897 
-1.04226 0.976013 -0.179672 -1.61273 -1.07509 0.885894 
-0.885357 1.11959 -0.321168 -1.49842 -0.965349 0.881733 
-0.742288 1.31157 -0.57189 -1.4354 -0.85707 0.941723 
-1.03409 0.7208 -0.151787 1.0839 1.02507 4.46831 
-0.736893 1.20425 -0.525636 -1.87821 -0.760552 1.31847 
-1.18785 0.465552 -0.429538 0.709033 1.49919 -1.39684 
-0.731294 1.11747 -0.504496 0.915005 0.7905 -1.51437 
-1.18064 0.611749 -1.05748 0.616062 1.92223 -1.0947 
-1.01936 0.498418 -0.483204 0.565872 1.45043 -1.21815 
-0.865944 0.67976 -0.337541 0.611133 1.09499 -1.27572 
-1.01414 0.581466 -0.91104 0.481954 1.77942 -1.028 
-0.861201 0.614941 -0.452897 0.472613 1.27242 -1.11566 
-0.722134 0.973488 -0.495537 -2.60583 -0.93232 1.98524 
-0.857487 0.599823 -0.634891 0.388096 1.47306 -0.999309 
-0.718861 0.914408 -0.508792 0.431375 1.01464 -1.05094 
-0.854561 0.657167 -0.924207 0.340134 1.70924 -0.901507 
-0.716266 0.864415 -0.535352 0.356633 1.10155 -0.972504 
-1.08242 0.555943 0.444591 -1.37849 -0.980754 0.610338 
-0.922288 0.763548 0.235931 -1.22802 -0.897784 0.583786 
-0.79324 0.982316 -0.0401715 -1.14404 -0.808622 0.617934 
-0.690303 1.22977 -0.405311 -1.14978 -0.700571 0.73504 
-0.785458 0.772852 0.0145658 -1.68766 -0.580551 1.14266 
-0.684038 1.11843 -0.359989 -1.67752 -0.511653 1.21365 
-1.05933 -0.0250739 0.143211 0.638192 1.16272 -1.23239 
-0.903517 0.241458 0.164775 0.720112 0.843836 -1.3073 
-0.778244 0.607914 0.00628066 0.860243 0.619966 -1.41231 
-1.05086 0.0280802 -0.322867 0.465398 1.57363 -0.979856 
-0.896639 0.152717 -0.0519847 0.458192 1.15137 -1.01796 
-0.772761 0.485669 -0.0542139 0.524824 0.803244 -1.07754 
-0.891609 0.181082 -0.390544 0.346618 1.49041 -0.869236 
-0.768747 0.407095 -0.164531 0.362682 1.02323 -0.911812 
-0.670671 0.880587 -0.336849 0.427424 0.711198 -0.952563 
-0.887975 0.375802 -0.960912 0.309913 1.89199 -0.751335 
-0.765714 0.375223 -0.328276 0.276147 1.25282 -0.816769 
-0.66826 0.819809 -0.352439 0.320983 0.823367 -0.854275 
-0.763413 0.396577 -0.558592 0.228332 1.49048 -0.754095 
-0.666421 0.767596 -0.379853 0.253678 0.933688 -0.792279 
-0.834595 1.06391 0.605409 -0.444136 -1.65982 -0.0422763 
-0.731306 1.06965 0.359242 -0.341784 -1.43701 0.047703 
-0.665826 1.15212 0.0484887 -0.292279 -1.21505 0.104779 
-0.621623 1.30559 -0.347114 -0.277822 -0.976741 0.158296 
-0.850814 0.30242 0.883761 -0.806223 -0.907784 0.258419 
-0.745541 0.613738 0.550254 -0.69732 -0.863962 0.239804 
-0.678467 0.88426 0.177058 -0.67686 -0.765777 0.297723 
-0.632402 1.16839 -0.271727 -0.744207 -0.623915 0.434897 
-0.670079 0.649818 0.236439 -1.08936 -0.369259 0.705044 
-0.625736 1.05239 -0.224572 -1.16978 -0.317613 0.825898 
-0.821718 -0.484977 0.51394 0.402589 0.938509 -0.791209 
-0.724657 -0.0431185 0.47604 0.533913 0.53464 -0.934806 
-0.662498 0.461956 0.228991 -2.29196 -0.299145 1.9005 
-0.619592 0.957789 -0.204554 -2.15858 -0.236188 1.79152 
-0.813119 -0.386276 0.0321418 0.247087 1.40444 -0.62939 
-0.718725 -0.140849 0.24475 0.243353 0.937508 -0.650308 
-0.65809 0.323126 0.166819 0.31738 0.550107 -0.724857 
-0.616131 0.876146 -0.198919 -2.73224 -0.362218 2.34046 
-0.807907 -0.0888436 -0.68176 0.206859 1.89427 -0.552845 
-0.715163 -0.112194 -0.0877297 0.160909 1.31854 -0.574945 
-0.655519 0.233762 0.055089 0.176218 0.826703 -0.600468 
-0.614168 0.804009 -0.204796 0.226291 0.51509 -0.640953 
-0.712844 0.0382011 -0.558842 0.131125 1.70064 -0.540609 
-0.653536 0.193185 -0.103804 0.119861 1.08809 -0.557996 
-0.612952 0.740345 -0.221486 0.150725 0.657148 -0.584669 
-0.652306 0.202909 -0.317334 0.0935172 1.34084 -0.541042 
-0.612109 0.685324 -0.249409 0.110614 0.789405 -0.560182 
-0.326672 1.15009 0.78562 0.387935 -1.91071 0.135408 
-0.449152 1.05731 0.537369 0.242254 -1.59399 0.00573326 
-0.510896 1.10694 0.196435 0.186869 -1.30786 -0.0493661 
-0.547527 1.26433 -0.249026 0.168809 -1.0217 -0.0887207 
-0.460412 0.525664 0.770127 0.16068 -0.988254 -0.142728 
-0.518998 0.82031 0.341761 0.103928 -0.85316 -0.140304 
-0.553925 1.12334 -0.160663 0.0738653 -0.65306 -0.14116 
-0.464003 0.0150345 0.822486 0.380498 -0.272215 -0.480881 
-0.521099 0.559386 0.40665 0.139048 -0.387791 -0.273543 
-0.555427 1.00467 -0.11613 0.0776157 -0.308565 -0.237443 
-0.352409 -0.852676 0.707757 -0.230169 0.954681 0.0625596 
-0.462989 -0.287147 0.692072 -0.286587 0.394978 0.113956 
-0.519722 0.346336 0.400545 -1.10549 0.0775771 0.912554 
-0.554013 0.904861 -0.0955939 1.00115 -0.0533852 -1.21641 
-0.354035 -0.663227 0.195004 -0.179256 1.41069 -0.0641407 
-0.462714 -0.377258 0.438009 -0.146859 0.871778 -0.0863788 
-0.518981 0.189377 0.336712 -0.200494 0.404068 -0.0416299 
-0.553171 0.818279 -0.0897087 -0.293312 0.200729 0.0340162 
-0.356304 -0.340199 -0.485653 -0.168399 1.86287 -0.164288 
-0.463318 -0.330651 0.0958488 -0.111706 1.26517 -0.174457 
-0.519043 0.0902621 0.22178 -0.118507 0.715607 -0.166444 
-0.552696 0.739117 -0.0924753 -0.159806 0.38005 -0.136317 
-0.464296 -0.177925 -0.352753 -0.0976027 1.63425 -0.238916 
-0.51946 0.0451911 0.0604197 -0.0864289 0.995781 -0.23504 
-0.552969 0.672736 -0.110295 -0.112967 0.537928 -0.214523 
-0.519963 0.051337 -0.14904 -0.0696656 1.25632 -0.283193 
-0.553322 0.614705 -0.13852 -0.0846152 0.681453 -0.269275 
-0.0976198 1.0638 0.604846 0.797414 -1.63927 0.0699184 
-0.339626 1.08522 0.286835 0.561977 -1.402 -0.105399 
-0.476154 1.23565 -0.178373 0.470021 -1.10486 -0.224494 
-0.102518 0.503681 0.852445 0.82 -1.16691 -0.279654 
-0.342977 0.789156 0.437487 0.605748 -1.02635 -0.317866 
-0.478337 1.09839 -0.0938154 0.537059 -0.807547 -0.405502 
-0.112105 -0.0790361 0.925175 -1.86067 0.663625 2.11068 
-0.348774 0.505375 0.514928 0.795532 -0.629586 -0.663702 
-0.481717 0.974023 -0.0386639 0.688182 -0.516617 -0.667544 
0.31042 -0.856594 0.716731 -0.81144 1.35156 0.872835 
-0.121094 -0.418355 0.792368 -0.934052 0.693571 0.998631 
-0.353439 0.266362 0.51716 -1.6516 0.377201 -4.61599 
-0.484729 0.867241 -0.0126663 1.13687 -0.307966 -1.2018 
0.296001 -0.675516 0.207222 -0.669342 1.66327 0.562837 
-0.128434 -0.503167 0.527535 -0.556783 1.02577 0.499602 
-0.356977 0.0911082 0.454822 -0.788083 0.478781 0.71618 
-0.134432 -0.444182 0.179616 -0.422638 1.35671 0.265823 
-0.359942 -0.0180869 0.338756 -0.453345 0.731894 0.311402 
-0.488244 0.69195 -0.00625254 -0.681364 0.361491 0.50171 
-0.139482 -0.285119 -0.263436 -0.368163 1.68247 0.106538 
-0.362643 -0.0669649 0.175981 -0.319095 0.991232 0.118291 
-0.489712 0.619537 -0.0210914 -0.443355 0.49221 0.22155 
-0.364891 -0.0621694 -0.0323734 -0.252913 1.2397 -0.000158323 
-0.491037 0.556751 -0.0475065 -0.318282 0.62566 0.060738 
0.797867 1.06009 0.576883 1.82466 -1.55415 0.0640483 
0.259269 1.05938 0.570064 1.28696 -1.58754 0.0561749 
-0.157662 1.07538 0.333514 0.875882 -1.46668 -0.124269 
-0.405854 1.21448 -0.123704 0.679217 -1.18591 -0.294324 
0.795082 0.338398 0.86416 1.87783 -1.44353 -6.77098 
0.255903 0.523932 0.809059 1.3351 -1.28027 -0.364773 
-0.160194 0.774327 0.486316 0.940241 -1.14906 -0.383256 
-0.407631 1.07732 -0.0394724 0.772675 -0.927358 -0.500072 
-0.166215 0.478634 0.57069 1.13738 -0.832593 -0.770092 
-0.411321 0.951199 0.0174212 0.931944 -0.679563 -0.773454 
-0.172922 0.222853 0.580519 -1.55405 0.64151 -4.51566 
-0.415206 0.839066 0.0501379 1.23307 -0.496112 -1.17009 
0.765034 -0.421431 0.073103 -0.872035 1.95225 1.0107 
0.226666 -0.472046 0.513419 -0.790701 1.30025 0.932194 
-0.178711 0.0334452 0.522201 -1.02342 0.677592 1.11853 
0.218462 -0.424205 0.171708 -0.663373 1.55292 0.653395 
-0.183534 -0.0838792 0.407037 -0.694205 0.855174 0.694842 
-0.421023 0.652691 0.0649432 -1.03643 0.439091 0.965871 
0.211515 -0.271966 -0.267973 -0.612741 1.82236 0.434315 
-0.187656 -0.136121 0.244017 -0.522596 1.07043 0.44334 
-0.423319 0.57538 0.0526285 -0.736345 0.51944 0.615983 
-0.191262 -0.132512 0.036514 -0.427824 1.29038 0.276404 
-0.425361 0.508275 0.0280722 -0.547772 0.624546 0.38439 
1.02949 1.101 0.220518 2.13581 -1.70635 -6.49319 
0.552419 1.06054 0.439355 1.67273 -1.57802 -0.0705369 
0.0279848 1.0748 0.338323 1.1532 -1.5064 -0.144026 
-0.335706 1.19752 -0.0788209 0.837708 -1.25658 -0.33062 
0.549994 0.586661 0.655839 1.72981 -1.39323 -6.75199 
0.0255206 0.773492 0.492124 1.22057 -1.2345 -0.429995 
-0.337709 1.05901 0.0057984 0.935954 -1.01501 -0.54834 
0.543293 0.126597 0.72449 -1.23156 1.30718 -4.15141 
0.0196048 0.47633 0.579278 1.39921 -0.989166 -0.821595 
-0.341229 0.931478 0.0639168 1.0865 -0.793623 -0.816601 
0.0123286 0.215433 0.59435 -1.41987 0.859953 -4.46368 
-0.345361 0.816293 0.0999333 1.32246 -0.632347 -1.15136 
0.526773 -0.304077 0.399896 -0.859731 1.55747 1.23524 
0.00609815 0.0208372 0.540505 2.07131 -0.889737 -1.81097 
0.519786 -0.281432 0.0733107 -0.783916 1.76549 0.952901 
0.000853206 -0.101676 0.427775 -0.817433 1.02489 0.962148 
-0.352015 0.62153 0.121426 -1.19205 0.5438 1.22119 
0.51389 -0.144085 -0.366879 -0.774488 1.99703 0.697828 
-0.00386573 -0.15716 0.266722 -0.66344 1.20164 0.708801 
-0.354689 0.539994 0.111593 -0.925495 0.588681 0.900059 
-0.00798386 -0.155963 0.0611512 -0.569234 1.3904 0.523182 
-0.357103 0.469002 0.0889729 -0.726375 0.665715 0.652792 
0.207777 1.08129 0.303372 1.398 -1.53846 -0.183324 
-0.264631 1.1845 -0.0433618 0.968456 -1.31679 -0.350366 
0.205394 0.786988 0.45484 1.46835 -1.30619 -0.481538 
-0.267184 1.04376 0.0424639 1.06685 -1.08425 -0.577589 
0.758835 0.32492 0.475875 -1.03386 1.5113 -4.12658 
0.199708 0.498864 0.542074 1.62245 -1.12161 -0.857323 
-0.270462 0.915247 0.101024 1.20897 -0.879871 -0.841379 
-0.274586 0.797834 0.139196 1.40763 -0.735539 -1.14072 
0.741906 -0.0533059 -0.120068 -0.817825 1.95049 1.16523 
0.181921 -0.0707147 0.402463 -0.864268 1.20178 1.15638 
0.17732 -0.129409 0.245532 -0.743893 1.35162 0.919404 
0.17326 -0.13138 0.0428078 -0.666982 1.51628 0.731194 
-0.286738 0.438029 0.136719 -0.84492 0.729705 0.856604 
0.372658 1.09934 0.22759 1.60983 -1.58051 -0.243686 
-0.192393 1.17514 -0.0171638 1.08318 -1.36839 -0.362289 
0.370536 0.816748 0.37604 1.6826 -1.38072 -0.539711 
-0.19423 1.03447 0.0671991 1.18272 -1.14113 -0.597584 
0.910797 0.54717 0.152856 -0.896999 1.69479 -4.1365 
-0.198648 0.90269 0.129008 1.3154 -0.950169 -0.857851 
-0.202646 0.784403 0.167944 1.49017 -0.821692 -1.13444 
0.34951 0.00309423 0.333365 -0.863827 1.36421 1.30387 
0.345529 -0.0574947 0.181694 -0.77831 1.49952 1.08753 
-0.212187 0.491567 0.19184 -1.07197 0.757392 1.21949 
0.341844 -0.0630135 -0.0173765 -0.724256 1.64742 0.904023 
-0.21468 0.414869 0.172356 -0.914306 0.803343 1.00742 
-1.20587 1.35116 -0.384592 -1.21699 -1.78305 0.572981 
-1.04255 1.25251 -0.328148 -1.08439 -1.67827 0.572343 
-0.885605 1.1977 -0.366093 -0.962439 -1.54493 0.599285 
-0.742364 1.19534 -0.499873 -0.867918 -1.38003 0.644077 
-1.21164 0.926864 -0.170664 -1.59354 -1.5947 0.814404 
-1.04972 0.938999 -0.193431 -1.4832 -1.47633 0.821085 
-0.894328 0.991073 -0.290763 -1.38485 -1.35484 0.85032 
-0.751993 1.08968 -0.474398 -1.31434 -1.22621 0.910651 
-1.04229 0.661659 -0.142987 -1.75807 -1.107 1.19745 
-0.885604 0.789499 -0.232432 -1.66565 -0.968463 1.17499 
-0.742557 0.965251 -0.416421 -1.60176 -0.847487 1.19382 
-1.19665 0.456869 -0.402008 0.907622 1.4409 -1.45153 
-1.03409 0.518232 -0.28435 0.942877 1.204 -1.49823 
-1.18778 0.595656 -1.02382 0.740844 1.84966 -1.08913 
-1.02606 0.495331 -0.57029 0.689908 1.47966 -1.20106 
-0.871863 0.603881 -0.422646 0.70959 1.18457 -1.24879 
-0.731292 0.848045 -0.488075 0.7576 0.961218 -1.27007 
-1.01937 0.664048 -1.13771 0.589694 1.86282 -0.952378 
-0.86594 0.589143 -0.611051 0.543866 1.4012 -1.06687 
-0.726272 0.81001 -0.541068 0.574106 1.08096 -1.10513 
-0.861204 0.645193 -0.900695 0.451788 1.64735 -0.929531 
-0.72213 0.782456 -0.605403 0.455567 1.1975 -0.9929 
-0.718859 0.76691 -0.685305 0.375974 1.31316 -0.912786 
-1.08254 1.15461 0.180299 -1.01152 -1.84468 0.216063 
-0.922381 1.08538 0.0868916 -0.838102 -1.70706 0.317494 
-0.793036 1.0681 -0.0826831 -0.719346 -1.53137 0.405218 
-0.690316 1.11577 -0.34012 -0.651347 -1.32745 0.487527 
-0.922387 0.377967 0.272024 -1.52552 -0.82829 1.03656 
-0.793324 0.617177 0.045236 -1.42453 -0.728267 1.0053 
-0.690319 0.875652 -0.261248 -1.4053 -0.639195 1.05974 
-1.0705 -0.0322151 0.165599 0.860095 1.10221 -1.34474 
-0.912537 0.191447 0.133191 -2.211 -0.863175 1.7346 
-1.05933 0.0174122 -0.303274 0.580675 1.49573 -0.995444 
-0.903508 0.136846 -0.126112 0.566613 1.16302 -1.02673 
-0.778246 0.393005 -0.1323 0.604432 0.886085 -1.06647 
-0.678275 0.745548 -0.325129 0.655833 0.701591 -1.09174 
-0.896691 0.207928 -0.520134 0.416343 1.52633 -0.840092 
-0.772777 0.360881 -0.302093 0.409419 1.13704 -0.876152 
-0.673896 0.703981 -0.376599 0.442642 0.852779 -0.901833 
-0.768727 0.383015 -0.535972 0.312176 1.39793 -0.772094 
-0.670668 0.673196 -0.43881 0.327324 0.999532 -0.801812 
-0.765725 0.482199 -0.880661 0.263519 1.68271 -0.698416 
-0.668272 0.65318 -0.513683 0.258082 1.13779 -0.742607 
-0.74548 0.993187 0.38821 -0.522591 -1.78252 0.137967 
-0.678424 0.973845 0.135516 -0.449369 -1.53179 0.246136 
-0.63274 1.04786 -0.205832 -0.42623 -1.27843 0.336815 
-0.834452 0.364644 0.889706 -0.462062 -1.28591 0.139948 
-0.731576 0.522094 0.592595 -0.374684 -1.14261 0.162254 
-0.666348 0.698427 0.258539 -0.331159 -0.982955 0.188333 
-0.621642 0.906704 -0.132999 -0.322359 -0.80014 0.228601 
-0.745543 0.123583 0.593031 -1.10643 -0.577768 0.773435 
-0.678482 0.475371 0.265724 -0.988396 -0.546646 0.686753 
-0.632428 0.802291 -0.131654 -1.03139 -0.479381 0.770346 
-0.83531 -0.498847 0.538085 0.634146 0.82244 -0.938113 
-0.734383 -0.102579 0.440468 0.804309 0.530959 -1.13018 
-0.669919 0.313226 0.207072 1.06371 0.374703 -1.38754 
-0.821714 -0.40095 0.0513437 0.334824 1.29251 -0.639908 
-0.724658 -0.160262 0.170377 0.331632 0.921384 -0.669538 
-0.662498 0.216568 0.0899735 0.390299 0.622151 -0.73677 
-0.619584 0.660746 -0.189911 0.458654 0.455854 -0.7973 
-0.813243 -0.103379 -0.66163 0.250559 1.80294 -0.529027 
-0.718726 -0.0923465 -0.203781 0.201459 1.32802 -0.553481 
-0.658088 0.176095 -0.07662 0.205169 0.928407 -0.575865 
-0.616132 0.615428 -0.240403 0.235656 0.650423 -0.604628 
-0.715175 0.114589 -0.756563 0.158484 1.75513 -0.50521 
-0.655208 0.187111 -0.293916 0.136648 1.21751 -0.527343 
-0.614169 0.581454 -0.30153 0.150536 0.829039 -0.545347 
-0.653883 0.258033 -0.587008 0.107673 1.50398 -0.510037 
-0.612946 0.558183 -0.374172 0.109621 0.9896 -0.525252 
-0.460218 0.955564 0.593855 0.139707 -1.86025 0.0936952 
-0.519001 0.902037 0.305542 0.0783343 -1.51933 0.067777 
-0.554006 0.987344 -0.0923822 0.0480662 -1.20628 0.0654219 
-0.449138 0.410203 0.803137 0.257826 -1.22423 -0.0893572 
-0.510559 0.616181 0.414024 0.21 -1.03994 -0.107432 
-0.547505 0.856485 -0.0389335 0.195993 -0.827188 -0.1336 
-0.460426 -0.0978481 0.82615 0.322693 -0.434687 -0.348173 
-0.518997 0.362113 0.438893 0.16524 -0.495117 -0.217514 
-0.554174 0.740718 -0.018955 0.109341 -0.413007 -0.182555 
-0.351467 -0.879694 0.735199 -0.28367 0.757985 0.158608 
-0.464003 -0.354253 0.652576 -0.342203 0.302143 0.214667 
-0.521103 0.17919 0.379881 -1.16625 0.0569405 1.02101 
-0.55542 0.656556 -0.039684 0.580043 -0.0431226 -0.743123 
-0.352475 -0.682259 0.214817 -0.196114 1.26998 -0.0132585 
-0.463004 -0.394704 0.360189 -0.149269 0.825417 -0.0498896 
-0.519722 0.0715441 0.258762 -0.157825 0.456365 -0.0498226 
-0.553983 0.591659 -0.0776545 -0.166209 0.269879 -0.0557624 
-0.353953 -0.355213 -0.467546 -0.180241 1.75966 -0.127152 
-0.462709 -0.308739 -0.0180906 -0.118073 1.25609 -0.144578 
-0.519641 0.0261908 0.0917489 -0.108228 0.807675 -0.151793 
-0.553146 0.54233 -0.127806 -0.118676 0.509506 -0.149947 
-0.463295 -0.113061 -0.523342 -0.106906 1.66443 -0.218247 
-0.519044 0.0343273 -0.124684 -0.0864503 1.116 -0.218015 
-0.553001 0.504629 -0.187803 -0.0924359 0.707423 -0.214739 
-0.519456 0.0953797 -0.397305 -0.0735628 1.40205 -0.269733 
-0.553185 0.477855 -0.258544 -0.0742969 0.879745 -0.264777 
-0.102518 0.949421 0.669932 0.777005 -1.8586 0.153241 
-0.342991 0.86029 0.40669 0.50869 -1.55935 -0.0330466 
-0.477868 0.946163 -0.016759 0.403481 -1.22929 -0.126676 
-0.0976245 0.365337 0.888646 0.820522 -1.35087 -0.229913 
-0.338894 0.564213 0.513855 0.612519 -1.1571 -0.275999 
-0.475823 0.819924 0.0297734 0.532684 -0.922631 -0.341885 
-0.102518 -0.198727 0.919281 1.18692 -0.811146 -0.921403 
-0.342832 0.292946 0.543018 0.822676 -0.727764 -0.651126 
-0.478305 0.706299 0.0497005 0.708202 -0.604536 -0.628839 
-0.482125 0.61222 0.0406137 1.19374 -0.344278 -1.21975 
0.31044 -0.688095 0.225313 -0.786588 1.57781 0.64058 
-0.121124 -0.512777 0.444577 -0.652631 1.00932 0.580364 
-0.353439 -0.0328639 0.372635 -0.778454 0.550233 0.708547 
-0.484769 0.539748 0.00840495 -1.02976 0.326927 0.921766 
0.295966 -0.368855 -0.450549 -0.722001 1.93391 0.332521 
-0.128439 -0.416845 0.0642934 -0.480925 1.35434 0.298986 
-0.356977 -0.083635 0.203653 -0.458042 0.831131 0.308446 
-0.486646 0.484262 -0.0381476 -0.559654 0.485398 0.389115 
-0.134374 -0.219368 -0.428641 -0.416576 1.70759 0.11036 
-0.360089 -0.0778595 -0.00914495 -0.332371 1.10976 0.115878 
-0.488247 0.441752 -0.0955424 -0.374528 0.659594 0.154174 
-0.362711 -0.0204387 -0.273316 -0.270876 1.37709 -0.00737181 
-0.489729 0.410923 -0.163826 -0.279942 0.822361 0.0182974 
0.795064 1.09671 0.555622 1.8307 -1.77792 0.208192 
0.255903 0.943495 0.636612 1.27605 -1.80116 0.136543 
-0.160196 0.840758 0.457832 0.829647 -1.61688 -0.0776445 
-0.407524 0.917052 0.038684 0.620144 -1.2909 -0.223984 
0.797858 0.384258 0.852612 1.81168 -1.65336 -6.60711 
0.259306 0.388454 0.844195 1.30164 -1.47834 -0.325786 
-0.157685 0.536228 0.564152 0.92565 -1.27407 -0.370586 
-0.405314 0.790505 0.0854768 0.750859 -1.02322 -0.451939 
-0.160176 0.255448 0.596195 1.14898 -0.940353 -0.792238 
-0.407382 0.675824 0.105468 0.947441 -0.758512 -0.760687 
0.247114 -0.423967 0.713978 1.93778 -1.16483 4.60739 
-0.411313 0.577767 0.100634 1.30653 -0.549923 -1.22845 
0.775773 -0.424699 0.0872827 -1.01325 1.92847 1.05458 
0.236433 -0.476839 0.427767 -0.910437 1.33131 0.982628 
-0.172922 -0.0918751 0.434478 -1.02275 0.776756 1.08051 
0.226664 -0.393928 0.0547691 -0.754612 1.57447 0.664974 
-0.178715 -0.148106 0.267664 -0.708287 0.966387 0.664645 
-0.418383 0.437937 0.0323924 -0.868214 0.555713 0.785524 
0.21842 -0.204187 -0.434437 -0.696178 1.85463 0.409407 
-0.18353 -0.14479 0.056736 -0.546432 1.19225 0.4161 
-0.42102 0.390667 -0.0216679 -0.620559 0.681438 0.480931 
-0.187656 -0.0895862 -0.202718 -0.458537 1.42469 0.245467 
-0.42332 0.355914 -0.0872972 -0.474446 0.818567 0.286828 
1.02817 1.13012 0.203792 2.08345 -1.91267 -0.0742344 
0.549922 0.952481 0.502446 1.63764 -1.79927 0.0183939 
0.0254975 0.837828 0.464605 1.10024 -1.6727 -0.107365 
-0.337382 0.894458 0.0844721 0.774583 -1.36132 -0.274458 
0.0279981 0.533284 0.569939 1.18922 -1.38494 -0.431253 
-0.335714 0.766894 0.129189 0.907294 -1.11303 -0.514552 
0.0255842 0.251381 0.602843 1.38705 -1.12419 -0.859769 
-0.33734 0.649742 0.150655 1.10005 -0.875161 -0.826005 
0.534849 -0.310147 0.315133 -0.985427 1.62362 1.24613 
0.0128089 -0.103574 0.448797 -1.08695 1.00988 1.27018 
0.526843 -0.252427 -0.045046 -0.894543 1.81095 0.932032 
0.00625298 -0.164019 0.285666 -0.844358 1.14747 0.907861 
-0.34897 0.400769 0.0876759 -1.02679 0.657603 1.02165 
0.00083116 -0.164012 0.0778093 -0.698575 1.32763 0.656739 
-0.352018 0.349511 0.0366774 -0.788104 0.74501 0.722112 
-0.00373536 -0.111906 -0.177967 -0.612791 1.52391 0.467597 
-0.35468 0.311223 -0.0263358 -0.629248 0.854133 0.510923 
0.205401 0.84908 0.428065 1.333 -1.7263 -0.146046 
-0.266475 0.877094 0.120724 0.898159 -1.42907 -0.303156 
0.765399 0.602391 0.439091 -1.23656 1.7604 2.64436 
0.207716 0.554002 0.53046 1.41574 -1.48893 -0.48007 
-0.264666 0.747853 0.164965 1.0315 -1.19299 -0.552409 
0.763619 0.250111 0.463422 -1.15876 1.70045 -4.0765 
0.205394 0.281604 0.563377 -1.56032 1.28766 2.24806 
-0.266358 0.628323 0.186988 1.21791 -0.970575 -0.865469 
-0.27032 0.524903 0.186339 -1.66579 0.809698 1.90179 
0.187049 -0.131866 0.26015 -0.90584 1.33257 1.08313 
0.181849 -0.13592 0.0562813 -0.792505 1.48212 0.845945 
-0.281443 0.316923 0.0818866 -0.88907 0.824849 0.891241 
0.177318 -0.0869343 -0.197376 -0.725008 1.65075 0.651386 
-0.28421 0.275934 0.0209507 -0.738417 0.913371 0.685172 
0.370534 0.875918 0.350056 1.52695 -1.78663 -0.198539 
-0.194492 0.864338 0.147726 1.00463 -1.49151 -0.321622 
0.915732 0.773864 0.116593 -1.09751 1.9246 -3.73581 
0.372653 0.59766 0.448024 1.60561 -1.59096 -0.524761 
-0.192523 0.733622 0.19165 1.13747 -1.2646 -0.577664 
0.914239 0.487487 0.13968 -1.03377 1.87988 -4.08942 
0.370531 0.342646 0.48019 -1.39787 1.43383 2.2307 
-0.194221 0.612042 0.214144 1.31716 -1.05315 -0.891082 
0.910914 0.296351 0.0348939 -0.968035 1.91635 -4.43951 
-0.198317 0.506752 0.21449 1.54877 -0.906635 -1.24299 
0.354137 -0.0568521 0.192658 -0.92104 1.50301 1.21852 
-0.206122 0.34838 0.162459 -1.12102 0.857521 1.2533 
0.349505 -0.0645429 -0.00701262 -0.841559 1.63481 0.996755 
-0.209424 0.292326 0.115405 -0.946083 0.908408 1.01295 
0.345203 -0.0189371 -0.259438 -0.79813 1.78406 0.802221 
-0.212182 0.249375 0.0560364 -0.810489 0.983504 0.819496 
-1.03417 1.18494 -0.297335 -0.931845 -1.91574 0.612186 
-0.878663 1.04489 -0.303918 -0.807062 -1.7399 0.65654 
-0.7369 0.986178 -0.445712 -0.718597 -1.5165 0.712452 
-1.2059 0.944205 -0.148019 -1.18776 -1.72154 0.734577 
-1.04207 0.869143 -0.146433 -1.07347 -1.58304 0.750434 
-0.885601 0.846306 -0.233529 -0.978407 -1.42096 0.780437 
-0.742382 0.884461 -0.415292 -0.915379 -1.23749 0.826262 
-1.04978 0.646485 -0.187806 -1.51359 -1.45548 1.10888 
-0.89446 0.709681 -0.285726 -1.45129 -1.31254 1.1313 
-0.752017 0.82433 -0.468454 -1.41383 -1.17257 1.1832 
-1.19674 0.570268 -0.97043 0.911552 1.72268 -1.09321 
-1.0341 0.497547 -0.658524 0.864797 1.45035 -1.17935 
-0.878745 0.563349 -0.549996 0.860599 1.21937 -1.21122 
-0.871859 0.618592 -0.846972 0.649467 1.50505 -0.985706 
-0.731293 0.733151 -0.716294 0.642028 1.22519 -1.02182 
-0.726258 0.755611 -0.859683 0.507434 1.40221 -0.902771 
-0.722133 0.805466 -1.04454 0.422369 1.57532 -0.814244 
-0.912538 1.00676 0.120251 -0.71678 -1.95353 0.37486 
-0.785447 0.902119 -0.0221987 -0.583001 -1.71557 0.472793 
-0.68419 0.896979 -0.285694 -0.512787 -1.44739 0.548531 
-1.08242 0.655369 0.420217 -0.966703 -1.70162 0.437119 
-0.922352 0.639046 0.267991 -0.828807 -1.52816 0.513815 
-0.793749 0.683894 0.0450571 -0.743307 -1.33966 0.577683 
-0.690387 0.792282 -0.259206 -0.705093 -1.13808 0.64858 
-1.07044 0.00236487 -0.272203 0.758666 1.38342 -1.03666 
-0.912538 0.128016 -0.201135 0.737795 1.13352 -1.05692 
-0.785473 0.337684 -0.248906 0.74735 0.928141 -1.07434 
-0.68404 0.61377 -0.423691 0.758964 0.785856 -1.06996 
-1.05931 0.390212 -1.22448 0.629644 1.95062 -0.682573 
-0.903613 0.246842 -0.664462 0.515773 1.53157 -0.803086 
-0.778268 0.358806 -0.491449 0.487636 1.22369 -0.833644 
-0.678279 0.608998 -0.533115 0.489136 0.993085 -0.843301 
-0.772779 0.456531 -0.836681 0.369422 1.54458 -0.706043 
-0.67391 0.619775 -0.657222 0.355284 1.18963 -0.73712 
-0.670675 0.648631 -0.804985 0.279499 1.37291 -0.676868 
-0.6699 0.789151 0.199554 -0.328312 -1.69067 0.314158 
-0.625523 0.819533 -0.153331 -0.297932 -1.37449 0.384525 
-0.85081 0.449116 0.851118 -0.613682 -1.72704 0.202858 
-0.745942 0.45232 0.58904 -0.512636 -1.48653 0.306552 
-0.678551 0.548121 0.264722 -0.472592 -1.26581 0.379603 
-0.632412 0.712116 -0.130062 -0.475478 -1.04422 0.460106 
-0.834622 -0.293273 0.898177 -0.694826 -0.731794 0.554704 
-0.731338 0.0469339 0.598611 -0.530185 -0.717698 0.415833 
-0.666161 0.330255 0.263791 -0.465103 -0.647141 0.380815 
-0.621632 0.606828 -0.12753 -0.468523 -0.527444 0.412265 
-0.850811 -0.510902 0.572722 1.05896 0.710863 -1.2449 
-0.835328 -0.419539 0.080101 0.497386 1.1438 -0.695314 
-0.734372 -0.170961 0.0950487 0.501307 0.865205 -0.741373 
-0.669908 0.151754 -0.0248198 0.551718 0.65701 -0.808259 
-0.625508 0.51805 -0.284096 0.589913 0.543744 -0.844921 
-0.821843 -0.123368 -0.632147 0.323495 1.6771 -0.509259 
-0.724659 -0.0642196 -0.327059 0.272073 1.30525 -0.537327 
-0.662497 0.161843 -0.25205 0.266809 0.999002 -0.560983 
-0.619584 0.506941 -0.385952 0.280203 0.784023 -0.581104 
-0.718754 0.226153 -1.01333 0.201228 1.80953 -0.456383 
-0.658088 0.233227 -0.548293 0.16852 1.336 -0.491394 
-0.61613 0.511625 -0.501444 0.167739 1.00841 -0.505819 
-0.655521 0.404773 -0.996195 0.130388 1.69812 -0.463818 
-0.614168 0.531429 -0.634411 0.118499 1.20864 -0.485377 
-0.521075 0.698096 0.373053 0.0525372 -1.65256 0.148996 
-0.555334 0.746415 -0.0386278 0.0246124 -1.28866 0.156776 
-0.460423 0.299704 0.820796 0.135221 -1.43524 0.0353304 
-0.518995 0.430609 0.437906 0.084585 -1.18137 0.0396404 
-0.554073 0.63756 -0.0190912 0.0559934 -0.930149 0.0489888 
-0.449151 -0.180277 0.810928 0.396728 -0.669594 -0.317379 
-0.510898 0.205285 0.420405 0.302205 -0.647293 -0.244468 
-0.547621 0.543352 -0.0330533 0.288342 -0.528305 -0.250813 
-0.343952 -0.906233 0.771784 -0.516695 0.512454 0.443034 
-0.460424 -0.401699 0.60957 2.23346 -0.169331 3.98893 
-0.518997 0.0589153 0.317958 0.874751 -0.101695 -0.944015 
-0.554017 0.475113 -0.0834724 0.507937 -0.0923182 -0.588688 
-0.351373 -0.708009 0.244872 -0.221575 1.06652 0.0585117 
-0.464005 -0.404367 0.283306 -0.153622 0.710806 0.003663 
-0.520945 -0.0010448 0.145115 -0.122915 0.439921 -0.0333594 
-0.555419 0.43778 -0.166028 -0.077642 0.309919 -0.0895477 
-0.352423 -0.376495 -0.440483 -0.18745 1.61332 -0.0801017 
-0.462993 -0.280972 -0.135645 -0.117321 1.20425 -0.109342 
-0.519815 0.00652152 -0.0794965 -0.0918241 0.856669 -0.131456 
-0.554011 0.422873 -0.265596 -0.0769665 0.624487 -0.153419 
-0.462562 -0.0328034 -0.718227 -0.112783 1.6775 -0.193569 
-0.518985 0.0704017 -0.360004 -0.083672 1.21365 -0.197107 
-0.553168 0.423168 -0.376591 -0.0751961 0.875851 -0.205507 
-0.519038 0.203703 -0.734076 -0.0776432 1.55459 -0.254732 
-0.553018 0.437063 -0.501279 -0.0677495 1.08732 -0.253594 
-0.348776 0.634845 0.483821 0.435854 -1.65841 0.0147647 
-0.48212 0.695121 0.0392131 0.334633 -1.27252 -0.054683 
-0.102519 0.227726 0.913572 0.739104 -1.50825 -0.175872 
-0.342802 0.353941 0.54201 0.54176 -1.23742 -0.221185 
-0.478319 0.587794 0.0516543 0.466137 -0.965961 -0.263615 
-0.0976231 -0.292095 0.897344 1.06177 -0.957142 -0.80107 
-0.339626 0.120506 0.51895 0.802322 -0.819206 -0.614949 
-0.475927 0.496599 0.0349561 0.717898 -0.662807 -0.602903 
-0.478322 0.425778 -0.00912674 1.22494 -0.403864 -1.21235 
0.327209 -0.70378 0.25167 -0.95525 1.47088 0.760049 
-0.112166 -0.512467 0.361427 -0.80619 0.957857 0.718219 
-0.348774 -0.104742 0.252169 -0.870514 0.582317 0.80684 
-0.482124 0.380125 -0.0809652 -0.983183 0.38684 0.900045 
0.310313 -0.38533 -0.42476 -0.818897 1.82011 0.389369 
-0.121143 -0.383762 -0.053972 -0.559934 1.3147 0.351287 
-0.353439 -0.102113 0.031629 -0.494251 0.885134 0.338323 
-0.484781 0.357966 -0.173405 -0.509846 0.598589 0.349103 
-0.128263 -0.140045 -0.614662 -0.474084 1.71253 0.115269 
-0.357328 -0.0431316 -0.238487 -0.356838 1.2007 0.121238 
-0.486677 0.352553 -0.278629 -0.343735 0.822904 0.121749 
-0.360394 0.0760992 -0.584144 -0.296676 1.51029 -0.0186541 
-0.488261 0.361141 -0.396856 -0.265585 1.02305 -0.00633235 
0.786848 1.12951 0.53752 1.83387 -1.99089 0.3489 
0.247137 0.818268 0.69811 1.22739 -1.99623 0.189372 
-0.16622 0.601601 0.541566 0.744903 -1.71067 -0.0704558 
-0.411249 0.655207 0.099497 0.548509 -1.31584 -0.187918 
0.255902 0.25401 0.86931 1.20717 -1.65105 -0.300649 
-0.160177 0.312965 0.595388 0.854785 -1.35518 -0.369021 
-0.407484 0.549363 0.107294 0.697895 -1.05355 -0.422277 
-0.15768 0.0733292 0.570637 1.10167 -1.02873 -0.794227 
-0.405855 0.458096 0.0897815 0.941941 -0.80373 -0.761949 
0.255914 -0.456169 0.654601 -1.39539 1.24101 -4.70485 
0.786851 -0.428785 0.107677 -1.19814 1.89897 1.11582 
0.247145 -0.470576 0.340194 -1.07658 1.34296 1.06408 
-0.166215 -0.160517 0.306912 -1.10675 0.849082 1.12079 
-0.411276 0.335598 -0.0184695 -1.23884 0.562855 1.2189 
0.236408 -0.356575 -0.0664455 -0.874723 1.56814 0.68985 
-0.172923 -0.162668 0.0914361 -0.766661 1.04012 0.671219 
-0.415205 0.307588 -0.104063 -0.801593 0.675249 0.699318 
0.226506 -0.122 -0.622862 -0.797689 1.86552 0.378528 
-0.178705 -0.107524 -0.172762 -0.591565 1.28677 0.397805 
-0.418392 0.296821 -0.203366 -0.57068 0.844128 0.40174 
-0.183508 0.00558064 -0.505829 -0.504029 1.55024 0.206394 
-0.421026 0.30045 -0.315569 -0.445792 1.0149 0.221257 
0.543288 0.836915 0.56179 1.56967 -1.99726 0.0723715 
0.0195785 0.594238 0.551443 1.00068 -1.78092 -0.129047 
-0.340917 0.62419 0.147796 0.697947 -1.38105 -0.267461 
0.549902 0.358758 0.708402 1.54463 -1.80719 -6.66334 
0.0256013 0.30716 0.602125 1.0962 -1.49165 -0.457142 
-0.337191 0.518324 0.153077 0.848373 -1.1481 -0.508785 
0.0280279 0.0678771 0.576463 1.30671 -1.23621 -0.881379 
-0.335704 0.425953 0.134727 1.08144 -0.928285 -0.844219 
-0.337341 0.351747 0.0932703 1.42076 -0.76413 -1.29072 
0.0196402 -0.169513 0.316983 -1.1729 1.10345 1.26424 
0.535258 -0.214637 -0.170165 -1.03813 1.83278 0.913773 
0.0126041 -0.175598 0.106114 -0.915469 1.23659 0.881947 
-0.345361 0.267126 -0.0507617 -0.951518 0.780577 0.898649 
0.00624957 -0.124523 -0.153173 -0.759809 1.42741 0.609887 
-0.348946 0.252215 -0.145105 -0.727346 0.905268 0.60577 
0.000830896 -0.0159813 -0.479634 -0.676374 1.64585 0.397099 
-0.352016 0.25206 -0.25255 -0.58876 1.04658 0.408235 
0.199251 0.611562 0.51655 1.21564 -1.85751 -0.179277 
-0.269542 0.599858 0.186505 0.813137 -1.45127 -0.3189 
0.205394 0.334996 0.562625 1.29328 -1.62845 -0.51502 
-0.266359 0.494007 0.189101 0.959556 -1.23953 -0.562042 
-0.264647 0.399979 0.170474 1.18304 -1.03827 -0.893346 
0.763616 -0.0104205 0.293318 -1.24508 1.85799 1.79641 
-0.266362 0.323873 0.129453 1.48498 -0.890297 -1.30735 
0.19309 -0.142345 0.0791292 -0.991778 1.43337 1.02871 
-0.274593 0.234886 -0.00989792 -1.02633 0.886831 1.01825 
0.187035 -0.0955356 -0.176611 -0.8707 1.58715 0.771292 
-0.278302 0.217312 -0.100865 -0.826439 0.984732 0.748382 
0.181819 0.0102114 -0.502075 -0.809271 1.77116 0.550519 
-0.281423 0.214116 -0.204465 -0.694048 1.1011 0.555027 
0.365418 0.648538 0.436338 1.39168 -1.93615 -0.236522 
-0.198327 0.582688 0.213273 0.907958 -1.52032 -0.356473 
0.370538 0.392618 0.479462 1.45411 -1.75794 -0.55863 
-0.194232 0.475739 0.216152 1.05037 -1.32483 -0.598944 
0.372652 0.177097 0.454108 -1.54705 1.60327 2.20239 
-0.192425 0.380428 0.197031 1.26471 -1.13747 -0.925509 
-0.19419 0.302829 0.156189 -1.60161 1.00079 1.82487 
0.359481 -0.0671769 0.0114203 -1.02436 1.61413 1.14101 
-0.202645 0.210592 0.0200532 -1.06358 0.988232 1.09864 
0.354081 -0.023817 -0.242808 -0.938898 1.74564 0.896252 
-0.206343 0.191058 -0.0684308 -0.889002 1.06864 0.853005 
0.349508 0.0822718 -0.574421 -0.908009 1.90699 0.668378 
-0.209459 0.185957 -0.169451 -0.768558 1.16819 0.6694 
-0.871855 0.902243 -0.278853 -0.671969 -1.8185 0.743295 
-0.731508 0.828676 -0.494549 -0.5993 -1.5116 0.813956 
-1.19678 0.975921 -0.170251 -1.00458 -1.95827 0.749682 
-1.03401 0.819527 -0.153322 -0.882074 -1.77899 0.793378 
-0.878737 0.74247 -0.263425 -0.792453 -1.55682 0.84467 
-0.736901 0.766165 -0.515462 -0.7506 -1.30076 0.908887 
-1.20587 0.633031 -0.122396 -1.16237 -1.61082 0.999127 
-1.04235 0.591936 -0.17215 -1.08918 -1.43971 1.01724 
-0.885632 0.61405 -0.311938 -1.04128 -1.25468 1.05037 
-0.742392 0.709625 -0.55801 -1.03486 -1.05798 1.11433 
-1.21143 0.482469 -0.3701 1.5671 1.60356 -1.68322 
-1.04972 0.499463 -0.393477 1.58446 1.4428 -1.67767 
-0.89443 0.573453 -0.497527 1.5931 1.28748 4.63326 
-1.20588 0.534155 -0.888954 1.16102 1.54874 -1.14209 
-0.878726 0.75809 -1.25887 0.791878 1.572 -0.829124 
-0.736901 0.792549 -1.09744 0.741202 1.34057 -0.870938 
-0.778792 0.741564 0.00530884 -0.466728 -1.77319 0.553765 
-0.678305 0.728857 -0.332863 -0.409477 -1.41993 0.625539 
-1.07031 0.694064 0.399663 -0.827487 -1.97873 0.454451 
-0.91253 0.574972 0.264472 -0.665369 -1.73125 0.564755 
-0.785579 0.563076 0.0184906 -0.579845 -1.46541 0.636144 
-0.684053 0.66025 -0.350117 -0.55258 -1.18744 0.706051 
-1.08254 0.224657 0.449273 -0.961468 -1.4704 0.766241 
-0.922377 0.292514 0.243014 -0.876154 -1.28199 0.796696 
-0.793321 0.416365 -0.0305802 -0.833409 -1.09655 0.836376 
-0.690318 0.599267 -0.391809 -0.846171 -0.904058 0.915625 
-1.08255 -0.0167099 -0.224657 1.04389 1.23495 -1.13924 
-0.922387 0.125187 -0.270817 1.01337 1.05083 -1.14004 
-0.793321 0.321075 -0.400537 0.989577 0.907412 -1.12361 
-0.690319 0.569896 -0.633978 0.942828 0.814115 -1.06331 
-1.07043 0.337801 -1.12877 0.760002 1.7655 -0.680069 
-0.912537 0.299258 -0.824882 0.658317 1.48292 -0.757248 
-0.785457 0.409389 -0.747801 0.608327 1.26384 -0.775045 
-0.68404 0.622051 -0.8386 0.575157 1.10834 -0.760937 
-0.6783 0.722129 -1.11048 0.409893 1.41299 -0.629692 
-0.662577 0.609627 0.226832 -0.226356 -1.7248 0.378852 
-0.619585 0.640608 -0.198575 -0.202335 -1.33199 0.428564 
-0.734583 0.368214 0.587224 -0.376688 -1.67208 0.360281 
-0.66991 0.40883 0.239753 -0.33291 -1.36864 0.424186 
-0.625508 0.568364 -0.216304 -0.333343 -1.07559 0.487795 
-0.850899 -0.217851 0.890903 -0.651959 -1.21435 0.571247 
-0.74557 0.0141939 0.558681 -0.585461 -1.08401 0.559073 
-0.678486 0.244756 0.187072 -0.570393 -0.933951 0.591658 
-0.632405 0.504603 -0.258673 -0.615309 -0.755433 0.682126 
-0.731335 -0.185587 0.375634 -1.07908 -0.38674 1.04646 
-0.666162 0.132647 0.0641672 -0.961894 -0.335694 0.934693 
-0.621633 0.452774 -0.329734 -1.08669 -0.259155 1.0725 
-0.850811 -0.442071 0.123477 0.777323 0.945949 -0.834305 
-0.745543 -0.174186 0.0245209 0.794137 0.754068 -0.896655 
-0.678483 0.127922 -0.171533 0.824493 0.632538 -0.944496 
-0.632405 0.461975 -0.48209 0.802226 0.582952 -0.919134 
-0.835491 -0.150913 -0.587654 0.450685 1.49994 -0.508649 
-0.734374 -0.0291419 -0.454073 0.398096 1.23354 -0.538228 
-0.669903 0.19235 -0.474992 0.383832 1.02536 -0.561411 
-0.625509 0.497327 -0.658216 0.377609 0.896189 -0.567581 
-0.662498 0.354544 -0.911916 0.22517 1.45268 -0.441146 
-0.619584 0.565201 -0.872884 0.21102 1.20049 -0.457459 
-0.616131 0.691382 -1.18079 0.142035 1.5023 -0.4256 
-0.519723 0.499518 0.398355 0.0697272 -1.67935 0.199299 
-0.553989 0.563115 -0.0892286 0.0473161 -1.25458 0.20119 
-0.464001 0.191174 0.820106 0.100048 -1.59507 0.115575 
-0.521111 0.272577 0.412067 0.0547864 -1.26659 0.128209 
-0.555416 0.486214 -0.107017 0.0288763 -0.960188 0.14694 
-0.460394 -0.242376 0.780433 0.177482 -0.859308 -0.0632096 
-0.519001 0.0943295 0.35247 0.113523 -0.761605 -0.0105386 
-0.554019 0.419827 -0.149688 0.0816597 -0.5826 0.0143326 
-0.326672 -0.917009 0.809123 1.84573 -0.379598 -1.86564 
-0.449152 -0.423707 0.556592 1.07849 -0.275618 -1.0623 
-0.510725 -0.00852699 0.212406 0.734651 -0.271116 -0.716126 
-0.547512 0.379037 -0.232201 0.780275 -0.205129 -0.769679 
-0.343952 -0.737093 0.285825 -0.343774 0.801885 0.22721 
-0.460433 -0.404999 0.209112 -0.268809 0.524847 0.180196 
-0.518997 -0.0291663 -0.00178584 -0.229252 0.35102 0.143894 
-0.554017 0.370358 -0.354643 -0.15301 0.298423 0.0637663 
-0.351475 -0.406396 -0.399427 -0.196465 1.40222 -0.0166374 
-0.463983 -0.249385 -0.252839 -0.112888 1.08873 -0.0607029 
-0.520799 0.0278437 -0.286287 -0.0706125 0.841117 -0.0973565 
-0.55542 0.3968 -0.51551 -0.0367367 0.699836 -0.135396 
-0.463004 0.0814487 -0.969997 -0.110077 1.67326 -0.16284 
-0.519722 0.161421 -0.66643 -0.0721883 1.28745 -0.171512 
-0.554011 0.450893 -0.706399 -0.0522697 1.03646 -0.189252 
-0.518985 0.550028 -1.47733 -0.0815098 1.84932 -0.24887 
-0.553158 0.53685 -0.94259 -0.0595077 1.32719 -0.239275 
-0.353297 0.417943 0.515175 0.378308 -1.67675 0.0323814 
-0.485116 0.499867 -0.00554227 0.295707 -1.23002 -0.0179121 
-0.111954 0.0950334 0.922834 0.633648 -1.63013 -0.134687 
-0.348763 0.176762 0.519618 0.455048 -1.27627 -0.167068 
-0.48241 0.423745 -0.0294941 0.394503 -0.95417 -0.189176 
-0.102515 -0.366569 0.863834 0.883043 -1.0554 -0.659311 
-0.342951 -0.00472104 0.448779 0.694127 -0.865427 -0.521251 
-0.478322 0.362698 -0.0808665 0.647056 -0.660176 -0.523038 
-0.475926 0.324321 -0.162385 1.2213 -0.445374 -1.18699 
0.342381 -0.718857 0.28485 -1.18345 1.36662 0.932465 
-0.102513 -0.500594 0.276977 -1.03572 0.897186 0.929846 
-0.342964 -0.126923 0.095932 -1.05514 0.594207 0.997435 
-0.478322 0.310832 -0.273379 -1.04074 0.442833 0.980413 
0.326917 -0.407389 -0.387173 -0.954534 1.66937 0.48117 
-0.112067 -0.345611 -0.172896 -0.677067 1.23053 0.440284 
-0.348773 -0.0778407 -0.176041 -0.572571 0.888713 0.411943 
-0.482127 0.325862 -0.416414 -0.522029 0.680977 0.37317 
-0.120629 -0.0421295 -0.83075 -0.544124 1.68696 0.124729 
-0.353438 0.04112 -0.526981 -0.395701 1.26151 0.135986 
-0.484838 0.367561 -0.588296 -0.339035 0.969846 0.112911 
-0.356972 0.283254 -1.07116 -0.334736 1.67846 -0.0496952 
-0.486712 0.435771 -0.794649 -0.264905 1.2367 -0.0283239 
-0.172298 0.369581 0.579276 0.650877 -1.7259 -0.101235 
-0.415202 0.451371 0.0566342 0.491501 -1.25849 -0.183792 
0.24712 0.120321 0.882937 1.06946 -1.78121 -0.302966 
-0.165845 0.122412 0.576131 0.753206 -1.38174 -0.372482 
-0.411311 0.377134 0.0270969 0.632062 -1.02347 -0.399076 
-0.160144 -0.0583535 0.498007 0.997364 -1.06939 -0.767611 
-0.407519 0.318081 -0.0267425 0.897596 -0.795766 -0.74941 
0.259251 -0.474293 0.589676 -1.6044 1.28853 1.69097 
-0.157435 -0.157017 0.351032 1.40803 -0.885526 -1.31774 
-0.160158 -0.178595 0.144043 1.89492 -0.890573 -1.93346 
-0.407519 0.264195 -0.213589 1.89064 -0.629054 -1.93037 
0.247052 -0.312687 -0.19063 -1.03168 1.52818 0.737293 
-0.166215 -0.133306 -0.12038 -0.869603 1.07283 0.713133 
-0.411314 0.273254 -0.346642 -0.807633 0.772797 0.677575 
0.23643 -0.0169591 -0.84763 -0.922984 1.84593 0.342106 
-0.172868 -0.0230845 -0.455924 -0.660147 1.35064 0.385829 
-0.415204 0.306351 -0.505238 -0.566761 0.990904 0.356317 
-0.178521 0.18762 -0.94285 -0.569095 1.68637 0.138786 
-0.418393 0.362847 -0.692382 -0.445146 1.21578 0.162961 
0.0125953 0.356512 0.591869 0.879635 -1.80704 -0.203029 
-0.345343 0.412298 0.106567 0.6339 -1.31497 -0.298724 
0.543637 0.243934 0.723182 1.3821 -1.9549 -0.39485 
0.0196082 0.112321 0.584408 0.968424 -1.52958 -0.503318 
-0.341158 0.339441 0.0736855 0.779588 -1.11384 -0.521422 
0.0255843 -0.0654383 0.503696 1.17549 -1.29001 -0.89091 
-0.337331 0.281375 0.0180093 1.02739 -0.925917 -0.856603 
0.552459 -0.286488 0.457576 -1.55347 1.67193 -4.54064 
-0.33571 0.242655 -0.0623729 1.39319 -0.800956 -1.3184 
0.0255675 -0.185098 0.150524 -1.31554 1.15898 1.29768 
-0.337341 0.225578 -0.166659 -1.3189 0.784439 1.29571 
0.543289 -0.168133 -0.301806 -1.22124 1.82028 0.900406 
0.0196162 -0.142811 -0.109619 -1.03044 1.28606 0.881011 
-0.34117 0.231315 -0.294128 -0.95256 0.885057 0.838024 
0.0126005 -0.0375901 -0.43793 -0.849804 1.49685 0.562602 
-0.345346 0.258764 -0.443401 -0.720192 1.05305 0.5246 
0.0062442 0.163393 -0.909154 -0.768729 1.76827 0.287412 
-0.34897 0.307446 -0.617505 -0.586061 1.23922 0.316362 
0.192968 0.3777 0.557686 1.07025 -1.90376 -0.283384 
-0.274523 0.381459 0.145856 0.740947 -1.38233 -0.380891 
0.199708 0.14407 0.547095 1.13298 -1.6867 -0.589782 
-0.27032 0.309718 0.110512 0.880729 -1.20734 -0.600392 
-0.266359 0.251909 0.053699 1.10986 -1.04446 -0.918665 
0.765305 -0.0328872 0.236379 -1.48962 1.94502 -4.49362 
-0.264701 0.212638 -0.0267819 1.43204 -0.935863 -1.33948 
0.199711 -0.10795 -0.139824 -1.12491 1.49452 0.990077 
-0.27032 0.198175 -0.254337 -1.03353 0.995501 0.933833 
0.193022 -0.00605499 -0.466476 -0.983398 1.66073 0.687673 
-0.274593 0.222125 -0.397642 -0.82209 1.13145 0.640848 
0.18672 0.195136 -0.942376 -0.933834 1.88471 0.394457 
-0.278285 0.265397 -0.562612 -0.692282 1.28744 0.435712 
0.359446 0.428305 0.478227 1.22277 -2.00287 -0.355145 
-0.202646 0.358741 0.174709 0.825566 -1.45396 -0.443932 
0.365365 0.212083 0.466172 1.26074 -1.83631 -0.651667 
-0.198322 0.287354 0.138078 0.957069 -1.29785 -0.657386 
0.370587 0.0514728 0.387325 -1.755 1.69133 2.14977 
-0.194226 0.229753 0.0802891 1.16983 -1.15298 -0.960547 
0.365574 -0.0319773 -0.211103 -1.18024 1.68514 1.06809 
-0.198312 0.173372 -0.225437 -1.08279 1.10015 0.998655 
0.359445 0.0698235 -0.543125 -1.07933 1.82353 0.774989 
-0.202646 0.194969 -0.364687 -0.892672 1.21475 0.726629 
-0.206284 0.234487 -0.523283 -0.772671 1.34865 0.530286 
-0.865942 0.776925 -0.291824 -0.551119 -1.79864 0.827262 
-0.726309 0.748772 -0.666819 -0.508688 -1.38279 0.913438 
-1.02602 0.764477 -0.16467 -0.728538 -1.88192 0.859457 
-0.871862 0.659808 -0.335577 -0.647969 -1.58148 0.927819 
-0.731293 0.733186 -0.751862 -0.642419 -1.22373 1.02297 
-1.19654 0.65824 -0.129637 -0.931345 -1.80042 0.988755 
-1.03411 0.568518 -0.216472 -0.856379 -1.57527 1.03417 
-0.878744 0.578141 -0.437024 -0.825079 -1.32233 1.0907 
-0.736909 0.72706 -0.85829 -0.870191 -1.03534 1.20906 
-1.20587 0.462839 -0.303328 -1.172 -1.47171 1.32192 
-0.885606 0.549771 -0.62435 -1.18623 -1.08637 1.41753 
-0.772886 0.600186 -0.00954925 -0.375117 -1.74061 0.628924 
-0.673902 0.634399 -0.492726 -0.3427 -1.28787 0.698873 
-0.903507 0.504296 0.254867 -0.534641 -1.82803 0.630068 
-0.778281 0.4638 -0.0487946 -0.458285 -1.47566 0.701355 
-0.678281 0.605951 -0.559983 -0.45698 -1.10158 0.779174 
-1.07044 0.257813 0.443757 -0.750019 -1.70034 0.74212 
-0.912537 0.25923 0.202077 -0.662809 -1.43213 0.796961 
-0.785485 0.364924 -0.143703 -0.633604 -1.16752 0.847343 
-0.684039 0.588601 -0.650176 -0.681468 -0.881977 0.954872 
-1.08254 -0.0151859 0.2615 -1.04228 -1.23753 1.13459 
-0.922396 0.123831 0.0144754 -1.01703 -1.04667 1.14726 
-0.793335 0.31682 -0.312289 -1.04176 -0.867274 1.20602 
-0.690321 0.594957 -0.788264 -1.18592 -0.687811 1.39377 
-1.08251 0.273276 -1.00499 0.957586 1.50349 -0.718844 
-0.922373 0.363217 -0.994953 0.856804 1.34429 -0.720885 
-0.79332 0.553585 -1.14449 0.77033 1.23948 -0.676213 
-0.658096 0.450596 0.211078 -0.16481 -1.6779 0.434058 
-0.615851 0.535012 -0.350124 -0.152128 -1.20093 0.471054 
-0.724753 0.278003 0.576917 -0.266872 -1.75277 0.414922 
-0.662497 0.295659 0.171542 -0.228485 -1.36482 0.461662 
-0.619449 0.500762 -0.411938 -0.236847 -0.986956 0.512389 
-0.835338 -0.168208 0.886491 -0.450968 -1.48181 0.516789 
-0.734374 -0.0262138 0.514398 -0.397416 -1.23811 0.536143 
-0.669903 0.184148 0.074641 -0.389413 -1.00327 0.571977 
-0.625507 0.479149 -0.499005 -0.446148 -0.730454 0.666967 
-0.850818 -0.498232 0.644643 -0.880938 -0.829343 0.997968 
-0.745544 -0.177699 0.307727 -0.809356 -0.740414 0.917406 
-0.678483 0.127525 -0.0918164 -0.832538 -0.627209 0.954437 
-0.632412 0.476864 -0.62357 -1.02767 -0.480438 1.18001 
-0.834595 -0.478288 0.187887 1.02694 0.523723 -0.961215 
-0.731335 -0.17999 -0.03188 1.0332 0.397521 -0.996806 
-0.666163 0.135024 -0.341187 0.939721 0.341033 -0.911219 
-0.621632 0.506173 -0.807481 0.666269 0.376435 -0.631311 
-0.85081 -0.188068 -0.520947 0.644301 1.24408 -0.548612 
-0.74557 0.0102265 -0.577283 0.587229 1.07922 -0.562896 
-0.67849 0.276092 -0.762088 0.550247 0.979808 -0.556675 
-0.632424 0.66746 -1.19875 0.490507 0.999055 -0.488864 
-0.518986 0.32389 0.38035 0.0785045 -1.62696 0.230837 
-0.553163 0.452429 -0.241898 0.0637641 -1.13235 0.226616 
-0.463001 0.0812929 0.807062 0.110081 -1.67307 0.162817 
-0.519722 0.151542 0.337223 0.0725421 -1.27125 0.170295 
-0.554011 0.414446 -0.30259 0.0577346 -0.893031 0.179678 
-0.463986 -0.283646 0.728468 0.116658 -1.03173 0.0529861 
-0.521103 0.0298954 0.234754 0.069849 -0.847374 0.098375 
-0.55542 0.387189 -0.383865 0.0428741 -0.584542 0.127744 
-0.343951 -0.91894 0.843087 0.800859 -0.344209 -0.753875 
-0.460419 -0.428586 0.492668 0.352632 -0.399309 -0.273316 
-0.518997 -0.0289848 0.0642716 0.226603 -0.355243 -0.14107 
-0.554017 0.380146 -0.501345 0.234392 -0.194733 -0.14755 
-0.326682 -0.758177 0.330963 -0.744488 0.554266 0.664551 
-0.449151 -0.389691 0.129925 -0.765767 0.353226 0.73398 
-0.510725 -0.00980209 -0.189042 -0.747127 0.267317 0.729063 
-0.547511 0.412873 -0.680062 -0.502753 0.302445 0.483393 
-0.343955 -0.443048 -0.342262 -0.27238 1.12066 0.104177 
-0.460394 -0.213132 -0.367337 -0.170686 0.900903 0.0525799 
-0.519001 0.0956235 -0.544777 -0.113143 0.763936 0.0100152 
-0.554022 0.505011 -0.948652 -0.0653772 0.75563 -0.0350085 
-0.464003 0.284853 -1.37917 -0.100583 1.67769 -0.123908 
-0.521103 0.367141 -1.15605 -0.0534001 1.3707 -0.134029 
-0.35697 0.226121 0.497858 0.333142 -1.61806 0.0287224 
-0.486702 0.383558 -0.156541 0.280105 -1.10978 -0.0104073 
-0.121056 -0.035173 0.915245 0.544099 -1.69315 -0.120132 
-0.353438 0.0435241 0.446392 0.395204 -1.26525 -0.134342 
-0.48482 0.34543 -0.220333 0.364858 -0.88024 -0.155045 
-0.112101 -0.419792 0.815035 0.708838 -1.13461 -0.5244 
-0.348773 -0.0777741 0.331873 0.572465 -0.888875 -0.41177 
-0.482093 0.3199 -0.305662 0.573215 -0.615827 -0.43758 
-0.102532 -0.536552 0.554935 -1.94378 0.806581 1.96652 
-0.342963 -0.127195 0.150421 1.06522 -0.59036 -1.00959 
-0.478318 0.317922 -0.428193 1.18507 -0.409713 -1.13883 
-0.0975923 -0.477579 0.187453 1.84469 -0.834575 -1.96719 
-0.475927 0.34752 -0.594858 -1.06501 0.480487 1.01245 
0.342379 -0.431342 -0.340045 -1.1405 1.50184 0.620197 
-0.102518 -0.299351 -0.294824 -0.844299 1.11839 0.5761 
-0.342952 -0.00768168 -0.430877 -0.697172 0.861328 0.52599 
-0.478319 0.418702 -0.822589 -0.566234 0.760489 0.416578 
-0.112167 0.0982984 -1.11906 -0.632802 1.63245 0.132852 
-0.348763 0.202782 -0.930172 -0.45115 1.30415 0.153019 
-0.482126 0.578389 -1.19396 -0.349364 1.16062 0.0971616 
-0.178514 0.165399 0.564009 0.567778 -1.66451 -0.152269 
-0.418753 0.327626 -0.0891091 0.460904 -1.13374 -0.205519 
0.236429 -0.00971321 0.881816 0.924694 -1.85046 -0.335869 
-0.17286 -0.0200927 0.504342 0.659544 -1.35437 -0.382206 
-0.415205 0.291904 -0.159284 0.591969 -0.935445 -0.400453 
0.247115 -0.369468 0.776109 1.03761 -1.47933 -0.820507 
-0.166212 -0.136345 0.380365 0.873627 -1.06661 -0.721539 
-0.411314 0.269994 -0.249723 0.849261 -0.736878 -0.734707 
-0.157672 -0.153048 -0.0552047 -1.39789 0.887746 1.30093 
-0.405835 0.296042 -0.530104 1.88411 -0.658606 -1.95954 
0.255905 -0.261066 -0.319829 -1.21612 1.45619 0.807759 
-0.160173 -0.0596436 -0.377503 -0.998937 1.06813 0.770431 
-0.407519 0.357794 -0.739045 -0.834253 0.854068 0.656152 
0.247122 0.134639 -1.15143 -1.07182 1.78778 0.290919 
-0.166216 0.131077 -0.839635 -0.751095 1.38975 0.364867 
-0.411304 0.478392 -1.04012 -0.584855 1.15288 0.2978 
0.00624833 0.147108 0.579666 0.766189 -1.7546 -0.300842 
-0.348972 0.283546 -0.0397422 0.59994 -1.18424 -0.355809 
0.0126061 -0.0349998 0.514991 0.849528 -1.49979 -0.559185 
-0.345354 0.249049 -0.11079 0.738266 -1.01834 -0.560037 
0.54329 -0.18003 0.628993 -1.92536 1.81302 2.22087 
0.0196057 -0.146449 0.386957 1.03396 -1.28033 -0.892031 
-0.341171 0.229207 -0.203224 0.978083 -0.864188 -0.877685 
0.549936 -0.301641 0.392077 -1.78199 1.6811 -4.50707 
-0.337341 0.229149 -0.323923 1.35411 -0.776112 -1.34527 
-0.335707 0.254336 -0.479193 -1.35116 0.809756 1.25777 
0.550136 -0.113725 -0.440193 -1.43062 1.76376 0.903895 
0.0255851 -0.0663642 -0.370167 -1.17596 1.28934 0.892581 
-0.337333 0.310624 -0.677763 -0.985702 0.962025 0.785734 
0.0195883 0.118158 -0.822011 -0.968238 1.5336 0.497523 
-0.341129 0.412907 -0.945565 -0.743602 1.20084 0.432526 
0.187018 0.171748 0.547443 0.92722 -1.86844 -0.417968 
-0.27829 0.248253 0.000202047 0.70198 -1.24978 -0.468039 
0.19309 -0.00270625 0.480885 0.984023 -1.66409 -0.682945 
-0.274593 0.215335 -0.0729717 0.833906 -1.10903 -0.667975 
0.199722 -0.109537 0.352848 1.12525 -1.49172 -0.99376 
-0.27032 0.196738 -0.166367 1.04816 -0.982465 -0.960465 
0.763635 -0.0508374 0.176004 -1.75511 1.96259 1.76386 
-0.266357 0.197058 -0.286639 -1.77649 0.912565 1.77197 
0.207753 -0.121163 -0.0835095 -1.53533 1.39878 1.36345 
-0.264677 0.221158 -0.439607 -1.40835 0.941062 1.29934 
0.763622 0.128679 -0.683736 1.56477 -2.00205 4.05117 
0.205569 -0.0294038 -0.405362 -1.29636 1.50034 0.960569 
-0.266359 0.274254 -0.6323 -1.08349 1.06841 0.865079 
0.199108 0.155895 -0.862811 -1.13398 1.6917 0.575478 
-0.27032 0.367682 -0.883847 -0.855432 1.26937 0.522954 
-0.274594 0.564925 -1.30994 -0.72508 1.54477 0.234632 
0.354082 0.233431 0.469921 1.05218 -1.98631 -0.513964 
-0.20635 0.221985 0.0294844 0.778753 -1.32211 -0.556093 
0.359438 0.0705497 0.403997 1.07963 -1.82411 -0.773818 
-0.202643 0.190014 -0.0448441 0.899973 -1.19943 -0.747136 
-0.19831 0.172338 -0.138882 1.09127 -1.09138 -1.01717 
0.370533 0.0499001 -0.485427 -1.38609 1.69133 0.99541 
-0.194228 0.247617 -0.599906 -1.15299 1.16986 0.918296 
0.365365 0.254077 -0.982353 -1.27411 1.85126 0.602096 
-0.198324 0.334968 -0.840378 -0.940488 1.34446 0.590321 
-0.202646 0.50009 -1.20864 -0.818195 1.57335 0.315562 
-0.861204 0.679085 -0.350202 -0.455332 -1.71331 0.897184 
-0.722133 0.810158 -1.05998 -0.469776 -1.13251 1.02846 
-1.01936 0.707272 -0.179537 -0.599706 -1.90742 0.9203 
-0.865943 0.606598 -0.453794 -0.536285 -1.51355 0.999208 
-0.72626 0.907995 -1.33065 -0.626859 -0.953987 1.20611 
-1.18756 0.675139 -0.138222 -0.76615 -1.92867 1.01034 
-1.02606 0.545273 -0.271905 -0.688139 -1.63304 1.075 
-0.871866 0.58045 -0.625367 -0.679352 -1.2894 1.15652 
-1.19673 0.478836 -0.297589 -0.897025 -1.58694 1.26572 
-1.03409 0.479336 -0.499259 -0.889885 -1.33453 1.32054 
-0.878738 0.624202 -0.907985 -0.960609 -1.05275 1.44672 
-0.768755 0.487829 -0.0679277 -0.308437 -1.65223 0.690451 
-0.670671 0.64992 -0.811851 -0.313654 -1.0683 0.775219 
-0.897272 0.432681 0.23919 -0.434949 -1.85408 0.690583 
-0.77277 0.396234 -0.160183 -0.374365 -1.41021 0.758057 
-0.673899 0.682194 -0.967634 -0.427596 -0.890844 0.878616 
-1.05932 0.27967 0.435985 -0.606142 -1.85378 0.755077 
-0.903508 0.226258 0.149188 -0.516897 -1.4951 0.822555 
-0.778254 0.348003 -0.308563 -0.505349 -1.14161 0.880481 
-0.678279 0.766996 -1.21677 -0.677755 -0.678549 1.12018 
-1.0705 0.00410137 0.271015 -0.757836 -1.38726 1.03267 
-0.912548 0.127312 -0.0620814 -0.7403 -1.12772 1.06276 
-0.785473 0.353735 -0.532088 -0.798139 -0.864262 1.1551 
-0.65552 0.32476 0.150125 -0.129342 -1.58256 0.478909 
-0.61401 0.53073 -0.63977 -0.132378 -0.998184 0.515193 
-0.718766 0.190058 0.55671 -0.199483 -1.76995 0.464503 
-0.657606 0.218884 0.0603367 -0.168732 -1.30041 0.496786 
-0.61613 0.548272 -0.77274 -0.198638 -0.797658 0.555437 
-0.821728 -0.132809 0.877512 -0.322977 -1.66694 0.512263 
-0.724659 -0.0632879 0.456497 -0.271929 -1.30711 0.536773 
-0.662497 0.160205 -0.0855343 -0.269498 -0.984021 0.565895 
-0.619584 0.588956 -0.945056 -0.375708 -0.561129 0.7024 
-0.83532 -0.476366 0.658532 -0.539341 -1.00693 0.783457 
-0.734372 -0.172537 0.230114 -0.508914 -0.849093 0.752996 
-0.669906 0.15408 -0.294614 -0.560892 -0.645538 0.819817 
-0.625515 0.693117 -1.23169 -1.08167 -0.33237 1.38283 
-0.850811 -0.470401 0.224058 -1.27216 -0.637527 -4.7662 
-0.834595 -0.242735 -0.426911 0.651704 0.783271 -0.495593 
-0.731341 0.0437074 -0.685019 0.532855 0.71391 -0.419317 
-0.666166 0.460535 -1.208 0.392144 0.786764 -0.28434 
-0.519037 0.185693 0.316203 0.0777282 -1.52619 0.252653 
-0.553016 0.438652 -0.518882 0.0740885 -0.943241 0.24158 
-0.462712 -0.0237597 0.783036 0.113 -1.68574 0.19429 
-0.518985 0.0708011 0.219905 0.0836373 -1.21475 0.19721 
-0.553166 0.446731 -0.636914 0.0863659 -0.732713 0.18944 
-0.462999 -0.315468 0.661928 0.120877 -1.1346 0.100244 
-0.519816 0.00716146 0.0722979 0.0913017 -0.863117 0.132259 
-0.554009 0.473847 -0.787475 0.0996155 -0.468734 0.12698 
-0.351467 -0.899203 0.862055 0.355714 -0.585378 -0.250276 
-0.464005 -0.414428 0.409345 0.181496 -0.586411 -0.0385503 
-0.520949 -0.00211097 -0.135924 0.121464 -0.445936 0.0349674 
-0.55542 0.538376 -1.00521 0.205026 -0.116369 -0.0401686 
-0.34395 -0.773629 0.373314 1.87981 -0.256549 -1.87287 
-0.518997 0.0577676 -0.432163 -0.895854 0.100273 0.965215 
-0.326635 -0.475607 -0.279477 -0.508984 0.822287 0.362998 
-0.449151 -0.162747 -0.490741 -0.386003 0.690678 0.303573 
-0.510726 0.239859 -0.908806 -0.28637 0.689255 0.223456 
-0.360407 0.0764864 0.432409 0.296819 -1.51136 0.0180174 
-0.48826 0.362842 -0.424696 0.283668 -0.929138 -0.025738 
-0.128413 -0.154324 0.89266 0.472822 -1.69798 -0.122509 
-0.357335 -0.0415437 0.327681 0.356273 -1.20494 -0.119606 
-0.486664 0.368572 -0.539901 0.379905 -0.731905 -0.171904 
-0.121149 -0.454397 0.749637 0.585176 -1.19454 -0.432239 
-0.353439 -0.1024 0.169605 0.495525 -0.882245 -0.340331 
-0.484789 0.391898 -0.684229 0.603605 -0.506925 -0.458744 
0.32721 -0.883875 0.84801 1.05492 -1.20525 -1.18235 
-0.112145 -0.526971 0.473329 0.932827 -0.825288 -0.919064 
-0.348773 -0.104051 -0.0470358 0.874769 -0.579966 -0.811934 
-0.482127 0.449658 -0.888537 1.32542 -0.329484 -1.26492 
-0.478242 0.601407 -1.25631 -0.817028 0.531379 0.758264 
0.348752 -0.455056 -0.290068 -1.34304 1.33076 0.798089 
-0.0975981 -0.242152 -0.427327 -1.02334 0.98876 0.733352 
-0.339626 0.127338 -0.775735 -0.796362 0.825436 0.606194 
-0.183506 0.00904296 0.496893 0.503996 -1.55519 -0.203562 
-0.421124 0.301361 -0.351421 0.46422 -0.956278 -0.255088 
0.22667 -0.130361 0.865028 0.795772 -1.8589 -0.386201 
-0.178702 -0.109121 0.384955 0.592316 -1.28288 -0.400249 
-0.418393 0.308144 -0.469064 0.605856 -0.788013 -0.45307 
0.236928 -0.414462 0.718315 0.878095 -1.4922 -0.780643 
-0.172922 -0.16397 0.219101 0.773324 -1.02856 -0.684256 
-0.415205 0.332433 -0.613751 0.877974 -0.623266 -0.795145 
0.786854 -0.482933 0.642016 1.15231 -1.83642 -1.27215 
-0.166197 -0.157623 -0.00391379 1.11883 -0.841634 -1.13894 
-0.411314 0.386835 -0.808794 1.40536 -0.536931 -1.4139 
0.255902 -0.402501 0.0594949 1.44619 -1.21938 4.55312 
-2.34374 -0.772459 -1.40606 1.36041 1.71506 6.87563 
0.259331 -0.201062 -0.459274 -1.39362 1.34685 0.890442 
-0.15768 0.0725809 -0.715562 -1.10219 1.02829 0.795251 
0.000830937 -0.0126563 0.513778 0.676641 -1.65014 -0.39364 
-0.352018 0.253365 -0.298178 0.604068 -1.00909 -0.437865 
0.0062518 -0.127215 0.397097 0.760592 -1.42174 -0.615313 
-0.348959 0.26024 -0.414457 0.752597 -0.870535 -0.645901 
0.535044 -0.231497 0.579865 1.03006 -1.81379 -0.944585 
0.0126017 -0.177075 0.226958 0.921126 -1.22483 -0.898575 
-0.345321 0.285011 -0.557993 0.998712 -0.74855 -0.964673 
0.0256193 -0.0916231 -0.295209 1.51781 -1.09265 4.52316 
-0.33734 0.445169 -1.02883 -1.28343 0.794355 1.098 
1.02967 0.993986 -2.27158 1.01116 -1.72978 3.38902 
0.552703 -0.0502633 -0.590738 -1.63304 1.65267 0.927546 
0.0281177 0.0664927 -0.708975 -1.30846 1.23649 0.884457 
0.181845 0.0136318 0.483934 0.810118 -1.77507 -0.546124 
-0.281429 0.215101 -0.256076 0.704359 -1.07688 -0.577214 
0.187047 -0.0963221 0.366107 0.870734 -1.5857 -0.773103 
-0.278302 0.223078 -0.37306 0.843363 -0.962228 -0.778454 
0.193116 -0.143189 0.195327 0.992851 -1.42723 -1.03787 
-0.274574 0.248205 -0.515443 1.05721 -0.864844 -1.06617 
0.199712 -0.130194 -0.0315703 1.18621 -1.32728 -1.36926 
0.20539 -0.0545373 -0.33019 -1.70857 1.32241 1.36952 
-0.266359 0.397901 -0.963575 -1.39599 0.904961 1.1648 
0.765399 0.209725 -0.871877 -1.81328 1.86959 0.871969 
0.207706 0.108149 -0.754263 1.67698 -1.43122 -2.22433 
0.349505 0.0820355 0.409727 0.907914 -1.90674 -0.668686 
-0.209459 0.186756 -0.225685 0.77537 -1.15213 -0.68646 
0.354081 -0.0222222 0.2936 0.939579 -1.74844 -0.89235 
-0.206331 0.195323 -0.342618 0.899783 -1.05327 -0.875031 
-0.202646 0.22094 -0.484313 1.08285 -0.97261 -1.13326 
0.372664 0.199366 -0.859405 -1.5955 1.60265 0.910282 
-0.192412 0.638927 -1.49062 -1.15916 1.23462 0.648333 
-0.857618 0.615361 -0.458234 -0.385947 -1.58567 0.952661 
-1.01414 0.653014 -0.202141 -0.49731 -1.88646 0.968927 
-0.861204 0.59593 -0.633777 -0.458998 -1.38352 1.05837 
-1.1804 0.6842 -0.142513 -0.639675 -1.99943 1.03329 
-1.01938 0.523927 -0.335533 -0.562703 -1.62294 1.10955 
-0.865947 0.644031 -0.912298 -0.591305 -1.15599 1.22945 
-1.18785 0.490893 -0.298454 -0.711302 -1.67274 1.24807 
-1.02622 0.499934 -0.61187 -0.710188 -1.33686 1.32236 
-1.0341 0.690456 -1.22681 2.07505 1.0411 -1.35987 
-0.765719 0.412517 -0.173689 -0.262147 -1.52849 0.739522 
-0.891889 0.366408 0.212936 -0.359088 -1.83759 0.740917 
-0.768725 0.368639 -0.321764 -0.319598 -1.29706 0.805559 
-1.05085 0.293494 0.429156 -0.504944 -1.95344 0.777754 
-0.896695 0.196953 0.0866868 -0.4171 -1.49962 0.850433 
-0.772767 0.375824 -0.536452 -0.430495 -1.04405 0.92188 
-1.05933 0.0191883 0.271626 -0.58049 -1.49988 0.992701 
-0.903509 0.137041 -0.157598 -0.568927 -1.15474 1.0325 
-0.778247 0.458989 -0.865125 -0.685179 -0.769779 1.18541 
-1.07047 -0.0328401 -0.0963417 -0.857662 -1.10557 1.34037 
-0.912503 0.202434 -0.554034 -0.94875 -0.847097 -4.84795 
-0.65322 0.239505 0.0447328 -0.106776 -1.45923 0.51409 
-0.612947 0.757123 -1.29671 -0.154018 -0.636958 0.588991 
-0.715177 0.109951 0.525892 -0.15831 -1.74908 0.506167 
-0.655212 0.184592 -0.0981236 -0.138068 -1.19742 0.530669 
-0.813135 -0.107955 0.867831 -0.250196 -1.79804 0.529898 
-0.718726 -0.0930416 0.387291 -0.201551 -1.32618 0.553859 
-0.657857 0.178187 -0.296318 -0.206512 -0.909976 0.579264 
-0.82171 -0.455807 0.661162 -0.352338 -1.15663 0.691427 
-0.724658 -0.159918 0.134554 -0.335464 -0.906969 0.675815 
-0.662497 0.231686 -0.574787 -0.410788 -0.588542 0.761695 
-0.835312 -0.466502 0.249508 -0.755764 -0.685521 1.10438 
-0.734368 -0.101052 -0.240282 -0.810871 -0.528961 1.13741 
-0.669903 0.396648 -1.03039 -1.3528 -0.33399 1.69535 
-0.850817 -0.2566 -0.366788 1.34105 0.623921 -0.978198 
-0.745556 0.132476 -0.859691 1.09277 0.582473 -0.756963 
-0.519456 0.0945442 0.205159 0.0735932 -1.39984 0.269597 
-0.553155 0.584873 -1.03133 0.0940503 -0.653423 0.237419 
-0.463307 -0.118601 0.748762 0.106709 -1.65826 0.217289 
-0.519044 0.0348021 0.0596274 0.0862797 -1.12006 0.218407 
-0.553024 0.780575 -1.46579 0.176514 -0.34192 0.118884 
-0.462714 -0.339147 0.58514 0.121659 -1.17583 0.134264 
-0.519634 0.0251434 -0.135479 0.107433 -0.81522 0.152952 
-0.35241 -0.873014 0.868648 0.260037 -0.809826 -0.109436 
-0.463005 -0.391012 0.309816 0.168232 -0.711155 0.0235686 
-0.519722 0.0711213 -0.400396 0.157465 -0.457382 0.0502242 
-0.351467 -0.772219 0.401141 0.727476 -0.2936 -0.655803 
-0.464 -0.314724 -0.071769 0.475657 -0.220825 -0.352589 
-0.521103 0.19844 -0.785132 1.68118 -0.0524884 -1.53666 
-0.343952 -0.502711 -0.221217 -0.566301 0.468244 0.53279 
-0.460425 -0.0951709 -0.636302 -0.320846 0.43759 0.346108 
-0.362711 -0.0185718 0.317436 0.270664 -1.38204 0.00863761 
-0.489739 0.481918 -0.888275 0.332057 -0.670314 -0.0888677 
-0.13443 -0.256675 0.855571 0.414206 -1.66263 -0.130178 
-0.36009 -0.0777888 0.165435 0.332274 -1.11037 -0.115645 
-0.488247 0.588966 -1.16376 0.537056 -0.453475 -0.34443 
-0.128441 -0.47632 0.671948 0.502735 -1.21581 -0.376077 
-0.356977 -0.0835542 -0.0369963 0.458255 -0.830651 -0.308762 
0.310442 -0.875438 0.862262 0.842826 -1.24785 -0.98969 
-0.121165 -0.504317 0.376714 0.745446 -0.859311 -0.73619 
-0.353439 -0.0346813 -0.300748 0.773515 -0.553332 -0.702747 
-0.112159 -0.40455 -0.018042 -1.84109 0.658966 1.72985 
-0.102519 -0.172716 -0.577997 -1.16081 0.822809 0.883253 
-0.187656 -0.0901203 0.380978 0.458636 -1.42337 -0.246082 
-0.423483 0.403779 -0.785396 0.530481 -0.719394 -0.364687 
0.218459 -0.234611 0.832587 0.689136 -1.82344 -0.436321 
-0.183529 -0.146041 0.222346 0.548899 -1.18211 -0.422618 
-0.421025 0.490952 -1.02474 0.768835 -0.554645 -0.662449 
0.226762 -0.444744 0.646295 0.758823 -1.47438 -0.759209 
-0.178715 -0.146153 0.0143924 0.71384 -0.957141 -0.674353 
0.236428 -0.468262 0.348478 0.950972 -1.23091 -1.1238 
-0.172916 -0.0911589 -0.253156 1.02396 -0.775756 -1.08231 
0.255978 -0.129279 -0.617891 -1.54076 1.19942 0.979485 
-0.160154 0.401865 -1.39152 -1.06425 1.00231 0.642764 
-0.00386565 -0.113507 0.398141 0.612715 -1.51983 -0.469702 
-0.354687 0.347656 -0.717462 0.67704 -0.786791 -0.581053 
0.000832235 -0.165659 0.235352 0.701278 -1.31501 -0.667705 
-0.352018 0.423665 -0.935204 0.898805 -0.661502 -0.866994 
0.526791 -0.2702 0.517005 0.885705 -1.77901 -0.972016 
0.00624987 -0.161335 0.0236296 0.85003 -1.13701 -0.92123 
-0.348953 0.592929 -1.31646 1.33992 -0.567216 -1.40217 
0.534859 -0.306467 0.231758 -2.15809 1.58504 1.83735 
0.0126235 -0.101891 -0.246963 -2.05345 1.0081 1.86868 
1.02385 -0.0528546 -0.10218 -2.12298 1.99801 -4.85096 
0.549935 0.929478 -2.37359 1.45042 -1.36513 3.4073 
0.0255834 0.388997 -1.37336 -1.32815 1.15173 0.71961 
0.17733 -0.0872973 0.370633 0.724876 -1.64996 -0.651867 
-0.28421 0.303455 -0.664938 0.774358 -0.866375 -0.742235 
0.181854 -0.136836 0.206745 0.793185 -1.47536 -0.852911 
-0.281406 0.374408 -0.872194 0.965592 -0.765244 -1.00092 
0.187059 -0.130435 -0.00648835 0.907305 -1.32708 -1.08997 
0.199781 0.0668921 -0.656488 1.32002 -1.19078 4.48635 
0.763617 0.825717 -2.01743 -1.99658 1.50276 6.78177 
0.345533 -0.0167847 0.300267 0.799905 -1.78873 -0.798422 
-0.21218 0.271122 -0.627724 0.836531 -0.948772 -0.865211 
0.349505 -0.0643863 0.137658 0.841639 -1.63595 -0.99547 
-0.209449 0.339614 -0.829299 1.00077 -0.862599 -1.09972 
-0.206349 0.464864 -1.12821 -1.89098 0.799829 1.69712 
1.23488 1.47711 -1.95327 0.609293 -1.93068 -2.1124 
0.910806 0.333354 -0.74265 0.947152 -1.87118 -1.90984 
-0.854632 0.599833 -0.633765 -0.340045 -1.42489 1.00088 
-1.01008 0.605043 -0.235341 -0.41866 -1.83917 1.00632 
-0.857487 0.6528 -0.916733 -0.416392 -1.19757 1.1193 
-1.01414 0.509181 -0.410813 -0.470696 -1.57372 1.13439 
-1.18071 0.497009 -0.297651 -0.581606 -1.71821 1.23687 
-1.01943 0.532315 -0.749896 -0.58992 -1.2812 1.33125 
-1.18785 0.496684 -0.709198 -0.725212 -1.36601 1.51387 
-0.763412 0.380301 -0.331938 -0.231852 -1.37981 0.780059 
-0.887962 0.307788 0.176664 -0.302129 -1.79562 0.781088 
-0.765712 0.390383 -0.547544 -0.287932 -1.14695 0.849303 
-0.891611 0.175706 0.0132283 -0.34725 -1.47074 0.875352 
-0.768735 0.474566 -0.87201 -0.402651 -0.879775 0.980882 
-1.05086 0.0297598 0.269569 -0.465416 -1.5777 0.977812 
-0.896639 0.154602 -0.26907 -0.460956 -1.13906 1.02465 
-1.05944 -0.0258878 -0.0874927 -0.636332 -1.16661 1.22851 
-0.903511 0.269478 -0.726966 -0.751709 -0.805994 1.35394 
-0.652307 0.19968 -0.10985 -0.0943774 -1.31639 0.543724 
-0.712845 0.0409496 0.484043 -0.131202 -1.70495 0.54002 
-0.653544 0.196102 -0.308266 -0.121818 -1.06554 0.561586 
-0.807788 -0.0903843 0.859341 -0.206756 -1.89273 0.552693 
-0.715163 -0.113484 0.308238 -0.161123 -1.31343 0.575794 
-0.655031 0.249246 -0.579538 -0.181073 -0.785696 0.608705 
-0.813117 -0.438533 0.658844 -0.254904 -1.27478 0.663452 
-0.718725 -0.139379 0.0248984 -0.245243 -0.92724 0.65348 
-0.65809 0.405962 -1.01348 -0.39285 -0.439919 0.810518 
-0.821711 -0.457837 0.259756 -0.463351 -0.78492 0.884297 
-0.724672 -0.0452251 -0.383838 -0.531502 -0.536705 0.931826 
-0.83531 -0.26697 -0.325908 1.89182 0.475264 -1.45455 
-0.519963 0.0517031 0.0489288 0.0696016 -1.25924 0.283414 
-0.4643 -0.194405 0.699651 0.0974622 -1.60893 0.236519 
-0.51946 0.044742 -0.14693 0.0862386 -0.99919 0.235394 
-0.463319 -0.353078 0.499535 0.115356 -1.17739 0.163808 
-0.519044 0.0908695 -0.40447 0.118696 -0.714056 0.166194 
-0.353898 -0.850193 0.869725 0.215523 -0.970163 -0.0306094 
-0.462715 -0.361727 0.198388 0.161543 -0.770405 0.0648597 
-0.518983 0.209558 -0.766231 0.214518 -0.374047 0.0264709 
-0.35241 -0.762543 0.415003 0.411202 -0.484518 -0.296235 
-0.462987 -0.254967 -0.208349 0.334275 -0.339484 -0.164938 
-0.464003 0.00823014 -0.83848 -0.389947 0.26544 0.4907 
-0.364891 -0.0619222 0.15853 0.252757 -1.2417 0.000671503 
-0.139497 -0.338089 0.804504 0.365972 -1.60579 -0.136059 
-0.362642 -0.0671921 -0.0401534 0.31881 -0.992831 -0.117722 
-0.134433 -0.486609 0.584542 0.443533 -1.20535 -0.338692 
-0.359942 -0.0200475 -0.295661 0.450941 -0.736357 -0.308164 
0.296175 -0.865516 0.869621 0.695715 -1.30075 -0.854354 
-0.128428 -0.473385 0.2674 0.629475 -0.874505 -0.624115 
-0.356977 0.0923911 -0.640265 0.790765 -0.477414 -0.719199 
0.310878 -0.761384 0.406838 -2.1748 1.03485 1.8574 
-0.121165 -0.348071 -0.148224 1.06612 -0.627202 -1.16582 
-0.353426 0.385376 -1.28919 -1.20372 0.404426 -5.11778 
0.327209 -0.498972 -0.19912 1.39592 -0.970148 -1.88775 
-0.112102 -0.0792077 -0.766766 -1.2809 0.663571 1.03103 
-0.191262 -0.133566 0.220535 0.42892 -1.28216 -0.280295 
0.211525 -0.318413 0.785402 0.60337 -1.7625 -0.477032 
-0.187655 -0.134761 0.0173073 0.52523 -1.06208 -0.448745 
0.218493 -0.461257 0.563421 0.670393 -1.43468 -0.746404 
-0.183534 -0.0836452 -0.240093 0.694527 -0.854728 -0.695333 
0.765011 -0.481335 0.669529 0.830606 -1.84659 -1.13823 
0.226719 -0.444874 0.243565 0.83022 -1.18934 -1.05466 
-0.178703 0.0301051 -0.580775 1.01742 -0.679618 -1.11106 
-0.00803348 -0.157417 0.237758 0.570501 -1.37838 -0.53053 
0.513745 -0.152769 0.649641 0.770133 -1.98685 -0.70822 
-0.00386485 -0.155024 0.0311162 0.666912 -1.19035 -0.718304 
0.519773 -0.295719 0.442362 0.776373 -1.72176 -0.99667 
0.000831948 -0.100215 -0.22921 0.819754 -1.02351 -0.965728 
0.00624538 0.0171077 -0.572278 1.06562 -0.893065 -1.32294 
1.01781 -0.0615104 -0.0781871 -2.27697 1.9334 1.49277 
0.543291 0.139775 -1.00457 -1.90649 1.30259 0.996417 
0.173268 -0.132326 0.212161 0.667211 -1.50937 -0.736493 
0.177324 -0.128135 0.00383432 0.745222 -1.34576 -0.925106 
0.742107 -0.0525999 0.229692 -2.32333 1.9527 1.97851 
0.181855 -0.0710954 -0.259643 0.863869 -1.20239 -1.15541 
0.193099 0.340719 -1.24209 1.33847 -1.01931 4.31491 
0.341963 -0.0626496 0.144971 0.724816 -1.64966 -0.902733 
0.345529 -0.0578703 -0.063941 0.778183 -1.50119 -1.08585 
0.349556 0.000837712 -0.331882 0.862848 -1.36776 -1.29968 
0.902517 0.231582 -0.385022 0.78939 -1.90596 -1.58832 
0.906539 0.401335 -0.929521 0.815321 -1.70288 4.36033 
-1.20779 1.34864 -0.446518 -1.83147 -1.77247 0.642183 
-1.01758 1.29126 -0.313552 -1.68562 -1.64786 0.588639 
-0.816801 1.28258 -0.292926 -1.5184 -1.53642 0.580243 
-0.620908 1.32111 -0.382984 -1.36066 -1.41903 0.616634 
-1.20715 0.91765 -0.197671 -1.95836 -1.53726 0.917445 
-1.01497 0.942513 -0.104835 -1.8146 -1.37113 0.847608 
-0.812844 1.03098 -0.128883 -1.6481 -1.23238 0.803502 
-0.616048 1.17363 -0.272634 -1.49404 -1.11042 0.80472 
-0.804647 0.818371 -0.0534988 1.23082 1.05868 -2.01211 
-0.608213 1.04984 -0.208922 -1.74416 -0.908458 1.08334 
-1.19068 0.497625 -0.467274 0.773879 1.71702 -1.50018 
-0.998099 0.48356 -0.141374 -2.32888 -1.3633 1.55361 
-0.601168 0.948471 -0.178546 -2.03452 -0.842638 1.38672 
-0.990766 0.406666 -0.354823 0.650162 1.571 -1.32707 
-0.789396 0.524351 -0.101908 0.715527 1.16005 -1.40864 
-0.984987 0.457475 -0.731976 0.573683 1.84644 -1.10991 
-0.783758 0.441782 -0.20549 0.567998 1.30723 -1.21206 
-0.58993 0.780706 -0.160778 0.693764 0.894036 -1.3047 
-0.779287 0.40647 -0.364737 0.474964 1.48177 -1.06566 
-0.585866 0.710561 -0.169981 0.564111 0.956867 -1.15449 
-0.77568 0.425966 -0.594008 0.417731 1.67942 -0.94628 
-0.582572 0.649502 -0.191466 0.466974 1.03147 -1.03781 
-1.09815 1.11547 0.167864 -1.49378 -1.54805 0.286582 
-0.895043 1.13397 0.106287 -1.30212 -1.48017 0.318081 
-0.713132 1.17836 -0.026223 -1.14071 -1.38734 0.378465 
-0.559094 1.25847 -0.234669 -1.02384 -1.26405 0.460325 
-1.08912 0.571619 0.420194 -1.54673 -1.10286 0.664984 
-0.883348 0.722561 0.322331 -1.33318 -1.00281 0.588456 
-0.700269 0.899673 0.142277 -1.1563 -0.914716 0.555985 
-0.546149 1.09976 -0.119951 -1.04123 -0.813378 0.579738 
-0.693853 0.671782 0.197165 1.49879 0.693465 -2.09656 
-0.541773 0.98068 -0.0786991 -1.47988 -0.598213 0.98868 
-1.06729 -7.65943e-06 0.12056 0.713302 1.35673 -1.36053 
-0.865692 0.171769 0.249153 0.794115 1.00477 -1.428 
-0.536988 0.880798 -0.058981 -1.965 -0.558831 1.45792 
-1.05842 0.0505425 -0.344196 0.574637 1.73204 -1.08471 
-0.858049 0.0766121 0.0328378 0.558692 1.28517 -1.13061 
-0.680955 0.35168 0.129808 0.649143 0.882759 -1.20981 
-0.851981 0.0983995 -0.297073 0.448757 1.59209 -0.947329 
-0.675891 0.260987 0.0223621 0.469695 1.08244 -1.00099 
-0.528181 0.712834 -0.0521975 0.60327 0.690753 -1.10196 
-0.847152 0.269096 -0.822226 0.415447 1.94776 -0.787426 
-0.671873 0.218488 -0.134101 0.368303 1.2934 -0.868976 
-0.52492 0.641666 -0.064542 0.458057 0.786245 -0.946994 
-0.668678 0.226762 -0.346305 0.309228 1.51133 -0.775629 
-0.522312 0.579564 -0.0883328 0.363088 0.887382 -0.842195 
-0.866392 0.309558 0.867414 -1.04791 -0.948754 0.36805 
-0.689708 0.580218 0.618336 -0.841968 -0.907865 0.298003 
-0.565728 0.819485 0.323251 -0.732255 -0.834371 0.30508 
-0.476457 1.05772 -0.026391 -0.695186 -0.722947 0.364072 
-0.558656 0.563375 0.382594 -1.20439 -0.452204 0.78817 
-0.471298 0.933131 0.0162539 -1.08006 -0.407791 0.729521 
-0.839055 -0.462664 0.497576 0.548611 1.10841 -0.980544 
-0.670644 -0.111319 0.537309 0.656164 0.692926 -1.08817 
-0.552235 0.357061 0.374532 0.975894 0.408631 4.90035 
-0.466553 0.829065 0.0362363 -1.84196 -0.297215 1.47997 
-0.829254 -0.368514 0.0179957 0.391546 1.53648 -0.765857 
-0.663787 -0.208199 0.301005 0.372926 1.06449 -0.777486 
-0.5473 0.205038 0.310718 0.472266 0.632973 -0.871459 
-0.462955 0.737763 0.043142 -2.45583 -0.373252 2.08678 
-0.823011 -0.0728048 -0.698016 0.358357 1.99799 -0.617152 
-0.658763 -0.176737 -0.0321491 0.272806 1.42029 -0.65064 
-0.543716 0.10742 0.197688 0.29278 0.894757 -0.684854 
-0.460314 0.655983 0.0393349 0.411812 0.502838 -0.785304 
-0.655051 -0.0286327 -0.493007 0.234712 1.77757 -0.570107 
-0.54105 0.0625235 0.0381106 0.212765 1.14635 -0.597204 
-0.458347 0.58309 0.0248784 0.282276 0.635375 -0.658524 
-0.539019 0.0682487 -0.17017 0.171202 1.38733 -0.54609 
-0.456851 0.51922 -0.000517047 0.210029 0.762559 -0.587903 
-0.378394 1.15145 0.791275 0.0149559 -1.94269 0.00548086 
-0.382587 1.06052 0.580052 0.00977644 -1.64057 0.000681501 
-0.384847 1.08026 0.305333 0.0076185 -1.3856 -0.00142122 
-0.386244 1.18132 -0.0349777 0.00668636 -1.14635 -0.00274949 
-0.405339 0.495204 0.818641 -0.244052 -0.946035 0.0296823 
-0.402361 0.769385 0.45289 -0.258527 -0.857001 0.0572379 
-0.400481 1.02868 0.0464398 -0.29638 -0.715209 0.113095 
-0.396257 -0.041676 0.867361 -0.635477 -0.192767 0.449639 
-0.395445 0.486757 0.518248 -0.333234 -0.353241 0.137595 
-0.394811 0.899658 0.0909462 -0.344944 -0.339824 0.150627 
-0.387641 -0.844148 0.698183 0.0558658 1.00995 -0.230734 
-0.389012 -0.346148 0.728711 0.10209 0.482674 -0.292304 
-0.38974 0.256788 0.510662 0.470478 0.107496 -0.670738 
-0.390215 0.791138 0.111823 -0.893595 -0.0629401 0.689667 
-0.382902 -0.655511 0.185986 0.0160756 1.46597 -0.220082 
-0.385603 -0.42787 0.468066 0.0214037 0.956426 -0.23305 
-0.387082 0.0892413 0.443945 0.0409629 0.463796 -0.258669 
-0.388051 0.696011 0.118538 -3.03729 -0.183003 2.81622 
-0.381122 -0.331992 -0.496381 0.00439556 1.9197 -0.234058 
-0.38428 -0.373864 0.122932 0.00563462 1.34225 -0.2396 
-0.386041 -0.0137639 0.325059 0.0089793 0.780077 -0.246297 
-0.387187 0.610987 0.114053 0.0193934 0.36632 -0.259056 
-0.383916 -0.217757 -0.323675 0.000871057 1.70241 -0.253855 
-0.38563 -0.0592915 0.161209 0.00188002 1.05913 -0.256704 
-0.386843 0.535279 0.0987602 0.00434326 0.527022 -0.260662 
-0.385458 -0.052788 -0.0474889 -0.000270277 1.31424 -0.269187 
-0.386495 0.467763 0.073865 -0.00121662 0.67218 -0.268875 
0.00302605 1.06735 0.622444 0.698334 -1.66322 0.0766288 
-0.183192 1.07109 0.359423 0.512352 -1.44833 -0.0686003 
-0.295757 1.16673 0.00489525 0.425554 -1.20419 -0.161868 
-0.0101074 0.4832 0.880673 0.641032 -1.09101 -0.226309 
-0.193186 0.752224 0.519962 0.469065 -0.989351 -0.237125 
-0.302932 1.01559 0.0927796 0.391261 -0.823632 -0.276637 
-0.0201052 -0.116765 0.946398 1.2447 -0.491036 -1.04994 
-0.199057 0.448952 0.595417 0.672308 -0.527935 -0.562808 
-0.306669 0.882009 0.142748 0.51674 -0.481237 -0.490901 
0.286573 -0.875546 0.716697 -0.631852 1.24153 0.700757 
-0.0260858 -0.445828 0.802298 -0.719335 0.645329 0.790913 
-0.30731 0.767907 0.167401 1.03938 -0.254295 -1.06398 
0.274599 -0.682788 0.203543 -0.505763 1.61203 0.458187 
-0.0314984 -0.520304 0.531923 -0.418581 1.04244 0.404501 
-0.203905 0.0181393 0.524309 -0.58093 0.495317 0.556077 
0.264482 -0.358743 -0.474557 -0.482111 2.0046 0.254426 
-0.0364737 -0.455669 0.181711 -0.319574 1.39299 0.232394 
-0.206457 -0.0914933 0.403449 -0.336516 0.78408 0.26029 
-0.310007 0.578262 0.171562 -0.565409 0.349103 0.462892 
-0.0407945 -0.293575 -0.262232 -0.279824 1.72736 0.113827 
-0.209017 -0.138483 0.237365 -0.240502 1.05309 0.120494 
-0.311413 0.498855 0.15688 -0.355065 0.492517 0.221331 
-0.21103 -0.131266 0.02782 -0.192796 1.30244 0.0341665 
-0.312685 0.429609 0.13082 -0.251338 0.633178 0.0910865 
0.801022 1.06169 0.590266 1.6933 -1.56086 0.0805431 
0.361445 1.05814 0.554148 1.25438 -1.58369 0.0394394 
0.0163082 1.07061 0.362325 0.913586 -1.48634 -0.108797 
-0.210114 1.16121 0.0227305 0.720401 -1.27369 -0.251526 
0.797402 0.322752 0.883721 1.75244 -1.36799 -6.77213 
0.356935 0.526113 0.792305 -1.84197 1.24098 2.77238 
0.0124698 0.759488 0.519848 0.96585 -1.14125 -0.364712 
-0.213412 1.01398 0.109823 0.792013 -0.980065 -0.44176 
0.00444201 0.452736 0.605444 1.17853 -0.79923 -0.7661 
-0.218696 0.878072 0.167293 0.938049 -0.696659 -0.702764 
0.772909 -0.523521 0.550994 -0.880726 1.59268 1.3035 
-0.00353174 0.190693 0.61217 -1.44606 0.621693 -4.56504 
-0.223588 0.757615 0.198824 1.25892 -0.494813 -1.11083 
0.760288 -0.432915 0.0747744 -0.780991 1.86692 0.959281 
0.323706 -0.445325 0.490625 -0.710617 1.28057 0.910506 
-0.0101402 -0.000122986 0.549896 -0.906082 0.700978 1.07381 
-0.227496 0.651595 0.212159 -1.40489 0.41732 -4.79568 
0.315174 -0.398317 0.149102 -0.584059 1.55568 0.655748 
-0.0155814 -0.116243 0.431423 -0.609154 0.904828 0.694386 
-0.230755 0.557316 0.211837 2.17833 -0.44953 4.13501 
0.308123 -0.246303 -0.29283 -0.534215 1.84247 0.460664 
-0.0201391 -0.166376 0.266098 -0.459719 1.13077 0.475898 
-0.233558 0.473791 0.199137 -0.671035 0.539415 0.65718 
-0.0240173 -0.160736 0.0574276 -0.377741 1.35426 0.332003 
-0.235968 0.401119 0.174344 -0.494158 0.651416 0.442747 
1.03371 1.09826 0.231306 2.04893 -1.68378 -6.49688 
0.633526 1.06631 0.389776 1.66016 -1.58114 -0.114253 
0.203787 1.07773 0.32255 1.23548 -1.51424 -0.160952 
-0.129483 1.15811 0.031891 0.933744 -1.33702 -0.303379 
0.63119 0.609523 0.600562 1.72541 -1.3855 -6.77755 
0.201118 0.778059 0.476032 1.30547 -1.24616 -0.441035 
-0.131576 1.01394 0.116958 1.02246 -1.08556 -0.509693 
0.62382 0.173168 0.666182 -1.22534 1.28199 -4.15696 
0.194292 0.482745 0.563405 1.48856 -1.00519 -0.831851 
-0.136812 0.877248 0.178377 1.16289 -0.848663 -0.770366 
-0.142296 0.754322 0.215045 1.39822 -0.674012 -1.10538 
0.605538 -0.243276 0.348119 -0.811636 1.53002 1.24329 
0.178453 0.033326 0.522286 -0.990152 0.935028 1.34242 
-0.147227 0.644342 0.233256 -1.43311 0.589199 1.64803 
0.598026 -0.223913 0.0231227 -0.723451 1.75168 0.971339 
0.17208 -0.0869171 0.409858 -0.755653 1.08087 1.00068 
-0.151339 0.546155 0.236519 2.0208 -0.584278 -1.86866 
0.591744 -0.0870201 -0.422167 -0.705081 2.00099 0.72985 
0.166708 -0.141625 0.248917 -0.612539 1.26214 0.765784 
-0.154863 0.459084 0.226394 -0.864684 0.633838 0.963751 
0.162079 -0.139968 0.043165 -0.525679 1.45389 0.594456 
-0.157936 0.383287 0.203436 -0.67623 0.714892 0.72924 
0.824262 1.12434 0.137497 -1.21297 1.68212 2.85279 
0.37246 1.09543 0.243188 1.4951 -1.55292 -0.231542 
-0.0513142 1.15783 0.0329231 1.0999 -1.39159 -0.336867 
1.16124 0.856982 -0.073717 2.24977 -1.86974 -0.737163 
0.370222 0.8103 0.392238 1.57036 -1.33536 -0.514586 
-0.0533018 1.01445 0.117765 1.19194 -1.16012 -0.552971 
1.15832 0.539328 -0.077173 -0.844505 1.91715 -4.22524 
0.817818 0.387059 0.388049 -1.03333 1.50976 -4.13957 
0.364402 0.534318 0.47786 1.72049 -1.16452 -0.872364 
-0.0586191 0.877337 0.181462 1.32234 -0.952691 -0.807729 
-0.0635954 0.754883 0.220129 -1.62731 0.803996 2.03959 
0.344604 -0.0114911 0.341948 -0.810546 1.2607 1.21116 
0.339543 -0.0700266 0.187379 -0.697491 1.41023 0.988106 
0.335104 -0.0726587 -0.014578 -0.625526 1.57763 0.810002 
-0.0797315 0.375135 0.219118 -0.791107 0.800479 0.942525 
0.51889 1.12795 0.125131 1.70009 -1.61326 -0.314974 
0.0251767 1.16038 0.0259982 1.23751 -1.43965 -0.361977 
0.517105 0.859628 0.269947 1.77954 -1.42869 -6.87141 
0.0231167 1.01739 0.110683 1.331 -1.21926 -0.586422 
0.953823 0.621312 0.0378783 -0.90477 1.71073 -4.16114 
0.512193 0.605764 0.353027 1.90409 -1.30251 -0.908001 
0.0184725 0.882543 0.17379 1.45545 -1.03184 -0.836659 
0.948933 0.418855 -0.0329526 -0.82897 1.78365 1.82376 
0.500617 0.213878 0.329171 2.21229 -1.31878 -1.53493 
0.49574 0.0987629 0.23107 -0.81374 1.42452 1.35946 
0.00449554 0.545812 0.247519 -1.15905 0.824547 1.51989 
0.491571 0.0397907 0.0822606 -0.733579 1.55855 1.15532 
0.000963165 0.455197 0.241704 2.14758 -0.84588 -1.84827 
0.487746 0.0343342 -0.116533 -0.683636 1.70822 0.979581 
-0.00223845 0.375807 0.222345 -0.852749 0.893 1.09634 
-1.20645 1.37746 -0.456716 -1.56307 -1.95898 0.591833 
-1.01484 1.21131 -0.245646 -1.42622 -1.85028 0.535592 
-0.812887 1.09811 -0.163468 -1.2609 -1.72893 0.53934 
-0.615761 1.04002 -0.200189 -1.10432 -1.57828 0.579903 
-1.20835 0.956363 -0.22598 -1.79433 -1.81344 0.81325 
-1.01766 0.889542 -0.100893 -1.66913 -1.66797 0.77739 
-0.816809 0.879088 -0.0813173 -1.52592 -1.52706 0.772044 
-0.620816 0.924594 -0.166526 -1.39091 -1.38404 0.795869 
-1.01484 0.616802 -0.0658359 -1.85992 -1.44715 1.12776 
-0.61605 0.805732 -0.129315 -1.60674 -1.10564 1.05593 
-1.19916 0.498909 -0.452321 0.973364 1.72163 -1.54843 
-0.608359 0.713967 -0.131964 1.21567 0.976191 4.53342 
-0.9981 0.403595 -0.440854 0.79214 1.62863 -1.31523 
-0.990762 0.513192 -0.908641 0.700698 1.9228 -1.04461 
-0.789359 0.402127 -0.348885 0.650569 1.44766 -1.16749 
-0.594954 0.593281 -0.202298 0.715832 1.06632 -1.23542 
-0.783764 0.420873 -0.580393 0.548844 1.64452 -1.00297 
-0.58994 0.551522 -0.254461 0.575091 1.15481 -1.08005 
-0.779287 0.522916 -0.933914 0.499157 1.8834 -0.853878 
-0.585865 0.52123 -0.318758 0.478394 1.25102 -0.966561 
-1.08835 1.15685 0.16113 -1.19876 -1.86377 0.216601 
-0.883472 1.05431 0.172479 -0.989044 -1.76757 0.270864 
-0.700023 0.987511 0.101372 -0.812465 -1.62493 0.33378 
-0.5463 0.975504 -0.0575179 -0.684575 -1.44336 0.388712 
-1.09815 0.631563 0.384021 -1.50254 -1.52848 0.553779 
-0.894755 0.665845 0.319222 -1.33238 -1.41564 0.567195 
-0.713027 0.738568 0.182382 -1.19039 -1.29584 0.596617 
-0.559072 0.849029 -0.0249919 -1.08872 -1.16545 0.645821 
-0.883591 0.313664 0.36041 -1.58419 -0.960484 1.03348 
-0.700454 0.499088 0.230096 -1.41362 -0.824747 0.950613 
-0.546312 0.715584 0.0168546 -1.27982 -0.713829 0.908236 
-1.07809 -0.00760912 0.143706 0.917347 1.29714 -1.44292 
-0.874567 0.118488 0.217979 0.986353 1.01982 -1.49474 
-0.54191 0.62908 -0.00552423 1.26227 0.629187 4.61529 
-1.06729 0.0415143 -0.325742 0.697528 1.66669 -1.09867 
-0.865685 0.0609386 -0.04215 0.673509 1.30588 -1.13449 
-0.687089 0.249563 0.0506623 0.723054 0.977111 -1.18374 
-0.85805 0.12539 -0.424491 0.534814 1.63551 -0.91798 
-0.680954 0.208015 -0.113385 0.523241 1.20694 -0.963257 
-0.53223 0.513078 -0.0911552 0.590868 0.852775 -1.02023 
-0.6759 0.217114 -0.329532 0.414899 1.44105 -0.82444 
-0.52818 0.471895 -0.146314 0.449646 0.981992 -0.875689 
-0.67188 0.286358 -0.621582 0.355919 1.68667 -0.720739 
-0.524933 0.441114 -0.211797 0.358655 1.10613 -0.778707 
-0.689705 0.984228 0.447764 -0.659117 -1.85465 0.0918712 
-0.565674 0.920309 0.278361 -0.51956 -1.64346 0.19679 
-0.476496 0.933222 0.0343129 -0.443088 -1.41925 0.266376 
-0.866345 -0.286683 0.843921 1.55915 0.780637 -1.9772 
-0.689728 0.0582929 0.662132 -1.26939 -0.662491 0.889442 
-0.565746 0.370668 0.41502 -1.05404 -0.606094 0.727665 
-0.476548 0.658987 0.109965 -0.96089 -0.543384 0.691259 
-0.852084 -0.476705 0.521859 0.756349 1.00536 -1.09761 
-0.679732 -0.173032 0.500449 0.867401 0.687933 -1.21449 
-0.558653 0.19412 0.351046 -2.0388 -0.475193 1.70845 
-0.471301 0.567316 0.0879978 1.3265 0.368602 -1.6238 
-0.839099 -0.381652 0.0359672 0.490326 1.43967 -0.784282 
-0.670649 -0.225908 0.223918 0.463775 1.05865 -0.793783 
-0.552205 0.090716 0.229566 0.523524 0.718569 -0.857115 
-0.466553 0.499071 0.0496222 0.648708 0.48597 -0.964344 
-0.830214 -0.0853265 -0.680005 0.41826 1.91824 -0.602901 
-0.663787 -0.154691 -0.149663 0.327233 1.43829 -0.634795 
-0.5473 0.0468196 0.0623039 0.323467 1.00962 -0.657332 
-0.462965 0.445446 0.00180086 0.384765 0.663531 -0.712555 
-0.658811 0.0453705 -0.683639 0.279513 1.83383 -0.534354 
-0.543715 0.0547659 -0.15114 0.237007 1.28278 -0.566929 
-0.460315 0.403451 -0.0550492 0.264767 0.83135 -0.600608 
-0.541051 0.115848 -0.423995 0.193687 1.54696 -0.513148 
-0.458347 0.372191 -0.121775 0.19998 0.983068 -0.54113 
-0.405339 0.967289 0.624605 -0.213945 -1.96589 0.0319002 
-0.402352 0.87395 0.4077 -0.195267 -1.66193 0.0962134 
-0.400495 0.896641 0.109264 -0.19593 -1.39123 0.148926 
-0.382586 0.381686 0.856852 0.0103214 -1.23856 -0.00338752 
-0.384827 0.553856 0.532218 0.00849222 -1.08609 -0.00395963 
-0.386247 0.743494 0.173367 0.00767609 -0.916876 -0.00466857 
-0.405341 -0.161022 0.872075 -0.554318 -0.381556 0.406163 
-0.402367 0.272204 0.551624 -0.431581 -0.479971 0.273575 
-0.400503 0.615732 0.184482 -0.447906 -0.458183 0.293377 
-0.397872 -0.871223 0.724482 0.157651 0.82259 -0.285632 
-0.396257 -0.413446 0.6858 0.288078 0.412364 -0.441997 
-0.395372 0.0767829 0.485796 0.81793 0.155662 -0.988208 
-0.394813 0.519061 0.164339 -1.44834 -0.113701 1.27155 
-0.387588 -0.673788 0.204081 0.048405 1.333 -0.212285 
-0.388977 -0.442832 0.386703 0.0603152 0.92021 -0.238519 
-0.389729 -0.0338468 0.359358 0.0943729 0.539803 -0.283577 
-0.390215 0.447006 0.126374 0.169875 0.293928 -0.365679 
-0.38294 -0.346017 -0.480175 0.0166963 1.82272 -0.214348 
-0.385618 -0.349489 0.00650326 0.0179962 1.33958 -0.224825 
-0.387096 -0.0781328 0.187488 0.023696 0.887397 -0.236955 
-0.387982 0.390541 0.0782754 0.0359933 0.527934 -0.253568 
-0.384554 -0.15189 -0.494241 0.00566637 1.73738 -0.237187 
-0.386043 -0.0686948 -0.0269351 0.0068506 1.18699 -0.242482 
-0.38714 0.346986 0.0203844 0.00995392 0.72394 -0.24823 
-0.385621 -0.00893668 -0.292484 0.00161162 1.46245 -0.255905 
-0.386806 0.314538 -0.0470721 0.00252726 0.893549 -0.258379 
-0.0100997 0.961529 0.685522 0.606479 -1.94471 0.142472 
-0.193193 0.843984 0.480856 0.388787 -1.65453 -0.00011221 
-0.302895 0.866193 0.162698 0.290093 -1.36172 -0.0585881 
0.00290706 0.353109 0.911856 0.717674 -1.33733 -0.199375 
-0.182685 0.521217 0.594765 0.555912 -1.17747 -0.234854 
-0.294668 0.72261 0.213265 0.479713 -0.991787 -0.277162 
-0.0101085 -0.242066 0.944802 1.08847 -0.642103 -0.886457 
-0.193127 0.221393 0.627106 0.692555 -0.631401 -0.555702 
-0.30287 0.590889 0.235096 0.544688 -0.570515 -0.474792 
0.300523 -0.897878 0.742136 -0.803087 1.11686 0.837255 
-0.0200938 -0.511387 0.755587 -0.8905 0.612073 0.945791 
-0.306666 0.487941 0.220546 1.13344 -0.255036 -1.14499 
0.286573 -0.698297 0.221497 -0.594657 1.50232 0.514605 
-0.0260829 -0.530882 0.448177 -0.486812 1.01149 0.454265 
-0.201486 -0.110507 0.437847 -0.562214 0.569307 0.528349 
-0.307544 0.410732 0.184278 -0.820061 0.301031 0.757924 
0.274563 -0.371178 -0.458212 -0.540132 1.91665 0.279924 
-0.0314942 -0.427896 0.0649918 -0.364924 1.38931 0.252716 
-0.203913 -0.156588 0.263491 -0.342408 0.889929 0.25313 
-0.308621 0.350795 0.136425 -0.43555 0.499854 0.332164 
-0.0364436 -0.226879 -0.429158 -0.320064 1.75613 0.11296 
-0.206724 -0.146983 0.04868 -0.254752 1.17695 0.116737 
-0.310075 0.303776 0.0794464 -0.292209 0.685723 0.153616 
-0.209081 -0.0877702 -0.21344 -0.210346 1.4433 0.0267109 
-0.31144 0.269236 0.0121449 -0.219793 0.85266 0.051381 
0.797331 1.10279 0.567242 1.69245 -1.81296 0.219811 
0.356936 0.947607 0.618775 1.22599 -1.82233 0.113791 
0.0124662 0.8349 0.487719 0.849512 -1.66255 -0.0735776 
-0.213123 0.850179 0.185679 0.644273 -1.39445 -0.203736 
0.801009 0.375269 0.869745 1.68728 -1.61004 -6.60668 
0.361437 0.399351 0.823887 1.27191 -1.46453 -0.331543 
0.0163507 0.519018 0.596749 0.960286 -1.29733 -0.36837 
-0.210124 0.712021 0.232393 0.787085 -1.09856 -0.428188 
0.0124859 0.225611 0.630527 1.18885 -0.937183 -0.79726 
-0.212618 0.584309 0.255917 0.972754 -0.798139 -0.724548 
0.772718 -0.438878 0.0921607 -0.922281 1.826 1.00773 
0.334132 -0.452391 0.406422 -0.834601 1.30449 0.960385 
-0.00351489 -0.126953 0.460413 -0.92893 0.806167 1.0474 
0.323698 -0.369226 0.0320175 -0.675181 1.57647 0.664515 
-0.0101412 -0.179585 0.289572 -0.6376 1.0215 0.670056 
-0.227493 0.32522 0.176543 -0.801805 0.58956 0.807477 
0.315141 -0.178051 -0.461895 -0.617026 1.87921 0.433471 
-0.0155641 -0.17321 0.0765405 -0.49269 1.25763 0.451436 
-0.230748 0.274467 0.121477 -0.56826 0.725053 0.525777 
-0.0201269 -0.116009 -0.183251 -0.414347 1.49326 0.302099 
-0.233559 0.236781 0.055781 -0.432682 0.866692 0.349749 
1.03224 1.1286 0.213991 1.99152 -1.89815 -0.0862018 
0.630716 0.962694 0.451242 1.61162 -1.80781 -0.0334402 
0.201118 0.844023 0.447689 1.17264 -1.69562 -0.136283 
-0.131711 0.842594 0.196653 0.863342 -1.45299 -0.279308 
1.03396 0.595693 0.451711 -1.13757 1.80837 2.67072 
0.20377 0.542592 0.552115 1.26645 -1.41747 -0.452533 
-0.129539 0.706986 0.241825 0.995893 -1.19914 -0.510965 
-0.131582 0.580862 0.264485 1.17995 -0.955231 -0.808568 
-0.136631 0.470964 0.26306 1.46498 -0.765292 -1.20265 
0.185963 -0.0884158 0.431271 -1.03469 1.06739 1.29891 
0.605838 -0.195906 -0.0954207 -0.839408 1.80082 0.953097 
0.178424 -0.148276 0.267771 -0.801531 1.21076 0.955316 
-0.146955 0.310793 0.20073 -0.978786 0.724419 1.08184 
0.172079 -0.147712 0.0593217 -0.66178 1.39535 0.718482 
-0.151338 0.257034 0.148303 -0.752369 0.81338 0.798545 
0.166708 -0.0948304 -0.197875 -0.579896 1.59456 0.539912 
-0.154831 0.216217 0.0848402 -0.60098 0.923051 0.598914 
0.822568 1.03093 0.195626 -1.29766 1.89924 -3.34406 
0.370221 0.870459 0.365915 1.41668 -1.74945 -0.201875 
-0.0536859 0.840527 0.198884 1.02115 -1.51701 -0.322223 
0.824262 0.648618 0.351858 1.8899 -1.76937 -6.82145 
0.372461 0.588725 0.464905 1.50314 -1.53237 -0.515838 
-0.0515047 0.706341 0.24291 1.15122 -1.28708 -0.560818 
0.822702 0.317869 0.375619 -1.16567 1.70072 2.19484 
0.370239 0.329408 0.497755 1.65876 -1.35182 -0.899746 
-0.053357 0.58068 0.26599 1.32572 -1.07162 -0.855705 
-0.058078 0.470761 0.266436 1.56359 -0.911175 -1.20652 
0.350455 -0.0709627 0.201311 -0.871638 1.40163 1.14765 
-0.0685323 0.307007 0.210758 -1.05021 0.855402 1.23936 
0.344541 -0.0762629 -0.00159976 -0.761399 1.55036 0.919259 
-0.0727852 0.249859 0.161594 -0.856811 0.917606 0.984019 
0.339471 -0.027597 -0.257413 -0.69658 1.72152 0.730658 
-0.0764644 0.206746 0.100291 -0.714278 1.0039 0.787685 
0.517092 0.915195 0.244835 1.60033 -1.82105 -0.274913 
0.0231034 0.844285 0.191121 1.14813 -1.57819 -0.350483 
0.518821 0.655427 0.339174 1.68498 -1.64465 -6.85495 
0.024637 0.710024 0.235757 1.27578 -1.36452 -0.594414 
0.956617 0.566595 0.0222473 2.09058 -1.89345 5.30522 
0.0231031 0.585453 0.258535 1.44262 -1.16685 -0.887021 
0.953278 0.387015 -0.081451 -0.977108 1.92041 1.82821 
0.0185348 0.475552 0.260654 1.65006 -1.02604 -1.21069 
0.495774 0.0338786 -0.106682 -0.811619 1.7034 1.06819 
0.00447893 0.251671 0.162892 -0.908926 1.02124 1.11116 
0.49153 0.0810163 -0.364915 -0.772508 1.85661 0.876038 
0.000961803 0.206894 0.103571 -0.784062 1.09153 0.928677 
-0.804079 0.925799 -0.083817 -1.04315 -1.88421 0.580575 
-0.608336 0.802732 -0.133648 -0.895634 -1.66869 0.642675 
-1.20717 0.974934 -0.215947 -1.4975 -1.95251 0.766611 
-1.01485 0.82153 -0.0694663 -1.3698 -1.8134 0.75341 
-0.812792 0.727733 -0.0395292 -1.23286 -1.65017 0.774502 
-0.616042 0.705696 -0.127471 -1.11659 -1.46153 0.814373 
-1.20787 0.668772 -0.222106 1.42466 1.86595 -2.0392 
-0.816922 0.572285 -0.0757459 -1.541 -1.51582 1.07359 
-0.620909 0.629139 -0.161339 -1.4521 -1.34056 1.08925 
-0.616042 0.551606 -0.191926 1.38268 1.14155 4.54675 
-1.19921 0.62652 -1.04586 1.08658 1.96557 -1.13525 
-1.00686 0.409682 -0.532509 0.994809 1.65431 -1.29932 
-0.60834 0.506375 -0.260167 1.03939 1.12238 -1.39962 
-0.998095 0.61086 -1.15395 0.881798 1.97179 -0.931206 
-0.796351 0.408138 -0.547209 0.778729 1.55781 -1.10122 
-0.601125 0.486759 -0.351953 0.788638 1.22598 -1.15604 
-0.789369 0.5075 -0.900864 0.666179 1.80329 -0.895413 
-0.594952 0.482704 -0.456771 0.628935 1.35337 -0.993088 
-0.58993 0.492918 -0.577027 0.524196 1.48132 -0.876128 
-0.693786 0.8082 0.16107 -0.718837 -1.82079 0.406127 
-0.542097 0.734691 -0.00692386 -0.595678 -1.56824 0.473828 
-1.08897 0.665 0.39743 -1.14081 -1.76259 0.458661 
-0.883432 0.587128 0.356231 -0.961248 -1.6078 0.506885 
-0.70041 0.570327 0.228911 -0.822745 -1.42587 0.544639 
-0.546416 0.618859 0.0187834 -0.728397 -1.22924 0.575402 
-0.894991 0.283084 0.324628 -1.40597 -1.33912 0.943863 
-0.713109 0.387226 0.187822 -1.30435 -1.18455 0.94347 
-0.559078 0.534168 -0.0195349 -1.23329 -1.04102 0.963799 
-0.883485 0.0760697 0.187543 1.28793 1.02169 -1.62217 
-1.07807 0.025681 -0.293444 0.87004 1.55207 -1.12544 
-0.874585 0.0500216 -0.115419 0.838964 1.26797 -1.14545 
-0.693841 0.185315 -0.0628601 0.854398 1.0086 -1.16858 
-0.541794 0.409283 -0.135576 0.901127 0.796909 -1.1952 
-0.865686 0.161422 -0.562086 0.647776 1.63896 -0.877053 
-0.687089 0.197489 -0.292761 0.607423 1.29034 -0.915234 
-0.536938 0.394576 -0.234469 0.623445 0.995304 -0.941786 
-0.680978 0.268677 -0.590899 0.485763 1.57314 -0.760132 
-0.532241 0.391559 -0.339936 0.474084 1.17305 -0.801593 
-0.675891 0.450185 -1.05972 0.43538 1.89557 -0.619854 
-0.528186 0.400737 -0.45709 0.381196 1.33227 -0.708429 
-0.558648 0.721141 0.343224 -0.434218 -1.81385 0.268095 
-0.471353 0.681749 0.0862194 -0.357875 -1.51992 0.333167 
-0.86639 0.459533 0.833961 -0.802666 -1.77617 0.214732 
-0.69012 0.413021 0.657778 -0.628912 -1.5646 0.31044 
-0.565926 0.454915 0.414011 -0.531653 -1.35758 0.362107 
-0.476514 0.560712 0.11149 -0.481836 -1.1545 0.403242 
-0.866415 -0.490508 0.558297 1.12005 0.897201 -1.33322 
-0.852073 -0.400306 0.0648946 0.646061 1.29832 -0.829998 
-0.67976 -0.236591 0.147827 0.613755 0.999214 -0.839748 
-0.558652 0.021065 0.112587 0.643169 0.74895 -0.881252 
-0.471303 0.335954 -0.0426025 0.703625 0.570751 -0.934169 
-0.839054 -0.103121 -0.652953 0.500106 1.80218 -0.589704 
-0.670651 -0.125317 -0.273221 0.405427 1.41943 -0.618071 
-0.552189 0.030712 -0.113044 0.381622 1.08348 -0.633114 
-0.466555 0.318773 -0.13957 0.40065 0.809002 -0.658198 
-0.663909 0.147539 -0.920919 0.341241 1.88222 -0.482027 
-0.547301 0.0951819 -0.393388 0.27662 1.39933 -0.529183 
-0.462955 0.315024 -0.244148 0.274215 1.02143 -0.54959 
-0.54372 0.232312 -0.77482 0.229564 1.71721 -0.464376 
-0.460313 0.323121 -0.359136 0.208478 1.20552 -0.495307 
-0.395371 0.654952 0.477556 -0.116466 -1.80045 0.149723 
-0.394818 0.634472 0.162508 -0.113575 -1.46706 0.187813 
-0.405343 0.279991 0.866279 -0.197375 -1.52937 0.123735 
-0.40239 0.361965 0.550381 -0.201972 -1.29974 0.168981 
-0.400497 0.510107 0.186142 -0.217986 -1.08806 0.215956 
-0.382599 -0.248907 0.865194 0.01701 -0.616348 -0.0139551 
-0.384839 0.102298 0.539046 0.0127197 -0.641378 -0.0102923 
-0.386245 0.393563 0.179097 0.0112119 -0.572688 -0.00941337 
-0.41083 -0.902144 0.763686 0.390831 0.5556 -0.454134 
-0.405342 -0.462108 0.642927 0.784673 0.280982 -0.880009 
-0.400496 0.318264 0.118617 -1.29628 -0.200334 1.17747 
-0.397829 -0.699186 0.232666 0.126433 1.13837 -0.230937 
-0.396226 -0.450429 0.306688 0.155596 0.818976 -0.283408 
-0.395357 -0.107309 0.238832 0.21764 0.548479 -0.362747 
-0.394812 0.276361 0.034275 0.312521 0.375384 -0.468017 
-0.387636 -0.366122 -0.455426 0.0476092 1.68471 -0.195578 
-0.389006 -0.319314 -0.113844 0.0498749 1.29675 -0.215428 
-0.389733 -0.0958724 0.0124001 0.0598549 0.947673 -0.237532 
-0.390198 0.257097 -0.0616093 0.0785622 0.669335 -0.264534 
-0.385614 -0.0668738 -0.694899 0.0179356 1.75834 -0.217411 
-0.387092 -0.0318045 -0.261207 0.0191027 1.28966 -0.227264 
-0.388039 0.252152 -0.165517 0.0238629 0.910116 -0.237404 
-0.386035 0.0920421 -0.611826 0.00627258 1.61108 -0.239442 
-0.38717 0.259077 -0.279104 0.00762964 1.11139 -0.24428 
-0.199063 0.609188 0.557644 0.325932 -1.7719 0.0279281 
-0.306652 0.59406 0.218921 0.233595 -1.41582 -0.012419 
-0.0101129 0.220482 0.938613 0.559695 -1.53452 -0.12806 
-0.19308 0.301564 0.625896 0.404561 -1.28733 -0.153693 
-0.30289 0.47025 0.236922 0.327504 -1.05492 -0.162756 
0.00296767 -0.325309 0.920895 0.977086 -0.881146 -0.755969 
-0.183192 0.045433 0.600174 0.746786 -0.798455 -0.573491 
-0.29505 0.36475 0.21812 0.650049 -0.691609 -0.529735 
-0.302889 0.281616 0.171971 1.15521 -0.310284 -1.13997 
0.300633 -0.720521 0.249626 -0.725501 1.3455 0.606482 
-0.0200765 -0.534136 0.366132 -0.596237 0.920675 0.544521 
-0.199057 -0.184868 0.314813 -0.61608 0.574064 0.57582 
-0.306666 0.23402 0.0932885 -0.71978 0.35427 0.663858 
0.286573 -0.389682 -0.433022 -0.609428 1.78832 0.318829 
-0.0260723 -0.395248 -0.0544294 -0.419246 1.34236 0.281037 
-0.201489 -0.173584 0.0879431 -0.363214 0.941889 0.260461 
-0.307544 0.21159 -0.00133938 -0.378016 0.627864 0.271796 
-0.0314504 -0.146625 -0.617384 -0.365872 1.76457 0.110318 
-0.204383 -0.110312 -0.181998 -0.275674 1.27024 0.115324 
-0.30866 0.204333 -0.104219 -0.268531 0.864898 0.120945 
-0.206937 0.00720097 -0.518352 -0.234666 1.57721 0.0146482 
-0.310032 0.209311 -0.216335 -0.211205 1.06453 0.0287951 
0.00442153 0.592504 0.572582 0.743424 -1.77786 -0.082367 
-0.218408 0.56885 0.248607 0.550345 -1.4278 -0.192429 
0.797316 0.424007 0.861227 1.59063 -1.84059 -0.177079 
0.356936 0.271778 0.84927 1.15484 -1.65448 -0.305185 
0.0124779 0.291444 0.629603 0.862107 -1.39722 -0.376219 
-0.212979 0.451035 0.25725 0.70957 -1.13795 -0.418349 
0.0163581 0.0423609 0.603378 1.1325 -1.05779 -0.80839 
-0.210117 0.349815 0.238012 0.972088 -0.868824 -0.757901 
-0.213091 0.268661 0.194729 -1.76895 0.647392 1.89006 
0.786541 -0.445339 0.113289 -1.11638 1.77833 1.07685 
0.346162 -0.448808 0.321291 -1.01301 1.30526 1.04491 
0.00442606 -0.195673 0.332222 -1.03891 0.876507 1.09638 
-0.218652 0.213771 0.125929 -1.18761 0.591405 1.22374 
0.334097 -0.333553 -0.0888275 -0.796563 1.56446 0.684376 
-0.003532 -0.193212 0.112091 -0.708381 1.09347 0.675352 
-0.223582 0.18425 0.0378704 -0.753866 0.721441 0.722822 
0.323644 -0.0950856 -0.653674 -0.719448 1.89324 0.397542 
-0.0100935 -0.134484 -0.154152 -0.546875 1.35384 0.431531 
-0.227496 0.17246 -0.0614815 -0.535848 0.900469 0.451329 
-0.0154615 -0.0199836 -0.486073 -0.467457 1.62187 0.261937 
-0.230756 0.174222 -0.170876 -0.418122 1.07322 0.288991 
0.194064 0.605433 0.534597 1.05394 -1.82579 -0.167718 
-0.136632 0.556087 0.261746 0.763544 -1.48388 -0.304833 
0.201117 0.320762 0.584469 1.15553 -1.54111 -0.491293 
-0.131577 0.442082 0.266606 0.922257 -1.24436 -0.542719 
0.203768 0.0845343 0.558561 1.36196 -1.30086 -0.899256 
-0.129502 0.342731 0.247384 1.15331 -1.0264 -0.862567 
0.631017 -0.201874 0.466961 -1.33086 1.58551 -4.56423 
-0.131558 0.262313 0.20552 1.47031 -0.861367 -1.27454 
0.19432 -0.153115 0.300418 -1.15102 1.17201 1.30133 
0.614453 -0.158754 -0.220983 -0.993397 1.82366 0.93217 
0.185958 -0.159412 0.0885573 -0.894736 1.30525 0.932468 
-0.142296 0.170395 0.0594361 -0.941801 0.863893 0.974636 
0.178414 -0.107575 -0.172717 -0.740114 1.50006 0.671267 
-0.147227 0.154191 -0.0353636 -0.720169 0.987419 0.692569 
0.172074 0.00267616 -0.502935 -0.658719 1.72239 0.466975 
-0.151329 0.152498 -0.141348 -0.582869 1.12552 0.503836 
0.36442 0.642742 0.451614 1.28203 -1.89597 -0.24128 
-0.0580953 0.551851 0.265218 0.911295 -1.55498 -0.372929 
0.370221 0.381248 0.496365 1.36417 -1.68439 -0.558596 
-0.0533085 0.440354 0.267935 1.06195 -1.34848 -0.610253 
0.372448 0.162572 0.471047 1.52469 -1.50812 -0.935765 
-0.0513501 0.342022 0.248305 1.27481 -1.15971 -0.918548 
0.822553 0.0700972 0.210532 -1.24744 1.85052 -4.48241 
0.35722 -0.0812583 0.0213573 -0.98003 1.51154 1.09387 
-0.0635732 0.165989 0.0679755 -1.02287 1.0005 1.11132 
0.350252 -0.035609 -0.236194 -0.859112 1.66292 0.842094 
-0.0685548 0.146846 -0.023075 -0.830184 1.09095 0.85438 
0.344145 0.0724923 -0.570064 -0.800069 1.85009 0.622189 
-0.0727881 0.142505 -0.126001 -0.699072 1.20168 0.666894 
0.513141 0.702197 0.329812 1.44744 -1.97817 -0.314063 
0.0183903 0.554456 0.259517 1.02341 -1.62788 -0.418808 
0.517104 0.466114 0.36904 1.51725 -1.81706 -0.610136 
0.0230828 0.445105 0.260837 1.16602 -1.44462 -0.652381 
0.519023 0.267406 0.344414 1.64932 -1.68212 -0.954595 
0.0250286 0.347799 0.240683 1.36608 -1.27509 -0.951709 
0.516806 0.125663 0.257398 -1.32115 1.60632 1.82603 
0.506224 0.0327996 -0.0884264 -1.01184 1.69329 1.20294 
0.500698 0.0766721 -0.347488 -0.929452 1.82388 0.96186 
0.00850525 0.149019 -0.0226505 -0.893071 1.19493 0.966083 
0.495737 0.191394 -0.699711 -0.906752 1.99067 0.726206 
0.00447234 0.142776 -0.123085 -0.776681 1.28668 0.789526 
-0.796334 0.768193 -0.0522453 -0.861228 -1.95764 0.674681 
-0.601113 0.618923 -0.172446 -0.734064 -1.65288 0.754456 
-1.0062 0.756844 -0.053974 -1.11679 -1.94684 0.782549 
-0.804643 0.600665 -0.0498276 -0.983988 -1.72932 0.834228 
-0.608341 0.551785 -0.200142 -0.896098 -1.46932 0.890105 
-1.20645 0.675642 -0.195742 -1.39128 -1.91693 1.06258 
-1.01484 0.536287 -0.0979108 -1.30547 -1.74031 1.06519 
-0.81283 0.474413 -0.118795 -1.2256 -1.53761 1.08785 
-0.616043 0.500309 -0.259407 -1.1729 -1.3209 1.12636 
-0.816864 0.412462 -0.27596 -1.56257 -1.50915 1.43359 
-1.20645 0.612053 -0.995718 -1.7834 -1.89817 1.97896 
-0.812908 0.393043 -0.484155 -1.89665 -1.45031 1.80303 
-0.616278 0.458992 -0.471605 1.23684 1.23915 -1.34886 
-0.804596 0.471947 -0.822205 0.965382 1.61609 -1.00089 
-0.608343 0.478462 -0.624811 0.923121 1.34292 -1.05427 
-0.601112 0.532954 -0.82029 0.731604 1.53448 -0.860884 
-0.594954 0.630944 -1.08199 0.622476 1.74255 -0.715476 
-0.687087 0.633418 0.186606 -0.616335 -1.89217 0.505029 
-0.536987 0.543122 -0.0529553 -0.512044 -1.54984 0.580374 
-0.874542 0.519713 0.350957 -0.824932 -1.82671 0.557871 
-0.693839 0.436515 0.200827 -0.692034 -1.56706 0.622359 
-0.541806 0.464849 -0.0693779 -0.622271 -1.29474 0.66498 
-1.08912 0.242431 0.425007 -1.10263 -1.58924 0.816025 
-0.883501 0.220666 0.329666 -0.985665 -1.38473 0.83184 
-0.700413 0.273477 0.15195 -0.901444 -1.18075 0.838226 
-0.546312 0.393328 -0.10779 -0.855742 -0.980358 0.855448 
-0.559078 0.367956 -0.217884 -1.4646 -0.959409 1.38718 
-1.08912 0.00503042 -0.244449 1.13254 1.39946 -1.20139 
-0.883472 0.0445092 -0.182865 1.09401 1.17368 -1.20248 
-0.700411 0.159575 -0.206777 1.07437 0.970036 -1.19696 
-0.546316 0.338752 -0.320872 1.05764 0.803731 -1.17416 
-1.07798 0.37114 -1.17077 0.934384 1.88724 -0.705381 
-0.874566 0.204356 -0.705882 0.790345 1.57001 -0.826092 
-0.693839 0.229187 -0.518188 0.723492 1.30122 -0.850296 
-0.541784 0.367938 -0.485489 0.691777 1.07427 -0.848059 
-0.687089 0.404297 -0.978966 0.585164 1.68943 -0.646907 
-0.536956 0.419641 -0.670555 0.527113 1.34189 -0.700644 
-0.532234 0.496379 -0.890122 0.434038 1.57531 -0.603506 
-0.552532 0.524068 0.372373 -0.349601 -1.84931 0.347648 
-0.466556 0.478912 0.0421506 -0.287498 -1.47237 0.402817 
-0.680018 0.325185 0.654406 -0.516606 -1.76741 0.365521 
-0.558678 0.3024 0.386469 -0.422876 -1.47158 0.423785 
-0.471302 0.397104 0.0253129 -0.385115 -1.19749 0.460908 
-0.866393 -0.193743 0.874153 -0.807492 -1.34428 0.653335 
-0.689709 -0.0532797 0.627045 -0.693011 -1.16894 0.619556 
-0.565759 0.120001 0.333623 -0.625827 -1.00761 0.606237 
-0.476501 0.322013 -0.0139333 -0.604672 -0.841215 0.626433 
-0.866402 -0.42459 0.11021 0.908591 1.10293 -0.947035 
-0.689715 -0.241232 0.0786643 0.87311 0.874226 -0.958694 
-0.565752 -0.0070566 -0.0319046 0.876012 0.700357 -0.980526 
-0.4765 0.260706 -0.226373 0.875006 0.584969 -0.97942 
-0.852073 -0.131168 -0.60759 0.619576 1.62513 -0.59108 
-0.679749 -0.0912982 -0.397835 0.520835 1.33926 -0.606787 
-0.558655 0.055957 -0.327074 0.477497 1.09426 -0.612286 
-0.471303 0.285746 -0.384578 0.462235 0.901785 -0.613859 
-0.670641 0.330484 -1.29995 0.431887 1.94348 -0.387139 
-0.552193 0.194535 -0.714423 0.336351 1.49405 -0.474205 
-0.466553 0.331614 -0.558551 0.308713 1.19102 -0.491459 
-0.462956 0.397964 -0.757761 0.235132 1.43871 -0.435301 
-0.389776 0.436969 0.508203 -0.050101 -1.80825 0.190817 
-0.390087 0.422365 0.118585 -0.0494836 -1.40447 0.211382 
-0.396257 0.167282 0.864554 -0.115055 -1.7005 0.161964 
-0.395372 0.191671 0.52225 -0.1154 -1.38459 0.197806 
-0.394721 0.337979 0.100421 -0.125909 -1.11093 0.2322 
-0.405244 -0.296329 0.82871 -0.246235 -0.929321 0.264858 
-0.402244 -0.00620762 0.464175 -0.257474 -0.856397 0.285028 
-0.400426 0.261486 0.0593226 -0.292547 -0.724214 0.335345 
-0.378403 -0.928087 0.813166 -0.122222 0.115659 0.121424 
-0.382589 -0.490306 0.599776 0.0904806 -0.109818 -0.0899544 
-0.384561 -0.123613 0.321977 0.0386816 -0.198364 -0.0378912 
-0.386292 0.205556 -0.0179889 0.0300723 -0.187567 -0.0294578 
-0.410831 -0.731618 0.276332 0.269296 0.856169 -0.296367 
-0.40534 -0.451657 0.233418 0.339946 0.628239 -0.394034 
-0.402364 -0.135244 0.0908736 0.444451 0.466161 -0.516423 
-0.400497 0.196971 -0.149389 0.536767 0.383961 -0.61764 
-0.397869 -0.395289 -0.416239 0.115815 1.48175 -0.188255 
-0.396276 -0.285852 -0.233555 0.122287 1.1913 -0.22208 
-0.395344 -0.0724432 -0.197176 0.139873 0.943702 -0.258704 
-0.394794 0.218445 -0.301621 0.163912 0.759279 -0.29527 
-0.388988 0.0427408 -0.937955 0.0490379 1.75833 -0.192873 
-0.389722 0.0551956 -0.556763 0.0495055 1.36511 -0.212512 
-0.390198 0.260339 -0.468227 0.0556278 1.07189 -0.229529 
-0.387103 0.315908 -1.13047 0.0189728 1.81114 -0.217492 
-0.388023 0.320234 -0.65507 0.0193604 1.33148 -0.227281 
-0.201345 0.37749 0.58975 0.298276 -1.78168 0.0235433 
-0.307829 0.376325 0.173951 0.22327 -1.35912 -0.00894113 
-0.0201064 0.08925 0.94362 0.466051 -1.67995 -0.0999362 
-0.19905 0.116262 0.600065 0.327798 -1.34451 -0.115645 
-0.306846 0.290456 0.152654 0.265381 -1.05697 -0.108651 
-0.0100572 -0.399158 0.892267 0.689407 -0.985382 -0.531974 
-0.193179 -0.0839236 0.531549 0.523992 -0.855778 -0.396516 
-0.302892 0.217074 0.105525 0.450583 -0.697794 -0.351699 
-0.183148 -0.187347 0.377124 -1.89583 0.539462 -4.33787 
-0.295054 0.172211 0.0197557 1.14294 -0.438101 -1.10428 
0.31835 -0.743534 0.288445 -0.961709 1.17635 0.787765 
-0.0101086 -0.526738 0.286513 -0.830192 0.802001 0.755472 
-0.193182 -0.208335 0.160587 -0.82778 0.538617 0.785883 
-0.302892 0.153094 -0.0929281 -0.840801 0.384888 0.799629 
0.300628 -0.416552 -0.393931 -0.703733 1.60306 0.383509 
-0.0200653 -0.359747 -0.172651 -0.49319 1.23382 0.330615 
-0.199061 -0.14958 -0.119417 -0.403555 0.925568 0.290835 
-0.306708 0.168433 -0.23654 -0.361535 0.699394 0.257112 
-0.0261238 -0.0481096 -0.836111 -0.413979 1.74074 0.106546 
-0.201488 -0.0264885 -0.467244 -0.300453 1.32847 0.114708 
-0.307601 0.206673 -0.398243 -0.258456 1.01054 0.100276 
-0.203908 0.197767 -0.971617 -0.267631 1.73531 -0.0124366 
-0.308687 0.261862 -0.577557 -0.213206 1.26918 0.00847517 
-0.00260083 0.354376 0.611334 0.635986 -1.80318 -0.132216 
-0.223571 0.346549 0.205277 0.479625 -1.369 -0.212667 
0.34616 0.144957 0.862482 0.998258 -1.7992 -0.308931 
0.00442534 0.0972409 0.610379 0.732005 -1.43664 -0.388785 
-0.218648 0.263612 0.176916 0.615332 -1.11166 -0.408656 
0.357082 -0.28111 0.803121 1.17577 -1.41222 -0.854625 
0.0124797 -0.0912079 0.531637 0.992065 -1.10457 -0.780053 
-0.21309 0.197496 0.122148 0.89043 -0.864385 -0.748673 
0.361437 -0.449334 0.57357 -1.61138 1.25664 1.70146 
0.0163551 -0.190566 0.379863 1.42526 -0.922869 -1.33255 
-0.210122 0.155066 0.0391655 1.3377 -0.705302 -1.26854 
0.357053 -0.434092 0.234752 -1.24349 1.29722 1.16398 
0.012502 -0.212192 0.169808 -1.21706 0.921689 1.1994 
-0.213091 0.13558 -0.0674105 1.89317 -0.673112 -1.90189 
0.78654 -0.184215 -0.539476 -1.2234 1.93307 0.701311 
0.346035 -0.291975 -0.21127 -0.960821 1.51301 0.727898 
0.00442564 -0.163692 -0.0986564 -0.828423 1.11719 0.71477 
-0.218657 0.142517 -0.199341 -0.789753 0.816292 0.709739 
0.334139 0.0132758 -0.886385 -0.847045 1.87444 0.351857 
-0.00332781 -0.0500697 -0.436061 -0.625473 1.41344 0.413738 
-0.223579 0.173239 -0.352345 -0.550544 1.0435 0.408404 
-0.00951012 0.158026 -0.914169 -0.542989 1.7559 0.192104 
-0.227497 0.22269 -0.52429 -0.432607 1.26727 0.235083 
0.185916 0.371972 0.575033 0.908203 -1.87142 -0.254196 
-0.142191 0.328818 0.221907 0.670932 -1.42333 -0.361777 
0.623815 0.28979 0.664567 1.34628 -1.96009 -0.427692 
0.194289 0.12934 0.568469 1.00002 -1.5941 -0.548458 
-0.13663 0.250391 0.187756 0.825104 -1.21605 -0.581655 
0.20112 -0.0475028 0.487628 1.2081 -1.36187 -0.924231 
-0.131576 0.188239 0.130072 1.07626 -1.03065 -0.90416 
0.633583 -0.223683 0.407496 -1.55431 1.65941 1.75517 
-0.12954 0.146884 0.0484166 1.41745 -0.912408 -1.32323 
0.623859 -0.112982 -0.352639 -1.19145 1.81189 0.918212 
0.194242 -0.126285 -0.126658 -1.03686 1.35798 0.928558 
-0.13663 0.130457 -0.181155 -0.984222 0.974 0.923862 
0.185937 -0.0196902 -0.459282 -0.852613 1.56995 0.617798 
-0.142297 0.155429 -0.326527 -0.745956 1.13365 0.618813 
0.17836 0.187999 -0.943653 -0.774631 1.8485 0.344493 
-0.147208 0.199317 -0.491149 -0.605592 1.31332 0.417089 
0.357209 0.422165 0.493113 1.1121 -1.96149 -0.348824 
-0.0635923 0.321852 0.226864 0.805137 -1.49746 -0.463519 
0.364415 0.199962 0.482706 1.17924 -1.75644 -0.642251 
-0.058073 0.246498 0.189977 0.951787 -1.32608 -0.680284 
-0.0532403 0.186573 0.131037 1.17636 -1.17485 -0.979599 
0.824273 0.0489494 0.154445 -1.49174 1.93679 1.78879 
0.364511 -0.0467255 -0.198309 -1.13917 1.57932 1.04497 
-0.0580434 0.127335 -0.175434 -1.07368 1.11772 1.0309 
0.357208 0.0572194 -0.533567 -0.9999 1.74238 0.745904 
-0.0635922 0.148962 -0.315744 -0.863945 1.23914 0.751661 
0.350461 0.281691 -1.05559 -0.963093 1.97638 0.434043 
-0.0685575 0.18911 -0.475118 -0.729273 1.38481 0.550618 
0.0132185 0.323499 0.222312 0.902943 -1.57657 -0.53618 
0.512191 0.299079 0.357605 1.30228 -1.9039 -0.708907 
0.018526 0.250663 0.183862 1.03672 -1.4307 -0.743378 
0.517096 0.149531 0.280636 -1.71821 1.77584 2.11795 
0.0231028 0.192689 0.123774 1.23966 -1.30303 -1.02284 
0.0231028 0.132457 -0.0601881 1.77605 -1.19859 4.55939 
0.512193 0.0697068 -0.314711 -1.19395 1.77148 1.11357 
0.018475 0.132568 -0.180176 -1.1188 1.24579 1.09374 
0.506217 0.178485 -0.66522 -1.10111 1.90812 0.818099 
0.0132188 0.152092 -0.317157 -0.936788 1.34394 0.84019 
0.00850459 0.189845 -0.473031 -0.81628 1.46614 0.648883 
-0.789365 0.628114 -0.0606118 -0.70029 -1.93845 0.780378 
-0.594954 0.508008 -0.318229 -0.612599 -1.5291 0.866754 
-0.796368 0.50093 -0.109612 -0.792905 -1.73669 0.922537 
-0.601115 0.479553 -0.390083 -0.746352 -1.388 0.994845 
-1.19917 0.686479 -0.182899 -1.1201 -2.00326 1.0524 
-1.00682 0.496794 -0.121845 -1.0279 -1.78877 1.08361 
-0.804643 0.41438 -0.218201 -0.966621 -1.52892 1.12789 
-0.60834 0.463649 -0.485305 -0.961882 -1.24404 1.19552 
-1.20647 0.516485 -0.383735 1.85782 1.83581 -1.72484 
-1.01537 0.405466 -0.333328 1.87873 1.63631 -1.7225 
-0.812823 0.387806 -0.410986 -1.25998 -1.41443 1.44784 
-0.616045 0.475682 -0.628542 -1.29597 -1.18922 1.51733 
-0.812851 0.70055 -1.36424 1.23056 1.64285 -0.798266 
-0.616097 0.652523 -1.16817 1.12366 1.4342 -0.871678 
-0.681266 0.475815 0.174498 -0.509592 -1.86155 0.60161 
-0.532225 0.424475 -0.199416 -0.439282 -1.42227 0.674383 
-0.865676 0.445645 0.340202 -0.702094 -1.94125 0.631371 
-0.687172 0.326219 0.132514 -0.580841 -1.59178 0.710361 
-0.53694 0.3877 -0.261393 -0.545363 -1.23459 0.765931 
-1.07806 0.276184 0.417824 -0.909875 -1.82296 0.792406 
-0.874572 0.187109 0.285813 -0.79058 -1.54989 0.846394 
-0.69384 0.216853 0.0366066 -0.730363 -1.27467 0.874894 
-0.541785 0.358853 -0.339985 -0.729893 -0.999451 0.922858 
-0.883468 0.0451242 0.0966713 -1.0928 -1.17529 1.19923 
-0.700458 0.158712 -0.126467 -1.08262 -0.962829 1.21213 
-0.546312 0.34593 -0.450894 -1.13544 -0.76391 1.28393 
-1.09815 0.0180049 -0.216942 1.5549 1.49208 -1.37123 
-0.894993 0.0787431 -0.280045 1.51261 1.29321 -1.36136 
-0.559077 0.399423 -0.66225 1.38763 0.975697 -1.25166 
-1.08902 0.300846 -1.03786 1.10445 1.62007 -0.753767 
-0.883464 0.253887 -0.85127 0.978941 1.41083 -0.792327 
-0.70041 0.314999 -0.811185 0.880213 1.22523 -0.779258 
-0.546311 0.466745 -0.902177 0.789802 1.08245 -0.727394 
-0.541784 0.743154 -1.4796 0.595101 1.57564 -0.469018 
-0.547331 0.34728 0.357673 -0.279387 -1.79087 0.418251 
-0.462955 0.352904 -0.103903 -0.24004 -1.33102 0.461806 
-0.670828 0.229397 0.643612 -0.418438 -1.85555 0.429275 
-0.552193 0.17848 0.315676 -0.337108 -1.46976 0.482684 
-0.466553 0.312254 -0.16312 -0.319348 -1.11703 0.517715 
-0.852073 -0.142415 0.867976 -0.619204 -1.61439 0.598751 
-0.679753 -0.0924954 0.579722 -0.521069 -1.33735 0.607515 
-0.558655 0.0568258 0.21687 -0.476858 -1.09651 0.610876 
-0.471301 0.280418 -0.239758 -0.484255 -0.850043 0.648256 
-0.86639 -0.476175 0.632665 -0.98128 -1.01046 1.09422 
-0.68974 -0.249111 0.368916 -0.90132 -0.847251 1.00213 
-0.565754 -0.00680031 0.0507318 -0.871491 -0.703559 0.974608 
-0.476511 0.264453 -0.348127 -0.934427 -0.554352 1.05019 
-0.86639 -0.170916 -0.537269 0.803069 1.36352 -0.632825 
-0.689799 -0.0556057 -0.514962 0.69454 1.16587 -0.622673 
-0.565761 0.124246 -0.58543 0.623156 1.01384 -0.601257 
-0.476508 0.365763 -0.767774 0.562174 0.919533 -0.559707 
-0.558696 0.434127 -1.26536 0.42059 1.60169 -0.366241 
-0.471307 0.529164 -1.1413 0.36469 1.37413 -0.388802 
-0.387103 0.242548 0.492044 -0.0186698 -1.73119 0.219024 
-0.388026 0.292245 -0.0293387 -0.0198536 -1.25959 0.228888 
-0.388166 0.0457695 0.853713 -0.0482158 -1.76356 0.191176 
-0.389715 0.0568648 0.447653 -0.0495397 -1.36805 0.212802 
-0.3902 0.249125 -0.0881077 -0.0572652 -1.02512 0.232701 
-0.396268 -0.334824 0.774152 -0.127158 -1.11201 0.23362 
-0.395343 -0.0721335 0.342686 -0.139834 -0.944631 0.258617 
-0.394799 0.21566 -0.164619 -0.170149 -0.727672 0.303585 
-0.41083 -0.917054 0.848923 -0.585517 -0.372168 0.670749 
-0.40534 -0.483349 0.534808 -0.443862 -0.473841 0.515606 
-0.402363 -0.135724 0.170578 -0.452734 -0.45759 0.525676 
-0.400496 0.199002 -0.272566 -0.571538 -0.361938 0.654986 
-0.378277 -0.765435 0.334467 -0.0345339 0.431035 0.0315576 
-0.382589 -0.444458 0.166483 -0.035521 0.278106 0.0341572 
-0.38457 -0.122148 -0.0820066 -0.0396018 0.204155 0.038832 
-0.386291 0.2128 -0.428892 -0.0308301 0.216091 0.0302308 
-0.410828 -0.435456 -0.35547 0.218893 1.18214 -0.201528 
-0.40534 -0.25078 -0.34589 0.236296 0.991903 -0.246318 
-0.402363 -0.00898138 -0.443456 0.25982 0.85143 -0.2876 
-0.400496 0.287706 -0.666356 0.275906 0.779817 -0.312153 
-0.396257 0.227815 -1.31357 0.116036 1.75405 -0.155667 
-0.395371 0.226153 -0.979967 0.11463 1.42422 -0.19317 
-0.394812 0.418621 -0.980351 0.119739 1.23339 -0.21581 
-0.203899 0.171272 0.572542 0.266458 -1.70635 0.00443945 
-0.308688 0.244149 0.0242211 0.216701 -1.22299 -0.0193242 
-0.0259841 -0.0408444 0.932563 0.414715 -1.74761 -0.103372 
-0.201488 -0.023403 0.522263 0.300081 -1.33337 -0.113145 
-0.307601 0.200314 -0.0367002 0.263281 -0.983591 -0.109057 
-0.0201014 -0.443815 0.839269 0.520886 -1.11402 -0.402404 
-0.199061 -0.154114 0.409421 0.407672 -0.912987 -0.297625 
-0.306705 0.167138 -0.116083 0.369515 -0.683628 -0.267291 
-0.00998034 -0.569405 0.580189 1.03492 -0.664481 -1.03008 
-0.193181 -0.209591 0.227879 0.865532 -0.519102 -0.829608 
-0.302892 0.154267 -0.228124 0.86666 -0.375899 -0.827475 
0.00291493 -0.501557 0.202098 -1.23025 0.746017 1.12121 
-0.295053 0.177219 -0.388691 -1.10561 0.446478 1.063 
0.318329 -0.448212 -0.339591 -0.880906 1.37891 0.511336 
-0.0101109 -0.318644 -0.288424 -0.647179 1.07584 0.449975 
-0.193178 -0.0835913 -0.364642 -0.52375 0.856297 0.396145 
-0.302892 0.233178 -0.592923 -0.432296 0.731377 0.327493 
-0.0201059 0.0922014 -1.12782 -0.466163 1.68241 0.0987054 
-0.199055 0.123243 -0.847904 -0.327199 1.35239 0.112926 
-0.306666 0.342959 -0.870057 -0.254629 1.13828 0.0843745 
-0.307542 0.570857 -1.3439 -0.218438 1.57664 -0.0404012 
-0.00978424 0.144513 0.595755 0.541465 -1.74206 -0.199185 
-0.227497 0.210558 0.0576649 0.437244 -1.237 -0.249875 
0.334139 0.0205858 0.860034 0.848836 -1.8794 -0.345939 
-0.00331636 -0.047988 0.537766 0.625346 -1.41594 -0.411104 
-0.22358 0.169245 -0.00856296 0.556255 -1.02781 -0.419597 
0.786549 -0.213132 0.90225 1.21135 -1.92111 -0.73588 
0.346157 -0.34062 0.761193 0.966909 -1.4669 -0.795914 
0.00443003 -0.169311 0.414205 0.834741 -1.10542 -0.729098 
-0.218657 0.141798 -0.0959609 0.797173 -0.808587 -0.720528 
0.0131301 -0.214101 0.225889 -1.90079 0.912909 1.90463 
-0.213091 0.136477 -0.214298 -1.88162 0.670138 1.88714 
-0.210099 0.158808 -0.367784 -1.3209 0.708916 1.24645 
0.797326 -0.203633 -0.492134 1.70718 -1.8051 -2.35627 
0.356943 -0.241666 -0.337857 -1.16825 1.43447 0.801201 
0.0124849 -0.0903321 -0.35178 -0.991129 1.1053 0.778282 
-0.213091 0.209939 -0.558984 -0.87143 0.88309 0.719086 
0.346159 0.176299 -1.21263 -1.00392 1.8148 0.283972 
0.0044248 0.100189 -0.811376 -0.731684 1.43929 0.386377 
-0.218642 0.302841 -0.808899 -0.598175 1.16555 0.367776 
-0.223559 0.477024 -1.1899 -0.469805 1.5124 0.138788 
0.178406 0.165313 0.563911 0.769651 -1.82967 -0.363659 
-0.14721 0.190126 0.075785 0.609646 -1.29188 -0.432137 
0.185959 -0.0165438 0.500946 0.852467 -1.57345 -0.613511 
-0.142297 0.152521 0.00465563 0.750441 -1.12344 -0.629292 
0.623581 -0.11665 0.576264 -1.9521 1.80913 2.21759 
0.194242 -0.12883 0.373658 1.03838 -1.35386 -0.935708 
-0.13663 0.129958 -0.0876721 0.989013 -0.96936 -0.932359 
0.63098 -0.240069 0.344503 -1.79011 1.67024 1.78273 
0.201118 -0.168503 0.184239 1.32349 -1.23246 -1.34459 
0.203771 -0.141423 -0.0654523 1.64326 -1.23862 4.49336 
0.63099 -0.0582123 -0.492362 -1.41512 1.75484 -5.36704 
0.201143 -0.049378 -0.387276 -1.20886 1.36066 0.927648 
-0.131577 0.199146 -0.543505 -1.06276 1.04317 0.877623 
0.194104 0.138599 -0.847897 -1.00028 1.59979 0.539233 
-0.136631 0.284388 -0.780202 -0.81045 1.25549 0.537106 
-0.142297 0.438048 -1.12665 -0.662784 1.53203 0.276149 
0.35006 0.227283 0.48548 0.943242 -1.94059 -0.486851 
-0.0685574 0.181124 0.0819609 0.732287 -1.36774 -0.566212 
0.357216 0.0587263 0.420248 1.00037 -1.74369 -0.743657 
-0.0635871 0.146426 0.00796585 0.867216 -1.23111 -0.761619 
0.364408 -0.0458248 0.294202 1.13917 -1.58114 -1.04194 
-0.0580776 0.126962 -0.0866527 1.07653 -1.11439 -1.03804 
0.822556 0.0308408 0.0951692 -1.75725 1.95382 1.75668 
0.82256 0.222884 -0.793721 1.56445 -1.99473 -2.23919 
0.370302 0.0336153 -0.468694 -1.33597 1.58549 0.990944 
-0.0532854 0.197323 -0.540424 -1.16612 1.18555 0.953731 
0.364466 0.235312 -0.960349 -1.1865 1.7729 0.602493 
-0.058079 0.278925 -0.770778 -0.941352 1.35845 0.634186 
-0.0635929 0.422034 -1.09928 -0.802474 1.58673 0.370973 
0.00850733 0.181869 0.0781957 0.818182 -1.45032 -0.665833 
0.506253 0.166191 0.299829 1.09441 -1.8983 -0.837497 
0.0132959 0.149377 0.00269373 0.938741 -1.33617 -0.850285 
0.511916 0.0692802 0.176925 -1.9481 1.77163 2.02864 
0.0184807 0.132082 -0.0933274 1.12168 -1.24197 -1.10231 
0.0250289 0.156377 -0.365029 -1.4935 1.22102 1.34848 
0.517101 0.157735 -0.602986 -1.42651 1.77807 1.00844 
0.023103 0.204217 -0.548275 -1.23263 1.31208 0.995838 
0.512191 0.413807 -1.19954 -1.34788 1.93535 0.575711 
0.0184626 0.28437 -0.77638 -1.03084 1.46018 0.694063 
0.0132145 0.423959 -1.09918 -0.907637 1.6566 0.434335 
-0.783763 0.516049 -0.113591 -0.572027 -1.85059 0.872016 
-0.58993 0.495075 -0.595525 -0.540231 -1.32216 0.971037 
-0.78937 0.43272 -0.215344 -0.648507 -1.66379 1.00426 
-0.594958 0.515611 -0.731566 -0.663759 -1.20152 1.1126 
-0.998095 0.464499 -0.165295 -0.82063 -1.81052 1.12428 
-0.796464 0.39507 -0.377191 -0.784444 -1.47211 1.18652 
-0.601113 0.562209 -0.912541 -0.859065 -1.0794 1.32887 
-1.19916 0.515717 -0.35608 -1.00981 -1.83481 1.37217 
-1.00677 0.399119 -0.399369 -0.98995 -1.58718 1.40285 
-0.804648 0.417491 -0.625021 -1.01957 -1.30626 1.46946 
-0.608346 0.673514 -1.20952 -1.18701 -0.993427 1.69816 
-0.675959 0.349873 0.117514 -0.419784 -1.76588 0.680564 
-0.528182 0.401303 -0.46559 -0.394912 -1.22057 0.755729 
-0.858047 0.369845 0.324549 -0.585272 -1.97174 0.703154 
-0.680978 0.24943 0.0227688 -0.486322 -1.5284 0.782464 
-0.532222 0.409972 -0.582858 -0.500894 -1.06597 0.863312 
-1.06722 0.298359 0.409252 -0.772611 -1.9831 0.806124 
-0.865687 0.153678 0.231168 -0.647197 -1.62634 0.886606 
-0.687089 0.194787 -0.124962 -0.611788 -1.26948 0.930443 
-0.536938 0.435959 -0.729461 -0.68252 -0.889268 1.04201 
-1.07808 0.0272708 0.245084 -0.870319 -1.55524 1.12202 
-0.874567 0.0503516 0.0179933 -0.838963 -1.27023 1.14368 
-0.69384 0.189246 -0.334595 -0.8655 -0.993666 1.18917 
-0.541819 0.488936 -0.926115 -1.04626 -0.705079 1.39323 
-0.546313 0.643614 -1.30737 -1.78362 -0.696717 -4.15247 
-1.0982 0.275826 -0.953833 1.52003 1.50827 -0.891178 
-0.894991 0.363524 -1.0701 1.38387 1.35643 -0.844049 
-0.54372 0.207507 0.296634 -0.228453 -1.67984 0.473117 
-0.460313 0.323375 -0.364382 -0.215383 -1.13023 0.512907 
-0.663896 0.134825 0.624083 -0.339818 -1.86859 0.486711 
-0.547301 0.0943608 0.201644 -0.276722 -1.39721 0.529773 
-0.462955 0.326035 -0.473042 -0.28823 -0.948296 0.574921 
-0.839055 -0.107632 0.858514 -0.499527 -1.79762 0.592259 
-0.670651 -0.129516 0.51956 -0.405947 -1.41153 0.621319 
-0.552189 0.0311587 0.0554308 -0.380768 -1.08741 0.63128 
-0.466553 0.343051 -0.605302 -0.435201 -0.733179 0.706372 
-0.852075 -0.451763 0.645116 -0.675848 -1.18609 0.92209 
-0.679724 -0.240038 0.288929 -0.628624 -0.967577 0.866976 
-0.558653 0.0202872 -0.149237 -0.640154 -0.752717 0.877127 
-0.471302 0.382739 -0.778714 -0.824415 -0.496601 1.07424 
-0.38603 0.09076 0.427354 -0.00620298 -1.60941 0.239942 
-0.38717 0.259311 -0.287134 -0.0079 -1.06355 0.244776 
-0.385278 -0.06822 0.830357 -0.0175696 -1.75926 0.216362 
-0.387091 -0.0301917 0.32764 -0.0190886 -1.2941 0.227244 
-0.388039 0.258823 -0.39211 -0.0249007 -0.8635 0.238985 
-0.388993 -0.367088 0.705506 -0.0516187 -1.20218 0.220675 
-0.389733 -0.0961126 0.177299 -0.0599753 -0.945395 0.237726 
-0.390199 0.271792 -0.51856 -0.0845146 -0.618297 0.271885 
-0.397873 -0.89193 0.866652 -0.190547 -0.653137 0.329915 
-0.396263 -0.464773 0.450147 -0.186833 -0.663158 0.324962 
-0.395359 -0.106622 -0.0289489 -0.219366 -0.544579 0.364717 
-0.394774 0.30504 -0.680888 -0.373642 -0.313937 0.532954 
-0.410832 -0.77522 0.381014 1.51473 0.202211 -1.39613 
-0.405347 -0.409941 0.080563 -1.31266 -0.204118 1.42276 
-0.400496 0.384618 -0.926454 0.886436 0.249743 -0.757451 
-0.378132 -0.482589 -0.275133 -0.0197443 0.757726 0.0138149 
-0.382526 -0.213301 -0.449243 -0.015501 0.662575 0.0120268 
-0.384836 0.10557 -0.750885 -0.0122821 0.645348 0.00973749 
-0.206456 0.0130644 0.50443 0.235366 -1.58431 -0.0142501 
-0.310034 0.209606 -0.232136 0.214842 -1.03567 -0.0360786 
-0.0314578 -0.163304 0.908407 0.364498 -1.74694 -0.117175 
-0.204386 -0.111986 0.399798 0.276218 -1.26599 -0.116968 
-0.30866 0.208558 -0.33738 0.275512 -0.837316 -0.131447 
-0.0260848 -0.473153 0.769119 0.438899 -1.2025 -0.34781 
-0.201489 -0.175447 0.241983 0.368278 -0.924046 -0.268964 
-0.307599 0.220865 -0.463668 0.394332 -0.597538 -0.2921 
0.300555 -0.919995 0.869906 0.89268 -0.979987 -1.01561 
-0.0200748 -0.552665 0.496735 0.721384 -0.742024 -0.729367 
-0.199058 -0.180969 0.0293928 0.635936 -0.556501 -0.59935 
-0.306664 0.25391 -0.625877 0.808423 -0.321439 -0.757751 
-0.302892 0.330834 -0.862905 -0.954134 0.350031 0.927616 
0.334091 -0.474083 -0.280259 -1.17694 1.18315 0.738177 
0.00292273 -0.263215 -0.411604 -0.926672 0.926816 0.674206 
-0.183192 0.0421324 -0.683388 -0.749672 0.795263 0.577623 
-0.295054 0.564517 -1.3687 -0.526225 0.876364 0.355871 
-0.015454 -0.0165074 0.528196 0.467589 -1.6269 -0.259268 
-0.230756 0.174535 -0.196895 0.422419 -1.05586 -0.297852 
0.323707 -0.0966484 0.842777 0.71907 -1.89194 -0.399592 
-0.0100881 -0.138147 0.416705 0.548172 -1.34492 -0.436696 
-0.227497 0.175392 -0.305396 0.543687 -0.884149 -0.463822 
0.334327 -0.38392 0.703255 0.799691 -1.4928 -0.757883 
-0.00353153 -0.195409 0.251675 0.716975 -1.07467 -0.693732 
-0.223582 0.191244 -0.436836 0.77264 -0.704482 -0.747638 
0.346153 -0.459655 0.431249 1.05536 -1.2254 -1.18539 
0.00442561 -0.190939 0.0296194 1.05701 -0.864163 -1.12445 
-0.218602 0.230014 -0.605804 -1.90164 0.57923 1.85536 
0.797622 -0.470904 0.211483 -1.84011 1.59768 -4.86841 
0.356936 -0.384976 0.0504452 -1.71173 1.16976 1.42719 
-0.21309 0.3131 -0.846972 1.85792 -0.664382 -2.00227 
-2.34058 -0.536699 -1.81713 -1.65812 -1.65739 3.92084 
0.361538 -0.182356 -0.474463 -1.37318 1.32166 0.88904 
0.0163567 0.0388629 -0.679987 -1.13483 1.05585 0.81317 
-0.21012 0.5126 -1.28669 -0.860126 0.982231 0.572575 
0.172076 0.0061503 0.499805 0.659266 -1.7269 -0.463444 
-0.15133 0.152783 -0.177338 0.586381 -1.11423 -0.511816 
0.178422 -0.109135 0.385002 0.740238 -1.49674 -0.674149 
-0.147227 0.156467 -0.289469 0.726434 -0.976794 -0.703851 
0.614453 -0.166689 0.529333 0.989769 -1.8143 -0.946928 
0.185959 -0.160561 0.21613 0.898446 -1.29625 -0.945091 
-0.142296 0.176261 -0.425373 0.955325 -0.852657 -0.995328 
0.623826 -0.249359 0.273834 1.12828 -1.63259 -1.32713 
0.194241 -0.150439 -0.0102418 1.15589 -1.16653 -1.31437 
0.201154 -0.0756477 -0.309065 1.48044 -1.16383 4.51408 
-0.131583 0.30391 -0.837984 -1.41407 0.869694 1.18808 
0.203767 0.0851597 -0.7291 -1.36173 1.30105 0.898354 
-0.129501 0.493344 -1.25745 -1.06679 1.10399 0.684431 
0.344443 0.0742377 0.425106 0.801176 -1.8523 -0.620214 
-0.0727878 0.142816 -0.170407 0.701871 -1.19321 -0.674569 
0.350456 -0.033808 0.309865 0.860304 -1.66699 -0.838831 
-0.0685446 0.148883 -0.285017 0.834918 -1.08265 -0.864615 
0.357212 -0.0814247 0.141073 0.980205 -1.51139 -1.09406 
-0.063592 0.17164 -0.423691 1.0333 -0.991805 -1.13013 
0.82426 0.316872 -1.00687 1.32594 -1.85642 -2.29617 
-0.051336 0.490805 -1.25341 -1.20869 1.21579 0.742806 
0.495772 0.176145 0.307444 0.898466 -1.97515 -0.747338 
0.00447844 0.14313 -0.173962 0.778969 -1.27875 -0.797631 
0.500594 0.0767031 0.194475 0.92968 -1.82379 -0.961114 
0.00850571 0.151203 -0.290491 0.897102 -1.18684 -0.976941 
0.506217 0.033104 0.0266647 -2.12932 1.6955 1.94216 
0.956596 0.410808 -0.757728 -2.00467 2.00499 1.20923 
0.519017 0.938348 -2.10936 1.44532 -1.62363 3.53806 
0.0250255 0.507599 -1.27922 -1.31571 1.317 0.766459 
-0.779287 0.440246 -0.215053 -0.478632 -1.71923 0.943391 
-0.585866 0.671225 -1.16365 -0.546926 -0.997712 1.12377 
-0.783765 0.404029 -0.372982 -0.547596 -1.53483 1.0699 
-0.990796 0.436896 -0.22063 -0.668379 -1.78371 1.16195 
-0.78943 0.42284 -0.604765 -0.665299 -1.34609 1.24754 
-1.19067 0.519034 -0.343741 -0.805981 -1.86251 1.35114 
-0.998086 0.407657 -0.49398 -0.79081 -1.54162 1.40302 
-0.796367 0.533089 -0.978892 -0.875515 -1.15543 1.53913 
-1.19918 1.40978 -2.34174 -1.05072 -1.22857 2.29571 
-0.671879 0.263691 0.0143247 -0.354229 -1.63289 0.740232 
-0.524924 0.524941 -0.941171 -0.400589 -0.932634 0.85884 
-0.85194 0.298274 0.300541 -0.486052 -1.95048 0.763115 
-0.6759 0.212977 -0.132177 -0.416671 -1.41182 0.83662 
-0.52818 0.654994 -1.25559 -0.565069 -0.740836 1.05138 
-0.85805 0.122618 0.169002 -0.534584 -1.62907 0.921796 
-0.680955 0.212256 -0.336898 -0.529211 -1.18098 0.979472 
-1.06745 0.0429458 0.245422 -0.698379 -1.67014 1.09516 
-0.86572 0.0608674 -0.0775289 -0.673197 -1.3076 1.13303 
-0.687089 0.270938 -0.622261 -0.747143 -0.939206 1.22562 
-1.07808 -0.0084459 -0.122662 2.22536 1.30018 -1.70279 
-0.874566 0.121347 -0.464568 -0.989834 -1.01611 1.50138 
-0.883468 0.46479 -1.3004 1.47096 0.967481 -0.8363 
-0.541051 0.113676 0.188793 -0.193716 -1.54139 0.514229 
-0.458347 0.425371 -0.801742 -0.219914 -0.859877 0.574041 
-0.658818 0.0485166 0.593907 -0.279853 -1.83783 0.533051 
-0.543715 0.0550862 0.0439123 -0.236821 -1.28533 0.566274 
-0.460315 0.506806 -1.0297 -0.318889 -0.664202 0.674198 
-0.829228 -0.0853743 0.850103 -0.417602 -1.9183 0.60155 
-0.663787 -0.16044 0.449502 -0.327917 -1.42376 0.639676 
-0.5473 0.046366 -0.152188 -0.32279 -1.01273 0.656055 
-0.839055 -0.430917 0.64709 -0.501892 -1.32599 0.846594 
-0.67065 -0.225237 0.192115 -0.472884 -1.02711 0.811865 
-0.552204 0.0913617 -0.413276 -0.524115 -0.717093 0.857892 
-0.852073 -0.447684 0.239742 -0.840595 -0.891888 1.24146 
-0.679744 -0.165217 -0.180812 -0.885016 -0.675117 1.23716 
-0.558657 0.21721 -0.796 1.97869 0.460442 -1.64108 
-0.689709 0.0556753 -0.772888 -1.86851 -0.662374 -4.0358 
-0.385622 -0.00700473 0.313624 -0.0016019 -1.46765 0.256001 
-0.386798 0.349203 -0.702189 -0.00294034 -0.808078 0.25891 
-0.38423 -0.166017 0.793938 -0.00540571 -1.71953 0.237167 
-0.386043 -0.0685436 0.165462 -0.00685315 -1.18828 0.242493 
-0.38712 0.413148 -0.899405 -0.0119411 -0.605148 0.250673 
-0.385605 -0.390851 0.626781 -0.0186694 -1.23258 0.226954 
-0.387096 -0.0781594 -0.0310193 -0.0237098 -0.887573 0.236974 
-0.388052 0.543648 -1.21309 -0.0586772 -0.327715 0.278345 
-0.387682 -0.864494 0.871505 -0.06262 -0.87069 0.241785 
-0.388988 -0.439299 0.348769 -0.0691286 -0.773945 0.251548 
-0.389729 -0.035562 -0.285671 -0.0938838 -0.544048 0.283002 
-0.397873 -0.770771 0.408449 -0.365284 -0.327393 0.525316 
-0.396259 -0.360656 -0.0308408 -0.398536 -0.29985 0.55951 
-0.395372 0.0764932 -0.638651 -0.818487 -0.15537 0.988737 
-0.41083 -0.506852 -0.210515 0.558173 0.389063 -0.406456 
-0.405348 -0.145793 -0.583374 0.533532 0.396394 -0.383539 
-0.402363 0.44814 -1.43766 0.331927 0.63403 -0.156578 
-0.209069 -0.088225 0.388404 0.21043 -1.44238 -0.0273607 
-0.311446 0.293333 -0.63483 0.232502 -0.794146 -0.0700451 
-0.0364719 -0.268209 0.870414 0.31726 -1.70499 -0.129984 
-0.206728 -0.148391 0.234748 0.256093 -1.16544 -0.120128 
-0.310087 0.351246 -0.821378 0.328879 -0.603305 -0.199239 
-0.0314963 -0.492851 0.688493 0.381139 -1.23346 -0.315696 
-0.204243 -0.15481 0.034012 0.344511 -0.876181 -0.257659 
-0.308621 0.458783 -1.09381 0.591952 -0.37069 -0.504239 
0.28662 -0.90059 0.879284 0.678814 -1.09826 -0.820248 
-0.0260822 -0.523951 0.396049 0.567717 -0.828956 -0.587171 
-0.201487 -0.10855 -0.223535 0.5661 -0.565353 -0.532972 
-0.0201027 -0.428946 0.00671932 1.13003 -0.516567 -1.2284 
-0.199061 0.00400157 -0.57216 -1.71426 0.322564 -4.60072 
0.318356 -0.507949 -0.218664 1.7727 -0.883495 -2.16726 
-0.0101108 -0.20267 -0.545901 -1.0362 0.664427 0.820632 
-0.193182 0.301654 -1.22909 -0.631542 0.693507 0.47787 
-0.0201262 -0.118282 0.411443 0.414561 -1.48765 -0.304504 
-0.233559 0.254885 -0.592323 0.449618 -0.826121 -0.375306 
0.315164 -0.199415 0.810783 0.61209 -1.85605 -0.450717 
-0.0155609 -0.175367 0.252984 0.49575 -1.24068 -0.460849 
-0.230753 0.31267 -0.777969 0.614068 -0.667672 -0.585547 
0.323734 -0.414026 0.631412 0.6782 -1.48305 -0.739468 
-0.0101411 -0.176484 0.0463232 0.64512 -1.00534 -0.684276 
-0.227497 0.413503 -1.03742 0.956297 -0.511659 -0.98834 
0.772773 -0.501542 0.676738 -2.24667 1.72056 1.99676 
0.334143 -0.445857 0.339575 0.872197 -1.20479 -1.08089 
-0.00353195 -0.12361 -0.217718 0.934568 -0.801582 -1.05573 
-2.34417 -0.91154 -1.16127 1.36376 1.39526 6.90929 
0.356936 -0.114029 -0.627642 -1.53151 1.1487 0.98294 
0.0127268 0.312083 -1.25305 -1.13401 0.971164 0.703012 
0.166708 -0.0956586 0.386094 0.579865 -1.59266 -0.541152 
-0.154842 0.230943 -0.568265 0.616662 -0.893408 -0.624489 
0.172082 -0.149021 0.224988 0.663122 -1.38553 -0.726194 
-0.151339 0.290021 -0.754998 0.793611 -0.770739 -0.857182 
0.605583 -0.205674 0.46918 0.834935 -1.78197 -0.972707 
0.178418 -0.146232 0.0144631 0.805206 -1.2028 -0.964957 
-0.147212 0.391066 -1.01305 1.09365 -0.667277 -1.23096 
0.614403 -0.248807 0.190145 0.946425 -1.57297 -1.29579 
0.185952 -0.0878835 -0.2562 1.03525 -1.06675 -1.30009 
1.02708 -0.064716 -0.0885908 -2.1106 1.90814 1.46392 
0.631006 0.0867183 -0.82825 -1.79086 1.47454 0.958397 
0.201117 0.438682 -1.45013 -1.39263 1.19246 6.97633 
0.339566 -0.0257933 0.315464 0.697353 -1.7255 -0.727657 
-0.0764636 0.220161 -0.559861 0.728407 -0.979391 -0.813474 
0.34461 -0.0760469 0.154315 0.761843 -1.55157 -0.918988 
-0.0727873 0.281026 -0.748444 0.890845 -0.881696 -1.03876 
0.805236 0.0575565 0.217604 -2.23264 2.0071 -4.267 
0.350443 -0.071123 -0.0582261 -2.27005 1.40226 1.99473 
-0.0685455 0.38444 -1.00896 -2.00467 0.806051 1.77374 
0.817788 0.100196 -0.465562 1.04897 -1.71894 4.49287 
0.822555 0.499871 -1.37996 -1.99134 1.62564 0.775152 
0.491555 0.0809394 0.202822 0.772657 -1.85638 -0.876199 
0.000989625 0.220461 -0.563646 0.796343 -1.0688 -0.95483 
0.495738 0.0342564 0.0426076 0.812113 -1.70615 -1.06502 
0.00447839 0.28375 -0.755429 0.937908 -0.986881 -1.16515 
0.500606 0.041383 -0.172239 0.888241 -1.57474 -1.27998 
0.0085089 0.3912 -1.02176 -2.00202 0.923301 1.68422 
0.948967 0.323573 -0.404535 -2.23694 1.98207 -4.72151 
0.953277 0.462483 -0.915284 -2.20278 1.83558 1.18706 
-0.77568 0.40744 -0.370723 -0.415148 -1.55928 0.999432 
-0.980419 0.519804 -0.114517 -0.518276 -1.96855 1.02868 
-0.779288 0.42581 -0.598564 -0.483964 -1.36549 1.12673 
-0.985 0.416617 -0.289057 -0.556834 -1.72229 1.19025 
-0.78384 0.529275 -0.955136 -0.607556 -1.14992 1.32466 
-1.18359 0.520647 -0.335876 -0.66164 -1.87561 1.33619 
-0.990765 0.428092 -0.611948 -0.654354 -1.46604 1.40728 
-0.998095 0.729219 -1.4012 2.24665 1.1453 -1.29245 
-0.668678 0.222062 -0.137404 -0.310018 -1.47803 0.785998 
-0.847152 0.234787 0.266035 -0.407738 -1.89982 0.809723 
-0.671873 0.222659 -0.340547 -0.371732 -1.26191 0.880828 
-0.851941 0.0984412 0.097598 -0.448872 -1.58987 0.947296 
-0.675891 0.283537 -0.623011 -0.484232 -1.03257 1.03057 
-1.05845 0.0517281 0.245145 -0.575208 -1.73485 1.08268 
-0.858058 0.076555 -0.185626 -0.558671 -1.28551 1.13039 
-0.681097 0.456817 -1.08434 -0.734383 -0.770301 1.33529 
-1.0673 -0.000865451 -0.114614 -0.712587 -1.36012 1.35697 
-0.865686 0.183593 -0.626498 2.33738 0.989589 -1.69491 
-0.539019 0.0684164 0.034817 -0.17116 -1.38862 0.545855 
-0.655052 -0.0254023 0.552162 -0.234985 -1.78253 0.568811 
-0.54105 0.0622774 -0.160983 -0.212575 -1.14823 0.596743 
-0.822101 -0.0713743 0.843877 -0.358379 -2.00008 0.614407 
-0.658762 -0.182029 0.370092 -0.273707 -1.40022 0.656274 
-0.543716 0.109136 -0.418723 -0.293782 -0.890463 0.686453 
-0.829241 -0.416126 0.64581 -0.395691 -1.42418 0.811546 
-0.663787 -0.204256 0.0827352 -0.378876 -1.03769 0.789464 
-0.547312 0.229685 -0.782967 -0.497103 -0.59885 0.901752 
-0.839056 -0.438491 0.249335 -0.597404 -0.978687 1.07726 
-0.670649 -0.10868 -0.322323 -0.659786 -0.688979 1.09289 
-0.679725 0.176148 -1.01023 -1.60271 -0.505789 -4.20012 
-0.385458 -0.0524331 0.155554 0.000269545 -1.31708 0.269219 
-0.383872 -0.245642 0.744262 -0.000780427 -1.65971 0.254205 
-0.38563 -0.0595807 -0.040107 -0.00188524 -1.06136 0.256722 
-0.384268 -0.404132 0.539403 -0.0059396 -1.22662 0.240367 
-0.386043 -0.0157121 -0.290503 -0.00897447 -0.785143 0.246306 
-0.382966 -0.841634 0.870933 -0.0192072 -1.02566 0.22869 
-0.385608 -0.408461 0.235937 -0.0240637 -0.824199 0.237114 
-0.387097 0.090274 -0.624858 -0.0415541 -0.462317 0.259359 
-0.387641 -0.759771 0.420315 -0.0943571 -0.52576 0.282673 
-0.389025 -0.299664 -0.167645 -0.124267 -0.398797 0.316678 
-0.38974 0.35764 -1.22923 -1.73891 -0.0491392 1.9417 
-0.396257 -0.0463817 -0.77422 0.650714 0.189064 -0.465167 
-0.41083 0.124746 -1.42163 0.252778 0.929697 -0.0355094 
-0.21103 -0.132367 0.227139 0.193301 -1.29396 -0.0360552 
-0.0408051 -0.351314 0.818556 0.277008 -1.6422 -0.138307 
-0.209018 -0.137171 0.028417 0.241989 -1.04356 -0.12343 
-0.0364743 -0.502035 0.599269 0.334821 -1.22557 -0.291113 
-0.206792 -0.0914837 -0.221879 0.3354 -0.781869 -0.259706 
0.274619 -0.883661 0.882769 0.547113 -1.1951 -0.700406 
-0.0314978 -0.489899 0.28395 0.478417 -0.867062 -0.507586 
-0.203911 0.0145537 -0.551436 0.574812 -0.50058 -0.549185 
0.28705 -0.781076 0.42307 0.836685 -0.852387 -1.09906 
-0.0260805 -0.36776 -0.126373 0.862822 -0.548181 -0.964267 
-0.0201181 -0.109652 -0.727544 -1.23135 0.493464 1.03479 
0.318355 0.201795 -1.56775 2.15746 -1.14083 -2.86598 
-0.0240171 -0.162658 0.250246 0.37907 -1.33963 -0.33793 
0.308132 -0.283195 0.764549 0.526877 -1.79268 -0.490823 
-0.0201373 -0.164087 0.0477114 0.463296 -1.11576 -0.484049 
0.315181 -0.431458 0.548871 0.589119 -1.44585 -0.728773 
-0.0155813 -0.11395 -0.206997 0.611762 -0.900104 -0.698596 
0.760298 -0.498012 0.685467 0.752503 -1.74374 -1.0814 
0.32372 -0.422176 0.234069 0.744736 -1.17392 -1.01137 
-0.0101051 -0.00405597 -0.539809 0.901921 -0.704479 -1.06793 
-2.35505 -0.974717 -1.06194 -1.85991 -1.16125 3.87795 
0.16208 -0.141211 0.227348 0.526331 -1.44466 -0.599848 
0.591616 -0.0875229 0.596129 0.705079 -2.00038 -0.729731 
0.16671 -0.140089 0.0220575 0.614491 -1.25333 -0.772235 
0.597947 -0.232537 0.396622 0.719376 -1.72407 -0.995484 
0.172082 -0.0865183 -0.237421 0.756058 -1.08012 -1.00149 
0.605535 -0.236675 0.0911527 -2.32836 1.50202 1.86873 
0.178416 0.0300301 -0.580696 0.986946 -0.937432 -1.33709 
1.01965 -0.0735167 -0.0632922 -2.27912 1.8446 1.53382 
0.623832 0.208606 -1.08445 1.23594 -1.26979 4.12096 
0.335121 -0.0726439 0.160912 0.625065 -1.57795 -0.809034 
0.339572 -0.0699468 -0.0463432 0.697859 -1.41258 -0.987419 
1.15408 0.412358 -0.617817 0.783763 -1.98747 4.48357 
0.811405 0.145494 -0.607634 0.903512 -1.57609 4.50998 
0.487811 0.0347654 0.0516807 0.684013 -1.71154 -0.977291 
0.491505 0.0392225 -0.157597 -2.4078 1.56121 1.98892 
0.495787 0.0996805 -0.43226 0.813954 -1.42196 -1.36201 
0.944682 0.335078 -0.509693 0.768271 -1.87173 -1.611 
0.500626 1.07493 -2.31171 -1.92416 0.973604 -5.41642 
-1.20235 1.36715 -0.487021 -1.99008 -1.89539 0.621006 
-0.979546 1.24706 -0.205222 -1.833 -1.7212 0.509274 
-0.721047 1.20683 -0.103661 -1.60911 -1.59014 0.467254 
-0.457377 1.22699 -0.155205 -1.37623 -1.46563 0.488855 
-1.20131 0.949984 -0.249977 -2.09481 -1.76621 0.871297 
-0.977584 0.902122 -0.0161831 -1.94277 -1.54432 0.772496 
-0.71875 0.955502 0.0430782 -1.72481 -1.36841 0.703707 
-0.454459 1.08643 -0.0659227 -1.49615 -1.22729 0.686907 
-0.712144 0.726399 0.123762 1.2383 1.19968 -2.12924 
-0.447826 0.955467 -7.45846e-05 -1.6612 -1.0178 0.936758 
-0.964223 0.410449 -0.0339431 0.848917 1.50951 -1.69021 
-0.440205 0.840134 0.0392703 1.2586 0.894105 -1.91696 
-0.957158 0.319021 -0.236378 0.716928 1.67566 -1.41094 
-0.433494 0.738839 0.0593173 1.03587 0.854716 -1.64228 
-0.951358 0.349108 -0.583464 0.655089 1.91052 -1.17078 
-0.690501 0.293076 -0.00764256 0.656093 1.33938 -1.27547 
-0.427983 0.648695 0.0648603 -2.2941 -0.86937 1.73186 
-0.685545 0.24568 -0.158842 0.557933 1.49626 -1.10121 
-0.423444 0.568649 0.0573487 -2.44361 -0.91588 1.92039 
-0.681443 0.250154 -0.367987 0.496102 1.67412 -0.959636 
-0.419656 0.498757 0.0371662 0.582195 0.981862 -1.07069 
-1.09667 1.12733 0.126784 -1.77757 -1.63769 0.309792 
-0.847715 1.11585 0.16511 -1.54022 -1.56168 0.289582 
-0.603909 1.13545 0.101449 -1.30986 -1.48167 0.322062 
-0.388733 1.19181 -0.0633137 -1.12091 -1.36766 0.39565 
-1.09363 0.609997 0.363073 1.29314 1.3826 -2.44033 
-0.843395 0.705782 0.370577 -1.61242 -1.23846 0.618197 
-0.59735 0.853723 0.260134 -1.37431 -1.13001 0.568811 
-0.382069 1.03856 0.0361622 -1.18842 -1.02393 0.579257 
-0.37388 0.904192 0.0944627 -1.41465 -0.764559 0.873057 
-1.0731 0.0286508 0.0976942 0.784446 1.56623 -1.48431 
-0.367295 0.790605 0.12276 -1.76729 -0.648764 1.26229 
-1.06395 0.0722104 -0.361878 0.683591 1.88511 -1.17203 
-0.813994 0.00433842 0.1123 0.656987 1.41238 -1.22625 
-0.571839 0.237042 0.27989 0.769475 0.959399 -1.31755 
-0.361473 0.690106 0.135905 -2.10152 -0.63811 1.62933 
-0.806952 0.0213986 -0.212508 0.552617 1.68338 -1.00591 
-0.565675 0.134817 0.173067 0.577309 1.13351 -1.06621 
-0.356592 0.599922 0.136971 -2.35624 -0.685583 1.91528 
-0.801332 0.174294 -0.704567 0.525197 1.997 -0.809578 
-0.560719 0.0852476 0.0182245 0.463044 1.32768 -0.897434 
-0.35257 0.51948 0.126249 0.605569 0.762491 -1.01806 
-0.556661 0.0875405 -0.187243 0.394293 1.53074 -0.773951 
-0.349273 0.4491 0.103591 0.48038 0.854321 -0.867648 
-0.895989 1.0576 0.546037 -1.28825 -1.58002 -0.031452 
-0.645047 1.06057 0.439669 -1.03864 -1.53523 0.0600715 
-0.450718 1.0903 0.264467 -0.854724 -1.42773 0.162416 
-0.306043 1.1617 0.0212994 -0.736597 -1.27697 0.256841 
-0.879484 0.324361 0.8478 -1.25426 -1.03596 0.444244 
-0.626677 0.556225 0.676917 -0.958383 -0.981833 0.332251 
-0.433119 0.776966 0.433151 -0.757853 -0.916826 0.30043 
-0.290052 0.996909 0.124815 -0.637695 -0.813085 0.318186 
-0.428725 0.499645 0.495628 -1.22514 -0.553891 0.794932 
-0.288032 0.863876 0.167872 -0.993425 -0.503421 0.664991 
-0.854298 -0.438272 0.48372 0.6761 1.27794 -1.14257 
-0.610418 -0.172748 0.59353 0.773136 0.839889 -1.22097 
-0.843661 -0.350893 0.0074741 0.533086 1.66619 -0.884669 
-0.602738 -0.2699 0.352838 0.501323 1.17835 -0.884593 
-0.41858 0.109059 0.422456 0.623847 0.705628 -0.992613 
-0.596253 -0.235896 0.0186456 0.390788 1.5067 -0.710298 
-0.414002 0.00420122 0.30716 0.413294 0.949219 -0.748888 
-0.278658 0.56042 0.194575 0.616198 0.50474 -0.921472 
-0.59114 -0.0890343 -0.434555 0.34831 1.83814 -0.584295 
-0.410238 -0.0434351 0.146 0.310366 1.18921 -0.615438 
-0.275942 0.47961 0.181271 0.430117 0.623273 -0.72071 
-0.407224 -0.0389018 -0.0608724 0.254526 1.41972 -0.53006 
-0.273744 0.408768 0.156626 0.321467 0.744608 -0.598842 
-0.318576 0.477488 0.853994 -0.363141 -0.953044 0.09185 
-0.248732 0.739852 0.526773 -0.298234 -0.885336 0.0953854 
-0.203558 0.978545 0.167717 -0.272974 -0.765335 0.120477 
-0.245007 0.438876 0.593273 -0.536142 -0.374519 0.347069 
-0.201081 0.841797 0.211578 -0.424122 -0.383114 0.267357 
-0.419028 -0.831064 0.690722 0.291333 1.0945 -0.470537 
-0.307272 -0.391325 0.757753 0.354545 0.578409 -0.542836 
-0.241633 0.194952 0.584849 0.874664 0.196891 -1.05466 
-0.198793 0.726163 0.232486 -1.14799 -0.136165 0.988874 
-0.411736 -0.646278 0.179648 0.208612 1.53261 -0.36578 
-0.303226 -0.46731 0.492208 0.181085 1.03016 -0.355611 
-0.239096 0.0197234 0.515023 0.249609 0.518698 -0.423564 
-0.197063 0.624175 0.239913 0.536842 0.199283 -0.697351 
-0.40641 -0.324247 -0.503285 0.188124 1.97406 -0.29511 
-0.300188 -0.408074 0.144953 0.13002 1.40253 -0.293452 
-0.237232 -0.0872113 0.393874 0.138124 0.82969 -0.30779 
-0.195812 0.532617 0.236345 0.237576 0.367981 -0.398942 
-0.298403 -0.249874 -0.299744 0.11086 1.75142 -0.257286 
-0.235853 -0.132312 0.227519 0.0975698 1.1042 -0.263263 
-0.194855 0.450862 0.221616 0.144458 0.526521 -0.306176 
-0.234809 -0.12456 0.0183116 0.0776206 1.3537 -0.239068 
-0.194136 0.379251 0.195766 0.101343 0.671662 -0.263187 
0.0921241 1.0681 0.635878 0.48753 -1.6889 0.061534 
-0.0240345 1.06522 0.397796 0.370247 -1.47027 -0.038929 
-0.0966682 1.13623 0.098757 0.312079 -1.25009 -0.101353 
0.0650151 0.465341 0.898145 0.2869 -0.996564 -0.0992506 
-0.0449808 0.729193 0.563381 0.173406 -0.921621 -0.0876493 
-0.11349 0.971351 0.190835 0.104569 -0.789368 -0.081308 
0.0659441 -0.136469 0.952366 -2.03382 0.277681 2.16221 
-0.0425741 0.417711 0.632719 0.423411 -0.407993 -0.349519 
-0.110679 0.832968 0.235679 0.27777 -0.413658 -0.255475 
0.253224 -0.890606 0.71619 -0.3936 1.14985 0.473569 
0.0655193 -0.454339 0.801128 -0.445091 0.597954 0.524644 
-0.108901 0.715247 0.257147 0.932711 -0.166588 -0.914433 
0.24628 -0.688365 0.200525 -0.311633 1.56796 0.32824 
0.0628586 -0.522668 0.528527 -0.256712 1.04497 0.292663 
-0.04227 -0.017151 0.554021 -0.349254 0.507349 0.3781 
0.239629 -0.360531 -0.479269 -0.294501 1.99153 0.205924 
0.0596998 -0.455568 0.177648 -0.196868 1.41065 0.192342 
-0.0439188 -0.125878 0.430697 -0.205004 0.819163 0.20686 
-0.109944 0.517558 0.261522 -0.358757 0.346907 0.345165 
0.056815 -0.292223 -0.266833 -0.172714 1.75246 0.122516 
-0.0457714 -0.171965 0.263536 -0.148498 1.09393 0.125918 
-0.11096 0.434268 0.246895 -0.222623 0.503311 0.192868 
-0.0471477 -0.16315 0.0534465 -0.119973 1.3435 0.0760234 
-0.111883 0.361362 0.220854 -0.156903 0.649955 0.113132 
0.801606 1.06481 0.610266 1.49336 -1.57891 0.103952 
0.453906 1.05729 0.53537 1.14531 -1.57979 0.0199257 
0.187545 1.07125 0.358425 0.883781 -1.48094 -0.108958 
0.00185406 1.14072 0.0846859 0.723278 -1.30734 -0.225996 
0.793984 0.291592 0.919415 1.51952 -1.21894 -6.75841 
0.444066 0.522426 0.778442 1.13965 -1.1352 -0.354251 
0.178047 0.750974 0.523701 0.875052 -1.05871 -0.334473 
-0.00637045 0.982136 0.179096 0.725429 -0.934281 -0.37815 
0.431342 -0.00322906 0.840853 1.62608 -0.791053 -1.10488 
-0.0128307 0.840479 0.233938 0.901522 -0.614072 -0.642241 
0.763498 -0.550491 0.559897 -0.783275 1.42933 1.18272 
0.420376 -0.315942 0.713477 2.26303 -0.919748 -1.89875 
-0.0166018 0.719301 0.260234 1.33766 -0.425982 -1.12736 
0.750674 -0.447219 0.0773864 -0.654749 1.76265 0.88116 
0.410987 -0.409247 0.460274 -0.596775 1.22683 0.851722 
0.156379 0.00598752 0.536575 -0.757396 0.6906 0.990819 
0.403223 -0.363334 0.119473 -0.47822 1.53263 0.637422 
0.151248 -0.106205 0.416952 -0.499457 0.925767 0.6728 
-0.0233659 0.515637 0.26987 2.34278 -0.454342 -2.20995 
0.396882 -0.211785 -0.325081 -0.431722 1.84115 0.478233 
0.14702 -0.154619 0.251572 -0.375767 1.16392 0.497793 
-0.0262335 0.430164 0.256614 -0.54622 0.563489 0.647188 
0.143441 -0.148327 0.0429673 -0.308451 1.39274 0.38397 
-0.0286419 0.355577 0.231543 -0.401318 0.685332 0.474929 
0.706828 1.07521 0.336275 1.59916 -1.57538 -0.159231 
0.368405 1.0885 0.272259 1.26747 -1.50721 -0.200319 
0.088761 1.14986 0.0569971 1.01247 -1.3719 -0.306645 
0.703735 0.631441 0.543905 1.67267 -1.3387 -6.80814 
0.364926 0.793655 0.425668 1.34156 -1.21873 -0.471709 
0.0855249 1.0007 0.144984 1.0967 -1.09454 -0.506799 
0.695133 0.216372 0.606026 -1.23921 1.19795 -4.18614 
0.35657 0.507905 0.510549 1.54487 -0.965469 -0.86346 
0.0780312 0.858131 0.208996 1.24527 -0.836376 -0.771195 
1.01134 -0.0556507 -0.226737 -0.777634 1.9815 1.19656 
0.674849 -0.179673 0.289649 -0.744381 1.46728 1.22013 
0.667056 -0.16135 -0.0348835 -0.642884 1.7116 0.967138 
0.332368 -0.0330311 0.35338 -0.672324 1.1001 1.01216 
0.660545 -0.0224135 -0.48895 -0.614732 1.98602 0.747966 
0.32684 -0.0863003 0.194053 -0.53991 1.29068 0.80324 
0.0572156 0.437698 0.251171 -0.748312 0.676163 0.973983 
0.322223 -0.084869 -0.0110489 -0.460701 1.48899 0.652971 
0.0537634 0.36147 0.227913 -0.58428 0.765046 0.771174 
1.16621 1.27779 -0.281442 -1.02831 1.89328 2.65755 
0.877513 1.15196 0.0500892 1.88398 -1.68929 -0.350111 
0.519784 1.12139 0.147444 1.54817 -1.56375 -0.301879 
0.16779 1.16182 0.0218647 1.22083 -1.43233 -0.362306 
1.1655 0.847947 -0.0588567 -0.961015 1.80743 2.37939 
0.517545 0.848743 0.293627 -1.5066 1.3495 2.5746 
0.165513 1.01768 0.107477 1.31631 -1.2002 -0.56989 
1.16163 0.528611 -0.0640329 2.25478 -1.8343 -1.12022 
0.511473 0.589046 0.376955 1.79133 -1.17958 -0.906707 
0.159852 0.880669 0.171291 1.4532 -0.988761 -0.822518 
1.15631 0.376584 -0.292673 2.3122 -1.98135 4.80296 
0.856752 0.102126 0.0220062 -0.774847 1.69488 1.432 
0.850832 0.112058 -0.297743 -0.72036 1.9049 1.1736 
0.484577 0.0236407 0.0913969 -0.635532 1.44159 1.03271 
0.137463 0.455541 0.231539 -0.849807 0.804372 1.19 
0.480037 0.0210815 -0.110286 -0.565835 1.61277 0.868861 
0.133692 0.378032 0.210558 -0.70106 0.868714 0.994214 
0.996495 1.30282 -0.340635 -1.1081 1.87236 -3.67866 
0.645662 1.17464 -0.0158324 1.75025 -1.64864 -0.404978 
0.241325 1.17657 -0.0211731 1.37921 -1.48699 -0.40736 
0.9953 0.971695 -0.147944 2.12192 -1.75242 -0.771712 
0.64397 0.920819 0.127041 -1.30014 1.4731 2.48954 
0.239372 1.03536 0.0646429 1.4777 -1.27731 -0.617887 
0.992374 0.698001 -0.0874813 2.21788 -1.71268 5.22355 
0.639193 0.685317 0.208651 1.96815 -1.34906 5.33743 
0.23443 0.901638 0.129301 1.60386 -1.09519 -0.858788 
0.987251 0.50803 -0.158166 2.30968 -1.77185 -1.34915 
0.63307 0.483094 0.227334 2.12328 -1.31206 -1.25004 
0.627132 0.32635 0.187606 -0.872471 1.3578 1.61671 
0.617647 0.164729 -0.0561335 -0.680496 1.59487 1.19596 
0.613792 0.162222 -0.257804 -0.630802 1.74836 1.03034 
-0.977759 1.16503 -0.147685 -1.67105 -1.93056 0.452642 
-0.718778 1.01367 0.0150222 -1.45343 -1.79614 0.439635 
-0.454437 0.933156 0.00968904 -1.22524 -1.63477 0.489561 
-1.20241 0.976737 -0.26394 -1.93234 -1.95921 0.786134 
-0.979315 0.83497 0.001353 -1.79738 -1.77093 0.711637 
-0.721051 0.780151 0.104281 -1.60401 -1.598 0.685913 
-0.456779 0.807857 0.0521232 -1.40188 -1.42733 0.69875 
-0.977594 0.56118 0.0259692 1.20673 1.65311 4.1931 
-0.454447 0.689961 0.0774759 -1.58833 -1.21996 0.956143 
-0.964389 0.316401 -0.322138 0.869201 1.75994 -1.40162 
-0.957157 0.393068 -0.737168 0.796601 1.98892 -1.10889 
-0.696547 0.245112 -0.146213 0.741596 1.48961 -1.22797 
-0.6905 0.247822 -0.356882 0.638391 1.65559 -1.03793 
-0.427985 0.388609 -0.0243019 0.688543 1.12265 -1.1211 
-0.685546 0.313474 -0.647737 0.581899 1.85236 -0.873974 
-0.423443 0.350362 -0.0848579 0.576794 1.20721 -0.97619 
-1.09374 1.16388 0.11335 -1.59659 -1.90354 0.211712 
-0.843109 1.03017 0.226253 -1.35336 -1.8274 0.225776 
-0.597725 0.932766 0.223915 -1.11058 -1.71184 0.291331 
-0.381846 0.892261 0.106267 -0.915132 -1.54199 0.370928 
-1.09641 0.654867 0.340071 -1.75358 -1.68825 0.565069 
-0.848284 0.633633 0.380121 -1.54433 -1.55431 0.556826 
-0.603673 0.668538 0.314163 -1.33949 -1.41932 0.570534 
-0.388614 0.758562 0.144787 -1.17334 -1.27478 0.607445 
-0.843527 0.279953 0.412685 -1.7373 -1.27937 1.0194 
-0.38209 0.625497 0.177535 -1.3619 -0.943446 0.891096 
-1.08394 0.0298374 0.113371 -2.15852 -1.5725 1.57711 
-1.07304 0.0674924 -0.346475 0.825063 1.84961 -1.19017 
-0.82282 -0.00835488 0.0346382 0.788469 1.45911 -1.23669 
-0.579357 0.128786 0.196736 0.849062 1.08022 -1.29237 
-0.367295 0.442183 0.140442 1.01223 0.773686 -1.40604 
-0.813999 0.0479917 -0.336502 0.657794 1.73478 -0.979781 
-0.571824 0.0781066 0.036112 0.639588 1.2686 -1.02801 
-0.361479 0.380189 0.0976264 0.744762 0.860109 -1.11377 
-0.565693 0.0801685 -0.17261 0.51975 1.47638 -0.851472 
-0.356593 0.331131 0.044887 0.574034 0.969004 -0.918561 
-0.560713 0.137483 -0.443405 0.451993 1.6963 -0.717019 
-0.352569 0.294039 -0.0183145 0.461318 1.08288 -0.782854 
-0.879483 1.117 0.524937 -1.09858 -1.97851 -0.10473 
-0.626672 0.973774 0.502344 -0.795518 -1.8798 0.0359002 
-0.433083 0.88011 0.388405 -0.582022 -1.69588 0.140172 
-0.290169 0.860482 0.187994 -0.449462 -1.47655 0.19837 
-0.895893 0.404309 0.813986 -1.30528 -1.47452 0.339777 
-0.645017 0.472125 0.685631 -1.07496 -1.36524 0.360806 
-0.450713 0.576424 0.488133 -0.90891 -1.24239 0.392507 
-0.30603 0.712801 0.230923 -0.803438 -1.1047 0.436023 
-0.879486 -0.260096 0.826078 1.48503 0.962504 -1.97684 
-0.433134 0.287956 0.530769 -1.06695 -0.67248 0.734867 
-0.290335 0.567239 0.264606 -0.873135 -0.59986 0.624544 
-0.866844 -0.452408 0.508496 0.870878 1.18263 -1.23807 
-0.618696 -0.237122 0.556053 0.954416 0.829172 -1.30551 
-0.428707 0.0972036 0.463742 1.19312 0.561536 -1.50787 
-0.288086 0.466612 0.242289 1.50083 0.417247 4.52247 
-0.854298 -0.362286 0.0247882 0.642493 1.58209 -0.906567 
-0.610416 -0.285858 0.273993 0.597763 1.17825 -0.898455 
-0.423762 -0.0117704 0.337714 0.659674 0.79678 -0.955909 
-0.285299 0.391593 0.203195 0.842702 0.515031 -1.1068 
-0.602715 -0.211839 -0.0993018 0.460329 1.52929 -0.698542 
-0.418583 -0.0577712 0.168219 0.446615 1.07047 -0.717255 
-0.281885 0.331727 0.155744 0.54073 0.676625 -0.798314 
-0.596399 -0.0168607 -0.618752 0.4123 1.89255 -0.546837 
-0.413995 -0.0508655 -0.0439183 0.343015 1.32788 -0.584562 
-0.278665 0.284087 0.0999139 0.38751 0.832676 -0.634585 
-0.410239 0.00689056 -0.308318 0.287378 1.57578 -0.495093 
-0.275943 0.248128 0.034505 0.297871 0.97799 -0.534006 
-0.248725 0.854812 0.477808 -0.232508 -1.73176 0.0588686 
-0.2036 0.843405 0.229595 -0.18882 -1.4745 0.097158 
-0.318692 -0.208699 0.908284 -0.815677 -0.408857 0.647195 
-0.248739 0.209709 0.629033 -0.505342 -0.488268 0.357564 
-0.203652 0.5388 0.307872 -0.414819 -0.482266 0.293193 
-0.42888 -0.857837 0.716912 0.413971 0.922109 -0.543267 
-0.312677 -0.459329 0.713429 0.500929 0.516058 -0.6477 
-0.245008 0.00442532 0.558205 0.925689 0.23541 -1.07021 
-0.419027 -0.66366 0.197004 0.261612 1.40866 -0.377074 
-0.30727 -0.480289 0.408795 0.227531 0.999417 -0.366828 
-0.241633 -0.107779 0.426699 0.267137 0.60489 -0.411043 
-0.198797 0.357778 0.24628 0.402307 0.321469 -0.539236 
-0.411689 -0.337249 -0.488121 0.219204 1.88335 -0.289267 
-0.303114 -0.381715 0.027074 0.156039 1.40408 -0.287316 
-0.239062 -0.150885 0.251798 0.150979 0.944463 -0.294459 
-0.197063 0.297452 0.197525 0.195117 0.549437 -0.336225 
-0.300284 -0.180909 -0.472572 0.132256 1.78986 -0.242985 
-0.237214 -0.1396 0.0366603 0.108147 1.23631 -0.249872 
-0.195712 0.249178 0.140957 0.124132 0.74177 -0.268119 
-0.235849 -0.0795348 -0.225644 0.0873268 1.50288 -0.225123 
-0.194802 0.213908 0.0739308 0.0912781 0.908627 -0.237104 
-0.044981 0.842352 0.51549 0.139754 -1.7345 0.00508367 
-0.113466 0.830446 0.254871 0.0746463 -1.46118 -0.000692422 
0.0922179 0.345036 0.927464 0.50343 -1.30775 -0.142303 
-0.0236832 0.497998 0.638326 0.40297 -1.16754 -0.166769 
-0.0966705 0.670197 0.311172 0.351235 -1.01012 -0.192443 
0.0650106 -0.27157 0.9581 0.690395 -0.382168 -0.594312 
-0.0449649 0.179048 0.669527 0.29546 -0.488042 -0.244466 
-0.113427 0.525114 0.332845 0.159155 -0.487559 -0.1484 
0.258669 -0.920796 0.742848 -0.484174 0.967659 0.534794 
0.0659433 -0.523473 0.755234 -0.520487 0.516256 0.575048 
-0.0425738 -0.0332687 0.598091 -0.984066 0.197051 1.01773 
-0.110672 0.419155 0.311247 1.06968 -0.125911 -1.06637 
0.253239 -0.706285 0.217985 -0.361041 1.44197 0.354023 
0.065494 -0.53388 0.44385 -0.289867 1.00782 0.306842 
-0.0413659 -0.147457 0.464407 -0.322699 0.587872 0.335502 
-0.1089 0.340326 0.2721 -0.481404 0.291691 0.475494 
0.246264 -0.37346 -0.4641 -0.329928 1.90022 0.216971 
0.0628611 -0.42757 0.0596114 -0.224411 1.40832 0.198569 
-0.0425944 -0.190852 0.288218 -0.208002 0.930696 0.194622 
-0.10904 0.278598 0.223233 -0.265877 0.523484 0.244252 
0.0596369 -0.22475 -0.435605 -0.198927 1.78578 0.117509 
-0.0442024 -0.178491 0.0721747 -0.15892 1.22314 0.119764 
-0.10995 0.230128 0.165636 -0.182798 0.717961 0.1445 
-0.0457591 -0.118416 -0.188587 -0.132546 1.48859 0.0680629 
-0.111044 0.192851 0.0996018 -0.137415 0.886317 0.0837832 
0.79399 1.1166 0.586328 1.43861 -1.90169 0.23458 
0.444065 0.957027 0.599256 1.04124 -1.87417 0.083785 
0.178049 0.843121 0.484491 0.741271 -1.70505 -0.0742655 
-0.00645505 0.82617 0.250381 0.566135 -1.46561 -0.173686 
0.453869 0.411653 0.800474 1.16939 -1.42536 -0.329031 
0.187531 0.521317 0.592455 0.931469 -1.28539 -0.361975 
0.00181594 0.677978 0.296467 0.787353 -1.12408 -0.409271 
0.178084 0.218131 0.630883 1.14122 -0.827133 -0.779672 
-0.00637266 0.53642 0.324114 0.929094 -0.728849 -0.67765 
0.778757 -0.558255 0.581108 2.15818 -1.38429 -1.846 
-0.0127231 0.42481 0.313054 1.42278 -0.474496 -1.24497 
0.763498 -0.456717 0.0940401 -0.780944 1.69483 0.92126 
0.420354 -0.420304 0.377735 -0.706562 1.23268 0.88759 
0.162234 -0.12106 0.447387 -0.781907 0.788963 0.957192 
-0.0165785 0.341101 0.278479 -1.04842 0.482385 1.18288 
0.41098 -0.336015 0.00194739 -0.557628 1.55085 0.638938 
0.156354 -0.169184 0.27446 -0.529974 1.04507 0.647024 
-0.0201345 0.27608 0.231875 -0.663483 0.617017 0.761697 
0.403244 -0.14305 -0.497552 -0.504363 1.88342 0.449373 
0.15134 -0.160955 0.0608145 -0.409205 1.29623 0.473113 
-0.0233731 0.225102 0.175793 -0.470006 0.769151 0.536236 
0.147079 -0.102796 -0.199641 -0.343863 1.5385 0.35452 
-0.026234 0.186976 0.109787 -0.358126 0.916715 0.396515 
1.03698 1.12786 0.229288 1.84711 -1.88849 -0.0942037 
0.70375 0.977483 0.395735 1.52307 -1.81942 -0.0858575 
0.364953 0.864174 0.395086 1.17645 -1.71171 -0.178539 
0.0850551 0.83261 0.222885 0.913122 -1.51358 -0.297261 
1.03905 0.586433 0.469241 1.88814 -1.74563 -6.77015 
0.368403 0.571886 0.496676 1.29738 -1.42341 -0.481948 
0.0885258 0.693176 0.267623 1.06911 -1.24679 -0.526403 
1.03686 0.132942 0.472363 -1.16955 1.69153 -4.15736 
0.703737 0.137351 0.594054 -1.37873 1.40502 -4.11468 
0.364927 0.302108 0.53026 1.49721 -1.15944 -0.884251 
0.0854579 0.561544 0.292138 1.25688 -0.98146 -0.820054 
0.0787606 0.447994 0.290362 -1.58141 0.77973 1.92054 
1.02035 -0.0566123 -0.214081 -0.929557 1.96994 1.22076 
0.675101 -0.134498 -0.15414 -0.756219 1.76081 0.950173 
0.339054 -0.0934105 0.212739 -0.728893 1.23512 0.973845 
0.0659823 0.288502 0.223332 -0.880331 0.775951 1.09109 
0.332361 -0.092528 0.0043558 -0.59497 1.43107 0.759609 
0.0611826 0.234201 0.170439 -0.671642 0.875754 0.836873 
0.326836 -0.0392072 -0.255133 -0.518082 1.63908 0.600203 
0.0571553 0.193617 0.106575 -0.535339 0.990531 0.661615 
0.875898 1.06244 0.107202 1.78059 -1.90553 -6.55858 
0.517903 0.906427 0.268335 1.45046 -1.76756 -0.276353 
0.165477 0.847339 0.186657 1.12458 -1.57658 -0.365881 
0.519835 0.642896 0.36251 1.55098 -1.55725 -0.565254 
0.166941 0.711882 0.231988 1.26049 -1.35402 -0.593185 
1.1651 0.54755 -0.0669364 -1.04838 1.97386 2.10535 
0.87584 0.384973 0.283813 -1.19097 1.67384 2.16925 
0.517545 0.402589 0.393691 1.7069 -1.38447 -0.918688 
0.165475 0.586843 0.254597 1.43427 -1.1446 -0.872004 
0.863674 0.0958599 -0.0602125 2.22139 -1.78697 4.56752 
0.496148 0.0230252 0.105055 -0.819236 1.43496 1.1855 
0.146979 0.311533 0.200364 -0.968205 0.936861 1.27852 
0.489872 0.0182098 -0.0980832 -0.708469 1.59022 0.969419 
0.141883 0.254703 0.151088 -0.789296 1.00156 1.04503 
0.484573 0.0684228 -0.359348 -0.643984 1.76886 0.791266 
0.137466 0.212005 0.0898119 -0.656876 1.08805 0.865401 
0.643913 0.973123 0.102483 1.6296 -1.85212 -0.370665 
0.239365 0.866218 0.144408 1.2717 -1.6432 -0.410222 
0.64566 0.733005 0.192913 -1.41389 1.68779 2.50592 
0.241297 0.735967 0.187343 1.40327 -1.44536 -0.636941 
0.994714 0.647033 -0.101511 -1.08265 1.89202 2.12055 
0.23942 0.613633 0.211379 1.56297 -1.26339 -0.905256 
0.63918 0.345545 0.19143 2.01713 -1.49678 -1.27481 
0.627175 0.167935 -0.0467843 -0.847478 1.61609 1.3199 
0.622057 0.162639 -0.248665 -0.769125 1.74938 1.11329 
0.617647 0.216136 -0.520115 -0.730476 1.91094 0.925038 
0.213808 0.24029 0.06058 -0.731686 1.19261 1.01614 
-0.712139 0.827451 0.0962943 -1.24883 -1.95099 0.48076 
-0.447809 0.671256 0.079267 -1.02897 -1.71821 0.565601 
-0.977562 0.765289 0.0226011 -1.58264 -1.94351 0.698034 
-0.718705 0.617195 0.135433 -1.39618 -1.75571 0.718609 
-0.454465 0.569738 0.0795669 -1.22135 -1.53415 0.765224 
-0.979287 0.516126 0.00675124 1.41691 1.83071 -2.11383 
-0.457099 0.48128 0.0568973 -1.456 -1.38129 1.0216 
-0.454448 0.405202 0.018643 1.43199 1.24712 4.46085 
-0.971878 0.325486 -0.415942 -2.05736 -1.83148 1.75933 
-0.712134 0.247303 -0.119809 -2.05918 -1.49992 1.68974 
-0.703951 0.242455 -0.332031 0.883594 1.61372 -1.16909 
-0.440216 0.316316 -0.120663 0.906267 1.23007 -1.22525 
-0.69656 0.305199 -0.624653 0.764111 1.79729 -0.942666 
-0.433495 0.30128 -0.214353 0.733502 1.32191 -1.02413 
-0.427984 0.300775 -0.320984 0.616778 1.42973 -0.877966 
-0.588101 0.732233 0.300937 -0.942248 -1.88064 0.339465 
-0.374039 0.623858 0.169623 -0.754398 -1.62441 0.432934 
-1.09366 0.685193 0.344061 -1.51097 -1.89932 0.473919 
-0.843452 0.550486 0.408988 -1.28896 -1.75334 0.52022 
-0.597713 0.486243 0.35259 -1.09093 -1.5669 0.575128 
-0.382068 0.509047 0.179266 -0.946151 -1.35566 0.621128 
-1.09641 0.266203 0.345921 -1.69674 -1.74776 0.947533 
-0.848284 0.233871 0.386022 -1.55268 -1.54542 0.950674 
-0.603894 0.28699 0.319669 -1.4107 -1.34509 0.945786 
-0.388692 0.414771 0.150172 -1.29224 -1.16128 0.947722 
-0.38196 0.326146 0.115575 1.50782 0.917156 4.48343 
-1.08393 0.0598259 -0.321131 1.02185 1.79242 -1.22206 
-0.833303 -0.0126382 -0.044385 0.979451 1.47388 -1.25929 
-0.588202 0.0651018 0.0767716 0.997811 1.16028 -1.29051 
-0.37404 0.274049 0.0448581 1.07479 0.890778 -1.34345 
-0.822825 0.0842858 -0.470241 0.799239 1.75043 -0.94383 
-0.579356 0.0657322 -0.141153 0.743254 1.36297 -0.988288 
-0.367324 0.248018 -0.0445774 0.770844 1.01494 -1.02662 
-0.571861 0.123685 -0.417406 0.606457 1.60148 -0.789735 
-0.361473 0.237487 -0.143182 0.593835 1.16344 -0.833829 
-0.565778 0.257851 -0.799365 0.542424 1.86552 -0.625046 
-0.356606 0.239131 -0.251439 0.482449 1.30565 -0.704228 
-0.428708 0.665259 0.455588 -0.543345 -1.8639 0.202607 
-0.288271 0.58766 0.240687 -0.416336 -1.56837 0.267528 
-0.879479 0.46443 0.816456 -0.995087 -1.79612 0.223872 
-0.626678 0.373256 0.718889 -0.748792 -1.603 0.306898 
-0.433457 0.37631 0.529857 -0.587905 -1.39289 0.339778 
-0.290224 0.456322 0.266062 -0.485832 -1.1849 0.349194 
-0.89612 -0.193516 0.821807 -1.40133 -1.34338 0.922859 
-0.645015 -0.0471892 0.692715 -1.22942 -1.15253 0.852137 
-0.450718 0.142309 0.494332 -1.08374 -1.00644 0.790342 
-0.306039 0.350925 0.236539 -0.98723 -0.879547 0.767842 
-0.866836 -0.38137 0.0544022 0.794964 1.44227 -0.945607 
-0.618696 -0.29675 0.19769 0.736365 1.1104 -0.926787 
-0.428714 -0.085433 0.21864 0.751355 0.811062 -0.94705 
-0.288053 0.212755 0.110711 0.829803 0.57985 -1.00707 
-0.854288 -0.085686 -0.665684 0.688309 1.90952 -0.648216 
-0.610456 -0.181626 -0.222006 0.548106 1.50861 -0.681773 
-0.423768 -0.0741188 -0.00789117 0.503384 1.14002 -0.68517 
-0.285313 0.192839 0.0141909 0.527013 0.820002 -0.711248 
-0.603119 0.0783545 -0.840615 0.494186 1.93143 -0.491209 
-0.418581 -0.0117162 -0.280943 0.392204 1.43973 -0.545471 
-0.281887 0.185676 -0.0875748 0.386282 1.02676 -0.56797 
-0.414006 0.111877 -0.633803 0.337043 1.73124 -0.443 
-0.278659 0.189481 -0.197267 0.304261 1.20242 -0.479176 
-0.245006 0.624293 0.549538 -0.197101 -1.87448 0.0984357 
-0.201148 0.563462 0.283722 -0.154571 -1.54882 0.132646 
-0.318676 0.259155 0.902162 -0.293635 -1.57222 0.125386 
-0.248774 0.310226 0.627671 -0.235479 -1.34754 0.149944 
-0.203613 0.428146 0.309424 -0.206585 -1.14547 0.165041 
-0.439913 -0.889731 0.757205 0.677146 0.679023 -0.737105 
-0.318702 -0.509261 0.670566 0.885174 0.383095 -0.973548 
-0.203607 0.218859 0.239183 -1.27362 -0.196669 1.18935 
-0.428862 -0.688836 0.225336 0.34786 1.2221 -0.406938 
-0.312677 -0.486939 0.32768 0.307692 0.898657 -0.398617 
-0.245007 -0.182092 0.302725 0.331457 0.611678 -0.432714 
-0.201087 0.175371 0.151716 0.402766 0.403437 -0.502696 
-0.418996 -0.356511 -0.464199 0.262416 1.75087 -0.285789 
-0.30727 -0.349733 -0.0945264 0.195102 1.36412 -0.28279 
-0.241583 -0.1667 0.0737003 0.17772 1.00713 -0.285087 
-0.198732 0.154852 0.055311 0.191409 0.701212 -0.302307 
-0.30322 -0.0973728 -0.669593 0.159677 1.81174 -0.223244 
-0.239051 -0.10111 -0.197569 0.125638 1.34034 -0.234323 
-0.197017 0.148315 -0.0470714 0.125275 0.938387 -0.243392 
-0.237248 0.0186006 -0.536165 0.102255 1.64851 -0.205849 
-0.195756 0.152921 -0.157194 0.0932722 1.13399 -0.216142 
-0.0425752 0.603551 0.589287 0.171111 -1.86379 0.00714547 
-0.110592 0.545572 0.309747 0.110628 -1.5248 -0.00497752 
0.0650078 0.223078 0.951479 0.239963 -1.56095 -0.0620067 
-0.0449261 0.278983 0.668216 0.142145 -1.32783 -0.0523717 
-0.11346 0.409122 0.334334 0.0824441 -1.12035 -0.0284671 
0.0922297 -0.348296 0.936617 0.759016 -0.743499 -0.609553 
-0.0240218 0.00267113 0.64404 0.569616 -0.730953 -0.444973 
-0.0966661 0.289145 0.316934 0.491029 -0.666122 -0.39797 
0.262742 -0.956834 0.783259 -0.682046 0.707632 6.97684 
0.065011 -0.573587 0.710185 2.36076 -0.344193 -2.3314 
-0.113463 0.199198 0.264455 0.701366 -0.115106 -0.705586 
0.25865 -0.733123 0.24645 -0.417498 1.24603 0.385592 
0.0659445 -0.539577 0.361872 -0.3207 0.892737 0.318027 
-0.042574 -0.222737 0.339148 -0.302209 0.579676 0.297868 
-0.110672 0.154509 0.17785 -0.3238 0.353808 0.304926 
0.253238 -0.392964 -0.440226 -0.365014 1.76484 0.231958 
0.0654982 -0.394915 -0.0614283 -0.249709 1.36124 0.201986 
-0.0416679 -0.206045 0.109501 -0.211617 0.986824 0.181417 
-0.108969 0.133234 0.0816132 -0.215198 0.668703 0.181019 
0.0626269 -0.143326 -0.626673 -0.22734 1.80035 0.108866 
-0.0426052 -0.140183 -0.160326 -0.172181 1.32166 0.111834 
-0.109114 0.12624 -0.0207976 -0.166703 0.911104 0.115077 
-0.0439187 -0.0190663 -0.497331 -0.149534 1.62916 0.0570359 
-0.110013 0.130454 -0.130783 -0.133943 1.10916 0.0658492 
0.168928 0.605617 0.565359 0.635029 -1.84183 -0.100767 
-0.0117013 0.537876 0.312857 0.470505 -1.51953 -0.185977 
0.793981 0.420653 0.890888 1.32104 -1.82633 -0.16695 
0.444076 0.293857 0.829812 0.971353 -1.63997 -0.287329 
0.178078 0.298532 0.629761 0.745023 -1.40888 -0.34382 
-0.00602028 0.408883 0.326576 0.615104 -1.18142 -0.369107 
0.801594 -0.302202 0.90462 -1.61497 1.5064 -4.10815 
0.453849 -0.177177 0.808386 -1.83217 1.23095 2.24708 
0.187549 0.0465111 0.599045 1.1084 -1.03604 -0.796477 
0.0018378 0.300687 0.302148 0.971835 -0.88452 -0.748209 
-0.00636719 0.209478 0.259617 1.41481 -0.570154 -1.27915 
0.778731 -0.47058 0.120498 -0.958466 1.59647 0.987355 
0.431326 -0.423332 0.29618 -0.869332 1.19393 0.955277 
0.168937 -0.192933 0.321674 -0.887188 0.828945 0.987943 
-0.0127116 0.156478 0.183413 -1.01182 0.562146 1.09394 
0.763541 -0.179686 -0.576793 -0.858326 1.96567 0.624461 
0.420336 -0.302913 -0.119196 -0.659935 1.52871 0.644389 
0.162234 -0.183672 0.0966068 -0.591633 1.11191 0.63596 
-0.0166018 0.130998 0.0903834 -0.62536 0.757059 0.671655 
0.41099 -0.0568141 -0.697635 -0.594509 1.90504 0.408282 
0.156547 -0.12177 -0.171819 -0.460429 1.3971 0.447013 
-0.0201297 0.121143 -0.0103361 -0.451434 0.957173 0.46646 
0.151659 -0.00516708 -0.506049 -0.395466 1.67542 0.312956 
-0.0233917 0.123419 -0.119208 -0.354642 1.1345 0.341503 
0.356571 0.636918 0.479521 1.03123 -1.86107 -0.215937 
0.0787162 0.543645 0.288853 0.780513 -1.56408 -0.341895 
0.364925 0.362394 0.529398 1.15334 -1.56527 -0.516649 
0.0855095 0.425475 0.29405 0.957523 -1.3127 -0.570312 
0.0886854 0.323222 0.272981 1.21163 -1.0928 -0.886215 
0.703737 -0.140497 0.411378 -1.32587 1.50664 -4.5671 
0.356586 -0.100471 0.248232 -1.09693 1.17783 1.30324 
0.684465 -0.0986184 -0.28055 -0.909468 1.78047 0.929355 
0.347207 -0.105458 0.0346993 -0.832961 1.33134 0.950373 
0.0718153 0.146424 0.0807504 -0.875056 0.928996 0.996705 
0.339035 -0.0523205 -0.23 -0.680302 1.54275 0.710293 
0.0659819 0.131495 -0.0155738 -0.666249 1.06269 0.743845 
0.332334 0.0619084 -0.569561 -0.603174 1.77903 0.524058 
0.0612551 0.130349 -0.121752 -0.538606 1.20347 0.578019 
0.511849 0.693994 0.351417 1.29324 -1.92371 -0.316695 
0.159703 0.560077 0.255254 0.981519 -1.63771 -0.436916 
0.87594 0.616517 0.280128 1.67956 -1.94921 -0.56318 
0.517557 0.4515 0.392976 1.39245 -1.71727 -0.607961 
0.165371 0.448664 0.25704 1.14362 -1.43666 -0.663862 
0.877673 0.328561 0.266007 1.76297 -1.84586 -0.949705 
0.519792 0.248315 0.368231 1.55709 -1.55147 -0.954105 
0.16766 0.351077 0.236337 1.35551 -1.26031 -0.949567 
0.875967 0.150863 0.121512 -1.25569 1.81083 1.79198 
0.503547 0.0134618 -0.0742918 -0.944871 1.55281 1.13407 
0.153001 0.173015 0.0566298 -0.984299 1.10088 1.17148 
0.496157 0.0608841 -0.337943 -0.820254 1.71347 0.890358 
0.146991 0.153996 -0.0352249 -0.796193 1.18858 0.931019 
0.489884 0.178692 -0.693288 -0.762901 1.91494 0.674114 
0.141832 0.150082 -0.138637 -0.669238 1.29813 0.757286 
0.639181 0.776426 0.184629 1.45455 -2.0071 -0.41144 
0.233686 0.583192 0.214832 1.11472 -1.71636 -0.496042 
0.643825 0.559978 0.222712 1.54348 -1.85676 -6.95899 
0.239357 0.477736 0.21341 1.26419 -1.54717 -0.715136 
0.241317 0.383387 0.192989 -1.68538 1.396 2.15713 
0.643912 0.248384 0.114151 -1.29859 1.66363 1.82985 
0.239359 0.304945 0.153347 -1.46431 1.28177 -4.43049 
0.234402 0.245805 0.0953444 -1.2313 1.22966 1.54219 
0.228374 0.206928 0.0208879 -1.02459 1.24761 1.26931 
0.627183 0.212195 -0.502001 -0.905143 1.88149 0.999964 
0.222785 0.18595 -0.0673368 -0.867883 1.3123 1.05495 
0.21796 0.17988 -0.168149 -0.754457 1.39887 0.88862 
-0.440204 0.463812 0.0456088 -0.844398 -1.69328 0.685388 
-0.712134 0.47426 0.12786 -1.14823 -1.83298 0.796451 
-0.447856 0.394408 0.00952921 -1.01229 -1.53571 0.860968 
-0.718705 0.340996 0.0531668 -1.34298 -1.68329 1.07373 
-0.454441 0.341031 -0.0530332 -1.25472 -1.41499 1.10832 
-0.45709 0.306256 -0.139842 -1.53348 -1.35353 1.40084 
-0.977547 0.346197 -0.518638 -1.78357 -1.87936 -4.49052 
-0.718707 0.24133 -0.288908 1.31882 1.60015 -1.41115 
-0.712136 0.289753 -0.57539 1.09215 1.69415 -1.08654 
-0.447824 0.290984 -0.373123 1.04537 1.36857 -1.13842 
-0.703953 0.455259 -1.03328 0.961074 1.9131 -0.773963 
-0.440202 0.31957 -0.527435 0.839444 1.49157 -0.909993 
-0.433494 0.371997 -0.710043 0.708524 1.64329 -0.743793 
-0.579345 0.539371 0.333607 -0.793988 -1.95138 0.439575 
-0.36743 0.40941 0.129396 -0.63463 -1.59304 0.536281 
-0.833204 0.469378 0.41965 -1.07668 -1.92323 0.546364 
-0.588202 0.329687 0.338158 -0.88398 -1.65563 0.633641 
-0.37404 0.329325 0.103439 -0.77394 -1.36262 0.682567 
-1.09377 0.281332 0.367904 -1.38999 -1.85268 0.8693 
-0.843556 0.17306 0.378172 -1.24153 -1.62814 0.912433 
-0.597724 0.168572 0.269715 -1.1253 -1.38615 0.9347 
-0.382068 0.264273 0.0489497 -1.05112 -1.15059 0.952664 
-0.597725 0.0490315 -0.080595 -1.91342 -1.22794 -4.46506 
-0.382073 0.202918 -0.149747 1.23437 0.996439 -1.3321 
-0.833281 0.129588 -0.611574 0.987321 1.71205 -0.906234 
-0.588202 0.0961524 -0.359778 0.897727 1.39935 -0.947393 
-0.374053 0.212022 -0.286773 0.86452 1.11646 -0.958283 
-0.579356 0.229235 -0.746319 0.730271 1.69251 -0.6926 
-0.367295 0.246941 -0.445906 0.657959 1.32134 -0.741838 
-0.361499 0.299767 -0.624234 0.540361 1.51825 -0.604463 
-0.424352 0.451784 0.485703 -0.482747 -1.90425 0.289862 
-0.285313 0.366578 0.194562 -0.377028 -1.51995 0.353568 
-0.618695 0.279877 0.71463 -0.668539 -1.81347 0.356354 
-0.428787 0.210261 0.499833 -0.518992 -1.50835 0.411031 
-0.288058 0.277423 0.177092 -0.443664 -1.22776 0.424879 
-0.879531 -0.172404 0.854518 -0.966618 -1.45599 0.719769 
-0.626679 -0.119873 0.686094 -0.80873 -1.2242 0.678752 
-0.433176 0.0137614 0.444118 -0.690146 -1.02926 0.623792 
-0.290192 0.195871 0.137246 -0.612968 -0.850885 0.587098 
-0.895974 -0.436786 0.565315 1.60797 1.29071 4.57862 
-0.645015 -0.286838 0.457825 1.67095 1.04594 -1.76871 
-0.450719 -0.0802083 0.28152 -1.39452 -0.860864 1.304 
-0.305979 0.15634 0.0379334 -1.34467 -0.72037 1.27373 
-0.879485 -0.406418 0.100033 1.03734 1.25179 -1.04355 
-0.626678 -0.302252 0.128363 0.966159 0.973796 -1.01978 
-0.433133 -0.115351 0.0729508 0.941224 0.74091 -1.01381 
-0.290186 0.127566 -0.0710955 0.935852 0.567211 -1.0058 
-0.866828 -0.114524 -0.618983 0.79923 1.72835 -0.65575 
-0.618792 -0.149005 -0.34375 0.655254 1.41403 -0.663605 
-0.428724 -0.0512931 -0.21726 0.579241 1.12977 -0.647643 
-0.288059 0.149556 -0.222759 0.546802 0.890697 -0.631955 
-0.610415 0.224268 -1.15079 0.594542 1.95171 -0.397397 
-0.423778 0.0782917 -0.581398 0.454481 1.5151 -0.486417 
-0.285301 0.189855 -0.385056 0.408742 1.18129 -0.496485 
-0.418678 0.346843 -1.17189 0.416429 1.93117 -0.337613 
-0.281887 0.243954 -0.561128 0.332307 1.41639 -0.413524 
-0.241727 0.39196 0.582292 -0.158159 -1.87766 0.14163 
-0.198794 0.335218 0.238554 -0.124762 -1.47688 0.167377 
-0.312683 0.142572 0.899571 -0.243295 -1.75262 0.15852 
-0.245009 0.1298 0.59761 -0.189714 -1.43611 0.183862 
-0.200891 0.242744 0.221935 -0.16733 -1.1709 0.195453 
-0.318692 -0.34292 0.864013 -0.360312 -0.963461 0.337275 
-0.248572 -0.0818617 0.538827 -0.297293 -0.882103 0.289385 
-0.203474 0.159646 0.180759 -0.273778 -0.758915 0.279909 
-0.439938 -0.722433 0.270525 0.507021 0.945606 -0.49243 
-0.318696 -0.488782 0.255037 0.466485 0.699561 -0.493244 
-0.248734 -0.210192 0.153817 0.484532 0.510215 -0.527402 
-0.203607 0.0891486 -0.0311823 0.51623 0.388196 -0.562481 
-0.428849 -0.385637 -0.424966 0.326179 1.55005 -0.290686 
-0.312677 -0.315708 -0.214481 0.251915 1.25561 -0.282885 
-0.244921 -0.142413 -0.13575 0.223257 0.995793 -0.280612 
-0.201024 0.110785 -0.182249 0.218189 0.784747 -0.28461 
-0.307248 0.0101309 -0.907567 0.196482 1.80892 -0.195353 
-0.241633 -0.0148841 -0.487997 0.152624 1.41175 -0.213973 
-0.198728 0.150229 -0.342141 0.139036 1.09814 -0.219024 
-0.239095 0.216922 -1.0045 0.126881 1.8256 -0.173556 
-0.196988 0.20319 -0.514567 0.103571 1.34836 -0.191891 
-0.0411733 0.363276 0.622626 0.184628 -1.86181 -0.0110152 
-0.108899 0.314252 0.263304 0.134533 -1.45116 -0.0277375 
0.065943 0.0970678 0.949215 0.251286 -1.73054 -0.0717886 
-0.0425631 0.0916233 0.637272 0.166029 -1.40619 -0.0701873 
-0.110743 0.220199 0.246443 0.121814 -1.13858 -0.0518034 
0.06501 -0.414534 0.909583 0.30709 -0.904543 -0.253126 
-0.04498 -0.123855 0.575075 0.185959 -0.838118 -0.143026 
-0.113471 0.137428 0.203758 0.1129 -0.719862 -0.0777345 
-0.0240402 -0.233638 0.415632 1.13215 -0.408952 -1.09816 
-0.0966694 0.0856773 0.115268 0.990727 -0.355826 -0.960703 
0.26278 -0.768522 0.290914 -0.524524 0.959404 0.461605 
0.0650126 -0.54024 0.287691 -0.389605 0.676264 0.36952 
-0.0449797 -0.25015 0.188344 -0.314917 0.459791 0.301884 
-0.113467 0.0668536 -0.00571486 -0.234321 0.32262 0.215054 
0.256879 -0.423685 -0.400081 -0.392787 1.55588 0.25038 
0.0659454 -0.360845 -0.180478 -0.262444 1.24147 0.199266 
-0.0427388 -0.181676 -0.0992297 -0.198747 0.964562 0.156344 
-0.110696 0.0875898 -0.154956 -0.16332 0.743121 0.120529 
0.0647154 -0.0428784 -0.850213 -0.249383 1.78466 0.0943688 
-0.0413659 -0.0542157 -0.447462 -0.179903 1.38529 0.0976471 
-0.108965 0.126223 -0.313273 -0.15267 1.06437 0.0857875 
-0.0422773 0.165591 -0.93954 -0.171097 1.78935 0.0325043 
-0.109136 0.177888 -0.483319 -0.135994 1.31745 0.0464344 
0.16223 0.370261 0.599924 0.550503 -1.86907 -0.16822 
-0.0165483 0.30607 0.266673 0.416582 -1.45825 -0.238057 
0.431327 0.176821 0.838373 0.818993 -1.80632 -0.299861 
0.169708 0.108714 0.608844 0.612473 -1.47091 -0.365668 
-0.0126978 0.216287 0.243219 0.512302 -1.17313 -0.3742 
0.794552 -0.275769 0.927092 -1.92234 1.62452 2.33685 
0.444063 -0.253141 0.788772 1.01934 -1.31308 -0.780699 
0.178084 -0.0880044 0.535325 0.866329 -1.07168 -0.709003 
-0.00637075 0.141742 0.192096 0.772773 -0.869852 -0.668279 
0.00183773 0.0988383 0.101133 1.3361 -0.716611 -1.26368 
0.793984 -0.482609 0.155793 -1.22018 1.51131 -5.1743 
0.444086 -0.414199 0.215333 -1.12464 1.15067 1.0941 
0.178082 -0.212262 0.163865 -1.10299 0.847561 1.115 
0.778799 -0.202589 -0.535741 -1.00264 1.81462 0.662808 
0.431279 -0.265952 -0.240138 -0.796942 1.44996 0.66661 
0.168936 -0.157093 -0.112847 -0.690769 1.11308 0.645769 
-0.0127232 0.0859795 -0.145865 -0.653894 0.837395 0.633745 
0.42036 0.0555738 -0.94206 -0.701948 1.89233 0.350759 
0.162234 -0.0364068 -0.457607 -0.527296 1.45833 0.411938 
-0.016594 0.12056 -0.300919 -0.467422 1.10257 0.412363 
0.156353 0.182679 -0.953526 -0.468818 1.82566 0.234058 
-0.0201285 0.170144 -0.469634 -0.375621 1.33408 0.286434 
0.346992 0.41568 0.518832 0.871207 -1.92052 -0.308195 
0.0725177 0.312416 0.250286 0.664264 -1.5136 -0.419787 
0.695104 0.338129 0.604346 1.24364 -1.94738 -0.458102 
0.356534 0.180633 0.515697 0.967287 -1.63118 -0.573352 
0.0787344 0.230747 0.216833 0.820418 -1.29427 -0.620096 
1.03714 0.177755 0.487747 1.571 -1.98831 -0.829785 
0.364929 0.00714459 0.436905 1.19271 -1.3893 -0.930749 
0.0855245 0.166286 0.158069 1.08721 -1.1042 -0.930596 
1.03903 -0.0617513 0.264122 -1.49508 1.92401 -4.4965 
0.706744 -0.160136 0.353778 -1.56536 1.59883 1.76446 
0.695147 -0.053916 -0.412746 -1.11281 1.76215 0.915753 
0.356572 -0.0737108 -0.179917 -0.991668 1.38184 0.941513 
0.0787347 0.106273 -0.159531 -0.952282 1.04247 0.951511 
0.347118 0.0373845 -0.523049 -0.802829 1.61652 0.647087 
0.0718129 0.132952 -0.307119 -0.716119 1.21272 0.670762 
0.339054 0.269602 -1.05351 -0.735686 1.92749 0.381647 
0.066126 0.177472 -0.471511 -0.580617 1.39723 0.492225 
0.503608 0.490975 0.391215 1.10035 -2.00047 -0.423028 
0.153086 0.331387 0.218573 0.837342 -1.59574 -0.545725 
0.511408 0.283836 0.381437 1.18316 -1.79795 -0.69178 
0.159879 0.255762 0.181299 0.993328 -1.42729 -0.751806 
0.517148 0.12901 0.305117 1.34925 -1.63403 -1.01287 
0.165479 0.196527 0.120465 1.221 -1.28781 -1.03126 
0.877634 0.13076 0.0662693 -1.50294 1.89825 1.77904 
0.167664 0.156517 0.0375331 -1.64676 1.20235 -4.50416 
0.165475 0.135918 -0.0651065 1.78799 -1.17782 4.56757 
0.51143 0.0491258 -0.296559 -1.12778 1.6271 1.07746 
0.159845 0.136473 -0.187807 -1.07698 1.22888 1.09358 
0.503618 0.160465 -0.650595 -0.982659 1.8004 0.7807 
0.153094 0.158264 -0.329728 -0.866266 1.34455 0.831158 
0.146978 0.199344 -0.491206 -0.728936 1.48844 0.641041 
0.228263 0.358405 0.179131 0.953206 -1.68297 -0.631133 
0.234393 0.287901 0.139038 1.09473 -1.54822 -0.827637 
0.239231 0.172831 -0.105627 -1.36152 1.34408 1.45319 
0.633078 0.335111 -0.859994 -1.10999 1.97678 0.826426 
0.22837 0.192918 -0.365705 -0.951753 1.47023 0.927786 
0.22276 0.232029 -0.525427 -0.829529 1.58672 0.744348 
-0.433494 0.334681 -0.0937766 -0.70628 -1.56943 0.806946 
-0.703985 0.35995 0.0743944 -0.92547 -1.82839 0.89521 
-0.440225 0.303187 -0.167543 -0.84517 -1.44353 0.964143 
-0.971878 0.423872 -0.0300647 -1.1777 -1.96159 1.09264 
-0.71212 0.270138 -0.0431412 -1.08639 -1.66686 1.13876 
-0.447824 0.286843 -0.265421 -1.05701 -1.33842 1.19239 
-0.977544 0.331347 -0.244682 1.80936 1.86015 4.57799 
-0.71877 0.239794 -0.23279 1.82375 1.59016 4.59225 
-0.718705 0.411667 -0.924626 1.35763 1.7093 -0.956889 
-0.454437 0.388859 -0.782683 1.24067 1.44861 -1.00702 
-0.447817 0.512322 -1.09454 1.01403 1.63031 -0.70991 
-0.571823 0.366403 0.322987 -0.652358 -1.92285 0.55256 
-0.361494 0.275839 -0.0142212 -0.542963 -1.46404 0.6362 
-0.579357 0.206344 0.273733 -0.727604 -1.66491 0.717389 
-0.367295 0.237295 -0.0801949 -0.664968 -1.2883 0.768491 
-1.08393 0.30003 0.377076 -1.14563 -1.98963 0.835291 
-0.833286 0.124496 0.348772 -0.986329 -1.70723 0.913575 
-0.588254 0.0953695 0.16599 -0.898062 -1.398 0.949037 
-0.374073 0.209692 -0.165042 -0.876195 -1.09716 0.98409 
-1.0937 0.0559986 0.180622 1.84873 1.7581 -1.8586 
-0.597205 0.0488083 -0.0133621 -1.22661 -1.22876 1.31939 
-0.382068 0.205341 -0.286451 1.88995 0.987437 -1.7779 
-1.0964 0.0590262 -0.25924 1.61461 1.78335 -1.3659 
-0.603872 0.0833943 -0.285003 1.51423 1.30093 -1.3615 
-1.09366 0.371291 -1.12506 1.42141 1.87035 -0.762071 
-0.843527 0.190395 -0.766684 1.24271 1.63699 -0.888714 
-0.597724 0.18035 -0.639795 1.12182 1.39532 -0.915309 
-0.382068 0.290339 -0.662623 1.02926 1.18049 -0.897235 
-0.5882 0.509981 -1.36773 0.905411 1.77495 -0.484232 
-0.37404 0.401885 -0.948728 0.760566 1.44478 -0.60228 
-0.418683 0.25948 0.470763 -0.404533 -1.84404 0.376522 
-0.281887 0.228458 0.0479233 -0.334645 -1.37784 0.427046 
-0.610727 0.178712 0.703417 -0.58553 -1.91407 0.423061 
-0.423779 0.0783872 0.424897 -0.454487 -1.51519 0.486189 
-0.2853 0.184443 -0.0122811 -0.41261 -1.16016 0.506417 
-0.866838 -0.121341 0.8468 -0.798368 -1.72275 0.661584 
-0.618696 -0.158062 0.635411 -0.656471 -1.40226 0.672452 
-0.428728 -0.0502991 0.321923 -0.578406 -1.1321 0.645586 
-0.288057 0.148482 -0.0878528 -0.552054 -0.879962 0.640256 
-0.879481 -0.452685 0.615795 -1.08362 -1.18169 1.17681 
-0.626679 -0.315181 0.418495 -1.0079 -0.934847 1.09195 
-0.433133 -0.115631 0.15248 -0.946155 -0.73765 1.02048 
-0.290186 0.128177 -0.19259 -0.945971 -0.562538 1.01778 
-0.451643 -0.0819177 -0.119325 1.39342 0.861747 -1.30363 
-0.306037 0.160155 -0.369275 -1.81327 -0.723597 1.88968 
-0.879478 -0.15516 -0.548007 0.964766 1.4679 -0.70243 
-0.626678 -0.115053 -0.458191 0.806918 1.22906 -0.673368 
-0.43317 0.0107692 -0.463203 0.692266 1.02544 -0.628103 
-0.290196 0.208603 -0.570749 0.599004 0.874701 -0.565599 
-0.428791 0.254066 -1.0147 0.517918 1.55235 -0.38652 
-0.288061 0.324608 -0.854682 0.433457 1.29618 -0.391344 
-0.28533 0.53741 -1.29864 0.379757 1.70615 -0.280379 
-0.2391 0.183698 0.56674 -0.125769 -1.78877 0.178352 
-0.196985 0.19291 0.0913932 -0.104407 -1.32147 0.195228 
-0.30727 0.0181433 0.887358 -0.196891 -1.81684 0.193711 
-0.241633 -0.0114836 0.519922 -0.15249 -1.41725 0.213118 
-0.198727 0.147214 0.0320746 -0.140173 -1.08567 0.221363 
-0.312503 -0.379361 0.8077 -0.260428 -1.15699 0.310156 
-0.244922 -0.146523 0.412809 -0.225375 -0.984302 0.284233 
-0.201023 0.110364 -0.0434762 -0.219637 -0.780322 0.28653 
-0.439921 -0.904076 0.84588 -0.868486 -0.541644 0.969698 
-0.318692 -0.527126 0.563592 -0.610163 -0.529661 0.668371 
-0.248733 -0.211798 0.238033 -0.511014 -0.483756 0.557533 
-0.203607 0.089247 -0.14851 -0.517748 -0.387104 0.564124 
-0.439924 -0.427162 -0.36241 0.427964 1.24793 -0.321822 
-0.318693 -0.282136 -0.324639 0.341554 1.04392 -0.302375 
-0.248733 -0.0809557 -0.37633 0.298807 0.883109 -0.289898 
-0.203607 0.167599 -0.525185 0.270076 0.7758 -0.273892 
-0.312677 0.177884 -1.25166 0.244865 1.7833 -0.150618 
-0.245007 0.140609 -0.880694 0.189405 1.44856 -0.181465 
-0.201087 0.278119 -0.798243 0.164246 1.22581 -0.185232 
-0.198795 0.461894 -1.18874 0.124397 1.62877 -0.148402 
-0.0422401 0.148439 0.606032 0.170422 -1.77016 -0.0359305 
-0.109134 0.170521 0.1152 0.136874 -1.29804 -0.0500375 
0.065583 -0.0341488 0.936076 0.250635 -1.79332 -0.0927383 
-0.0413664 -0.0522839 0.557127 0.179794 -1.38841 -0.0970695 
-0.108963 0.124473 0.0550774 0.153595 -1.05703 -0.0877098 
0.065945 -0.447794 0.849773 0.278019 -1.10716 -0.239545 
-0.0427334 -0.189647 0.447548 0.202944 -0.942279 -0.16358 
-0.110696 0.0874971 -0.0211829 0.163929 -0.742128 -0.121347 
0.262827 -0.977738 0.870509 0.980466 -0.515714 -1.05541 
0.0650107 -0.587581 0.596933 0.565859 -0.459244 -0.577158 
-0.0450527 -0.252708 0.269716 0.344449 -0.416985 -0.334886 
-0.113467 0.0667425 -0.126408 0.235049 -0.324104 -0.215793 
0.0921522 -0.51778 0.212043 -1.0516 0.566109 0.975574 
-0.0240406 -0.224068 0.00503013 -1.05795 0.425923 1.01699 
-0.0966693 0.0858894 -0.287674 -0.988868 0.356274 0.958718 
0.262116 -0.465286 -0.340034 -0.446486 1.24967 0.291064 
0.0650054 -0.326896 -0.290651 -0.282383 1.02176 0.20988 
-0.0449798 -0.119669 -0.339036 -0.184731 0.845475 0.141181 
-0.11347 0.142234 -0.494477 -0.110856 0.730801 0.0750083 
0.065945 0.103169 -1.15505 -0.251492 1.73597 0.0704063 
-0.0425765 0.0934427 -0.824509 -0.165961 1.40833 0.0698227 
-0.110727 0.245735 -0.754614 -0.118928 1.18032 0.0445415 
-0.108899 0.415907 -1.11954 -0.133551 1.57611 0.0108852 
0.157134 0.160395 0.586037 0.466069 -1.80362 -0.246122 
-0.0201292 0.163642 0.118116 0.37724 -1.31759 -0.293115 
0.420305 0.0588535 0.83132 0.702275 -1.89539 -0.348836 
0.162649 -0.0336408 0.53265 0.527502 -1.46248 -0.410166 
-0.0165951 0.119118 0.0547928 0.468867 -1.09682 -0.415547 
0.778737 -0.240704 0.934036 0.993809 -1.79015 -0.701335 
0.431405 -0.305889 0.745211 0.804048 -1.40412 -0.715024 
0.168936 -0.162294 0.416547 0.695776 -1.10101 -0.656972 
-0.0126953 0.0858318 -0.0267552 0.655111 -0.836027 -0.635125 
0.444102 -0.439071 0.499647 -1.95596 1.09416 1.90711 
-0.00636746 0.0743853 -0.141009 1.1289 -0.631365 -1.14756 
0.0018356 0.0995777 -0.302384 -1.33292 0.717472 1.25946 
0.793984 -0.228422 -0.480708 -1.2226 1.64362 0.749923 
0.444068 -0.221028 -0.36118 -1.00944 1.33777 0.739965 
0.178083 -0.0873457 -0.361171 -0.865837 1.07244 0.707969 
-0.00637076 0.146918 -0.49292 -0.76569 0.878588 0.657244 
0.43134 0.245587 -1.32239 2.31097 -1.84817 -2.8884 
0.168934 0.11458 -0.838201 -0.611499 1.47648 0.361461 
-0.0126915 0.240621 -0.740878 -0.504498 1.20869 0.353121 
-0.0165406 0.395785 -1.08258 -0.413659 1.56269 0.192404 
0.338969 0.217919 0.508108 0.722238 -1.88426 -0.42243 
0.0661203 0.170459 0.10406 0.582665 -1.38055 -0.502223 
0.347164 0.0401971 0.449952 0.803044 -1.62008 -0.64378 
0.0718133 0.131036 0.0342311 0.71833 -1.20602 -0.677014 
0.695137 -0.0521261 0.521905 1.11325 -1.7633 -0.912922 
0.35657 -0.0734751 0.32784 0.991543 -1.38224 -0.940874 
0.0787352 0.106016 -0.0566744 0.954159 -1.04019 -0.955217 
1.03703 -0.0584784 0.288775 -1.75525 1.94797 -4.44228 
1.03725 0.958063 -2.24674 1.31676 -1.90537 3.30548 
0.365183 0.00400685 -0.442589 -1.19358 1.38753 0.936352 
0.0855221 0.174252 -0.517562 -1.07883 1.11313 0.911856 
0.356571 0.208149 -0.936758 -0.969485 1.64967 0.547447 
0.0787334 0.25885 -0.75397 -0.811193 1.32684 0.584267 
0.0718119 0.408154 -1.09136 -0.662732 1.60908 0.344874 
0.496156 0.309547 0.384201 0.912562 -1.98586 -0.560923 
0.146979 0.190148 0.0757715 0.730528 -1.4691 -0.658399 
0.50362 0.151036 0.323252 0.980264 -1.79101 -0.794008 
0.153135 0.155158 0.00179712 0.868456 -1.33503 -0.84205 
0.159849 0.135903 -0.0942372 1.08006 -1.22436 -1.10265 
0.165571 0.136752 -0.217239 -1.7836 1.17579 1.70493 
0.167687 0.160217 -0.369202 -1.48899 1.20349 1.34656 
0.875868 0.328392 -0.926792 -1.5577 1.96344 -5.39834 
0.517546 0.134676 -0.578189 -1.35 1.63674 1.00316 
0.165475 0.20869 -0.554674 -1.21321 1.29781 1.00296 
0.511413 0.379741 -1.15462 -1.20881 1.83848 0.586748 
0.159826 0.291581 -0.789163 -0.987236 1.46054 0.701169 
0.153077 0.44155 -1.13114 -0.844805 1.68896 0.441424 
0.222789 0.219152 0.0378539 0.829225 -1.56204 -0.770916 
0.228376 0.187977 -0.0391296 0.953915 -1.4563 -0.947448 
0.639177 0.196492 0.0370635 1.18975 -1.82015 -1.16138 
0.241298 0.200442 -0.415399 -1.52558 1.36672 1.3512 
0.23439 0.336016 -0.843457 -1.09441 1.58516 0.756083 
0.22837 0.502492 -1.21675 -0.97744 1.78392 0.483879 
-0.6905 0.372367 0.0781615 -0.685812 -1.92598 0.823449 
-0.427985 0.301912 -0.348064 -0.623334 -1.37571 0.917076 
-0.696572 0.280879 -0.026571 -0.755031 -1.75006 0.988383 
-0.433528 0.312428 -0.468818 -0.747041 -1.27074 1.07291 
-0.964242 0.384342 -0.0653928 -0.941976 -1.95568 1.14478 
-0.70395 0.238789 -0.189931 -0.882643 -1.58788 1.20057 
-0.440207 0.342165 -0.620324 -0.931441 -1.17998 1.29551 
-0.712134 0.256168 -0.429095 -1.08569 -1.47867 1.49215 
-0.454433 0.550692 -1.17851 1.63883 1.22597 -1.10439 
-0.565787 0.227173 0.266905 -0.536501 -1.8237 0.648327 
-0.356603 0.239411 -0.267197 -0.487711 -1.26997 0.723073 
-0.571824 0.121648 0.165028 -0.606514 -1.5957 0.792857 
-0.361473 0.24357 -0.378733 -0.604245 -1.1297 0.859109 
-0.822882 0.0840578 0.301428 -0.79957 -1.75025 0.94386 
-0.579368 0.0658796 0.0111375 -0.743066 -1.36417 0.987171 
-0.367341 0.261968 -0.512854 -0.792989 -0.981539 1.06688 
-1.084 0.0605574 0.203 -1.02274 -1.79365 1.22003 
-0.833295 -0.0122495 0.0741615 -0.979012 -1.47676 1.25515 
-0.588347 0.0646085 -0.204566 -0.996817 -1.16147 1.28861 
-0.374041 0.303367 -0.686927 2.01878 0.861368 -1.72316 
-0.38207 0.399757 -0.954566 -1.59383 -0.915211 -4.34141 
-0.848284 0.281157 -0.960888 1.55119 1.54655 -0.890828 
-0.603871 0.370806 -1.08011 1.38866 1.36281 -0.842432 
-0.414007 0.108543 0.408096 -0.336782 -1.72624 0.444691 
-0.278659 0.189594 -0.205162 -0.307056 -1.18014 0.486721 
-0.602902 0.0789311 0.683908 -0.494584 -1.93164 0.489323 
-0.418581 -0.00985255 0.307639 -0.391946 -1.44443 0.543419 
-0.281887 0.188877 -0.309799 -0.391602 -1.00565 0.578079 
-0.854298 -0.0867097 0.836886 -0.688075 -1.90861 0.649014 
-0.610473 -0.194132 0.572976 -0.549163 -1.48651 0.693947 
-0.42377 -0.0740881 0.156759 -0.503182 -1.14043 0.684638 
-0.285308 0.200188 -0.433331 -0.539317 -0.797639 0.729127 
-0.867058 -0.426945 0.626709 -0.811056 -1.35402 1.0384 
-0.618702 -0.302502 0.335865 -0.759885 -1.06224 0.977275 
-0.428716 -0.0853067 -0.0486697 -0.751831 -0.810504 0.947751 
-0.288075 0.227942 -0.5867 -0.868861 -0.55625 1.05387 
-0.896309 -0.172978 -0.482095 1.39644 1.34811 -0.896971 
-0.645018 -0.0501555 -0.591465 1.23108 1.15121 -0.856192 
-0.450718 0.154205 -0.806352 1.07516 1.01376 -0.774198 
-0.306036 0.515653 -1.29134 0.875123 0.991791 -0.579781 
-0.237243 0.0233844 0.500011 -0.102816 -1.65456 0.205725 
-0.195755 0.152899 -0.162059 -0.0939819 -1.12062 0.217734 
-0.303227 -0.100713 0.86388 -0.159533 -1.80799 0.223864 
-0.23905 -0.102473 0.397812 -0.125827 -1.33704 0.235087 
-0.197017 0.149983 -0.263817 -0.12671 -0.925914 0.245711 
-0.307115 -0.410031 0.737196 -0.200634 -1.24912 0.306379 
-0.241587 -0.168576 0.244363 -0.179967 -0.990262 0.289015 
-0.198731 0.158847 -0.383699 -0.195782 -0.686871 0.307815 
-0.428862 -0.876999 0.863153 -0.471636 -0.781792 0.630798 
-0.312677 -0.504584 0.47749 -0.366452 -0.722666 0.483547 
-0.245007 -0.178591 0.0370978 -0.341479 -0.591992 0.444873 
-0.201086 0.184672 -0.5336 -0.423826 -0.38349 0.525503 
-0.248734 -0.125193 -0.24548 -1.43122 -0.231613 1.52425 
-0.203607 0.243981 -0.744053 1.08584 0.212636 -0.997595 
-0.0439201 -0.0156028 0.537524 0.149581 -1.63462 -0.0562118 
-0.110008 0.130481 -0.138573 0.134683 -1.10089 -0.0676012 
0.0628996 -0.158918 0.911376 0.226539 -1.78332 -0.113225 
-0.0425582 -0.144716 0.433762 0.173002 -1.31066 -0.11555 
-0.10911 0.127303 -0.240447 0.16815 -0.903606 -0.117457 
0.0654953 -0.474489 0.776334 0.261124 -1.21173 -0.242607 
-0.0416722 -0.209124 0.276735 0.216315 -0.958759 -0.189756 
-0.108965 0.135867 -0.360195 0.219244 -0.65962 -0.186106 
0.25866 -0.950219 0.888182 0.590998 -0.760084 -0.697324 
0.0659441 -0.560908 0.508875 0.402369 -0.677542 -0.43277 
-0.0427457 -0.217486 0.067657 0.317214 -0.546921 -0.316206 
-0.110708 0.160489 -0.508134 0.338536 -0.338949 -0.320855 
-0.0449798 -0.161913 -0.215189 -1.57902 0.137856 -4.72193 
-0.113463 0.219099 -0.716108 -0.54989 0.142212 0.552869 
0.299188 -0.49729 -0.26889 -0.873594 0.982396 0.585259 
0.0922299 -0.277318 -0.401336 -0.697799 0.810922 0.52377 
-0.0240408 -0.00210452 -0.638277 -0.573464 0.725608 0.450093 
-0.0966559 0.374025 -1.08426 -0.437854 0.75905 0.327739 
0.151567 -0.000892182 0.51895 0.395446 -1.68182 -0.310058 
-0.0233921 0.123489 -0.134746 0.355782 -1.1279 -0.344188 
0.410952 -0.0538153 0.81181 0.595168 -1.90795 -0.406189 
0.156548 -0.124338 0.410887 0.46097 -1.39077 -0.450014 
-0.0201313 0.12212 -0.239662 0.453454 -0.951145 -0.469967 
0.7635 -0.208904 0.931624 0.848115 -1.94345 -0.651696 
0.420368 -0.344105 0.682825 0.663862 -1.46309 -0.69579 
0.162234 -0.185822 0.250879 0.597864 -1.09368 -0.649775 
-0.0166018 0.133586 -0.364034 0.631044 -0.749724 -0.679447 
0.778825 -0.542405 0.691347 -2.17778 1.48032 1.98966 
0.431331 -0.434464 0.42285 0.917641 -1.10679 -1.0736 
0.168943 -0.188621 0.0359167 0.904762 -0.813896 -1.01366 
-0.0127224 0.163587 -0.519708 1.03408 -0.553606 -1.12017 
0.793987 -0.50759 0.240213 1.30938 -1.32719 -1.68145 
-0.00634939 0.232449 -0.739518 -1.35554 0.577407 1.20901 
0.801716 -0.248623 -0.422332 1.61862 -1.50956 -2.24278 
0.454258 -0.1607 -0.492339 -1.30177 1.23697 0.871881 
0.187556 0.0432725 -0.68457 -1.11072 1.03414 0.800979 
0.00183953 0.396673 -1.11601 -0.899447 0.953018 0.629507 
0.332349 0.0634111 0.446485 0.603519 -1.78103 -0.522812 
0.0612496 0.130443 -0.147419 0.540183 -1.19608 -0.581982 
0.339035 -0.0512843 0.336642 0.680152 -1.54504 -0.708382 
0.0659822 0.132853 -0.257648 0.669337 -1.05573 -0.750149 
0.684465 -0.100035 0.476186 0.908964 -1.7786 -0.931784 
0.347218 -0.105803 0.172735 0.83374 -1.32872 -0.953373 
0.0718145 0.150187 -0.390091 0.882426 -0.920876 -1.00896 
0.356594 -0.0999144 -0.0508226 1.09831 -1.17648 -1.30629 
1.037 -0.0730457 -0.100292 1.25173 -1.84614 -1.71387 
0.703736 -0.136813 -0.144658 -1.81505 1.50407 1.41521 
0.364943 -0.0254207 -0.354251 1.44649 -1.17117 4.51905 
1.03903 0.175145 -0.830609 1.34468 -1.8545 -2.25869 
0.706826 0.0690955 -0.711819 1.55359 -1.59378 4.06947 
0.0887102 0.444605 -1.18475 -1.14722 1.14786 0.738623 
0.489871 0.165721 0.327889 0.7579 -1.89971 -0.689346 
0.141833 0.150374 -0.174649 0.671503 -1.28809 -0.76556 
0.496175 0.0616245 0.217593 0.820514 -1.71492 -0.888887 
0.146979 0.156401 -0.289396 0.801055 -1.17954 -0.942591 
0.159859 0.226593 -0.606974 -1.88014 1.05713 1.61107 
0.877634 0.45594 -1.201 1.33961 -1.8143 -2.34428 
0.519785 0.303795 -0.990102 -1.55577 1.55246 0.88435 
0.167658 0.51657 -1.29286 -1.30109 1.30587 0.758348 
0.218006 0.180366 -0.212556 0.756489 -1.38375 -0.902318 
0.222848 0.189696 -0.331288 0.87338 -1.29713 -1.07377 
0.22837 0.216798 -0.47598 1.03395 -1.23144 -1.29776 
0.995298 0.547577 -0.947754 1.12994 -1.95664 -1.98233 
0.645661 0.643639 -1.49985 -1.71928 1.69843 -5.57811 
0.241293 0.669948 -1.54404 -1.40944 1.43717 6.96905 
-0.685546 0.286564 -0.0212295 -0.572193 -1.79458 0.912801 
-0.423447 0.397625 -0.773669 -0.603618 -1.11535 1.04329 
-0.690507 0.242956 -0.176446 -0.636758 -1.62142 1.0633 
-0.42819 0.483628 -1.00769 -0.748062 -1.00247 1.24134 
-0.957156 0.351615 -0.115355 -0.766157 -1.91184 1.19057 
-0.69656 0.252159 -0.395178 -0.745804 -1.4576 1.25857 
-0.964233 0.319655 -0.388505 -0.859423 -1.71241 1.45851 
-0.560718 0.133401 0.16256 -0.451625 -1.68689 0.720623 
-0.352591 0.323647 -0.672829 -0.480262 -1.01646 0.820733 
-0.565675 0.0804824 0.0118548 -0.519752 -1.4764 0.850977 
-0.356593 0.391829 -0.875718 -0.619909 -0.879756 0.994569 
-0.81401 0.0491951 0.242637 -0.658238 -1.73744 0.97766 
-0.57183 0.0780762 -0.192108 -0.639583 -1.26876 1.02789 
-0.361473 0.521853 -1.18646 -0.877743 -0.731269 1.30322 
-1.07307 0.0679773 0.21252 -0.82515 -1.85087 1.18941 
-0.822824 -0.00844906 -0.0129409 -0.788674 -1.46284 1.23351 
-0.579363 0.132483 -0.466973 -0.852703 -1.07431 1.30003 
-1.08393 0.0290698 -0.167917 2.15851 1.57495 -1.58076 
-0.833289 0.0603993 -0.406801 -1.05136 -1.25905 1.60868 
-0.843529 0.382909 -1.18889 1.7026 1.26259 -0.902066 
-0.410239 0.00884503 0.297771 -0.287391 -1.58074 0.493592 
-0.275943 0.267815 -0.600251 -0.308375 -0.930476 0.552176 
-0.59638 -0.0123278 0.654024 -0.413292 -1.89795 0.543712 
-0.413995 -0.0505174 0.148281 -0.342759 -1.33067 0.583483 
-0.278662 0.324411 -0.782947 -0.415639 -0.764236 0.674931 
-0.602719 -0.224859 0.501897 -0.461209 -1.4983 0.71324 
-0.418585 -0.0581255 -0.0499577 -0.44599 -1.07247 0.715919 
-0.281885 0.421284 -1.03483 -0.638249 -0.57166 0.91827 
-0.854318 -0.405601 0.627964 -0.644956 -1.48998 0.975675 
-0.610417 -0.284492 0.237393 -0.612621 -1.12976 0.93514 
-0.423763 -0.0138339 -0.306972 -0.656613 -0.800849 0.95152 
-0.866981 -0.42661 0.223632 2.21788 1.09059 -1.77759 
-0.618701 -0.220588 -0.136841 -0.984127 -0.807037 1.34895 
-0.428713 0.0993089 -0.663349 -1.1977 -0.56041 1.51328 
-0.235853 -0.0797323 0.384889 -0.0873207 -1.50287 0.225446 
-0.194804 0.227245 -0.549927 -0.0942506 -0.873947 0.241748 
-0.300286 -0.204168 0.827319 -0.131431 -1.7598 0.247059 
-0.237214 -0.140966 0.233312 -0.108641 -1.22579 0.251238 
-0.195717 0.277191 -0.721128 -0.133278 -0.688469 0.280049 
-0.303099 -0.432827 0.657061 -0.161777 -1.27558 0.308987 
-0.239064 -0.149155 0.0354126 -0.152666 -0.931826 0.297164 
-0.197063 0.362868 -0.952796 -0.23165 -0.456627 0.377882 
-0.419026 -0.849368 0.867432 -0.312863 -0.977697 0.512738 
-0.307266 -0.476753 0.375415 -0.260582 -0.831548 0.420318 
-0.241633 -0.106071 -0.21711 -0.268775 -0.600785 0.413032 
-0.198794 0.562347 -1.38793 -1.01922 -0.145259 1.17002 
-0.42886 -0.761882 0.407197 -0.734776 -0.498204 0.954562 
-0.312678 -0.394454 -0.00533275 -0.665411 -0.393859 0.830371 
-0.245007 0.000489408 -0.557234 -0.905253 -0.239491 1.04921 
-0.439914 -0.501608 -0.210723 0.992177 0.489197 -0.755641 
-0.318693 -0.180633 -0.552169 0.762543 0.432127 -0.589033 
-0.248733 0.274595 -1.17847 0.453052 0.546374 -0.297355 
-0.04556 -0.119028 0.41981 0.132164 -1.48319 -0.0695712 
-0.11103 0.203291 -0.522835 0.14129 -0.859655 -0.0899699 
0.0597029 -0.265539 0.873101 0.196907 -1.73404 -0.128152 
-0.044195 -0.181072 0.266873 0.160359 -1.20302 -0.124097 
-0.110053 0.251371 -0.690831 0.19318 -0.674799 -0.158269 
0.0628596 -0.493808 0.694013 0.233922 -1.24493 -0.237796 
-0.0425942 -0.187573 0.0669559 0.212439 -0.908194 -0.201963 
-0.109041 0.333803 -0.916431 0.309352 -0.446015 -0.293359 
0.253236 -0.920978 0.89304 0.4404 -0.964559 -0.567903 
0.0654939 -0.52863 0.404992 0.34209 -0.804581 -0.391052 
-0.0413663 -0.142492 -0.186705 0.328617 -0.576287 -0.342595 
-0.1089 0.502996 -1.29718 1.04382 -0.154526 -1.05015 
0.258683 -0.808625 0.423485 0.886852 -0.51769 -1.06193 
0.0659542 -0.439004 0.0212035 0.758545 -0.365033 -0.837105 
-0.042574 -0.0364812 -0.523572 0.963841 -0.199763 -0.997118 
0.262846 -0.537294 -0.196042 -0.959815 0.524377 0.749679 
0.0650098 -0.22232 -0.521844 -0.609465 0.428133 0.506244 
-0.0449799 0.219615 -1.10932 -0.2762 0.528104 0.222244 
0.147079 -0.104042 0.403127 0.343834 -1.53538 -0.355617 
-0.0262354 0.196875 -0.518913 0.36509 -0.893114 -0.407813 
0.403201 -0.154355 0.779696 0.502101 -1.87014 -0.457125 
0.151341 -0.162813 0.247277 0.411028 -1.28181 -0.479517 
-0.0233836 0.247961 -0.691771 0.490627 -0.731519 -0.564602 
0.410986 -0.373006 0.609391 0.560819 -1.46809 -0.690841 
0.156354 -0.166651 0.0439907 0.535184 -1.03009 -0.657273 
-0.0201364 0.330977 -0.918561 0.74137 -0.556316 -0.855074 
0.763486 -0.529072 0.700309 0.773437 -1.55809 -1.05568 
0.420364 -0.416021 0.32702 0.742294 -1.13444 -0.981737 
0.162234 -0.118305 -0.21471 0.786615 -0.78423 -0.963859 
-0.0166021 0.512392 -1.32052 1.41952 -0.418671 -1.59382 
0.168938 -0.00400169 -0.564022 -1.80128 0.627406 1.55734 
0.444086 -0.103665 -0.628695 -1.45934 0.976945 0.985431 
0.178075 0.293576 -1.21739 -1.08155 0.860405 0.690004 
0.326836 -0.0377292 0.336077 0.518226 -1.64258 -0.598237 
0.0571553 0.204628 -0.532483 0.544911 -0.966808 -0.678762 
0.332362 -0.0927414 0.179142 0.595047 -1.42955 -0.760584 
0.0611799 0.259943 -0.712113 0.698046 -0.839186 -0.877006 
0.674854 -0.138072 0.416633 0.754974 -1.75332 -0.956047 
0.339056 -0.0931241 -0.0280974 0.729351 -1.23371 -0.975198 
0.0659819 0.351573 -0.953123 0.957159 -0.721446 -1.19588 
0.684468 -0.188135 0.145464 0.883707 -1.5147 -1.25892 
0.347205 -0.0380564 -0.297436 0.956825 -1.07429 -1.28919 
1.0301 -0.0844168 -0.065106 -2.11362 1.7638 1.5158 
1.03698 0.141216 -0.757775 1.16839 -1.687 4.14701 
0.484572 0.068906 0.223346 0.644144 -1.76993 -0.790448 
0.137467 0.226074 -0.562515 0.668566 -1.06097 -0.889767 
0.489883 0.0187027 0.0659618 0.708506 -1.59388 -0.966388 
0.141839 0.287027 -0.751239 0.816651 -0.961133 -1.09481 
0.146983 0.391109 -1.01317 1.04106 -0.877731 -1.39661 
0.863667 0.0959895 -0.13392 -2.22184 1.78559 -4.5696 
0.617647 0.204662 0.0680842 0.723403 -1.8876 -0.946958 
0.213807 0.259697 -0.607297 0.744813 -1.15804 -1.0502 
0.633073 0.247018 -0.617202 -2.17135 1.49885 1.53884 
0.991909 0.625979 -1.15282 0.935188 -1.76266 -2.01436 
-0.681443 0.244723 -0.170315 -0.494364 -1.63591 0.980345 
-0.685554 0.251896 -0.382718 -0.560207 -1.45899 1.12464 
-0.951359 0.327296 -0.179111 -0.63869 -1.84158 1.22518 
-0.6905 0.324049 -0.683256 -0.668184 -1.28119 1.3224 
-0.957101 0.331301 -0.492432 -0.712714 -1.61629 1.46243 
-0.964246 0.53616 -1.1062 2.27292 1.38265 -1.3036 
-0.556664 0.0871844 0.0114639 -0.394306 -1.5295 0.773863 
-0.801332 0.161599 0.348742 -0.520795 -1.97973 0.820454 
-0.560697 0.0856001 -0.189909 -0.462953 -1.32726 0.897164 
-0.806955 0.0225467 0.173287 -0.552933 -1.68741 1.0034 
-0.565682 0.138853 -0.457027 -0.580018 -1.12492 1.07245 
-1.06395 0.0725459 0.218063 -0.683769 -1.88579 1.17143 
-0.814244 0.00345621 -0.114613 -0.656827 -1.41702 1.22233 
-0.571838 0.273893 -0.845353 -0.797826 -0.92079 1.36542 
-1.07306 0.0279853 -0.149958 -0.784242 -1.56946 1.48097 
-0.822843 0.110612 -0.550333 2.27278 1.1773 -1.59105 
-0.407224 -0.0384151 0.142026 -0.254378 -1.42342 0.529066 
-0.591139 -0.0901009 0.612129 -0.348282 -1.83653 0.584545 
-0.410238 -0.0438909 -0.0551639 -0.309924 -1.19253 0.614241 
-0.596254 -0.246612 0.422177 -0.3921 -1.46797 0.72597 
-0.414003 0.00216411 -0.308272 -0.411685 -0.953923 0.746091 
-0.843552 -0.392342 0.627813 -0.530316 -1.57359 0.938238 
-0.6027 -0.26254 0.128457 -0.511834 -1.13418 0.911089 
-0.418579 0.112612 -0.649612 -0.627726 -0.701198 0.997669 
-0.854739 -0.41669 0.233246 -0.707692 -1.17193 1.23591 
-0.610425 -0.16266 -0.277057 -0.785233 -0.826043 1.23893 
-0.423763 0.403361 -1.29609 1.79796 0.466597 -1.36496 
-0.618696 0.108787 -0.935021 -1.49712 -0.647651 2.02243 
-0.234809 -0.125594 0.224434 -0.0777861 -1.34632 0.239782 
-0.194135 0.631166 -1.47485 -0.159783 -0.405124 0.330732 
-0.298092 -0.288992 0.778418 -0.109748 -1.69229 0.264347 
-0.235852 -0.131247 0.0272825 -0.0981049 -1.09549 0.264378 
-0.300189 -0.445237 0.568548 -0.135333 -1.26417 0.312886 
-0.237228 -0.086846 -0.220819 -0.138594 -0.828646 0.308437 
-0.411735 -0.827575 0.866835 -0.232535 -1.11525 0.461508 
-0.303194 -0.444482 0.261947 -0.202824 -0.875347 0.392814 
-0.239096 0.0161951 -0.545436 -0.247255 -0.52404 0.420849 
-0.419028 -0.750665 0.418707 -0.434749 -0.650567 0.687774 
-0.30727 -0.332107 -0.14183 -0.424303 -0.478988 0.623546 
-0.241632 0.23759 -1.0634 -1.07761 -0.170343 1.26106 
-0.439912 0.136209 -1.43501 0.510487 0.936142 -0.142526 
-0.0471244 -0.16537 0.258702 0.120496 -1.32737 -0.0788496 
-0.111885 0.549252 -1.34212 0.222321 -0.442958 -0.189296 
0.0568351 -0.349882 0.821026 0.170602 -1.66585 -0.137699 
-0.0457633 -0.169621 0.0599802 0.150264 -1.07621 -0.129922 
0.0597011 -0.502982 0.603723 0.205827 -1.23703 -0.228841 
-0.043919 -0.122942 -0.189473 0.206461 -0.811729 -0.208988 
0.246262 -0.898926 0.893482 0.351131 -1.10041 -0.491882 
0.0628585 -0.493213 0.290929 0.295065 -0.855895 -0.358328 
-0.0422729 -0.0206771 -0.51069 0.345619 -0.512811 -0.373984 
0.253212 -0.796804 0.435471 0.596138 -0.67283 -0.792993 
0.0654984 -0.374411 -0.114975 0.559995 -0.472711 -0.658113 
-0.0413813 0.188868 -1.00513 1.22376 -0.187915 -1.2818 
0.258655 -0.544302 -0.156865 1.49856 -0.395438 -1.73747 
0.262741 0.0723321 -1.35865 -0.529968 0.945162 0.189724 
0.14344 -0.14991 0.242728 0.309139 -1.3808 -0.387819 
-0.0286419 0.532178 -1.31864 0.534111 -0.506852 -0.634698 
0.396869 -0.237396 0.734167 0.427423 -1.80475 -0.495506 
0.147017 -0.152811 0.0422043 0.377922 -1.15124 -0.50318 
0.403224 -0.391092 0.526502 0.482553 -1.43645 -0.687702 
0.151248 -0.104647 -0.210086 0.500904 -0.922273 -0.675199 
0.751214 -0.518925 0.70525 0.642455 -1.61641 -0.993754 
0.41099 -0.390792 0.218876 0.625626 -1.12791 -0.926787 
0.156354 0.00229158 -0.53909 0.751449 -0.69511 -0.983458 
0.763503 -0.513494 0.28814 0.817531 -1.27862 -1.34127 
0.420422 -0.276673 -0.191655 0.92284 -0.876473 -1.31366 
0.322223 -0.0849559 0.180168 0.460728 -1.48836 -0.653295 
0.0537554 0.554449 -1.35824 0.749582 -0.596164 -0.982662 
0.660683 -0.0188882 0.536097 0.616298 -1.99075 -0.744306 
0.32684 -0.0861897 -0.0224399 0.540016 -1.28991 -0.803713 
0.666976 -0.16526 0.345111 0.641503 -1.69848 -0.976646 
0.332368 -0.0347344 -0.281306 0.670963 -1.10348 -1.00915 
1.01139 -0.0542127 0.339489 0.778581 -1.9836 -1.19442 
0.674853 -0.17656 0.0463899 0.745904 -1.45243 -1.2339 
0.339155 0.0819474 -0.628802 0.895963 -0.937498 -1.32445 
0.480037 0.0216197 0.0722438 0.565943 -1.6167 -0.86636 
0.484579 0.0229792 -0.133384 0.635133 -1.44533 -1.02996 
0.850845 0.110938 0.0701121 -2.42231 1.90143 1.96472 
0.489875 0.0796597 -0.403024 0.74456 -1.28695 -1.2386 
1.15631 0.398323 -0.595861 0.797195 -1.90322 4.53325 
0.613793 0.160468 -0.0805107 0.62921 -1.73573 -1.03967 
0.982633 0.445213 -0.649237 -2.39638 1.81109 1.51573 
-1.19739 1.37799 -0.511035 -2.09962 -1.97557 0.592796 
-0.936936 1.20586 -0.101065 -1.92589 -1.7439 0.434892 
-0.606797 1.15109 0.0527991 -1.62991 -1.5935 0.366232 
-0.262995 1.17581 -0.0184911 -1.31301 -1.45962 0.398837 
-1.19658 0.965681 -0.275431 -2.18231 -1.88321 0.832495 
-0.935348 0.853156 0.0858759 -2.01206 -1.60347 0.707614 
-0.603907 0.888378 0.198407 -1.72282 -1.39426 0.619114 
-0.260724 1.0335 0.0673477 -1.41364 -1.2364 0.604398 
-0.599205 0.643987 0.279024 -1.87261 -1.2404 0.936694 
-0.255108 0.898422 0.131912 -1.55095 -1.03529 0.851809 
-0.591581 0.433344 0.295626 -2.07427 -1.18597 1.28368 
-0.918018 0.232176 -0.125292 0.762943 1.74957 -1.4642 
-0.58462 0.27109 0.251205 -2.26617 -1.2352 1.59604 
-0.912592 0.249099 -0.45426 0.720064 1.95966 -1.20855 
-0.578503 0.1629 0.152147 0.731397 1.34969 -1.29713 
-0.573432 0.108301 0.00230322 0.632461 1.49748 -1.10154 
-0.232231 0.480158 0.195577 -2.31463 -0.866784 1.89666 
-0.569104 0.106211 -0.199717 0.569052 1.66409 -0.941501 
-0.228361 0.403832 0.175427 0.692457 0.926513 -1.06408 
-1.09116 1.13614 0.0990176 -1.96314 -1.70339 0.309246 
-0.791705 1.09909 0.228507 -1.68107 -1.59809 0.241698 
-0.470807 1.1038 0.20696 -1.36954 -1.51825 0.254821 
-0.187476 1.1583 0.0315529 -1.1105 -1.39482 0.339525 
-1.08944 0.637616 0.3235 1.11051 1.57569 -2.46505 
-0.789223 0.684899 0.42753 -1.76318 -1.38305 0.583843 
-0.467697 0.820302 0.356816 -1.45404 -1.24841 0.522522 
-0.184317 1.0103 0.120081 -1.20172 -1.12607 0.541288 
-0.176991 0.86989 0.184164 -1.35437 -0.879275 0.805171 
-1.07468 0.0544661 0.0784275 0.828511 1.7519 -1.58094 
-0.771387 0.0483794 0.399191 0.918682 1.32779 -1.63245 
-0.450497 0.316501 0.45105 1.17245 0.93965 -1.7879 
-0.762397 -0.0661879 0.187227 0.739352 1.51767 -1.2917 
-0.442314 0.142442 0.397957 -2.26552 -1.01006 1.75651 
-0.755069 -0.0528994 -0.13396 0.647307 1.75613 -1.04248 
-0.435612 0.0301535 0.290232 0.675574 1.16117 -1.09653 
-0.158643 0.539164 0.240473 0.957985 0.673506 -1.30825 
-0.430081 -0.0234889 0.133992 0.551918 1.34176 -0.895364 
-0.154356 0.452124 0.230642 0.748426 0.731946 -1.05426 
-0.425489 -0.0235903 -0.0696931 0.476043 1.533 -0.7463 
-0.150753 0.376193 0.208181 0.595254 0.814659 -0.862637 
-0.900532 1.05689 0.514462 -1.59187 -1.57078 -0.000561348 
-0.576007 1.05827 0.468881 -1.26758 -1.55778 0.0416678 
-0.304963 1.0778 0.321443 -1.00285 -1.47796 0.144485 
-0.103412 1.14376 0.0752752 -0.826328 -1.32708 0.256188 
-0.894721 0.363944 0.797891 -1.62988 -1.2569 0.527034 
-0.56769 0.554344 0.701571 -1.28288 -1.15276 0.414163 
-0.296194 0.764604 0.485344 -1.01024 -1.07322 0.381341 
-0.0953851 0.985188 0.171022 -0.842003 -0.959491 0.418066 
-0.286552 0.467391 0.564283 -1.29495 -0.726339 0.811057 
-0.0882371 0.8436 0.22695 -1.032 -0.651674 0.693971 
-0.866918 -0.409596 0.470391 0.79225 1.46548 -1.29241 
-0.543873 -0.223579 0.642369 0.891527 0.994801 -1.35041 
-0.278857 0.221202 0.564143 -1.88876 -0.624624 1.49575 
-0.0835415 0.722559 0.253926 -1.44722 -0.480476 1.15682 
-0.855012 -0.33313 -0.000143221 0.669719 1.79409 -0.983027 
-0.534207 -0.324859 0.399906 0.626786 1.27802 -0.972195 
-0.27219 0.0414373 0.500392 0.776477 0.760287 -1.09659 
-0.526332 -0.289483 0.0648785 0.508974 1.57233 -0.752247 
-0.266534 -0.070051 0.383446 0.533023 0.977699 -0.791572 
-0.520028 -0.143219 -0.382558 0.464333 1.87696 -0.583434 
-0.261843 -0.119528 0.220263 0.407804 1.20414 -0.613153 
-0.0721957 0.433218 0.252209 0.581239 0.605588 -0.763679 
-0.257976 -0.114826 0.0129227 0.338023 1.42571 -0.494471 
-0.0694519 0.35852 0.227622 0.434796 0.719436 -0.589897 
-0.498066 1.13262 0.766049 -0.916954 -1.77481 -0.258455 
-0.251989 1.06536 0.613738 -0.64714 -1.65733 -0.0652004 
-0.102596 1.06601 0.392034 -0.497578 -1.47162 0.0537253 
-0.00627169 1.13373 0.1068 -0.418876 -1.26729 0.132289 
-0.225555 0.475776 0.876114 -0.46701 -0.998574 0.142272 
-0.0816642 0.730202 0.560442 -0.321002 -0.928289 0.130588 
0.0109432 0.966431 0.202722 -0.236573 -0.803129 0.135502 
-0.0821315 0.419763 0.629334 -0.651619 -0.438626 0.481093 
0.00929794 0.827845 0.246882 -0.461516 -0.436862 0.35948 
-0.44854 -0.815374 0.686317 0.505988 1.19297 -0.684511 
-0.220433 -0.422079 0.780486 0.573142 0.659045 -0.749131 
-0.0815492 0.167006 0.621422 1.16065 0.277644 -1.30814 
0.00868057 0.709447 0.268254 -1.13875 -0.217666 1.03979 
-0.438904 -0.636829 0.177184 0.397341 1.60115 -0.498711 
-0.215819 -0.495633 0.511922 0.338394 1.07992 -0.463612 
-0.0793274 -0.0139998 0.550906 0.451995 0.548219 -0.568969 
0.0097069 0.604527 0.276271 0.918432 0.232296 -1.0034 
-0.211285 -0.43328 0.163237 0.259368 1.43603 -0.33784 
-0.0767351 -0.122975 0.428092 0.270703 0.846048 -0.358212 
0.0110756 0.510491 0.274323 0.46755 0.370008 -0.535693 
-0.207423 -0.272581 -0.28142 0.227801 1.77298 -0.251176 
-0.0744721 -0.169019 0.260933 0.195555 1.11465 -0.257515 
0.0127513 0.426024 0.259087 0.293226 0.519276 -0.344916 
-0.0725203 -0.160491 0.0510913 0.158372 1.36013 -0.196664 
0.0140658 0.352302 0.233029 0.208065 0.66174 -0.245684 
0.163508 0.465023 0.890009 0.183752 -0.965861 -0.0421835 
0.126531 0.729403 0.557862 0.149356 -0.89699 -0.0448775 
0.102669 0.966309 0.197051 0.136138 -0.773821 -0.0587486 
0.12437 0.419696 0.624901 0.273223 -0.361778 -0.176778 
0.101524 0.828673 0.24 0.210514 -0.382483 -0.130855 
0.219125 -0.899838 0.717504 -0.154252 1.0917 0.243259 
0.157356 -0.442312 0.791285 -0.186937 0.557624 0.282066 
0.122608 0.168631 0.616445 -0.599334 0.135055 0.690723 
0.100389 0.711417 0.260742 0.684639 -0.0991539 -0.603932 
0.214975 -0.693412 0.20067 -0.110629 1.53056 0.189226 
0.15518 -0.511173 0.519754 -0.0935885 1.02602 0.18171 
0.121281 -0.0104319 0.545306 -0.131032 0.499313 0.219127 
0.0994972 0.607577 0.268281 -0.32419 0.161953 0.405469 
0.211989 -0.363413 -0.479736 -0.0995723 1.97074 0.152526 
0.153602 -0.445035 0.169414 -0.0676004 1.40119 0.14993 
0.12031 -0.118017 0.422164 -0.0714631 0.820534 0.157191 
0.0988476 0.514179 0.264702 -3.26695 -0.346157 3.34854 
0.15236 -0.282177 -0.275499 -0.05764 1.74928 0.131236 
0.119597 -0.162769 0.254452 -0.0500589 1.0992 0.133767 
0.098359 0.431095 0.24991 -0.0750141 0.509749 0.156753 
0.119053 -0.153979 0.0444981 -0.0397325 1.3502 0.121289 
0.0980183 0.358307 0.224269 -0.0527628 0.657536 0.134626 
0.792617 1.07085 0.638451 1.18829 -1.62282 0.12821 
0.531103 1.0569 0.515961 0.923444 -1.57205 0.00165588 
0.34285 1.07728 0.32515 0.742243 -1.44619 -0.113518 
0.209706 1.14608 0.0688592 0.63275 -1.27977 -0.207643 
0.509961 0.519051 0.763102 0.80693 -0.985152 -0.259424 
0.323719 0.753701 0.494701 0.614739 -0.923174 -0.234353 
0.193042 0.979961 0.168698 0.503429 -0.813578 -0.25072 
0.320683 0.461579 0.559854 -2.08858 0.512479 2.44039 
0.191562 0.84128 0.214698 0.818389 -0.480816 -0.561863 
0.746911 -0.578444 0.569915 -0.641004 1.2549 1.0189 
0.735671 -0.462923 0.0825146 -0.503664 1.64862 0.777202 
0.488775 -0.364192 0.423854 -0.460794 1.14685 0.76251 
0.312503 0.0512805 0.484471 -0.588487 0.649899 0.877698 
0.482604 -0.320449 0.0843441 -0.356869 1.48381 0.599921 
0.30839 -0.0558951 0.365986 -0.375873 0.911973 0.632319 
0.184844 0.531759 0.239538 2.55027 -0.452758 3.962 
0.477597 -0.169753 -0.363268 -0.316043 1.81518 0.485198 
0.305186 -0.103012 0.202606 -0.279323 1.16154 0.506395 
0.182465 0.44889 0.225859 -0.398304 0.580891 0.611888 
0.302397 -0.0972601 -0.00519752 -0.227454 1.39743 0.426804 
0.180512 0.376343 0.200738 -0.291519 0.710196 0.491366 
1.04389 1.08846 0.272474 -1.40995 1.60491 2.93446 
0.771605 1.08609 0.283207 1.46505 -1.54928 -0.200444 
0.514154 1.10856 0.192738 1.21759 -1.47553 -0.252524 
0.298413 1.16859 0.00135094 1.02699 -1.35494 -0.340457 
0.507132 0.815989 0.352426 1.26265 -1.10672 -0.499692 
0.291308 1.01293 0.0998067 1.07537 -1.00239 -0.517921 
0.754961 0.252096 0.549404 1.86131 -1.01476 -1.10111 
0.283385 0.875597 0.156794 1.29098 -0.725225 -0.809382 
1.00779 -0.0749765 -0.214497 -0.680753 1.85153 1.12877 
0.734538 -0.114514 0.225947 -0.654136 1.36841 1.15948 
0.48115 0.159629 0.371278 -0.780293 0.894481 1.25985 
0.727109 -0.0948922 -0.0996579 -0.543807 1.64544 0.936989 
0.475007 0.0530635 0.261178 -0.57068 1.08129 0.989149 
0.721127 0.0488695 -0.566099 -0.508053 1.95138 0.751007 
0.46998 0.00256665 0.103816 -0.45053 1.28507 0.813907 
0.263148 0.478469 0.186852 -0.60789 0.70599 0.947782 
0.465898 0.00461136 -0.101281 -0.380526 1.49371 0.691067 
0.259975 0.405883 0.16355 -0.473652 0.804531 0.787213 
1.17114 1.26889 -0.260167 -1.14406 1.82582 2.63506 
0.926104 1.18369 -0.0411503 -1.34444 1.67291 2.72495 
0.647149 1.16254 0.0188612 1.54214 -1.55904 -0.38922 
0.372921 1.19595 -0.0743174 1.29428 -1.43987 -0.430982 
0.644513 0.900766 0.165424 1.64662 -1.32285 -6.92247 
0.370037 1.05244 0.0150725 1.40354 -1.1908 -0.631576 
1.16509 0.509624 -0.042119 2.20968 -1.69335 5.10738 
0.917571 0.504257 0.206569 -1.0743 1.3896 2.05864 
0.363151 0.918209 0.0796303 1.56468 -0.968647 -0.888563 
1.15805 0.35828 -0.274751 2.32674 -1.84639 -1.53985 
0.628795 0.453459 0.258984 -1.05743 1.08192 -4.48512 
0.348898 0.694286 0.137353 -1.09759 0.787702 1.643 
0.895517 0.200201 -0.401974 -0.650595 1.85151 1.14597 
0.609628 0.143827 -0.0414796 -0.560269 1.4429 1.04562 
0.338755 0.51809 0.13369 -0.719967 0.852059 1.17619 
0.605175 0.144674 -0.246024 -0.492406 1.62363 0.900565 
1.03209 1.36613 -0.484758 -1.18149 1.874 -3.77079 
0.753442 1.24279 -0.195898 -1.3885 1.67519 2.62723 
0.438314 1.2273 -0.156769 1.47844 -1.52043 -0.497944 
1.03084 1.03967 -0.281911 -1.07133 1.7431 2.3007 
0.751678 1.00108 -0.0510984 -1.278 1.49919 2.40562 
0.436854 1.08924 -0.0677635 1.59309 -1.31672 -0.692966 
0.430808 0.959211 -0.00114217 -1.40882 1.13573 2.21626 
0.740328 0.597191 0.049128 2.17208 -1.32711 -1.29407 
1.01655 0.524575 -0.503075 2.38815 -1.87918 4.61884 
0.720414 0.319215 -0.448439 -0.569679 1.77531 1.05011 
0.404686 0.493413 0.0493739 -0.660267 1.04855 1.17623 
-0.935384 1.11983 -0.0433186 -1.80241 -1.95113 0.366385 
-0.60474 0.94554 0.171136 -1.5159 -1.79775 0.338912 
-0.260712 0.866166 0.146194 -1.20495 -1.61359 0.405326 
-0.936892 0.778812 0.10675 -1.88193 -1.8157 0.646703 
-0.606504 0.6952 0.264631 -1.62165 -1.60655 0.609017 
-0.262337 0.734076 0.19049 -1.344 -1.40339 0.6273 
-0.935337 0.493425 0.129756 1.15827 1.7352 4.13789 
-0.604743 0.470312 0.294076 1.37007 1.45085 -2.20164 
-0.260713 0.611494 0.213578 -1.51416 -1.20675 0.896335 
-0.924313 0.22849 -0.20979 0.912628 1.84535 -1.4503 
-0.591589 0.169266 0.164814 -2.17242 -1.39544 1.63297 
-0.584512 0.109244 0.014291 0.81397 1.50198 -1.24251 
-0.578499 0.104668 -0.188747 0.712523 1.65104 -1.03369 
-0.236706 0.284224 0.114862 0.785081 1.06822 -1.11035 
-0.573433 0.157129 -0.456309 0.655341 1.82689 -0.855613 
-0.232222 0.241729 0.0545671 0.662272 1.14823 -0.941334 
-1.08943 1.16725 0.0822575 -1.86264 -1.932 0.199617 
-0.789032 1.00615 0.286573 -1.58474 -1.83813 0.169361 
-0.467626 0.887891 0.327045 -1.26549 -1.72833 0.23232 
-0.183908 0.844377 0.197518 -1.00061 -1.54602 0.336646 
-1.09121 0.670077 0.311418 -1.92013 -1.79581 0.549552 
-0.791728 0.597098 0.449033 -1.66947 -1.62742 0.522032 
-0.470974 0.60995 0.424886 -1.39193 -1.46554 0.526415 
-0.187272 0.707082 0.241504 -1.16097 -1.29263 0.564114 
-0.184262 0.57713 0.266491 -1.34801 -1.04162 0.85199 
-0.771396 -0.0754639 0.106914 0.881393 1.58893 -1.30544 
-0.450493 0.0293233 0.310543 0.952164 1.15158 -1.35605 
-0.762423 -0.0256342 -0.255825 0.766468 1.81347 -1.01636 
-0.442316 -0.0285852 0.151052 0.740742 1.30153 -1.05563 
-0.163798 0.305725 0.201518 0.880979 0.844409 -1.16127 
-0.435662 -0.0298861 -0.0552769 0.613795 1.48673 -0.847416 
-0.158654 0.251433 0.149628 0.686418 0.935115 -0.922679 
-0.430111 0.0227934 -0.316679 0.539996 1.68856 -0.686566 
-0.154353 0.210708 0.086642 0.555071 1.04117 -0.753327 
-0.894725 1.10474 0.493831 -1.50465 -1.88349 -0.125998 
-0.567732 0.962055 0.532205 -1.14827 -1.85113 -0.0246207 
-0.29618 0.854156 0.446918 -0.849893 -1.70762 0.114925 
-0.0952545 0.829763 0.242279 -0.659473 -1.48984 0.21615 
-0.900544 0.425098 0.774908 -1.59045 -1.57843 0.370717 
-0.576163 0.454015 0.720285 -1.28895 -1.45482 0.379286 
-0.304961 0.543295 0.550779 -1.04884 -1.31879 0.409091 
-0.103352 0.683164 0.286669 -0.890201 -1.16358 0.455051 
-0.89481 -0.194307 0.781967 1.34798 1.33918 -2.02379 
-0.296215 0.250254 0.589873 -1.26099 -0.897065 0.82789 
-0.095381 0.541574 0.315747 -1.0478 -0.782599 0.734837 
-0.555241 -0.281823 0.598956 1.07363 1.04305 -1.44109 
-0.86692 -0.340896 0.0160157 0.801877 1.73757 -1.01755 
-0.543872 -0.337019 0.318839 0.744693 1.29684 -1.00132 
-0.278856 -0.0826223 0.412217 0.817272 0.865941 -1.06488 
-0.534268 -0.263261 -0.0528813 0.59668 1.59937 -0.747062 
-0.272189 -0.132293 0.24198 0.572129 1.10168 -0.761298 
-0.0792732 0.280467 0.226322 0.703032 0.672912 -0.871765 
-0.526686 -0.0726277 -0.560669 0.546681 1.92648 -0.545083 
-0.266541 -0.126025 0.0298238 0.447615 1.3404 -0.582263 
-0.0754365 0.229257 0.170852 0.509772 0.81321 -0.647879 
-0.261844 -0.0692225 -0.23094 0.379249 1.57523 -0.457748 
-0.0721818 0.190692 0.105485 0.393936 0.951747 -0.505101 
-0.0816637 0.8431 0.512639 -0.259044 -1.73777 0.0220419 
0.0108377 0.825262 0.26637 -0.170394 -1.47327 0.0474461 
-0.251988 0.359269 0.900283 -0.668125 -1.32344 0.190878 
-0.102589 0.501154 0.63057 -0.537692 -1.18738 0.219476 
-0.00625418 0.665727 0.319572 -0.467876 -1.03644 0.251894 
-0.225922 -0.239342 0.934223 -0.961577 -0.479103 0.779609 
-0.0816841 0.181686 0.666362 -0.530148 -0.521569 0.403889 
0.0105509 0.518373 0.345142 -0.35359 -0.509903 0.28089 
-0.45793 -0.841964 0.712893 0.640117 1.03187 -0.764578 
-0.223711 -0.491262 0.735759 0.697922 0.593879 -0.827258 
-0.0821317 -0.0298681 0.594788 -2.01462 -0.288987 -4.37515 
0.00927017 0.411228 0.322569 1.85408 0.197043 -1.92323 
-0.448478 -0.653358 0.194647 0.468722 1.48507 -0.525855 
-0.220437 -0.507429 0.42785 0.39296 1.04975 -0.480812 
-0.081551 -0.143869 0.461247 0.440156 0.630983 -0.52532 
0.00867395 0.331904 0.283213 0.643184 0.333325 -0.70606 
-0.438933 -0.330272 -0.489791 0.426257 1.9321 -0.35233 
-0.215818 -0.405618 0.0451809 0.299826 1.43814 -0.340076 
-0.0793266 -0.186749 0.284695 0.281616 0.960559 -0.340507 
0.00970498 0.269597 0.234462 0.35877 0.548069 -0.407909 
-0.211281 -0.204691 -0.45154 0.264625 1.80935 -0.238259 
-0.0767597 -0.175353 0.0693258 0.211687 1.24549 -0.244543 
0.0112701 0.220569 0.177037 0.245227 0.735522 -0.278991 
-0.0745139 -0.115235 -0.191579 0.176008 1.50659 -0.181788 
0.0127774 0.183731 0.110301 0.184252 0.900152 -0.2039 
0.12632 0.846911 0.507006 0.118538 -1.74787 -0.0275437 
0.10283 0.830537 0.258044 0.0953323 -1.4832 -0.0478768 
0.163497 -0.260455 0.947657 0.488603 -0.326023 -0.403516 
0.12632 0.18343 0.661307 0.263461 -0.463445 -0.188234 
0.102869 0.520868 0.336452 0.210213 -0.472059 -0.148341 
0.224753 -0.92981 0.743904 -0.220529 0.901724 0.282853 
0.160262 -0.510883 0.745353 -0.271035 0.478142 0.344621 
0.10157 0.415046 0.314077 1.14814 -0.085727 -1.08187 
0.219128 -0.711786 0.217862 -0.138828 1.40002 0.195464 
0.157349 -0.522779 0.435064 -0.117883 0.989657 0.187859 
0.122603 -0.139879 0.455512 -0.139383 0.585174 0.21209 
0.100389 0.336464 0.274607 -0.221098 0.290763 0.29038 
0.214976 -0.376698 -0.464935 -0.115965 1.87726 0.149631 
0.155173 -0.417448 0.0511093 -0.0811953 1.39955 0.146968 
0.12128 -0.181933 0.278799 -0.0778256 0.935159 0.150206 
0.0995009 0.275074 0.225704 -0.101922 0.530693 0.173266 
0.153397 -0.214646 -0.4452 -0.0680737 1.78451 0.123841 
0.120313 -0.169364 0.0628022 -0.055437 1.23045 0.126945 
0.0988453 0.226875 0.168025 -0.064563 0.728603 0.137256 
0.119595 -0.108342 -0.199096 -0.0447095 1.49789 0.114266 
0.0983601 0.19066 0.10115 -0.046921 0.8983 0.120521 
0.509959 0.967414 0.577877 0.696883 -1.92577 0.0191195 
0.323686 0.861386 0.44858 0.483449 -1.71615 -0.0923494 
0.192721 0.839196 0.23377 0.359172 -1.48047 -0.145291 
0.792573 0.342178 0.932912 1.20016 -1.4609 -0.275084 
0.531118 0.424174 0.776774 0.956789 -1.35109 -0.299986 
0.34281 0.541051 0.55514 0.793688 -1.22496 -0.331889 
0.209504 0.68685 0.279519 0.695516 -1.08338 -0.372945 
0.509945 -0.0945991 0.814436 -1.88122 0.684227 2.22688 
0.323756 0.238008 0.595888 0.915735 -0.618785 -0.646358 
0.193033 0.539056 0.309895 0.713011 -0.565672 -0.519676 
0.759585 -0.596468 0.595418 -0.824685 1.13998 1.11419 
0.503204 -0.340538 0.635016 -0.904953 0.755246 1.1855 
0.192184 0.435639 0.288532 -1.59774 0.344653 -4.48604 
0.746704 -0.476164 0.100026 -0.60404 1.5542 0.80222 
0.495946 -0.378909 0.343001 -0.547001 1.13626 0.779167 
0.316917 -0.0737698 0.397502 -0.607862 0.73852 0.836569 
0.735535 -0.176527 -0.599786 -0.555218 1.99128 0.571714 
0.488776 -0.295145 -0.0334104 -0.418461 1.49907 0.592931 
0.312491 -0.11887 0.225037 -0.401913 1.03106 0.604349 
0.1876 0.296553 0.200633 -0.49578 0.62668 0.686081 
0.482487 -0.101561 -0.538182 -0.371184 1.86168 0.457017 
0.308648 -0.110278 0.0121264 -0.306787 1.29744 0.480922 
0.184844 0.248001 0.144134 -0.348965 0.794098 0.526905 
0.305288 -0.0520781 -0.24951 -0.255701 1.54902 0.398531 
0.182516 0.211314 0.0784172 -0.265859 0.946096 0.431707 
1.04038 1.12836 0.257174 1.58118 -1.88894 -0.0976867 
0.765913 0.996443 0.344906 1.30208 -1.82746 -0.135291 
0.507292 0.897682 0.31653 1.03604 -1.70914 -0.22383 
0.291247 0.86299 0.169671 0.836122 -1.52698 -0.313919 
1.0438 0.571873 0.497091 1.71517 -1.64941 -6.77938 
0.771626 0.565602 0.508552 -1.66569 1.51924 2.64741 
0.514146 0.617444 0.410555 1.25439 -1.3851 -0.513107 
0.298415 0.723671 0.210479 1.08499 -1.23839 -0.553558 
1.04047 0.0949499 0.506593 -1.27517 1.45398 -4.21455 
0.765838 0.175767 0.54132 -1.46001 1.21739 2.13908 
0.507131 0.354165 0.450006 -1.68062 1.02997 2.23476 
0.291243 0.586589 0.242106 1.26526 -0.890419 -0.840575 
1.01761 -0.0787067 -0.200931 -0.819128 1.81098 1.1525 
0.743817 -0.127769 0.147669 -0.782532 1.40802 1.1761 
0.488611 0.0451138 0.286484 -0.848122 1.01174 1.23205 
0.734579 -0.0695699 -0.219977 -0.643921 1.68942 0.918134 
0.481148 -0.00634008 0.122972 -0.625667 1.21337 0.952763 
0.271647 0.333394 0.159057 -0.741911 0.795822 1.0477 
0.474985 -0.00382947 -0.0860819 -0.502111 1.42966 0.772644 
0.267007 0.283009 0.105424 -0.561322 0.913831 0.840179 
0.469976 0.0514371 -0.350652 -0.432809 1.65294 0.640707 
0.263148 0.244945 0.0415455 -0.445354 1.03551 0.699647 
0.924097 1.09876 0.0162747 1.6579 -1.89568 -0.351934 
0.644398 0.961792 0.137158 1.40447 -1.77045 -0.363325 
0.370018 0.89457 0.0907366 1.15869 -1.60571 -0.432278 
0.926108 0.746672 0.167226 -1.37292 1.72125 2.49965 
0.647141 0.714156 0.22839 1.54573 -1.55259 -0.628022 
0.372832 0.764751 0.133228 1.32915 -1.38235 -0.649876 
0.924067 0.44813 0.191834 1.90599 -1.59343 -1.01656 
0.370003 0.641803 0.158944 1.51482 -1.16081 -0.919017 
1.16508 0.366645 -0.26787 -1.0032 1.90428 -4.62861 
0.901809 0.233625 -0.537086 -0.782055 1.92264 1.10016 
0.621044 0.142208 -0.0274508 -0.745947 1.42751 1.18379 
0.348804 0.382044 0.10204 -0.860142 0.983761 1.27122 
0.61476 0.141312 -0.234038 -0.633889 1.5976 0.987217 
0.343293 0.329534 0.0524315 -0.693636 1.05876 1.0653 
0.609496 0.198166 -0.50796 -0.569949 1.79253 0.825345 
0.338755 0.28992 -0.00877329 -0.574927 1.14969 0.911436 
0.751573 1.05176 -0.0759348 -1.53624 1.87027 -3.62667 
0.436637 0.930653 0.0101743 1.34321 -1.687 -0.502549 
1.03209 0.975521 -0.261669 -1.23584 1.93349 2.34663 
0.753298 0.828807 0.0129077 -1.4133 1.71007 2.42351 
0.438433 0.808106 0.0517268 1.49103 -1.50215 -0.708244 
0.436424 0.693039 0.0759542 1.65684 -1.33033 -0.952916 
0.746826 0.474841 0.0126978 2.04351 -1.51269 -1.30263 
1.02183 0.533097 -0.603726 2.22237 -1.97706 4.57981 
0.728734 0.319949 -0.440067 2.42661 -1.77616 -2.01761 
0.413094 0.384186 -0.0133771 -0.764082 1.20294 1.21766 
0.724241 0.392024 -0.744303 -0.677183 1.95693 0.939413 
0.408867 0.343387 -0.072086 -0.658565 1.27206 1.06931 
-0.598337 0.743288 0.254358 -1.34387 -1.95638 0.378839 
-0.255058 0.584924 0.215065 -1.04616 -1.6855 0.484862 
-0.935351 0.704413 0.126394 -1.69906 -1.99528 0.629166 
-0.604739 0.516017 0.293369 -1.44907 -1.77041 0.652149 
-0.260747 0.476928 0.215852 -1.209 -1.49891 0.703497 
-0.60687 0.326167 0.269128 1.53526 1.6227 -2.16688 
-0.262874 0.381826 0.195147 -1.41462 -1.3362 0.975243 
-0.930767 0.235922 -0.301859 -2.01924 -1.92745 -4.56514 
-0.599169 0.114195 0.0372084 -2.01354 -1.53489 1.66639 
-0.591581 0.101723 -0.166582 0.949497 1.6265 -1.1821 
-0.248255 0.20584 0.0186177 0.984435 1.18107 -1.2232 
-0.584511 0.150876 -0.435749 0.835558 1.7813 -0.942786 
-0.242009 0.186484 -0.0720856 0.807855 1.26024 -0.997534 
-0.5785 0.280755 -0.816662 0.791621 1.98392 -0.716775 
-0.236701 0.182201 -0.17496 0.685914 1.36093 -0.830683 
-0.459681 0.670547 0.410208 -1.10627 -1.88511 0.272357 
-0.177366 0.558799 0.26442 -0.852445 -1.60636 0.394333 
-1.08943 0.697627 0.308303 -1.76475 -1.99093 0.455369 
-0.789031 0.507922 0.4706 -1.49953 -1.82903 0.494693 
-0.467811 0.411726 0.45707 -1.23154 -1.61756 0.561968 
-0.184311 0.443311 0.268354 -1.03336 -1.37097 0.618697 
-1.0914 0.288909 0.317304 1.32673 1.90648 -2.21955 
-0.471023 0.196846 0.430764 -1.44803 -1.40357 0.932886 
-0.187444 0.343094 0.246885 -1.28223 -1.16823 0.921835 
-1.08331 0.089125 -0.34378 1.13898 2.00287 -1.27798 
-0.781351 -0.0740082 0.022918 1.07925 1.64463 -1.32642 
-0.177506 0.200114 0.141827 1.19944 0.939399 -1.42306 
-0.771393 0.0117968 -0.386869 0.928669 1.84227 -0.983171 
-0.450498 -0.040117 -0.026883 0.854594 1.40583 -1.02306 
-0.170055 0.16629 0.0583695 0.89359 1.0046 -1.06805 
-0.442412 0.0110275 -0.292172 0.708822 1.60526 -0.788654 
-0.163792 0.150704 -0.0369368 0.693384 1.12549 -0.827355 
-0.435774 0.128383 -0.641522 0.636383 1.83607 -0.597812 
-0.158691 0.14904 -0.142529 0.566616 1.25617 -0.664531 
-0.286543 0.62337 0.527243 -0.728872 -1.85559 0.151937 
-0.0883543 0.541712 0.304201 -0.547685 -1.54758 0.246641 
-0.894716 0.47446 0.772947 -1.39906 -1.84123 0.238088 
-0.567696 0.345587 0.749203 -1.0775 -1.67194 0.340746 
-0.296212 0.32772 0.588782 -0.847471 -1.45164 0.402688 
-0.0960094 0.414765 0.31856 -0.707076 -1.22609 0.434661 
-0.900536 -0.14655 0.782589 -1.58332 -1.58776 -5.34855 
-0.575999 -0.0843927 0.727513 1.75642 1.32897 -2.23668 
-0.304979 0.0857683 0.557215 -1.20068 -1.12081 0.842267 
-0.103397 0.308293 0.29235 -1.06397 -0.954385 0.805493 
-0.894716 -0.409384 0.513543 1.26805 1.46797 -1.55054 
-0.881081 -0.352432 0.0418653 0.986763 1.65416 -1.07454 
-0.555295 -0.341122 0.238313 0.916362 1.27422 -1.05632 
-0.286554 -0.153351 0.287537 0.935325 0.917774 -1.08677 
-0.0883574 0.162624 0.176464 -2.09311 -0.644332 -4.32085 
-0.543871 -0.230432 -0.175163 0.710995 1.58775 -0.742367 
-0.278856 -0.146776 0.0645315 0.645913 1.17546 -0.743023 
-0.0835418 0.136522 0.0842593 0.680434 0.81696 -0.780706 
-0.534206 0.0186839 -0.771576 0.651076 1.9562 -0.487192 
-0.272209 -0.0866495 -0.204015 0.508355 1.44629 -0.547134 
-0.0792659 0.12607 -0.0157619 0.499324 1.00259 -0.57202 
-0.266571 0.0305669 -0.542794 0.439992 1.71715 -0.404615 
-0.0754408 0.127837 -0.124067 0.395062 1.17109 -0.441968 
-0.0821295 0.605032 0.586002 -0.273098 -1.87219 0.0402956 
0.00887505 0.539214 0.321944 -0.190093 -1.54052 0.0695608 
-0.225885 0.240171 0.927837 -0.38862 -1.5739 0.123633 
-0.0817322 0.281307 0.665074 -0.262457 -1.34193 0.127126 
0.0107557 0.40109 0.346247 -0.187398 -1.13436 0.110613 
-0.251992 -0.308583 0.909146 -0.925806 -0.850485 0.719827 
-0.102639 0.00927006 0.637473 -0.731065 -0.792156 0.562262 
-0.00629653 0.282603 0.325432 -0.635225 -0.712965 0.50866 
-0.466495 -0.873779 0.75305 0.900402 0.814361 -0.952889 
0.010809 0.189467 0.275845 -1.11038 -0.188968 1.07249 
-0.457973 -0.678725 0.223397 0.560869 1.30186 -0.56496 
-0.223714 -0.513979 0.346612 0.461202 0.942467 -0.504104 
-0.0821325 -0.219233 0.336253 0.45581 0.625045 -0.501634 
0.00926801 0.144756 0.188807 0.516642 0.391317 -0.547383 
-0.44857 -0.349067 -0.46555 0.480783 1.80231 -0.363513 
-0.220435 -0.37322 -0.0759742 0.344017 1.39521 -0.339826 
-0.0815493 -0.202006 0.106022 0.299811 1.01817 -0.322823 
0.00867382 0.123946 0.0919146 0.311956 0.693753 -0.332863 
-0.215799 -0.122 -0.645417 0.307436 1.82699 -0.218938 
-0.0793266 -0.135641 -0.164565 0.235813 1.34589 -0.229747 
0.00970694 0.116665 -0.0102913 0.230303 0.929959 -0.237428 
-0.0767347 -0.0163211 -0.500039 0.202165 1.64749 -0.160568 
0.0112687 0.119178 -0.118456 0.180805 1.12374 -0.174166 
0.124367 0.610378 0.580257 0.10063 -1.88429 -0.0484058 
0.101569 0.545873 0.312097 0.0782071 -1.5519 -0.0663714 
0.163494 0.233356 0.941058 0.150972 -1.57152 -0.0628924 
0.126468 0.287292 0.66039 0.119912 -1.34443 -0.0758921 
0.102958 0.408436 0.33879 0.104493 -1.14351 -0.0828434 
0.231132 -0.966538 0.784737 -0.374414 0.617148 0.399842 
0.163497 -0.560749 0.701049 -0.539481 0.296823 0.582937 
0.10287 0.195034 0.267333 0.953578 -0.116538 -0.910885 
0.224758 -0.738471 0.246005 -0.185121 1.20217 0.212117 
0.160255 -0.528332 0.35292 -0.160261 0.879433 0.205396 
0.124369 -0.214468 0.330021 -0.173545 0.586545 0.22452 
0.10157 0.150974 0.179437 -0.217106 0.371246 0.267621 
0.216987 -0.397167 -0.440363 -0.137103 1.73976 0.146976 
0.157335 -0.384875 -0.0704635 -0.100794 1.35514 0.144564 
0.122606 -0.197116 0.09977 -0.0915619 0.995619 0.145574 
0.100389 0.130483 0.0825358 -0.0995978 0.684551 0.155543 
0.154657 -0.13276 -0.637884 -0.0819078 1.80243 0.113731 
0.121279 -0.130254 -0.171214 -0.0644255 1.33252 0.119166 
0.0994972 0.123699 -0.0197803 -0.0642877 0.926585 0.12388 
0.120303 -0.0101043 -0.507748 -0.0523816 1.64116 0.104716 
0.0988446 0.128079 -0.129597 -0.0476266 1.12444 0.109621 
0.320664 0.635947 0.518414 0.462353 -1.87137 -0.144191 
0.192033 0.559752 0.28598 0.344383 -1.56059 -0.201354 
0.771972 0.415414 0.930726 0.907438 -1.81163 -0.15294 
0.509961 0.317236 0.808599 0.646013 -1.5954 -0.245425 
0.323748 0.331211 0.594582 0.488044 -1.37543 -0.271017 
0.193039 0.424933 0.311593 0.391175 -1.16694 -0.271634 
0.531108 -0.148704 0.784434 1.14883 -1.06414 -0.824271 
0.342849 0.0816435 0.561647 0.984984 -0.934749 -0.729863 
0.209605 0.314026 0.284933 0.883581 -0.822001 -0.692483 
0.509981 -0.39118 0.59565 1.91307 -0.692122 -1.74035 
0.759241 -0.497352 0.129149 -0.742433 1.40066 0.843189 
0.503209 -0.388481 0.26486 -0.668295 1.05437 0.809499 
0.320692 -0.148638 0.275925 -0.678538 0.744566 0.825566 
0.192044 0.174433 0.155191 -0.763178 0.510285 0.89316 
0.746503 -0.194067 -0.573693 -0.637416 1.87399 0.572913 
0.495947 -0.26431 -0.155104 -0.494095 1.47018 0.582272 
0.316917 -0.134945 0.0478984 -0.447058 1.09586 0.577226 
0.19031 0.154033 0.0584498 -0.468902 0.771466 0.600134 
0.488785 -0.0115397 -0.747684 -0.441266 1.8917 0.413262 
0.312887 -0.0716288 -0.222303 -0.348033 1.40404 0.450028 
0.187634 0.146543 -0.0432242 -0.341839 0.988347 0.466784 
0.30839 0.0492021 -0.566542 -0.296994 1.69832 0.356376 
0.184874 0.150123 -0.152573 -0.268069 1.17078 0.383819 
0.497351 0.686853 0.394077 0.883891 -1.8744 -0.271121 
0.28325 0.585091 0.233406 0.691442 -1.60163 -0.369364 
1.04039 0.60728 0.499139 -1.65134 1.87908 2.7506 
0.765224 0.47607 0.537908 1.23551 -1.72877 -0.454472 
0.507132 0.423219 0.449004 1.02127 -1.53162 -0.516845 
0.291195 0.465279 0.24415 0.87332 -1.31374 -0.560152 
0.298414 0.366272 0.216079 1.22421 -1.09457 -0.903523 
1.02953 -0.0865026 -0.1764 -1.01361 1.74855 1.19251 
0.497343 -0.0217515 0.165129 -0.987681 1.08416 1.2374 
0.283372 0.222317 0.107205 2.06557 -0.810116 -1.84005 
0.743895 -0.0359721 -0.347462 -0.777308 1.69673 0.893821 
0.488612 -0.0202711 -0.053599 -0.720363 1.30133 0.92009 
0.277101 0.195878 0.016944 -0.752198 0.947448 0.958647 
0.481118 0.0368212 -0.324908 -0.5805 1.54742 0.719654 
0.271644 0.184912 -0.081846 -0.570092 1.10689 0.756724 
0.474997 0.158177 -0.680166 -0.512092 1.80858 0.563493 
0.267006 0.186227 -0.189683 -0.45905 1.25729 0.624788 
0.637426 0.765769 0.218326 1.21548 -1.93026 -0.404349 
0.363153 0.62302 0.159443 0.978046 -1.68391 -0.505404 
0.644525 0.539726 0.259854 1.35328 -1.7129 -0.661397 
0.369975 0.516136 0.160907 1.16627 -1.48249 -0.715107 
1.17121 0.551163 -0.0444847 1.8258 -1.99763 5.27453 
0.926129 0.398308 0.17282 -1.43475 1.7788 2.15614 
0.647138 0.352825 0.234016 1.55364 -1.545 -0.983733 
0.372818 0.423074 0.138716 1.40445 -1.31359 -0.987425 
0.924096 0.227173 0.0307152 -1.26625 1.71488 1.76128 
0.917813 0.181469 -0.243275 -1.08013 1.77046 1.38224 
0.628791 0.134657 -0.208192 -0.877783 1.54573 1.13378 
0.355453 0.251329 -0.0411017 2.23504 -1.15531 -1.95967 
0.621121 0.189345 -0.485155 -0.748361 1.7307 0.906277 
0.348795 0.236311 -0.135648 -0.726087 1.2555 0.96839 
0.614692 0.331733 -0.887742 -0.695777 1.96496 0.696263 
0.34329 0.234708 -0.241101 -0.604817 1.36943 0.815472 
0.431146 0.667193 0.0794443 1.15261 -1.77357 -0.5907 
0.436416 0.568505 0.0780982 1.31973 -1.61647 -0.78931 
0.753417 0.508067 0.0183717 -1.46408 1.75191 -4.17627 
0.438341 0.481242 0.0569517 1.51677 -1.48056 -1.0302 
0.751679 0.389344 -0.0648055 -1.29015 1.68157 -4.47678 
0.740337 0.319389 -0.420314 2.18698 -1.76819 4.38077 
0.73408 0.386917 -0.72384 -0.86551 1.92263 0.999881 
0.418181 0.296648 -0.20315 -0.815849 1.40206 1.10637 
0.412906 0.293379 -0.306862 -0.704402 1.48983 0.953993 
-0.248264 0.36072 0.18003 -0.883588 -1.65144 0.605816 
-0.599023 0.35849 0.283289 -1.2242 -1.85446 0.74023 
-0.255188 0.287774 0.141814 -1.03943 -1.49733 0.804021 
-0.604712 0.213636 0.207715 -1.38259 -1.70938 1.04167 
-0.260711 0.230618 0.0803575 -1.25905 -1.37153 1.06738 
-0.262851 0.191884 -0.00278925 -1.51667 -1.2953 1.3742 
-0.935469 0.252505 -0.399901 -1.75705 -1.97505 -4.52076 
-0.604753 0.102378 -0.128461 -1.7973 -1.62737 1.71192 
-0.599027 0.140685 -0.395196 1.14672 1.70719 -1.10693 
-0.255112 0.171923 -0.227576 1.09455 1.31511 -1.13595 
-0.591581 0.262195 -0.771606 1.01817 1.87581 -0.806756 
-0.248263 0.193528 -0.369946 0.893492 1.42015 -0.888113 
-0.241992 0.235119 -0.533361 0.759673 1.55474 -0.703655 
-0.450478 0.460141 0.448981 -0.931104 -1.95387 0.371118 
-0.170052 0.330556 0.226209 -0.717827 -1.56254 0.486994 
-0.781268 0.41813 0.485476 -1.29024 -1.98535 0.515191 
-0.459806 0.238726 0.444602 -1.02846 -1.69126 0.62822 
-0.177385 0.250595 0.192837 -0.878405 -1.35839 0.683872 
-0.789031 0.116149 0.435725 -1.39796 -1.77624 0.929943 
-0.467817 0.0741299 0.367534 -1.24163 -1.47569 0.96549 
-0.184331 0.187989 0.133169 -1.13873 -1.18657 0.979255 
-1.08945 0.0887246 -0.31848 1.39393 1.99812 -1.3114 
-0.789034 -0.0615926 -0.0648644 1.32929 1.68738 -1.35165 
-0.467811 -0.0467778 0.0212962 1.3055 1.35205 -1.36812 
-0.781244 0.0596924 -0.526558 1.14382 1.83152 -0.949399 
-0.45981 -0.00745951 -0.244015 1.02507 1.46503 -0.996823 
-0.177383 0.128095 -0.183375 0.98631 1.12484 -1.01269 
-0.450495 0.10598 -0.596111 0.846872 1.68725 -0.705965 
-0.170052 0.154046 -0.330639 0.756863 1.27952 -0.744642 
-0.442312 0.372479 -1.1932 0.799087 2.00385 -0.409961 
-0.163874 0.198481 -0.495835 0.619956 1.45274 -0.568073 
-0.279687 0.39562 0.562743 -0.62698 -1.89638 0.233751 
-0.0836276 0.310987 0.260405 -0.478142 -1.49345 0.314916 
-0.555241 0.238134 0.758395 -0.908795 -1.84465 0.359001 
-0.286946 0.143601 0.569224 -0.695022 -1.52124 0.439127 
-0.0884134 0.222142 0.236268 -0.587809 -1.21939 0.457882 
-0.894701 -0.123727 0.804661 -1.28178 -1.7077 0.800802 
-0.567689 -0.157507 0.711175 -1.09113 -1.41402 0.817963 
-0.296232 -0.0469452 0.496715 -0.948745 -1.15717 0.779703 
-0.095386 0.148955 0.18401 -0.858411 -0.939302 0.752868 
-0.304971 -0.142956 0.338628 -1.4456 -1.00855 1.33892 
-0.103388 0.107592 0.0916462 -1.37892 -0.81396 1.29508 
-0.894427 -0.361823 0.0761628 1.25192 1.58823 -1.1794 
-0.567695 -0.332403 0.157565 1.17536 1.25178 -1.17077 
-0.296212 -0.172246 0.129909 1.1529 0.951641 -1.18653 
-0.88096 -0.0913872 -0.629676 1.05566 1.87093 -0.71862 
-0.55524 -0.192986 -0.298143 0.863789 1.52088 -0.751348 
-0.28655 -0.120047 -0.145692 0.761265 1.18531 -0.741765 
-0.0883562 0.0924145 -0.152755 0.725491 0.902012 -0.735218 
-0.543864 0.145427 -1.04325 0.779936 1.95302 -0.403529 
-0.278933 4.33419e-05 -0.493437 0.59025 1.51205 -0.500063 
-0.0835599 0.126356 -0.307295 0.526639 1.14991 -0.508076 
-0.27243 0.227204 -1.00723 0.530178 1.87351 -0.306184 
-0.079262 0.175488 -0.475743 0.424321 1.37174 -0.375733 
-0.0817502 0.365653 0.619174 -0.266669 -1.87603 0.0806323 
0.00866753 0.305679 0.274448 -0.19861 -1.46762 0.110549 
-0.223719 0.117697 0.925093 -0.374613 -1.7516 0.149507 
-0.0821446 0.0947285 0.633877 -0.263341 -1.42575 0.162228 
0.0092706 0.212348 0.25613 -0.207603 -1.15532 0.148728 
-0.225914 -0.380039 0.887137 -0.477139 -0.969708 0.409262 
-0.081665 -0.120538 0.572115 -0.337421 -0.868008 0.289069 
0.0108098 0.127695 0.214636 -0.253425 -0.738668 0.219851 
-0.251988 -0.54677 0.633962 -1.4554 -0.649368 -4.8569 
-0.102605 -0.22657 0.409858 -1.24581 -0.52509 1.19935 
-0.00626285 0.0781509 0.123292 -1.12719 -0.444068 1.08637 
-0.466697 -0.712183 0.268187 0.723325 1.03922 -0.660667 
-0.225913 -0.515522 0.273141 0.59538 0.741431 -0.588128 
-0.0816679 -0.247022 0.185823 0.541908 0.511887 -0.549381 
0.010809 0.056474 0.00517478 0.500631 0.359354 -0.50397 
-0.458072 -0.378511 -0.425768 0.538762 1.60022 -0.382095 
-0.22371 -0.339531 -0.195062 0.385419 1.27825 -0.336385 
-0.0821311 -0.177705 -0.102718 0.312063 0.995266 -0.297068 
0.0092713 0.0775504 -0.144274 0.275868 0.764721 -0.265408 
-0.220362 -0.0179727 -0.875972 0.349127 1.81431 -0.189856 
-0.0815491 -0.0509153 -0.450608 0.257562 1.40855 -0.204483 
0.00867394 0.116405 -0.302574 0.224136 1.08217 -0.196429 
-0.0793203 0.169521 -0.944299 0.23646 1.80777 -0.119742 
0.00970689 0.168073 -0.472344 0.189462 1.33192 -0.143501 
0.122978 0.371914 0.614919 0.0806908 -1.8822 -0.0717138 
0.100398 0.313537 0.267042 0.0632004 -1.47591 -0.0842716 
0.160422 0.110813 0.939864 0.126301 -1.74674 -0.0803137 
0.124419 0.101745 0.62945 0.0967504 -1.42701 -0.0935059 
0.10157 0.220537 0.248965 0.0851327 -1.1647 -0.0985891 
0.163497 -0.398303 0.901181 0.191809 -0.908975 -0.181769 
0.126314 -0.114256 0.568508 0.154827 -0.855374 -0.150535 
0.102869 0.135334 0.208067 0.140789 -0.742565 -0.143489 
0.231129 -0.774215 0.291065 -0.272856 0.903502 0.26122 
0.163498 -0.529379 0.279502 -0.247264 0.661885 0.259552 
0.12632 -0.242037 0.180001 -0.259574 0.47082 0.280916 
0.10287 0.0634505 -0.00392901 -0.282474 0.34739 0.305861 
0.223489 -0.426601 -0.402372 -0.17152 1.53305 0.150573 
0.160231 -0.350464 -0.19016 -0.130287 1.24091 0.145102 
0.124369 -0.172208 -0.109791 -0.11531 0.980232 0.143942 
0.10157 0.0852377 -0.154736 -0.112853 0.766561 0.146345 
0.157348 -0.0280274 -0.870112 -0.101015 1.79577 0.100329 
0.122599 -0.0449839 -0.458674 -0.0779235 1.40052 0.108891 
0.100389 0.124401 -0.313505 -0.0711463 1.08529 0.111526 
0.121215 0.176832 -0.95453 -0.0643916 1.8078 0.088632 
0.0994972 0.176678 -0.484031 -0.0528259 1.33718 0.0974756 
0.316893 0.410421 0.54922 0.417885 -1.89686 -0.220105 
0.190645 0.332772 0.240984 0.321475 -1.50466 -0.273918 
0.503201 0.213661 0.804785 0.586194 -1.79657 -0.290536 
0.322155 0.156374 0.565852 0.44258 -1.4812 -0.334452 
0.192118 0.240877 0.222352 0.370444 -1.20175 -0.336942 
0.509964 -0.223268 0.773048 0.722459 -1.14373 -0.614069 
0.324092 -0.0484068 0.506461 0.591234 -0.972021 -0.530782 
0.193057 0.157334 0.181583 0.506713 -0.807267 -0.477444 
0.792484 -0.59025 0.658896 1.54287 -1.18585 -1.49647 
0.209606 0.11409 0.084569 1.29105 -0.629886 -1.2292 
0.771989 -0.524939 0.174063 -0.968914 1.18985 0.945425 
0.509991 -0.392729 0.194013 -0.878988 0.897265 0.909378 
0.323757 -0.177938 0.12829 -0.848397 0.660064 0.899092 
0.19304 0.0872365 -0.0273381 -0.841219 0.489651 0.889786 
0.759114 -0.222408 -0.530482 -0.735519 1.68685 0.584755 
0.503201 -0.231649 -0.275195 -0.582945 1.36701 0.570658 
0.320683 -0.111834 -0.160771 -0.504269 1.07969 0.545305 
0.192074 0.108704 -0.177704 -0.471131 0.840059 0.525475 
0.495946 0.108738 -1.01009 -0.520675 1.8934 0.34843 
0.316917 0.0155928 -0.516057 -0.396588 1.47405 0.401831 
0.190347 0.148112 -0.337572 -0.354093 1.14116 0.404687 
0.312491 0.25432 -1.04845 -0.359192 1.87472 0.277457 
0.187647 0.200408 -0.509414 -0.288934 1.38117 0.329504 
0.487752 0.481561 0.428691 0.749162 -1.9378 -0.367325 
0.277091 0.363594 0.19132 0.588024 -1.56258 -0.464196 
0.754723 0.386135 0.547377 1.03674 -1.90321 -0.480285 
0.496773 0.25629 0.43381 0.830537 -1.61634 -0.570373 
0.283369 0.279596 0.166202 0.719073 -1.31644 -0.61161 
0.507198 0.0844145 0.363265 1.07632 -1.31751 -0.888384 
0.291243 0.211201 0.112439 0.996398 -1.08231 -0.892848 
1.04388 -0.0888593 0.289581 -1.53776 1.73193 -4.50914 
0.514111 -0.00568838 0.209663 -1.64798 1.21245 -4.49487 
1.02953 0.199611 -0.937128 -1.1418 1.97697 -5.52659 
0.754954 0.00456973 -0.479003 -0.954846 1.65039 0.873764 
0.497348 0.00769652 -0.267563 -0.863175 1.32929 0.893326 
0.283372 0.155959 -0.222541 -0.829756 1.04335 0.897689 
0.488611 0.132065 -0.633325 -0.690497 1.62884 0.642655 
0.277097 0.189752 -0.378725 -0.621831 1.26042 0.674163 
0.271644 0.240195 -0.551542 -0.506916 1.46422 0.53642 
0.62879 0.579253 0.257033 1.01375 -2.0071 -0.506858 
0.355332 0.406405 0.124951 0.80873 -1.65404 -0.619331 
0.637429 0.386966 0.250583 1.1191 -1.79287 -0.736897 
0.363011 0.332579 0.0901645 0.97387 -1.48051 -0.803583 
0.924145 0.346883 0.156511 -1.69256 1.88459 2.14446 
0.64452 0.242775 0.175738 1.31694 -1.62291 -1.03371 
0.926094 0.210786 -0.0247106 1.6176 -1.8144 -1.37899 
0.373171 0.23906 -0.057708 -1.62865 1.27099 -4.522 
0.369974 0.218667 -0.162106 -1.32251 1.2366 1.42474 
0.363163 0.220845 -0.288895 2.11015 -1.28868 -2.0348 
0.628791 0.307352 -0.834864 -0.920552 1.8313 0.777091 
0.355485 0.247283 -0.438835 -0.817558 1.41936 0.865607 
0.348765 0.294737 -0.611606 -0.682946 1.57531 0.695671 
0.424413 0.458064 0.0472858 0.955885 -1.75153 -0.727343 
0.431088 0.392262 0.00714676 1.11154 -1.62485 -0.907406 
0.751656 0.41033 -0.0401654 1.42445 -1.83517 5.16762 
0.436374 0.341062 -0.0558603 1.31954 -1.52569 -1.1392 
0.751681 0.321618 -0.384188 -1.35117 1.77859 1.42662 
0.436363 0.288769 -0.24348 -1.34693 1.44729 1.46146 
0.431079 0.290725 -0.367973 -1.11668 1.48175 1.19631 
0.424444 0.314931 -0.515964 -0.933161 1.57227 0.974733 
0.418182 0.362636 -0.69211 -0.808946 1.69526 0.800341 
-0.241993 0.221667 0.0389668 -0.760451 -1.52748 0.729574 
-0.591581 0.232572 0.22794 -1.00565 -1.84977 0.850047 
-0.248324 0.188429 -0.0360478 -0.896582 -1.40521 0.906954 
-0.599023 0.137352 0.106553 -1.14541 -1.70283 1.11667 
-0.255272 0.170703 -0.133098 -1.09904 -1.30703 1.15258 
-0.93539 0.245415 -0.141993 1.77477 1.96614 4.56677 
-0.604811 0.102345 -0.0794982 1.79773 1.62738 4.57489 
-0.262902 0.1978 -0.411841 1.50949 1.29671 -1.34827 
-0.935336 0.561063 -1.25976 1.63836 2.0071 -0.773933 
-0.60474 0.23509 -0.694838 1.38809 1.71684 -1.00298 
-0.260714 0.248705 -0.602335 1.2511 1.38476 -1.02603 
-0.255099 0.336101 -0.846104 1.03576 1.53815 -0.735049 
-0.248262 0.50862 -1.23005 0.90308 1.76503 -0.46386 
-0.442313 0.272199 0.439813 -0.767148 -1.92668 0.492966 
-0.163873 0.189104 0.0826198 -0.621913 -1.4312 0.582038 
-0.450501 0.103509 0.382478 -0.846541 -1.68451 0.709061 
-0.170053 0.15111 0.011893 -0.75972 -1.26966 0.754412 
-0.781245 0.0610364 0.408302 -1.14432 -1.83279 0.947271 
-0.459784 -0.00577011 0.262328 -1.0252 -1.4679 0.992802 
-0.177384 0.127572 -0.0802195 -0.989493 -1.12044 1.02003 
-1.08947 0.0882973 0.140244 1.74856 1.99881 -1.82844 
-0.788864 -0.0611423 0.190373 1.81214 1.68757 -1.79261 
-0.467817 -0.0466429 0.075404 1.83677 1.35297 -1.77664 
-0.184315 0.126353 -0.203095 1.81848 1.05184 -1.74523 
-1.09129 0.0855058 -0.287077 1.65849 1.97517 -1.35097 
-0.791701 -0.0431201 -0.156437 1.59341 1.68213 -1.36997 
-0.471023 -0.0202162 -0.178754 1.5293 1.36784 -1.3676 
-0.789034 0.120979 -0.680055 1.39944 1.77748 -0.922717 
-0.467821 0.0737208 -0.514635 1.24172 1.47542 -0.966227 
-0.184321 0.199008 -0.54618 1.12926 1.19784 -0.953828 
-0.459779 0.298474 -1.0512 1.03679 1.72691 -0.568219 
-0.177382 0.285207 -0.786708 0.869658 1.39566 -0.638498 
-0.170051 0.443905 -1.14228 0.722034 1.6691 -0.393579 
-0.272456 0.191916 0.548181 -0.524674 -1.8389 0.326207 
-0.079262 0.168458 0.112652 -0.425969 -1.3543 0.383727 
-0.543871 0.129733 0.752232 -0.775549 -1.94171 0.415491 
-0.278939 0.00340578 0.495697 -0.590145 -1.51648 0.496479 
-0.0835579 0.124659 0.0487235 -0.528282 -1.14338 0.512062 
-0.881189 -0.0930973 0.812155 -1.05571 -1.87009 0.720178 
-0.555272 -0.211096 0.671588 -0.865182 -1.50101 0.774616 
-0.286551 -0.122307 0.381201 -0.763195 -1.18036 0.746867 
-0.0883563 0.0922827 -0.0336923 -0.726414 -0.900705 0.736703 
-0.567679 -0.347879 0.436198 1.93827 1.21945 -1.88584 
-0.900589 -0.361331 0.110095 1.57616 1.59108 -1.31965 
-0.576008 -0.306126 0.0696216 1.49756 1.27605 -1.32342 
-0.103383 0.108685 -0.31225 1.37491 0.814783 -1.28922 
-0.894582 -0.117035 -0.572217 1.28211 1.71002 -0.793237 
-0.567693 -0.146827 -0.422581 1.0888 1.42118 -0.803749 
-0.296215 -0.0488621 -0.397357 0.950173 1.15512 -0.78302 
-0.0953856 0.154942 -0.501961 0.850705 0.948513 -0.739755 
-0.28655 0.158411 -0.888366 0.694012 1.53491 -0.427567 
-0.0884265 0.248085 -0.749922 0.57974 1.25556 -0.433183 
-0.0836327 0.404764 -1.09499 0.476599 1.59916 -0.261189 
-0.0793535 0.151219 0.602815 -0.235387 -1.7876 0.124704 
0.00970684 0.16165 0.125406 -0.190282 -1.31501 0.146851 
-0.220449 -0.00984843 0.912021 -0.349925 -1.82205 0.18686 
-0.0815488 -0.0487909 0.553795 -0.257416 -1.41192 0.203583 
0.00867392 0.115087 0.0653958 -0.224813 -1.07663 0.197864 
-0.223708 -0.414293 0.828345 -0.402211 -1.16693 0.385548 
-0.082131 -0.185154 0.443792 -0.31653 -0.974553 0.305149 
0.00927133 0.0775713 -0.0106062 -0.275797 -0.764958 0.265311 
-0.466709 -0.885881 0.837144 -1.04695 -0.71933 1.15578 
-0.225912 -0.558137 0.580127 -0.778006 -0.569992 0.817323 
-0.0816658 -0.249246 0.266911 -0.584874 -0.475218 0.598196 
0.0108097 0.0562922 -0.115453 -0.497317 -0.361713 0.500438 
-0.252001 -0.489601 0.194849 1.20189 0.699728 -1.10286 
-0.00626262 0.0781104 -0.27938 1.12768 0.444058 -1.0869 
-0.46689 -0.419891 -0.363792 0.633494 1.30443 -0.430933 
-0.225919 -0.305957 -0.305292 0.448393 1.06288 -0.354669 
-0.0816654 -0.116726 -0.341673 0.335536 0.874436 -0.286135 
0.0108097 0.131503 -0.482634 0.251043 0.747184 -0.216614 
-0.223707 0.134631 -1.19271 0.375687 1.76584 -0.14362 
-0.0821287 0.0971181 -0.828566 0.263223 1.42847 -0.161494 
0.00927099 0.236233 -0.744038 0.204243 1.19381 -0.140026 
0.00867241 0.398137 -1.09414 0.197502 1.58123 -0.0878203 
0.12139 0.157672 0.598266 0.0641221 -1.78609 -0.0903484 
0.0994969 0.169354 0.11852 0.0530811 -1.31773 -0.0985382 
0.157471 -0.0206952 0.926302 0.101268 -1.80316 -0.0997612 
0.122598 -0.0424461 0.550236 0.0778669 -1.40464 -0.108566 
0.100389 0.122714 0.0592048 0.0714178 -1.07812 -0.112105 
0.160257 -0.431964 0.84223 0.137558 -1.11172 -0.163961 
0.124368 -0.179135 0.441028 0.116899 -0.960257 -0.146758 
0.10157 0.0851728 -0.0164165 0.112937 -0.765824 -0.146463 
0.231131 -0.989328 0.876166 0.65022 -0.357228 -0.708831 
0.162771 -0.576558 0.592633 0.359488 -0.437778 -0.391127 
0.12632 -0.244267 0.26469 0.282526 -0.43074 -0.306418 
0.102869 0.063317 -0.121013 0.281005 -0.349183 -0.304303 
0.230542 -0.468786 -0.341077 -0.226752 1.22012 0.168744 
0.163457 -0.316865 -0.299775 -0.177338 1.02079 0.156403 
0.126318 -0.111132 -0.348697 -0.154113 0.86089 0.149427 
0.102869 0.139953 -0.493956 -0.139203 0.753063 0.141325 
0.160259 0.121895 -1.18149 -0.125372 1.75585 0.0795582 
0.124335 0.104928 -0.839913 -0.0966441 1.43077 0.0930606 
0.10157 0.246973 -0.75968 -0.0836619 1.20775 0.0946704 
0.100388 0.412922 -1.11715 -0.0629119 1.59931 0.0765023 
0.312487 0.20848 0.534249 0.35421 -1.82653 -0.296014 
0.187645 0.190689 0.0923516 0.290365 -1.35633 -0.336965 
0.495878 0.102806 0.792699 0.519634 -1.88831 -0.35161 
0.317671 0.0196355 0.487881 0.396756 -1.48066 -0.40006 
0.190341 0.145327 0.0320881 0.355859 -1.12997 -0.409095 
0.503193 -0.260904 0.71931 0.589113 -1.32673 -0.598238 
0.320884 -0.113252 0.381548 0.505475 -1.07618 -0.548284 
0.192059 0.108397 -0.0436432 0.47213 -0.83678 -0.527298 
0.77199 -0.608699 0.708805 -2.06968 1.05799 1.95923 
0.509976 -0.41591 0.490622 0.96433 -0.822072 -1.03988 
0.323763 -0.179024 0.208515 0.867784 -0.646172 -0.923669 
0.19304 0.0873083 -0.148233 0.842494 -0.488871 -0.891254 
0.209607 0.115504 -0.319694 -1.28376 0.631552 1.22018 
0.771989 -0.262247 -0.464168 -0.885627 1.41708 0.634512 
0.509982 -0.198571 -0.386903 -0.711674 1.17006 0.587812 
0.323755 -0.0508736 -0.402667 -0.592467 0.967892 0.532928 
0.19304 0.164468 -0.519702 -0.499323 0.821551 0.466638 
0.320683 0.175199 -0.917896 -0.441279 1.5 0.324074 
0.192108 0.272898 -0.788567 -0.363973 1.25052 0.317482 
0.19031 0.454747 -1.1757 -0.321405 1.64409 0.227407 
0.480593 0.296681 0.4166 0.618075 -1.90075 -0.478247 
0.272508 0.225113 0.0483352 0.51021 -1.4309 -0.556479 
0.488453 0.12603 0.365924 0.689814 -1.62156 -0.648673 
0.277098 0.184532 -0.0185725 0.626305 -1.24178 -0.688349 
0.75479 0.00790628 0.472288 0.954997 -1.65348 -0.868118 
0.497342 0.00937763 0.255604 0.862198 -1.33262 -0.889295 
0.28339 0.154755 -0.102211 0.835284 -1.0331 -0.909255 
0.291271 0.147845 -0.220899 -1.90987 0.903372 1.82361 
1.04037 0.168368 -0.865095 1.76944 -1.82122 3.95483 
0.765846 0.0573194 -0.618177 -1.2011 1.5702 0.880838 
0.507738 0.0842342 -0.532632 -1.07632 1.31829 0.888627 
0.291247 0.226241 -0.58465 -0.98137 1.10141 0.860181 
0.497345 0.329244 -1.10215 -0.835363 1.67264 0.509203 
0.283366 0.32654 -0.848655 -0.707548 1.37404 0.560305 
0.277082 0.523094 -1.26829 -0.595241 1.7207 0.357957 
0.621329 0.412899 0.25089 0.827391 -1.99188 -0.634465 
0.348772 0.272195 -0.0160413 0.683764 -1.52848 -0.73418 
0.629319 0.265222 0.195475 0.907686 -1.79086 -0.832621 
0.355485 0.238005 -0.0884638 0.822698 -1.39071 -0.896751 
0.917696 0.298321 0.134123 -1.96457 1.93062 2.10805 
0.369974 0.221824 -0.311725 -1.8077 1.22859 -4.60064 
0.372821 0.250434 -0.474349 -1.50092 1.27332 1.3364 
0.363152 0.406237 -0.945135 -0.969044 1.54648 0.706851 
0.418182 0.32798 -0.0909044 0.802764 -1.63125 -0.867269 
0.424465 0.299545 -0.168571 0.934365 -1.53058 -1.03122 
0.431145 0.28638 -0.269527 1.1231 -1.45547 -1.25105 
0.436479 0.386437 -0.775847 -1.31556 1.55185 1.03813 
0.43113 0.50607 -1.07984 -1.12538 1.7013 0.750154 
-0.578502 0.244747 0.234503 -0.775099 -1.94375 0.759996 
-0.236703 0.182689 -0.211209 -0.68892 -1.34448 0.844514 
-0.584565 0.146402 0.125731 -0.834099 -1.77291 0.95213 
-0.242104 0.190133 -0.327564 -0.813591 -1.2446 1.01501 
-0.591566 0.101405 -0.0397078 -0.9493 -1.62467 1.1847 
-0.248264 0.21533 -0.470653 2.14632 1.16413 -1.89047 
-0.930728 0.233562 -0.206104 2.0322 1.91038 -1.68094 
-0.599205 0.115208 -0.272038 2.01239 1.53254 -1.66114 
-0.260711 0.363971 -0.916573 -1.52275 -1.20557 -4.32969 
-0.606829 0.450578 -1.19317 1.61371 1.61789 -0.827104 
-0.26285 0.657659 -1.52315 1.3547 1.39024 -0.685659 
-0.435606 0.123748 0.381033 -0.635485 -1.8293 0.601379 
-0.158691 0.149125 -0.168163 -0.568667 -1.24515 0.670824 
-0.442316 0.0133949 0.272938 -0.709014 -1.60949 0.783882 
-0.163793 0.152742 -0.279794 -0.697511 -1.1153 0.836815 
-0.771396 0.0142435 0.366082 -0.929828 -1.84542 0.978826 
-0.450688 -0.039875 0.110866 -0.854104 -1.40863 1.01957 
-0.170054 0.171642 -0.414343 -0.902643 -0.993349 1.08479 
-1.0833 0.0887818 0.164996 2.00295 2.00255 -1.86281 
-0.781493 -0.0738996 0.125708 2.06088 1.64567 -1.81527 
-0.177385 0.21425 -0.587154 -1.22182 -0.928394 1.45995 
-0.467846 0.0430046 -0.423173 1.72826 1.2655 -1.36266 
-0.471023 0.226629 -0.892496 1.44172 1.40837 -0.894408 
-0.187458 0.493608 -1.25762 1.21674 1.22367 -0.74438 
-0.266576 0.0335803 0.4835 -0.440323 -1.72151 0.402408 
-0.0754406 0.127913 -0.139604 -0.396348 -1.16379 0.445247 
-0.534207 0.0242035 0.735055 -0.65266 -1.96126 0.483017 
-0.27221 -0.0870737 0.376726 -0.508424 -1.44523 0.54743 
-0.079263 0.127188 -0.245212 -0.501601 -0.995889 0.576241 
-0.543874 -0.251904 0.613384 -0.710996 -1.55432 0.771149 
-0.278856 -0.147961 0.218008 -0.649025 -1.16573 0.751011 
-0.0835416 0.139471 -0.370569 -0.686616 -0.808965 0.789692 
-0.88108 -0.389093 0.593259 -0.982134 -1.59538 1.16336 
-0.555236 -0.347946 0.362433 -0.940888 -1.22176 1.13164 
-0.28656 -0.150974 0.00337308 -0.943702 -0.909576 1.10045 
-0.0883544 0.170483 -0.527568 2.07206 0.635495 -1.93609 
-0.894721 -0.382745 0.159218 1.85973 1.43313 -1.47604 
-0.900552 -0.136231 -0.513305 1.58356 1.58759 -0.921136 
-0.576191 -0.0838908 -0.559861 1.38586 1.32936 -0.905377 
-0.304973 0.086613 -0.730696 1.2001 1.12126 -0.841057 
-0.103388 0.412569 -1.13862 0.993262 1.01947 -0.677077 
-0.0767334 -0.0128139 0.534768 -0.202254 -1.65298 0.159437 
0.0112704 0.118703 -0.125653 -0.181764 -1.11754 0.176429 
-0.215819 -0.131309 0.888157 -0.306631 -1.8169 0.222176 
-0.0793265 -0.1395 0.429296 -0.236383 -1.33577 0.232248 
0.00970694 0.11748 -0.229725 -0.231311 -0.924245 0.239106 
-0.220434 -0.442651 0.756202 -0.355367 -1.26776 0.387623 
-0.0815492 -0.204942 0.273167 -0.305062 -0.99167 0.332617 
0.00867395 0.126036 -0.349427 -0.314762 -0.686605 0.336504 
-0.457929 -0.857858 0.853283 -0.695809 -0.926862 0.864262 
-0.224003 -0.534397 0.494497 -0.548589 -0.760855 0.637407 
-0.0821314 -0.213691 0.0644274 -0.476451 -0.596308 0.526842 
0.0092712 0.150306 -0.496824 -0.532153 -0.380827 0.564161 
-0.498057 -0.447426 -0.29412 1.07054 1.08838 -0.703723 
-0.251991 -0.252696 -0.419417 0.878658 0.894801 -0.646519 
-0.10259 0.00452633 -0.644916 0.734626 0.787461 -0.567461 
-0.00626207 0.362531 -1.06874 0.575619 0.793725 -0.42701 
0.120307 -0.00635118 0.530164 0.0524044 -1.64711 -0.104418 
0.0988444 0.128104 -0.134548 0.0478097 -1.11649 -0.110043 
0.155221 -0.144703 0.901913 0.0819252 -1.78917 -0.115455 
0.121276 -0.133658 0.425989 0.0645668 -1.3234 -0.119768 
0.0994971 0.124686 -0.235832 0.0646392 -0.919372 -0.124463 
0.15735 -0.460239 0.769647 0.105259 -1.20999 -0.160216 
0.122605 -0.199956 0.271111 0.0931695 -0.969536 -0.148474 
0.100389 0.132933 -0.354865 0.100695 -0.675684 -0.156956 
0.224757 -0.962091 0.894623 0.285253 -0.656223 -0.373033 
0.160255 -0.549429 0.504469 0.201193 -0.662577 -0.262127 
0.124369 -0.209296 0.0630712 0.181951 -0.556354 -0.23452 
0.10157 0.15715 -0.502129 0.225316 -0.357189 -0.276421 
0.231132 -0.82285 0.40116 -1.47989 0.21396 1.38803 
0.163497 -0.484392 0.129859 1.29749 -0.156807 -1.35727 
0.30839 0.0513759 0.469421 0.297126 -1.70162 -0.355357 
0.184869 0.150191 -0.160406 0.26943 -1.1586 -0.387396 
0.488699 -0.00545439 0.771743 0.442282 -1.898 -0.409968 
0.312804 -0.0703479 0.367427 0.347088 -1.40738 -0.448703 
0.187624 0.148239 -0.263643 0.344256 -0.977138 -0.471361 
0.746938 -0.230281 0.956234 0.630847 -1.84083 -0.598774 
0.495939 -0.294785 0.652993 0.497842 -1.41639 -0.611667 
0.317154 -0.135915 0.213966 0.449625 -1.08778 -0.58249 
0.190341 0.157998 -0.38492 0.475978 -0.758581 -0.60985 
0.760942 -0.582645 0.723056 0.785035 -1.23769 -1.00804 
0.503203 -0.398871 0.406038 0.715034 -0.964775 -0.897242 
0.320684 -0.146479 0.0068445 0.687913 -0.735566 -0.837951 
0.192042 0.183687 -0.534884 0.790392 -0.495023 -0.92426 
0.772058 -0.556946 0.275763 -1.83106 0.913951 1.53321 
0.509959 -0.353891 0.041924 -1.7839 0.663334 -4.70834 
0.323767 -0.0934179 -0.276252 -1.67498 0.479937 -4.76314 
0.792665 -0.282325 -0.39771 -1.32029 1.27383 0.852969 
0.531102 -0.137943 -0.511847 -1.14179 1.06994 0.80967 
0.342871 0.0820204 -0.725707 -0.98523 0.935603 0.729831 
0.209606 0.424573 -1.1558 -0.799581 0.910283 0.563031 
0.474897 0.150519 0.356726 0.510887 -1.79625 -0.571245 
0.267006 0.18645 -0.205403 0.462395 -1.23722 -0.635301 
0.481118 0.0383233 0.253813 0.580678 -1.55154 -0.717922 
0.271644 0.188238 -0.313936 0.576439 -1.08794 -0.770573 
0.743811 -0.0338604 0.421696 0.777648 -1.69984 -0.890284 
0.488611 -0.0198187 0.0983838 0.719507 -1.30486 -0.916873 
0.277124 0.203528 -0.443411 0.765278 -0.926578 -0.981327 
1.02954 -0.0868249 0.348757 -2.1281 1.74804 1.94825 
0.754785 -0.133373 0.1883 0.969439 -1.40795 -1.21658 
0.497343 -0.0226073 -0.116098 0.985634 -1.0866 -1.23305 
1.04039 -0.108974 -0.060906 -1.88889 1.58557 1.48436 
0.514143 0.243428 -0.913098 1.80389 -1.28701 -2.27393 
0.298412 0.569561 -1.37663 -1.1279 1.1814 0.674983 
0.614801 0.279921 0.196997 0.676732 -1.90374 -0.749943 
0.343292 0.235354 -0.267489 0.609817 -1.33809 -0.838169 
0.621111 0.181283 0.092103 0.745819 -1.71466 -0.921505 
0.348793 0.242663 -0.383823 0.735346 -1.22534 -0.996948 
0.628923 0.133855 -0.0683538 0.877963 -1.54145 -1.14024 
0.917806 0.177957 -0.136767 -2.06574 1.7612 1.74043 
1.16996 0.405053 -0.640197 -1.95183 1.94712 1.31949 
0.369981 0.43 -1.00333 1.52733 -1.15936 4.30871 
0.728732 0.430949 -0.00601156 0.78373 -2.00027 -0.90585 
0.412904 0.294878 -0.344412 0.708707 -1.44189 -0.995118 
0.418181 0.307952 -0.468827 0.825419 -1.35611 -1.15658 
0.740338 0.313135 -0.285908 0.943957 -1.72526 -1.30003 
0.424412 0.341418 -0.625171 -2.15159 1.291 1.76675 
1.02717 0.538759 -0.60181 1.06075 -1.95364 -1.59416 
0.746827 0.340943 -0.538404 1.10022 -1.64495 -1.58055 
-0.573435 0.151811 0.132922 -0.653113 -1.81542 0.864678 
-0.232229 0.261096 -0.604631 -0.676232 -1.11122 0.973816 
-0.578529 0.104296 -0.0237757 -0.712579 -1.64842 1.03593 
-0.236702 0.326689 -0.801544 -0.816837 -1.01553 1.1733 
-0.918032 0.265872 -0.0139368 -0.844789 -2.00091 1.19427 
-0.584508 0.10994 -0.238004 -0.814183 -1.49887 1.2458 
-0.241992 0.443862 -1.08688 -1.02961 -0.932966 1.46913 
-0.924312 0.230237 -0.285425 -0.904883 -1.82292 1.48011 
-0.59158 0.178225 -0.532399 2.16923 1.38409 -1.61609 
-0.430081 0.0247379 0.273945 -0.540367 -1.69274 0.683617 
-0.154353 0.224311 -0.555671 -0.566013 -1.01237 0.774461 
-0.435606 -0.0290617 0.118517 -0.613454 -1.49068 0.844022 
-0.158651 0.282134 -0.739518 -0.714781 -0.892143 0.968853 
-0.762423 -0.0239696 0.310135 -0.76728 -1.81686 1.013 
-0.442392 -0.0293068 -0.0886689 -0.73992 -1.30493 1.05233 
-0.1638 0.379711 -0.990929 -0.959356 -0.781691 1.27514 
-0.77061 -0.0765773 0.046079 -0.880971 -1.58922 1.30507 
-0.450495 0.0273933 -0.362633 -0.950501 -1.15428 1.35195 
-1.08331 0.0620495 -0.210318 2.12783 1.80898 -1.48855 
-0.789035 0.301209 -1.08486 1.81239 1.45448 -0.908098 
-0.261844 -0.0687484 0.370204 -0.379255 -1.57641 0.457219 
-0.0721805 0.201099 -0.523824 -0.401398 -0.927356 0.517757 
-0.526308 -0.0713553 0.70583 -0.546902 -1.92787 0.543232 
-0.266542 -0.126957 0.215478 -0.44839 -1.33339 0.585567 
-0.0754548 0.253026 -0.697878 -0.531787 -0.773834 0.679117 
-0.534208 -0.284154 0.543936 -0.596414 -1.55303 0.778209 
-0.272189 -0.131022 0.0125752 -0.57456 -1.09432 0.766635 
-0.0792522 0.337832 -0.92755 -0.779038 -0.611799 0.96634 
-0.866922 -0.377543 0.602317 -0.792376 -1.6676 1.08979 
-0.543941 -0.334438 0.269261 -0.762573 -1.2361 1.06103 
-0.278856 -0.0824538 -0.247553 -0.817528 -0.865654 1.06528 
-0.0835413 0.52911 -1.34686 -1.38983 -0.485111 -4.64152 
-0.555286 -0.257298 -0.115368 2.03788 1.01666 -1.6426 
-0.567689 -0.0263906 -0.700499 1.54893 1.06845 -0.999047 
-0.296213 0.375608 -1.33624 1.17439 0.938822 -0.685506 
-0.0745455 -0.118506 0.419343 -0.17603 -1.50082 0.183838 
0.0127774 0.193088 -0.51127 -0.187883 -0.876418 0.209657 
-0.211288 -0.236771 0.85125 -0.262214 -1.76904 0.249389 
-0.076756 -0.17811 0.264366 -0.213566 -1.22624 0.249697 
0.0112703 0.242014 -0.680351 -0.256856 -0.696071 0.294401 
-0.215817 -0.464159 0.675413 -0.309085 -1.2958 0.385701 
-0.0793266 -0.183642 0.0634875 -0.286064 -0.939243 0.348153 
0.00970696 0.320028 -0.898361 -0.407859 -0.479284 0.464253 
-0.448466 -0.830126 0.857415 -0.527992 -1.10442 0.738958 
-0.220521 -0.503654 0.391018 -0.44632 -0.874056 0.575449 
-0.0815498 -0.13923 -0.189581 -0.446911 -0.620769 0.533666 
0.00867393 0.478639 -1.25991 -1.09163 -0.222819 1.17111 
-0.45793 -0.748098 0.398955 -0.93929 -0.688179 1.21215 
-0.223712 -0.416656 0.0068573 -0.898222 -0.478082 1.05954 
-0.0821316 -0.0332215 -0.526721 -1.11182 -0.291197 1.21775 
-0.466629 -0.490907 -0.218288 -1.91029 -0.648754 -4.05508 
-0.225913 -0.201394 -0.538045 0.896673 0.506136 -0.705731 
-0.0816648 0.223995 -1.1149 0.495981 0.559236 -0.36392 
0.11959 -0.110095 0.412934 0.0447201 -1.49329 -0.114467 
0.0983596 0.200885 -0.519142 0.0479469 -0.871881 -0.122144 
0.153614 -0.25091 0.863814 0.0675119 -1.73775 -0.127306 
0.120313 -0.171614 0.260146 0.0557996 -1.21245 -0.128009 
0.098844 0.24973 -0.688106 0.0679235 -0.685235 -0.141682 
0.155178 -0.480551 0.687594 0.0845821 -1.2408 -0.16057 
0.12128 -0.179069 0.0613671 0.0790521 -0.914383 -0.152247 
0.0994961 0.327718 -0.906124 0.117506 -0.453817 -0.190967 
0.219126 -0.93308 0.899601 0.178044 -0.878829 -0.286043 
0.157349 -0.518354 0.400955 0.139352 -0.78621 -0.221707 
0.122604 -0.135649 -0.190503 0.141568 -0.574764 -0.214718 
0.100389 0.489298 -1.27306 0.512258 -0.127572 -0.587011 
0.224752 -0.817322 0.429197 0.511443 -0.358421 -0.628644 
0.16025 -0.430806 0.0184603 0.414388 -0.310104 -0.499356 
0.12437 -0.0302061 -0.52697 0.609493 -0.167737 -0.682412 
0.231132 -0.544256 -0.190572 -0.585377 0.393004 0.459673 
0.163497 -0.215428 -0.524694 -0.424801 0.373561 0.33561 
0.126319 0.226705 -1.11548 -0.241562 0.505888 0.163596 
0.305197 -0.0499369 0.356979 0.255259 -1.55436 -0.397148 
0.182498 0.224439 -0.547835 0.272224 -0.913808 -0.442561 
0.482563 -0.102815 0.739415 0.371435 -1.85873 -0.457364 
0.308608 -0.110681 0.205174 0.306632 -1.2941 -0.481867 
0.184893 0.276116 -0.721608 0.368317 -0.744133 -0.553847 
0.735886 -0.205098 0.948582 0.548338 -1.96375 -0.59052 
0.488772 -0.32311 0.578352 0.42162 -1.43215 -0.622999 
0.312733 -0.118124 0.0063723 0.40377 -1.02595 -0.607692 
0.187666 0.358625 -0.947383 0.566973 -0.547824 -0.771108 
0.747016 -0.557951 0.723634 0.617344 -1.38208 -0.924111 
0.495946 -0.376389 0.305657 0.576607 -1.04602 -0.843232 
0.316917 -0.074061 -0.248956 0.607417 -0.739098 -0.835971 
0.190311 0.567176 -1.39894 1.29144 -0.333748 -1.52779 
0.503201 -0.304813 -0.0711806 -2.16313 0.707414 1.85738 
0.510037 -0.0922713 -0.630116 -1.25755 0.684981 0.910702 
0.323785 0.336464 -1.26732 -0.817278 0.681569 0.523219 
0.469972 0.0526317 0.249603 0.432952 -1.6559 -0.63965 
0.263148 0.264274 -0.599205 0.458578 -0.99197 -0.724615 
0.474989 -0.00331434 0.0982106 0.501931 -1.43443 -0.770545 
0.267006 0.32347 -0.786049 0.59465 -0.851706 -0.892652 
0.734678 -0.0690508 0.360081 0.643989 -1.69061 -0.917391 
0.481146 -0.00705753 -0.104579 0.62457 -1.21743 -0.949633 
0.271644 0.42603 -1.04739 0.840386 -0.70502 -1.18211 
0.488611 0.0436248 -0.371586 -2.29517 1.01414 1.91276 
1.04037 1.07454 -2.44047 -1.70484 1.28123 6.59353 
0.6095 0.18862 0.0957577 0.567026 -1.77114 -0.839253 
0.33875 0.319153 -0.671739 0.594014 -1.08986 -0.955497 
0.614693 0.140148 -0.0579608 0.633435 -1.58923 -0.993137 
0.343298 0.390596 -0.879812 0.73704 -0.977762 -1.14789 
0.901785 0.220202 0.0462629 0.772347 -1.89654 -1.12818 
0.621079 1.62134 -2.87172 -1.82839 0.767919 0.869209 
0.348795 0.530683 -1.20752 0.975885 -0.866635 -1.46291 
1.16509 0.388663 -0.595107 0.974961 -1.84502 4.53453 
0.63743 0.401171 -1.05602 -1.92925 1.21446 1.22875 
0.724247 0.349108 -0.104108 0.653448 -1.8725 -1.00968 
0.408445 0.389931 -0.768285 0.681253 -1.18787 -1.13831 
0.412905 0.480079 -1.00927 0.814772 -1.09112 -1.34051 
1.02183 0.545496 -0.695102 -2.28258 1.83785 1.52232 
-0.569105 0.105759 -0.0161441 -0.568871 -1.66081 0.943605 
-0.573466 0.108906 -0.223794 -0.632862 -1.49409 1.10404 
-0.912598 0.239146 -0.0762987 -0.70909 -1.92759 1.23841 
-0.578496 0.170082 -0.502923 -0.734089 -1.33632 1.30921 
-0.918055 0.238506 -0.384303 -0.75896 -1.72142 1.49128 
-0.584823 0.324441 -0.923099 2.24308 1.18728 -1.5328 
-1.18865 0.60255 -0.879756 2.37761 1.86873 -1.30918 
-0.425501 -0.023366 0.121232 -0.476015 -1.53645 0.743445 
-0.150746 0.62021 -1.46532 -0.787864 -0.611783 1.11565 
-0.430082 -0.0241139 -0.0818097 -0.551367 -1.34566 0.892901 
-0.755097 -0.0521749 0.242011 -0.64792 -1.7586 1.0405 
-0.435684 0.0282499 -0.343929 -0.674239 -1.16496 1.09313 
-0.762418 -0.0664037 -0.0531175 -0.739826 -1.51908 1.29089 
-0.771418 0.0464484 -0.490418 2.22345 1.33013 -1.51191 
-1.0833 0.281557 -0.895782 2.17182 1.55137 -1.09695 
-0.257976 -0.115527 0.211913 -0.338292 -1.42049 0.496294 
-0.0694519 0.541922 -1.33393 -0.571566 -0.538459 0.758264 
-0.520015 -0.152551 0.664101 -0.462798 -1.86361 0.589213 
-0.261843 -0.118719 0.0117346 -0.408736 -1.19835 0.615725 
-0.526308 -0.306016 0.464669 -0.509801 -1.5149 0.784144 
-0.266534 -0.0704983 -0.241749 -0.532631 -0.978688 0.790869 
-0.855013 -0.369413 0.606846 -0.658622 -1.7186 1.04312 
-0.534215 -0.31356 0.163018 -0.641782 -1.2172 1.01937 
-0.27219 0.0386147 -0.576097 -0.773284 -0.763414 1.09218 
-0.86735 -0.389618 0.208456 -0.805975 -1.38282 1.38018 
-0.543872 -0.204762 -0.248495 -0.909475 -0.973386 1.38283 
-0.879826 -0.196937 -0.387743 2.02694 1.18375 -1.28832 
-0.0725256 -0.162932 0.256619 -0.159016 -1.34463 0.199605 
0.0140687 0.519118 -1.29482 -0.28008 -0.476859 0.330822 
-0.207424 -0.321156 0.800719 -0.225003 -1.70044 0.268116 
-0.0744631 -0.167042 0.0577791 -0.197684 -1.09764 0.261951 
-0.210984 -0.475924 0.587377 -0.267383 -1.28265 0.379458 
-0.0767351 -0.120258 -0.191885 -0.272384 -0.839283 0.360738 
-0.438898 -0.810083 0.857689 -0.424071 -1.22246 0.664352 
-0.215817 -0.469252 0.275922 -0.378621 -0.914085 0.537467 
-0.079326 -0.0175882 -0.513722 -0.448093 -0.553523 0.564381 
-0.44845 -0.736674 0.410404 -0.669872 -0.810663 0.982018 
-0.220433 -0.352956 -0.129621 -0.677651 -0.558201 0.876292 
-0.0815493 0.194995 -1.0137 -1.26232 -0.26699 1.41368 
-0.223707 -0.102954 -0.722559 -1.83251 -0.381867 2.07172 
-0.466699 0.173037 -1.49204 0.742512 1.00331 -0.218455 
0.119052 -0.155811 0.25128 0.0398594 -1.3362 -0.121858 
0.0979908 0.536462 -1.32047 0.0723604 -0.456882 -0.15761 
0.152455 -0.335202 0.812007 0.0570009 -1.6686 -0.136005 
0.119597 -0.160768 0.0533483 0.0504673 -1.08348 -0.134655 
0.153603 -0.490363 0.597323 0.0706273 -1.23293 -0.161943 
0.120311 -0.115694 -0.194499 0.0718589 -0.814492 -0.157776 
0.214974 -0.909782 0.899358 0.128966 -1.03083 -0.251335 
0.155179 -0.483487 0.286706 0.107647 -0.838752 -0.205203 
0.121269 -0.0141092 -0.515037 0.129638 -0.504919 -0.217547 
0.219119 -0.805561 0.441141 0.261556 -0.555424 -0.395353 
0.157329 -0.366916 -0.117634 0.240375 -0.424945 -0.342597 
0.122513 0.194484 -1.00819 0.748967 -0.11253 -0.841499 
0.224758 -0.551934 -0.150376 1.56156 -0.172553 -1.70617 
0.231133 0.0525842 -1.32875 -0.275244 0.893034 0.0856313 
0.302352 -0.097414 0.198453 0.227242 -1.39603 -0.427046 
0.180512 0.61871 -1.45564 0.429739 -0.466313 -0.656204 
0.477587 -0.184053 0.694437 0.314433 -1.79372 -0.492344 
0.305149 -0.102692 0.00070718 0.279108 -1.15937 -0.506795 
0.482602 -0.341818 0.495236 0.36054 -1.4064 -0.62918 
0.308658 -0.0572854 -0.249186 0.374982 -0.915437 -0.631083 
0.735831 -0.542561 0.723487 0.504923 -1.47408 -0.873822 
0.488775 -0.350372 0.195099 0.482708 -1.06171 -0.811172 
0.312491 0.0490391 -0.581303 0.585035 -0.652912 -0.87358 
0.746935 -0.539348 0.309697 0.705743 -1.06824 -1.18067 
0.496126 -0.245418 -0.208664 0.770906 -0.743839 -1.14906 
0.465901 0.00519606 0.0964729 0.380404 -1.49846 -0.689308 
0.721234 0.0513298 0.469825 0.508865 -1.95477 -0.748979 
0.469979 0.00189002 -0.103275 0.450156 -1.29004 -0.812066 
0.727129 -0.0953937 0.287845 0.543671 -1.64369 -0.938118 
0.474984 0.0510826 -0.362091 0.569652 -1.08378 -0.987688 
1.00768 -0.0725354 0.363143 0.680507 -1.85177 -1.12766 
0.734542 -0.113731 -0.00303322 0.654812 -1.36418 -1.16279 
0.481175 0.171772 -0.721753 0.791924 -0.880791 -1.27757 
0.754779 0.359238 -1.26777 1.34666 -0.987301 4.12014 
0.605168 0.143287 -0.0533053 0.492112 -1.61363 -0.905908 
0.609488 0.145486 -0.25949 0.560266 -1.43309 -1.05118 
1.15805 0.376709 -0.561971 0.79684 -1.7759 4.60589 
0.720416 0.310459 -0.254335 0.562876 -1.71361 -1.08988 
1.01202 0.524438 -0.446059 -2.46876 1.92541 1.76475 
1.23668 0.980069 -1.05365 -2.47478 1.98372 1.4499 
-0.890561 1.16861 0.00113178 -1.98005 -1.73791 0.366338 
-0.472342 1.11289 0.175957 -1.59188 -1.57696 0.281746 
-0.0478863 1.15777 0.0338691 -1.19467 -1.42605 0.351178 
-1.19283 0.974539 -0.29062 -2.24885 -1.9504 0.803606 
-0.889311 0.803483 0.187807 -2.0512 -1.61286 0.658615 
-0.470604 0.838069 0.322099 -1.67194 -1.3757 0.555573 
-0.0457559 1.01418 0.118499 -1.2871 -1.20002 0.567275 
-0.465284 0.575163 0.405657 -1.81314 -1.22437 0.89392 
-0.0408099 0.878086 0.181687 -1.4161 -1.00018 0.818705 
-0.873394 0.145617 -0.0217284 0.794385 1.79345 -1.48997 
-0.451813 0.169723 0.37784 0.942335 1.2181 -1.54849 
-0.868397 0.154798 -0.340318 0.769715 1.99069 -1.22448 
-0.446144 0.0529934 0.276328 0.796333 1.33044 -1.27965 
-0.441231 -0.00525269 0.124624 0.695966 1.47507 -1.06739 
-0.43701 -0.0101385 -0.0750803 0.631207 1.63573 -0.894763 
-0.0178201 0.370728 0.225076 0.789264 0.856998 -1.02086 
-1.08602 1.14164 0.0817746 -2.08649 -1.74747 0.300644 
-0.727829 1.08361 0.294027 -1.75181 -1.60596 0.189971 
-0.317235 1.08614 0.282472 -1.3489 -1.52581 0.196816 
0.030255 1.15322 0.0473862 -1.02885 -1.37371 0.315104 
-1.08459 0.651284 0.303154 1.00462 1.67239 -2.48967 
-0.725549 0.656501 0.495293 -1.82062 -1.43237 0.544029 
-0.314798 0.793588 0.433757 -1.42378 -1.27684 0.476344 
0.0325382 1.00807 0.132208 -1.11821 -1.12668 0.522901 
-0.308109 0.507631 0.520106 1.54337 1.0626 -2.28671 
0.0378989 0.870385 0.194308 -1.25662 -0.896876 0.78157 
-0.299706 0.258956 0.534776 -1.88559 -0.96688 1.31196 
-0.702272 -0.136461 0.257335 0.801622 1.58834 -1.32136 
-0.292064 0.0715069 0.482282 -2.17588 -1.01609 1.73591 
-0.695229 -0.12416 -0.0626691 0.725236 1.80448 -1.0534 
-0.285636 -0.0478495 0.372798 0.756991 1.1529 -1.088 
-0.280096 -0.10345 0.214458 0.626948 1.32464 -0.863413 
-0.275421 -0.103588 0.0102698 0.54543 1.5082 -0.693998 
0.0612683 0.367613 0.224599 0.694912 0.761644 -0.827049 
-0.897865 1.0573 0.492713 -1.79036 -1.57526 0.0201191 
-0.492586 1.05698 0.499525 -1.38499 -1.56829 0.0141613 
-0.138633 1.07259 0.350668 -1.03609 -1.49533 0.12652 
0.111918 1.15127 0.0534488 -0.815331 -1.31418 0.263785 
-0.894761 0.393577 0.761564 -1.84958 -1.41656 6.81386 
-0.488562 0.551722 0.72785 -1.44142 -1.2677 0.416808 
-0.134832 0.763637 0.507908 -1.09398 -1.16777 0.39204 
0.115153 1.0028 0.139524 -0.890043 -1.0232 0.458088 
-0.126442 0.459302 0.59422 -1.30656 -0.854109 0.798342 
0.121243 0.863828 0.199096 -1.03632 -0.746453 0.72073 
-0.873276 -0.382235 0.458868 0.871662 1.63824 -1.40537 
-0.466417 -0.267182 0.684823 0.979966 1.11953 -1.43592 
-0.117734 0.198793 0.602245 1.37328 0.704771 -1.73659 
0.126914 0.740428 0.23223 -1.33739 -0.551467 1.10963 
-0.862033 -0.317508 -0.00513244 0.784418 1.90944 -1.05717 
-0.455943 -0.373598 0.44153 0.732845 1.35104 -1.02825 
-0.110347 0.00831209 0.541433 0.912079 0.782159 -1.16726 
-0.44745 -0.336902 0.105634 0.614111 1.61293 -0.772499 
-0.10429 -0.108428 0.424336 0.640103 0.970959 -0.809535 
0.135376 0.534817 0.247303 -2.14987 -0.498765 2.04116 
-0.440572 -0.190612 -0.337462 0.570133 1.89243 -0.568925 
-0.0992588 -0.159512 0.260104 0.494256 1.18433 -0.59152 
-0.0949869 -0.154765 0.0521981 0.411534 1.3991 -0.443631 
0.141418 0.374201 0.21091 0.53529 0.682414 -0.561197 
-0.52236 1.11777 0.746173 -1.22768 -1.67207 -0.275518 
-0.163093 1.06514 0.612486 -0.857254 -1.64088 -0.0806971 
0.060195 1.06818 0.377594 -0.634886 -1.46999 0.073962 
0.199116 1.15245 0.0504249 -0.521925 -1.24861 0.180606 
-0.150694 0.487152 0.869939 -0.81341 -1.10827 0.259514 
0.0696961 0.74453 0.542399 -0.602079 -1.01967 0.264389 
0.207429 0.997115 0.139944 -0.49953 -0.867322 0.310028 
-0.139149 -0.105359 0.936477 1.73947 0.595478 -2.04493 
0.0774699 0.434808 0.619136 -0.838868 -0.576125 0.634514 
0.212485 0.857549 0.193685 -0.642292 -0.529874 0.542798 
-0.475971 -0.793963 0.683408 0.710259 1.32075 -0.885352 
-0.130853 -0.433931 0.794694 0.796247 0.743725 -0.962416 
0.213956 0.741986 0.216381 -1.13102 -0.313641 1.08048 
-0.462713 -0.626907 0.177774 0.578414 1.67336 -0.617617 
-0.123659 -0.511334 0.526432 0.49305 1.10737 -0.564805 
0.0851039 -0.00602836 0.548632 0.661878 0.555241 -0.720577 
-0.117335 -0.448986 0.177425 0.382757 1.44175 -0.373939 
0.0885952 -0.117295 0.427027 0.400373 0.826615 -0.404381 
0.217849 0.54567 0.223071 0.674298 0.37249 -0.64712 
-0.112011 -0.288276 -0.266133 0.3384 1.76558 -0.239857 
0.091685 -0.164204 0.259925 0.29065 1.08712 -0.248219 
0.219732 0.463407 0.208807 0.432639 0.505149 5.90921 
0.0943156 -0.156567 0.0501733 0.23443 1.33012 -0.150788 
0.221386 0.391617 0.183042 0.307737 0.64075 -0.222244 
0.233129 1.06606 0.61724 -0.160207 -1.68187 -0.01791 
0.271188 1.07206 0.353755 -0.122424 -1.42689 0.0176426 
0.29461 1.15943 0.0279489 -0.105328 -1.1893 0.03934 
0.258471 0.475958 0.868565 0.0734394 -0.970551 0.0192724 
0.290978 0.747463 0.510249 0.117323 -0.884199 -0.00182357 
0.309926 1.00177 0.113001 0.16065 -0.744392 -0.0390397 
0.251474 -0.100108 0.920936 -3.13668 0.156438 3.22393 
0.284499 0.451737 0.576304 0.0733 -0.36425 0.0391342 
0.305013 0.868605 0.157669 0.119479 -0.363563 0.00853649 
0.183563 -0.906449 0.722079 0.0983179 1.05257 -0.00296988 
0.246294 -0.413276 0.774704 0.0923664 0.503508 0.0126824 
0.28007 0.210532 0.568761 3.4174 -0.0857143 -3.29717 
0.301197 0.756104 0.178795 -0.114409 -0.0733171 0.249418 
0.184097 -0.699955 0.205992 0.0914385 1.49703 0.0437904 
0.244634 -0.487059 0.506564 0.0709068 0.980701 0.0627949 
0.278452 0.0366989 0.499663 0.0912531 0.462906 0.049032 
0.299703 0.657153 0.1859 -2.95432 -0.156653 3.10518 
0.182499 -0.368285 -0.474257 0.0934178 1.93941 0.0925691 
0.244646 -0.424828 0.15769 0.0600086 1.36214 0.101904 
0.278116 -0.0693191 0.379087 0.0612638 0.784265 0.100779 
0.29936 0.567971 0.182117 -3.04356 -0.34389 3.21231 
0.244998 -0.264012 -0.287683 0.0547768 1.71586 0.1346 
0.278381 -0.114914 0.213109 0.0468354 1.06525 0.13467 
0.299438 0.48949 0.166737 0.0673663 0.506078 6.40098 
0.278706 -0.107474 0.00381432 0.0386313 1.31968 0.159596 
0.299622 0.420464 0.140539 0.0494997 0.654781 0.14955 
0.583296 0.537091 0.715092 0.693189 -0.921417 -0.218369 
0.46982 0.784523 0.409344 0.589676 -0.85162 -0.223438 
0.391768 1.02276 0.057839 0.551561 -0.737993 -0.270212 
0.573955 0.0641167 0.756828 -1.66365 0.433495 -4.21914 
0.387154 0.89349 0.100108 0.861308 -0.393512 -0.567466 
0.72771 -0.601489 0.580684 -0.486821 1.10164 0.841384 
0.565494 -0.218353 0.629169 2.55181 -0.649038 -2.19272 
0.717906 -0.478571 0.0896863 -0.347317 1.53491 0.654908 
0.559138 -0.310654 0.382596 -0.321991 1.04861 0.656559 
0.453612 0.130197 0.396927 -0.420368 0.587182 0.751401 
0.710778 -0.177017 -0.608747 -0.315534 1.98642 0.52832 
0.554485 -0.270685 0.0449129 -0.234203 1.41109 0.546575 
0.450435 0.0284884 0.28106 -0.250993 0.866498 0.57504 
0.377717 0.602767 0.124245 -0.380028 0.449575 -5.59462 
0.550903 -0.121853 -0.40577 -0.200434 1.76385 0.479598 
0.448077 -0.0173731 0.119442 -0.180204 1.12687 0.497504 
0.375942 0.52744 0.109083 -3.39052 -0.590209 -2.5825 
0.446282 -0.011784 -0.0883398 -0.144207 1.37105 0.453555 
0.374653 0.460441 0.0836289 -0.181364 0.723549 0.492395 
1.04429 1.08023 0.310519 1.43876 -1.54686 -0.178513 
0.82508 1.0976 0.234643 1.2273 -1.48943 -0.223453 
0.635751 1.13927 0.0897929 1.05418 -1.39677 -0.295735 
0.481426 1.21644 -0.128928 0.932804 -1.26788 -0.382546 
0.811449 0.65843 0.455363 1.22096 -0.990189 -6.78152 
0.62158 0.84936 0.256658 1.02982 -0.910489 -0.462169 
0.467551 1.05627 -0.0194571 0.907466 -0.810893 -0.482209 
0.463648 0.932017 0.0225107 1.32614 -0.560827 -0.879789 
1.01022 -0.146995 0.258953 2.43301 -1.32625 -1.83093 
1.00068 -0.0930946 -0.203089 -0.564968 1.70435 1.03631 
0.785733 -0.0467571 0.15765 -0.54718 1.24607 1.06703 
0.602939 0.261185 0.24482 -0.651285 0.821694 1.15689 
0.779402 -0.0246788 -0.1704 -0.43499 1.55856 0.883393 
0.597897 0.16465 0.135513 -0.458773 1.03394 0.932991 
0.774447 0.126766 -0.6535 -0.39526 1.89898 0.737582 
0.593864 0.119029 -0.0213397 -0.354474 1.25363 0.797535 
0.590651 0.121959 -0.22693 -0.294533 1.47427 0.705217 
0.445562 0.509605 0.0129876 2.78667 -0.834415 -2.36839 
1.17669 1.25533 -0.226964 -1.31423 1.72257 2.61877 
0.753765 1.2196 -0.136906 1.45959 -1.51248 -0.485082 
0.550151 1.26602 -0.253159 1.28861 -1.39876 -0.533448 
1.17498 0.805342 0.00744219 1.93141 -1.48219 -0.838963 
0.966234 0.852973 0.0717207 -1.38249 1.32228 2.37438 
0.749783 0.961036 0.020008 1.56802 -1.19235 -0.720765 
0.544746 1.11751 -0.148368 1.39894 -1.07684 -0.722721 
0.957524 0.553505 0.121451 2.02958 -1.20034 -1.17115 
0.536839 0.99092 -0.0879318 -1.4992 0.855243 2.13136 
0.73256 0.555829 0.0966837 2.15985 -0.987663 -1.45131 
1.15012 0.412538 -0.770124 2.43804 -1.98947 -1.94875 
0.934228 0.292071 -0.517171 -0.564309 1.77783 1.09424 
0.518427 0.709398 -0.0416167 2.41544 -0.820506 -1.85302 
0.71478 0.287059 -0.213167 -0.47361 1.42376 1.02276 
0.514315 0.635557 -0.0512264 -0.581697 0.887303 1.12043 
0.710998 0.296525 -0.427949 -0.411531 1.62014 0.902359 
0.510969 0.571085 -0.0728736 -0.476269 0.967137 -5.29002 
0.844326 1.33802 -0.421535 1.70314 -1.67167 -6.93074 
0.606201 1.32295 -0.3872 1.51286 -1.52816 -0.633813 
1.06374 1.11026 -0.421545 -1.14378 1.67741 2.21125 
0.842448 1.1009 -0.264592 1.84472 -1.47657 -0.847498 
0.603516 1.18529 -0.288183 1.65641 -1.31435 -0.815408 
1.24814 1.00825 -0.825438 -0.950044 1.92545 -4.50576 
0.597952 1.06114 -0.219451 1.83077 -1.12973 -1.04524 
0.829682 0.726409 -0.163232 2.21875 -1.29855 -1.38198 
0.823042 0.601281 -0.207505 -0.755127 1.35725 1.52219 
0.570969 0.639977 -0.172749 2.58883 -1.11104 -1.9843 
-0.889018 1.07941 0.0588139 -1.87687 -1.94852 0.285101 
-0.470421 0.89571 0.296507 -1.50146 -1.77932 0.250665 
-0.0457434 0.8409 0.198831 -1.10804 -1.56078 0.345989 
-0.890451 0.723908 0.210031 -1.93282 -1.827 0.589718 
-0.472873 0.627455 0.391776 -1.59009 -1.58266 0.551454 
-0.0473303 0.705774 0.243703 -1.23692 -1.3409 0.582583 
-0.888969 0.422234 0.233078 1.12683 1.76367 4.10192 
-0.47077 0.382827 0.423339 1.40796 1.42255 -2.2297 
-0.0454808 0.579738 0.267191 -1.40633 -1.1361 0.870741 
-0.879009 0.140131 -0.105149 0.936339 1.8898 -1.47079 
-0.458482 0.0591967 0.289118 -2.12435 -1.37364 1.64694 
-0.0350087 0.377847 0.249396 -1.87892 -0.918278 1.54629 
-0.45181 -0.00472084 0.137087 0.867169 1.47711 -1.21459 
-0.0297267 0.304146 0.214442 1.03676 0.928762 -1.29546 
-0.446128 -0.0112777 -0.0643142 0.768491 1.61981 -0.993814 
-0.0252462 0.245976 0.166225 0.859997 0.983762 -1.05686 
-0.441232 0.036826 -0.322117 0.71179 1.78534 -0.806091 
-0.0213093 0.202252 0.105499 0.726319 1.06483 -0.86941 
-1.08456 1.16985 0.0655312 -2.00782 -1.95596 0.1837 
-0.725557 0.984801 0.353429 -1.68597 -1.83196 0.109816 
-0.314757 0.857663 0.406014 -1.27636 -1.71697 0.17413 
0.0325481 0.835745 0.211787 -0.951464 -1.49727 0.303465 
-1.08602 0.67964 0.293397 -2.03312 -1.86563 6.81107 
-0.727808 0.559297 0.520522 -1.73376 -1.65732 0.483906 
-0.317451 0.566126 0.507767 -1.37087 -1.46339 0.485569 
0.0306478 0.698499 0.257437 -1.0845 -1.25242 0.535438 
-0.725566 0.181907 0.545575 1.287 1.54586 -2.18714 
0.0326532 0.571017 0.280487 -1.26475 -1.01873 0.828137 
-0.710543 -0.144262 0.175317 0.940338 1.66678 -1.32991 
0.044047 0.368654 0.25757 -1.86171 -0.765701 1.62133 
-0.702271 -0.096436 -0.182912 0.84799 1.86201 -1.02479 
-0.292082 -0.107957 0.231543 0.814455 1.28999 -1.04034 
-0.28558 -0.109551 0.0250507 0.684565 1.46287 -0.810217 
0.0540211 0.240975 0.167784 0.773675 0.872791 -0.888373 
-0.280179 -0.058326 -0.232077 0.607697 1.65317 -0.631964 
0.0578978 0.199139 0.104888 0.626738 0.974653 -0.693189 
-0.894774 1.09582 0.471603 -1.76405 -1.82446 -0.114668 
-0.488532 0.9502 0.562528 -1.34436 -1.81119 -0.0596228 
-0.134824 0.838393 0.475994 -0.965436 -1.68153 0.0989864 
0.115162 0.836108 0.216365 -0.733262 -1.43853 0.23148 
-0.897779 0.438994 0.748499 -1.77497 -1.65238 0.374942 
-0.492578 0.434672 0.756709 -1.39818 -1.50241 0.373497 
-0.138679 0.525973 0.583584 -1.07868 -1.34015 0.40306 
0.112252 0.695376 0.263324 -0.879878 -1.15041 0.459075 
-0.488553 -0.0457136 0.786061 1.52084 1.24558 -2.15783 
-0.13487 0.235635 0.617735 -1.30038 -1.01238 0.831446 
0.115206 0.565004 0.286464 -1.06706 -0.859351 0.756557 
-0.885479 -0.377794 0.473367 1.06239 1.66649 -1.50617 
-0.873252 -0.321277 0.00944823 0.930614 1.88137 -1.09592 
-0.466439 -0.381487 0.358209 0.862588 1.38909 -1.06694 
-0.117723 -0.116793 0.451298 0.948656 0.898136 -1.13794 
-0.455941 -0.308491 -0.0118345 0.713765 1.64373 -0.771525 
-0.110347 -0.170832 0.282034 0.67816 1.09384 -0.779655 
0.13151 0.298294 0.210882 -2.29707 -0.646455 2.22497 
-0.447367 -0.120698 -0.510891 0.664052 1.93631 -0.529103 
-0.104321 -0.165742 0.0700584 0.534771 1.31522 -0.560182 
0.135375 0.245939 0.156327 0.613368 0.76917 -0.637902 
-0.0992555 -0.109501 -0.189165 0.455115 1.54077 -0.405932 
0.138617 0.206804 0.0912809 0.474055 0.900942 -0.458516 
-0.509566 1.17406 0.716515 -1.22755 -2.0071 -0.413017 
-0.150713 0.960785 0.677335 -0.768695 -1.93125 -0.145828 
0.0703036 0.838183 0.501539 -0.50633 -1.68048 0.0199295 
0.207435 0.844344 0.210429 -0.379606 -1.40197 0.0962431 
-0.163089 0.360034 0.898685 -0.878802 -1.3678 0.238681 
0.0592878 0.509261 0.615931 -0.682007 -1.21526 0.275728 
0.199462 0.697254 0.259722 -0.580125 -1.0384 0.32155 
-0.150696 -0.226757 0.933186 -1.2461 -0.756225 0.955988 
0.0703017 0.203097 0.649689 -0.857266 -0.691332 0.646642 
0.20745 0.561237 0.283655 -0.676673 -0.622773 0.54879 
-0.491731 -0.811305 0.707628 0.897533 1.22543 -1.01537 
0.0774769 -0.0152972 0.589273 1.41516 0.422582 4.76657 
0.212105 0.45432 0.270186 1.90547 0.327248 -1.95432 
-0.476137 -0.640733 0.195475 0.684237 1.57789 -0.670125 
-0.130853 -0.521098 0.442302 0.57808 1.08775 -0.611823 
0.0814352 -0.13551 0.460292 0.656941 0.636862 -0.689969 
0.213955 0.374077 0.234383 -2.19884 -0.351768 2.19828 
-0.462635 -0.324475 -0.486451 0.631928 1.97229 -0.405552 
-0.123638 -0.420606 0.0602356 0.44084 1.4439 -0.38877 
0.0851051 -0.181695 0.285234 0.413858 0.936704 -0.390309 
0.215836 0.311779 0.186844 0.52934 0.5278 -0.49023 
-0.11732 -0.220894 -0.433876 0.389873 1.79736 -0.230135 
0.088592 -0.171462 0.0699131 0.311098 1.21322 -0.237272 
0.217852 0.263211 0.130253 0.359816 0.703834 -0.286584 
0.0916856 -0.111809 -0.191539 0.257799 1.4717 -0.136084 
0.219738 0.226888 0.0632914 0.269672 0.865563 -0.167185 
0.291115 0.856517 0.463684 0.0916625 -1.69588 -0.0606934 
0.309918 0.865844 0.176254 0.10985 -1.4198 -0.0961641 
0.23313 0.356665 0.904966 -0.166976 -1.26567 0.0505931 
0.27117 0.524561 0.588496 -0.134895 -1.1167 0.0596744 
0.294647 0.70839 0.238513 -0.120144 -0.950339 0.0701789 
0.258455 -0.228406 0.925918 0.189608 -0.327781 -0.119122 
0.290287 0.22596 0.611202 0.200938 -0.469163 -0.107392 
0.309902 0.574274 0.252558 0.245487 -0.462071 -0.14107 
0.189336 -0.936637 0.74871 0.0643831 0.854139 0.00668506 
0.251476 -0.481825 0.729937 -0.00130976 0.416178 0.088492 
0.284499 0.0221736 0.542934 -0.258417 0.102932 0.364719 
0.305012 0.473764 0.231859 -2.33343 0.058619 -3.82862 
0.184599 -0.718261 0.223269 0.086543 1.36182 0.0282209 
0.24628 -0.500072 0.423322 0.0552996 0.940619 0.0610025 
0.28001 -0.0904583 0.413298 0.0432655 0.539206 0.0823442 
0.301197 0.398689 0.193491 0.0335296 0.269989 0.103019 
0.181927 -0.382002 -0.458882 0.0962989 1.84251 0.0751834 
0.244618 -0.398616 0.0405189 0.0602782 1.35751 0.0895088 
0.278426 -0.134154 0.238874 0.0520954 0.893576 0.0980729 
0.299703 0.340131 0.14486 0.0592344 0.512767 0.0969878 
0.244311 -0.197348 -0.457006 0.0598181 1.74861 0.124585 
0.278182 -0.123414 0.0236814 0.0465956 1.19323 0.126986 
0.299368 0.294287 0.0872507 0.0514137 0.711519 0.124047 
0.278373 -0.0632846 -0.239638 0.0411986 1.46599 0.153036 
0.29942 0.260026 0.0210009 0.042115 0.881625 0.149989 
0.583287 0.972807 0.533894 0.569907 -1.9094 -0.0374163 
0.469638 0.890775 0.363204 0.434062 -1.67777 -0.142137 
0.39163 0.894208 0.117982 0.363601 -1.44202 -0.205436 
0.583303 -0.0412143 0.762558 1.15858 -0.588706 -0.839627 
0.470201 0.304928 0.50513 0.896603 -0.564425 -0.621402 
0.391392 0.606975 0.195478 0.790619 -0.518842 -0.564252 
0.74076 -0.619411 0.605765 -0.678216 0.976695 0.951553 
0.727702 -0.493103 0.107444 -0.435072 1.42923 0.671969 
0.565501 -0.327154 0.303295 -0.401714 1.03447 0.672719 
0.457951 0.0104462 0.313264 -0.460483 0.674139 0.73621 
0.383012 0.439999 0.133685 2.53555 -0.424162 4.00898 
0.717923 -0.189468 -0.592057 -0.368131 1.9033 0.51669 
0.559131 -0.247479 -0.0722747 -0.280997 1.42316 0.534157 
0.453611 -0.0340551 0.14359 -0.276023 0.981709 0.551394 
0.379913 0.383586 0.0856777 -3.47938 -0.617369 3.74988 
0.554491 -0.0505505 -0.587994 -0.238236 1.81271 0.450541 
0.450436 -0.025782 -0.0696632 -0.200211 1.26172 0.472296 
0.37763 0.339173 0.0289214 -0.226616 0.793337 0.503222 
0.448077 0.0336106 -0.336657 -0.162736 1.52622 0.426738 
0.37594 0.305951 -0.0374937 -0.169345 0.950703 0.449997 
1.03339 1.12806 0.298561 1.17765 -1.89322 -0.106371 
0.81145 1.01594 0.29932 0.93852 -1.80054 -0.184159 
0.621766 0.942168 0.214772 0.746853 -1.64878 -0.260966 
0.467818 0.927418 0.0440184 0.612651 -1.45805 -0.319315 
0.824906 0.593584 0.455723 1.26109 -1.39745 -0.494363 
0.635837 0.675289 0.301382 1.10748 -1.27763 -0.524448 
0.481487 0.793577 0.079131 1.00056 -1.14547 -0.571692 
0.467568 0.655734 0.11785 1.15578 -0.674086 -0.816964 
1.01022 -0.102587 -0.185273 -0.685003 1.63455 1.05403 
0.793588 -0.0634619 0.0821354 -0.658143 1.26145 1.07534 
0.608969 0.151924 0.164376 -0.713646 0.91599 1.12742 
0.785744 -0.000775931 -0.291814 -0.516249 1.59516 0.861368 
0.602948 0.10738 -0.000192682 -0.506217 1.15769 0.897154 
0.454921 0.440706 0.010318 2.55564 -0.789581 -2.17734 
0.779402 0.217367 -0.876182 -0.47639 1.97651 0.676804 
0.597897 0.113848 -0.21275 -0.396615 1.39806 0.757418 
0.45105 0.396778 -0.0446686 -0.43678 0.926822 0.809097 
0.593864 0.175439 -0.489587 -0.336955 1.64174 0.657791 
0.447894 0.363702 -0.109629 -0.343955 1.05759 0.708315 
1.17495 1.28543 -0.236661 1.58781 -1.94091 -6.7373 
0.966225 1.13638 -0.0665231 1.41494 -1.84062 5.85856 
0.749806 1.0314 -0.014345 1.22258 -1.72215 -0.448868 
0.544747 0.98051 -0.0784872 1.05015 -1.56725 -0.503328 
1.17675 0.844985 -0.0174434 -1.34897 1.77011 2.42056 
0.969269 0.793803 0.078267 -1.50191 1.62884 2.44481 
0.754872 0.79778 0.0706306 1.47578 -1.48981 -6.9813 
0.550185 0.858659 -0.0430393 1.32693 -1.34731 -0.727678 
1.17494 0.497138 -0.0038115 -1.20119 1.59704 -4.27889 
1.16717 0.333528 -0.234085 2.16893 -1.66551 -1.5675 
1.15779 0.406801 -0.751725 -0.849367 1.95353 1.19554 
0.940423 0.330489 -0.663041 -0.681557 1.84402 1.04846 
0.725293 0.282102 -0.196891 2.49118 -1.38357 -2.00596 
0.523579 0.51015 -0.081822 -0.728968 0.995015 1.20663 
0.719463 0.291092 -0.414462 -0.541251 1.5806 0.967242 
0.518429 0.465668 -0.13367 2.56141 -1.08876 -2.10249 
0.714752 0.362652 -0.714166 -0.481374 1.80295 0.828623 
0.514315 0.43227 -0.196695 -0.476843 1.18953 0.916733 
1.06377 1.35595 -0.571271 -1.498 2.00453 2.44295 
0.842449 1.15438 -0.293884 -1.63279 1.85355 2.52249 
0.603763 1.04129 -0.211379 1.3284 -1.69273 -0.625438 
1.06502 1.05155 -0.403445 -1.3296 1.87644 2.25623 
0.606158 0.926843 -0.170705 1.52138 -1.5185 -0.813376 
1.06395 0.815399 -0.374508 1.96201 -1.77644 -1.16047 
1.05909 0.670803 -0.490121 -1.01434 1.77184 1.66835 
0.836851 0.617215 -0.200085 2.06601 -1.46935 -1.3767 
1.05261 0.652305 -0.7815 2.2563 -1.9076 4.50276 
0.823057 0.488877 -0.459113 2.40626 -1.62616 -1.86627 
0.578936 0.544016 -0.238229 -0.668599 1.25768 1.20109 
-0.465111 0.678146 0.380458 -1.35424 -1.93343 0.290688 
-0.0407377 0.550725 0.26699 -0.982917 -1.61027 0.411931 
-0.47079 0.431035 0.422554 -1.43577 -1.74453 0.593682 
-0.0456979 0.439753 0.26879 -1.13284 -1.41551 0.644955 
-0.89045 0.366606 0.215631 1.31734 1.93471 -2.19991 
-0.0477166 0.341789 0.248627 -1.33807 -1.23934 0.941281 
-0.884758 0.145511 -0.195572 -2.00637 -1.97211 -4.58149 
-0.465283 -0.000518625 0.159517 1.15573 1.50485 -1.45454 
-0.458372 -0.0144769 -0.0428798 0.987018 1.59421 -1.15191 
-0.0350085 0.163717 0.0705937 -2.11201 -1.083 1.97208 
-0.451808 0.0305749 -0.302281 0.87884 1.73884 -0.905623 
-0.0297759 0.143481 -0.0194432 0.84808 1.16317 -0.925794 
-0.446129 0.143103 -0.64782 0.831814 1.92127 -0.680816 
-0.0252117 0.138462 -0.121512 0.723568 1.26535 -0.745836 
-0.308054 0.625702 0.491753 -1.1454 -1.85891 0.211376 
0.0379367 0.545608 0.278549 -0.838331 -1.5366 0.347221 
-0.725555 0.462585 0.541606 -1.59195 -1.85483 0.455988 
-0.314923 0.352445 0.539683 -1.24415 -1.60212 0.528549 
0.032568 0.431143 0.282353 -0.998732 -1.30861 0.583546 
-0.727778 0.113335 0.526899 -1.68184 -1.71811 -5.36084 
0.0303921 0.331179 0.26258 -1.22379 -1.10406 0.893786 
-0.719268 -0.141316 0.0893486 1.12991 1.72933 -1.3439 
-0.308088 -0.10995 0.261795 -1.98978 -1.27294 1.78737 
-0.710523 -0.0586941 -0.311779 1.01204 1.89405 -0.990455 
-0.299767 -0.118792 0.0523876 0.919035 1.39244 -1.00759 
0.0440462 0.155089 0.0767589 0.964348 0.940756 -1.04726 
-0.292062 -0.069073 -0.208422 0.774228 1.57313 -0.752618 
0.0494734 0.137733 -0.0170095 0.753399 1.05125 -0.778336 
-0.28558 0.0414323 -0.542467 0.698981 1.78555 -0.545275 
0.0540212 0.135104 -0.121972 0.617788 1.17902 -0.592709 
-0.126429 0.597697 0.561584 -0.846805 -1.80839 0.121392 
0.121265 0.548666 0.280746 -0.627378 -1.47448 0.241119 
-0.894791 0.480668 0.741798 -1.66543 -1.87461 0.240478 
-0.488612 0.316829 0.781169 -1.26835 -1.70119 0.347529 
-0.13484 0.300716 0.616801 -0.966479 -1.45384 0.424783 
0.115169 0.429414 0.288389 -0.793837 -1.19558 0.470015 
-0.897781 -0.116041 0.756007 1.43821 1.74641 -2.22246 
-0.492579 -0.125401 0.764265 -1.45934 -1.42216 0.923624 
-0.138724 0.0549369 0.59018 -1.22567 -1.14772 0.851195 
0.112071 0.326581 0.268577 -1.05573 -0.941796 0.804747 
-0.894785 -0.368416 0.490986 1.29264 1.72616 -1.62185 
-0.885478 -0.325933 0.0312407 1.12852 1.84701 -1.1535 
-0.478332 -0.378569 0.273555 1.04755 1.40614 -1.13389 
-0.126436 -0.184129 0.322421 1.06807 0.980769 -1.17287 
-0.466413 -0.272912 -0.13381 0.84697 1.64273 -0.778274 
-0.117721 -0.18356 0.103873 0.76056 1.17348 -0.775402 
0.126869 0.155353 0.0706048 0.804909 0.784887 -0.822877 
-0.455938 -0.0332944 -0.711663 0.782355 1.95734 -0.476038 
-0.110422 -0.126271 -0.161507 0.59956 1.41549 -0.53078 
0.131547 0.14252 -0.0277981 0.58743 0.948182 -0.554855 
-0.104376 -0.0124897 -0.493513 0.518523 1.6714 -0.354527 
0.135361 0.143127 -0.135863 0.463394 1.11017 -0.388173 
0.0774825 0.598486 0.580754 -0.429461 -1.80077 0.0121823 
0.212119 0.563635 0.268582 -0.310722 -1.45163 0.0697536 
-0.150693 0.228486 0.927095 -0.708002 -1.56993 0.18215 
0.0698324 0.285185 0.649324 -0.520567 -1.3266 0.219397 
0.207437 0.436959 0.285485 -0.423333 -1.09557 0.232622 
-0.163094 -0.306242 0.907482 -1.11318 -0.99856 0.832754 
0.0601815 0.0254691 0.620838 -0.881597 -0.870401 0.663787 
0.199322 0.329404 0.264901 -0.763535 -0.752092 0.610058 
-0.150694 -0.536601 0.69539 -1.85763 -0.745068 -4.51216 
0.0703069 -0.145822 0.515138 1.59449 0.503146 4.60484 
0.207435 0.242734 0.21976 -1.25637 -0.394235 1.20282 
-0.491724 -0.660156 0.223119 0.835618 1.44252 -0.754469 
-0.139099 -0.523496 0.359818 0.710067 1.01303 -0.698609 
0.0774785 -0.209194 0.335342 0.730863 0.652666 -0.735077 
0.212106 0.192833 0.141778 -2.28328 -0.412807 2.29534 
-0.475969 -0.341678 -0.461264 0.71788 1.85303 -0.437102 
-0.130879 -0.38727 -0.0597458 0.513015 1.40351 -0.411096 
0.0814332 -0.197407 0.108273 0.448649 0.99232 -0.392288 
0.213954 0.169032 0.0478205 0.473101 0.658895 -0.415362 
-0.123583 -0.13961 -0.623498 0.450509 1.80826 -0.215891 
0.0851069 -0.133326 -0.161564 0.342139 1.30795 -0.22803 
0.215841 0.160778 -0.054338 0.334465 0.886406 -0.238525 
0.0885992 -0.0152243 -0.496665 0.291002 1.60561 -0.114782 
0.217848 0.164554 -0.164967 0.261309 1.07975 -0.132689 
0.284497 0.62854 0.534434 0.0271424 -1.82753 -0.100715 
0.304994 0.593589 0.230232 0.0425206 -1.48898 -0.123782 
0.258453 0.244707 0.919608 0.0607521 -1.53958 -0.0625255 
0.290286 0.320459 0.609877 0.09357 -1.30752 -0.0967412 
0.309914 0.464389 0.254124 0.12201 -1.09835 -0.135321 
0.23313 -0.315216 0.913819 -0.277591 -0.616901 0.228375 
0.271183 0.0520096 0.59399 -0.199539 -0.655668 0.158954 
0.294609 0.345746 0.243397 -0.174645 -0.596245 0.144972 
0.198126 -0.972388 0.788529 -0.008641 0.558352 0.0458418 
0.258455 -0.531029 0.68549 -0.27056 0.228318 0.324443 
0.309917 0.26468 0.185696 0.977754 -0.131066 -0.894179 
0.189819 -0.744497 0.25112 0.0526791 1.15908 0.0278984 
0.251469 -0.506402 0.342013 -0.00034099 0.828764 0.0874713 
0.284478 -0.165048 0.290382 -0.0512112 0.539771 0.151562 
0.305012 0.221241 0.100669 -0.124892 0.345673 0.237818 
0.183297 -0.40209 -0.434971 0.086318 1.7027 0.0569062 
0.246248 -0.367165 -0.0800714 0.0462523 1.31063 0.0816806 
0.280055 -0.151138 0.0623015 0.0278835 0.951296 0.103088 
0.301184 0.201098 0.00500132 0.0144099 0.655756 0.124 
0.243995 -0.11612 -0.649512 0.0603696 1.76424 0.113183 
0.278423 -0.0860085 -0.209562 0.0422109 1.29344 0.119161 
0.299691 0.19504 -0.0980939 0.0370526 0.900382 0.125599 
0.278108 0.0352602 -0.551617 0.0433716 1.60944 0.145716 
0.299355 0.200563 -0.209822 0.0376259 1.10195 0.145981 
0.463602 0.679689 0.430195 0.365304 -1.83853 -0.207757 
0.386865 0.630654 0.171433 0.294915 -1.53315 -0.26602 
0.75523 0.412706 0.946672 0.709297 -1.80615 -0.148908 
0.583289 0.352074 0.757173 0.533935 -1.56968 -0.247808 
0.469951 0.395714 0.503311 0.442591 -1.3557 -0.292669 
0.391567 0.504975 0.19606 0.39612 -1.15269 -0.324876 
0.583288 -0.331477 0.551228 1.95396 -0.580197 4.51027 
0.740747 -0.513948 0.136189 -0.57493 1.2731 0.715647 
0.573961 -0.336738 0.225462 -0.534888 0.961366 0.717724 
0.463695 -0.0616869 0.193996 -0.567053 0.696415 0.763061 
0.387118 0.26894 0.0409481 2.50058 -0.507762 -2.30953 
0.727717 -0.207929 -0.565932 -0.440862 1.78159 0.508082 
0.565491 -0.217761 -0.194336 -0.348299 1.3965 0.521938 
0.457949 -0.0508307 -0.0321519 -0.325141 1.05157 0.532236 
0.383012 0.250179 -0.0554679 -0.345293 0.764709 0.557944 
0.559365 0.0390302 -0.799549 -0.28878 1.84676 0.411217 
0.453611 0.0127688 -0.307293 -0.233211 1.37317 0.441911 
0.379909 0.24485 -0.15858 -0.232089 0.985786 0.459105 
0.450436 0.139921 -0.66658 -0.191838 1.68493 0.388556 
0.377689 0.250441 -0.268525 -0.175335 1.17205 0.411905 
0.615378 0.75127 0.2765 0.671465 -1.83845 -0.333578 
0.463653 0.675465 0.0935995 0.542235 -1.57235 -0.403375 
1.03339 0.590137 0.548892 1.10691 -1.77296 -0.377118 
0.81218 0.509545 0.492488 0.904963 -1.61038 -0.436106 
0.621476 0.496775 0.34591 0.754657 -1.4183 -0.475157 
0.46719 0.552585 0.121031 0.653928 -1.21745 -0.500241 
0.824887 0.170518 0.461864 -1.78559 1.28769 2.23388 
0.635898 0.297183 0.307295 1.24087 -1.13219 -0.892197 
0.481433 0.461843 0.0844972 1.16051 -0.99023 -0.900312 
0.621468 0.136856 0.226541 1.73889 -0.756942 -1.4669 
1.02169 -0.118842 -0.154425 -0.853834 1.51462 1.08597 
0.615339 0.0834915 0.0498507 2.30669 -0.943164 -2.02561 
1.01019 0.202475 -0.971669 -0.766614 1.99814 0.726443 
0.793589 0.031167 -0.421074 -0.622088 1.59082 0.829838 
0.608938 0.0932487 -0.176525 -0.582176 1.23675 0.854699 
0.459331 0.313863 -0.131264 -0.602287 0.932921 0.881447 
0.602932 0.158116 -0.461041 -0.460537 1.52212 0.702235 
0.45491 0.30853 -0.234329 -0.451171 1.11837 0.735347 
0.597922 0.302532 -0.859637 -0.403574 1.82133 0.580352 
0.451047 0.314715 -0.347216 -0.360585 1.2821 0.642654 
0.740997 0.851395 0.062409 1.02153 -1.88604 -0.493685 
0.53696 0.732233 -0.0126256 0.856831 -1.65876 -0.568421 
1.17491 0.867336 -0.0101105 -1.62793 1.93707 2.48217 
0.966238 0.722414 0.107483 1.35505 -1.79604 -6.95106 
0.749122 0.636564 0.11119 1.19518 -1.62676 -0.702489 
0.544798 0.629253 -0.0055477 1.06781 -1.43026 -0.746437 
1.17654 0.528305 -0.011199 -1.42062 1.82818 2.10739 
0.948243 0.385789 -0.832203 -0.84163 1.87554 0.9789 
0.732593 0.27838 -0.382692 -0.77031 1.48896 1.08093 
0.529635 0.393238 -0.226625 2.35454 -1.15349 -2.01577 
0.72529 0.349834 -0.686932 -0.64509 1.72287 0.882899 
0.523485 0.386003 -0.327834 -0.621988 1.28546 0.952848 
0.518428 0.391533 -0.441231 -0.513912 1.41605 0.830922 
0.597909 0.799764 -0.138901 1.10274 -1.77502 -0.70125 
0.603914 0.709709 -0.141121 1.30599 -1.62684 -0.879288 
1.06511 0.780617 -0.398057 1.72177 -1.92849 -1.16089 
1.06377 0.662187 -0.553863 -1.2647 1.89124 -4.6256 
0.82965 0.508322 -0.675421 2.24401 -1.75944 -1.95413 
0.823057 0.63433 -1.08045 2.32782 -1.96973 -2.20628 
0.584311 0.474895 -0.440154 2.40384 -1.46169 -2.03978 
0.578936 0.480792 -0.555282 -0.630775 1.56187 0.968912 
-0.458285 0.468448 0.421666 -1.1701 -2.0071 0.402148 
-0.0350068 0.319738 0.229598 -0.858981 -1.56007 0.519729 
-0.465283 0.258822 0.410304 -1.2331 -1.8254 0.683964 
-0.0408425 0.245121 0.191699 -1.00387 -1.40052 0.73088 
-0.0458046 0.18603 0.131748 -1.2184 -1.26327 1.01465 
-0.465287 0.0210565 -0.265324 1.16165 1.66824 -1.08544 
-0.0408119 0.125918 -0.173878 1.09793 1.20541 -1.0807 
-0.45837 0.127777 -0.609913 1.03755 1.82188 -0.788994 
-0.0350126 0.146442 -0.312944 0.898937 1.31395 -0.816356 
-0.0297261 0.185581 -0.471046 0.767785 1.44861 -0.620895 
-0.299731 0.400047 0.532639 -0.983063 -1.9175 0.307813 
0.0440479 0.315275 0.239439 -0.729683 -1.48056 0.423541 
-0.308128 0.166998 0.524949 -1.07009 -1.66635 0.598386 
0.0378993 0.236826 0.204186 -0.885842 -1.28538 0.641077 
-0.725618 0.0497584 0.50409 -1.46321 -1.83461 0.923001 
-0.314894 -0.0039222 0.445059 -1.26191 -1.45937 0.957496 
0.0325146 0.174917 0.14539 -1.12995 -1.115 0.950834 
-0.72554 -0.128744 -7.75826e-05 1.36307 1.76719 -1.3549 
-0.314856 -0.124651 0.0965549 1.33043 1.34579 -1.36067 
-0.719071 -0.0110305 -0.448878 1.22302 1.88906 -0.955616 
-0.308085 -0.0852383 -0.164163 1.07478 1.45223 -0.986719 
0.0378828 0.115509 -0.164756 1.02307 1.05608 -0.987864 
-0.299743 0.0209178 -0.49992 0.902694 1.64774 -0.68233 
0.0440466 0.139149 -0.308331 0.792905 1.19966 -0.695866 
-0.292059 0.239378 -1.00725 0.8377 1.91643 -0.395076 
0.0494773 0.181522 -0.470599 0.651745 1.36624 -0.496303 
-0.118989 0.361305 0.601675 -0.721909 -1.8447 0.189323 
0.126924 0.320951 0.238681 -0.542858 -1.416 0.281538 
-0.478307 0.198997 0.794919 -1.09722 -1.8542 0.357806 
-0.126436 0.107436 0.599099 -0.818189 -1.50079 0.456128 
0.12088 0.237543 0.209642 -0.687994 -1.17028 0.481952 
-0.894791 -0.0912311 0.768142 1.65287 1.87786 -2.32833 
-0.488533 -0.197836 0.737883 -1.24523 -1.52466 0.878004 
-0.134843 -0.0782263 0.519617 -1.06931 -1.19999 0.841407 
0.115152 0.171056 0.152645 -0.962446 -0.94083 0.815158 
-0.89778 -0.358664 0.511381 1.53685 1.78787 4.55598 
0.112061 0.128491 0.0687619 1.76627 0.799983 -1.84764 
-0.894838 -0.329726 0.0591661 1.37223 1.82009 -1.2314 
-0.488525 -0.364477 0.186942 -1.86075 -1.41367 1.91646 
-0.134842 -0.199512 0.159182 -1.89104 -1.03726 1.89135 
0.115149 0.108032 -0.0372132 1.27816 0.765487 -1.28828 
-0.884796 -0.0712695 -0.636732 1.2716 1.99933 -0.742877 
-0.478301 -0.230544 -0.258424 1.02527 1.60365 -0.803124 
-0.126439 -0.152986 -0.107985 0.893762 1.20573 -0.799534 
0.121221 0.113471 -0.167398 0.854135 0.885418 -0.799651 
-0.466383 0.0831636 -0.960443 0.930993 1.94286 -0.404996 
-0.117721 -0.0403826 -0.445452 0.692314 1.47912 -0.498396 
0.126924 0.142604 -0.317837 0.612478 1.0926 -0.501503 
-0.110836 0.168668 -0.927024 0.610149 1.80551 -0.266119 
0.131504 0.189672 -0.485553 0.485931 1.30259 -0.323692 
0.0814363 0.360862 0.614043 -0.383269 -1.81151 0.0391235 
0.213957 0.339892 0.222661 -0.287681 -1.39122 0.0837671 
-0.139298 0.0990304 0.933813 -0.594889 -1.72117 0.170809 
0.0773521 0.0950947 0.624009 -0.425723 -1.3809 0.201871 
0.212084 0.251442 0.201647 -0.349022 -1.09249 0.19751 
-0.150694 -0.38242 0.881279 -0.824695 -1.08775 0.647036 
0.0702792 -0.10717 0.553018 -0.653473 -0.915952 0.517065 
0.207427 0.176476 0.153086 -0.566824 -0.748 0.46589 
0.0601813 -0.208942 0.395301 -1.32252 -0.654466 1.26152 
0.199322 0.131692 0.0652227 -1.2208 -0.526916 1.17121 
-0.50959 -0.679423 0.260899 1.08447 1.30567 -0.915871 
-0.150694 -0.514716 0.279364 0.955806 0.920999 -0.889654 
0.0703012 -0.230799 0.179173 0.946115 0.636371 -0.920471 
0.207435 0.110511 -0.0459062 0.973939 0.457381 -0.951882 
-0.491722 -0.366972 -0.422009 0.833134 1.68024 -0.494323 
-0.139181 -0.350986 -0.178629 0.611044 1.30315 -0.454722 
0.0774704 -0.172153 -0.0998131 0.510115 0.979782 -0.418363 
0.2121 0.124349 -0.18739 0.471063 0.73278 -0.393377 
-0.13066 -0.0392941 -0.845003 0.517875 1.78556 -0.197132 
0.0814407 -0.0498434 -0.444651 0.380143 1.36447 -0.216645 
0.213959 0.160924 -0.345784 0.331502 1.03096 -0.206086 
0.0851605 0.166558 -0.933371 0.335627 1.75395 -0.0724333 
0.215841 0.21329 -0.519508 0.268617 1.28116 -0.100736 
0.280068 0.399485 0.566109 -0.023464 -1.8278 -0.125259 
0.301197 0.373813 0.184861 -0.00904324 -1.4207 -0.133983 
0.251696 0.126141 0.918101 0.000819971 -1.70856 -0.0873136 
0.284719 0.14285 0.581373 0.0268687 -1.38893 -0.112714 
0.305012 0.285605 0.166905 0.0471526 -1.11803 -0.140912 
0.258455 -0.368406 0.879356 0.078303 -0.887651 -0.11009 
0.290265 -0.0639938 0.520505 0.121831 -0.836275 -0.15419 
0.309895 0.205908 0.126111 0.16597 -0.715613 -0.205354 
0.160825 -0.993947 0.835887 -2.15951 -0.279524 2.17793 
0.233126 -0.55286 0.637525 -1.08324 -0.179886 1.07648 
0.271191 -0.18049 0.371335 -0.570671 -0.225636 0.559065 
0.29462 0.150409 0.0445738 -0.468792 -0.217494 0.459246 
0.197712 -0.778767 0.295102 -0.00567259 0.8581 0.0419873 
0.258451 -0.50699 0.268015 -0.105134 0.616777 0.146484 
0.290276 -0.192857 0.141059 -0.215411 0.436351 0.268091 
0.309917 0.138014 -0.082641 -0.332218 0.338675 0.394171 
0.189297 -0.431885 -0.396517 0.0488569 1.4937 0.0450772 
0.25141 -0.333223 -0.199398 -0.000214342 1.19699 0.0872839 
0.284479 -0.1274 -0.146678 -0.0325276 0.938968 0.126819 
0.305004 0.15871 -0.232897 -0.0629471 0.740186 0.166801 
0.246287 -0.0108691 -0.883438 0.0454531 1.75726 0.102051 
0.280011 -0.00087572 -0.499226 0.023234 1.36243 0.114422 
0.301188 0.198661 -0.395058 0.0102541 1.05844 0.130311 
0.278454 0.235425 -1.02528 0.0415466 1.78731 0.139688 
0.299689 0.254243 -0.573198 0.0300229 1.31608 0.141029 
0.457781 0.469041 0.46037 0.29355 -1.86229 -0.279721 
0.383001 0.418753 0.126252 0.237691 -1.47681 -0.326782 
0.573751 0.253888 0.754708 0.440179 -1.76664 -0.299824 
0.463675 0.232801 0.475035 0.353941 -1.46161 -0.348875 
0.38711 0.333221 0.10907 0.318654 -1.18979 -0.376359 
0.583272 -0.16164 0.724515 0.605693 -1.106 -0.548165 
0.470016 0.0394321 0.419848 0.533873 -0.96557 -0.516286 
0.391608 0.254598 0.0694426 0.507376 -0.812235 -0.521838 
0.75518 -0.541329 0.181513 -0.81672 1.05231 0.830726 
0.583337 -0.340755 0.15524 -0.777697 0.812548 0.842317 
0.470016 -0.0904626 0.0482903 -0.787411 0.631784 0.872781 
0.39161 0.18863 -0.141579 -0.801175 0.513352 0.888876 
0.740758 -0.235828 -0.523558 -0.546932 1.59741 0.511636 
0.573948 -0.184476 -0.316081 -0.448206 1.30613 0.516234 
0.463695 -0.0268904 -0.243237 -0.407433 1.05419 0.518643 
0.387112 0.211637 -0.29597 -0.396097 0.853757 0.522488 
0.565503 0.173416 -1.08991 -0.359495 1.87086 0.348436 
0.457949 0.10423 -0.611853 -0.282878 1.45737 0.399392 
0.383057 0.25279 -0.459788 -0.26068 1.14854 0.413486 
0.453611 0.399096 -1.25018 -0.243023 1.9148 0.311934 
0.379909 0.312969 -0.647871 -0.195924 1.39769 0.363498 
0.608947 0.56366 0.303147 0.581374 -1.9015 -0.431901 
0.459199 0.47202 0.0491771 0.4724 -1.54521 -0.506087 
0.803019 0.434269 0.487076 0.78689 -1.82956 -0.488125 
0.615345 0.352197 0.317445 0.643576 -1.55381 -0.553433 
0.463617 0.390077 0.0320563 0.569263 -1.2768 -0.587722 
1.03339 0.111781 0.579062 -2.07379 1.56182 2.3665 
0.811611 0.104761 0.463613 0.937596 -1.34495 -0.782013 
0.621472 0.17751 0.26664 0.84183 -1.13798 -0.772356 
0.467557 0.314648 -0.00660316 0.784915 -0.940434 -0.772385 
1.04429 -0.130737 0.327753 -1.59721 1.43924 1.76955 
0.811471 -0.0816951 -0.0585271 2.07362 -1.11094 -1.97788 
0.621473 0.0549558 -0.0932854 -1.04823 0.896659 1.15876 
0.46756 0.253894 -0.216392 2.10509 -0.725726 -1.99973 
1.02167 0.166365 -0.907277 -0.888971 1.81908 0.727827 
0.802547 0.0676403 -0.552451 -0.755261 1.51375 0.792378 
0.61535 0.119335 -0.392649 -0.687205 1.24033 0.800962 
0.463651 0.279077 -0.374145 -0.656184 1.00819 0.794016 
0.608942 0.26624 -0.798239 -0.54681 1.61784 0.613629 
0.459325 0.32452 -0.547389 -0.494699 1.2804 0.64578 
0.454908 0.388257 -0.742845 -0.404383 1.51011 0.553075 
0.732516 0.682477 0.0947162 0.849385 -1.96247 -0.591571 
0.529645 0.537734 -0.0519204 0.707539 -1.64027 -0.680327 
0.957537 0.653771 0.119779 1.11501 -1.94505 -0.697161 
0.740985 0.501313 0.0983233 0.95983 -1.71281 -0.763239 
0.536841 0.465775 -0.0785627 0.862115 -1.44063 -0.819722 
1.17494 0.538845 0.0120255 -1.73955 1.90222 2.15811 
0.54475 0.409145 -0.135474 1.13843 -1.27106 -1.06632 
1.1767 0.361927 -0.210028 -1.52449 1.86452 1.72954 
0.544752 0.358682 -0.339672 1.90178 -1.16119 4.49757 
0.957532 0.464296 -1.03471 -1.05403 1.84979 0.886718 
0.741123 0.323777 -0.626429 -0.946452 1.53995 1.00534 
0.73256 0.525219 -1.14363 -0.80802 1.85527 0.715786 
0.529653 0.415031 -0.658272 -0.711214 1.45582 0.838234 
0.523486 0.485331 -0.869736 -0.595429 1.65051 0.69985 
0.591057 0.611836 -0.168793 0.892625 -1.75268 -0.823856 
0.83683 0.675557 -0.175063 -1.96864 1.89009 -4.07959 
0.597936 0.552419 -0.209744 1.06587 -1.62525 -0.984634 
0.844319 0.506857 -0.403707 -1.55353 1.7361 1.67538 
0.59791 0.481816 -0.621116 2.07666 -1.52588 -1.97896 
0.590698 0.525268 -0.801795 -0.875739 1.64697 0.953692 
0.58424 0.611184 -1.04552 -0.759297 1.80823 0.783585 
-0.451805 0.282397 0.414438 -0.984811 -1.99527 0.549443 
-0.0297272 0.177951 0.0856 -0.769783 -1.43287 0.636259 
-0.458372 0.122904 0.350896 -1.03571 -1.81761 0.796402 
-0.035054 0.144002 0.0107388 -0.901339 -1.3067 0.825725 
-0.465285 0.0225305 0.226506 -1.16209 -1.67016 1.08103 
-0.0409977 0.125302 -0.0846435 -1.10027 -1.20227 1.08739 
-0.470791 -0.0148429 0.0408128 1.78971 1.59014 4.55325 
-0.0477223 0.149026 -0.356791 -1.65851 -1.17727 1.79612 
-0.47079 0.105107 -0.544539 1.37758 1.67589 -1.00625 
-0.0457431 0.19666 -0.539663 1.21163 1.27223 -0.990476 
-0.465266 0.330215 -1.08292 1.25536 1.8529 -0.601748 
-0.0408006 0.277072 -0.768451 0.996738 1.42991 -0.6846 
-0.0350029 0.417653 -1.09298 0.861878 1.6423 -0.424194 
-0.29206 0.199657 0.522942 -0.826215 -1.88591 0.430455 
0.0494773 0.174183 0.0941048 -0.654476 -1.34973 0.509228 
-0.299761 0.0239677 0.46026 -0.903038 -1.65099 0.67814 
0.0440455 0.137024 0.0219496 -0.795789 -1.19252 0.703703 
-0.719112 -0.00779216 0.473356 -1.22505 -1.89108 0.949968 
-0.308082 -0.0855241 0.334135 -1.07487 -1.45171 0.987361 
0.0378823 0.115173 -0.0714451 -1.02574 -1.05312 0.993259 
-0.31485 -0.124877 0.145661 1.80949 1.34404 -1.77362 
-0.727809 -0.111092 -0.0926954 1.60852 1.75129 -1.36358 
-0.31741 -0.098711 -0.104028 1.52453 1.34944 -1.36292 
-0.725562 0.0475607 -0.597737 1.46206 1.83466 -0.927513 
-0.314864 -0.00687471 -0.428731 1.26262 1.4576 -0.96294 
0.0325149 0.183942 -0.525852 1.12049 1.12444 -0.929187 
-0.308074 0.188804 -0.906916 1.07259 1.67897 -0.575598 
0.0379023 0.266351 -0.757749 0.875051 1.31741 -0.600738 
0.0440492 0.410632 -1.08764 0.726035 1.57191 -0.342126 
-0.110767 0.152215 0.587065 -0.607924 -1.78977 0.27588 
0.131498 0.181487 0.0916009 -0.48886 -1.28268 0.334548 
-0.466413 0.0826055 0.794062 -0.930855 -1.9425 0.40552 
-0.117721 -0.037841 0.527964 -0.692067 -1.48242 0.495648 
0.12684 0.140183 0.0243016 -0.616093 -1.08336 0.508892 
-0.885478 -0.06946 0.779487 -1.27316 -1.99947 0.74093 
-0.478301 -0.258109 0.69988 -1.02448 -1.57917 0.843477 
-0.126461 -0.157669 0.404138 -0.897993 -1.19666 0.811524 
0.121238 0.113196 -0.0644644 -0.858079 -0.882168 0.805426 
-0.135671 -0.201379 0.215388 1.87548 1.03001 -1.86149 
0.115155 0.108413 -0.183506 -1.28279 -0.764233 1.29449 
-0.897793 -0.334595 0.0907851 1.62465 1.78387 -1.32129 
-0.492578 -0.342834 0.0967885 1.52511 1.3909 -1.32063 
0.112067 0.130654 -0.336349 -1.77416 -0.801645 1.85904 
-0.894774 -0.0897601 -0.588969 1.48929 1.87813 -0.811379 
-0.488532 -0.179432 -0.387834 1.24415 1.53338 -0.852199 
-0.134843 -0.0783161 -0.362906 1.06936 1.19992 -0.841561 
0.115162 0.179703 -0.52382 0.950919 0.952902 -0.795055 
-0.478302 0.301271 -1.38623 1.1227 1.89473 -0.272392 
-0.126435 0.112407 -0.824949 0.817884 1.50489 -0.45173 
0.121244 0.267577 -0.764743 0.674772 1.20923 -0.447255 
0.126924 0.424136 -1.11395 0.536199 1.52773 -0.214362 
0.0849761 0.150264 0.597902 -0.334715 -1.73637 0.0787513 
0.215844 0.202153 0.0740755 -0.271112 -1.25228 0.109069 
-0.130946 -0.0318831 0.923737 -0.519149 -1.79217 0.192722 
0.0814338 -0.0475716 0.54581 -0.379848 -1.36801 0.21521 
0.213961 0.157519 0.0122505 -0.334471 -1.01675 0.211813 
-0.139132 -0.430026 0.830508 -0.635701 -1.19837 0.533681 
0.0774772 -0.17876 0.430755 -0.51673 -0.962582 0.430172 
0.212108 0.123866 -0.0678982 -0.474366 -0.727034 0.397901 
-0.150676 -0.554981 0.571787 -1.11691 -0.808934 1.1369 
0.070302 -0.232392 0.246721 -0.988571 -0.615231 0.972859 
0.207435 0.110914 -0.180224 -0.981878 -0.454805 0.960727 
0.0601708 -0.20155 -0.013631 1.28642 0.662065 -1.21594 
0.199314 0.133998 -0.340049 -1.93536 -0.530141 1.98727 
-0.509584 -0.396401 -0.367856 1.0292 1.47691 -0.610184 
-0.150694 -0.308457 -0.295586 0.788292 1.16058 -0.562859 
0.0703022 -0.104879 -0.345116 0.651338 0.919246 -0.513581 
0.207435 0.185932 -0.537378 0.554619 0.766519 -0.44902 
-0.1391 0.104352 -1.14185 0.594039 1.725 -0.168257 
0.0775047 0.0966794 -0.817723 0.425528 1.38244 -0.201164 
0.212107 0.286289 -0.796868 0.339821 1.14642 -0.176432 
0.213957 0.468589 -1.18794 0.283039 1.5417 -0.0394294 
0.278453 0.19562 0.549888 -0.0411865 -1.743 -0.137819 
0.299678 0.237512 0.037924 -0.0303953 -1.27257 -0.139694 
0.246444 -0.00342508 0.905457 -0.0453913 -1.76497 -0.102428 
0.280075 0.00326339 0.503563 -0.0231588 -1.36916 -0.114655 
0.301181 0.192705 -0.0214546 -0.0104131 -1.03329 -0.130004 
0.251479 -0.404555 0.821968 0.000289252 -1.08179 -0.0873856 
0.284448 -0.130171 0.396055 0.0326931 -0.930744 -0.127128 
0.305001 0.15747 -0.097771 0.0639028 -0.725778 -0.168102 
0.198009 -0.994531 0.876326 0.0189725 -0.256384 -0.0568841 
0.258451 -0.548034 0.574228 0.154342 -0.405695 -0.202595 
0.290271 -0.19408 0.221382 0.226551 -0.412663 -0.280394 
0.309906 0.138757 -0.204176 0.341697 -0.328949 -0.404225 
0.160826 -0.808796 0.350274 0.489392 0.50991 -0.435136 
0.233129 -0.494369 0.197751 0.502309 0.335527 -0.478473 
0.271189 -0.175284 -0.0359134 0.526154 0.243028 -0.513297 
0.294606 0.153811 -0.36216 0.444203 0.229821 -0.433979 
0.197872 -0.473157 -0.336463 -0.00467289 1.18404 0.0401857 
0.258344 -0.298744 -0.310323 -0.0727794 0.985449 0.100859 
0.290246 -0.065361 -0.388783 -0.122197 0.833848 0.154703 
0.309906 0.220021 -0.583963 -0.160504 0.746921 0.197961 
0.25148 0.142868 -1.20196 -0.00025795 1.72347 0.0872597 
0.284306 0.153762 -0.890843 -0.0265176 1.40173 0.111991 
0.304991 0.334845 -0.866916 -0.0455905 1.19746 0.137052 
0.301197 0.566692 -1.34592 0.00895963 1.64125 0.135965 
0.453567 0.280778 0.445604 0.234434 -1.79364 -0.342525 
0.379909 0.286076 -0.0198961 0.198752 -1.3303 -0.377263 
0.565295 0.148541 0.74335 0.35689 -1.84778 -0.357219 
0.457947 0.101928 0.401863 0.283016 -1.45369 -0.400471 
0.383012 0.243118 -0.0787958 0.265126 -1.10778 -0.424721 
0.573938 -0.20079 0.673919 0.451616 -1.28142 -0.52854 
0.463695 -0.025322 0.300081 0.40641 -1.05845 -0.516557 
0.387086 0.208712 -0.152973 0.405547 -0.827315 -0.537076 
0.755173 -0.632096 0.723203 0.961518 -0.882459 -1.08395 
0.583289 -0.357871 0.451771 0.843622 -0.749355 -0.935594 
0.470025 -0.090586 0.131281 0.788876 -0.630185 -0.874547 
0.39161 0.190388 -0.260825 0.831944 -0.497067 -0.92403 
0.755182 -0.27554 -0.457031 -0.71165 1.32368 0.553291 
0.583385 -0.150797 -0.428673 -0.600616 1.11952 0.537174 
0.470018 0.0369993 -0.491979 -0.53506 0.96165 0.518579 
0.391608 0.279145 -0.657682 -0.48382 0.860114 0.486772 
0.463695 0.292858 -1.06861 -0.352149 1.52533 0.325336 
0.387112 0.410821 -0.972213 -0.306314 1.30313 0.337728 
0.602947 0.394905 0.289905 0.482047 -1.86324 -0.528396 
0.454908 0.345889 -0.0968142 0.408973 -1.41327 -0.595155 
0.793933 0.352126 0.475934 0.675645 -1.94227 -0.561494 
0.608935 0.234484 0.246982 0.546163 -1.57459 -0.639813 
0.459328 0.306276 -0.157848 0.506837 -1.21535 -0.683709 
1.02168 0.149801 0.571624 0.885229 -1.80661 -0.743401 
0.802637 0.0686916 0.417919 0.755247 -1.51511 -0.791181 
0.615339 0.117217 0.149811 0.688456 -1.23553 -0.805057 
0.463649 0.274097 -0.234345 0.6787 -0.964716 -0.834929 
1.03335 0.117107 -0.814637 -1.06782 1.56497 0.769206 
0.811449 0.107701 -0.680174 -0.936493 1.34747 0.777922 
0.621472 0.191311 -0.659835 -0.833632 1.15428 0.752472 
0.467565 0.35606 -0.753198 -0.743332 1.00488 0.698237 
0.46365 0.514697 -1.11736 -0.548257 1.42999 0.489815 
0.725255 0.531857 0.0858845 0.69268 -1.94291 -0.702201 
0.523485 0.417496 -0.195042 0.594296 -1.51629 -0.790527 
0.73245 0.392881 0.0384101 0.778208 -1.72374 -0.852342 
0.52964 0.384715 -0.263642 0.724215 -1.36374 -0.919505 
0.741124 0.298111 -0.0690651 0.949584 -1.497 -1.0652 
0.536843 0.363608 -0.353412 0.937979 -1.20433 -1.12382 
1.1767 0.391917 -0.652216 -1.64953 1.85762 1.29915 
0.969539 0.302359 -0.537921 -1.59174 1.65845 1.33446 
0.550194 0.416801 -0.685283 1.66113 -1.25367 4.42952 
0.536838 0.728873 -1.4462 -0.856397 1.65736 0.570186 
0.584264 0.498687 -0.31078 0.734388 -1.62681 -0.952388 
0.590734 0.474659 -0.389146 0.873503 -1.52364 -1.09994 
1.06376 0.654431 -0.688373 -1.85243 1.91258 1.55934 
0.603833 0.661895 -1.17516 -1.3036 1.61237 0.932639 
-0.446136 0.135919 0.357026 -0.828766 -1.91335 0.689978 
-0.0252133 0.138747 -0.165882 -0.725736 -1.25773 0.752926 
-0.451919 0.0321631 0.244152 -0.880085 -1.74201 0.901584 
-0.0298414 0.14532 -0.280829 -0.851949 -1.15583 0.935107 
-0.458294 -0.0143181 0.0765442 -0.987014 -1.59676 1.14774 
-0.03505 0.168322 -0.419657 2.10361 1.07429 -1.95528 
-0.885032 0.14475 -0.105609 2.01117 1.96766 -1.68939 
-0.465288 -0.00151356 -0.152415 1.9862 1.50687 -1.6917 
-0.470791 0.0778231 -0.46364 1.77942 1.5016 4.95565 
-0.472875 0.266519 -0.942202 1.58493 1.58846 -0.894986 
-0.047716 0.490763 -1.25352 1.2847 1.28367 -0.7664 
-0.28558 0.0439083 0.461189 -0.699557 -1.78866 0.542596 
0.0540212 0.135319 -0.157904 -0.62008 -1.17132 0.598654 
-0.292067 -0.0686197 0.347422 -0.774243 -1.57407 0.751692 
0.0494743 0.13938 -0.270363 -0.757527 -1.0438 0.786516 
-0.710548 -0.0575457 0.430572 -1.01253 -1.89575 0.988545 
-0.299744 -0.119245 0.17938 -0.920364 -1.3888 1.01296 
0.044047 0.159637 -0.406481 -0.973449 -0.932265 1.06262 
-0.308078 -0.109034 -0.0473464 1.98844 1.27108 -1.78304 
-0.725556 -0.0898748 -0.190002 1.83838 1.66964 -1.38522 
-0.31485 -0.033419 -0.349355 -1.44099 -1.26901 -4.50411 
-0.31741 0.132861 -0.781967 1.43265 1.39125 -0.909238 
0.0302933 0.462566 -1.21097 1.15669 1.16173 -0.736036 
-0.104393 -0.00888827 0.520722 -0.518799 -1.67657 0.351546 
0.135363 0.143324 -0.161692 -0.465838 -1.10043 0.393662 
-0.455942 -0.0283094 0.779062 -0.784048 -1.96145 0.471612 
-0.110423 -0.129252 0.408828 -0.600316 -1.40847 0.535213 
0.131504 0.144142 -0.27001 -0.5923 -0.93837 0.562851 
-0.466478 -0.304265 0.64589 -0.844619 -1.59962 0.82694 
-0.117723 -0.185497 0.243254 -0.767058 -1.15765 0.791897 
0.12692 0.159987 -0.401113 -0.817674 -0.774586 0.840138 
-0.478129 -0.386129 0.38171 2.07569 1.35204 -1.91064 
0.121235 0.198274 -0.56839 -1.23718 -0.66681 1.32676 
-0.894773 -0.346267 0.127147 1.86219 1.69902 4.85703 
-0.488533 -0.319321 0.00370602 1.75331 1.29587 -1.42566 
-0.134843 -0.107269 -0.277055 -1.525 -0.958153 -4.53455 
-0.492577 -0.118911 -0.528458 1.45808 1.4231 -0.915082 
-0.13871 0.0523694 -0.694084 1.22694 1.14666 -0.854546 
0.112059 0.45265 -1.1966 0.971165 1.02069 -0.652919 
0.0885965 -0.0116032 0.529301 -0.291072 -1.61119 0.113096 
0.217849 0.16471 -0.18058 -0.263605 -1.06402 0.13749 
-0.123652 -0.153993 0.900724 -0.448897 -1.7935 0.222992 
0.0851095 -0.136896 0.421977 -0.343037 -1.29873 0.231445 
0.21584 0.163066 -0.285181 -0.338737 -0.871637 0.245227 
-0.130862 -0.461412 0.761766 -0.530142 -1.27636 0.48602 
0.0814354 -0.199962 0.262879 -0.456308 -0.968815 0.406074 
0.213961 0.174431 -0.409868 -0.484145 -0.643181 0.429279 
-0.491731 -0.821115 0.830823 -0.926751 -1.16788 1.09521 
-0.139099 -0.541167 0.489947 -0.820352 -0.85752 0.883495 
0.0774795 -0.203952 0.0488481 -0.757157 -0.631367 0.767889 
0.212106 0.205136 -0.567701 -0.908862 -0.395073 0.901225 
0.207434 0.27633 -0.793492 -2.00469 -0.413968 2.06864 
-0.522435 -0.41997 -0.309238 1.32731 1.30712 -0.80931 
-0.163093 -0.251193 -0.420542 1.07424 1.03097 -0.75902 
0.0601685 0.0210509 -0.661633 0.884472 0.866272 -0.668734 
0.199322 0.459386 -1.20657 0.667815 0.867692 -0.471592 
0.278251 0.0391624 0.483347 -0.0433252 -1.61564 -0.146173 
0.299351 0.200677 -0.217671 -0.0381419 -1.0757 -0.144877 
0.24468 -0.122989 0.880884 -0.0598984 -1.75662 -0.113401 
0.278371 -0.0861718 0.381278 -0.042238 -1.29295 -0.11913 
0.29969 0.198601 -0.320803 -0.0378356 -0.87515 -0.124369 
0.246286 -0.433882 0.75055 -0.0483092 -1.18022 -0.0752105 
0.280047 -0.152513 0.228211 -0.0281598 -0.93814 -0.102624 
0.301186 0.209131 -0.443572 -0.0151905 -0.627622 -0.123052 
0.189609 -0.968641 0.894801 -0.0861028 -0.593548 0.0225149 
0.251469 -0.524966 0.487652 0.000396071 -0.627033 -0.0875531 
0.284483 -0.162283 0.0207449 0.0524378 -0.523621 -0.153016 
0.304998 0.237895 -0.598363 0.140982 -0.307348 -0.254778 
0.198125 -0.825582 0.40018 -0.0914981 0.0510997 0.0528679 
0.258444 -0.462056 0.114202 1.14779 -0.0665672 -1.20757 
0.290286 -0.107649 -0.263253 -1.62799 0.0904383 -4.72729 
0.16082 -0.515093 -0.260558 0.324887 0.802346 -0.229969 
0.233119 -0.256939 -0.416154 0.252136 0.688794 -0.196339 
0.271195 0.0483294 -0.689464 0.200946 0.650872 -0.160728 
0.294609 0.500384 -1.26781 0.140139 0.772339 -0.100636 
0.450433 0.13301 0.382561 0.19163 -1.67404 -0.390647 
0.377633 0.251152 -0.275954 0.178363 -1.12994 -0.419799 
0.559023 0.0452869 0.722431 0.289678 -1.85363 -0.408623 
0.453611 0.0146364 0.284962 0.232978 -1.3781 -0.440718 
0.379897 0.250185 -0.378371 0.238635 -0.944945 -0.47087 
0.565496 -0.236908 0.610273 0.350891 -1.36013 -0.535397 
0.457948 -0.0505174 0.136478 0.324601 -1.05439 -0.531142 
0.383012 0.26385 -0.506763 0.363695 -0.719542 -0.582853 
0.740766 -0.606373 0.7372 0.634591 -1.06959 -0.867905 
0.573956 -0.34458 0.369618 0.569306 -0.888233 -0.774689 
0.463696 -0.0620264 -0.0682918 0.565729 -0.698039 -0.761336 
0.387113 0.295927 -0.667228 0.714491 -0.459659 -0.914987 
0.470019 -0.00867939 -0.355411 1.41915 -0.436734 4.68764 
0.597899 0.259925 0.231669 0.397949 -1.76086 -0.606306 
0.451048 0.315085 -0.355446 0.369334 -1.2141 -0.67016 
0.78597 0.268776 0.459223 0.565341 -1.97021 -0.633578 
0.602932 0.152641 0.135576 0.460899 -1.50895 -0.708781 
0.454913 0.319224 -0.466279 0.468849 -1.05369 -0.772616 
1.01018 0.175012 0.562834 0.75707 -1.97525 -0.750015 
0.793649 0.0334626 0.361223 0.622167 -1.59473 -0.827085 
0.608934 0.0930596 -0.0116523 0.582476 -1.23522 -0.855734 
0.459329 0.33715 -0.599882 0.638907 -0.867556 -0.940527 
0.802533 -0.0751412 0.142464 0.817825 -1.21663 -1.09319 
0.615339 0.0835743 -0.217439 -2.30641 0.942772 2.02514 
0.824904 0.190529 -0.84884 -1.34875 1.29336 0.881359 
0.635734 0.38976 -1.10642 1.94801 -1.1708 -2.3648 
0.719426 0.41065 0.0325647 0.566119 -1.8534 -0.797902 
0.518379 0.390762 -0.45562 0.524946 -1.31653 -0.888745 
0.725283 0.318313 -0.0669537 0.639681 -1.6535 -0.933755 
0.523485 0.404899 -0.581202 0.646219 -1.19024 -1.02687 
0.732559 0.273061 -0.223728 0.774286 -1.44941 -1.1189 
0.52964 0.436143 -0.73609 0.836761 -1.06191 -1.23477 
1.17494 0.364193 -0.582225 1.22067 -1.69453 -1.74601 
0.817604 0.585019 -0.218955 0.682232 -1.93444 -0.977125 
0.57894 0.483893 -0.585033 0.639089 -1.42028 -1.07325 
0.584242 0.508457 -0.727847 0.760938 -1.32635 -1.22973 
1.05269 0.669609 -0.468009 -2.23628 1.95307 1.84018 
1.24814 0.980561 -1.078 -2.16361 1.97416 1.43966 
1.05909 0.654382 -0.764336 -2.11381 1.8088 1.53503 
-0.441236 0.038284 0.251074 -0.712407 -1.78843 0.803351 
-0.0213069 0.214963 -0.55369 -0.738351 -1.04186 0.893443 
-0.446194 -0.0107802 0.0913998 -0.768977 -1.62354 0.990161 
-0.0252166 0.276105 -0.742302 -0.888343 -0.950235 1.10702 
-0.451779 -0.00567516 -0.121637 -0.866745 -1.48022 1.21057 
-0.878974 0.140535 -0.18609 2.20801 1.88346 -1.66192 
-0.458372 0.0583218 -0.404284 2.12478 1.37482 -1.64929 
-0.465283 0.211229 -0.81886 -1.22015 -1.33473 -4.4081 
-0.280096 -0.0572902 0.350147 -0.607773 -1.65548 0.629919 
0.0578983 0.211167 -0.544927 -0.638997 -0.95068 0.71463 
-0.285582 -0.110026 0.189982 -0.684888 -1.45935 0.813107 
0.0540057 0.268954 -0.728735 -0.804774 -0.836779 0.935949 
-0.702273 -0.0973125 0.374151 -0.847414 -1.86037 1.02677 
-0.292062 -0.107239 -0.0205964 -0.81576 -1.28723 1.04388 
0.0494161 0.366002 -0.978866 -1.07069 -0.742504 1.27528 
-0.710534 -0.143738 0.101289 2.20213 1.66015 -1.80249 
-0.299811 -0.049476 -0.292133 -1.02261 -1.15931 1.3586 
-1.08004 0.082066 -0.236393 2.12931 1.95225 4.84938 
-0.308097 0.0874839 -0.674713 -1.3147 -1.12616 -4.4879 
-0.725609 0.212036 -0.974226 1.85373 1.53648 -0.920902 
-0.0992563 -0.111294 0.40513 -0.45518 -1.53644 0.408023 
0.138626 0.219695 -0.550033 -0.486103 -0.87286 0.477593 
-0.447368 -0.127307 0.750048 -0.661995 -1.92934 0.534924 
-0.104319 -0.167663 0.246347 -0.537074 -1.3005 0.569023 
0.13534 0.274192 -0.72906 -0.647311 -0.725664 0.68376 
-0.455947 -0.338072 0.57807 -0.711547 -1.58294 0.824078 
-0.110347 -0.168098 0.0390866 -0.684054 -1.08001 0.792323 
0.131536 0.3674 -0.974222 -0.951557 -0.585313 1.04779 
-0.873253 -0.35221 0.576801 -0.910309 -1.82855 1.16825 
-0.466408 -0.376962 0.29258 -0.881139 -1.32004 1.15165 
-0.117732 -0.114327 -0.226057 -0.952467 -0.894733 1.14405 
-0.488532 -0.0493597 -0.686663 1.62218 1.24599 -0.98836 
-0.134856 0.338016 -1.29056 1.24309 1.0417 -0.720811 
0.0916894 -0.113788 0.41187 -0.257934 -1.46661 0.137429 
0.219738 0.242764 -0.573013 -0.279259 -0.826987 0.181655 
-0.11734 -0.259474 0.86388 -0.385954 -1.75071 0.249531 
0.0885928 -0.173656 0.25662 -0.313288 -1.19554 0.243387 
0.217853 0.296402 -0.751323 -0.387636 -0.646569 0.322236 
-0.123632 -0.482978 0.68236 -0.454941 -1.29877 0.459811 
0.0851063 -0.178659 0.054361 -0.420161 -0.917774 0.400822 
0.215856 0.38486 -0.98884 -0.638517 -0.439458 0.613574 
-0.476026 -0.804554 0.840515 -0.723857 -1.26452 0.935668 
-0.130867 -0.514468 0.390338 -0.652831 -0.921352 0.750509 
0.0814202 -0.131624 -0.202703 -0.666025 -0.628598 0.700968 
-0.151075 -0.193275 -0.552816 1.20795 0.769817 -0.903276 
0.0702918 0.264372 -1.17824 0.805357 0.732462 -0.578006 
0.278305 -0.0622745 0.367834 -0.0412117 -1.46861 -0.153132 
0.299413 0.281522 -0.616514 -0.0442048 -0.827747 -0.146844 
0.244684 -0.22614 0.842979 -0.0593108 -1.71128 -0.122709 
0.278165 -0.124257 0.217042 -0.0467334 -1.18626 -0.126628 
0.299338 0.336927 -0.798049 -0.0565143 -0.632001 -0.1175 
0.244636 -0.454791 0.669434 -0.0628546 -1.21434 -0.0803343 
0.278429 -0.132909 0.0191997 -0.0524799 -0.884567 -0.0974686 
0.299703 0.436488 -1.05614 -0.0786384 -0.37842 -0.0755301 
0.183757 -0.939884 0.900147 -0.11515 -0.830521 0.0324524 
0.246279 -0.495507 0.384812 -0.0653367 -0.753482 -0.0459208 
0.280041 -0.0899426 -0.234069 -0.0442851 -0.538598 -0.0812581 
0.189689 -0.820648 0.42798 -0.177915 -0.27678 0.122159 
0.25145 -0.410034 0.0025418 7.64803e-05 -0.256448 -0.087277 
0.284499 0.0184617 -0.578052 0.245931 -0.108262 -0.35216 
0.198126 -0.545554 -0.192421 -0.0127921 0.363508 -0.0265649 
0.258455 -0.194089 -0.543814 -0.169718 0.367525 0.0979685 
0.290287 0.309103 -1.22874 -0.173554 0.550167 0.0760543 
0.448077 0.035219 0.272089 0.162705 -1.53042 -0.426046 
0.37594 0.338521 -0.687495 0.180221 -0.871414 -0.467726 
0.554429 -0.0476272 0.690108 0.238522 -1.81673 -0.449444 
0.450435 -0.0252345 0.125186 0.199925 -1.26614 -0.471352 
0.377633 0.402542 -0.884144 0.256947 -0.683228 -0.544039 
0.559139 -0.266115 0.536763 0.283363 -1.376 -0.548004 
0.453611 -0.0346068 -0.0708377 0.275291 -0.985645 -0.550066 
0.37991 0.522556 -1.17838 0.460065 -0.444914 -0.749779 
0.727708 -0.583163 0.739839 0.459962 -1.22263 -0.773954 
0.5655 -0.325541 0.270801 0.422023 -0.962473 -0.710181 
0.45795 0.00835782 -0.326868 0.457406 -0.678781 -0.732295 
0.74076 -0.569746 0.313466 0.832981 -0.779077 -1.19197 
0.573953 -0.258906 -0.103784 -2.29028 0.589522 1.99158 
0.58336 -0.0452937 -0.671274 1.97618 -0.586892 3.9895 
0.593863 0.168072 0.126901 0.336563 -1.62364 -0.664136 
0.447891 0.413445 -0.786678 0.370433 -0.945889 -0.757554 
0.779546 0.190708 0.433632 0.46999 -1.94585 -0.693899 
0.597897 0.11321 -0.0195212 0.396971 -1.39326 -0.759463 
0.451045 0.491803 -1.00854 0.500283 -0.779422 -0.906144 
0.785758 0.00121201 0.296786 0.516321 -1.59988 -0.858704 
0.602932 0.107984 -0.219376 0.506872 -1.1541 -0.899159 
0.454916 0.758964 -1.56614 0.901139 -0.522723 -1.3575 
1.01023 -0.103869 0.388223 0.684736 -1.63181 -1.05611 
0.793581 -0.0634977 0.0467452 0.657767 -1.26297 -1.07411 
0.811449 0.248123 -0.998778 -1.47807 0.908978 0.93509 
0.714778 0.327701 -0.0681834 0.473842 -1.721 -0.871199 
0.514315 0.513515 -0.928601 0.519447 -1.03168 -1.01233 
0.719464 0.283395 -0.220163 0.541677 -1.52902 -0.998187 
0.518427 0.64252 -1.24058 0.686139 -0.873583 -1.22819 
0.940422 0.300859 -0.0450265 0.669642 -1.78412 -1.09787 
0.725295 0.291228 -0.436439 0.658208 -1.336 -1.17313 
1.15779 0.362308 -0.133059 -2.32289 1.87572 1.85511 
0.813249 0.514254 -0.320944 0.568039 -1.80118 -1.06012 
0.574584 0.652877 -1.14012 0.627936 -1.10407 -1.24011 
0.81765 0.487738 -0.49033 0.631988 -1.64116 -1.20684 
1.04656 0.647054 -0.524253 -2.40798 1.88879 1.8013 
1.05261 0.67103 -0.872619 -2.31481 1.68956 1.52444 
0.829654 0.706149 -1.24908 -2.22315 1.31051 -4.88432 
-0.436937 -0.00872349 0.0988653 -0.631647 -1.63989 0.890377 
-0.01782 0.621782 -1.48121 -1.00084 -0.690449 1.31491 
-0.441309 -0.00602141 -0.108212 -0.695896 -1.47912 1.06397 
-0.868441 0.151872 0.0203813 -0.765055 -1.98155 1.23526 
-0.44613 0.0518105 -0.378163 -0.795725 -1.33272 1.27741 
-0.87336 0.147627 -0.283642 -0.792502 -1.78497 1.4986 
-0.45181 0.185794 -0.756958 2.19203 1.2043 -1.57264 
-1.18642 0.620564 -0.909691 2.39966 1.94866 -1.25464 
-0.275383 -0.103922 0.193682 -0.545448 -1.50545 0.69547 
0.0612646 0.581856 -1.40749 -0.902506 -0.596825 1.09243 
-0.280098 -0.102959 -0.0114935 -0.627463 -1.32186 0.865496 
-0.695229 -0.125895 0.305243 -0.724069 -1.79888 1.0585 
-0.28558 -0.04901 -0.272812 -0.757385 -1.15562 1.08686 
-0.702272 -0.134921 0.00441708 -0.801523 -1.58164 1.32828 
-0.292076 0.0706486 -0.623202 -0.965089 -1.01658 1.40458 
-0.71053 -0.0189723 -0.430407 2.19181 1.41941 -1.47345 
-0.299744 0.375066 -1.28475 1.80588 0.93537 -1.17493 
-1.08004 1.01455 -2.19482 2.20033 1.34107 -0.593568 
-0.0949864 -0.156496 0.244867 -0.412552 -1.3861 0.449389 
0.141418 0.624913 -1.47525 -0.787517 -0.470885 0.859834 
-0.440319 -0.209718 0.707137 -0.56485 -1.867 0.585324 
-0.099256 -0.15746 0.0419507 -0.497147 -1.17121 0.599102 
-0.447368 -0.359501 0.499014 -0.613711 -1.53834 0.824725 
-0.10429 -0.106691 -0.213587 -0.641901 -0.967458 0.812709 
-0.862046 -0.349147 0.586108 -0.765252 -1.84832 1.12023 
-0.456145 -0.357725 0.189598 -0.750479 -1.2773 1.09801 
-0.110348 0.00448992 -0.548418 -0.907436 -0.78573 1.16072 
-0.873256 -0.363921 0.18238 -0.868906 -1.5706 1.48553 
-0.466549 -0.239096 -0.228904 2.13991 1.09196 -1.65805 
-0.885503 -0.162053 -0.427725 2.06794 1.42413 5.07985 
0.0943163 -0.158421 0.250155 -0.235293 -1.31586 0.154306 
-0.112018 -0.343474 0.813089 -0.334035 -1.68553 0.268168 
0.0916852 -0.162068 0.0502442 -0.293129 -1.0717 0.253475 
-0.117332 -0.493808 0.594169 -0.396523 -1.28334 0.440327 
0.0885941 -0.114972 -0.200689 -0.402525 -0.821202 0.407549 
-0.462673 -0.789944 0.844163 -0.591994 -1.34311 0.834892 
-0.123632 -0.481968 0.279019 -0.549598 -0.944555 0.67377 
0.0851139 -0.00989605 -0.526788 -0.656691 -0.559604 0.714307 
-0.47613 -0.715965 0.394853 -0.842612 -1.00984 1.21383 
-0.130853 -0.359863 -0.131774 -0.913541 -0.657609 1.1156 
0.0814355 0.212978 -1.04493 1.62887 0.372325 -1.49818 
-0.491738 -0.47248 -0.202382 1.81066 0.858892 -1.31524 
0.27868 -0.107969 0.207734 -0.0386818 -1.31576 -0.159421 
0.245227 -0.308706 0.791768 -0.054305 -1.64745 -0.131046 
0.278382 -0.114258 0.0108908 -0.0469663 -1.06005 -0.134402 
0.24465 -0.465256 0.580002 -0.0627433 -1.21003 -0.0921735 
0.278163 -0.0699869 -0.238045 -0.0612353 -0.785965 -0.100872 
0.182706 -0.916321 0.900021 -0.110522 -0.989512 0.0108563 
0.244632 -0.461628 0.271071 -0.0813783 -0.810104 -0.0461171 
0.278364 0.0333596 -0.564612 -0.0898204 -0.467733 -0.0505707 
0.183836 -0.809024 0.440205 -0.177126 -0.50405 0.109477 
0.246234 -0.346988 -0.133705 -0.119719 -0.384536 0.0174832 
0.280071 0.265194 -1.10264 -0.734546 -0.0335982 0.614972 
0.18969 -0.553494 -0.152652 0.87009 0.0633061 -0.918221 
0.251474 -0.0964876 -0.728231 -3.14626 -0.160328 3.05899 
0.198125 0.0573985 -1.34066 -0.0058762 0.908773 -0.0348442 
0.446281 -0.0111587 0.116204 0.144064 -1.37592 -0.45283 
0.551007 -0.125765 0.645636 0.200447 -1.75672 -0.48036 
0.448077 -0.0179699 -0.0793221 0.1798 -1.13157 -0.496556 
0.710775 -0.207184 0.959197 0.311149 -1.95432 -0.539602 
0.554491 -0.285344 0.454172 0.236721 -1.35572 -0.560082 
0.450436 0.0267411 -0.331685 0.250234 -0.871058 -0.573774 
0.717909 -0.565719 0.738477 0.357679 -1.33199 -0.730119 
0.559135 -0.30098 0.160154 0.335784 -0.983403 -0.682725 
0.45362 0.136719 -0.674225 0.426829 -0.577071 -0.758891 
0.727717 -0.559929 0.323761 0.571717 -0.878838 -0.995685 
0.565531 -0.200965 -0.24242 0.614768 -0.622323 -0.979871 
0.590656 0.120676 -0.0223356 0.294651 -1.46798 -0.707347 
0.774495 0.122082 0.397161 0.394322 -1.89198 -0.740548 
0.593863 0.119837 -0.223834 0.355199 -1.24772 -0.799842 
0.779399 -0.0234994 0.223323 0.434968 -1.56287 -0.881388 
0.597901 0.171727 -0.49008 0.46376 -1.0176 -0.942511 
1.00069 -0.093828 0.388018 0.564835 -1.70268 -1.03739 
0.785745 -0.0471811 -0.060393 0.547107 -1.24894 -1.06552 
1.01022 -0.145201 0.0212954 0.710566 -1.31718 -1.3187 
0.710999 0.288234 -0.219324 0.411003 -1.56283 -0.92734 
0.929336 0.394621 0.0586691 0.524625 -1.98702 -0.958826 
0.714775 0.295364 -0.431206 0.478572 -1.36872 -1.05164 
0.93422 0.277092 -0.111038 0.558987 -1.72821 -1.12634 
0.719437 0.369276 -0.735756 0.595018 -1.16513 -1.23404 
1.1501 0.364916 -0.126069 -2.46757 1.89773 1.86777 
1.15779 0.346203 -0.515253 0.770909 -1.59481 -1.57371 
0.809615 0.486774 -0.480806 0.490011 -1.63621 -1.12584 
0.813239 0.516849 -0.726484 0.55469 -1.45862 -1.27372 
1.04186 1.73125 -2.54706 0.674692 -1.10621 4.41096 
1.23758 0.95036 -0.999269 -2.48445 1.87974 -4.75151 
1.04657 0.715605 -1.03246 0.689399 -1.55341 -1.6293 
-0.839677 1.13668 0.0967312 -2.00499 -1.71714 0.305132 
-0.31957 1.09095 0.261683 -1.50896 -1.5571 0.217736 
0.17065 1.16978 -0.00205587 -1.05388 -1.3631 0.34798 
-1.18987 0.980044 -0.300521 -2.30115 -1.99331 -5.5017 
-0.837905 0.756203 0.285705 -2.06595 -1.59864 0.618172 
-0.317359 0.803119 0.411565 -1.58109 -1.34249 0.511242 
0.172382 1.02845 0.082686 -1.15015 -1.13331 0.573799 
-0.311832 0.524109 0.497782 -1.72451 -1.18075 0.871604 
0.176703 0.896069 0.143637 -1.28405 -0.933165 0.832789 
-0.82316 0.060082 0.0736461 0.818599 1.81465 -1.49372 
-0.299271 0.0920344 0.468282 1.00686 1.16802 -1.51919 
-0.818512 0.0654089 -0.239774 0.808364 2.0055 -1.22158 
-0.294111 -0.0302133 0.36371 0.851984 1.28029 -1.23113 
-0.28954 -0.0896129 0.209203 0.746262 1.42482 -1.00504 
-0.285489 -0.0931535 0.00798371 0.678618 1.58335 -0.820756 
-1.08179 1.1453 0.0706225 -2.17179 -1.77717 0.290466 
-0.656981 1.07138 0.356407 -1.77521 -1.60012 0.140023 
-0.147805 1.07734 0.324866 -1.27241 -1.5208 0.161072 
0.244749 1.17715 -0.0229965 -0.91937 -1.30866 0.327658 
-1.08049 0.658933 0.290712 0.930591 1.72637 -2.50618 
-0.654765 0.627113 0.562726 -1.83519 -1.43996 0.51337 
-0.145333 0.778445 0.47815 -1.341 -1.26686 0.450071 
0.246344 1.03676 0.0616488 -1.01462 -1.06935 0.543965 
-0.139332 0.484186 0.565585 -1.51125 -1.04742 0.836568 
0.250681 0.905334 0.12116 -1.15667 -0.850436 0.806903 
0.255379 0.78627 0.158558 -1.37423 -0.691182 1.12545 
-0.633542 -0.205782 0.321325 0.846748 1.62454 -1.31991 
-0.125346 0.0317504 0.528732 -2.09882 -0.978305 1.75087 
-0.627028 -0.191655 0.000531374 0.785358 1.82778 -1.04143 
-0.119622 -0.0909838 0.418036 0.822873 1.10749 -1.05126 
-0.114668 -0.147545 0.258268 0.682527 1.27423 -0.807019 
-0.11038 -0.1473 0.0534908 0.595242 1.45385 -0.623122 
-0.893544 1.05777 0.478317 -1.92067 -1.5827 0.0326079 
-0.399065 1.05692 0.528322 -1.42599 -1.57298 -0.0141892 
0.0371034 1.07304 0.348068 -0.995359 -1.48891 0.125441 
0.318712 1.18762 -0.0525403 -0.7572 -1.24466 0.29426 
-0.891244 0.408168 0.742129 1.17139 1.49569 3.66576 
-0.395924 0.543016 0.75921 -1.48103 -1.30968 0.402322 
0.0397734 0.76869 0.502607 -1.05971 -1.18521 0.394757 
0.32011 1.04794 0.0328005 -0.848487 -0.988069 0.498658 
-0.884186 -0.149971 0.728947 1.03203 1.57206 4.30703 
0.0462355 0.468053 0.588989 -1.25418 -0.890629 0.789283 
0.324666 0.917774 0.0896632 -0.998895 -0.740848 0.766247 
-0.874518 -0.362413 0.450381 0.909511 1.76359 -1.47523 
-0.376895 -0.307641 0.721459 -2.10525 -1.18412 1.67509 
0.329195 0.801152 0.12376 -1.27091 -0.557578 1.13551 
-0.86505 -0.305243 -0.00852601 0.866919 2.00228 -1.10586 
-0.367106 -0.416011 0.476415 0.808967 1.38763 -1.04617 
0.0602071 0.0135086 0.54252 -2.12072 -0.763369 1.94306 
-0.358812 -0.377005 0.139527 0.695265 1.62688 -0.768736 
0.0657119 -0.105659 0.427077 0.724266 0.929346 -0.802186 
0.336107 0.606104 0.140715 1.09306 0.480754 -1.09239 
-0.351822 -0.229894 -0.300433 0.654377 1.88615 -0.5415 
0.0703425 -0.158505 0.263749 0.560312 1.13205 -0.553948 
0.338822 0.524931 0.129139 0.799338 0.547899 -0.747749 
0.074435 -0.154786 0.056255 0.466174 1.34288 -0.383583 
0.341224 0.45423 0.105268 0.602088 0.644267 -0.506418 
-0.530298 1.10777 0.730499 -1.42816 -1.60973 -0.264695 
-0.0604048 1.06261 0.608945 -0.954869 -1.62951 -0.0818879 
0.226155 1.0763 0.330276 -0.673113 -1.44195 0.102095 
0.393644 1.20109 -0.0904846 -0.546388 -1.17054 0.233523 
-0.0556136 0.501877 0.856238 -0.982291 -1.19433 0.300333 
0.229773 0.772013 0.484298 -0.719024 -1.0722 0.330111 
0.395741 1.0616 -0.00715591 -0.615524 -0.872526 0.416951 
-0.045084 -0.085185 0.930837 -1.42563 -0.763948 1.06633 
0.236444 0.476216 0.565257 -0.920028 -0.687142 0.699245 
0.40006 0.932972 0.0481956 -0.763792 -0.582294 0.677577 
-0.49435 -0.770863 0.680543 0.85917 1.45306 -1.03414 
-0.0346878 -0.428246 0.798726 0.964052 0.813735 -1.11745 
0.40349 0.820871 0.076455 -1.15034 -0.372816 1.14988 
-0.47976 -0.616888 0.17967 0.730162 1.74612 -0.710454 
-0.0257283 -0.513195 0.533711 0.622184 1.11489 -0.642947 
0.246869 0.0427833 0.506129 -2.29229 -0.545511 2.28955 
-0.0185297 -0.453791 0.185792 0.486891 1.4246 -0.399015 
0.250779 -0.0694848 0.388588 0.515531 0.781513 -0.444063 
0.408125 0.636242 0.0851347 0.811747 0.37753 -0.696813 
-0.0124676 -0.294582 -0.256476 0.431191 1.73525 -0.225988 
0.254007 -0.118805 0.223988 0.370789 1.03153 -0.236984 
0.410013 0.559635 0.0710853 0.532418 0.494359 -0.374835 
0.256833 -0.113458 0.0153349 0.296837 1.27241 -0.107735 
0.411682 0.493077 0.045337 -2.75934 -0.621852 2.95318 
0.310029 1.06102 0.584752 -0.382297 -1.6404 -0.0279622 
0.41063 1.08947 0.268506 -0.286862 -1.36649 0.0597187 
0.469767 1.22237 -0.143624 -0.250279 -1.09177 0.117266 
0.322375 0.501556 0.829876 -0.310245 -1.03105 0.173104 
0.419522 0.787869 0.420753 -0.219533 -0.904799 0.17726 
0.476842 1.07799 -0.057758 -0.180964 -0.715503 0.196029 
0.328034 -0.0514642 0.887546 -0.73857 -0.319676 0.749376 
0.422794 0.511958 0.488078 -0.324329 -0.432602 0.386456 
0.478972 0.953877 -0.00974456 -0.243502 -0.370996 0.34895 
0.145895 -0.907412 0.728649 0.381961 1.04865 -0.281325 
0.329084 -0.367179 0.750063 0.47023 0.461191 -0.372026 
0.422479 0.284806 0.482876 1.41928 0.139712 -1.2952 
0.478181 0.84895 0.0109874 2.22429 0.124123 -2.06571 
0.151273 -0.701601 0.211632 0.294966 1.47418 -0.106991 
0.330449 -0.450033 0.487644 0.240722 0.920017 -0.0740112 
0.422637 0.118776 0.417347 3.48371 -0.416731 -3.30748 
0.477881 0.757545 0.0176891 -2.53782 -0.182354 2.73908 
0.156467 -0.372855 -0.466109 0.274794 1.90522 0.0294483 
0.332356 -0.394563 0.141331 0.179808 1.30187 0.0461256 
0.423416 0.0149038 0.300438 0.191964 0.726425 0.0294425 
0.478175 0.67633 0.012915 0.290437 0.351205 -6.33576 
0.334059 -0.237368 -0.304359 0.155892 1.65924 0.128922 
0.42441 -0.0314186 0.137448 0.136659 1.0059 0.123407 
0.478717 0.604444 -0.00285718 0.187598 0.508545 6.36455 
0.425015 -0.0256724 -0.0699741 0.109268 1.26261 0.183949 
0.479296 0.54188 -0.0297088 -3.00555 -0.652918 3.30069 
0.714987 1.08616 0.686365 0.328843 -1.76202 0.0646937 
0.632669 1.06071 0.450628 0.241434 -1.51344 -0.0139711 
0.582701 1.12023 0.151399 0.198979 -1.27719 -0.0582848 
0.550028 1.25278 -0.220687 -2.95841 1.03945 3.04801 
0.648968 0.565242 0.656654 0.555284 -0.889962 -0.158163 
0.595898 0.836596 0.287545 0.536155 -0.795662 -0.202939 
0.561952 1.11059 -0.144244 0.585041 -0.652867 -0.30723 
0.719995 -0.485461 0.945648 -0.977718 0.443836 1.31915 
0.588351 0.586203 0.347216 -2.29478 0.354932 -3.65642 
0.555207 0.990424 -0.098975 0.875099 -0.312232 -0.572604 
0.706249 -0.622298 0.59415 -0.309733 0.951906 0.632866 
0.628523 -0.154305 0.577692 -0.43007 0.502246 0.769369 
0.69863 -0.494507 0.10135 -0.186918 1.41989 0.515531 
0.623046 -0.249884 0.336959 -0.181114 0.933861 0.530123 
0.577257 0.235325 0.276457 -3.39173 -0.509266 3.7436 
0.693211 -0.190753 -0.595848 -0.154201 1.89543 0.465003 
0.619927 -0.214638 0.00125415 -0.117106 1.31892 0.477764 
0.57505 0.140106 0.163141 -0.129911 0.800655 0.498867 
0.544832 0.728388 -0.078 -3.32348 -0.453554 3.68657 
0.617803 -0.0676084 -0.453746 -0.0942524 1.69173 0.458988 
0.573714 0.0962383 0.00335895 -0.0868865 1.06981 0.470461 
0.543842 0.660474 -0.0940159 -3.25557 -0.602449 3.63675 
0.572817 0.103429 -0.206826 -0.0669676 1.3236 0.461567 
0.54319 0.601342 -0.120965 -0.0812494 0.739271 -5.80586 
0.72669 0.917701 0.0991726 1.00928 -0.811451 -0.502786 
0.625654 1.1589 -0.254028 0.993177 -0.702318 -0.594605 
0.619709 1.04382 -0.210902 1.49246 -0.46542 -1.05628 
1.00144 -0.173844 0.278623 -0.621288 1.13976 1.17315 
0.711744 0.515861 0.14667 -0.905028 0.547994 1.41846 
0.991437 -0.113984 -0.185843 -0.447607 1.5531 0.926652 
0.830742 0.0252146 0.084581 -0.439326 1.11473 0.957123 
0.706331 0.383382 0.0859387 -0.520683 0.740728 1.0311 
0.825588 0.0496913 -0.246905 -0.327721 1.45759 0.81154 
0.702333 0.297315 -0.0237022 -3.48867 -0.972652 3.99363 
0.821834 0.212313 -0.753018 -0.287181 1.83321 0.707964 
0.699379 0.258831 -0.182734 -0.260397 1.20705 0.757278 
0.604497 0.728159 -0.20317 -3.45847 -0.750621 3.94683 
0.697142 0.270848 -0.399276 -0.212827 1.44339 0.697083 
0.602722 0.671732 -0.229338 2.89636 -0.866319 -2.40421 
1.17989 1.23464 -0.175429 -1.56955 1.5715 2.63 
1.00573 1.24907 -0.21152 -1.71992 1.48332 -3.6683 
0.841184 1.29365 -0.32104 1.2874 -1.38395 -0.57164 
0.694022 1.38386 -0.523713 1.19127 -1.26212 -0.650908 
0.997017 0.87998 0.00819756 1.52747 -1.04498 -0.78073 
0.683422 1.2242 -0.39097 1.30517 -0.835034 -0.808256 
0.678127 1.11374 -0.347548 -1.38637 0.696557 1.9353 
0.672658 1.02307 -0.327462 -0.994603 0.704889 -4.70909 
1.14655 0.384943 -0.738658 2.54665 -1.82823 -2.01957 
0.967769 0.391397 -0.647465 -0.469555 1.69377 1.02212 
0.802858 0.455218 -0.432651 2.75776 -1.3991 -2.17145 
0.799823 0.483736 -0.674739 -0.33009 1.61991 0.876052 
0.657561 0.753672 -0.356739 -0.36238 1.01887 -5.34192 
1.25786 1.69334 -1.15371 1.7724 -1.89356 -0.998195 
0.920577 1.47042 -0.708812 -1.54289 1.60072 -3.95042 
0.74328 1.48958 -0.748549 1.47856 -1.47047 -0.825127 
0.917639 1.2186 -0.509972 -1.36363 1.33203 -4.13383 
0.73938 1.33389 -0.608435 1.6616 -1.19785 -0.996133 
1.25076 0.961898 -0.756076 -0.946539 1.67224 -4.57363 
1.08673 0.928096 -0.487898 2.13905 -1.41187 -1.32647 
1.2434 0.965188 -1.18146 2.32691 -1.92774 -1.78466 
0.891342 0.710278 -0.591227 2.58647 -1.46297 -1.90116 
0.714587 0.963984 -0.474621 -0.630189 1.06201 1.30878 
-0.838005 1.04454 0.154628 -1.91671 -1.93356 0.211277 
-0.317031 0.863571 0.385742 -1.43371 -1.75428 0.180344 
0.172455 0.85754 0.162612 -0.979113 -1.48257 0.314721 
-0.839467 0.671533 0.308646 -1.95812 -1.81876 0.541738 
-0.31957 0.578041 0.485086 -1.51545 -1.54002 0.506823 
0.170649 0.725522 0.206994 -1.11009 -1.25221 0.562964 
-0.837902 0.350668 0.332113 1.11156 1.76494 4.08041 
-0.317348 0.31555 0.517599 1.47503 1.3629 -2.23996 
0.172461 0.602858 0.229597 -1.28923 -1.03657 0.869839 
-0.8337 0.13719 0.222434 -2.12074 -1.79614 1.32978 
-0.828324 0.0531213 -0.00940875 0.952093 1.90787 -1.47038 
-0.305315 -0.0255075 0.377274 -2.08225 -1.31174 1.69248 
0.181451 0.407651 0.21086 1.34173 0.815321 4.73503 
-0.299271 -0.0903927 0.222349 0.905456 1.41788 -1.15606 
-0.294069 -0.0962355 0.0202453 0.805283 1.55985 -0.926669 
0.188976 0.280571 0.127458 -2.23648 -0.885515 2.17058 
-0.289539 -0.0485743 -0.233598 0.746988 1.72156 -0.733202 
0.191929 0.237656 0.0670474 0.760896 0.967696 -0.770446 
-1.08044 1.17242 0.0548826 -2.10009 -1.97876 0.165582 
-0.654771 0.968371 0.417336 -1.72487 -1.82253 0.0505746 
-0.14528 0.842139 0.450863 -1.21305 -1.69835 0.12935 
0.246485 0.867887 0.140877 -0.85306 -1.41781 0.287006 
-1.08177 0.685895 0.281598 1.02865 1.91237 3.6491 
-0.656972 0.522635 0.589888 -1.75672 -1.66173 0.449786 
-0.147859 0.541206 0.554984 -1.29965 -1.43398 0.455264 
0.244742 0.736889 0.185611 -0.984246 -1.17378 0.526953 
-0.654766 0.122501 0.615775 1.27652 1.56648 -2.19343 
0.246499 0.615813 0.207672 -1.17026 -0.941557 0.832934 
-0.139314 0.0456259 0.545741 1.37132 1.0801 4.50253 
-0.641082 -0.212927 0.237795 0.977111 1.70057 -1.32214 
-0.63354 -0.163484 -0.118808 0.9038 1.88157 -1.01014 
-0.12541 -0.152668 0.275619 0.860317 1.23549 -0.9918 
0.259485 0.355986 0.147332 -2.09337 -0.71785 -4.24614 
-0.119622 -0.153867 0.0689395 0.727535 1.40415 -0.749 
0.262944 0.302233 0.0969083 -2.31917 -0.795449 2.32416 
-0.114667 -0.102517 -0.186549 0.647687 1.59045 -0.558933 
0.265972 0.261897 0.0344968 0.665827 0.896588 -0.60786 
-0.891252 1.09244 0.458774 -1.9049 -1.80476 -0.108706 
-0.395896 0.944264 0.593401 -1.40645 -1.79313 -0.0938478 
0.0397801 0.835922 0.473946 -0.945192 -1.64877 0.0886578 
0.320422 0.883251 0.109926 -0.696291 -1.35041 0.240304 
-0.893545 0.448031 0.731334 -1.89628 -1.70202 0.369855 
-0.399183 0.415797 0.792332 -1.43566 -1.52003 0.358921 
0.0371141 0.527468 0.580784 -1.03994 -1.32352 0.394993 
0.31864 0.752999 0.15532 -0.827159 -1.08493 0.46979 
-0.395902 -0.0795225 0.82123 1.50476 1.30297 -2.15819 
0.0397257 0.241993 0.61364 -1.25648 -1.01563 0.822073 
0.320462 0.633461 0.176787 -1.0189 -0.825579 0.774068 
-0.387459 -0.358605 0.669264 1.18702 1.28217 -1.53849 
0.324708 0.530575 0.173334 -1.34874 -0.620598 1.21284 
-0.874526 -0.306907 0.00469899 1.01179 1.98939 -1.14045 
-0.376892 -0.421197 0.39128 0.935221 1.43239 -1.08426 
-0.36709 -0.347191 0.0222031 0.795742 1.65736 -0.769767 
0.0602409 -0.168874 0.285812 0.748758 1.04673 -0.766396 
0.332985 0.383018 0.106926 0.926422 0.603435 -0.901791 
-0.358811 -0.161094 -0.469847 0.749955 1.92379 -0.50392 
0.0656503 -0.165801 0.0751369 0.592345 1.25703 -0.519867 
0.336113 0.332768 0.0536936 0.67638 0.715562 -0.594788 
0.070363 -0.110778 -0.183258 0.504348 1.47812 -0.344897 
0.338822 0.295516 -0.0109981 0.523468 0.843547 -0.393748 
-0.524829 1.15232 0.703469 -1.47442 -1.86277 -0.411316 
-0.0556929 0.949254 0.673376 -0.937104 -1.85478 -0.161149 
0.229779 0.84553 0.45277 -0.617221 -1.60301 0.0434012 
0.39561 0.905047 0.068989 -0.478455 -1.29023 0.152459 
-0.0606214 0.363511 0.891689 -0.976797 -1.39016 0.260208 
0.226161 0.53799 0.560827 -0.723432 -1.20537 0.305702 
0.393122 0.77409 0.115701 -0.612342 -0.985268 0.370274 
-0.0555941 -0.203523 0.92319 1.81842 0.923754 4.11226 
0.22976 0.255168 0.592488 -0.946807 -0.793152 0.706009 
0.395737 0.655052 0.136611 -0.791485 -0.670878 0.660623 
-0.510777 -0.777542 0.701206 1.05681 1.42014 -1.17519 
-0.0451256 -0.486066 0.748593 -1.99969 -0.853134 1.87412 
0.400132 0.555551 0.128805 -1.22808 -0.415593 1.20194 
-0.494286 -0.626986 0.196979 0.858366 1.67723 -0.777496 
-0.0345309 -0.520813 0.449486 0.728982 1.11108 -0.714576 
0.242273 -0.083527 0.420816 0.846848 0.62788 -0.835127 
0.403504 0.478451 0.0976988 1.14034 0.374808 -1.08569 
-0.479752 -0.319387 -0.480876 0.81105 2.0071 -0.445903 
-0.0257729 -0.425021 0.0696299 0.55709 1.42838 -0.425201 
0.246902 -0.1348 0.250437 0.526517 0.886292 -0.432916 
0.406021 0.418785 0.0524626 0.659219 0.506203 -0.542942 
-0.0184669 -0.227962 -0.421891 0.490981 1.76272 -0.220419 
0.250718 -0.128273 0.0370223 0.389845 1.15239 -0.227088 
0.408127 0.373235 -0.00408061 0.446175 0.668522 -0.280728 
0.254006 -0.0707465 -0.224959 0.320476 1.4094 -0.0932255 
0.410013 0.339559 -0.0710579 0.333954 0.825352 -0.127541 
0.32224 0.955022 0.645657 -0.280768 -1.9102 -0.10512 
0.419264 0.873776 0.383327 -0.172894 -1.57264 -0.040912 
0.476669 0.937201 0.0131185 -0.124295 -1.26545 -0.0212254 
0.310038 0.37873 0.862791 -0.400701 -1.26598 0.126506 
0.410563 0.574229 0.492284 -0.318202 -1.088 0.151753 
0.469822 0.801784 0.0637744 -0.287569 -0.886166 0.1849 
0.322365 -0.172015 0.88966 -0.612364 -0.471386 0.568536 
0.419546 0.302931 0.52027 -0.344724 -0.533902 0.340693 
0.476839 0.682022 0.0826507 -0.265915 -0.466011 0.297491 
0.140072 -0.935262 0.755587 0.490559 0.86941 -0.408078 
0.328035 -0.434609 0.707482 0.598227 0.384848 -0.526769 
0.422795 0.108204 0.460384 -1.70296 -0.135278 1.79439 
0.47895 0.589504 0.0658718 -0.882664 -0.113439 1.00091 
0.145902 -0.72032 0.230697 0.338233 1.33995 -0.163891 
0.329063 -0.464857 0.407207 0.266376 0.875777 -0.118023 
0.422414 -0.00484246 0.336905 0.304601 0.475866 -0.14987 
0.478178 0.520183 0.0285599 -2.73992 -0.254989 2.91393 
0.151317 -0.38719 -0.448923 0.302034 1.8053 -0.0053957 
0.330429 -0.370304 0.0263527 0.198574 1.2927 0.0184123 
0.422397 -0.0502023 0.167269 0.185958 0.822641 0.0217679 
0.47788 0.466726 -0.020343 0.220568 0.489618 -0.00186024 
0.331958 -0.172102 -0.472484 0.174662 1.68721 0.114406 
0.423189 -0.0422984 -0.0473652 0.140972 1.12614 0.112515 
0.478176 0.42542 -0.0788573 3.29786 -0.686699 -3.04185 
0.424055 0.0167148 -0.313676 0.117124 1.40572 0.177083 
0.478717 0.39531 -0.147619 0.120268 0.858556 0.166858 
0.649261 0.976566 0.484539 0.440551 -1.84649 -0.0865355 
0.596697 0.931495 0.243777 0.374102 -1.57855 -0.188578 
0.561898 0.98678 -0.0810272 0.353532 -1.3203 -0.268416 
0.63195 0.4656 0.697834 0.260159 -1.1758 -0.102214 
0.582647 0.640758 0.36662 0.224043 -1.01874 -0.118989 
0.550157 0.841712 -0.010522 0.212157 -0.842312 -0.142398 
0.648974 0.0214115 0.70297 0.971632 -0.518248 -0.690191 
0.596797 0.39825 0.378281 0.821659 -0.521795 -0.558594 
0.562043 0.729413 -0.00633681 0.841117 -0.466941 -0.607429 
0.71989 -0.640346 0.619212 -0.513079 0.810279 0.760027 
0.637963 -0.217244 0.539836 -0.697253 0.479972 0.972032 
0.706776 -0.510476 0.120123 -0.260905 1.29998 0.52099 
0.628518 -0.268442 0.260349 -0.256876 0.91088 0.546732 
0.581275 0.122145 0.197639 2.82516 -0.583043 -2.52478 
0.698051 -0.204932 -0.577489 -0.189857 1.80203 0.442419 
0.623031 -0.193914 -0.114194 -0.149972 1.32381 0.458698 
0.577256 0.0785794 0.030706 -0.153543 0.904222 0.477555 
0.546511 0.528651 -0.113334 -0.186605 0.597633 0.511242 
0.619948 0.00510744 -0.640622 -0.114995 1.73832 0.429154 
0.575049 0.0877555 -0.184551 -0.0999609 1.19824 0.444684 
0.544833 0.49069 -0.172378 -3.25437 -0.782145 -2.68027 
0.573716 0.150791 -0.461438 -0.0765424 1.47872 0.435828 
0.543844 0.463436 -0.242004 -0.0796246 0.945851 0.447798 
1.02557 1.12573 0.317678 0.986377 -1.89484 -0.114488 
0.857101 1.03959 0.224346 0.789984 -1.75359 -0.23436 
0.726684 1.00828 0.0560669 0.661008 -1.57016 -0.328142 
0.625769 1.04231 -0.192089 0.586173 -1.36245 -0.406085 
0.625741 0.791746 -0.115816 1.26601 -0.603285 -0.936305 
0.718889 0.374058 0.125101 -1.0631 0.619431 1.4803 
1.00045 -0.125082 -0.167105 -0.559456 1.47058 0.944372 
0.837816 0.00760646 0.0105308 -0.544726 1.12172 0.970398 
0.711762 0.282783 0.00795727 2.54955 -0.825243 -2.122 
0.991439 0.199535 -0.983121 -0.492605 1.98623 0.70486 
0.830749 0.072812 -0.369393 -0.393247 1.48737 0.78761 
0.706322 0.244601 -0.158305 -0.388759 1.08614 0.81911 
0.609911 0.604709 -0.226412 -0.433216 0.781126 0.856184 
0.825577 0.317113 -1.00434 -0.347405 1.92098 0.649559 
0.702371 0.257917 -0.378912 -0.292417 1.34789 0.717666 
0.606796 0.569257 -0.28526 -0.313971 0.93294 0.749542 
0.699363 0.33484 -0.683831 -0.243176 1.61933 0.650568 
0.604489 0.544312 -0.355603 -0.243728 1.0747 0.68758 
1.17343 1.26716 -0.176077 1.21738 -1.81048 -6.73037 
0.997135 1.17059 -0.137613 1.05999 -1.70837 -0.464168 
0.831223 1.11281 -0.184275 0.919223 -1.57418 -0.500883 
0.683429 1.10645 -0.324053 0.811302 -1.40563 -0.548785 
1.17981 0.817915 0.0332674 -1.5697 1.57175 2.42196 
0.841463 0.894729 -0.110609 1.32824 -1.3345 -0.757745 
0.69413 0.994158 -0.296457 1.24479 -1.20577 -0.812398 
1.17343 0.447356 0.0589683 -1.32524 1.2213 1.95802 
0.824599 0.550613 -0.118603 2.09801 -0.929965 -1.57837 
1.15464 0.374228 -0.715996 2.42174 -1.76437 -2.01786 
0.980407 0.336294 -0.360405 2.45352 -1.41108 -1.9427 
0.973299 0.435844 -0.806555 -0.565837 1.75347 0.973806 
0.811599 0.445363 -0.411025 2.60099 -1.32503 -2.09259 
0.806708 0.473989 -0.65589 -0.440444 1.55797 0.913245 
0.6635 0.661597 -0.419909 2.68366 -1.11419 -2.17355 
0.802871 0.595704 -1.04226 -0.391417 1.83469 0.794647 
0.660188 0.638817 -0.491267 -0.373409 1.23047 0.881285 
1.25691 1.72057 -1.167 -1.69981 1.97165 -4.13338 
1.09345 1.43305 -0.721988 -1.73323 1.86351 -3.94773 
0.91763 1.28265 -0.549895 -1.83799 1.73925 2.38598 
0.739106 1.20364 -0.524698 1.18717 -1.59337 -0.763087 
1.09543 1.12997 -0.549288 -1.45101 1.75094 -4.12088 
0.920586 1.08208 -0.460269 -1.54682 1.60424 2.19301 
0.743314 1.09937 -0.492398 1.49282 -1.45906 -0.959468 
1.09346 0.890243 -0.504923 1.90441 -1.56491 -1.26404 
0.725283 0.845927 -0.478077 2.28274 -1.15606 -1.71354 
0.710672 0.749794 -0.655744 -0.474984 1.4039 1.02852 
-0.311747 0.631877 0.471933 -1.30542 -1.89714 0.21876 
0.176893 0.573196 0.229106 -0.881792 -1.51134 0.350337 
-0.317359 0.366961 0.516833 -1.37766 -1.69372 0.544977 
0.172542 0.4648 0.232026 -1.02778 -1.30775 0.591423 
-0.839494 0.291124 0.314355 1.29805 1.94159 -2.22754 
0.170649 0.368875 0.21259 -1.24356 -1.11596 0.912957 
-0.833763 0.0571369 -0.0991069 -2.00143 -1.98782 1.7024 
-0.311834 -0.0882328 0.245158 1.17568 1.43152 -1.40754 
-0.305299 -0.100743 0.0415275 1.00453 1.52536 -1.093 
0.181384 0.19774 0.0337239 1.0444 0.961636 -1.08323 
-0.299269 -0.0556245 -0.21405 0.896752 1.66928 -0.84188 
0.185486 0.17872 -0.0562178 0.856185 1.04944 -0.825908 
-0.294069 0.0507099 -0.543708 0.84646 1.84484 -0.618457 
0.18897 0.174256 -0.158504 0.727565 1.15714 -0.636441 
-0.13928 0.600737 0.537972 -1.10243 -1.8206 0.160622 
0.250937 0.588297 0.205936 -0.766471 -1.44061 0.300802 
-0.654769 0.418905 0.611659 -1.62599 -1.85993 0.417212 
-0.145455 0.317866 0.587247 -1.19206 -1.55702 0.491274 
0.246581 0.479856 0.21014 -0.917597 -1.21495 0.541671 
-0.65698 0.0489415 0.596498 1.44529 1.7355 -2.22658 
-0.147945 0.081994 0.561332 -1.38583 -1.3303 0.905248 
0.244799 0.38424 0.191654 -1.14424 -1.00386 0.86895 
-0.648797 -0.208909 0.149994 1.15441 1.76099 -1.33 
-0.139307 -0.155449 0.304787 -1.96484 -1.21208 1.82522 
0.250837 0.251882 0.0878756 1.30913 0.792453 -1.38193 
-0.641019 -0.125611 -0.246363 1.05898 1.9114 -0.975215 
-0.132089 -0.163457 0.0955027 0.944326 1.33104 -0.956832 
0.255379 0.21844 0.0074202 -2.15546 -0.847589 2.16382 
-0.125349 -0.113718 -0.162921 0.800967 1.50729 -0.69245 
0.259437 0.201692 -0.0855806 0.768819 0.960019 -0.693036 
-0.119622 -0.00588495 -0.489631 0.724179 1.71315 -0.47752 
0.262951 0.19976 -0.190976 0.631407 1.09008 -0.497521 
-0.387456 0.823792 0.654989 -1.34954 -1.99607 -0.146537 
0.0462457 0.592991 0.559536 -0.849847 -1.75241 0.0985128 
0.325067 0.610028 0.173318 -0.616388 -1.37411 0.225371 
-0.891232 0.485372 0.724602 -1.80901 -1.90241 0.232399 
-0.395855 0.289625 0.816376 -1.32956 -1.70479 0.335725 
0.0397341 0.300421 0.612831 -0.957774 -1.41632 0.411405 
0.320569 0.501334 0.179387 -0.769866 -1.11728 0.461487 
-0.399044 -0.166614 0.799578 1.65662 1.45448 -2.20876 
0.0370901 0.0576465 0.587335 -1.19526 -1.11705 0.83824 
0.318676 0.406574 0.161271 -1.00997 -0.876014 0.794992 
-0.891189 -0.346424 0.477825 1.28893 1.8662 -1.65606 
0.0397233 -0.103843 0.486933 1.56342 0.941099 4.52886 
-0.884188 -0.309104 0.0237798 1.20162 1.97262 -1.18753 
-0.387454 -0.415433 0.303914 1.1075 1.45797 -1.1461 
-0.376891 -0.309774 -0.100002 0.927737 1.6608 -0.779982 
0.0536806 -0.181799 0.107956 0.818546 1.12669 -0.763501 
0.329212 0.247485 -0.0306301 -2.27923 -0.728513 2.33927 
-0.367082 -0.076038 -0.66404 0.86782 1.93932 -0.45581 
0.060244 -0.12708 -0.155094 0.647847 1.3545 -0.492163 
0.332983 0.234409 -0.127926 0.628459 0.881413 -0.503686 
0.0656157 -0.0154756 -0.484667 0.560184 1.60244 -0.295752 
0.336155 0.235207 -0.235749 0.496424 1.03946 -0.317808 
0.236449 0.611151 0.533247 -0.534198 -1.70341 0.0156755 
0.400131 0.642377 0.127392 -0.402644 -1.32714 0.099401 
-0.0556528 0.224954 0.917455 -0.884649 -1.55677 0.220394 
0.229766 0.318792 0.591569 -0.64639 -1.28849 0.273495 
0.395893 0.530022 0.139564 -0.54383 -1.02409 0.314689 
-0.060718 -0.29642 0.900427 -1.18778 -1.0732 0.868708 
0.226157 0.0764286 0.567305 -0.91902 -0.890952 0.689173 
0.393175 0.435216 0.12166 -0.800939 -0.729974 0.65551 
-0.05566 -0.519899 0.691519 -1.75887 -0.906812 -4.61596 
-0.510789 -0.639578 0.222321 1.03736 1.59178 -0.879599 
-0.0451402 -0.518558 0.365067 0.891803 1.07585 -0.836023 
0.236442 -0.154809 0.297053 0.94317 0.672689 -0.91648 
0.400131 0.311516 0.00697041 1.08539 0.444351 -1.03904 
-0.494268 -0.334149 -0.455477 0.921624 1.90516 -0.491696 
-0.0346748 -0.39047 -0.0495135 0.651606 1.39617 -0.468865 
0.242273 -0.151682 0.076253 0.574078 0.944952 -0.455653 
0.403504 0.286285 -0.0834192 0.604518 0.625258 -0.483819 
-0.0255603 -0.148006 -0.607637 0.562866 1.76899 -0.213534 
0.246912 -0.0921105 -0.19249 0.423793 1.24407 -0.22472 
0.40601 0.278115 -0.185908 0.412407 0.83579 -0.232866 
0.250766 0.025046 -0.53101 0.354798 1.53946 -0.0732826 
0.408127 0.28348 -0.299746 0.317777 1.0275 -0.090056 
0.422795 0.658747 0.452497 -0.135444 -1.69669 -0.107339 
0.47895 0.686832 0.0642583 -0.0900385 -1.33515 -0.100341 
0.322371 0.258033 0.883784 -0.26657 -1.46781 0.0183473 
0.419549 0.375872 0.519262 -0.184426 -1.21621 0.0237679 
0.476925 0.569277 0.0867 -0.142996 -0.973654 0.0221603 
0.31003 -0.256691 0.871182 -0.607342 -0.70941 0.484883 
0.410562 0.13863 0.498512 -0.451379 -0.688304 0.358234 
0.469896 0.471838 0.0699848 -0.410736 -0.581055 0.349094 
0.128226 -0.96143 0.791443 -2.36857 -0.670179 2.4307 
0.322371 -0.480195 0.661035 -2.04958 -0.299687 2.07819 
0.476839 0.398718 0.020767 -0.840889 -0.15912 0.893374 
0.140186 -0.745902 0.259857 0.404685 1.14664 -0.250405 
0.328033 -0.472059 0.328075 0.310537 0.764292 -0.191041 
0.422794 -0.0782772 0.219393 0.304207 0.463982 -0.183509 
0.478949 0.357257 -0.059806 0.303063 0.298296 -0.169048 
0.146026 -0.407831 -0.42291 0.330266 1.6625 -0.0521028 
0.329039 -0.340668 -0.0917357 0.215441 1.24007 -0.0159942 
0.422384 -0.0698003 -0.00517195 0.180801 0.871946 0.00554211 
0.478181 0.339011 -0.156701 0.173247 0.608926 0.0197501 
0.329944 -0.0921905 -0.663573 0.192632 1.69691 0.0974469 
0.422464 -0.00718688 -0.279525 0.145189 1.22135 0.0987085 
0.477881 0.335718 -0.263465 0.136499 0.858255 0.103899 
0.423417 0.118752 -0.636977 0.127059 1.55097 0.171212 
0.478176 0.345225 -0.381705 0.112943 1.06645 0.166228 
0.587944 0.734814 0.310144 0.266664 -1.73181 -0.255912 
0.555368 0.746991 -0.0279154 0.241202 -1.41105 -0.317318 
0.735756 0.403008 0.9599 0.511964 -1.76638 -0.144998 
0.648407 0.385163 0.698992 0.422411 -1.50373 -0.244596 
0.59609 0.476111 0.377702 0.390506 -1.28001 -0.309278 
0.561952 0.634012 -0.00506051 0.394181 -1.06234 -0.376923 
0.632108 -0.059896 0.704755 0.386273 -0.681983 -0.305828 
0.582651 0.244521 0.372749 0.321422 -0.642285 -0.260738 
0.550027 0.524812 -0.0058737 0.310251 -0.540263 -0.268311 
0.719888 -0.531027 0.148445 -0.403022 1.13578 0.567453 
0.637941 -0.278567 0.183593 -0.409421 0.839812 0.614676 
0.588357 0.0533738 0.0816154 2.67014 -0.610773 -2.44605 
0.706248 -0.224675 -0.550204 -0.252214 1.67214 0.423237 
0.628503 -0.165905 -0.235326 -0.210325 1.29368 0.445615 
0.581277 0.0618274 -0.143159 -0.20891 0.971271 0.468968 
0.549679 0.409646 -0.254386 2.91239 -0.733416 -2.64437 
0.62313 0.0985337 -0.861961 -0.148369 1.77426 0.391554 
0.577259 0.127445 -0.426654 -0.125313 1.30903 0.415225 
0.546511 0.409695 -0.363641 -0.127545 0.962679 0.429559 
0.575049 0.271569 -0.821489 -0.0933736 1.64933 0.4008 
0.544835 0.422185 -0.485276 -0.0863947 1.16187 0.415478 
0.847957 0.954604 0.260074 0.690401 -2.00352 -0.291636 
0.719442 0.830848 0.118888 0.542296 -1.75297 -0.400395 
0.619689 0.813582 -0.140121 0.466048 -1.47809 -0.473427 
1.02513 0.582074 0.570112 0.926348 -1.7258 -0.359366 
0.857284 0.556921 0.412196 0.7738 -1.54358 -0.442349 
0.726875 0.599084 0.184861 0.680661 -1.34985 -0.503172 
0.625977 0.703437 -0.113431 0.635219 -1.14874 -0.562762 
1.01234 -0.140765 -0.137226 -0.733529 1.35142 0.989319 
0.847081 -0.00285229 -0.0638373 -0.711448 1.08543 1.00741 
1.00045 0.176396 -0.943528 -0.585849 1.87202 0.68743 
0.837769 0.105656 -0.502159 -0.486972 1.48426 0.758842 
0.711746 0.235009 -0.338822 -0.461556 1.16824 0.783948 
0.706446 0.310962 -0.643652 -0.343804 1.47849 0.664047 
0.60993 0.499848 -0.48694 -0.335627 1.1203 0.689871 
0.702335 0.52133 -1.16456 -0.296572 1.84859 0.56756 
0.606805 0.517405 -0.616207 -0.260432 1.30059 0.629622 
0.988534 1.09849 -0.105953 0.932858 -1.95698 -0.505213 
0.824422 0.952894 -0.125391 0.785371 -1.773 -0.566377 
0.677766 0.887192 -0.271397 0.682499 -1.54231 -0.626343 
1.17344 0.840215 0.0524254 -1.96247 1.73803 -3.77748 
0.997188 0.765683 0.0398637 1.04401 -1.5952 -0.662206 
0.83136 0.743289 -0.0575469 0.933062 -1.42783 -0.695102 
0.683398 0.782312 -0.244836 0.857394 -1.24063 -0.735753 
0.831488 0.458336 -0.173328 -1.30664 0.968276 1.63056 
1.1637 0.355568 -0.674776 -0.894804 1.64826 1.13789 
0.988686 0.331514 -0.439122 -0.860416 1.38153 1.19067 
0.980317 0.50405 -1.0023 -0.694794 1.77958 0.897544 
0.817671 0.45259 -0.612753 2.50279 -1.4186 -2.1575 
0.67268 0.599568 -0.517359 -0.641558 1.13621 1.01333 
0.811602 0.573865 -1.00147 -0.529252 1.72431 0.81491 
0.66765 0.608152 -0.638545 -0.500097 1.30946 0.886759 
0.663497 0.632766 -0.780184 -0.410336 1.46824 0.798636 
1.08659 1.35087 -0.652618 1.15556 -1.99998 -0.815012 
0.732279 0.983354 -0.449292 0.949331 -1.66879 -0.81271 
1.25695 1.26854 -0.76831 -1.72177 1.96417 -4.19062 
0.917612 0.943958 -0.410728 -1.8653 1.68378 2.19238 
0.739443 0.897865 -0.44516 1.19117 -1.50908 -0.973049 
1.25691 0.957309 -1.12444 -1.29702 1.89324 1.39676 
0.910447 0.68596 -0.721303 -0.987403 1.52695 1.32027 
0.719314 0.740588 -0.831444 -0.637269 1.52116 1.0247 
0.714511 0.77803 -0.996378 -0.542789 1.6596 0.914235 
-0.305273 0.406436 0.513836 -1.14378 -1.95727 0.32991 
0.181392 0.348324 0.189896 -0.796088 -1.44633 0.431734 
-0.311833 0.182171 0.502655 -1.19799 -1.7638 0.63022 
0.17672 0.275322 0.153519 -0.934801 -1.27986 0.648667 
0.172462 0.21685 0.0955241 -1.15519 -1.12833 0.95463 
-0.311835 -0.0660295 -0.178771 1.15359 1.59206 -1.03825 
0.176698 0.159792 -0.210554 1.06866 1.07395 -0.993012 
-0.305295 0.0359812 -0.509111 1.02764 1.74567 -0.741113 
0.181368 0.181719 -0.35077 0.86589 1.1956 -0.71204 
-0.299253 0.249719 -1.01072 0.998214 1.9604 -0.432017 
0.185487 0.2224 -0.511085 0.738153 1.33932 -0.510504 
-0.132025 0.36506 0.579232 -0.964351 -1.8602 0.250063 
0.255387 0.368744 0.165285 -0.691048 -1.37484 0.352114 
-0.139324 0.124583 0.570671 -1.04531 -1.60642 0.553596 
0.250706 0.294358 0.130955 -0.838043 -1.18249 0.57437 
-0.654767 -0.0178741 0.571709 -1.48329 -1.85215 0.914368 
-0.145417 -0.0506098 0.489633 -1.23528 -1.39159 0.929902 
0.246499 0.235051 0.0741392 -1.0786 -1.00612 0.898588 
-0.145399 -0.170519 0.137975 1.33112 1.27469 -1.33095 
-0.648737 -0.0783826 -0.381676 1.25615 1.906 -0.942279 
-0.139307 -0.129682 -0.121261 1.07477 1.38652 -0.941655 
0.250702 0.180491 -0.235049 1.00196 0.955488 -0.910476 
-0.132033 -0.0255894 -0.449595 0.90676 1.57838 -0.630668 
0.255374 0.205278 -0.380045 0.774124 1.10618 -0.605241 
-0.125344 0.176788 -0.925003 0.835902 1.83281 -0.347956 
0.259481 0.249786 -0.546708 0.637826 1.27755 -0.397663 
0.0536898 0.356256 0.598217 -0.738653 -1.77443 0.151003 
0.329224 0.397753 0.130328 -0.55012 -1.31309 0.240899 
-0.38745 0.163854 0.830389 -1.17752 -1.8458 0.345111 
0.0462361 0.106292 0.594053 -0.839501 -1.4493 0.435506 
0.324714 0.321395 0.0992967 -0.696473 -1.08538 0.459221 
-0.891214 -0.0735846 0.748561 -1.59831 -1.97553 0.802076 
-0.395899 -0.241438 0.769644 -1.29572 -1.55312 0.894765 
0.0397271 -0.0757215 0.514328 -1.07672 -1.16291 0.830821 
0.320464 0.260634 0.0442615 -0.958638 -0.870521 0.802131 
-0.893546 -0.338729 0.496904 1.51335 1.91631 4.54418 
-0.399043 -0.410052 0.547354 1.5907 1.42773 -1.70952 
-0.891171 -0.31196 0.0488203 1.42627 1.95094 -1.24712 
-0.396015 -0.401613 0.215933 1.31657 1.46261 -1.22588 
0.0394651 -0.195942 0.158773 1.27478 1.00627 -1.24993 
-0.387456 -0.265237 -0.225919 1.0983 1.63074 -0.807524 
0.0462159 -0.150777 -0.104961 0.933645 1.16505 -0.790987 
0.324707 0.209702 -0.271033 0.877989 0.829118 -0.770192 
-0.376828 0.034403 -0.899485 1.01328 1.92123 -0.395925 
0.0536849 -0.0417426 -0.437842 0.730249 1.41898 -0.46771 
0.329211 0.239031 -0.423303 0.632194 1.02651 -0.448349 
0.0602442 0.164199 -0.915644 0.639977 1.73229 -0.212005 
0.332986 0.289308 -0.599203 0.501193 1.23527 -0.249154 
0.242283 0.383696 0.566831 -0.461363 -1.71922 0.0205779 
0.403529 0.436913 0.0830204 -0.354883 -1.27711 0.0801196 
-0.0451035 0.0888034 0.928406 -0.761119 -1.68265 0.198559 
0.235644 0.134181 0.571149 -0.548087 -1.32599 0.242282 
0.400138 0.357884 0.0575264 -0.467203 -1.00499 0.261084 
-0.0557088 -0.371983 0.867527 -0.99949 -1.16687 0.751924 
0.22976 -0.0530146 0.495853 -0.802655 -0.934534 0.617738 
0.395738 0.294214 0.00585127 -0.730372 -0.724537 0.600458 
0.226155 -0.153242 0.347688 -1.32992 -0.690127 1.26243 
0.393132 0.253879 -0.0758163 1.88458 0.527763 -1.93012 
-0.524726 -0.651544 0.254418 1.26931 1.5111 -1.02377 
-0.0556022 -0.504628 0.279465 1.12054 1.03382 -1.01681 
0.229761 -0.174874 0.138175 -2.01968 -0.697201 -4.21774 
-0.510737 -0.35412 -0.41833 1.07166 1.76858 -0.569319 
-0.0451039 -0.350523 -0.169506 0.78523 1.32319 -0.544733 
0.236444 -0.125482 -0.132357 0.666438 0.955124 -0.520075 
0.400105 0.248789 -0.322046 0.621456 0.710735 -0.494199 
-0.0345302 -0.047857 -0.826609 0.651137 1.7445 -0.206372 
0.242374 -0.00913561 -0.475607 0.474324 1.30176 -0.229621 
0.403504 0.285441 -0.485097 0.412262 0.97965 -0.212331 
0.246877 0.214551 -0.98385 0.403054 1.68938 -0.0305647 
0.40601 0.344008 -0.673837 0.320856 1.23093 -0.0578336 
0.422461 0.447362 0.480786 -0.139561 -1.71565 -0.142932 
0.478169 0.488798 0.0181747 -0.102618 -1.29257 -0.134126 
0.328331 0.139044 0.885431 -0.212923 -1.61946 -0.0463178 
0.422795 0.208375 0.492368 -0.139877 -1.28996 -0.0512234 
0.478951 0.408729 -0.000944683 -0.104446 -0.993419 -0.0643159 
0.32237 -0.322698 0.840241 -0.349714 -0.870699 0.221067 
0.419546 0.0200197 0.43052 -0.246704 -0.781374 0.136004 
0.47684 0.339453 -0.0448124 -0.205166 -0.617479 0.109205 
0.310035 -0.498015 0.604554 -1.3119 -0.395101 1.29132 
0.410561 -0.0842929 0.285334 -0.965168 -0.343775 0.936663 
0.469841 0.296616 -0.127888 -0.930021 -0.277597 0.911214 
0.128231 -0.774135 0.300398 0.582295 0.908604 -0.442821 
0.322367 -0.469777 0.251694 0.486147 0.595285 -0.402614 
0.419572 -0.105458 0.0709684 0.471889 0.388247 -0.400424 
0.476838 0.283363 -0.245538 0.413892 0.298783 -0.33872 
0.140349 -0.437133 -0.383044 0.369376 1.4565 -0.119942 
0.328016 -0.307706 -0.208981 0.236732 1.12368 -0.0673411 
0.422751 -0.0482187 -0.212011 0.178518 0.854735 -0.027659 
0.47895 0.304427 -0.397886 0.139267 0.681351 0.012963 
0.329077 0.0124479 -0.897086 0.204864 1.68268 0.0781817 
0.422308 0.077926 -0.572526 0.144059 1.28634 0.0817336 
0.478181 0.350138 -0.573659 0.116641 1.01081 0.100161 
0.42264 0.348819 -1.16828 0.1384 1.74899 0.173601 
0.477881 0.41922 -0.779069 0.107441 1.28729 0.163314 
0.581277 0.542751 0.337615 0.175245 -1.7572 -0.317183 
0.549651 0.5566 -0.0726826 0.15537 -1.36207 -0.357778 
0.637515 0.292905 0.697065 0.303348 -1.68693 -0.296692 
0.588061 0.325963 0.35199 0.268182 -1.37771 -0.352669 
0.55505 0.477606 -0.0877489 0.268232 -1.09219 -0.404107 
0.648936 -0.0971746 0.665719 0.495342 -1.03875 -0.481651 
0.596686 0.150828 0.297063 0.480792 -0.910817 -0.501313 
0.561945 0.411298 -0.131559 0.516082 -0.747489 -0.571444 
0.632112 -0.300255 0.468124 -2.17031 0.291739 2.19058 
0.582695 0.0353811 0.168023 0.761854 -0.277661 -0.742369 
0.550026 0.35708 -0.203919 0.806095 -0.219379 -0.793971 
0.735755 -0.556841 0.192082 -0.654638 0.909457 0.69426 
0.648966 -0.281395 0.112324 -0.68511 0.704022 0.771178 
0.719887 -0.252313 -0.50829 -0.364975 1.48691 0.421676 
0.637924 -0.132531 -0.357981 -0.323022 1.21028 0.450931 
0.588364 0.0877028 -0.35827 -0.317092 0.986974 0.478654 
0.555286 0.385997 -0.508849 -0.323185 0.836635 0.498937 
0.628522 0.249473 -1.18361 -0.208452 1.81553 0.335944 
0.581296 0.227122 -0.74985 -0.174489 1.40492 0.379377 
0.549652 0.438266 -0.695461 -0.16733 1.13823 0.395865 
0.546518 0.520298 -0.92364 -0.105878 1.40914 0.373491 
0.712176 0.659722 0.145185 0.435145 -1.80483 -0.484201 
0.61419 0.633113 -0.184645 0.372936 -1.44613 -0.55077 
0.84715 0.485896 0.408785 0.627011 -1.74979 -0.496703 
0.719385 0.467977 0.159404 0.534914 -1.47531 -0.565302 
0.619703 0.559967 -0.201639 0.501036 -1.19855 -0.623509 
1.02571 0.0934016 0.602053 0.920643 -1.44681 -0.722286 
0.857187 0.175059 0.385951 0.824844 -1.257 -0.738279 
0.726714 0.309441 0.109306 0.772365 -1.07534 -0.761405 
0.625761 0.493607 -0.241492 0.77095 -0.889375 -0.818723 
1.02522 -0.160654 -0.0911139 -1.01578 1.19274 1.09907 
0.857138 -0.00718847 -0.132223 -0.985708 0.993375 1.10504 
1.01232 0.142297 -0.882595 -0.719225 1.69983 0.68335 
0.847017 0.146404 -0.641199 -0.623075 1.42407 0.729681 
0.718889 0.270967 -0.5709 -0.576444 1.19663 0.742197 
0.619771 0.485394 -0.644247 -0.549831 1.02582 0.734342 
0.711746 0.463849 -1.06488 -0.422701 1.61942 0.569645 
0.614136 0.552608 -0.856926 -0.383262 1.31212 0.604973 
0.609912 0.668888 -1.14709 -0.30065 1.58838 0.533673 
0.817313 0.800133 -0.0999705 0.660236 -1.85252 -0.659625 
0.672656 0.719929 -0.321156 0.574815 -1.5352 -0.732604 
1.1637 0.873468 0.03086 1.0204 -1.9922 5.63702 
0.988755 0.710678 0.033965 0.87114 -1.80259 -0.708936 
0.824599 0.630149 -0.0865165 0.765341 -1.56961 -0.765702 
0.678395 0.649583 -0.335158 0.711223 -1.31051 -0.821253 
0.83149 0.490266 -0.133876 0.99932 -1.23938 -0.973497 
0.683415 0.588128 -0.377461 0.977654 -1.04052 -1.02099 
1.17989 0.321446 -0.158735 -1.57058 1.57221 1.7335 
0.831488 0.409514 -0.512281 2.05019 -1.11152 -1.93043 
0.988686 0.622392 -1.28186 -0.857662 1.7473 0.775079 
0.824599 0.519056 -0.896507 -0.772405 1.45004 0.881395 
0.678098 0.605181 -0.810648 2.40822 -1.2288 4.03817 
0.672657 0.706722 -1.08493 -0.575262 1.51793 0.743774 
0.902815 0.978138 -0.420512 0.856915 -1.91911 -0.862989 
0.72528 0.822605 -0.491005 0.76835 -1.64747 -0.917273 
1.08659 1.00689 -0.490897 -2.05363 1.92079 2.14906 
0.910405 0.833511 -0.419288 -2.13532 1.73365 -4.14354 
0.732308 0.766502 -0.523568 0.946339 -1.49814 -1.04888 
1.25692 1.00826 -0.738814 1.33146 -1.91924 4.99121 
1.25786 0.969592 -1.11075 -1.62685 1.94551 -4.86421 
-0.299263 0.207074 0.504921 -0.982005 -1.93341 0.476007 
0.185487 0.210845 0.0445858 -0.743764 -1.3148 0.533653 
-0.305569 0.0387066 0.439252 -1.02893 -1.74845 0.735814 
0.181379 0.177554 -0.0292737 -0.872739 -1.18238 0.729522 
-0.311834 -0.0655273 0.311953 -1.15362 -1.59273 1.03675 
0.176714 0.158987 -0.123325 -1.07615 -1.06677 1.00835 
-0.317359 -0.103142 0.124795 1.79008 1.50591 -1.75354 
-0.319573 -0.0772905 -0.123926 1.55814 1.50876 -1.36917 
0.17063 0.182289 -0.394483 -1.70043 -1.03103 -4.46415 
-0.31746 0.0140173 -0.448445 1.34437 1.5981 -0.986059 
0.17246 0.232331 -0.581514 1.13955 1.14342 -0.917583 
-0.311795 0.209448 -0.927254 1.20427 1.77586 -0.598809 
0.176725 0.317858 -0.818776 0.918195 1.32255 -0.588374 
0.181399 0.474201 -1.1711 0.7881 1.55776 -0.318462 
-0.125347 0.156985 0.568203 -0.831476 -1.81733 0.365572 
0.259481 0.234612 0.019434 -0.646074 -1.24321 0.424631 
-0.132043 -0.0226186 0.502935 -0.90677 -1.58154 0.626575 
0.255379 0.199579 -0.0525215 -0.784382 -1.08655 0.627355 
-0.648779 -0.0781756 0.538523 -1.25658 -1.90628 0.94196 
-0.139313 -0.13248 0.374574 -1.07627 -1.38208 0.949532 
0.250701 0.179319 -0.145336 -1.01447 -0.944487 0.931928 
-0.145398 -0.171093 0.185591 1.8051 1.27045 -1.7923 
-0.656972 -0.177941 -0.0336342 1.61482 1.77287 -1.35475 
-0.147804 -0.143995 -0.0631761 1.50671 1.27504 -1.35407 
-0.654778 -0.0215322 -0.526766 1.4817 1.85167 -0.920172 
-0.145415 -0.0523364 -0.383462 1.236 1.39046 -0.933163 
0.246499 0.253941 -0.60772 1.05443 1.02767 -0.852665 
-0.139288 0.133252 -0.839064 1.04569 1.61169 -0.54457 
0.25071 0.345072 -0.855152 0.814007 1.23949 -0.507282 
0.255387 0.523065 -1.2463 0.675915 1.52159 -0.231661 
0.0594685 0.147878 0.585377 -0.638688 -1.71788 0.223651 
0.332986 0.26803 -0.0165976 -0.511906 -1.18414 0.279469 
-0.37689 0.0403626 0.830807 -1.01531 -1.92449 0.390396 
0.0536848 -0.039298 0.523056 -0.729831 -1.42209 0.464896 
0.329212 0.230722 -0.0854695 -0.646844 -0.995212 0.475877 
-0.38745 -0.303451 0.728952 -1.09581 -1.60084 0.866019 
0.0461991 -0.155175 0.397022 -0.938313 -1.1568 0.803005 
0.32471 0.207934 -0.176029 -0.899245 -0.810733 0.801398 
0.0397288 -0.196386 0.208117 1.85037 0.998811 -1.86239 
-0.893552 -0.317362 0.0780475 1.6571 1.9105 -1.31672 
-0.399043 -0.378252 0.121995 1.53395 1.43111 -1.31196 
-0.891187 -0.0742726 -0.599739 1.59862 1.97533 -0.802723 
-0.395896 -0.212987 -0.357254 1.29523 1.56454 -0.854316 
0.0397271 -0.075987 -0.362125 1.07691 1.16268 -0.831295 
0.32043 0.28494 -0.646624 0.922057 0.903076 -0.743745 
-0.387007 0.20577 -1.23956 1.18788 1.86004 -0.30682 
0.0462377 0.110926 -0.81693 0.838957 1.45304 -0.431239 
0.324714 0.385875 -0.911824 0.664551 1.16699 -0.385535 
0.329212 0.641173 -1.44134 0.530088 1.54683 -0.0999052 
0.246877 0.182873 0.550393 -0.401613 -1.65623 0.0447432 
0.40601 0.312433 -0.06577 -0.331467 -1.15214 0.0864942 
-0.0348595 -0.0424192 0.92255 -0.65242 -1.74924 0.202282 
0.242179 -0.00484636 0.496633 -0.473519 -1.30846 0.226307 
0.403504 0.272655 -0.130117 -0.428813 -0.927502 0.240918 
-0.0451043 -0.427104 0.819768 -0.812715 -1.23429 0.640019 
0.236502 -0.127797 0.37821 -0.669696 -0.949414 0.525838 
0.400132 0.246016 -0.216081 -0.653304 -0.675941 0.535308 
-0.0556634 -0.541218 0.557696 1.89488 0.954698 -1.89425 
0.229756 -0.175584 0.193042 -1.14289 -0.688553 1.10343 
0.226149 -0.149852 -0.0580118 1.31388 0.693366 -1.24175 
0.393132 0.266891 -0.494376 -1.96269 -0.544888 -4.26223 
-0.524829 -0.376369 -0.371435 1.26713 1.61687 -0.689536 
-0.0556681 -0.302806 -0.292353 0.966783 1.22197 -0.662842 
0.229754 -0.0546581 -0.385193 0.80395 0.932355 -0.620127 
0.395738 0.327415 -0.702847 0.678423 0.782019 -0.529242 
-0.0451108 0.0906445 -1.10972 0.76116 1.68406 -0.197352 
0.236444 0.144451 -0.861277 0.545701 1.33518 -0.234543 
0.400132 0.446505 -1.00064 0.433817 1.12989 -0.192083 
0.422633 0.260409 0.46292 -0.136701 -1.65376 -0.160328 
0.477879 0.369634 -0.132307 -0.112218 -1.1655 -0.149113 
0.329194 0.0187812 0.872805 -0.204768 -1.68965 -0.0789439 
0.422479 0.079142 0.41714 -0.143861 -1.28798 -0.0822101 
0.478181 0.329206 -0.192661 -0.123808 -0.924454 -0.0875253 
0.328038 -0.364892 0.787163 -0.248899 -1.03202 0.093058 
0.422796 -0.0469646 0.311076 -0.177923 -0.858584 0.0267555 
0.47895 0.299115 -0.272338 -0.152025 -0.615373 0.0030359 
0.12811 -0.97927 0.864477 -1.12636 -0.501195 1.13164 
0.322378 -0.502519 0.540289 -0.656616 -0.443652 0.598372 
0.41959 -0.105526 0.137451 -0.473871 -0.386367 0.402585 
0.476839 0.288673 -0.38597 -0.507283 -0.245477 0.435654 
0.109733 -0.793441 0.344645 0.987456 0.717833 -0.851096 
0.30991 -0.451081 0.170755 -2.17647 -0.469238 2.23093 
0.12839 -0.472651 -0.327301 0.48605 1.19004 -0.251964 
0.32242 -0.269903 -0.323405 0.329906 0.9421 -0.189009 
0.419594 0.0166098 -0.461016 0.248274 0.775421 -0.138252 
0.476839 0.388077 -0.788113 0.179782 0.720948 -0.0768515 
0.328038 0.167753 -1.21805 0.213601 1.64446 0.0525712 
0.422796 0.250692 -1.00064 0.138087 1.33869 0.05827 
0.47895 0.547908 -1.15718 0.094125 1.19393 0.086697 
0.576659 0.369437 0.324027 0.121164 -1.70065 -0.3664 
0.546412 0.439539 -0.219879 0.110899 -1.22651 -0.393894 
0.628314 0.193318 0.685914 0.205937 -1.76207 -0.347345 
0.581247 0.205477 0.281488 0.175658 -1.36971 -0.385426 
0.549644 0.40234 -0.280585 0.179983 -1.00481 -0.422398 
0.637917 -0.138369 0.618307 0.324211 -1.20032 -0.454147 
0.588358 0.0872915 0.18221 0.317574 -0.986047 -0.479399 
0.55529 0.375405 -0.361224 0.359137 -0.734143 -0.549882 
0.735773 -0.653127 0.73242 0.843239 -0.698881 -0.96389 
0.648964 -0.292472 0.401199 0.733361 -0.657975 -0.833297 
0.596696 0.0271495 0.0146984 0.738663 -0.573684 -0.844561 
0.561947 0.366575 -0.477269 0.897289 -0.443551 -1.02432 
0.632112 -0.283701 0.0525008 -0.817748 0.331501 0.789774 
0.582695 0.0343399 -0.233623 -0.771881 0.274712 0.752793 
0.550026 0.386334 -0.645059 -0.556064 0.302069 0.535509 
0.735756 -0.290004 -0.444452 -0.53781 1.21704 0.457526 
0.649113 -0.0969655 -0.473802 -0.494351 1.04069 0.480143 
0.596696 0.160099 -0.623787 -0.475354 0.924795 0.492102 
0.561951 0.494454 -0.941088 -0.44442 0.895385 0.466508 
0.588357 0.519863 -1.39656 -0.263487 1.56944 0.300307 
0.706322 0.507372 0.130506 0.349155 -1.76568 -0.560341 
0.609916 0.525753 -0.33628 0.311341 -1.31286 -0.620929 
0.837897 0.407791 0.39897 0.505835 -1.84615 -0.563693 
0.711799 0.360244 0.0913583 0.423913 -1.48311 -0.630981 
0.614136 0.492003 -0.398873 0.413848 -1.11735 -0.692219 
1.01263 0.131209 0.596413 0.717985 -1.69031 -0.691979 
0.847053 0.139136 0.343491 0.62418 -1.41416 -0.736861 
0.718884 0.252892 -0.00374936 0.588081 -1.15418 -0.772411 
0.619693 0.467966 -0.481492 0.618289 -0.881837 -0.851572 
0.726691 0.197298 -0.168729 -2.15048 0.823867 -4.27313 
1.02534 0.0954084 -0.793072 -0.920584 1.44864 0.721467 
0.857108 0.193043 -0.779754 -0.818835 1.27443 0.718459 
0.726691 0.366851 -0.880774 -0.739926 1.14459 0.688551 
0.625744 0.644884 -1.16577 -0.655132 1.09359 0.608897 
0.811601 0.665745 -0.113741 0.542886 -1.83123 -0.749861 
0.66773 0.622644 -0.476105 0.488256 -1.41174 -0.830209 
0.9806 0.649758 0.0237362 0.727405 -1.91243 -0.778799 
0.81766 0.537858 -0.155649 0.630621 -1.59766 -0.852405 
0.672658 0.596426 -0.54835 0.611159 -1.2434 -0.931167 
0.988679 0.43473 -0.0279701 0.839909 -1.57977 -0.965332 
0.8246 0.44525 -0.251912 0.796965 -1.31957 -1.01369 
0.678127 0.578259 -0.637696 0.820924 -1.03919 -1.1015 
1.1799 0.344068 -0.590359 -1.57119 1.57213 1.32457 
0.841464 0.483404 -0.775753 -1.47016 1.24863 1.26208 
0.896416 0.856432 -0.427607 -2.44794 1.89252 -4.09303 
0.719323 0.739696 -0.657832 0.637547 -1.5138 -1.02998 
0.902808 0.752195 -0.483935 0.801984 -1.72288 -1.08294 
0.72527 0.725585 -0.745945 0.78083 -1.39444 -1.16299 
1.25063 1.01055 -0.715273 1.05108 -1.948 -1.27722 
1.08659 0.794006 -0.566846 -2.12571 1.77671 -4.39478 
1.25691 0.93597 -1.02263 1.2261 -1.81557 -1.64857 
-0.294076 0.0526957 0.443611 -0.847202 -1.84704 0.615831 
0.188972 0.174879 -0.209706 -0.733314 -1.14295 0.650428 
-0.299377 -0.054671 0.327193 -0.897253 -1.6712 0.839333 
0.18546 0.182182 -0.325501 -0.864766 -1.03568 0.84357 
-0.305211 -0.101168 0.157355 -1.00456 -1.52346 1.0953 
0.181381 0.206558 -0.466122 -1.06178 -0.947665 1.11323 
-0.833721 0.0572181 -0.0128099 2.00036 1.98841 -1.70536 
-0.311861 -0.0880427 -0.0700353 1.96555 1.43086 -1.73283 
-0.837886 0.11065 -0.39339 1.925 1.92555 -1.32047 
-0.31736 -0.011472 -0.37202 1.74773 1.42541 -1.35407 
-0.31941 0.156658 -0.808697 1.5325 1.52063 -0.917588 
0.170653 0.579131 -1.39187 1.1489 1.20097 -0.677972 
-0.119622 -0.00245893 0.50365 -0.724727 -1.7174 0.473719 
0.262823 0.20017 -0.234441 -0.639864 -1.06904 0.515053 
-0.125353 -0.115647 0.386683 -0.801228 -1.5034 0.696469 
0.25948 0.206514 -0.350822 -0.783676 -0.939962 0.718007 
-0.641076 -0.12957 0.493186 -1.05581 -1.90814 0.983971 
-0.132035 -0.164596 0.216162 -0.948518 -1.32182 0.971231 
0.255366 0.229539 -0.491016 -1.01359 -0.82812 1.01855 
-0.139278 -0.152884 -0.010295 1.95993 1.20582 -1.81114 
-0.654773 -0.155566 -0.131868 1.839 1.69357 4.90139 
-0.145406 -0.0775892 -0.308228 -1.47537 -1.20374 -4.51568 
-0.147803 0.0823851 -0.726114 1.38569 1.33024 -0.904636 
0.0655542 -0.0116106 0.518034 -0.560252 -1.60815 0.292313 
0.336168 0.23612 -0.272082 -0.506632 -1.00851 0.337617 
-0.367091 -0.0754912 0.816198 -0.868042 -1.93974 0.455284 
0.0601019 -0.130009 0.404024 -0.649279 -1.34747 0.497724 
0.332986 0.240945 -0.387275 -0.648745 -0.849418 0.534931 
-0.377269 -0.351173 0.67455 -0.923592 -1.60912 0.848608 
0.0536794 -0.183533 0.235993 -0.826139 -1.11215 0.780911 
0.32921 0.262246 -0.526647 -0.904782 -0.698283 0.858446 
-0.387587 -0.423767 0.402834 2.01763 1.39981 -1.87547 
0.046234 -0.175198 0.0112975 2.00006 0.948479 -1.93525 
-0.891186 -0.326683 0.11007 1.8764 1.84152 4.88259 
-0.395895 -0.351404 0.0241632 1.7404 1.35246 4.87562 
0.0397269 -0.102097 -0.284646 -1.56609 -0.941065 -4.52432 
-0.399032 -0.152171 -0.499658 1.48279 1.45612 -0.913899 
0.0371035 0.0553131 -0.697204 1.19655 1.11593 -0.841323 
0.250655 0.029146 0.483402 -0.354816 -1.54573 0.0710249 
0.408127 0.284473 -0.326633 -0.329718 -0.972107 0.112142 
-0.0258201 -0.164614 0.901228 -0.561096 -1.75289 0.223373 
0.246964 -0.0925147 0.375824 -0.423913 -1.24299 0.225159 
0.40601 0.287404 -0.437939 -0.435289 -0.782618 0.266011 
-0.0345984 -0.463936 0.755731 -0.672821 -1.27945 0.561981 
0.24231 -0.152692 0.214994 -0.57906 -0.934927 0.464367 
0.403504 0.306642 -0.575493 -0.661752 -0.572082 0.553072 
-0.510771 -0.782215 0.80589 -1.06439 -1.39444 1.22175 
-0.0451038 -0.5333 0.477101 -0.998669 -0.953173 1.03687 
0.236445 -0.152153 -0.00385872 -0.957404 -0.665181 0.93464 
0.400123 0.352949 -0.759032 1.87755 0.410411 -1.9065 
-0.524827 -0.67757 0.325052 1.75383 1.32289 4.90153 
-0.530296 -0.398959 -0.321423 1.47288 1.45988 -0.844965 
-0.0606697 -0.244752 -0.425376 1.15558 1.09977 -0.799782 
0.226153 0.0760492 -0.719282 0.919409 0.890612 -0.689746 
0.423417 0.11458 0.397019 -0.127075 -1.5444 -0.170372 
0.478176 0.346143 -0.398344 -0.119214 -0.97836 -0.154206 
0.330491 -0.0932337 0.848005 -0.192247 -1.69593 -0.0977056 
0.422637 -0.00498523 0.297754 -0.144745 -1.22732 -0.0998726 
0.477881 0.349339 -0.509211 -0.148195 -0.77152 -0.0868664 
0.329079 -0.395146 0.718452 -0.225041 -1.1336 0.0416374 
0.422328 -0.0695299 0.147638 -0.180255 -0.87501 -0.006402 
0.478181 0.368372 -0.646393 -0.201547 -0.514909 0.01366 
0.140187 -0.963364 0.88541 -0.633399 -0.650264 0.604637 
0.328032 -0.48615 0.456376 -0.383407 -0.600715 0.284604 
0.422751 -0.0783563 -0.062009 -0.303442 -0.464684 0.182686 
0.47895 0.414125 -0.831051 -0.486397 -0.187554 0.357673 
0.322371 -0.422471 0.0819341 -1.63801 -0.26569 1.63073 
0.476834 0.531894 -1.14293 0.383791 0.320149 -0.424826 
0.109743 -0.503118 -0.266133 0.757041 0.9268 -0.515934 
0.310036 -0.218191 -0.445805 0.576723 0.751036 -0.443846 
0.41056 0.149539 -0.800951 0.443454 0.701072 -0.348076 
0.57499 0.23581 0.260829 0.0929844 -1.59633 -0.4057 
0.544839 0.422772 -0.493812 0.092585 -1.02828 -0.428991 
0.622946 0.0967533 0.664552 0.148538 -1.77257 -0.391593 
0.577257 0.124458 0.166915 0.125541 -1.30126 -0.416147 
0.546517 0.429864 -0.609248 0.141721 -0.830539 -0.452307 
0.628522 -0.175213 0.557035 0.211479 -1.27476 -0.449649 
0.581274 0.0619121 0.0213882 0.208614 -0.973181 -0.468445 
0.549655 0.454563 -0.754424 0.273599 -0.593282 -0.553834 
0.719888 -0.629829 0.747497 0.47315 -0.895483 -0.699404 
0.637929 -0.283517 0.321219 0.432242 -0.787806 -0.647667 
0.588359 0.0526665 -0.184826 0.469276 -0.612879 -0.692786 
0.555286 0.513753 -0.961458 0.796516 -0.336072 -1.04593 
0.735961 -0.590736 0.294531 -1.81047 0.517598 1.59096 
0.561945 0.714399 -1.42369 -0.861269 0.457808 6.91328 
0.714988 -0.34176 -0.357018 -0.479129 0.758062 0.360682 
0.63212 -0.0619741 -0.580259 -0.387856 0.678574 0.307774 
0.582696 0.298525 -0.983319 -0.295719 0.706622 0.227691 
0.702427 0.385605 0.0727933 0.286486 -1.67149 -0.621479 
0.606805 0.518169 -0.622214 0.281424 -1.10508 -0.687688 
0.830849 0.329651 0.38155 0.411115 -1.86975 -0.625423 
0.706316 0.285858 -0.0193637 0.346571 -1.41607 -0.686285 
0.609912 0.533722 -0.750255 0.378469 -0.929938 -0.77241 
1.0008 0.15618 0.588252 0.58221 -1.85311 -0.700787 
0.837767 0.103843 0.288954 0.48712 -1.48096 -0.76056 
0.711754 0.230759 -0.164563 0.469068 -1.13454 -0.802376 
0.614136 0.57243 -0.91851 0.574254 -0.727889 -0.951988 
1.01229 -0.144695 0.411133 0.735125 -1.34286 -0.997006 
0.847016 -0.00232389 0.0741155 0.70947 -1.08907 -1.00345 
0.718892 0.227275 -0.376612 0.750414 -0.839062 -1.06606 
0.806711 0.558099 -0.169923 0.447646 -1.74439 -0.824495 
0.663497 0.634854 -0.791114 0.441414 -1.19129 -0.927419 
0.973905 0.586778 0.00998146 0.60174 -1.94231 -0.844634 
0.811601 0.47473 -0.267328 0.523059 -1.53365 -0.925404 
0.66765 0.668966 -0.949789 0.566743 -1.04079 -1.05777 
1.15415 0.54461 0.0620501 0.774722 -1.95904 -0.936606 
0.980316 0.407302 -0.0815995 0.679179 -1.64598 -1.00794 
0.817654 0.434687 -0.423402 0.658288 -1.29984 -1.07608 
0.672659 0.749673 -1.19136 0.794973 -0.865098 -1.29373 
0.891325 0.763896 -0.485503 0.568248 -1.80091 -1.02941 
0.714517 0.789991 -1.03201 0.569822 -1.26658 -1.15701 
0.896416 0.704674 -0.604439 0.653246 -1.6347 -1.15977 
0.719322 0.881936 -1.29181 0.71727 -1.12701 -1.34566 
1.24336 1.01848 -0.711309 -2.29972 1.98933 1.85682 
0.902799 0.700598 -0.808236 0.796535 -1.45888 -1.3515 
1.25072 0.918253 -0.966926 -2.17616 1.7627 1.56196 
-0.289543 -0.0473978 0.33289 -0.747355 -1.724 0.730904 
0.192032 0.257079 -0.60771 -0.78483 -0.934842 0.810833 
-0.294143 -0.0964604 0.170202 -0.805449 -1.55838 0.928146 
0.18897 0.322747 -0.804821 -0.956009 -0.841278 1.04925 
-0.299219 -0.0903405 -0.0430197 -0.905521 -1.41661 1.15683 
-0.828319 0.0529759 -0.0939309 2.18864 1.90949 -1.67359 
-0.305345 -0.0275658 -0.31939 2.08389 1.31421 -1.69719 
-0.311833 0.112716 -0.70636 -1.26686 -1.27968 -4.4559 
-0.114667 -0.103799 0.389301 -0.647648 -1.58761 0.561083 
0.265984 0.285856 -0.639397 -0.696006 -0.852171 0.654822 
-0.119624 -0.155254 0.226268 -0.729142 -1.39377 0.758395 
0.262946 0.352544 -0.839744 -0.891598 -0.737724 0.913342 
-0.633548 -0.16956 0.434307 -0.899408 -1.87077 1.02467 
-0.125349 -0.150344 0.0140023 -0.864973 -1.22717 1.00351 
0.259474 0.476183 -1.13819 -1.22557 -0.650717 1.333 
-0.641019 -0.21131 0.155959 2.16778 1.68367 -1.79414 
-0.132036 -0.0899619 -0.257974 2.06528 1.1077 -1.80931 
-0.139307 0.0427327 -0.629957 -1.36918 -1.08108 -4.50712 
-0.654772 0.131421 -0.880097 1.86497 1.56343 -0.938198 
0.0703624 -0.112546 0.401657 -0.504539 -1.47397 0.347305 
0.338822 0.327085 -0.686772 -0.560308 -0.779129 0.447211 
-0.358812 -0.177242 0.786494 -0.744668 -1.90788 0.519579 
0.0656655 -0.167531 0.241273 -0.595393 -1.24333 0.529785 
0.336114 0.396564 -0.893516 -0.767866 -0.632503 0.711742 
-0.367122 -0.385134 0.606033 -0.792076 -1.58438 0.844028 
0.0602422 -0.166096 0.0318628 -0.755709 -1.03411 0.780116 
0.332967 0.53138 -1.21396 -1.19901 -0.508889 1.22168 
-0.376894 -0.414695 0.313143 -0.954284 -1.35529 1.19245 
0.0536495 -0.10985 -0.235988 2.10246 0.871261 -1.97827 
-0.3959 -0.0795262 -0.662182 1.6368 1.30297 -0.983351 
0.039728 0.359061 -1.32668 1.19381 1.05362 -0.699511 
0.254048 -0.0701282 0.367486 -0.320352 -1.41098 0.0925681 
0.410013 0.383269 -0.754671 -0.370046 -0.72873 0.178086 
-0.0185373 -0.269074 0.864905 -0.486684 -1.71493 0.24599 
0.250731 -0.129136 0.212447 -0.391189 -1.14506 0.230379 
0.408127 0.458974 -0.973572 -0.546476 -0.540373 0.402367 
-0.0257441 -0.487167 0.67876 -0.57589 -1.29023 0.514936 
0.246907 -0.133348 0.00861456 -0.530271 -0.878909 0.438887 
0.406009 0.647197 -1.39143 -1.14904 -0.331526 1.07516 
-0.494309 -0.776004 0.820698 -0.864339 -1.42445 1.06916 
-0.0345318 -0.512128 0.381493 -0.812167 -0.965823 0.87776 
0.242276 -0.0832749 -0.254555 -0.847332 -0.627827 0.835719 
-0.0454195 -0.410107 -0.0141553 1.85956 0.796887 -1.66803 
-0.0556805 -0.176604 -0.574515 -1.84082 -0.93168 2.20868 
0.229758 0.397723 -1.38035 0.85063 0.876922 -0.563075 
0.42441 0.0191263 0.284133 -0.1168 -1.41201 -0.17834 
0.478718 0.458539 -0.851465 -0.138959 -0.714523 -0.14044 
0.332443 -0.191453 0.810565 -0.173962 -1.66219 -0.110505 
0.423417 -0.0417884 0.136005 -0.140503 -1.13063 -0.113552 
0.478177 0.54924 -1.09744 -0.211038 -0.488299 -0.0341424 
0.330464 -0.416565 0.639411 -0.207121 -1.17408 0.00739052 
0.422459 -0.0508599 -0.0607825 -0.185426 -0.828096 -0.0227095 
0.145902 -0.938618 0.893375 -0.447213 -0.843377 0.392297 
0.32906 -0.459614 0.355957 -0.311233 -0.721042 0.182093 
0.422359 -0.00670899 -0.31953 -0.301645 -0.481281 0.146475 
0.140177 -0.813913 0.417488 -1.03258 -0.431208 1.0653 
0.328024 -0.374863 -0.0290073 -0.848039 -0.285772 0.790834 
0.422796 0.111945 -0.68598 -1.47815 -0.134912 1.38708 
0.128183 -0.532948 -0.206876 0.898094 0.587942 -0.74898 
0.322371 -0.153479 -0.585718 0.590636 0.489895 -0.543951 
0.573717 0.145824 0.151938 0.076611 -1.46588 -0.436671 
0.543858 0.55711 -0.986721 0.0954587 -0.738545 -0.471719 
0.619882 0.00977884 0.632062 0.115405 -1.74536 -0.427857 
0.575048 0.087446 0.00826073 0.099946 -1.19715 -0.444671 
0.544832 0.711355 -1.34586 0.175475 -0.469138 -0.537877 
0.623053 -0.204083 0.484769 0.15103 -1.29673 -0.462821 
0.577257 0.0786559 -0.187854 0.154094 -0.904426 -0.478196 
0.706249 -0.606943 0.750783 0.288175 -1.06249 -0.592579 
0.628512 -0.267264 0.223888 0.267834 -0.861174 -0.56403 
0.581281 0.124738 -0.451827 0.319266 -0.575687 -0.620119 
0.719888 -0.586326 0.320272 0.714198 -0.573831 -1.01892 
0.637934 -0.203481 -0.150927 0.740045 -0.456051 -1.01981 
0.699354 0.302892 -0.0322807 0.24297 -1.54325 -0.669381 
0.604489 0.714578 -1.22603 0.31101 -0.7638 -0.797535 
0.825696 0.256979 0.354779 0.339201 -1.8499 -0.676332 
0.702341 0.252166 -0.176762 0.295684 -1.30422 -0.731136 
0.99182 0.171959 0.581073 0.486673 -1.95923 -0.720819 
0.830733 0.0731985 0.224434 0.393206 -1.48832 -0.787174 
0.706381 0.25034 -0.379491 0.398247 -1.04643 -0.838163 
1.00046 -0.127965 0.412196 0.559867 -1.46382 -0.9486 
0.837769 0.00757451 -0.0206282 0.542642 -1.12633 -0.966751 
0.711746 0.31155 -0.670449 0.629754 -0.769448 -1.07373 
1.01229 -0.177116 0.0358334 0.850176 -1.05416 -1.30784 
0.802859 0.486505 -0.274911 0.378322 -1.6166 -0.883038 
0.967766 0.527333 -0.0140168 0.49862 -1.9217 -0.899172 
0.806707 0.450919 -0.431361 0.446508 -1.41129 -0.983116 
0.973315 0.381445 -0.142054 0.556932 -1.64227 -1.04407 
0.811598 0.470823 -0.66469 0.567868 -1.18928 -1.13718 
0.980316 0.33844 -0.398643 0.697719 -1.34647 -1.2529 
0.8873 0.7093 -0.60124 0.478501 -1.66433 -1.09296 
1.06744 0.850126 -0.518578 0.58662 -1.93725 -1.14644 
0.891334 0.705864 -0.800344 0.553823 -1.48413 -1.22746 
0.896416 0.803844 -1.16403 0.687135 -1.2712 -1.44589 
1.2434 0.916153 -0.947088 0.765883 -1.75325 -1.53891 
-0.285492 -0.0933541 0.176643 -0.678618 -1.58189 0.821931 
-0.289644 -0.0894613 -0.031318 -0.746432 -1.42405 1.00567 
-0.818648 0.0659441 0.110606 -0.809177 -2.0071 1.2202 
-0.294073 -0.0319672 -0.297088 -0.850723 -1.28379 1.22745 
-0.823116 0.0597077 -0.191299 2.32254 1.81611 -1.64984 
-0.29927 0.0934768 -0.655929 2.13396 1.16687 -1.62044 
-1.18433 0.632753 -0.929898 2.4243 2.00205 5.06752 
-0.30532 0.444667 -1.3995 1.85271 1.07127 -1.09362 
-0.110286 -0.148583 0.229993 -0.595827 -1.44427 0.629624 
-0.11467 -0.14575 0.0229534 -0.684896 -1.26487 0.815001 
-0.627029 -0.197433 0.363286 -0.78084 -1.80987 1.05982 
-0.119623 -0.0903391 -0.238298 -0.823453 -1.1064 1.05256 
-0.63354 -0.201167 0.0577274 -0.845799 -1.60605 1.34087 
-0.12535 0.028373 -0.583791 2.10177 0.980877 -1.75616 
-1.0714 0.0845479 -0.225591 2.29897 1.97254 -1.45394 
-0.641025 -0.0826338 -0.373475 2.16753 1.45642 -1.46343 
-0.132072 0.300757 -1.18444 1.7432 0.925876 -1.21235 
-1.0767 0.333169 -0.97217 2.27777 1.74834 -0.993209 
0.0744364 -0.156423 0.240807 -0.467683 -1.33032 0.390147 
-0.351822 -0.260601 0.742268 -0.6454 -1.8474 0.572279 
0.070358 -0.156347 0.0364791 -0.563957 -1.12013 0.562575 
-0.358816 -0.405399 0.526184 -0.694435 -1.53721 0.843427 
0.0657198 -0.104068 -0.221265 -0.726291 -0.926417 0.80551 
-0.86505 -0.33344 0.569071 -0.841587 -1.95094 1.16998 
-0.367089 -0.39503 0.210068 -0.830195 -1.30275 1.13978 
0.0602433 0.00981369 -0.560152 -1.0158 -0.766298 1.19135 
-0.884194 -0.140527 -0.452012 2.10952 1.56479 5.12931 
0.256842 -0.114061 0.207119 -0.297288 -1.26757 0.109262 
-0.0124949 -0.351966 0.81424 -0.42659 -1.65449 0.263201 
0.254006 -0.117982 0.00684414 -0.372082 -1.02598 0.239497 
-0.0185179 -0.498293 0.591839 -0.50573 -1.27118 0.484082 
0.250736 -0.0701233 -0.247306 -0.514601 -0.783124 0.442786 
-0.479761 -0.76848 0.828537 -0.721662 -1.46256 0.960129 
-0.0257282 -0.482135 0.272869 -0.689989 -0.965082 0.776362 
0.246877 0.0400043 -0.584667 -0.843798 -0.548339 0.845634 
-0.494925 -0.693489 0.377128 2.20152 1.19945 -1.77988 
-0.0345569 -0.354606 -0.143685 -1.07403 -0.746466 1.27205 
0.242189 0.296055 -1.16389 1.40322 0.462775 4.99284 
-0.511235 -0.444685 -0.227918 -1.28511 -1.11457 1.89749 
0.425383 -0.0249675 0.126406 -0.108835 -1.26844 -0.185168 
0.334489 -0.271099 0.760425 -0.155227 -1.60766 -0.121189 
0.424048 -0.0321605 -0.068186 -0.136253 -1.01135 -0.124112 
0.33237 -0.427923 0.551726 -0.187978 -1.17462 -0.0211309 
0.423118 0.0123162 -0.32116 -0.190488 -0.732598 -0.0312827 
0.151273 -0.91697 0.89543 -0.353878 -0.988087 0.278248 
0.330441 -0.42755 0.243938 -0.273447 -0.778715 0.123422 
0.422637 0.123832 -0.667691 -0.348112 -0.409458 0.172429 
0.145893 -0.805458 0.43231 -0.650843 -0.561005 0.656088 
0.329022 -0.313972 -0.163931 -0.577398 -0.379268 0.489212 
0.422479 0.441712 -1.36459 -2.33681 -0.192083 2.22348 
0.128225 0.109947 -1.42867 0.527273 1.03867 -0.229292 
0.572816 0.102758 -0.00280142 0.0669807 -1.32017 -0.461671 
0.617956 -0.0641272 0.588047 0.094569 -1.69537 -0.457006 
0.573715 0.0966437 -0.19862 0.0869831 -1.06742 -0.470611 
0.619944 -0.223044 0.403025 0.118144 -1.28577 -0.481734 
0.575053 0.144026 -0.458619 0.13107 -0.789416 -0.50056 
0.698052 -0.58763 0.748979 0.19903 -1.19194 -0.560886 
0.623034 -0.243818 0.113488 0.187279 -0.891314 -0.540152 
0.577257 0.270934 -0.835943 0.276566 -0.458004 -0.631849 
0.706721 -0.577067 0.331354 0.399483 -0.694702 -0.763332 
0.628523 -0.146722 -0.290873 0.441074 -0.489551 -0.781901 
0.697103 0.264157 -0.186214 0.214449 -1.39402 -0.707773 
0.821844 0.193146 0.317536 0.285056 -1.80431 -0.716525 
0.699417 0.265005 -0.38925 0.265353 -1.16065 -0.770479 
0.82557 0.0505114 0.14999 0.327596 -1.46069 -0.810446 
0.702334 0.328156 -0.677416 0.36653 -0.901766 -0.884847 
0.991452 -0.116106 0.41025 0.447622 -1.54797 -0.929104 
0.830757 0.0245622 -0.129658 0.438474 -1.1189 -0.954997 
1.00044 -0.169348 0.0447282 0.625026 -1.123 -1.18445 
0.799821 0.458275 -0.435911 0.331768 -1.46038 -0.930796 
0.96346 0.474099 -0.0466624 0.418998 -1.87444 -0.940947 
0.802849 0.479202 -0.667027 0.399813 -1.24616 -1.03499 
0.967769 0.362013 -0.213955 0.465907 -1.59729 -1.07085 
0.806708 0.597288 -1.05053 0.534018 -0.991947 -1.21986 
1.14655 0.343213 -0.0931719 0.582403 -1.74196 -1.18093 
0.973297 0.359964 -0.5179 0.57784 -1.30589 -1.25775 
0.88406 0.706433 -0.794452 0.419338 -1.48916 -1.14916 
1.06342 0.808473 -0.551771 0.493499 -1.87654 -1.17858 
0.8873 0.80495 -1.15614 0.502736 -1.25764 -1.30914 
1.23728 0.913192 -0.932347 -2.51586 1.74431 1.63552 
-0.783396 1.11034 0.184607 -2.00702 -1.68952 0.249577 
-0.150534 1.08019 0.310524 -1.39178 -1.53839 0.177168 
0.373127 1.21598 -0.127824 -0.924305 -1.2651 0.379516 
-0.781481 0.712477 0.377296 -2.06192 -1.57328 6.86893 
-0.148211 0.784024 0.462842 -1.46117 -1.30434 0.484623 
0.37471 1.0801 -0.0439049 -1.03464 -1.03441 0.619828 
0.377706 0.955104 0.0164638 -1.18647 -0.839457 0.892268 
0.381764 0.843469 0.0524573 -1.39058 -0.707407 1.19468 
-0.766919 -0.0235125 0.16043 0.840408 1.81945 -1.47993 
-0.131145 0.0467935 0.518766 1.07003 1.09093 -1.47064 
-0.762541 -0.0191219 -0.151356 0.840124 2.00683 -1.20287 
-0.12655 -0.0779573 0.411878 0.897121 1.20324 -1.16221 
-0.122545 -0.13746 0.255434 0.781181 1.3479 -0.924085 
0.389437 0.571264 0.0715931 1.06039 0.654443 -1.06094 
-0.118917 -0.140018 0.0533829 0.707154 1.50671 -0.732365 
-1.07837 1.14786 0.062576 -2.23382 -1.7987 0.281617 
-0.578839 1.06342 0.412423 -1.76588 -1.58926 0.0931497 
0.0295927 1.07623 0.330627 -1.16322 -1.50533 0.150402 
0.438032 1.23785 -0.183502 -0.81977 -1.20104 0.369322 
-1.0772 0.663537 0.282573 0.875204 1.75982 -2.51765 
-0.576554 0.599929 0.625334 -1.82053 -1.42924 0.488949 
0.0320546 0.776766 0.483827 -1.23213 -1.23764 0.445302 
0.439694 1.10336 -0.0987141 -0.930837 -0.966994 0.602586 
0.442761 0.981457 -0.0412047 -1.09396 -0.761113 0.882447 
0.446163 0.872205 -0.00531925 -1.33199 -0.618546 1.21634 
-0.556369 -0.271884 0.377807 0.881135 1.63336 -1.29579 
0.0490443 0.0298782 0.533738 -2.03164 -0.909249 1.78568 
-0.550363 -0.253913 0.0549705 0.830104 1.82897 -1.01159 
0.053991 -0.0930278 0.423323 0.869932 1.03219 -0.994634 
0.0581383 -0.150122 0.263951 0.71716 1.19694 -0.735821 
0.453592 0.610101 0.00821557 0.967731 0.586119 -0.891591 
0.0618853 -0.150206 0.0595329 0.622203 1.37682 -0.54142 
0.455573 0.542682 -0.0137332 0.773981 0.656833 -0.64951 
-0.889595 1.0583 0.468676 -2.00958 -1.58965 0.0397384 
-0.297674 1.058 0.55184 -1.41836 -1.57673 -0.0385896 
0.210632 1.08028 0.310078 -0.917823 -1.46043 0.143029 
0.500672 1.2645 -0.249622 -0.698813 -1.12684 0.346373 
-0.887489 0.416465 0.729909 -2.05007 -1.54047 6.80372 
-0.294731 0.53373 0.786701 -1.46881 -1.31829 0.392231 
0.212953 0.784547 0.461197 -0.987775 -1.15977 0.413546 
0.502034 1.13231 -0.165005 -0.809478 -0.885943 0.571339 
-0.881568 -0.134371 0.718167 0.994544 1.65321 4.27555 
0.217913 0.495876 0.545026 -1.17886 -0.871495 0.797955 
0.505214 1.01216 -0.107549 -0.985661 -0.665505 0.860562 
0.508346 0.906116 -0.0739545 -1.27998 -0.509224 1.24947 
-0.269044 -0.450223 0.503208 0.8585 1.38935 -1.03377 
0.229171 0.0577004 0.501693 -2.03767 -0.714295 -4.3403 
-0.261491 -0.408478 0.165489 0.750636 1.61515 -0.746262 
0.233417 -0.0612004 0.38993 0.78333 0.864224 -0.774836 
0.513213 0.729295 -0.0565143 1.08769 0.461242 -0.982713 
-0.255022 -0.260387 -0.271995 0.71245 1.86047 -0.506012 
0.23738 -0.11532 0.229409 0.602398 1.06022 -0.505065 
0.515159 0.655927 -0.0677565 0.807929 0.529468 -0.651328 
0.24084 -0.113887 0.0236816 0.498647 1.26814 -0.319539 
0.516981 0.592541 -0.0918897 0.615835 0.62445 -0.413662 
-0.531925 1.1007 0.720331 -1.55953 -1.57359 -0.250221 
0.0475952 1.06258 0.596693 -0.981553 -1.62006 -0.0735314 
0.38288 1.09403 0.248803 -0.657058 -1.38913 0.138474 
0.561727 1.2975 -0.328155 2.5943 1.04071 -2.84272 
0.0511107 0.511073 0.841324 -1.02089 -1.22354 0.317949 
0.385041 0.807923 0.396017 -0.723703 -1.05596 0.373685 
0.56308 1.16607 -0.241914 -0.650611 -0.785051 6.79455 
0.0592631 -0.061926 0.916866 -1.41079 -0.835162 1.04569 
0.389767 0.533845 0.474227 -0.920874 -0.711916 0.735374 
0.565994 1.04823 -0.185671 -0.841198 -0.539655 0.812579 
-0.503075 -0.751459 0.677463 0.944689 1.56014 -1.12314 
0.568786 0.945654 -0.154962 -1.24814 -0.366912 1.31257 
-0.489896 -0.608041 0.18125 0.840285 1.81026 -0.773745 
0.0769869 -0.501411 0.531903 0.71193 1.10002 -0.68665 
0.398669 0.125534 0.423186 0.983662 0.52292 -0.930679 
0.0838404 -0.446769 0.18646 0.561832 1.39007 -0.408832 
0.402071 0.0151661 0.310831 0.601877 0.727214 -0.464997 
0.572601 0.778429 -0.144125 -2.32186 -0.393632 2.51603 
0.0898002 -0.290389 -0.254215 0.498134 1.6898 -0.209069 
0.405171 -0.0356784 0.151912 0.430017 0.963653 -0.221963 
0.574165 0.709974 -0.158749 0.55954 0.504704 -0.317216 
0.407598 -0.0330387 -0.055622 0.341311 1.20251 -0.0687093 
0.575574 0.651015 -0.18518 0.41227 0.626386 -0.128572 
0.393543 1.0577 0.543055 -0.499426 -1.59715 -0.014404 
0.540245 1.12188 0.145792 -0.367817 -1.28684 0.107542 
0.621991 1.33779 -0.42104 2.80522 0.944368 -2.9394 
0.3977 0.532033 0.775893 -0.520772 -1.08634 0.251983 
0.54296 0.848098 0.288815 -0.404577 -0.911504 0.289851 
0.623945 1.20529 -0.331659 -0.399295 -0.652154 6.66202 
0.404565 0.0116307 0.838216 -0.921757 -0.492524 0.865367 
0.547044 0.594294 0.358957 -0.56276 -0.508964 0.584312 
0.626689 1.09014 -0.278242 2.56934 0.362461 -2.47913 
0.114863 -0.901004 0.733742 0.621943 1.09297 -0.517613 
0.409798 -0.304912 0.713496 0.822165 0.464558 -0.734987 
0.549581 0.384286 0.357979 1.70572 0.231838 -1.58181 
0.628122 0.993031 -0.252923 -1.34527 -0.174445 1.52138 
0.12507 -0.702261 0.218822 0.473159 1.47206 -0.240911 
0.41359 -0.399624 0.459975 0.395778 0.862075 -0.206857 
0.551254 0.22846 0.297365 0.578255 0.387673 5.90683 
0.628931 0.909999 -0.24544 -2.41808 -0.238156 2.65877 
0.133903 -0.377109 -0.456063 0.434008 1.87657 -0.0324424 
0.416721 -0.353429 0.117931 0.282247 1.23453 -0.009639 
0.55271 0.128728 0.185183 0.308228 0.669605 -0.0434387 
0.629644 0.837048 -0.250358 -2.74833 -0.389531 3.03983 
0.419114 -0.201385 -0.327542 0.238883 1.59167 0.116711 
0.554095 0.0826453 0.0253403 0.212978 0.941997 0.104834 
0.630424 0.774004 -0.267689 3.40294 -0.537761 -3.06958 
0.555371 0.0883896 -0.184541 0.166749 1.20166 0.19795 
0.631162 0.719823 -0.296624 0.193453 0.677198 0.175152 
0.677958 1.06662 0.387992 -0.0134695 -1.45462 0.00156245 
0.681023 1.17058 -0.00437634 -0.0112228 -1.16623 0.00442493 
0.682936 1.38987 -0.536816 -3.15272 0.853072 3.14891 
0.686417 0.602272 0.596036 0.103463 -0.889068 0.0586488 
0.687577 0.909271 0.134102 0.122912 -0.735414 0.0320009 
0.688449 1.2542 -0.44437 0.172557 -0.50396 6.25555 
0.688146 0.681244 0.191919 0.297045 -0.302454 -0.0478296 
0.688734 1.14396 -0.397371 0.496333 -0.185327 -6.53554 
0.680457 -0.640018 0.609702 -0.0608252 0.811388 0.346384 
0.683576 -0.082599 0.520082 3.00216 -0.346071 -2.7033 
0.68641 1.05363 -0.377075 -0.442325 0.114495 -5.53439 
0.676798 -0.508472 0.114725 -0.0179475 1.31272 0.356938 
0.68103 -0.181642 0.285185 -0.027006 0.81572 0.373838 
0.68332 0.361727 0.122081 -3.19177 -0.435813 3.54436 
0.684775 0.976627 -0.372664 -0.0710575 0.315949 6.70916 
0.675253 -0.204737 -0.579512 -0.00412619 1.80349 0.388419 
0.679775 -0.151658 -0.0485037 -0.00689749 1.21939 0.395707 
0.682345 0.274099 0.0101881 -3.15441 -0.73498 -2.73632 
0.68396 0.909456 -0.380321 -0.0181895 0.490226 6.69601 
0.679191 -0.0041839 -0.511629 -0.00077767 1.61023 0.424779 
0.6819 0.235819 -0.151394 -0.00212778 1.01 0.427907 
0.683594 0.851103 -0.399527 -0.00417613 0.642987 0.431586 
0.681709 0.248124 -0.369135 0.000875818 1.27394 0.452566 
0.683287 0.800502 -0.429069 0.000752995 0.781421 0.453469 
1.00488 1.06627 0.390673 0.615635 -1.47772 -0.0656491 
0.887073 1.12882 0.12386 0.516993 -1.29154 -0.155586 
0.805002 1.25262 -0.220295 0.471594 -1.08175 -0.235144 
0.745332 1.46472 -0.697314 0.486935 -0.829154 5.93999 
1.01497 0.460432 0.616336 -2.08443 0.898796 2.71853 
0.897076 0.737564 0.292411 0.961958 -0.824576 -6.71749 
0.814447 1.01073 -0.0970302 0.964317 -0.719879 -0.532843 
0.75424 1.33206 -0.613731 1.11473 -0.584314 5.50653 
0.746976 1.22344 -0.562915 -1.4067 0.38944 1.80263 
0.988928 -0.195018 0.300467 -0.524992 0.94508 1.0179 
0.877007 0.192657 0.224994 -0.635356 0.624279 1.1309 
0.740821 1.13596 -0.539042 -0.739622 0.410308 -5.10907 
0.980722 -0.135602 -0.164453 -0.329625 1.39781 0.799133 
0.870887 0.10133 0.00645581 -0.331141 0.976165 0.829882 
0.737009 1.06278 -0.533402 2.73315 -0.537863 4.01785 
0.975263 0.189307 -0.975591 -0.284208 1.93854 0.671478 
0.86697 0.12891 -0.33021 -0.226513 1.34858 0.724866 
0.790676 0.450793 -0.221509 -0.239178 0.912021 0.751587 
0.734568 0.999038 -0.539805 -3.40593 -0.676274 3.90177 
0.864253 0.311368 -0.875788 -0.189641 1.76456 0.663183 
0.788684 0.423577 -0.3904 -0.172513 1.16353 0.697454 
0.733151 0.945496 -0.561248 -0.190941 0.808559 0.709327 
0.787247 0.451199 -0.630152 -0.13837 1.4206 0.669032 
0.732052 0.900336 -0.594386 -3.28917 -0.932631 3.82531 
1.02598 0.934056 -0.100618 1.44814 -0.92087 -0.806957 
0.903864 1.15289 -0.390559 1.40935 -0.826367 -0.882758 
0.801309 1.44247 -0.835079 1.49117 -0.728562 -1.08832 
0.789028 1.24712 -0.748481 -0.755989 0.706123 -4.99585 
1.14132 0.35487 -0.700882 -0.49121 1.65864 1.0326 
1.0021 0.434115 -0.398019 2.6661 -1.25644 -2.05441 
0.997312 0.502215 -0.799367 -0.374468 1.60859 0.933605 
0.879705 0.666497 -0.530561 -0.372973 1.16197 0.981343 
0.781221 1.11568 -0.746045 2.74318 -0.910437 -2.16007 
0.876763 0.662145 -0.727485 -0.296171 1.39194 0.893837 
0.778731 1.06455 -0.765869 -3.45548 -1.0156 4.05226 
0.776855 1.02436 -0.802729 -3.39847 -1.12096 4.00407 
1.26177 1.62186 -1.01511 -1.52322 1.63935 -4.10401 
1.12117 1.61687 -1.00508 -1.60371 1.52391 2.18335 
1.11527 1.22867 -0.66209 1.76757 -1.15931 -1.13214 
1.24944 0.911258 -0.680048 2.21312 -1.3745 4.76683 
1.10827 1.00419 -0.625595 -0.98385 1.17881 1.66906 
0.832345 1.41205 -1.05053 -0.766949 1.0254 -4.9304 
0.957001 0.990464 -0.835689 -0.576245 1.29973 1.24194 
0.952577 0.970101 -1.00724 2.6763 -1.49154 -2.03418 
0.823424 1.28032 -1.03645 2.65946 -1.18286 4.26243 
-0.781572 1.01527 0.242997 -1.93153 -1.91177 0.144484 
-0.147939 0.846925 0.436422 -1.32758 -1.72667 0.13116 
0.374329 0.917448 0.036681 -0.853085 -1.3767 0.307929 
-0.783277 0.622298 0.401361 -1.96228 -1.79846 0.501548 
-0.150532 0.549614 0.538832 -1.40928 -1.48678 0.475549 
0.373068 0.793037 0.0801435 -0.992499 -1.14114 0.567987 
-0.78148 0.279994 0.425296 1.11129 1.75089 4.07017 
-0.14821 0.275169 0.571857 -1.5763 -1.28322 0.899966 
0.374685 0.678908 0.101511 -1.1904 -0.920399 0.896658 
-0.142716 0.0610085 0.531382 1.32678 1.18918 -1.78735 
-0.77184 -0.0313561 0.0770733 0.96621 1.90822 -1.45397 
-0.13658 -0.0753399 0.426353 -2.0449 -1.22056 1.75424 
-0.131156 -0.139777 0.269163 0.929432 1.33 -1.07906 
-0.126551 -0.144297 0.0661392 0.822282 1.47455 -0.842297 
-0.12254 -0.0959845 -0.186201 0.759136 1.63704 -0.645646 
0.389438 0.345332 -0.0631498 -2.38107 -0.879671 2.49176 
-1.07709 1.17467 0.0476759 -2.16484 -1.99822 0.147911 
-0.576541 0.956578 0.475102 -1.7265 -1.81196 -0.00539522 
0.0320766 0.840272 0.456789 -1.11024 -1.67143 0.103981 
0.43948 0.94429 -0.0197295 -0.753357 -1.30672 0.289341 
-1.07837 0.690191 0.273517 -2.17169 -1.945 6.7731 
-0.578839 0.488764 0.654055 -1.74946 -1.65169 0.420728 
0.0295877 0.537854 0.561363 -1.19891 -1.38758 0.43667 
0.437827 0.822239 0.0255242 -0.893182 -1.06534 0.541568 
-0.576594 0.063468 0.680963 1.28463 1.55906 -2.18816 
0.0314633 0.257983 0.594435 -1.39432 -1.13239 0.871046 
0.439434 0.711466 0.0461045 -1.09822 -0.835585 0.870274 
-0.570705 -0.197463 0.5485 -2.01421 -1.58295 1.45596 
0.0374586 0.0415077 0.551365 1.43403 0.996433 4.52552 
-0.563355 -0.278356 0.292706 1.00181 1.70375 -1.29357 
0.0436387 -0.0941638 0.442388 -2.02972 -1.02306 1.86191 
-0.556365 -0.225074 -0.0640955 0.940231 1.87773 -0.979025 
0.0492544 -0.155906 0.28144 0.884874 1.15096 -0.92621 
0.449014 0.47788 -0.0154981 1.04892 0.645864 -0.996195 
0.0539924 -0.157557 0.0754043 0.744009 1.32022 -0.672861 
0.451447 0.429404 -0.0655609 -2.32172 -0.728408 2.43578 
0.0581397 -0.106664 -0.179223 0.659972 1.50737 -0.476653 
0.453564 0.393209 -0.128048 0.663103 0.832221 -0.495475 
-0.887487 1.09137 0.449786 -1.99534 -1.80229 -0.10918 
-0.294741 0.942221 0.618524 -1.4066 -1.78856 -0.126701 
0.212823 0.847428 0.433931 -0.872285 -1.6063 0.0889933 
0.502164 0.976123 -0.0849307 -0.636733 -1.23133 0.256108 
-0.889583 0.454075 0.719859 -1.9798 -1.73595 0.362525 
-0.296915 0.399908 0.82181 -1.42656 -1.51915 0.345609 
0.210665 0.549895 0.538381 -0.967712 -1.28197 0.392144 
0.500733 0.856931 -0.0398016 -0.774641 -0.980009 0.49912 
-0.887487 -0.109704 0.721314 1.1359 1.78115 4.14286 
-0.294832 -0.111747 0.85137 1.51505 1.30453 -2.14875 
0.212823 0.276501 0.569859 -1.18642 -0.971192 0.817651 
0.501912 0.749226 -0.01877 -0.986388 -0.737457 0.826776 
-0.287057 -0.394135 0.696344 1.20835 1.28997 -1.52181 
-0.277705 -0.45399 0.416547 0.973629 1.43314 -1.06789 
-0.268985 -0.377675 0.0479277 0.843673 1.64385 -0.746858 
0.22915 -0.125197 0.251293 0.785326 0.974068 -0.728091 
0.510996 0.526879 -0.0883319 0.923817 0.565151 -0.807794 
-0.261489 -0.192181 -0.438936 0.801811 1.8939 -0.47055 
0.233557 -0.124699 0.0429889 0.618928 1.18066 -0.465413 
0.513213 0.482216 -0.1414 0.680078 0.677362 -0.504171 
0.237431 -0.0718318 -0.214828 0.525479 1.40029 -0.278822 
0.515173 0.449744 -0.207004 0.531013 0.804266 -0.30378 
-0.527991 1.14108 0.694886 -1.60753 -1.79673 -0.399645 
0.0509662 0.944524 0.663672 -0.974613 -1.81954 -0.159181 
0.385079 0.87048 0.368779 -0.614899 -1.52882 0.0660006 
0.563073 1.01471 -0.161838 -0.487489 -1.15306 0.194395 
0.0476811 0.370259 0.878291 -1.00339 -1.39348 0.270489 
0.382912 0.58546 0.47108 -0.712027 -1.16664 0.327201 
0.561755 0.897017 -0.114928 -0.619299 -0.884176 0.42446 
0.385009 0.326635 0.500641 -0.934587 -0.797904 0.720106 
0.563079 0.792419 -0.0950096 -0.833193 -0.616873 0.74897 
0.565995 0.704971 -0.101706 -1.28855 -0.410148 1.31243 
-0.503064 -0.615498 0.197422 0.970046 1.75954 -0.841101 
0.0687029 -0.508217 0.447386 0.817055 1.10679 -0.762559 
0.0768887 -0.41806 0.0708501 0.632755 1.3965 -0.43979 
0.398727 -0.0498926 0.177191 0.600129 0.826759 -0.448877 
0.57088 0.583663 -0.17555 0.692118 0.502698 -0.506423 
0.0840809 -0.224514 -0.418117 0.557919 1.71536 -0.20645 
0.402271 -0.0473596 -0.0324543 0.440499 1.08149 -0.208874 
0.572618 0.543871 -0.232763 0.477762 0.656248 -0.23491 
0.405101 0.00794302 -0.296102 0.359591 1.33783 -0.052619 
0.574165 0.516019 -0.302468 0.362567 0.809215 -0.0717786 
0.397687 0.947876 0.604024 -0.470305 -1.80697 -0.109243 
0.542971 0.913203 0.259592 -0.318948 -1.4459 0.00776647 
0.623952 1.06183 -0.252667 -0.270071 -1.08509 0.0732597 
0.393596 0.406465 0.810153 -0.526385 -1.26139 0.175181 
0.540271 0.643902 0.360676 -0.410956 -1.04318 0.216023 
0.622454 0.942284 -0.200462 -0.389292 -0.780761 0.284283 
0.397677 -0.100268 0.836365 -0.841286 -0.631612 0.725104 
0.54307 0.403575 0.387838 -0.57759 -0.605065 0.525584 
0.623957 0.841136 -0.183267 -0.560332 -0.459984 0.567443 
0.102152 -0.920929 0.758809 0.806968 0.972676 -0.716828 
0.404536 -0.368708 0.671297 -2.08864 -0.448393 2.13998 
0.547022 0.223425 0.337008 -1.39335 -0.267188 -4.81559 
0.626689 0.758705 -0.195269 -1.27387 -0.202253 1.38839 
0.114824 -0.71892 0.238404 0.558479 1.35386 -0.332887 
0.40982 -0.415243 0.381836 0.462799 0.826326 -0.294853 
0.549582 0.113017 0.221856 0.567419 0.437428 -0.396004 
0.628125 0.696868 -0.231099 -2.50608 -0.28858 -3.57754 
0.125773 -0.391227 -0.437544 0.481483 1.77932 -0.082148 
0.413577 -0.330866 0.00495976 0.316437 1.22497 -0.0519535 
0.551254 0.0651366 0.0559774 0.305337 0.757798 -0.057889 
0.628931 0.650687 -0.281634 0.332601 0.498716 -0.0680171 
0.416322 -0.137351 -0.494751 0.266506 1.61672 0.0977303 
0.552711 0.0713957 -0.158184 0.217882 1.05726 0.0928568 
0.629666 0.616728 -0.343874 0.228925 0.689524 0.0870448 
0.554094 0.132462 -0.433396 0.176304 1.34347 0.191352 
0.630425 0.594328 -0.418693 0.175117 0.860974 0.183105 
0.686748 0.976066 0.435217 0.0824037 -1.72245 -0.110706 
0.687537 0.982807 0.0995951 0.0835237 -1.39467 -0.13821 
0.688454 1.12443 -0.368853 0.0947757 -1.06917 -6.45256 
0.677825 0.504139 0.626725 -0.0150745 -1.13088 0.00671192 
0.680939 0.726383 0.204961 -0.0127399 -0.931314 0.00733453 
0.682872 1.00045 -0.307904 -0.0132962 -0.69255 0.0102568 
0.686753 0.0872567 0.642083 0.198645 -0.425077 -0.0581685 
0.687824 0.508295 0.225057 0.198963 -0.428969 -0.0577511 
0.688453 0.900094 -0.293862 0.27941 -0.305682 -0.143354 
0.685525 -0.661191 0.637429 -0.14848 0.611949 0.356842 
0.687217 -0.145853 0.487108 -3.48899 -0.256538 3.71442 
0.688733 0.825732 -0.315736 -0.877603 0.114192 1.11117 
0.680322 -0.526514 0.135886 -0.048792 1.17132 0.323869 
0.68357 -0.202879 0.212998 -0.0674497 0.771453 0.355294 
0.68531 0.255959 0.0493295 -3.24707 -0.477502 3.5436 
0.68641 0.771959 -0.358303 -3.27798 -0.370036 3.57788 
0.676941 -0.220737 -0.558614 -0.0174631 1.69838 0.349975 
0.681027 -0.133412 -0.161452 -0.0212035 1.21401 0.36296 
0.683324 0.216657 -0.118627 3.11244 -0.821277 -2.76439 
0.684775 0.732524 -0.413845 -0.0390797 0.600828 0.390671 
0.679793 0.0688151 -0.701897 -0.00640591 1.65235 0.392711 
0.682335 0.229957 -0.34077 -0.00853203 1.13011 0.399038 
0.683959 0.704737 -0.481242 -0.0119422 0.795746 0.405123 
0.681897 0.304658 -0.641151 -0.00174615 1.43105 0.426977 
0.683594 0.688568 -0.562388 -0.00304224 0.968379 0.429968 
1.01437 1.12235 0.336294 0.792814 -1.86786 -0.122759 
0.897131 1.06395 0.143742 0.649552 -1.66086 -0.269605 
0.814411 1.09173 -0.138316 0.578851 -1.43047 -0.383955 
0.753994 1.21688 -0.54197 -2.57498 1.17363 -3.64541 
1.00495 0.502107 0.62919 0.660342 -1.21523 -0.264175 
0.887117 0.656822 0.336313 0.572144 -1.06944 -0.300102 
0.805242 0.841276 -0.0103794 0.535179 -0.90489 -0.350843 
0.745293 1.07715 -0.451096 0.561244 -0.706881 -0.445931 
1.01497 -0.000765855 0.598622 -1.65049 0.752863 -4.19189 
0.754028 0.988316 -0.456983 1.40416 -0.525967 -1.11583 
0.988965 -0.148241 -0.144224 -0.434927 1.29912 0.814491 
0.877007 0.0831842 -0.0656605 -0.433555 0.971558 0.847156 
0.980683 0.170874 -0.946216 -0.338066 1.84781 0.644603 
0.870892 0.151536 -0.453376 -0.278094 1.36817 0.696926 
0.793643 0.405472 -0.358095 2.86484 -1.0113 -2.42171 
0.737027 0.834805 -0.580639 -0.288761 0.796836 0.725297 
0.866935 0.441666 -1.17491 -0.23104 1.86728 0.605469 
0.790677 0.43367 -0.601274 -0.19579 1.29991 0.656495 
0.734685 0.813358 -0.654022 2.94166 -0.96836 -2.47495 
0.788688 0.551236 -0.978192 -0.158652 1.6177 0.621212 
0.733166 0.804969 -0.744877 -0.1526 1.12809 0.642537 
1.16899 1.25863 -0.149351 1.0447 -1.75324 -0.429873 
1.02585 1.21969 -0.250294 0.912364 -1.61507 -0.505589 
0.903773 1.23359 -0.438121 0.821099 -1.4434 -0.587639 
0.801309 1.32489 -0.74854 0.779959 -1.23378 -0.692069 
0.794916 1.03337 -0.678974 -0.929478 0.75645 -4.93465 
1.14875 0.343192 -0.677148 -0.609147 1.58328 1.03904 
1.00841 0.42635 -0.47912 2.55319 -1.27296 -2.0581 
0.789021 0.992586 -0.730458 -0.609517 0.890898 1.07879 
1.00204 0.558969 -0.98164 -0.452785 1.66816 0.882616 
0.883691 0.644925 -0.694185 2.71132 -1.28131 -2.20479 
0.879724 0.723954 -1.02191 -0.341943 1.56997 0.828054 
0.781257 0.952962 -0.880616 -3.47817 -1.1883 4.00047 
0.778746 0.960919 -0.997141 2.86841 -1.33649 -2.33542 
0.975712 1.45095 -0.874514 1.03788 -1.46484 -0.851585 
1.26184 1.21112 -0.699619 -1.52988 1.64369 2.08398 
1.25755 0.911386 -0.652269 1.90903 -1.36795 -1.40592 
1.24945 0.88085 -1.03342 2.23736 -1.60994 -1.82107 
0.962524 0.95229 -0.964616 2.45576 -1.39101 -1.94988 
0.956974 1.07406 -1.38106 -0.556928 1.69136 0.994997 
0.827402 1.15836 -1.12114 -0.543502 1.33067 1.06432 
-0.142641 0.605993 0.523803 -1.21536 -1.85216 0.163556 
0.37819 0.652333 0.0990169 -0.776096 -1.39475 0.303697 
-0.781477 0.533015 0.421585 -1.81241 -2.0027 0.45763 
-0.14821 0.329064 0.571096 -1.28833 -1.62579 0.503061 
0.374697 0.550927 0.103581 -0.922398 -1.18663 0.549843 
-0.783153 0.216519 0.407147 1.29535 1.93222 -2.2451 
-0.150532 0.0967752 0.545222 -1.4611 -1.42541 0.920804 
0.373115 0.461115 0.0855246 -1.15396 -0.983689 0.896476 
-0.142706 -0.140054 0.292721 1.1892 1.32666 -1.3476 
-0.13658 -0.15036 0.0874819 1.00509 1.42863 -1.01752 
-0.131153 -0.104024 -0.16681 0.891732 1.57756 -0.761538 
0.384751 0.289701 -0.185746 0.827262 0.945868 -0.699736 
-0.126549 0.000456262 -0.489572 0.835733 1.75434 -0.540015 
0.387221 0.28802 -0.29052 0.698327 1.06295 -0.507973 
-0.570584 0.842015 0.534426 -1.65803 -2.00577 -0.063356 
0.0375008 0.596955 0.543343 -1.01523 -1.77302 0.122247 
0.442737 0.686719 0.0424155 -0.68395 -1.32456 0.264808 
-0.576536 0.378298 0.676663 -1.6253 -1.85203 0.382504 
0.0319044 0.313267 0.593293 -1.10609 -1.49474 0.453383 
0.439473 0.587076 0.0480917 -0.832986 -1.10281 0.509864 
-0.579012 -0.0144958 0.661004 1.4516 1.72702 4.05574 
0.0295938 0.0760607 0.567703 -1.31393 -1.24428 0.884514 
0.438016 0.499704 0.030497 -1.07337 -0.88756 0.860485 
-0.576567 -0.229873 0.491167 1.31065 1.69194 4.56101 
-0.570677 -0.273694 0.203513 1.16716 1.7576 -1.30039 
0.0373245 -0.160509 0.310157 -1.95553 -1.11443 1.87814 
-0.563266 -0.186822 -0.191035 1.08299 1.90396 -0.945702 
0.0436982 -0.16771 0.101388 0.94367 1.24019 -0.888529 
0.0492544 -0.11832 -0.155831 0.796276 1.4198 -0.616699 
0.449004 0.338768 -0.24889 0.740943 0.883351 -0.575506 
0.053993 -0.0113999 -0.480503 0.717029 1.62735 -0.39923 
0.451443 0.340279 -0.35793 0.607534 1.01982 -0.380387 
-0.881568 1.12008 0.43506 -1.97913 -1.99699 -0.245289 
-0.287055 0.816379 0.68077 -1.35947 -1.97655 -0.182145 
0.218118 0.61063 0.517506 -0.792968 -1.6921 0.0797287 
0.505031 0.727268 -0.024177 -0.572589 -1.25379 0.20867 
-0.887585 0.489538 0.713348 -1.89885 -1.92787 0.219659 
-0.294492 0.26777 0.84649 -1.32883 -1.69702 0.317208 
0.212847 0.330642 0.569123 -0.898097 -1.3629 0.384747 
0.502063 0.629156 -0.017145 -0.721826 -1.01337 0.450407 
-0.297682 -0.202577 0.829078 1.66069 1.44739 -2.20286 
0.210633 0.0972318 0.544721 -1.13511 -1.05686 0.81264 
0.500727 0.544252 -0.0342942 -0.970892 -0.780713 0.804334 
-0.887488 -0.332936 0.468824 1.27462 1.95447 -1.67591 
-0.294727 -0.426662 0.636173 -1.75536 -1.37022 1.53464 
0.212805 -0.0596346 0.446765 1.60656 0.872311 4.52559 
-0.287056 -0.446952 0.327227 1.12956 1.45718 -1.12615 
0.218092 -0.134551 0.286308 -1.99067 -0.885902 -4.29985 
-0.277703 -0.339158 -0.0749167 0.96411 1.64812 -0.757887 
0.223967 -0.139759 0.0747249 0.831777 1.05239 -0.719309 
0.508339 0.405726 -0.226281 -2.30233 -0.67849 2.43604 
-0.268974 -0.108551 -0.629258 0.909702 1.90717 -0.427386 
0.229171 -0.0876906 -0.186795 0.657479 1.27721 -0.436038 
0.51091 0.39637 -0.32592 -2.52772 -0.834227 2.73257 
0.233703 0.0227154 -0.517443 0.567075 1.52452 -0.230432 
0.513211 0.402477 -0.441165 0.488219 0.996359 -0.22258 
0.0592394 0.815699 0.724674 -0.933151 -1.99616 -0.218779 
0.389765 0.647734 0.446518 -0.548029 -1.61311 0.0217181 
0.565996 0.775236 -0.103004 -0.425591 -1.18837 0.11967 
0.050985 0.230217 0.903459 -0.931081 -1.54125 0.228887 
0.385036 0.379775 0.499816 -0.655826 -1.23788 0.283154 
0.562971 0.677591 -0.0924358 -0.567685 -0.921196 0.350651 
0.0476092 -0.277413 0.886639 -1.20412 -1.09617 0.871931 
0.38289 0.157157 0.477269 -0.902791 -0.871186 0.684467 
0.561708 0.594823 -0.109335 -0.822274 -0.659463 0.704977 
-0.517222 -0.62463 0.220204 1.14214 1.69787 -0.936487 
0.0592625 -0.504289 0.361305 0.971694 1.08943 -0.884911 
0.565968 0.488744 -0.222283 -2.04687 -0.445892 -4.14521 
-0.502974 -0.327493 -0.451832 1.06073 1.95165 -0.521688 
0.0687127 -0.382577 -0.048615 0.727545 1.37389 -0.490213 
0.394672 -0.0678364 0.00525312 0.638136 0.890028 -0.472634 
0.568754 0.468272 -0.313588 0.633961 0.612161 -0.456005 
0.0777196 -0.145553 -0.601462 0.629154 1.72125 -0.204584 
0.399041 -0.0128833 -0.26172 0.467068 1.17456 -0.206929 
0.570877 0.465134 -0.421284 0.436857 0.813862 -0.188545 
0.402071 0.106763 -0.612165 0.387896 1.47214 -0.0311263 
0.572616 0.475546 -0.542813 0.338214 1.00502 -0.0320057 
0.404535 0.829807 0.655717 -0.42438 -1.98633 -0.185876 
0.547043 0.710033 0.329849 -0.262891 -1.5527 -0.0757431 
0.626717 0.833156 -0.196541 -0.212127 -1.14833 -0.0322961 
0.397689 0.283879 0.831162 -0.462225 -1.4155 0.0860602 
0.543251 0.456778 0.3876 -0.350025 -1.13524 0.120423 
0.623947 0.734562 -0.1813 -0.322373 -0.840143 0.164061 
0.393587 -0.188828 0.817942 -0.747204 -0.781409 0.581742 
0.54028 0.249275 0.366845 -0.566452 -0.698264 0.453441 
0.621869 0.652185 -0.195911 -0.561767 -0.525544 0.498502 
0.623946 0.591375 -0.243462 -1.22574 -0.253427 1.27055 
0.102152 -0.73962 0.266563 0.694529 1.20124 -0.477597 
0.404565 -0.421244 0.302995 0.58903 0.745242 -0.451013 
0.547024 0.0426372 0.108436 0.649286 0.44271 -0.520366 
0.626681 0.555308 -0.320913 0.635613 0.329678 -6.77221 
0.115727 -0.410803 -0.410402 0.544757 1.64478 -0.153803 
0.409853 -0.302173 -0.111364 0.363659 1.17554 -0.114286 
0.549581 0.0454241 -0.112589 0.321691 0.803997 -0.0996929 
0.628127 0.542652 -0.422395 0.303363 0.601554 -0.0730447 
0.413615 -0.0559655 -0.690077 0.297546 1.626 0.0755738 
0.551254 0.107286 -0.393207 0.228225 1.15109 0.0728113 
0.628931 0.54769 -0.540991 0.209658 0.848832 0.0867982 
0.552713 0.243988 -0.776815 0.18996 1.49439 0.186532 
0.629669 0.569403 -0.679138 0.165632 1.06484 0.184287 
0.687268 0.877234 0.473403 0.092519 -1.93229 -0.2031 
0.687467 0.800937 0.161417 0.0864807 -1.54577 -0.238312 
0.688746 0.908357 -0.317373 0.095118 -1.17574 -0.273485 
0.686604 0.415051 0.637933 0.0830737 -1.36537 -0.140056 
0.687805 0.567577 0.224061 0.0923285 -1.10505 -0.165082 
0.688415 0.805918 -0.291478 0.112684 -0.829326 -0.199992 
0.678859 0.0129113 0.634103 -0.0204783 -0.64671 0.0162847 
0.681017 0.370657 0.21021 -0.0188173 -0.580938 0.0157338 
0.682936 0.720649 -0.302937 -0.0207144 -0.417791 0.0189349 
0.684838 -0.68205 0.674328 -0.248973 0.328803 0.358751 
0.685438 -0.550225 0.167225 -0.10326 0.968456 0.293654 
0.687217 -0.216265 0.140828 -0.140768 0.663331 0.347143 
0.688151 0.189597 -0.0604084 -0.195507 0.461634 0.411806 
0.688735 0.63911 -0.4512 -0.224471 0.40324 0.443666 
0.680444 -0.242858 -0.528163 -0.0449564 1.5514 0.305701 
0.68357 -0.108068 -0.279781 -0.0513245 1.16875 0.327249 
0.685295 0.201062 -0.29041 3.07828 -0.870821 -2.79251 
0.68641 0.636305 -0.564816 -0.0754607 0.710467 0.366279 
0.681038 0.167918 -0.935833 -0.019933 1.687 0.353135 
0.68332 0.276115 -0.59508 -0.0224134 1.23819 0.364586 
0.68477 0.651581 -0.697423 -0.0265128 0.965089 0.373375 
0.682335 0.462957 -1.07214 -0.00772595 1.62846 0.394933 
0.68396 0.687634 -0.85812 3.13236 -1.18979 -2.74138 
0.886451 0.981837 0.179868 0.514422 -1.88978 -0.338241 
0.805919 0.92703 -0.0747316 0.427749 -1.59443 -0.441242 
0.746981 1.00611 -0.481024 0.40215 -1.27644 -0.531716 
1.01496 0.569842 0.590711 0.753132 -1.65358 -0.334188 
0.897324 0.604152 0.326289 0.653106 -1.43973 -0.437316 
0.814437 0.716016 -0.011433 0.613768 -1.22423 -0.527693 
0.753995 0.90818 -0.455387 0.633651 -0.989985 -0.645741 
1.00488 0.0107228 0.635849 0.862021 -0.859153 -0.650918 
0.887113 0.269308 0.342112 0.754373 -0.766017 -0.595287 
0.805009 0.524541 -0.00548806 0.723095 -0.65113 -0.612062 
0.745295 0.80983 -0.445002 0.801428 -0.502019 -0.735654 
0.897137 0.103045 0.158604 1.84556 -0.676213 -1.57978 
1.00126 -0.162917 -0.115442 -0.620445 1.17623 0.8766 
0.886484 0.0738809 -0.140382 -0.617945 0.938109 0.911616 
0.746977 0.753195 -0.631328 2.52443 -0.703921 4.04641 
0.98893 0.143303 -0.900049 -0.423158 1.72272 0.622581 
0.877032 0.185523 -0.589464 -0.36258 1.36119 0.670596 
0.79841 0.40541 -0.549835 2.79348 -1.09156 -2.4507 
0.740821 0.759439 -0.756704 -0.341129 0.933699 0.685551 
0.793635 0.514915 -0.916129 -0.23553 1.44585 0.600177 
0.737008 0.789983 -0.913163 -0.223532 1.1627 0.610379 
0.734691 0.85706 -1.12707 -3.30877 -1.39049 3.72466 
1.01677 1.14974 -0.216634 0.748604 -1.8452 -0.553849 
0.896077 1.08179 -0.371836 0.646427 -1.62143 -0.634791 
0.794705 1.11727 -0.676364 -2.54455 1.35309 2.42018 
1.16943 0.826987 0.0807276 1.02212 -1.65005 -0.604604 
1.02557 0.827403 -0.0688428 0.915559 -1.48597 -0.672516 
0.904049 0.886069 -0.300081 0.852492 -1.3026 -0.746124 
0.801309 1.02198 -0.648073 0.843474 -1.09412 -0.851893 
1.02585 0.426378 -0.235007 -1.22545 0.996765 1.54835 
1.15846 0.325322 -0.63813 -0.788064 1.47302 1.06721 
1.01677 0.426282 -0.564136 -0.761496 1.25154 1.09118 
0.896149 0.615988 -0.628094 -0.75255 1.07684 1.09053 
1.00841 0.673123 -1.26068 -0.566879 1.72471 0.793137 
0.784532 1.01457 -1.28149 -0.377148 1.44319 0.757455 
1.24945 1.69208 -1.0711 -2.16758 1.89002 2.2041 
1.1079 1.44033 -0.820846 -2.23136 1.79597 -4.01006 
0.969099 1.30121 -0.790876 0.834565 -1.63609 -0.876576 
1.1154 1.13203 -0.623626 -2.02327 1.53811 2.17339 
0.975724 1.11062 -0.696878 1.05888 -1.38344 -0.994031 
0.843599 1.16946 -0.906709 1.0344 -1.19986 -1.06472 
1.26183 0.959707 -0.691315 -1.54848 1.65126 1.84012 
1.25755 0.856176 -0.966222 1.95712 -1.50014 -1.75415 
1.11539 0.840823 -0.84153 -1.18412 1.32741 1.43554 
0.975739 0.912401 -0.856618 -1.18792 1.17688 1.43543 
0.969101 0.984909 -1.20483 2.30006 -1.44109 -2.04936 
-0.136567 0.370324 0.565821 -1.07746 -1.89195 0.267146 
0.381862 0.443272 0.0598696 -0.719688 -1.32364 0.352209 
-0.142838 0.136499 0.555449 -1.13346 -1.68065 0.574145 
0.378228 0.375175 0.0254079 -0.854737 -1.15278 0.570064 
-0.148164 -0.0352773 0.474721 -1.29267 -1.49514 0.946134 
0.374715 0.319364 -0.0297234 -1.08552 -0.988665 0.897465 
-0.148212 -0.155004 0.124604 -1.79783 -1.39264 1.79696 
0.374766 0.267113 -0.215858 -1.81345 -0.864636 1.845 
-0.142705 -0.115868 -0.132147 1.12809 1.4892 -0.975975 
0.378201 0.273413 -0.343035 -2.13374 -0.953606 2.26597 
-0.136576 -0.0146241 -0.456615 0.99433 1.65154 -0.674489 
0.381764 0.300357 -0.490854 0.802067 1.09617 -0.582245 
-0.131137 0.184131 -0.927249 0.950215 1.86685 -0.382411 
0.384753 0.348383 -0.664379 0.678845 1.25574 -0.37828 
0.043711 0.359584 0.583784 -0.90263 -1.79176 0.196542 
0.446421 0.484431 0.00322698 -0.633297 -1.25683 0.287254 
-0.570583 0.266088 0.691449 -1.4614 -2.00104 0.398763 
0.0374685 0.119082 0.575472 -0.984457 -1.5293 0.49753 
0.442848 0.417196 -0.0301952 -0.773676 -1.06789 0.508675 
-0.576541 -0.0842775 0.634704 1.66263 1.84241 -2.23428 
0.0319156 -0.0567523 0.495255 -1.18266 -1.29806 0.885637 
0.439477 0.363912 -0.0863459 -1.02125 -0.885768 0.85089 
-0.576526 -0.259848 0.111931 1.3789 1.78463 -1.31793 
0.03229 -0.1767 0.143938 1.32002 1.16748 -1.29466 
-0.570566 -0.139661 -0.325206 1.26515 1.89692 -0.918176 
0.0374657 -0.134809 -0.115621 1.04645 1.29224 -0.878995 
0.442759 0.322614 -0.404177 -2.20702 -0.865947 2.35291 
0.0436994 -0.0310329 -0.441957 0.876056 1.4921 -0.561438 
0.446161 0.354106 -0.559838 0.714028 1.03586 -0.480062 
0.0492574 0.168255 -0.911021 0.801065 1.74982 -0.282446 
0.449034 0.409349 -0.746134 0.588156 1.22194 -0.273458 
0.22401 0.381512 0.554686 -0.704354 -1.69961 0.112626 
0.508339 0.535664 -0.0673727 -0.526224 -1.19408 0.201598 
-0.287026 0.135624 0.860489 -1.19086 -1.82724 0.324893 
0.218095 0.142919 0.549753 -0.803101 -1.38563 0.390491 
0.505153 0.467942 -0.0979926 -0.66768 -0.981536 0.423378 
-0.294726 -0.279166 0.797475 -1.30051 -1.54173 0.893798 
0.212811 -0.0330685 0.472722 -1.03432 -1.09709 0.785233 
0.502081 0.414126 -0.151995 -0.931299 -0.773732 0.780484 
-0.889581 -0.325543 0.487169 1.49532 2.00404 4.53415 
-0.297675 -0.445776 0.57124 1.59003 1.41945 -1.69772 
-0.29471 -0.430803 0.236187 1.32292 1.4581 -1.20741 
0.212778 -0.153315 0.12295 -1.87068 -0.928371 1.91534 
-0.287061 -0.293528 -0.202064 1.11846 1.62099 -0.7873 
0.218092 -0.109922 -0.139091 0.920922 1.0936 -0.745597 
-0.27763 -0.00148917 -0.857529 1.04076 1.89052 -0.376218 
0.223985 -0.00215938 -0.472733 0.71886 1.3476 -0.412678 
0.508341 0.419221 -0.64698 0.592838 0.989832 -0.345227 
0.22917 0.209761 -0.964699 0.627993 1.6645 -0.148416 
0.510991 0.485708 -0.85305 0.473597 1.21106 -0.145044 
0.394769 0.434848 0.478997 -0.48188 -1.62551 0.00731881 
0.568742 0.593434 -0.148452 -0.383281 -1.14363 0.0798601 
0.059266 0.0927828 0.914788 -0.824658 -1.65075 0.202957 
0.389751 0.205586 0.478877 -0.577408 -1.2651 0.241203 
0.565992 0.525159 -0.175804 -0.511156 -0.899485 0.287764 
0.0507912 -0.354124 0.852432 -1.04654 -1.18314 0.768033 
0.384965 0.0335041 0.407113 -0.818804 -0.9095 0.617715 
0.563077 0.471483 -0.22851 -0.783756 -0.6516 0.652684 
-0.532055 -0.753121 0.741508 1.57049 1.55889 -1.55915 
-0.528005 -0.634139 0.248813 1.3505 1.63348 5.22114 
-0.51694 -0.34414 -0.417872 1.20875 1.83723 -0.600677 
0.0592634 -0.340951 -0.170591 0.857706 1.31623 -0.572382 
0.389733 -0.0419755 -0.205188 0.717472 0.913433 -0.53738 
0.0687106 -0.044585 -0.820997 0.717928 1.70195 -0.204033 
0.394673 0.0732455 -0.554441 0.510755 1.24366 -0.214055 
0.568755 0.499314 -0.759615 0.42419 0.97368 -0.163008 
0.398722 0.321426 -1.11397 0.429609 1.64351 0.0183326 
0.570872 0.583784 -0.997151 0.33044 1.23934 0.0109967 
0.549581 0.518545 0.355973 -0.229715 -1.58465 -0.130813 
0.628088 0.661936 -0.245224 -0.188554 -1.12391 -0.097301 
0.404565 0.166409 0.836121 -0.386468 -1.5411 0.00664516 
0.547058 0.301985 0.363722 -0.28332 -1.19208 0.0267917 
0.626674 0.592628 -0.267994 -0.25973 -0.844764 0.0542328 
0.397589 -0.258392 0.78588 -0.595845 -0.90306 0.406603 
0.542951 0.136253 0.299666 -0.468841 -0.759217 0.318777 
0.623937 0.537659 -0.317883 -0.483869 -0.531831 0.369997 
0.393585 -0.432206 0.562274 -1.33717 -0.514373 1.30398 
0.540164 0.0404154 0.162829 2.07353 0.404773 -2.10985 
0.621797 0.505765 -0.401002 1.92831 0.289199 4.34056 
0.0885063 -0.759994 0.301662 0.911514 1.04084 -0.703406 
0.397688 -0.415462 0.222298 0.819921 0.64678 -0.716605 
0.54295 0.0183033 -0.0430566 0.850721 0.426723 -0.770593 
0.623946 0.503093 -0.525805 0.71474 0.367833 -0.625353 
0.102949 -0.436651 -0.371281 0.643285 1.46428 -0.264296 
0.404847 -0.268198 -0.228595 0.442095 1.07623 -0.215444 
0.547023 0.0686869 -0.322012 0.370447 0.800606 -0.183468 
0.626689 0.533733 -0.693259 0.307991 0.6862 -0.12095 
0.409783 0.0487629 -0.923214 0.334765 1.60957 0.0446848 
0.549581 0.200336 -0.703356 0.244563 1.22331 0.0428002 
0.628127 0.604012 -0.915346 0.199659 1.02051 0.0740907 
0.628931 0.749047 -1.25975 0.160424 1.35793 0.192314 
0.685358 0.630686 0.182402 0.0484481 -1.59356 -0.307186 
0.6864 0.746989 -0.370309 0.0536926 -1.15777 -0.330593 
0.685526 0.444844 0.952237 0.0927027 -1.97851 -0.198184 
0.6871 0.327745 0.633777 0.0864633 -1.54478 -0.238147 
0.688167 0.43359 0.195908 0.0931739 -1.21404 -0.269098 
0.688733 0.678139 -0.387295 0.114234 -0.877211 -0.310003 
0.686746 -0.038209 0.60275 0.105876 -0.878971 -0.190905 
0.687796 0.274286 0.143813 0.123343 -0.733591 -0.215347 
0.688486 0.619283 -0.428841 0.171126 -0.508371 -0.273497 
0.672329 -0.690691 0.711747 -0.765876 -0.0281154 0.765676 
0.677959 -0.2216 0.405781 -0.0729737 -0.184653 0.0717382 
0.681016 0.178988 0.0120257 -0.0543223 -0.191278 0.0533334 
0.68293 0.587257 -0.516988 -0.112622 -0.070632 0.11231 
0.684766 -0.577801 0.210518 -0.126399 0.682792 0.220891 
0.686753 -0.221711 0.0711529 2.96058 -0.468842 -2.85656 
0.687797 0.163854 -0.205081 -0.235202 0.361964 0.344011 
0.688458 0.595646 -0.662657 -0.223186 0.387263 0.33099 
0.683303 -0.274685 -0.480528 -0.0857102 1.33835 0.253562 
0.687219 -0.0774249 -0.399669 -0.0991545 1.06223 0.284486 
0.688147 0.229734 -0.511123 -0.114526 0.867637 0.31071 
0.688735 0.649374 -0.869198 -0.121841 0.806643 0.321355 
0.683576 0.346695 -1.30922 -0.0478753 1.74279 0.298833 
0.685309 0.402879 -0.969576 -0.0496314 1.34748 0.319251 
0.68641 0.766505 -1.17256 -0.0530284 1.1871 0.328879 
0.798329 0.770548 -0.0482405 0.308111 -1.6403 -0.502945 
0.740832 0.85188 -0.53197 0.288225 -1.24086 -0.573179 
1.00126 0.611885 0.570889 0.610894 -1.93136 -0.366324 
0.88658 0.535869 0.324828 0.487004 -1.62524 -0.484906 
0.80588 0.596756 -0.0352866 0.441131 -1.33028 -0.564027 
0.746978 0.789516 -0.552179 0.456817 -1.01442 -0.662901 
1.01499 0.0728301 0.621739 0.781706 -1.31523 -0.657393 
0.897231 0.245423 0.299877 0.724505 -1.14087 -0.691308 
0.814453 0.456527 -0.0871354 0.722641 -0.959793 -0.761106 
0.753957 0.736786 -0.5995 0.809986 -0.750878 -0.917021 
1.01497 -0.180729 -0.0719707 2.21563 -1.02141 -2.12318 
0.897127 0.0722165 -0.21184 2.22397 -0.860961 -2.09832 
1.00127 0.112072 -0.84405 -0.566147 1.55433 0.618916 
0.886507 0.231335 -0.737611 -0.504334 1.3128 0.653723 
0.805934 0.463032 -0.817952 2.6688 -1.1448 -2.48113 
0.74699 0.837448 -1.16929 -0.434197 1.09958 0.616972 
1.00841 1.07002 -0.182852 0.615065 -1.97413 -0.619896 
0.889063 0.940848 -0.344563 0.512201 -1.68126 -0.702888 
0.788951 0.978395 -0.738702 0.47692 -1.32383 -0.790858 
1.15922 0.859662 0.0620728 0.841487 -1.89765 -0.624748 
1.01635 0.77407 -0.072112 0.7186 -1.67315 -0.711415 
0.896127 0.784738 -0.329039 0.65434 -1.41867 -0.788656 
0.795003 0.91998 -0.759248 0.654886 -1.12546 -0.895387 
1.16893 0.480341 0.106947 1.02295 -1.48182 -0.877662 
1.02591 0.539847 -0.09362 0.96137 -1.30045 -0.928139 
0.903772 0.661318 -0.380616 0.944015 -1.11147 -1.00137 
0.801316 0.875551 -0.816058 1.00687 -0.903211 -1.15053 
1.0259 0.43161 -0.644023 2.11153 -1.17274 -2.00514 
0.903766 0.62819 -0.819379 2.15884 -1.06011 -2.05716 
1.2416 1.72944 -1.12537 -2.33994 2.0071 -4.1354 
1.10047 1.36341 -0.773923 -2.38933 1.91604 -4.05666 
0.962522 1.17075 -0.757714 0.679822 -1.70351 -0.939789 
0.832304 1.15193 -1.03642 0.647069 -1.3915 -1.02295 
0.969355 1.02485 -0.731431 0.835637 -1.48997 -1.03713 
0.837991 1.10513 -1.07202 0.837699 -1.21951 -1.14554 
1.25755 0.946738 -0.628337 -1.96313 1.57942 -4.33621 
1.12114 0.88303 -0.96885 1.57562 -1.51318 4.62647 
0.982767 0.968847 -1.11016 1.59871 -1.37706 -1.71482 
-0.13115 0.162612 0.555313 -0.944156 -1.85212 0.403742 
0.384754 0.31758 -0.0868996 -0.698714 -1.18994 0.436105 
-0.13666 -0.0114508 0.488305 -0.994556 -1.65457 0.669393 
0.381766 0.286985 -0.160129 -0.827098 -1.05248 0.634857 
-0.142704 -0.117707 0.359758 -1.12853 -1.48666 0.981377 
0.378194 0.270422 -0.254019 -1.0411 -0.92595 0.93196 
-0.148208 -0.15543 0.171793 1.79533 1.38948 -1.78303 
-0.150532 -0.128649 -0.0768353 1.53329 1.39277 -1.36196 
-0.148266 -0.0373591 -0.397667 1.29335 1.49483 -0.950082 
0.37471 0.360593 -0.741459 1.03596 1.03282 -0.803303 
-0.142653 0.148049 -0.853973 1.13517 1.68659 -0.562099 
0.378193 0.474804 -1.03073 0.810994 1.25745 -0.447203 
0.0492563 0.150878 0.571539 -0.798546 -1.73564 0.297262 
0.449045 0.365195 -0.145543 -0.616018 -1.1253 0.345316 
0.0436987 -0.0282318 0.506062 -0.875788 -1.49521 0.557716 
0.446162 0.334591 -0.218091 -0.751888 -0.969396 0.550623 
-0.570584 -0.146647 0.599065 -1.26152 -1.89335 0.930664 
0.0374624 -0.137915 0.378346 -1.04897 -1.28719 0.88802 
0.442755 0.317764 -0.311753 -0.989594 -0.822749 0.871597 
0.0319069 -0.17709 0.190581 1.81383 1.16365 -1.82734 
-0.578839 -0.240652 0.0185158 1.6145 1.76186 -1.34447 
0.0295785 -0.150203 -0.0577052 -1.66097 -1.1677 -4.48597 
0.437703 0.350465 -0.598396 1.31278 0.782462 -1.21582 
-0.576548 -0.0838211 -0.467292 1.47915 1.84245 -0.906652 
0.0318964 -0.058186 -0.377675 1.1835 1.29696 -0.888327 
0.439477 0.419552 -0.81966 -2.1981 -0.953894 2.41885 
0.0374823 0.12633 -0.829822 0.984028 1.53406 -0.490032 
0.442754 0.558865 -1.15442 0.710253 1.2221 -0.354564 
0.229173 0.180463 0.540556 -0.62643 -1.63703 0.168367 
0.510996 0.422166 -0.217229 -0.509438 -1.06794 0.229771 
-0.277699 0.00605973 0.860686 -1.04315 -1.89453 0.369159 
0.223985 0.00110845 0.479412 -0.718037 -1.35184 0.40889 
0.508341 0.390966 -0.288281 -0.646071 -0.887921 0.435191 
-0.287048 -0.341993 0.754406 -1.11631 -1.58468 0.862151 
0.21809 -0.111443 0.355627 -0.922819 -1.09061 0.749854 
0.505154 0.374316 -0.382462 -0.908295 -0.711343 0.78106 
0.212739 -0.153593 0.170378 1.8601 0.92477 4.38466 
-0.889584 -0.305886 0.0694402 1.68047 1.99712 -1.31057 
-0.297911 -0.408557 0.142854 1.53102 1.42302 -1.30281 
-0.294712 -0.240614 -0.334419 1.29933 1.5569 -0.839154 
0.212819 -0.0353506 -0.399802 1.03683 1.09535 -0.78997 
0.502083 0.492986 -0.921239 -2.32762 -0.880795 2.53395 
-0.286644 0.155646 -1.17162 1.19563 1.83328 -0.305603 
0.218093 0.156373 -0.865513 0.800783 1.39695 -0.378325 
0.505147 0.693842 -1.36695 0.577791 1.22883 -0.226304 
0.398736 0.248542 0.462593 -0.428468 -1.56946 0.0155006 
0.570879 0.488204 -0.302553 -0.367923 -1.0254 0.0755987 
0.0687129 -0.0391231 0.910343 -0.718439 -1.70618 0.20027 
0.394673 0.0737143 0.408303 -0.510613 -1.24438 0.213633 
0.568754 0.456492 -0.371723 -0.48626 -0.81586 0.261845 
0.0592616 -0.411293 0.80426 -0.885106 -1.23985 0.667146 
0.389742 -0.0407916 0.291706 -0.715716 -0.91627 0.534406 
0.565995 0.439513 -0.465804 -0.75496 -0.593134 0.614634 
-0.528056 -0.754611 0.766651 -1.34294 -1.54962 1.42578 
0.384937 -0.0869265 0.110899 -1.1701 -0.676527 1.10978 
-0.527982 -0.363434 -0.375712 1.38505 1.70542 -0.713967 
0.0509671 -0.291577 -0.297221 1.01801 1.22963 -0.685792 
0.384965 0.0310613 -0.467074 0.821478 0.906358 -0.622023 
0.563079 0.589243 -1.06212 -2.5214 -0.828094 2.70909 
0.0591909 0.0930415 -1.10157 0.824303 1.65188 -0.202884 
0.389731 0.243658 -0.973709 0.569907 1.30333 -0.215243 
0.551215 0.348066 0.339036 -0.207919 -1.54301 -0.161398 
0.628932 0.566465 -0.406833 -0.185267 -1.01195 -0.127476 
0.409783 0.0533284 0.825791 -0.334838 -1.61398 -0.0462261 
0.549581 0.183491 0.292177 -0.246994 -1.19678 -0.0357081 
0.628125 0.53467 -0.473739 -0.243713 -0.776084 -0.00392224 
0.4045 -0.30764 0.737516 -0.459263 -1.01621 0.249491 
0.547024 0.0689913 0.185617 -0.369895 -0.801784 0.182718 
0.626688 0.516955 -0.566599 -0.420024 -0.490184 0.254894 
0.0885096 -0.949017 0.847932 -1.31318 -0.782712 1.3404 
0.397824 -0.439045 0.494012 -0.978193 -0.560098 0.908332 
0.542947 0.0182787 0.0112076 -0.84285 -0.429496 0.761856 
0.623946 0.525714 -0.703939 -1.24434 -0.251758 1.17922 
0.393587 -0.396766 0.134779 -2.01434 -0.558487 2.08147 
0.540241 0.0398062 -0.239239 1.07665 0.401821 -1.04101 
0.621977 0.579633 -0.912556 -2.43767 -0.425882 2.48341 
0.0885054 -0.464188 -0.323023 0.79916 1.25801 -0.431748 
0.397687 -0.225241 -0.350689 0.57526 0.943805 -0.37267 
0.54294 0.142557 -0.589923 0.462605 0.769343 -0.310481 
0.623946 0.741765 -1.30331 3.46109 -0.84795 -3.30166 
0.404548 0.212318 -1.25735 0.386021 1.58053 0.00918937 
0.547024 0.427969 -1.23194 0.271231 1.32507 0.0130808 
0.683432 0.479193 0.16397 0.021253 -1.56228 -0.357544 
0.684774 0.661751 -0.539941 0.0255717 -1.04112 -0.371346 
0.683516 0.237745 0.620182 0.0473193 -1.63848 -0.303762 
0.685312 0.327338 0.124515 0.0513104 -1.23279 -0.325284 
0.686497 0.631289 -0.603994 0.0680503 -0.809004 -0.356089 
0.687212 -0.0770045 0.554513 0.0990382 -1.06268 -0.284258 
0.688146 0.217717 0.0279895 0.118145 -0.832311 -0.316195 
0.688779 0.616022 -0.698965 0.180799 -0.507078 -0.395082 
0.68486 -0.679152 0.739163 0.216336 -0.379681 -0.323987 
0.68675 -0.22777 0.343191 0.194578 -0.434315 -0.30009 
0.687796 0.163177 -0.138077 0.245086 -0.346371 -0.35458 
0.688453 0.628629 -0.846066 0.725218 -0.125563 -0.845017 
0.672329 -0.599386 0.257248 0.0566832 0.34263 -0.0533994 
0.677959 -0.213127 -0.00398659 0.0607952 0.21749 -0.0593372 
0.681016 0.184528 -0.397065 3.19047 -0.21277 -3.18937 
0.682937 0.707541 -1.10549 0.0204775 0.397777 -0.0187771 
0.683544 -0.31225 -0.419498 -0.0906707 1.04493 0.167806 
0.68677 -0.0415214 -0.518421 -0.10629 0.874391 0.19152 
0.687796 0.3152 -0.804052 3.02694 -0.803845 -2.93833 
0.793394 0.633556 -0.063547 0.233724 -1.60998 -0.561093 
0.736953 0.77754 -0.711299 0.229043 -1.10716 -0.624071 
0.877081 0.462246 0.315501 0.358033 -1.71146 -0.539367 
0.798401 0.500631 -0.102626 0.316733 -1.33146 -0.602575 
0.740804 0.757841 -0.789365 0.347707 -0.906419 -0.696891 
1.00128 0.108762 0.618256 0.56668 -1.55023 -0.621615 
0.886506 0.209033 0.260198 0.509401 -1.28036 -0.672345 
0.805928 0.406055 -0.199672 0.510453 -1.01376 -0.739823 
0.746977 0.759483 -0.908282 0.636186 -0.682092 -0.929538 
1.01499 -0.187703 0.417972 0.937225 -1.00741 -1.03962 
0.814457 0.363649 -0.373288 -2.15557 0.706949 -4.28878 
1.01497 0.0719042 -0.765323 -0.781908 1.3144 0.658228 
0.897008 0.286318 -0.890149 -0.707713 1.18515 0.649414 
0.814454 0.960951 -1.84752 2.55663 -1.37459 -2.72048 
0.883729 0.819476 -0.359411 0.412914 -1.65702 -0.768809 
0.784535 0.93565 -0.962255 0.407619 -1.17163 -0.87325 
1.00841 0.716862 -0.0833046 0.571286 -1.76344 -0.767936 
0.889065 0.704469 -0.401437 0.514737 -1.42538 -0.846563 
0.789024 0.935569 -1.07071 0.558448 -0.99678 -0.992014 
1.15878 0.507514 0.101631 0.790065 -1.68267 -0.857532 
1.01679 0.513162 -0.134522 0.72317 -1.42941 -0.924214 
0.896114 0.627379 -0.506254 0.716325 -1.15855 -1.00855 
0.79491 0.979336 -1.26159 0.871824 -0.801179 -1.26767 
0.956971 1.06439 -0.774573 0.556198 -1.67671 -1.00402 
0.962541 0.973046 -0.833836 0.675309 -1.48958 -1.11111 
1.10788 0.888607 -0.710848 0.880046 -1.5169 -1.21329 
0.969107 0.932651 -0.983088 0.88712 -1.26483 -1.30247 
-0.126551 0.00384031 0.49095 -0.836524 -1.75815 0.53572 
0.387242 0.290291 -0.348597 -0.722024 -1.01687 0.554256 
-0.131202 -0.105305 0.372409 -0.891689 -1.57525 0.764291 
0.384752 0.301203 -0.469356 -0.863397 -0.903929 0.759744 
-0.136567 -0.151383 0.201274 -1.00667 -1.42139 1.02843 
0.381738 0.330979 -0.618962 -1.08437 -0.808716 1.05788 
-0.777142 -0.0278197 0.0727204 -1.14713 -1.98557 1.41958 
-0.142681 -0.137982 -0.0250739 1.94997 1.32292 -1.78393 
-0.781478 0.0232912 -0.301127 1.92175 1.92197 -1.33535 
-0.148203 -0.0625134 -0.32255 1.7068 1.3165 -1.37856 
0.374697 0.51691 -1.13248 -1.82519 -0.868696 -4.23912 
-0.150475 0.0989098 -0.743933 1.46069 1.42582 -0.917576 
0.0533224 -0.0077678 0.506176 -0.717646 -1.632 0.39602 
0.451449 0.343232 -0.412194 -0.64149 -0.949536 0.441377 
0.0492539 -0.120539 0.388174 -0.796997 -1.41525 0.621413 
0.449034 0.354968 -0.535052 -0.79585 -0.818349 0.658736 
-0.563271 -0.198793 0.550579 -1.07522 -1.89166 0.969967 
0.0436981 -0.168996 0.217904 -0.948599 -1.23 0.90349 
0.446145 0.386044 -0.688332 -1.05426 -0.705068 0.994402 
0.0374422 -0.157341 -0.00753466 1.94764 1.10874 -1.86168 
-0.576538 -0.217115 -0.0799628 1.83506 1.68235 4.8987 
0.0319066 -0.0831961 -0.303217 -1.5154 -1.10345 -4.53184 
0.0295977 0.0756359 -0.718832 1.31413 1.24419 -0.885096 
0.233167 0.0276257 0.475058 -0.567149 -1.53197 0.226192 
0.51321 0.406118 -0.490051 -0.531752 -0.889278 0.296519 
-0.268985 -0.114043 0.845386 -0.907978 -1.90321 0.432771 
0.229165 -0.0875465 0.362035 -0.657476 -1.27756 0.436234 
0.510991 0.419326 -0.616007 -0.691249 -0.733564 0.517682 
-0.278238 -0.389841 0.698008 -0.960101 -1.58793 0.844259 
0.223985 -0.14053 0.194998 -0.836529 -1.04533 0.72858 
0.508341 0.455881 -0.780139 -0.996045 -0.590114 0.899744 
-0.286831 -0.456404 0.422121 -1.15001 -1.39262 1.26723 
0.218092 -0.132718 -0.0282686 1.98375 0.882178 4.31076 
-0.887938 -0.314726 0.100555 1.89656 1.9309 4.89758 
-0.29471 -0.379604 0.0429816 1.72854 1.3485 4.87665 
0.212823 -0.0607076 -0.324123 -1.6046 -0.872216 -4.52862 
-0.297648 -0.179711 -0.47661 1.47725 1.45003 -0.908642 
0.210632 0.0997752 -0.745072 1.13338 1.05824 -0.809146 
0.402072 0.104086 0.396984 -0.388053 -1.46813 0.032774 
0.572618 0.482379 -0.588253 -0.385289 -0.843029 0.109154 
0.0767843 -0.160289 0.890293 -0.628204 -1.70754 0.214112 
0.398727 -0.0106664 0.291351 -0.466048 -1.18016 0.204115 
0.57088 0.498468 -0.719534 -0.527839 -0.656699 0.31082 
0.0687127 -0.451117 0.741713 -0.75167 -1.26994 0.587946 
0.394673 -0.0677279 0.131677 -0.63748 -0.891123 0.471589 
0.568755 0.540855 -0.895506 -0.863045 -0.464425 0.721691 
-0.517068 -0.755809 0.789209 2.01555 1.54008 -1.86838 
0.0592715 -0.516929 0.462426 -1.0714 -0.985861 1.0804 
0.389731 -0.0656366 -0.0876937 -1.03225 -0.650841 0.974042 
-0.531953 -0.38436 -0.330167 1.56325 1.56209 -0.856235 
0.0474624 -0.232489 -0.434653 1.17829 1.11748 -0.812874 
0.382881 0.173253 -0.828495 0.889425 0.884235 -0.663459 
0.552704 0.216601 0.273856 -0.190646 -1.45278 -0.178513 
0.629666 0.57459 -0.71238 -0.1985 -0.821659 -0.128787 
0.413606 -0.0532282 0.802879 -0.297486 -1.62959 -0.0760755 
0.551254 0.105626 0.176147 -0.228589 -1.14705 -0.0718317 
0.628931 0.59695 -0.854114 -0.277834 -0.605524 0.00378666 
0.409774 -0.341837 0.673674 -0.377394 -1.09942 0.146972 
0.549581 0.0456392 0.0248888 -0.32053 -0.807154 0.0980354 
0.628127 0.653505 -1.05594 -0.527874 -0.341163 0.322743 
0.102151 -0.943066 0.870055 -0.952319 -0.82199 0.948586 
0.404675 -0.43056 0.412323 -0.687538 -0.635393 0.578531 
0.547023 0.0420169 -0.189476 -0.646221 -0.446073 0.51684 
0.0816069 -0.489909 -0.272435 0.990199 1.04939 -0.649407 
0.393587 -0.169269 -0.485296 0.73026 0.800225 -0.557646 
0.54024 0.306122 -0.993192 0.525677 0.758478 -0.398493 
0.682344 0.359352 0.101019 0.00775368 -1.47966 -0.396109 
0.68396 0.693073 -0.882069 0.0116077 -0.830332 -0.404614 
0.680993 0.149954 0.597524 0.0200115 -1.66683 -0.353336 
0.68332 0.256106 0.00982704 0.0228645 -1.18517 -0.365868 
0.68478 0.727592 -1.04304 0.0385914 -0.604069 -0.390118 
0.683577 -0.110194 0.493326 0.0513538 -1.16408 -0.327342 
0.68531 0.198583 -0.135453 0.06475 -0.844692 -0.351279 
0.68641 0.855541 -1.37164 0.1843 -0.268804 -0.486753 
0.685588 -0.653841 0.752708 0.134339 -0.686301 -0.339249 
0.687211 -0.2188 0.261866 0.146853 -0.631286 -0.35477 
0.688146 0.194139 -0.347681 0.207063 -0.437805 -0.424472 
0.684753 -0.606524 0.29602 1.55821 -0.0793553 -1.68072 
0.687796 0.266452 -0.669606 -0.738207 0.122161 6.89409 
0.671627 -0.347349 -0.352691 0.029898 0.699456 -0.0225685 
0.677959 0.00912696 -0.649532 0.0224221 0.640432 -0.017993 
0.681016 0.591154 -1.41212 0.0140839 0.821015 -0.00958656 
0.790672 0.527342 -0.12557 0.188743 -1.5298 -0.611317 
0.734685 0.862454 -1.14369 0.219396 -0.849082 -0.698354 
0.870982 0.390019 0.296849 0.276304 -1.7388 -0.592164 
0.793644 0.437495 -0.216825 0.244964 -1.27047 -0.644132 
0.988943 0.13387 0.610725 0.422816 -1.7117 -0.627763 
0.877007 0.174811 0.2072 0.364305 -1.34067 -0.678516 
0.798403 0.39158 -0.366761 0.373023 -0.979647 -0.73977 
1.00126 -0.168841 0.429834 0.624741 -1.16212 -0.887599 
0.886499 0.073917 -0.00658747 0.617732 -0.938599 -0.911127 
0.805923 0.401497 -0.595886 0.717423 -0.683047 -1.04693 
1.00488 0.00601928 -0.646403 -0.866158 0.855033 0.657201 
0.887082 0.338513 -1.03596 -0.698516 0.830359 6.79858 
0.879724 0.727254 -0.422821 0.341955 -1.57607 -0.825873 
1.00204 0.658315 -0.0999481 0.462703 -1.78979 -0.821374 
0.88369 0.656583 -0.525572 0.421574 -1.35576 -0.90193 
1.14911 0.525236 0.0942972 0.631211 -1.81622 -0.872204 
1.00842 0.487029 -0.187703 0.561995 -1.48069 -0.946994 
0.889065 0.634074 -0.700811 0.575578 -1.10794 -1.04658 
1.01677 0.41318 -0.408229 0.797436 -1.15693 -1.19122 
0.952588 0.993851 -0.854612 0.46391 -1.58266 -1.0614 
0.956975 0.967231 -1.01612 0.563094 -1.38891 -1.18334 
1.24156 0.986065 -0.649697 -2.40661 1.81488 -4.33233 
1.10055 0.8823 -0.78607 0.698854 -1.54351 -1.24456 
0.962523 1.10188 -1.4578 0.766872 -1.11392 -1.44807 
-0.122542 -0.0968456 0.376586 -0.75903 -1.63527 0.647326 
0.389437 0.393533 -0.78398 -0.829583 -0.803762 0.753394 
-0.126593 -0.145381 0.211991 -0.823104 -1.46673 0.8507 
0.387209 0.480257 -1.01963 -1.05023 -0.705262 1.04617 
-0.131149 -0.138124 -0.00156753 -0.931433 -1.32336 1.08733 
-0.136598 -0.0755923 -0.274884 2.0449 1.22071 -1.75459 
-0.142704 0.0582818 -0.647534 -1.32569 -1.18973 -4.4991 
0.0578952 -0.108191 0.390119 -0.660455 -1.50358 0.479694 
0.45359 0.45992 -0.870899 -0.760403 -0.721514 0.631602 
0.0539921 -0.158973 0.226296 -0.746643 -1.30932 0.683257 
0.45145 0.570867 -1.15113 -1.0435 -0.598145 0.988308 
-0.556381 -0.238496 0.488902 -0.93065 -1.85487 1.01181 
0.0492543 -0.153535 0.0139633 -0.889791 -1.14209 0.938153 
-0.563236 -0.275371 0.205691 2.14571 1.67408 -1.80163 
0.0374624 0.0385569 -0.626855 -1.43082 -0.998188 -4.53156 
0.237478 -0.0709564 0.359669 -0.525244 -1.40246 0.277609 
0.515179 0.547172 -0.991311 -0.659789 -0.637242 0.474505 
-0.261491 -0.217898 0.814403 -0.793859 -1.86974 0.49657 
0.233574 -0.125342 0.200091 -0.620647 -1.175 0.46991 
0.513213 0.71333 -1.3718 -1.06144 -0.467112 0.953376 
-0.269053 -0.422928 0.627688 -0.840778 -1.56063 0.840055 
0.229171 -0.123952 -0.00950526 -0.789061 -0.968873 0.73458 
-0.2777 -0.445661 0.330324 -0.996822 -1.34859 1.19727 
0.223986 -0.0669489 -0.279469 -1.08639 -0.812026 1.13924 
0.218083 0.063709 -0.651985 1.59722 0.785912 4.87703 
-0.294778 -0.106723 -0.638765 1.62578 1.30401 -0.987217 
0.404976 0.010157 0.284012 -0.359151 -1.34345 0.0504899 
0.574165 0.668491 -1.16949 -0.514978 -0.547851 0.265712 
0.0838228 -0.26328 0.854526 -0.554608 -1.67156 0.233594 
0.402071 -0.0469356 0.130816 -0.439642 -1.08514 0.207021 
0.0769442 -0.476295 0.666457 -0.65528 -1.27124 0.536551 
0.399051 -0.0505178 -0.0724096 -0.597382 -0.830361 0.444925 
-0.503064 -0.753924 0.805132 -0.945001 -1.54678 1.14159 
0.068692 -0.498527 0.367545 -0.901857 -0.981338 0.93062 
0.394673 0.00239757 -0.343235 -0.955828 -0.602557 0.897977 
0.0592639 -0.394153 -0.0302238 -1.33907 -0.851219 1.51607 
0.0506543 -0.160521 -0.59146 1.31057 0.978949 -0.93727 
0.554092 0.128882 0.16314 -0.176624 -1.3347 -0.189768 
0.416884 -0.146318 0.766592 -0.266066 -1.60525 -0.0953489 
0.552712 0.0713708 0.0163799 -0.217716 -1.05819 -0.0931575 
0.413615 -0.365318 0.598039 -0.328562 -1.1366 0.0838424 
0.551255 0.0648011 -0.184233 -0.30473 -0.759392 0.0570734 
0.114861 -0.927793 0.882116 -0.704743 -0.92433 0.672351 
0.409832 -0.409831 0.315739 -0.525012 -0.713928 0.381367 
0.549581 0.115323 -0.455797 -0.573702 -0.432677 0.402952 
0.102152 -0.797306 0.402311 -1.26649 -0.675614 1.37345 
0.404562 -0.324671 -0.0733398 -1.24408 -0.408779 1.21157 
0.088507 -0.513332 -0.224137 1.18527 0.827187 -0.905308 
0.397666 -0.0971758 -0.642567 -2.30331 -0.634238 2.42036 
0.681897 0.279032 -0.00751641 0.00176661 -1.36607 -0.427096 
0.679713 0.0697831 0.564819 0.00657058 -1.6543 -0.392175 
0.682335 0.225632 -0.150845 0.00868524 -1.09409 -0.399384 
0.68104 -0.136889 0.421941 0.0211917 -1.20424 -0.363003 
0.68332 0.221556 -0.352647 0.0298745 -0.788279 -0.378332 
0.680547 -0.627764 0.755928 0.0566433 -0.909369 -0.339795 
0.683564 -0.202053 0.164584 0.0696218 -0.744194 -0.358247 
0.68531 0.279211 -0.63892 0.117997 -0.423415 -0.415908 
0.685434 -0.600602 0.320406 0.277023 -0.313533 -0.498984 
0.687217 -0.14067 -0.212522 0.363558 -0.245327 -0.589513 
0.688146 0.472251 -1.14703 2.37881 -0.126443 -2.61928 
0.684838 -0.368985 -0.296791 -0.225997 0.36262 0.0891236 
0.686753 0.088506 -0.819329 -3.33966 -0.426453 3.19912 
0.788688 0.457234 -0.234864 0.160419 -1.41569 -0.653701 
0.867219 0.323433 0.268725 0.223796 -1.72971 -0.63815 
0.790678 0.415139 -0.383758 0.205363 -1.16641 -0.685259 
0.980703 0.15173 0.602008 0.336127 -1.82742 -0.652022 
0.870856 0.14682 0.142242 0.278817 -1.35586 -0.700451 
0.793643 0.42564 -0.603723 0.303657 -0.886082 -0.76592 
0.988755 -0.154428 0.433217 0.436073 -1.28735 -0.820328 
0.87702 0.0831705 -0.101057 0.433714 -0.971156 -0.847384 
0.798403 0.521697 -0.955737 0.595676 -0.569554 -1.0437 
1.00128 -0.198571 0.05181 0.795775 -0.85003 -1.20147 
1.01497 -0.00502701 -0.586804 1.64397 -0.752426 4.20078 
0.876763 0.672457 -0.541423 0.293311 -1.4548 -0.874518 
0.997372 0.603619 -0.125316 0.382775 -1.77708 -0.866238 
0.879723 0.654532 -0.717833 0.363616 -1.23044 -0.953979 
1.14188 0.536454 0.0882228 0.520793 -1.90276 -0.894987 
1.00203 0.464989 -0.252122 0.452855 -1.47926 -0.973763 
0.883689 0.71762 -1.02223 0.507889 -0.96472 -1.11351 
1.14875 0.311932 -0.0601583 0.610338 -1.51598 -1.08593 
1.00841 0.429537 -0.514688 0.617402 -1.15981 -1.16678 
0.949162 0.974608 -1.01913 0.400914 -1.43474 -1.11505 
0.952587 1.1577 -1.54161 0.520001 -1.11899 -1.31214 
1.23534 0.99514 -0.655901 -2.53829 1.86339 1.9394 
1.09453 0.880863 -0.875143 0.570725 -1.50884 -1.27067 
-0.118919 -0.141122 0.217107 -0.707629 -1.49862 0.739299 
-0.122615 -0.135971 0.00826218 -0.782628 -1.34105 0.930925 
-0.126556 -0.0780439 -0.255674 -0.897084 -1.20336 1.16206 
-0.766865 -0.0242907 -0.107991 2.30026 1.82259 -1.6655 
-0.131163 0.0440987 -0.605643 2.07349 1.09278 -1.67504 
-0.136581 0.333439 -1.23524 1.78969 1.0276 -1.17922 
0.0617629 -0.15169 0.2295 -0.624015 -1.36554 0.549426 
0.0581385 -0.148181 0.0216804 -0.720485 -1.18741 0.744806 
-0.550365 -0.26498 0.415167 -0.821266 -1.79592 1.0485 
0.0539919 -0.092243 -0.239944 -0.870794 -1.03101 0.996321 
-0.556365 -0.262975 0.105304 2.26231 1.60041 -1.80588 
0.0492543 0.0268537 -0.585556 2.03507 0.911272 -1.79182 
-0.563283 -0.141694 -0.322468 2.14406 1.45793 4.81238 
-1.0738 0.345647 -0.990256 2.31921 1.79277 -0.967368 
0.240864 -0.114378 0.199631 -0.499369 -1.26396 0.322025 
-0.255023 -0.301597 0.768551 -0.700931 -1.81071 0.550024 
0.237413 -0.114532 -0.00473968 -0.604112 -1.05586 0.508506 
-0.261501 -0.441616 0.546341 -0.751237 -1.51401 0.840556 
0.233556 -0.06177 -0.265052 -0.781986 -0.865473 0.772917 
-0.268968 -0.424659 0.22606 -0.885282 -1.29619 1.14885 
0.229169 0.0557599 -0.612259 2.04065 0.715602 -1.94683 
0.407553 -0.0324759 0.126105 -0.340688 -1.20716 0.0669124 
0.0896987 -0.344896 0.804283 -0.494843 -1.61483 0.249865 
0.405122 -0.0365055 -0.0729812 -0.427966 -0.969703 0.218329 
0.0838706 -0.48836 0.580635 -0.585186 -1.24905 0.502839 
0.402345 0.0124548 -0.33181 -0.597214 -0.732621 0.458767 
-0.489909 -0.750399 0.814889 -0.80906 -1.56285 1.04092 
0.0769876 -0.470532 0.260008 -0.785081 -0.967864 0.829173 
0.398726 0.132113 -0.690489 -0.996801 -0.517539 0.945969 
0.0686487 -0.340713 -0.159623 -1.16539 -0.789165 1.34132 
0.555373 0.0880686 0.00690371 -0.166798 -1.20049 -0.197757 
0.41986 -0.222728 0.718242 -0.238476 -1.55947 -0.109504 
0.554094 0.0827494 -0.191151 -0.212925 -0.94159 -0.104937 
0.416774 -0.378408 0.512893 -0.293834 -1.13768 0.04048 
0.552711 0.132175 -0.454951 -0.311566 -0.661158 0.0477044 
0.125076 -0.911348 0.887224 -0.558155 -1.02779 0.502544 
0.413577 -0.381205 0.206356 -0.440055 -0.75735 0.270953 
0.551256 0.262069 -0.83762 -0.651078 -0.346655 0.454442 
0.114862 -0.795085 0.420356 -0.935944 -0.697838 1.00433 
0.409905 -0.268004 -0.205817 -0.927375 -0.422659 0.85137 
0.68171 0.242611 -0.164175 -0.000886639 -1.23137 -0.45253 
0.679184 0.000834363 0.521307 0.000749162 -1.61719 -0.42351 
0.681897 0.241244 -0.365669 0.00209582 -0.970132 -0.42792 
0.679788 -0.154947 0.341314 0.00680844 -1.20564 -0.395609 
0.682335 0.300172 -0.647709 0.0123921 -0.671783 -0.405095 
0.677105 -0.606112 0.75444 0.0192024 -1.06766 -0.361803 
0.681019 -0.178694 0.0543961 0.0277022 -0.79499 -0.374786 
0.683319 0.478019 -1.12059 0.0749566 -0.277259 -0.429182 
0.680328 -0.589513 0.33181 0.0889247 -0.523811 -0.381603 
0.683576 -0.0823711 -0.355536 0.13962 -0.345661 -0.438492 
0.687211 0.221476 -1.0804 -3.44758 -0.288492 3.19958 
0.787253 0.430199 -0.39831 0.143103 -1.27498 -0.690149 
0.864348 0.26483 0.229988 0.187527 -1.69614 -0.676386 
0.788685 0.443878 -0.619486 0.185784 -1.02346 -0.72615 
0.975291 0.164559 0.594096 0.281376 -1.91201 -0.679713 
0.866932 0.127009 0.0665996 0.226891 -1.34107 -0.726577 
0.790678 0.543027 -0.971235 0.288304 -0.719908 -0.822867 
0.980684 -0.138724 0.428609 0.330389 -1.38825 -0.802631 
0.870887 0.101785 -0.212491 0.331185 -0.973876 -0.830397 
0.988928 -0.191295 0.0612273 0.534196 -0.923833 -1.03338 
0.877007 0.20861 -0.655789 0.660737 -0.600766 5.12127 
0.991108 0.748442 -0.113239 0.305096 -2.0009 -0.834453 
0.874497 0.666559 -0.730803 0.26295 -1.29783 -0.919014 
0.993851 0.55548 -0.161211 0.323274 -1.73977 -0.902662 
0.87676 0.734904 -1.04085 0.339664 -1.03876 -1.0169 
1.13583 0.544007 0.0818016 0.440528 -1.95926 -0.91768 
0.997315 0.450304 -0.328708 0.377334 -1.4453 -0.998045 
1.14132 0.320652 -0.0626849 0.489494 -1.58097 -1.07403 
1.00203 0.457869 -0.645267 0.504512 -1.12286 -1.16405 
1.08623 1.86248 -2.40636 -2.66295 1.03591 1.67653 
1.23051 0.999071 -0.657114 -2.63505 1.88745 -4.34966 
1.08985 0.894727 -0.992529 0.481269 -1.43389 -1.29185 
-0.720908 1.08947 0.26438 -1.98959 -1.65992 0.198039 
0.0264747 1.07824 0.320205 -1.25532 -1.51685 0.163769 
0.547649 1.30913 -0.355367 -0.831524 -1.12489 0.441795 
-0.718929 0.672883 0.461868 -2.04118 -1.54235 6.84109 
0.028953 0.780572 0.47335 -1.32571 -1.26122 0.475718 
0.548738 1.17809 -0.267226 -0.968446 -0.902151 0.70579 
0.0340563 0.489798 0.559227 -1.49181 -1.05686 0.868323 
0.551657 1.06265 -0.209213 -1.15662 -0.720083 1.0109 
-0.708996 0.0198983 0.443237 0.910919 1.64665 4.51091 
0.554347 0.960817 -0.173116 -1.40032 -0.608122 1.34588 
-0.704132 -0.104203 0.238393 0.862135 1.81166 -1.45188 
0.0445197 0.0411798 0.526568 -2.01179 -0.994865 1.72791 
-0.699948 -0.0984228 -0.0741211 0.867382 1.99658 -1.17109 
0.0482769 -0.0835718 0.419012 0.931428 1.10519 -1.08412 
0.0516428 -0.14297 0.262448 0.799836 1.25106 -0.834249 
0.559621 0.717165 -0.155863 1.00942 0.605185 -0.885392 
0.0547216 -0.145418 0.0605142 0.71625 1.4122 -0.6368 
0.560913 0.654384 -0.175925 0.838531 0.666829 -0.668529 
-1.07565 1.1497 0.0569724 -2.28036 -1.81417 0.273586 
-0.493056 1.05877 0.461122 -1.73122 -1.57893 0.0502485 
0.20428 1.08284 0.297784 -1.04195 -1.474 0.16395 
0.601507 1.3518 -0.45261 -0.757062 -1.04688 0.44155 
-1.07452 0.666645 0.276835 0.832524 1.78265 3.75702 
-0.490598 0.576393 0.680675 -1.78325 -1.41053 0.468746 
0.206767 0.789578 0.448542 -1.11712 -1.19261 0.460044 
0.602711 1.22246 -0.362758 -0.900185 -0.825169 0.705799 
0.605238 1.10867 -0.303243 -1.10957 -0.64056 -5.25526 
0.607307 1.00871 -0.265909 -1.3987 -0.527494 1.40675 
-0.470874 -0.332231 0.425823 0.908347 1.62065 -1.2559 
-0.465297 -0.309209 0.100303 0.862055 1.81152 -0.968804 
0.224779 -0.0521589 0.387516 0.900779 0.941388 -0.929114 
0.22802 -0.109779 0.230489 0.732488 1.10546 -0.65791 
0.612631 0.776411 -0.254785 0.887981 0.566438 -0.701877 
0.231011 -0.111355 0.0275752 0.628804 1.28712 -0.456765 
0.613987 0.717716 -0.277732 0.71736 0.64508 -0.485918 
-0.88631 1.05878 0.461892 -2.0728 -1.59584 0.0443073 
-0.190279 1.05921 0.568119 -1.37847 -1.58161 -0.0554952 
0.371942 1.09749 0.234743 -0.830135 -1.40817 0.175302 
0.652642 1.40388 -0.567304 -0.674003 -0.956583 0.431406 
-0.884261 0.421285 0.721815 -2.10834 -1.56724 6.80283 
-0.187332 0.526742 0.806096 -1.4267 -1.31225 0.387463 
0.374198 0.814886 0.381406 -0.909842 -1.10676 0.446464 
0.653719 1.27455 -0.47278 -0.823704 -0.735672 6.97915 
-0.878906 -0.124395 0.71065 0.961456 1.70541 4.25632 
0.378166 0.545297 0.460395 -1.10594 -0.823191 0.823544 
0.656005 1.16233 -0.411628 2.07776 0.546624 -2.0959 
0.65822 1.06583 -0.37633 -1.43363 -0.435374 1.50545 
-0.16389 -0.473176 0.521016 0.890402 1.36466 -1.00389 
0.65999 0.981927 -0.359698 -1.85396 -0.416558 -4.28661 
-0.157291 -0.42947 0.18283 0.783339 1.58292 -0.71041 
0.389902 0.0213368 0.312389 0.817315 0.791218 -0.731292 
0.661452 0.90837 -0.358026 0.949018 0.464709 -0.748685 
-0.151538 -0.280666 -0.25276 0.74554 1.8201 -0.464384 
0.392791 -0.0337408 0.156086 0.622361 0.982394 -0.448203 
0.662772 0.844376 -0.370153 -2.42337 -0.547274 2.67334 
0.395786 -0.0346026 -0.0465674 0.51092 1.1891 -0.254344 
-0.531461 1.09745 0.711625 -1.64977 -1.55167 -0.237533 
0.156318 1.0605 0.579502 -0.965544 -1.61022 -0.0568917 
0.522931 1.12618 0.13124 -0.620919 -1.3131 0.180298 
0.701541 1.46752 -0.702848 2.57017 0.850903 3.54238 
0.159494 0.519722 0.819732 -1.01025 -1.22244 0.336718 
0.524848 0.858102 0.273291 -0.701517 -0.997833 0.421906 
0.702401 1.33723 -0.602344 -0.727757 -0.627414 -5.61624 
0.166301 -0.0334567 0.893524 -1.37839 -0.848078 1.03822 
0.528378 0.607678 0.347341 -0.905312 -0.683702 0.781699 
0.704458 1.22576 -0.5385 2.12219 0.43017 -2.0752 
-0.506813 -0.73736 0.674275 0.988576 1.63778 -1.17408 
0.174213 -0.376541 0.774231 -2.01137 -0.830686 1.91142 
-0.49524 -0.600821 0.182033 0.91454 1.86267 -0.813906 
0.181204 -0.476135 0.520074 0.766947 1.06616 -0.700697 
0.534922 0.234713 0.300801 1.05371 0.494015 -0.945173 
0.707891 1.05179 -0.489646 -2.11211 -0.353017 2.32183 
0.187095 -0.427536 0.178212 0.607897 1.34366 -0.403585 
0.537393 0.129515 0.194258 0.652373 0.676458 -6.74171 
0.70909 0.982524 -0.490878 0.690065 0.447365 -0.422415 
0.192478 -0.275046 -0.260722 0.538737 1.63626 -0.18808 
0.539715 0.0788824 0.0379993 0.464369 0.903689 -0.196031 
0.710223 0.923609 -0.506887 0.501561 0.562171 -0.184821 
0.196839 0.0372396 -0.940807 0.546604 2.00102 0.0444188 
0.541799 0.0810367 -0.168784 0.366627 1.13937 -0.0291816 
0.711277 0.874468 -0.537038 0.38698 0.682554 -0.0272194 
0.477016 1.05742 0.493831 -0.550559 -1.5542 0.010113 
0.655131 1.17398 -0.014101 -0.402511 -1.18949 0.157062 
0.748522 1.55394 -0.879902 -0.430318 -0.720883 6.61531 
0.479549 0.56021 0.715882 -0.596936 -1.09402 0.295642 
0.656682 0.921184 0.124537 -0.471591 -0.860376 0.363308 
0.749459 1.41534 -0.7606 -0.581907 -0.489728 0.59137 
0.484816 0.0759672 0.777808 -0.966355 -0.575821 0.887661 
0.659459 0.692157 0.192765 -0.668058 -0.514798 0.695234 
0.751321 1.30275 -0.691327 2.15986 0.274583 -2.04195 
0.0953811 -0.891417 0.735802 0.773566 1.15413 -0.667299 
0.490051 -0.232968 0.664092 1.03812 0.479313 -0.951905 
0.662002 0.501859 0.194795 -1.41012 -0.277289 -4.73361 
0.752768 1.21189 -0.658376 1.17889 0.21769 -0.968551 
0.106513 -0.700605 0.224232 0.608127 1.48632 -0.341776 
0.494263 -0.337258 0.421566 0.513319 0.812674 -0.307117 
0.663834 0.35905 0.13868 0.71959 0.379543 -6.77515 
0.753713 1.13647 -0.647861 -2.55992 -0.339391 -3.4407 
0.117257 -0.380064 -0.446803 0.5616 1.85889 -0.0849811 
0.497417 -0.301526 0.0857471 0.359615 1.17009 -0.0542778 
0.665308 0.266209 0.0305376 0.390212 0.632043 -0.0908861 
0.754369 1.07094 -0.651479 -2.76911 -0.487132 -3.17463 
0.500573 -0.154354 -0.362786 0.299805 1.52615 0.106107 
0.666662 0.223696 -0.128264 3.40991 -0.893278 -3.04906 
0.755112 1.01887 -0.673584 -2.87202 -0.629547 3.25896 
0.503236 0.202894 -1.13879 0.298654 1.98665 0.270467 
0.667916 0.232795 -0.343274 0.208771 1.15266 0.207723 
0.755869 0.977214 -0.711883 -2.93174 -0.766955 3.35932 
0.643434 1.08694 0.688168 -0.254241 -1.76875 -0.050909 
0.727951 1.0798 0.312514 -0.167337 -1.39475 0.0295754 
0.769918 1.24731 -0.206755 -0.142036 -1.04497 0.0716372 
0.79485 1.68395 -1.13543 -3.32776 0.556056 -2.98291 
0.730522 0.646376 0.510814 -0.171624 -0.908986 0.189043 
0.771662 1.00645 -0.0678922 -0.149811 -0.689886 0.209164 
0.796272 1.52141 -0.971282 -3.38046 0.304549 -2.81384 
0.733645 0.25503 0.556913 -3.45202 0.331033 -2.67489 
0.773806 0.798593 -0.00637045 2.92673 0.304668 -2.7451 
0.797823 1.4051 -0.892847 1.98477 0.0467345 -1.78251 
0.655921 -0.648508 0.621509 0.222335 0.736648 0.031714 
0.734731 -0.00197136 0.450487 3.48862 -0.258286 3.05354 
0.774239 0.631385 -0.0113379 -2.44861 -0.0901637 2.72424 
0.657088 -0.518441 0.127086 0.146206 1.23593 0.199483 
0.734804 -0.104773 0.223206 0.130695 0.720718 0.207454 
0.774095 0.508443 -0.072404 0.153484 0.400908 -6.0896 
0.65853 -0.216684 -0.563171 0.129654 1.72492 0.308565 
0.735058 -0.0806381 -0.107652 0.0916997 1.12956 0.31188 
0.774063 0.430691 -0.185244 -3.04721 -0.69423 3.45126 
0.797627 1.19043 -0.867225 -3.06139 -0.614796 3.47736 
0.73552 0.0674814 -0.580191 0.0776278 1.53227 0.385506 
0.774196 0.39996 -0.352575 0.0688284 0.971009 0.382732 
0.797687 1.146 -0.898373 3.20681 -0.76968 -2.74735 
0.774485 0.425962 -0.590364 0.0568779 1.24518 0.435685 
0.797821 1.11328 -0.947334 0.0541398 0.914052 0.441439 
0.977178 1.0642 0.406032 0.287213 -1.47433 -0.0284559 
0.911437 1.15791 0.0324354 0.23645 -1.19997 -0.0871003 
0.870096 1.35915 -0.468994 0.228249 -0.902943 -0.142733 
0.984164 0.45106 0.646758 0.502858 -0.830573 -0.135705 
0.91726 0.78382 0.210487 0.463494 -0.723423 -0.161803 
0.874906 1.12677 -0.326143 0.52437 -0.540098 -0.277879 
0.845861 1.74892 -1.40472 1.46703 -0.234039 -1.29099 
0.873806 0.93849 -0.270653 1.30357 -0.250573 -0.954043 
0.974017 -0.216257 0.324367 -0.376769 0.739631 0.800621 
0.968541 -0.154722 -0.142647 -0.202747 1.24748 0.652488 
0.90672 0.183029 -0.0796988 -0.208936 0.842634 0.67663 
0.867193 0.690632 -0.349059 -0.234778 0.601794 0.699119 
0.965053 0.163315 -0.939119 -0.158819 1.81192 0.600007 
0.904366 0.214894 -0.423932 -0.130162 1.24341 0.627598 
0.865426 0.631762 -0.473674 -0.134656 0.874371 0.63863 
0.902777 0.428621 -1.02945 -0.103231 1.70496 0.609885 
0.864311 0.624472 -0.667673 -0.0932578 1.14646 -5.65544 
0.863555 0.695243 -0.979019 -0.0732136 1.44304 0.628659 
1.15748 1.19021 -0.0590212 0.815107 -1.25877 -0.314939 
1.04472 1.32199 -0.385001 0.758785 -1.08084 -0.419676 
0.957574 1.55621 -0.884425 0.79485 -0.848676 -0.592777 
1.16296 0.73401 0.127788 1.36364 -0.901668 -0.717338 
0.96396 1.32383 -0.723734 1.45539 -0.711139 -1.0409 
0.956138 1.14192 -0.648945 2.04109 -0.609179 -1.55555 
1.14226 0.250288 -0.155128 -0.591966 1.03476 1.16728 
0.949096 1.01316 -0.658222 2.51214 -0.714359 4.2996 
1.13496 0.32641 -0.662645 -0.394279 1.48365 0.924497 
1.02762 0.530406 -0.527638 -0.38462 1.12953 0.955669 
1.02382 0.633322 -0.987471 -0.283692 1.53446 0.833208 
0.941348 0.908675 -0.907248 -3.41496 -1.17032 3.99439 
0.939215 0.989794 -1.24618 -3.35503 -1.47636 3.93418 
1.25488 1.1244 -0.587834 1.77499 -1.11276 5.13791 
1.23822 0.850468 -1.00224 -0.637296 1.48596 1.21595 
1.11936 1.02582 -0.988953 -0.633757 1.26379 1.23249 
1.58562 1.3836 -0.523126 1.55758 -1.55946 5.57294 
1.15633 1.62284 -1.01678 1.30441 -1.2078 -0.915564 
2.02006 1.25188 -0.675278 1.93151 -1.8602 -0.911522 
1.15647 1.48682 -0.888408 1.43536 -1.15052 -0.970484 
1.58362 0.973429 -0.293085 1.7677 -1.41171 5.37861 
2.01738 0.866613 -0.681348 -1.10523 1.88921 1.91759 
2.01488 0.841139 -0.952465 2.04396 -1.99475 -1.4692 
1.57536 0.607084 -0.403349 2.13103 -1.44279 -1.40259 
1.57217 0.575622 -0.566996 2.22939 -1.54424 -1.57078 
1.56901 0.610328 -0.824848 -0.843966 1.69106 -4.88181 
1.14298 0.991471 -0.716441 -0.875089 1.05019 1.48606 
1.46693 1.39144 -0.540491 1.46454 -1.47805 5.56827 
1.10813 1.72478 -1.21343 -1.83184 1.13968 2.13962 
1.86308 1.11945 -0.42461 -1.27506 1.68953 2.30501 
1.46638 1.1719 -0.393098 1.59676 -1.38699 -0.802108 
1.10832 1.56453 -1.04102 1.4602 -1.08993 -1.05486 
1.45811 0.698614 -0.328315 -1.10197 1.26969 -4.4454 
1.85225 0.768337 -1.16278 -1.02513 1.99625 1.39032 
1.45095 0.593502 -0.598282 -0.838245 1.46007 1.47786 
1.44758 0.636432 -0.86897 -0.75736 1.63073 1.31164 
1.35102 1.4231 -0.608733 -1.76457 1.39103 2.40274 
1.68995 1.05468 -0.302829 -1.37153 1.53158 2.32902 
2.01128 0.855606 -0.556777 2.0309 -1.84615 -1.13168 
1.68738 0.799697 -0.244633 1.90561 -1.47506 5.27096 
1.3479 1.01026 -0.371871 -1.43171 1.18299 -4.1392 
1.68367 0.624968 -0.317372 2.05401 -1.5028 5.03089 
1.34431 0.855279 -0.354528 1.90563 -1.14019 -1.19979 
1.67945 0.552487 -0.529603 2.18064 -1.61972 -1.49845 
1.0539 1.33331 -0.991441 -1.05824 0.932668 -4.70926 
1.04773 1.21149 -0.998878 -0.750871 1.03211 1.3163 
1.04505 1.17544 -1.043 2.50221 -1.11542 -1.92427 
1.7972 1.37421 -0.502636 1.70424 -1.68239 -6.97496 
1.51029 1.36115 -0.473544 1.48295 -1.4995 5.60313 
1.24052 1.48534 -0.739751 -1.83752 1.29276 -3.92926 
1.79531 0.969244 -0.279226 1.86448 -1.59797 -0.85333 
1.50912 1.04273 -0.28479 -1.46955 1.3748 -3.97083 
1.50536 0.786212 -0.229734 1.87224 -1.29196 5.21313 
1.49509 0.543438 -0.523953 2.27199 -1.46911 -1.61623 
1.49016 0.624918 -0.955308 2.37767 -1.72467 -1.86993 
1.223 0.754185 -0.643957 2.39729 -1.22111 -1.76609 
1.21931 0.757303 -0.855897 -0.6186 1.40664 1.21559 
1.00154 1.37687 -1.29825 -0.591923 1.1372 1.13319 
0.998935 1.3856 -1.41855 2.64231 -1.2662 -2.09611 
1.55528 1.3358 -0.416538 1.50547 -1.52105 5.63328 
1.33299 1.40216 -0.563563 -1.8003 1.36909 2.43277 
1.13758 1.5931 -0.958148 1.25758 -1.17466 -0.872478 
1.55362 0.922558 -0.200619 1.74582 -1.37451 5.4151 
1.3316 1.08154 -0.367451 -1.53398 1.20956 2.24659 
1.54763 0.627142 -0.214615 -1.13434 1.33537 -4.35808 
1.54087 0.501972 -0.464732 -0.897479 1.48876 1.56882 
1.31408 0.62101 -0.645289 2.4154 -1.37784 -1.79399 
1.12172 0.931222 -0.725376 2.39346 -1.07887 -1.78123 
1.1138 0.957868 -1.18537 -0.479958 1.5052 1.04592 
1.31451 1.3821 -0.519816 1.30285 -1.34769 -6.96151 
1.16924 1.50564 -0.782326 1.22963 -1.2085 -0.784333 
1.31212 0.970244 -0.300063 -1.45487 1.14038 -4.1135 
1.16751 1.18061 -0.567998 1.63519 -1.03008 -1.04808 
1.03556 1.31222 -0.955037 2.09897 -0.899146 -1.58035 
1.15242 0.812969 -0.636828 -0.729745 1.11572 1.35349 
1.02902 1.18917 -0.961273 2.41913 -0.996588 4.43041 
1.02388 1.13246 -1.07476 2.62084 -1.18182 -2.0354 
1.09874 1.54437 -0.860597 1.15187 -1.10781 -0.786882 
1.08365 0.894028 -0.666745 -0.706816 1.02667 1.31642 
1.01031 1.17068 -0.930451 2.44764 -0.970866 4.40305 
1.07554 0.889237 -1.07338 -0.4314 1.44196 1.01325 
-0.718978 0.991504 0.32339 -1.92613 -1.88692 0.0836269 
0.0291728 0.844172 0.446186 -1.1977 -1.69352 0.105026 
0.548955 1.02633 -0.186698 -0.753084 -1.23784 0.324839 
-0.720759 0.577081 0.486904 -1.94976 -1.77337 0.467833 
0.0264792 0.543937 0.549573 -1.28467 -1.42585 0.456372 
0.547718 0.910734 -0.140613 -0.90936 -1.00627 0.602227 
-0.718922 0.210953 0.511771 1.12433 1.72684 -2.21394 
0.0287612 0.267071 0.582326 -1.47199 -1.19168 0.900796 
0.548969 0.807564 -0.120129 -1.14081 -0.790981 0.965339 
0.0340745 0.0526259 0.540452 1.39405 1.07961 4.53128 
-0.708959 -0.112319 0.154236 0.981072 1.89525 -1.4247 
0.0396551 -0.0829272 0.434284 1.12833 1.10877 -1.32001 
0.0443681 -0.146624 0.276599 0.939377 1.22243 -0.993887 
0.556439 0.594859 -0.181025 -2.0871 -0.656498 2.19111 
0.0482748 -0.150699 0.0735905 0.820411 1.37195 -0.749674 
0.558094 0.550519 -0.230024 0.854703 0.732047 -0.691355 
0.0516561 -0.102279 -0.178221 0.749628 1.53887 -0.551145 
0.559616 0.518222 -0.292934 0.712878 0.827729 -0.496677 
-0.490595 0.948958 0.525101 -1.70168 -1.8022 -0.0563959 
0.206467 0.851372 0.421357 -0.991393 -1.6289 0.0997927 
0.602709 1.07232 -0.278949 -0.678695 -1.16008 0.313256 
-1.07594 0.693657 0.267362 -2.2166 -1.96882 6.75919 
-0.49308 0.458732 0.710948 -1.71896 -1.63297 0.396517 
0.204352 0.557156 0.524862 -1.08718 -1.32832 0.428672 
0.60151 0.959564 -0.231865 -0.838385 -0.926876 0.588628 
-0.490666 0.00761195 0.738996 1.30795 1.53346 -2.17457 
0.206397 0.286836 0.556296 -1.29835 -1.0501 0.870482 
0.602858 0.859383 -0.210573 -1.08409 -0.708992 0.960376 
-0.48449 -0.261176 0.600638 -1.99796 -1.56096 1.49158 
-0.477448 -0.337809 0.339155 1.01931 1.68467 -1.25166 
0.2166 -0.0542654 0.40643 -2.00143 -0.921282 1.91754 
-0.470868 -0.279489 -0.0188895 0.962267 1.85535 -0.93667 
0.221041 -0.116127 0.247923 0.889993 1.05165 -0.850902 
0.609615 0.658243 -0.277796 0.962 0.602984 -0.81006 
0.224762 -0.119142 0.0436101 0.738951 1.22486 -0.589739 
0.611048 0.61737 -0.328552 0.752296 0.698374 -0.541486 
0.228024 -0.0694751 -0.210905 0.649537 1.41649 -0.390526 
0.612637 0.589732 -0.397075 0.612985 0.810402 -0.349494 
-0.884258 1.09139 0.443306 -2.0591 -1.80523 -0.113519 
-0.187314 0.941765 0.635463 -1.3709 -1.78941 -0.15263 
0.373862 0.874112 0.354986 -0.784264 -1.54795 0.0986406 
0.65379 1.12569 -0.384777 -0.594393 -1.07387 0.290751 
-0.188973 0.389198 0.842207 -1.38735 -1.50729 0.333537 
0.372068 0.593565 0.455889 -0.886552 -1.22247 0.396276 
0.65262 1.01525 -0.335822 -0.758093 -0.837424 0.564701 
-0.884455 -0.100735 0.713322 1.09403 1.82959 4.12639 
-0.187409 -0.135618 0.872354 1.54171 1.27679 -2.13551 
0.373859 0.338952 0.485384 -1.11213 -0.906791 0.819436 
0.653688 0.918931 -0.315133 -1.02163 -0.615289 0.948596 
-0.180032 -0.419679 0.714594 1.22403 1.26167 -1.49137 
0.656071 0.839704 -0.320456 1.6797 0.474459 -1.64175 
-0.171584 -0.476525 0.433148 0.991394 1.40452 -1.03363 
0.382949 0.0160023 0.336104 -2.02578 -0.734584 2.03856 
-0.163889 -0.398106 0.0648665 0.865531 1.60983 -0.710363 
0.38636 -0.0435508 0.177691 0.796599 0.894763 -0.673902 
0.65999 0.730085 -0.390577 0.818405 0.561152 -0.617552 
-0.157289 -0.212833 -0.418369 0.824691 1.8515 -0.431292 
0.389902 -0.0449946 -0.0281244 0.620972 1.10062 -0.401622 
0.661457 0.69478 -0.448019 -2.52719 -0.68398 2.78762 
0.393278 0.00573842 -0.285534 0.523804 1.32178 -0.210265 
0.662771 0.671947 -0.520988 -2.65216 -0.815683 2.96448 
-0.527935 1.13551 0.688077 -1.69504 -1.76519 -0.39394 
0.159284 0.942302 0.646156 -0.958055 -1.80017 -0.151655 
0.524553 0.91435 0.247519 -0.57852 -1.44739 0.08778 
0.702402 1.18939 -0.509031 -0.490232 -0.978117 -6.03567 
0.156502 0.381451 0.856322 -0.989563 -1.38345 0.276898 
0.523143 0.652001 0.345448 -0.680734 -1.10575 0.348459 
0.701442 1.08006 -0.456511 -0.651762 -0.735429 6.79807 
0.159707 -0.152069 0.886046 1.83599 0.97045 4.10325 
0.525284 0.415881 0.374327 -0.905548 -0.759023 0.740157 
0.702394 0.986559 -0.435098 2.19857 0.503537 -2.22053 
0.704465 0.911481 -0.442904 -1.52552 -0.363515 1.61286 
-0.506613 -0.606688 0.196782 1.03669 1.82259 -0.876035 
0.174174 -0.483499 0.435436 0.859451 1.07815 -0.771104 
0.531857 0.120885 0.222812 1.01063 0.560936 -0.907937 
0.181112 -0.399401 0.0627344 0.671724 1.35322 -0.433843 
0.534919 0.0663758 0.0642242 0.632336 0.771337 -0.431477 
0.707884 0.812687 -0.524056 0.60893 0.544521 -6.63983 
0.187771 -0.209862 -0.424051 0.592516 1.66261 -0.186296 
0.537467 0.0673826 -0.144723 0.462476 1.01976 -0.176599 
0.709108 0.784158 -0.589599 0.441439 0.700627 6.15393 
0.539725 0.123738 -0.414766 0.376245 1.27734 -0.00908194 
0.710285 0.768869 -0.672277 3.4874 -0.855447 3.15908 
0.479506 0.94712 0.554911 -0.531539 -1.73926 -0.0916615 
0.656816 0.975266 0.0992747 -0.362087 -1.33311 0.0464808 
0.749445 1.26646 -0.656904 2.7981 0.875087 3.30153 
0.477143 0.438307 0.749761 -0.584177 -1.24683 0.207428 
0.655452 0.731473 0.19529 -0.453758 -0.977205 0.266734 
0.748534 1.15633 -0.598162 -0.495423 -0.617211 6.69823 
0.479508 -0.0303265 0.774942 -0.894763 -0.69524 0.756995 
0.656542 0.519298 0.219978 -0.656464 -0.599791 0.60869 
0.749812 1.06305 -0.57205 -0.813799 -0.361998 -5.43785 
0.0825085 -0.905734 0.758133 0.959263 1.07302 -0.865669 
0.751302 0.994778 -0.588057 -1.78053 -0.232785 1.92191 
0.0953896 -0.714546 0.242881 0.707328 1.3886 -0.444703 
0.49032 -0.353461 0.344682 0.593046 0.790841 -0.410202 
0.662004 0.253332 0.0660828 0.711248 0.426802 -0.519436 
0.752769 0.944952 -0.628331 0.573031 0.377198 5.94467 
0.108332 -0.393151 -0.428274 0.618172 1.76944 -0.142153 
0.494303 -0.280202 -0.0263071 0.398872 1.16535 -0.102423 
0.663832 0.207421 -0.0962372 0.383166 0.715233 -0.104333 
0.753714 0.911775 -0.68889 0.34061 0.57934 -0.03239 
0.497601 -0.0899537 -0.532276 0.329925 1.55314 0.0856748 
0.66532 0.215605 -0.313749 0.269148 1.00633 0.0831937 
0.754461 0.893373 -0.768163 0.246624 0.768165 0.120716 
0.666662 0.285044 -0.60753 0.216074 1.29948 0.204444 
0.755172 0.891287 -0.870452 -2.94674 -0.945378 3.36367 
0.730607 0.983544 0.366068 -0.134986 -1.60471 -0.0874045 
0.771697 1.0624 -0.0960498 -0.101332 -1.22219 -0.0586672 
0.796272 1.36834 -0.848048 3.03948 0.776578 -3.16819 
0.727868 0.549046 0.54138 -0.185428 -1.09749 0.0853737 
0.769878 0.834978 0.00144191 -0.164768 -0.843193 0.110137 
0.794851 1.25152 -0.77429 -3.35206 0.486391 3.32824 
0.730521 0.166703 0.559997 -0.290928 -0.488887 0.341355 
0.771716 0.641778 0.024247 -0.234245 -0.422079 0.307705 
0.796278 1.16106 -0.75053 2.71156 0.172257 -2.61762 
0.653259 -0.667299 0.648731 0.332778 0.544031 -0.15413 
0.733645 -0.0619961 0.419259 0.625701 0.170143 -0.446681 
0.773807 0.498895 -0.0268173 -1.90089 -0.0672551 2.09286 
0.797824 1.0984 -0.772881 0.252372 0.173117 -0.0461159 
0.655821 -0.536395 0.149388 0.167821 1.09006 0.119403 
0.73463 -0.1268 0.154146 0.142348 0.668909 0.136378 
0.774239 0.412667 -0.142142 0.140759 0.422395 0.145112 
0.798019 1.0603 -0.829409 -3.05191 -0.459211 3.3498 
0.657289 -0.233344 -0.540592 0.138102 1.61491 0.254041 
0.734817 -0.0638029 -0.21894 0.0954354 1.11931 0.26447 
0.774093 0.380382 -0.314492 0.0857603 0.768737 0.273386 
0.797775 1.04149 -0.910486 0.067629 0.701902 0.301018 
0.735063 0.144056 -0.77866 0.0831513 1.57437 0.351131 
0.774079 0.403648 -0.552173 -3.07439 -1.08674 -2.7899 
0.797647 1.04277 -1.02022 -3.08359 -0.914626 3.50774 
0.774228 0.511018 -0.912334 0.0583917 1.41885 0.412283 
0.797687 1.0748 -1.1794 3.19198 -1.12134 -2.72239 
0.984155 1.11022 0.368971 0.373677 -1.79627 -0.132081 
0.917232 1.08361 0.0708066 0.301615 -1.48419 -0.223512 
0.874915 1.19146 -0.362715 0.28389 -1.16557 -0.29712 
0.845861 1.53843 -1.1599 -2.78828 0.729578 -3.58301 
0.976541 0.491718 0.647834 0.312392 -1.1585 -0.129018 
0.911447 0.706739 0.242345 0.268584 -0.966264 -0.155178 
0.870021 0.968159 -0.247938 0.266477 -0.738107 -0.199103 
0.917236 0.400985 0.250782 -2.37284 0.439676 2.61923 
0.874911 0.794298 -0.232744 0.842667 -0.352034 -0.62855 
0.845861 1.3011 -1.00828 1.68287 -0.234243 4.77035 
0.981118 -0.228813 0.351561 -0.623412 0.587313 0.944633 
0.845113 1.25516 -1.05678 -0.518151 0.451047 0.798822 
0.97398 -0.170451 -0.118621 -0.28008 1.11679 0.642159 
0.910498 0.163158 -0.147313 2.85274 -0.80648 -2.46927 
0.87004 0.609306 -0.424374 -0.305462 0.633022 6.97212 
0.842095 1.24281 -1.15297 -0.244287 0.716957 -5.67752 
0.968632 0.138735 -0.900188 -0.193806 1.70301 0.560592 
0.906751 0.237681 -0.548029 -0.164104 1.24948 0.588809 
0.867202 0.598472 -0.619488 -0.162092 0.957603 0.598717 
0.839833 1.27051 -1.31149 -3.28172 -0.973288 3.70327 
0.865439 0.665671 -0.92742 -3.24922 -1.29025 3.72378 
1.16332 1.24659 -0.12003 0.882024 -1.67501 -0.401048 
1.0509 1.27297 -0.373932 0.785174 -1.47805 -0.529122 
1.1575 0.756335 0.149039 0.884485 -1.10928 -0.497932 
1.04425 0.924981 -0.167215 0.837901 -0.955441 -0.570646 
0.957572 1.15819 -0.601604 0.876296 -0.771296 -0.710742 
1.15201 0.245665 -0.133482 2.30588 -0.982658 -1.84275 
1.04182 0.544714 -0.322017 -0.861953 0.8281 1.31215 
0.956091 0.913222 -0.683217 -0.83307 0.760746 -5.03987 
1.14196 0.312774 -0.636331 -0.50816 1.39335 0.933594 
1.0333 0.525196 -0.61174 -0.492365 1.13445 0.954597 
0.949099 0.879563 -0.846292 -0.479797 0.989224 0.933439 
1.02758 0.727866 -1.23775 -0.346324 1.61017 0.77107 
0.944414 0.943387 -1.16042 -0.319001 1.308 0.792335 
1.13448 1.65233 -1.14294 1.01142 -1.41574 -0.928735 
1.25477 0.881122 -0.603622 -1.25345 1.1805 1.72162 
1.12661 1.00678 -1.04138 -0.819985 1.25688 1.24931 
2.02012 1.477 -0.835211 1.73767 -1.99992 -0.921897 
1.58512 1.19247 -0.39282 -1.65599 1.66704 -3.91777 
1.15648 1.3124 -0.757358 1.22788 -1.28899 -0.939617 
2.02108 1.17632 -0.635198 1.79577 -1.92621 -0.98909 
1.58564 0.994189 -0.29652 1.55962 -1.55745 5.41013 
1.15633 1.21042 -0.698333 1.34026 -1.18468 -1.01345 
2.02017 0.967345 -0.613927 1.86 -1.93181 -1.1339 
1.58507 0.831213 -0.271974 1.68299 -1.50819 5.26901 
1.58361 0.700987 -0.301696 1.80354 -1.47198 5.10174 
1.58132 0.613329 -0.392434 -1.21153 1.48289 -4.50538 
1.57849 0.575105 -0.549483 2.04658 -1.54485 -1.5496 
1.57536 0.605325 -0.803474 -1.00381 1.65959 1.39988 
1.14812 0.918655 -0.785611 -0.997481 1.12242 1.4431 
1.14552 0.905386 -0.871898 2.272 -1.19526 -1.82338 
1.46646 1.20299 -0.411549 -1.75461 1.59621 -3.9156 
1.10832 1.38254 -0.887741 1.20019 -1.23868 -0.978466 
1.86428 1.04457 -0.390442 -1.41255 1.77348 2.24105 
1.46694 1.00266 -0.312378 -1.66066 1.46171 2.26589 
1.10813 1.27508 -0.817765 1.33427 -1.12639 -1.0598 
1.86315 0.821891 -0.37301 -1.31156 1.75723 2.06573 
1.46647 0.83991 -0.289046 -1.50357 1.39773 2.10811 
1.86145 0.680901 -0.484442 -1.22829 1.77103 -4.4388 
1.46441 0.710183 -0.319897 -1.34578 1.35217 1.92082 
1.46152 0.623991 -0.413226 1.9606 -1.36641 -1.4238 
1.45452 0.627421 -0.841638 -0.919155 1.58233 1.32207 
1.09852 1.00386 -0.932232 -0.893935 1.12734 1.32508 
1.45096 0.878396 -1.46636 2.26568 -1.84821 -2.1033 
1.0957 1.00618 -1.04369 -0.767281 1.2255 1.2012 
1.68996 1.2858 -0.434725 1.53719 -1.77112 5.54975 
1.06228 1.48008 -1.06736 1.17931 -1.18176 -1.03509 
2.01472 1.13096 -0.551046 -1.3428 1.90309 2.18911 
1.6911 0.979804 -0.269665 -1.52064 1.62904 -4.00079 
2.0133 0.867123 -0.557703 1.8828 -1.91817 -1.16744 
1.69045 0.746297 -0.251239 1.77365 -1.58268 5.2187 
1.3505 0.874776 -0.351026 -1.53394 1.28599 -4.21315 
1.6874 0.595774 -0.363179 1.91838 -1.58381 -1.31622 
1.34794 0.749034 -0.386079 -1.32875 1.23568 -4.4284 
1.68368 0.557063 -0.624382 -1.09414 1.67753 1.5571 
1.79531 1.40275 -0.530879 1.59652 -1.86462 5.56462 
1.50889 1.28083 -0.418154 1.37906 -1.67976 5.57095 
1.7971 0.984222 -0.277911 -1.45738 1.70274 2.2846 
1.51012 0.968831 -0.249856 1.49674 -1.48614 -0.848703 
1.79531 0.693745 -0.285272 1.84624 -1.67752 -1.12408 
1.50911 0.734464 -0.237929 1.71938 -1.40761 5.19032 
1.01543 1.33062 -1.17274 -1.19555 0.976926 1.49731 
1.50037 0.546316 -0.616746 2.1405 -1.52024 4.60679 
1.01177 1.30211 -1.23886 2.1928 -1.04073 4.43522 
1.00802 1.32498 -1.39125 -0.753676 1.16905 -5.16573 
1.55323 1.37131 -0.451309 1.38401 -1.75638 -6.94912 
1.33181 1.32978 -0.51475 1.20818 -1.59025 -0.727864 
1.13731 1.40257 -0.794991 1.09179 -1.37092 -0.856472 
1.55514 0.94119 -0.197738 -1.62649 1.51041 2.3159 
1.13764 1.18769 -0.656266 1.30078 -1.14475 -0.980599 
1.55311 0.640066 -0.209049 1.79479 -1.43244 5.12548 
1.33179 0.783663 -0.323927 -1.44081 1.23073 -4.30652 
1.32005 0.62718 -0.743195 2.28382 -1.41598 -1.83308 
1.12684 0.879888 -0.831993 2.29224 -1.16281 -1.83739 
1.12172 0.924352 -1.1165 -0.656152 1.38479 1.0888 
1.31214 1.43189 -0.572569 1.13426 -1.65814 -0.685057 
1.16751 1.4483 -0.747916 1.03172 -1.49282 -0.776824 
1.16951 1.11449 -0.520358 1.27904 -1.16765 -0.916588 
1.1599 0.785945 -0.679039 -0.926292 1.13902 -4.88734 
1.09861 1.14747 -0.581744 1.20949 -1.06274 -0.91032 
1.08364 0.866335 -1.02436 2.53336 -1.33321 -2.07928 
0.0341712 0.601348 0.532839 -1.10007 -1.79909 0.124372 
0.551726 0.784761 -0.124345 -0.687317 -1.25794 0.278135 
-0.718922 0.481842 0.507898 -1.80659 -1.98266 0.416506 
0.0287461 0.321846 0.581699 -1.17999 -1.54725 0.463955 
0.548676 0.692376 -0.116948 -0.839376 -1.05223 0.531964 
-0.720767 0.143388 0.493117 1.30643 1.91065 -2.2529 
0.0264784 0.0868855 0.556006 -1.37478 -1.31641 0.902759 
0.547534 0.611859 -0.134629 -1.0963 -0.847081 0.910946 
-0.718922 -0.056734 0.33814 -1.91488 -1.89939 -4.93632 
-0.714456 -0.109004 0.0646083 1.15284 1.96578 -1.39816 
0.0341061 -0.149124 0.300957 -1.94551 -1.20211 1.85701 
0.0396561 -0.158153 0.0951245 0.990514 1.31427 -0.93435 
0.0443698 -0.111201 -0.158859 0.866963 1.47233 -0.672465 
0.556438 0.47285 -0.421589 0.756244 0.884387 -6.82351 
0.0482783 -0.00696194 -0.480145 0.803322 1.65619 -0.45273 
0.558126 0.479172 -0.536425 -2.50502 -1.01386 2.78462 
-0.48449 0.829622 0.586036 -1.64347 -1.9922 -0.118525 
0.211468 0.614638 0.505901 -0.909393 -1.71496 0.0959657 
0.605376 0.838182 -0.215885 -0.616095 -1.18359 0.249297 
-0.490593 0.341751 0.734365 -1.60017 -1.83459 0.352904 
0.2065 0.34008 0.555549 -1.00578 -1.42296 0.416592 
0.602719 0.748938 -0.209029 -0.772381 -0.969798 0.505294 
-0.493069 -0.0743486 0.718203 1.47372 1.69882 4.06232 
0.204254 0.109622 0.531076 -1.22915 -1.14847 0.856254 
0.601519 0.671472 -0.226278 -1.04356 -0.758874 0.894608 
0.206438 -0.0462658 0.434163 1.56075 0.988301 4.54279 
-0.484523 -0.332071 0.248562 1.17354 1.73261 -1.26186 
0.211411 -0.121879 0.276458 1.18789 1.00086 -1.20808 
-0.477366 -0.240629 -0.145615 1.09199 1.8779 -0.90701 
0.2166 -0.129806 0.0692041 0.923428 1.13664 -0.810573 
0.607665 0.55256 -0.423927 0.859967 0.714051 -0.685612 
0.22104 -0.0814469 -0.187669 0.769276 1.3248 -0.532888 
0.609595 0.548639 -0.527876 0.665026 0.85424 -0.417359 
0.224763 0.025824 -0.515237 0.68661 1.54 -0.31532 
0.611211 0.561756 -0.653276 0.548363 1.00385 -0.236528 
-0.878915 1.11893 0.429562 -2.04445 -1.99048 -0.253053 
-0.180048 0.81244 0.699029 -1.32944 -1.96709 -0.211691 
0.378275 0.649908 0.434992 -0.71602 -1.62327 0.0659527 
0.655957 0.899745 -0.321829 -0.533859 -1.10413 0.208538 
-0.884433 0.493064 0.705606 -1.96147 -1.94955 0.205682 
-0.187072 0.252998 0.867414 -1.29488 -1.6804 0.297554 
0.374004 0.38888 0.484839 -0.82235 -1.29981 0.356575 
0.654005 0.811164 -0.311439 -0.692086 -0.880258 0.464883 
-0.190392 -0.228681 0.849783 1.68389 1.41455 -2.20078 
0.372004 0.170158 0.46209 -1.06303 -0.985103 0.782296 
0.652691 0.737791 -0.329994 -0.981007 -0.660373 0.867713 
-0.180031 -0.468922 0.34249 1.13253 1.42503 -1.09207 
-0.171581 -0.358962 -0.058708 0.97195 1.61418 -0.722372 
0.382634 -0.0594401 0.00273321 0.816636 0.971926 -0.655696 
0.658215 0.63321 -0.541724 0.734975 0.67282 -0.529705 
-0.16388 -0.12997 -0.60676 0.919117 1.86523 -0.392641 
0.386633 -0.0091569 -0.259281 0.640231 1.20055 -0.367803 
0.659985 0.637364 -0.657999 0.546587 0.844414 -0.266336 
0.389902 0.104484 -0.601221 0.549368 1.45559 -0.158473 
0.661453 0.661388 -0.801037 0.441265 1.0196 -0.0957251 
-0.518545 1.16806 0.667969 -1.73662 -1.96197 -0.548178 
0.166324 0.812468 0.707959 -0.920347 -1.96142 -0.216623 
0.528307 0.706908 0.322239 -0.520822 -1.52531 0.0237317 
0.704644 0.969709 -0.442947 -0.429443 -1.02136 0.144293 
0.159319 0.244557 0.880684 -0.922899 -1.52412 0.223183 
0.524553 0.464413 0.371945 -0.627655 -1.17846 0.278166 
0.702241 0.883602 -0.431471 -0.587468 -0.781697 0.399168 
0.156395 -0.247495 0.864233 -1.18913 -1.08709 0.858815 
0.523113 0.261005 0.351984 -0.867971 -0.828277 0.674277 
0.701439 0.813165 -0.45038 -0.898226 -0.547153 0.820239 
-0.518527 -0.613954 0.217395 1.19685 1.77325 -0.962674 
0.16629 -0.479864 0.348403 0.997902 1.06765 -0.887921 
-0.50638 -0.321968 -0.450524 1.14995 1.99078 -0.535256 
0.174215 -0.363718 -0.0576758 0.756494 1.33819 -0.483692 
0.531813 0.0487033 -0.106983 0.650295 0.838373 -0.445247 
0.706396 0.727904 -0.685776 0.5554 0.656508 -6.60115 
0.181209 -0.129199 -0.611229 0.657005 1.67395 -0.185427 
0.534921 0.10357 -0.379285 0.475807 1.11932 -0.169024 
0.537465 0.23234 -0.752047 0.394421 1.4235 0.0176964 
0.708991 1.43185 -2.1481 -2.86321 -1.56285 3.3562 
0.484789 0.830835 0.607064 -0.493442 -1.89792 -0.176919 
0.659691 0.78612 0.168513 -0.312774 -1.4288 -0.0474308 
0.751305 1.05438 -0.58965 2.8583 0.939956 3.17584 
0.479521 0.320116 0.770239 -0.533565 -1.38336 0.116278 
0.656551 0.562927 0.219249 -0.40564 -1.06173 0.164034 
0.749461 0.96787 -0.573533 -0.426356 -0.675349 0.275302 
0.47712 -0.117418 0.757237 -0.798835 -0.817801 0.612361 
0.655166 0.378095 0.200218 -0.620138 -0.676022 0.508245 
0.748527 0.899642 -0.59163 -0.75658 -0.41242 0.713027 
0.479507 -0.335887 0.571885 1.52304 0.523887 4.76092 
0.656564 0.250687 0.110418 1.88213 0.370346 -1.86089 
0.749471 0.853756 -0.645601 -1.67544 -0.262591 1.74439 
0.0824943 -0.73124 0.268564 0.853514 1.26866 -0.596741 
0.484783 -0.359285 0.264615 0.729673 0.737155 -0.579077 
0.659457 0.188967 -0.0465239 0.787999 0.444881 -0.643449 
0.0971993 -0.410654 -0.402131 0.694491 1.64972 -0.223826 
0.490554 -0.251818 -0.142672 0.455204 1.12678 -0.174668 
0.662004 0.191479 -0.266742 0.399741 0.767365 -0.149459 
0.752769 0.845231 -0.872303 -2.82265 -0.690188 3.09412 
0.494204 -0.00797639 -0.729007 0.364973 1.56564 0.0604442 
0.663839 0.255917 -0.557635 0.277174 1.10693 0.0643315 
0.753714 0.889364 -1.05517 3.36781 -0.953516 -3.01811 
0.665316 0.430934 -1.01566 0.22786 1.47909 0.208241 
0.75446 1.02123 -1.3871 3.32138 -1.24881 -2.89929 
0.733672 0.887515 0.405936 -0.101701 -1.78798 -0.194094 
0.773836 0.893891 -0.0334823 -0.0655047 -1.3549 -0.177228 
0.797822 1.16153 -0.774838 -0.0555754 -0.8809 6.11591 
0.730485 0.457173 0.555976 -0.141513 -1.27139 -0.0409127 
0.771716 0.685256 0.0235122 -0.11589 -0.96611 -0.0272927 
0.796263 1.07079 -0.74767 -0.130552 -0.580705 0.00976529 
0.727947 0.0947295 0.547448 -0.270687 -0.660049 0.215779 
0.76986 0.516119 0.00779569 -0.241917 -0.536808 0.208948 
0.794845 1.00425 -0.766208 -0.394032 -0.256989 0.382325 
0.647623 -0.681782 0.680181 0.701006 0.336212 -0.611161 
0.730522 -0.106134 0.38049 -1.4324 -0.136445 1.51404 
0.771716 0.402545 -0.0851414 -0.986706 -0.114285 1.07707 
0.796272 0.967707 -0.834567 0.535282 0.139409 -0.431383 
0.653195 -0.558509 0.180559 0.219407 0.890628 -0.00599679 
0.733645 -0.140166 0.0836074 3.32942 -0.559937 -3.12913 
0.773807 0.354235 -0.251983 3.30755 -0.396231 -3.10358 
0.797823 0.968785 -0.960896 3.23336 -0.487278 -3.02009 
0.654291 -0.25724 -0.505754 0.150675 1.46107 0.179584 
0.734636 -0.0392684 -0.336269 0.100346 1.06893 0.200146 
0.774225 0.37278 -0.49383 0.0805329 0.811997 0.21778 
0.798021 1.02 -1.16414 0.0529616 0.833591 0.253148 
0.734804 0.253725 -1.03298 0.0861874 1.61401 0.309617 
0.774095 0.472898 -0.845869 0.063907 1.20643 0.31226 
0.915473 1.00582 0.100641 0.278492 -1.70765 -0.326806 
0.873856 1.03942 -0.303365 0.248055 -1.34334 -0.398464 
0.984168 0.545301 0.624834 0.364548 -1.50773 -0.243553 
0.917242 0.643381 0.247032 0.319103 -1.23265 -0.305769 
0.874924 0.841791 -0.233678 0.320764 -0.954841 5.91094 
0.845902 1.21856 -0.999563 0.431475 -0.581745 -0.540018 
0.977134 -0.00698344 0.653624 0.453459 -0.69846 -0.357163 
0.911458 0.342274 0.248029 0.382073 -0.62533 -0.314899 
0.869851 0.680892 -0.241202 0.400104 -0.472296 -0.360243 
0.841627 1.14994 -1.01527 0.845385 -0.20126 -0.835233 
0.981104 -0.190332 -0.084294 -0.413674 0.935624 0.660173 
0.915474 0.150433 -0.216347 -0.426449 0.718664 6.97848 
0.873803 0.56509 -0.545097 -0.421008 0.622861 0.689913 
0.845098 1.26948 -1.48474 2.84567 -0.833974 3.66832 
0.97405 0.111816 -0.856454 -0.250943 1.55707 0.519866 
0.910521 0.271948 -0.685772 -0.220529 1.22294 0.545822 
0.870037 0.621437 -0.844941 -0.209194 1.02879 0.549047 
1.15215 1.28072 -0.151532 0.718844 -1.92668 -0.452442 
1.04168 1.20285 -0.33587 0.598097 -1.68268 -0.568226 
0.956137 1.24988 -0.694407 0.545778 -1.38541 -0.681662 
1.16257 0.811565 0.107533 0.87505 -1.54246 -0.560975 
1.05091 0.892988 -0.18947 0.808005 -1.34112 -0.670646 
0.963859 1.06366 -0.613554 -2.33374 1.11291 2.33045 
1.15751 0.411581 0.154572 1.06142 -0.91634 -0.828364 
1.04472 0.630433 -0.163306 1.03817 -0.781992 -0.877558 
1.0509 0.517918 -0.358196 -1.21169 0.850908 1.48995 
1.152 0.296786 -0.600119 -0.698551 1.28439 0.981192 
0.956149 0.885094 -1.04031 -0.628861 1.05044 0.917487 
1.2462 1.65091 -0.987591 -2.30147 1.77124 -4.00828 
1.12661 1.56999 -1.06894 -2.37233 1.58664 2.22745 
1.25501 1.19055 -0.612888 -2.06846 1.53899 -4.06336 
1.13448 1.24234 -0.822479 1.02525 -1.3687 -1.00617 
1.25488 0.817262 -0.906217 -1.13729 1.31605 -4.92105 
1.58378 1.01883 -0.30735 -1.76492 1.73347 2.26471 
1.15508 1.08853 -0.671475 1.15177 -1.29943 -1.0421 
1.58527 0.850568 -0.271966 1.46668 -1.646 5.2861 
1.58507 0.622074 -0.379457 1.69709 -1.54609 -1.32883 
1.58131 0.599583 -0.775117 1.93627 -1.62533 -1.73429 
1.15308 0.893819 -0.926028 -1.15446 1.17735 1.37512 
1.1507 0.923654 -1.08588 -1.00102 1.26344 1.21422 
1.14811 1.0361 -1.38751 2.26841 -1.41413 -2.10583 
1.1066 1.15818 -0.79091 1.1078 -1.25344 -1.05948 
1.86315 0.980066 -0.376431 -1.53268 1.88671 2.15881 
1.46647 0.862182 -0.289471 1.38584 -1.55595 -0.989016 
1.86427 0.772235 -0.384651 1.66958 -1.80784 -1.17144 
1.46646 0.633038 -0.397637 1.68879 -1.42675 -1.35165 
1.86145 0.68346 -0.890589 1.80934 -1.88838 4.58601 
1.10419 0.998565 -1.10314 2.07846 -1.17553 -1.88018 
1.45815 0.810469 -1.332 -1.03843 1.72156 1.05965 
1.10141 1.08121 -1.35612 -0.89827 1.31134 1.07345 
1.34791 1.06999 -0.39293 -1.98054 1.59951 -4.00348 
1.06011 1.24734 -0.944651 1.06041 -1.20403 -1.08301 
1.35055 0.900482 -0.35223 1.30237 -1.46724 -0.989461 
1.06228 1.17897 -0.945143 -1.88702 1.11959 -4.36053 
2.01496 0.872112 -0.546422 -1.43519 1.94927 -4.36063 
1.68738 0.575009 -0.73608 -1.25277 1.71391 1.45241 
1.34429 0.681091 -0.905989 2.09871 -1.45613 -1.8826 
1.50538 1.19867 -0.364617 -1.90809 1.80441 -3.90507 
1.23675 1.13664 -0.510493 1.04277 -1.53608 -0.866991 
1.50912 0.909675 -0.241924 1.36174 -1.64079 -0.903971 
1.2401 0.967674 -0.46453 1.21774 -1.37982 -0.998739 
1.01833 1.30924 -1.17095 1.24812 -1.05734 -1.28801 
1.79735 0.700156 -0.271105 -1.49877 1.72907 -4.27777 
1.51027 0.68394 -0.245589 1.52262 -1.46842 -1.12998 
1.79556 0.567373 -0.511085 -1.34846 1.76552 1.67236 
1.50912 0.563151 -0.40454 -1.37681 1.46572 1.71275 
1.50536 0.563083 -0.725527 1.97813 -1.55172 4.53278 
1.54763 1.39628 -0.470287 -1.92073 1.92446 2.43942 
1.32641 1.25184 -0.46233 1.03667 -1.73557 -0.765025 
1.13256 1.24129 -0.696995 0.911572 -1.47161 -0.880986 
1.55323 0.97131 -0.216175 1.35636 -1.72346 -0.829824 
1.33178 0.961194 -0.327683 -1.9312 1.5259 2.24395 
1.13744 1.0686 -0.635064 1.12986 -1.29295 -1.01679 
1.55533 0.649602 -0.192349 1.5345 -1.49722 -1.11189 
1.55323 0.50698 -0.431836 1.82824 -1.51817 4.77843 
1.32642 0.646676 -0.855844 2.11168 -1.43208 -1.87994 
1.13239 0.89092 -1.03364 -0.984619 1.23522 1.21437 
1.30373 1.46458 -0.603797 -2.21013 1.85708 -3.85954 
1.15991 1.37504 -0.695491 0.8171 -1.6618 -0.791374 
1.31213 1.03302 -0.321084 1.12679 -1.59524 -0.81858 
1.16751 1.07814 -0.528682 1.04695 -1.41621 -0.907794 
1.04229 1.23022 -0.91267 1.03223 -1.20026 -1.05447 
1.30374 0.82264 -1.362 -0.883032 1.65805 0.9753 
1.1599 0.900269 -1.26866 -0.820294 1.44814 1.01827 
1.09546 1.21209 -0.639137 0.862329 -1.47807 -0.834893 
1.09521 0.839908 -0.954385 -0.950692 1.19219 1.20509 
0.914904 1.32196 -1.3161 1.56248 -0.592934 4.72257 
0.0396737 0.363912 0.573928 -0.986767 -1.81759 0.211053 
0.554314 0.599675 -0.166111 -0.651809 -1.18949 0.294828 
0.0340977 0.128215 0.564349 -1.05143 -1.58665 0.515008 
0.551713 0.538748 -0.199388 -0.787851 -1.01909 0.515458 
0.0288097 -0.0451097 0.484314 -1.22804 -1.37812 0.899885 
0.548957 0.489765 -0.254524 -1.03752 -0.848822 0.869152 
0.0288154 -0.16509 0.133301 1.33004 1.25927 -1.30281 
0.0341028 -0.12457 -0.124084 1.08814 1.37072 -0.905393 
0.0396598 -0.0227801 -0.447702 0.942614 1.54795 -0.59644 
0.554355 0.509278 -0.764476 0.705832 1.05044 -6.70215 
0.0443798 0.173754 -0.912997 0.886548 1.77571 -0.312674 
0.556437 0.59062 -0.997699 0.594541 1.24573 -0.214269 
0.216639 0.384652 0.544402 -0.820491 -1.71721 0.147581 
0.607281 0.661711 -0.257721 -0.583631 -1.12175 0.244342 
-0.48449 0.222154 0.749319 -1.44408 -1.97995 0.367536 
0.211414 0.15233 0.536977 -0.905908 -1.44697 0.434818 
0.605136 0.603043 -0.292045 -0.725353 -0.938601 0.470513 
-0.490594 -0.146637 0.690456 1.68215 1.8122 -2.23897 
0.206466 -0.0198198 0.459608 -1.11391 -1.19676 0.827486 
0.602673 0.556324 -0.347702 -0.993683 -0.756596 0.842031 
-0.490579 -0.317268 0.156199 1.37701 1.75326 -1.28963 
0.206468 -0.139955 0.111307 1.30166 1.04829 -1.25419 
-0.484485 -0.193284 -0.278995 1.25967 1.86878 -0.887486 
0.211403 -0.0986072 -0.1479 1.00109 1.18756 -0.806927 
0.2166 0.00585633 -0.477013 0.824155 1.40266 -0.481723 
0.221039 0.212424 -0.961218 0.74558 1.67654 -0.204216 
0.609601 0.723386 -1.20202 0.508082 1.27426 -0.103889 
0.382922 0.434879 0.469972 -0.647101 -1.6219 0.0766307 
0.658255 0.733395 -0.368774 -0.502552 -1.04941 0.181425 
-0.180004 0.116366 0.881329 -1.16782 -1.8008 0.30067 
0.378219 0.213311 0.465236 -0.743588 -1.31857 0.337391 
0.656012 0.675966 -0.400962 -0.648499 -0.851634 0.411664 
-0.18561 -0.306307 0.818419 -1.28267 -1.5046 0.880594 
0.373864 0.0467348 0.392194 -0.971975 -1.02524 0.726047 
0.65372 0.631976 -0.458143 -0.941786 -0.654615 0.8076 
-0.190275 -0.471248 0.587722 1.59346 1.37949 -1.68945 
-0.187313 -0.452307 0.250472 1.31484 1.4222 -1.1816 
0.373859 -0.0726562 0.0497061 -1.88705 -0.837485 1.94964 
-0.180041 -0.312761 -0.186839 1.1104 1.58842 -0.755481 
0.378191 -0.0307882 -0.212621 0.880754 1.01602 -0.679726 
0.656007 0.648575 -0.851345 0.68952 0.794815 -0.472252 
-0.171535 -0.0246413 -0.831552 1.03359 1.85279 -0.348594 
0.382746 0.0788346 -0.554131 0.679483 1.28141 -0.341792 
0.658222 0.736096 -1.1045 0.501664 1.05276 -0.179459 
0.386609 0.314091 -1.09322 0.591095 1.62068 -0.0713239 
0.531862 0.512059 0.352338 -0.46784 -1.53463 -0.00708082 
0.706396 0.815179 -0.496344 -0.398355 -0.9789 0.0917297 
0.166305 0.109255 0.89162 -0.828828 -1.62266 0.189712 
0.52835 0.303762 0.352336 -0.561259 -1.20459 0.219828 
0.704457 0.758775 -0.527211 -0.542041 -0.759546 0.321216 
0.15929 -0.323685 0.829985 -1.04369 -1.17256 0.748868 
0.524556 0.146621 0.284043 -0.790741 -0.867829 0.586544 
0.7024 0.717824 -0.586745 -0.865502 -0.538562 0.747326 
0.156351 -0.489526 0.599283 -1.49495 -0.967491 1.43735 
-0.527963 -0.622333 0.24387 1.3914 1.71621 -1.07649 
0.524559 0.0315551 -0.0529877 -1.9791 -0.632476 2.05558 
-0.518238 -0.336508 -0.419581 1.28798 1.89015 -0.610695 
0.166298 -0.321484 -0.181718 0.87263 1.29049 -0.564541 
0.527722 0.0747357 -0.321351 0.706628 0.872512 -0.500308 
0.704456 0.776023 -1.0476 0.521112 0.793333 -0.291898 
0.174198 -0.0279712 -0.831375 0.735095 1.66233 -0.187173 
0.531855 0.197691 -0.68981 0.503574 1.20452 -0.169437 
0.489981 0.705702 0.652938 -0.454221 -2.00576 -0.235149 
0.661991 0.613054 0.193125 -0.275322 -1.46161 -0.114916 
0.75277 0.911914 -0.650195 -0.254596 -0.915593 -0.0445577 
0.48482 0.206857 0.776032 -0.466222 -1.49245 0.0335937 
0.65945 0.421346 0.197106 -0.3474 -1.11043 0.0660992 
0.751268 0.855715 -0.678235 -0.373064 -0.667445 0.162296 
0.479508 -0.186678 0.725578 -0.676102 -0.924837 0.456496 
0.656564 0.274055 0.134642 -0.544341 -0.728005 0.382136 
0.749449 0.818575 -0.742196 -0.717566 -0.403614 0.610672 
0.477121 -0.3601 0.512412 -1.32831 -0.568791 1.28524 
0.655156 0.187453 0.00231794 -1.12004 -0.415726 -5.19899 
0.0710312 -0.747995 0.299866 1.05359 1.14278 -0.806796 
0.479481 -0.353406 0.181685 -2.2017 -0.667406 2.31339 
0.656556 0.168029 -0.201113 0.93343 0.442659 -0.841826 
0.749461 0.847593 -1.03845 0.574151 0.49616 -0.451817 
0.0824938 -0.431757 -0.367157 0.805911 1.49692 -0.344779 
0.484817 -0.215762 -0.26483 0.542804 1.05024 -0.285698 
0.65946 0.221431 -0.487846 0.446234 0.784857 -0.232964 
0.751307 1.02163 -1.45736 3.43081 -0.912095 -3.18584 
0.490047 0.102605 -0.973021 0.408503 1.56055 0.027966 
0.662004 0.376953 -0.919459 0.29318 1.20838 0.0390973 
0.734635 0.783933 0.439382 -0.0935319 -1.91326 -0.279825 
0.774224 0.739771 -0.0131493 -0.0582584 -1.41637 -0.26467 
0.798038 1.0353 -0.850533 -0.0510783 -0.874164 -0.255998 
0.653276 0.425619 0.9599 -0.178679 -1.88287 -0.188779 
0.73363 0.371632 0.555279 -0.10046 -1.42326 -0.157306 
0.773807 0.562846 -0.00230953 -0.0735618 -1.05575 -0.154983 
0.797823 0.980586 -0.877709 -0.0762053 -0.597674 -0.139632 
0.730516 0.0380174 0.519433 -0.18502 -0.821416 0.0438399 
0.771718 0.425548 -0.0578701 -0.162489 -0.62813 0.038454 
0.796285 0.947241 -0.946861 -0.275588 -0.263624 0.166875 
0.643414 -0.685953 0.709392 -1.48174 -0.250306 1.47882 
0.72795 -0.133094 0.329861 -0.704285 -0.255897 0.687994 
0.76988 0.34692 -0.190953 -0.671353 -0.198197 0.661746 
0.794842 0.961083 -1.09733 -2.51929 -0.167554 2.52595 
0.647582 -0.580271 0.218248 0.359579 0.65268 -0.228729 
0.730522 -0.142497 0.00946284 0.344671 0.410132 -0.235127 
0.771716 0.33812 -0.407619 0.291832 0.336928 -0.18289 
0.796271 1.14985 -1.55311 -3.02466 -0.660235 3.14851 
0.652365 -0.285909 -0.461866 0.179917 1.25329 0.0759435 
0.73365 -0.00775841 -0.457464 0.120888 0.96426 0.103081 
0.773807 0.417334 -0.739597 0.0877636 0.818234 0.131188 
0.911076 0.918842 0.130072 0.21579 -1.84372 -0.410123 
0.870036 0.900682 -0.283598 0.181075 -1.41514 5.81483 
0.842092 1.23124 -1.18052 0.211844 -0.854048 -6.84326 
0.981128 0.590062 0.599122 0.338312 -1.79462 -0.327394 
0.915498 0.581576 0.239345 0.278497 -1.43296 -0.405042 
0.873812 0.739296 -0.266619 0.273325 -1.08873 -0.470579 
0.845098 1.18456 -1.21603 -2.74982 0.601322 2.48854 
0.984014 0.0355741 0.652681 0.419718 -1.06099 -0.433889 
0.917249 0.304708 0.217953 0.39168 -0.887189 -0.451785 
0.874902 0.611583 -0.315201 0.430342 -0.664024 -0.52937 
0.845861 1.18219 -1.33889 0.970999 -0.283011 -1.12505 
0.984171 -0.213835 -0.0374402 -0.604392 0.676268 0.713335 
0.917239 0.144107 -0.283377 2.53685 -0.547566 -2.41188 
0.874928 0.56373 -0.717442 -0.526981 0.537308 -5.63703 
0.981135 0.0758499 -0.794896 -0.337919 1.35028 0.482192 
0.915489 0.31791 -0.836442 -0.303943 1.14316 0.495274 
1.03377 1.12281 -0.297212 0.455693 -1.79852 -0.621872 
1.15185 0.84338 0.0904888 0.682011 -1.77726 -0.583643 
1.04168 0.840901 -0.190499 0.595393 -1.50331 -0.6898 
0.956146 0.973106 -0.644069 0.580823 -1.19369 -0.807311 
1.16269 0.460043 0.133649 0.908676 -1.33713 -0.816062 
1.05091 0.620567 -0.215019 0.884749 -1.14269 -0.906102 
0.963981 0.871049 -0.709811 0.945337 -0.926782 -1.07148 
1.16297 0.27872 -0.549666 -0.999596 1.14911 1.09376 
1.23822 1.68707 -1.03937 -2.4691 1.88234 -4.05551 
1.12662 1.20244 -0.828846 0.772083 -1.4952 -1.003 
1.01919 1.4315 -1.44157 -2.33899 1.14804 -4.34617 
1.25478 0.919892 -0.58136 -2.04976 1.42649 -4.27531 
1.13448 1.02337 -0.858275 1.08577 -1.24255 -1.23574 
1.58111 0.867316 -0.270588 1.25614 -1.76775 -1.00741 
1.15306 0.941659 -0.724134 1.09275 -1.25768 -1.19707 
1.58361 0.730174 -0.288187 1.34099 -1.67641 -1.14266 
1.58515 0.63225 -0.365634 1.44864 -1.61055 -1.30754 
1.58565 0.578028 -0.504049 -1.57209 1.55346 1.64479 
1.58512 0.594705 -0.742516 -1.4448 1.59581 1.42548 
1.15648 0.953729 -1.20115 1.81324 -1.19946 -1.89103 
1.10433 1.01713 -0.844707 1.03994 -1.20937 -1.19808 
1.46422 0.741935 -0.303033 1.25872 -1.5846 -1.11862 
1.46625 0.643389 -0.38039 -1.7432 1.50078 1.8474 
1.86426 0.649921 -0.608805 -1.56002 1.82702 1.6133 
1.68368 1.1156 -0.32756 1.27167 -1.96178 5.41311 
1.34425 0.923885 -0.355678 -2.10666 1.63179 2.17808 
1.05713 1.12342 -1.01983 0.982403 -1.15213 -1.20965 
1.68806 0.849234 -0.242715 1.34325 -1.83576 -1.01455 
1.3479 0.785712 -0.367579 1.16651 -1.49655 -1.09962 
1.68995 0.65835 -0.2948 1.44666 -1.73188 -1.22757 
1.6911 0.557766 -0.475148 1.57713 -1.6474 -1.48794 
1.23216 0.996393 -0.4742 0.9069 -1.56992 -0.949238 
1.79185 1.02202 -0.293429 1.3854 -1.97406 5.35824 
1.23668 0.859979 -0.481638 -2.07817 1.4127 2.05844 
1.01543 1.33226 -1.4928 1.19711 -0.975321 -1.50001 
1.79531 0.717977 -0.27418 1.46891 -1.84803 5.11852 
1.79715 0.564044 -0.483747 1.58476 -1.74402 -1.48931 
1.51027 0.543708 -0.45519 -1.58085 1.45808 1.6599 
1.79531 0.696512 -1.1117 1.6808 -1.84504 -1.94734 
1.50912 0.59428 -0.852666 -1.35124 1.55254 1.30398 
1.12708 1.1054 -0.656615 0.762674 -1.51056 -0.937648 
1.54767 0.99078 -0.221506 1.17163 -1.86699 -0.856085 
1.32638 0.903442 -0.318982 1.01691 -1.62917 -0.941505 
1.13238 0.972595 -0.659927 0.943379 -1.33231 -1.06887 
1.55323 0.672147 -0.196193 -1.81836 1.65913 2.03805 
1.13713 0.885425 -0.74515 1.22466 -1.18014 -1.3036 
1.55529 0.502874 -0.39766 -1.57971 1.48951 1.67611 
1.55336 0.606145 -0.981136 1.82574 -1.63471 -1.93984 
1.2954 1.48663 -0.627753 -2.3679 1.99231 -3.91113 
1.30373 1.05849 -0.334304 0.904335 -1.77399 -0.829743 
1.1599 1.02943 -0.526035 0.81306 -1.54069 -0.919701 
1.03555 1.14862 -0.94845 0.794406 -1.24569 -1.05806 
1.16751 0.839582 -0.559487 -2.04158 1.28707 1.99141 
1.01031 1.26896 -0.935312 -2.58011 1.44069 -4.04525 
1.09534 0.939195 -0.60064 0.893062 -1.32786 -1.0176 
1.02087 1.08387 -0.948634 0.915615 -1.14522 -1.13922 
0.0443749 0.155166 0.562178 -0.883186 -1.76186 0.329965 
0.556436 0.492425 -0.318695 -0.6558 -1.05611 0.363539 
0.0396542 -0.0197762 0.495483 -0.942537 -1.55105 0.5922 
0.55435 0.467883 -0.39477 -0.788829 -0.916632 0.567824 
0.0340765 -0.127032 0.367946 -1.08966 -1.3667 0.912416 
0.551721 0.457683 -0.494165 -1.02542 -0.783992 0.892911 
0.028715 -0.165761 0.180923 1.80516 1.25455 -1.82097 
-0.721033 -0.0791587 -0.121796 1.66172 1.9899 -1.35 
0.026473 -0.138992 -0.0676039 -1.63858 -1.25789 -4.49513 
0.547612 0.513899 -0.818242 1.2482 0.779749 -1.13143 
0.0287638 -0.0471177 -0.3884 1.2291 1.3767 -0.903804 
0.0341415 0.137508 -0.841573 1.05143 1.59204 -0.505034 
0.221046 0.18291 0.531329 -0.743491 -1.6511 0.227703 
0.609581 0.564226 -0.417975 -0.590364 -0.989604 0.294159 
0.216601 0.00907005 0.467654 -0.823529 -1.40647 0.477622 
0.607651 0.541708 -0.495968 -0.732617 -0.836261 0.507719 
-0.484514 -0.210494 0.652448 -1.25139 -1.85958 0.917498 
0.211403 -0.099482 0.343144 -1.00205 -1.18603 0.809506 
0.605223 0.534416 -0.599306 -1.00002 -0.689224 0.864231 
0.205487 -0.141702 0.160348 1.83363 1.04656 -1.87575 
-0.493162 -0.296976 0.0626592 1.60826 1.72737 -1.33411 
0.204288 -0.115095 -0.0890578 -1.69084 -1.04639 -4.47598 
-0.4906 -0.138008 -0.41874 1.46262 1.81361 -0.889412 
0.20643 -0.0226198 -0.412026 1.11611 1.19421 -0.832813 
0.602713 0.804223 -1.40249 0.745957 1.01211 -6.74038 
-0.48449 0.387436 -1.50352 1.5078 1.99378 -0.210135 
0.211409 0.168161 -0.87705 0.903637 1.45868 -0.419006 
0.386657 0.247067 0.455406 -0.590653 -1.55691 0.113854 
0.65999 0.646671 -0.536093 -0.509246 -0.922144 0.207606 
-0.171577 -0.0176335 0.881009 -1.03548 -1.85663 0.342181 
0.382749 0.078891 0.396513 -0.679497 -1.28151 0.341766 
0.658222 0.62698 -0.617384 -0.659068 -0.750814 0.429572 
-0.180028 -0.369053 0.772221 -1.11107 -1.54581 0.84198 
0.378191 -0.0294704 0.27729 -0.878621 -1.01883 0.67571 
0.656008 0.624892 -0.729024 -0.967412 -0.58464 0.828785 
0.373861 -0.0726227 0.0963977 -1.25387 -0.83774 1.19091 
-0.190277 -0.428952 0.156365 1.51833 1.38537 4.98985 
-0.187316 -0.259551 -0.319673 1.27907 1.52541 -0.816709 
0.373829 0.0447767 -0.480022 0.974307 1.02249 -0.72999 
-0.179873 0.125017 -1.13202 1.17003 1.80302 -0.291475 
0.378192 0.256202 -0.985665 0.735481 1.35618 -0.302088 
0.535111 0.339958 0.337725 -0.425981 -1.48216 -0.0115919 
0.707891 0.743058 -0.678682 -0.403265 -0.855729 0.0915627 
0.174216 -0.0209883 0.887489 -0.735602 -1.66758 0.182237 
0.531872 0.181812 0.283942 -0.508586 -1.18151 0.183307 
0.706398 0.727663 -0.765933 -0.552932 -0.659792 0.314793 
0.166299 -0.38194 0.782169 -0.89849 -1.22532 0.648368 
0.52816 0.0758415 0.171025 -0.706263 -0.872318 0.499446 
0.704456 0.734153 -0.892038 -0.920435 -0.462623 0.775626 
0.159283 -0.496059 0.5267 1.85712 0.979949 -1.89594 
0.524554 0.0316515 -0.00596464 1.98436 0.633838 -2.0621 
-0.527935 -0.354045 -0.380375 1.45335 1.76934 -0.719076 
0.159289 -0.271585 -0.310867 1.0177 1.21174 -0.678581 
0.524553 0.15496 -0.600054 0.78269 0.878023 -0.573482 
0.166303 0.119904 -1.13071 0.829259 1.62934 -0.182351 
0.52816 0.42717 -1.2202 0.538765 1.32135 -0.14433 
0.663837 0.461617 0.17491 -0.250218 -1.43036 -0.155294 
0.753683 0.86072 -0.858811 -0.258868 -0.794264 -0.0726491 
0.490052 0.0986887 0.767512 -0.40859 -1.55666 -0.0263454 
0.662003 0.312935 0.128564 -0.306178 -1.11187 -0.00658853 
0.752769 0.855483 -0.962411 -0.382596 -0.564403 0.125926 
0.484432 -0.238461 0.679942 -0.555623 -1.01718 0.310658 
0.65946 0.21091 0.0226198 -0.461099 -0.755293 0.253668 
0.751306 0.882578 -1.12477 -0.830322 -0.310655 0.669954 
0.479508 -0.369561 0.443126 -1.05016 -0.613822 0.965699 
0.656551 0.167491 -0.151588 -0.963494 -0.433363 0.874951 
0.476903 -0.336499 0.0921839 -1.94583 -0.597063 2.01495 
0.0710508 -0.455957 -0.3234 0.954032 1.32191 -0.510629 
0.47949 -0.170745 -0.391925 0.664993 0.943442 -0.437932 
0.656617 0.312038 -0.789053 0.508254 0.787091 -6.61584 
0.484818 0.315711 -1.39604 0.464505 1.57954 0.0101268 
0.734 0.675153 0.46873 -0.0944068 -1.97711 -0.342656 
0.774078 0.606143 -0.034006 -0.0605361 -1.40521 -0.325088 
0.797774 1.03396 -1.13843 -0.0657558 -0.728486 -0.303504 
0.734617 0.288614 0.542336 -0.0881896 -1.52248 -0.244044 
0.774332 0.469666 -0.0723398 -0.0649283 -1.08761 -0.243544 
0.798021 1.065 -1.30403 -0.0899053 -0.451319 -0.207835 
0.73364 -0.00430857 0.475254 -0.12049 -0.969948 -0.103834 
0.773805 0.374131 -0.173469 -0.0997151 -0.697126 -0.114754 
0.647623 -0.67938 0.733253 -0.61794 -0.377853 0.522337 
0.73052 -0.144399 0.266079 -0.353584 -0.399451 0.244838 
0.771715 0.334912 -0.349109 -0.382532 -0.257066 0.277623 
0.643436 -0.595801 0.255358 0.651327 0.419036 -0.608269 
0.727949 -0.130778 -0.0749289 0.6847 0.262669 -0.667659 
0.76988 0.374202 -0.629241 -2.68662 -0.282481 2.70239 
0.647191 -0.317223 -0.408237 0.257331 0.999878 -0.0800088 
0.73052 0.0344681 -0.586995 0.186178 0.816555 -0.0455734 
0.771716 0.563937 -1.14293 0.128383 0.837287 0.00718247 
0.907048 0.828567 0.153943 0.165616 -1.91309 -0.480424 
0.867346 0.78165 -0.304713 0.133916 -1.40878 -0.526131 
0.97403 0.620104 0.57772 0.276121 -1.99502 -0.40047 
0.910599 0.516464 0.225099 0.207178 -1.54326 -0.475249 
0.86989 0.659468 -0.341773 0.198571 -1.12099 -0.527141 
0.980723 0.077181 0.643305 0.337646 -1.35224 -0.480987 
0.915482 0.274682 0.172369 0.314791 -1.07503 -0.519475 
0.873803 0.578027 -0.44431 0.352177 -0.765652 -0.600266 
0.984171 -0.224078 0.441607 0.628744 -0.649473 -0.744463 
0.917238 0.142193 -0.0141857 0.615528 -0.538205 -0.742275 
0.874928 0.551141 -0.632844 0.842113 -0.352289 -0.993127 
0.911448 0.149616 -0.357453 2.31627 -0.301561 -2.33931 
0.984193 0.0306954 -0.713101 -0.421339 1.05571 0.437128 
0.917236 0.381627 -1.00967 2.77854 -0.985176 -2.73802 
1.02783 1.045 -0.271162 0.36166 -1.85789 -0.678023 
0.944408 1.0109 -0.682787 0.311654 -1.41362 -0.757119 
1.14181 0.863567 0.0761245 0.5373 -1.93149 -0.628528 
1.03331 0.785519 -0.199794 0.442777 -1.58206 -0.726315 
0.949373 0.908008 -0.725919 0.429603 -1.18279 -0.826424 
1.15193 0.485809 0.12995 0.665726 -1.52774 -0.782076 
1.04149 0.592591 -0.252011 0.630425 -1.24872 -0.870422 
0.956139 0.861553 -0.868253 0.694428 -0.922515 -1.03602 
1.15752 0.235918 -0.457146 1.79552 -0.790224 -1.88484 
1.23208 1.70793 -1.07026 -2.5885 1.95141 -4.09647 
1.23797 1.23993 -0.654952 -2.48082 1.83312 -4.09612 
1.11935 1.1602 -0.843735 0.5999 -1.55305 -1.02606 
1.24624 0.942112 -0.589346 -2.32297 1.56051 -4.23778 
1.12664 1.01784 -0.921824 0.806788 -1.29896 -1.20267 
1.57848 0.742145 -0.28211 1.13188 -1.76278 5.12762 
1.15309 0.920384 -1.09122 -1.89987 1.10244 -4.7247 
1.58361 0.58442 -0.486083 1.31933 -1.59369 -1.47698 
1.58512 0.588533 -0.705631 1.44265 -1.56205 4.59493 
1.58564 0.691229 -1.08015 -1.5642 1.55469 1.18182 
1.45814 0.757644 -0.300755 1.03104 -1.68791 5.16776 
1.8589 0.854182 -0.359309 1.30128 -1.9861 5.08871 
1.86133 0.69842 -0.447929 -1.79569 1.89804 -4.54154 
1.4671 0.71023 -1.10908 1.62586 -1.44191 4.31094 
1.34056 0.801679 -0.364873 0.916022 -1.61821 5.20583 
1.0539 1.22465 -1.48606 1.0088 -0.973635 -1.48883 
1.68734 0.620899 -0.326345 1.27367 -1.75441 -1.32356 
1.68995 0.557709 -0.556598 -1.74378 1.67762 1.55235 
1.6911 0.656807 -1.02732 -1.59869 1.64238 1.19929 
1.35095 0.808468 -1.26638 -1.45224 1.33509 1.09884 
1.49509 1.03502 -0.280872 0.961519 -1.95595 5.3717 
1.22742 0.880527 -0.485733 0.788626 -1.55336 -1.04208 
1.50036 0.785984 -0.229617 1.03461 -1.77907 -1.05146 
1.79531 0.572406 -0.473634 1.38018 -1.7972 4.76598 
1.50912 0.544585 -0.534301 -1.77944 1.49957 1.59496 
1.51027 0.634953 -0.994426 -1.53086 1.46495 1.20921 
1.12172 0.999567 -0.676127 0.645581 -1.48926 -1.00856 
1.54056 1.00498 -0.22536 1.0135 -1.97908 5.38405 
1.32005 0.847294 -0.320758 0.851801 -1.6876 -0.999685 
1.12686 0.907124 -0.740207 0.795069 -1.30939 -1.13797 
1.54811 0.683601 -0.187991 1.11105 -1.75224 5.171 
1.13713 0.969197 -1.28745 1.44188 -1.06967 -1.79823 
1.55528 0.574985 -0.905776 1.59751 -1.49317 -1.90262 
1.02391 1.18621 -0.987741 0.485428 -1.40649 -0.977957 
1.15242 0.979948 -0.533686 0.642451 -1.604 -0.954069 
1.02905 1.10854 -1.06447 0.635491 -1.20878 -1.09753 
1.30411 0.758219 -0.292673 0.879164 -1.6107 -1.0321 
1.15987 0.818014 -0.600577 0.840116 -1.34625 -1.13144 
1.03555 1.14467 -1.34391 0.945656 -0.985192 -1.39702 
1.07042 1.75854 -1.16162 -2.79076 1.89338 -4.00794 
1.00297 1.23 -0.957815 0.404774 -1.49374 -0.912452 
1.08375 0.966161 -0.616693 0.591212 -1.49154 -0.953165 
1.01038 1.08669 -1.02544 0.598427 -1.21209 -1.05665 
0.048278 -0.00360956 0.496355 -0.803685 -1.66011 0.448657 
0.558132 0.486974 -0.606224 -0.716694 -0.875973 0.493271 
0.0443639 -0.112922 0.37788 -0.867334 -1.46903 0.676348 
0.556438 0.510776 -0.747101 -0.882636 -0.757579 0.725122 
0.0396533 -0.159226 0.20734 -0.993854 -1.30604 0.947263 
0.554338 0.563366 -0.935961 -1.16582 -0.659318 1.09141 
-0.714323 -0.109298 0.149553 -1.15053 -1.96388 -4.88054 
0.0341053 -0.146618 -0.017648 1.941 1.19763 -1.84456 
-0.718922 -0.0576122 -0.221282 1.91407 1.90024 -1.34937 
0.0288146 -0.0723204 -0.313208 -1.48097 -1.18944 -4.54244 
0.0265043 0.0872517 -0.731037 1.37455 1.31623 -0.901484 
0.224763 0.0288074 0.465607 -0.68652 -1.54387 0.312151 
0.611207 0.572712 -0.724631 -0.657697 -0.802559 0.411883 
0.221041 -0.0815367 0.350386 -0.769339 -1.32461 0.533092 
0.609608 0.605106 -0.880696 -0.85007 -0.667434 0.670994 
-0.477377 -0.263244 0.601293 -1.07852 -1.85594 0.952602 
0.216572 -0.130493 0.18276 -0.92588 -1.13135 0.817342 
0.607666 0.681627 -1.11285 -1.21821 -0.557303 1.12692 
-0.490593 -0.272206 -0.0358911 1.82523 1.6471 4.89237 
0.206468 -0.0478545 -0.336546 -1.55797 -0.988944 -4.54743 
0.204312 0.114103 -0.760782 1.22657 1.14964 -0.850049 
0.389903 0.102108 0.390723 -0.549596 -1.45226 0.160529 
0.661452 0.677553 -0.876475 -0.582637 -0.723553 0.31232 
-0.163888 -0.140809 0.864772 -0.91613 -1.85749 0.403213 
0.386633 -0.00743487 0.281005 -0.639042 -1.20466 0.364515 
0.65999 0.728749 -1.06597 -0.815758 -0.562698 0.614414 
-0.171885 -0.416576 0.713662 -0.970903 -1.54633 0.821635 
0.382749 -0.0590896 0.117908 -0.816139 -0.97332 0.654387 
0.658222 0.919778 -1.50385 -1.47978 -0.432444 1.38486 
-0.181058 -0.479354 0.436334 -1.16162 -1.35611 1.25004 
0.378174 -0.0527154 -0.103365 -1.14972 -0.801378 1.11055 
-0.884676 -0.306654 0.0943368 1.91612 1.99285 4.90882 
-0.187667 -0.400563 0.0572045 1.71443 1.31101 4.86811 
-0.190323 -0.199092 -0.460696 1.45189 1.41791 -0.901323 
0.37194 0.190549 -0.848899 1.04886 0.997842 -0.755689 
0.537474 0.2082 0.273446 -0.396682 -1.38839 -0.00279078 
0.709111 0.814444 -1.0851 -0.48339 -0.632099 0.182776 
0.18121 -0.139927 0.867787 -0.656251 -1.66399 0.193131 
0.534922 0.102153 0.170046 -0.476464 -1.11617 0.170716 
0.707891 0.950284 -1.42605 -0.852161 -0.40357 0.629123 
0.174215 -0.423667 0.720245 -0.78125 -1.24842 0.573907 
0.531862 0.0489048 0.0124172 -0.6492 -0.84063 0.443101 
0.166291 -0.490654 0.443925 -1.09211 -0.97771 1.06833 
0.528159 0.0529337 -0.207992 -1.05104 -0.610067 0.959057 
0.156396 -0.211939 -0.450718 1.16732 1.10465 -0.811114 
0.522957 0.326434 -1.01988 0.816899 0.881613 -0.595286 
0.665317 0.342601 0.111544 -0.232537 -1.35194 -0.17811 
0.494188 -0.00269304 0.74653 -0.364805 -1.57246 -0.0620147 
0.663836 0.241941 0.0148859 -0.284272 -1.06377 -0.0501344 
0.489931 -0.276037 0.61959 -0.467083 -1.08144 0.200818 
0.662004 0.18955 -0.137981 -0.409692 -0.745597 0.163116 
0.0826671 -0.9234 0.858387 -1.07143 -0.960642 1.07778 
0.485374 -0.364552 0.36288 -0.80807 -0.667604 0.68192 
0.659459 0.19376 -0.360384 -0.825143 -0.428147 0.684456 
0.0711158 -0.775202 0.364529 -1.59639 -0.912334 1.789 
0.479508 -0.307155 -0.00814859 1.48137 0.525548 4.82228 
0.0663415 -0.479202 -0.277676 1.12378 1.14127 -0.715088 
0.477117 -0.11228 -0.534311 0.794413 0.822278 -0.605827 
0.655169 0.61563 -1.45056 0.484026 0.895306 -6.60094 
0.734628 0.562659 0.489001 -0.0913667 -1.9899 -0.387747 
0.774068 0.501634 -0.0986864 -0.0617273 -1.34089 -0.368299 
0.734754 0.208206 0.519817 -0.0860561 -1.56305 -0.305042 
0.77409 0.409803 -0.190308 -0.0686933 -1.05326 -0.301094 
0.734631 -0.0371042 0.416901 -0.100251 -1.07324 -0.200384 
0.77424 0.363155 -0.343192 -0.0881756 -0.711346 -0.206795 
0.653276 -0.661506 0.748412 -0.300173 -0.609013 0.11525 
0.73364 -0.140945 0.186879 -0.190956 -0.54969 -0.0087705 
0.773808 0.374489 -0.576638 -0.217837 -0.298256 0.0170889 
0.647627 -0.603792 0.288223 -1.82323 -0.222462 1.76782 
0.73052 -0.104791 -0.173508 -1.73718 -0.137056 1.65581 
0.771716 0.493057 -0.976327 0.398487 0.247757 -6.76408 
0.643175 -0.344081 -0.354855 0.377298 0.73495 -0.286056 
0.727951 0.0969129 -0.741933 3.41134 -0.662796 -3.35618 
0.904644 0.737494 0.171659 0.132346 -1.93789 -0.537785 
0.865427 0.692067 -0.374105 0.105813 -1.34716 -0.575491 
0.907175 0.451768 0.203905 0.155665 -1.5901 -0.533327 
0.867179 0.614636 -0.470404 0.149822 -1.07938 -0.575492 
0.974015 0.108472 0.63112 0.251118 -1.55207 -0.521384 
0.910499 0.246891 0.115716 0.224942 -1.17297 -0.55791 
0.870039 0.584801 -0.637613 0.260894 -0.759859 -0.631022 
0.981133 -0.19894 0.447802 0.421561 -0.912086 -0.673301 
0.915476 0.149455 -0.0962868 0.432613 -0.707028 -0.70343 
0.873807 0.630323 -0.924633 0.685197 -0.386922 -0.989007 
0.977182 -0.0116176 -0.628829 -0.45709 0.693061 0.361715 
0.911442 0.490838 -1.2533 -0.312451 0.787233 0.223909 
1.02386 0.967709 -0.252244 0.298222 -1.88088 -0.729064 
0.941347 0.940459 -0.765996 0.258245 -1.34007 -0.804252 
1.02762 0.732062 -0.21925 0.346501 -1.61288 -0.769453 
0.944418 0.894183 -0.896568 0.346575 -1.10049 -0.8689 
1.1419 0.503357 0.123313 0.501608 -1.65911 -0.787275 
1.03318 0.568795 -0.305841 0.461544 -1.29098 -0.867621 
0.949096 0.937553 -1.17829 0.562121 -0.808955 -1.06511 
1.15199 0.273701 -0.0318532 0.71055 -1.23734 -1.02257 
1.04168 0.5096 -0.540752 0.751468 -0.960802 -1.13549 
1.22753 1.72194 -1.09194 -2.67513 1.99555 -4.1299 
1.23187 1.25283 -0.669392 -2.59933 1.90525 -4.12692 
1.11378 1.12013 -0.869086 0.482521 -1.56239 -1.05373 
1.23823 0.957435 -0.598886 0.637176 -1.65237 5.19011 
1.1194 1.02031 -1.0104 0.625274 -1.30139 -1.20342 
1.57536 0.64722 -0.341366 -2.12701 1.71697 -4.44968 
1.58131 0.581973 -0.670739 -1.93807 1.53011 1.48764 
1.58361 0.668347 -1.01525 1.33333 -1.48408 4.37422 
1.45452 0.663822 -0.360343 0.921896 -1.63627 -1.25091 
1.85568 0.798319 -0.366482 -1.99045 1.99557 -4.45074 
1.85888 0.670385 -0.494278 1.1844 -1.88282 -1.51783 
1.86145 0.664331 -0.79976 1.24057 -1.79118 -1.78548 
1.46447 0.686114 -1.03841 1.33771 -1.3604 4.40028 
1.67941 0.730731 -0.250155 -2.09878 1.89528 1.92887 
1.68368 0.590055 -0.369548 1.11363 -1.74659 -1.41896 
2.01129 0.774176 -0.761696 -1.92977 1.97109 -4.84891 
1.68738 0.560826 -0.64412 1.22868 -1.63434 -1.68477 
1.68995 0.780106 -1.31234 -1.77384 1.57563 1.02778 
1.22314 0.797599 -0.552904 0.692725 -1.49 -1.13722 
1.22747 0.742145 -0.677049 0.820589 -1.32332 -1.28101 
1.78711 0.732874 -0.258201 -2.02361 1.96068 1.89189 
1.50032 0.581334 -0.34911 1.00017 -1.60721 -1.32878 
1.79184 0.571929 -0.4531 1.18829 -1.79744 -1.54076 
1.50536 0.547106 -0.618169 -1.96415 1.46031 1.535 
1.79531 0.656201 -1.00246 1.30225 -1.69421 -1.95719 
1.50912 0.740449 -1.24387 1.42331 -1.40654 -2.05563 
1.11738 0.926923 -0.75333 0.558102 -1.41785 -1.08153 
1.31468 0.792072 -0.330132 0.718176 -1.70807 -1.05955 
1.12172 0.887982 -0.898649 0.690811 -1.226 -1.21976 
1.12686 0.951458 -1.21651 0.937684 -1.0264 -1.49488 
1.55323 0.568067 -0.86639 1.33093 -1.46299 -1.85382 
1.02002 1.14451 -1.11148 0.414449 -1.31026 -1.03377 
1.2887 1.08776 -0.356621 -2.52292 1.98294 -4.04641 
1.14649 0.932797 -0.55213 0.521656 -1.62271 -0.99333 
1.02388 1.19131 -1.39909 0.558057 -1.05286 -1.1916 
1.29569 0.772245 -0.296849 0.699285 -1.70622 -1.03655 
1.15256 0.801561 -0.659398 0.658802 -1.36149 -1.13868 
0.998362 1.19476 -0.992724 0.313908 -1.49834 -0.932066 
1.07573 0.983093 -0.632443 0.427898 -1.59336 -0.943867 
1.00297 1.10872 -1.15105 0.433379 -1.20591 -1.04282 
1.08365 0.844005 -0.825808 0.633236 -1.21964 -1.14753 
0.051656 -0.103506 0.380496 -0.749709 -1.5363 0.553538 
0.559619 0.68433 -1.20806 -0.96469 -0.62535 0.830587 
0.0482673 -0.151886 0.215889 -0.822368 -1.36303 0.759443 
0.044364 -0.144593 0.00276185 -0.942902 -1.21532 1.00407 
0.0396546 -0.0827289 -0.269084 2.01305 1.10857 -1.82112 
0.0288063 0.453764 -1.47559 1.40544 1.21476 -0.717402 
0.227966 -0.0683491 0.351434 -0.649296 -1.41914 0.389021 
0.224763 -0.11972 0.188955 -0.740504 -1.22021 0.594265 
-0.470882 -0.301629 0.536297 -0.948025 -1.81866 0.990726 
0.22101 -0.11526 -0.0220874 -0.891694 -1.04788 0.855159 
-0.477373 -0.332964 0.248289 2.12915 1.64103 -1.81904 
-0.490598 0.00178811 -0.741521 1.83383 1.53505 -0.973662 
0.392791 0.00825697 0.278122 -0.523141 -1.32771 0.207166 
-0.157291 -0.246021 0.832481 -0.815808 -1.82098 0.465195 
0.389903 -0.0446766 0.121214 -0.619961 -1.1034 0.39939 
-0.16395 -0.448584 0.641718 -0.866181 -1.519 0.816967 
0.386633 -0.0436004 -0.0873314 -0.793382 -0.896851 0.669648 
0.382532 0.0134371 -0.35993 -1.11011 -0.737468 1.09555 
0.378168 0.152159 -0.750759 -1.62059 -0.716005 1.74841 
-0.187314 -0.125579 -0.622694 1.59712 1.2768 -0.994628 
0.539725 0.120889 0.162987 -0.376946 -1.27067 0.0117661 
0.187027 -0.241615 0.832991 -0.590931 -1.62707 0.21011 
0.537465 0.0673732 0.0113692 -0.461966 -1.02094 0.175702 
0.18114 -0.450598 0.645998 -0.696247 -1.24456 0.526406 
0.534921 0.0661729 -0.19524 -0.631465 -0.772625 0.430258 
-0.506677 -0.738355 0.794487 -0.988388 -1.63336 1.1801 
0.174188 -0.473925 0.348622 -0.942711 -0.970562 0.930547 
0.531863 0.12407 -0.475076 -1.02053 -0.557078 0.919621 
0.15925 -0.138274 -0.611513 1.2952 0.97531 -0.942757 
0.666662 0.26348 0.0023229 -0.219853 -1.24413 -0.191622 
0.497674 -0.0911889 0.711847 -0.329817 -1.55164 -0.0852419 
0.665316 0.21234 -0.145408 -0.274906 -0.97675 -0.0729046 
0.494222 -0.302179 0.547146 -0.410174 -1.10889 0.129257 
0.663836 0.212313 -0.353487 -0.396673 -0.687474 0.122005 
0.0954229 -0.914182 0.871529 -0.849874 -1.01676 0.830029 
0.490437 -0.348821 0.268256 -0.647305 -0.718132 0.484735 
0.662003 0.27716 -0.650238 -0.796535 -0.387578 0.612276 
0.0710575 -0.500062 -0.234119 1.30684 0.959684 -0.954058 
0.478982 -0.03697 -0.701438 -2.23933 -0.691691 2.375 
0.735219 0.452869 0.499912 -0.0849145 -1.97103 -0.420999 
0.774242 0.432944 -0.208184 -0.0609934 -1.24261 -0.401442 
0.73483 0.133642 0.488022 -0.083015 -1.56186 -0.34934 
0.77407 0.389791 -0.358961 -0.0728797 -0.969564 -0.341143 
0.734808 -0.062853 0.347618 -0.095605 -1.12147 -0.264237 
0.7741 0.399276 -0.579496 -0.0979705 -0.65485 -0.25734 
0.655965 -0.638515 0.754143 -0.203272 -0.82333 -0.0584518 
0.73462 -0.126678 0.0916345 -0.143707 -0.661306 -0.134627 
0.774239 0.493612 -0.930583 -0.226582 -0.258847 -0.0543584 
0.653277 -0.602255 0.312707 -0.68565 -0.27032 0.534204 
0.733645 -0.0628954 -0.292327 -0.618763 -0.17179 0.439641 
0.647628 -0.363829 -0.307725 0.499449 0.462368 -0.515754 
0.730522 0.190517 -0.944717 0.27691 0.515295 -0.325364 
0.903239 0.648964 0.18099 0.109823 -1.93265 -0.584851 
0.864289 0.638139 -0.49466 0.0895806 -1.24631 -0.617828 
0.904729 0.391748 0.173588 0.123256 -1.59664 -0.58218 
0.865429 0.612936 -0.66204 0.123917 -0.98243 -0.620843 
0.968586 0.130409 0.619938 0.193579 -1.69189 -0.563554 
0.906716 0.223676 0.0486805 0.166295 -1.21199 -0.595389 
0.867193 0.660597 -0.942115 0.216245 -0.660303 -0.676189 
0.974034 -0.177476 0.446907 0.282687 -1.09796 -0.64802 
0.910503 0.163627 -0.195485 0.293352 -0.7911 -0.67875 
0.981119 -0.222371 0.0641482 0.656178 -0.55904 -0.983647 
1.02115 0.893418 -0.24191 0.25216 -1.87765 -0.773155 
0.939219 0.919594 -0.929388 0.226743 -1.21647 -0.851526 
1.02381 0.683261 -0.248818 0.283813 -1.61154 -0.810715 
0.941348 0.976353 -1.22862 0.31526 -0.930104 -0.936428 
1.13487 0.516195 0.115045 0.399931 -1.75599 -0.810728 
1.02761 0.553309 -0.377073 0.360197 -1.29674 -0.886222 
1.14196 0.286573 -0.0315407 0.5151 -1.33349 -0.967713 
1.0333 0.530702 -0.654953 0.553986 -0.951455 -1.07626 
1.16296 0.730667 -1.59163 1.7776 -0.901061 3.85971 
1.22728 1.26076 -0.678774 -2.68473 1.95275 -4.1537 
1.10968 1.0875 -0.910282 0.400522 -1.53891 -1.08002 
1.1138 1.04899 -1.15087 0.510587 -1.25133 -1.22344 
1.23817 0.827445 -0.79538 0.647128 -1.38945 -1.28793 
1.57217 0.589137 -0.453351 0.914192 -1.63255 -1.45651 
1.57531 0.577547 -0.643658 -2.14128 1.51681 1.52011 
1.57848 0.651229 -0.96597 1.11864 -1.41459 -1.85139 
1.45095 0.60718 -0.473837 -2.30982 1.54637 1.75924 
1.85225 0.748465 -0.385149 -2.12819 1.97991 -4.56089 
1.85565 0.651197 -0.555337 -2.0997 1.84071 1.51477 
1.85883 0.692233 -0.930145 -2.04348 1.70815 1.23835 
1.67519 0.678638 -0.26916 -2.2282 1.88373 1.83374 
1.67945 0.566769 -0.425597 0.973918 -1.71294 -1.50746 
2.00828 0.76923 -0.739534 -2.07775 1.94657 -4.88967 
1.68368 0.576931 -0.753394 1.08328 -1.56406 4.50993 
1.2193 0.754096 -0.681169 0.621356 -1.38566 -1.23061 
1.49018 0.677609 -0.259478 0.775403 -1.78736 -1.20929 
1.22315 0.759741 -0.896229 0.750862 -1.20174 -1.39434 
1.78204 0.737576 -0.252273 0.977124 -1.99854 -1.29534 
1.49511 0.560812 -0.409198 -2.27819 1.57976 -4.53644 
1.78711 0.571232 -0.436207 1.0223 -1.79633 -1.56217 
1.50038 0.562923 -0.72546 -2.11784 1.39632 1.47757 
1.79184 0.634088 -0.947743 -2.01021 1.62221 1.20094 
1.1138 0.903473 -0.91087 0.498936 -1.29765 -1.15776 
1.30898 0.74605 -0.357506 0.612178 -1.69836 -1.11682 
1.11738 0.956569 -1.20454 0.639543 -1.06748 -1.33077 
1.53443 0.701852 -0.184758 0.798403 -1.88228 -1.16545 
1.54087 0.520857 -0.354966 0.894541 -1.61593 -1.41029 
1.01709 1.27876 -1.54431 0.391449 -1.07059 -1.13454 
1.14198 0.891021 -0.582834 0.435003 -1.61033 -1.03038 
1.28899 0.781841 -0.301806 0.573644 -1.77453 -1.0525 
1.14645 0.795651 -0.741365 0.536519 -1.34023 -1.15809 
1.15242 0.869494 -1.17257 0.777349 -1.02302 -1.45243 
0.993205 1.33589 -1.03223 -2.92565 1.68069 2.22816 
0.995331 1.16828 -1.04485 0.256218 -1.47059 -0.952317 
1.07042 0.996381 -0.649371 0.333355 -1.65781 -0.951783 
0.998362 1.18663 -1.38093 0.34848 -1.12295 -1.06452 
1.07554 0.858752 -0.837257 0.445814 -1.2947 -1.08381 
0.0547214 -0.146615 0.219633 -0.717537 -1.40324 0.644715 
0.0516327 -0.141223 0.0107218 -0.802468 -1.24341 0.842568 
-0.699975 -0.0990001 0.268993 -0.866491 -1.99495 1.17323 
0.048277 -0.0833459 -0.252635 -0.931647 -1.10487 1.08461 
-0.704091 -0.103586 -0.0341356 2.28011 1.80942 -1.68716 
0.0443507 0.0381409 -0.601047 2.01435 0.997258 -1.73278 
0.231008 -0.111732 0.19123 -0.629584 -1.28368 0.459541 
-0.460539 -0.187269 0.672277 -0.870054 -2.00328 0.716083 
0.228024 -0.109072 -0.0161476 -0.734029 -1.10211 0.66131 
-0.465299 -0.326294 0.459766 -0.84955 -1.76206 1.02712 
0.224763 -0.0533567 -0.279009 -0.899024 -0.94332 0.926099 
-0.470791 -0.318659 0.146253 2.23476 1.57213 -1.82361 
0.22104 0.0680696 -0.630894 1.97577 0.824272 -1.83254 
-1.07136 0.354727 -1.00338 2.35366 1.8225 5.33432 
0.395446 -0.0339996 0.120283 -0.510023 -1.19361 0.251921 
-0.151538 -0.329651 0.78512 -0.73376 -1.7625 0.518226 
0.392791 -0.0343647 -0.0838685 -0.620771 -0.985735 0.445328 
-0.157303 -0.465815 0.55887 -0.787938 -1.47424 0.81907 
0.389902 0.0192986 -0.348082 -0.813761 -0.794604 0.726231 
-0.16385 -0.44441 0.236227 -0.923455 -1.26569 1.13433 
0.386528 0.144097 -0.711898 -1.17353 -0.647901 1.19112 
-0.871987 -0.324225 0.14214 2.23869 1.85957 -1.52747 
-0.878909 -0.118821 -0.475363 2.18098 1.70075 5.17497 
0.196731 0.0424082 0.866838 -0.548149 -2.00645 -0.047292 
0.541798 0.0808397 0.006711 -0.366573 -1.13914 0.0291429 
0.192175 -0.32194 0.783458 -0.537563 -1.57246 0.226435 
0.539725 0.0789197 -0.195734 -0.464071 -0.903728 0.195543 
0.187135 -0.464101 0.561085 -0.634151 -1.22015 0.49601 
0.537466 0.133133 -0.465722 -0.659002 -0.669536 0.467002 
-0.495374 -0.736177 0.804351 -0.864587 -1.64051 1.09021 
0.181209 -0.447532 0.241116 -0.840727 -0.953232 0.838906 
0.534922 0.2725 -0.862305 -1.14634 -0.469365 1.04966 
0.174215 -0.318279 -0.179549 -1.21808 -0.791929 1.35758 
0.503235 0.165825 0.733737 -0.294191 -1.95191 -0.258956 
0.667917 0.228381 -0.15495 -0.212381 -1.11643 -0.19918 
0.500931 -0.164403 0.666164 -0.299723 -1.51203 -0.101321 
0.666662 0.228901 -0.359921 -0.276287 -0.859001 -0.0800788 
0.497558 -0.317514 0.464649 -0.370898 -1.106 0.0810218 
0.665316 0.291291 -0.647458 -0.424692 -0.577476 0.132681 
0.10658 -0.902544 0.878473 -0.698962 -1.08554 0.656662 
0.494205 -0.324257 0.159315 -0.555372 -0.743597 0.366014 
0.663836 0.481805 -1.14174 -1.09885 -0.278867 0.891646 
0.0953651 -0.783764 0.409891 -1.05748 -0.823632 1.16936 
0.490052 -0.21167 -0.257274 -1.10342 -0.461136 1.02515 
0.484817 0.0751937 -0.928172 -2.17454 -0.575413 -4.03015 
0.735747 0.348985 0.499649 -0.0770752 -1.93001 -0.446825 
0.774487 0.407592 -0.373675 -0.060014 -1.1149 -0.427482 
0.735414 0.0696001 0.445255 -0.0778473 -1.53486 -0.384449 
0.774224 0.418939 -0.592373 -0.0770604 -0.845292 -0.370033 
0.735058 -0.0804818 0.268706 -0.0919734 -1.12964 -0.311418 
0.774069 0.514848 -0.940529 -0.122224 -0.515039 -0.275891 
0.657312 -0.617744 0.754443 -0.166035 -0.984529 -0.1555 
0.73479 -0.104564 -0.0175343 -0.131179 -0.717088 -0.206757 
0.655957 -0.593858 0.326441 -0.34476 -0.453329 0.114616 
0.734626 -0.00570615 -0.437051 -0.344371 -0.262976 0.0849088 
0.653276 -0.374167 -0.270592 -2.26675 -0.222255 2.14565 
0.733645 0.373199 -1.30158 -2.90896 -0.442894 2.75875 
0.902566 0.565367 0.180806 0.0936966 -1.90627 -0.623879 
0.863557 0.631509 -0.682269 0.0809593 -1.10947 -0.6553 
0.902907 0.338609 0.133342 0.102285 -1.57668 -0.623063 
0.864311 0.686149 -0.970032 0.116104 -0.821101 -0.668504 
0.965056 0.146146 0.610284 0.1581 -1.79279 -0.60315 
0.904322 0.207492 -0.0285853 0.131543 -1.21353 -0.631724 
0.96861 -0.160541 0.442672 0.203637 -1.23267 -0.655228 
0.906737 0.186187 -0.311376 0.213353 -0.821246 -0.683055 
0.973984 -0.211403 0.0720123 0.390084 -0.710097 -0.818191 
0.910499 0.307734 -0.784091 -2.55943 0.383244 2.12398 
1.01916 0.824179 -0.241785 0.217008 -1.8548 -0.810517 
0.937642 1.00823 -1.27663 0.218365 -1.0059 -0.911017 
1.02114 0.640966 -0.289005 0.240166 -1.587 -0.846856 
1.12998 0.525484 0.107477 0.333814 -1.82842 -0.83846 
1.02381 0.545006 -0.460964 0.296778 -1.27551 -0.91135 
1.13495 0.29678 -0.0352169 0.39767 -1.41471 -0.953407 
1.02759 0.568907 -0.801234 0.440456 -0.918965 -1.0626 
1.14196 0.258085 -0.399954 0.607064 -0.99597 -1.19667 
1.22412 1.26861 -0.689913 -2.74792 1.98346 -4.17593 
1.1066 1.06588 -0.971455 0.341734 -1.49165 -1.10395 
1.10968 1.14429 -1.4115 -2.69669 1.13239 1.87538 
1.23204 0.836173 -0.801373 0.51521 -1.42811 -1.26029 
2.01233 0.83215 -0.929107 -2.21077 1.85947 -5.03698 
1.84898 0.705642 -0.416013 -2.24844 1.94308 -4.66097 
1.85225 0.641149 -0.631405 -2.22173 1.77741 1.41736 
1.85567 0.74729 -1.10723 0.98293 -1.59563 -2.01632 
1.32892 0.657799 -0.736858 0.678788 -1.33099 -1.4198 
2.00476 0.764343 -0.720192 -2.20501 1.92334 -4.92257 
1.67945 0.612352 -0.895623 0.966462 -1.47061 4.42631 
1.21599 0.767727 -0.897687 0.578135 -1.2379 -1.32918 
1.21931 0.935778 -1.38461 0.760187 -0.978707 4.69592 
1.49013 0.546867 -0.481121 0.753178 -1.53165 -1.45336 
1.782 0.570776 -0.423452 0.884541 -1.7952 -1.58103 
1.78711 0.619964 -0.910172 0.982191 -1.5645 -1.92169 
1.30127 0.876667 -0.338311 0.491006 -1.89522 -1.06556 
1.11088 0.979313 -1.23434 0.476762 -1.10259 -1.25762 
1.30474 0.704863 -0.394228 0.529055 -1.66693 -1.16691 
1.52885 0.707268 -0.184543 0.690704 -1.92448 5.08819 
1.53442 0.523632 -0.34728 -2.3893 1.63767 1.73389 
1.13591 1.01364 -0.568884 0.333032 -1.80767 -0.994758 
1.13856 0.856673 -0.626901 -2.77023 1.57569 2.07857 
1.28358 0.789672 -0.308212 0.483757 -1.82341 -1.07134 
1.14196 0.801737 -0.845061 0.453224 -1.29213 -1.18163 
1.28865 0.613095 -0.465064 0.561787 -1.49399 -1.23066 
1.06289 1.79923 -1.23288 -2.92752 1.97738 -4.0728 
0.991641 1.27554 -1.02673 0.185766 -1.65326 -0.929839 
0.9932 1.15539 -1.12102 0.217148 -1.41762 -0.971126 
1.06702 1.0043 -0.659655 0.272778 -1.70229 -0.96189 
1.07043 0.870022 -0.849544 0.340672 -1.34934 -1.05955 
